ts_code,end_date,bz_item,bz_code,bz_sales,bz_profit,bz_cost,curr_type
000050.SZ,20251231,液晶显示屏及模块,P,35833060526.07,5797187521.44,30035873004.63,CNY
000050.SZ,20251231,其他业务,P,393479792.52,87507365.68,305972426.84,CNY
000050.SZ,20250630,液晶显示屏及模块,P,17309879041.93,2796304560.09,14513574481.84,CNY
000050.SZ,20250630,其他业务,P,165198847.68,36656398.11,128542449.57,CNY
000050.SZ,20241231,液晶显示屏及模块,P,33191718973.38,4359104027.35,28832614946.03,CNY
000050.SZ,20241231,其他业务,P,302576814.37,89120965.65,213455848.72,CNY
000050.SZ,20240630,液晶显示屏及模块,P,15778727799.21,1835363036.62,13943364762.59,CNY
000050.SZ,20240630,其他业务,P,118170120.83,38964910.52,79205210.31,CNY
000063.SZ,20251231,运营商网络,P,62857000000.0,30228900000.0,32628100000.0,CNY
000063.SZ,20251231,消费者业务,P,33816400000.0,6191700000.0,27624700000.0,CNY
000063.SZ,20251231,政企业务,P,37222100000.0,4083600000.0,33138500000.0,CNY
000063.SZ,20251231,其他业务,P,-40000.0,-58000.0,18000.0,CNY
000063.SZ,20250630,运营商网络,P,35063905000.0,18563026000.0,16500879000.0,CNY
000063.SZ,20250630,消费者业务,P,17234586000.0,3063877000.0,14170709000.0,CNY
000063.SZ,20250630,政企业务,P,19254243000.0,1592614000.0,17661629000.0,CNY
000063.SZ,20241231,运营商网络,P,70326700000.0,35798900000.0,34527800000.0,CNY
000063.SZ,20241231,消费者业务,P,32406100000.0,7342800000.0,25063300000.0,CNY
000063.SZ,20241231,政企业务,P,18566000000.0,2846000000.0,15720000000.0,CNY
000063.SZ,20241231,其他业务,P,-48000.0,-14000.0,-34000.0,CNY
000063.SZ,20240630,运营商网络,P,37296344000.0,20259079000.0,17037265000.0,CNY
000063.SZ,20240630,消费者业务,P,16018963000.0,3032549000.0,12986414000.0,CNY
000063.SZ,20240630,政企业务,P,9171791000.0,1997117000.0,7174674000.0,CNY
000100.SZ,20251231,电子产品分销,P,34649079784.0,1181958195.0,33467121589.0,CNY
000100.SZ,20251231,新能源光伏及其他硅材料,P,29050247640.0,-1847358230.0,30897605870.0,CNY
000100.SZ,20251231,半导体显示器件,P,120720415020.0,24259281009.0,96461134011.0,CNY
000100.SZ,20251231,其他及合并抵销,P,-356351888.0,612022743.0,-968374631.0,CNY
000100.SZ,20251231,其他业务,P,147524444.0,147524444.0,,CNY
000100.SZ,20250630,电子产品分销,P,14674516380.0,495472402.0,14179043978.0,CNY
000100.SZ,20250630,新能源光伏及其他硅材料,P,13398123076.0,-1013950032.0,14412073108.0,CNY
000100.SZ,20250630,半导体显示器件,P,57550502531.0,11683065865.0,45867436666.0,CNY
000100.SZ,20250630,半导体显示业务,P,57550502531.0,11683065865.0,45867436666.0,CNY
000100.SZ,20250630,半导体光伏及半导体材料,P,13398123076.0,-1013950032.0,14412073108.0,CNY
000100.SZ,20250630,分销业务,P,14674516380.0,495472402.0,14179043978.0,CNY
000100.SZ,20250630,其他及合并抵销,P,-63137490.0,312578262.0,-375715752.0,CNY
000100.SZ,20250630,其他业务,P,101621503.0,,,CNY
000100.SZ,20241231,电子产品分销,P,31465203388.0,1103246376.0,30361957012.0,CNY
000100.SZ,20241231,新能源光伏及其他硅材料,P,28418504236.0,-2580813359.0,30999317595.0,CNY
000100.SZ,20241231,半导体显示器件,P,104254496685.0,19964906824.0,84289589861.0,CNY
000100.SZ,20241231,半导体显示业务,P,104254496685.0,19964906824.0,84289589861.0,CNY
000100.SZ,20241231,半导体光伏及半导体材料,P,28418504236.0,-2580813359.0,30999317595.0,CNY
000100.SZ,20241231,分销业务,P,31465203388.0,1103246376.0,30361957012.0,CNY
000100.SZ,20241231,其他及合并抵销,P,-684628554.0,,,CNY
000100.SZ,20241231,其他业务,P,1509262245.0,1437690713.0,71571532.0,CNY
000100.SZ,20240630,电子产品分销,P,13649330000.0,479910000.0,13169420000.0,CNY
000100.SZ,20240630,新能源光伏及其他硅材料,P,16213490000.0,-451840000.0,16665330000.0,CNY
000100.SZ,20240630,半导体显示器件,P,49877060000.0,9378880000.0,40498180000.0,CNY
000100.SZ,20240630,半导体显示业务,P,49877060000.0,9378880000.0,40498180000.0,CNY
000100.SZ,20240630,半导体光伏及半导体材料,P,16213490000.0,-451840000.0,16665330000.0,CNY
000100.SZ,20240630,分销业务,P,13649330000.0,479910000.0,13169420000.0,CNY
000100.SZ,20240630,其他及合并抵销,P,483850000.0,432398000.0,51452000.0,CNY
000100.SZ,20240630,其他业务,P,79679000.0,,,CNY
000725.SZ,20251231,物联网创新业务,P,38949236781.0,4550459800.0,34398776981.0,CNY
000725.SZ,20251231,智慧健康服务,P,1902021967.0,-16827540.0,1918849507.0,CNY
000725.SZ,20251231,显示器件业务,P,166417015418.0,21498604764.0,144918410654.0,CNY
000725.SZ,20251231,其他及合并抵销,P,-12581548468.0,5237532477.0,-17819080945.0,CNY
000725.SZ,20251231,传感业务,P,587444558.0,158352103.0,429092455.0,CNY
000725.SZ,20251231,MLED业务,P,9316052632.0,560057273.0,8755995359.0,CNY
000725.SZ,20250630,物联网创新业务,P,18191101534.0,2016932126.0,16174169408.0,CNY
000725.SZ,20250630,智慧健康服务,P,917485725.0,,,CNY
000725.SZ,20250630,显示器件业务,P,84332237426.0,10456003048.0,73876234378.0,CNY
000725.SZ,20250630,其他及合并抵销,P,-6732789218.0,,,CNY
000725.SZ,20250630,传感器及解决方案事业,P,223580565.0,,,CNY
000725.SZ,20250630,传感业务,P,223580565.0,,,CNY
000725.SZ,20250630,事业,P,4346566103.0,,,CNY
000725.SZ,20250630,MLED业务,P,4346566103.0,,,CNY
000725.SZ,20241231,物联网创新业务,P,33828880608.0,3580954156.0,30247926452.0,CNY
000725.SZ,20241231,智慧健康服务,P,1839415166.0,-60343131.0,1899758297.0,CNY
000725.SZ,20241231,显示器件业务,P,165003592549.0,21048120361.0,143955472188.0,CNY
000725.SZ,20241231,其他及合并抵销,P,-11161175142.0,5017774075.0,-16178949217.0,CNY
000725.SZ,20241231,传感器及解决方案事业,P,386471446.0,82046168.0,304425278.0,CNY
000725.SZ,20241231,传感业务,P,386471446.0,82046168.0,304425278.0,CNY
000725.SZ,20241231,事业,P,8483421034.0,490104459.0,7993316575.0,CNY
000725.SZ,20241231,MLED业务,P,8483421034.0,490104459.0,7993316575.0,CNY
000725.SZ,20240630,物联网创新业务,P,17155911452.0,1879145786.0,15276765666.0,CNY
000725.SZ,20240630,智慧健康服务,P,903706724.0,-742839.0,904449563.0,CNY
000725.SZ,20240630,显示器件业务,P,78013141508.0,10853072774.0,67160068734.0,CNY
000725.SZ,20240630,其他及合并抵销,P,-6883421819.0,2001110761.0,-8884532580.0,CNY
000725.SZ,20240630,传感器及解决方案事业,P,163437762.0,35345327.0,128092435.0,CNY
000725.SZ,20240630,传感业务,P,163437762.0,35345327.0,128092435.0,CNY
000725.SZ,20240630,事业,P,4033466005.0,169262347.0,3864203658.0,CNY
000725.SZ,20240630,MLED业务,P,4033466005.0,169262347.0,3864203658.0,CNY
000777.SZ,20251231,锻件,P,34527237.68,3420560.58,31106677.1,CNY
000777.SZ,20251231,石油石化,P,405749869.31,80030304.3,325719565.01,CNY
000777.SZ,20251231,核工程阀门总成,P,992191665.44,253501542.04,738690123.4,CNY
000777.SZ,20251231,其他阀门,P,279494735.67,31013125.16,248481610.51,CNY
000777.SZ,20251231,其他业务收入,P,19406724.57,2921459.23,16485265.34,CNY
000777.SZ,20250630,锻件毛坯,P,22647409.75,1918235.61,20729174.14,CNY
000777.SZ,20250630,石油石化,P,206060905.07,40692383.06,165368522.01,CNY
000777.SZ,20250630,核工程阀门总成,P,311031223.4,64124083.65,246907139.75,CNY
000777.SZ,20250630,其他阀门,P,156024165.47,23742517.08,132281648.39,CNY
000777.SZ,20250630,其他业务,P,8358955.26,7213899.83,1145055.43,CNY
000777.SZ,20241231,锻件,P,41239072.14,6712957.53,34526114.61,CNY
000777.SZ,20241231,石油石化,P,479331521.88,102744161.96,376587359.92,CNY
000777.SZ,20241231,核电核化工产品,P,838718216.67,203092991.38,635625225.29,CNY
000777.SZ,20241231,核工程阀门总成,P,838718216.67,203092991.38,635625225.29,CNY
000777.SZ,20241231,其他阀门,P,465250374.71,63940838.65,401309536.06,CNY
000777.SZ,20241231,其他业务收入,P,18907849.54,10779649.92,8128199.62,CNY
000777.SZ,20240630,锻件毛坯,P,20262504.41,1622048.08,18640456.33,CNY
000777.SZ,20240630,石油石化,P,180885611.91,40148669.78,140736942.13,CNY
000777.SZ,20240630,核工程阀门总成,P,245797421.93,79040600.07,166756821.86,CNY
000777.SZ,20240630,其他阀门,P,186292879.89,30672624.39,155620255.5,CNY
000777.SZ,20240630,其他业务收入,P,10198422.81,5737289.19,4461133.62,CNY
000837.SZ,20251231,零部件,P,1471863882.66,155186095.9,1316677786.76,CNY
000837.SZ,20251231,贸易类,P,17413513.73,8054856.81,9358656.92,CNY
000837.SZ,20251231,机床类,P,2064471807.55,412412833.46,1652058974.09,CNY
000837.SZ,20251231,工具类,P,370007630.74,79509172.7,290498458.04,CNY
000837.SZ,20251231,其他主营业务,P,26435529.67,3348776.15,23086753.52,CNY
000837.SZ,20251231,其他业务,P,50153215.47,39992321.39,10160894.08,CNY
000837.SZ,20251231,仪器仪表类,P,89527464.45,23493352.17,66034112.28,CNY
000837.SZ,20250630,零部件,P,797297762.87,98279669.75,699018093.12,CNY
000837.SZ,20250630,贸易类,P,21888197.16,4468187.3,17420009.86,CNY
000837.SZ,20250630,机床类,P,1032754890.88,190030398.59,842724492.29,CNY
000837.SZ,20250630,工具类,P,182434508.4,45671343.18,136763165.22,CNY
000837.SZ,20250630,其他主营业务,P,13893961.0,6093758.45,7800202.55,CNY
000837.SZ,20250630,其他业务,P,24932720.63,18678754.92,6253965.71,CNY
000837.SZ,20250630,仪器仪表类,P,38270861.31,8205733.7,30065127.61,CNY
000837.SZ,20241231,零部件,P,1373799905.13,133453146.68,1240346758.45,CNY
000837.SZ,20241231,贸易类,P,40857026.22,7080250.96,33776775.26,CNY
000837.SZ,20241231,机床类,P,1947172137.08,321490794.48,1625681342.6,CNY
000837.SZ,20241231,工具类,P,325699814.08,85251489.45,240448324.63,CNY
000837.SZ,20241231,其他主营业务,P,21930659.7,11935006.98,9995652.72,CNY
000837.SZ,20241231,其他业务,P,61368486.97,44218241.17,17150245.8,CNY
000837.SZ,20241231,仪器仪表类,P,88996441.76,20047906.87,68948534.89,CNY
000837.SZ,20240630,零部件,P,736451891.65,81888728.0,654563163.65,CNY
000837.SZ,20240630,贸易类,P,19933911.61,3503488.81,16430422.8,CNY
000837.SZ,20240630,机床类,P,1013005516.03,165918562.04,847086953.99,CNY
000837.SZ,20240630,工具类,P,165989898.06,53231147.06,112758751.0,CNY
000837.SZ,20240630,其他主营业务,P,13888401.03,6779373.73,7109027.3,CNY
000837.SZ,20240630,其他业务,P,30103906.65,23056692.11,7047214.54,CNY
000837.SZ,20240630,仪器仪表类,P,41894517.89,9776616.62,32117901.27,CNY
000977.SZ,20251231,服务器产品,P,154605252907.25,6985498767.26,147619754139.99,CNY
000977.SZ,20251231,存储类、交换类等产品,P,9771289490.62,854195153.22,8917094337.4,CNY
000977.SZ,20251231,其他业务,P,405455260.36,207299502.48,198155757.88,CNY
000977.SZ,20250630,服务器产品,P,75286192540.34,3249291834.71,72036900705.63,CNY
000977.SZ,20250630,存储类、交换类等产品,P,4836628802.69,366860900.11,4469767902.58,CNY
000977.SZ,20250630,其他业务,P,69611842.79,29755199.6,39856643.19,CNY
000977.SZ,20241231,服务器及部件,P,114001610921.77,7710554998.41,106291055923.36,CNY
000977.SZ,20241231,其他业务,P,295054134.34,135565691.17,159488443.17,CNY
000977.SZ,20241231,IT终端及散件,P,470701785.44,12606008.12,458095777.32,CNY
000977.SZ,20240630,服务器及部件,P,41880981189.58,3202449702.62,38678531486.96,CNY
000977.SZ,20240630,其他业务,P,120955529.2,50307636.25,70647892.95,CNY
000977.SZ,20240630,IT终端及散件,P,61603921.25,3685147.62,57918773.63,CNY
000988.SZ,20251231,租赁及其他,P,131227151.02,39723190.28,91503960.74,CNY
000988.SZ,20251231,激光加工装备及智能制造产线,P,3635910536.06,1069054537.8,2566855998.26,CNY
000988.SZ,20251231,激光全息膜类系列产品,P,463927420.99,144208725.18,319718695.81,CNY
000988.SZ,20251231,敏感元器件,P,4026871536.33,984896319.8,3041975216.53,CNY
000988.SZ,20251231,光电器件,P,6096823863.78,808211364.31,5288612499.47,CNY
000988.SZ,20250630,租赁及其他,P,54811366.64,22095949.57,32715417.07,CNY
000988.SZ,20250630,激光加工装备及智能制造产线,P,1676245048.49,538067626.23,1138177422.26,CNY
000988.SZ,20250630,激光加工装备,P,1676245048.49,538067626.23,1138177422.26,CNY
000988.SZ,20250630,激光全息膜类系列产品,P,211238265.61,69180531.99,142057733.62,CNY
000988.SZ,20250630,敏感元器件,P,1942469080.73,507761417.7,1434707663.03,CNY
000988.SZ,20250630,光电器件,P,3744236438.36,407032956.16,3337203482.2,CNY
000988.SZ,20241231,租赁及其他,P,147330475.4,21012974.92,126317500.48,CNY
000988.SZ,20241231,激光加工装备及智能制造产线,P,3491679275.05,1081281926.79,2410397348.26,CNY
000988.SZ,20241231,激光加工装备,P,3491679275.05,1081281926.79,2410397348.26,CNY
000988.SZ,20241231,激光全息膜类系列产品,P,427156944.89,143528209.76,283628735.13,CNY
000988.SZ,20241231,敏感元器件,P,3668190667.34,942743699.25,2725446968.09,CNY
000988.SZ,20241231,光电器件,P,3974818104.16,334279176.19,3640538927.97,CNY
000988.SZ,20240630,租赁及其他,P,34555689.28,10105218.03,24450471.25,CNY
000988.SZ,20240630,激光加工装备及智能制造产线,P,1727241560.98,609375981.8,1117865579.18,CNY
000988.SZ,20240630,激光加工装备,P,1727241560.98,609375981.8,1117865579.18,CNY
000988.SZ,20240630,激光全息膜类系列产品,P,199070524.41,53142803.33,145927721.08,CNY
000988.SZ,20240630,敏感元器件,P,1644486447.31,421586587.91,1222899859.4,CNY
000988.SZ,20240630,光电器件,P,1594755842.91,124608252.81,1470147590.1,CNY
002008.SZ,20251231,其他智能制造装备,P,12985930595.47,4215474226.17,8770456369.3,CNY
002008.SZ,20251231,PCB及自动化配套设备,P,5772935488.47,2027505498.5,3745429989.97,CNY
002008.SZ,20250630,其他智能制造装备,P,5231014259.58,1634827024.47,3596187235.11,CNY
002008.SZ,20250630,PCB及自动化配套设备,P,2381833154.55,721269178.69,1660563975.86,CNY
002008.SZ,20241231,其他智能制造装备,P,11428123956.22,3763819688.24,7664304267.98,CNY
002008.SZ,20241231,PCB及自动化配套设备,P,3343091397.82,939827346.64,2403264051.18,CNY
002008.SZ,20240630,其他智能制造装备,P,4790847090.97,1687474338.79,3103372752.18,CNY
002008.SZ,20240630,PCB及自动化配套设备,P,1564362861.12,457868037.25,1106494823.87,CNY
002025.SZ,20251231,连接器及互连一体化产品,P,3984202412.52,1158367831.05,2825834581.47,CNY
002025.SZ,20251231,继电器,P,240396878.54,107882355.63,132514522.91,CNY
002025.SZ,20251231,电机与控制组件,P,1357940460.07,416515798.47,941424661.6,CNY
002025.SZ,20251231,其他业务,P,105547892.11,63953003.55,41594888.56,CNY
002025.SZ,20251231,光通信器件,P,131746730.01,34008670.61,97738059.4,CNY
002025.SZ,20250630,连接器及互连一体化产品,P,2064717364.02,586621475.73,1478095888.29,CNY
002025.SZ,20250630,连接器,P,2064717364.02,586621475.73,1478095888.29,CNY
002025.SZ,20250630,继电器,P,99455687.85,47292777.35,52162910.5,CNY
002025.SZ,20250630,电机与控制组件,P,660073195.05,247474889.37,412598305.68,CNY
002025.SZ,20250630,电机,P,660073195.05,247474889.37,412598305.68,CNY
002025.SZ,20250630,其他业务,P,52681131.63,42189805.46,10491326.17,CNY
002025.SZ,20250630,光通信器件,P,58057717.28,13801896.55,44255820.73,CNY
002025.SZ,20250630,光器件,P,58057717.28,13801896.55,44255820.73,CNY
002025.SZ,20241231,连接器及互连一体化产品,P,3388179514.4,1310411512.74,2077768001.66,CNY
002025.SZ,20241231,连接器,P,3388179514.4,1310411512.74,2077768001.66,CNY
002025.SZ,20241231,继电器,P,248528518.01,117078030.37,131450487.64,CNY
002025.SZ,20241231,电机与控制组件,P,1116261735.8,397526325.36,718735410.44,CNY
002025.SZ,20241231,电机,P,1116261735.8,397526325.36,718735410.44,CNY
002025.SZ,20241231,其他业务,P,127186950.9,65897555.93,61289394.97,CNY
002025.SZ,20241231,光通信器件,P,144724170.61,35618253.25,109105917.36,CNY
002025.SZ,20241231,光器件,P,144724170.61,35618253.25,109105917.36,CNY
002025.SZ,20240630,连接器及互连一体化产品,P,1877635398.5,915314685.45,962320713.05,CNY
002025.SZ,20240630,连接器,P,1877635398.5,915314685.45,962320713.05,CNY
002025.SZ,20240630,继电器,P,137524298.34,91935303.09,45588995.25,CNY
002025.SZ,20240630,电机与控制组件,P,754071097.0,322927869.57,431143227.43,CNY
002025.SZ,20240630,电机,P,754071097.0,322927869.57,431143227.43,CNY
002025.SZ,20240630,其他业务,P,73125840.27,40092032.02,33033808.25,CNY
002025.SZ,20240630,光通信器件,P,78989267.45,17894896.18,61094371.27,CNY
002025.SZ,20240630,光器件,P,78989267.45,17894896.18,61094371.27,CNY
002085.SZ,20251231,飞机制造,P,2745901723.21,535964043.02,2209937680.19,CNY
002085.SZ,20251231,汽车金属轻量化零部件,P,13241272304.46,2175394286.44,11065878018.02,CNY
002085.SZ,20250630,飞机制造,P,1437521497.05,351675221.91,1085846275.14,CNY
002085.SZ,20250630,汽车金属轻量化零部件,P,6056298816.44,1039923105.59,5016375710.85,CNY
002085.SZ,20241231,飞机制造,P,2814092174.98,695329971.34,2118762203.64,CNY
002085.SZ,20241231,汽车金属轻量化零部件,P,13450161784.1,1992868060.57,11457293723.53,CNY
002085.SZ,20240630,飞机制造,P,1282514821.35,323804255.6,958710565.75,CNY
002085.SZ,20240630,汽车金属轻量化零部件,P,6089034455.6,1039404759.11,5049629696.49,CNY
002130.SZ,20251231,风力发电,P,141516740.15,90357573.52,51159166.63,CNY
002130.SZ,20251231,通信线缆,P,2550554714.34,574755231.59,1975799482.75,CNY
002130.SZ,20251231,电子材料,P,2851375002.52,1195891068.91,1655483933.61,CNY
002130.SZ,20251231,电力产品,P,1027262842.67,376208552.54,651054290.13,CNY
002130.SZ,20251231,新能源汽车,P,1706068960.12,366010343.48,1340058616.64,CNY
002130.SZ,20251231,其他业务,P,173882321.34,71673859.96,102208461.38,CNY
002130.SZ,20250630,风力发电,P,79817041.2,55253767.12,24563274.08,CNY
002130.SZ,20250630,通信线缆,P,1246053434.13,270780525.02,975272909.11,CNY
002130.SZ,20250630,电线电缆,P,1246053434.13,270780525.02,975272909.11,CNY
002130.SZ,20250630,电子材料,P,1332931637.09,546226886.44,786704750.65,CNY
002130.SZ,20250630,电力产品,P,486723143.78,194128064.99,292595078.79,CNY
002130.SZ,20250630,新能源汽车,P,712340928.39,165718676.66,546622251.73,CNY
002130.SZ,20250630,新能源产品,P,712340928.39,165718676.66,546622251.73,CNY
002130.SZ,20250630,其他业务,P,87402545.12,48277136.52,39125408.6,CNY
002130.SZ,20241231,风力发电,P,151723658.87,102509279.08,49214379.79,CNY
002130.SZ,20241231,通信线缆,P,1702271517.52,291255179.7,1411016337.82,CNY
002130.SZ,20241231,电线电缆,P,1702271517.52,291255179.7,1411016337.82,CNY
002130.SZ,20241231,电子材料,P,2599375016.58,1053263178.48,1546111838.1,CNY
002130.SZ,20241231,电力产品,P,926973436.66,353244127.74,573729308.92,CNY
002130.SZ,20241231,新能源汽车,P,1381420896.62,337774131.99,1043646764.63,CNY
002130.SZ,20241231,新能源产品,P,1381420896.62,337774131.99,1043646764.63,CNY
002130.SZ,20241231,其他业务,P,164767347.15,59723752.29,105043594.86,CNY
002130.SZ,20240630,通信线缆,P,766997406.54,115743310.58,651254095.96,CNY
002130.SZ,20240630,电线电缆,P,766997406.54,115743310.58,651254095.96,CNY
002130.SZ,20240630,电子产品,P,1203013639.37,488518208.82,714495430.55,CNY
002130.SZ,20240630,电力产品,P,619202725.21,251826145.05,367376580.16,CNY
002130.SZ,20240630,新能源汽车,P,432449574.4,135354135.32,297095439.08,CNY
002130.SZ,20240630,新能源产品,P,432449574.4,135354135.32,297095439.08,CNY
002130.SZ,20240630,其他业务,P,73732452.62,37238319.43,36494133.19,CNY
002151.SZ,20251231,系统项目,P,42974589.12,-27955786.74,70930375.86,CNY
002151.SZ,20251231,服务收入,P,81744979.7,19497007.85,62247971.85,CNY
002151.SZ,20251231,产品销售,P,2087883307.67,790510645.03,1297372662.64,CNY
002151.SZ,20250630,运营技术服务,P,36031995.38,,,CNY
002151.SZ,20250630,系统项目,P,94961.92,,,CNY
002151.SZ,20250630,服务收入,P,36031995.38,,,CNY
002151.SZ,20250630,产品销售,P,855982174.84,319923759.11,536058415.73,CNY
002151.SZ,20241231,运营技术服务,P,79827690.17,33777556.19,46050133.98,CNY
002151.SZ,20241231,系统项目,P,147197570.34,-9966809.1,157164379.44,CNY
002151.SZ,20241231,服务收入,P,79827690.17,33777556.19,46050133.98,CNY
002151.SZ,20241231,产品销售,P,1271289582.48,488613019.07,782676563.41,CNY
002151.SZ,20240630,运营技术服务,P,33023457.46,11435450.29,21588007.17,CNY
002151.SZ,20240630,系统项目,P,83698167.08,10195654.71,73502512.37,CNY
002151.SZ,20240630,服务收入,P,33023457.46,11435450.29,21588007.17,CNY
002151.SZ,20240630,产品销售,P,571283754.46,227556344.79,343727409.67,CNY
002281.SZ,20251231,接入和数据,P,8462891520.32,1848806509.15,6614085011.17,CNY
002281.SZ,20251231,其他主营业务,P,25859054.41,19812829.33,6046225.08,CNY
002281.SZ,20251231,其他业务,P,28296547.1,21484985.29,6811561.81,CNY
002281.SZ,20251231,传输,P,3411650005.55,904821759.61,2506828245.94,CNY
002281.SZ,20250630,接入和数据,P,3715348632.95,741676237.31,2973672395.64,CNY
002281.SZ,20250630,其他主营业务,P,10445343.07,8146219.52,2299123.55,CNY
002281.SZ,20250630,其他业务,P,89545.12,62523.26,27021.86,CNY
002281.SZ,20250630,传输,P,1517055973.79,430463215.62,1086592758.17,CNY
002281.SZ,20241231,接入和数据,P,5101462259.15,909481611.18,4191980647.97,CNY
002281.SZ,20241231,其他主营业务,P,26288903.36,15869716.73,10419186.63,CNY
002281.SZ,20241231,其他业务,P,42334603.88,40338066.39,1996537.49,CNY
002281.SZ,20241231,传输,P,3102224418.36,892208371.87,2210016046.49,CNY
002281.SZ,20240630,接入和数据,P,1490505376.51,191285974.01,1299219402.5,CNY
002281.SZ,20240630,其他主营业务,P,43334705.55,39689089.57,3645615.98,CNY
002281.SZ,20240630,其他业务,P,621962.95,591995.91,29967.04,CNY
002281.SZ,20240630,传输,P,1575482542.67,474057726.9,1101424815.77,CNY
002371.SZ,20251231,电子工艺装备,P,36731219888.81,14390199589.69,22341020299.12,CNY
002371.SZ,20251231,电子元件,P,2579277891.07,1365750999.4,1213526891.67,CNY
002371.SZ,20251231,其他业务,P,42614639.9,26120448.99,16494190.91,CNY
002371.SZ,20250630,电子工艺装备,P,15258173274.56,6362488737.58,8895684536.98,CNY
002371.SZ,20250630,电子元件,P,867554848.05,437512918.64,430041929.41,CNY
002371.SZ,20250630,其他业务,P,15818062.13,6625971.38,9192090.75,CNY
002371.SZ,20241231,电子工艺装备,P,27706652584.82,11499134938.9,16207517645.92,CNY
002371.SZ,20241231,电子元件,P,2094203897.75,1263289384.03,830914513.72,CNY
002371.SZ,20241231,其他业务,P,37212679.69,24468112.45,12744567.24,CNY
002371.SZ,20240630,电子工艺装备,P,11395996546.42,5085687377.63,6310309168.79,CNY
002371.SZ,20240630,电子元件,P,922572553.71,515675381.02,406897172.69,CNY
002371.SZ,20240630,其他业务,P,16338104.15,10627218.8,5710885.35,CNY
002407.SZ,20251231,电子信息材料,P,408951827.99,46853146.41,362098681.58,CNY
002407.SZ,20251231,氟基新材料,P,2788873135.08,252434211.75,2536438923.33,CNY
002407.SZ,20251231,新能源电池,P,2849639910.66,358205380.32,2491434530.34,CNY
002407.SZ,20251231,新能源材料,P,3133509634.0,681107199.1,2452402434.9,CNY
002407.SZ,20251231,其他主营业务,P,253273102.74,-21402755.07,274675857.81,CNY
002407.SZ,20250630,锂电池及核心材料,P,1094930596.71,106621561.17,988309035.54,CNY
002407.SZ,20250630,电子信息材料,P,240091826.15,13576240.45,226515585.7,CNY
002407.SZ,20250630,氟基新材料,P,1315218736.34,113406988.56,1201811747.78,CNY
002407.SZ,20250630,新能源电池,P,1094930596.71,106621561.17,988309035.54,CNY
002407.SZ,20250630,新能源材料,P,1513564174.66,295652448.22,1217911726.44,CNY
002407.SZ,20250630,其他主营业务,P,164629538.88,-10041722.58,174671261.46,CNY
002407.SZ,20241231,锂电池及核心材料,P,1611399609.35,33295348.8,1578104260.55,CNY
002407.SZ,20241231,电子信息材料,P,934835634.73,159899839.8,774935794.93,CNY
002407.SZ,20241231,氟基新材料,P,2692814957.68,231982534.0,2460832423.68,CNY
002407.SZ,20241231,新能源电池,P,1611399609.35,33295348.8,1578104260.55,CNY
002407.SZ,20241231,新能源材料,P,2592757081.84,326809283.46,2265947798.38,CNY
002407.SZ,20241231,其他主营业务,P,375141043.61,-29295443.34,404436486.95,CNY
002407.SZ,20240630,锂电池及核心材料,P,624241690.12,13711422.92,610530267.2,CNY
002407.SZ,20240630,电子信息材料,P,587536455.33,128193416.48,459343038.85,CNY
002407.SZ,20240630,氟基新材料,P,1154901466.55,92676318.05,1062225148.5,CNY
002407.SZ,20240630,新能源电池,P,624241690.12,13711422.92,610530267.2,CNY
002407.SZ,20240630,新能源材料,P,1338629265.83,189323213.7,1149306052.13,CNY
002407.SZ,20240630,其他主营业务,P,903981220.01,-4218290.21,908199510.22,CNY
002520.SZ,20251231,航空航天智能装备及产线,P,53238053.07,15139703.57,38098349.5,CNY
002520.SZ,20251231,数字化智能机床及产线,P,789366164.15,25377389.81,763988774.34,CNY
002520.SZ,20251231,固定翼工程、运营及租售,P,292014128.02,19959627.77,272054500.25,CNY
002520.SZ,20251231,其他主营业务,P,40593052.56,18351487.58,22241564.98,CNY
002520.SZ,20250630,航空航天部/总装智能装备,P,13539823.02,4342230.4,9197592.62,CNY
002520.SZ,20250630,航空航天智能装备及产线,P,13539823.02,4342230.4,9197592.62,CNY
002520.SZ,20250630,数控车床,P,394746617.46,39650963.82,355095653.64,CNY
002520.SZ,20250630,数字化智能机床及产线,P,394746617.46,39650963.82,355095653.64,CNY
002520.SZ,20250630,固定翼工程、运营及租售,P,292016150.35,26085143.44,265931006.91,CNY
002520.SZ,20250630,其他主营业务,P,16773213.22,3388814.81,13384398.41,CNY
002520.SZ,20241231,航空航天部/总装智能装备,P,28352884.97,10821685.68,17531199.29,CNY
002520.SZ,20241231,航空航天智能装备及产线,P,28352884.97,10821685.68,17531199.29,CNY
002520.SZ,20241231,航天零部件加工,P,747185.84,-1424396.31,2171582.15,CNY
002520.SZ,20241231,数控车床,P,1055035531.95,212177768.48,842857763.47,CNY
002520.SZ,20241231,数字化智能机床及产线,P,1055035531.95,212177768.48,842857763.47,CNY
002520.SZ,20241231,固定翼工程、运营及租售,P,686558978.36,76962114.23,609596864.13,CNY
002520.SZ,20241231,其他业务,P,33569911.61,11536508.66,22033402.95,CNY
002520.SZ,20240630,航空航天部/总装智能装备,P,14873238.95,5327041.15,9546197.8,CNY
002520.SZ,20240630,航空航天智能装备及产线,P,14873238.95,5327041.15,9546197.8,CNY
002520.SZ,20240630,航天零部件加工,P,747185.84,-688704.74,1435890.58,CNY
002520.SZ,20240630,数控车床,P,614457820.38,128588302.32,485869518.06,CNY
002520.SZ,20240630,数字化智能机床及产线,P,614457820.38,128588302.32,485869518.06,CNY
002520.SZ,20240630,固定翼工程、运营及租售,P,401538666.16,73879801.72,327658864.44,CNY
002520.SZ,20240630,其他业务,P,13849731.7,11502541.95,2347189.75,CNY
002594.SZ,20251231,汽车,P,648645636000.0,132882696000.0,515762940000.0,CNY
002594.SZ,20251231,手机部件及组装等,P,155236528000.0,9762539000.0,145473989000.0,CNY
002594.SZ,20251231,其他主营业务,P,82794000.0,14562000.0,68232000.0,CNY
002594.SZ,20250630,汽车,P,302506271000.0,61564841000.0,240941430000.0,CNY
002594.SZ,20250630,手机部件及组装等,P,68743903000.0,5296189000.0,63447714000.0,CNY
002594.SZ,20250630,其他主营业务,P,30774000.0,4829000.0,25945000.0,CNY
002594.SZ,20241231,汽车,P,617381935000.0,137721076000.0,479660859000.0,CNY
002594.SZ,20241231,手机部件及组装等,P,159608576000.0,13319187000.0,146289389000.0,CNY
002594.SZ,20241231,其他主营业务,P,111944000.0,15576000.0,96368000.0,CNY
002594.SZ,20240630,汽车,P,228316902000.0,54650168000.0,173666734000.0,CNY
002594.SZ,20240630,手机部件及组装等,P,72778443000.0,5612535000.0,67165908000.0,CNY
002594.SZ,20240630,其他主营业务,P,31368000.0,4028000.0,27340000.0,CNY
002708.SZ,20251231,轴承产品,P,1562021864.79,375135797.8,1186886066.99,CNY
002708.SZ,20251231,线路板业务,P,293345622.74,-40492218.75,333837841.49,CNY
002708.SZ,20251231,毛坯加工,P,235060228.78,5917790.93,229142437.85,CNY
002708.SZ,20251231,同步器行星排产品,P,541467163.45,108403116.27,433064047.18,CNY
002708.SZ,20251231,其他主营业务,P,84478038.74,12785712.42,71692326.32,CNY
002708.SZ,20250630,轴承产品,P,742102392.77,187388980.74,554713412.03,CNY
002708.SZ,20250630,线路板系列产品,P,132987077.25,-22846162.52,155833239.77,CNY
002708.SZ,20250630,线路板业务,P,132987077.25,-22846162.52,155833239.77,CNY
002708.SZ,20250630,毛坯加工,P,122722050.08,-8965555.96,131687606.04,CNY
002708.SZ,20250630,毛坯,P,122722050.08,-8965555.96,131687606.04,CNY
002708.SZ,20250630,同步器行星排产品,P,249439786.46,63830899.12,185608887.34,CNY
002708.SZ,20250630,同步器,P,249439786.46,63830899.12,185608887.34,CNY
002708.SZ,20250630,其他主营业务,P,13054902.56,2598805.11,10456097.45,CNY
002708.SZ,20241231,轴承产品,P,1219556373.25,276252791.27,943303581.98,CNY
002708.SZ,20241231,线路板系列产品,P,215819359.35,-52660257.68,268479617.03,CNY
002708.SZ,20241231,线路板业务,P,215819359.35,-52660257.68,268479617.03,CNY
002708.SZ,20241231,毛坯加工,P,245232533.11,28796415.23,216436117.88,CNY
002708.SZ,20241231,毛坯,P,245232533.11,28796415.23,216436117.88,CNY
002708.SZ,20241231,同步器行星排产品,P,512703278.58,68874302.64,443828975.94,CNY
002708.SZ,20241231,同步器,P,512703278.58,68874302.64,443828975.94,CNY
002708.SZ,20241231,其他主营业务,P,116264195.18,15772986.99,100491208.19,CNY
002708.SZ,20240630,轴承产品,P,604114381.42,148723723.35,455390658.07,CNY
002708.SZ,20240630,线路板系列产品,P,108269463.38,-28691018.88,136960482.26,CNY
002708.SZ,20240630,线路板业务,P,108269463.38,-28691018.88,136960482.26,CNY
002708.SZ,20240630,毛坯加工,P,97833236.38,-1053641.26,98886877.64,CNY
002708.SZ,20240630,毛坯,P,97833236.38,-1053641.26,98886877.64,CNY
002708.SZ,20240630,同步器行星排产品,P,252431818.12,51785259.44,200646558.68,CNY
002708.SZ,20240630,同步器,P,252431818.12,51785259.44,200646558.68,CNY
002708.SZ,20240630,其他业务,P,61140335.31,9574109.34,51566225.97,CNY
002733.SZ,20251231,锂电池及材料,P,1454359080.68,320171453.03,1134187627.65,CNY
002733.SZ,20251231,蓄电池及材料,P,1999811286.45,288196879.95,1711614406.5,CNY
002733.SZ,20251231,燃料电池,P,8689984.19,-3988106.03,12678090.22,CNY
002733.SZ,20251231,其他业务,P,15203356.71,,,CNY
002733.SZ,20250630,锂电池及材料,P,635824321.7,145209993.98,490614327.72,CNY
002733.SZ,20250630,锂电池,P,635824321.7,145209993.98,490614327.72,CNY
002733.SZ,20250630,铅酸蓄电池,P,968025454.87,154875648.3,813149806.57,CNY
002733.SZ,20250630,蓄电池及材料,P,968025454.87,154875648.3,813149806.57,CNY
002733.SZ,20250630,燃料电池,P,614220.85,72193.02,542027.83,CNY
002733.SZ,20250630,其他业务,P,2010799.19,285826.59,1724972.6,CNY
002733.SZ,20241231,锂电池及材料,P,1344963026.95,296714829.27,1048248197.68,CNY
002733.SZ,20241231,锂电池,P,1344963026.95,296714829.27,1048248197.68,CNY
002733.SZ,20241231,铅酸蓄电池,P,2176250309.05,339564497.34,1836685811.71,CNY
002733.SZ,20241231,蓄电池及材料,P,2176250309.05,339564497.34,1836685811.71,CNY
002733.SZ,20241231,燃料电池,P,21870251.97,-1915862.03,23786114.0,CNY
002733.SZ,20241231,其他业务,P,10989011.91,3814248.09,7174763.82,CNY
002733.SZ,20240630,锂电池及材料,P,601412991.17,153048162.26,448364828.91,CNY
002733.SZ,20240630,锂电池,P,601412991.17,153048162.26,448364828.91,CNY
002733.SZ,20240630,铅酸蓄电池,P,969763720.67,160735474.87,809028245.8,CNY
002733.SZ,20240630,蓄电池及材料,P,969763720.67,160735474.87,809028245.8,CNY
002733.SZ,20240630,燃料电池,P,2250111.66,325455.17,1924656.49,CNY
002733.SZ,20240630,其他业务,P,10202295.32,7583962.8,2618332.52,CNY
002747.SZ,20251231,自动化核心部件及运动控制系统,P,891183061.95,271182847.98,620000213.97,CNY
002747.SZ,20251231,工业机器人及智能制造系统,P,3996827901.69,1168338514.5,2828489387.19,CNY
002747.SZ,20250630,自动化核心部件及运动控制系统,P,456418616.7,139566502.65,316852114.05,CNY
002747.SZ,20250630,智能装备核心控制功能部件,P,456418616.7,139566502.65,316852114.05,CNY
002747.SZ,20250630,工业机器人及智能制造系统,P,2092157941.21,564853561.05,1527304380.16,CNY
002747.SZ,20250630,工业机器人及成套设备,P,2092157941.21,564853561.05,1527304380.16,CNY
002747.SZ,20241231,自动化核心部件及运动控制系统,P,976276495.82,307769763.49,668506732.33,CNY
002747.SZ,20241231,智能装备核心控制功能部件,P,976276495.82,307769763.49,668506732.33,CNY
002747.SZ,20241231,工业机器人及智能制造系统,P,3032495180.3,877538557.57,2154956622.73,CNY
002747.SZ,20241231,工业机器人及成套设备,P,3032495180.3,877538557.57,2154956622.73,CNY
002747.SZ,20240630,自动化核心部件及运动控制系统,P,515747949.64,171095464.46,344652485.18,CNY
002747.SZ,20240630,智能装备核心控制功能部件,P,515747949.64,171095464.46,344652485.18,CNY
002747.SZ,20240630,工业机器人及智能制造系统,P,1653326676.4,465123597.8,1188203078.6,CNY
002747.SZ,20240630,工业机器人及成套设备,P,1653326676.4,465123597.8,1188203078.6,CNY
002979.SZ,20251231,步进系统类,P,652578669.74,279256022.15,373322647.59,CNY
002979.SZ,20251231,控制技术类,P,286940436.4,186434207.03,100506229.37,CNY
002979.SZ,20251231,其他主营业务,P,12732698.33,6249121.62,6483576.71,CNY
002979.SZ,20251231,伺服系统类,P,921586745.82,258861384.82,662725361.0,CNY
002979.SZ,20250630,步进系统类,P,311475115.91,132873369.45,178601746.46,CNY
002979.SZ,20250630,控制技术类,P,144201618.53,90403471.56,53798146.97,CNY
002979.SZ,20250630,可编程逻辑控制器,P,144201618.53,90403471.56,53798146.97,CNY
002979.SZ,20250630,其他主营业务,P,8591936.55,4413485.03,4178451.52,CNY
002979.SZ,20250630,伺服系统类,P,427079767.82,118007893.4,309071874.42,CNY
002979.SZ,20241231,步进系统类,P,605848481.14,236635905.03,369212576.11,CNY
002979.SZ,20241231,控制技术类,P,251793790.93,166637002.02,85156788.91,CNY
002979.SZ,20241231,可编程逻辑控制器,P,251793790.93,166637002.02,85156788.91,CNY
002979.SZ,20241231,其他主营业务,P,17905157.5,7417160.99,10487996.51,CNY
002979.SZ,20241231,伺服系统类,P,708735867.89,198409547.04,510326320.85,CNY
002979.SZ,20240630,步进系统类,P,356627925.74,135600744.52,221027181.22,CNY
002979.SZ,20240630,控制技术类,P,120684587.31,83461337.89,37223249.42,CNY
002979.SZ,20240630,可编程逻辑控制器,P,120684587.31,83461337.89,37223249.42,CNY
002979.SZ,20240630,其他主营业务,P,5921653.79,3341994.77,2579659.02,CNY
002979.SZ,20240630,伺服系统类,P,339931268.55,91296971.44,248634297.11,CNY
300003.SZ,20251231,药品,P,2165169378.84,1390609090.56,774560288.28,CNY
300003.SZ,20251231,外科器械产品,P,3254110282.51,2274282795.19,979827487.32,CNY
300003.SZ,20251231,医疗服务及健康管理,P,1063452042.2,484578998.58,578873043.62,CNY
300003.SZ,20250630,药品,P,1117443103.25,701233661.53,416209441.72,CNY
300003.SZ,20250630,外科器械产品,P,1776469316.14,1266987344.34,509481971.8,CNY
300003.SZ,20250630,医疗服务及健康管理,P,475472136.82,196946161.85,278525974.97,CNY
300003.SZ,20241231,药品,P,1757747768.26,944721076.04,813026692.22,CNY
300003.SZ,20241231,外科器械产品,P,3326491257.02,2315114485.39,1011376771.63,CNY
300003.SZ,20241231,医疗服务及健康管理,P,1019030080.6,455786442.82,563243637.78,CNY
300003.SZ,20240630,药品,P,1134652158.91,681013649.65,453638509.26,CNY
300003.SZ,20240630,外科器械产品,P,1753667527.39,1263648625.12,490018902.27,CNY
300003.SZ,20240630,医疗服务及健康管理,P,495566868.24,231342320.39,264224547.85,CNY
300007.SZ,20251231,智能仪表,P,1105492824.22,425954989.63,679537834.59,CNY
300007.SZ,20251231,智慧化综合解决方案,P,599934277.09,160400274.81,439534002.28,CNY
300007.SZ,20251231,其他主营业务,P,43269783.69,15104538.21,28165245.48,CNY
300007.SZ,20251231,公用事业服务,P,273519886.64,29679798.29,243840088.35,CNY
300007.SZ,20251231,传感器,P,391455664.93,124291170.51,267164494.42,CNY
300007.SZ,20250630,物联网综合解决方案,P,314853054.62,84959058.3,229893996.32,CNY
300007.SZ,20250630,智能仪表,P,477324018.34,194805091.76,282518926.58,CNY
300007.SZ,20250630,智慧化综合解决方案,P,314853054.62,84959058.3,229893996.32,CNY
300007.SZ,20250630,其他主营业务,P,17292464.19,3853364.75,13439099.44,CNY
300007.SZ,20250630,公用事业服务,P,179780374.14,8178906.69,171601467.45,CNY
300007.SZ,20250630,传感器,P,187677529.03,66841873.28,120835655.75,CNY
300007.SZ,20241231,物联网综合解决方案,P,541988102.75,124232048.13,417756054.62,CNY
300007.SZ,20241231,智能仪表,P,995016366.12,401819507.33,593196858.79,CNY
300007.SZ,20241231,智慧化综合解决方案,P,541988102.75,124232048.13,417756054.62,CNY
300007.SZ,20241231,其他主营业务,P,49947993.1,21311210.95,28636782.15,CNY
300007.SZ,20241231,公用事业服务,P,299811238.26,2433888.69,297377349.57,CNY
300007.SZ,20241231,传感器,P,340852494.69,115226879.17,225625615.52,CNY
300007.SZ,20240630,物联网综合解决方案,P,329880491.63,82136441.74,247744049.89,CNY
300007.SZ,20240630,智能仪表,P,444115643.93,178556948.39,265558695.54,CNY
300007.SZ,20240630,智慧化综合解决方案,P,329880491.63,82136441.74,247744049.89,CNY
300007.SZ,20240630,其他主营业务,P,19028348.83,4613458.04,14414890.79,CNY
300007.SZ,20240630,公用事业服务,P,165648028.58,-11954700.36,177602728.94,CNY
300007.SZ,20240630,传感器,P,155134683.73,55747291.83,99387391.9,CNY
300015.SZ,20251231,视光服务,P,5787549225.86,3004759254.33,2782789971.53,CNY
300015.SZ,20251231,医疗服务-眼后段手术,P,1573036009.59,433957989.81,1139078019.78,CNY
300015.SZ,20251231,医疗服务-眼前段手术,P,2030763914.58,819204199.24,1211559715.34,CNY
300015.SZ,20251231,医疗服务-白内障手术,P,3478266775.1,1164677778.79,2313588996.31,CNY
300015.SZ,20251231,医疗服务-屈光项目,P,8383189775.59,4611367501.12,3771822274.47,CNY
300015.SZ,20251231,其他病种项目,P,1028220731.56,448263296.26,579957435.3,CNY
300015.SZ,20251231,其他业务,P,71578292.59,48863059.06,22715233.53,CNY
300015.SZ,20250630,视光服务,P,2720265674.56,1474717311.18,1245548363.38,CNY
300015.SZ,20250630,医疗服务-眼后段手术,P,785217358.34,236241271.77,548976086.57,CNY
300015.SZ,20250630,医疗服务-眼前段手术,P,1030605368.03,408298359.65,622307008.38,CNY
300015.SZ,20250630,医疗服务-白内障手术,P,1781079385.42,647264942.66,1133814442.76,CNY
300015.SZ,20250630,医疗服务-屈光项目,P,4617647231.6,2591478552.79,2026168678.81,CNY
300015.SZ,20250630,医疗服务-准分子手术,P,4617647231.6,2591478552.79,2026168678.81,CNY
300015.SZ,20250630,其他病种项目,P,537358899.95,205911680.6,331447219.35,CNY
300015.SZ,20250630,其他业务,P,34953257.71,23723790.32,11229467.39,CNY
300015.SZ,20241231,视光服务,P,5278513872.53,2876164016.85,2402349855.68,CNY
300015.SZ,20241231,医疗服务-眼后段手术,P,1499480773.21,470287576.35,1029193196.86,CNY
300015.SZ,20241231,医疗服务-眼前段手术,P,1897935473.36,782199922.26,1115735551.1,CNY
300015.SZ,20241231,医疗服务-白内障手术,P,3489014474.9,1211596599.55,2277417875.35,CNY
300015.SZ,20241231,医疗服务-屈光项目,P,7602796756.44,4190036685.03,3412760071.41,CNY
300015.SZ,20241231,医疗服务-准分子手术,P,7602796756.44,4190036685.03,3412760071.41,CNY
300015.SZ,20241231,其他病种项目,P,1142322038.78,511885141.59,630436897.19,CNY
300015.SZ,20241231,其他业务,P,72830759.28,54175408.21,18655351.07,CNY
300015.SZ,20240630,视光服务,P,2371093513.93,1326569489.6,1044524024.33,CNY
300015.SZ,20240630,医疗服务-眼后段手术,P,720231126.4,220938798.32,499292328.08,CNY
300015.SZ,20240630,医疗服务-眼前段手术,P,911572476.88,369929944.03,541642532.85,CNY
300015.SZ,20240630,医疗服务-白内障手术,P,1735324851.5,650787518.22,1084537333.28,CNY
300015.SZ,20240630,医疗服务-屈光项目,P,4154704929.73,2376050289.46,1778654640.27,CNY
300015.SZ,20240630,医疗服务-准分子手术,P,4154704929.73,2376050289.46,1778654640.27,CNY
300015.SZ,20240630,其他病种项目,P,621760025.01,246422925.27,375337099.74,CNY
300015.SZ,20240630,其他业务,P,30542623.79,22869559.46,7673064.33,CNY
300034.SZ,20251231,铸造高温合金制品,P,2480284019.0,739888872.47,1740395146.53,CNY
300034.SZ,20251231,新型高温合金材料及制品,P,238749840.31,-22294743.89,261044584.2,CNY
300034.SZ,20251231,变形高温合金制品,P,955471029.85,149005733.73,806465296.12,CNY
300034.SZ,20251231,其他业务,P,22463718.42,12334260.34,10129458.08,CNY
300034.SZ,20250630,铸造高温合金制品,P,1259983595.78,398446731.48,861536864.3,CNY
300034.SZ,20250630,新型高温合金材料及制品,P,100759561.68,-29723091.27,130482652.95,CNY
300034.SZ,20250630,变形高温合金制品,P,448906014.96,69044251.22,379861763.74,CNY
300034.SZ,20250630,其他业务,P,6893964.26,-950482.59,7844446.85,CNY
300034.SZ,20241231,铸造高温合金制品,P,2491825033.67,873327499.03,1618497534.64,CNY
300034.SZ,20241231,新型高温合金材料及制品,P,262410271.79,64506782.23,197903489.56,CNY
300034.SZ,20241231,变形高温合金制品,P,750483879.18,172826904.61,577656974.57,CNY
300034.SZ,20241231,其他业务,P,19198233.61,4975742.63,14222490.98,CNY
300034.SZ,20240630,铸造高温合金制品,P,1242110770.76,428545603.03,813565167.73,CNY
300034.SZ,20240630,新型高温合金材料及制品,P,149206433.6,43040120.26,106166313.34,CNY
300034.SZ,20240630,变形高温合金制品,P,329908175.22,78868810.47,251039364.75,CNY
300034.SZ,20240630,其他业务,P,7735963.31,1164843.42,6571119.89,CNY
300035.SZ,20251231,连铸EMS,P,388741762.91,,,CNY
300035.SZ,20251231,起重磁力设备,P,32792790.26,,,CNY
300035.SZ,20251231,石墨电极,P,7776772650.39,1211224187.09,6565548463.3,CNY
300035.SZ,20251231,其他业务,P,211824059.67,-34481615.57,246305675.24,CNY
300035.SZ,20251231,中间包,P,57523327.45,,,CNY
300035.SZ,20250630,起重磁力设备,P,166379141.36,100842627.84,65536513.52,CNY
300035.SZ,20250630,石墨电极,P,3348489151.78,697644364.63,2650844787.15,CNY
300035.SZ,20250630,其他业务,P,97966216.84,-29167555.88,127133772.72,CNY
300035.SZ,20241231,连铸EMS,P,287468123.31,,,CNY
300035.SZ,20241231,起重磁力设备,P,59183425.93,,,CNY
300035.SZ,20241231,石墨电极,P,5011467535.25,999228909.74,4012238625.51,CNY
300035.SZ,20241231,其他主营业务,P,185081348.82,-24153204.34,209234553.16,CNY
300035.SZ,20241231,中间包,P,37849513.09,,,CNY
300035.SZ,20240630,锂离子电池用负极材料,P,2006714182.21,325777336.25,1680936845.96,CNY
300035.SZ,20240630,起重磁力设备,P,184167612.73,94774417.17,89393195.56,CNY
300035.SZ,20240630,石墨电极,P,2006714182.21,325777336.25,1680936845.96,CNY
300035.SZ,20240630,其他主营业务,P,72816415.65,1834740.57,70981675.08,CNY
300045.SZ,20251231,雷达信号处理,P,95065716.08,42494829.61,52570886.47,CNY
300045.SZ,20251231,机电仿真测试产品,P,155619843.58,42038285.28,113581558.3,CNY
300045.SZ,20251231,卫星服务,P,366955785.29,127005453.48,239950331.81,CNY
300045.SZ,20251231,其他主营业务,P,78663829.42,6005258.44,72658570.98,CNY
300045.SZ,20251231,其他业务,P,400491.7,184607.93,215883.77,CNY
300045.SZ,20251231,仿真应用开发及系统集成,P,84885304.58,14441074.59,70444229.99,CNY
300045.SZ,20250630,雷达通信及其仿真测试产品,P,35566380.87,16765453.88,18800926.99,CNY
300045.SZ,20250630,雷达信号处理,P,35566380.87,16765453.88,18800926.99,CNY
300045.SZ,20250630,轨道交通应用,P,4310727.29,663678.96,3647048.33,CNY
300045.SZ,20250630,机电仿真测试产品,P,72782742.14,20624929.54,52157812.6,CNY
300045.SZ,20250630,卫星服务,P,160559569.53,63747100.8,96812468.73,CNY
300045.SZ,20250630,卫星导航及其仿真测试产品,P,160559569.53,63747100.8,96812468.73,CNY
300045.SZ,20250630,仿真应用开发及系统集成,P,39906396.3,7995209.53,31911186.77,CNY
300045.SZ,20250630,代理及其他,P,19176533.07,1904498.6,17272034.47,CNY
300045.SZ,20241231,雷达通信及其仿真测试产品,P,59891665.31,26169348.02,33722317.29,CNY
300045.SZ,20241231,雷达信号处理,P,59891665.31,26169348.02,33722317.29,CNY
300045.SZ,20241231,轨道交通应用,P,23043630.98,241264.88,22802366.1,CNY
300045.SZ,20241231,机电仿真测试产品,P,118447238.59,32442637.8,86004600.79,CNY
300045.SZ,20241231,卫星服务,P,246740030.72,89728130.36,157011900.36,CNY
300045.SZ,20241231,卫星导航及其仿真测试产品,P,246740030.72,89728130.36,157011900.36,CNY
300045.SZ,20241231,其他主营业务,P,30904328.1,2736466.74,28167861.36,CNY
300045.SZ,20241231,其他业务,P,1258039.4,30219.61,1227819.79,CNY
300045.SZ,20241231,仿真应用开发及系统集成,P,66611307.92,10547128.3,56064179.62,CNY
300045.SZ,20240630,雷达通信及其仿真测试产品,P,48499826.61,22400763.28,26099063.33,CNY
300045.SZ,20240630,雷达信号处理,P,48499826.61,22400763.28,26099063.33,CNY
300045.SZ,20240630,轨道交通应用,P,9878938.91,466507.93,9412430.98,CNY
300045.SZ,20240630,机电仿真测试产品,P,41864881.32,11786204.08,30078677.24,CNY
300045.SZ,20240630,卫星服务,P,240008796.81,97368049.72,142640747.09,CNY
300045.SZ,20240630,卫星导航及其仿真测试产品,P,240008796.81,97368049.72,142640747.09,CNY
300045.SZ,20240630,其他业务,P,,,0.01,CNY
300045.SZ,20240630,仿真应用开发及系统集成,P,16138757.67,3044828.23,13093929.44,CNY
300045.SZ,20240630,代理及其他,P,11025866.5,722294.99,10303571.51,CNY
300101.SZ,20251231,集成电路业务,P,437973623.55,287389081.82,150584541.73,CNY
300101.SZ,20251231,机器感知与智能化产品,P,20132055.74,5363140.38,14768915.36,CNY
300101.SZ,20251231,智慧城市建设运营服务,P,145488368.8,36813846.99,108674521.81,CNY
300101.SZ,20251231,北斗导航综合应用,P,349063262.9,188607271.44,160455991.46,CNY
300101.SZ,20251231,其他业务,P,2441180.13,1316941.41,1124238.72,CNY
300101.SZ,20250630,集成电路业务,P,242661246.06,168274715.81,74386530.25,CNY
300101.SZ,20250630,机器感知与智能化产品,P,11766171.23,6671174.38,5094996.85,CNY
300101.SZ,20250630,智慧城市建设运营服务,P,54789993.71,16713693.87,38076299.84,CNY
300101.SZ,20250630,安防监控,P,54789993.71,16713693.87,38076299.84,CNY
300101.SZ,20250630,北斗终端及运营,P,171173741.45,105463488.77,65710252.68,CNY
300101.SZ,20250630,北斗导航综合应用,P,171173741.45,105463488.77,65710252.68,CNY
300101.SZ,20250630,其他业务,P,2734863.31,175359.03,2559504.28,CNY
300101.SZ,20241231,集成电路业务,P,379593156.8,233484057.43,146109099.37,CNY
300101.SZ,20241231,机器感知与智能化产品,P,37017858.49,19663077.67,17354780.82,CNY
300101.SZ,20241231,智慧城市建设运营服务,P,124304623.16,33138619.45,91166003.71,CNY
300101.SZ,20241231,安防监控,P,124304623.16,33138619.45,91166003.71,CNY
300101.SZ,20241231,北斗终端及运营,P,245850879.92,130082198.91,115768681.01,CNY
300101.SZ,20241231,北斗导航综合应用,P,245850879.92,130082198.91,115768681.01,CNY
300101.SZ,20241231,其他主营业务,P,10320726.33,5381800.38,4938925.95,CNY
300101.SZ,20240630,集成电路业务,P,187307822.59,128082379.63,59225442.96,CNY
300101.SZ,20240630,机器感知与智能化产品,P,11394338.41,6843783.8,4550554.61,CNY
300101.SZ,20240630,智慧城市建设运营服务,P,55194158.72,12443141.33,42751017.39,CNY
300101.SZ,20240630,安防监控,P,55194158.72,12443141.33,42751017.39,CNY
300101.SZ,20240630,北斗终端及运营,P,98825543.0,52622125.89,46203417.11,CNY
300101.SZ,20240630,北斗导航综合应用,P,98825543.0,52622125.89,46203417.11,CNY
300101.SZ,20240630,其他主营业务,P,1374862.75,1051782.74,323080.01,CNY
300124.SZ,20251231,通用自动化行业,P,22245401986.97,8958897627.85,13286504359.12,CNY
300124.SZ,20251231,新能源汽车动力系统,P,20322581832.31,3272164027.37,17050417804.94,CNY
300124.SZ,20251231,新能源汽车&轨道交通类,P,20322581832.31,3272164027.37,17050417804.94,CNY
300124.SZ,20251231,新兴产业,P,1795019255.76,519018070.18,1276001185.58,CNY
300124.SZ,20251231,工业自动化与数字化,P,22245401986.97,8958897627.85,13286504359.12,CNY
300124.SZ,20251231,其他主营业务,P,741841125.09,309825627.49,432015497.6,CNY
300124.SZ,20250630,通用自动化行业,P,8806785536.96,3919707954.74,4887077582.22,CNY
300124.SZ,20250630,电驱&电源系统、牵引系统,P,9265549630.72,1617070827.92,7648478802.8,CNY
300124.SZ,20250630,电梯电气系统,P,2306587383.78,562384196.69,1744203187.09,CNY
300124.SZ,20250630,智慧电梯电气类,P,2306587383.78,562384196.69,1744203187.09,CNY
300124.SZ,20250630,新能源汽车&轨道交通类,P,9265549630.72,1617070827.92,7648478802.8,CNY
300124.SZ,20250630,其他主营业务,P,130435231.53,99997969.81,30437261.72,CNY
300124.SZ,20241231,通用自动化行业,P,15242986575.24,6406006806.58,8836979768.66,CNY
300124.SZ,20241231,电驱&电源系统、牵引系统,P,16642495328.14,2849825078.97,13792670249.17,CNY
300124.SZ,20241231,电梯电气系统,P,4939466672.67,1277209656.26,3662257016.41,CNY
300124.SZ,20241231,智慧电梯电气类,P,4939466672.67,1277209656.26,3662257016.41,CNY
300124.SZ,20241231,新能源汽车&轨道交通类,P,16642495328.14,2849825078.97,13792670249.17,CNY
300124.SZ,20241231,其他主营业务,P,216003562.67,98506915.28,117496647.39,CNY
300124.SZ,20240630,通用自动化行业,P,7519849497.94,3331887016.45,4187962481.49,CNY
300124.SZ,20240630,电驱&电源系统、牵引系统,P,6229477414.99,1135656104.95,5093821310.04,CNY
300124.SZ,20240630,电梯电气系统,P,2331081468.91,618183966.29,1712897502.62,CNY
300124.SZ,20240630,智慧电梯电气类,P,2331081468.91,618183966.29,1712897502.62,CNY
300124.SZ,20240630,新能源汽车&轨道交通类,P,6229477414.99,1135656104.95,5093821310.04,CNY
300124.SZ,20240630,其他主营业务,P,102926095.46,55972432.07,46953663.39,CNY
300161.SZ,20251231,特种装备,P,69031841.72,,,CNY
300161.SZ,20251231,机器人与智能产线,P,533406066.47,128790997.22,404615069.25,CNY
300161.SZ,20251231,新能源汽车配套,P,10907901.64,,,CNY
300161.SZ,20251231,数控系统与机床,P,901434144.25,385454555.2,515979589.05,CNY
300161.SZ,20251231,其他主营业务,P,49500578.89,,,CNY
300161.SZ,20250630,机器人与智能产线,P,156552495.87,28948119.53,127604376.34,CNY
300161.SZ,20250630,机器人,P,156552495.87,28948119.53,127604376.34,CNY
300161.SZ,20250630,数控系统与机床,P,363147459.87,150899091.65,212248368.22,CNY
300161.SZ,20250630,其他业务,P,34361058.9,16748447.07,17612611.83,CNY
300161.SZ,20241231,特种装备,P,53914923.07,,,CNY
300161.SZ,20241231,机器人与智能产线,P,711240280.81,146723785.18,564516495.63,CNY
300161.SZ,20241231,机器人,P,711240280.81,146723785.18,564516495.63,CNY
300161.SZ,20241231,新能源汽车配套,P,10916921.69,,,CNY
300161.SZ,20241231,新能源汽车配件,P,10916921.69,,,CNY
300161.SZ,20241231,数控系统与机床,P,979458808.81,406136316.46,573322492.35,CNY
300161.SZ,20241231,其他主营业务,P,26904410.6,,,CNY
300161.SZ,20240630,机器人与智能产线,P,204147257.03,44940539.95,159206717.08,CNY
300161.SZ,20240630,机器人,P,204147257.03,44940539.95,159206717.08,CNY
300161.SZ,20240630,数控系统与机床,P,383232753.38,156335579.79,226897173.59,CNY
300161.SZ,20240630,其他业务,P,41565459.13,17278003.45,24287455.68,CNY
300224.SZ,20251231,钕铁硼永磁材料,P,7027068372.47,915325224.68,6111743147.79,CNY
300224.SZ,20251231,新能源汽车电机驱动系统,P,4022781.7,1948789.61,2073992.09,CNY
300224.SZ,20250630,钕铁硼永磁材料,P,3053264337.16,367676345.87,2685587991.29,CNY
300224.SZ,20250630,其他业务,P,4173072.9,1260417.62,2912655.28,CNY
300224.SZ,20241231,钕铁硼永磁材料,P,5493555529.15,779206273.41,4714349255.74,CNY
300224.SZ,20241231,新能源汽车电机驱动系统,P,45594188.67,-28880733.04,74474921.71,CNY
300224.SZ,20240630,钕铁硼永磁材料,P,2520698338.7,414575602.36,2106122736.34,CNY
300224.SZ,20240630,新能源汽车电机驱动系统,P,18317095.57,-2725655.33,21042750.9,CNY
300238.SZ,20251231,脑膜建—生物型硬脑(脊)膜补片,P,67548430.0,61858863.6,5689566.4,CNY
300238.SZ,20251231,胸普外科修补膜,P,35816917.37,,,CNY
300238.SZ,20251231,细胞技术服务,P,31685397.81,,,CNY
300238.SZ,20251231,本维莫德,P,57875163.56,48929455.98,8945707.58,CNY
300238.SZ,20251231,服务业及其他,P,14905234.46,3625965.46,11279269.0,CNY
300238.SZ,20251231,其他医疗器械,P,8037465.68,,,CNY
300238.SZ,20251231,代理产品,P,97859912.2,53369009.29,44490902.91,CNY
300238.SZ,20251231,B型硬脑(脊)膜补片,P,74021246.82,67004723.99,7016522.83,CNY
300238.SZ,20250630,药品,P,30556309.52,25343762.31,5212547.21,CNY
300238.SZ,20250630,脑膜建—生物型硬脑(脊)膜补片,P,36389219.7,34009144.34,2380075.36,CNY
300238.SZ,20250630,本维莫德,P,30556309.52,25343762.31,5212547.21,CNY
300238.SZ,20250630,其他业务,P,47352471.76,36127275.31,11225196.45,CNY
300238.SZ,20250630,代理产品,P,48521561.17,26694427.27,21827133.9,CNY
300238.SZ,20250630,B型硬脑(脊)膜补片,P,38050085.83,34608547.67,3441538.16,CNY
300238.SZ,20241231,药品,P,37005568.41,31097020.09,5908548.32,CNY
300238.SZ,20241231,脑膜建—生物型硬脑(脊)膜补片,P,74771668.37,67707321.46,7064346.91,CNY
300238.SZ,20241231,胸普外科修补膜,P,38986275.95,35497768.26,3488507.69,CNY
300238.SZ,20241231,细胞技术服务,P,39483872.32,32171523.22,7312349.1,CNY
300238.SZ,20241231,本维莫德,P,37005568.41,31097020.09,5908548.32,CNY
300238.SZ,20241231,服务业及其他,P,13342133.95,,,CNY
300238.SZ,20241231,无菌生物护创膜,P,13350985.75,,,CNY
300238.SZ,20241231,护肤品,P,623040.33,,,CNY
300238.SZ,20241231,代理产品,P,86691457.03,53210581.46,33480875.57,CNY
300238.SZ,20241231,乳房补片,P,1086160.18,,,CNY
300238.SZ,20241231,B型硬脑(脊)膜补片,P,72141941.51,64842169.13,7299772.38,CNY
300238.SZ,20240630,药品,P,23939699.06,20094444.19,3845254.87,CNY
300238.SZ,20240630,脑膜建—生物型硬脑(脊)膜补片,P,35903764.97,32541370.31,3362394.66,CNY
300238.SZ,20240630,细胞技术服务,P,21267118.51,17288317.65,3978800.86,CNY
300238.SZ,20240630,本维莫德,P,23939699.06,20094444.19,3845254.87,CNY
300238.SZ,20240630,其他业务,P,32419535.92,23376669.75,9042866.17,CNY
300238.SZ,20240630,代理产品,P,43026762.29,25680577.06,17346185.23,CNY
300238.SZ,20240630,B型硬脑(脊)膜补片,P,33141300.86,28636979.68,4504321.18,CNY
300274.SZ,20251231,新能源建设开发,P,16559405664.57,2400959103.05,14158446561.52,CNY
300274.SZ,20251231,其他主营业务,P,2622053080.97,757608583.57,1864444497.4,CNY
300274.SZ,20251231,其他业务,P,270585326.5,139726269.17,130859057.33,CNY
300274.SZ,20251231,光伏逆变器等电力转换设备,P,31136227796.45,10793116403.15,20343111393.3,CNY
300274.SZ,20251231,光伏电站发电收入,P,1309506910.8,693014610.68,616492300.12,CNY
300274.SZ,20251231,储能系统,P,37286578546.48,13604473057.99,23682105488.49,CNY
300274.SZ,20250630,电站系统集成(不含自制产品),P,8397881016.13,1516396030.12,6881484986.01,CNY
300274.SZ,20250630,新能源建设开发,P,8397881016.13,1516396030.12,6881484986.01,CNY
300274.SZ,20250630,其他主营业务,P,1243955915.41,,,CNY
300274.SZ,20250630,光伏逆变器等电力转换设备,P,15327462208.16,5478776677.67,9848685530.49,CNY
300274.SZ,20250630,光伏电站发电收入,P,761047718.0,,,CNY
300274.SZ,20250630,储能系统,P,17802777589.48,7106568156.25,10696209433.23,CNY
300274.SZ,20241231,电站系统集成(不含自制产品),P,21003004297.89,4074588696.68,16928415601.21,CNY
300274.SZ,20241231,新能源建设开发,P,21003004297.89,4074588696.68,16928415601.21,CNY
300274.SZ,20241231,其他主营业务,P,1475911871.56,370500711.65,1105411159.91,CNY
300274.SZ,20241231,其他业务,P,152832784.15,,,CNY
300274.SZ,20241231,光伏逆变器等电力转换设备,P,29127038840.9,8999033317.6,20128005523.3,CNY
300274.SZ,20241231,光伏电站发电收入,P,1139013042.32,592563510.17,546449532.15,CNY
300274.SZ,20241231,储能系统,P,24959166127.81,9158312836.43,15800853291.38,CNY
300274.SZ,20240630,电站系统集成(不含自制产品),P,8954969390.44,1511563346.51,7443406043.93,CNY
300274.SZ,20240630,新能源建设开发,P,8954969390.44,1511563346.51,7443406043.93,CNY
300274.SZ,20240630,其他主营业务,P,678513524.27,,,CNY
300274.SZ,20240630,光伏逆变器等电力转换设备,P,13093202907.79,4926195229.06,8167007678.73,CNY
300274.SZ,20240630,光伏电站发电收入,P,477311457.58,,,CNY
300274.SZ,20240630,储能系统,P,7815767722.43,3132737698.38,4683030024.05,CNY
300285.SZ,20251231,精密陶瓷板块,P,416936256.03,,,CNY
300285.SZ,20251231,电子材料板块,P,693454728.24,239174652.51,454280075.73,CNY
300285.SZ,20251231,生物医疗材料板块,P,929752051.24,476133072.2,453618979.04,CNY
300285.SZ,20251231,新能源材料,P,505590536.93,139597688.0,365992848.93,CNY
300285.SZ,20251231,数码打印及其他材料板块-建筑陶瓷,P,1016797845.68,322034596.22,694763249.46,CNY
300285.SZ,20251231,催化材料板块,P,953723110.09,393084266.41,560638843.68,CNY
300285.SZ,20250630,电子材料板块,P,344379492.89,113553666.36,230825826.53,CNY
300285.SZ,20250630,生物医疗材料板块,P,437999381.51,228560837.9,209438543.61,CNY
300285.SZ,20250630,新能源材料,P,216800010.25,45945920.7,170854089.55,CNY
300285.SZ,20250630,数码打印及其他材料板块-建筑陶瓷,P,483720432.38,181014819.53,302705612.85,CNY
300285.SZ,20250630,其他材料板块-建筑陶瓷材料,P,483720432.38,181014819.53,302705612.85,CNY
300285.SZ,20250630,其他业务,P,215405156.77,65367554.46,150037602.31,CNY
300285.SZ,20250630,催化材料板块,P,456016435.36,190629373.81,265387061.55,CNY
300285.SZ,20241231,精密陶瓷板块,P,351074317.4,,,CNY
300285.SZ,20241231,电子材料板块,P,623753115.01,226376217.49,397376897.52,CNY
300285.SZ,20241231,生物医疗材料板块,P,910500916.23,516015189.99,394485726.24,CNY
300285.SZ,20241231,新能源材料,P,403916847.1,,,CNY
300285.SZ,20241231,其他材料板块-建筑陶瓷材料,P,913940995.37,344518233.9,569422761.47,CNY
300285.SZ,20241231,催化材料板块,P,786680951.02,314835908.76,471845042.26,CNY
300285.SZ,20240630,电子材料板块,P,278511579.97,99108103.44,179403476.53,CNY
300285.SZ,20240630,生物医疗材料板块,P,438482237.72,253904958.4,184577279.32,CNY
300285.SZ,20240630,其他材料板块-建筑陶瓷材料,P,471517245.62,170680285.26,300836960.36,CNY
300285.SZ,20240630,其他业务,P,358981023.2,78681708.65,280299314.55,CNY
300285.SZ,20240630,催化材料板块,P,405918485.18,176818428.68,229100056.5,CNY
300296.SZ,20251231,智能显示,P,6013866915.86,1822152002.04,4191714913.82,CNY
300296.SZ,20251231,文旅夜游,P,715249183.1,198009527.69,517239655.41,CNY
300296.SZ,20251231,其他业务,P,18017156.91,12622388.43,5394768.48,CNY
300296.SZ,20251231,AI与空间计算,P,316553926.71,186260694.85,130293231.86,CNY
300296.SZ,20250630,智能显示,P,3069798577.92,800387310.61,2269411267.31,CNY
300296.SZ,20250630,文旅夜游,P,284647367.4,66028300.89,218619066.51,CNY
300296.SZ,20250630,其他业务,P,7676556.58,4801452.58,2875104.0,CNY
300296.SZ,20250630,VR体验,P,148209636.11,76029214.97,72180421.14,CNY
300296.SZ,20250630,AI与空间计算,P,148209636.11,76029214.97,72180421.14,CNY
300296.SZ,20241231,智能显示,P,6108627642.41,1692075608.73,4416552033.68,CNY
300296.SZ,20241231,文旅夜游,P,709559642.21,126244255.62,583315386.59,CNY
300296.SZ,20241231,其他业务,P,24875092.04,13917054.58,10958037.46,CNY
300296.SZ,20241231,VR体验,P,306613678.37,176640811.78,129972866.59,CNY
300296.SZ,20241231,AI与空间计算,P,306613678.37,176640811.78,129972866.59,CNY
300296.SZ,20240630,智能显示,P,3179234758.79,821104861.21,2358129897.58,CNY
300296.SZ,20240630,文旅夜游,P,274882106.37,58118620.2,216763486.17,CNY
300296.SZ,20240630,其他业务,P,177221120.11,114146688.58,63074431.53,CNY
300308.SZ,20251231,高端光通讯收发模块,P,37456518745.9,15958896400.79,21497622345.11,CNY
300308.SZ,20251231,其他主营业务,P,783416894.77,115502113.11,667914781.66,CNY
300308.SZ,20250630,高端光通讯收发模块,P,14431741404.73,5766695271.39,8665046133.34,CNY
300308.SZ,20250630,汽车光电子,P,257839199.05,51409115.52,206430083.53,CNY
300308.SZ,20250630,光组件,P,99494234.02,-1996388.87,101490622.89,CNY
300308.SZ,20241231,高端光通讯收发模块,P,22885756727.93,7929414906.46,14956341821.47,CNY
300308.SZ,20241231,汽车光电子,P,761914863.22,128869215.39,633045647.83,CNY
300308.SZ,20241231,光组件,P,214488147.22,8309012.05,206179135.17,CNY
300308.SZ,20240630,高端光通讯收发模块,P,10519530532.94,3525139339.84,6994391193.1,CNY
300308.SZ,20240630,汽车光电子,P,279063652.81,52680962.25,226382690.56,CNY
300346.SZ,20251231,特种气体,P,1535531333.17,564186929.88,971344403.29,CNY
300346.SZ,20251231,其他主营业务,P,210447444.5,53231838.49,157215606.01,CNY
300346.SZ,20251231,其他业务,P,125637673.64,43760959.06,81876714.58,CNY
300346.SZ,20251231,MO源产品,P,713846189.87,363194627.85,350651562.02,CNY
300346.SZ,20250630,电子特气,P,748987456.87,264423008.71,484564448.16,CNY
300346.SZ,20250630,特种气体,P,748987456.87,264423008.71,484564448.16,CNY
300346.SZ,20250630,其他主营业务,P,86301725.69,21707506.48,64594219.21,CNY
300346.SZ,20250630,其他业务,P,51960946.58,18022907.6,33938038.98,CNY
300346.SZ,20250630,MO源产品,P,341622486.2,172081574.13,169540912.07,CNY
300346.SZ,20241231,电子特气,P,1506352894.03,601731604.79,904621289.24,CNY
300346.SZ,20241231,特种气体,P,1506352894.03,601731604.79,904621289.24,CNY
300346.SZ,20241231,其他主营业务,P,144659524.44,34734733.02,109924791.42,CNY
300346.SZ,20241231,其他业务,P,122659520.75,50594866.43,72064654.32,CNY
300346.SZ,20241231,MO源产品,P,578214986.61,281083816.32,297131170.29,CNY
300346.SZ,20240630,电子特气,P,716092989.3,333072311.13,383020678.17,CNY
300346.SZ,20240630,特种气体,P,716092989.3,333072311.13,383020678.17,CNY
300346.SZ,20240630,其他主营业务,P,74581937.56,20214901.28,54367036.28,CNY
300346.SZ,20240630,其他业务,P,58225171.11,25794526.37,32430644.74,CNY
300346.SZ,20240630,MO源产品,P,273594862.36,132557426.97,141037435.39,CNY
300378.SZ,20251231,自研数智软件产品,P,701612904.98,,,CNY
300378.SZ,20251231,数智技术服务,P,1160399291.67,594641566.63,565757725.04,CNY
300378.SZ,20251231,数智一体化软硬件解决方案,P,571064606.11,128260583.61,442804022.5,CNY
300378.SZ,20250630,自研数智软件产品,P,293758716.92,,,CNY
300378.SZ,20250630,数智技术服务,P,500467418.85,260819883.41,239647535.44,CNY
300378.SZ,20250630,数智一体化软硬件解决方案,P,250702610.27,54808584.02,195894026.25,CNY
300378.SZ,20250630,技术服务,P,500467418.85,260819883.41,239647535.44,CNY
300378.SZ,20250630,ERP相关产品-自制ERP软件,P,293758716.92,,,CNY
300378.SZ,20250630,ERP相关产品-外购软硬件,P,250702610.27,54808584.02,195894026.25,CNY
300378.SZ,20241231,自研数智软件产品,P,662352824.1,,,CNY
300378.SZ,20241231,数智技术服务,P,1113713087.03,560629596.18,553083490.85,CNY
300378.SZ,20241231,数智一体化软硬件解决方案,P,554606974.57,134737060.8,419869913.77,CNY
300378.SZ,20241231,技术服务,P,1113713087.03,560629596.18,553083490.85,CNY
300378.SZ,20241231,ERP相关产品-自制ERP软件,P,662352824.1,,,CNY
300378.SZ,20241231,ERP相关产品-外购软硬件,P,554606974.57,134737060.8,419869913.77,CNY
300378.SZ,20240630,自研数智软件产品,P,262706726.51,,,CNY
300378.SZ,20240630,数智技术服务,P,482668685.45,262211412.9,220457272.55,CNY
300378.SZ,20240630,数智一体化软硬件解决方案,P,258571219.2,51698645.14,206872574.06,CNY
300378.SZ,20240630,技术服务,P,482668685.45,262211412.9,220457272.55,CNY
300378.SZ,20240630,ERP相关产品-自制ERP软件,P,262706726.51,,,CNY
300378.SZ,20240630,ERP相关产品-外购软硬件,P,258571219.2,51698645.14,206872574.06,CNY
300381.SZ,20251231,饲料,P,58606725.78,25566136.73,33040589.05,CNY
300381.SZ,20251231,生物能源用酶制剂,P,684796504.98,301417291.89,383379213.09,CNY
300381.SZ,20251231,植物提取物,P,78971006.62,48312661.19,30658345.43,CNY
300381.SZ,20251231,其他收入,P,9881421.31,2739476.99,7141944.32,CNY
300381.SZ,20250630,饲料,P,28117941.92,13858274.51,14259667.41,CNY
300381.SZ,20250630,生物能源用酶制剂,P,348341528.64,155060954.53,193280574.11,CNY
300381.SZ,20250630,植物提取物,P,34598451.69,21770509.0,12827942.69,CNY
300381.SZ,20250630,其他收入,P,3951694.39,481422.98,3470271.41,CNY
300381.SZ,20250630,其他业务,P,-0.01,,,CNY
300381.SZ,20241231,饲料,P,43540380.08,19980316.45,23560063.63,CNY
300381.SZ,20241231,生物能源用酶制剂,P,690462299.35,294138844.33,396323455.02,CNY
300381.SZ,20241231,植物提取物,P,86272228.19,54182247.98,32089980.21,CNY
300381.SZ,20241231,其他收入,P,5926308.29,1188926.52,4737381.77,CNY
300381.SZ,20240630,饲料,P,20147480.79,8336152.69,11811328.1,CNY
300381.SZ,20240630,生物能源用酶制剂,P,324415154.77,156128102.74,168287052.03,CNY
300381.SZ,20240630,植物提取物,P,34084756.23,20328645.24,13756110.99,CNY
300381.SZ,20240630,其他收入,P,18578195.4,1055227.43,17522967.97,CNY
300421.SZ,20251231,钢球,P,943674981.56,148528257.17,795146724.39,CNY
300421.SZ,20251231,滚子,P,146116070.05,25397025.95,120719044.1,CNY
300421.SZ,20251231,其他业务,P,19274030.16,8796236.94,10477793.22,CNY
300421.SZ,20250630,陶瓷球,P,76508.3,51423.78,25084.52,CNY
300421.SZ,20250630,钢球,P,454824522.44,74802483.19,380022039.25,CNY
300421.SZ,20250630,滚子,P,70911227.27,13441098.64,57470128.63,CNY
300421.SZ,20250630,废料销售,P,3119472.85,,,CNY
300421.SZ,20250630,加工、包装服务,P,6138522.42,243079.16,5895443.26,CNY
300421.SZ,20250630,其他主营业务,P,16386.67,1408.14,14978.53,CNY
300421.SZ,20241231,钢球,P,896237116.39,142132811.96,754104304.43,CNY
300421.SZ,20241231,滚子,P,123079506.41,23526933.05,99552573.36,CNY
300421.SZ,20241231,其他业务,P,25253136.6,10509634.96,14743501.64,CNY
300421.SZ,20240630,钢球,P,441467488.38,76929084.62,364538403.76,CNY
300421.SZ,20240630,滚子,P,56456029.4,12418891.36,44037138.04,CNY
300421.SZ,20240630,废料销售,P,4106130.44,,,CNY
300421.SZ,20240630,加工、包装服务,P,9837859.31,1923969.74,7913889.57,CNY
300421.SZ,20240630,其他业务收入,P,26866.6,-3267.38,30133.98,CNY
300421.SZ,20240630,其他业务,P,26866.6,-3267.38,30133.98,CNY
300471.SZ,20251231,航空零部件,P,57400381.88,10819674.61,46580707.27,CNY
300471.SZ,20251231,工程、设计收入,P,207029491.44,15960734.38,191068757.06,CNY
300471.SZ,20251231,其他业务,P,21650551.18,9913393.24,11737157.94,CNY
300471.SZ,20251231,专用设备制造,P,792777163.23,280874532.03,511902631.2,CNY
300471.SZ,20250630,航空零部件,P,23484464.33,4693404.39,18791059.94,CNY
300471.SZ,20250630,工程、设计收入,P,20649524.97,2455655.95,18193869.02,CNY
300471.SZ,20250630,其他业务,P,14530858.72,7542429.24,6988429.48,CNY
300471.SZ,20250630,专用设备制造,P,333509781.83,116872816.35,216636965.48,CNY
300471.SZ,20241231,航空零部件,P,46844277.54,6314466.04,40529811.5,CNY
300471.SZ,20241231,工程、设计收入,P,91865825.69,8315357.09,83550468.6,CNY
300471.SZ,20241231,其他业务,P,12541771.87,-1213201.08,13754972.95,CNY
300471.SZ,20241231,专用设备制造,P,479089619.4,141169669.47,337919949.93,CNY
300471.SZ,20240630,航空零部件,P,7541411.56,884797.33,6656614.23,CNY
300471.SZ,20240630,工程、设计收入,P,15555952.59,2720587.81,12835364.78,CNY
300471.SZ,20240630,其他业务,P,5404647.86,3319014.55,2085633.31,CNY
300471.SZ,20240630,专用设备制造,P,169980904.01,57417091.96,112563812.05,CNY
300476.SZ,20251231,其他业务,P,1208624169.98,1024038122.82,184586047.16,CNY
300476.SZ,20251231,PCB制造,P,18083689287.38,5771386042.67,12312303244.71,CNY
300476.SZ,20241231,其他业务,P,680707518.35,643395300.29,37312218.06,CNY
300476.SZ,20241231,PCB制造,P,10050761971.53,1795267483.73,8255494487.8,CNY
300496.SZ,20251231,软件许可,P,190857510.67,156352772.13,34504738.54,CNY
300496.SZ,20251231,软件开发,P,2460289461.81,965960026.3,1494329435.51,CNY
300496.SZ,20251231,技术服务,P,2536458130.63,947876415.86,1588581714.77,CNY
300496.SZ,20251231,商品销售,P,2590438817.21,393152990.46,2197285826.75,CNY
300496.SZ,20250630,软件许可,P,74039982.21,58850299.32,15189682.89,CNY
300496.SZ,20250630,软件开发,P,1226569151.9,462465535.29,764103616.61,CNY
300496.SZ,20250630,技术服务,P,1035443275.15,383289797.7,652153477.45,CNY
300496.SZ,20250630,商品销售,P,963400669.83,189395558.86,774005110.97,CNY
300496.SZ,20241231,软件许可,P,118194595.03,95083125.26,23111469.77,CNY
300496.SZ,20241231,软件开发,P,1949059551.45,742341875.18,1206717676.27,CNY
300496.SZ,20241231,技术服务,P,2241897871.32,811682420.86,1430215450.46,CNY
300496.SZ,20241231,商品销售,P,1075484474.35,197044972.37,878439501.98,CNY
300496.SZ,20240630,软件许可,P,70910770.25,55194439.99,15716330.26,CNY
300496.SZ,20240630,软件开发,P,958308846.01,370332882.39,587975963.62,CNY
300496.SZ,20240630,技术服务,P,1001049809.39,385753273.4,615296535.99,CNY
300496.SZ,20240630,商品销售,P,370439890.82,72145202.1,298294688.72,CNY
300502.SZ,20251231,其他主营业务,P,70699163.34,32251078.74,38448084.6,CNY
300502.SZ,20251231,光互联产品,P,24771155676.88,11843553782.27,12927601894.61,CNY
300502.SZ,20250630,其他主营业务,P,27491711.12,7751477.44,19740233.68,CNY
300502.SZ,20250630,PON光模块,P,316612.97,-8385.83,324998.8,CNY
300502.SZ,20250630,4.25G以下,P,91264046.57,31342115.03,59921931.54,CNY
300502.SZ,20250630,4.25G以上,P,10318097894.84,4910880593.04,5407217301.8,CNY
300502.SZ,20241231,点对点光模块,P,8591708917.12,3856117598.89,4735591318.23,CNY
300502.SZ,20241231,其他主营业务,P,47792489.15,9914759.04,37877730.11,CNY
300502.SZ,20241231,PON光模块,P,7329728.05,606834.67,6722893.38,CNY
300502.SZ,20240630,其他主营业务,P,39607032.5,8849300.55,30757731.95,CNY
300502.SZ,20240630,PON光模块,P,1362957.71,406284.29,956673.42,CNY
300502.SZ,20240630,4.25G以下,P,75181286.17,35593559.63,39587726.54,CNY
300502.SZ,20240630,4.25G以上,P,2611523495.01,1129259676.71,1482263818.3,CNY
300503.SZ,20251231,运动控制产品,P,285257002.29,115187558.3,170069443.99,CNY
300503.SZ,20251231,转台、直线电机、减速器等功能部件,P,219880196.28,78997117.62,140883078.66,CNY
300503.SZ,20251231,其他业务,P,24660276.38,13860171.16,10800105.22,CNY
300503.SZ,20251231,主轴,P,1064937753.42,399703874.7,665233878.72,CNY
300503.SZ,20250630,运动控制产品,P,134241123.86,55602636.94,78638486.92,CNY
300503.SZ,20250630,转台、直线电机、减速器等功能部件,P,69358564.61,28643619.5,40714945.11,CNY
300503.SZ,20250630,转台,P,69358564.61,28643619.5,40714945.11,CNY
300503.SZ,20250630,机器人核心功能部件,P,12210321.45,-1852450.49,14062771.94,CNY
300503.SZ,20250630,导轨丝杆,P,23761309.26,4287582.45,19473726.81,CNY
300503.SZ,20250630,其他业务,P,9663987.67,8092227.37,1571760.3,CNY
300503.SZ,20250630,主轴整机,P,453987864.84,157244812.1,296743052.74,CNY
300503.SZ,20250630,主轴,P,453987864.84,157244812.1,296743052.74,CNY
300503.SZ,20241231,零配件及维修,P,114731831.44,29893322.81,84838508.63,CNY
300503.SZ,20241231,运动控制产品,P,313861399.81,120351901.4,193509498.41,CNY
300503.SZ,20241231,转台、直线电机、减速器等功能部件,P,183377535.06,62141377.06,121236158.0,CNY
300503.SZ,20241231,转台,P,183377535.06,62141377.06,121236158.0,CNY
300503.SZ,20241231,其他业务,P,11167201.69,2991263.37,8175938.32,CNY
300503.SZ,20241231,主轴整机,P,683554022.42,235471445.91,448082576.51,CNY
300503.SZ,20241231,主轴,P,683554022.42,235471445.91,448082576.51,CNY
300503.SZ,20240630,零配件及维修,P,54431772.94,12422370.09,42009402.85,CNY
300503.SZ,20240630,运动控制产品,P,164914066.41,66135858.48,98778207.93,CNY
300503.SZ,20240630,转台、直线电机、减速器等功能部件,P,89356155.96,32827411.15,56528744.81,CNY
300503.SZ,20240630,转台,P,89356155.96,32827411.15,56528744.81,CNY
300503.SZ,20240630,其他业务收入,P,4453289.41,3757572.27,695717.14,CNY
300503.SZ,20240630,其他业务,P,4453289.41,3757572.27,695717.14,CNY
300503.SZ,20240630,主轴整机,P,302549942.37,118424715.31,184125227.06,CNY
300503.SZ,20240630,主轴,P,302549942.37,118424715.31,184125227.06,CNY
300627.SZ,20251231,高精度定位装备,P,1684570818.06,998412910.81,686157907.25,CNY
300627.SZ,20251231,系统应用及解决方案,P,2014581290.41,1257171345.32,757409945.09,CNY
300627.SZ,20250630,高精度定位装备,P,908940006.48,492854000.23,416086006.25,CNY
300627.SZ,20250630,系统应用及解决方案,P,924431040.42,572966645.16,351464395.26,CNY
300627.SZ,20250630,数据采集设备,P,908940006.48,492854000.23,416086006.25,CNY
300627.SZ,20250630,数据应用及解决方案,P,924431040.42,572966645.16,351464395.26,CNY
300627.SZ,20241231,高精度定位装备,P,1334235659.88,820084183.03,514151476.85,CNY
300627.SZ,20241231,系统应用及解决方案,P,1916777745.3,1069741762.2,847035983.1,CNY
300627.SZ,20241231,数据采集设备,P,1334235659.88,820084183.03,514151476.85,CNY
300627.SZ,20241231,数据应用及解决方案,P,1916777745.3,1069741762.2,847035983.1,CNY
300627.SZ,20240630,高精度定位装备,P,902876699.09,537353932.03,365522767.06,CNY
300627.SZ,20240630,系统应用及解决方案,P,581208229.97,329899801.53,251308428.44,CNY
300627.SZ,20240630,数据采集设备,P,902876699.09,537353932.03,365522767.06,CNY
300627.SZ,20240630,数据应用及解决方案,P,581208229.97,329899801.53,251308428.44,CNY
300699.SZ,20251231,预浸料,P,237680703.05,54763318.03,182917385.02,CNY
300699.SZ,20251231,碳纤维及织物,P,1456958913.95,767322642.97,689636270.98,CNY
300699.SZ,20251231,碳梁,P,943381013.74,271625325.96,671755687.78,CNY
300699.SZ,20251231,制品和其他,P,209335676.71,40833388.37,168502288.34,CNY
300699.SZ,20251231,其他业务,P,12163383.63,3578713.7,8584669.93,CNY
300699.SZ,20250630,预浸料,P,111314350.36,27493687.56,83820662.8,CNY
300699.SZ,20250630,碳纤维及织物,P,635532890.38,383342405.74,252190484.64,CNY
300699.SZ,20250630,碳梁,P,369042867.77,91996793.3,277046074.47,CNY
300699.SZ,20250630,制品和其他,P,79047535.5,7227679.35,71819856.15,CNY
300699.SZ,20250630,其他业务,P,5858501.66,165800.94,5692700.72,CNY
300699.SZ,20241231,预浸料,P,233597781.52,83556089.69,150041691.83,CNY
300699.SZ,20241231,碳纤维及织物,P,1452055392.59,847585431.78,604469960.81,CNY
300699.SZ,20241231,碳梁,P,536501304.73,141403758.35,395097546.38,CNY
300699.SZ,20241231,制品和其他,P,220597322.38,40355258.86,180242063.52,CNY
300699.SZ,20241231,其他业务,P,7183076.05,2982043.71,4201032.34,CNY
300699.SZ,20240630,预浸料,P,117380983.91,39329280.42,78051703.49,CNY
300699.SZ,20240630,碳纤维及织物,P,682236294.07,399851790.17,282384503.9,CNY
300699.SZ,20240630,碳梁,P,249431113.73,55493591.86,193937521.87,CNY
300699.SZ,20240630,制品和其他,P,104078663.03,20903887.97,83174775.06,CNY
300699.SZ,20240630,其他业务,P,2955982.05,503166.43,2452815.62,CNY
300750.SZ,20251231,电池矿产资源,P,5978096000.0,672497000.0,5305599000.0,CNY
300750.SZ,20251231,电池材料及回收,P,21860936000.0,5961123000.0,15899813000.0,CNY
300750.SZ,20251231,动力电池系统,P,316506369000.0,75441972000.0,241064397000.0,CNY
300750.SZ,20251231,其他业务,P,16916613000.0,12566814000.0,4349799000.0,CNY
300750.SZ,20251231,储能系统,P,62439820000.0,16676131000.0,45763689000.0,CNY
300750.SZ,20250630,电池矿产资源,P,3361240000.0,304734000.0,3056506000.0,CNY
300750.SZ,20250630,电池材料及回收,P,7887379000.0,2083464000.0,5803915000.0,CNY
300750.SZ,20250630,动力电池系统,P,131572512000.0,29487257000.0,102085255000.0,CNY
300750.SZ,20250630,其他业务,P,7665078000.0,5640420000.0,2024658000.0,CNY
300750.SZ,20250630,储能系统,P,28400044000.0,7246775000.0,21153269000.0,CNY
300750.SZ,20241231,电池矿产资源,P,5493003000.0,468392000.0,5024611000.0,CNY
300750.SZ,20241231,电池材料及回收,P,28699935000.0,3017019000.0,25682916000.0,CNY
300750.SZ,20241231,动力电池系统,P,253041337000.0,60580055000.0,192461282000.0,CNY
300750.SZ,20241231,其他业务,P,17487819000.0,9051672000.0,8436147000.0,CNY
300750.SZ,20241231,储能系统,P,57290460000.0,15376457000.0,41914003000.0,CNY
300750.SZ,20240630,电池矿产资源,P,2628858900.0,205368800.0,2423490100.0,CNY
300750.SZ,20240630,电池材料及回收,P,14333006600.0,1176280200.0,13156726400.0,CNY
300750.SZ,20240630,动力电池系统,P,112648720900.0,30299783100.0,82348937800.0,CNY
300750.SZ,20240630,其他业务,P,8331532500.0,4244603100.0,4086929400.0,CNY
300750.SZ,20240630,储能系统,P,28824714700.0,8322949600.0,20501765100.0,CNY
300753.SZ,20251231,鼻腔护理类产品,P,112704704.34,88982875.24,23721829.1,CNY
300753.SZ,20251231,疼痛管理类产品,P,205569777.34,140400772.97,65169004.37,CNY
300753.SZ,20251231,其他主营业务,P,21094727.45,3251776.35,17842951.1,CNY
300753.SZ,20251231,其他业务,P,2648292.39,1437647.82,1210644.57,CNY
300753.SZ,20250630,鼻腔护理类产品,P,46800199.6,34592353.91,12207845.69,CNY
300753.SZ,20250630,疼痛管理类产品,P,95065989.54,64299183.08,30766806.46,CNY
300753.SZ,20250630,其他主营业务,P,17300499.44,1737067.5,15563431.94,CNY
300753.SZ,20241231,鼻腔护理类产品,P,123381551.94,96279211.03,27102340.91,CNY
300753.SZ,20241231,疼痛管理类产品,P,248425846.56,174937192.0,73488654.56,CNY
300753.SZ,20241231,其他主营业务,P,30496803.68,4368170.74,26128632.94,CNY
300753.SZ,20241231,其他业务,P,1498043.39,687708.09,810335.3,CNY
300753.SZ,20240630,鼻腔护理类产品,P,56410097.04,43166948.48,13243148.56,CNY
300753.SZ,20240630,疼痛管理类产品,P,106917591.45,76169565.84,30748025.61,CNY
300753.SZ,20240630,其他主营业务,P,16137552.25,3045832.93,13091719.32,CNY
300760.SZ,20251231,生命信息与支持类产品,P,9836723709.0,5840262705.0,3996461004.0,CNY
300760.SZ,20251231,新兴业务,P,5377961114.0,3428073851.0,1949887263.0,CNY
300760.SZ,20251231,医学影像类产品,P,5716705579.0,3604454438.0,2112251141.0,CNY
300760.SZ,20251231,其他业务,P,110112092.0,62133290.0,47978802.0,CNY
300760.SZ,20251231,体外诊断类产品,P,12240656910.0,7139396948.0,5101259962.0,CNY
300760.SZ,20250630,电生理与血管介入类产品,P,1213804907.0,872887139.0,340917768.0,CNY
300760.SZ,20250630,生命信息与支持类产品,P,5479233254.0,3318059950.0,2161173304.0,CNY
300760.SZ,20250630,医学影像类产品,P,3312210655.0,2155402975.0,1156807680.0,CNY
300760.SZ,20250630,其他主营业务,P,261917908.0,125103929.0,136813979.0,CNY
300760.SZ,20250630,其他业务,P,52058321.0,31142469.0,20915852.0,CNY
300760.SZ,20250630,体外诊断类产品,P,6423778809.0,3822388585.0,2601390224.0,CNY
300760.SZ,20241231,电生理与血管介入类产品,P,1438668010.0,942613233.0,496054777.0,CNY
300760.SZ,20241231,生命信息与支持类产品,P,13557440254.0,8480376343.0,5077063911.0,CNY
300760.SZ,20241231,医学影像类产品,P,7497547094.0,5012264007.0,2485283087.0,CNY
300760.SZ,20241231,其他主营业务,P,365435994.0,153401387.0,212034607.0,CNY
300760.SZ,20241231,其他业务,P,101678421.0,54366002.0,47312419.0,CNY
300760.SZ,20241231,体外诊断类产品,P,13764979775.0,8535209192.0,5229770583.0,CNY
300760.SZ,20240630,电生理与血管介入类产品,P,373826044.0,257354180.0,116471864.0,CNY
300760.SZ,20240630,生命信息与支持类产品,P,8009070294.0,5295888736.0,2713181558.0,CNY
300760.SZ,20240630,医学影像类产品,P,4274367732.0,2974347255.0,1300020477.0,CNY
300760.SZ,20240630,其他主营业务,P,176469392.0,72986724.0,103482668.0,CNY
300760.SZ,20240630,其他业务,P,39293694.0,25430484.0,13863210.0,CNY
300760.SZ,20240630,体外诊断类产品,P,7657569643.0,4976188319.0,2681381324.0,CNY
300829.SZ,20251231,副产品,P,162088156.49,76048230.26,86039926.23,CNY
300829.SZ,20251231,其他主营业务,P,130541296.35,2330561.2,128210735.15,CNY
300829.SZ,20251231,乳酸盐,P,329065356.69,109614739.4,219450617.29,CNY
300829.SZ,20251231,乳酸,P,992429234.23,171207976.16,821221258.07,CNY
300829.SZ,20250630,糖化渣,P,73071385.84,34771311.26,38300074.58,CNY
300829.SZ,20250630,副产品,P,73071385.84,34771311.26,38300074.58,CNY
300829.SZ,20250630,其他主营业务,P,62106315.69,9092379.69,53013936.0,CNY
300829.SZ,20250630,乳酸盐,P,160587926.2,58075914.45,102512011.75,CNY
300829.SZ,20250630,乳酸,P,481312685.29,93756501.28,387556184.01,CNY
300829.SZ,20241231,糖化渣,P,127330864.51,57597364.92,69733499.59,CNY
300829.SZ,20241231,副产品,P,127330864.51,57597364.92,69733499.59,CNY
300829.SZ,20241231,其他主营业务,P,182776463.07,16852230.26,165924232.81,CNY
300829.SZ,20241231,乳酸盐,P,330453784.16,102153886.81,228299897.35,CNY
300829.SZ,20241231,乳酸,P,864799906.15,129373205.28,735426700.87,CNY
300829.SZ,20240630,糖化渣,P,58867714.62,20836632.47,38031082.15,CNY
300829.SZ,20240630,副产品,P,58867714.62,20836632.47,38031082.15,CNY
300829.SZ,20240630,其他主营业务,P,86973396.6,9077753.09,77895643.51,CNY
300829.SZ,20240630,乳酸盐,P,157137106.41,46080117.36,111056989.05,CNY
300829.SZ,20240630,乳酸,P,434050125.35,65518214.52,368531910.83,CNY
300900.SZ,20251231,航空辅助工具及其他,P,28819841.64,4564191.67,24255649.97,CNY
300900.SZ,20251231,航空航天零部件及无人机,P,592122229.88,113259044.73,478863185.15,CNY
300900.SZ,20251231,航空工装,P,392289066.07,58718092.42,333570973.65,CNY
300900.SZ,20250630,航空辅助工具及其他,P,5679580.73,103838.86,5575741.87,CNY
300900.SZ,20250630,航空航天零部件及无人机,P,333343057.53,108609077.72,224733979.81,CNY
300900.SZ,20250630,航空工装,P,237897177.92,70237967.63,167659210.29,CNY
300900.SZ,20241231,航空辅助工具及其他,P,13877835.49,6193110.82,7684724.67,CNY
300900.SZ,20241231,航空航天零部件及无人机,P,610902637.23,169764435.24,441138201.99,CNY
300900.SZ,20241231,航空工装,P,423347565.2,127465507.64,295882057.56,CNY
300900.SZ,20240630,航空辅助工具及其他,P,9966239.81,3884695.89,6081543.92,CNY
300900.SZ,20240630,航空航天零部件及无人机,P,208319499.36,88000074.3,120319425.06,CNY
300900.SZ,20240630,航空工装,P,237261885.2,77809607.08,159452278.12,CNY
301269.SZ,20251231,硬件、代理软件销售及其他,P,49181322.31,18211935.27,30969387.04,CNY
301269.SZ,20251231,技术服务,P,201282884.21,89851695.82,111431188.39,CNY
301269.SZ,20251231,EDA软件销售,P,1074512360.11,,,CNY
301269.SZ,20250630,软硬件代理销售,P,20163380.28,5988330.57,14175049.71,CNY
301269.SZ,20250630,硬件、代理软件销售及其他,P,20163380.28,5988330.57,14175049.71,CNY
301269.SZ,20250630,技术服务,P,67239359.36,26856058.36,40383301.0,CNY
301269.SZ,20250630,技术开发服务,P,67239359.36,26856058.36,40383301.0,CNY
301269.SZ,20250630,EDA软件销售,P,414134218.98,,,CNY
301269.SZ,20241231,软硬件代理销售,P,14962522.79,4041553.85,10920968.94,CNY
301269.SZ,20241231,硬件、代理软件销售及其他,P,14962522.79,4041553.85,10920968.94,CNY
301269.SZ,20241231,技术服务,P,115067691.18,44174190.57,70893500.61,CNY
301269.SZ,20241231,技术开发服务,P,115067691.18,44174190.57,70893500.61,CNY
301269.SZ,20241231,EDA软件销售,P,1092324229.5,,,CNY
301269.SZ,20240630,软硬件代理销售,P,5841874.85,1132798.26,4709076.59,CNY
301269.SZ,20240630,硬件、代理软件销售及其他,P,5841874.85,1132798.26,4709076.59,CNY
301269.SZ,20240630,技术服务,P,52380861.66,18891320.48,33489541.18,CNY
301269.SZ,20240630,技术开发服务,P,52380861.66,18891320.48,33489541.18,CNY
301269.SZ,20240630,EDA软件销售,P,385565296.7,,,CNY
600105.SH,20251231,超导及铜导体,P,861155456.17,114495696.29,746659759.88,CNY
600105.SH,20251231,电力工程,P,1384747883.35,128799857.68,1255948025.67,CNY
600105.SH,20251231,汽车线束,P,1922499179.44,238957229.65,1683541949.79,CNY
600105.SH,20251231,大数据应用服务,P,48360561.65,36213830.75,12146730.9,CNY
600105.SH,20251231,光通信,P,1070059811.41,215653257.79,854406553.62,CNY
600105.SH,20250630,铜导体,P,359629299.62,35364987.74,324264311.88,CNY
600105.SH,20250630,超导及铜导体,P,359629299.62,35364987.74,324264311.88,CNY
600105.SH,20250630,电力工程,P,677028920.78,64636459.43,612392461.35,CNY
600105.SH,20250630,汽车线束,P,782496883.51,114366289.3,668130594.21,CNY
600105.SH,20250630,大数据应用服务,P,13030808.55,11095027.99,1935780.56,CNY
600105.SH,20250630,光通信,P,427701043.64,81581303.77,346119739.87,CNY
600105.SH,20241231,铜导体,P,598156294.25,72385651.93,525770642.32,CNY
600105.SH,20241231,超导及铜导体,P,598156294.25,72385651.93,525770642.32,CNY
600105.SH,20241231,电力工程,P,1040723506.21,198684555.43,842038950.78,CNY
600105.SH,20241231,汽车线束,P,1247230108.25,183809293.06,1063420815.19,CNY
600105.SH,20241231,大数据应用服务,P,59309278.76,36739313.4,22569965.36,CNY
600105.SH,20241231,光通信,P,1165741648.48,190878505.89,974863142.59,CNY
600105.SH,20240630,铜导体,P,231091058.59,31352519.42,199738539.17,CNY
600105.SH,20240630,超导及铜导体,P,231091058.59,31352519.42,199738539.17,CNY
600105.SH,20240630,电力工程,P,579592062.81,127143657.9,452448404.91,CNY
600105.SH,20240630,汽车线束,P,507450097.1,84427492.58,423022604.52,CNY
600105.SH,20240630,大数据应用服务,P,14511941.36,7369012.57,7142928.79,CNY
600105.SH,20240630,其他业务,P,37036774.26,18525662.19,18511112.07,CNY
600105.SH,20240630,光通信,P,451800427.75,55422608.29,396377819.46,CNY
600118.SH,20251231,租赁收入,P,35036155.41,21024505.98,14011649.43,CNY
600118.SH,20251231,材料销售,P,21009555.54,20999526.83,10028.71,CNY
600118.SH,20251231,卫星研制及卫星应用,P,6046899215.05,497471763.11,5549427451.94,CNY
600118.SH,20250630,租赁收入,P,16878993.67,11835328.44,5043665.23,CNY
600118.SH,20250630,卫星研制及卫星应用,P,1281435990.54,134904829.25,1146531161.29,CNY
600118.SH,20250630,其他主营业务,P,22637739.0,21486203.83,1151535.17,CNY
600118.SH,20241231,租赁收入,P,38673184.29,22258020.93,16415163.36,CNY
600118.SH,20241231,材料销售,P,18133046.22,18047023.77,86022.45,CNY
600118.SH,20241231,卫星研制及卫星应用,P,5099336727.63,566462584.59,4532874143.04,CNY
600118.SH,20241231,其他主营业务,P,349976.3,,,CNY
600118.SH,20240630,租赁收入,P,21806599.34,13859879.36,7946719.98,CNY
600118.SH,20240630,卫星研制及卫星应用,P,989644013.59,184563704.36,805080309.23,CNY
600118.SH,20240630,其他主营业务,P,20569312.2,18430020.74,2139291.46,CNY
600143.SH,20251231,绿色石化产品,P,12462970586.75,-660453125.2,13123423711.95,CNY
600143.SH,20251231,材料贸易,P,11265283555.45,-84196432.01,11349479987.46,CNY
600143.SH,20251231,新材料产品,P,4369390171.49,899709609.8,3469680561.69,CNY
600143.SH,20251231,改性塑料,P,35780752847.95,8739814558.36,27040938289.59,CNY
600143.SH,20251231,医疗健康,P,1043741567.26,-348710771.41,1392452338.67,CNY
600143.SH,20251231,其他业务,P,474078869.7,169919979.24,304158890.46,CNY
600143.SH,20250630,绿色石化产品,P,5962000561.05,-183392228.31,6145392789.36,CNY
600143.SH,20250630,材料贸易,P,6533700617.64,-58765188.32,6592465805.96,CNY
600143.SH,20250630,新材料产品,P,1990114537.61,379664524.63,1610450012.98,CNY
600143.SH,20250630,改性塑料,P,16473099791.4,3825780747.55,12647319043.85,CNY
600143.SH,20250630,医疗健康,P,468259832.12,-137042491.22,605302323.34,CNY
600143.SH,20250630,其他业务,P,208902474.38,61952271.68,146950202.7,CNY
600143.SH,20241231,绿色石化产品,P,11436081818.94,-726983454.15,12163065273.09,CNY
600143.SH,20241231,材料贸易,P,12370957407.53,50645035.08,12320312372.45,CNY
600143.SH,20241231,新材料产品,P,3653645789.16,578445931.92,3075199857.24,CNY
600143.SH,20241231,改性塑料,P,32074910178.07,7079509312.28,24995400865.79,CNY
600143.SH,20241231,医疗健康,P,562933502.01,-192620249.53,755553751.54,CNY
600143.SH,20241231,其他业务,P,415713445.94,56878866.96,358834578.98,CNY
600143.SH,20240630,绿色石化产品,P,3995220513.28,-289603811.83,4284824325.11,CNY
600143.SH,20240630,材料贸易,P,3552918955.7,64658628.53,3488260327.17,CNY
600143.SH,20240630,新材料产品,P,1552912832.15,240184063.39,1312728768.76,CNY
600143.SH,20240630,改性塑料,P,13886813748.09,3117593266.45,10769220481.64,CNY
600143.SH,20240630,医疗健康,P,163665727.42,-97536295.83,261202023.25,CNY
600143.SH,20240630,其他业务,P,195457847.3,62300539.54,133157307.76,CNY
600378.SH,20251231,高端制造,P,2932840600.0,1148492600.0,1784348000.0,CNY
600378.SH,20251231,贸易及其他,P,309322500.0,19335000.0,289987500.0,CNY
600378.SH,20251231,电子化学品,P,1137675000.0,274435700.0,863239300.0,CNY
600378.SH,20251231,氟材料,P,9938507500.0,2147996100.0,7790511400.0,CNY
600378.SH,20251231,工程技术服务,P,1891884200.0,387277100.0,1504607100.0,CNY
600378.SH,20251231,其他业务,P,478766854.92,236483357.65,242283497.27,CNY
600378.SH,20250630,高端制造,P,1507284500.0,,,CNY
600378.SH,20250630,贸易及其他,P,134986200.0,,,CNY
600378.SH,20250630,电子气体、聚氨酯及化学推进剂业务,P,578086000.0,,,CNY
600378.SH,20250630,电子化学品,P,578086000.0,,,CNY
600378.SH,20250630,氟材料,P,4649373600.0,,,CNY
600378.SH,20250630,工程技术服务,P,900961600.0,,,CNY
600378.SH,20250630,工程咨询及技术服务,P,900961600.0,,,CNY
600378.SH,20250630,化工材料,P,1507284500.0,,,CNY
600378.SH,20250630,分部抵消,P,-10486300.0,,,CNY
600378.SH,20241231,高端制造,P,2836745400.0,1104448900.0,1732296500.0,CNY
600378.SH,20241231,贸易及其他,P,404827100.0,35629000.0,369198100.0,CNY
600378.SH,20241231,电子气体、聚氨酯及化学推进剂业务,P,918312300.0,248956500.0,669355800.0,CNY
600378.SH,20241231,电子化学品,P,918312300.0,248956500.0,669355800.0,CNY
600378.SH,20241231,氟材料,P,7596289100.0,1018874800.0,6577414300.0,CNY
600378.SH,20241231,工程技术服务,P,1774782400.0,366110400.0,1408672000.0,CNY
600378.SH,20241231,工程咨询及技术服务,P,1774782400.0,366110400.0,1408672000.0,CNY
600378.SH,20241231,化工材料,P,2836745400.0,1104448900.0,1732296500.0,CNY
600378.SH,20241231,其他业务,P,435352743.97,260697149.41,174655594.56,CNY
600378.SH,20240630,高端制造,P,1406576400.0,,,CNY
600378.SH,20240630,贸易及其他,P,193242700.0,,,CNY
600378.SH,20240630,电子气体、聚氨酯及化学推进剂业务,P,389568400.0,,,CNY
600378.SH,20240630,电子化学品,P,389568400.0,,,CNY
600378.SH,20240630,氟材料,P,782308100.0,,,CNY
600378.SH,20240630,工程技术服务,P,694001700.0,,,CNY
600378.SH,20240630,工程咨询及技术服务,P,694001700.0,,,CNY
600378.SH,20240630,化工材料,P,1406576400.0,,,CNY
600378.SH,20240630,分部抵消,P,-6436300.0,,,CNY
600416.SH,20251231,电机,P,2912977968.19,232308661.24,2680669306.95,CNY
600416.SH,20251231,电控,P,179185264.74,13268584.95,165916679.79,CNY
600416.SH,20251231,特种产品,P,1739614944.49,362771270.51,1376843673.98,CNY
600416.SH,20251231,其他业务,P,56167768.16,7942516.31,48225251.85,CNY
600416.SH,20241231,电机,P,2494070735.66,368509637.69,2125561097.97,CNY
600416.SH,20241231,电控,P,195771064.46,11305274.03,184465790.43,CNY
600416.SH,20241231,特种产品,P,1962450753.36,441781187.59,1520669565.77,CNY
600416.SH,20241231,备品备件及其他,P,1962450753.36,441781187.59,1520669565.77,CNY
600416.SH,20241231,其他业务,P,48921563.07,6511386.82,42410176.25,CNY
600522.SH,20251231,铜产品,P,9521080247.77,206740294.02,9314339953.75,CNY
600522.SH,20251231,电网建设,P,22263812346.32,3322485624.9,18941326721.42,CNY
600522.SH,20251231,海洋系列,P,6348794221.43,1512890441.41,4835903780.02,CNY
600522.SH,20251231,汽车零部件,P,324905862.85,32043572.44,292862290.41,CNY
600522.SH,20251231,新能源,P,5697208731.14,316663991.39,5380544739.75,CNY
600522.SH,20251231,其他主营业务,P,539654087.52,49974803.08,489679284.44,CNY
600522.SH,20251231,其他业务,P,434549043.7,179584511.72,254964531.98,CNY
600522.SH,20251231,光通信及网络,P,7369852952.61,1664355408.98,5705497543.63,CNY
600522.SH,20241231,铜产品,P,8380471933.85,207865220.21,8172606713.64,CNY
600522.SH,20241231,电网建设,P,19785133949.3,2997979082.34,16787154866.96,CNY
600522.SH,20241231,电力传输,P,19785133949.3,2997979082.34,16787154866.96,CNY
600522.SH,20241231,海洋系列,P,3643548669.6,890753963.89,2752794705.71,CNY
600522.SH,20241231,新能源材料,P,7003395549.91,512956097.27,6490439452.64,CNY
600522.SH,20241231,新能源,P,7003395549.91,512956097.27,6490439452.64,CNY
600522.SH,20241231,其他主营业务,P,670312323.82,88114520.9,582197802.92,CNY
600522.SH,20241231,其他业务,P,478187430.23,183030821.86,295156608.37,CNY
600522.SH,20241231,光通信及网络,P,8093638394.68,2034814371.48,6058824023.2,CNY
600860.SH,20251231,自动化制造设备,P,275635376.07,87810429.74,187824946.33,CNY
600860.SH,20251231,气体储运,P,1166862071.13,117525638.03,1049336433.1,CNY
600860.SH,20251231,其他主营业务,P,50343272.97,33942833.01,16400439.96,CNY
600860.SH,20251231,其他业务,P,35123474.89,9453130.2,25670344.69,CNY
600860.SH,20250630,自动化制造设备,P,61741429.21,23057179.04,38684250.17,CNY
600860.SH,20250630,气体储运,P,573586539.1,78218608.59,495367930.51,CNY
600860.SH,20250630,其他主营业务,P,29952528.31,21752308.33,8200219.98,CNY
600860.SH,20250630,其他业务,P,15063265.38,8620790.03,6442475.35,CNY
600860.SH,20241231,自动化制造设备,P,266466140.26,83101769.12,183364371.14,CNY
600860.SH,20241231,气体储运,P,1277349944.2,160032509.99,1117317434.21,CNY
600860.SH,20241231,其他主营业务,P,63735395.76,47334955.8,16400439.96,CNY
600860.SH,20241231,其他业务,P,41308766.36,17882793.37,23425972.99,CNY
600860.SH,20240630,自动化制造设备,P,102599646.03,26859429.27,75740216.76,CNY
600860.SH,20240630,气体储运,P,599865005.76,63478155.5,536386850.26,CNY
600860.SH,20240630,其他主营业务,P,31867697.88,23667477.9,8200219.98,CNY
600860.SH,20240630,其他业务,P,14441133.13,10203451.06,4237682.07,CNY
600873.SH,20251231,食品味觉性状优化产品,P,7469939525.43,951082417.15,6518857108.28,CNY
600873.SH,20251231,动物营养氨基酸,P,14201982767.59,2958514316.6,11243468450.99,CNY
600873.SH,20251231,其他主营业务,P,1597861041.2,386334446.05,1211526595.15,CNY
600873.SH,20251231,其他业务,P,198487947.34,58153944.34,140334003.0,CNY
600873.SH,20251231,人类医用氨基酸,P,740403825.14,245190608.48,495213216.66,CNY
600873.SH,20250630,饲料氨基酸(赖氨酸、苏氨酸、色氨酸等),P,5659781600.0,,,CNY
600873.SH,20250630,综合产品及其他,P,917800800.0,,,CNY
600873.SH,20250630,大原料副产品(肥料、蛋白粉、胚芽、玉米皮粉、饲料纤维等),P,1889302200.0,,,CNY
600873.SH,20250630,味精及谷氨酸,P,3566225600.0,,,CNY
600873.SH,20250630,人类医用氨基酸,P,247340400.0,,,CNY
600873.SH,20241231,食品味觉性状优化产品,P,7945120706.1,1545606253.34,6399514452.76,CNY
600873.SH,20241231,动物营养氨基酸,P,14623714419.16,2873812399.65,11749902019.51,CNY
600873.SH,20241231,其他主营业务,P,1832578200.89,427255199.5,1405323001.39,CNY
600873.SH,20241231,其他业务,P,191566372.57,63593389.69,127972982.88,CNY
600873.SH,20241231,人类医用氨基酸,P,476308595.9,122322237.7,353986358.2,CNY
600873.SH,20240630,饲料氨基酸(赖氨酸、苏氨酸、色氨酸等),P,5471640200.0,,,CNY
600873.SH,20240630,综合产品及其他,P,1128798700.0,,,CNY
600873.SH,20240630,大原料副产品(肥料、蛋白粉、胚芽、玉米皮粉、饲料纤维等),P,1912205500.0,,,CNY
600873.SH,20240630,味精及谷氨酸,P,3880132000.0,,,CNY
600873.SH,20240630,人类医用氨基酸,P,249941700.0,,,CNY
600875.SH,20251231,高效清洁发电设备-燃机,P,5627571242.3,675892557.4,4951678684.9,CNY
600875.SH,20251231,高效清洁发电设备-核电常规岛设备,P,5659959117.54,1364804020.76,4295155096.78,CNY
600875.SH,20251231,风电设备,P,18224186613.44,516273374.01,17707913239.43,CNY
600875.SH,20251231,金融服务,P,1032652876.24,1006741032.39,25911843.85,CNY
600875.SH,20251231,现代制造服务业-电站服务,P,5780904736.0,2160550175.37,3620354560.63,CNY
600875.SH,20251231,煤电,P,24491584410.69,5067573827.11,19424010583.58,CNY
600875.SH,20251231,水电设备,P,3902820239.21,473466520.6,3429353718.61,CNY
600875.SH,20251231,新兴成长产业,P,7708764126.7,1152588650.01,6556175476.69,CNY
600875.SH,20251231,其他业务,P,,,-25911843.85,CNY
600875.SH,20250630,高效清洁发电设备-燃机,P,2784249302.08,337038065.95,2447211236.13,CNY
600875.SH,20250630,高效清洁发电设备-核电常规岛设备,P,2685269609.62,399421528.75,2285848080.87,CNY
600875.SH,20250630,金融服务,P,527324227.76,512707688.93,14616538.83,CNY
600875.SH,20250630,电力,P,11297495111.85,2161255214.88,9136239896.97,CNY
600875.SH,20250630,现代制造服务业-电站服务,P,2772714907.31,971284296.63,1801430610.68,CNY
600875.SH,20250630,煤电,P,11297495111.85,2161255214.88,9136239896.97,CNY
600875.SH,20250630,新能源-风电,P,8137531584.25,750778965.47,7386752618.78,CNY
600875.SH,20250630,新兴成长产业,P,4394802039.26,666916311.86,3727885727.4,CNY
600875.SH,20250630,工程承包业务,P,2646046018.34,95531902.67,2550514115.67,CNY
600875.SH,20250630,工程及服务-工程,P,2646046018.34,95531902.67,2550514115.67,CNY
600875.SH,20250630,工程及服务-其他,P,481921483.5,117163951.86,364757531.64,CNY
600875.SH,20250630,可再生能源装备-水电,P,1970846097.62,238550977.42,1732295120.2,CNY
600875.SH,20250630,其他业务,P,,,-14616538.83,CNY
600875.SH,20250630,供应链管理与服务,P,481921483.5,117163951.86,364757531.64,CNY
600875.SH,20241231,高效清洁发电设备-燃机,P,7110320754.81,517656848.77,6592663906.04,CNY
600875.SH,20241231,高效清洁发电设备-核电常规岛设备,P,4876705066.95,1172292217.83,3704412849.12,CNY
600875.SH,20241231,金融服务,P,1102399982.12,1076252951.54,26147030.58,CNY
600875.SH,20241231,电力,P,16371171242.99,3060449114.71,13310722128.28,CNY
600875.SH,20241231,现代制造服务业-电站服务,P,6134824410.03,2542678634.66,3592145775.37,CNY
600875.SH,20241231,煤电,P,16371171242.99,3060449114.71,13310722128.28,CNY
600875.SH,20241231,新能源-风电,P,12969952104.4,11643333.54,12958308770.86,CNY
600875.SH,20241231,新兴成长产业,P,11150427567.3,1207244021.24,9943183546.06,CNY
600875.SH,20241231,工程承包业务,P,5220397154.87,271470898.7,4948926256.17,CNY
600875.SH,20241231,工程及服务-工程,P,5220397154.87,271470898.7,4948926256.17,CNY
600875.SH,20241231,工程及服务-其他,P,721342741.38,272771461.65,448571279.73,CNY
600875.SH,20241231,可再生能源装备-水电,P,2955365721.95,556152458.93,2399213263.02,CNY
600875.SH,20241231,其他业务,P,,,-26147030.58,CNY
600875.SH,20241231,供应链管理与服务,P,721342741.38,272771461.65,448571279.73,CNY
600875.SH,20240630,高效清洁发电设备-燃机,P,3607433201.04,422236870.46,3185196330.58,CNY
600875.SH,20240630,高效清洁发电设备-核电常规岛设备,P,1935538089.91,451900750.35,1483637339.56,CNY
600875.SH,20240630,金融服务,P,528535177.16,516082685.24,12452491.92,CNY
600875.SH,20240630,贸易,P,1766781615.46,183107202.32,1583674413.14,CNY
600875.SH,20240630,电力,P,8522228387.9,1401118087.41,7121110300.49,CNY
600875.SH,20240630,现代制造服务业-电站服务,P,2788770951.49,1149393313.88,1639377637.61,CNY
600875.SH,20240630,煤电,P,8522228387.9,1401118087.41,7121110300.49,CNY
600875.SH,20240630,新能源-风电,P,6659601821.4,495521841.55,6164079979.85,CNY
600875.SH,20240630,新兴成长产业,P,4117599121.11,586215095.35,3531384025.76,CNY
600875.SH,20240630,工程承包业务,P,1698697101.59,80426582.2,1618270519.39,CNY
600875.SH,20240630,工程及服务-工程,P,1698697101.59,80426582.2,1618270519.39,CNY
600875.SH,20240630,可再生能源装备-水电,P,1295812576.4,206368154.67,1089444421.73,CNY
601611.SH,20251231,非工程业务,P,11407139038.68,2079428001.72,9327711036.96,CNY
601611.SH,20251231,工程业务,P,90508861258.87,10296789125.52,80212072133.35,CNY
601611.SH,20250630,核电工程,P,17753971929.4,2185888401.63,15568083527.77,CNY
601611.SH,20250630,工业与民用工程,P,30376488677.08,2197873642.45,28178615034.63,CNY
601611.SH,20250630,其他主营业务,P,5341448010.71,861769551.85,4479678458.86,CNY
601611.SH,20241231,核电工程,P,32211511459.27,4305208155.95,27906303303.32,CNY
601611.SH,20241231,工业与民用工程,P,69319178517.15,6819928584.07,62499249933.08,CNY
601611.SH,20241231,其他主营业务,P,12010592991.6,2186839705.28,9823753286.32,CNY
601611.SH,20240630,核电工程,P,15083177536.91,1872810232.88,13210367304.03,CNY
601611.SH,20240630,工业与民用工程,P,35701424868.5,2746008554.92,32955416313.58,CNY
601611.SH,20240630,其他主营业务,P,3842545376.7,749823432.31,3092721944.39,CNY
603019.SH,20251231,围绕高端计算机的软件开发、系统集成及技术服务,P,2446417235.7,1155818909.0,1290598326.7,CNY
603019.SH,20251231,其他业务,P,13731404.81,5790972.44,7940432.37,CNY
603019.SH,20251231,IT设备业务,P,12503495716.44,3414792177.86,9088703538.58,CNY
603019.SH,20250630,围绕高端计算机的软件开发、系统集成及技术服务,P,652367703.27,254953034.21,397414669.06,CNY
603019.SH,20250630,其他业务,P,3619118.89,1993812.32,1625306.57,CNY
603019.SH,20250630,IT设备业务,P,5193974195.18,1302042853.05,3891931342.13,CNY
603019.SH,20241231,围绕高端计算机的软件开发、系统集成及技术服务,P,1395232850.25,609914851.43,785317998.82,CNY
603019.SH,20241231,其他业务,P,46349436.88,23479057.34,22870379.54,CNY
603019.SH,20241231,IT设备业务,P,11706102848.66,3200627231.62,8505475617.04,CNY
603019.SH,20240630,围绕高端计算机的软件开发、系统集成及技术服务,P,584097300.43,230567945.27,353529355.16,CNY
603019.SH,20240630,其他业务,P,1729720.22,1206702.82,523017.4,CNY
603019.SH,20240630,IT设备业务,P,5126232075.15,1267385146.8,3858846928.35,CNY
603662.SH,20251231,平台型产品系列,P,27165715.08,5559283.63,21606431.45,CNY
603662.SH,20251231,工业物联网及系统集成,P,588882682.67,282256809.91,306625872.76,CNY
603662.SH,20251231,力学传感器及仪表系列,P,619840004.75,268299983.05,351540021.7,CNY
603662.SH,20251231,其他物理量传感器系列-电流电压,P,23220110.24,9025605.64,14194504.6,CNY
603662.SH,20251231,其他物理量传感器系列-温度,P,92630358.62,31090914.46,61539444.16,CNY
603662.SH,20251231,其他物理量传感器系列-水质,P,34517092.77,22442453.76,12074639.01,CNY
603662.SH,20251231,其他物理量传感器系列-振动,P,32960387.79,11094613.81,21865773.98,CNY
603662.SH,20251231,其他物理量传感器系列-光电,P,68549002.57,36426619.1,32122383.47,CNY
603662.SH,20251231,其他业务,P,70673512.71,32446168.25,38227344.46,CNY
603662.SH,20241231,平台型产品系列,P,10749849.19,4237780.67,6512068.52,CNY
603662.SH,20241231,工业物联网及系统集成,P,532505171.1,233088815.26,299416355.84,CNY
603662.SH,20241231,力学传感器及仪表系列,P,630772834.61,263756485.37,367016349.24,CNY
603662.SH,20241231,其他物理量传感器系列-电流电压,P,19608946.78,4508359.87,15100586.91,CNY
603662.SH,20241231,其他物理量传感器系列-温度,P,19759848.35,5002662.55,14757185.8,CNY
603662.SH,20241231,其他物理量传感器系列-水质,P,13717835.84,9424117.64,4293718.2,CNY
603662.SH,20241231,其他物理量传感器系列-振动,P,2985049.15,1173990.99,1811058.16,CNY
603662.SH,20241231,其他业务,P,65026503.7,37294589.95,27731913.75,CNY
688012.SH,20251231,半导体设备相关产品,P,12384638268.11,4850499252.55,7534139015.56,CNY
688012.SH,20241231,备品备件,P,1163806868.27,560702336.51,603104531.76,CNY
688012.SH,20241231,其他主营业务,P,89547687.68,52207280.41,37340407.27,CNY
688012.SH,20241231,专用设备,P,7811810541.74,3109277940.37,4702532601.37,CNY
688017.SH,20251231,谐波减速器及金属部件,P,476486798.69,175199476.67,301287322.02,CNY
688017.SH,20251231,机电一体化产品,P,74303375.72,30386001.15,43917374.57,CNY
688017.SH,20251231,智能自动化设备,P,14889071.41,1715928.53,13173142.88,CNY
688017.SH,20251231,其他业务,P,5034779.44,3321478.8,1713300.64,CNY
688017.SH,20250630,谐波减速器及金属部件,P,196927829.0,67601531.21,129326297.79,CNY
688017.SH,20250630,机电一体化产品,P,41639307.1,16479086.05,25160221.05,CNY
688017.SH,20250630,智能自动化设备,P,8148469.92,182019.55,7966450.37,CNY
688017.SH,20250630,其他产品及收入,P,4696314.67,3149942.59,1546372.08,CNY
688017.SH,20241231,谐波减速器及金属部件,P,325415663.13,117575798.7,207839864.43,CNY
688017.SH,20241231,机电一体化产品,P,52593288.84,21635537.74,30957751.1,CNY
688017.SH,20241231,智能自动化设备,P,4633282.14,2356454.14,2276828.0,CNY
688017.SH,20241231,其他业务,P,4769069.73,3866644.91,902424.82,CNY
688017.SH,20240630,谐波减速器及金属部件,P,146494492.27,58159765.68,88334726.59,CNY
688017.SH,20240630,机电一体化产品,P,24542997.65,10327583.5,14215414.15,CNY
688017.SH,20240630,其他业务,P,1369686.74,1143606.2,226080.54,CNY
688019.SH,20251231,化学机械抛光液,P,2039796023.99,1188841207.06,850954816.93,CNY
688019.SH,20251231,功能湿电子化学品,P,452856882.78,226437747.79,226419134.99,CNY
688019.SH,20251231,其他主营业务,P,11565033.71,5205581.71,6359452.0,CNY
688019.SH,20250630,化学机械抛光液,P,930089879.54,540359599.8,389730279.74,CNY
688019.SH,20250630,功能湿电子化学品,P,207027042.5,101457119.82,105569922.68,CNY
688019.SH,20250630,其他主营业务,P,4336187.71,1879797.89,2456389.82,CNY
688019.SH,20241231,化学机械抛光液,P,1544575498.14,944720024.07,599855474.07,CNY
688019.SH,20241231,功能湿电子化学品,P,276580164.47,119505830.85,157074333.62,CNY
688019.SH,20241231,其他主营业务,P,13859515.74,8369307.37,5490208.37,CNY
688019.SH,20240630,化学机械抛光液,P,672841483.97,410653172.37,262188311.6,CNY
688019.SH,20240630,功能湿电子化学品,P,117833516.68,44654372.17,73179144.51,CNY
688019.SH,20240630,其他主营业务,P,6598450.22,4865229.58,1733220.64,CNY
688019.SH,20240630,其他业务,P,,0.01,-0.01,CNY
688027.SH,20251231,量子计算产品,P,118369200.0,45664500.0,72704700.0,CNY
688027.SH,20251231,量子精密测量产品,P,30145000.0,16002700.0,14142300.0,CNY
688027.SH,20251231,量子保密通信产品,P,91633600.0,66959500.0,24674100.0,CNY
688027.SH,20251231,相关技术服务,P,58281800.0,26707900.0,31573900.0,CNY
688027.SH,20251231,其他业务,P,12027469.28,4355881.66,7671587.62,CNY
688027.SH,20241231,量子计算产品,P,31468100.0,15378700.0,16089400.0,CNY
688027.SH,20241231,量子精密测量产品,P,33012100.0,9038200.0,23973900.0,CNY
688027.SH,20241231,量子保密通信产品,P,86928200.0,62310400.0,24617800.0,CNY
688027.SH,20241231,相关技术服务,P,90407000.0,46682900.0,43724100.0,CNY
688027.SH,20241231,其他业务,P,11553522.89,7428228.88,4125294.01,CNY
688037.SH,20251231,电子工艺装备,P,1878698082.18,642550832.27,1236147249.91,CNY
688037.SH,20251231,其他业务,P,22161084.71,14945923.76,7215160.95,CNY
688037.SH,20251231,产品备件,P,47629094.84,32066739.66,15562355.18,CNY
688037.SH,20241231,单片式湿法设备 ,P,644616213.81,252700906.83,391915306.98,CNY
688037.SH,20241231,其它设备,P,15133097.35,11895122.52,3237974.83,CNY
688037.SH,20241231,其他业务,P,44063433.02,30678353.42,13385079.6,CNY
688037.SH,20241231,光刻工序涂胶显影设备,P,1049793221.55,365381321.6,684411899.95,CNY
688065.SH,20251231,长链二元酸系列,P,2935164743.71,1258503710.03,1676661033.68,CNY
688065.SH,20251231,生物基聚酰胺系列,P,127408494.79,-18715534.99,146124029.78,CNY
688065.SH,20251231,其他主营业务,P,57844424.27,-6740684.23,64585108.5,CNY
688065.SH,20251231,其他业务,P,174634267.51,-105641750.77,280276018.28,CNY
688065.SH,20250630,长链二元酸系列,P,1500451660.41,639002034.05,861449626.36,CNY
688065.SH,20250630,生物法长链二元酸,P,1500451660.41,639002034.05,861449626.36,CNY
688065.SH,20250630,生物基聚酰胺系列,P,65847612.42,-5045091.35,70892703.77,CNY
688065.SH,20250630,生物基聚酰胺及单体,P,65847612.42,-5045091.35,70892703.77,CNY
688065.SH,20250630,其他主营业务,P,101321749.24,-70856857.62,172178606.86,CNY
688065.SH,20250630,其他业务,P,3146920.14,2397003.02,749917.12,CNY
688065.SH,20241231,长链二元酸系列,P,2669829088.01,1060186409.74,1609642678.27,CNY
688065.SH,20241231,生物法长链二元酸,P,2669829088.01,1060186409.74,1609642678.27,CNY
688065.SH,20241231,生物基聚酰胺系列,P,144308671.29,-22863656.89,167172328.18,CNY
688065.SH,20241231,生物基聚酰胺及单体,P,144308671.29,-22863656.89,167172328.18,CNY
688065.SH,20241231,其他主营业务,P,4934731.09,,,CNY
688065.SH,20241231,其他业务,P,138839064.37,-118012764.79,256851829.16,CNY
688065.SH,20240630,长链二元酸系列,P,1314447998.72,516864128.16,797583870.56,CNY
688065.SH,20240630,生物法长链二元酸,P,1314447998.72,516864128.16,797583870.56,CNY
688065.SH,20240630,生物基聚酰胺系列,P,78552275.53,-14733678.83,93285954.36,CNY
688065.SH,20240630,生物基聚酰胺及单体,P,78552275.53,-14733678.83,93285954.36,CNY
688065.SH,20240630,其他主营业务,P,48155776.11,-53559352.03,101715128.14,CNY
688065.SH,20240630,其他业务,P,3136907.83,2385459.71,751448.12,CNY
688066.SH,20251231,自有软件销售,P,3304980.8,3217380.19,87600.61,CNY
688066.SH,20251231,系统设计开发,P,258591418.55,39549398.54,219042020.01,CNY
688066.SH,20251231,数据分析应用服务,P,185916661.09,39809841.49,146106819.6,CNY
688066.SH,20250630,自有软件销售,P,651026.88,624343.19,26683.69,CNY
688066.SH,20250630,系统设计开发,P,179650829.93,13047678.9,166603151.03,CNY
688066.SH,20250630,数据分析应用服务,P,109433723.04,45842987.69,63590735.35,CNY
688066.SH,20241231,自有软件销售,P,9167953.86,8224701.66,943252.2,CNY
688066.SH,20241231,系统设计开发,P,631016110.38,58159369.48,572856740.9,CNY
688066.SH,20241231,数据分析应用服务,P,935087253.14,287675927.34,647411325.8,CNY
688066.SH,20240630,自有软件销售,P,5389588.51,5305777.62,83810.89,CNY
688066.SH,20240630,系统设计开发,P,395801082.19,68627751.23,327173330.96,CNY
688066.SH,20240630,数据分析应用服务,P,441760076.25,158351680.48,283408395.77,CNY
688070.SH,20251231,无人机配件,P,62501707.4,24766426.01,37735281.39,CNY
688070.SH,20251231,无人机系统,P,432877137.23,224346562.76,208530574.47,CNY
688070.SH,20251231,无人机服务,P,63989628.52,26329272.1,37660356.42,CNY
688070.SH,20251231,其他主营业务,P,61556069.08,34454180.85,27101888.23,CNY
688070.SH,20250630,无人机配件,P,11043806.68,4937637.87,6106168.81,CNY
688070.SH,20250630,无人机系统,P,92878173.76,49479611.6,43398562.16,CNY
688070.SH,20250630,无人机服务,P,18436109.22,9984195.32,8451913.9,CNY
688070.SH,20250630,其他主营业务,P,12297546.58,7278606.44,5018940.14,CNY
688070.SH,20241231,无人机配件,P,25427198.44,11060942.3,14366256.14,CNY
688070.SH,20241231,无人机系统,P,360059165.36,152986702.07,207072463.29,CNY
688070.SH,20241231,无人机服务,P,51909691.66,14280078.79,37629612.87,CNY
688070.SH,20241231,其他主营业务,P,36806589.48,21802788.62,15003800.86,CNY
688070.SH,20240630,无人机配件,P,16308441.49,8307705.02,8000736.47,CNY
688070.SH,20240630,无人机系统,P,44475593.16,24634950.92,19840642.24,CNY
688070.SH,20240630,无人机服务,P,13540405.15,3933402.77,9607002.38,CNY
688070.SH,20240630,其他主营业务,P,8941931.28,4147669.35,4794261.93,CNY
688072.SH,20251231,半导体专用设备(产品),P,6295533874.95,2140704500.61,4154829374.34,CNY
688072.SH,20251231,其他业务,P,223560999.68,137866428.13,85694571.55,CNY
688072.SH,20241231,半导体专用设备(产品),P,3958393060.11,1619131745.46,2339261314.65,CNY
688072.SH,20241231,其他业务,P,145060793.3,91422295.94,53638497.36,CNY
688083.SH,20251231,通用软件,P,826114366.38,817556436.21,8557930.17,CNY
688083.SH,20251231,技术服务,P,34647096.86,27699906.8,6947190.06,CNY
688083.SH,20251231,定制软件,P,24777626.5,9804250.88,14973375.62,CNY
688083.SH,20251231,外购软硬件,P,6550099.12,1110742.67,5439356.45,CNY
688083.SH,20251231,其他业务,P,1290870.71,1210560.61,80310.1,CNY
688083.SH,20250630,通用软件,P,318427707.86,308132031.06,10295676.8,CNY
688083.SH,20250630,自产软件,P,318427707.86,308132031.06,10295676.8,CNY
688083.SH,20250630,技术服务,P,8180201.2,5377540.48,2802660.72,CNY
688083.SH,20250630,定制软件,P,4398773.59,3373178.83,1025594.76,CNY
688083.SH,20250630,外购软硬件,P,2195101.6,161889.67,2033211.93,CNY
688083.SH,20250630,外购产品,P,2195101.6,161889.67,2033211.93,CNY
688083.SH,20250630,其他业务,P,397941.6,317631.49,80310.11,CNY
688083.SH,20241231,通用软件,P,768630092.38,760242093.64,8387998.74,CNY
688083.SH,20241231,自产软件,P,768630092.38,760242093.64,8387998.74,CNY
688083.SH,20241231,技术服务,P,56440931.71,47014641.1,9426290.61,CNY
688083.SH,20241231,定制软件,P,55671017.53,27863589.6,27807427.93,CNY
688083.SH,20241231,外购软硬件,P,6055747.69,2241199.88,3814547.81,CNY
688083.SH,20241231,外购产品,P,6055747.69,2241199.88,3814547.81,CNY
688083.SH,20241231,其他业务,P,1259474.11,1114330.19,145143.92,CNY
688083.SH,20240630,通用软件,P,288256191.96,287025482.55,1230709.41,CNY
688083.SH,20240630,自产软件,P,288256191.96,287025482.55,1230709.41,CNY
688083.SH,20240630,技术服务,P,12956140.09,10089128.27,2867011.82,CNY
688083.SH,20240630,定制软件,P,4080062.42,3058373.22,1021689.2,CNY
688083.SH,20240630,外购软硬件,P,2574823.37,724734.43,1850088.94,CNY
688083.SH,20240630,外购产品,P,2574823.37,724734.43,1850088.94,CNY
688083.SH,20240630,其他业务,P,334637.24,255875.34,78761.9,CNY
688107.SH,20251231,技术服务,P,19319213.21,19054775.64,264437.57,CNY
688107.SH,20251231,其他业务,P,9195643.69,6447084.54,2748559.15,CNY
688107.SH,20251231,FPSoC系列,P,18803829.32,6205389.96,12598439.36,CNY
688107.SH,20251231,FPGA芯片,P,472677838.89,191892610.61,280785228.28,CNY
688107.SH,20250630,芯片,P,199571479.28,77497428.16,122074051.12,CNY
688107.SH,20250630,技术服务,P,18584905.66,,,CNY
688107.SH,20250630,其他业务,P,5186107.35,3416749.35,1769358.0,CNY
688107.SH,20241231,技术服务,P,25051581.08,22459026.77,2592554.31,CNY
688107.SH,20241231,其他业务,P,4645150.64,2682969.86,1962180.78,CNY
688107.SH,20241231,FPSoC系列,P,42762525.31,11471321.36,31291203.95,CNY
688107.SH,20241231,FPGA芯片,P,579357688.98,187502387.11,391855301.87,CNY
688107.SH,20240630,芯片,P,292401380.97,83161635.63,209239745.34,CNY
688107.SH,20240630,技术服务,P,23565535.8,21286291.04,2279244.76,CNY
688107.SH,20240630,其他业务,P,1482098.99,965295.45,516803.54,CNY
688111.SH,20251231,其他主营业务,P,122180983.6,113394453.02,8786530.58,CNY
688111.SH,20251231,WPS软件业务,P,1461127155.41,1388303438.32,72823717.09,CNY
688111.SH,20251231,WPS个人业务,P,3625536042.96,2935262434.15,690273608.81,CNY
688111.SH,20251231,WPS365业务,P,719900491.09,658654883.24,61245607.85,CNY
688111.SH,20250630,其他主营业务,P,58264862.12,54491212.79,3773649.33,CNY
688111.SH,20250630,其中:机构客户订阅,P,541607125.44,512848759.88,28758365.56,CNY
688111.SH,20250630,个人客户订阅,P,1748454415.66,1409447458.31,339006957.35,CNY
688111.SH,20250630,WPS软件业务,P,541607125.44,512848759.88,28758365.56,CNY
688111.SH,20250630,WPS个人业务,P,1748454415.66,1409447458.31,339006957.35,CNY
688111.SH,20250630,WPS365业务,P,308795330.57,282614228.25,26181102.32,CNY
688111.SH,20241231,其他主营业务,P,133100427.14,120658519.15,12441907.99,CNY
688111.SH,20241231,其中:机构客户订阅,P,1267945830.53,1175660663.57,92285166.96,CNY
688111.SH,20241231,个人客户订阅,P,3283292495.36,2665855350.9,617437144.46,CNY
688111.SH,20241231,WPS软件业务,P,1267945830.53,1175660663.57,92285166.96,CNY
688111.SH,20241231,WPS个人业务,P,3283292495.36,2665855350.9,617437144.46,CNY
688111.SH,20241231,WPS365业务,P,436500045.79,397902347.3,38597698.49,CNY
688111.SH,20240630,国际业务,P,115053028.56,79782367.57,35270660.99,CNY
688111.SH,20240630,办公软件产品使用授权,P,324570354.63,301930636.78,22639717.85,CNY
688111.SH,20240630,其他业务,P,847893.74,443494.72,404399.02,CNY
688111.SH,20240630,其中:机构客户订阅,P,442701399.04,405637301.41,37064097.63,CNY
688111.SH,20240630,个人客户订阅,P,1529821252.09,1261278380.41,268542871.68,CNY
688111.SH,20240630,WPS软件业务,P,442701399.04,405637301.41,37064097.63,CNY
688111.SH,20240630,WPS个人业务,P,1529821252.09,1261278380.41,268542871.68,CNY
688122.SH,20251231,高端钛合金材料,P,2792792993.78,1115619220.47,1677173773.31,CNY
688122.SH,20251231,高性能高温合金材料,P,571461965.07,135121187.1,436340777.97,CNY
688122.SH,20251231,超导产品,P,1599491439.23,452247091.37,1147244347.86,CNY
688122.SH,20251231,其他业务,P,261930622.36,100263061.05,161667561.31,CNY
688122.SH,20250630,高端钛合金材料,P,1566848760.63,719425880.73,847422879.9,CNY
688122.SH,20250630,高性能高温合金材料,P,245013753.79,44321363.69,200692390.1,CNY
688122.SH,20250630,钛合金,P,1566848760.63,719425880.73,847422879.9,CNY
688122.SH,20250630,超导线材,P,798383129.3,246052693.34,552330435.96,CNY
688122.SH,20250630,超导产品,P,798383129.3,246052693.34,552330435.96,CNY
688122.SH,20250630,其他主营业务,P,110616846.11,42747087.34,67869758.77,CNY
688122.SH,20250630,其他业务,P,1853612.04,1225753.69,627858.35,CNY
688122.SH,20241231,高端钛合金材料,P,2751967008.34,1064244025.76,1687722982.58,CNY
688122.SH,20241231,高性能高温合金材料,P,327196271.05,72810835.97,254385435.08,CNY
688122.SH,20241231,钛合金,P,2751967008.34,1064244025.76,1687722982.58,CNY
688122.SH,20241231,超导线材,P,1303599499.05,393999249.58,909600249.47,CNY
688122.SH,20241231,超导产品,P,1303599499.05,393999249.58,909600249.47,CNY
688122.SH,20241231,其他业务,P,229708809.6,16598167.08,213110642.52,CNY
688122.SH,20240630,高端钛合金材料,P,1283663674.29,474261831.75,809401842.54,CNY
688122.SH,20240630,高性能高温合金材料,P,156380525.87,33391596.44,122988929.43,CNY
688122.SH,20240630,钛合金,P,1283663674.29,474261831.75,809401842.54,CNY
688122.SH,20240630,超导线材,P,481679025.98,109390196.22,372288829.76,CNY
688122.SH,20240630,超导产品,P,481679025.98,109390196.22,372288829.76,CNY
688122.SH,20240630,其他主营业务,P,97005715.46,29121289.28,67884426.18,CNY
688122.SH,20240630,其他业务,P,1705748.28,1028666.11,677082.17,CNY
688188.SH,20251231,管材解决方案,P,487449750.0,411431278.67,76018471.33,CNY
688188.SH,20251231,平面解决方案,P,1292909787.48,1054320280.98,238589506.5,CNY
688188.SH,20251231,其他收入,P,322392556.21,169694735.47,152697820.74,CNY
688188.SH,20251231,其他业务,P,28987552.68,16840238.18,12147314.5,CNY
688188.SH,20251231,三维解决方案,P,63892666.55,52807703.66,11084962.89,CNY
688188.SH,20250630,管材解决方案,P,236501340.95,202273737.16,34227603.79,CNY
688188.SH,20250630,平面解决方案,P,677107409.14,556096272.61,121011136.53,CNY
688188.SH,20250630,其他收入,P,155499858.07,82277082.39,73222775.68,CNY
688188.SH,20250630,三维解决方案,P,34369146.01,29215660.29,5153485.72,CNY
688188.SH,20241231,管材解决方案,P,380231096.85,332871709.33,47359387.52,CNY
688188.SH,20241231,平面解决方案,P,1124812900.8,930156386.79,194656514.01,CNY
688188.SH,20241231,其他收入,P,176054285.2,90734828.02,85319457.18,CNY
688188.SH,20241231,其他业务,P,17580133.76,3826186.84,13753946.92,CNY
688188.SH,20241231,三维解决方案,P,36776654.06,29666894.47,7109759.59,CNY
688188.SH,20240630,随动系统,P,33927769.22,29655495.74,4272273.48,CNY
688188.SH,20240630,板卡系统,P,265142708.46,228098592.08,37044116.38,CNY
688188.SH,20240630,总线系统,P,211571693.34,191807763.31,19763930.03,CNY
688188.SH,20240630,切割类,P,251658987.74,196402495.08,55256492.66,CNY
688188.SH,20240630,其他收入,P,121284893.42,72207758.16,49077135.26,CNY
688206.SH,20251231,集成电路设计类EDA,P,190982421.29,,,CNY
688206.SH,20251231,集成电路制造类EDA,P,122956790.35,,,CNY
688206.SH,20251231,技术开发解决方案,P,85386123.71,49103181.73,36282941.98,CNY
688206.SH,20251231,半导体器件特性测试仪器销售收入,P,77013395.32,55103697.06,21909698.26,CNY
688206.SH,20251231,其他业务,P,7331822.74,2117981.46,5213841.28,CNY
688206.SH,20250630,技术开发解决方案,P,46383271.07,34059632.84,12323638.23,CNY
688206.SH,20250630,半导体器件特性测试仪器销售收入,P,23230182.85,17974782.92,5255399.93,CNY
688206.SH,20250630,其他业务,P,389618.31,-291523.6,681141.91,CNY
688206.SH,20250630,EDA工具授权收入,P,148441607.68,,,CNY
688206.SH,20241231,集成电路设计类EDA,P,147161287.86,,,CNY
688206.SH,20241231,集成电路制造类EDA,P,110063163.16,,,CNY
688206.SH,20241231,技术开发解决方案,P,42486065.62,20980350.1,21505715.52,CNY
688206.SH,20241231,半导体器件特性测试仪器销售收入,P,117421362.54,82336840.72,35084521.82,CNY
688206.SH,20241231,其他业务,P,1948299.37,579666.35,1368633.02,CNY
688206.SH,20240630,技术开发解决方案,P,17031008.73,5891080.76,11139927.97,CNY
688206.SH,20240630,半导体器件特性测试仪器销售收入,P,42086480.42,32284137.64,9802342.78,CNY
688206.SH,20240630,其他业务,P,482071.74,-180044.89,662116.63,CNY
688206.SH,20240630,EDA工具授权收入,P,136443217.34,,,CNY
688228.SH,20251231,数智政务,P,115204913.68,41935980.17,73268933.51,CNY
688228.SH,20251231,数据资源定制服务-智能语音,P,184047283.29,48127289.77,135919993.52,CNY
688228.SH,20251231,其他业务,P,500177.24,56931.8,443245.44,CNY
688228.SH,20251231,AI大模型与算力,P,40863667.66,25091255.69,15772411.97,CNY
688228.SH,20251231,AI内容安全,P,78213948.83,50354544.46,27859404.37,CNY
688228.SH,20241231,数智政务,P,93452364.04,30702116.66,62750247.38,CNY
688228.SH,20241231,数据资源定制服务-智能语音,P,304751035.65,88854254.18,215896781.47,CNY
688228.SH,20241231,其他业务,P,713255.76,151394.12,561861.64,CNY
688228.SH,20241231,AI大模型与算力,P,123750493.1,36328836.47,87421656.63,CNY
688228.SH,20241231,AI内容安全,P,94935415.54,75606641.87,19328773.67,CNY
688235.SH,20251231,百泽安？,P,5296775000.0,,,CNY
688235.SH,20251231,百悦泽？(BRUKINSA？),P,28067233000.0,,,CNY
688235.SH,20251231,普贝希,P,340908000.0,,,CNY
688235.SH,20251231,技术授权和研发服务收入,P,455129000.0,,,CNY
688235.SH,20251231,安加维,P,2185877000.0,,,CNY
688235.SH,20251231,凯洛斯,P,535695000.0,,,CNY
688235.SH,20251231,其他授权产品,P,598910000.0,,,CNY
688235.SH,20251231,倍利妥,P,744472000.0,,,CNY
688235.SH,20250630,百泽安？,P,2643474000.0,,,CNY
688235.SH,20250630,百悦泽？(BRUKINSA？),P,12527248000.0,,,CNY
688235.SH,20250630,普贝希,P,181238000.0,,,CNY
688235.SH,20250630,安加维,P,1090071000.0,,,CNY
688235.SH,20250630,凯洛斯,P,281172000.0,,,CNY
688235.SH,20250630,其他授权产品,P,281439000.0,,,CNY
688235.SH,20250630,其他业务,P,158106000.0,,,CNY
688235.SH,20250630,倍利妥,P,355521000.0,,,CNY
688235.SH,20241231,百泽安？,P,4467181000.0,,,CNY
688235.SH,20241231,百悦泽？(BRUKINSA？),P,18859208000.0,,,CNY
688235.SH,20241231,瑞复美,P,256225000.0,,,CNY
688235.SH,20241231,普贝希,P,384902000.0,,,CNY
688235.SH,20241231,技术授权和研发服务收入,P,220113000.0,,,CNY
688235.SH,20241231,安加维,P,1597651000.0,,,CNY
688235.SH,20241231,凯洛斯,P,471063000.0,,,CNY
688235.SH,20241231,其他授权产品,P,428366000.0,,,CNY
688235.SH,20241231,倍利妥,P,529246000.0,,,CNY
688235.SH,20240630,百泽安？,P,2191404000.0,,,CNY
688235.SH,20240630,百悦泽？(BRUKINSA？),P,8018443000.0,,,CNY
688235.SH,20240630,瑞复美,P,151823000.0,,,CNY
688235.SH,20240630,普贝希,P,203363000.0,,,CNY
688235.SH,20240630,技术授权和研发服务收入,P,88623000.0,,,CNY
688235.SH,20240630,安加维,P,699466000.0,,,CNY
688235.SH,20240630,凯洛斯,P,213492000.0,,,CNY
688235.SH,20240630,其他授权产品,P,191780000.0,,,CNY
688235.SH,20240630,倍利妥,P,238012000.0,,,CNY
688256.SH,20251231,边缘产品线,P,3393986.73,1511024.42,1882962.31,CNY
688256.SH,20251231,其他主营业务,P,14658217.43,3241158.83,11417058.6,CNY
688256.SH,20251231,云端产品线,P,6476855244.59,3576272090.74,2900583153.85,CNY
688256.SH,20251231,IP授权及软件,P,2288749.93,2288730.2,19.73,CNY
688256.SH,20250630,边缘端智能芯片及加速卡,P,1562101.78,714549.86,847551.92,CNY
688256.SH,20250630,边缘产品线,P,1562101.78,714549.86,847551.92,CNY
688256.SH,20250630,终端智能处理器IP,P,136283.19,,,CNY
688256.SH,20250630,其他业务,P,9242350.45,2947624.86,6294725.59,CNY
688256.SH,20250630,云端智能芯片及加速卡,P,2869702735.67,1607211599.32,1262491136.35,CNY
688256.SH,20250630,云端产品线,P,2869702735.67,1607211599.32,1262491136.35,CNY
688256.SH,20250630,IP授权及软件,P,136283.19,,,CNY
688256.SH,20241231,边缘端智能芯片及加速卡,P,6542011.8,3369383.43,3172628.37,CNY
688256.SH,20241231,边缘产品线,P,6542011.8,3369383.43,3172628.37,CNY
688256.SH,20241231,终端智能处理器IP,P,412389.38,,,CNY
688256.SH,20241231,其他业务收入,P,1231490.81,1138022.83,93467.98,CNY
688256.SH,20241231,云端智能芯片及加速卡,P,1166278485.36,661134872.11,505143613.25,CNY
688256.SH,20241231,云端产品线,P,1166278485.36,661134872.11,505143613.25,CNY
688256.SH,20241231,IP授权及软件,P,412389.38,,,CNY
688256.SH,20240630,边缘端智能芯片及加速卡,P,3424407.17,1859353.99,1565053.18,CNY
688256.SH,20240630,边缘产品线,P,3424407.17,1859353.99,1565053.18,CNY
688256.SH,20240630,终端智能处理器IP,P,221238.94,,,CNY
688256.SH,20240630,其他业务,P,67923.67,65744.7,2178.97,CNY
688256.SH,20240630,云端智能芯片及加速卡,P,61051773.38,38474754.85,22577018.53,CNY
688256.SH,20240630,云端产品线,P,61051773.38,38474754.85,22577018.53,CNY
688256.SH,20240630,IP授权及软件,P,221238.94,,,CNY
688271.SH,20251231,销售医学影像诊断设备及放射治疗设备,P,11389846539.58,5303262962.26,6086583577.32,CNY
688271.SH,20251231,软件销售收入,P,54501485.18,34073171.77,20428313.41,CNY
688271.SH,20251231,提供维修及技术服务、劳务,P,1707983196.16,1056626454.22,651356741.94,CNY
688271.SH,20251231,其他业务,P,647920443.03,93706628.74,554213814.29,CNY
688271.SH,20250630,销售医学影像诊断设备及放射治疗设备,P,4890060255.93,,,CNY
688271.SH,20250630,软件销售收入,P,28501548.63,,,CNY
688271.SH,20250630,提供维修及技术服务、劳务,P,815818544.64,,,CNY
688271.SH,20250630,其他业务,P,281521052.96,,,CNY
688271.SH,20241231,销售医学影像诊断设备及放射治疗设备,P,8444941179.06,3973725054.96,4471216124.1,CNY
688271.SH,20241231,软件销售收入,P,83194278.69,49353214.66,33841064.03,CNY
688271.SH,20241231,提供维修及技术服务、劳务,P,1355925303.09,860106592.59,495818710.5,CNY
688271.SH,20241231,其他业务,P,416043626.13,116757800.32,299285825.81,CNY
688271.SH,20240630,销售医学影像诊断设备及放射治疗设备,P,4544075068.98,,,CNY
688271.SH,20240630,软件销售收入,P,30888347.38,,,CNY
688271.SH,20240630,提供维修及技术服务、劳务,P,617072513.84,,,CNY
688271.SH,20240630,其他业务,P,141450322.97,,,CNY
688277.SH,20251231,骨科手术机器人,P,160171920.12,117747704.24,42424215.88,CNY
688277.SH,20251231,配套设备及耗材,P,72968351.88,48882228.89,24086122.99,CNY
688277.SH,20251231,技术服务,P,39167666.91,25787392.77,13380274.14,CNY
688277.SH,20251231,其他业务,P,6511009.43,587655.11,5923354.32,CNY
688277.SH,20250630,骨科手术机器人,P,73066532.6,57683559.72,15382972.88,CNY
688277.SH,20250630,配套设备及耗材,P,29900097.35,21645076.85,8255020.5,CNY
688277.SH,20250630,技术服务,P,20661569.0,12754599.05,7906969.95,CNY
688277.SH,20250630,其他主营业务,P,44938.05,,,CNY
688277.SH,20250630,其他业务,P,1639312.22,192361.3,1446950.92,CNY
688277.SH,20241231,骨科手术机器人,P,74295586.95,59671642.21,14623944.74,CNY
688277.SH,20241231,配套设备及耗材,P,54855040.74,38505386.51,16349654.23,CNY
688277.SH,20241231,技术服务,P,42957996.62,26357167.18,16600829.44,CNY
688277.SH,20241231,其他主营业务,P,483235.91,445612.15,37623.76,CNY
688277.SH,20241231,其他业务,P,6250780.18,520520.61,5730259.57,CNY
688277.SH,20240630,骨科手术机器人,P,9849557.54,9532654.6,316902.94,CNY
688277.SH,20240630,配套设备及耗材,P,25317628.33,17505660.08,7811968.25,CNY
688277.SH,20240630,技术服务,P,20618815.4,12784440.06,7834375.34,CNY
688277.SH,20240630,其他主营业务,P,168141.59,,,CNY
688277.SH,20240630,其他业务,P,2359543.85,140362.95,2219180.9,CNY
688295.SH,20251231,碳纤维,P,2168645396.85,362838996.09,1805806400.76,CNY
688295.SH,20251231,其他业务,P,25092278.67,20107942.59,4984336.08,CNY
688295.SH,20250630,碳纤维,P,907303780.24,132222092.88,775081687.36,CNY
688295.SH,20250630,其他主营业务,P,14314106.64,8904892.62,5409214.02,CNY
688295.SH,20241231,碳纤维,P,1543347548.33,209700225.32,1333647323.01,CNY
688295.SH,20241231,其他业务,P,13963006.96,12188948.71,1774058.25,CNY
688295.SH,20240630,碳纤维,P,723228999.14,163142311.19,560086687.95,CNY
688295.SH,20240630,其他业务,P,9019483.05,7626605.03,1392878.02,CNY
688297.SH,20251231,无人机系统及相关产品,P,3015851378.01,338823378.64,2677027999.37,CNY
688297.SH,20250630,无人机系统及相关产品,P,438687897.71,116460925.87,322226971.84,CNY
688297.SH,20241231,无人机系统及相关产品,P,685242333.64,219598658.4,465643675.24,CNY
688297.SH,20240630,技术服务,P,40885241.5,20620542.76,20264698.74,CNY
688297.SH,20240630,产品销售,P,231128833.11,54015078.09,177113755.02,CNY
688305.SH,20251231,高档数控系统,P,1338495.57,590815.69,747679.88,CNY
688305.SH,20251231,高档数控机床,P,331126628.37,140445024.26,190681604.11,CNY
688305.SH,20251231,自动化生产线,P,184628230.09,67607688.61,117020541.48,CNY
688305.SH,20251231,其他主营业务,P,18063981.76,4561067.57,13502914.19,CNY
688305.SH,20251231,关键功能件,P,16643842.13,4657441.84,11986400.29,CNY
688305.SH,20250630,高档数控系统,P,588495.58,236903.85,351591.73,CNY
688305.SH,20250630,高档数控机床,P,119033893.82,50032690.13,69001203.69,CNY
688305.SH,20250630,自动化生产线,P,158061946.9,57926010.77,100135936.13,CNY
688305.SH,20250630,数控系统,P,588495.58,236903.85,351591.73,CNY
688305.SH,20250630,数控机床等高端装备,P,119033893.82,50032690.13,69001203.69,CNY
688305.SH,20250630,功能部件,P,6325793.03,2086398.41,4239394.62,CNY
688305.SH,20250630,其他销售,P,10539540.36,3623904.87,6915635.49,CNY
688305.SH,20250630,其他主营业务,P,10539540.36,3623904.87,6915635.49,CNY
688305.SH,20250630,关键功能件,P,6325793.03,2086398.41,4239394.62,CNY
688305.SH,20241231,高档数控系统,P,2279380.54,1250153.52,1029227.02,CNY
688305.SH,20241231,高档数控机床,P,514114460.17,228672576.87,285441883.3,CNY
688305.SH,20241231,自动化生产线,P,49538956.67,17092793.53,32446163.14,CNY
688305.SH,20241231,数控系统,P,2279380.54,1250153.52,1029227.02,CNY
688305.SH,20241231,数控机床等高端装备,P,514114460.17,228672576.87,285441883.3,CNY
688305.SH,20241231,功能部件,P,21193253.52,7593260.13,13599993.39,CNY
688305.SH,20241231,其他销售,P,18348113.68,4980771.22,13367342.46,CNY
688305.SH,20241231,其他主营业务,P,18348113.68,4980771.22,13367342.46,CNY
688305.SH,20241231,关键功能件,P,21193253.52,7593260.13,13599993.39,CNY
688305.SH,20240630,高档数控系统,P,2000000.01,1127166.64,872833.37,CNY
688305.SH,20240630,高档数控机床,P,237285433.72,103648344.34,133637089.38,CNY
688305.SH,20240630,数控系统,P,2000000.01,1127166.64,872833.37,CNY
688305.SH,20240630,数控机床等高端装备,P,237285433.72,103648344.34,133637089.38,CNY
688305.SH,20240630,功能部件,P,10946987.75,4264812.53,6682175.22,CNY
688305.SH,20240630,其他销售,P,5367681.58,1890988.14,3476693.44,CNY
688305.SH,20240630,其他主营业务,P,5367681.58,1890988.14,3476693.44,CNY
688305.SH,20240630,关键功能件,P,10946987.75,4264812.53,6682175.22,CNY
688313.SH,20251231,线缆材料,P,251389743.99,51339202.39,200050541.6,CNY
688313.SH,20251231,室内光缆,P,255739351.39,68646590.27,187092761.12,CNY
688313.SH,20251231,其他光器件类,P,31740466.28,,,CNY
688313.SH,20251231,其他业务,P,30976021.08,12947148.46,18028872.62,CNY
688313.SH,20251231,光纤连接器,P,855140547.52,,,CNY
688313.SH,20251231,PLC分路器芯片系列产品,P,74694105.45,,,CNY
688313.SH,20251231,DFB激光器芯片系列产品,P,84183715.53,,,CNY
688313.SH,20251231,AWG芯片系列产品,P,545260822.89,,,CNY
688313.SH,20250630,线缆材料,P,125639131.4,,,CNY
688313.SH,20250630,室内光缆,P,149965606.38,,,CNY
688313.SH,20250630,其他光器件类,P,14017352.15,,,CNY
688313.SH,20250630,其他业务,P,17028902.45,,,CNY
688313.SH,20250630,光纤连接器,P,298152695.77,,,CNY
688313.SH,20250630,PLC分路器芯片系列产品,P,33912160.17,,,CNY
688313.SH,20250630,DFB激光器芯片系列产品,P,43034858.4,,,CNY
688313.SH,20250630,AWG芯片系列产品,P,310874551.72,,,CNY
688313.SH,20241231,线缆材料,P,231367693.99,43779471.4,187588222.59,CNY
688313.SH,20241231,室内光缆,P,218742961.74,32263389.15,186479572.59,CNY
688313.SH,20241231,其他光器件类,P,28209442.95,,,CNY
688313.SH,20241231,其他业务,P,18069960.03,4425480.9,13644479.13,CNY
688313.SH,20241231,光纤连接器,P,145071175.65,,,CNY
688313.SH,20241231,PLC分路器芯片系列产品,P,79548862.74,,,CNY
688313.SH,20241231,DFB激光器芯片系列产品,P,70888282.86,,,CNY
688313.SH,20241231,AWG芯片系列产品,P,282629182.6,,,CNY
688313.SH,20240630,线缆材料,P,101819193.86,,,CNY
688313.SH,20240630,室内光缆,P,98059598.59,,,CNY
688313.SH,20240630,其他光器件类,P,10477259.12,,,CNY
688313.SH,20240630,其他业务,P,8416304.91,,,CNY
688313.SH,20240630,光纤连接器,P,57004423.36,,,CNY
688313.SH,20240630,PLC分路器芯片系列产品,P,36661802.61,,,CNY
688313.SH,20240630,DFB激光器芯片系列产品,P,34775854.56,,,CNY
688313.SH,20240630,AWG芯片系列产品,P,101690909.22,,,CNY
688331.SH,20251231,销售商品,P,2307354343.62,1924571786.68,382782556.94,CNY
688331.SH,20251231,提供劳务,P,39151673.35,16808263.98,22343409.37,CNY
688331.SH,20251231,技术授权,P,895053500.0,,,CNY
688331.SH,20251231,其他业务,P,9491544.96,1077011.5,8414533.46,CNY
688331.SH,20250630,销售商品,P,1091976197.54,921848531.78,170127665.76,CNY
688331.SH,20250630,租赁收入,P,1800086.83,465657.73,1334429.1,CNY
688331.SH,20250630,出售材料收入,P,4177153.94,620168.27,3556985.67,CNY
688331.SH,20241231,销售商品,P,1699142771.46,1369848714.45,329294057.01,CNY
688331.SH,20241231,提供劳务,P,11009412.27,7106880.8,3902531.47,CNY
688331.SH,20241231,其他业务,P,6709504.3,2742597.53,3966906.77,CNY
688331.SH,20240630,销售商品,P,729473955.27,573624036.54,155849918.73,CNY
688331.SH,20240630,租赁收入,P,1365601.78,635495.39,730106.39,CNY
688331.SH,20240630,提供劳务,P,10302866.67,6417953.49,3884913.18,CNY
688331.SH,20240630,出售材料收入,P,614356.17,-112590.87,726947.04,CNY
688339.SH,20251231,零部件,P,6939589.2,1673741.89,5265847.31,CNY
688339.SH,20251231,燃料电池系统,P,121959824.97,-24176923.45,146136748.42,CNY
688339.SH,20251231,技术开发及服务,P,11355581.19,1992773.46,9362807.73,CNY
688339.SH,20251231,其他主营业务,P,118282314.21,96007658.88,22274655.33,CNY
688339.SH,20250630,零部件,P,2173862.78,-583100.48,2756963.26,CNY
688339.SH,20250630,燃料电池系统,P,50642296.45,-18929056.24,69571352.69,CNY
688339.SH,20250630,技术开发及服务,P,8519193.2,1500582.51,7018610.69,CNY
688339.SH,20250630,其他主营业务,P,10593905.98,-279591.68,10873497.66,CNY
688339.SH,20241231,零部件,P,35004174.63,5833612.97,29170561.66,CNY
688339.SH,20241231,燃料电池系统,P,272659635.69,31891289.05,240768346.64,CNY
688339.SH,20241231,技术开发及服务,P,24917464.77,5315327.27,19602137.5,CNY
688339.SH,20241231,其他主营业务,P,34090080.83,2675998.06,31414082.77,CNY
688339.SH,20240630,零部件,P,24551506.1,2580239.54,21971266.56,CNY
688339.SH,20240630,燃料电池系统,P,109418025.07,25085088.45,84332936.62,CNY
688339.SH,20240630,技术开发及服务,P,6825639.15,855813.46,5969825.69,CNY
688339.SH,20240630,其他主营业务,P,13048355.23,-1272586.18,14320941.41,CNY
688387.SH,20251231,行业专网设备及其他,P,1235719151.88,428752008.38,806967143.5,CNY
688387.SH,20251231,系统设备,P,1364848694.88,567708439.68,797140255.2,CNY
688387.SH,20251231,移动通信网络运维服务,P,343422947.35,34591444.81,308831502.54,CNY
688387.SH,20251231,移动通信一体化服务,P,2215061149.13,217418836.35,1997642312.78,CNY
688387.SH,20251231,室分设备,P,376661361.17,57460120.95,319201240.22,CNY
688387.SH,20251231,天馈设备,P,591508717.28,101514591.45,489994125.83,CNY
688387.SH,20251231,其他业务,P,17847260.68,11117888.67,6729372.01,CNY
688387.SH,20241231,行业专网设备及其他,P,1054400863.05,387490351.15,666910511.9,CNY
688387.SH,20241231,系统设备,P,1391825787.53,547591814.81,844233972.72,CNY
688387.SH,20241231,移动通信网络运维服务,P,378829309.35,50345385.87,328483923.48,CNY
688387.SH,20241231,移动通信一体化服务,P,2272601373.31,233621271.12,2038980102.19,CNY
688387.SH,20241231,室分设备,P,427129682.11,54457045.02,372672637.09,CNY
688387.SH,20241231,天馈设备,P,914378902.4,173207363.48,741171538.92,CNY
688387.SH,20241231,其他业务,P,52031983.68,30012077.2,22019906.48,CNY
688418.SH,20251231,核心网络系统,P,136069038.9,77214797.49,58854241.41,CNY
688418.SH,20251231,数智网络及智慧应急系统,P,412478367.99,129168706.7,283309661.29,CNY
688418.SH,20251231,技术及维保服务,P,169964995.93,83924962.21,86040033.72,CNY
688418.SH,20251231,其他业务,P,20836034.12,624718.64,20211315.48,CNY
688418.SH,20251231,光网络及接入系统,P,137490569.12,59232393.49,78258175.63,CNY
688418.SH,20250630,集中式局端系统,P,66986782.97,29547867.45,37438915.52,CNY
688418.SH,20250630,核心网络系统,P,38036988.8,27668903.85,10368084.95,CNY
688418.SH,20250630,数智网络及智慧应急系统,P,144506005.14,55174762.87,89331242.27,CNY
688418.SH,20250630,指挥调度系统,P,144506005.14,55174762.87,89331242.27,CNY
688418.SH,20250630,技术及维保服务,P,91302835.92,45585943.69,45716892.23,CNY
688418.SH,20250630,其他业务,P,9324121.67,52767.1,9271354.57,CNY
688418.SH,20250630,光网络及接入系统,P,66986782.97,29547867.45,37438915.52,CNY
688418.SH,20241231,集中式局端系统,P,283078131.16,124718327.94,158359803.22,CNY
688418.SH,20241231,核心网络系统,P,93819277.05,52797971.04,41021306.01,CNY
688418.SH,20241231,数智网络及智慧应急系统,P,387561151.52,164193254.16,223367897.36,CNY
688418.SH,20241231,指挥调度系统,P,387561151.52,164193254.16,223367897.36,CNY
688418.SH,20241231,技术及维保服务,P,177455897.58,90411507.92,87044389.66,CNY
688418.SH,20241231,其他业务,P,9743699.61,2461355.46,7282344.15,CNY
688418.SH,20241231,光网络及接入系统,P,283078131.16,124718327.94,158359803.22,CNY
688418.SH,20240630,集中式局端系统,P,104056549.03,49479733.49,54576815.54,CNY
688418.SH,20240630,核心网络系统,P,60055186.78,42736025.66,17319161.12,CNY
688418.SH,20240630,数智网络及智慧应急系统,P,132732972.67,63627788.78,69105183.89,CNY
688418.SH,20240630,指挥调度系统,P,132732972.67,63627788.78,69105183.89,CNY
688418.SH,20240630,技术及维保服务,P,74722849.71,42974981.8,31747867.91,CNY
688418.SH,20240630,其他业务,P,4199301.24,2393748.53,1805552.71,CNY
688418.SH,20240630,光网络及接入系统,P,104056549.03,49479733.49,54576815.54,CNY
688538.SH,20251231,其他业务,P,116584661.73,113838557.82,2746103.91,CNY
688538.SH,20251231,AMOLED半导体显示面板,P,5384160800.0,-1023004700.0,6407165500.0,CNY
688538.SH,20241231,其他业务,P,140901850.3,108744281.3,32157569.0,CNY
688538.SH,20241231,AMOLED半导体显示面板,P,4817409900.0,-1288014900.0,6105424800.0,CNY
688558.SH,20251231,高档数控机床,P,688007960.33,193049533.75,494958426.58,CNY
688558.SH,20251231,装备零部件,P,143019853.4,40424853.37,102595000.03,CNY
688558.SH,20251231,智能自动化生产线,P,65353097.85,12643339.45,52709758.4,CNY
688558.SH,20251231,其他业务,P,8962832.69,2726967.52,6235865.17,CNY
688558.SH,20251231,中档数控机床,P,363841137.04,72181562.8,291659574.24,CNY
688558.SH,20250630,装备零部件,P,72011320.06,19533439.32,52477880.74,CNY
688558.SH,20250630,智能自动化生产线,P,34925527.18,7809294.21,27116232.97,CNY
688558.SH,20250630,数控机床,P,534529178.66,134122955.98,400406222.68,CNY
688558.SH,20250630,其他业务,P,4566338.99,1912123.33,2654215.66,CNY
688558.SH,20241231,高档数控机床,P,504913477.9,140182218.02,364731259.88,CNY
688558.SH,20241231,装备零部件,P,118458275.6,33473852.63,84984422.97,CNY
688558.SH,20241231,智能自动化生产线,P,79016109.11,12934504.1,66081605.01,CNY
688558.SH,20241231,其他业务,P,8638615.95,3354715.14,5283900.81,CNY
688558.SH,20241231,中档数控机床,P,326394891.18,59747450.02,266647441.16,CNY
688558.SH,20240630,装备零部件,P,51969370.08,14095716.88,37873653.2,CNY
688558.SH,20240630,智能自动化生产线,P,47733993.18,8903333.05,38830660.13,CNY
688558.SH,20240630,数控机床,P,416378687.61,95153545.26,321225142.35,CNY
688558.SH,20240630,其他业务,P,4779944.75,2091758.88,2688185.87,CNY
688580.SH,20251231,耗材及配件,P,84121484.47,56100926.7,28020557.77,CNY
688580.SH,20251231,磁刺激类,P,189328822.64,133384826.0,55943996.64,CNY
688580.SH,20251231,电生理类,P,88938621.58,63857774.53,25080847.05,CNY
688580.SH,20251231,电刺激类,P,38866470.7,19356992.56,19509478.14,CNY
688580.SH,20251231,激光射频类,P,45710353.97,23965398.34,21744955.63,CNY
688580.SH,20251231,其他主营业务,P,15759911.25,9603091.66,6156819.59,CNY
688580.SH,20250630,耗材及配件,P,40878140.96,27174904.67,13703236.29,CNY
688580.SH,20250630,磁刺激类,P,83013226.84,57929883.69,25083343.15,CNY
688580.SH,20250630,电生理类,P,40357647.22,28873601.37,11484045.85,CNY
688580.SH,20250630,电机、新能源汽车精密零部件及其他零部件产品,P,21582300.85,11683497.52,9898803.33,CNY
688580.SH,20250630,电刺激类,P,17711496.54,9456471.93,8255024.61,CNY
688580.SH,20250630,激光射频类,P,21582300.85,11683497.52,9898803.33,CNY
688580.SH,20250630,其他主营业务,P,6910571.93,3969850.88,2940721.05,CNY
688580.SH,20241231,耗材及配件,P,79326014.57,52791106.75,26534907.82,CNY
688580.SH,20241231,磁刺激类,P,171777168.14,120359605.02,51417563.12,CNY
688580.SH,20241231,电生理类,P,64944783.34,44335526.95,20609256.39,CNY
688580.SH,20241231,电机、新能源汽车精密零部件及其他零部件产品,P,29541017.7,14660126.26,14880891.44,CNY
688580.SH,20241231,电刺激类,P,36665368.45,22025777.39,14639591.06,CNY
688580.SH,20241231,激光射频类,P,29541017.7,14660126.26,14880891.44,CNY
688580.SH,20241231,其他主营业务,P,13080655.02,3106105.35,9974549.67,CNY
688580.SH,20241231,其他业务,P,4723916.09,4554231.16,169684.93,CNY
688580.SH,20240630,耗材及配件,P,36738975.21,24363516.39,12375458.82,CNY
688580.SH,20240630,磁刺激类,P,85159210.35,64660966.51,20498243.84,CNY
688580.SH,20240630,电生理类,P,29636924.38,22033103.01,7603821.37,CNY
688580.SH,20240630,电机、新能源汽车精密零部件及其他零部件产品,P,13137300.92,8848135.1,4289165.82,CNY
688580.SH,20240630,电刺激类,P,16220354.46,11133979.82,5086374.64,CNY
688580.SH,20240630,激光射频类,P,13137300.92,8848135.1,4289165.82,CNY
688580.SH,20240630,其他主营业务,P,8486032.1,2055602.66,6430429.44,CNY
688580.SH,20240630,其他业务,P,2200128.98,2183678.74,16450.24,CNY
688599.SH,20251231,系统解决方案,P,12358269050.09,1440706055.66,10917562994.43,CNY
688599.SH,20251231,数字能源,P,2765037540.22,1539965141.96,1225072398.26,CNY
688599.SH,20251231,其他业务,P,2428389099.62,504596647.68,1923792451.94,CNY
688599.SH,20251231,光伏产品,P,45142801723.95,-641508323.81,45784310047.76,CNY
688599.SH,20251231,储能业务,P,4280051113.75,628760220.12,3651290893.63,CNY
688599.SH,20250630,系统解决方案,P,6593365081.71,878373140.39,5714991941.32,CNY
688599.SH,20250630,系统产品业务,P,6593365081.71,878373140.39,5714991941.32,CNY
688599.SH,20250630,数字能源,P,1373077842.03,793296033.18,579781808.85,CNY
688599.SH,20250630,发电业务及运维,P,1373077842.03,793296033.18,579781808.85,CNY
688599.SH,20250630,其他业务,P,1722069906.31,319829617.89,1402240288.42,CNY
688599.SH,20250630,光伏产品,P,20082133943.13,-499188944.95,20581322888.08,CNY
688599.SH,20250630,储能业务,P,1285455887.02,200473132.39,1084982754.63,CNY
688599.SH,20241231,系统解决方案,P,18806156496.93,3460076719.98,15346079776.95,CNY
688599.SH,20241231,系统产品业务,P,18806156496.93,3460076719.98,15346079776.95,CNY
688599.SH,20241231,数字能源,P,1963720364.39,1078759235.4,884961128.99,CNY
688599.SH,20241231,发电业务及运维,P,1963720364.39,1078759235.4,884961128.99,CNY
688599.SH,20241231,其他业务,P,1467913100.64,465530880.58,1002382220.06,CNY
688599.SH,20241231,光伏产品,P,55708962187.21,2396196910.44,53312765276.77,CNY
688599.SH,20241231,储能业务,P,2334989980.17,302356774.62,2032633205.55,CNY
688599.SH,20240630,系统解决方案,P,8318523862.92,1527617701.93,6790906160.99,CNY
688599.SH,20240630,系统产品业务,P,8318523862.92,1527617701.93,6790906160.99,CNY
688599.SH,20240630,电站业务,P,2527866690.91,471380815.28,2056485875.63,CNY
688599.SH,20240630,智能微网及多能系统,P,778297987.39,-59584449.78,837882437.17,CNY
688599.SH,20240630,数字能源,P,752303009.39,415016234.1,337286775.29,CNY
688599.SH,20240630,发电业务及运维,P,752303009.39,415016234.1,337286775.29,CNY
688599.SH,20240630,其他业务,P,534371468.77,251854028.16,282517440.61,CNY
688599.SH,20240630,光伏组件,P,30056735964.91,3346484199.54,26710251765.37,CNY
688639.SH,20251231,维生素产品,P,144235838.39,11472350.46,132763487.93,CNY
688639.SH,20251231,氨基酸产品,P,2059033205.79,534988887.98,1524044317.81,CNY
688639.SH,20251231,其他主营业务,P,107411408.55,31416946.26,75994462.29,CNY
688639.SH,20251231,其他业务,P,551160670.96,30745188.78,520415482.18,CNY
688639.SH,20250630,维生素产品,P,79519694.26,9883923.06,69635771.2,CNY
688639.SH,20250630,氨基酸产品,P,1056767184.89,323114510.78,733652674.11,CNY
688639.SH,20250630,其他主营业务,P,40801178.4,10257984.79,30543193.61,CNY
688639.SH,20250630,其他业务,P,312072403.59,15709501.86,296362901.73,CNY
688639.SH,20241231,维生素产品,P,206642560.67,42917129.51,163725431.16,CNY
688639.SH,20241231,氨基酸产品,P,1509178612.98,452721533.76,1056457079.22,CNY
688639.SH,20241231,其他主营业务,P,89128765.71,25477208.69,63651557.02,CNY
688639.SH,20241231,其他业务,P,372990899.87,21720219.26,351270680.61,CNY
688639.SH,20240630,维生素产品,P,83592998.91,29894546.95,53698451.96,CNY
688639.SH,20240630,氨基酸产品,P,742707761.98,271233694.86,471474067.12,CNY
688639.SH,20240630,其他主营业务,P,32768257.21,9291446.46,23476810.75,CNY
688639.SH,20240630,其他业务,P,157151719.61,10675634.88,146476084.73,CNY
688686.SH,20251231,运控产品,P,134964210.73,41627472.14,93336738.59,CNY
688686.SH,20251231,机器视觉配件,P,173313920.34,100923382.35,72390537.99,CNY
688686.SH,20251231,机器视觉核心部件,P,960146650.95,629290705.62,330855945.33,CNY
688686.SH,20251231,其他业务,P,615415.15,517888.9,97526.25,CNY
688686.SH,20241231,机器视觉配件,P,116250065.16,62463113.81,53786951.35,CNY
688686.SH,20241231,机器视觉核心部件,P,793457628.37,516388111.76,277069516.61,CNY
688686.SH,20241231,其他业务,P,1666151.05,485121.79,1181029.26,CNY
688697.SH,20251231,立式数控机床,P,934511775.47,180545543.42,753966232.05,CNY
688697.SH,20251231,大型加工中心,P,1225817862.78,243537423.55,982280439.23,CNY
688697.SH,20251231,卧式数控机床,P,661040934.73,163913300.07,497127634.66,CNY
688697.SH,20251231,其他机床及配件,P,57720167.1,10011837.3,47708329.8,CNY
688697.SH,20251231,其他业务,P,14331748.61,6467931.34,7863817.27,CNY
688697.SH,20250630,立式数控机床,P,426697826.78,77539745.11,349158081.67,CNY
688697.SH,20250630,大型加工中心,P,528175558.12,103017878.24,425157679.88,CNY
688697.SH,20250630,卧式数控机床,P,289952040.16,69370355.89,220581684.27,CNY
688697.SH,20250630,其他机床及配件,P,27317578.2,6066228.71,21251349.49,CNY
688697.SH,20250630,其他业务,P,6313829.23,3005896.72,3307932.51,CNY
688697.SH,20241231,立式数控机床,P,745629152.93,157466119.76,588163033.17,CNY
688697.SH,20241231,大型加工中心,P,1080488727.88,242874417.61,837614310.27,CNY
688697.SH,20241231,卧式数控机床,P,603823706.07,170387093.31,433436612.76,CNY
688697.SH,20241231,其他机床及配件,P,19380011.94,6881587.46,12498424.48,CNY
688697.SH,20241231,其他业务,P,12816536.39,5512636.1,7303900.29,CNY
688697.SH,20240630,立式数控机床,P,365546541.3,82932810.21,282613731.09,CNY
688697.SH,20240630,大型加工中心,P,530800362.03,133653859.63,397146502.4,CNY
688697.SH,20240630,卧式数控机床,P,253443983.44,72774301.58,180669681.86,CNY
688697.SH,20240630,其他机床及配件,P,6163305.99,2728317.7,3434988.29,CNY
688697.SH,20240630,其他业务,P,6341067.16,2144996.78,4196070.38,CNY
688777.SH,20251231,运维服务,P,446711128.27,99053035.67,347658092.6,CNY
688777.SH,20251231,自动化仪表,P,1251728316.28,233374619.67,1018353696.61,CNY
688777.SH,20251231,控制系统+软件+其他,P,1230767400.0,561279100.0,669488300.0,CNY
688777.SH,20251231,控制系统+仪表,P,2116370400.0,679869900.0,1436500500.0,CNY
688777.SH,20251231,控制系统,P,1180028400.0,606824600.0,573203800.0,CNY
688777.SH,20251231,工业软件及服务,P,715111369.39,264903409.53,450207959.86,CNY
688777.SH,20251231,其他业务,P,77258873.01,20658604.33,56600268.68,CNY
688777.SH,20251231,S2B平台业务,P,1054601836.31,53975440.75,1000626395.56,CNY
688777.SH,20250630,运维服务,P,169681221.42,34666373.72,135014847.7,CNY
688777.SH,20250630,自动化仪表,P,676575438.8,119873066.58,556702372.22,CNY
688777.SH,20250630,智能制造解决方案,P,2237993361.57,884406407.08,1353586954.49,CNY
688777.SH,20250630,工业软件及服务,P,291866604.71,157704958.9,134161645.81,CNY
688777.SH,20250630,其他业务,P,40575510.27,9583450.37,30992059.9,CNY
688777.SH,20250630,S2B平台业务,P,413552325.71,22518109.57,391034216.14,CNY
688777.SH,20241231,运维服务,P,424092811.3,156097798.87,267995012.43,CNY
688777.SH,20241231,自动化仪表,P,643001466.75,200983011.99,442018454.76,CNY
688777.SH,20241231,控制系统+软件+其他,P,1909758800.0,846177100.0,1063581700.0,CNY
688777.SH,20241231,控制系统+仪表,P,2239121300.0,710283600.0,1528837700.0,CNY
688777.SH,20241231,控制系统,P,1493786400.0,737693400.0,756093000.0,CNY
688777.SH,20241231,工业软件及服务,P,743203731.64,271689554.33,471514177.31,CNY
688777.SH,20241231,其他主营业务,P,9867873.34,1530345.93,8337527.41,CNY
688777.SH,20241231,其他业务,P,53612470.85,25609460.48,28003010.37,CNY
688777.SH,20241231,S2B平台业务,P,1622069217.07,144581906.25,1477487310.82,CNY
688777.SH,20240630,运维服务,P,151753179.39,47468126.22,104285053.17,CNY
688777.SH,20240630,自动化仪表,P,352906519.85,113202926.43,239703593.42,CNY
688777.SH,20240630,智能制造解决方案,P,2472605653.46,1012369235.11,1460236418.35,CNY
688777.SH,20240630,工业软件及服务,P,362537202.86,114801719.95,247735482.91,CNY
688777.SH,20240630,其他主营业务,P,9867873.35,1648976.29,8218897.06,CNY
688777.SH,20240630,其他业务,P,26322580.61,13260451.57,13062129.04,CNY
688777.SH,20240630,S2B平台业务,P,876178370.28,110441575.13,765736795.15,CNY
