ts_code,name,trade_date,q,a,pub_time,code6
688017.SH,绿的谐波,20260423,请问，截止到2026年4月8日公司的股东人数是多少呢？,尊敬的投资者您好，公司会在定期报告中披露对应时点的股东人数信息。如需了解其他时间点的股东信息，请将证券开户营业部或中国证券登记结算公司开具的有效持股证明及本人有效身份证件发送至公司投资者邮箱，公司核实后予以提供，感谢您的关注！,2026-04-23 16:36:51,688017
688017.SH,绿的谐波,20260326,董秘你好公司产品有应用哪些行业跟领域？公司有引入人工智能技术来提高效益吗？,尊敬的投资者您好，公司是一家专业从事精密传动装置研发、设计、生产和销售的高新技术企业，产品包括谐波减速器、行星滚柱丝杠及精密零部件、机电一体化产品、智能自动化装备等。公司产品广泛应用于智能机器人、数控机床、医疗器械、半导体生产设备、新能源装备等高端制造领域。感谢您的关注！,2026-03-26 16:30:00,688017
688017.SH,绿的谐波,20260326,董秘你好公司有布局光伏跟投资相关产业链领域或者合作吗？,尊敬的投资者您好，公司是一家专业从事精密传动装置研发、设计、生产和销售的高新技术企业，产品包括谐波减速器、行星滚柱丝杠及精密零部件、机电一体化产品、智能自动化装备等。公司产品广泛应用于智能机器人、数控机床、医疗器械、半导体生产设备、新能源装备等高端制造领域。感谢您的关注！,2026-03-26 16:30:00,688017
688017.SH,绿的谐波,20260326,董秘你好公司产品在工业母机领域有涉足吗？,尊敬的投资者您好，公司是一家专业从事精密传动装置研发、设计、生产和销售的高新技术企业，产品包括谐波减速器、行星滚柱丝杠及精密零部件、机电一体化产品、智能自动化装备等。公司产品广泛应用于智能机器人、数控机床、医疗器械、半导体生产设备、新能源装备等高端制造领域。感谢您的关注！,2026-03-26 16:30:00,688017
688017.SH,绿的谐波,20260326,董秘你好公司产品能否应用光伏、电力这些领域能否讲解下？,尊敬的投资者您好，公司是一家专业从事精密传动装置研发、设计、生产和销售的高新技术企业，产品包括谐波减速器、行星滚柱丝杠及精密零部件、机电一体化产品、智能自动化装备等。公司产品广泛应用于智能机器人、数控机床、医疗器械、半导体生产设备、新能源装备等高端制造领域。感谢您的关注！,2026-03-26 16:30:00,688017
688017.SH,绿的谐波,20260326,董秘你好公司产品在AIGC领域有哪些涉足布局？,尊敬的投资者您好，公司是一家专业从事精密传动装置研发、设计、生产和销售的高新技术企业，产品包括谐波减速器、行星滚柱丝杠及精密零部件、机电一体化产品、智能自动化装备等。公司产品广泛应用于智能机器人、数控机床、医疗器械、半导体生产设备、新能源装备等高端制造领域。感谢您的关注！,2026-03-26 16:30:00,688017
688017.SH,绿的谐波,20260326,董秘您好，请问公司对于球形电机用于人形机器人的前景如何看待？,尊敬的投资者您好。球形电机尚处于技术研发阶段，暂时还无法满足具身智能机器人关节的性能及量产要求。感谢您的关注！,2026-03-26 16:30:00,688017
688017.SH,绿的谐波,20260326,近日关注到，机器人行业出现以“直驱关节模组”替代传统“伺服电机+谐波减速器”方案的技术趋势。有企业提出，其直驱方案能够实现更高的集成度、静音性和能效。请问贵司如何看待这一技术路径的挑战？,尊敬的投资者您好。直驱关节模组是机器人驱动技术的重要探索方向，在特定轻载、静音场景具备应用价值，但目前仍面临扭矩密度、热管理、重载适配及成本规模化等技术挑战。感谢您的关注。,2026-03-26 16:30:00,688017
688017.SH,绿的谐波,20260325,关注到公司前三季度虽然营收增长，但毛利率仍受行业价格战和新产能折旧的影响。请问公司认为谐波减速器的价格战是否已经见底？随着 2026 年高附加值的‘微型/定制化’人形机器人产品（如 14mm 微型减速器）放量，公司对明年整体毛利率的回升是否有信心？,尊敬的投资者您好，公司在稳步提升产能以匹配市场需求的同时，持续优化生产工艺与运营流程，生产效率与资源利用效率显著改善，进一步增强了盈利转化能力，推动公司实现高质量增长。感谢您的关注。,2026-03-25 16:30:00,688017
688017.SH,绿的谐波,20260224,董秘你好公司跟特斯拉有业务往来跟产品合作吗？,尊敬的投资者您好，相关内容请关注公司后续披露的定期报告。感谢您的关注！,2026-02-24 16:30:07,688017
688017.SH,绿的谐波,20260224,尊敬的董秘，你好，请问与特斯拉是否有合作？是否有给特斯拉送样验证？,尊敬的投资者您好，相关内容请关注公司后续披露的定期报告。感谢您的关注！,2026-02-24 16:30:07,688017
688017.SH,绿的谐波,20260224,董秘你好公司产品有引用人工智能技术吗？,尊敬的投资者您好，截至目前，公司产品尚未引用人工智能技术，我们始终专注于精密传动装置等核心业务的研发、生产与销售。未来可能会引用人工智能技术应用于智能生产环节，借助其强大的数据分析与处理能力，实现生产流程的智能化管理与优化，进一步提升产品质量与生产效率。感谢您的关注！,2026-02-24 16:30:00,688017
688017.SH,绿的谐波,20260209,公司今年以来关于人形机器人方面的公告相对较少 且不断减持后 更加低调 请问公司 何时能够接受机构投资者调研,尊敬的投资者您好，公司始终高度重视与投资者的沟通交流，搭建了全方位、多渠道的沟通互动平台，常态化通过业绩说明会、投资者交流会、上证E互动平台、公司现场调研等线上线下多元化渠道，与投资者保持良好互动，积极向市场传递公司的价值理念和业务发展动态。感谢您的关注。,2026-02-09 16:30:00,688017
688017.SH,绿的谐波,20260209,管理层好。市场普遍预期 2026 年是人形机器人量产元年。请问公司年产 50 万台精密减速器的新产能目前爬坡情况如何？针对北美头部客户及国内头部集成商的 2026 年意向订单，是否已经开始锁定产能？公司预计明年人形机器人业务的营收占比能否有质的飞跃？,尊敬的投资者您好，公司在稳步提升产能以匹配市场需求的同时，持续优化生产工艺与运营流程，生产效率与资源利用效率显著改善，进一步增强了盈利转化能力，推动公司实现高质量增长。感谢您的关注。,2026-02-09 16:30:00,688017
688017.SH,绿的谐波,20260209,董秘您好，请问贵公司与三花智控合资的墨西哥工厂双方具体股权比例是多少？该合资公司是否已完成设立？,尊敬的投资者您好！公司与三花智控合作的项目请以上市公司公告为准，感谢您的关注！,2026-02-09 16:30:01,688017
688017.SH,绿的谐波,20260209,公司通过在德国等地销售研发平台的运营，进一步加强品牌建设与推广，请问公司近年是否存在向欧盟成员国出口或销售的相关业务？如有，欧盟地区业务收入在公司整体营业收入中的占比大致为多少？此外，公司对欧盟市场的销售主要通过哪种方式实现：是以境内主体直接向欧盟客户出口为主，还是通过在欧盟国家设立的子公司进行销售，或通过第三方贸易商、代理商转销至欧盟市场？,尊敬的投资者您好，公司正积极推进海外市场拓展战略，通过深化与海外合作伙伴的沟通交流，海外客群布局初见成效，为整体增长注入新的动力。公司境外销售产品包括谐波减速器及精密零部件、机电一体化产品等，其中谐波减速器和机电一体化产品采用直销与经销相结合的模式，精密零部件采用直销模式。感谢您的关注。,2026-02-09 16:30:01,688017
688017.SH,绿的谐波,20260209,董秘您好，贵公司在机器人方面业务占主营业务比例大概多少？和特斯拉机器人、宇树、智元机器人有合作吗？未来发展规划？谢谢,尊敬的投资者您好，在具身智能机器人领域，公司紧跟行业从实验室研发向规模化落地的关键转折趋势，积极推进相关产品的研发与商业化进程。目前，部分头部厂商已进入小批量试生产阶段，我们的相关产品凭借过硬的品质获得了下游企业的认可，相关收入实现大幅增长，为公司开辟了新的增长空间。您关注机器人业务占主营业务的比例数据请关注公司披露的定期报告。感谢您的关注！,2026-02-09 16:30:01,688017
688017.SH,绿的谐波,20251127,谐波减速器国际与国内的市场空间与增速如何？ 绿的谐波的机电一体化产品的市场空间与增速如何，机电一体化产品的竞争优势有哪些？绿的谐波具体的产能情况？单台谐波减速器的价值？2023年与2024年谐波减速器与机电一体化产品的产销量？绿的谐波国内谐波减速器市占率多少？在全球谐波减速器市占率 多少？公司是否已和三花智控在三花墨西哥工业园设立合资企业？,尊敬的投资者您好，2025年在机器人行业整体回暖的有利环境下，公司凭借技术积累与战略布局，实现了业务规模与盈利能力的双提升，核心业务多点突破，研发与产能建设同步推进，为全年发展奠定了坚实基础。在具身智能机器人领域，我们紧跟行业从实验室研发向规模化落地的关键转折趋势，积极推进相关产品的研发与商业化进程。目前，部分头部厂商已进入小批量试生产阶段，我们的相关产品凭借过硬的品质获得了下游企业的认可，相关收入实现大幅增长，为公司开辟了新的增长空间。您关注产销量数据请关注公司披露的定期报告。感谢您的关注！,2025-11-27 16:30:01,688017
688017.SH,绿的谐波,20251127,请问10月31日的股东人数多少，谢谢,尊敬的投资者您好，公司会在定期报告中披露对应时点的股东人数信息。如需了解其他时间点的股东信息，请将证券开户营业部或中国证券登记结算公司开具的有效持股证明及本人有效身份证件发送至公司投资者邮箱，公司核实后予以提供，感谢您的关注！,2025-11-27 16:30:01,688017
688017.SH,绿的谐波,20251127,感谢你们不厌其烦的回复我们提出的问题。請問把带有时间和姓名的股票交易软件持仓截图和身份证一并扫描发送至公司邮箱，可以获知 非定期报告相关时点的股东人数吗？盼你们具体，明确答复。顺祝健康，快乐 【比如截至到2025年10月31日贵公司的股东人数是多少,尊敬的投资者您好，公司会在定期报告中披露对应时点的股东人数信息。如需了解其他时间点的股东信息，请将证券开户营业部或中国证券登记结算公司开具的有效持股证明及本人有效身份证件发送至公司投资者邮箱，公司核实后予以提供，感谢您的关注！,2025-11-27 16:30:01,688017
688017.SH,绿的谐波,20251009,请问贵司如何看待近期日企研发量产的球形齿轮？据称该球形齿轮有效打破传统齿轮的运动边界，彻底改变人形机器人齿轮行业竞争格局，据传此类产品会使贵司谐波减速器竞争力丧失，贵司在行业的竞争格局将会发生重大变化，请问贵司如何回应？,尊敬的投资者您好，感谢您对行业技术发展及我司的关注，也感谢您提出的宝贵建议。我司始终密切追踪全球机器人核心传动部件领域的技术演进，致力于通过持续创新为客户提供更具竞争力的传动解决方案。感谢您的关注！,2025-10-09 16:30:07,688017
688017.SH,绿的谐波,20251009,做为贵公司的长期股东，希望公司管理层能够专心做好实业，别跟个投机者一样，一心放在减持套现方面！,尊敬的投资者您好！非常感谢您对公司的长期信任与坦诚建言。公司管理层将持续聚焦主业，以更好的业绩回报股东信任。感谢您的关注！,2025-10-09 16:30:07,688017
688017.SH,绿的谐波,20250820,请问，在全球机器人狂欢时代，公司在手订单情况，如果应对未来减速器供需错配，供应短缺的情况？,尊敬的投资者您好，为满足市场对精密传动装置日益增长的需求，我们有序推进募投项目 “新一代精密传动装置智能制造项目” 的建设工作。该项目重点围绕精密谐波减速器及行星滚柱丝杠进行产能扩张，将进一步提升公司的规模化生产能力，优化产品结构，增强对下游市场的供应保障能力，为公司未来的业务增长提供坚实的产能支撑。感谢您的关注！,2025-08-22 09:18:22,688017
688017.SH,绿的谐波,20250820,请问公司在万向节-谐波耦合传动方向有技术储备或相关方案吗,尊敬的投资者您好，公司未布局万向节相关技术，感谢您的关注！,2025-08-22 09:18:22,688017
688017.SH,绿的谐波,20250820,董秘您好，在公司官网的产品序列没有看到丝杆类产品，请问公司是否有丝杠产品或技术布局？,尊敬的投资者您好！非常感谢您的建议。我司的行星滚柱丝杠产品已步入小规模量产阶段。在机器人行业领域，公司正与客户紧密协同，开展研发迭代工作，致力于打造更契合行业需求的优质产品 。与此同时，公司积极扩充研发团队，大力推进行星滚柱丝杠在非机器人行业应用场景的研发探索，不断拓展产品的应用边界，挖掘新的市场机遇。后续，公司将尽快完成行星滚柱丝杠相关产品介绍的更新工作，以便您及其他投资者更全面、深入地了解产品的特性、优势及应用情况。感谢您的关注！,2025-08-22 09:18:22,688017
688017.SH,绿的谐波,20250711,请问底特律AUTOMATE展会上公司新品有哪些，能否介绍下相关产品特点及落地应用等,尊敬的投资者您好，我司在底特律AUTOMATE展会上主要展示的新品为灵巧手适用微型谐波减速器以及线性执行器适用的反向行星滚柱丝杠等产品。微型谐波减速器采用小型化、轻量化设计，外径最小可达6mm，非常适用于对体积、重量有极致要求的医疗、半导体设备，智能机器人手指关节等场景。行星滚柱丝杠是采用丝杠与滚柱螺母结构，凭借线接触实现强大承载能力与出色刚性，抗冲击性能佳，能保持高精度传动与良好速度性能，非循环设计提升转速，其接触特性延长使用寿命，且相同载荷下体积更小。基于这些特性，行星滚柱丝杠广泛应用于机床加工、自动化生产线、航空航天、医疗器械、工业机器人等领域，为高精度定位与重载传动需求提供可靠支持 。感谢您的关注!,2025-07-11 16:27:10,688017
688017.SH,绿的谐波,20250711,你们公司生意这么好，有必要这样一起减持吗？真是太伤人心了,尊敬的投资者您好，感谢您的长期支持。公司始终专注主业发展，努力提升公司行业竞争力。股东会严格按法规执行并做好信息披露工作。未来公司将持续聚焦主业，以更好的业绩回报股东信任。感谢您的关注！,2025-07-11 16:27:10,688017
688017.SH,绿的谐波,20250603,香港做为全球金融中心之一，希望贵公司能尽快筹划去香港发行H股，吸引外部长期资金，一起助力公司成长！,尊敬的投资者您好，感谢您的建议和关注！,2025-06-03 16:27:17,688017
688017.SH,绿的谐波,20250603,贵公司高管李谦减持到哪了，完毕了吗，请董秘及时发布公告！,尊敬的投资者您好，李谦先生的减持计划的时间为2025年3月11日至2025年6月10日。公司及股东将及时履行信息披露义务。感谢您的关注！,2025-06-03 16:27:17,688017
688017.SH,绿的谐波,20250512,请问贵公司墨西哥新工厂今年是否能完成投产，谢谢,尊敬的投资者您好，相关内容请关注公司后续披露的定期报告。感谢您的关注！,2025-05-12 15:29:01,688017
688017.SH,绿的谐波,20250512,请问贵公司墨西哥新工厂今年（2025）是否能完成投产，谢谢,尊敬的投资者您好，相关内容请关注公司后续披露的定期报告。感谢您的关注！,2025-05-12 15:29:01,688017
688017.SH,绿的谐波,20250512,请问贵公司在墨西哥新建的工厂进度怎么样了，谢谢,尊敬的投资者您好，相关内容请关注公司后续披露的定期报告。感谢您的关注！,2025-05-12 15:29:01,688017
688017.SH,绿的谐波,20250512,请问美国对墨西哥也加征关税，对公司在墨西哥新建的谐波减速器特斯拉订单有什么影响吗？,尊敬的投资者您好，相关内容请关注公司后续披露的定期报告。感谢您的关注！,2025-05-12 15:29:01,688017
688017.SH,绿的谐波,20250512,请问多家公司回购股份，贵公司有这方面的打算吗？,尊敬的投资者您好，公司高度重视资本市场稳定和股东权益保护，在保证公司长期可持续发展的情况下结合多种因素综合考虑是否开展股份回购，如后续有相关计划，公司将严格按照规定进行信息披露。感谢您对公司的关注。,2025-05-12 15:29:01,688017
688017.SH,绿的谐波,20250512,各了响应上层呼吁，很多公司都在回购股份，为什么你们公司剩那么多钱不回购，反而去理财，请回复！,尊敬的投资者您好，公司高度重视资本市场稳定和股东权益保护，在保证公司长期可持续发展的情况下结合多种因素综合考虑是否开展股份回购，如后续有相关计划，公司将严格按照规定进行信息披露。感谢您对公司的关注。,2025-05-12 15:29:01,688017
688017.SH,绿的谐波,20250430,您好，请问公司的交叉滚子轴承的价值量占到谐波减速器价值量的多少？谢谢,尊敬的投资者您好，不同规格交叉滚子轴承的价值量占谐波减速器的比例不同，感谢您的关注！,2025-04-30 15:31:00,688017
688017.SH,绿的谐波,20250430,董秘您好！请问贵公司是否已经部署了DeepSeek？如果已经部署了，请问主要应用于哪些具体的业务？公司接入DeepSeek有哪些成本、收益方面的考量？如果公司计划在未来再进行部署，计划将DeepSeek应用于什么具体的业务呢？我们投资者非常期待您的回复，谢谢！,尊敬的投资者您好，截至目前，公司尚未部署DeepSeek。我们始终专注于精密传动装置等核心业务的研发、生产与销售。若未来有接入计划，可能会应用于智能生产环节，借助其强大的数据分析与处理能力，实现生产流程的智能化管理与优化，进一步提升产品质量与生产效率。感谢您的关注！,2025-04-30 15:31:00,688017
688017.SH,绿的谐波,20250430,公司生产的供应人形机器人的减速器有没有使用软磁材料,尊敬的投资者您好，目前我司生产供应的谐波减速器，在设计和制造过程中暂未涉及软磁材料的应用 。感谢您的关注！,2025-04-30 15:31:00,688017
688017.SH,绿的谐波,20250430,董秘您好，贵司目前直接或间接销往美国的产品占比有多少？美国欲对我国出口到美国的产品征收高额关税，请问这对贵司未来的销售和业绩有何影响？谢谢,尊敬的投资者您好，根据公司2024年年报，公司2024年出口收入4487.79万元，占营收11.58%，美国市场具体占比暂未单独统计。当前国际贸易环境复杂，中美贸易不确定性及关税政策，公司将借此推动市场多元化。目前已采取多项应对措施：加快海外基地建设，通过本地化生产规避贸易壁垒；加强政策研究，动态调整业务策略；运用金融工具应对汇率风险。未来公司会持续关注政策，灵活调整经营，降低外部环境带来的不利影响。感谢您的关注！,2025-04-30 16:29:25,688017
688017.SH,绿的谐波,20250319,请问你们公司早先承诺不减持，最近又冒出一个董事李谦发布减持，如果这个李谦是你们董事会的人，你们公司怎么可以出尔反尔呢？又怎么能取得董事会通过呢？,尊敬的投资者您好，公司于2025年2月18日披露了《董事集中竞价减持股份计划公告》，具体内容详见此公告，公司及股东将及时履行相关信息的披露义务。感谢您的关注！,2025-03-19 21:28:04,688017
688017.SH,绿的谐波,20250319,请问公司产品是否进入特斯拉供应链？,尊敬的投资者您好，相关内容请关注公司后续披露的定期报告。感谢您的关注！,2025-03-19 21:28:04,688017
688017.SH,绿的谐波,20250319,我是贵公司的一名持股股东，一直以来十分关注绿的谐波的发展动态，也非常期待能进一步深入了解公司的战略规划、运营情况以及未来发展方向 。近期，我拨打贵公司证券部对外公布的联系电话，然而多次拨打均无人接听。我理解证券部日常工作繁忙，可能因各种事务导致电话漏接，但鉴于股东与公司顺畅沟通对双方的重要性，我希望能得到一个合理的解释。另外我在贵司官网也无法获取投资者联系邮箱，希望董秘拨冗提供。,尊敬的投资者您好，给您带来的不便我们深表歉意，我司的投资者联系邮箱为：info@leaderdrive.com。感谢您的关注！,2025-03-19 21:28:04,688017
688017.SH,绿的谐波,20250310,请问公司有没有在旗下产品中使用了球墨铸铁材料，来生产减速器？若有，请具体说明下在哪个环节使用了球墨铸铁？,尊敬的投资者您好，公司现在还未使用球墨铸铁材料生产谐波减速器，感谢您的关注!,2025-03-11 15:32:54,688017
688017.SH,绿的谐波,20241216,董秘您好，有自媒体（机器人大讲堂）报道，贵司正在与相关技术团队研发正向/反向行星滚柱丝杠。请问贵司是否有此安排？该项目何时能投入批量生产。谢谢,尊敬的投资者您好，公司专注于精密传动领域，涉足光、机、电、液等技术在精密传动领域的相关应用。公司在精密旋转传动中重点布局了谐波减速器相关技术和产品；在精密直线传动领域公司积极布局了电静液伺服阀和反向行星滚柱丝杠等产品，适用于大负载、高抗冲击性、高频响的应用场景。感谢您的关注!,2025-01-15 17:07:49,688017
688017.SH,绿的谐波,20241216,如果墨西哥被征税25%，公司针对北美客户人形机器人墨西哥项目是否会调整建设地点?谢谢！,尊敬的投资者您好，全球化布局是公司未来发展的重要战略目标，公司已在北美、东南亚和欧洲相继实现落地，其中包括市场、研发以及生产等多项职能。公司将会从产品开发沟通的便捷性，大规模生产质量的稳定性以及经济性等需求因素综合考虑，为海外客户提供优质的研发资源和供应链保障。关于公司海外的项目投资进展可关注公司后期披露的相关公告。感谢您的关注！,2025-01-15 17:07:49,688017
688017.SH,绿的谐波,20241216,请问公司如何看待RV减速器未来市场空间，能否具体介绍下新型减速器未来市场机会，公司是否有相关技术储备及布局,尊敬的投资者您好，公司专注于精密传动领域，涉足光、机、电、液等技术在精密传动领域的相关应用。公司在精密旋转传动中重点研发并提升谐波减速器的精度、刚性、效率和轻量化等相关性能，并且实现了超小规格谐波的研制和批量生产，适用于狭小紧凑空间的应用场景；在精密直线传动领域公司积极布局了电液伺服技术和行星滚柱丝杠技术等，适用于大负载、高抗冲击性、高频响的应用场景。感谢您的关注!,2025-01-15 17:07:49,688017
688017.SH,绿的谐波,20241216,请问董秘，根据公开信息，各大公司如字节、比亚迪均在布局机器人领域，公司作为机器人核心零部件供应商，是否有给上述公司供货？除上述外，有哪些机器人公司也是我们的客户？,尊敬的投资者您好，根据公开资料显示，已有多家国内外企业发布了包括人形机器人在内的智能机器人样机。谐波减速器是包含人形机器人在内的智能机器人的核心零部件之一，公司做为谐波减速器行业的领先企业具备了在该领域从产品定制化开发到批量生产交付的能力，并且与国内外人形机器人客户保持着良好的合作关系。感谢您的关注！,2025-01-15 17:07:49,688017
688017.SH,绿的谐波,20240830,你好，请问现在的股东总人数是多少？ ,尊敬的投资者您好，感谢您对公司的关注。根据信息披露的相关规则，为保证所有投资者平等获悉公司信息，公司会在定期报告中披露相应时点的股东人数信息，届时敬请关注！,2025-01-15 17:07:41,688017
688017.SH,绿的谐波,20240830,请问公司打算哪天出增发价 ,尊敬的投资者您好，有关定增的相关进度可以关注公司后续发布的相关公告，感谢您的关注！,2025-01-15 17:07:41,688017
688017.SH,绿的谐波,20240830,股价持续下跌，贵司是否有提出什么措施增加投资者信心？贵司提出的提质增效重回报给人的感觉太宏观了？是否有具体的目标（比如利润增长率，销售额增长率等），不然那不就是一纸空文吗？,"尊敬的投资者您好！公司实控人积极响应提质增效重回报的行动方案，基于对公司未来发展的信心以及对公司长期投资价值的认可，同时为了进一步增强投资者信心，维护公司及全体股东的利益，促进公司持续、稳定、健康发展，公司实控人拟自 2024 年 7 月 19 日起 3 个月内合计增持金额不低于人民币 500 万元且不超过人民币 1,000 万元。可参见公司于上海证券交易所网站披露的《关于实际控制人增持公司股份计划暨落实“提质增效重回报”行动方案的公告》（公告编号：2024-021）。感谢您的关注！",2025-01-15 17:07:41,688017
688017.SH,绿的谐波,20240830,贵司谐波器有没有跟下游的非工业机械人公司进行相关业务上的合作 ,尊敬的投资者您好，公司产品精密谐波减速器有在非工业机器人领域的应用，相关信息内容可参见公司披露的定期报告。感谢您的关注！,2025-01-15 17:07:41,688017
688017.SH,绿的谐波,20240816,贵司和三花智控设立的合资公司是否开始建设？,尊敬的投资者您好！公司与三花智控合作的项目请以上市公司公告为准，感谢您的关注！,2025-01-15 17:07:39,688017
688017.SH,绿的谐波,20240816,董秘您好，贵司与三花智控在墨西哥的合作项目进展如何？谢谢,尊敬的投资者您好！公司与三花智控合作的项目请以上市公司公告为准，感谢您的关注！,2025-01-15 17:07:39,688017
688017.SH,绿的谐波,20240816,你好，请问贵司在手订单情况如何？如若定增落地，是否有较大产能过剩风险,尊敬的投资者您好，相关内容请关注公司后续披露的定期报告。感谢您的关注！,2025-01-15 17:07:39,688017
688017.SH,绿的谐波,20240816,董秘您好，贵司股票在二级市场表现持续向下，请问贵司产品谐波减速器对标国外竞品公司哈默纳科是否具备竞争优势？ 国内市占率24年vs 23年变化趋势？公司新一代减速器目前研发进展及技术/市场优势如何？ ,尊敬的投资者您好！公司的产品在减速器关键性能指标上已基本达到国际先进水平，为满足智能机器人对产品高扭矩密度、高刚性与高动态响应等全新应用需求，公司针对谐波减速器微型化、轻量化、高扭矩、高负载、长寿命等性能进行了进一步的迭代提升。公司开发出系列化超长寿命、超轻超小型谐波减速器，精度保持寿命位居国际领先水平，并具有大承载、高效率、抗冲击能力强等特性，公司谐波减速器产品已全系列覆盖智能机器人旋转模组的相关需求。感谢您的关注！,2025-01-15 17:07:39,688017
688017.SH,绿的谐波,20240705,你好，贵司股价近一个月断崖式下跌，请问管理层是否有回购方案或股东增持计划，来增强我们中小投资者的信心呢？,尊敬的投资者您好，公司董事会及管理层将持续关注市场政策和动态，认真分析研究包括增持、回购在内的各项政策，结合公司实际情况综合考虑采取相关措施，如有相应计划，公司将严格按照相关规定履行审议决策程序和信息披露义务。感谢您的关注！,2025-01-15 17:07:34,688017
688017.SH,绿的谐波,20240705,你好，贵司于1月提交给证监会的定增材料，至今仍未被受理，该定增方案是否有撤销风险？假设撤回定增，贵司是否还有其他措施来保障新产线的推进？,尊敬的投资者您好，公司定增已获得中国证券监督管理委员会同意注册批复，定增的相关进度可以关注公司后续发布的相关公告，感谢您的关注！,2025-01-15 17:07:34,688017
688017.SH,绿的谐波,20240625,这次半年报公司是不是营收和净利润下滑的特别厉害？！ 公司会不会近期ST或者直接退市呢？,尊敬的投资者您好，公司目前生产经营状况稳定，公司半年报相关信息请关注公司后续发布的2024年半年度报告，公司不存在《上海证券交易所股票上市规则》规定的其他风险警示情形。感谢您对公司的关注！,2025-01-15 17:07:32,688017
688017.SH,绿的谐波,20240625,董秘你好，剔除大盘指数波动因素，贵司股价屡创近两年来新低，请问如有隐瞒末披露事项，中小投资者是否可以发起索赔诉讼？,尊敬的投资者您好，公司不存在应披露而未披露的相关信息，公司也将严格按照法律法规及相关规则要求及时履行信息披露义务。感谢您对公司的关注！,2025-01-15 17:07:32,688017
688017.SH,绿的谐波,20240625,公司有可能st?或者退市吗？ 怎么感觉一季度业绩下滑呢？,尊敬的投资者您好，公司目前生产经营状况稳定，公司不存在《上海证券交易所股票上市规则》规定的其他风险警示情形。感谢您对公司的关注！,2025-01-15 17:07:32,688017
688017.SH,绿的谐波,20240625,董秘您好，贵司股价最近连连重挫，与贵司近来业绩不佳是否有关联？作为国内谐波减速器的龙头企业，业绩不佳是否与国内有越来越多的企业参与到竞争中来有关联？贵司专利是否即将到期？贵司在国内谐波减速器的市场地位是否有下滑？谢谢,"尊敬的投资者您好，公司为满足智能机器人对产品高扭矩密度、高刚性与高动态响应等全新应用需求，公司持续探索行业前沿技术领域,持续迭代谐波减速器产品并研发新一代机电、电液一体化产品,不断丰富、优化产品结构, 并且相关技术均已申请知识产权专利保护，从而提升产品竞争力,提升服务能力,进一步强化及稳定了公司的市场地位。感谢您的关注！",2025-01-15 17:07:32,688017
688017.SH,绿的谐波,20240625,董秘你好，自贵司一季度营收利润双下滑以来，5月未相应财务情况是否好转？若末好转，请问原因是什么？谢谢,尊敬的投资者您好，目前公司生产经营情况正常有序，将努力以良好的业绩回馈广大投资者。相关财务内容请关注公司后续披露的定期报告。感谢您的关注！,2025-01-15 17:07:32,688017
688017.SH,绿的谐波,20240625,董秘你好，贵司目前做为国产替代龙头位置是否受到同质公司同类产品严重冲击，二季度市场份额是否大幅下降，谢谢,尊敬的投资者您好，公司持续加强品牌建设与推广，并积极推进国际化发展战略，公司通过在各主要国家和地区设立营销网点，增加公司销售服务覆盖的深度与广度，提升公司客户服务能力，增强销售团队与客户间关于产品质量信息的协调和沟通。公司先后在海外建立全球总部和研发服务中心，旨在以点带面更好的融入国际市场，抢占国际市场份额，在竞争中保持领先地位。感谢您的关注！,2025-01-15 17:07:32,688017
688017.SH,绿的谐波,20240625,董秘你好，贵司市值6月初仍在200左右，目前己大幅缩水45亿左右，请问贵司对市值管理是否出台增持等措施？若无增持等相应巿值管理措施，是否对自身发展信心不足？谢谢,尊敬的投资者您好，公司董事会及管理层将持续关注市场政策和动态，认真分析研究包括增持、回购在内的各项政策，结合公司实际情况综合考虑采取相关措施，如有相应计划，公司将严格按照相关规定履行审议决策程序和信息披露义务。感谢您的关注！,2025-01-15 17:07:32,688017
688017.SH,绿的谐波,20240621,董秘你好，贵司股价已连续五日大幅下挫，请问一是贵司近期以来转融通业务是否存在做空行为？二是贵司是否会被剔除科创板做市商行列？三是贵司针对市值管理是否出台回购等办法？谢谢。,尊敬的投资者您好，公司股东没有通过转融通出借股票的情况，目前公司生产经营情况正常有序，公司会严格按照证监会和交易所的要求及时履行信息披露义务。感谢您对公司的关注！,2025-01-15 17:07:32,688017
688017.SH,绿的谐波,20240620,据统计，6月以来转融通出借366800股，公司股东是否有通过转融通出借股票的情况，是否在为定增压低股价,尊敬的投资者您好，公司股东没有通过转融通出借股票的情况，感谢您的关注！,2025-01-15 17:07:32,688017
688017.SH,绿的谐波,20240619,公司股价大幅下跌创新低，请问公司有什么利空没有公告，是否与定增有关,尊敬的投资者您好！目前公司生产经营情况正常有序，将努力以良好的业绩回馈广大投资者。公司严格按照证监会和交易所的要求及时履行信息披露义务。感谢您对公司的关注！,2025-01-15 17:07:31,688017
688017.SH,绿的谐波,20240619,贵司参股的国泰智达建成许久了，计划何时投产使用？,尊敬的投资者您好，相关内容请关注公司后续披露的定期报告。感谢您的关注！,2025-01-15 17:07:31,688017
688017.SH,绿的谐波,20240619,董秘你好，今年以来贵司股份一路下跌，市值大幅缩水，机构不断减仓，请问生产经营是否正常，有无st及财务造假重大事项末披露？谢谢,尊敬的投资者您好！目前公司生产经营情况正常有序，将努力以良好的业绩回馈广大投资者。公司严格按照证监会和交易所的要求及时履行信息披露义务。感谢您对公司的关注！,2025-01-15 17:07:31,688017
688017.SH,绿的谐波,20240619,请问董秘，公司最近股票断崖式下跌，是什么原因造成的？二季度业绩如何？公司经营状况怎样？,尊敬的投资者您好！目前公司生产经营情况正常有序，将努力以良好的业绩回馈广大投资者。公司严格按照证监会和交易所的要求及时履行信息披露义务。感谢您对公司的关注！,2025-01-15 17:07:31,688017
688017.SH,绿的谐波,20240520,董秘你好！请问公司的谐波减速器有给ABB、发那科、库卡机器人企业供货吗？,尊敬的投资者您好，相关内容请关注公司后续披露的定期报告。感谢您的关注！,2025-01-15 17:07:29,688017
688017.SH,绿的谐波,20240325,公司股票名字在中国股市里面非常不协调，甚至影响了很多投资者买入公司股票，公司是否可以考虑改股票名字，比如谐波科技、、谐波智能、中国谐波等等，不要出现绿的！,尊敬的投资者您好，感谢您的关注也十分感谢您的建议！,2025-01-15 17:07:21,688017
688017.SH,绿的谐波,20240325,影响公司定增迟迟不能通过的原因是否是目前公司产能利用率太多，在产能闲置的情况下继续扩产对目前的经营压力比较大，而后期人形机器人的批产又面临比较大的市场需求，请问公司如何协调目前产能闲置和后期产能不足的矛盾？谢谢！,尊敬的投资者您好，有关定增的相关问题可以关注公司后续发布的相关公告，感谢您的关注！,2025-01-15 17:07:21,688017
688017.SH,绿的谐波,20240123,请问贵司的参股公司国泰智达特种设备和苏州镌极特种设备的地址是同一位置，二者是什么关系？,尊敬的投资者您好，相关内容请关注公司后续披露的定期报告。感谢您的关注！,2025-01-15 17:07:18,688017
688017.SH,绿的谐波,20240123,你好，请问减速器是标准化产品还是定制化产品，如果两者都有，比例是怎样的？,尊敬的投资者您好，相关内容请关注公司后续披露的定期报告。感谢您的关注！,2025-01-15 17:07:18,688017
300503.SZ,昊志机电,20260529,请问公司主轴、转台、直线电机等产品是否可应用于MLCC设备中？公司与MLCC设备厂商是否有合作关系？,尊敬的投资者，您好。公司的主轴、转台、直线电机及直线电机精密平台等产品可应用于MLCC设备中的切割、倒角、检测、分选、丝印等多道工序。公司下属子公司已有相关产品直接供货MLCC设备厂商。截至目前，该部分收入占公司营业收入比重较小，敬请广大投资者谨慎决策，注意投资风险。公司将持续加大市场开拓力度，深化存量客户合作，稳步提升相关产品在该领域的市场渗透率。感谢您的关注。,2026-06-11 17:30:42,300503
300503.SZ,昊志机电,20260529,你好，随着MLCC产品供不应求，新一轮扩产潮将拉动MLCC设备需求，请问公司机电产品是否能应用于MLCC设备？,尊敬的投资者，您好。公司的主轴、转台、直线电机及直线电机精密平台等产品可应用于MLCC设备中的切割、倒角、检测、分选、丝印等多道工序。公司下属子公司已有相关产品直接供货MLCC设备厂商。截至目前，该部分收入占公司营业收入比重较小，敬请广大投资者谨慎决策，注意投资风险。公司将持续加大市场开拓力度，深化存量客户合作，稳步提升相关产品在该领域的市场渗透率。感谢您的关注。,2026-06-11 17:30:18,300503
300503.SZ,昊志机电,20260529,你好，请问公司产品是否适用于MLCC设备？公司与MLCC设备厂商是否存在合作关系,尊敬的投资者，您好。公司的主轴、转台、直线电机及直线电机精密平台等产品可应用于MLCC设备中的切割、倒角、检测、分选、丝印等多道工序。公司下属子公司已有相关产品直接供货MLCC设备厂商。截至目前，该部分收入占公司营业收入比重较小，敬请广大投资者谨慎决策，注意投资风险。公司将持续加大市场开拓力度，深化存量客户合作，稳步提升相关产品在该领域的市场渗透率。感谢您的关注。,2026-06-11 17:29:57,300503
300503.SZ,昊志机电,20260518,整个AI 服务器PCB产业链都在涨价，为什么作为国内垄断地位的，订单都来不及接的主轴产品不略微提提价？还是说这个产品成色不足？,尊敬的投资者，您好。公司主轴产品定价综合参考原材料成本波动、市场环境、产品迭代等多重因素，遵循市场化机制审慎调整，受上游原材料价格上行影响，公司已对相关产品适度上调售价。在调价过程中，公司立足长期发展、秉持互利共赢理念，充分兼顾存量重点客户合作稳定性。后续公司将持续精进产品与产能布局，契合下游市场需求，稳步提升经营效益。感谢您的关注。,2026-06-11 17:29:26,300503
300503.SZ,昊志机电,20260510,你好，请问公司主轴业务壁垒高吗？主要体现在哪些方面,尊敬的投资者，您好。公司主轴业务具备扎实的综合竞争优势，核心竞争力主要体现在以下方面：\n一、技术研发优势\n公司2023至2025年累计研发投入超3.7亿元，建有国家企业技术中心、省级电主轴工程研究中心等多个省部级以上研发平台及博士后工作站，牵头超精密静压电主轴产业化等多项国家重点专项；联动境外子公司，公司整体研发水平和产品性能持续提升，同时产学研协同助力技术迭代。自研昊志拉刀机构、轴芯内冷、超级电机等多项独有技术，气浮电主轴最高转速达40万转/分，填补国内技术短板；截至2025年末，公司及境内子公司合计拥有有效专利430项，能够快速落地各类主轴定制化开发。\n二、产品性能与性价比优势\n公司主轴产品面向中高端市场，综合性能国内领先，部分可与国际领先品牌直接竞争。自研拉刀机构批量出货超20万支、客户端零异常反馈，复合气封设计有效延长使用寿命；相较海外竞品，依托精细化成本管控与本土制造优势，产品定价合理、质保周期更长、后期维保成本更低，性价比优势突出。\n三、精密制造与质量管控优势\n公司深耕主轴领域多年，沉淀独有的精密加工工艺、产线调试经验，搭建从原材料到成品出厂的全流程质控体系，叠加工业互联网数字化管控，具备大批量高精度主轴稳定量产能力，保障产品一致性与长期稳定性。\n四、市场积淀与客户服务优势\n公司机械钻主轴国内市占超60%、成型机主轴市占超80%，产品长期配套业内头部机床厂商，头部客户认证周期长、合作粘性强；依托旗下海外平台全球化经销网络，持续拓展海内外主轴市场。同时公司可提供主轴配件、运维一体化配套方案，搭载传感监测实现运行预警与精度补偿，进一步巩固客户合作壁垒。\n感谢您的关注。,2026-06-11 17:27:10,300503
300503.SZ,昊志机电,20260510,请问把带有时间和姓名的股票交易软件持仓截图和身份证一并扫描发送至公司邮箱，可以获知 非定期报告相关时点的股东人数吗？盼你们具体，明确答复。顺祝健康、快乐！（比如截至到2026年4月X日贵公司的股东人数是多少?,尊敬的投资者，您好，股东人数敬请查阅公司定期报告中披露的相关内容。如您有查询股东人数需求，烦请提供个人身份证、证券账户卡、持股证明资料及联系方式，发送邮件至公司证券事务部邮箱（zqswb@haozhihs.com）；或您本人携带有效证明文件，到公司现场办理查询手续。公司在核实您的股东身份后按照要求予以提供。感谢您的关注与支持。,2026-06-11 17:28:11,300503
300503.SZ,昊志机电,20260510,你好，请问公司主轴在钻孔机和成型机的成本占比是多少？毛利能达到多少,尊敬的投资者，您好。公司机械钻主轴国内市占超60%、成型机主轴市占超80%。不同设备中，主轴的成本占比受设备型号、配置方案等多种因素影响，存在一定差异。截至2025年12月末，公司主轴产品毛利率为37.53%。感谢您的关注。,2026-06-11 17:26:21,300503
300503.SZ,昊志机电,20260507,尊敬的董秘，公司调研有提到“目前公司商业航天领域的产品主要包括火箭控制系统功能部件、卫星姿控系统及推进系统功能部件等”。请问“卫星姿控系统及推进系统功能部件”中有包含星敏感器吗？,尊敬的投资者，您好。公司的“卫星姿控系统及推进系统功能部件”中未包含星敏感器，谢谢关注。,2026-05-09 15:28:48,300503
300503.SZ,昊志机电,20260506,贵司在机器人领域是否有订单。贵司是不是有产品应用于pcb设备，目前产能订单如何。是否还需要扩大生产线,尊敬的投资者，您好。\n（1）在机器人领域，公司已攻克谐波减速器、关节模组、无框力矩电机、六维力传感器等系列核心功能部件技术，实现了智能机器人核心功能部件的全国产化替代。同时，公司的机器人领域业务已形成“N+1+3”的布局，其中“N”是指减速器、低压驱动、力矩传感器、无框力矩电机、编码器等机器人核心零部件，“1”是指以协作机器人为载体，“3”是指生活美容、工厂上下料、新能源汽车充电三大业务场景。\n在客户合作方面，公司已成为全球机器人“四大家族”之一ABB的谐波减速器供应商。同时，公司与众多协作机器人行业头部企业形成长期稳定合作，并与部分人形机器人头部企业达成合作。在场景落地方面，公司与整车厂联合研发的智能充电机器人已落地新能源汽车充电业务，与美容行业客户共同开发的按摩机器人已成功应用于专业美业连锁机构。\n（2）公司产品可应用于PCB设备，主要包括PCB钻孔机主轴、PCB成型机主轴及PCB划片机电主轴等。2025年度，公司PCB钻孔机主轴和PCB成型机主轴销售收入同比实现较大幅度增长，在机械钻主轴市场，公司的市占率超过60%，在成型机主轴市场，市占率超过80%。目前公司PCB主轴产品已广泛应用于国内外主流PCB专用设备制造商及大型PCB加工企业。具体产品信息及经营数据，敬请参阅公司披露的定期报告相关章节。\n  关于公司的产能，公司前期规划的扩产工作已正常推进，目前整体产能规模较原目标有较为明显的提升。其中，针对钻孔机产品的月产能已好于年初预期，扩产周期约半年左右。当前产能水平能够较好匹配下游PCB行业订单增长需求，为全年经营提供有效支撑。\n谢谢关注。,2026-05-09 15:28:29,300503
300503.SZ,昊志机电,20260506,贵司是否已有航天客户订单，未来是否考虑安排专业团队研究开发这一类客户，扩大业务类型,尊敬的投资者，您好，公司于2021年成立精密服务事业部，依托在中高端数控机床及机器人核心功能部件领域长期积累的研发实力、成熟工艺体系与精密制造能力将业务延伸至商业航天领域。目前在该领域，公司已与蓝箭航天开展业务合作，因涉及保密协议，具体合作细节不便披露，同时公司已与行业内多家头部企业对接推进，部分产品在头部客户实现小批量应用并形成小幅盈利。\n截至目前，公司在商业航天领域的相关业务合计占主营业务收入较小，敬请广大投资者谨慎决策，注意投资风险。谢谢关注。,2026-05-09 15:27:14,300503
300503.SZ,昊志机电,20260422,董秘你好，我在股吧看到大家讨论公司年报，公司本期利润增长与现金流走势出现分化，因此想请教：\n\n① 公司净利润同比增长但经营性现金流有所下滑，应收账款增速较快，请问回款节奏及信用政策变化情况如何？\n② 公司短期借款规模增长较快，同时货币资金相对有限，请问资金安排及短期偿债计划如何？\n③ 收购标的相关商誉本期计提减值，请问海外业务整合进展及后续经营安排如何？\n\n烦请说明，谢谢。,"尊敬的投资者，您好。\n（1）报告期内，公司营业收入规模提升，相应带动应收账款同步增加。截至目前，公司整体信用政策保持稳定。公司将持续加强货款催收，确保公司的应收账款和应收票据按期回收；继续加强业务开拓和成本控制，着力提升公司的整体盈利能力，提升公司自身的现金流量水平，积极防范偿债风险，确保到期债务按期归还。同时，公司将综合运用票据结算、银行借款和融资租赁等多种融资手段，并采取长、短期融资方式适当结合，优化融资结构的方法，保持融资持续性与灵活性之间的平衡。具体内容请查阅公司2025年年度报告及2026年一季度报告。\n（2）2025年，受欧元区能源价格高企、通胀居高不下、PMI持续收缩等外部环境影响，终端需求走弱，公司海外子公司Infranor集团销售收入同比有所下降，公司基于审慎原则计提了商誉减值。同时，公司通过推动供应链协同与全球采购资源整合，有效控制了原材料成本，产品价格竞争力稳步回升；同时强化销售管理与市场赋能，助力Infranor集团优化客户结构。截至2026年一季度，Infranor集团运动控制产品销售收入8,274.61万元，同比增长25.85%，呈复苏经营态势。后续，公司将持续深化海内外业务协同，推动技术、供应链、市场资源的整合，进一步提升海外业务的盈利能力与经营稳健性，保障海外业务长期健康发展。\n谢谢关注。",2026-05-09 15:26:50,300503
300503.SZ,昊志机电,20260421,公司新进公告的股权激励方案中显示，2026年归母净利要达到2025年的近4倍，且接下来的两年持续保持高增长，请问公司如此激进的股权激励方案出于什么逻辑？为何公司对未来增长有如此信心？,尊敬的投资者，您好。本次股权激励方案的业绩考核目标，是公司结合行业发展趋势、自身战略规划和市场布局等方面经审慎研究后制定的，旨在深度绑定核心团队与公司长期发展利益，激发组织活力与创新动能。基于公司在数控机床，机器人，商业航天等高端装备领域的深厚积淀、持续的技术迭代与市场拓展能力，以及不断完善的业务布局和治理体系，公司对未来增长充满信心。公司始终秉持稳健经营、价值共享的理念，将全力以赴以扎实、优异的经营成果回报广大投资者的信任与支持。谢谢关注。,2026-05-09 15:25:53,300503
300503.SZ,昊志机电,20260421,请问公司PCB主轴产品的下游客户有哪些？请问公司产品是否有用于ABF载板，HVLP铜箔，M9级高频高速CCL铜板等领域？公司PCB主轴产品在面对不同厚度、硬度的PCB铜箔时的使用寿命是怎样的？,尊敬的投资者，您好。\n（1）PCB领域公司主要与大族数控和台湾大量等企业合作，具体业务开展情况可关注公司定期报告、官网以及公众号发布的信息。\n（2）我司16、20、25、32万转/分钟系列主轴以及直线电机已大批量应用于ABF载板等高端板材加工。\n（3）公司的PCB主轴产品设计充分考虑了不同工况下的加工需求。产品的实际使用寿命与被加工材料属性（厚度、硬度）、切削参数、操作规范及维护保养等多重因素有关。\n谢谢关注。,2026-05-09 15:23:34,300503
300503.SZ,昊志机电,20260421,董秘您好，查阅2025年报发现：1.实控人及高管因操纵市场被证监会处罚，对公司治理及经营稳定性有何影响？2.净利增44%但经营现金流降6.7%，短借激增178%，是否存在盈利质量与偿债风险？3.应收增幅超营收且大额计提坏账，回款风险如何管控？谢谢。,尊敬的投资者，您好。\n（1）目前公司生产经营正常，公司将严格按照相关法律法规和深圳证券交易所的相关规定履行信息披露义务。\n（2）公司当前经营性现金流变动主要系业务扩张阶段的阶段性影响，短期借款增加则基于营运资金需求的合理融资安排。公司将通过加强应收款项全流程管控、常态化回款跟踪与账期分析等措施，持续严控坏账风险，保障资金链安全。具体请查阅公司2025年年度报告和2026年一季报中的相关内容。\n谢谢关注。,2026-05-09 15:25:06,300503
300503.SZ,昊志机电,20260421,随着数据中心的批量建设，数据中心用液冷设备市场景气度和毛利率都是高增长，贵司在2020年就研发成功了新能源汽车燃料电池的液冷设备，是否能改造成数据中心用的液冷设备进行销售？,尊敬的投资者，您好，目前我司开发的氢燃料电池空压机是面向新能源汽车氢燃料电池系统的阴极供气需求，为燃料电池系统的阴极化学反应提供压缩空气，暂未涉及液冷设备，谢谢关注。,2026-05-09 15:24:30,300503
300503.SZ,昊志机电,20260410,公司王瑞超参加媒体访谈透露，昊志机电在人形机器人方面，已给好几家头部厂家供应小型减速器、行星减速器或者一体化关节。请问供应的头部厂家有哪些？,尊敬的投资者，您好。公司长期深耕机器人核心零部件领域，公司的谐波减速器、机器人关节模组、末端执行机构（气动手指和快换模块）等产品，能够满足协作机器人、轻型机器人、具身智能机器人（人形机器人、机器狗等）在模块化、标准化、小型化方面的制造要求，并已成为机器人四大家族之一ABB的谐波减速器供应商。基于与合作客户签订的保密约定，具体合作客户名称暂不便对外披露。公司将持续推进机器人核心部件的研发迭代与市场拓展，敬请关注公司在定期报告披露的相关信息。截至目前，公司在机器人领域相关业务合计占主营业务收入较小，敬请广大投资者谨慎决策，注意投资风险。谢谢关注。,2026-05-09 15:22:24,300503
300503.SZ,昊志机电,20260409,应用于蓝箭航天的共用增压电机预计2026年上半年推出，目前进度如何？此外，有客户提出卫星星载端电机加减速器需求，后续将参与该领域产品配套与导入，是否属实？,尊敬的投资者，您好，公司商业航天产品包括火箭控制系统功能部件、卫星姿控系统及推进系统功能部件等，已与国内商业航天头部企业建立合作，并实现小批量应用。具体业务进展请关注公司定期报告。谢谢关注。,2026-05-09 15:20:57,300503
300503.SZ,昊志机电,20260403,你好，请问贵公司新建的墨西哥工厂的主轴生产线是否已投产？产能是否满产满销？,尊敬的投资者，您好，目前公司暂未在墨西哥设厂，公司将持续关注海外市场机遇，结合公司自身发展战略，适时推进海外布局，感谢您的关注。,2026-05-09 15:20:41,300503
300503.SZ,昊志机电,20260326,有向PCB主轴配套钻头扩展的规划吗？,尊敬的投资者，您好，公司目前暂无供应钻头的规划，但我司产品已广泛应用于刀具制造产业，例如磨刀机转台、砂轮主轴、导轨、驱动器等核心部件。未来，公司将积极关注市场动态与行业发展趋势，结合自身技术优势和客户需求，适时拓展在刀具相关领域的产品布局，谢谢关注。,2026-05-09 15:20:25,300503
300503.SZ,昊志机电,20260326,你好，公司在球形电机上有什么建树吗？,尊敬的投资者，您好，公司目前暂无球形电机这一拓扑结构的产品及研发计划，公司会持续关注电机技术的前沿动态及市场应用需求，结合自身技术积累和资源条件，积极评估包括新型电机结构在内的拓展机会，适时完善产品布局，以更好地响应市场变化和客户需求，谢谢关注。,2026-05-09 15:19:10,300503
300503.SZ,昊志机电,20260319,请问国内大部分AI相关线路板的制造，从GPU到存储的，其关键的钻孔及成型加工环节所使用的主轴，主要由公司供应吗？请及时交流互动，谢谢,尊敬的投资者，您好，公司作为PCB专用主轴领域的核心供应商，凭借深厚的技术积累和产品竞争力，已在国内市场形成显著的领先优势。目前，国内大部分AI相关线路板（从GPU到存储）均由国内厂商制造，其中公司提供的机械钻主轴和成型机主轴占据主导地位。具体而言，公司在机械钻主轴市场的市占率超过60%，在成型机主轴市场的市占率超过80%。凭借长期的技术积累、稳定的产品性能以及广泛的客户基础，公司PCB主轴产品已广泛应用于国内外主流PCB专用设备制造商及大型PCB加工企业，客户覆盖度和品牌认可度处于行业前列。谢谢关注。,2026-05-09 15:19:39,300503
300503.SZ,昊志机电,20260318,请问公司在PCB领域在手订单如何？有增长吗？在人工智能及算力大发展的时代，公司P CB业务的增长潜力大吗？会否延续好的发展势头？请及时互动交流回复，谢谢！,"尊敬的投资者，您好，截至2025年第三季度，公司主轴类产品实现快速增长，实现销售收入 75,800.12 万元，同比增长 30.32%，占主营业务收入的 66.31%，为公司核心收入来源，PCB钻孔机主轴、PCB成型机主轴等多类主轴产品销售收入实现大幅增长，成为推动业绩增长的主要动力，其中，PCB主轴实现销售收入16,912.69万元，同比增长83.99%。\n公司具体业务开展情况请关注公司在定期报告披露的相关信息，谢谢关注。",2026-03-24 16:54:45,300503
300503.SZ,昊志机电,20260312,请问贵公司到目前为止股东户数是多少？前十大股东持股情况有什么变化吗？谢谢！,尊敬的投资者，您好！公司股东情况请您查阅公司在指定信息披露媒体发布的定期报告。感谢您的关注。,2026-03-24 16:54:21,300503
300503.SZ,昊志机电,20260302,董秘好！公司股价在诸多机构调研后走势明显弱于行业板块走势，公司又公告高管减持，是否表明公司经营状况出现不良影响因素？公司目前生产经营状况如何？产品销售与产能状况如何？公司对市值管理采取了哪些有效措施？网络上流传的负面消息是否属实？请及时回复，谢谢！,尊敬的投资者，您好！目前公司生产经营一切正常，各项业务有序开展，关于公司经营情况等信息，请以公司在法定信息披露媒体及官方平台（巨潮资讯网、公司官网、官方认证微信公众号等）发布的公告或信息为准，谢谢关注。,2026-03-24 16:53:45,300503
300503.SZ,昊志机电,20260226,您好，据悉公司产品在商业航天和机器人两大新兴领域应用均取得的较好进展。请问公司现有技术和产能能否满足市场订单需求？,尊敬的投资者，您好，公司现有技术和产能可以满足订单需求，谢谢关注。,2026-03-24 16:53:19,300503
300503.SZ,昊志机电,20260217,请问贵司有储备，用PCB工艺将绕组蚀刻在平面基板上，替代传统硅钢片铁芯-绕组结构的PCB电主轴及PCB轴向磁通电机吗,尊敬的投资者，您好，公司暂无该项技术，谢谢关注。,2026-03-24 16:53:01,300503
300503.SZ,昊志机电,20260215,董秘你好，据悉公司最近获得由商业航天公司—蓝箭航天授予的2025年度优秀供应商证书，请问是否属实？,尊敬的投资者，您好，该情况属实，谢谢关注。,2026-03-24 16:52:47,300503
300503.SZ,昊志机电,20260214,贵公司为火箭提供的零部件如电机等能为其成功回收起到什么作用？另外送检美国的减速器按照预计应已拿到报告，现状如何了？,尊敬的投资者，你好。公司具体业务开展情况请关注公司在定期报告披露的相关信息，谢谢关注。,2026-03-24 16:52:29,300503
300503.SZ,昊志机电,20260210,日本的哈默纳科据称占据全球谐波减速器市场约85%份额，拥有2000项专利。绿的谐波国内市场占有率超过35%，号称全球第二中国第一。其自主开发的 “P型齿”设计和三次谐波技术，打破了哈默纳科的二次谐波技术垄断，在传动刚性、精度上形成了差异化竞争力，已成功进入特斯拉、宇树科技等顶尖人形机器人公司供应链。公司声称谐波减速器等机器人核心部件全面领先，与这两家产品比究竟处于什么位置？有无自己的长处与竞争力？,尊敬的投资者，您好。公司在机器人领域深耕多年，始终将技术创新与产品突破视为发展核心，具备扎实的技术积累与产品经验。依托在高端装备核心功能部件领域的技术优势与制造能力，我们聚焦谐波减速器等关键核心零部件，通过持续的研发投入、严谨的工艺验证和务实的产品迭代，不断提升产品性能与可靠性。公司致力于成为产业链上游的核心硬件与解决方案提供商，为下游客户提供高性能、高可靠性、具备国际竞争力的产品支撑。谢谢关注。,2026-02-14 16:21:55,300503
300503.SZ,昊志机电,20260207,请问公司有哪些产品在可重复使用航天器使用？产品市场占有率如何,尊敬的投资者，您好。公司具体业务及产品情况请关注公司在定期报告披露的业务信息，谢谢关注。,2026-02-14 16:18:00,300503
300503.SZ,昊志机电,20260128,董秘好！公司在众多机构调研后连续三个交易日跌幅20%，除了公告调研记录之外，是否存在其他信息？同时调研是在25日，26日跌幅十几个百分之后，晚间才公布调研信息，这对其他未参与调研的众多小股东有失公平？为何不能当天公布信息？同时请具体介绍说明一下公司四季度业绩不及预期的影响因素？谢谢！,尊敬的投资者，您好。公司严格遵循相关法律法规及监管要求进行信息披露，确保所有投资者公平、及时地获取公司信息。感谢您的关注与支持。,2026-02-14 16:17:30,300503
300503.SZ,昊志机电,20260128,董秘您好！公司官宣公司的谐波减速器超越世界先进水平，那和国内的绿的谐波相比，公司的减速器有何优势和不足？谢谢,尊敬的投资者，您好。公司始终专注于产品打磨与客户验证，以务实态度推进谐波减速器等核心部件的持续迭代。相关产品情况，请参阅公司发布的公告及过往披露内容。感谢您的关注与支持。,2026-02-14 16:16:57,300503
300503.SZ,昊志机电,20260127,请问董秘，公司官网发布称，公司的谐波减速器性能实现突破，可以用在光刻机、芯片制造等高精方面，那么公司的谐波减速器有没有在光刻机方面实现国产替代呢？公司有没有这方面的规划？谢谢,尊敬的投资者，您好，公司自研的谐波减速器目前主要面向工业机器人与协作机器人等领域，暂未应用于光刻机设备，公司将持续关注相关技术发展趋势与市场需求，敬请关注公司在法定信息披露媒体及官方平台（巨潮资讯网、公司官网、官方认证微信公众号等）发布的公告或信息。\n谢谢关注。,2026-01-31 13:22:21,300503
300503.SZ,昊志机电,20260127,贵司在1月13日投资者关系活动记录，商业航天产品（包括火箭控制系统的组件，卫星推进系统和控制系统的组件），具体是什么产品，是液氧甲烷发动机特种电机、低轨卫星高精度姿态控制电机吗,尊敬的投资者，你好。公司具体业务和产品情况请关注公司在定期报告披露的业务信息，谢谢。,2026-02-14 16:16:20,300503
300503.SZ,昊志机电,20260126,请问贵司是银河通用机器人是否有供应合作等关系？是否直接或间接持股银河通用机器人？,尊敬的投资者，您好。\n（1）公司与银河通用机器人暂未形成合作，公司将持续加大市场的营销力度，不断开拓业务。\n（2）公司未直接或间接持股银河通用机器人。\n谢谢关注。,2026-01-31 13:24:08,300503
300503.SZ,昊志机电,20260126,公司在人形机器人核心部件领域的技术路线是什么？相比日本、欧美同类产品，公司的技术优势和成本优势如何？,尊敬的投资者，您好。\n一、公司的谐波减速器、无框力矩电机、编码器及关节模组等产品可应用于人形机器人。目前，公司谐波减速器、行星减速器与关节模组等核心产品，已向部分人形机器人厂商进行送样，并已形成小批量订单。\n二、在机器人领域，我们的优势在于：\n技术与响应优势：\n（1）全链路自主研发与系统级优化能力：公司具备从谐波减速器、无框力矩电机、编码器到驱动器等核心功能部件的完整自主研发能力，能够实现各部件之间的深度匹配与系统级性能优化，从而提升整体关节模组的响应速度、精度与可靠性。\n（2）快速定制与敏捷迭代：依托与国内机器人企业的紧密协作机制，我们可针对客户具体应用场景提供灵活、高效的定制化解决方案，并在产品开发与测试验证环节实现快速迭代，显著缩短研发周期。\n 成本与供应链优势：\n（1）产业链自主可控：核心环节实现自主生产，关键供应链深度本土化，在保障产品一致性与交付稳定性的同时，有效控制综合成本。\n（2）规模化制造与持续降本潜力：公司拥有成熟的精密机电产品制造平台与工艺技术积累，在逐步提升产能的过程中，可通过规模化生产、工艺优化与供应链整合，持续降低产品成本，为客户提供具备高性价比的解决方案。\n截至目前，公司机器人核心功能部件的相关业务的销售收入较小，尚不会对公司业绩产生重大影响，敬请广大投资者谨慎决策，注意投资风险，谢谢关注。,2026-01-31 13:20:11,300503
300503.SZ,昊志机电,20260126,公司在人形机器人核心零部件领域实现了减速器、低压驱动器、力矩传感器、无框力矩电机、编码器等全部自研，这些技术突破的时间节点和里程碑事件有哪些？,尊敬的投资者，您好。公司在机器人领域深耕多年，具备扎实的技术积累和产品经验，公司自主研发的减速器、低压驱动器、力矩传感器、无框力矩电机等核心零部件全部实现国产自研，且多项指标达到国际领先水平，有望在政策推动下进一步扩大市场优势，加速业务成长。\n目前公司机器人业务形成了“N+1+3”的格局，其中“N”是指减速器、低压驱动、力矩传感器、无框力矩电机、编码器等机器人核心零部件，“1”是指以协作机器人为载体，“3”是指三大业务场景：生活美容、工厂上下料、新能源汽车充电。未来公司将持续加大投入，努力将其打造成公司第二增长曲线。其中，公司谐波减速器、行星减速器与关节模组等核心产品，已向部分人形机器人厂商进行送样，并已形成小批量订单。截至目前，公司机器人核心功能部件的相关业务的销售收入较小，尚不会对公司业绩产生重大影响，敬请广大投资者谨慎决策，注意投资风险。,2026-01-31 13:19:32,300503
300503.SZ,昊志机电,20260126,公司的谐波减速器等产品核心指标与国际一流产品相比如何？是否能帮助国内人形机器人企业提升核心竞争力，打破海外技术垄断？,尊敬的投资者，你好。公司具体业务开展及产品情况请关注公司在定期报告披露的相关信息，谢谢关注。,2026-03-24 16:52:10,300503
300503.SZ,昊志机电,20260126,人形机器人行业被认为是下一个万亿级市场，公司如何把握这一历史机遇？在产业链中的定位是什么？,尊敬的投资者，你好。公司具体业务开展情况请关注公司在定期报告披露的相关信息，谢谢关注。,2026-03-24 16:51:16,300503
300503.SZ,昊志机电,20260126,公司如何看待AI行业的发展趋势？特别是在算力需求、应用场景等方面的判断？公司将如何把握这一历史机遇？,尊敬的投资者，您好。公司不涉及AI业务。\n公司将继续聚焦主营业务，强化技术研发与工艺突破，密切关注科技创新与产业升级带来的结构性机遇，积极适配下游产业升级与市场变化，努力把握产业链发展的相关机遇，谢谢关注。,2026-02-14 16:09:40,300503
300503.SZ,昊志机电,20260126,公司在商业航天领域的竞争地位如何？作为国内唯一具备大推力液氧甲烷发动机电机供应能力的企业，市场预期如何？,尊敬的投资者，您好。公司具体业务情况请关注公司在定期报告披露的业务信息，谢谢。,2026-02-14 16:08:51,300503
300503.SZ,昊志机电,20260126,公司的商业航天核心部件已实现国产化与低成本化，能否支撑大规模卫星星座的低成本建设，核心竞争优势是什么？,尊敬的投资者，您好。公司商业航天领域的竞争优势主要基于公司在长期研发过程中形成了较为完善的技术体系，在产品定制化能力、精密加工能力、产品一致性控制以及快速响应客户需求等方面具备一定优势，能够较好适应航天航空领域的相关要求。当前，公司商业航天相关业务收入占公司主营业务收入比例较小，对公司整体经营业绩影响有限，敬请广大投资者理性判断，注意投资风险，谢谢关注。,2026-01-31 13:23:35,300503
300503.SZ,昊志机电,20260126,公司是否是国内中高端机床核心零部件制造领域领先企业？市场优势如何？,尊敬的投资者，您好！公司致力于成为全球领先的高端装备核心功能部件供应商，并已在国内中高端机床核心零部件制造领域确立了显著的领先地位。\n我们的核心优势与市场地位主要体现在以下几个方面：\n一、领先的技术实力与产品优势：公司整体技术处于“国内领先、国际先进”的水平，部分产品性能已达到国际领先。如公司的气浮及滚珠高速电主轴系列产品成功填补了国内多项技术空白，有效打破了国外品牌在高端电主轴领域的长期垄断，是公司技术实力的集中体现。\n二、完整且协同的业务体系：围绕主轴产品，公司已成功构建起独特的“整机—配件—服务”一体化业务链。我们不仅提供自主研发的中高端主轴整机，更以精密零配件制造为支撑，并辅以专业的配套维修服务，形成紧密协同的业务闭环，为不同应用场景的客户提供全周期、高附加值的解决方案。\n三、广泛的市场认可与行业地位：凭借卓越的产品性能与服务质量，公司品牌及产品在国内外主轴行业享有较高声誉。目前，公司已成为国内电主轴行业产销规模最大的企业之一，市场占有率与品牌影响力稳居行业前列。\n公司将继续聚焦主业，深化技术创新，巩固并扩大在核心零部件领域的领先优势，致力于为全球中高端数控机床及智能制造领域提供更优质的产品与服务。\n关于市场优势，目前国内大部分AI相关线路板（从GPU到存储）均由国内厂商制造，其中公司提供的机械钻主轴和成型机主轴占据主导地位，在机械钻主轴市场的市占率超过60%，在成型机主轴市场的市占率超过80%。\n感谢关注。,2026-01-31 13:21:05,300503
300503.SZ,昊志机电,20260126,商业航天、人形机器人、AI为当今世界最热门也是科技含量市场前景最广阔的三个领域，公司同时布局了这三个领域，投资者非常看好公司发展前景，请问公司如何看待这三大领域，未来将如何加大投入，有何发展规划？,尊敬的投资者，您好。\n（1）商业航天是国家战略支持、技术进步与市场需求共同驱动的重要赛道，公司坚定看好商业航天产业在的发展前景，积极响应“十五五”规划等相关政策，密切关注该领域的技术演进与市场动态，积极推进产品体系的完善与市场布局的拓展。\n（2）公司在机器人领域深耕多年，具备扎实的技术积累和产品经验，公司自主研发的减速器、低压驱动器、力矩传感器、无框力矩电机等核心零部件全部实现国产自研，且多项指标达到国际领先水平，有望在政策推动下进一步扩大市场优势，加速业务成长。目前，公司谐波减速器、行星减速器与关节模组等核心产品，已向部分人形机器人厂商进行送样，相关业务开展信息，请关注公司披露的相关公告。截至目前，公司机器人核心功能部件的相关业务的销售收入较小，尚不会对公司业绩产生重大影响，敬请广大投资者谨慎决策，注意投资风险。\n感谢您的关注与支持。,2026-02-14 16:15:04,300503
300503.SZ,昊志机电,20260126,"十五五\""规划将商业航天列为战略性新兴产业，人形机器人被明确为2026年商业化元年，这些政策对公司意味着什么？",尊敬的投资者，您好，相关产业政策的出台，进一步明确了商业航天和机器人等战略性新兴产业的发展路径，公司长期深耕的高端装备核心功能部件领域，开辟了广阔的发展空间，公司将依托在高端装备核心功能部件扎实的技术积累与核心零部件自研能力，积极把握相关产业前沿机遇，紧密跟随国家战略与政策引导，聚焦于产业链中上游关键零部件的自主创新与迭代升级，以持续的技术创新驱动业务成长，谢谢关注。,2026-02-14 16:11:18,300503
300503.SZ,昊志机电,20260126,商业航天在中国刚刚起步，公司如何看待这一行业的发展前景？预计何时能迎来爆发期？,尊敬的投资者，您好，感谢您对公司的关注和建议，公司持续关注商业航天产业的发展动态，积极推进产品体系的完善与市场布局的拓展。截至目前，公司在该领域收入占公司主营业务收入比例较小，敬请广大投资者谨慎决策，注意投资风险。谢谢。,2026-02-14 16:10:24,300503
300503.SZ,昊志机电,20260126,公司生产的谐波减速器、关节模组等机器人核心部件产品向部分人形机器人厂商送样测试是否顺利？厂商反馈如何？,尊敬的投资者，您好，公司谐波减速器、行星减速器与关节模组等核心产品，已向部分人形机器人厂商进行送样，相关业务开展信息，请关注公司披露的相关公告。\n截至目前，公司机器人核心功能部件的相关业务的销售收入较小，尚不会对公司业绩产生重大影响，敬请广大投资者谨慎决策，注意投资风险，谢谢关注。,2026-02-13 16:35:57,300503
300503.SZ,昊志机电,20260126,公司在AI领域的核心竞争优势是什么？与国际巨头相比，公司的AI技术有哪些差异化特点？,尊敬的投资者，您好。公司不涉及AI业务。谢谢关注。,2026-02-13 16:34:57,300503
300503.SZ,昊志机电,20260126,公司的卫星姿态控制电机具备高动态响应与高可靠性，这些性能指标是如何满足卫星应用需求的？公司在卫星部件领域的产品布局如何？除了姿态控制电机，是否还有其他卫星核心部件的研发？\n,尊敬的投资者，您好。公司具体业务及产品情况请关注公司在定期报告披露的业务信息，谢谢。,2026-02-13 16:38:20,300503
300503.SZ,昊志机电,20260126,"公司为低轨卫星提供姿态控制电机，相当于给卫星装\""精准方向盘\""，这一产品的技术特点和市场需求如何？\n",尊敬的投资者，您好。公司具体业务及产品情况请关注公司在定期报告披露的业务信息，谢谢。,2026-02-13 16:38:03,300503
300503.SZ,昊志机电,20260126,公司在火箭发动机电机领域的客户拓展情况如何？,尊敬的投资者，您好。公司客户开拓情况请关注公司披露的相关公告，谢谢关注。,2026-02-13 16:37:02,300503
300503.SZ,昊志机电,20260126,公司的火箭发动机电机产能规划如何？是否能够满足未来商业航天市场的需求增长？,尊敬的投资者，您好。公司业务规划请关注公司在定期报告披露的业务信息，谢谢。,2026-02-13 16:36:25,300503
300503.SZ,昊志机电,20260126,公司在PCB主轴市场占有率情况如何？AI算力基础设施建设对公司这一核心业务的拉动效应有多大？,尊敬的投资者，您好。公司在PCB行业的核心业务主要包括机械钻主轴及PCB成型机主轴供应。目前，公司在机械钻主轴市场的市占率超过60%，在成型机主轴市场的市占率超过80%。公司具体业务开展及产品情况请关注公司在定期报告披露的相关信息，谢谢关注。,2026-03-24 16:51:48,300503
300503.SZ,昊志机电,20260126,公司在三大领域（AI、人形机器人、商业航天）的技术壁垒如何形成？这些技术壁垒的可持续性如何？,尊敬的投资者，您好！公司致力于成为全球领先的高端装备核心功能部件供应商，并已在国内中高端机床核心零部件制造领域确立了显著的领先地位。\n我们的核心优势与市场地位主要体现在以下几个方面：\n一、领先的技术实力与产品优势：公司整体技术处于“国内领先、国际先进”的水平，部分产品性能已达到国际领先。如公司的气浮及滚珠高速电主轴系列产品成功填补了国内多项技术空白，有效打破了国外品牌在高端电主轴领域的长期垄断，是公司技术实力的集中体现。\n二、完整且协同的业务体系：围绕主轴产品，公司已成功构建起独特的“整机—配件—服务”一体化业务链。我们不仅提供自主研发的中高端主轴整机，更以精密零配件制造为支撑，并辅以专业的配套维修服务，形成紧密协同的业务闭环，为不同应用场景的客户提供全周期、高附加值的解决方案。\n三、广泛的市场认可与行业地位：凭借卓越的产品性能与服务质量，公司品牌及产品在国内外主轴行业享有较高声誉。目前，公司已成为国内电主轴行业产销规模最大的企业之一，市场占有率与品牌影响力稳居行业前列。\n公司将继续聚焦主业，深化技术创新，巩固并扩大在核心零部件领域的领先优势，致力于为全球中高端数控机床及智能制造领域提供更优质的产品与服务。\n感谢关注。,2026-01-31 13:27:24,300503
300503.SZ,昊志机电,20260126,在芯片制造领域，公司的芯片减薄机主轴、划片机主轴如何通过AI技术提升性能？在HBM堆叠技术中的应用进展如何？,尊敬的投资者，您好！公司作为高端装备核心功能部件的专业供应商，已成功开发并量产专用于芯片减薄机、划片机等半导体关键设备的高精度主轴，我们将持续投入研发，紧跟前沿技术发展，提高产品精度、稳定行和可靠性，为智能制造发挥更重要的作用。感谢您对公司的关注与支持。,2026-01-31 13:18:17,300503
300503.SZ,昊志机电,20260126,看到贵司公告净利润大增，请问贵司营收比去年增长多少？,尊敬的投资者，您好。全年营收指标请您关注公司年度报告。谢谢。,2026-01-31 13:16:34,300503
300503.SZ,昊志机电,20260121,请问公司业绩预告啥时候发布？谢谢,尊敬的投资者，您好，感谢您对公司的关注。公司于2026年1月24日在指定媒体和巨潮资讯网披露了《2025年度业绩预告》，具体数据请查看披露的相关内容。谢谢！,2026-01-31 13:14:29,300503
300503.SZ,昊志机电,20260114,董秘您好，贵公司在谐波减速器、无框力矩电机、传感器等核心零部件适配优必选产品，技术对接已完成，预计何时与优必选形成订单？同时，公司与华为、蓝箭的合作订单近期是否会行成？,尊敬的投资者，您好。公司与优必选、华为暂未发生交易，公司已与蓝箭航天建立业务合作关系，相关业务正在稳步推进。该部分业务占公司主营业务收入较小，对公司整体经营业绩影响较小，敬请广大投资者谨慎决策，注意投资风险。感谢您对公司的关注与支持。,2026-02-13 16:33:12,300503
300503.SZ,昊志机电,20260114,公司哪些产品有用于商业航天，轴产品、还是电机,尊敬的投资者，你好。公司具体业务和产品情况请关注公司在定期报告披露的业务信息，谢谢。,2026-02-13 16:32:28,300503
300503.SZ,昊志机电,20260112,本公司的哪些产品可以用于商业航天领域？,尊敬的投资者，你好。公司具体业务和产品情况请关注公司在定期报告披露的业务信息，谢谢。,2026-02-13 16:32:05,300503
300503.SZ,昊志机电,20260111,希望公司通过和蓝箭合作这一波认真研发新产品，航天火箭的电机，然后争取一下spacex或其他航空火箭订单，公司有这方面的规划和研发吗？,尊敬的投资者，您好，感谢您对公司的关注和建议，公司持续关注商业航天产业的发展动态，积极推进产品体系的完善与市场布局的拓展。谢谢关注。,2026-02-13 16:31:44,300503
300503.SZ,昊志机电,20260109,你好，公司有实力成为“机械臂”/“筷子夹火箭”的供应商嘛,尊敬的投资者，您好。公司密切关注商业航天领域的技术发展趋势，持续强化高端装备核心功能部件的研发与制造体系。我们始终以优质的产品与服务，致力于满足市场和客户的多元需求。感谢您对公司的关注与支持。,2026-01-31 13:08:35,300503
300503.SZ,昊志机电,20260109,你好，公司是否进入特斯拉擎天柱供应链？,尊敬的投资者，您好。截至目前，公司暂未与特斯拉形成合作，公司将持续关注机器人领域发展情况，加大研发力度和市场拓展力度，谢谢关注。,2026-01-14 16:32:01,300503
300503.SZ,昊志机电,20260109,你好，单台发动机配套电机价值40-50万元，整发火箭（含多台发动机）价值达400-500万元；\r\n\r\n公司建成航天专用电机专线，年产能5000台，为后续订单提供保障。\r\n是否属实？,尊敬的投资者，您好，公司具体经营情况，请以公司在法定信息披露媒体及官方平台（巨潮资讯网、公司官网、官方认证微信公众号等）发布的公告或信息为准，谢谢关注。,2026-01-14 16:34:19,300503
300503.SZ,昊志机电,20260109,你好，公司是否进入SpaceX供应链,尊敬的投资者，你好。公司暂未进入SpaceX供应链，公司将持续关注航天及卫星领域的潜在应用需求，加大研发力度和市场拓展力度，谢谢关注。,2026-01-14 16:33:16,300503
300503.SZ,昊志机电,20260108,你好，公司与蓝箭航天有哪些合作？是否为独家供应商,尊敬的投资者，你好。公司已与蓝箭航天建立业务合作关系，相关业务正在稳步推进。该部分业务占公司主营业务收入较小，对公司整体经营业绩影响较小，敬请广大投资者谨慎决策，注意投资风险。谢谢关注。,2026-02-13 16:31:17,300503
300503.SZ,昊志机电,20260106,你好，董秘！公司有按摩机器人，请问是否有产品涉及脑机接口或者脑电波之类的？谢谢！,尊敬的投资者，您好，公司机器人产品暂未涉及脑机接口或者脑电波的应用，公司会持续关注前沿技术趋势与市场需求，适时加大研发力度，探索未来产品升级与创新的可能性。感谢您对公司的关注和建议。,2026-01-31 13:05:28,300503
300503.SZ,昊志机电,20260101,贵公司自2021至2025年5年中年年因涉嫌违反证券法律法规而违规处罚，贵公司屡教不改的原因是什么？贵公司自2016年上市已快十年，而净利润屈指可数，贵公司热门概念多，是否有利用热门概念参与市场炒作配合股东高价减持？,"尊敬的投资者，您好。\n（1）公司始终坚持聚焦主营业务发展，持续通过技术创新和市场拓展巩固核心竞争力，所有业务布局均围绕公司长期战略规划有序推进。我们注重可持续、高质量的经营成长，不存在利用市场热点进行概念炒作的情形，公司将持续严格按照相关法律法规要求，及时、准确、完整地履行信息披露义务。敬请广大投资者注意二级市场交易风险，理性作出投资决策。\n（2）截至2025年第三季度，公司实现营业收入114,320.05万元，同比增长18.10%；实现归属于上市公司股东的净利润为12,157.67万元，同比增长50.40%；扣除非经常性损益后归属于上市公司股东的净利润为9,707.05万元，同比增长102.52%。其中，公司主轴类产品实现快速增长，实现销售收入75,800.12万元，同比增长30.32%，占主营业务收入的66.31%，为公司核心收入来源。主轴产品中，PCB钻孔机主轴和PCB成型机主轴、外驱加工中心主轴、加工中心电主轴以及数控雕铣机主轴的销售收入同比均实现较大幅度增长，成为推动业绩增长的主要动力。公司转台、减速器、直线电机等功能部件实现销售收入16,834.10万元，同比增长15.69%，占营收的比重为14.73%。Infranor集团生产的运动控制产品（伺服电机、伺服驱动、运动控制器）实现销售收入20,141.58万元，同比下降14.20%。\n公司高度重视可持续发展与股东回报，在努力提升经营效益的同时，持续通过现金分红等方式与股东共享发展成果，已制定并执行多期股东回报规划，未来公司将继续努力以更好的业绩积极回报投资者。\n感谢您的关注。",2026-01-14 16:30:28,300503
300503.SZ,昊志机电,20251227,請問把带有时间和姓名的股票交易软件持仓截图和身份证一并扫描发送至公司邮箱，可以获知 非定期报告相关时点的股东人数吗？盼你们具体，明确答复。顺祝健康，快乐 【比如截至到2025年12月20日贵公司的股东人数是多少?.,尊敬的投资者，您好，股东人数敬请查阅公司定期报告中披露的相关内容。如您有查询股东人数需求，烦请提供个人身份证、证券账户卡、持股证明资料及联系方式，发送邮件至公司证券事务部邮箱（zqswb@haozhihs.com）；或您本人携带有效证明文件，到公司现场办理查询手续。公司在核实您的股东身份后按照要求予以提供。感谢您的关注与支持。,2025-12-31 17:49:35,300503
300503.SZ,昊志机电,20251225,请贵司董秘部门及相关负责人尽快回复股民的问题:1、《深圳证券交易所上市公司自律监管指引第11号——信息披露工作考核》第十五条要求将互动易回复情况纳入上市公司信息披露评价考核范围；2、《关于深圳证券交易所“互动易”有关事项的通知》中规定：“如无特殊原因，上市公司原则上应当在两个交易日内答复互动易上的投资者提问；如涉及暂时无法解答的问题，也应当及时做出回复，并说明暂时无法解答的原因。”,尊敬的投资者您好，公司高度重视与投资者沟通交流，除互动易平台外，也可以拨打公司投资者热线、邮箱等多种方式与我们进行交流，感谢您的建议。,2025-12-31 17:49:04,300503
300503.SZ,昊志机电,20251225,公开资料查询，贵司与优必选联合筹建的人形机器人创新中心已经成立，请问是否属实？,尊敬的投资者，您好，目前公司与优必选暂未发生交易，感谢您的关注。,2025-12-31 17:48:34,300503
300503.SZ,昊志机电,20251225,请问贵司与国内哪几所高校有研发合作？,尊敬的投资者，您好！公司始终紧密关注数控机床、机器人、新能源汽车等领域的技术发展趋势与市场应用前景，坚持通过引进高端研发人才、持续加大在高端装备核心功能部件方面的研发投入，不断巩固和强化公司在相关领域的核心竞争力。目前，公司在主轴、转台、减速器等核心功能部件方面已积累了丰富的技术成果与产品经验，并持续推动这些产品在自动化装备、工业机器人等领域的应用拓展与深度融合。\n与此同时，公司北京科技大学、华南理工大学、广东省科学院智能制造研究所等国内多所知名高校及科研机构建立了长期稳定的产学研合作关系，通过协同创新，共同攻克关键技术难题，持续提升产品的智能化与高端化水平，致力于为机器人及高端装备产业的创新发展提供坚实支撑。感谢您对公司的关注与支持。,2026-01-06 15:47:35,300503
300503.SZ,昊志机电,20251225,请问贵司的产品能用于回收火箭的巨型机械臂吗？,尊敬的投资者，您好。公司在机器人领域深耕多年，拥有成熟的技术积累和产品经验，公司现在很多机器人零部件的核心指标全面超过国际一流产品，成功实现领跑。以谐波减速器为例，公司生产的谐波减速器产品传动精度比国际主流产品提升近一倍、振动幅度比国外产品降低30%以上，可满足医疗、芯片制造等高端场景对“零晃动”的严苛需求。目前公司减速器、低压驱动器、力矩传感器、无框力矩电机、编码器已全部实现国产自研，部分产品可应用于航天航空领域。\n截至目前，公司机器人核心功能部件的相关业务的销售收入较小，尚不会对公司业绩产生重大影响，敬请广大投资者谨慎决策，注意投资风险。,2026-01-06 15:46:59,300503
300503.SZ,昊志机电,20251225,请问贵司的谐波器能用于空间站的机械手臂吗？,尊敬的投资者，您好。公司在机器人领域深耕多年，拥有成熟的技术积累和产品经验，公司现在很多机器人零部件的核心指标全面超过国际一流产品，成功实现领跑。以谐波减速器为例，公司生产的谐波减速器产品传动精度比国际主流产品提升近一倍、振动幅度比国外产品降低30%以上，可满足医疗、芯片制造等高端场景对“零晃动”的严苛需求。目前公司减速器、低压驱动器、力矩传感器、无框力矩电机、编码器已全部实现国产自研，部分产品可应用于航天航空领域。\n截至目前，公司机器人核心功能部件的相关业务的销售收入较小，尚不会对公司业绩产生重大影响，敬请广大投资者谨慎决策，注意投资风险。,2026-01-06 15:46:44,300503
300503.SZ,昊志机电,20251223,您好！请问，公司机器人相关产品线丰富，是否有积极对接国内外头部人形机器人公司，推进的如何？谢谢！,尊敬的投资者，您好，公司一直密切关注机器人领域的发展情况，并积极推进相关产品的测试与客户对接。截至目前，公司生产的谐波减速器、关节模组等机器人核心部件产品在向部分人形机器人厂商送样测试，公司积极跟进并持续关注机器人相关产品送至客户端的测试进程，相关测试结果与后续进展请关注公司在法定信息披露媒体及官方平台（巨潮资讯网、公司官网、官方认证微信公众号等）发布的公告或信息为准，该部分业务对公司整体业绩影响较小，敬请广大投资者理性看待，注意投资风险。,2025-12-31 17:48:18,300503
300503.SZ,昊志机电,20251223,您好！请问，下半年以来公司的PCB主轴产品出货量是否依然保持增长？PCB产品的升级换代是否会对公司产品的需求带来积极的影响？谢谢！,"尊敬的投资者，您好。 （1）在AI算力基础设施（如服务器、高速交换机）需求快速增长，以及消费电子终端产品持续升级的双重驱动下，PCB产业迎来结构性增长，公司在该领域的专用加工设备销售显著提升。与此同时，国产化替代加速，以及消费电子产品技术与加工工艺、材料持续创新，也为公司产品拓展市场提供了有力支撑。2025年1-9月，公司主轴类产品实现快速增长，实现销售收入75,800.12万元，同比增长30.32%，占主营业务收入的66.31%，为公司核心收入来源。其中，PCB钻孔机主轴和PCB成型机主轴、外驱加工中心主轴、加工中心电主轴以及数控雕铣机主轴的销售收入同比均实现较大幅度增长，成为推动业绩增长的主要动力。 （2）公司在PCB行业的核心业务主要包括机械钻主轴及PCB成型机主轴供应。目前，国内大部分AI相关线路板（从GPU到存储）均由国内厂商制造，其中机械钻主轴及PCB成型机主轴大部分由公司提供。 （3）公司在机械钻主轴市场的市占率超过60%，在成型机主轴市场的市占率超过80%。今年公司PCB钻孔机主轴和PCB成型机主轴销售收入同比均实现较大幅度增长，成为推动业绩增长的主要动力。 （4）基于大规模设备更新及国产化等政策的支持，将有助于提高高端数控机床国产化的需求，相应配套的加工中心的电主轴和五轴转台的需求也相应增加；以及消费电子领域原保有的设备不能满足现有的加工需求，设备周期性的汰换需求增加，公司将积极把握市场发展机遇，不断提升公司的市场份额，增强公司的盈利能力。感谢您的关注与支持。",2026-01-06 15:46:12,300503
300503.SZ,昊志机电,20251217,董秘你好，请问贵公司跟蓝箭航天公司的发动机业务现在处于什么阶段，整发价值量在多少和数量落地的时间？,尊敬的投资者，您好。（1）公司在商业航天领域已与蓝箭航天开展业务合作。根据公司与相关客户签署的保密协议约定，具体合作细节涉及商业敏感信息，暂不便对外披露。除与蓝箭合作外，公司亦持续关注航天及卫星领域的潜在应用需求，并根据市场情况推进相关技术储备。\n（2）截至目前，公司在商业航天相关的业务收入占公司主营业务收入比例较小，截至2025年9月30日，公司在机器人、商业航天领域的业务合计占主营业务收入约1%，敬请广大投资者谨慎决策，注意投资风险。感谢您对公司的关注与支持。,2025-12-31 17:45:28,300503
300503.SZ,昊志机电,20251213,想问下贵司在商业航天这块是否有布局或者有什么布局呢,尊敬的投资者，您好。“十五五”规划提出要加快推动商业航天产业发展，公司持续关注相关领域的技术变化及市场动态。目前，公司部分产品已在头部商业航天公司实现小批量应用，并形成小幅盈利；同时正与行业内多家潜在客户保持沟通并积极推进市场拓展工作。\n随着商业航天产业发展提速及国产化需求稳步提升，行业整体有望在 2026–2027 年进入更明显的规模化阶段，或将带来更快的市场增长。公司将结合自身技术优势及业务布局，审慎把握行业发展带来的机遇，有望在增量市场中获得更多订单机会。具体项目及合作进展请以公司正式公告为准。感谢您对公司的关注与支持。,2025-12-15 15:02:26,300503
300503.SZ,昊志机电,20251213,人形机器人产品目前是否小批量销售，具体有哪些？向美国机构送样产品目前是否通过验收取得证书，大概在什么时候可以知道信息,"尊敬的投资者，您好。\n（1）目前公司机器人业务形成了“N+1+3”的格局，其中“N”是指减速器、低压驱动、力矩传感器、无框力矩电机、编码器等机器人核心零部件，“1”是指以协作机器人为载体，“3”是指三大业务场景：生活美容、工厂上下料、新能源汽车充电。未来公司将持续加大投入，努力将其打造成公司第二增长曲线。\n截至2025年第三季度，公司转台、减速器、直线电机等功能部件实现销售收入16,834.10万元，同比增长15.69%，占营业收入的14.73%。其中，机器人业务增长主要受益于行业加速发展、下游市场需求持续提升以及公司产品竞争力的进一步增强，以及公司下半年产品迭代，在质量与性能方面实现显著提升，市场竞争力持续增强，带动订单量大幅增长，目前相关产品正按计划有序交付。\n经过公司多年的研发创新，公司现在很多机器人零部件的核心指标全面超过国际一流产品，成功实现领跑。以谐波减速器为例，公司生产的谐波减速器产品传动精度比国际主流产品提升近一倍、振动幅度比国外产品降低30%以上，可满足医疗、芯片制造等高端场景对“零晃动”的严苛需求。目前公司减速器、低压驱动器、力矩传感器、无框力矩电机、编码器已全部实现国产自研。\n截至目前，公司机器人核心功能部件的相关业务的销售收入较小，尚不会对公司业绩产生重大影响，敬请广大投资者谨慎决策，注意投资风险。\n（2）关于送检情况，敬请关注公司在法定信息披露媒体及官方平台（巨潮资讯网、公司官网、官方认证微信公众号等）发布的公告或信息，谢谢关注。",2025-12-31 17:42:47,300503
300503.SZ,昊志机电,20251213,尊敬的董秘，您好！请介绍一下公司在航空航天、商业航天上下游领域布局情况，谢谢,尊敬的投资者，您好。“十五五”规划提出要加快推动商业航天产业发展，公司持续关注相关领域的技术变化及市场动态。目前，公司部分产品已在头部商业航天公司实现小批量应用，并形成小幅盈利；同时，公司正与行业内多家潜在客户保持沟通并积极推进市场拓展工作。\n随着商业航天产业发展提速及国产化需求持续增强，商业航天产业有望在2026–2027年进入规模化发展阶段，或将带来更快的市场增长。公司将结合自身技术优势及业务布局，审慎把握行业发展带来的机遇，有望在增量市场中获得更多订单机会。具体项目及合作进展请以公司正式公告为准。感谢您对公司的关注与支持。,2025-12-31 17:41:59,300503
300503.SZ,昊志机电,20251209,请问公司现在有无产品供货蓝箭等航天企业,尊敬的投资者，您好。“十五五”规划提出要加快推动商业航天产业发展，公司持续关注相关领域的技术变化及市场动态。目前，公司部分产品已在头部商业航天公司实现小批量应用，并形成小幅盈利；同时正与行业内多家潜在客户保持沟通并积极推进市场拓展工作。\n随着商业航天产业发展提速及国产化需求稳步提升，行业整体有望在 2026–2027 年进入更明显的规模化阶段，或将带来更快的市场增长。公司将结合自身技术优势及业务布局，审慎把握行业发展带来的机遇，有望在增量市场中获得更多订单机会。具体项目及合作进展请以公司正式公告为准。感谢您对公司的关注与支持。,2025-12-12 17:16:01,300503
300503.SZ,昊志机电,20251209,董秘您好！媒体报道公司获得华为人形机器人21亿的大单，是否属实？,尊敬的投资者，您好，公司与华为暂未形成合作，公司将持续跟踪机器人领域的技术趋势与市场机会，扎实推进研发与市场拓展工作，努力把握发展机遇。感谢您对公司的关注与支持。,2025-12-11 17:02:28,300503
300503.SZ,昊志机电,20251208,有披露特斯拉产业链中国企业有绿的谐波，号称国内唯一量产精度小于15角秒超高精度谐波减速器，双环传动国内唯一RV减速器全产业链自主化，兆威机电全球首款17自由度灵巧手模组，量产直径6mm微型减速器，鸣志电器特斯拉灵巧手电机唯一国产供应商，直径8mm电机转速比传统电机快30%，柯力传感国内唯一量产0.1%FS六维力传感器等。公司号称这些方面全面领先世界有无根据？送检已四月，完成否？希望尽快公布结果！,尊敬的投资者，您好，敬请关注公司在法定信息披露媒体及官方平台（巨潮资讯网、公司官网、官方认证微信公众号等）发布的公告或信息，谢谢关注。,2025-12-12 17:15:33,300503
300503.SZ,昊志机电,20251208,请问贵公司有什么产品应用于航空航天业务，以及和蓝箭航天有业务合作吗,尊敬的投资者，您好。“十五五”规划提出要加快推动商业航天产业发展，公司持续关注相关领域的技术变化及市场动态。目前，公司部分产品已在头部商业航天公司实现小批量应用，并形成小幅盈利；同时正与行业内多家潜在客户保持沟通并积极推进市场拓展工作。\n随着商业航天产业发展提速及国产化需求稳步提升，行业整体有望在 2026–2027 年进入更明显的规模化阶段，或将带来更快的市场增长。公司将结合自身技术优势及业务布局，审慎把握行业发展带来的机遇，有望在增量市场中获得更多订单机会。具体项目及合作进展请以公司正式公告为准。感谢您对公司的关注与支持。,2025-12-12 17:15:11,300503
300503.SZ,昊志机电,20251207,请问供港应用于宏福苑火灾事件当中的外骨络装备是否有采用贵司的产品，请问贵司产品目前应用在那些行业及市场应用设备上？,尊敬的投资者，您好，公司产品涵盖主轴、转台、直线电机、谐波减速器、数控系统、伺服电机、驱动器、传感器、编码器、氢燃料电池空压机等数十个系列上百种产品。产品广泛应用于汽车制造、金属制品、食品饮料、3C、医药、物流等行业。公司具体产品信息可查阅公司官网，感谢您的关注。,2025-12-12 17:14:50,300503
300503.SZ,昊志机电,20251205,董秘你好，媒体报道近期美国政府计划大力发展人型机器人产业，并且特斯拉也在加速审厂和人型机器人图纸定型。请问，贵司的谐波减速器或者电机产品是否可以应用在人型机器人产业？最近一年是否与宇树科技、智元机器人、小鹏机器人等国内人型机器人公司有过技术交流或者产品供货等？望回复，感谢！,尊敬的投资者，您好。公司生产的谐波减速器、无框力矩电机、编码器、低压驱动器、六维力矩传感器等产品可应用于人形机器人。2023年，公司与宇树科技开展了合作，并实现少量转台销售，该业务未涉及人形机器人领域；截至目前，公司尚未与小鹏汽车建立销售关系。近一年来，公司已与国内多家人形机器人企业进行了技术交流，并为部分客户提供了进一步的产品与解决方案，相关合作正在积极推进中，基于公司与客户签署的保密协议，具体合作内容暂不便对外披露，相关信息请以公司后续披露的正式公告为准。\n经过公司多年的研发创新，公司现在很多机器人零部件的核心指标全面超过国际一流产品，成功实现领跑。以谐波减速器为例，公司生产的谐波减速器产品传动精度比国际主流产品提升近一倍、振动幅度比国外产品降低30%以上，可满足医疗、芯片制造等高端场景对“零晃动”的严苛需求。目前公司减速器、低压驱动器、力矩传感器、无框力矩电机、编码器已全部实现国产自研，上述产品均已实现销售。\n目前公司机器人业务形成了“N+1+3”的格局，其中“N”是指减速器、低压驱动、力矩传感器、无框力矩电机、编码器等机器人核心零部件，“1”是指以协作机器人为载体，“3”是指三大业务场景：生活美容、工厂上下料、新能源汽车充电。未来公司将持续加大投入，努力将其打造成公司第二增长曲线。感谢您对公司的关注与支持。,2025-12-12 17:14:24,300503
300503.SZ,昊志机电,20251205,董秘你好，十五五规划国家大力大展商业航天，蓝箭航天、星河动力、中科宇航、星际荣耀、银河航天等火箭运载发射或者卫星互联网星座公司也投入大量资源进行相关产业试验！请问，贵司是否看重商业航天的潜在客户？贵司的产品是否有可能运用在蓝箭航天、中科宇航等上述商业航天公司的相关产品中？贵司是否有计划与国内商业航天，特别是火箭运载发射领军企业加强技术交流与产业合作？望回复，感谢！,尊敬的投资者，您好。“十五五”规划提出要加快推动商业航天产业发展，公司持续关注相关领域的技术变化及市场动态。目前，公司部分产品已在头部商业航天公司实现小批量应用，并形成小幅盈利；同时正与行业内多家潜在客户保持沟通并积极推进市场拓展工作。\n随着商业航天产业发展提速及国产化需求稳步提升，行业整体有望在 2026–2027 年进入更明显的规模化阶段，或将带来更快的市场增长。公司将结合自身技术优势及业务布局，审慎把握行业发展带来的机遇，有望在增量市场中获得更多订单机会。具体项目及合作进展请以公司正式公告为准。感谢您对公司的关注与支持。,2025-12-12 17:12:54,300503
300503.SZ,昊志机电,20251205,市场传闻贵公司独家供应朱雀三号天鹊B型发动机的电机，请问是否如实，谢谢,尊敬的投资者，您好。“十五五”规划提出要加快推动商业航天产业发展，公司持续关注相关领域的技术变化及市场动态。目前，公司部分产品已在头部商业航天公司实现小批量应用，并形成小幅盈利；同时正与行业内多家潜在客户保持沟通并积极推进市场拓展工作。\n随着商业航天产业发展提速及国产化需求稳步提升，行业整体有望在 2026–2027 年进入更明显的规模化阶段，或将带来更快的市场增长。公司将结合自身技术优势及业务布局，审慎把握行业发展带来的机遇，有望在增量市场中获得更多订单机会。具体项目及合作进展请以公司正式公告为准。感谢您对公司的关注与支持。,2025-12-12 17:12:30,300503
300503.SZ,昊志机电,20251202,请问贵公司产品能否用于商业航天领域？产品是否已经在商业航天领域形成销售？,尊敬的投资者，您好。“十五五”规划提出要加快推动商业航天产业发展，公司持续关注相关领域的技术变化及市场动态。目前，公司部分产品已在头部商业航天公司实现小批量应用，并形成小幅盈利；同时正与行业内多家潜在客户保持沟通并积极推进市场拓展工作。\n随着商业航天产业发展提速及国产化需求稳步提升，行业整体有望在 2026–2027 年进入更明显的规模化阶段，或将带来更快的市场增长。公司将结合自身技术优势及业务布局，审慎把握行业发展带来的机遇，有望在增量市场中获得更多订单机会。具体项目及合作进展请以公司正式公告为准。感谢您对公司的关注与支持。,2025-12-12 17:11:30,300503
300503.SZ,昊志机电,20251128,董秘好，请问公司的高端电主轴产品或其他产品，是否已应用于商业航天领域，例如蓝箭航天等公司的火箭发动机制造环节？,尊敬的投资者，您好。“十五五”规划提出要加快推动商业航天产业发展，公司持续关注相关领域的技术变化及市场动态。目前，公司部分产品已在头部商业航天公司实现小批量应用，并形成小幅盈利；同时正与行业内多家潜在客户保持沟通并积极推进市场拓展工作。\n随着商业航天产业发展提速及国产化需求稳步提升，行业整体有望在 2026–2027 年进入更明显的规模化阶段，或将带来更快的市场增长。公司将结合自身技术优势及业务布局，审慎把握行业发展带来的机遇，有望在增量市场中获得更多订单机会。具体项目及合作进展请以公司正式公告为准。感谢您对公司的关注与支持。,2025-12-12 17:10:16,300503
300503.SZ,昊志机电,20251127,近日，广东省地方金融管理局官网发布《广东省金融支持企业开展产业链整合兼并行动方案》。行动方案明确，鼓励上市公司综合运用股份、定向可转债、现金等支付工具实施整合兼并，吸引更多社会资本参与，提升企业可持续发展能力，优化产业链布局，实现转型升级。支持上市公司依法依规设立产业并购基金，重点投向产业链上下游关键环节。请问贵司有无相关整合兼并计划？谢谢,尊敬的投资者，您好，公司目前暂无收购兼并计划，敬请关注公司后续披露的相关公告，谢谢。,2026-01-06 15:45:25,300503
300503.SZ,昊志机电,20251126,尊敬的董秘，您好！敬请发布截至今天10月31日公司的股东户数信息,尊敬的投资者，您好！公司股东人数情况请您查阅公司在指定信息披露媒体发布的定期报告。感谢您的关注。,2025-11-27 16:02:35,300503
300503.SZ,昊志机电,20251114,你好，在11月14日上海证券报的报道中，汤董说到：公司机器人业务已在部分头部客户实现小批量销售，核心零部件产品逐步进入量产阶段，明年有望取得突破性进展。请问是哪几家头部客户？,尊敬的投资者，您好，公司具体经营情况，请以公司在法定信息披露媒体及官方平台（巨潮资讯网、公司官网、官方认证微信公众号等）发布的公告或信息为准，谢谢关注。,2025-11-27 16:01:26,300503
300503.SZ,昊志机电,20251112,董秘您好，从公司报表来看，公司账上的现金不足1亿，但应收款却超过8.8亿，而且一直呈现上升趋势。请问公司是否会存在业绩大幅计提的可能？是否会出现流动性危机？,尊敬的投资者，您好，公司将加强货款催收，确保公司的应收账款和应收票据按期回收。另外，公司与相关金融机构的合作正常，尚未使用的银行授信额度也相对较大，对于已经到期的金融机构借款均能按期偿还或展期。同时，公司将综合运用票据结算、银行借款和融资租赁等多种融资手段，并采取长、短期融资方式适当结合，优化融资结构的方法，保持融资持续性与灵活性之间的平衡。谢谢关注。,2025-11-27 16:01:03,300503
300503.SZ,昊志机电,20251110,请问公司领导后续费开发新能源汽车电机吗？或者说现在是否已经在进行？,尊敬的投资者，您好，公司暂无开发新能源汽车电机产品，在新能源汽车领域公司储备的产品有氢燃料电池空压机，该产品是公司基于现有产品的相关技术自主研发的产品。经过多年的研究和积累，公司已经拥有完整的、完全自主的高速离心式空压机的设计、制造和测试技术，可独立完成空压机产品的研发、制造和销售，该产品主要配套于氢燃料电池汽车和燃料电池发电系统等领域公司，截至目前，公司已完成DK-GF110、DK-GF150、DK-GF180、DK-GF220、DK-GF300 等多个系列燃料电池空压机产品的开发工作，可满足 50~240kW 燃料电池系统的使用需求，上述产品已有小量交易，销售收入较小，尚不会对公司业绩产生重大影响。同时，公司紧跟行业前沿，进行能量回收型氢燃料电池空压机研究和开发，先后开发了 DK-GF150-3.0T、 DK-GF180A-T 和 DK-GF300A-T 三款能量回收型燃料电池空压机产品，该系列产品具有无油润滑、高效率、高可靠性、长寿命、高抗振性能的特点，设有可变截面涡轮能量回收系统，能有效回收电堆排放的尾气能量，能量回收比例＞30%，上述产品目前处于测试端验证阶段。感谢您的关注。,2025-11-25 17:26:29,300503
300503.SZ,昊志机电,20251110,请问公司高管，公司是否有生产电机？是属于电机行业概念吗？都有生产哪些电机，能详细介绍一下电机产品吗？,尊敬的投资者，您好，目前公司的产品涵盖PCB钻孔机/成型机/划片机电主轴、数控金属/玻璃雕铣机电主轴、数控车床主轴/电主轴、走芯车床电主轴、直结与皮带式机械主轴、加工中心电主轴、钻攻中心电主轴、高速内/外圆磨床主轴、木工雕铣机电主轴、高光及超精加工电主轴、超声波电主轴、液静压主轴、铣削动力头、末端执行机构、刀柄夹头、数控转台、直线电机、谐波减速器、按摩机器人核心功能部件、数控系统、伺服电机、驱动器、传感器、编码器、氢燃料电池空压机和曝气鼓风机等数十个系列上百种产品。公司的电机产品包括了机床行业用的主轴电机，伺服电机。工业自动化和机器人行业用的无框力矩电机，伺服电机。还包括各类特种电机（高真空度、防爆、高辐射类特种工况）。公司产品信息具体可查阅公司官网，感谢您的关注。,2025-11-25 17:27:33,300503
300503.SZ,昊志机电,20251110,最近平台上论坛上有人发表说，公司有接到大额机器人订单是否属实？,"尊敬的投资者，您好,截至2025年第三季度，公司转台、减速器、直线电机等功能部件实现销售收入16,834.10万元，同比增长15.69%，占营业收入的14.73%。其中，机器人业务增长主要受益于行业加速发展、下游市场需求持续提升以及公司产品竞争力的进一步增强。以及公司下半年产品迭代，质量与性能方面实现显著提升，市场竞争力持续增强，带动订单量大幅增长，目前相关产品正按计划有序交付。\n经过公司多年的研发创新，公司现在很多机器人零部件的核心指标全面超过国际一流产品，成功实现领跑。以谐波减速器为例，公司生产的谐波减速器产品传动精度比国际主流产品提升近一倍、振动幅度比国外产品降低30%以上，可满足医疗、芯片制造等高端场景对“零晃动”的严苛需求。目前公司减速器、低压驱动器、力矩传感器、无框力矩电机、编码器已全部实现国产自研。\n目前公司机器人业务形成了“N+1+3”的格局，其中“N”是指减速器、低压驱动、力矩传感器、无框力矩电机、编码器等机器人核心零部件，“1”是指以协作机器人为载体，“3”是指三大业务场景：生活美容、工厂上下料、新能源汽车充电。未来公司将持续加大投入，努力将其打造成公司第二增长曲线。\n截至目前，公司机器人核心功能部件的相关业务的销售收入较小，尚不会对公司业绩产生重大影响，敬请广大投资者谨慎决策，注意投资风险。感谢您的关注。",2025-11-25 17:25:28,300503
300503.SZ,昊志机电,20251110,请问公司跟优必选公司合作项目取得了进展怎么样？是否形成销售订单？,尊敬的投资者，您好，公司目前与优必选暂未发生交易，谢谢关注。,2025-11-26 15:49:19,300503
300503.SZ,昊志机电,20251110,请问公司领导财务总监，之前有一个公告说今年及后两年的业绩净利润在2-3亿，麻烦你能详细再次说明一下细节吗？,尊敬的投资者，您好，公司业绩情况敬请关注公司在法定信息披露媒体及官方平台（巨潮资讯网、公司官网、官方认证微信公众号等）发布的公告或信息，谢谢关注。,2025-11-26 15:48:53,300503
300503.SZ,昊志机电,20251110,董秘你好，今日小鹏机器人亮眼，公司是否与该公司有深度合作？谢谢！,尊敬的投资者，您好，公司小鹏汽车暂无直接合作，公司将持续加大市场的营销力度，不断开拓业务，谢谢关注。,2025-11-26 15:48:28,300503
300503.SZ,昊志机电,20251110,请问公司跟小鹏汽车是否有合作？有无订单来往？,尊敬的投资者，您好，公司与小鹏汽车暂无直接合作，公司将持续加大市场的营销力度，不断开拓业务，谢谢关注。,2025-11-27 16:00:34,300503
300503.SZ,昊志机电,20251110,请问贵公司有无在泰国和墨西哥设厂计划？谢谢,尊敬的投资者，您好，目前公司暂无在泰国和墨西哥设厂计划，公司将持续关注海外市场机遇，结合公司自身发展战略，适时推进海外布局，感谢您的关注。,2025-11-26 15:50:07,300503
300503.SZ,昊志机电,20251109,请问公司风光储相关设备产品主要包括应用于光伏行业的主轴与转台产品吗？发展潜力如何？谢谢,尊敬的投资者，您好，公司产品涵盖主轴、转台、减速器、导轨等数十个系列上百种产品。凭借在高端装备核心功能部件领域的深厚技术积累，公司研发的晶棒磨削电主轴，硅片减薄、倒角、划片等电主轴及硅片检测用高精度转台等产品已广泛应用于光伏行业，部分产品应用已延伸至半导体芯片前道加工与检测等领域。上述产品的发展前景较好，发展空间较大，感谢您的关注。,2025-11-25 17:28:41,300503
300503.SZ,昊志机电,20251107,公司现在主营电主轴，市场占有率世界领先。另一方面，公司计算机核心部件包括谐波减速器、六维力传感器也很强，去年相关技术取得颠覆性突破，关键指标全面领先世界。今年8月谐波减速器获维科杯新产品奖，但市场方面好像没有得到相应表现，营收、利润和股价都大大低于同行。公司已发现这个问题，把这些核心部件送国际权威单位检测，据说结果出来需要3到4个月，现在已过去3月，请问检测结果什么时候出来？如何扭转这种不利局面？,尊敬的投资者，您好，敬请关注公司在法定信息披露媒体及官方平台（巨潮资讯网、公司官网、官方认证微信公众号等）发布的公告或信息，谢谢关注。,2025-11-26 15:47:32,300503
300503.SZ,昊志机电,20251107,作为一家具有机器人完整配件体系的公司，能否借鉴其他公司的并购经验，对国内知名机器人公司进行并购。比如智元机器人被并购的案例，就值得公司去参考。谢谢！,尊敬的投资者，您好。感谢您的建议，公司将根据发展战略，在时机、条件和对象成熟的前提下进行适度的收购兼并，使公司形成更强的产业链协同效应以及更大的规模效应，提升自身竞争实力。谢谢关注。,2025-11-26 15:48:04,300503
300503.SZ,昊志机电,20251105,请问贵公司谐波减速器、​无框力矩电机、六维力传感器是否已通过人形机器人品牌公司的验证，订单放量了吗？,"尊敬的投资者，您好，公司生产的谐波减速器、无框力矩电机和编码器等产品可应用于人形机器人，截至2025年第三季度，公司转台、减速器、直线电机等功能部件实现销售收入16,834.10万元，同比增长15.69%，占营业收入的14.73%。其中，机器人业务增长主要受益于行业加速发展、下游市场需求持续提升以及公司产品竞争力的进一步增强，以及公司下半年产品迭代，质量与性能方面实现显著提升，市场竞争力持续增强，带动订单量大幅增长，相关产品正按计划有序交付。目前该部分销售规模尚小，对公司整体业绩影响较小，敬请广大投资者理性看待，注意投资风险。谢谢关注。",2025-11-25 17:22:56,300503
300503.SZ,昊志机电,20251105,请问产品美国送测的结果出来了吗？,尊敬的投资者，您好，敬请关注公司在法定信息披露媒体及官方平台（巨潮资讯网、公司官网、官方认证微信公众号等）发布的公告或信息，谢谢关注。,2025-11-25 17:19:06,300503
300503.SZ,昊志机电,20251029,您好董秘，公司互动易曾恢复：“公司在PCB行业的核心业务主要包括机械钻主轴及PCB成型机主轴供应。目前，国内大部分AI相关线路板（从GPU到存储）均由国内厂商制造，其中机械钻主轴及PCB成型机主轴大部分由公司提供。”那么公司产品是否也在存储芯片领域有应用？谢谢。,"尊敬的投资者，您好，公司拥有专门应用于芯片领域的主轴系列产品，比如芯片减薄机主轴、划片机主轴、晶圆检测用转台等超精密主轴等，截至2025年前三季度，公司实现营业收入114,320.05万元，同比增长18.10%；归母净利润12,157.67万元，同比增长50.40%；扣非净利润9,707.05万元，同比增长102.52%。\n报告期内，公司主轴类产品实现快速增长，实现销售收入 75,800.12 万元，同比增长 30.32%，占主营业务收入的 66.31%，为公司核心收入来源，PCB钻孔机主轴、PCB成型机主轴等多类主轴产品销售收入实现大幅增长，成为推动业绩增长的主要动力，其中，PCB主轴实现销售收入16,912.69万元，同比增长83.99%。\n谢谢关注。",2025-11-06 16:53:31,300503
300503.SZ,昊志机电,20251029,董秘您好，请问公司产品在储能领域有何应用？谢谢。,尊敬的投资者，您好。公司暂无储能领域产品，公司将密切关注到储能市场发展趋势，持续加大研发投入，进一步丰富公司的产品布局，谢谢关注。,2025-11-07 17:07:37,300503
300503.SZ,昊志机电,20251028,董秘您好，英伟达Rubin架构（英伟达下一代GPU）有望提前至2026年上市，新架构必将为相关产业带来增量，请问公司PCB钻孔机产品，是否也将因此而受益？谢谢。,"尊敬的投资者，您好，公司与英伟达目前暂无合作。\n公司作为PCB产业链上游的关键供应商，核心业务包括机械钻主轴及PCB成型机主轴的研发与制造，目前，国内大部分AI相关线路板（从GPU到存储）均由国内厂商制造，其中公司提供的机械钻主轴和成型机主轴占据主导地位，在机械钻主轴市场的市占率超过60%，在成型机主轴市场的市占率超过80%。\n在AI算力基础设施建设和消费电子升级的推动下，PCB产业呈现结构性增长态势。受益于此，公司相关设备销售显著提升，叠加国产化替代与工艺创新的助力，市场拓展成效显著。截至2025年前三季度，公司实现营业收入114,320.05万元，同比增长18.10%；归母净利润12,157.67万元，同比增长50.40%；扣非净利润9,707.05万元，同比增长102.52%。\n报告期内，公司主轴类产品实现快速增长，实现销售收入 75,800.12 万元，同比增长 30.32%，占主营业务收入的 66.31%，为公司核心收入来源，PCB钻孔机主轴、PCB成型机主轴等多类主轴产品销售收入实现大幅增长，成为推动业绩增长的主要动力，其中，PCB主轴实现销售收入16,912.69万元，同比增长83.99%。\n另外，根据Prismark和灼识咨询数据，预计到2029年，全球PCB专用设备市场将以8.7%的年复合增长率增长，达到约107.65亿美元。其中，我国PCB专用设备行业市场规模预计将以8.4%的年复合增长率增至约61.39亿美元。在设备构成中，钻孔设备及曝光设备分别占约21%和17%的份额。且预计2024至2029年间将保持较高增速，年复合增长率分别达10.3%和10.0%。谢谢关注。",2025-11-07 17:06:42,300503
300503.SZ,昊志机电,20251027,结合《十五五规划》，昊志机电在氢能和核聚变能领域的长期战略规划是什么？公司如何布局未来产业？,尊敬的投资者，您好。\n（1）公司高度重视国家“十五五”规划对氢能产业的战略引领，公司将持续加大对新能源汽车领域研发投入，借助公司在研发、制造、客户、品牌等方面的资源积累，深化与产业链相关企业合作，推动公司氢燃料电池空压机产品在性能、寿命及成本上的持续突破，为公司的长远发展注入强劲动力。\n（2）公司暂无核聚变能领域产品。\n谢谢关注。,2025-11-06 16:54:26,300503
300503.SZ,昊志机电,20251027,昊志机电的氢燃料电池空压机产品目前商业化进展如何？,尊敬的投资者，您好。\n经过多年的研究和积累，公司已经拥有完整的、完全自主的高速离心式空压机的设计、制造和测试技术，可独立完成空压机产品的研发、制造和销售，该产品主要配套于氢燃料电池汽车和燃料电池发电系统等领域公司，截至目前，公司已完成DK-GF110、DK-GF150、DK-GF180、DK-GF220、DK-GF300 等多个系列燃料电池空压机产品的开发工作，可满足 50~240kW 燃料电池系统的使用需求，上述产品已有小量交易，销售收入较小，尚不会对公司业绩产生重大影响。同时，公司紧跟行业前沿，进行能量回收型氢燃料电池空压机研究和开发，先后开发了 DK-GF150-3.0T、 DK-GF180A-T 和 DK-GF300A-T 三款能量回收型燃料电池空压机产品，该系列产品具有无油润滑、高效率、高可靠性、长寿命、高抗振性能的特点，设有可变截面涡轮能量回收系统，能有效回收电堆排放的尾气能量，能量回收比例＞30%，上述产品目前处于测试端验证阶段。感谢您的关注。,2025-11-06 16:52:19,300503
300503.SZ,昊志机电,20251027,能量回收型空压机（如DK-GF150-3.0T）的技术成熟度如何？何时能实现量产？,尊敬的投资者，您好，公司研发的DK-GF150-3.0T能量回收型燃料电池空压机具有无油润滑、高效率、高可靠性、长寿命、高抗振性能的特点，设有可变截面涡轮能量回收系统，能有效回收电堆排放的尾气能量，能量回收比例＞30%，该产品目前处于测试端验证阶段，谢谢关注。,2025-11-07 17:06:09,300503
300503.SZ,昊志机电,20251027,昊志机电在氢燃料电池空压机领域有哪些最新技术突破？这些技术如何提升氢能源汽车的效率和竞争力？,尊敬的投资者，您好。\n经过多年的研究和积累，公司已经拥有完整的、完全自主的高速离心式空压机的设计、制造和测试技术，可独立完成空压机产品的研发、制造和销售，该产品主要配套于氢燃料电池汽车和燃料电池发电系统等领域公司，截至目前，公司已完成DK-GF110、DK-GF150、DK-GF180、DK-GF220、DK-GF300 等多个系列燃料电池空压机产品的开发工作，可满足 50~240kW 燃料电池系统的使用需求，上述产品已有小量交易，销售收入较小，尚不会对公司业绩产生重大影响。同时，公司紧跟行业前沿，进行能量回收型氢燃料电池空压机研究和开发，先后开发了 DK-GF150-3.0T、 DK-GF180A-T 和 DK-GF300A-T 三款能量回收型燃料电池空压机产品，该系列产品具有无油润滑、高效率、高可靠性、长寿命、高抗振性能的特点，设有可变截面涡轮能量回收系统，能有效回收电堆排放的尾气能量，能量回收比例＞30%，上述产品目前处于测试端验证阶段。感谢您的关注。,2025-11-05 17:16:27,300503
300503.SZ,昊志机电,20251025,请问贵公司有​五轴机床业务吗？分别为哪些客户供货？谢谢,尊敬的投资者，您好，公司产品涵盖PCB钻孔机/成型机/划片机电主轴、数控金属/玻璃雕铣机电主轴、数控车床主轴/电主轴、走芯车床电主轴、直结与皮带式机械主轴、加工中心电主轴、钻攻中心电主轴、高速内/外圆磨床主轴、木工雕铣机电主轴、高光及超精加工电主轴、超声波电主轴、液静压主轴、铣削动力头、末端执行机构、刀柄夹头、数控转台、直线电机、谐波减速器、按摩机器人核心功能部件、数控系统、伺服电机、驱动器、传感器、编码器、氢燃料电池空压机和曝气鼓风机等数十个系列上百种产品。其中，公司的五轴机床主轴、转台、摆头、导轨、丝杠、直线电机、驱动器及数控系统等核心部件已广泛应用于3C电子、精密模具、新能源汽车、航空航天等多个领域的五轴机床中，为高端装备制造提供可靠的技术支撑。谢谢关注。,2025-11-06 16:51:20,300503
300503.SZ,昊志机电,20251025,请问贵公司有五轴机床业务吗？,尊敬的投资者，您好，公司产品涵盖PCB钻孔机/成型机/划片机电主轴、数控金属/玻璃雕铣机电主轴、数控车床主轴/电主轴、走芯车床电主轴、直结与皮带式机械主轴、加工中心电主轴、钻攻中心电主轴、高速内/外圆磨床主轴、木工雕铣机电主轴、高光及超精加工电主轴、超声波电主轴、液静压主轴、铣削动力头、末端执行机构、刀柄夹头、数控转台、直线电机、谐波减速器、按摩机器人核心功能部件、数控系统、伺服电机、驱动器、传感器、编码器、氢燃料电池空压机和曝气鼓风机等数十个系列上百种产品。其中，公司的五轴机床主轴、转台、摆头、导轨、丝杠、直线电机、驱动器及数控系统等核心部件已广泛应用于3C电子、精密模具、新能源汽车、航空航天等多个领域的五轴机床中，为高端装备制造提供可靠的技术支撑。谢谢关注。,2025-11-05 17:14:12,300503
300503.SZ,昊志机电,20251014,公司是否有变故未公布？,"尊敬的投资者，您好。目前公司各项生产经营活动正常,公司的重要信息均会通过巨潮资讯网等指定媒体进行披露,敬请查阅公司在巨潮资讯网披露的相关公告，谢谢关注。",2025-10-26 15:43:32,300503
300503.SZ,昊志机电,20251014,公司公众号7月21发布的文章内提到了（在工业机器人领域，谐波减速器被誉为“关节核心”，第一刀：精度跃升：激光干涉仪实测数据显示，昊志机电减速器传动精度达30arc sec，比国际17规格以下同类减速器高66.7%，可满足高精密芯片光刻机、航天精密仪器等高端场景的严苛需求；）该产品是否可用于光刻机上？,尊敬的投资者。您好，公司暂无光刻机领域业务，谢谢关注。,2025-10-26 15:42:59,300503
300503.SZ,昊志机电,20251013,公司机器人核心零部件有没有送样给特斯拉测试？,尊敬的投资者，您好。截至目前，公司暂未与特斯拉形成合作，公司将持续关注机器人领域发展情况，加大研发力度和市场拓展力度，谢谢关注。,2025-10-26 15:42:40,300503
300503.SZ,昊志机电,20251011,特朗普10月11日发布消息称将增加中国关税100%，贵公司出口业务受此影响大吗？,尊敬的投资者，您好！截至目前，公司对美销售收入占公司总收入比重较低，美国加征关税事项对公司海外市场销售业绩影响有限。目前公司经营情况一切正常。公司会密切关注国际贸易政策的变化及发展，并与客户持续沟通，稳步推进各项业务发展。感谢您的支持与关注！,2025-10-15 17:08:09,300503
300503.SZ,昊志机电,20251009,请问公司参加2025年上海工博会有无收获意向订单？,尊敬的投资者，您好！公司于2025年9月参加了在上海举行的中国国际工业博览会，并在展会期间与新老客户就产品需求及意向订单进行了深入沟通。关于后续具体进展，敬请关注公司通过法定信息披露渠道及官方平台（包括巨潮资讯网、公司官网、官方认证微信公众号等）发布的公告或相关信息。感谢您的支持与关注！,2025-10-15 17:07:39,300503
300503.SZ,昊志机电,20250919,请问贵公司在AI服务器浸没式液冷领域有布局吗？相关产品是否已经量产？谢谢,尊敬的投资者，您好，公司目前没有该领域的业务，谢谢关注。,2025-09-25 16:37:50,300503
300503.SZ,昊志机电,20250918,公司在光刻机方面有研究吗？,尊敬的投资者，您好，公司目前没有该领域的业务，谢谢关注。,2025-09-25 16:37:37,300503
300503.SZ,昊志机电,20250917,公司业务上有没有和特斯拉合作？机器人核心配件都和哪些头部公司有合作？,尊敬的投资者，您好。公司与特斯拉暂未形成合作。公司相关业务信息，请以公司在法定信息披露媒体及官方平台（巨潮资讯网、公司官网、官方认证微信公众号等）发布的公告或信息为准。\n公司在机器人领域的产品涵盖谐波减速器、无框力钜电机、驱动器、控制系统、六维度力钜传感器、刹车机构、编码器、电磁快换模块、关节模组以及末端执行机构等机器人领域核心部件。截至目前，公司已与大族机器人、湖南沁峰机器人、广州数控、深圳众为兴等客户建立业务合作关系并已形成销售，公司与昊志大健康共同开发的按摩机器人，已成功应用于美业专业连锁机构。公司将持续关注机器人领域发展情况，加大研发力度和市场拓展力度，谢谢关注。,2025-09-25 16:37:18,300503
300503.SZ,昊志机电,20250917,目前，谐波减速器、关节模组等机器人核心部件已向部分人形机器人厂商送样测试，并实现初步销售，成功切入人形机器人产业链，已通过特斯拉Bot验证，获得50万套谐波减速器订单（2025 - 2028年） 。请问是否贵公司是否与特斯拉在机器人领域已有合作？,尊敬的投资者，您好。公司与特斯拉暂未形成合作。公司相关业务信息，请以公司在法定信息披露媒体及官方平台（巨潮资讯网、公司官网、官方认证微信公众号等）发布的公告或信息为准，谢谢关注。,2025-09-25 16:36:26,300503
300503.SZ,昊志机电,20250916,您好，董秘！同花顺8月研报说公司已进入T公司供应链，请问是否属实。其它公司机器人业务都已有实质性的进展，昊志机电的送样结果如何，有没有达成实质性的合作？,"答：尊敬的投资者，您好。\n（1）公司与特斯拉暂未形成合作。公司相关业务信息，请以公司在法定信息披露媒体及官方平台（巨潮资讯网、公司官网、官方认证微信公众号等）发布的公告或信息为准。\n（2）2025年上半年，公司机器人核心功能部件实现销售收入1,221.03万元，同比增长27%，占主营业务收入的比重为1.74%。主要受益于产业加速发展、下游市场需求增长，以及公司产品竞争力的增强。与此同时，下半年公司产品迭代，质量和性能大幅提升，公司产品竞争力增强，订单量大幅增加，目前按照计划交付中。\n经过公司多年的研发创新，公司现在很多机器人零部件的核心指标全面超过国际一流产品，成功实现领跑。以谐波减速器为例，公司生产的谐波减速器产品传动精度比国际主流产品提升近一倍、振动幅度比国外产品降低30%以上，可满足医疗、芯片制造等高端场景对“零晃动”的严苛需求。目前公司减速器、低压驱动器、力矩传感器、无框力矩电机、编码器已全部实现国产自研。\n目前公司机器人业务形成了“N+1+3”的格局，其中“N”是指减速器、低压驱动、力矩传感器、无框力矩电机、编码器等机器人核心零部件，“1”是指以协作机器人为载体，“3”是指三大业务场景：生活美容、工厂上下料、新能源汽车充电。未来公司将持续加大投入，努力将其打造成公司第二增长曲线。\n公司将持续跟踪机器人领域的技术趋势与市场机会，扎实推进研发与市场拓展工作，努力把握发展机遇。感谢您对公司的关注与支持。",2025-09-25 16:35:53,300503
300503.SZ,昊志机电,20250915,近期PCB线路板行业因AI算力的发展股价大幅上升，贵司做为为线路板厂提供加工主轴的供应商，股价为何未能体现？,尊敬的投资者，您好，（1）公司在PCB行业的核心业务主要包括机械钻主轴及PCB成型机主轴供应。目前，国内大部分AI相关线路板（从GPU到存储）均由国内厂商制造，其中机械钻主轴及PCB成型机主轴大部分由公司提供。 （2）公司在机械钻主轴市场的市占率超过60%，在成型机主轴市场的市占率超过80%。今年上半年，公司PCB 钻孔机主轴和PCB 成型机主轴销售收入同比均实现较大幅度增长，成为推动业绩增长的主要动力。（3）未来，公司将继续优化经营管理和生产能力，保持行业领先地位，同时积极布局高端市场，逐步提升业绩和市场影响力。谢谢关注。,2025-09-16 17:09:38,300503
300503.SZ,昊志机电,20250915,请问公司在AI方面有什么发展方向与空间？,尊敬的投资者，您好，目前公司的营收不涉及AI业务，谢谢关注。,2025-09-28 11:38:04,300503
300503.SZ,昊志机电,20250915,看到公司在充电机器人方面有相关的布局，请问是如何考虑的，目前的发展情况如何？,尊敬的投资者，您好，公司已在充电机器人领域开展产品研发和市场布局，目前已测试并开始小批量交付。该部分业务目前对公司整体业绩影响较小，敬请投资者注意风险，谢谢关注。,2025-09-25 16:35:18,300503
300503.SZ,昊志机电,20250915,公司和华为公司有合作吗？建议公司在精密制造方面的优势和华为软件方面优势，强强联合开发人型机器人。,尊敬的投资者，您好。感谢您的建议，公司业务情况具体可关注公司在法定信息披露媒体及官方平台（巨潮资讯网、公司官网、官方认证微信公众号等）发布的公告或信息，公司将积极把握市场发展机遇，加大力度做好机器人核心功能部件的研发、销售和推广工作，不断提升公司的盈利能力和产品的市场竞争力。谢谢关注。,2025-09-25 16:32:33,300503
300503.SZ,昊志机电,20250913,您好，董秘！广东省机器人协会执行会长任玉桐在接受上海证券报记者专访时表示昊志机电的机器人产品已进入ABB供应链，请问是否属实？,尊敬的投资者，您好，公司具体经营情况，请以公司在法定信息披露媒体及官方平台（巨潮资讯网、公司官网、官方认证微信公众号等）发布的公告或信息为准，谢谢关注。,2025-09-16 17:07:52,300503
300503.SZ,昊志机电,20250913,贵司的直线电机已成功应用与光刻机领域，并得到了客户的认可。请问直线电机在光刻机里的具体应用是什么？谢谢,答：尊敬的投资者，您好，公司目前没有该领域的业务，谢谢关注。,2025-09-16 17:06:40,300503
300503.SZ,昊志机电,20250913,您好，董秘！同花顺8月研报说公司已进入T公司供应链，请问是否属实。其它公司机器人业务都已有实质性的进展，昊志机电的送样结果如何，有没有达成实质性的合作？,"答：尊敬的投资者，您好。\n（1）公司与特斯拉暂未形成合作。公司相关业务信息，请以公司在法定信息披露媒体及官方平台（巨潮资讯网、公司官网、官方认证微信公众号等）发布的公告或信息为准。\n（2）2025年上半年，公司机器人核心功能部件实现销售收入1,221.03万元，同比增长27%，占主营业务收入的比重为1.74%。主要受益于产业加速发展、下游市场需求增长，以及公司产品竞争力的增强。与此同时，下半年公司产品迭代，质量和性能大幅提升，公司产品竞争力增强，订单量大幅增加，目前按照计划交付中。\n经过公司多年的研发创新，公司现在很多机器人零部件的核心指标全面超过国际一流产品，成功实现领跑。以谐波减速器为例，公司生产的谐波减速器产品传动精度比国际主流产品提升近一倍、振动幅度比国外产品降低30%以上，可满足医疗、芯片制造等高端场景对“零晃动”的严苛需求。目前公司减速器、低压驱动器、力矩传感器、无框力矩电机、编码器已全部实现国产自研。\n目前公司机器人业务形成了“N+1+3”的格局，其中“N”是指减速器、低压驱动、力矩传感器、无框力矩电机、编码器等机器人核心零部件，“1”是指以协作机器人为载体，“3”是指三大业务场景：生活美容、工厂上下料、新能源汽车充电。未来公司将持续加大投入，努力将其打造成公司第二增长曲线。\n公司将持续跟踪机器人领域的技术趋势与市场机会，扎实推进研发与市场拓展工作，努力把握发展机遇。感谢您对公司的关注与支持。",2025-09-25 16:30:55,300503
300503.SZ,昊志机电,20250912,贵司已攻克所有机器人核心部件，是否有向人形机器人整机领域拓展，目前在人形机器人领域有无具体规划，请详细回复，不要敷衍转移问题昊志机电?,"尊敬的投资者，您好，2025年上半年，公司机器人核心功能部件实现销售收入1,221.03万元，同比增长27%，占主营业务收入的比重为1.74%。主要受益于产业加速发展、下游市场需求增长，以及公司产品竞争力的增强。与此同时，下半年公司产品迭代，质量和性能大幅提升，公司产品竞争力增强，订单量大幅增加，目前按照计划交付中。\n经过公司多年的研发创新，公司现在很多机器人零部件的核心指标全面超过国际一流产品，成功实现领跑。以谐波减速器为例，公司生产的谐波减速器产品传动精度比国际主流产品提升近一倍、振动幅度比国外产品降低30%以上，可满足医疗、芯片制造等高端场景对“零晃动”的严苛需求。目前公司减速器、低压驱动器、力矩传感器、无框力矩电机、编码器已全部实现国产自研。\n目前公司机器人业务形成了“N+1+3”的格局，其中“N”是指减速器、低压驱动、力矩传感器、无框力矩电机、编码器等机器人核心零部件，“1”是指以协作机器人为载体，“3”是指三大业务场景：生活美容、工厂上下料、新能源汽车充电。未来公司将持续加大投入，努力将其打造成公司第二增长曲线。\n截至目前，公司机器人核心功能部件的相关业务的销售收入较小，尚不会对公司业绩产生重大影响，敬请广大投资者谨慎决策，注意投资风险。感谢您的关注。",2025-09-16 17:05:45,300503
300503.SZ,昊志机电,20250910,公司和华为公司有合作吗？建议公司在精密制造方面的优势和华为软件方面优势，强强联合开发人型机器人。,尊敬的投资者，您好。感谢您的建议，公司业务情况具体可关注公司在法定信息披露媒体及官方平台（巨潮资讯网、公司官网、官方认证微信公众号等）发布的公告或信息，公司将积极把握市场发展机遇，加大力度做好机器人核心功能部件的研发、销售和推广工作，不断提升公司的盈利能力和产品的市场竞争力。谢谢关注。,2025-09-25 16:29:10,300503
300503.SZ,昊志机电,20250908,今年贵司欲参加上海工博会机器人展9月23日-27日，去年参加了吗？,尊敬的投资者，您好。公司于去年同期参加了在上海举办的工博会，并持续关注和评估各类外部展会机会。我们积极通过展会平台展示公司产品，致力于开拓更多合作机会，延伸客户渠道，以促进公司业务增长，感谢您对公司的关注与支持。,2025-09-16 17:03:15,300503
300503.SZ,昊志机电,20250904,您好，董秘。贵公司的人形机器人业务一直出于送样阶段。请问有没有通过头部厂商的测试？有没有潜在的合作意向？和其它同行比，贵司的机器人业务竞争力如何？广东本土机器人公司有没有和贵司深度绑定？,"尊敬的投资者，您好。\n（1）公司一直密切关注机器人领域的发展情况，并积极推进相关产品的测试与客户对接。截至目前，公司生产的谐波减速器、关节模组等机器人核心部件产品在向部分人形机器人厂商送样测试，公司积极跟进并持续关注机器人相关产品送至客户端的测试进程，相关测试结果与后续进展请关注公司在法定信息披露媒体及官方平台（巨潮资讯网、公司官网、官方认证微信公众号等）发布的公告或信息为准，该部分业务对公司整体业绩影响较小，敬请广大投资者理性看待，注意投资风险。\n（2）2025年上半年，公司机器人核心功能部件实现销售收入1,221.03万元，同比增长27%，占主营业务收入的比重为1.74%。主要受益于产业加速发展、下游市场需求增长，以及公司产品竞争力的增强。与此同时，下半年公司产品迭代，质量和性能大幅提升，公司产品竞争力增强，订单量大幅增加，目前按照计划交付中。\n经过公司多年的研发创新，公司现在很多机器人零部件的核心指标全面超过国际一流产品，成功实现领跑。以谐波减速器为例，公司生产的谐波减速器产品传动精度比国际主流产品提升近一倍、振动幅度比国外产品降低30%以上，可满足医疗、芯片制造等高端场景对“零晃动”的严苛需求。目前公司减速器、低压驱动器、力矩传感器、无框力矩电机、编码器已全部实现国产自研。\n目前公司机器人业务形成了“N+1+3”的格局，其中“N”是指减速器、低压驱动、力矩传感器、无框力矩电机、编码器等机器人核心零部件，“1”是指以协作机器人为载体，“3”是指三大业务场景：生活美容、工厂上下料、新能源汽车充电。未来公司将持续加大投入，努力将其打造成公司第二增长曲线。\n感谢您的关注。",2025-09-25 16:28:30,300503
300503.SZ,昊志机电,20250904,你好：去年12月份证监会对董事长和董秘的监管处罚，罚款都足额上缴了吗？,尊敬的投资者，您好，目前公司生产经营正常，公司将严格按照相关法律法规和深圳证券交易所的相关规定履行信息披露义务，感谢您的关注。,2025-09-16 17:01:26,300503
300503.SZ,昊志机电,20250903,贵公司和宇树科技有业务往来吗？,尊敬的投资者，您好。公司于2023年与宇树形成合作并向其销售少量转台，未涉及人形机器人领域，截至目前，公司与宇树交易金额较小，该部分尚不会对公司业绩产生重大影响，敬请广大投资者谨慎决策，注意投资风险。感谢您的关注。,2025-09-16 17:00:48,300503
300503.SZ,昊志机电,20250901,周末有消息称六维力传感器和力矩传感器需求大增，公司相关产品销量是否有所增长？主要客户有哪些？,"尊敬的投资者，您好，2025年上半年，公司机器人核心功能部件实现销售收入1,221.03万元，同比增长27%，占主营业务收入的比重为1.74%。主要受益于产业加速发展、下游市场需求增长，以及公司产品竞争力的增强。与此同时，下半年公司产品迭代，质量和性能大幅提升，公司产品竞争力增强，订单量大幅增加，目前按照计划交付中。截至目前，公司机器人核心功能部件的相关业务的销售收入较小，尚不会对公司业绩产生重大影响，敬请广大投资者谨慎决策，注意投资风险。感谢您的关注。",2025-09-16 16:59:59,300503
300503.SZ,昊志机电,20250829,请问公司有生产新能源汽车上的电机产品吗？新能源汽车电机有向主机厂供货了没有？客户有哪些,尊敬的投资者，您好，新能源汽车领域公司储备的产品有氢燃料电池空压机，该产品是公司基于现有产品的相关技术自主研发的产品。经过多年的研究和积累，公司已经拥有完整的、完全自主的高速离心式空压机的设计、制造和测试技术，可独立完成空压机产品的研发、制造和销售。截至目前，公司已完成DK-GF110、DK-GF150、DK-GF180、DK-GF220、DK-GF300 等多个系列燃料电池空压机产品的开发工作，可满足 50~240kW 燃料电池系统的使用需求。同时，公司紧跟行业前沿，进行能量回收型氢燃料电池空压机研究和开发，先后开发了 DK-GF150-3.0T、 DK-GF180A-T 和 DK-GF300A-T 三款能量回收型燃料电池空压机产品，该系列产品将大幅提高空压机效率，降低空压机的能耗。公司上述产品已有小量交易，销售收入较小，尚不会对公司业绩产生重大影响，敬请广大投资者谨慎决策，注意投资风险。感谢您的关注。,2025-09-16 16:58:42,300503
300503.SZ,昊志机电,20250824,请问我们公司在半导体领域，已经向哪些国内半导体公司供货？,尊敬的投资者，您好，公司的划片机主轴、高精度磨外圆电主轴、气浮超精密晶圆研磨电主轴、晶圆精密倒角用电主轴、晶圆超精密检测空气静压转台以及伺服驱动器和直驱电机等产品，可为客户提供半导体等领域核心功能部件解决方案，公司上述产品已有小量交易，销售收入较小，尚不会对公司业绩产生重大影响，敬请广大投资者谨慎决策，注意投资风险。感谢您的关注。,2025-09-16 16:57:39,300503
300503.SZ,昊志机电,20250818,贵司内部员工称，公司已与人形机器人厂家合作，相关产品已经定制送样完成，关节模组等产品今年小批量出货，情况是否属实，目前在人形机器人领域有无具体规划。,尊敬的投资者，您好！公司一直密切关注机器人领域的发展情况，并积极推进相关产品的测试与客户对接。截至目前，公司生产的谐波减速器、关节模组等机器人核心部件产品在向部分人形机器人厂商送样测试，该部分业务对公司整体业绩影响较小，敬请广大投资者理性看待，注意投资风险。公司将持续跟踪机器人领域的技术趋势与市场机会，扎实推进研发与市场拓展工作，努力把握发展机遇。感谢您对公司的关注与支持！,2025-08-20 16:05:50,300503
300503.SZ,昊志机电,20250815,请问公司从2023开始与宇树形成合作是否属实？请及时回复，谢谢！,尊敬的投资者，您好。公司于2023年与宇树形成合作并向其销售少量转台，未涉及人形机器人领域，截至目前，公司与宇树交易金额较小，敬请投资者注意投资风险。谢谢关注。,2025-08-20 16:04:06,300503
300503.SZ,昊志机电,20250813,董秘你好，祝贺贵司的谐波减速器荣获“维科杯”优秀产品奖，贵司获奖的谐波减速器传动精度达到30弧秒，振动峰值做到了6mm²/秒，这个数据比日本哈默科谐波减速器的产品参数还好，请问贵司在什么测试条件下实现了以上的效果？,尊敬的投资者，您好，关于公司减速器产品的关键性能测试条件如下：\n（1）传动精度：使用激光干涉仪测试的空载静态精度，±360°运动范围。\n（2）振动：负载重量13.65kg，臂长96mm，转动惯量66568kg*mm^2，正反运动360°。\n（3）转速从1000rpm~5000rpm，在负载末端（96mm）吸附振动传感器收集振动信号。\n基于上述严格测试条件，公司谐波减速器产品在核心性能上实现了显著提升，传动精度的显著优化，确保了动力传递的更高精准度，而对振动的有效抑制则增强了设备运行的稳定性。这些核心性能的突破，有力增强了公司产品的市场竞争力，为客户提供了更高价值、更优性价比的使用体验。感谢您对公司的关注与支持。,2025-08-13 22:29:28,300503
300503.SZ,昊志机电,20250805,市场传言公司将参与2025年8月8日世界机器人大会，公司将在大会上首发【扭矩密度提升30%的旋转执行器】。请董秘简单解析一下该产品的市场前景和市场应用领域，以及该产品在国内和国际技术方面是否处于行业领先地位？,尊敬的投资者，您好。\n（1）公司自研减速器实现三大核心技术的颠覆性突破，性能指标全面领先：\n①精度跃升：激光干涉仪实测数据显示，公司研发的减速器传动精度达30arc sec，比国际17规格以下同类减速器高66.7%，可满足高精密芯片光刻机、航天精密仪器等高端场景的严苛需求；\n②振动控制：振动计实测振动峰值仅6mm/s，比国际17规格以下同类减速器低60%，大幅提升设备运行稳定性；\n③静音技术：噪音分贝值降至58dB，较国际17规格以下同类减速器低17dB，达到正常交谈标准。\n（2）公司未参展2025年8月8日举行的世界机器人大会，但公司将参展9月上海工博会及后续的德国EMO展等。\n关于公司的产品研发动态、技术进展及参展信息，请关注公司在法定信息披露媒体及官方平台（巨潮资讯网、公司官网、官方认证微信公众号等）发布的公告或信息。敬请广大投资者注意风险，感谢您对公司的关注与支持。,2025-08-13 22:27:57,300503
300503.SZ,昊志机电,20250805,董秘你好：目前大部分公司都在给人形机器人公司送样测试，但是咱们公司始终停留在按摩机器人层面上。请问：（1）公司没有给人形机器人公司配套生产零部件的能力吗？（2）公司没有考虑朝人形机器人方向发展和布局吗？（3）公司究竟有没有给人形机器人公司送样测试？（4）给哪些人形机器人公司送样测试了？\n请董秘真诚回复上面3个提问，不要含糊其辞，混淆视听。,尊敬的投资者，您好。公司生产的谐波减速器、无框力矩电机和编码器等产品可应用于人形机器人，公司生产的谐波减速器、关节模组等机器人核心部件产品在向部分人形机器人厂商送样测试的同时，已实现部分产品的初步销售。目前该部分销售规模尚小，对公司整体业绩影响较小，敬请广大投资者理性看待，注意投资风险。公司将持续跟踪机器人领域的技术趋势与市场机会，扎实推进研发与市场拓展工作，努力把握发展机遇。感谢您对公司的关注与支持！,2025-08-13 22:27:03,300503
300503.SZ,昊志机电,20250805,贵公司回复说产品尚未应用于人形机器人领域，既然尚未应用，你们是如何得出谐波减速器和电机可应用于人形机器人的？用了才知道行不行，没用你们就知道行？你们靠猜想吗？你们的回复不自相矛盾吗？,尊敬的投资者，您好！公司一直密切关注机器人领域的发展情况，并积极推进相关产品的测试与客户对接。截至目前，公司生产的谐波减速器、关节模组等机器人核心部件产品在向部分人形机器人厂商送样测试，该部分业务对公司整体业绩影响较小，敬请广大投资者理性看待，注意投资风险。公司将持续跟踪机器人领域的技术趋势与市场机会，扎实推进研发与市场拓展工作，努力把握发展机遇。感谢您对公司的关注与支持！,2025-08-20 16:05:31,300503
300503.SZ,昊志机电,20250726,董秘老师您好，请问公司是否和宇树，云深处，华为，众擎机器人合作？pcb业务是和哪家企业合作？,尊敬的投资者，您好。（1）公司与云深处，华为，众擎机器人暂未形成合作。（2）公司于2023年与宇树形成合作，但未涉及人形机器人领域，截至目前，公司与宇数交易金额较小，敬请投资者注意投资风险。（3）PCB领域公司主要与大族数控和台湾大量等企业合作，具体业务开展情况可关注公司定期报告、官网以及公众号发布的信息，谢谢关注。,2025-08-11 17:39:14,300503
300503.SZ,昊志机电,20250724,请问贵司机器人相关订单排期如何？订单量多吗,"尊敬的投资者，您好，截至2025年上半年，公司机器人核心功能部件实现销售收入1,221.03万元，同比增长127%，公司业务开展具体情况可关注公司定期报告，谢谢关注。",2025-08-01 19:28:15,300503
300503.SZ,昊志机电,20250724,请问公司子公司infranor 生产的伺服电机，驱动器，不能适配人形机器人吗？这个子公司没有朝着人形机器人方向研发产品吗？以后人形机器人是最大的增量，子公司infranor 都没有产品可用于人形机器人？,尊敬的投资者，您好，公司瑞士infranor集团产品目前在机器人方面的应用主要在移动和工业机器人领域（AGC/AMR、机床机器人等），公司将持续关注机器人领域发展情况，加大研发力度和市场拓展力度，谢谢关注。,2025-08-01 19:27:51,300503
300503.SZ,昊志机电,20250716,你好董秘，作为投资者想问一下，我们公司的减速器和六维度矩传感器可以用于人形机器人吗？公司还有其他的产品可以用于人形机器人和工业机器人吗？,"公司生产的谐波减速器、无框力矩电机和编码器等产品可应用于人形机器人。截至目前，公司上述产品尚未应用于在人型机器人领域，也没有签署相关协议，敬请注意投资风险。截至2025年上半年，公司机器人核心功能部件实现销售收入1,221.03万元，同比增长127%，公司将持续关注机器人领域发展情况。谢谢关注。",2025-08-01 19:27:04,300503
300503.SZ,昊志机电,20250714,请问贵司有智元机器人的零部件订单吗？,尊敬的投资者，您好，截至目前，公司与智元机器人暂未形成合作，谢谢关注。,2025-08-01 19:26:07,300503
300503.SZ,昊志机电,20250709,请问贵司机器人零部件有无供货擎天柱？,尊敬的投资者，您好，截至目前，公司与擎天柱暂未形成合作，谢谢关注。,2025-08-01 19:25:51,300503
300503.SZ,昊志机电,20250703,"空心杯电机在人形机器人关节应用中，如何解决高频振动、寿命衰减问题？已量产电机的扭矩, 响应速度是否满足特斯拉 ,小米需求？",尊敬的投资者，您好，公司目前无空心杯电机产品，谢谢关注。,2025-08-01 19:25:30,300503
300503.SZ,昊志机电,20250522,董秘您好！公司六维力传感器性能优异，有产能储备吗？,尊敬的投资者，您好，公司目前已有六维力矩传感器技术储备。未来，公司将根据市场需求安排生产计划，谢谢关注。,2025-05-26 17:10:28,300503
300503.SZ,昊志机电,20250516,工信部为工业母机发声防内卷，公司在工业母机领域有何优势有何高精尖技术？,尊敬的投资者，您好，数控机床是装备制造业的工业母机，公司的主轴、转台、直线电机、伺服电机、伺服驱动器和数控系统等产品均可应用于数控机床领域，且产品品种系列齐全，应用领域广泛，技术性能优异，部分产品不仅可以实现大规模进口替代，还已成功实现出口，在国内市场占据了较高的市场份额。关于公司具体产品业务情况您可查阅公司定期报告以及公司官网，谢谢关注。,2025-05-26 17:11:06,300503
300503.SZ,昊志机电,20250413,请问公司在2022年年报出现的问题是否已经得到完全解决，是否会影响公司的经营？公司最近连续两次被证监会处罚，虽说都是之前遗留的问题，但是总是会让投资者心慌。再次问下这些处罚是否会影响公司的正常经营？能否发下公告或回答关于这些问题，让投资者更有信心坚定持有！也希望邀请国内外投资机构对我们公司进行调研活动，彰显我们公司的实力及发展前景！谢谢！,尊敬的投资者，您好，公司将不断提高规范运作意识，完善公司治理、强化内部控制体系建设，并不断努力提高业绩，用事实成绩回报投资者，公司目前的经营正常。同时，感谢您的建议，谢谢关注。,2025-05-26 17:07:36,300503
300503.SZ,昊志机电,20250409,美国关税对公司业务影响大吗，谢谢,尊敬的投资者，您好！截止目前，公司对美销售收入占公司总收入比重较低，美国加征关税事项对公司海外市场销售业绩影响有限。目前公司经营情况一切正常。公司会密切关注国际贸易政策的变化及发展，并与客户持续沟通，稳步推进各项业务发展。感谢您的支持与关注！,2025-04-10 17:54:32,300503
300503.SZ,昊志机电,20250402,董秘您好：媒体报道八大类按摩手法，昊志机电助力外骨骼按摩机器人上岗属实？,尊敬的投资者，您好，公司业务开展情况具体可关注公司定期报告、官网以及公众号发布的信息，谢谢关注。,2025-04-07 18:24:05,300503
300503.SZ,昊志机电,20250402,董秘您好：公司生产的外骨骼按摩机器人实现商业化应用？,尊敬的投资者，您好，公司目前没有产品应用在外骨骼机器人，谢谢关注。,2025-04-07 18:23:44,300503
300503.SZ,昊志机电,20250402,董秘您好：贵公司在外骨骼机器人方面有布局医疗服务机器人？,尊敬的投资者，您好，公司目前没有产品应用在外骨骼机器人，谢谢关注。,2025-04-07 18:23:26,300503
300503.SZ,昊志机电,20250402,董秘您好：外骨骼机器人应用范围广，贵公司在外骨骼机器人方面有布局医疗服务机器人？,尊敬的投资者，您好，公司目前没有产品应用在外骨骼机器人，谢谢关注。,2025-04-07 18:23:11,300503
300503.SZ,昊志机电,20250402,请问公司与半导体新贵新凯来有业务往来吗？如果有主要涉及哪方面的业务？,尊敬的投资者，您好，公司目前未与新凯来公司形成合作，谢谢关注。,2025-04-07 18:22:41,300503
300503.SZ,昊志机电,20250327,没有一个头部企业用你们的人行机器人产品？别扯什么工业机器人，大家关注的是人形。请问你们有积极去争取吗，这么多造人形机器人的，怎么就没一个正经合作的？,尊敬的投资者，您好，公司产品目前未有在人型机器人领域形成销售，谢谢关注。,2025-04-07 18:22:17,300503
300503.SZ,昊志机电,20250325,请问贵公司和特斯拉有机器人方面的业务合作吗？,尊敬的投资者，您好，公司目前未与特斯拉形成合作，谢谢关注。,2025-04-07 18:21:56,300503
300503.SZ,昊志机电,20250321,请问公司产品谐波减速器，六维力传感器等机器人核心部件已向哪些头部公司送样接洽？,尊敬的投资者，您好，公司目前在机器人领域的产品涵盖谐波减速器、无框力钜电机、驱动器、控制系统、六维度力钜传感器、刹车机构、编码器、电磁快换模块、关节模组以及末端执行机构等机器人领域核心部件。公司将持续做好客户测试或对接测试需求，谢谢关注。,2025-04-07 18:21:37,300503
300503.SZ,昊志机电,20250320,请问贵司既然在一体化关节这么复杂的部件上取得了成功，为什么不进行灵巧手的集成开发？贵司的人形机器人产品都有哪些，产品质量分别居于国内国际什么水平？贵司有为美的、华为、宇树、乐聚等先进的机器人公司供货吗，贵司都为哪些机器人公司供货或达成供货协议？贵司三季报增幅不错，为何没有四季度业绩预告？,尊敬的投资者，您好，公司产品目前未有在人型机器人领域形成销售；公司业务开展情况具体可关注公司定期报告、官网以及公众号发布的信息，谢谢关注。,2025-04-07 18:21:10,300503
300503.SZ,昊志机电,20250319,昊志机电是越疆机器人供应商嘛！,尊敬的投资者，您好，公司目前没有与深圳市越疆科技有限公司合作，感谢关注。,2025-04-07 18:20:39,300503
300503.SZ,昊志机电,20250319,企业的研发占据着极为重要的地位。我注意到贵公司在2023年的年报中披露了截至报告期末累计获得的专利数量，并未披露当年申请及获得授权的发明专利数量，请问是否能披露？另外，请问公司当前的研发投入水平是否合理，这些投入产生了实质性效应吗？,尊敬的投资者，您好，公司高度重视研发投入，凭借着公司强大的研发实力和持续的研发投入，公司不仅能够对现有产品性能进行持续优化和升级，还能够快速响应客户的定制开发需求，并自主布局新产品、新技术的研发，以满足下游行业相关材料、结构和技术工艺不断变革以及生产效率、加工精度要求不断提高的需求，巩固并不断提升公司产品的市场竞争力，谢谢关注。,2025-04-07 18:20:13,300503
300503.SZ,昊志机电,20250318,你好，深海经济被写入政府报告，公司在海工装备上有何技术储备？现在有运用在海工装备的设备及零部件吗？请详细说明一下，让我们更好的了解公司，谢谢！,尊敬的投资者，您好，公司业务开展情况具体可关注公司定期报告、官网以及公众号发布的信息，谢谢关注。,2025-04-07 18:19:46,300503
300503.SZ,昊志机电,20250318,董秘您好：深圳市越疆科技有限公司是贵公司客户？,尊敬的投资者，您好，公司目前没有与深圳市越疆科技有限公司合作，感谢关注。,2025-04-07 18:19:28,300503
300503.SZ,昊志机电,20250312,贵公司的人形机器人目前有什么进展呢？什么时候可以推出呢？,尊敬的投资者，您好，公司产品目前未有在人型机器人领域形成销售，谢谢关注。,2025-04-07 18:19:07,300503
300503.SZ,昊志机电,20250311,贵公司目前在机器人领域的产品涵盖谐波减速器、无框力鉅电机、驱动器、控制系统、六维度力鉅传感器、刹车机构、编码器、电磁快换模块、关节模组、末端执行机构以及RV减速器等机器人领域核心部件。公司谐波减速器、无框力矩电机和编码器等产品可应用于人形机器人！既然有这些硬核技术，贵公司为什么不亲自下场智造人形机器人呢？恳请贵公司能否考虑。谢谢,尊敬的投资者，您好，感谢您的建议，公司会努力抓住行业发展契机，提升公司的盈利能力和市场竞争力。谢谢关注。,2025-04-07 18:18:48,300503
300503.SZ,昊志机电,20250310,请问丰之盛产品是否已经应用到人形机器人？,尊敬的投资者，您好，常熟丰之盛机械科技有限公司是一家集研发、生产、销售于一体的传动智能自动化高新技术企业，致力于各类传动元件及相关技术的开发与产业化，为航空航天、工业母机 CNC、 3C 锂电、新能源光伏和机器人等行业提供优质的传动产品和技术解决方案，其直线导轨等产品在高端检测设备、工业母机 CNC 等领域形成了自有核心技术和竞争优势，可实现进口替代。截至目前，公司与常熟丰之盛机械科技有限公司共同投资的“湖南昊志传动机械有限公司”已获批设立，湖南昊志传动机械有限公司将重点进行直线导轨及相关零配件的研发、生产、销售等，谢谢关注。,2025-04-07 18:18:25,300503
300503.SZ,昊志机电,20250308,请问公司有给宇树科技或其子公司提供产品吗？,尊敬的投资者，您好，公司业务开展情况具体可关注公司定期报告、官网以及公众号发布的信息，谢谢关注。,2025-04-07 18:17:53,300503
300503.SZ,昊志机电,20250307,贵公司回答投资者的提问毫无诚意，其他上市公司的回答都明确说明哪些产品在送样人形机器人本体测试，贵公司含糊其词，有就有，没有就没有，请贵公司回答有哪些产品送样人形机器人测试,尊敬的投资者，您好，公司一直密切关注机器人领域的发展情况，并积极推动机器人领域相关产品与客户对接测试，公司将持续关注机器人领域发展情况，做好经营管理工作，感谢关注。,2025-04-07 18:17:26,300503
300503.SZ,昊志机电,20250307,贵公司对投资者的问答闪烁其词，含糊不清。口口声声说很多机器人产品，那些产品都只是生产个机械臂之类的，投资者关注的是人形机器人，其他公司都疯狂往这赛道加码，抢占先机，你们公司已经远远落后于其他公司，基本没什么人形机器人公司测试你们的产品，未来你们怎么发展？守着机械臂冒充人形机器人？,尊敬的投资者，您好，公司一直密切关注机器人领域的发展情况，并积极推动机器人领域相关产品与客户对接测试，公司将持续关注机器人领域发展情况，做好经营管理工作，感谢关注。,2025-04-07 18:16:50,300503
300503.SZ,昊志机电,20250306,董秘您好！公司目前有没有向人形机器人企业送样测试？谢谢！,尊敬的投资者，您好，公司目前在机器人领域的产品涵盖谐波减速器、无框力钜电机、驱动器、控制系统、六维度力钜传感器、刹车机构、编码器、电磁快换模块、关节模组以及末端执行机构等机器人领域核心部件。公司谐波减速器、无框力矩电机和编码器等产品可应用于人形机器人。截至目前，公司上述产品尚未应用于在人型机器人领域，也没有签署相关协议。公司将持续关注机器人领域发展情况，并持续做好客户测试或对接测试需求，谢谢关注。,2025-04-07 18:16:11,300503
300503.SZ,昊志机电,20250305,董秘，您好，公司成功研发出包含 “世界级精度与寿命的谐波减速器”、“高精度编码器” 等一系列核心功能部件的 “一体化关节模组”，强势打破国外技术垄断，是否属实？该成果对国产人形机器人产业化有何积极影响？对公司未来业绩影响如何？谢谢,"尊敬的投资者，您好，经过多年的研究和积累，公司已经拥有完整的、完全自主的谐波减速器的设计、制造和测试技术，可独立减速器产品的研发、制造和销售。目前我司已经先后攻克了齿形设计、凸轮廓设计、齿轮表面处理等关键技术，并形成了14至50型号的减速器，速比涵盖30-160。公司的产品性能方面：精度高出行业标准20%以上，刚性高出行业标准10%以上。同时公司通过不断研究齿轮表面处理技术，使得产品精度寿命不断提升，有效解决了国内产品精度保持性不足的问题。同时，凭借在机器人领域深厚的技术积累，公司先后攻克了智能机器人用“高性能谐波减速器”、“高精度编码器”、“一体化关节模组”、“六维力传感器”、“控制系统”等一系列核心功能部件技术，打破了智能机器人核心功能部件依赖进口的局面，实现了智能机器人核心功能部件的全国产化。公司与客户共同开发的按摩机器人，已成功应用于美业专业连锁机构。截至2024年第三季度，公司转台等功能部件相关业务（含转台、直线电机、减速器、导轨等）实现销售收入 14,550.48 万元，同比增长 69.43%，谢谢关注。",2025-04-07 18:15:38,300503
300503.SZ,昊志机电,20250305,董秘您好，公司在机器人关节模组的核心部件有没有新的突破或核心关键技术？相关产品是否已供货国内机器人厂商或已提供样品，跟他们的合作情况如何，具体公司是哪几家？谢谢,尊敬的投资者，您好，公司开发的关节模组具有定位精度和重复定位精度高；重量轻，结构紧凑；内置温度传感器保护；传动平稳，负载力大，寿命长；多种规格面对不同应用场合及负载要求，轻松选型，易于安装；可兼容众多机器人控制器等特点。主要满足小型化、轻量化、模块化的需求，可满足机器人厂商快速实现机器人功能化、实用化的目标。且已实现批量销售，谢谢关注。,2025-04-07 18:14:41,300503
300503.SZ,昊志机电,20250304,董秘您好！请问公司有用在人形机器人灵巧手上的产品吗？谢谢！,尊敬的投资者，您好，公司目前没有产品应用于机器人灵巧手，谢谢关注。,2025-04-07 18:14:06,300503
300503.SZ,昊志机电,20250303,尊敬的董秘先生：近日公司官方微信公众号连续发文介绍无框力矩电机和六维力矩传感器在人形机器人中的重要性。又成立了机器人公司。作为机器人的核心部件生产商，公司是否会抓住机遇大刀阔斧的进军人形机器人整机生产领域？,尊敬的投资者，您好，公司已于2024年11月设立子公司“广州市昊志机器人有限公司”，该子公司主要承接公司机器人事业部业务，负责机器人核心功能部件（包括但不限于谐波减速器、无框力钜电机、刹车机构、编码器、电磁快换模块、六维度力钜传感器、控制系统、关节模组、末端执行机构（气动手指、快换模块）等机器人领域功能部件）研发、生产、销售等业务，截至目前，上述相关产品均已形成销售，公司将持续关注机器人领域发展情况，做好经营管理工作，谢谢关注。,2025-04-07 18:13:41,300503
300503.SZ,昊志机电,20250303,你好，广州市昊志机器人有限公司成立已经4个多月，可否透露下业务进展情况。我们的产品是否已供货国内机器人厂商或已提供样品，跟他们的合作情况如何，具体公司是哪几家？,尊敬的投资者，您好，公司全资子公司广州市昊志机器人有限公司的经营情况请留意公司后续披露的相关公告，谢谢。,2025-04-07 18:12:53,300503
300503.SZ,昊志机电,20250302,公司服务号说已经与头部机器人公司接洽无框力矩电机，请问头部机器人公司包括国内还是国外的？具体是哪几家？目前的进展如何？,尊敬的投资者，您好，公司已有无框力矩电机产品，该产品已大量应用于公司按摩机器人、转台和关节中，谢谢关注。,2025-04-07 18:12:13,300503
300503.SZ,昊志机电,20250302,请问公司有没有引入战略投资者共同发展人形机器人的打算？,尊敬的投资者，您好。公司将将持续关注机器人领域发展情况，并根据发展情况考虑是否引入战略投资者，具体请以公司公告为准。谢谢关注。,2025-04-07 18:11:30,300503
300503.SZ,昊志机电,20250227,请问公司有通过向富士康的子公司鸿准精密模具（昆山）有限公司供货，进入了苹果桌面机器人的产业链吗？谢谢,尊敬的投资者，您好，鸿准精密模具（昆山）有限公司是公司客户之一，与公司交易金额较少，谢谢关注。,2025-03-04 17:38:40,300503
300503.SZ,昊志机电,20250227,请问公司是否受邀出席广东省人工智能与机器人产业发展座谈会？能介绍下吗？谢谢,尊敬的投资者，您好，公司受邀出席了广东省人工智能与机器人产业发展座谈会，我司总经理雷群先生在会上就公司在机器人领域的布局和发展作了介绍。我司于2014 年进入机器人领域。利用企业精密加工制造和研发优势，相继攻克了机器人高性能谐波减速器、高精度编码器、一体化关节模组、无框力矩电机、六维力传感器、大中空低压驱动器、机器人末端执行机构、控制系统等一系列核心功能部件，实现了机器人领域横向一体化发展和核心功能部件全部国产化。同时，公司还协助客户推出了业内领先的按摩机器人等产品，并积极拓展应用场景，加快核心功能部件在具身智能机器人上的批量应用，为推动机器人产业的发展作出积极贡献，谢谢关注。,2025-03-04 17:38:16,300503
300503.SZ,昊志机电,20250227,请问公司是否已切入埃斯顿、新松机器人、拓斯达等头部机器人厂商供应链？谢谢！,尊敬的投资者，您好，公司业务开展情况具体可关注公司定期报告、官网以及公众号发布的信息，谢谢关注。,2025-04-07 18:11:03,300503
300503.SZ,昊志机电,20250227,请问贵公司产品是否送样人形机器人公司？有产生收入吗,尊敬的投资者，您好，公司产品目前未有在人型机器人领域形成销售，谢谢关注。,2025-04-07 18:10:42,300503
300503.SZ,昊志机电,20250226,请问公司子公司瑞士Infranor集团涉及到哪些机器人相关产品？有哪些优势？能沟通交流互动下吗？非常感谢！,尊敬的投资者，您好，公司子公司瑞士Infranor集团生产的伺服电机、伺服驱动可以应用于机器人领域，主要应用在移动和工业机器人领域（AGC/AMR、机床机器人等），谢谢关注。,2025-03-04 17:36:17,300503
300503.SZ,昊志机电,20250226,请问公司布局涵盖谐波减速器、无框力矩电机、驱动器、控制系统等机器人领域核心部件吗？公司的谐波减速器、编码器、关节模组、六维力传感器、控制系统等一系列产品是否已形成批量销售？谢谢！,尊敬的投资者，您好，公司在机器人领域的产品涵盖谐波减速器、无框力钜电机、驱动器、控制系统、六维度力钜传感器、刹车机构、编码器、电磁快换模块、关节模组以及末端执行机构等机器人领域核心部件。截至目前，公司已与大族机器人、湖南沁峰机器人、广州数控、深圳众为兴等客户建立业务合作关系并已形成销售，公司与昊志大健康共同开发的按摩机器人，已成功应用于美业专业连锁机构。谢谢关注。,2025-03-04 17:35:43,300503
300503.SZ,昊志机电,20250226,公司目前在机器人领域的产品涵盖谐波减速器、无框力钜电机、驱动器、控制系统、六维度力钜传感器、刹车机构、编码器、电磁快换模块、关节模组、末端执行机构以及RV 减速器等机器人领域核心部件。请问公司己与哪些客户进行了测试或己有对接测试需求？谢谢！,尊敬的投资者，您好，截至目前，公司已与大族机器人、湖南沁峰机器人、广州数控、深圳众为兴等客户建立业务合作关系并已形成销售，公司与昊志大健康共同开发的按摩机器人，已成功应用于美业专业连锁机构。公司将持续关注机器人领域发展情况，并持续做好客户测试或对接测试需求，谢谢关注。,2025-04-07 18:10:22,300503
300503.SZ,昊志机电,20250226,董秘您好！公司与优必选在人形机器人制造业合作进展如何？谢谢！,尊敬的投资者，您好，目前公司与优必选暂未发生交易。感谢您的关注。,2025-04-07 18:09:44,300503
300503.SZ,昊志机电,20250226,请问公司已量产的六维力矩传感器除了应用于按摩机器人上，还可应用于比如人形机器人这些场景吗？,尊敬的投资者，您好，公司产品目前未有在人型机器人领域形成销售，谢谢关注。,2025-04-07 18:09:10,300503
300503.SZ,昊志机电,20250225,董秘，你好！请问贵公司在人形机器人上面跟哪些人形机器人公司有产生合作，或者说有达成合作意向？,尊敬的投资者，您好，公司产品目前未有在人型机器人领域形成销售，谢谢关注。,2025-04-07 18:08:45,300503
300503.SZ,昊志机电,20250225,请问公司六维力传感器有哪些优势？产品是否在机器人领域应用广泛？特别是在一些高端机器人项目中有所应用呢？谢谢！\n,尊敬的投资者，您好，公司开发的力矩传感器具有高精度自补偿技术、超高速采样频率、工业级防护与强大抗过载能力、低轴间串扰和紧凑的结构设计等特点，主要用于机器人整机上，作用于末端，识别力和扭矩，目前公司产品已应用于按摩机器人，且已形成批量销售，谢谢关注。,2025-04-07 18:08:15,300503
300503.SZ,昊志机电,20250225,尊敬的董秘你好，请问公司目前六维力矩传感器是市场上唯一量产的，可作用于按摩机器人上，那么可否应用于人形机器人上？可应用的话有否给机器人公司送样了？,尊敬的投资者，您好，公司产品目前未有在人型机器人领域形成销售，谢谢关注。,2025-04-07 18:07:37,300503
300503.SZ,昊志机电,20250225,请问，公司生产的行星减速器和谐波监视器，是否供应给宇树机器人，或者说跟宇树机器人有深度合作？有网传公司行星减速器产品独家供给宇树机器人。谢谢,尊敬的投资者，您好，公司业务开展情况具体可关注公司定期报告、官网以及公众号发布的信息，谢谢关注。,2025-04-07 18:06:58,300503
300503.SZ,昊志机电,20250225,请问，公司生产的行星减速器和谐波监视器，是否供应给宇树机器人，或者说跟宇树机器人有深度合作？有网传公司行星减速器产品独家供给宇树机器人。谢谢,尊敬的投资者，您好，公司业务开展情况具体可关注公司定期报告、官网以及公众号发布的信息，谢谢关注。,2025-04-07 18:06:37,300503
300503.SZ,昊志机电,20250222,请问公司有展出人形机器人一体化解决方案吗？谢谢！,尊敬的投资者，您好，公司在机器人领域的产品涵盖谐波减速器、无框力钜电机、驱动器、控制系统、六维度力钜传感器、刹车机构、编码器、电磁快换模块、关节模组以及末端执行机构等机器人领域核心部件。截至目前，公司已与大族机器人、湖南沁峰机器人、广州数控、深圳众为兴等客户建立业务合作关系并已形成销售，公司与昊志大健康共同开发的按摩机器人，已成功应用于美业专业连锁机构。公司将持续关注机器人领域发展情况，加大研发力度和市场拓展力度，谢谢关注。,2025-03-04 17:29:04,300503
300503.SZ,昊志机电,20250221,董秘您好：贵公司有生产机器人用精密摆线针轮减速器？,尊敬的投资者，您好，公司业务开展情况具体可关注公司定期报告、官网以及公众号发布的信息，谢谢关注。,2025-03-04 17:28:14,300503
300503.SZ,昊志机电,20250221,董秘您好：贵公司有生产销售六维力传感器？,尊敬的投资者，您好，公司研发的力矩传感器主要用于机器人整机上，作用于末端，识别力和扭矩，具有具有高精度自补偿技术、超高速采样频率、工业级防护与强大抗过载能力、低轴间串扰和紧凑的结构设计等特点，目前公司产品已应用于按摩机器人，且已形成批量销售。谢谢关注。,2025-03-04 17:27:53,300503
300503.SZ,昊志机电,20250221,董秘您好：贵公司有生产机器人用的摆线针轮减速器？,尊敬的投资者，您好，公司业务开展情况具体可关注公司定期报告、官网以及公众号发布的信息，谢谢关注。,2025-03-04 17:24:34,300503
300503.SZ,昊志机电,20250221,请问公司围绕人形机器人对力觉感知系统的核心需求，投入了大量资源进行深入研究，并取得了诸多显著的技术成果，包括六维力传感器？是否属实？及时多交流互动，及时回复，非常感谢！,尊敬的投资者，您好，公司产品目前未有在人型机器人领域形成销售，谢谢关注。,2025-04-07 18:04:36,300503
300503.SZ,昊志机电,20250221,"请问公司有参加优必选牵头申报的\""人形机器人制造业创新中心\""吗？希望公司公司加强与投资者互动交流，谢谢！",尊敬的投资者，您好。截至目前公司与优必选暂未发生交易，谢谢关注。,2025-04-07 18:03:27,300503
300503.SZ,昊志机电,20250219,传闻贵公司已经送样至宇树科技，请问是否属实？,尊敬的投资者，您好，公司具体的客户和业务情况，请以公司公开披露的相关信息为准，感谢您的关注。,2025-04-07 18:02:47,300503
300503.SZ,昊志机电,20250219,请问贵公司与宇树科技有无合作，有无相关配件产品供货宇树科技机器人或机器狗？,尊敬的投资者，您好，公司业务开展情况具体可关注公司定期报告、官网以及公众号发布的信息，谢谢关注。,2025-04-07 18:02:22,300503
300503.SZ,昊志机电,20250219,董秘你好，公司的产品涵盖了人形机器人那么多核心部件，一年前公司就强调公司产品尚未应用于人形机器人，也没有签署合作协议。现在还这样回复。人形机器人这么火热，那到底是公司产品不行，人家都不用。还是公司销售不行，推销不出去。那到底是怎么个情况。,敬的投资者，您好，公司在机器人领域的产品涵盖谐波减速器、无框力钜电机、驱动器、控制系统、六维度力钜传感器、刹车机构、编码器、电磁快换模块、关节模组和末端执行机构等机器人领域核心部件。截至目前，公司已与大族机器人、湖南沁峰机器人、广州数控、深圳众为兴等客户建立业务合作关系并已形成销售，公司与昊志大健康共同开发的按摩机器人，已成功应用于美业专业连锁机构。公司将持续关注机器人领域发展情况，加大研发力度和市场拓展力度，谢谢关注。,2025-04-07 18:02:00,300503
300503.SZ,昊志机电,20250217,请问公司的人形机器人核心部件有何优势？,尊敬的投资者，您好，公司产品目前未有在人型机器人领域形成销售，谢谢关注。,2025-04-07 18:01:01,300503
300503.SZ,昊志机电,20250215,公司很多产品可用于人形机器人，请问子公司Infranor集团有哪些产品可用于人形机器人？,尊敬的投资者，您好，公司瑞士infranor集团产品目前在机器人方面的应用主要在移动和工业机器人领域（AGC/AMR、机床机器人等），谢谢关注。,2025-03-04 17:20:28,300503
300503.SZ,昊志机电,20250211,董秘您好，请问公司业务有涉及氢能源方面吗？谢谢？,尊敬的投资者，您好，公司在氢能源方面储备产品有氢燃料电池空压机，公司氢燃料电池空压机可以应用于氢能源汽车领域，该产品是公司基于现有产品的相关技术自主研发的产品。经过多年的研究和积累，公司已经拥有完整的、完全自主的高速离心式空压机的设计、制造和测试技术，可独立完成空压机产品的研发、制造和销售。截至目前，公司已完成DK-GF110、DK-GF150、DK-GF180三个系列燃料电池空压机产品的开发工作，可满足60~150kW燃料电池系统的使用需求。另外，公司正在研发的DK-GF220和DK-GF300系列空压机也已进入实验室测试阶段，测试完成后可将公司空压机的应用范围延伸至160~240kW的燃料电池系统。同时，公司紧跟行业前沿，进行能量回收型氢燃料电池空压机研究和开发，先后研发了DK-GF150-3.0T、DK-GF180-3.0T和DK-GF220A-T三款能量回收型燃料电池空压机产品（尚在实验中），该系列产品将大幅提高空压机效率，降低空压机的能耗。谢谢关注。,2025-03-04 17:19:56,300503
300503.SZ,昊志机电,20250209,请问公司在机器人领域有哪些技术处在行业前沿，竞争优势如何？,"尊敬的投资者，您好，公司在机器人领域拥有多项前沿技术，竞争优势显著：
（1）谐波减速器：高精度、长寿命、体积小、重量轻、传动平稳、承载力大、扭动刚性大、振动小、耐冲击，产品精度及寿命可与世界一流品牌竞争。（2）六维度力钜传感器：力控精度世界领先。（3）伺服电机：高可靠性、坚固性、热效率高、防水性好，模块化结构、超低维护，优良的转矩与惯量比，具备极高的加速能力。（4）伺服驱动：可配置为各种模式的独立控制器。可作为现场总线从站，构建分布式运动控制系统。支持多编码器反馈接口。灵活性高，体积紧凑，无风扇设计。公司将持续加大研发力度，增强技术储备和创新能力，提升机器人相关产品的市场竞争力。谢谢关注。",2025-03-04 17:19:26,300503
300503.SZ,昊志机电,20250209,董秘您好！目前广州市昊志机器人有限公司的相关机器人产品已产生销售，请问主要是给哪些公司供货？谢谢！,尊敬的投资者，您好，公司在机器人领域的产品涵盖谐波减速器、无框力钜电机、驱动器、控制系统、六维度力钜传感器、刹车机构、编码器、电磁快换模块、关节模组以及末端执行机构器等机器人领域核心部件。截至目前，公司已与大族机器人、湖南沁峰机器人、广州数控、深圳众为兴等客户建立业务合作关系并已形成销售，公司与昊志大健康共同开发的按摩机器人，已成功应用于美业专业连锁机构。谢谢关注。,2025-03-04 17:18:34,300503
300503.SZ,昊志机电,20250208,贵司谐波减速器、无框力钜电机、刹车机构、编码器、电磁快换模块、六维度力钜传感器、控制系统、关节模组、末端执行机构（气动手指、快换模块）以及 RV 减速器等机器人领域\n你家的产品是不是只是样品，工业机器人，人形机器人，看是什么产品都有，好像什么都没有，全世界没有一家公司跟你们合作，那你们研发这些产品是给自己当玩具吗？是你们业务能力差，还是产品有问题？汤那1.2I亿罚款有没有交？需不需要公告,尊敬的投资者，您好，在机器人领域公司已与大族机器人、湖南沁峰机器人、广州数控、深圳众为兴等客户建立业务合作关系并已形成销售，公司与昊志大健康共同开发的按摩机器人，已成功应用于美业专业连锁机构。公司将持续关注机器人领域发展情况，加大研发力度和市场拓展力度，谢谢关注。,2025-04-07 18:00:18,300503
300503.SZ,昊志机电,20250207,董秘您好！请问子公司瑞诺海外主要客户有哪些？谢谢！,尊敬的投资者，您好，感谢您的关注。,2025-03-04 17:16:40,300503
300503.SZ,昊志机电,20250206,公司回复中提到谐波减速器、无框力矩电机和编码器等产品尚未应用于在人型机器人领域，既然尚未应用，请问公司又如何确定这些产品可应用于人形机器人？,尊敬的投资者，您好，公司谐波减速器、无框力矩电机和编码器产品目前未有在人型机器人领域形成销售，谢谢关注。,2025-04-07 17:59:31,300503
300503.SZ,昊志机电,20250131,董秘你好，请问昊志机电和宇树科技有合作吗？,尊敬的投资者，您好，公司业务开展情况具体可关注公司定期报告、官网以及公众号发布的信息，谢谢关注。,2025-02-06 17:24:17,300503
300503.SZ,昊志机电,20250121,公司声称有很多产品可以应用于人形机器人，请问目前哪些产品已送样机器人本体公司试样？六维力矩传感器有试样？,尊敬的投资者，您好！公司后续会根据产品进展情况，按照相关规定及时履行信息披露义务。感谢您的关注！,2025-01-26 17:01:40,300503
300503.SZ,昊志机电,20250119,请问贵公司机器人业务独立成立子公司后，有哪方面的业务规划？未来规划是什么？机器人产品优先发展消费级市场还是企业级市场？,尊敬的投资者，您好，公司已于2024年11月设立子公司“广州市昊志机器人有限公司”，目前该子公司主要承接公司机器人事业部业务，负责机器人核心功能部件（包括但不限于谐波减速器、无框力钜电机、刹车机构、编码器、电磁快换模块、六维度力钜传感器、控制系统、关节模组、末端执行机构（气动手指、快换模块）以及 RV 减速器等机器人领域功能部件）研发、生产、销售等业务，谢谢关注。,2025-01-26 17:04:26,300503
300503.SZ,昊志机电,20250114,请问公司的无框几矩电机上用的编码器是哪家的？国产的能用吗？,尊敬的投资者，您好，公司已有无框力矩电机和编码器产品，该产品已大量应用于公司按摩机器人、转台和关节中，谢谢关注。,2025-01-26 17:05:44,300503
300503.SZ,昊志机电,20250114,贵公司有哪些核心技术应用到特斯拉机器人？,尊敬的投资者，您好，公司在机器人领域的产品涵盖谐波减速器、无框力钜电机、驱动器、控制系统、六维度力钜传感器、刹车机构、编码器、电磁快换模块、关节模组以及末端执行机构等机器人领域核心部件。截至目前，公司尚未与特斯拉形成合作，谢谢关注。,2025-03-04 17:15:18,300503
300503.SZ,昊志机电,20250106,您好！公司早前宣称有多款产品都可应用于人形机器人上，请问，到目前为止，有没有与相关人形机器人厂家达成合作？有没有产品送样或已应用于人形机器人上？,尊敬的投资者，您好，公司谐波减速器、无框力矩电机和编码器等产品可应用于人形机器人。截至目前，公司上述产品尚未应用于在人型机器人领域，也没有签署相关协议。公司将持续关注机器人领域发展情况并积极开拓公司产品在机器人行业的市场，谢谢关注。,2025-01-26 17:06:06,300503
300503.SZ,昊志机电,20250106,贵公司截至目前为止股东人数能否披露,尊敬的投资者，您好！公司股东人数情况请您查阅公司在指定信息披露媒体发布的定期报告。感谢您的关注。,2025-01-26 17:06:24,300503
300503.SZ,昊志机电,20250106,在君禾股份，迪贝电气预披露年报业绩之后市场非常认可，公司证监会处罚黑天鹅之后股价暴跌，如果三季报业绩属实没有水分造假，请尽快公布年报稳定公司股价,尊敬的投资者者，您好，感谢您的建议，公司预计2025年4月披露公司2024年年度报告，谢谢关注。,2025-01-26 17:06:52,300503
300503.SZ,昊志机电,20250106,贵公司在发布董事长被罚款之后股价暴跌。但是如果公司今年业绩没有水分的话其实本次处罚不涉及上市公司，希望能够及早发布业绩预告提振投资人信心或者进行增持回购再贷款稳定股价,尊敬的投资者，您好。公司已于2025年1月11日披露了《2024年度业绩预告的公告》，具体请查阅相关公告，谢谢。,2025-01-26 17:08:10,300503
300503.SZ,昊志机电,20250103,公司拥有机器人全系列所需产品，为何还频频下跌，建议公司采取合理措施，恢复投资者信心，同时也能壮大公司市值,尊敬的投资者，您好，感谢您对公司的关注和建议。,2025-01-26 17:08:45,300503
300503.SZ,昊志机电,20241230,请问公司是否为宇树科技提供产品,尊敬的投资者，您好，公司业务开展情况具体可关注公司定期报告、官网以及公众号发布的信息，谢谢关注。,2025-01-26 17:09:07,300503
300503.SZ,昊志机电,20241228,董秘你好，贵司于2024年11月26日正式成立了全资子公司＂广州市昊志机器人有限公司＂，目前是否具备生产相关产品的能力？成立机器人子公司的目的是为了准备向这个产业全面进军吗？想知道贵公司是否具备独立生产工业或人形机器人的能力？,尊敬的投资者，您好，公司已于2024年11月设立子公司“广州市昊志机器人有限公司”，该子公司主要承接公司机器人事业部业务，负责机器人核心功能部件（包括但不限于谐波减速器、无框力钜电机、刹车机构、编码器、电磁快换模块、六维度力钜传感器、控制系统、关节模组、末端执行机构（气动手指、快换模块）以及 RV 减速器等机器人领域功能部件）研发、生产、销售等业务，截至目前，上述相关产品均已形成销售，谢谢关注。,2025-01-26 17:10:49,300503
300503.SZ,昊志机电,20241227,你好，请问公司是否有同国内外机器人公司进行合作？送样？供货？谢谢！,尊敬的投资者，您好，公司目前在机器人领域的产品涵盖谐波减速器、无框力钜电机、驱动器、控制系统、六维度力钜传感器、刹车机构、编码器、电磁快换模块、关节模组、末端执行机构以及RV减速器等机器人领域核心部件。公司将持续关注机器人领域发展情况，并持续做好客户测试或对接测试需求，谢谢关注。,2025-01-26 17:11:36,300503
300503.SZ,昊志机电,20241226,贵公司拥有机器人全系列产品，请问公司最近有接到关于机器人配件相关订单吗,尊敬的投资者，您好，公司业务开展情况具体可关注公司定期报告、官网以及公众号发布的信息，谢谢关注。,2025-01-26 17:12:23,300503
300503.SZ,昊志机电,20241224,公司和宇树科技以及上海智元有合作吗？,尊敬的投资者，您好，公司业务开展情况具体可关注公司定期报告、官网以及公众号发布的信息，谢谢关注。,2025-01-26 17:12:43,300503
300503.SZ,昊志机电,20241217,贵司目前是否考虑响应国家号召，并购有能力的公司，加大产品业务多样性，提供公司盈利能力，目前贵司是否考虑布局ai机器人业务。,尊敬的投资者您好。公司自主研发了各类主轴、转台、减速器、关节模组、末端执行机构、直线电机等产品，并通过对瑞士Infranor集团的收购，将公司产品线进一步拓展至运动控制器、伺服电机和伺服驱动等运动控制领域核心产品，使公司在数控机床和工业机器人核心功能部件领域形成了较为完整的产品布局，感谢您对本公司的关注。,2025-01-26 17:13:08,300503
300503.SZ,昊志机电,20241213,请问公司跟深圳优必选有合作吗,尊敬的投资者，您好，目前公司与优必选暂未发生交易。感谢您的关注。,2025-01-26 17:13:32,300503
300503.SZ,昊志机电,20241212,贵公司生产的六维力传感器批量应用于按摩机器人，请问贵公司生产的这种六维力传感器与人形机器人中所需要的六维力传感器技术相通吗？贵公司的这种六维力传感器可以批量应用到人形机器人吗？,尊敬的投资者，您好，公司研发的力矩传感器主要用于机器人整机上，作用于末端，识别力和扭矩，目前公司产品已应用于按摩机器人，且已形成批量销售。谢谢关注。,2025-01-26 17:14:03,300503
300503.SZ,昊志机电,20241212,董秘你好，请问公司六维力传感器产品是否可以应用与人形机器人上？谢谢！,尊敬的投资者，您好，公司研发的力矩传感器主要用于机器人整机上，作用于末端，识别力和扭矩，目前公司产品已应用于按摩机器人，且已形成批量销售。谢谢关注。,2025-01-26 17:14:31,300503
300503.SZ,昊志机电,20241210,请问贵公司周总访谈中提到的公司产品六维力传感器已在人形机器人中测试，请问是否属实,尊敬的投资者，您好，公司研发的力矩传感器主要用于机器人整机上，作用于末端，识别力和扭矩，目前公司产品已应用于按摩机器人，且已形成批量销售。谢谢关注。,2025-01-26 17:15:06,300503
300503.SZ,昊志机电,20241210,请问贵公司韩总在访谈中提到的配合客户做一些人形机器人核心部件研发，是否属实？,"尊敬的投资者，您好，公司谐波减速器、无框力矩电机和编码器等产品可应用于人形机器人。截至目前，公司上述产品尚未应用于在人型机器人领域，也没有签署相关协议,公司将持续关注机器人领域发展情况，充分利用自身的研发优势，加大研发力度，增强公司的技术储备和技术创新能力，不断提升公司机器人相关产品的市场竞争力。谢谢关注。",2025-01-26 17:15:55,300503
300503.SZ,昊志机电,20241210,董秘你好，请问公司六维力传感器技术水平在国内处于第几梯队？谢谢！,尊敬的投资者，您好，公司研发的力矩传感器主要用于机器人整机上，作用于末端，识别力和扭矩，目前公司产品已应用于按摩机器人，且已形成批量销售。公司开发的力矩传感器具有四大特点：（1）6通道模拟信号输入，低噪声仪表放大。（2）18或24位A/D转换，采样率高达1KHz。（3）通信协议：Ethercat、以太网、CAN、R485等多种选择。（4）温度自补偿，零漂蠕变小，结构解耦+算法解耦。谢谢关注。,2025-01-26 17:16:18,300503
300503.SZ,昊志机电,20241206,你好，请问我们公司的哪些产品应用于国产芯片设备领域并已经形成销售？,尊敬的投资者，您好，公司的划片机主轴、高精度磨外圆电主轴、气浮超精密晶圆研磨电主轴、晶圆精密倒角用电主轴、晶圆超精密检测空气静压转台以及伺服驱动器和直驱电机等产品，可为客户提供半导体等领域核心功能部件解决方案，谢谢关注。,2024-12-10 16:21:23,300503
300503.SZ,昊志机电,20241206,你好，请问我们公司在人形机器人领域是否已经有布局及进展如何？哪些产品可以应用人形机器人领域？,尊敬的投资者，您好，公司谐波减速器、无框力矩电机和编码器等产品可应用于人形机器人。截至目前，公司上述产品尚未应用于在人型机器人领域，也没有签署相关协议。公司将持续关注机器人领域发展情况，谢谢关注。,2024-12-10 16:21:00,300503
300503.SZ,昊志机电,20241206,你好，我们公司收购的瑞士Infranor集团是否有可以应用于机器人领域的产品？它在世界行业地位如何？是否是特斯拉机器人的供应商之一？,尊敬的投资者，您好，公司瑞士infranor集团产品目前在机器人方面的应用主要在移动和工业机器人领域（AGC/AMR、机床机器人等），谢谢关注。,2024-12-10 16:21:44,300503
300503.SZ,昊志机电,20241206,公司机器人业务进展如何？已经给哪些人形机器人客户送样或形成小批量供货？,尊敬的投资者，您好，公司目前在机器人领域的产品涵盖谐波减速器、无框力钜电机、驱动器、控制系统、六维度力钜传感器、刹车机构、编码器、电磁快换模块、关节模组、末端执行机构以及RV减速器等机器人领域核心部件。公司谐波减速器、无框力矩电机和编码器等产品可应用于人形机器人。截至目前，公司上述产品尚未应用于在人型机器人领域，也没有签署相关协议。公司将持续关注机器人领域发展情况，并持续做好客户测试或对接测试需求，谢谢关注。,2025-01-26 17:01:10,300503
300503.SZ,昊志机电,20241205,请问公司收购的瑞士瑞诺集团主要产品是什么？有无用到人形机器人上？谢谢。,尊敬的投资者，您好，公司Infranor 集团主营业务包括伺服电机、伺服驱动器和数控系统三类；公司瑞士infranor集团产品目前在机器人方面的应用主要在移动和工业机器人领域（AGC/AMR、机床机器人等），谢谢关注。,2024-12-10 16:18:48,300503
300503.SZ,昊志机电,20241204,你好，请问公司产品及技术能用在人形机器人吗？,尊敬的投资者，您好，公司谐波减速器、无框力矩电机和编码器等产品可应用于人形机器人。截至目前，公司上述产品尚未应用于在人型机器人领域，也没有签署相关协议。公司将持续关注机器人领域发展情况，谢谢关注。,2024-12-10 16:17:58,300503
300503.SZ,昊志机电,20241203,请问贵公司有研发空心杯电机吗？,尊敬的投资者，您好，公司目前无空心杯电机产品，谢谢关注。,2024-12-10 16:17:47,300503
300503.SZ,昊志机电,20241201,尊敬的领导，公司已经掌握机器人核心功能部件一体化解决方案，年初成立的昊志机器人公司已经完成工商注册。请问公司是否要把昊志机器人公司作为一个平台，实施开展机器人本体制造？,尊敬的投资者，您好，公司已于2024年11月设立子公司“广州市昊志机器人有限公司”，目前该子公司主要承接公司机器人事业部业务，负责机器人核心功能部件（包括但不限于谐波减速器、无框力钜电机、刹车机构、编码器、电磁快换模块、六维度力钜传感器、控制系统、关节模组、末端执行机构（气动手指、快换模块）以及 RV 减速器等机器人领域功能部件）研发、生产、销售等业务，谢谢关注。,2024-12-10 16:17:35,300503
300503.SZ,昊志机电,20241130,你好，请问瑞士瑞诺与公司的关系，它是特斯拉人形机器人的供应商之一吗？谢谢。,尊敬的投资者，您好，瑞士infranor集团是公司下属子公司，瑞士infranor集团目前没有与特斯拉形成合作，谢谢关注。,2024-12-10 16:17:22,300503
300503.SZ,昊志机电,20241130,请问INFRANOR业务拓展情况？有跟知名机器人企业展开合作吗,尊敬的投资者，您好，公司瑞士infranor集团产品目前在机器人方面的应用主要在移动和工业机器人领域（AGC/AMR、机床机器人等），谢谢关注。,2024-12-10 16:17:06,300503
300503.SZ,昊志机电,20241130,请问贵公司海外业务开展情况，有跟特斯拉这些知名企业合作吗,尊敬的投资者，您好，公司瑞士infranor集团目前没有与特斯拉形成合作，谢谢关注。,2024-12-10 16:16:40,300503
300503.SZ,昊志机电,20241129,请问公司产品或技术能否运用到低空经济相关产业？谢谢,尊敬的投资者，您好，公司的主轴产品功能持续丰富，复合化、智能化水平不断提高，应用领域涵盖PCB加工，牙齿雕刻，玻璃磨削，木工雕刻，金属零件加工，精密和超精密模具加工，汽车零部件加工、航空航天零件加工，半导体超精密加工等领域，能够极大满足客户的各项应用需求，谢谢关注。,2024-12-10 16:15:51,300503
300503.SZ,昊志机电,20241129,请问公司的六维力矩传感器（卖了很多年的DSA16050、DSA8025、DSA4003、DSA2008、DSA1003各个型号）有没有抓紧送样品给华为公司？对接华为洽谈合作？,尊敬的投资者，您好，公司六维力矩传感器目前主要应用于与客户共同开发的按摩机器人上，且已形成批量销售。未来，公司将持续关注机器人领域发展情况，加大研发力度和市场拓展力度，谢谢关注。,2024-12-10 16:15:37,300503
300503.SZ,昊志机电,20241129,请问贵公司不打算合作开发人形机器人吗？,尊敬的投资者，您好，公司相关业务信息请以公司在指定信息披露媒体披露的公告、公司官网公布信息为准，谢谢。,2024-12-10 16:16:23,300503
300503.SZ,昊志机电,20241129,请问贵公司产品能否用于机器人灵巧手,尊敬的投资者，您好，公司目前没有产品应用于机器人灵巧手，谢谢关注。,2024-12-10 16:16:07,300503
300503.SZ,昊志机电,20241126,你好，请问公司有传感器技术或相关产品吗？谢谢！,尊敬的投资者，您好，公司目前有六维力矩传感器产品，谢谢关注。,2024-12-10 16:15:06,300503
300503.SZ,昊志机电,20241126,请问董秘：公司收购的瑞士infranor集团是否参与特斯拉机器人项目合作？,尊敬的投资者，您好，公司瑞士infranor集团目前没有与特斯拉形成合作，谢谢关注。,2024-12-10 16:15:20,300503
300503.SZ,昊志机电,20241125,请问公司收购的瑞士infranor集团是否参与特斯拉机器人项目合作？,尊敬的投资者，您好，公司瑞士infranor集团目前没有与特斯拉形成合作，谢谢。,2024-12-10 16:14:48,300503
300503.SZ,昊志机电,20241125,"董秘，您好！请问贵司目前在机器人领域的主要客户有哪些？贵司现阶段在人形机器人领域知名度不高，与贵司在机器人领域产品的核心技术能力是否存在差距？建议贵司通过并购重组方式，与人形机器人公司展开合作，尽快实现并加快机器人相关核心零部件和控制系统产业链的落地实践应用。烦请将建议转告贵司董事会。另外，贵司近两年很少邀请机构调研，请重视与投资机构的沟通，以提升市场影响力。
祝公司机器人业务蒸蒸日上！",尊敬的投资者您好，感谢您对公司的关注和建议。,2024-12-10 16:14:10,300503
300503.SZ,昊志机电,20241124,财报显示贵公司机器人核心部件销售额占比极小，几年时间未能形成大规模销售，是否技术不行？请问是何原因？,尊敬的投资者，您好，（1）公司谐波减速器具有高精度、使用寿命长、体积小、重量轻、传动平稳、承载力大、扭动刚性大、振动小、耐冲击等特点，产品的精度及寿命能够与世界一流品牌竞争；（2）公司正在研发的RV减速器，是一款主轴承内置型摆线针轮减速器，具有运转稳定，传动精度高，传动效率高等特点；（3）公司开发的六维度力钜传感器具有以下特点：①世界级的力控精度≤0.1Nm；②温度自补偿，蠕变小；③18或24位A/D转换，采样率高达1KHz；④通信协议：Ethercat、以太网、CAN、R485等多种选择；⑤卡尔曼和巴特沃双重滤波算法，力/力矩输出更平顺；⑥6通道模拟信号输入，低噪声仪表放大；（4）公司瑞士公司的伺服电机具有高可靠性、坚固性、热效率和高防水性的特点，同时，其模块化结构、超低维护，优良的转矩与合适的惯量比，使系列电机具有极高的加速能力；（5）公司瑞士公司的伺服驱动具有：①XtrapulsPac 可以轻松配置为各种模式的独立控制器；②可作为现场总线从站，构建完全基于驱动的分布式运动控制系统；③支持多编码器反馈接口（旋转变压器，增量式编码器sin/cos编码器，Endat，Hiperface等）。④具有灵活性，紧凑体积（150*140*70），无风扇设计。公司将将充分利用自身的研发优势，加大研发力度，增强公司的技术储备和技术创新能力，不断提升公司机器人相关产品的市场竞争力。谢谢关注。,2024-12-10 16:13:46,300503
300503.SZ,昊志机电,20241124,请贵公司详细介绍哪些产品供应半导体，具体哪些企业,尊敬的投资者，您好，公司的划片机主轴、高精度磨外圆电主轴、气浮超精密晶圆研磨电主轴、晶圆精密倒角用电主轴、晶圆超精密检测空气静压转台以及伺服驱动器和直驱电机等产品，可为客户提供半导体等领域核心功能部件解决方案，公司上述产品已形成销售，公司具体经营情况请关注公司在指定媒体披露的定期报告。感谢您的关注。,2024-12-10 16:13:23,300503
300503.SZ,昊志机电,20241120,请问贵公司，有什么产品可用于人形机器人？,尊敬的投资者，您好，公司谐波减速器、无框力矩电机和编码器等产品可应用于人形机器人。截至目前，公司上述产品尚未应用于在人型机器人领域，也没有签署相关协议。公司将持续关注机器人领域发展情况，谢谢关注。,2024-12-10 16:10:59,300503
300503.SZ,昊志机电,20241120,请问贵公司的减速器产品是否已经大规模量产供应市场？？,尊敬的投资者，您好，经过多年的研究和积累，公司已经拥有完整的、完全自主的谐波减速器的设计、制造和测试技术，可独立减速器产品的研发、制造和销售。目前我司已经先后攻克了齿形设计、凸轮廓设计、齿轮表面处理等关键技术，并形成了14至50型号的减速器，速比涵盖30-160。公司的产品性能方面：精度高出行业标准20%以上，刚性高出行业标准10%以上。同时，公司通过不断研究在双波减速器的基础上，我司自主研发出性能显著提升的三波谐波减速器。相较于双波减速器，其振动降低了50%，传动精度提升了20%。目前公司谐波减速器已形成批量销售，谢谢关注。,2024-12-10 16:12:39,300503
300503.SZ,昊志机电,20241120,目前各大公司跑步进场机器人赛道，贵公司是否有考虑和华为合作开发机器人，参考华为对于智驾取得的巨大成功，祝贵公司蒸蒸日上！,尊敬的投资者，您好，非常感谢您的建议，谢谢关注。,2024-12-10 16:12:01,300503
300503.SZ,昊志机电,20241120,你好，公司是否有机器人业务？,尊敬的投资者，您好，公司目前在机器人领域的产品涵盖谐波减速器、无框力钜电机、驱动器、控制系统、六维度力钜传感器、刹车机构、编码器、电磁快换模块、关节模组、末端执行机构以及RV减速器等机器人领域核心部件。谢谢关注。,2024-12-10 16:11:36,300503
300503.SZ,昊志机电,20241112,你好。贵公司有好几个标准未能达到国九条标准，会不会在下一个年度被st？,尊敬的投资者，您好！根据《深圳证券交易所创业板股票上市规则》的相关规定，公司目前不存在被实施退市风险警示（*ST）和其他风险警示（ST）的情形。公司将持续做好经营管理工作，为股东创造更多价值。感谢您的关注！,2024-12-10 16:07:38,300503
300503.SZ,昊志机电,20241108,你好，随着人形机器人产业发展如火如荼，公司是否已经产生相关订单落地，谢谢。,尊敬的投资者，您好，公司产品尚未应用于在人型机器人领域，也没有签署相关协议。公司将持续关注机器人领域发展情况，谢谢关注。,2024-12-10 16:06:29,300503
300503.SZ,昊志机电,20241107,"董秘晚上好,查相关资讯后,发现咋公司的谐波减速器等产品已应用于特斯拉的人形机器人项目,能具体说说和特斯拉合作中都具体有那些项目吗?谢谢",尊敬的投资者，您好，公司目前没有与特斯拉形成合作，公司相关业务信息请以公司在指定信息披露媒体披露的公告、公司官网公布信息为准，谢谢。,2024-12-10 15:58:01,300503
300503.SZ,昊志机电,20241107,请问贵公司国外子公司产品为什么进不去一线大厂？,"尊敬的投资者，您好，公司瑞士infranor集团在瑞士、德国、法国、西班牙、意大利、美国、英国等国家均设有子公司，并且在众多新兴市场国家拥有合作伙伴，截止2024年9月，Infranor集团生产的运动控制产品（伺服驱动、伺服电机、运动控制器）实现销售收入23,473.79万元，谢谢关注。",2024-12-10 15:57:44,300503
300503.SZ,昊志机电,20241107,请问Infranor集团跟特斯拉有无形成合作？,尊敬的投资者，您好，公司瑞士infranor集团目前没有与特斯拉形成合作，谢谢。,2024-12-10 15:57:15,300503
300503.SZ,昊志机电,20241106,您好，贵公司有没有产品应用到军工装备上？,尊敬的投资者，您好，感谢您的关注，公司具体业务开展以及经营情况请关注公司在指定媒体披露的定期报告，谢谢。,2024-12-10 15:56:59,300503
300503.SZ,昊志机电,20241104,请问贵公司有哪些产品间接提供华为？机器人产品未来是否会有合作？是否积极寻求头部企业合作？谢谢,尊敬的投资者，您好，公司目前和华为无直接合作关系。未来，公司将持续推进机器人相关产品的销售推广工作，谢谢关注。,2024-12-10 15:56:43,300503
300503.SZ,昊志机电,20241030,请问，瑞士infranor集团生产的产品有没有卖给特斯拉，是否应用于特斯拉人形机器人？,尊敬的投资者，您好，公司瑞士infranor集团目前没有与特斯拉的人形机器人开展合作，谢谢关注。,2024-12-10 15:55:18,300503
300503.SZ,昊志机电,20241030,请问公司的六维力传感器有无在客户中应用测试？技术水平处于行业中什么排名？,尊敬的投资者，您好，公司研发的力矩传感器主要用于机器人整机上，作用于末端，识别力和扭矩，目前公司产品已应用于按摩机器人，且已形成批量销售。公司开发的力矩传感器具有四大特点：（1）6通道模拟信号输入，低噪声仪表放大。（2）18或24位A/D转换，采样率高达1KHz。（3）通信协议：Ethercat、以太网、CAN、R485等多种选择。（4）温度自补偿，零漂蠕变小，结构解耦。谢谢关注。,2024-12-10 15:56:02,300503
300503.SZ,昊志机电,20241029,请问，公司和特斯拉人形机器人有没有直接或者间接的合作？,尊敬的投资者，您好，公司目前没有与特斯拉人形机器人开展合作，谢谢关注。,2024-12-10 15:53:40,300503
300503.SZ,昊志机电,20241029,董秘好，请问贵司利用瑞诺集团的技术优势，为特斯拉的人形机器人项目提供关键部件，如谐波减速器，请问目前订单量多吗？,尊敬的投资者，您好，公司以及瑞士infranor集团目前没有与特斯拉的人形机器人开展合作，谢谢关注。,2024-12-10 15:54:36,300503
300503.SZ,昊志机电,20241029,董秘好，请问贵司利用子公司瑞诺集团的技术优势，今年是否已为特斯拉的人形机器人项目提供关键部件，如谐波减速器是否已量产？,尊敬的投资者，您好，公司目前没有与特斯拉的人形机器人开展合作；公司谐波减速器已形成批量销售，谢谢关注。,2024-12-10 15:54:16,300503
300503.SZ,昊志机电,20241025,请问贵公司产品具体应用于光伏行业哪些方面,尊敬的投资者，您好，公司已自主研发了应用于光伏行业的主轴与转台产品，谢谢。,2024-12-10 15:53:18,300503
300503.SZ,昊志机电,20241025,请问贵公司产品有批量出货光伏行业吗,尊敬的投资者，您好，公司已自主研发了应用于光伏行业的主轴与转台产品，公司具体经营情况请关注公司在指定媒体披露的定期报告，谢谢。,2024-12-10 15:52:38,300503
300503.SZ,昊志机电,20241024,请问贵公司跟华为有合作吗？谢谢！,尊敬的投资者，您好，公司产品主要应用于数控机床、机器人、新能源汽车等领域，公司目前和华为无直接合作关系。感谢您的关注。,2024-12-10 15:52:16,300503
300503.SZ,昊志机电,20241023,公司产品是否有无人机方面的应用？,尊敬的投资者，您好，无人机上面的金属零部件加工可以使用公司相关产品进行加工。截止目前公司没有和相关无人机公司发生交易，谢谢关注。,2024-12-10 15:51:56,300503
300503.SZ,昊志机电,20241022,董秘你好，公司在低空经济有什么布局，公司产品有没有涉及低空经济,尊敬的投资者，您好，公司的主轴产品功能持续丰富，复合化、智能化水平不断提高，应用领域涵盖PCB加工，牙齿雕刻，玻璃磨削，木工雕刻，金属零件加工，精密和超精密模具加工，汽车零部件加工、航空航天零件加工，半导体超精密加工等领域，能够极大满足客户的各项应用需求，谢谢关注。,2024-12-10 15:51:33,300503
300503.SZ,昊志机电,20241021,请问，公司在人形机器人方面有什么业务进展？和优必选有没有合作进展？,尊敬的投资者，您好，公司产品尚未应用于在人型机器人领域，也没有签署相关协议。公司将持续关注机器人领域发展情况，谢谢关注。,2024-12-10 15:50:56,300503
300503.SZ,昊志机电,20241018,请问贵公司半导体产品具体供用哪些厂家？谢谢,尊敬的投资者，您好，公司的划片机主轴、高精度磨外圆电主轴、气浮超精密晶圆研磨电主轴、晶圆精密倒角用电主轴、晶圆超精密检测空气静压转台以及伺服驱动器和直驱电机等产品，可为客户提供半导体等领域核心功能部件解决方案，公司上述产品已形成销售，公司具体经营情况请关注公司在指定媒体披露的定期报告。感谢您的关注。,2024-12-10 15:50:15,300503
300503.SZ,昊志机电,20241018,请问贵公司产品供应半导体大厂知名企业吗,尊敬的投资者，您好，公司具体经营情况请关注公司在指定媒体披露的定期报告，谢谢关注。,2024-12-10 15:50:36,300503
300503.SZ,昊志机电,20241011,请问贵公司产品已经适配机器人吗？是否出货？谢谢,尊敬的投资者，您好，公司目前在机器人领域的产品涵盖谐波减速器、无框力钜电机、驱动器、控制系统、六维度力钜传感器、刹车机构、编码器、电磁快换模块、关节模组、末端执行机构以及RV减速器等机器人领域核心部件，相关产品均已形成销售。公司谐波减速器、无框力矩电机和编码器等产品可应用于人形机器人。截至目前，公司上述产品尚未应用于在人型机器人领域，也没有签署相关协议。公司将持续关注机器人领域发展情况，谢谢关注。,2024-10-17 18:09:07,300503
300503.SZ,昊志机电,20241011,请问贵公司产品已经适配机器人吗？是否出货？谢谢,尊敬的投资者，您好，公司目前在机器人领域的产品涵盖谐波减速器、无框力钜电机、驱动器、控制系统、六维度力钜传感器、刹车机构、编码器、电磁快换模块、关节模组、末端执行机构以及RV减速器等机器人领域核心部件，相关产品均已形成销售，谢谢。,2024-10-17 18:07:52,300503
300503.SZ,昊志机电,20241011,请问贵公司适配人形机器人了吗？,尊敬的投资者，您好，公司谐波减速器、无框力矩电机和编码器等产品可应用于人形机器人。截至目前，公司上述产品尚未应用于在人型机器人领域，也没有签署相关协议。公司将持续关注机器人领域发展情况，谢谢关注。,2024-12-10 15:49:05,300503
300503.SZ,昊志机电,20241009,董秘您好！贵司六维力矩传感器指标惊艳，是否有向相关人形机器人公司销售或签署意向协议？如果没有，请问是贵司销售能力问题还是激励机制问题？盼复。谢谢！,尊敬的投资者，您好，公司六维力矩传感器目前主要应用于与客户共同开发的按摩机器人上，且已形成批量销售。未来，公司将持续关注机器人领域发展情况，加大研发力度和市场拓展力度，谢谢关注。,2024-10-17 18:07:24,300503
300503.SZ,昊志机电,20241009,请问公司有多少专利及专利应用于生产的情况？公司的行业地位？公司携产品参加第24届上海工博会的情况？公司下一步如何进行市值管理？,"尊敬的投资者,您好，公司秉承“立足自主技术创新、服务全球先进制造”的发展战略，紧抓我国高端装备制造业快速发展的契机，立足主轴行业，借助公司在研发、制造、客户、品牌等方面的积累，稳步向数控机床、机器人、新能源汽车等高端装备的核心功能部件领域横向扩张，已经发展成为一家专业从事中高端数控机床、机器人、新能源汽车核心功能部件等的研发设计、生产制造、销售与维修服务的国家高新技术企业。公司高度重视研发投入，截至2024年6月30日，公司及境内子公司合计拥有专利486项，其中发明专利190项，实用新型专利284项，外观设计专利12项。未来公司将充分利用自身的研发优势，加大研发力度，增强公司的技术储备和技术创新能力，不断提升公司产品的市场竞争力，谢谢关注。",2024-10-17 18:06:58,300503
300503.SZ,昊志机电,20241009,请问公司产品有没有积极送样到机器人本体公司试样？公司谐波减速器号称对标哈默，有送特斯拉人形机器人试样吗？公司有没有主动想办法送样这些机器人公司，而不是等别人找来？,尊敬的投资者，您好，公司目前在机器人领域的产品涵盖谐波减速器、无框力钜电机、驱动器、控制系统、六维度力钜传感器、刹车机构、编码器、电磁快换模块、关节模组、末端执行机构以及RV减速器等机器人领域核心部件。公司谐波减速器、无框力矩电机和编码器等产品可应用于人形机器人。截至目前，公司上述产品尚未应用于在人型机器人领域，也没有签署相关协议。公司将持续关注机器人领域发展情况，并持续做好客户测试或对接测试需求，谢谢关注。,2024-10-17 18:06:27,300503
300503.SZ,昊志机电,20241009,董秘你好：公司产品荣登cctv--2新闻了吗。能不能给介绍一下具体内容。,尊敬的投资者，您好，公司荣登CCTV2的《中国式现代化之路》第三集“以工立国”的纪录片中，片中讲述了公司主轴产品可实现“国产替代”，感谢您对公司的关注与支持。,2024-10-17 18:06:05,300503
300503.SZ,昊志机电,20241008,"作为贵公司的长期投资者，,贵公司作为拥有人形机器人核心部件全产业链的龙头企业，就人形机器人标准化技术委员会提出筹建方案，贵公司是如何看待人形机器人领域？是否加快技术转化，为国家做贡献",尊敬的投资者，您好，公司密切关注人形机器人行业发展趋势，坚持以市场需求为导向，积极把握市场机会，满足下游应用领域需求，感谢关注。,2024-10-17 18:05:44,300503
300503.SZ,昊志机电,20241008,董秘你好：同花顺为什么不给公司添加成人形机器人概念，是公司没有应用于人形机器人的相关产品吗。还是公司有相关产品，被同花顺工作人员忽视啦。,尊敬的投资者，您好，公司谐波减速器、无框力矩电机和编码器等产品可应用于人形机器人。截至目前，公司上述产品尚未应用于在人型机器人领域，也没有签署相关协议。公司将持续关注机器人领域发展情况，谢谢关注。,2024-10-17 18:05:10,300503
300503.SZ,昊志机电,20240930,董秘你好：许多机器人零部件生产上市公司，都添加了人形机器人概念，唯独贵公司一直没有添加人形机器人概念，公司参加近日举办的24届中国国际工业博览会，上明确有人形机器人的相关产品，为什么投资者问你你总是回答有机器人相关零部件产品，而回避回答有用于人形机器人的相关零部件产品呢，你们公司究竟有没有人形机器人相关零部件。请如实回答以解投资者心中困惑。祝董秘国庆节快乐。,尊敬的投资者，您好，公司目前在机器人领域的产品涵盖谐波减速器、无框力钜电机、驱动器、控制系统、六维度力钜传感器、刹车机构、编码器、电磁快换模块、关节模组、末端执行机构以及RV减速器等机器人领域核心部件。公司谐波减速器、无框力矩电机和编码器等产品可应用于人形机器人。截至目前，公司上述产品尚未应用于在人型机器人领域，也没有签署相关协议。公司将持续关注机器人领域发展情况，谢谢关注。,2024-10-17 18:03:31,300503
300503.SZ,昊志机电,20240927,董秘你好：国庆节快乐。公司参加24届中国国际工业博览会，取得了那些成果，展出了那些前沿高科技新产品。有人形机器人的零部件吗。谢谢,尊敬的投资者，您好，公司目前在机器人领域的产品涵盖谐波减速器、无框力钜电机、驱动器、控制系统、六维度力钜传感器、刹车机构、编码器、电磁快换模块、关节模组、末端执行机构以及RV减速器等机器人领域核心部件。公司谐波减速器、无框力矩电机和编码器等产品可应用于人形机器人。截至目前，公司上述产品尚未应用于在人型机器人领域，也没有签署相关协议。公司将持续关注机器人领域发展情况，谢谢关注。,2024-10-17 18:13:24,300503
300503.SZ,昊志机电,20240927,今年二季度应收账款比往年出现较大幅度增长，是因为今年国家出台设备更新政策，导致公司订单量增加吗？ 什么时候出三季度业绩预告,"尊敬的投资者，您好，受益于大规模设备更新及国产化等政策的支持，高端数控机床国产化的需求较高，相应配套的加工中心的电主轴和五轴转台的需求也相应增加；以及消费电子领域原保有的设备不能满足现有的加工需求，设备周期性的汰换需求增加；再加机器人行业正处于快速发展阶段，公司2024年1-6月实现营业收入61,570.52万元，同比增长31.54%；实现归属于上市公司股东的净利润为5,491.79万元，同比增长470.14%。公司将积极把握市场发展机遇，不断提升公司的市场份额，增强公司的盈利能力。公司2024年第三季度报告预计于2024年10月29日披露，谢谢。",2024-10-17 18:01:01,300503
300503.SZ,昊志机电,20240925,董秘你好：公司参加的24届中国科技工业博览会都展出了那些高科技产品，以及今年公司新的专利技术。谢谢,尊敬的投资者，您好，公司在2024中国国际工业博览会（上海工博会）期间，展示了机器人核心功能部件一体化解决方案（包括谐波减速器、无框力矩电机、编码器、刹车结构、低压驱动器、六维度力矩传感器、机器人末端执行机构等部件）和数控机床自动化综合综合解决方案（包括机器人系统、电主轴、转台、伺服驱动、变频器、直线电机和控制系统等部件）等相关产品，并在现场设置了“按摩机器人”体验项目。公司在本次展会上充分展示了公司的产品和技术实力，对公司业务市场的推广起到积极作用，谢谢关注。,2024-10-17 17:59:49,300503
300503.SZ,昊志机电,20240925,近期受旧事件二级市场影响较大，公司能否尽快预计一下三季报净利润，给广大投资者一点信心？谢谢,尊敬的投资者，您好，公司2024年第三季度报告预计于2024年10月29日披露，谢谢。,2024-10-17 17:59:15,300503
300503.SZ,昊志机电,20240924,董秘你好：刚才看到有新闻是经济信息的记者要采访公司董事长多少人，我认为这是一件好事，正好借新闻媒体的嘴，高调宣传公司树立良好的形象，就是简单的说几句心得，做人做事要实实在在不能急功近利，吸取教训，不断创新研发高科技产品，把公司产品业绩搞上去，盈利增加股价就会自然涨上去回报投资者，这样才能达到多赢。等等定会挽回名誉和损失。,尊敬的投资者您好，感谢您对公司的关注和建议。,2024-10-17 17:58:44,300503
300503.SZ,昊志机电,20240919,董秘您好！今年贵公司业绩大幅增长，第三季度会发业绩预报吗,尊敬的投资者，您好，公司2024年第三季度报告预计于2024年10月29日披露，谢谢。,2024-10-17 17:58:08,300503
300503.SZ,昊志机电,20240915,公司专利是否形成产品？9月19日至20日公司参加机器人大会携多少款产品参会？,尊敬的投资者，您好，公司相关参展信息具体可关注公司微信公众号及官网，感谢您的关注与支持。,2024-10-17 17:57:19,300503
300503.SZ,昊志机电,20240905,董秘您好！贵公司今年中期业绩大幅增长没有发布公告 ，第三季度业绩大幅增长会发布业绩预告吗,尊敬的投资者，您好，感谢您的关注。公司2024年第三季度报告预计于2024年10月29日披露，公司将会按照相关法律法规的规定及时履行相关信息披露义务，谢谢。,2024-10-17 17:56:22,300503
300503.SZ,昊志机电,20240828,公司与哪些国内外人形机器人企业在合作测试中？董秘能否详细说一下？,尊敬的投资者，您好，公司密切关注人形机器人行业发展趋势，坚持以市场需求为导向，积极把握市场机会，满足下游应用领域需求，感谢您对公司的关注与支持。,2024-09-03 17:41:29,300503
300503.SZ,昊志机电,20240828,网传公司与华为、小米有合作？有产品供应给华为、小米是否真实？请问董秘能否说明？,尊敬的投资者，您好，公司信息请以公司在指定信息披露媒体发布的公告为准，感谢关注。,2024-09-03 17:41:11,300503
300503.SZ,昊志机电,20240828,请问公司与鸿准精密的合作的同时，是否参与到苹果桌面机器人研发？,尊敬的投资者，您好，鸿准精密模具（昆山）有限公司是公司客户之一，与公司交易金额较少；公司目前未参与苹果桌面机器人研发，谢谢关注。,2024-09-03 17:39:33,300503
300503.SZ,昊志机电,20240828,请问名为“Domoo”的AI智能按摩机器人在实际应用中的数量是多少？请问这些机器人是否有数据反馈？,尊敬的投资者，您好，公司自主研发的机器人核心功能部件包括机器人关节模组、控制器、六维度力矩传感器、电动快换模块等可应于按摩机器人，目前上述按摩机器人已成功应用于美业大型连锁机构奈瑞儿的各大直营店，并受到用户的高度赞美，谢谢。,2024-09-03 17:39:16,300503
300503.SZ,昊志机电,20240828,公司的产品是否有能应用到光伏和航天生产领域？,尊敬的投资者，您好，公司已自主研发了应用于光伏、航天零件加工的主轴与转台产品，谢谢关注。,2024-09-03 17:38:58,300503
300503.SZ,昊志机电,20240826,2024年公司预计能否到12亿？归属利润能否到1.2亿？公可股权激励效果能否超预期？,"尊敬的投资者，您好，公司2024年1-6月实现营业收入61,570.52万元，同比增长31.54%；实现归属于上市公司股东的净利润为5,491.79万元，同比增长470.14%。
公司2024年度股权激励计划中激励指标是基于对公司未来发展前景的信心和内在价值的认可，本着激励与约束对等原则而设定的，公司也将上下同欲、齐心协力，努力实现激励目标，谢谢关注。",2024-09-03 17:38:32,300503
300503.SZ,昊志机电,20240826,董秘您好，公司谐波减速器、驱动器、无框力矩电机、编码器、力矩传感器等产品既没有应用于在人型机器人领域，也没有签署相关协议，是如何得出可应用在人型机器人领域这个结论的？,尊敬的投资者，您好，公司密切关注人形机器人行业发展趋势，坚持以市场需求为导向，积极把握市场机会，满足下游应用领域需求，感谢关注。,2024-09-03 17:38:00,300503
300503.SZ,昊志机电,20240825,董秘您好！昊志机电是不是鸿准公司电主轴的主要供应商？请正面回复。谢谢！,尊敬的投资者，您好，鸿准精密模具（昆山）有限公司是公司客户之一，与公司交易金额较少，谢谢关注。,2024-09-03 17:37:00,300503
300503.SZ,昊志机电,20240821,请问公司产品能否应用于人形机器人，目前有没有相关订单？,尊敬的投资者，您好，公司谐波减速器、驱动器、无框力矩电机、编码器、力矩传感器等产品可应用于人形机器人，截至目前，公司上述产品尚未应用于在人型机器人领域，也没有签署相关协议/订单。公司将持续关注机器人领域发展情况，谢谢关注。,2024-09-03 17:36:33,300503
300503.SZ,昊志机电,20240821,董秘您好，公司产品能否用于人形机器，公司对机器人有那些合作及布局，谢谢,尊敬的投资者，您好，公司谐波减速器、驱动器、无框力矩电机、编码器、力矩传感器等产品可应用于人形机器人，谢谢关注。,2024-09-03 17:36:10,300503
300503.SZ,昊志机电,20240821,公司有无间接给苹果机器人供货？,尊敬的投资者，您好！ 公司一直致力于与消费电子行业的客户保持密切合作，具体的客户和业务情况，请以公司公开披露的相关信息为准，感谢您的关注。,2024-09-03 17:35:49,300503
300503.SZ,昊志机电,20240819,公司的无框电机和谐波减速器都非常好，公司有打算带最好的东西去参加21号的北京国际机器人会展吗？,尊敬的投资者，您好，公司本次未有参展，公司团队有在现场参会学习和交流。另外公司将于2024年9月24日-9月28日期间在上海举行的第24届中国国际工业博览会，欢迎各位到展会进行交流，感谢您的关注与支持。,2024-09-03 17:35:25,300503
300503.SZ,昊志机电,20240817,请问公司的谐波减速器对比同类的产品有什么优势呢？,尊敬的投资者，您好，经过多年的研究和积累，公司已经拥有完整的、完全自主的谐波减速器的设计、制造和测试技术，可独立减速器产品的研发、制造和销售。目前我司已经先后攻克了齿形设计、凸轮廓设计、齿轮表面处理等关键技术，并形成了14至50型号的减速器，速比涵盖30-160。公司的产品性能方面：精度高出行业标准20%以上，刚性高出行业标准10%以上。同时，公司通过不断研究在双波减速器的基础上，我司自主研发出性能显著提升的三波谐波减速器。相较于双波减速器，其振动降低了50%，传动精度提升了20%。目前公司谐波减速器已形成批量销售，谢谢关注。,2024-09-03 17:35:07,300503
300503.SZ,昊志机电,20240816,公司生产的电机能用于低空飞行器嘛？,尊敬的投资者，您好，公司暂无产品应用于低空飞行器，谢谢关注。,2024-09-03 17:34:07,300503
300503.SZ,昊志机电,20240816,公司有没有计划生产空心杯电机和配套的驱动呢？,尊敬的投资者，您好，公司暂无该计划，谢谢关注。,2024-09-03 17:33:50,300503
300503.SZ,昊志机电,20240816,请问一下公司玻璃雕铣机主轴在国内处于什么水平？具备加工AI眼镜VR.AR眼镜片的能力吗？能够满足高精度加工的需求吗？,尊敬的投资者，您好，公司雕铣机电主轴应用领域广，涵盖3C电子产品的玻璃加工、石墨加工，显示外壳，注塑模具；医疗/牙科的设备仪器、植入，义齿加工；航天航空的钛铝合金加工；新能源的钛/铬/铁镍合金材料研究；珠宝类手表项链玻璃深加工等。同时，公司雕铣机电主轴具有高精度的特点，主轴热伸长0.03mm以内，热伸长波动≤0.002mm;主轴轴芯端面及锥孔跳动＜0.001mm，全转速段主轴振动＜0.8mm/s（定制可达0.5mm/s），加工要件表面粗糙度可达Ra0.05，能够满足高精度加工的需求，谢谢关注。,2024-09-03 17:33:33,300503
300503.SZ,昊志机电,20240815,AI眼镜可能迎来巨大的增量市场，请问贵公司有无布局相关业务,尊敬的投资者，您好，公司会持续关注相关领域的发展趋势和市场机会。感谢您的关注，谢谢。,2024-09-03 17:33:08,300503
300503.SZ,昊志机电,20240815,请问贵公司是否有产品用于智能眼镜,尊敬的投资者，您好，公司主轴、转台、直线电机等产品可应用于消费电子行业，公司下游客户可根据自身需求确定具体使用场景，感谢您的关注。,2024-09-03 17:32:49,300503
300503.SZ,昊志机电,20240813,您好！公司展厅的产品据说相关配件即可以组装一台机器人，请问公司的力矩传感器、无框电机等这些人形机器人相关产配件是否有送样机器人公司呢？,尊敬的投资者，您好，公司目前在机器人领域的产品涵盖谐波减速器、无框力钜电机、驱动器、控制系统、六维度力钜传感器、刹车机构、编码器、电磁快换模块、关节模组、末端执行机构以及RV减速器等机器人领域核心部件。公司将持续做好客户测试或对接测试需求，谢谢关注。,2024-09-03 17:32:06,300503
300503.SZ,昊志机电,20240808,请问贵公司有无自研智能机器人计划,尊敬的投资者，您好，公司与客户共同开发的按摩机器人，已成功应用于美业专业连锁机构，谢谢关注。,2024-09-03 17:31:34,300503
300503.SZ,昊志机电,20240808,请问贵公司有没有面向C端的产品,尊敬的投资者，您好，公司目前的产品和服务主要面向B端，感谢您的关注。,2024-09-03 17:31:06,300503
300503.SZ,昊志机电,20240805,请问贵公司；1、谐波减速器产品在国内与头部厂家（绿的谐波）及日本的同类产品之间有什么差异？差异多少？2、RV减速器产品升及后是否与国内、国际之间有什差异、自身的优势？3、六维度力矩传感器产品（用在自身按摩机器人中之外）与囯内头部厂家产品、及国外有什么差异？4、收购瑞士公司后在伺服产品与国际大厂有差距吗？在国内处于什水平！谢谢！一投资者！,尊敬的投资者，您好，（1）公司谐波减速器具有高精度、使用寿命长、体积小、重量轻、传动平稳、承载力大、扭动刚性大、振动小、耐冲击等特点，产品的精度及寿命能够与世界一流品牌竞争；（2）公司正在研发的RV减速器，是一款主轴承内置型摆线针轮减速器，具有运转稳定，传动精度高，传动效率高等特点；（3）公司开发的六维度力钜传感器具有以下特点：①世界级的力控精度≤0.1Nm；②温度自补偿，蠕变小；③18或24位A/D转换，采样率高达1KHz；④通信协议：Ethercat、以太网、CAN、R485等多种选择；⑤卡尔曼和巴特沃双重滤波算法，力/力矩输出更平顺；⑥6通道模拟信号输入，低噪声仪表放大；（4）公司瑞士公司的伺服电机具有高可靠性、坚固性、热效率和高防水性的特点，同时，其模块化结构、超低维护，优良的转矩与合适的惯量比，使系列电机具有极高的加速能力；（5）公司瑞士公司的伺服驱动具有：①XtrapulsPac 可以轻松配置为各种模式的独立控制器；②可作为现场总线从站，构建完全基于驱动的分布式运动控制系统；③支持多编码器反馈接口（旋转变压器，增量式编码器sin/cos编码器，Endat，Hiperface等）。④具有灵活性，紧凑体积（150*140*70），无风扇设计。谢谢关注。,2024-09-03 17:27:12,300503
300503.SZ,昊志机电,20240801,董秘你好，公司在上半年取得超预期的成绩可喜可贺。鉴于现在上市公司的监管越来越严厉，想问一下公司实际控制人和高管的立案调查都几年了，什么时候出结果啊？对公司的正常运转有没有影响？谢谢。,尊敬的投资者，您好，公司尚未收到有关机关针对上述调查事项的结论性意见，公司将持续关注上述事项的进展情况，并严格按照有关法律、法规的规定和要求，及时履行信息披露义务。目前公司经营情况正常，谢谢关注。,,300503
300503.SZ,昊志机电,20240801,作为众多中小股东之一，请问一下贵公司主要产品有那些，分别行业占比是多少？感谢回复！,尊敬的投资者，您好，公司2024年度1-6月，主轴业务、转台等功能部件相关业务（含转台、直线电机、减速器、导轨等）、运动控制产品（伺服驱动、伺服电机、运动控制器）、维修及零配件业务收入和其他业务收入占营业收入的比重分别为49.14%、14.51%、26.78%、8.84%和0.72%，谢谢关注。,2024-09-03 17:26:43,300503
300503.SZ,昊志机电,20240730,请问贵公司产品有无积极对接国内外人形机器人企业并形成销售？谢谢！,尊敬的投资者，您好，公司无框力矩电机可应用于人形机器人。截至目前，公司上述产品尚未应用于在人型机器人领域，也没有签署相关协议，谢谢关注。,,300503
300503.SZ,昊志机电,20240730,请问贵公司无框力矩电机是否通过人形机器人企业验证并形成销售？,尊敬的投资者，您好，公司无框力矩电机可应用于人形机器人。截至目前，公司上述产品尚未应用于在人型机器人领域，也没有签署相关协议，谢谢关注。,,300503
300503.SZ,昊志机电,20240730,请问贵公司产品是否已应用于芯片行业且形成销售？,尊敬的投资者，您好，公司的划片机主轴、高精度磨外圆电主轴、气浮超精密晶圆研磨电主轴、晶圆精密倒角用电主轴、晶圆超精密检测空气静压转台以及伺服驱动器和直驱电机等产品，可为客户提供半导体等领域核心功能部件解决方案，公司上述产品已形成销售，谢谢关注。,,300503
300503.SZ,昊志机电,20240730,请问贵公司产品是否已应用于半导体行业并形成销售？,尊敬的投资者，您好，公司的划片机主轴、高精度磨外圆电主轴、气浮超精密晶圆研磨电主轴、晶圆精密倒角用电主轴、晶圆超精密检测空气静压转台以及伺服驱动器和直驱电机等产品，可为客户提供半导体等领域核心功能部件解决方案，公司上述产品已形成销售，谢谢关注。,,300503
300503.SZ,昊志机电,20240730,请问贵公司产品是否已应用于消费电子行业并形成销售？,尊敬的投资者，您好，公司主轴、转台、直线电机等产品可应用于消费电子行业，且公司上述产品均已形成批量销售，谢谢关注。,,300503
300503.SZ,昊志机电,20240730,请问贵公司产品是否已应用于PCB行业并形成销售？,尊敬的投资者，您好，公司主轴、直线电机等产品可应用于PCB领域，且公司上述产品均已形成批量销售，谢谢关注。,,300503
300503.SZ,昊志机电,20240730,请问贵公司的划片机主轴、高精度磨外圆电主轴、气浮超精密晶圆研磨电主轴、晶圆精密倒角用电主轴、晶圆超精密检测空气静压转台以及伺服驱动器和直驱电机等产品是否已应用于芯片行业？有无产生销售？谢谢！,尊敬的投资者，您好，公司的划片机主轴、高精度磨外圆电主轴、气浮超精密晶圆研磨电主轴、晶圆精密倒角用电主轴、晶圆超精密检测空气静压转台以及伺服驱动器和直驱电机等产品，可为客户提供半导体等领域核心功能部件解决方案，公司上述产品已形成销售，谢谢关注。,,300503
300503.SZ,昊志机电,20240730,请问贵公司的划片机主轴、高精度磨外圆电主轴、气浮超精密晶圆研磨电主轴、晶圆精密倒角用电主轴、晶圆超精密检测空气静压转台以及伺服驱动器和直驱电机等产品，是否已应用于半导体行业？是否产生销售？谢谢！,尊敬的投资者，您好，公司的划片机主轴、高精度磨外圆电主轴、气浮超精密晶圆研磨电主轴、晶圆精密倒角用电主轴、晶圆超精密检测空气静压转台以及伺服驱动器和直驱电机等产品，可为客户提供半导体等领域核心功能部件解决方案，公司上述产品已形成销售，谢谢关注。,,300503
300503.SZ,昊志机电,20240730,请问贵公司有无产品应用于无人驾驶机器人、送餐机器人、送货机器人、物流机器人等，如无，有无规划，谢谢！,尊敬的投资者，您好，公司谐波减速器、RV减速器、伺服电机等产品可应用于工业机器人，物流机器人等，谢谢。,,300503
300503.SZ,昊志机电,20240730,国家补贴的设备更新政策是否有利于提升公司业绩？,"尊敬的投资者，您好，基于大规模设备更新及国产化等政策的支持，将有助于提高高端数控机床国产化的需求，相应配套的加工中心的电主轴和五轴转台的需求也相应增加；以及消费电子领域原保有的设备不能满足现有的加工需求，设备周期性的汰换需求增加；再加机器人行业正处于快速发展阶段，公司将积极把握市场发展机遇，不断提升公司的市场份额，增强公司的盈利能力。2024年1-6月，公司实现营业收入61,570.52万元，同比增长31.54%；实现利润总额6,277.74万元，同比增长386.83%；实现归属于上市公司股东的净利润为5,491.79万元，同比增长470.14%；扣除非经常性损益后归属于上市公司股东的净利润为3,047.69万元，同比增长213.65%，谢谢关注。",,300503
300503.SZ,昊志机电,20240729,公司拆分机器人事业部成立子公司事情进展怎么样了？接下来项目公司是否会引入外部投资者？,尊敬的投资者，您好，公司成立机器人子公司的事宜在有序推进中，后续进展请留意公司后续披露的相关公告，谢谢。,,300503
300503.SZ,昊志机电,20240729,请问贵公司有哪些产品用于航空航天？是否形成销售,尊敬的投资者，您好，感谢关注，谢谢。,,300503
300503.SZ,昊志机电,20240729,请问贵公司有哪些产品用于商业航空？是否形成销售,尊敬的投资者，您好，感谢关注，谢谢。,,300503
300503.SZ,昊志机电,20240726,可爱的董秘你好，请问贵司有没有设备以旧换新的目录表？,尊敬的投资者，您好，我们也关注到“国务院关于印发《推动大规模设备更新和消费品以旧换新行动方案》的通知”，公司将持续做好经营管理工作，努力以良好的业绩回报投资者，感谢关注。,,300503
300503.SZ,昊志机电,20240720,请问贵公司有无面向人形机器人的产品？是否形成销售？谢谢,尊敬的投资者，您好，公司谐波减速器、驱动器、无框力矩电机、编码器、力矩传感器等产品可应用于人形机器人，谢谢关注。,,300503
300503.SZ,昊志机电,20240716,请问贵公司产品有无应用到集成电路？是否形成销售,尊敬的投资者，您好，公司的划片机主轴、高精度磨外圆电主轴、气浮超精密晶圆研磨电主轴、晶圆精密倒角用电主轴、晶圆超精密检测空气静压转台以及伺服驱动器和直驱电机等产品，可为客户提供半导体等领域核心功能部件解决方案，公司上述产品已形成销售，谢谢关注。,,300503
300503.SZ,昊志机电,20240716,请问贵公司有无产品应用于集成电路半导体行业？是否形成销售,尊敬的投资者，您好，公司的划片机主轴、高精度磨外圆电主轴、气浮超精密晶圆研磨电主轴、晶圆精密倒角用电主轴、晶圆超精密检测空气静压转台以及伺服驱动器和直驱电机等产品，可为客户提供半导体等领域核心功能部件解决方案，公司上述产品已形成销售，谢谢关注。,,300503
300503.SZ,昊志机电,20240708,2023年报中提到公司禾丰智能制造基地对公司业绩的影响，请介绍一下现如今禾丰智能制造基地的营收入情况及对公司整体业绩的影响情况，谢谢！,尊敬的投资者，您好，公司相关业绩情况具体可查阅公司在巨潮资讯网披露的相关公告，谢谢关注。,,300503
300503.SZ,昊志机电,20240705,请问公司哪些产品可用于人形机器人、机器狗？公司在智能机器人方面是否有核心竞争力的产品？,尊敬的投资者，您好，公司谐波减速器、驱动器、无框力矩电机、编码器、力矩传感器等产品可应用于人形机器人，谢谢关注。,,300503
300503.SZ,昊志机电,20240703,尊敬的董秘，贵公司是否参与2024世界人工智能大会暨人工智能全球治理高级别会议，有什么新开发的机器人产品参与其中？,尊敬的投资者，您好，公司相关参展信息具体可关注公司微信公众号及官网，感谢您的关注与支持。,,300503
300503.SZ,昊志机电,20240626,请问贵公司产品有无应用于消费电子行业？是否形成销售,尊敬的投资者，您好，公司主轴、转台、直线电机等产品可应用于消费电子行业，且公司上述产品均已形成批量销售，谢谢关注。,,300503
300503.SZ,昊志机电,20240626,请问贵公司有无产品应用于PCB行业，是否形成销售？,尊敬的投资者，您好，公司主轴、直线电机等产品可应用于PCB领域，且公司上述产品均已形成批量销售，谢谢关注。,,300503
300503.SZ,昊志机电,20240611,请问贵公司有无产品应用到半导体芯片领域,尊敬的投资者，您好，公司的划片机主轴、高精度磨外圆电主轴、气浮超精密晶圆研磨电主轴、晶圆精密倒角用电主轴、晶圆超精密检测空气静压转台以及伺服驱动器和直驱电机等产品，可为客户提供半导体等领域核心功能部件解决方案，谢谢关注。,,300503
300503.SZ,昊志机电,20240611,请问贵公司如何看待人形机器人？有无计划或实施,尊敬的投资者，您好，公司谐波减速器、驱动器、无框力矩电机、编码器、力矩传感器等产品可应用于人形机器人，谢谢关注。,,300503
300503.SZ,昊志机电,20240607,你好 请问贵公司手握那么多机器人的相关专利技术是否可以量产，量产后是否能商业化商品化，最后是否能获得相关公司的订单？,尊敬的投资者，您好，公司积极布局机器人领域相关产品，截至目前公司在机器人领域的产品涵盖谐波减速器、无框力钜电机、驱动器、控制系统、六维度力钜传感器、刹车机构、编码器、电磁快换模块、关节模组、末端执行机构以及RV减速器等机器人领域核心部件，谢谢关注。,,300503
300503.SZ,昊志机电,20240606,公司怎么解释带强调事项无保留意见？,尊敬的投资者，您好，广东司农会计师事务所（特殊普通合伙）对公司2023年度财务报告出具带强调事项段的无保留意见审计报告，强调事项段中涉及事项对公司2023年度财务状况和经营成果无重大影响。具体情况可查阅公司在巨潮资讯网披露的《关于对广州市昊志机电股份有限公司2023年度财务报表出具带强调事项段的无保留意见审计报告的专项说明》，谢谢。,,300503
300503.SZ,昊志机电,20240517,请问贵公司有无产品用于低空经济,尊敬的投资者，您好，公司目前没有低空经济业务，谢谢关注。,,300503
300503.SZ,昊志机电,20240516,宇树科技推出9.9万元的人形机器人产品，公司有积极对接人形机器人厂家吗？,尊敬的投资者，您好，公司将持续关注机器人领域发展情况，谢谢关注。,,300503
300503.SZ,昊志机电,20240516,国内人形机器人大发展，公司要积极参与市场，可以和头部企业开展合作发展！,尊敬的投资者，您好。感谢您的建议，我们将进一步做好经营管理工作，力争有效提升业绩，谢谢关注。,,300503
300503.SZ,昊志机电,20240516,公司的产品可以应用在航空航天和低空经济领域吗？,尊敬的投资者，您好，公司的主轴产品功能持续丰富，复合化、智能化水平不断提高，应用领域涵盖PCB加工，牙齿雕刻，玻璃磨削，木工雕刻，金属零件加工，精密和超精密模具加工，汽车零部件加工、航空航天零件加工，半导体超精密加工等领域，能够极大满足客户的各项应用需求，谢谢关注。,,300503
300503.SZ,昊志机电,20240430,请问董秘，截止4，30股东人数是多少？,尊敬的投资者您好，公司最近一期股东人数请您查阅公司近期披露的定期报告，谢谢关注。,,300503
300503.SZ,昊志机电,20240428,请问贵公司目前是否有扩充产能的计划？目前的订单是否饱满？,尊敬的投资者，您好，公司目前经营状况良好，感谢您的关注，谢谢。,,300503
300503.SZ,昊志机电,20240426,请问，公司有没有研发人形机器人零部件的业务？公司在人形机器人业务方面有什么突破？,尊敬的投资者，您好，公司谐波减速器、无框力矩电机和编码器等产品可应用于人形机器人。截至目前，公司上述产品尚未应用于在人型机器人领域，也没有签署相关协议。公司将持续关注机器人领域发展情况，谢谢关注。,,300503
300503.SZ,昊志机电,20240422,请问，公司和优必选合作情况怎么样了？公司在深圳人形机器人创新中心业务有什么进展。？,尊敬的投资者，您好。目前公司与优必选暂未发生交易，谢谢关注。,,300503
300503.SZ,昊志机电,20240416,贵公司人形机器人核心硬件全产业链一条龙，有无推进商业化降低硬件成本，跟特斯拉优必选等头部企业进行合作，共同发展新质生产力,尊敬的投资者，您好，公司一直努力拓展与国内外客户的合作，未来，公司将进一步优化产品应用领域比重，在技术研发、市场拓展上加大投入，改进技术工艺，并向客户提供良好的售后服务，提高公司综合竞争实力。谢谢关注。,,300503
300503.SZ,昊志机电,20240402,请问：贵公司产品有没有给人形机器人整机厂商送样？只需回答有没有就行。,尊敬的投资者，您好，公司谐波减速器、无框力矩电机和编码器等产品可应用于人形机器人。截至目前，公司上述产品尚未应用于在人型机器人领域，也没有签署相关协议。公司将持续关注机器人领域发展情况，谢谢关注。,,300503
300503.SZ,昊志机电,20240402,请问，你公司在互动平台回应“公司参与了由深圳市优必选科技股份有限公司牵头申报的“人形机器人制造业创新中心”，该项目已获批筹建，公司未参与投资。”，那么贵公司参与的具体内容是什么？公司既然有人形机器人关键组件，预计何时能实现应用，有没有主动开展相关业务？,尊敬的投资者，您好，公司谐波减速器、无框力矩电机和编码器等产品可应用于人形机器人。截至目前，公司上述产品尚未应用于在人型机器人领域，也没有签署相关协议。公司将持续关注机器人领域发展情况，谢谢关注。,,300503
300503.SZ,昊志机电,20240402,请问，公司一季度业务情况怎样？有没有大幅度变化情况,尊敬的投资者，您好，公司2024年第一季度业务开展情况具体可关注公司后续披露的定期报告，谢谢关注。,,300503
300503.SZ,昊志机电,20240401,请问董秘，贵公司生产的产品有应用到低空经济吗？,尊敬的投资者，您好，公司目前没有低空经济业务，谢谢关注。,,300503
300503.SZ,昊志机电,20240401,请问董秘，贵公司和优必选成立的机器人管理创新公司已有半年之久，现在情况怎么样了？,尊敬的投资者，您好，公司参与了由深圳市优必选科技股份有限公司牵头申报的“人形机器人制造业创新中心”，该项目当前仍在筹备中，公司未参与投资，谢谢关注。,,300503
300503.SZ,昊志机电,20240401,请问，公司大股东是否在减持公司股票？,尊敬的投资者，您好，公司控股股东目前没有减持公司股票，谢谢关注。,,300503
300503.SZ,昊志机电,20240329,小米汽车今天发布会今天特别火热，请问贵公司的电机是否有供应供应给小米汽车？,尊敬的投资者，您好，公司目前暂未有与小米进行合作。谢谢关注。,,300503
300503.SZ,昊志机电,20240328,请明确回答，公司有没有人形机器人有关的业务？,尊敬的投资者，您好，公司谐波减速器、无框力矩电机和编码器等产品可应用于人形机器人。截至目前，公司上述产品尚未应用于在人型机器人领域，也没有签署相关协议。公司将持续关注机器人领域发展情况，谢谢关注。,,300503
300503.SZ,昊志机电,20240327,请问董秘，特斯拉机器人团队这个星期就要来中国考察供应链了，听闻贵公司产品国际领先，有没有抓住机会和特斯拉合作？,尊敬的投资者，感谢您的建议，谢谢关注。,,300503
300503.SZ,昊志机电,20240327,公司相关人形机器人产品，除昊志生物外，国内是否形成新用户？谢谢,尊敬的投资者，您好，公司与广州市昊志生物科技有限公司共同开发“按摩机器人”，目前该产品主要面向终端客户奈瑞儿进行销售。公司产品目前尚未应用于在人型机器人领域，谢谢关注。,,300503
300503.SZ,昊志机电,20240326,请问董秘，贵公司的产品有涉及汽车拆解概念吗？,尊敬的投资者，您好，公司目前不涉及汽车拆解布局，谢谢关注。,,300503
300503.SZ,昊志机电,20240325,请问，公司是不是在研发人形机器人整机？或者人形机器人零部件？,尊敬的投资者，您好，公司谐波减速器、无框力矩电机和编码器等产品可应用于人形机器人。截至目前，公司上述产品尚未应用于在人型机器人领域，也没有签署相关协议。公司将持续关注机器人领域发展情况，谢谢关注。,,300503
300503.SZ,昊志机电,20240323,"董秘您好！
请问贵公司生产的谐波减速器和六维力矩传感器年产量各是多少台？
请给出明确的数据，谢谢！",尊敬的投资者，您好，根据公司目前设备产出能力，公司谐波减速器的年产能为15万个，谢谢关注。,,300503
300503.SZ,昊志机电,20240320,董秘您好，公司在机器人领域拥有如此多的产品却没有进入全球任何一家知名机器人公司的供应链，是公司产品的性能达不到还是公司王婆卖瓜，自卖自夸？公司在机器人事业部的基础上独立设立子公司能改变公司业绩利润吗？还是说为了方便子公司后期引入战投融资？,尊敬的投资者，您好，公司全资子公司“广州市昊志机器人有限公司（暂定）”的进展情况请留意公司后续披露的相关公告，谢谢。,,300503
300503.SZ,昊志机电,20240320,董秘你好，请问一下贵公司与港股的优必选人形机器人公司有那些合作，详细的介绍一下。,尊敬的投资者，您好。公司参与了由深圳市优必选科技股份有限公司牵头申报的“人形机器人制造业创新中心”，该项目已获批筹建，公司未参与投资。目前公司与优必选暂未发生交易，谢谢关注。,,300503
300503.SZ,昊志机电,20240318,贵公司RV减速器是否已经具备量产能力？机器人零部件与哪些人形机器人公司达成合作？,尊敬的投资者，您好，公司RV减速器产品已开发出来，目前研发还在打磨产品性能，谢谢。,,300503
300503.SZ,昊志机电,20240316,尊敬的董秘你好，国外英伟达即将召开机器人大会，请问贵公司是否近期对人形机器人订单合同的突破或者有个性技术的突破性进展呢？,尊敬的投资者，您好，公司将持续关注机器人领域发展情况，谢谢关注。,,300503
300503.SZ,昊志机电,20240315,公司业务是否涉及人形机器人的应用或者配件等？,尊敬的投资者，您好，公司谐波减速器、无框力矩电机和编码器等产品可应用于人形机器人。截至目前，公司上述产品尚未应用于在人型机器人领域，也没有签署相关协议。公司将持续关注机器人领域发展情况，谢谢关注。,,300503
300503.SZ,昊志机电,20240315,尊敬的董秘。贵公司和优必选的业务合作有进一步的进展了吗？,尊敬的投资者，您好。目前公司与优必选暂未发生交易，谢谢关注。,,300503
300503.SZ,昊志机电,20240315,你好，请问贵公司现在有人形机器人订单或者潜在的洽谈订单么，另外公司设立机器人子公司对未来人形机器人这块规划是怎么样的，谢谢。,尊敬的投资者，您好，公司全资子公司“广州市昊志机器人有限公司（暂定）”的进展情况请留意公司后续披露的相关公告，谢谢。,,300503
300503.SZ,昊志机电,20240315,近期举办的人形机器人大赛，公司有产品参与了吗？,尊敬的投资者，您好，公司未参加人形机器人大赛，谢谢关注。,,300503
300503.SZ,昊志机电,20240315,请问董秘，国家近期提到的新质生产力以及大规模设备换新，应该会淘汰一批旧工业机床以及主轴配件等一系列工业设备。贵公司是否有进行过研究，如何利用这个契机，打开市场以及打响品牌。,尊敬的投资者，您好，感谢您的建议。公司会努力抓住行业发展契机，提升公司的盈利能力和市场竞争力。谢谢关注。,,300503
300503.SZ,昊志机电,20240315,公司成立了机器人公司，会加大在人形机器人产业的布局和发展力度吗？公司现有机器人的产品和产能情况如何？,尊敬的投资者，您好。公司目前在机器人领域的产品包括谐波减速器、DD电机、低压伺服驱动、刹车机构、编码器、末端执行、力矩传感器等。谢谢关注。,,300503
300503.SZ,昊志机电,20240314,董秘，你好，贵公司多次提到参与了“人形机器人制造业创新中心”，该项目已获批筹建，但没有参与投资，又没有与优必选发生交易。请问贵公司在该项目中主要承担的工作是什么。其次，在人形机器人风口上，贵公司除了在国内成立机器人公司承接机器人业务外，是否有海外市场的布局跟规划。是否能够直接或者通过海外子公司对接国外人形机器人头部生产企业。,尊敬的投资者，您好。感谢您的建议，我们将进一步做好经营管理工作，力争有效提升业绩，谢谢关注。,,300503
300503.SZ,昊志机电,20240314,目前公司对于机器人概念，是否参与过实质性的汽车技术机器设备或者人工智能领域相关硬件设备呢？,尊敬的投资者，您好。公司目前在机器人领域的产品涵盖谐波减速器、无框力钜电机、驱动器、控制系统、六维度力钜传感器、刹车机构、编码器、电磁快换模块、关节模组、末端执行机构以及RV减速器等机器人领域核心部件。谢谢关注。,,300503
300503.SZ,昊志机电,20240314,现有ChatGPT已接入身体，请问公司是否对人形机器人有更好的战略部署？,尊敬的投资者，您好，公司将持续关注机器人领域发展情况，谢谢关注。,,300503
300503.SZ,昊志机电,20240314,请问公司与机器人公司优必选有合作吗？,尊敬的投资者，您好。目前公司与优必选暂未发生交易，谢谢关注。,,300503
300503.SZ,昊志机电,20240314,英伟达GTC大会即将召开，对公司的人形机器人战略部署是否有所影响和所得？,尊敬的投资者，您好，公司将持续关注机器人领域发展情况，谢谢关注。,,300503
300503.SZ,昊志机电,20240312,贵公司有无成立机器人公司的具体时间点，成立机器人公司后是否会有独立工厂？请逐一回复，谢谢,尊敬的投资者，您好，公司在机器人事业部的基础上独立设立子公司“广州市昊志机器人有限公司（暂定）”，是为进一步明晰战略布局，完善组织架构和管理体系，提升现有资产的利用效率，提升管理效益所采取的措施。未来，公司机器人相关业务将实现独立核算，有利于促进各业务板块均衡高效发展，优化企业管理框架，亦有利于加快推进机器人业务市场化、产业化的进程。公司子公司的进展情况请留意公司后续披露的相关公告，谢谢。,,300503
300503.SZ,昊志机电,20240312,你好，董秘，请问下咱家产品都有哪些适用于人形机器人呢？,尊敬的投资者，您好，公司谐波减速器、无框力矩电机和编码器等产品可应用于人形机器人。截至目前，公司上述产品尚未应用于在人型机器人领域，也没有签署相关协议。公司将持续关注机器人领域发展情况，谢谢关注。,,300503
300503.SZ,昊志机电,20240311,贵公司海外业务销售情况如何,"尊敬的投资者，您好。公司境外子公司Infranor集团截至2023年1-9月实现销售收入30,617.41万元，同比增长26.25%，谢谢关注。",,300503
300503.SZ,昊志机电,20240311,请问贵公司有没有可以应用于特斯拉人形机器人的零部件？,尊敬的投资者，您好。目前公司与特斯拉暂未发生交易，谢谢关注。,,300503
300503.SZ,昊志机电,20240308,请问公司属于新质生产力公司吗？在中央提倡设备更新换代的重大好政策下，会对今年公司业绩上有明显增长？,尊敬的投资者，您好，公司业务开展情况具体可关注公司定期报告、官网以及公众号发布的信息，谢谢关注。,,300503
300503.SZ,昊志机电,20240307,贵公司作为人形机器人配件厂家，请问贵公司新设立的机器人公司有自己生产人形机器人计划吗？,尊敬的投资者，您好。公司拟设立全资子公司“广州市昊志机器人有限公司（暂定）”主要系承接公司原机器人事业部业务，负责机器人核心功能部件（包括但不限于涵盖谐波减速器、无框力钜电机、驱动器、控制系统、六维度力钜传感器、刹车机构、编码器、电磁快换模块、关节模组、末端执行机构以及RV减速器等机器人领域核心部件）研发、生产、销售等，谢谢关注。,,300503
300503.SZ,昊志机电,20240307,请问公司是优必选的供应商吗？,尊敬的投资者，您好。目前公司与优必选暂未发生交易，谢谢关注。,,300503
300503.SZ,昊志机电,20240307,请问董秘，听闻公司参与了由深圳市优必选科技股份有限公司牵头申报的“人形机器人制造业创新中心”，请问公司的产品用到优必选了吗？？,尊敬的投资者，您好。目前公司与优必选暂未发生交易，谢谢关注。,,300503
300503.SZ,昊志机电,20240307,请问公司与优必选人型机器人有合作吗？有的话公司主要提供哪个相关部件？,尊敬的投资者，您好。目前公司与优必选暂未发生交易，谢谢关注。,,300503
300503.SZ,昊志机电,20240306,贵公司跟优必选除了共同成立人形机器人制造业创新中心再外，是否还有其它业务往来？,尊敬的投资者，您好。目前公司与优必选暂未发生交易，谢谢关注。,,300503
300503.SZ,昊志机电,20240305,董秘您好！听闻贵公司在光刻机领域已经拥有一定的技术储备和往来业务。公司的直线电机和转台轴承等产品已经成功应用于光刻机领域，并且获得了客户的认可。据悉，贵公司还在研发其他与光刻机相关的核心零部件，并计划进一步拓展在光刻机领域的业务，请问是否属实？,尊敬的投资者，您好，公司目前没有该领域的业务，谢谢关注。,,300503
300503.SZ,昊志机电,20240304,您好！国外大模型和算力巨头纷纷投资人形机器人，国内也将人形机器人定位于新质生产力的未来产业，请问人形机器人进入车企工厂，预计在哪些方面能帮助车企降本增效？感谢！,尊敬的投资者，您好，感谢您的关注。,,300503
300503.SZ,昊志机电,20240303,贵公司设立全资子公司，进一步聚焦机器人产业，贵公司的rv减速器是否已经形成销售，和哪些公司达成合作？,尊敬的投资者，您好，公司RV减速器产品已开发出来，目前研发还在打磨产品性能，尚未形成销售，谢谢。,,300503
300503.SZ,昊志机电,20240301,董秘您好，贵司〝12月22日在投资者互动平台表示，公司在氢能源方面储备产品有氢燃料电池空压机，截至目前，公司研发了三款能量回收型燃料电池空压机产品，其中DK-GF150和DK-GF180系列空压机已经在多个客户端完成了台架测试；DK-GF150-3.0空压机已形成少量销售订单。〞请问到目前为止氢燃料电池空压机销量如何？该类产品是否为制氢必备产品？谢谢,尊敬的投资者，您好，公司氢燃料电池空压机主要在客户端应用测试中，目前已形成少量销售，谢谢关注。,,300503
300503.SZ,昊志机电,20240229,请问贵司做氢燃料电池核心部件是吗？,尊敬的投资者，您好，公司自主研发的氢燃料电池空压机产品，可应用于新能源汽车燃料电池系统核心部件领域，谢谢。,,300503
300503.SZ,昊志机电,20240229,公司有谐波减速器、无框力矩电机和编码器等产品可应用于人形机器人，请问董秘：2024年有无人形机器人公司同公司订购合同？哪怕是10 万元的？？？,尊敬的投资者，您好，公司谐波减速器、无框力矩电机和编码器等产品可应用于人形机器人。截至目前，公司上述产品尚未应用于在人型机器人领域，也没有签署相关协议，谢谢关注。,,300503
300503.SZ,昊志机电,20240228,肖主任，请问，贵公司与特斯拉有合作么，特斯拉机器人是不是采购了贵公司的零件，谢谢,尊敬的投资者，您好，公司目前未与特斯拉发生相关业务，感谢您对公司的关注。,,300503
300503.SZ,昊志机电,20240224,公司做新能源汽车那些零部件，跟那些车企是合作伙伴？,尊敬的投资者，您好，公司在新能源汽车领域储备产品有氢燃料电池空压机，谢谢关注。,,300503
300503.SZ,昊志机电,20240219,国家大力发展人形机器人事业并配套出台了很多鼓励政策，公司有计划加大在人形机器人产业的布局和规模吗？公司在人形机器人上的业务拓展较为保守，希望能够和国内其他头部企业积极合作，一起为国家人形机器人产业作出贡献！,尊敬的投资者，您好，感谢您的建议，谢谢关注。,,300503
300503.SZ,昊志机电,20240207,"亲爱的董秘您好!听说贵公司和国内外众多知名车企均有合作（比亚迪,吉利,BBA）等,请问贵公司在未来智能化机器人及太空航天器方面有哪些领先布局",尊敬的投资者，您好，公司业务开展情况具体可关注公司定期报告、官网以及公众号发布的信息，谢谢关注。,,300503
300503.SZ,昊志机电,20240122,董秘您好，公司2023年的业绩预告在公司股价连续大幅下跌且前3季度净利润亏损时能否尽早发布业布？显隆电机承诺的扣除非经常性损益归属于母公司股东2023年的净利润不低于5000万元，完成了多少？,尊敬的投资者，您好，公司将严格按照深圳证券交易所的相关法律规定履行信息披露义务，谢谢关注。,,300503
300503.SZ,昊志机电,20240116,董秘您好！贵公司有与头部人形机器人公司推销机器人零部件吗？效果如何？希望公司能够加大营销力度，抢占人形机器人核心零部件制高点！,"尊敬的投资者,您好，感谢您的建议。公司一直努力拓展与国内外客户的合作，我们将进一步做好经营管理工作，力争有效提升业绩，谢谢关注。",,300503
300503.SZ,昊志机电,20240113,董秘你好，1公司目前对介入人形机器人做了哪些工作，比如招聘相关人才或者投入多少资金研发或者业内哪些公司合作。2公司对人形机器人短期走入人类生活中，盈利前景怎么看。3公司持续亏损状态是否影响长期发展，2024能否扭亏。谢谢。,尊敬的投资者，您好，公司谐波减速器、无框力矩电机和编码器等产品可应用于人形机器人。截至目前，公司上述产品尚未应用于在人型机器人领域，也没有签署相关协议。公司将持续关注机器人领域发展情况，谢谢关注。,,300503
300503.SZ,昊志机电,20240112,董秘你好，公司产品市场占有率如何，哪些产品是打破国外垄断的，对行业影响是怎样的？,"尊敬的投资者,您好，公司是国内领先的主轴制造商，致力于为中高档数控机床提供自主研发、自主品牌的主轴系列产品，目前已形成了“以中高端主轴产品为核心、以主轴精密零配件制造为支撑、以配套维修服务为特色”的业务体系，构建了主轴“整机—配件—服务”紧密结合的完整业务链。公司整体技术处于国内领先、国际先进的水平，部分产品国际领先，气浮及滚珠高速电主轴系列产品填补了国内多项技术空白，打破了高端电主轴进口产品的垄断地位，公司品牌及产品在国内外主轴行业内享有较高知名度，已成为国内电主轴行业产销规模最大的企业之一。同时，公司切入机器人行业，从原有的产品线延伸到减速器这个产品线，将之前的技术积累延伸并应用到减速器上面。目前，昊志谐波减速器已形成批量销售，公司谐波减速器较同类产品具有更高的传动精度、重复定位精度，产品稳定性更高等优势，其精度指标已经达到国际水平，部分产品在质量性能上可以比肩国际原厂减速器，有望实现进口替代，谢谢关注。",,300503
300503.SZ,昊志机电,20240112,公司管理层跟华为有无合作,"尊敬的投资者,您好，感谢您的关注。",,300503
300503.SZ,昊志机电,20240111,请问该公司有没有飞行汽车零部件的业务？,"尊敬的投资者,您好，公司目前没有飞行汽车零部件的业务，感谢您的关注。",,300503
300503.SZ,昊志机电,20240109,贵公司官网上谐波减速器挑战世界级精度与寿命，国内批量达到世界级产品标准的谐波减速器。是否已研发成功？,尊敬的投资者，您好，经过多年的研究和积累，公司已经拥有完整的、完全自主的谐波减速器的设计、制造和测试技术，可独立减速器产品的研发、制造和销售。目前我司已经先后攻克了齿形设计、凸轮廓设计、齿轮表面处理等关键技术，并形成了14至50型号的减速器，速比涵盖30-160。公司的产品性能方面：精度高出行业标准20%以上，刚性高出行业标准10%以上。同时公司通过不断研究齿轮表面处理技术，使得产品精度寿命不断提升，有效解决了国内产品精度保持性不足的问题。公司谐波减速器已形成批量销售，谢谢关注。,,300503
300503.SZ,昊志机电,20240108,董秘您好，请问贵司何时出年报预报？,尊敬的投资者，您好，公司将严格按照深圳证券交易所的相关法律规定履行信息披露义务，谢谢关注。,,300503
002896.SZ,中大力德,20251203,请问截止到2025年11月30日，公司股东人数是多少？,尊敬的投资者您好！如需查询该时点的股东人数，请提供相关持股证明及身份证件发送至公司邮箱china@zd-motor.com，经公司核实回复，谢谢。,2025-12-08 12:14:33,002896
002896.SZ,中大力德,20251203,请问截止到2025年11月30日，公司股东人数是多少？,尊敬的投资者您好！如需查询该时点的股东人数，请提供相关持股证明及身份证件发送至公司邮箱china@zd-motor.com，经公司核实回复，谢谢。,2025-12-08 12:13:56,002896
002896.SZ,中大力德,20250320,公司生产的供应人形机器人的减速器有没有使用软磁材料,尊敬的投资者您好！目前公司减速器所用的材料包括20CrMnTi、40Cr、40CrNiMoA合金钢等。,2025-03-20 16:13:21,002896
002896.SZ,中大力德,20250312,董秘你好\n\n请问截止2025年2月10日和20日和28日的这3期的股东户数是多少\n\n请问截止2025年3月10日的股东户数是多少\n\n自董秘回复之日，往前推，最近4期的股东户数是多少\n\n董秘你上一次回复时间已经是2024年9月23日\n\n现在已经有几十个投资者提问，你至今2025年3月13日都没回复，是公司停止发工资给董秘了吗？董秘还愿意履行和投资者沟通的职责吗？\n\n\n谢谢董秘回复,尊敬的投资者您好！如需查询该时点的股东人数，请提供相关持股证明及身份证件发送至公司邮箱china@zd-motor.com，经公司核实回复，谢谢。,2025-03-20 15:50:42,002896
002896.SZ,中大力德,20250306,请问截至2月28日收盘公司股东人数是多少，谢谢！,尊敬的投资者您好！如需查询该时点的股东人数，请提供相关持股证明及身份证件发送至公司邮箱china@zd-motor.com，经公司核实回复，谢谢。,2025-03-20 15:48:23,002896
002896.SZ,中大力德,20250301,请问截止2月20日股东收盘公司人数是多少？谢谢！,尊敬的投资者您好！如需查询该时点的股东人数，请提供相关持股证明及身份证件发送至公司邮箱china@zd-motor.com，经公司核实回复，谢谢。,2025-03-20 15:48:48,002896
002896.SZ,中大力德,20240903,董秘您好！请问截止8月31号，公司的股东人数是多少？谢谢,您好，非常感谢您的关注。截止2024年8月30日，公司股东人数为35660，谢谢。,2024-09-20 15:45:31,002896
002896.SZ,中大力德,20240715,请问什么时候能发2024半年报,您好，非常感谢您的关注。公司2024年半年报将于8月27日披露，届时请关注相关公告内容，谢谢。,,002896
002896.SZ,中大力德,20240712,请问截止2024年7月10日公司股东人数是多少？谢谢,您好，非常感谢您的关注。截止2024年7月10日，公司股东人数为33794，谢谢。,,002896
002896.SZ,中大力德,20240621,尊敬的董秘，请问本月中登公司下发的最新股东数是多少？方便时麻烦查下,您好，非常感谢您的关注。截止2024年6月20日，公司股东人数为33770，谢谢。,,002896
002896.SZ,中大力德,20240610,请问截止6月7日盘后公司登记在册的股东人数是多少？谢谢,您好，非常感谢您的关注。截止2024年6月7日，公司股东人数为34009，谢谢。,,002896
002896.SZ,中大力德,20240608,尊敬的董秘，请问本月中登公司下发的最新股东数是多少？方便时麻烦查下,您好，非常感谢您的关注。截止2024年6月7日，公司股东人数为34009，谢谢。,,002896
002896.SZ,中大力德,20240321,尊敬的董秘，请问本月中登公司下发的最新股东数是多少？方便时麻烦查下,您好，非常感谢您的关注。截止3月20日，公司股东人数为46977，谢谢。,,002896
002896.SZ,中大力德,20240321,请问截止3月20日公司股东人数是多少？谢谢,您好，非常感谢您的关注。截止3月20日，公司股东人数为46977，谢谢。,,002896
002896.SZ,中大力德,20240312,请问截止2024年3月8日收盘公司股东人数是多少？谢谢。,您好，非常感谢您的关注。截止2024年3月8日，公司股东人数为34464，谢谢。,,002896
002896.SZ,中大力德,20240302,请问截止2月29号公司的股东人数是多少？谢谢,您好，非常感谢您的关注。截止2月29日，公司股东人数为34330，谢谢。,,002896
002896.SZ,中大力德,20240229,尊敬的董秘，请问本月中登公司下发的最新股东数是多少？方便时麻烦查下,您好，非常感谢您的关注。截止2月29日，公司股东人数为34330，谢谢。,,002896
002896.SZ,中大力德,20240122,请问截至1月19日收盘公司股东人数是多少?,您好，非常感谢您的关注。截至2024年1月19日，公司股东人数为29735，谢谢。,,002896
002896.SZ,中大力德,20240122,董秘你好，请问截止到1.20号，公司的最新股东人数，谢谢,您好，非常感谢您的关注。截至2024年1月19日，公司股东人数为29735，谢谢。,,002896
002896.SZ,中大力德,20240115,请问公司截止2024年1月10日股东人数是从少？,您好，非常感谢您的关注，截止2024年1月10日，公司股东人数为30734，谢谢。,,002896
002896.SZ,中大力德,20240112,董秘你好，请问公司的最新股东人数，谢谢,您好，非常感谢您的关注，截止2024年1月10日，公司股东人数为30734，谢谢。,,002896
002472.SZ,双环传动,20260613,董秘你好，国家推动新能源重卡规模化应用，而新能源重卡电驱齿轮在寿命，扭矩，材料和精度显著高于乘用车，公司在高重载，高扭矩电驱齿轮方面技术储备充足。请问公司在新能源重卡领域的具体布局，主要客户及量产节奏如何？谢谢,尊敬的投资者，您好，公司已在新能源商用车齿轮业务上展开战略布局，目前公司新能源商用车产品的客户主要为卡车领域国内外头部客户。因涉及商业保密条款，公司暂不便披露具体客户及项目信息。感谢关注！,2026-06-16 15:44:19,002472
002472.SZ,双环传动,20260609,已经按照你们的要求，发了邮件，请回复投资者邮箱中关于股东人数的问题，谢谢,尊敬的投资者，您好，邮件已回复，请注意查收。感谢您的关注！,2026-06-09 17:06:27,002472
002472.SZ,双环传动,20260529,请问截止2026.5.29日，公司股东户数是多少？,尊敬的投资者，您好，按照上市公司信息披露相关规定，公司会在定期报告中披露对应报告期末的股东人数，敬请关注公司披露的定期报告。股东如需查询非定期报告时点的股东人数，请通过邮件方式将股东有效身份证明及持股证明文件发送至公司邮箱（shdmb@gearsnet.com），公司核实股东身份后予以回复。感谢您的关注！,2026-06-01 15:44:56,002472
002472.SZ,双环传动,20260526,请董秘告知截止5月26日，持股股东总人数？,尊敬的投资者，您好，按照上市公司信息披露相关规定，公司会在定期报告中披露对应报告期末的股东人数，敬请关注公司披露的定期报告。股东如需查询非定期报告时点的股东人数，请通过邮件方式将股东有效身份证明及持股证明文件发送至公司邮箱（shdmb@gearsnet.com），公司核实股东身份后予以回复。感谢您的关注！,2026-06-01 15:03:48,002472
002472.SZ,双环传动,20260526,请问董秘，截止5月25日，股东总人数多少人？,尊敬的投资者，您好，按照上市公司信息披露相关规定，公司会在定期报告中披露对应报告期末的股东人数，敬请关注公司披露的定期报告。股东如需查询非定期报告时点的股东人数，请通过邮件方式将股东有效身份证明及持股证明文件发送至公司邮箱（shdmb@gearsnet.com），公司核实股东身份后予以回复。感谢您的关注！,2026-06-01 15:02:15,002472
002472.SZ,双环传动,20260403,尊敬的双环传动证券部工作人员：\n您好！\n本人为贵公司A股股东，现申请查询：\n贵公司截至2026年4月1日的股东总人数；\n近期股东人数变化情况。\n本人已按要求提供身份证明及持股证明材料并且发到贵公司邮箱，恳请予以核实并回复。\n谢谢！\n顺祝商祺！\n高先生\n日期：2026年4月3\n,尊敬的投资者，您好，感谢您对公司的关注，稍后公司会与您联系。,2026-04-03 16:46:25,002472
002472.SZ,双环传动,20260402,请问董秘，现在的股东数是多少人？,尊敬的投资者，您好，按照上市公司信息披露相关规定，公司会在定期报告中披露对应报告期末的股东人数，敬请关注公司披露的定期报告。股东如需查询非定期报告时点的股东人数，请通过邮件方式将股东有效身份证明及持股证明文件发送至公司邮箱（shdmb@gearsnet.com），公司核实股东身份后予以回复。感谢您的关注！,2026-04-03 16:50:55,002472
002472.SZ,双环传动,20260323,尊敬的董秘您好！\n想向您咨询两个问题：\n \n1. 公司向宇树科技供应的齿轮减速器相关产品出货量是否位居行业第一？双方在机器人关节减速器领域的供货份额及合作地位如何？\n​\n2. 公司直接及间接持有宇树科技的股份比例分别为多少？对应的持股主体与持股路径请简要介绍。\n \n感谢您的解答！,尊敬的投资者，您好，公司产品、业务拓展、对外股权投资等情况可参考公司在指定的信息披露媒体上发布的公告。感谢您的关注！,2026-03-24 15:25:54,002472
002472.SZ,双环传动,20260309,尊敬的董秘您好：请问截至2026年3月8日，公司股东总户数是多少？较上一披露日期变化如何？感谢回复。,尊敬的投资者，您好，按照上市公司信息披露相关规定，公司会在定期报告中披露对应报告期末的股东人数，敬请关注公司披露的定期报告。股东如需查询非定期报告时点的股东人数，请通过邮件方式将股东有效身份证明及持股证明文件发送至公司邮箱（shdmb@gearsnet.com），公司核实股东身份后予以回复。感谢您的关注！,2026-03-10 16:09:54,002472
002472.SZ,双环传动,20260225,贵公司今年的业务主要核心是放在机器人方面还是放在传统汽车方面，双方的侧重点大概占多少百分比。,尊敬的投资者，您好，公司始终坚持以齿轮技术为核心的多元化产品战略。公司在持续拓展原有的车辆齿轮传动部件业务的基础上，通过多赛道的协同发展，构建覆盖高精密传动、智能执行、重载应用等多元化产品矩阵，增强市场抗风险能力，不断巩固行业地位。感谢关注！,2026-02-27 09:19:00,002472
002472.SZ,双环传动,20260214,机器人业务分拆上市进度如何？预计什么时候完成分拆上市？,尊敬的投资者，您好，相关工作正在推进中，公司将严格按照有关法律法规及信息披露要求及时履行信息披露义务。感谢关注！,2026-02-26 14:01:56,002472
002472.SZ,双环传动,20260210,今年初以来，金属铜等大宗商品价格大涨。请问贵公司能否将原材料（包括不限于铜）涨价成本顺利传导给下游客户承担？若不能顺利传导原材料成本涨价，是否有其他对冲措施？若不能完全对冲原材料涨价成本，对今年的经营情况将会产生多少百分比的影响?,尊敬的投资者，您好，公司生产经营的主要原材料为齿轮加工所需钢材，目前齿轮用特种钢价格总体保持稳定。公司持续通过技术创新、工艺与设备升级、内部运营提效、供应链精细化管理及损耗管控等多种举措，以优化原材料成本。未来若原材料价格出现上涨趋势，公司将视情况开展战略采购以锁定成本；同时，公司与多数客户已签订原材料价格联动机制，将积极与客户沟通协商，并联动上游钢厂共同探索多方共赢的解决方案，努力降低成本波动对经营的影响。感谢您的关注！,2026-02-13 10:14:21,002472
002472.SZ,双环传动,20260201,董秘您好，公司是国产RV减速器市占率龙头，人形机器人谐波减速器已小批量出货并获头部客户订单，2026年规划RV减速器产能50万台，同时布局新能源汽车齿轮赛道。想请教目前人形机器人减速器在头部客户的送样验证、订单落地是否有新进展，50万台RV减速器产能的释放节奏如何，新能源汽车齿轮业务量产交付是否为业绩带来新增量，烦请合规范围内简要说明，感谢！,尊敬的投资者，您好，公司的控股子公司环动科技从事机器人关节高精密减速器的研发、设计、生产和销售，产品包括RV减速器、精密配件及谐波减速器，RV减速器为子公司主要产品，广泛应用于机器人、工业自动化等高端制造领域。关于公司新能源汽车齿轮业务，目前公司正在加快匈牙利基地的产能布局，积极拓展海外新能源汽车齿轮业务市场。此外，近几年来公司持续加大对注塑及复合材料齿轮业务的市场拓展及产能布局，实现公司产品多元化发展。关于公司及各子公司有关业务情况请以公司在指定信息披露媒体发布的正式公告为准。感谢关注！,2026-02-03 15:15:32,002472
002472.SZ,双环传动,20260111,请问公司有球型齿轮研发产品吗？,尊敬的投资者，您好，公司多年来深耕高精密齿轮传动领域，不断加大研发投入，深入开展齿轮传动技术研究，积极探索新产品、新技术，以实现产品创新拓展。感谢关注！,2026-01-13 08:37:50,002472
002472.SZ,双环传动,20260111,尊敬的董秘您好，请问贵公司的高精密齿轮等产品，是否已应用于商业航天领域，谢谢。,尊敬的投资者，您好，公司齿轮产品主要面向车辆的电驱动系统、变速箱、车桥以及电动工具、轨道交通、风电、智能家居、智能出行以及工业机器人等应用领域。未来，公司将紧跟行业发展趋势，不断创新产品结构，积极开发新产品以满足不同行业日益多元化的传动需求，进一步拓宽公司产品的应用场景与市场空间。感谢关注！,2026-01-13 08:36:36,002472
002472.SZ,双环传动,20260109,据相关资料，公司通过浙大联创投资江苏天兵航天科技股份公司，公司是否是其供应商？如是，供应什么产品？,尊敬的投资者，您好，目前公司参股的杭州好奇号股权投资合伙企业（有限合伙）持有江苏天兵航天科技股份有限公司0.74%的股权，投资者可通过网上公开资料了解相关情况。感谢关注！,2026-01-13 08:39:37,002472
002472.SZ,双环传动,20260108,有资料显示公司持股天兵科技公司股权，该公司为火箭卫星发射业务。如没有，是否持股其他航天类公司？,尊敬的投资者，您好，目前公司参股的杭州好奇号股权投资合伙企业（有限合伙）持有江苏天兵航天科技股份有限公司0.74%的股权，投资者可通过网上公开资料了解相关信息。感谢关注！,2026-01-13 08:40:24,002472
002472.SZ,双环传动,20251231,请问贵公司是否已向特斯拉提供产品,尊敬的投资者，您好，公司有关经营信息请参见公司在指定的信息披露媒体上发布的公告。谢谢！,2026-01-13 08:40:54,002472
002472.SZ,双环传动,20251217,请问贵司分拆环动科技上市有新的进展吗？关于这一事项，如果长期没有实质性推动，考虑不分拆吗？,尊敬的投资者，您好，上述相关工作正在推进中，公司将严格按照有关法律法规及信息披露要求及时履行信息披露义务。感谢关注！,2026-01-13 08:42:11,002472
002472.SZ,双环传动,20251215,公司加速器业务量产了哪一些型号？主要应用到什么产业？是否向人形机器人等未来产业供货？,尊敬的投资者，您好，公司的子公司环动科技从事机器人关节高精密减速器业务，产品包括RV减速器、精密配件及谐波减速器，RV减速器为子公司主要产品，广泛应用于机器人、工业自动化等高端制造领域。未来，子公司环动科技仍将以客户需求为导向，专注重点应用领域和战略客户群体，大力开拓高端精密减速器市场。感谢关注！,2026-01-13 08:42:41,002472
002472.SZ,双环传动,20251202,请问截止到2025年11月30日，公司股东人数是多少？,尊敬的投资者，您好，公司股东人数情况请关注公司在定期报告中披露的相关内容。感谢关注！,2026-01-13 08:43:03,002472
002472.SZ,双环传动,20251120,公司有供货给宇树科技?此外，公司持股宇树科技吗？,尊敬的投资者，您好，目前公司没有持股。公司业务情况请以公司在指定信息披露媒体披露的信息为准。感谢关注！,2026-01-21 09:24:35,002472
002472.SZ,双环传动,20251109,公司未来的增量可能是机器人业务，而机器人减速器业务又属于子公司，子公司若拆分上市，是否对母公司财务报表构成影响？,尊敬的投资者，您好，公司产品结构丰富，产品应用领域涵盖车辆、电动工具、轨道交通、风电、智能家居、智能出行以及工业机器人等。目前，公司业务中乘用车齿轮业务是公司业绩贡献最大的板块。多年来，公司深耕高精密齿轮传动领域，不断加大研发投入，深入开展齿轮传动技术研究，积极探索新产品、新技术，以实现产品创新拓展，促进公司持续健康发展。环动科技为公司控股子公司，若上市，公司仍将保持对环动科技的控制权，环动科技仍为公司合并报表范围内的子公司。感谢关注！,2026-01-21 09:30:56,002472
002472.SZ,双环传动,20251029,公司是否参与投资了宇树科技?,尊敬的投资者，您好，目前公司未参与投资。感谢关注！,2026-01-21 09:21:10,002472
002472.SZ,双环传动,20250909,双环传动的子公司环动科技在精密减速器赛道中深耕RV减速器和谐波减速器，具备覆盖3-1000KG负载机器人所需的高精密减速器整体方案。请问公司已经有哪些人形机器人合作客户？,尊敬的投资者，您好，公司的子公司环动科技从事机器人关节高精密减速器的研发、设计、生产和销售，产品包括RV减速器、精密配件及谐波减速器，RV减速器为子公司主要产品，广泛应用于机器人、工业自动化等高端制造领域。未来，子公司环动科技仍将以客户需求为导向，专注重点应用领域和战略客户群体，大力开拓高端精密减速器市场。谢谢！,2025-09-10 16:38:13,002472
002472.SZ,双环传动,20250908,请问公司有什么产品可以用于特斯拉机器人？？未来有什么发展计划？,尊敬的投资者，您好，公司的子公司环动科技从事机器人关节高精密减速器的研发、设计、生产和销售，产品包括RV减速器、精密配件及谐波减速器，RV减速器为子公司主要产品，广泛应用于机器人、工业自动化等高端制造领域。未来，子公司环动科技仍将以客户需求为导向，专注重点应用领域和战略客户群体，大力开拓高端精密减速器市场。谢谢！,2025-09-10 16:38:49,002472
002472.SZ,双环传动,20250905,请问今年股票没有跑赢板块指数，没有跑赢概念指数，没有跑赢大盘指数，对于营收，利润均未出现重大下滑的情况下，公司在市值管理方面采取了何种措施？如何提高交易活跃度？尤其是明显的跟跌不跟涨，请问公司后续将采取哪些措施？,尊敬的投资者，您好，公司将努力做好各项经营管理工作，推动公司高质量发展，努力提升企业价值，与股东分享公司成长和发展的成果。谢谢！,2025-09-10 16:40:08,002472
002472.SZ,双环传动,20250905,公司在人形机器人方面有什么技术储备和发展计划？,尊敬的投资者，您好，公司的子公司环动科技从事机器人关节高精密减速器的研发、设计、生产和销售，产品包括RV减速器、精密配件及谐波减速器，RV减速器为子公司主要产品，广泛应用于机器人、工业自动化等高端制造领域。未来，子公司环动科技仍将以客户需求为导向，专注重点应用领域和战略客户群体，大力开拓高端精密减速器市场。谢谢！,2025-09-10 16:39:22,002472
002472.SZ,双环传动,20250902,请问公司和特斯拉有什么合作关系？有没有下一步合作计划？,尊敬的投资者，您好，公司经营信息请以公司在指定的信息披露媒体上发布的公告为准。谢谢！,2025-09-10 16:40:39,002472
002472.SZ,双环传动,20250408,你好董秘，请问下贵公司在国内的业务和出口美国的业务合占比多少呢。,尊敬的投资者，您好，在公司2024年1至3季度的营收中，从国内出口至美国市场的业务收入占公司总营收的比例大约在2%～3%。谢谢！,2025-04-08 18:07:04,002472
002472.SZ,双环传动,20250408,你好，董秘，贵公司在国内的业务和美国的业务合占比多少呢。请回复谢谢。,尊敬的投资者，您好，在公司2024年1至3季度的营收中，从国内出口至美国市场的业务收入占公司总营收的比例大约在2%～3%。谢谢！,2025-04-08 18:06:40,002472
002472.SZ,双环传动,20250408,请问本次美国关税对公司有多大的影响？公司对美国销售占公司营收多大的比例？,尊敬的投资者，您好，在公司2024年1至3季度的营收中，从国内出口至美国市场的业务收入占公司总营收的比例大约在2%～3%，由于贸易方式的差异，受本次加征关税影响的收入占比会更低。公司与客户之间形成长期良好的合作关系且产品粘性强，公司将积极与客户就关税问题进行协商，总体影响有限。除此之外，公司在匈牙利布局产能以加大对海外其他市场的拓展力度。谢谢！,2025-04-08 18:01:16,002472
002472.SZ,双环传动,20250401,最近美国对汽车加征关税公司有何对策？谢谢！,尊敬的投资者，您好，在公司2024年1至3季度的营收中，从国内出口至美国市场的业务收入占公司总营收的比例大约在2%～3%，由于贸易方式的差异，受本次加征关税影响的收入占比会更低。公司与客户之间形成长期良好的合作关系且产品粘性强，公司将积极与客户就关税问题进行协商，总体影响有限。除此之外，公司在匈牙利布局产能以加大对海外其他市场的拓展力度。谢谢！,2025-04-08 18:00:28,002472
002472.SZ,双环传动,20250116,董秘您好，请问贵公司有没有涉及到人形机器人的业务？和华为，特斯拉没有有业务来往？,尊敬的投资者，您好，公司控股子公司浙江环动机器人关节科技股份有限公司从事机器人关节高精密减速器的研发、设计、生产和销售，产品包括RV减速器、精密配件及谐波减速器。控股子公司坚持以客户需求为导向，专注重点应用领域和战略客户群体，大力开拓高端精密减速器市场。目前，控股子公司已与国内外多家知名机器人厂商建立了良好的长期战略合作关系，控股子公司将会持续紧密关注机器人行业的发展趋势。关于公司产品及客户相关情况，投资者可查阅公司披露的定期报告以及公司官网相关信息。谢谢！,2025-01-23 15:04:51,002472
002472.SZ,双环传动,20250114,请您公司的产品有用在人形机器人上吗？,尊敬的投资者，您好，公司控股子公司浙江环动机器人关节科技股份有限公司从事机器人关节高精密减速器的研发、设计、生产和销售，产品包括RV减速器、精密配件及谐波减速器。控股子公司坚持以客户需求为导向，专注重点应用领域和战略客户群体，大力开拓高端精密减速器市场。目前，控股子公司已与国内外多家知名机器人厂商建立了良好的长期战略合作关系。控股子公司将会持续紧密关注机器人行业的发展趋势。谢谢！,2025-01-15 15:26:04,002472
002472.SZ,双环传动,20250110,请问贵公司成立了机器人相关公司，是主要研发转动和减速器相关机器人产品还是哪方面呢？目前有没有成品和进入客户手中？,尊敬的投资者，您好，公司控股子公司浙江环动机器人关节科技股份有限公司从事机器人关节高精密减速器的研发、设计、生产和销售，产品包括RV减速器、精密配件及谐波减速器。RV减速器为控股子公司的主要产品，广泛应用于机器人、工业自动化等高端制造领域。控股子公司已与国内外多家知名机器人厂商建立了良好的长期战略合作关系。谢谢！,2025-01-13 15:29:15,002472
002472.SZ,双环传动,20240625,请问公司近期是否有回购计划,尊敬的投资者，您好，公司于今年5月刚实施完毕回购股份事宜，并办理完成了相关回购股份的注销手续。目前，公司暂无新的回购股份计划，感谢您的关注。谢谢！,,002472
002472.SZ,双环传动,20240619,请问公司二季度生产经营情况如何，产能是否饱和？ 我建议公司尽早发布上半年业绩指南或者业绩预告等，提振一下持股的信心。,尊敬的投资者，您好，感谢您的关注和建议。公司生产经营正常，具体经营情况将会在2024年半年度报告中予以披露。关于半年度业绩预告，公司将根据有关法律法规的规定结合公司经营业绩预计情况，判断是否需要披露半年度业绩预告，请以公司披露的公告为准。谢谢！,,002472
002472.SZ,双环传动,20240606,董秘好，有几个问题和建议。一、公司今年在机器人这块业务，订单和业务量如何，具体有哪些主要的产品？二、公司完成了回购，希望公司的高管或者董事长也能集体增持，提振大家的信心。,尊敬的投资者，您好，近年来，受益于下游需求释放和应用领域拓展以及一系列产业鼓励政策的颁布和实施，在RV减速器市场，国产品牌国内市场占有率持续提升，国产化进程加速。子公司环动科技专业从事机器人关节高精密减速器的研发、设计、生产和销售，主要产品为RV减速器，主要应用于工业机器人、工业自动化等高端制造领域。根据行业发展情况，环动科技未来将进一步加大在研发创新、生产制造等领域投入，实现高质量发展。感谢您对公司的关注及建议，谢谢！,,002472
002472.SZ,双环传动,20240522,最近国外对我国新能源车提高税收，对公司有何影响？谢谢！,尊敬的投资者，谢谢您的关注，公司也在密切关注国外对我国新能源汽车产业链的税收政策，目前对公司并无直接影响。谢谢！,,002472
002472.SZ,双环传动,20240513,董秘您好，贵司已7个月未回应互动易上的问题了，信息沟通渠道是否畅通？作为“浙江省模范集体”，望公司加强ESG管理和对二级市场及中小投资者关切的回应。,尊敬的投资者，您好，感谢您的关注和建议，后续我们会努力优化工作、提高互动易回复的效率。感谢！,,002472
002472.SZ,双环传动,20240506,董秘您好！时值中匈建交75周年，请问贵公司的匈牙利生产基地建设进展如何？目前公司仅在去年8月9日公告公司已完成匈牙利公司的登记注册手续，并领取了当地行政主管部门签发的注册登记证明文件，2023年年报中未具体描述相关进展，仅强调2024 年公司将确保匈牙利生产基地的建设如期推进，请问实际投资金额（相关部门批准金额）是否达到披露标准，以及按照当前进度，能否按计划于2026年形成一定产能？,尊敬的投资者，您好，目前匈牙利生产基地正处于基建过程中。公司高度重视匈牙利基地建设项目，正在按照规划有序推进各项工作进程，确保匈牙利生产基地能够按照规划形成产能。谢谢！,,002472
002472.SZ,双环传动,20240422,关于rv减速器和谐波减速器，23年的产能和排产情况，已经主要客户和应对场景，24年是否有增产，和新厂的建设，公司对机器人减速器这块的预期是什么样的。谐波减速器是否有客户下单,尊敬的投资者，您好，子公司环动科技生产的RV减速器和谐波减速器，主要应用于工业机器人、工业自动化等高端制造领域。近年来，受益于下游需求释放和应用领域拓展，子公司的机器人减速器业务呈现良好的发展态势。根据行业发展情况，子公司未来将进一步加大在研发创新、生产制造等领域投入，从而实现高质量发展。目前，谐波减速器产品已经在为客户供货。谢谢！,,002472
002472.SZ,双环传动,20240422,公司于22年收购三多乐开展民生齿轮业务，能问下目前主要的产品为哪些，主要客户为哪些，公司对民生齿轮业务的预期是怎么样的，是否有增产等打算。,尊敬的投资者，您好，公司民生齿轮产品覆盖的领域较多，如OA、车载产品、智能家居、智能医疗等领域。公司对民生齿轮板块的未来发展是非常看好的，未来产能规划要根据行业发展、市场拓展等情况而定。谢谢！,,002472
002472.SZ,双环传动,20240326,您好，董秘，请问贵公司产品有配套小米汽车吗？,尊敬的投资者，您好，公司产品及客户情况可详见公司官方网站以及公司披露的年度报告内容。谢谢！,,002472
002050.SZ,三花智控,20260601,去年股价60都在回购，公司现金充足，今年有没有回购计划？\n公司管理层减持什么情况？为什么媒体一直强调公司管理层在减持？\n空调元器件订单比去年同期增长还是减少？\n汽车热管理订单增多还是减少？\n液冷业务增长还是减少？\n机器人执行器有没有收到订单？\n有没有新的项目投资和证券投资计划？\n公司和英伟达，特斯拉，Figure ，三星，华为，宁德时代，小米，波士顿，宇树科技，优必选，智元，越疆，零跑有没有合作。,关于公司经营、对外投资、客户合作等重大事项的信息请以公司于法定信息披露媒体披露的公告为准。谢谢您对公司的关注！,2026-06-09 17:06:35,002050
002050.SZ,三花智控,20260528,高管是不是真的减持了？什么时候减持的？,公司实际控制人、董事及高管的减持已于今年3月底全部实施完毕，详见公司于法定信息披露媒体披露的公告。感谢您对公司的关注！,2026-06-15 16:21:02,002050
002050.SZ,三花智控,20260527,请问三花高管减持多少股比例多少,公司实际控制人、董事及高管的减持已于今年3月底全部实施完毕，详见公司于法定信息披露媒体披露的公告。谢谢您对公司的关注！,2026-06-09 17:07:55,002050
002050.SZ,三花智控,20260526,特斯拉Cybercab采用了Unboxed工艺。请问三花智控是否有针对这一新工艺开发或供应的产品？公司在哪些环节具备适配能力？,感谢您对公司的关注！,2026-05-29 17:29:03,002050
002050.SZ,三花智控,20260526,投资者关注两个产品线的业务情况：1）特斯拉无人驾驶出租车Cybercab，目前是否有三花智控的产品应用？2）特斯拉人形机器人擎天柱（Optimus）V3版本，公司是否为其提供相关零部件？请分别说明。,感谢您对公司的关注！,2026-05-29 17:29:03,002050
002050.SZ,三花智控,20260526,母公司三花控股集团在投资了宇树科技机器人B2轮融资？,三花控股集团未参与宇树科技B2轮融资，感谢您对公司的关注！,2026-05-29 17:27:33,002050
002050.SZ,三花智控,20260522,贵司在未来太空数据中心散热方面有无相关研发项目立项或相关专利购买？,关于公司产品和技术研发等重大事项的信息，请以公司于法定信息披露媒体披露的公告为准。感谢您对公司的关注！,2026-06-15 16:15:32,002050
002050.SZ,三花智控,20260519,董秘您好，公司近期授权的磁性材料及其制备和转子、热管理系统专利，其技术应用场景是否覆盖新能源汽车热管理、人形机器人关节电机以及数据中心液冷设备相关电机领域？后续是否会在上述领域逐步落地应用？,公司始终围绕核心技术持续开展创新研发，具体应用落地将根据客户需求、产品验证进展及市场节奏稳步推进，公司将严格遵循信息披露相关规定，及时履行披露义务。感谢您对公司的关注！,2026-05-22 17:03:33,002050
002050.SZ,三花智控,20260519,请问，公司与鼎智科技有无合作？主要是哪些方面？,公司具体业务合作情况请以公司在指定信息披露媒体披露的信息为准。感谢您对公司的关注！,2026-05-21 16:34:33,002050
002050.SZ,三花智控,20260518,你好董秘，我是贵司的长期忠实八位数股东，请董秘如实回答以下问题：贵司订单是否充足？是否有加班现象？与去年同时期比订单量增加还是减少？今年是否有回购股票计划？未来1-2年有没有新的投资规划（比如电力船艇热管理，卫星热管理研发，太空算力的热管理研发等等）？机器人供应链业务是否产生营收（只告知是或没有即可）？最后预祝董秘岁岁加薪，年年发奖金。,1）公司生产经营有序开展，排产正常。2）公司在回购、投资规划的情况请关注后续披露的定期报告。感谢您对公司的关注！,2026-05-22 20:45:03,002050
002050.SZ,三花智控,20260518,董秘你好， 公司在人形机器人产业方面应该坦诚的向投资交流先进技术？谢谢,感谢您的宝贵建议！,2026-05-22 16:55:03,002050
002050.SZ,三花智控,20260518,董秘你好，泰国投资委员会秘书长那里特斯迪拉素迪2月23日表示，该委员会已批准新剑传动、贝特科技、三花智控、拓普集团、旭升集团集5家中国企业在泰投资设厂，生产人形机器人结构框架及关节、手臂。公司是其中之一。目前进展如何？谢谢,进展情况请关注公司后续于法定信息披露媒体披露的公告。感谢您对公司的关注！,2026-05-21 16:33:03,002050
002050.SZ,三花智控,20260515,董秘你好，我是公司百万级长期重仓股东。若下游机器人客户需求逐步放量，公司相关业务能否快速实现批量供货，有没有产能落地、技术适配的核心阻碍？,公司以客户需求为导向，按项目进度有序推进产能配置等各项工作。感谢您对公司的关注！,2026-05-20 17:03:03,002050
002050.SZ,三花智控,20260514,尊敬的董秘您好！我是贵公司的一名投资者，近期国内外机器人产业发展势头强劲，部分知名机器人于未来几个月进入量产阶段，贵公司作为核心零部件供应商，是否收到国内或北美相关客户的订单？海外工厂产能爬坡进程如何？是否会因订单和产能的协同驱动带来持续的业绩放量？谢谢,对公司经营产生重大影响、达到披露标准且未涉及商业保密的客户合作信息，请查看公司于法定信息披露媒体披露的公告。感谢您对公司的关注！,2026-05-21 16:32:33,002050
002050.SZ,三花智控,20260513,公司的液冷业务收益如何？公司后续有计划在火热的算力相关液冷领域取得进展吗？,液冷领域与我司热泵系统的底层零部件高度重合，例如阀类、泵类、换热器等产品。我司在热管理零部件领域深耕四十余年，已实现规模化量产与技术迭代，可以快速适配数据中心液冷工况需求。目前我司积极拓展液冷领域业务，将持续推进与液冷相关企业的合作。感谢您对公司的关注！,2026-05-15 16:08:03,002050
002050.SZ,三花智控,20260513,请问贵公司在特斯拉Optimus机器人这方面的业务订单是否有预期,感谢您对公司的关注！,2026-05-15 16:07:33,002050
002050.SZ,三花智控,20260513,董秘您好，注意到5月13日至15日特斯拉马斯克先生随同特朗普总统访华。作为特斯拉Optimus旋转执行器的核心一级供应商，市场非常关注此次高层互动是否会加速人形机器人供应链的国产化进程。请问公司近期是否有受邀参与相关商务接洽或产业交流活动？目前公司在手的小批量机器人执行器订单交付是否顺利，与特斯拉就后续更大规模的量产备货是否有进一步的沟通？谢谢！,感谢您对公司的关注！,2026-05-15 16:06:33,002050
002050.SZ,三花智控,20260513,董秘您好，公司作为人形机器人执行器核心供应商，同时布局新能源车热管理、AI 液冷、家电热管理等高景气赛道，近期相关板块均大幅上涨，但公司股价明显滞涨、未能同步体现价值。请问：公司特斯拉机器人执行器当前订单、量产交付、产能爬坡最新进展如何？何时能形成显著业绩贡献？公司基本面、经营、订单、财务是否正常，是否存在应披露未披露事项？公司在业绩释放、提升投资者信心方面有哪些具体安排？谢谢。,对公司经营产生重大影响、达到披露标准且未涉及商业保密的客户合作信息，请查看公司于法定信息披露媒体披露的公告。感谢您对公司的关注！,2026-05-20 17:02:03,002050
002050.SZ,三花智控,20260512,请问贵公司的热管理技术可以相当于液冷使用吗？公司有液冷方面的技术或者产品吗，可以应用于服务器或者数据中心吗,液冷领域与我司热泵系统的底层零部件高度重合，例如阀类、泵类、换热器等产品。我司在热管理零部件领域深耕四十余年，已实现规模化量产与技术迭代，可以快速适配数据中心液冷工况需求。目前我司积极拓展液冷领域业务，将持续推进与液冷相关企业的合作。感谢您对公司的关注！,2026-05-15 16:06:03,002050
002050.SZ,三花智控,20260511,请问公司有没有利用在热管理系统方面的优势，布局商业航天的相信赛道,目前，公司业务暂不涉及商业航天领域。感谢您对公司的关注！,2026-05-18 20:45:03,002050
002050.SZ,三花智控,20260511,请问公司有没有通过航天级别认证的产品？,目前，公司业务暂无通过航天级别认证的产品。感谢您对公司的关注！,2026-05-15 16:05:33,002050
002050.SZ,三花智控,20260510,请问贵公司的热管理系统或配件，可以用于商业航天领域吗？有没有通过的航天级部件认证？,目前，公司业务暂不涉及商业航天领域。感谢您对公司的关注！,2026-05-18 20:45:03,002050
002050.SZ,三花智控,20260508,董秘你好，我是公司百万级长期重仓股东。目前行业各家都在布局机器人热管理，公司在专利储备、先发定点上有没有先行优势，避免后期同质化价格战？,公司热管理零部件产品涵盖电子膨胀阀、四通换向阀、换热器、泵类产品（如Omega泵、电子水泵） 、电子水阀及集成组件等，全面覆盖制冷空调电器和汽车零部件板块。未来，公司将紧跟行业发展趋势，深化“量产一代、设计一代、构思一代”的产品迭代策略，积极拓展热管理技术在新兴领域的应用，进一步巩固公司在全球热管理零部件市场的领先地位。感谢您对公司的关注！,2026-05-22 16:54:33,002050
002050.SZ,三花智控,20260508,董秘你好，我是公司百万级长期重仓股东。人形机器人热管理零部件，单车单台价值量相较传统新能源车热管理是提升还是持平，盈利弹性空间如何？,公司热管理零部件产品涵盖电子膨胀阀、四通换向阀、换热器、泵类产品（如Omega泵、电子水泵） 、电子水阀及集成组件等，全面覆盖制冷空调电器和汽车零部件板块。未来，公司将紧跟行业发展趋势，深化“量产一代、设计一代、构思一代”的产品迭代策略，积极拓展热管理技术在新兴领域的应用，进一步巩固公司在全球热管理零部件市场的领先地位。感谢您对公司的关注！,2026-05-21 16:31:33,002050
002050.SZ,三花智控,20260508,董秘你好，我是公司百万级长期重仓股东。若下游机器人客户需求逐步放量，公司相关业务能否快速实现批量供货，有没有产能落地、技术适配的核心阻碍？,公司以客户需求为导向，按项目进度有序推进产能配置等各项工作。感谢您对公司的关注！,2026-05-15 16:03:32,002050
002050.SZ,三花智控,20260508,董秘你好，我是公司百万级长期重仓股东。公司热管理相关技术、产能，能否实现新能源车与人形机器人业务的双向复用，以此降低投入成本、提升整体盈利效率？,公司深耕精密制造领域多年，具有丰富的生产制造经验和技术积累。公司将持续统筹规划现有资源，优化经营效益。感谢您对公司的关注！,2026-05-15 16:02:32,002050
002050.SZ,三花智控,20260508,董秘你好，我是公司百万级长期重仓股东。从公司内部经营规划来看，未来1-2年，人形机器人相关热管理业务的研发投入力度、产能筹备节奏，是否会持续加大？,公司未来1-2年投入情况请关注后续披露的定期报告。感谢您对公司的关注！,2026-05-20 17:00:04,002050
002050.SZ,三花智控,20260508,董秘你好，我是公司百万级长期重仓股东。想请教人形机器人行业技术快速迭代背景下，公司是否同步在提前布局下一代热管理技术做长期卡位，相关技术研发是否已进入实质推进阶段？,公司热管理零部件产品涵盖电子膨胀阀、四通换向阀、换热器、泵类产品（如电子水泵、Omega泵） 、电子水阀及集成组件等，全面覆盖制冷空调电器和汽车零部件板块。未来，公司将紧跟行业发展趋势，深化“量产一代、设计一代、构思一代”的产品迭代策略，积极拓展热管理技术在新兴领域的应用，进一步巩固公司在全球热管理零部件市场的领先地位。感谢您对公司的关注！,2026-05-20 16:59:33,002050
002050.SZ,三花智控,20260506,请问贵公司热管理产品是否有用于商业航天领域？,目前，公司业务暂不涉及商业航天领域。感谢您对公司的关注！,2026-05-18 20:45:33,002050
002050.SZ,三花智控,20260429,请问贵公司有没有收购特斯拉的想法？在人工智能时代有没有跟上浪潮收购英伟达这种高新技术公司的想法？对于这些国际先进科技公司有没有没披露的持股？,1）目前上市公司暂无收购特斯拉、英伟达的想法。2）据了解，上市公司没有相关公司的未披露持股。感谢您的关注！,2026-05-06 20:45:03,002050
002050.SZ,三花智控,20260425,请问三花智控最新股东人数是多少,公司非定期报告时点的股东人数不属于强制披露范畴，如确需查询，您可持个人或机构有效证件、股东账户卡、持股证明到公司办公地进行查询，或将该等有效证明文件、查询要求及联系方式发至shc@zjshc.com邮箱，我们将在核实您的股东身份信息后尽快回复。感谢您对公司的关注！,2026-04-30 16:34:02,002050
002050.SZ,三花智控,20260416,尊敬的董秘，您好，请问贵司是否有微通道冷板、变相冷板等产品生产，请问贵司是否有介入数据中心液冷服务器相关的业务。,1）据了解，公司有微通道冷板等产品生产；2）公司的部分产品具有一定的同源性，可以使用在液冷服务器业务。目前公司积极拓展液冷服务器领域业务，并持续推进与液冷相关企业的合作。感谢您对公司的关注！,2026-04-27 15:48:32,002050
002050.SZ,三花智控,20260416,请问公司机器人配件开始量产没有？,公司机器人业务进展信息，因涉及商业保密条款，无法对外公开披露。感谢您对公司的关注！,2026-04-29 15:45:03,002050
002050.SZ,三花智控,20260412,请问公司是否与荣耀在人形机器人热管理部件方面存在合作？如有，是否已形成相关业务收入？,对公司经营产生重大影响、达到披露标准且未涉及商业保密的客户合作信息，请查看公司于法定信息披露媒体披露的公告。感谢您对公司的关注！,2026-04-27 15:48:03,002050
002050.SZ,三花智控,20260402,建议公司收购新剑，加大人形机器人布局,感谢您对公司的关注！,2026-04-03 15:01:02,002050
002050.SZ,三花智控,20260330,董秘，您好！请问公司截至3月30日的股东人数是多少？谢谢,公司非定期报告时点的股东人数不属于强制披露范畴，如确需查询，您可持个人或机构有效证件、股东账户卡、持股证明到公司办公地进行查询，或将该等有效证明文件、查询要求及联系方式发至shc@zjshc.com邮箱，我们将在核实您的股东身份信息后尽快回复。感谢您对公司的关注！,2026-04-03 15:14:03,002050
002050.SZ,三花智控,20260327,董秘您好，公司当前面临汽车零部件业务增速阶段性放缓、铜铝等原材料价格上涨以及人民币升值带来的汇兑压力，请问公司针对这三大经营挑战，分别有哪些应对措施与目标规划，如何保障全年盈利稳定性？,1）从中长期发展视角来看，全球主要区域的新能源汽车渗透率仍处于较低水平，随着全球各国环保政策持续推进、新能源基础设施不断完善、消费者绿色出行理念进一步深化，海外市场对新能源汽车的接受度与需求规模有望实现持续提升。 基于对行业发展趋势的理解和自身核心竞争力的坚定信心，公司对全球新能源汽车产业的蓬勃发展始终保持乐观的态度，将积极把握行业发展机遇，实现与产业共成长、同发展。2）公司针对原材料价格波动已构建系统化应对体系，具体举措如下：1、对于以铜为主要原材料的产品，公司实行产品售价与铜价联动机制，在铜价上行阶段亦可实现产品毛利率的略微提升；2、针对小部分未直接与铜价挂钩的产品，公司通过开展套期保值业务有效对冲价格波动风险；3、公司积极推进材料替代方案，采用不锈钢、铝及高分子材料等替代铜及其他原材料，不仅有效平抑大宗商品价格波动带来的成本压力，部分替代材料（如不锈钢）所生产的产品性能也更优；3）公司通过开展外汇套期保值业务有效对冲汇率波动风险。感谢您对公司的关注！,2026-04-03 15:14:32,002050
002050.SZ,三花智控,20260326,根据AVC数据，今年2月行业空调生产计划呈现同比两位数下滑态势，其中国内计划产量同比下降13.8%，出口量同比下降12.7%。这一趋势主要受两方面因素影响：一是国家补贴政策逐步收紧，前期“以旧换新”等刺激政策退坡后，终端需求支撑减弱；二是上游原材料成本持续攀升，作为核心原材料的铜价高位运行，将直接挤压制冷控制元器件的利润空间。在需求疲软与成本刚性双重夹击下，公司如何有效应对挑战。,1）公司通过积极调整产品结构，2025年已实现整体营收的微幅增长。在挑战之中，公司正通过技术创新和效率提升努力适应新的市场环境，全球供应链的重构也促使产业链向更具韧性的方向演进。2）公司针对原材料价格波动已构建系统化应对体系，具体举措如下：1、对于以铜为主要原材料的产品，公司实行产品售价与铜价联动机制，在铜价上行阶段亦可实现产品毛利率的略微提升；2、针对小部分未直接与铜价挂钩的产品，公司通过开展套期保值业务有效对冲价格波动风险；3、公司积极推进材料替代方案，采用不锈钢、铝及高分子材料等替代铜及其他原材料，不仅有效平抑大宗商品价格波动带来的成本压力，部分替代材料（如不锈钢）所生产的产品性能也更优。凭借前瞻性的布局，专注材料替代方面的技术研究与应用，公司整体经营业绩受大宗商品价格波动影响较小。感谢您对公司的关注！,2026-04-03 15:16:33,002050
002050.SZ,三花智控,20260326,您好！请问公司：1）人形机器人业务（含Optimus）的供货份额、单机价值、2026年量产与营收目标；2）家电出口的全球产能/客户布局、海外收入与毛利率规划；3）AI液冷与汽车热管理的最新进展与增长预期。谢谢！,感谢您对公司的关注！,2026-05-20 16:58:03,002050
002050.SZ,三花智控,20260325,有人说贵司已到特斯拉人形机器人订单，有人说还没拿到，请公司给予明确说明？,感谢您的关注！,2026-04-03 15:22:02,002050
002050.SZ,三花智控,20260324,2025年度财务报告公告后，三花智控走势继续弱于大盘，被大量抛售，是因为在机器人相关业务上严重低于预期吗？请问董秘怎么看待？,公司生产经营有序开展，排产正常。感谢您对公司的关注！,2026-04-03 15:22:32,002050
002050.SZ,三花智控,20260323,董秘你好，Optimus（V3）近期卖咖啡市场火热，Optimus（V3）今年量产，明年 100万台，公司哪些部件应用人形机器人？谢谢,公司聚焦多款关键型号产品开展技术改进，并取得了一系列围绕现有产品的创新成果。感谢您对公司的关注！,2026-04-03 15:23:32,002050
002050.SZ,三花智控,20260323,董秘你好，公司在墨西哥和特斯拉代工人形机器人公司占多少股份？谢谢,感谢您的关注！,2026-04-03 15:23:02,002050
002050.SZ,三花智控,20260323,董事长并董秘。公司如何看人形机器人产业？公司如何部局？谢谢,公司聚焦多款关键型号产品开展技术改进，配合客户进行重点产品研发、试制、迭代、送样，获得客户高度评价，并取得了一系列围绕现有产品的创新成果，实现了产品力的整体提升。感谢您对公司的关注！,2026-04-03 15:22:32,002050
002050.SZ,三花智控,20260318,全国人大代表董明珠在全国两会公开建议上市公司高管在任期间不应减持，离职后方可卖出，以体现对企业的信心，该观点广受投资者认同。近期公司股价持续下跌，叠加管理层集中减持，严重挫伤中小股东信心。请问公司如何看待高管在任减持行为？未来是否出台稳定股价、提振信心的具体措施？,董事长减持主要原因为个人资金需求，本次减持资金将继续用于产业投资。其余5位董事或高级管理人员减持股票主要来源于历年积累的股权激励，本次减持资金主要用于孩子教育费用和生活需求。感谢您对公司的关注！,2026-04-08 08:45:03,002050
002050.SZ,三花智控,20260315,你好，公司在AI服务器液冷、数据中心液冷领域的产品布局、客户拓展情况如何？是否已进入英伟达、特斯拉Dojo超算相关供应链？,液冷服务器与我司热泵系统的底层零部件高度重合，例如阀类、泵类、换热器等产品。我司在热管理零部件领域深耕四十余年，已实现规模化量产与技术迭代，可以快速适配液冷服务器工况需求。依托这一优势，我司能够顺利切入液冷服务器市场，充分发挥技术、成本控制等优势。目前我司积极拓展液冷服务器领域业务，将持续推进与液冷相关企业的合作。对公司经营产生重大影响、达到披露标准且未涉及商业保密的客户合作信息，请查看公司于法定信息披露媒体披露的公告。感谢您对公司的关注！,2026-03-18 16:07:03,002050
002050.SZ,三花智控,20260309,请问贵司热力膨胀阀在国内冷库市场的占有率目前有多大？,我司在热管理零部件领域深耕四十余年，已实现规模化量产与技术迭代，公司热力膨胀阀在国内冷库市场市占率领先。感谢您对公司的关注！,2026-03-18 16:08:03,002050
002050.SZ,三花智控,20260304,董秘，我是三花特粉，咱们近期减持跟股票大跌，目前机器人跟特斯拉有确定合作，是否有跟国内其他机器人公司有合作呢，公司在未来机器人的布局上，前景看，希望在这块领域做到什么占比呢？公司的核心优势是什么呢？4,对公司经营产生重大影响、达到披露标准且未涉及商业保密的客户合作信息，请查看公司于法定信息披露媒体披露的公告。感谢您对公司的关注！,2026-04-27 15:47:03,002050
002050.SZ,三花智控,20260304,董秘，我是三花特粉，咱们近期减持跟股票大跌，是不是公司运营问题了呢，公司对未来的信心到底如何,公司生产经营有序开展，一切正常。未来，公司将继续聚焦核心主业，稳步推进生产经营等各项工作，持续深化技术创新与精益生产，进一步增强核心竞争力，推动公司高质量发展。感谢您对公司的关注！,2026-03-18 16:10:03,002050
002050.SZ,三花智控,20260304,尊敬的董秘您好！请问油价持续高位的情况下，您预计电动汽车的渗透率是否会进一步提升？另外，汽车热管理的单车价值，燃油车、纯电车、增程式电车三者分别大约是多少？,未来，我们认为电动汽车的渗透率会进一步提升。公司汽车热管理的单车价值等信息属于商业秘密，无法对外公开披露。感谢您对公司的关注！,2026-03-18 16:09:03,002050
002050.SZ,三花智控,20260304,请问截止2026年3月3日，贵公司股东的详细人数。,公司非定期报告时点的股东人数不属于强制披露范畴，如确需查询，您可持个人或机构有效证件、股东账户卡、持股证明到公司办公地进行查询，或将该等有效证明文件、查询要求及联系方式发至shc@zjshc.com邮箱，我们将在核实您的股东身份信息后尽快回复。感谢您对公司的关注！,2026-03-18 16:08:33,002050
002050.SZ,三花智控,20260304,董秘，我是三花特粉，咱们近期减持跟股票大跌，是不是机器人合作进度延期呢？是否可以出来跟大家反馈下当前的运营情况，未来目标，核心优势，减持想法，让大家增加信心呢？是否可以回复问题呢，感谢,公司生产经营有序开展，一切正常。公司致力于思客户所思，共同成长，为其提供最优质的产品及服务，以最大程度为客户创造价值，获得了客户的广泛认可。未来，将持续以技术创新和客户需求为导向，夯实企业发展根基。同时，本次减持已经结束，不会影响公司长期的经营和发展。感谢您对公司的关注！,2026-04-28 11:45:03,002050
002050.SZ,三花智控,20260304,董秘，我是三花特粉，咱们近期减持跟股票大跌，公司跟特斯拉合作进度是怎么样呢，特别是机器人，占比多少呢?股东集体减持是让大家信心焦虑，是否考虑延期呢？,股价有涨就有跌，二级市场表现受宏观环境、市场情绪、行业情况等多种因素影响，具有不确定性。股东减持主要原因为个人资金需求，不会影响公司长期的经营和发展。感谢您对公司的关注！,2026-04-28 11:45:03,002050
002050.SZ,三花智控,20260304,董秘，我是三花特粉，咱们近期减持跟股票大跌，能介绍下订单情况吗，机器人是否也有订单，进度到底如何呢？,感谢您对公司的关注！,2026-04-03 15:03:32,002050
002050.SZ,三花智控,20260303,尊敬的董秘您好！尊敬的董秘您好！美国和以色列对伊朗发动军事打击，伊朗伊斯兰革命卫队切断霍尔木兹海峡，请问此事件对贵司业务经营是否会产生实质性影响？请及时披露！,公司坚定不移走全球化发展路线，已在波兰、墨西哥、泰国、越南等地均建立了海外生产基地，全球化生产布局已形成。公司一直致力于全球化战略布局，以增强业务抗风险能力。感谢您对公司的关注！,2026-03-18 16:09:33,002050
002050.SZ,三花智控,20260302,请问截止目前的股东人数是多少？,公司非定期报告时点的股东人数不属于强制披露范畴，如确需查询，您可持个人或机构有效证件、股东账户卡、持股证明到公司办公地进行查询，或将该等有效证明文件、查询要求及联系方式发至shc@zjshc.com邮箱，我们将在核实您的股东身份信息后尽快回复。感谢您对公司的关注！,2026-03-04 15:25:33,002050
002050.SZ,三花智控,20260226,请问公司高管集体减持是什么原因，如果是个别人是个人资金需求好理解，但集体减持用这个原因解释就有点牵强了。,董事长减持主要原因为个人资金需求，本次减持资金将继续用于产业投资。其余5位董事或高级管理人员减持股票主要来源于历年积累的股权激励，本次减持资金主要用于孩子教育和生活需求。感谢您对公司的关注！,2026-04-08 08:45:03,002050
002050.SZ,三花智控,20260224,春晚机器人火热，贵公司有没有计划同以上五家机器人公司合作,感谢您对公司的关注！,2026-03-04 15:27:33,002050
002050.SZ,三花智控,20260220,请问三花智控有向宇树机器人供货吗？是否直接或间接持有宇树机器人的股份？,感谢您对公司的关注！,2026-03-04 15:27:03,002050
002050.SZ,三花智控,20260219,公司和追觅科技有股权关系或者业务合作吗？,据了解，三花智控和追觅科技没有股权关系或者业务合作。感谢您对公司的关注！,2026-03-04 15:28:33,002050
002050.SZ,三花智控,20260213,董秘你好，Figute和Optimus（V3）乐聚机器人，智元机器人，未来机器人宇树机器人都是公司大客户。公司面对这么多客户不同型号产品，如何保证客户需求？谢谢,感谢您对公司的关注！,2026-03-04 15:29:33,002050
002050.SZ,三花智控,20260213,你好，贵公司是不是投资了智元机器人，就是智元创新（上海）科技股份有限公司,据了解，三花智控并未投资智元创新（上海）科技股份有限公司，是母公司三花控股集团投资的。感谢您对公司的关注！,2026-03-04 15:28:03,002050
002050.SZ,三花智控,20260213,董秘你好，春晚要形机器人表演展示东方科技实力，这些台上的机器人都有公司产品配套？谢谢,感谢您对公司的关注！,2026-03-04 15:26:33,002050
002050.SZ,三花智控,20260211,尊敬的董秘，贵司董事长率领5位高管“组团减持”，对市场情绪造成直接冲击，并引发主力资金持续流出。我是公司长期投资者，特请教公司当前经营是否正常？公司当前订单饱满度、产能利用率是否延续正常态势？公司与特斯拉人形机器人合作是否正常推进、订单有无重大变化？特斯拉机器人放弃三花供应商地位引发减持，是否属实？,公司生产经营有序开展，订单饱满，一切正常。董事长减持主要原因为个人资金需求，本次减持资金将继续用于产业投资。其余5位董事或高级管理人员减持股票主要来源于历年积累的股权激励，本次减持资金主要用于孩子教育费用和生活需求。感谢您对公司的关注！,2026-02-13 20:45:03,002050
002050.SZ,三花智控,20260208,请问贵司，25年液冷领域的业务发展如何？26年的业务目标如何？,公司的阀、泵、换热器以及相关的组件类产品都可以使用在液冷服务器业务，产品技术具有一定的同源性。目前公司积极拓展液冷服务器领域业务，并持续推进与液冷相关企业的合作。感谢您对公司的关注！,2026-02-12 15:03:03,002050
002050.SZ,三花智控,20260207,董秘你好，第四届云帆数据中心液冷&AI芯片热管理供应链千人会在深圳宝安区机场凯悦酒店落幕。大会聚焦液冷技术及市场发展趋势、AI热管理技术创新、数据中心CDU及液冷组件开发与创新等核心议题，三花作为主要参展企业，都有哪些核心产品联合展示？针对当下算力需求井喷态势下，ai芯片功耗飙升，液冷已成为高密度散热核心解决方案，公司都有哪些核心技术与产品服务于数据中心液冷服务器算力集群？谢谢,1）产品展示包括阀、泵、板式换热器、压力传感器、微通道换热器等各品类部件。2）液冷服务器与我司热泵系统的底层零部件高度重合，例如阀类、泵类、换热器等产品。我司在热管理零部件领域深耕四十余年，已实现规模化量产与技术迭代，可以快速适配液冷服务器工况需求。依托这一优势，我司能够顺利切入液冷服务器市场，充分发挥技术优势。感谢您对公司的关注！,2026-02-12 16:33:03,002050
002050.SZ,三花智控,20260207,公司机器人相关业务核心竞争力体现在哪方面？,感谢您对公司的关注！,2026-04-03 15:02:03,002050
002050.SZ,三花智控,20260206,公司在人形机器人领域与哪些知名具身智能企业有合作？具体都是哪些业务，如实回答，不要美化,感谢您对公司的关注！,2026-04-03 15:02:03,002050
002050.SZ,三花智控,20260130,贵司有没有规划收购法雷奥马勒及电装等公司的计划，请提供具体收购时间计划,目前公司暂无收购法雷奥马勒及电装等公司的计划。感谢您对公司的关注！,2026-02-12 15:04:33,002050
002050.SZ,三花智控,20260130,公司存在向客户指定供应商采购配件，生产加工组装成后销售给客户的业务，配件采购过程中，采购价格等条款由客户指定，该业务过程中，公司确认收入时，是否扣除了相关配件采购成本，按净额法确认销售收入，若未按净额法确认收入，是否会虚增公司营业收入？谢谢！,公司在相关业务核算场景中按照《企业会计准则》要求相应确认，不存在虚增营业收入的情形。感谢您对公司的关注！,2026-02-12 15:04:03,002050
002050.SZ,三花智控,20260126,请问目前股东人数是多少。,公司非定期报告时点的股东人数不属于强制披露范畴，如确需查询，您可持个人或机构有效证件、股东账户卡、持股证明到公司办公地进行查询，或将该等有效证明文件、查询要求及联系方式发至shc@zjshc.com邮箱，我们将在核实您的股东身份信息后尽快回复。感谢您对公司的关注！,2026-01-30 16:12:41,002050
002050.SZ,三花智控,20260126,三花智控这几天跌这么厉害，公司是有什么利空吗,公司生产经营有序开展，一切正常。感谢您对公司的关注！,2026-01-30 16:12:20,002050
002050.SZ,三花智控,20260121,贵公司是否涉及液冷服务器，与英伟达是否有合作,液冷服务器与我司热泵系统的底层零部件高度重合，例如阀类、泵类、换热器等产品。我司在热管理零部件领域深耕四十余年，已实现规模化量产与技术迭代，可以快速适配液冷服务器工况需求。目前我司积极拓展液冷服务器领域业务，将持续推进与液冷相关企业的合作。感谢您对公司的关注！,2026-01-27 16:36:21,002050
002050.SZ,三花智控,20260120,董秘你好：贵公司跟特斯拉机器人，有什么合作？业务订单多少？,感谢您对公司的关注！,2026-04-03 15:01:32,002050
002050.SZ,三花智控,20260116,公司液冷服务器是否和万马科技合作,对公司经营产生重大影响、达到披露标准且未涉及商业保密的客户合作信息，请查看公司于法定信息披露媒体披露的公告。感谢您对公司的关注！,2026-01-27 16:34:53,002050
002050.SZ,三花智控,20260113,您好，请问贵公司机器人业务收入占比情况如何？下一步对机器人领域如何布局和发展？,感谢您对公司的关注！,2026-03-12 11:50:03,002050
002050.SZ,三花智控,20260113,请问三花智控分配方案是怎么样？好久处权日？,具体请见公司2026年1月8日发布的《2025年半年度A股权益分派实施公告》，感谢您对公司的关注！,2026-01-21 08:45:59,002050
002050.SZ,三花智控,20260113,公司会给国内人形机器人公司供货吗？,感谢您对公司的关注！,2026-04-03 15:01:02,002050
002050.SZ,三花智控,20260112,董秘你好，听说贵公司的液冷技术已经进入英伟达供应链是否属实！,目前公司积极拓展液冷服务器领域业务，并持续推进与液冷相关企业的合作。感谢您对公司的关注！,2026-01-21 08:47:30,002050
002050.SZ,三花智控,20260108,机器人通用配件就跟新能源汽车的通用汽配件一样，研究也显示，新能源汽车与机器人的供应链重合度超60%，部分企业甚至达到70%，这也是大堆汽车零配件公司也是机器人零配件公司的原因，机器人通用配件行业跟新能源汽配公司一样，这注定了今后机器人配件公司只会像汽配公司一样，无序低质量竞争最终会压过市场对机器人行业的心存幻想，贵司如何做好准备迎接很可能的机器人配件行业的无序竞争？,公司将遵循市场规则，开展合规经营，持续以技术创新和客户需求为导向，夯实企业发展根基。感谢您对公司的关注！,2026-01-15 16:00:48,002050
002050.SZ,三花智控,20260108,请用几句话对贵公司2025年发展做个总结，也对2026年发展经营做个展望，有哪些发展机遇和公司如何力争为股东投资者创造更大价值?,2025年，公司聚焦核心主业，稳步推进生产经营等各项工作。未来，公司将持续深化技术创新与精益生产，进一步增强核心竞争力，推动公司高质量发展。感谢您对公司的关注！,2026-01-15 16:00:20,002050
002050.SZ,三花智控,20260102,董秘新年好：请问以下消息属实吗？\n据最新的市场信息（2026年1月资讯），三花智控在商业航天领域：\n订单金额： 45亿元人民币。\n 合作方： 中国移动与华为。\n 具体内容： 签订了三方框架协议，从2025年起交付30套6G星载基站。\n业务性质：标志着三花智控正式切入卫星通信核心设备供应领域，不仅仅是零部件，而是整机设备的供应。\n希望您能如实回答，一定不要回答谢谢关注一类的敷衍词汇，谢谢您！,目前，公司业务暂不涉及商业航天领域。感谢您对公司的关注！,2026-01-21 08:46:49,002050
002050.SZ,三花智控,20260101,请问公司和绿的谐波有合作吗？,据了解，有合作，合作进展很慢。感谢您对公司的关注！,2026-01-15 15:59:49,002050
002050.SZ,三花智控,20260101,请问公司和鸣志电器有供应链关系吗？,感谢您对公司的关注！,2026-01-21 08:46:20,002050
002050.SZ,三花智控,20251231,除机器人赛道外，液冷也应该与贵公司热管理技术高度同源，请问贵公司是否已经布局相关产品，是否已经形成相关业务收入？特别是在东方财富网上，没有看到贵公司添加液冷板块的概念。2026年，希望贵公司在机器人和液冷等新的业务版图上突飞猛进，争取马年突破五千亿市值。,液冷服务器与公司热泵系统的底层零部件高度重合，例如阀类、泵类、换热器等产品。公司在热管理零部件领域深耕四十余年，已实现规模化量产与技术迭代，可以快速适配液冷服务器工况需求。依托这一优势，公司能够顺利切入液冷服务器市场，充分发挥技术、成本控制等优势。目前公司积极拓展液冷服务器领域业务，将持续推进与液冷相关企业的合作。感谢您对公司的关注！,2026-01-15 15:59:31,002050
002050.SZ,三花智控,20251230,请问三花智控，贵司机器人业务签署保密协议保密，是否因订单极少且处于产量初期阶段，不便透露？还是因双方合作非常不确定要先保密？两种业务逻辑如何区分理解？根据目前信息国外没有机器人大单需求特此咨询,据我们了解，全球的大型科技公司对供应链都会有非常严格的保密要求，感谢您对公司的关注！,2025-12-31 16:49:49,002050
002050.SZ,三花智控,20251230,近期，国家发改委、财政部印发《关于2026年实施大规模设备更新和消费品以旧换新政策的通知》，请问继续实施以旧换新补贴，对贵司经营有何影响吗？,公司将密切关注政策动向以及发展机遇。感谢您对公司的关注！,2025-12-31 16:46:09,002050
002050.SZ,三花智控,20251228,请问董秘，公司有人形机器人相关业务吗？营收占比是多少？谢谢！,公司机器人业务因涉及商业保密条款，无法对外公开披露。感谢您对公司的关注！,2025-12-31 15:38:48,002050
002050.SZ,三花智控,20251219,您好！我贵公司的小小股东，请问董秘截止到20251218日收盘，贵公司的股东户数是多少户？谢谢您！,公司非定期报告时点的股东人数不属于强制披露范畴，如确需查询，您可持个人或机构有效证件、股东账户卡、持股证明到公司办公地进行查询，或将该等有效证明文件、查询要求及联系方式发至shc@zjshc.com邮箱，我们将在核实您的股东身份信息后尽快回复。感谢您对公司的关注！,2025-12-29 15:15:34,002050
002050.SZ,三花智控,20251218,贵公司在人形机器人领域有哪些布局？,公司机器人业务因涉及商业保密条款，无法对外公开披露。感谢您对公司的关注！,2025-12-29 15:15:16,002050
002050.SZ,三花智控,20251215,尊敬的董秘，您好，请问贵司是否有意向继续增持盾安环境。,据了解，我司从未持有盾安环境股份，亦无增持盾安环境的计划。感谢您对公司的关注！,2025-12-29 15:14:53,002050
002050.SZ,三花智控,20251206,近期特斯拉审厂为何没有三花智控，是被踢出供应链了吗？,感谢您对公司的关注！,2025-12-17 21:06:07,002050
002050.SZ,三花智控,20251204,尊敬的董秘您好:我是公司小股东，请问公司有光伏产品开发和系统建设吗？太阳能光伏板的商用贵公司是否也有？麻烦您帮忙简单介绍一下，感谢！,目前，上市公司业务暂不涉及光伏产品开发和系统建设。感谢您对公司的关注！,2025-12-17 21:05:56,002050
002050.SZ,三花智控,20251203,贵公司近期董秘回复十分敷衍，能否学习拓普的董秘？是因为没有接到订单吗？,公司生产经营有序开展，排产正常。感谢您对公司的关注！,2025-12-17 21:05:40,002050
002050.SZ,三花智控,20251203,董秘您好！我们注意到，近期在深交所互动易平台上，公司对投资者关于机器人业务进展问题的回复，大量使用“感谢您对公司的关注”的格式化语言，并且回复时间超长（20多天才回复），未能遵循《上市公司投资者关系管理工作指引》规定的应“积极”、“主动”、“及时”等要求进行有效沟通。作为股东，我们严重关切：董事会是否认为这种沟通方式有助于维护公司公开、透明的市场形象及全体股东的利益？,公司机器人业务进展信息，因涉及商业保密条款，无法对外公开披露。感谢您对公司的关注！,2025-12-17 21:05:22,002050
002050.SZ,三花智控,20251202,请问贵公司最近股价跌幅严重，是有什么重大利空吗？,公司生产经营有序开展，排产正常。股价有涨就有跌，请您保持投资的平常心。感谢您对公司的关注！,2025-12-17 21:05:06,002050
002050.SZ,三花智控,20251202,请问截止到2025年11月30日，公司股东人数是多少？,公司非定期报告时点的股东人数不属于强制披露范畴，如确需查询，您可持个人或机构有效证件、股东账户卡、持股证明到公司办公地进行查询，或将该等有效证明文件、查询要求及联系方式发至shc@zjshc.com邮箱，我们将在核实您的股东身份信息后尽快回复。感谢您对公司的关注！,2025-12-17 21:04:51,002050
002050.SZ,三花智控,20251201,尊敬的董秘您好，我们了解到贵司在执行器总成方面具有显著优势，特别是在制造过程中可能涉及到高精度金属结构件的生产。请问，在您的生产线中是否有采用伊之密提供的注塑机或压铸设备？期待您的回复，谢谢！,感谢您对公司的关注！,2025-12-17 21:04:40,002050
002050.SZ,三花智控,20251129,每一个时代都是有代表该时代的主流消费品，有著名投资人喜欢投“嘴巴”、有人看好投“AI“，请问，预计2100年我国人口将减少至7亿人左右或以下，汽车消费也可能下降，机器人可能满大街都是，未来怎么面对机器人“不喝酒”的问题？机器人是否能开车？公司产品国际化进一步发展计划怎样？是否直接生产终端机器人产品？,公司坚定不移走全球化发展路线，已在波兰、墨西哥、泰国、越南等地均建立了海外生产基地，美国也有生产工厂，全球化生产布局已形成。公司的具体业务及经营等情况请关注公司的定期报告。感谢您对公司的关注！,2025-12-17 21:04:19,002050
002050.SZ,三花智控,20251129,贵公司与英特尔有合作吗？,对公司经营产生重大影响、达到披露标准且未涉及商业保密的客户合作信息，请查看公司于法定信息披露媒体披露的公告。感谢您对公司的关注！,2025-12-17 21:04:00,002050
002050.SZ,三花智控,20251127,尊敬的董秘，您好，请问贵司是否与美的集团、格力电器、海尔集团开展业务合作。,公司致力于思客户所思，共同成长，为其提供最优质的产品及服务，以最大程度为客户创造价值。在制冷空调电器零部件业务方面，公司与美的、格力、海尔等主要客户合作，获得了客户的广泛认可。感谢您对公司的关注！,2025-12-17 21:03:34,002050
002050.SZ,三花智控,20251127,尊敬的董秘，您好，请问贵司是否与美的集团开展业务合作。,公司致力于思客户所思，共同成长，为其提供最优质的产品及服务，以最大程度为客户创造价值。在制冷空调电器零部件业务方面，公司与美的等主要客户合作，获得了客户的广泛认可。感谢您对公司的关注！,2025-12-17 21:03:08,002050
002050.SZ,三花智控,20251126,尊敬的董秘，您好，请问美的集团是否是贵司的前五大销售客户之一。,因前五大客户信息涉及公司商业机密，故我司不便具体披露。感谢您对公司的关注！,2025-12-17 21:02:48,002050
002050.SZ,三花智控,20251125,董秘您好！贵司在机器人灵巧手、AIDC液冷板上均需轻量化部件。请问是否测试半固态注射成型？若建设新产线，是否会优先选择具备海外服务网络的国产高端设备商（如伊之密）？,感谢您对公司的关注！,2025-12-17 21:01:56,002050
002050.SZ,三花智控,20251124,公司AI服务器液冷阀组需高洁净注塑件。请问是否导入国产全电动注塑机？伊之密设备在重复精度与洁净度控制上是否达到量产标准？,感谢您对公司的关注！,2025-12-17 21:01:44,002050
002050.SZ,三花智控,20251122,"三花智控2025年三季报，重点分析\""管理层讨论与分析\""中关于机器人和液冷业务的表述",感谢您对公司的关注！,2025-12-17 21:01:28,002050
002050.SZ,三花智控,20251122,三花智控公告推送，重点关注11月底至12月可能发布的机器人订单或液冷业务进展公告,公司公告请以公司于法定信息披露媒体披露的公告为准，感谢您对公司的关注！,2025-12-17 21:01:12,002050
002050.SZ,三花智控,20251120,三花的热管理部件大量使用注塑和压铸工艺。据我们调研，伊之密近期在泰国等市场增长迅猛，部分源于地缘政治带来的替代机遇。请问三花在国内外的新增产能中，伊之密设备的采购占比是否有显著提升？相较于日系品牌，国产设备在帮助三花实现‘出海’战略中，在本地化服务、交期保障方面提供了哪些不可替代的价值？这是否构成了三花相较于国际竞争对手的独特供应链优势，值得估值重估？,部分国产设备性价比的确存在优势，且质量可靠，我司也采购了不少国产设备来替代进口设备，感谢您对公司的关注！,2025-12-17 21:00:54,002050
002050.SZ,三花智控,20251120,当前中日关系紧张已影响旅游业，但机械领域是否出现类似替代趋势？贵公司作为注塑机/压铸机大用户，近期采购中是否主动优先伊之密等国产品牌，替代日本机型？请结合具体订单比例变化，说明国产设备在成本或供应链稳定性上的优势。这种策略调整是否正提升贵公司ROE，从而支撑更高PE估值？,部分国产设备性价比的确存在优势，且质量可靠，我司也采购了不少国产设备来替代进口设备，感谢您对公司的关注！,2025-12-17 21:00:33,002050
002050.SZ,三花智控,20251119,人形机器人对轻质高强关节壳体需求迫切，半固态镁合金成形是潜在路径。请问贵司在该工艺路线上的设备选型是否考虑过供应链安全？是否与国内设备商开展技术对接？,感谢您对公司的关注！,2025-12-17 20:57:51,002050
002050.SZ,三花智控,20251119,董秘您好，关注到公司近期在家电技术大会上展示了在AI智能家电和高效热泵领域的最新成果。请问这些在传统业务中积累的精密控温、高效换能技术，如何具体赋能并增强了公司在机器人伺服电机冷却、储能温控等新赛道中的核心竞争力？公司如何看待未来各业务板块之间的技术协同效应？,公司机器人业务进展信息，因涉及商业保密条款，无法对外公开披露。面对储能业务，公司依托在制冷空调领域四十余年积累的技术和精密制造优势，实现阀类、泵类、换热器类等底层零部件在技术同源性和供应链层面的高效复用，充分发挥技术、成本控制等优势。感谢您对公司的关注！,2025-12-17 20:57:32,002050
002050.SZ,三花智控,20251119,董秘您好，近期多家券商研报提及，公司为把握机器人产业机遇，正积极推进在泰国等地的执行器产能建设。公司如何评估这笔前瞻性资本开支对应的未来订单确定性？谢谢您的解答。,公司坚定不移走全球化发展路线，已在波兰、墨西哥、泰国、越南等地均建立了海外生产基地，全球化生产布局已形成，有助于公司更好应对国际贸易摩擦带来的风险。感谢您对公司的关注！,2025-12-17 20:49:35,002050
002050.SZ,三花智控,20251119,董秘您好，关注到公司为把握机器人业务机遇，已在杭州、泰国、墨西哥建设执行器生产基地。请问公司是否可以介绍各生产基地目前的进度、预计完工时间以及初步的产能规划情况？这些产能的落地，是否意味着公司已与客户就产品技术和量产时间表达成了更明确的共识？谢谢！,公司机器人业务进展信息，因涉及商业保密条款，无法对外公开披露。感谢您对公司的关注！,2025-12-17 20:48:46,002050
002050.SZ,三花智控,20251119,请问贵公司是准备进入可控核聚变领域吗？,目前公司业务暂不涉及可控核聚变板块。感谢您对公司的关注！,2025-12-17 20:48:08,002050
002050.SZ,三花智控,20251118,董秘您好，据知特斯拉已启动逐步去中国供应链，请问公司有在墨西哥建分公司吗？谢谢,公司坚定不移地走全球化发展路线。目前我司已在墨西哥、波兰、越南、泰国等地建立了海外生产基地，全球化生产布局已形成，有助于公司更好应对国际贸易摩擦带来的风险。感谢您对公司的关注！,2025-12-01 11:34:16,002050
002050.SZ,三花智控,20251118,董秘，您好，贵公司持有宇树科技2.12的股权，是真的吗？我在企查查没有查到相关记录呢！，请告知，谢谢,据了解，目前我司未持有宇树科技股权，感谢您对公司的关注！,2025-11-30 18:34:58,002050
002050.SZ,三花智控,20251117,董秘你好，公司注册资本发生变更，增资用途是为了发展供电输电业务吗，在工商系统上看到了贵公司经营范围发生了变化增加输电供电这几项？,公司存在光伏发电自用后少量余电可按规定销售给国家电网，为使该余电销售行为在工商登记的经营范围中得到准确体现，故经营范围进行了相应增项，并不是为了发展供电输电业务。感谢您对公司的关注！,2025-12-17 20:47:46,002050
002050.SZ,三花智控,20251112,您好，据相关媒体报道，高盛调研团队对贵司进行了实地调研，请问贵司为何没有按照相关规则披露投资者关系调研报告？贵司哪个部门负责接待高盛调研团队，并对外沟通交流了什么信息，导致股价下跌？,感谢您对公司的关注！,2025-12-17 20:47:18,002050
002050.SZ,三花智控,20251111,请问董秘，对于高盛给予“公司当前的股价已经计入了过于激进的机器人出货量假设，而这在未来12个月内不太可能实现。该行给出的三花智控A股12个月目标价为40.9元人民币，较其报告发布时的股价意味着18.1%的下行空间”的研报，公司认同吗？如果不认同的话，公司潜在价值怎样？请认真回答，认真对待投资者问题，不要用“感谢关注”来敷衍了事。,公司将不断提升经营质量和内在价值，稳健经营，同时积极与投资者保持良好沟通，传递公司价值。感谢您对公司的关注！,2025-12-01 11:33:02,002050
002050.SZ,三花智控,20251105,董秘你好，对于机器人方面的进展，公司一直回复就是已成立专门的机器人事业部，积极配合客户产品研发、试制、迭代并最终实现量产落地，能不能说一下具体的什么产品进展到了哪一步？有没有相关的订单或者已有产品具备了量产落地的条件？最近股价下挫，作为一直支持公司坚定持有公司股票的小散户很希望能听到一点好消息来提振下信心。,感谢您对公司的关注！,2025-11-30 18:36:24,002050
002050.SZ,三花智控,20251104,董秘你好，拓普集团，旭升集团都收到了Figure AI和斯拉人形机器人Optimus近2亿美元的研发经费。准备年各20万部产能公司有没有收到？谢谢,感谢您对公司的关注！,2025-12-01 11:35:23,002050
002050.SZ,三花智控,20251104,请问贵公司当前在机器人领域的业务，是否仅聚焦于供应链环节？是否有推出自有品牌机器人（如以“三花”命名的机器人产品）并直接参与制造与销售的计划？,公司暂无推出自有品牌机器人的计划。感谢您对公司的关注！,2025-12-01 11:35:00,002050
002050.SZ,三花智控,20251104,已知贵公司在热管理领域技术领先，已成功应用于新能源车、储能、机器人等多领域，且能嫁接航天级技术，想了解，公司是否已关注南天门计划，月球、火星基地建设等航天前沿领域的发展机遇？是否有针对性的技术储备或业务布局规划？,公司会积极关注相关领域的发展机遇。感谢您对公司的关注！,2025-12-01 11:33:38,002050
002050.SZ,三花智控,20251104,请问机器人业务有国内客户吗？还是只有特斯拉？,感谢您对公司的关注！,2025-11-30 18:35:39,002050
002050.SZ,三花智控,20251103,墨西哥对自中国进口商品加征关税，对墨西哥工厂是否有影响，如果有，具体是怎样的,公司坚定不移地走全球化发展路线。目前我司已在墨西哥、波兰、越南、泰国等地建立了海外生产基地，全球化生产布局已形成，有助于公司更好应对国际贸易摩擦带来的风险。感谢您对公司的关注！,2025-12-01 11:37:22,002050
002050.SZ,三花智控,20251103,董秘您好：我是公司的长线价值投资的小小股东。\n1、请问贵公司有储能业务吗？如果有的话，请问是在哪一块，产品主要供给哪些厂商？\n2、请问咱们机器人业务现在有订单了吗？\n3、请问公司领导层调高回购增持股票价格，对公司未来的发展和展望信心是什么？\n谢谢您看到一定详细回答，辛苦您！,（1）关于储能业务，公司依托在制冷空调领域四十余年积累的技术和精密制造优势，实现阀类、泵类、换热器类等底层零部件在技术同源性和供应链层面的高效复用，充分发挥技术、成本控制等优势。（2）回购股份方案已在实施中，具体请详见公司披露的相关公告。感谢您对公司的关注！,2025-12-01 11:35:56,002050
002050.SZ,三花智控,20251101,在建工程有哪些？什么时候产生效益？,在建工程请查阅公司已披露的定期报告。感谢您对公司的关注！,2025-12-01 11:36:20,002050
002050.SZ,三花智控,20251031,请问公司制冷空调电器零部件毛利率为什么持续增长,公司通过一系列措施实现了毛利率的稳步提升。首先，公司已采用与客户铜价联动的定价机制以及套期保值的方式，有效对冲了市场原材料价格波动带来的成本风险。其次，公司通过优化销售结构，聚焦高技术含量产品线，增强了盈利能力。此外，公司内部深入开展降本增效活动，通过精益生产、生产流程优化和采购降成等措施，提高了运营效率。这使得公司在保持收入增长的同时，实现了毛利率的进一步提升。感谢您对公司的关注！,2025-12-01 11:36:48,002050
002050.SZ,三花智控,20251031,公司回购价格提升60，现公司股价在50左右徘徊，公司是不是要抓紧回购，一直不回购是不是还会在提升上限？？如果股价超过60是不是要在提升上限？？还是说有意压着股价？？,公司回购股份方案已在实施中。感谢您对公司的关注！,2025-11-30 18:25:01,002050
002050.SZ,三花智控,20251030,根据资讯，公司母公司三花控股集团公司持有宇树科技2.12%股份，是否属实？如持有，财务收入是否能计入公司报表？,据了解，公司母公司三花控股集团公司目前未持有宇树科技股份。感谢您对公司的关注！,2025-12-17 20:46:50,002050
002050.SZ,三花智控,20251029,公司是否参与投资了宇树科技?,感谢您对公司的关注！,2025-10-30 15:24:31,002050
002050.SZ,三花智控,20251028,贵公司三季度业绩何时公布？,目前，我司三季报预约在2025年10月31日披露，感谢您对公司的关注！,2025-10-30 15:25:48,002050
002050.SZ,三花智控,20251027,最新股东人数是多少？,公司非定期报告时点的股东人数不属于强制披露范畴，如确需查询，您可持个人或机构有效证件、股东账户卡、持股证明到公司办公地进行查询，或将该等有效证明文件、查询要求及联系方式发至shc@zjshc.com邮箱，我们将在核实您的股东身份信息后尽快回复。感谢您对公司的关注！,2025-10-30 15:25:38,002050
002050.SZ,三花智控,20251020,公司三季度业绩如何？是否考虑先提前预告？在这关键节点,目前，我司三季报预约在2025年10月31日披露，感谢您对公司的关注！,2025-10-30 15:25:26,002050
002050.SZ,三花智控,20251017,看了智元工业机器人G2的发布会，许多功能具备“变形金刚”机器人初步特征。未来随着技术迭代，请问：\n1、公司未来是否会生产类似“变形机器人、变形汽车、飞行机器人等“的具身智能体？\n2、公司是否与头部机器人合作计划？,公司坚定看好机器人作为AI最大应用场景的发展前景，聚焦机电执行器，并已成立专门的机器人事业部，积极配合客户产品研发、试制、迭代并最终实现量产落地。公司将持续跟随行业的发展脚步，迎接“机器人”时代的到来。感谢您对公司的关注！,2025-10-30 15:25:15,002050
002050.SZ,三花智控,20251015,传闻特斯拉给你们6.85亿美元订单导致今天涨停，传闻是否属实,请以公司2025年10月15日发布的公告为准。感谢您对公司的关注！,2025-10-20 17:01:36,002050
002050.SZ,三花智控,20251015,尊敬的董秘你好，网传贵司已获得了来自特斯拉的50亿元的机器人执行器的订单，该消息是否属实？,请以公司2025年10月15日发布的公告为准。感谢您对公司的关注！,2025-10-20 16:54:28,002050
002050.SZ,三花智控,20251015,截止10.18日，贵公司股东人数是多少,公司非定期报告时点的股东人数不属于强制披露范畴，如确需查询，您可持个人或机构有效证件、股东账户卡、持股证明到公司办公地进行查询，或将该等有效证明文件、查询要求及联系方式发至shc@zjshc.com邮箱，我们将在核实您的股东身份信息后尽快回复。感谢您对公司的关注！,2025-10-20 16:52:03,002050
002050.SZ,三花智控,20251013,请问截止今天（10月13日），有多少股东？,公司非定期报告时点的股东人数不属于强制披露范畴，如确需查询，您可持个人或机构有效证件、股东账户卡、持股证明到公司办公地进行查询，或将该等有效证明文件、查询要求及联系方式发至shc@zjshc.com邮箱，我们将在核实您的股东身份信息后尽快回复。感谢您对公司的关注！,2025-10-20 16:54:57,002050
002050.SZ,三花智控,20251011,尊敬的董秘您好，请问目前公司有没有产品或者业务涉及稀土永磁板块，可控核聚变板块和存储芯片板块,感谢您对公司的关注！,2025-10-30 15:25:01,002050
002050.SZ,三花智控,20251011,公司接到特斯拉的机器人订单了吗,请以公司2025年10月15日发布的公告为准。感谢您对公司的关注！,2025-10-20 16:56:39,002050
002050.SZ,三花智控,20251011,董秘您好！公司此前称公司机器人业务实现 “0-1 突破”，市场传为特斯拉 Optimus 供关节执行器且墨西哥产线将投产。请问：目前执行器是否进入量产爬坡？液冷散热模组是否同步量产？,感谢您对公司的关注！,2025-10-20 16:56:19,002050
002050.SZ,三花智控,20251011,尊敬的董秘您好，请问公司目前机器人业务的国内外合作伙伴有哪些，具体合作的业务和产品有哪些，另外业务受关税影响大吗,我司已对机器人机电执行器方面展开持续研究和产品开发工作。关于关税方面，公司将持续关注相关政策动向，并根据市场变化采用有利的策略应对，降低外部因素对公司业务的潜在影响。同时，公司一直致力于全球化战略布局，以增强业务抗风险能力。感谢您对公司的关注！,2025-10-20 16:55:32,002050
002050.SZ,三花智控,20251002,请问公司和绿的谐波合资的墨西哥工厂现在有正式量产吗,据了解，合作进展很慢，目前未正式量产。感谢您对公司的关注！,2025-10-20 16:57:01,002050
002050.SZ,三花智控,20250929,公司的产品可以应用于储能领域吗？,面对储能业务的发展机遇，公司积极推进热管理零部件产品在新兴领域的布局。依托在制冷空调领域四十余年积累的技术和精密制造优势，实现阀类、泵类、换热器类等底层零部件在技术同源性和供应链层面的高效复用，充分发挥技术、成本控制等优势。感谢您对公司的关注！,2025-10-20 16:57:45,002050
002050.SZ,三花智控,20250929,很多空调拆机视频中，经常会出现贵司产品，而且那些博主意思就是好空调才配的上三花，请问贵司产品在空调市场的占有率是不是最高的，垄断一词用的上吗？,我司深耕热管理零部件领域四十余年，空调电子膨胀阀、四通换向阀、截止阀、电磁阀、微通道换热器等产品市场占有率全球第一，具有深厚技术积累与广泛客户认可，在热管理零部件领域已有先发优势。感谢您对公司的关注！,2025-10-20 16:57:24,002050
002050.SZ,三花智控,20250928,董秘，您好！请问贵公司是特斯拉汽车热管理系统的供应商吗？在特斯拉机器人项目方向有合作吗？,感谢您对公司的关注！,2025-10-20 16:58:31,002050
002050.SZ,三花智控,20250928,请问贵公司给特斯拉供货是用美元结算还是用人民币结算，谢谢,感谢您对公司的关注！,2025-10-20 16:58:03,002050
002050.SZ,三花智控,20250925,在储能业绩整体向上的时刻，公司前期提前布局储能业务，请问营收能成为公司增长的第三极吗？,面对储能业务的发展机遇，公司积极推进热管理零部件产品在新兴领域的布局。公司将密切跟踪储能热管理领域技术发展动向，依托持续领先的产品与技术创新能力，推进储能热管理领域零部件的市场拓展机会以及储能热管理组件开发，不断拓展全球市场版图。感谢您对公司的关注！,2025-10-20 16:59:24,002050
002050.SZ,三花智控,20250924,请问公司是否已经接到特斯拉的机器人订单,请以公司2025年10月15日发布的公告为准。感谢您对公司的关注！,2025-10-20 17:00:33,002050
002050.SZ,三花智控,20250924,请问媒体报道公司与特斯拉签署了3万台订单，什么时候公告？,请以公司2025年10月15日发布的公告为准。感谢您对公司的关注！,2025-10-20 16:59:41,002050
002050.SZ,三花智控,20250917,尊敬的董秘，您好！目前国内的人形机器人行业也在彭博发展，请问贵公司和国内机器人大厂有机器人相关业务合作吗？阿里，华为，小米，小鹏，优必选，智元，宇树等等企业有机器人业务合作吗？或者针对国内的人形机器人做了哪些布局？能简单介绍一下吗？谢谢，期待您的回复。,人工智能是未来发展的方向，我司已对机器人机电执行器方面展开持续研究和产品开发工作。感谢您对公司的关注！,2025-09-28 17:18:15,002050
002050.SZ,三花智控,20250916,请问公司特斯拉公司近期有跟公司接洽吗，是否准备签署大订单，并来访公司,感谢您对公司的关注！,2025-09-28 17:19:40,002050
002050.SZ,三花智控,20250916,媒体报道马斯克要来贵公司审核机器人业务，请问什么时候？,感谢您对公司的关注！,2025-09-28 17:18:37,002050
002050.SZ,三花智控,20250916,公司作为全球热管理龙头，在数据中心液冷冷板和CDU上有没有产能？有没有布局液冷MLCP技术？,公司的阀、泵、换热器以及相关的组件类产品都可以使用在液冷服务器业务，产品技术具有一定的同源性。目前我司积极拓展液冷服务器领域业务，并持续推进与液冷相关企业的合作。感谢您对公司的关注！,2025-09-28 17:18:56,002050
002050.SZ,三花智控,20250916,请问公司是否已经接到特斯拉公司的机器人订单，请及时公告。另外，是否特斯拉公司近期有到访公司的计划,感谢您对公司的关注！,2025-09-28 16:59:47,002050
002050.SZ,三花智控,20250915,英伟达要求供应商开发微通道水冷板技术（mlcp），请问公司有该项技术吗？,我司在热管理零部件领域深耕四十余年，有充足的技术积累。目前我司积极拓展数据中心领域业务。感谢您对公司的关注！,2025-09-28 17:19:17,002050
002050.SZ,三花智控,20250915,董秘您好！请问公司做机电执行器总成，其中的组件包括减速器、控制器、电机、传感器等都是公司自研、自产的吗？还是由合作伙伴提供的？公司有灵巧手的研发和样品投入吗？另外数据中心ai服务器方面公司有液冷产品的相关订单吗？拓普集团也拓展新能源汽车的热管理，并且有15亿液冷大单，希望公司提高危机意识，积极开拓进取，紧抓ai大趋势。谢谢。,1）人工智能是未来发展的方向，我司已对机器人机电执行器方面展开持续研究和产品开发工作。2）公司的阀、泵、换热器以及相关的组件类产品都可以使用在液冷服务器业务，产品技术具有一定的同源性。目前我司积极拓展液冷服务器领域业务，并持续推进与液冷相关企业的合作。感谢您对公司的关注！,2025-09-28 17:20:07,002050
002050.SZ,三花智控,20250913,董秘好，低空经济如火如荼，增长前景广阔，会助推航空电机需求增长，而航空电机再热管理门槛更高，请问公司针对航空电机的业务有开展吗？如暂未开展，希望早日做市场调研，做相关技术储备。,您好，公司会积极关注相关领域的发展机遇，感谢您的宝贵建议！,2025-10-20 17:00:53,002050
002050.SZ,三花智控,20250911,董秘您好：请问贵公司与宁德时代有合作吗？如果有的话具体是哪方面呢？希望您能抽出宝贵时间回答一下，谢谢期待您的回复！,感谢您对公司的关注！,2025-10-30 15:24:48,002050
002050.SZ,三花智控,20250910,市场传闻公司因技术障碍被北美大客户暂停3个月整改是否属实？看公司在8.29日的机构交流会上表示机器人项目推进迭代一切顺利，请公司出面说明下谢谢！,感谢您对公司的关注！,2025-09-28 17:17:43,002050
002050.SZ,三花智控,20250910,请问贵司供货特斯拉机器人相关产品，是否出现暂停？市场谣传是否失实？,感谢您对公司的关注！,2025-09-28 17:17:31,002050
002050.SZ,三花智控,20250909,公司在汽车热管理领域的经验，对其在机器人和液冷市场的发展有哪些积极的促进作用？,1）公司的阀、泵、换热器以及相关的组件类产品都可以使用在液冷服务器业务，产品技术具有一定的同源性。2）人工智能是未来发展的方向。目前公司围绕自己擅长的部分布局机器人零部件业务，从制冷业务到新能源汽车，再向外延展，发展路径清晰。现在进展顺利。感谢您对公司的关注！,2025-09-28 17:14:20,002050
002050.SZ,三花智控,20250909,如何看待机器人市场的巨大潜力，公司在机器人领域的目标市场和客户群体是哪些？,人工智能是未来发展的方向，公司已对机器人机电执行器方面展开持续研究和产品开发工作。感谢您对公司的关注！,2025-09-28 17:12:30,002050
002050.SZ,三花智控,20250909,公司是否有成立机器人事业部？机器人事业部成立后，执行器业务的研发团队规模和专利布局有何新突破？,公司坚定看好机器人作为AI最大应用场景的发展前景，聚焦机电执行器，并已成立专门的机器人事业部，积极配合客户产品研发、试制、迭代并最终实现量产落地。感谢您对公司的关注！,2025-09-28 17:10:13,002050
002050.SZ,三花智控,20250909,公司在人形机器人领域配合客户进行产品研发、试制、迭代、送样的进展情况如何？是否获得了客户的高度评价？是否取得了创新成果？产品力是否整体提升？,公司坚定看好机器人作为AI最大应用场景的发展前景，聚焦机电执行器，并已成立专门的机器人事业部，积极配合客户产品研发、试制、迭代并最终实现量产落地。机器人项目整体推进非常顺利。感谢您对公司的关注！,2025-09-28 17:09:23,002050
002050.SZ,三花智控,20250909,公司在机器人领域的专利储备丰富，如何将这些专利技术转化为实际产品和商业价值，推动机器人业务的快速发展？,人工智能是未来发展的方向，我司已对机器人机电执行器方面展开持续研究和产品开发工作。感谢您对公司的关注！,2025-09-28 17:04:52,002050
002050.SZ,三花智控,20250909,请问截止目前公司股东人数是多少？,公司非定期报告时点的股东人数不属于强制披露范畴，如确需查询，您可持个人或机构有效证件、股东账户卡、持股证明到公司办公地进行查询，或将该等有效证明文件、查询要求及联系方式发至shc@zjshc.com邮箱，我们将在核实您的股东身份信息后尽快回复。感谢您对公司的关注！,2025-09-28 17:17:18,002050
002050.SZ,三花智控,20250909,马斯克的万亿美元薪酬计划中设定了特斯拉交付 2000 万辆汽车的目标，这对三花智控在新能源汽车热管理等相关业务的订单增长有怎样的积极影响？,感谢您对公司的关注！,2025-09-28 17:16:58,002050
002050.SZ,三花智控,20250909,三花智控在机器人领域的技术布局，是否与公司的可持续发展战略相契合，具体体现在哪些方面？,在仿生机器人领域，公司聚焦机电执行器，全方面配合客户产品研发、试制、迭代并最终实现量产落地，迎接“机器代人”时代的到来。感谢您对公司的关注！,2025-09-28 17:16:45,002050
002050.SZ,三花智控,20250909,公司将制冷领域的微通道换热技术应用于电池冷却器，热交换效率提升 20%，成本降低 15%，这种技术迁移未来还可能在哪些领域发挥作用？,微通道换热器具有传热效率高，体积小，冷媒充注低，全铝可回收等优点；现广泛用于家用、商用空调和热泵领域，同时在数据中心液冷领域、储能等需要热管理的领域也已经在应用中。感谢您对公司的关注！,2025-09-28 17:16:01,002050
002050.SZ,三花智控,20250909,与清华大学合作开发的石墨烯导热涂层研发线，目标缩短液冷板热响应时间至3秒以内，预计 2026 年应用于 20C 超快充服务器场景，请问研发进展如何？对公司有何积极影响？,感谢您对公司的关注！,2025-09-28 17:15:35,002050
002050.SZ,三花智控,20250909,公司在机器人和液冷市场的布局，对其品牌形象的提升有哪些积极影响？,公司积极布局新兴市场，发掘潜在发展方向，增强企业竞争力。感谢您对公司的关注！,2025-09-28 17:14:03,002050
002050.SZ,三花智控,20250909,如何看待新能源汽车热管理市场的未来增长趋势，公司有哪些相应的市场拓展策略？,公司将结合市场需求动态、下游应用领域拓展情况，制定相应的拓展策略。 感谢您对公司的关注！,2025-09-28 17:13:48,002050
002050.SZ,三花智控,20250909,储能业务的发展对公司的全球化战略有什么重要意义？,面对储能业务的发展机遇，公司积极推进热管理零部件产品在新兴领域的布局。依托持续领先的产品与技术创新能力，我们将不断拓展全球市场版图。感谢您对公司的关注！,2025-09-28 17:13:26,002050
002050.SZ,三花智控,20250909,三花智控在储能热管理方面有哪些独特的技术和产品？,公司在储能热管理领域聚焦高效节能与智能控制，作为热管理零部件行业的龙头企业，我们将不断拓展全球市场版图，保持持续领先的产品与技术创新能力。感谢您对公司的关注！,2025-09-28 17:13:00,002050
002050.SZ,三花智控,20250909,董秘，你好。请问公司在人行机器人产业链与特斯拉有没有相关合作。,感谢您对公司的关注！,2025-09-28 17:12:09,002050
002050.SZ,三花智控,20250909,针对固态电池热管理复杂度升级，公司研发的 “相变材料 + 双向阀” 方案优势如何？未来如何将该技术拓展至氢燃料电池、钠离子电池等新兴电池类型？,感谢您对公司的关注！,2025-09-28 17:11:54,002050
002050.SZ,三花智控,20250909,在智能微电网领域，公司与国网合作建设的 “源荷网储” 一体化系统（如新昌工业园项目）如何通过分布式能源协同优化，实现园区级能源自给和碳排放降低？,感谢您对公司的关注！,2025-09-28 17:11:22,002050
002050.SZ,三花智控,20250909,三花智控在氢能热管理领域的技术突破（如液氢泵阀通过国家能源集团认证）将如何推动氢能产业链的规模化应用？公司在液氢加注设备、燃料电池热管理系统的研发进展如何？,感谢您对公司的关注！,2025-09-28 17:11:08,002050
002050.SZ,三花智控,20250909,公司与清华大学合作开发的石墨烯导热涂层技术（目标缩短液冷板热响应时间至 3 秒以内）预计 2026 年应用于 20C 超快充服务器场景，这一技术突破对数据中心能效提升和储能电池热管理有何战略意义？,感谢您对公司的关注！,2025-09-28 17:10:49,002050
002050.SZ,三花智控,20250909,针对储能市场的爆发式增长，公司的液冷、风冷、直冷解决方案已应用于宁德时代、阳光电源等头部企业，未来如何进一步深化与储能系统集成商的合作，拓展海外市场份额？,公司将持续密切跟踪储能热管理领域技术发展动向，同步推进储能热管理领域零部件的市场拓展机会以及储能热管理组件开发，积极配合客户完成产品配套。感谢您对公司的关注！,2025-09-28 17:10:32,002050
002050.SZ,三花智控,20250909,华为超聚变、英伟达 GB200 等客户订单密集，公司在服务器液冷领域有哪些技术优势能够吸引这些客户？,公司的阀、泵、换热器以及相关的组件类产品都可以使用在服务器液冷领域，产品技术具有一定的同源性。感谢您对公司的关注！,2025-09-28 17:08:43,002050
002050.SZ,三花智控,20250909,机器人业务作为公司的战略新兴业务，仿生机器人机电执行器已进入量产阶段，请问公司对机器人业务的短期和长期发展目标是什么？,仿生机器人行业目前处于快速发展期，是我国机器人产业的机遇，机器代人的市场前景广阔，确定性高。我司主要聚焦机电执行器，通过自身优势，全方面配合客户产品研发、试制、调整，设计出满足仿生机器人需求的机电执行器产品。感谢您对公司的关注！,2025-09-28 17:08:28,002050
002050.SZ,三花智控,20250909,在储能热管理领域，公司的液冷、风冷、直冷解决方案已经应用于储能电站等场景，未来如何进一步拓展储能热管理市场？,公司将持续密切跟踪储能热管理领域技术发展动向，同步推进储能热管理领域零部件的市场拓展机会以及储能热管理组件开发，积极配合客户完成产品配套。感谢您对公司的关注！,2025-09-28 17:08:09,002050
002050.SZ,三花智控,20250909,三花智控在仿生机器人机电执行器方面的技术优势，是否能够延伸到其他类型的机器人，如工业机器人或医疗机器人，公司对此有何规划？,仿生机器人行业目前处于快速发展期，是我国机器人产业的机遇，机器代人的市场前景广阔，确定性高。我司主要聚焦机电执行器，通过自身优势，全方面配合客户产品研发、试制、调整，设计出满足仿生机器人需求的机电执行器产品。感谢您对公司的关注！,2025-09-28 17:07:48,002050
002050.SZ,三花智控,20250909,在储能热管理领域，公司已经有所布局，未来将如何抓住储能市场快速发展的机遇，扩大在该领域的业务规模？,公司将持续密切跟踪储能热管理领域技术发展动向，同步推进储能热管理领域零部件的市场拓展机会以及储能热管理组件开发，积极配合客户完成产品配套。感谢您对公司的关注！,2025-09-28 17:04:28,002050
002050.SZ,三花智控,20250909,三花智控与绿的谐波合资设立企业，专注于谐波减速器相关产品的研发、生产与销售，这一合作对公司在机器人核心零部件领域的布局有何战略意义？,感谢您对公司的关注！,2025-09-28 17:04:09,002050
002050.SZ,三花智控,20250909,三花智控在电子膨胀阀领域市场占有率全球第一，在机器人的热管理系统中，电子膨胀阀的作用至关重要，公司如何进一步提升电子膨胀阀在机器人领域的性能和可靠性？,感谢您对公司的关注！,2025-09-28 17:03:47,002050
002050.SZ,三花智控,20250909,公司的汽车零部件业务在新能源汽车热管理领域取得了显著成就，随着机器人市场的发展，汽车热管理技术能否移植到机器人领域，具体有哪些成功的案例？,作为热管理零部件领域的龙头企业，我司从制冷业务向外延展至新能源汽车业务，并围绕自己擅长的部分布局机器人零部件业务，发展路径清晰。感谢您对公司的关注！,2025-09-28 17:03:29,002050
002050.SZ,三花智控,20250909,三花智控在机器人领域的未来发展愿景是什么，公司希望通过在机器人领域的布局，为社会和行业带来哪些积极的变化？,人工智能和仿生机器人产业驶入快车道，未来将改变人类生活方式，重塑全球经济结构，人类与机器共生的 AI 时代正加速到来。感谢您对公司的关注！,2025-09-28 17:16:27,002050
002050.SZ,三花智控,20250909,公司在机器人液冷领域的技术优势，是否能够延伸到其他类型的机器人，如工业机器人、医疗机器人等？,人工智能是未来发展的方向，公司已对机器人机电执行器方面展开持续研究和产品开发工作，感谢您对公司的关注！,2025-09-28 17:15:19,002050
002050.SZ,三花智控,20250909,随着机器人市场的快速发展，三花智控如何与产业链上下游企业合作，共同推动机器人行业的发展？,人工智能是未来发展的方向，公司已对机器人机电执行器方面展开持续研究和产品开发工作。感谢您对公司的关注！,2025-09-28 17:14:57,002050
002050.SZ,三花智控,20250905,董秘您好，请问贵公司有固态电池产业链的布局吗？如果有的话具体哪方面呢？请辛苦详细介绍一下！谢谢,根据我司研究，新能源汽车的电池热管理既影响到电池的寿命也影响到汽车的续航里程和安全性，所以电池热管理是必须的，固态电池也一样。未来5-10年，热管理的行业空间足够大，我司会聚焦专注于新能源汽车热管理领域。感谢您对公司的关注！,2025-09-28 17:02:59,002050
002050.SZ,三花智控,20250903,请问与特斯拉合作开发机器人零部件进展如何？是否通过了验证,感谢您对公司的关注！,2025-09-28 17:02:30,002050
002050.SZ,三花智控,20250902,请问：国际贸易摩擦实际对公司影响多大？公司有应对方案吗？谢谢！,公司坚定不移走全球化发展路线，已在波兰、墨西哥、泰国、越南等地均建立了海外生产基地，美国也有生产工厂，全球化生产布局已形成，有助于公司更好应对国际贸易摩擦带来的风险。感谢您对公司的关注！,2025-09-28 17:02:09,002050
002050.SZ,三花智控,20250830,请问贵公司的液冷业务有实际收入了吗？获得上游定点了吗？机器人合作情况如何,目前公司积极拓展服务器液冷领域业务，并持续推进与液冷相关企业的合作。在机器人领域，公司已对机器人机电执行器方面展开持续研究和产品开发工作。感谢您对公司的关注！,2025-09-28 17:01:40,002050
002050.SZ,三花智控,20250829,请问三花作为热管理龙头，目前有布局液冷服务器相关产品吗？,公司的阀、泵、换热器以及相关的组件类产品都可以使用在液冷服务器业务，产品技术具有一定的同源性。目前公司积极拓展液冷服务器领域业务，并持续推进与液冷相关企业的合作。感谢您对公司的关注！,2025-09-28 17:01:13,002050
002050.SZ,三花智控,20250822,请问董秘！公司什么时候出中期报告？,目前，我司半年报预约在2025年8月29日披露，感谢您对公司的关注！,2025-08-27 17:26:09,002050
002050.SZ,三花智控,20250821,请问贵司，2025年8月15日，东方财富网有消息说贵公司获得华为昇腾服务器液冷模组订单超20亿元，情况是否属实？,液冷服务器与我司热泵系统的底层零部件高度重合，例如阀类、泵类、换热器等产品。我司在热管理零部件领域深耕四十余年，已实现规模化量产与技术迭代，可以快速适配液冷服务器工况需求。依托这一优势，我司能够顺利切入液冷服务器市场，充分发挥技术、成本控制等优势。目前我司积极拓展液冷服务器领域业务，将持续推进与液冷相关企业的合作。感谢您对公司的关注！,2025-08-27 17:27:35,002050
002050.SZ,三花智控,20250821,尊敬的董秘您好：请问贵司在液冷服务器领域有哪些布局，是否有相关订单。,液冷服务器与我司热泵系统的底层零部件高度重合，例如阀类、泵类、换热器等产品。我司在热管理零部件领域深耕四十余年，已实现规模化量产与技术迭代，可以快速适配液冷服务器工况需求。依托这一优势，我司能够顺利切入液冷服务器市场，充分发挥技术、成本控制等优势。目前我司积极拓展液冷服务器领域业务，将持续推进与液冷相关企业的合作。感谢您对公司的关注！,2025-08-27 17:26:57,002050
002050.SZ,三花智控,20250818,请问，网上有人分析公司未来三年有600亿定单，请问公司可否确认一下？,作为热管理零部件领域的龙头企业，我司从制冷业务向外延展至新能源汽车业务，并围绕自己擅长的部分布局机器人零部件业务，发展路径清晰。感谢您对公司的关注！,2025-08-27 17:27:57,002050
002050.SZ,三花智控,20250811,公司机器人执行器总成相关的生产线建设情况如何了，是否已建成投产？,我司会根据战略发展规划及市场需求进行产能布局，随着仿生机器人的发展，我司产能也将不断提升。感谢您对公司的关注！,2025-08-27 17:28:17,002050
002050.SZ,三花智控,20250808,请问机器人项目量产了吗,我司已对机器人机电执行器方面展开持续研究和开发工作，已与客户建立合作具备先发优势。感谢您对公司的关注！,2025-08-27 17:28:31,002050
002050.SZ,三花智控,20250807,请问三花智控的半年报大约在几号能够出台？,目前，我司半年报预约在2025年8月29日披露，感谢您对公司的关注！,2025-08-27 17:28:46,002050
002050.SZ,三花智控,20250805,董秘你好，公司目前的人形机器人业务进展如何？和市面上具备推出消费级人形机器人公司是否存在合作？,人工智能是未来发展的方向，我司已对机器人机电执行器方面展开持续研究和产品开发工作。感谢您对公司的关注！,2025-08-27 17:29:08,002050
002050.SZ,三花智控,20250731,有贵司人员接受采访说，不锈钢四通阀性能比纯铜优秀，售价比纯铜的还高，是真的吗？,据了解，不锈钢四通阀相对于纯铜四通阀有三个明显的优势：1.更加节能环保，有效减少高低温流路热交换带来的热损失； 2.可靠性提升，主体具有轻量化，抗振性和耐压强度优势； 3.经济性提升，材料成本低。目前我司在大力推行迭代版本的主导产品，抓住高铜价机遇，凸显钢制阀件比较优势。感谢您对公司的关注！,2025-08-27 17:29:29,002050
002050.SZ,三花智控,20250730,汽零业务目前有多少可用于R290冷媒的产品？是否在R290冷媒方面重点布局？,我司已在R290冷媒方面重点布局。作为热管理零部件领域的龙头企业，我司重点关注冷媒发展情况，凭借深厚的技术积累与强劲的综合实力，能够精准把握发展机遇，抢占市场先机。感谢您对公司的关注！,2025-08-27 17:29:43,002050
002050.SZ,三花智控,20250728,董秘你好，请问公司目前在人形机器人领域有什么布局，公司合目前与新兴的人形机器人公司智元机器人、宇树机器人、优必选等公司是否有合作或投资关系，或者未来是否会在人形机器人领域有深入合作？,人工智能是未来发展的方向，我司已对机器人机电执行器方面展开持续研究和产品开发工作。感谢您对公司的关注！,2025-08-27 17:30:04,002050
002050.SZ,三花智控,20250514,请问贵司目前是属于沪深300指数里的股票吗？,是的。感谢您对公司的关注！,2025-05-30 15:14:12,002050
002050.SZ,三花智控,20250507,请问公司H股上市推进到哪一步了？是否可以披露3月27日管理层NDR相关信息？另外A股投资者是否在H股上市有优先认购权？谢谢。,我司H股项目已获取中国证监会备案通知书，并已经过香港联交所上市聆讯，目前仍在持续推进过程中。请您关注公司公告，公司将按照相关法规规定履行信息披露义务。感谢您对公司的关注！,2025-05-30 15:13:36,002050
002050.SZ,三花智控,20250422,请问贵公司在过去五年内的新产品收入大概多少？以及在上游供应商上一般涉及什么行业？与供应商有搭建什么便利的平台吗？,在过去的5年内，全球新能源汽车行业保持高速增长态势。我司早年发轫汽车热管理领域，具有深厚技术积累与广泛客户认可，顺利从汽车热管理零部件切入子系统、组件，汽车零部件总营收从2019年16.51亿元增长到2024年113.87亿元。同时，人工智能与仿生机器人产业迎来了显著的技术突破与商业化加速。仿生机器人业务方面，我司紧密配合客户，满足客户需求。\n我司上游供应商一般是以铜、铝、不锈钢等原材料加工、机械加工、电子元器件等的制造型企业，目前已为供应商搭建SCM、SRM等信息化平台，实时共享订单交付、库存、对账等信息，提升寻源定价、采购履行的工作效率。感谢您对公司的关注！,2025-05-06 16:37:28,002050
002050.SZ,三花智控,20250421,你好董秘，请问贵公司截止目前最新股东人数是多少？,为保证信息披露公平、公正、公开，公司一般会在定期报告中披露股东人数。若您为公司股东，可持个人或机构有效证件、股东账户卡、持股证明到公司办公地进行查询。或将该等有效证明文件、查询要求及联系方式发至shc@zjshc.com邮箱，我们将在核实您的股东身份信息后尽快回复。感谢您对公司的关注！,2025-05-06 16:36:38,002050
002050.SZ,三花智控,20250409,请问贵公司美国占比多少，贵公司对这次美国加税有什么对策不？请不要回避问题，谢谢,2024年我司出口美国业务占比不到20%，且出口美国的很大一部分订单采用FOB模式，由客户承担关税及运费。公司将通过灵活调整海外基地产能、与客户协商分担关税成本、提升国内销售占比等多种策略进行应对，确保公司业务的稳定发展。感谢您对公司的关注！,2025-04-11 16:41:43,002050
002050.SZ,三花智控,20250408,不知道贵司核心管理层是否清楚你家目前的供应链管理长远来看对贵司造成的严重伤害！1、贵司所有物料进系统招标竞价，这本是常规操作，但贵司竞价过程中不考虑供应商从研发阶段开始的长期配合跟进，直接把相关品类供应商全部拉进来，以价格最低者得，你们有考虑过最低价买回来的产品质量吗？同行都是把最次最差的原料供给贵司。2、贵司现在又要让供应商承担仓储费用，什么配送距离超过10公里的放在贵司外仓，然后付各种费用！,公司建有规范的采购管理制度和质量管理体系，能进入我司生产性物料招标供应商必须是通过公司审核评价，并纳入到公司合格供应体系为前提，价格并非唯一标准。同时，公司与供应商遵从互惠互利、合作共赢原则进行合作。感谢您对公司的关注！,2025-04-11 16:43:45,002050
002050.SZ,三花智控,20250408,请问贵公司出口美国的业务量占总比是多少,2024年我司出口美国业务占比不到20%，且很大一部分订单采用FOB模式，由客户承担关税及运费。公司正在积极与客户进行沟通，共同探讨加征关税应对策略。感谢您对公司的关注！,2025-04-11 16:43:19,002050
002050.SZ,三花智控,20250408,贵公司也为苹果做供应链吗？,我司未参与苹果供应链。感谢您对公司的关注！,2025-04-11 16:42:47,002050
002050.SZ,三花智控,20250406,你好，请问公司国内和国外销售占比多少？关税政策对公司业绩影响大不大？,公司2024年国内和国外销售占比分别为55%和45%。公司坚定不移走全球化发展路线，已在波兰、墨西哥、泰国、越南等地均建立了海外生产基地，美国也有生产工厂，全球化生产布局已形成，有助于公司更好应对加征关税带来的风险。目前关税政策尚存在不确定性，公司将持续关注政策动态，同时将组织相关部门进行研究，评估对公司的影响并采取有利策略应对，确保公司业务的稳定发展。感谢您对公司的关注。,2025-04-11 16:44:10,002050
002050.SZ,三花智控,20250325,您好，请问贵公司和智元机器人有合作吗？,我司与智元机器人目前无合作。感谢您对公司的关注！,2025-03-31 17:15:40,002050
002050.SZ,三花智控,20250314,请问公司用于人形机器人的无框力矩电机需要散热吗？具体是用哪种方式散热？未来随着执行器的升级迭代配备的盘式电机需要半导体制冷技术进行散热吗？,当前无框力矩电机以结构散热为主，未来半导体制冷技术可能在高密度盘式电机中发挥重要作用，但需解决能效和成本问题。散热技术的突破将是人形机器人性能提升的关键路径之一。感谢您对公司的关注！,2025-03-31 17:17:51,002050
002050.SZ,三花智控,20250312,请问贵公司，我上次提问贵公司在北美投资建厂，对美国新关税措施是否有影响，为什么没有回复？,公司已在波兰、墨西哥、泰国、越南等地均建立了海外生产基地，美国也有生产工厂，全球化布局有助于公司更好应对加征关税带来的潜在风险。感谢您对公司的关注！,2025-03-31 17:17:29,002050
002050.SZ,三花智控,20250306,请问公司北美地区收入占比多少，这次美国加征20%的关税对公司影响多大,公司坚定不移地走全球化发展路线，公司海外营收占总营收的一半左右，北美是主要出口地区之一。目前我司已在波兰、墨西哥、泰国、越南等地建立了海外生产基地，美国也有生产工厂，全球化生产布局已形成，有助于公司更好应对加征关税带来的潜在风险。感谢您对公司的关注！,2025-03-31 17:16:50,002050
002050.SZ,三花智控,20250303,请问贵公司在墨西哥投资项目，根据新闻消息，墨西哥在美国施压下将对中国实行贸易制裁，对贵公司有何影响？,公司坚定不移地走全球化发展路线。公司已在波兰、墨西哥、泰国、越南等地均建立了海外生产基地，美国也有生产工厂，全球化生产布局已形成，有助于公司更好应对加征关税带来的潜在风险。感谢您对公司的关注！,2025-03-31 17:16:28,002050
002050.SZ,三花智控,20250226,众所周知，执行器为智能制造和人形机器人领域的关键部件。贵司作为行业内的领先企业，在机器人执行器领域的布局和技术创新尤为引人注目。贵司已进入T链，对未来前景如何展望？,新一轮的科技革命加速，世界主要发达国家将机器人作为抢占科技产业竞争的焦点，我国也十分重视机器人行业的发展。人形机器人行业目前处于快速发展期，是我国机器人产业的机遇，机器代人的市场前景广阔，未来可期。感谢您对公司的关注！,2025-02-27 15:07:15,002050
002050.SZ,三花智控,20250225,有没有提供机电执行器样品给特斯拉,人工智能是未来发展的方向，我司已对机器人机电执行器方面展开持续研究和产品开发工作。感谢您对公司的关注！,2025-02-27 15:11:41,002050
002050.SZ,三花智控,20250219,请问贵公司是否有涉及人形机器人方面的业务？具体是哪个环节的业务，研发，生产，或者说未来的规划是什么？谢谢,人工智能是未来发展的方向，我司已对机器人机电执行器方面展开持续研究和产品开发工作。感谢您对公司的关注！,2025-02-27 15:11:19,002050
002050.SZ,三花智控,20250219,你好，请问截至日前公司回购股份进展如何？,目前公司回购股份方案仍在进行中。感谢您对公司的关注！,2025-02-27 15:10:56,002050
002050.SZ,三花智控,20250215,请问，贵公司与华为有哪些合作,公司与某些特定客户签订了严格的保密协议，感谢您对公司的关注！,2025-02-27 15:10:37,002050
002050.SZ,三花智控,20250210,请介绍一下公司在冷链物流和数据中心这两个产业的业务布局和在手订单情况，谢谢。,公司阀、泵、换热器以及相关的组件类产品都可以使用在冷链物流和数据中心等领域。感谢您对公司的关注！,2025-02-27 15:10:20,002050
002050.SZ,三花智控,20250207,DeepSeek对于各行各业都是一个先进生产力的推动，公司是否基于该事件大力推进该模型在公司相关领域业务的应用？,公司十分重视并持续关注数字化、智能化等创新技术在企业生产、经营、管理等环节的应用，DeepSeek模型应用公司已在测试中，公司将积极探索有利于提升企业经营管理效率的技术方法，增强企业竞争力。感谢您对公司的关注！,2025-02-27 15:09:55,002050
002050.SZ,三花智控,20250207,公司对于当下大热的Deepseek人工智能大模型，有无何应用？或者是否有部署相关探索性业务？,公司十分重视并持续关注数字化、智能化等创新技术在企业生产、经营、管理等环节的应用，DeepSeek模型应用公司已在测试中，公司将积极探索有利于提升企业经营管理效率的技术方法，增强企业竞争力。感谢您对公司的关注！,2025-02-27 15:09:23,002050
002050.SZ,三花智控,20250207,公司是否有液冷服务器相关业务？,公司的阀、泵、换热器以及相关的组件类产品都可以使用在液冷服务器业务。感谢您对公司的关注！,2025-02-27 15:08:48,002050
002050.SZ,三花智控,20250206,您好，董秘，请问公司作为比亚迪热管理的重要供应商，比亚迪2月10日召开的智能化战略发布会，是否有参与。,公司与比亚迪合作紧密，感谢您对公司的关注！,2025-02-27 15:08:27,002050
002050.SZ,三花智控,20250205,公司领导您好！我是本地的市民，一直对空气污染问题很关心。我想知道贵公司在日常生产中，是否有防范空气污染的措施呢？我们居民都渴望生活在一个空气清新的城市里，希望贵公司能在这方面做出积极贡献。,公司严格遵守环境保护法律法规，积极履行环保责任，在生产过程中严格执行国家和地方排放标准。详见公司ESG报告。感谢您对公司的关注！,2025-02-27 15:08:04,002050
002050.SZ,三花智控,20250131,公司储能热管理产品的单台价值多少钱？营业额占比多少？,在储能热管理领域，公司根据客户不同需求提供热管理产品，因产品价格涉及公司商业机密，不便具体披露，感谢您对公司的关注!,2025-02-27 15:07:37,002050
002050.SZ,三花智控,20250126,公司储能热管理相关产品是否供货特斯拉储能工厂？,公司与某些特定客户签订了严格的保密协议，感谢您对公司的关注！,2025-01-31 18:43:44,002050
002050.SZ,三花智控,20250124,董秘，您好，请问贵公司是否有涉及数据中心的制冷产品，,数据中心等领域必然会涉及到温度控制，公司在该等领域已有大量产品应用，公司专注于冷热转换、温度智能控制的环境热管理解决方案开发。感谢您对公司的关注！,2025-01-31 18:46:16,002050
002050.SZ,三花智控,20250118,请问机器人方面有没有和特斯拉达成供应协议,人工智能是未来发展的方向，我司已对机器人机电执行器方面展开持续研究和产品开发工作。感谢您对公司的关注！,2025-01-26 14:58:51,002050
002050.SZ,三花智控,20250116,董秘您好，请问贵公司有没有涉及到人形机器人的业务？和华为，特斯拉有没有业务往来？,人工智能是未来发展的方向，我司已对机器人机电执行器方面展开持续研究和产品开发工作。感谢您对公司的关注！,2025-01-26 15:00:12,002050
002050.SZ,三花智控,20250112,请问贵公司对于机器业务未来的战略规划如何？有哪些客户以及意向客户？,在仿生机器人领域，公司聚焦机电执行器，全方面配合客户产品研发、试制、迭代并最终实现量产落地；同时，同步配合客户量产目标，积极筹划机电执行器海外生产布局，迎接“机器代人”时代的到来。感谢您对公司的关注！,2025-01-26 15:07:28,002050
002050.SZ,三花智控,20250112,请问贵公司最新股东人数为多少？,公司非定期报告时点的股东人数不属于强制披露范畴，如确需查询，您可持个人或机构有效证件、股东账户卡、持股证明到公司办公地进行查询，或将该等有效证明文件、查询要求及联系方式发至shc@zjshc.com邮箱，我们将在核实您的股东身份信息后尽快回复。感谢您对公司的关注！,2025-01-26 14:59:24,002050
002050.SZ,三花智控,20250109,董秘您好，美国将对国外企业增加关税，就三花而言，在美国有自己工厂，增加关税的政策是否会影响公司后期的盈利？,公司已在波兰、墨西哥、泰国、越南等地均建立了海外生产基地，全球化布局有助于公司更好应对加征关税带来的潜在风险。感谢您对公司的关注！,2025-01-26 14:56:28,002050
002050.SZ,三花智控,20250103,特斯拉上海储能工厂已经建设完工并试量产，公司是否有供货特斯拉储能电池？,我司生产储能热管理相关产品，不生产电池，感谢您对公司的关注！,2025-01-26 14:57:58,002050
002050.SZ,三花智控,20241231,尊敬的董秘：请问为什么企业在2021年之前的年报中没有用表格的形式披露“主要研发项目名称；项目目的；项目进展；拟达到的目标；预计对公司未来发展的影响”，而2021年及以后开始用表格的形式进行披露，请问这是证监会或是深交所的要求吗？具有具体的参考文件吗？,2021年及以后披露形式变化是监管部门对上市公司年报披露格式的具体要求，具体请参考《公开发行证券的公司信息披露内容与格式准则第2号—年度报告的内容与格式 （2021 年修订）》。感谢您对公司的关注！,2025-01-26 15:06:57,002050
002050.SZ,三花智控,20241230,请问贵公司现在正在建设机器人这个控制器的这个基地，这边请问您这边建成之后有现成的客户吗,人工智能是未来发展的方向，我司已对机器人展开持续研究和产品开发工作，感谢您对公司的关注！,2024-12-31 18:16:27,002050
002050.SZ,三花智控,20241205,请问董秘，公司有跟特斯拉合作擎天柱人形机器人吗？,作为制造业大国，我们认为中国企业的参与也是大概率事件。感谢您对公司的关注！,2024-12-31 18:16:46,002050
002050.SZ,三花智控,20241127,请问美国对中国商品增收关税，是不是会对海外业务销量和利润产生负面影响？预计对公司业绩影响有多大？,关于美国对中国商品加征关税的情况，公司将持续关注相关政策动向，并根据市场变化采用有利的策略应对，努力降低外部因素对公司业务的潜在影响。同时，公司一直致力于全球化战略布局，以增强业务抗风险能力。感谢您对公司的关注！,2024-11-29 17:34:38,002050
002050.SZ,三花智控,20241126,请问墨西哥政府要求企业用本地制造的零部件取代中国零部件的政策，对三花智控有影响吗？,公司在热管理领域已有四十年的历史，在制冷空调电器零部件和汽车零部件行业有丰富的制造经验，规模化优势已经体现。感谢您对公司的关注！,2024-11-29 17:40:49,002050
002050.SZ,三花智控,20241126,贵公司目前合作的机器人客户有哪些?机器人执行器量产有没有新的进展?,在机器人机电执行器方面，项目正在推进中，公司对此很有信心。感谢您对公司的关注！,2024-11-29 17:41:31,002050
002050.SZ,三花智控,20241126,贵公司计划总投资不低于50亿元。其中：先途电子拟在钱塘区投资建设先途智能变频控制器生产基地项目，该项目的控制器主要面向哪些行业能否详细说明？机器人执行器项目是否已经量产？,先途控制器广泛应用于暖通、空调、冷冻冷藏、储能等控制领域。机器人机电执行器项目正在推进中。感谢您对公司的关注！,2024-11-29 17:41:08,002050
002050.SZ,三花智控,20241123,请问截止到现在贵公司股东人数有多少，比上月增加或减少多少人？,为保证信息披露公平、公正、公开，公司一般会在定期报告中披露股东人数。若您为公司股东，可持个人或机构有效证件、股东账户卡、持股证明到公司办公地进行查询。或将该等有效证明文件、查询要求及联系方式发至shc@zjshc.com邮箱，我们将在核实您的股东身份信息后尽快回复。感谢您对公司的关注！,2024-11-29 17:40:19,002050
002050.SZ,三花智控,20241121,请问董秘，公司有回收本股分计划吗？提升公司股票价值！和公司基本面保持一治！,截至 2024年11月5日，公司本次股份回购实施完成，具体请详见公司披露的相关公告。感谢您对公司的关注！,2024-11-29 17:40:01,002050
002050.SZ,三花智控,20241121,请问贵公司有涉及低空经济产业链吗？,公司专注于冷热转换、温度智能控制的环境热管理解决方案开发，低空经济的飞行器必然会涉及热管理，我司将关注低空经济领域发展态势。感谢您对公司的关注！,2024-11-29 17:39:24,002050
002050.SZ,三花智控,20241120,请问公司机器人执行器研发处于哪个阶段？,人工智能是未来发展的方向，我司已对机器人机电执行器方面展开持续研究和产品开发工作，已与客户建立合作具备先发优势。感谢您对公司的关注！,2024-11-29 17:39:05,002050
002050.SZ,三花智控,20241119,请问出口退税的调整会对公司业绩造成各种影响，对调整公司何应对计划,出口退税的调整会对公司的出口（原材料部分）产生一定的影响，公司的产品具有市场竞争力，拥有一定的议价权。感谢您对公司的关注！,2024-11-29 17:37:47,002050
002050.SZ,三花智控,20241119,"您好,请问公司投资机器人执行器研发生产基地的项目进展如何?",未来产业中心项目正在推进中，感谢您对公司的关注！,2024-11-29 17:38:08,002050
002050.SZ,三花智控,20241117,请问公司建钱塘机器人工厂预计什么时候建成投入使用？有没有研发医疗机器人方面的打算？谢谢！,未来产业中心项目正在推进中。人工智能是未来发展的方向，我司已对机器人机电执行器方面展开持续研究和产品开发工作，感谢您对公司的关注！,2024-11-29 17:37:14,002050
002050.SZ,三花智控,20241101,请问贵公司有涉及低空经济产业链吗？,公司专注于冷热转换、温度智能控制的环境热管理解决方案开发，低空经济的飞行器必然会涉及热管理，我司将关注低空经济领域发展态势。感谢您对公司的关注！,2024-11-29 17:36:11,002050
002050.SZ,三花智控,20241031,请问贵公司与华为有合作吗？,公司与某些特定客户签订了严格的保密协议，感谢您对公司的关注！,2024-11-29 17:35:31,002050
002050.SZ,三花智控,20241015,请问三花智控：本次回购价格上限根据已公告内容，大幅向下调整，发生了什么情况？是否跟经营业绩有关才会把一家公司回购的价格向下调整？本次回购价格调整是否经过股东表决确定？还是根据经营情况直接调整所得？,主要是因为实施了2024年半年度权益分派方案，感谢您对三花的关注！,2024-10-30 15:27:44,002050
002050.SZ,三花智控,20240922,今年新能源车自燃事件不少，据说与热管理系统长期存在微量泄漏有关，请问贵司是否会考虑采用市场最新出现的一些专利技术（比如：Basiher智能封堵器）确保热管理系统关键零部件品质，从而有效降低自燃率？,目前没有科学证据表明新能源汽车自燃与热管理系统的微泄漏有关。公司始终高度关注产品的技术研发，以开放的态度积极评估市场上前沿的专利技术，应用有效的技术方案，持续提升产品品质。感谢您对公司的关注！,2024-09-30 15:31:39,002050
002050.SZ,三花智控,20240915,你好 天眼查里有两个四川省成都市中级人民法院的浙江盾安人工环境公司浙江三花智能控制公司四川苏宁易购销售公司的诉讼 是什么情况 对公司有影响么,这是我司起诉的两个专利侵权诉讼案件，我司将依法主张自身合法权益。感谢您对公司的关注！,2024-09-30 15:29:28,002050
002050.SZ,三花智控,20240906,请问公司参与投资智元机器人占股多少？有为该公司提供零部件吗,据了解，三花智控未参与投资智元机器人。感谢您对公司的关注！,2024-09-30 15:30:30,002050
002050.SZ,三花智控,20240819,贵公司在墨西哥有生产线吗？,公司坚定不移地走全球化发展路线。目前我司已在美国、墨西哥、波兰、越南、泰国、印度等地建立了海外生产基地。感谢您对公司的关注！,,002050
002050.SZ,三花智控,20240812,GDR预计何时发行完成？,GDR项目仍在持续推进过程中，请您关注公司公告，公司将按照相关法规规定履行信息披露义务。感谢您对公司的关注！,,002050
002050.SZ,三花智控,20240725,北向资金为什么持续净流出？是公司有影响经营的重大事情没有公布吗？,公司生产经营正常，不存在应披露而未披露的重大事项。感谢您对公司的关注！,,002050
002050.SZ,三花智控,20240722,请问公司汽车零部件业务的出口占比多少？以及销往北美的占比？谢谢！,汽车零部件业务海外营收占汽零总营收的近一半，北美是主要出口地区之一。感谢您对公司的关注！,,002050
002050.SZ,三花智控,20240717,您好，我想问一下，贵公司的出口经营业务主要是哪些？是包含了目前公司的主营业务吗？在当前人名币持续贬值的情况下，对公司的出口营业收入是否存较大的影响,公司出口业务主要包括制冷空调零部件业务和汽车零部件业务，均为主营业务。人民币贬值对公司汇兑收益有正向影响。感谢您对公司的关注！,,002050
002050.SZ,三花智控,20240708,今年高温天气比往年减少，降雨较多，消费需求减弱，行业库存较充足，根据奥维云网最新数据显示，今年6月和7月国内家用空调企业内销排产分别同比下滑10.0%和12.5%。请问这对贵司相关产品营收是否有影响？影响多大？,公司排产正常，预计家用制冷业务全年营收同比增长。感谢您对公司的关注！,,002050
002050.SZ,三花智控,20240708,董秘，三花从高位跌下来己跌掉30％，三花作为一家优绩的上市企业，好的企业应该有社会担当，外资汇丰连续减持，请问公司经营情况是否正常？订单是否满足生产？是否有回购注销的打算？市值是否合理？,"公司生产经营有序开展，排产正常。目前公司回购股份方案已在实施中，截至2024年6月30日，公司已回购股份1,396万余股，成交总金额约为31,992万元。未来公司将持续提升盈利能力及核心竞争力，为市值的稳定增长奠定坚实基础。感谢您对公司的关注！",,002050
002050.SZ,三花智控,20240706,贵公司2021年销售毛利为何骤降？另外流动比率速动比率为何下降，发展了什么业务,2021年销售毛利下降主要系受全球环境影响，大宗原材料、海运费等上涨，人民币汇率升值。流动比率及速动比率下降主要系部分长期借款转至一年内到期的非流动负债。感谢您对公司的关注！,,002050
002050.SZ,三花智控,20240704,"你好董秘,请问这段时间三花智控的深股通香港汇丰连续大额减持的情况公司是否有注意到?是发生什么情况了吗公司是否有应对的措施?谢谢","公司生产经营有序开展，排产正常。另外，公司回购股份方案已在实施中，截至2024年6月30日，公司已回购股份1,396万余股，成交总金额约为31,992万元。感谢您对公司的关注！",,002050
002050.SZ,三花智控,20240704,董秘您好！贵公司是做汽车热泵空调的吗？客户都有哪些？市场占比多少？,公司汽车热管理产品主要应用在新能源汽车的电池及电子热管理、电驱热管理、座舱热管理等，主要客户有丰田、大众、Stellantis、奔驰、宝马、沃尔沃、本田、现代、通用、福特、比亚迪、吉利、蔚来、小鹏、理想、广汽新能源和上汽等。如车用电子膨胀阀、新能源车热管理集成组件等产品市场占有率全球第一。感谢您对公司的关注！,,002050
002050.SZ,三花智控,20240703,您好，请问贵公司是否给特斯拉电车提供热管理配件！是一级供货商吗？,公司与某些特定客户签订了严格的保密协议，感谢您对公司的关注！,,002050
002050.SZ,三花智控,20240702,您好！请问贵公司2024年一季度经营活动现金流出同比大幅增加，经营活动现金净额同比大幅降低，这是什么原因影响？,主要系支付职工薪酬和支付税费同比增长较快。感谢您对公司的关注！,,002050
002050.SZ,三花智控,20240628,近期贵公司股价暴跌，投资者损失惨重，通过北向资金发现，汇丰银行近期大量抛售贵公司股票，请问贵公司是否有回购股票等措施增加投资者信心的计划？,"股价有涨就有跌，请您保持投资的平常心。公司回购股份方案已在实施中，截至2024年6月30日，公司已回购股份1,396万余股，成交总金额约为31,992万元。感谢您对公司的关注！",,002050
002050.SZ,三花智控,20240628,您好，贵司的智能机器人项目是客户特斯拉新能源汽车相关的吗？谢谢,人工智能是未来发展的方向。目前公司围绕自己擅长的部分布局机器人零部件业务。感谢您对公司的关注！,,002050
002050.SZ,三花智控,20240628,"1.2024年7月1日的解限的股票，是否对股票售出有价格的限制？
2.公司6月召开临时股东会，其中对于公司回购股票并注销的投票，结论是什么，请问何时公布？",1.解限的股票，对股票售出没有价格的限制。2.公司6月20日召开的2024年第二次临时股东大会已投票通过了《关于注销部分限制性股票的议案》，具体请详见公司6月21日披露的《2024年第二次临时股东大会决议公告》。感谢您对公司的关注！,,002050
002050.SZ,三花智控,20240624,公司近期经营订单情况如何？排产情况如何？麻烦回答！！！切实保护投资者利益！,公司生产经营有序开展，排产正常。感谢您对公司的关注！,,002050
002050.SZ,三花智控,20240614,领导好，机房液冷设备建设火热，公司有没有相关的产品或者技术储备？,公司专注于冷热转换、温度智能控制的环境热管理解决方案开发。目前公司在该领域已有大量产品应用。感谢您对公司的关注！,,002050
002050.SZ,三花智控,20240614,胡总，昨天晚上特斯拉开完机器人大会之后，三花盘中大跌7%，请问机器人项目是否出现问题？目前进展如何。定点事项是否出现不利因素呢？,人工智能是未来发展的方向。目前公司围绕自己擅长的部分布局机器人零部件业务，从制冷业务到新能源汽车，再向外延展，发展路径清晰。现在进展顺利。感谢您对公司的关注！,,002050
002050.SZ,三花智控,20240611,董秘你好，24年一季报主营业务利润同比大幅增长。根据碧湾APP分析，2024年一季度主营业务利润为8.64亿元，去年同期为6.61亿元，同比大幅增长30.82%的原因是毛利率本期为27.05%，同比小幅增长1.48%。请问毛利率小幅增长的原因是什么？,主要系汇率升值、产品结构优化、规模效应显现、管理效率提升等因素带动毛利率增长。感谢您对公司的关注！,,002050
002050.SZ,三花智控,20240606,你们转融通了多少,根据公司2024年一季度报告，公司持股5%以上股东、前10名股东及前10名无限售流通股股东截至2024年3月31日转融通业务出借股份数量共计5.56万股。感谢您对公司的关注！,,002050
002050.SZ,三花智控,20240515,你好！公司产品是否有出海业务！主要有哪些,公司制冷空调电器零部件业务和汽车零部件业务的客户都是全球化的，目前我司客户遍布欧洲、美洲、亚洲等全球各地。公司已在美国、墨西哥、波兰、越南、泰国等地建立了海外生产基地，全球化生产和供应布局已形成。感谢您对公司的关注！,,002050
002050.SZ,三花智控,20240509,国家的家电以旧换新政策是不是对公司的发展是一个政策利好？,今年国家层面多次提及消费品以旧换新，并出台方案政策。随着多地新政策落地，将有效刺激家电市场的换新需求，同时促进上游制冷空调零部件业务的发展。感谢您对公司的关注！,,002050
002050.SZ,三花智控,20240508,请问公司汽车主要供应那些品牌，能否告知,我司汽车零部件业务主要客户有丰田、大众、Stellantis、奔驰、宝马、沃尔沃、本田、现代、通用、福特、比亚迪、吉利、蔚来、小鹏、理想、广汽新能源和上汽等。感谢您对公司的关注！,,002050
002050.SZ,三花智控,20240508,请问公司今年家用及商用空调业务有无新的增长，,今年国家层面多次提及消费品以旧换新，并出台方案政策。随着多地新政策落地，将有效刺激家电市场的换新需求，同时促进上游制冷空调零部件业务的发展。感谢您对公司的关注！,,002050
002050.SZ,三花智控,20240506,特斯拉机器人渐行渐近，请问公司年初投资的机器人项目进展是否符合预期？今年机器人业务能否有实际产出？,人工智能是未来发展的方向。感谢您对公司的关注！,,002050
002050.SZ,三花智控,20240506,具体什么日期进行现金派股？,具体利润分配实施时间请您留意公司后续披露的权益分派实施公告。感谢您对公司的关注！,,002050
002050.SZ,三花智控,20240429,请问贵公司什么时候披露年报，29号都没有披露，是不是业绩下滑？,公司2023年年度报告已于2024年4月30日披露。感谢您对公司的关注！,,002050
002050.SZ,三花智控,20240426,对于即将兴起的低空经济，公司是否察觉到，低空经济快速，便捷，公司的产品有用于客机，大型无人机领域吗,公司专注于冷热转换、温度智能控制的环境热管理解决方案开发，低空经济的飞行器必然会涉及热管理，我司将关注低空经济领域发展态势。感谢您对公司的关注！,,002050
002050.SZ,三花智控,20240424,你好董秘，请问飞行汽车、直升机等低空经济商品是否需要热管理？,公司专注于冷热转换、温度智能控制的环境热管理解决方案开发，低空经济的飞行器必然会涉及热管理。感谢您对公司的关注！,,002050
002050.SZ,三花智控,20240424,请问，贵公司的产品使用在新能源汽车上，一辆车使用的价值是多少？,产品单车配套的数量因车型不同存在差异，无法统一测算。感谢您对公司的关注！,,002050
002050.SZ,三花智控,20240420,"您好,近期低空经济飞行汽车受政策扶持力度较大,公司产品广泛运用于汽车行业,请问有飞行汽车厂商使用公司产品吗?",公司专注于冷热转换、温度智能控制的环境热管理解决方案开发，低空经济的飞行器必然会涉及热管理，我司将关注低空经济领域发展态势。目前没有向飞行汽车公司供货。感谢您对公司的关注！,,002050
002050.SZ,三花智控,20240420,请问公司2024年完成回购了吗？,目前该回购方案仍在进行中，具体请详见公司披露的相关公告。感谢您对公司的关注！,,002050
002050.SZ,三花智控,20240419,网传贵司业绩不及预期，2023年年末及2024年1季度业绩大幅下降，请问是否属实？,请您届时关注公司后续披露的2023年年报及2024年一季报。感谢您对公司的关注！,,002050
002050.SZ,三花智控,20240419,请问公司特斯拉占比多少汽零业务？为何如此跌势？公司储能业务何时能贡献利润和收入。特斯拉的上海储能工厂公司有无做相关热管理配套,公司与某些特定客户签订了严格的保密协议，感谢您对公司的关注！,,002050
002050.SZ,三花智控,20240417,请问公司境外发行股票的进展如何？,GDR项目仍在持续推进过程中，请您关注公司公告，公司将按照相关法规规定履行信息披露义务。感谢您对公司的关注！,,002050
002050.SZ,三花智控,20240417,请问公司储能方向进展如何，何时能较大比例的贡献利润和收入,在储能热管理领域，公司根据客户不同需求提供热管理产品，目前已与国内外诸多客户展开合作，并有大量的产品应用。感谢您对公司的关注！,,002050
002050.SZ,三花智控,20240411,椐了解，三花智控（002050）新获得一项发明专利授权，专利名为“一种电动阀”，专利申请号为CN201910942383.7，授权日为2024年4月5日。今年以来三花智控新获得专利授权15个，较去年增加了25%。中报显示，2023上半年公司在研发方面投入了5.8亿元，同比21.16%。请问:2023全年，公司研发投入了多少?2024年，在人形机器人，热转换装置研发方面有什么安排?计划投入多少,关于2023年研发投入情况，请您届时关注公司后续披露的2023年年报。更多信息请您留意公司通过法定信息披露媒体披露的公告。感谢您对公司的关注！,,002050
002050.SZ,三花智控,20240409,尊敬的三花智控董秘，您好。去年9月20日，三花智控从深交所领到了首份GDR审核问询函。深交所就公司GDR发行中的募投项目与主业相关性、前次募投项目进展等问题展开问询，要求公司予以详细说明。10月13日就审核问询函回复发布了提示性公告。后面就没有看到发行的具体情况，公司GDR发行进展如何？如果还没发行，是否已过了发行的有效期？,GDR项目仍在持续推进过程中，目前还在有效期内，请您关注公司公告，公司将按照相关法规规定履行信息披露义务。感谢您对公司的关注！,,002050
002050.SZ,三花智控,20240408,请问公司人工智能方向何时能开始贡献利润，又是否单独吊着特斯拉进行供货，是否和国内厂商有过合作？另公司储能项目何时能较大的支持公司的营收和利润？感觉公司啥都想做，不断的增发，圈钱，是否膨胀的过快，二级市场的盈利能力呢？,短期内股价受经济环境、行业发展、市场情绪等多重因素的影响而波动，从长期来看，公司的股价将更多取决于企业本身的价值。公司的机器人机电执行器和储能业务，是根据自身业务发展和未来市场需求做出的战略布局，符合公司长远发展利益。感谢您对公司的关注！,,002050
002050.SZ,三花智控,20240407,尊敬的董秘您好，请问贵司是否已经关注到低空经济的产业机会，请问贵司是否有布局该领域业务的打算，请问贵司是否有产品可以应用到这个领域。,公司专注于冷热转换、温度智能控制的环境热管理解决方案开发，低空经济的飞行器必然会涉及热管理，我司将关注低空经济领域发展态势。感谢您对公司的关注！,,002050
002050.SZ,三花智控,20240406,椐了解，三花智控（002050）新获得一项发明专利授权，专利名为“一种电动阀”，专利申请号为CN201910942383.7，授权日为2024年4月5日。今年以来三花智控新获得专利授权15个，较去年增加了25%。中报显示，2023上半年公司在研发方面投入了5.8亿元，同比增21.16%。请问：2023全年，公司研发投入了多少？2024年，在人形机器人，热转换装置研发方面有什么安排？计划投入多少？,关于2023年研发投入情况，请您届时关注公司后续披露的2023年年报。更多信息请您留意公司通过法定信息披露媒体披露的公告。感谢您对公司的关注！,,002050
002050.SZ,三花智控,20240330,你好，请问贵公司是小米汽车供货商吗？在哪下方面有合作？请简单介绍下。,公司与某些特定客户签订了严格的保密协议。感谢您对公司的关注！,,002050
002050.SZ,三花智控,20240328,公司和小米汽车的合作推进的怎么样了？能否给个准信？,公司与某些特定客户签订了严格的保密协议，感谢您对公司的关注！,,002050
002050.SZ,三花智控,20240318,请问宁波福尔达公司和贵公司是什么关系，有多少股权?,宁波福尔达公司和我司的控股股东都是三花控股集团，我司未持有宁波福尔达公司股权。感谢您对公司的关注！,,002050
002050.SZ,三花智控,20240310,尊敬的董秘您好，请问截止3月10日咱公司股东人数多少？谢谢,公司非定期报告时点的股东人数不属于强制披露范畴，如确需查询，您可持个人或机构有效证件、股东账户卡、持股证明到公司办公地进行查询，或将该等有效证明文件、查询要求及联系方式发至shc@zjshc.com邮箱，我们将在核实您的股东身份信息后尽快回复。感谢您对公司的关注！,,002050
002050.SZ,三花智控,20240309,公司产品是否运用于夜冷充电桩？市场占比如何？,液冷技术是高功率充电桩热管理可靠的解决方案，公司的阀、泵、换热器以及相关的组件类产品都可以使用在液冷热管理领域，并且我司也可以提供热管理系统解决方案。感谢您对公司的关注！,,002050
002050.SZ,三花智控,20240308,三花智控:公司在热管理方面技术那么成熟，请问公司有在切入算力和大数据服务器的液冷散热产业这方面吗？,随着算力的提升，服务器也需要做热管理。公司的阀、泵、换热器以及相关的组件类产品都可以使用在液冷热管理领域，并且我司也可以提供热管理系统解决方案。感谢您对公司的关注！,,002050
002050.SZ,三花智控,20240307,董秘你好！1）请问公司的零部件被美国定为敏感数据零部件的概率多大？0-10%、10-30%，30-50%，50%以上？ 2）如果被定义为敏感零部件，对24年利润影响有多大？ 3）请问机器人项目进展如何？何时实现量产？ 谢谢,公司产品不涉及主动查询、采集信息等功能，不属于敏感数据零部件。另外，在机器人执行器方面，项目正在顺利推进中，公司对此很有信心。感谢您对公司的关注！,,002050
002050.SZ,三花智控,20240306,请问贵公司准备研发AI算力服务器液冷控制系统吗？,随着算力的提升，服务器也需要做热管理。公司的阀、泵、换热器以及相关的组件类产品都可以使用在液冷热管理领域，并且我司也可以提供热管理系统解决方案。感谢您对公司的关注！,,002050
002050.SZ,三花智控,20240304,您好！近期高盛最新调研报告，将原先全球人形机器人市场2035年达60亿美元的数据进行重新估算后增加到了380亿美元，同时预测2035年人形机器人的出货量将达140万台，这比原先的数据增加了4倍。包括技术突飞猛进可行性大幅提升、BOM 成本加速降低、劳动力市场问题重估、国内政府更强有力的支持和承诺。公司怎么看人形机器人的发展？,新一轮的科技革命加速，世界主要发达国家将机器人作为抢占科技产业竞争的焦点，我国也十分重视机器人行业的发展。人形机器人行业目前处于快速发展期，是我国机器人产业的机遇，机器代人的市场前景广阔。公司已对机器人机电执行器领域展开持续研究和产品开发工作，未来可期。感谢您对公司的关注！,,002050
002050.SZ,三花智控,20240304,您好！请问人形机器人进入车企工厂协助制造装配，过程中的各项数据是否为训练具身智能提供训练数据？从提升训练效率的角度来说，是否积累的相关训练数据越多，人形机器人的熟练度越高，具身智能“涌现”上升的概率越大？,人形机器人进入车企工厂协助制造装配的过程中，可以产生大量的数据，这些数据可以被用来训练具身智能。智能的提升与训练数据的积累是密切相关的，大量的训练数据，可以让机器人更好地理解复杂的工作环境和任务要求，提高自身的认知能力和决策能力。感谢您对公司的关注！,,002050
002050.SZ,三花智控,20240304,您好！国外大模型和算力巨头纷纷投资人形机器人，国内也将人形机器人定位于新质生产力的未来产业，请问人形机器人进入车企工厂，预计在哪些方面能帮助车企降本增效？感谢！,人形机器人进入车企工厂，预计会带来更高的生产效率、更好的产品质量、更高的工作安全性以及更低的人力成本，从而帮助车企降本增效，提升竞争力。感谢您对公司的关注！,,002050
002050.SZ,三花智控,20240302,请问《三花智控未来产业中心项目投资协议书》中的相关项目，粗略估计，大概在几年之后能投入使用？,目前该项目正在按计划有序推进中，项目实行边建设边投产。感谢您对公司的关注！,,002050
002050.SZ,三花智控,20240302,公司产品是否用于液冷服务器？市场份额占比大吗？,服务器也需要做热管理。公司的阀、泵、换热器以及相关的组件类产品都可以使用在液冷热管理领域，并且我司也可以提供热管理系统解决方案。感谢您对公司的关注！,,002050
002050.SZ,三花智控,20240110,请问贵公司何时披露业绩预告，另外机器人执行器方面的研究进度如何？,业绩预告，公司将按照相关法规规定履行信息披露义务。在机器人执行器方面，项目正在顺利推进中，公司对此很有信心。感谢您对公司的关注！,,002050
002050.SZ,三花智控,20240105,贵公司2023年三季报中应收账款本年累计增加9.49亿元，增幅达18.15％。但报表附注并未说明增加的原因。本年截止三季度末，累计营业收入189.76亿元，现金流量表中销售商品、提供劳务收到的现金为184.40亿元，因此由本年营收形成的应收账款推算出为5.36亿元。那么差额4.13亿元是怎么形成的？请教一下您，谢谢您！！,感谢您对公司的关注！,,002050
002050.SZ,三花智控,20240105,还有应收票据增加额4.15亿元，就对上了。,感谢您对公司的关注！,,002050
002050.SZ,三花智控,20240105,总之觉得应收账款增幅较大。谢谢您！,应收账款增长主要系营业收入增长所致。感谢您对公司的关注！,,002050
002050.SZ,三花智控,20240104,你好，请问50亿的投资计划，资金是自由资金还是需要募集，是否有增发股票或者是可转债计划？  瑞士计划发型的50亿计划是否用于此项目，还是两边独立？,50亿未来产业中心项目的资金公司计划自筹。感谢您对公司的关注！,,002050
