ts_code,trade_date,open,high,low,close,pre_close,change,pct_chg,vol,amount
002708.SZ,20260702,12.78,13.79,12.65,12.97,12.87,0.1,0.777,353705.4,469460.9854
002708.SZ,20260701,13.1,13.42,12.8,12.87,13.19,-0.32,-2.4261,252089.0,328204.779
002708.SZ,20260630,12.65,13.42,12.5,13.19,12.65,0.54,4.2688,254039.11,331193.44552
002708.SZ,20260629,13.32,13.38,12.1,12.65,13.37,-0.72,-5.3852,333274.08,422638.64364
002708.SZ,20260626,14.01,14.23,13.35,13.37,14.0,-0.63,-4.5,270643.57,370200.46969
002708.SZ,20260625,14.83,14.87,13.88,14.0,14.83,-0.83,-5.5968,285823.0,407161.409
002708.SZ,20260624,14.78,15.12,14.3,14.83,14.92,-0.09,-0.6032,236606.0,349494.86
002708.SZ,20260623,14.92,15.5,14.81,14.92,14.98,-0.06,-0.4005,292044.85,441266.3707
002708.SZ,20260622,15.14,15.49,14.28,14.98,15.18,-0.2,-1.3175,412965.0,614091.725
002708.SZ,20260618,14.17,15.42,14.16,15.18,14.13,1.05,7.431,460532.97,690682.95749
002708.SZ,20260617,13.87,14.59,13.75,14.13,13.94,0.19,1.363,293931.98,415881.65447
002708.SZ,20260616,13.39,14.21,13.23,13.94,13.41,0.53,3.9523,315438.12,436419.90576
002708.SZ,20260615,13.16,13.72,13.11,13.41,13.1,0.31,2.3664,296050.0,396657.095
002708.SZ,20260612,13.99,14.4,13.04,13.1,13.79,-0.69,-5.0036,354814.0,479709.689
002708.SZ,20260611,14.12,14.56,13.59,13.79,14.24,-0.45,-3.1601,303996.62,423773.18574
002708.SZ,20260610,14.45,14.54,13.79,14.24,14.7,-0.46,-3.1293,343138.22,486576.2939
002708.SZ,20260609,15.14,15.43,14.45,14.7,15.09,-0.39,-2.5845,439849.0,646830.855
002708.SZ,20260608,15.24,15.83,14.94,15.09,15.86,-0.77,-4.855,585556.42,900537.845
002708.SZ,20260605,14.28,15.86,14.23,15.86,14.42,1.44,9.9861,615242.58,946710.524
002708.SZ,20260604,13.94,14.97,13.87,14.42,14.08,0.34,2.4148,302582.22,438709.543
002708.SZ,20260603,13.4,14.6,13.17,14.08,13.39,0.69,5.1531,305641.02,425280.315
002708.SZ,20260602,13.72,13.8,13.27,13.39,13.6,-0.21,-1.5441,161255.0,217366.058
002708.SZ,20260601,13.61,14.12,13.43,13.6,13.7,-0.1,-0.7299,189150.84,260148.727
002708.SZ,20260529,14.85,14.95,13.58,13.7,14.87,-1.17,-7.8682,271079.29,382211.257
002708.SZ,20260528,15.12,15.28,14.59,14.87,15.12,-0.25,-1.6534,228634.0,340246.173
002708.SZ,20260527,15.65,15.68,15.05,15.12,15.75,-0.63,-4.0,222006.0,339816.81
002708.SZ,20260526,15.69,16.15,15.41,15.75,15.6,0.15,0.9615,263392.72,412145.618
002708.SZ,20260525,15.99,16.35,15.4,15.6,15.98,-0.38,-2.378,257489.62,403423.054
002708.SZ,20260522,15.4,16.05,15.11,15.98,15.28,0.7,4.5812,308422.53,485126.563
002708.SZ,20260521,15.47,16.3,15.27,15.28,15.38,-0.1,-0.6502,327329.0,516118.37
002708.SZ,20260520,15.48,15.56,15.08,15.38,15.71,-0.33,-2.1006,265771.0,407390.612
002708.SZ,20260519,16.32,16.5,15.58,15.71,15.82,-0.11,-0.6953,339090.0,538016.189
002708.SZ,20260518,15.41,16.08,15.26,15.82,15.53,0.29,1.8674,274809.86,431591.387
002708.SZ,20260515,15.25,15.98,14.92,15.53,15.41,0.12,0.7787,337696.49,523116.838
002708.SZ,20260514,15.83,16.07,15.34,15.41,15.85,-0.44,-2.776,251251.0,392519.778
002708.SZ,20260513,15.47,15.94,15.32,15.85,15.67,0.18,1.1487,308808.0,484802.324
002708.SZ,20260512,15.34,15.76,15.08,15.67,15.32,0.35,2.2846,418341.85,645037.951
002708.SZ,20260511,14.3,15.76,14.2,15.32,14.33,0.99,6.9086,581732.6,876312.021
002708.SZ,20260508,13.79,14.41,13.76,14.33,13.95,0.38,2.724,272843.65,386938.06
002708.SZ,20260507,13.51,14.13,13.41,13.95,13.51,0.44,3.2568,245861.65,340564.908
002708.SZ,20260506,13.34,13.64,13.3,13.51,13.34,0.17,1.2744,156259.0,210342.247
002708.SZ,20260430,13.13,13.5,13.13,13.34,13.17,0.17,1.2908,132881.14,176924.116
002708.SZ,20260429,13.15,13.43,13.11,13.17,13.17,0.0,0.0,131638.0,174645.855
002708.SZ,20260428,13.48,13.48,13.11,13.17,13.51,-0.34,-2.5167,135735.28,179396.77
002708.SZ,20260427,13.02,13.76,12.95,13.51,13.01,0.5,3.8432,192446.1,258354.847
002708.SZ,20260424,13.22,13.22,12.84,13.01,13.22,-0.21,-1.5885,141037.0,183151.894
002708.SZ,20260423,13.57,13.57,13.14,13.22,13.57,-0.35,-2.5792,177061.34,235398.311
002708.SZ,20260422,13.52,13.7,13.45,13.57,13.57,0.0,0.0,194166.1,263673.668
002708.SZ,20260421,13.48,13.95,13.36,13.57,13.69,-0.12,-0.8766,319182.96,436650.686
002708.SZ,20260420,14.51,14.51,13.4,13.69,14.72,-1.03,-6.9973,603166.16,825946.726
002708.SZ,20260417,14.02,14.98,13.6,14.72,13.78,0.94,6.8215,551319.0,802975.296
002708.SZ,20260416,13.22,14.16,13.22,13.78,13.12,0.66,5.0305,319396.85,442608.009
002708.SZ,20260415,13.32,13.48,13.05,13.12,13.26,-0.14,-1.0558,127701.38,169526.742
002708.SZ,20260414,13.39,13.4,13.14,13.26,13.2,0.06,0.4545,124146.0,164382.501
002708.SZ,20260413,13.37,13.64,13.15,13.2,13.43,-0.23,-1.7126,198279.0,263952.15
002708.SZ,20260410,13.6,13.86,13.41,13.43,13.49,-0.06,-0.4448,320287.1,437368.09
002708.SZ,20260409,12.64,13.9,12.58,13.49,12.79,0.7,5.473,474310.24,637490.557
002708.SZ,20260408,12.03,12.79,11.95,12.79,11.63,1.16,9.9742,201968.48,250503.862
002708.SZ,20260407,11.31,11.88,11.26,11.63,11.23,0.4,3.5619,90113.76,104671.199
002708.SZ,20260403,11.65,11.69,11.21,11.23,11.61,-0.38,-3.273,59289.0,67270.144
002708.SZ,20260402,11.94,11.94,11.52,11.61,11.93,-0.32,-2.6823,61614.0,72076.547
002708.SZ,20260401,11.88,12.15,11.86,11.93,11.72,0.21,1.7918,74902.0,89700.809
002708.SZ,20260331,11.95,11.97,11.7,11.72,11.9,-0.18,-1.5126,66661.0,78764.626
002708.SZ,20260330,11.71,11.96,11.66,11.9,11.93,-0.03,-0.2515,49357.0,58321.177
002708.SZ,20260327,11.5,12.02,11.47,11.93,11.64,0.29,2.4914,65363.31,77218.572
002708.SZ,20260326,11.79,11.87,11.58,11.64,11.82,-0.18,-1.5228,58657.0,68726.936
002708.SZ,20260325,11.56,11.83,11.51,11.82,11.56,0.26,2.2491,69880.08,82174.612
002708.SZ,20260324,11.64,11.69,11.22,11.56,11.36,0.2,1.7606,84985.74,97246.168
002708.SZ,20260323,11.8,11.96,11.22,11.36,12.04,-0.68,-5.6478,136960.88,158817.647
002708.SZ,20260320,12.51,12.57,12.01,12.04,12.45,-0.41,-3.2932,87233.0,106709.239
002708.SZ,20260319,12.63,12.68,12.41,12.45,12.78,-0.33,-2.5822,72345.0,90683.877
002708.SZ,20260318,12.62,12.81,12.55,12.78,12.62,0.16,1.2678,48804.0,61822.808
002708.SZ,20260317,12.98,13.02,12.58,12.62,12.94,-0.32,-2.473,73449.0,94141.559
002708.SZ,20260316,12.72,12.96,12.61,12.94,12.71,0.23,1.8096,69328.0,88840.541
002708.SZ,20260313,12.85,12.95,12.68,12.71,12.95,-0.24,-1.8533,80598.92,103273.946
002708.SZ,20260312,13.36,13.38,12.93,12.95,13.39,-0.44,-3.286,103778.0,135966.011
002708.SZ,20260311,13.3,13.45,13.21,13.39,13.32,0.07,0.5255,92503.0,123612.626
002708.SZ,20260310,12.99,13.35,12.98,13.32,12.69,0.63,4.9645,138032.02,182364.091
002708.SZ,20260309,12.75,12.75,12.43,12.69,12.95,-0.26,-2.0077,97557.31,122644.393
002708.SZ,20260306,12.89,13.05,12.8,12.95,12.92,0.03,0.2322,69679.02,90379.848
002708.SZ,20260305,12.81,13.07,12.81,12.92,12.55,0.37,2.9482,121901.0,157895.499
002708.SZ,20260304,12.24,12.8,12.24,12.55,12.51,0.04,0.3197,109178.0,137467.377
002708.SZ,20260303,13.32,13.51,12.48,12.51,13.33,-0.82,-6.1515,192753.01,248277.195
002708.SZ,20260302,13.46,13.57,13.21,13.33,13.74,-0.41,-2.984,159461.61,213295.248
002708.SZ,20260227,13.97,14.01,13.72,13.74,14.03,-0.29,-2.067,140279.0,194084.994
002708.SZ,20260226,14.09,14.1,13.86,14.03,14.11,-0.08,-0.567,123059.77,172205.273
002708.SZ,20260225,13.92,14.15,13.83,14.11,13.95,0.16,1.147,146234.76,204830.123
002708.SZ,20260224,14.08,14.14,13.81,13.95,13.94,0.01,0.0717,132991.0,185074.751
002708.SZ,20260213,13.82,14.05,13.77,13.94,13.86,0.08,0.5772,108960.6,152023.814
002708.SZ,20260212,13.8,13.92,13.69,13.86,13.77,0.09,0.6536,94167.65,130437.386
002708.SZ,20260211,13.82,14.02,13.74,13.77,13.89,-0.12,-0.8639,101749.0,141221.862
002708.SZ,20260210,13.73,13.99,13.67,13.89,13.75,0.14,1.0182,117548.0,163086.494
002708.SZ,20260209,13.7,13.82,13.61,13.75,13.6,0.15,1.1029,108532.0,149021.743
002708.SZ,20260206,13.34,13.8,13.34,13.6,13.45,0.15,1.1152,137488.0,187632.22
002708.SZ,20260205,13.64,13.65,13.31,13.45,13.53,-0.08,-0.5913,137373.0,185652.288
002708.SZ,20260204,13.6,13.75,13.4,13.53,13.61,-0.08,-0.5878,107940.0,146471.946
002708.SZ,20260203,13.55,13.65,13.41,13.61,13.3,0.31,2.3308,103651.0,140393.844
002708.SZ,20260202,13.64,13.82,13.3,13.3,13.64,-0.34,-2.4927,125139.02,169530.796
002708.SZ,20260130,13.67,13.8,13.38,13.64,13.75,-0.11,-0.8,123490.72,168059.903
002708.SZ,20260129,13.9,14.15,13.68,13.75,13.7,0.05,0.365,204308.0,284633.31
002708.SZ,20260128,13.99,14.02,13.66,13.7,13.98,-0.28,-2.0029,131003.0,180787.898
002708.SZ,20260127,14.0,14.03,13.47,13.98,13.9,0.08,0.5755,145282.0,200702.015
002708.SZ,20260126,14.29,14.65,13.71,13.9,14.25,-0.35,-2.4561,223074.0,313932.78
002708.SZ,20260123,14.13,14.25,13.95,14.25,14.13,0.12,0.8493,170536.71,240672.751
002708.SZ,20260122,14.01,14.2,13.91,14.13,13.98,0.15,1.073,141427.0,199336.818
002708.SZ,20260121,13.72,14.11,13.66,13.98,13.85,0.13,0.9386,132734.0,184669.576
002708.SZ,20260120,14.04,14.16,13.7,13.85,14.13,-0.28,-1.9816,169526.0,236047.887
002708.SZ,20260119,13.71,14.28,13.71,14.13,13.73,0.4,2.9133,199415.0,280748.774
002708.SZ,20260116,13.95,13.99,13.62,13.73,13.99,-0.26,-1.8585,228299.62,314765.486
002708.SZ,20260115,14.18,14.3,13.88,13.99,14.17,-0.18,-1.2703,199471.0,280812.163
002708.SZ,20260114,14.0,14.45,13.83,14.17,14.19,-0.02,-0.1409,372848.7,529369.881
002708.SZ,20260113,13.61,14.91,13.3,14.19,13.73,0.46,3.3503,549013.84,778319.921
002708.SZ,20260112,13.44,13.83,13.37,13.73,13.46,0.27,2.0059,259287.87,352112.766
002708.SZ,20260109,13.24,13.63,13.24,13.46,13.19,0.27,2.047,206289.0,277561.725
002708.SZ,20260108,13.02,13.26,13.01,13.19,13.15,0.04,0.3042,140696.3,185281.04
002708.SZ,20260107,13.38,13.45,13.03,13.15,13.37,-0.22,-1.6455,192640.01,253911.055
002708.SZ,20260106,13.29,13.43,13.19,13.37,13.27,0.1,0.7536,171453.16,228268.517
002708.SZ,20260105,13.22,13.38,13.07,13.27,13.28,-0.01,-0.0753,149193.1,197366.415
002708.SZ,20251231,13.45,13.5,13.21,13.28,13.42,-0.14,-1.0432,137590.3,182682.627
002708.SZ,20251230,13.24,13.55,13.12,13.42,13.24,0.18,1.3595,208874.48,278658.69
002708.SZ,20251229,13.0,13.33,12.97,13.24,12.99,0.25,1.9246,167746.21,220966.544
002708.SZ,20251226,13.12,13.2,12.91,12.99,13.12,-0.13,-0.9909,151922.1,198096.226
002708.SZ,20251225,12.89,13.33,12.81,13.12,12.69,0.43,3.3885,275179.4,361751.215
002708.SZ,20251224,12.42,12.78,12.41,12.69,12.45,0.24,1.9277,105178.48,133400.916
002708.SZ,20251223,12.61,12.67,12.38,12.45,12.64,-0.19,-1.5032,91676.9,114688.198
002708.SZ,20251222,12.58,12.75,12.53,12.64,12.47,0.17,1.3633,116179.9,147142.576
002708.SZ,20251219,12.2,12.52,12.19,12.47,12.2,0.27,2.2131,106410.0,132335.768
002708.SZ,20251218,12.2,12.49,12.17,12.2,12.32,-0.12,-0.974,76111.0,93967.623
002708.SZ,20251217,12.13,12.34,12.05,12.32,12.21,0.11,0.9009,78803.0,96256.46
002708.SZ,20251216,12.3,12.37,12.03,12.21,12.28,-0.07,-0.57,76573.0,93097.174
002708.SZ,20251215,12.47,12.55,12.26,12.28,12.56,-0.28,-2.2293,94744.0,117194.775
002708.SZ,20251212,12.2,12.65,12.17,12.56,12.21,0.35,2.8665,124587.0,154945.746
002708.SZ,20251211,12.5,12.52,12.21,12.21,12.5,-0.29,-2.32,83310.0,102842.324
002708.SZ,20251210,12.34,12.56,12.3,12.5,12.35,0.15,1.2146,107512.0,134134.181
002708.SZ,20251209,12.31,12.52,12.27,12.35,12.39,-0.04,-0.3228,88453.0,109723.016
002708.SZ,20251208,12.37,12.43,12.27,12.39,12.37,0.02,0.1617,94111.12,116272.089
002708.SZ,20251205,12.0,12.38,11.93,12.37,12.02,0.35,2.9118,117776.02,143891.315
002708.SZ,20251204,12.11,12.2,11.98,12.02,12.0,0.02,0.1667,81348.36,98308.263
002708.SZ,20251203,12.14,12.17,11.94,12.0,12.17,-0.17,-1.3969,78311.46,94231.825
002708.SZ,20251202,12.41,12.46,12.13,12.17,12.44,-0.27,-2.1704,111464.03,136228.506
002708.SZ,20251201,12.34,12.49,12.25,12.44,12.35,0.09,0.7287,95231.0,117825.441
002708.SZ,20251128,12.05,12.35,11.95,12.35,12.03,0.32,2.66,123141.0,150359.595
002708.SZ,20251127,12.2,12.23,12.0,12.03,12.13,-0.1,-0.8244,76562.53,92724.535
002708.SZ,20251126,12.29,12.39,12.1,12.13,12.33,-0.2,-1.6221,97757.0,119771.505
002708.SZ,20251125,12.18,12.39,12.15,12.33,12.16,0.17,1.398,80073.44,98567.317
002708.SZ,20251124,12.1,12.21,11.83,12.16,12.06,0.1,0.8292,100509.44,120941.19
002708.SZ,20251121,12.4,12.43,11.92,12.06,12.45,-0.39,-3.1325,127160.75,154497.868
002708.SZ,20251120,12.55,12.65,12.41,12.45,12.45,0.0,0.0,59388.0,74130.942
002708.SZ,20251119,12.77,12.77,12.42,12.45,12.79,-0.34,-2.6583,93050.22,116655.543
002708.SZ,20251118,12.69,12.79,12.51,12.79,12.72,0.07,0.5503,107592.26,135830.692
002708.SZ,20251117,12.96,12.96,12.67,12.72,13.01,-0.29,-2.2291,140402.48,179205.672
002708.SZ,20251114,13.2,13.25,12.99,13.01,13.31,-0.3,-2.2539,161126.0,211408.924
002708.SZ,20251113,13.35,13.39,13.1,13.31,13.52,-0.21,-1.5533,200509.48,265557.32
002708.SZ,20251112,13.6,14.0,13.4,13.52,13.65,-0.13,-0.9524,281658.0,383804.342
002708.SZ,20251111,13.19,14.36,13.1,13.65,13.05,0.6,4.5977,419553.09,580735.144
002708.SZ,20251110,13.26,13.39,12.98,13.05,13.43,-0.38,-2.8295,248560.4,326143.189
002708.SZ,20251107,14.24,14.36,13.43,13.43,13.95,-0.52,-3.7276,382505.2,523425.206
002708.SZ,20251106,13.6,14.26,13.32,13.95,13.41,0.54,4.0268,375496.56,520708.28
002708.SZ,20251105,13.33,13.64,13.25,13.41,13.56,-0.15,-1.1062,134269.0,180819.114
002708.SZ,20251104,13.52,14.24,13.41,13.56,13.66,-0.1,-0.7321,214420.78,293994.226
002708.SZ,20251103,13.92,13.95,13.38,13.66,13.87,-0.21,-1.5141,222822.37,302188.825
002708.SZ,20251031,13.8,14.19,13.77,13.87,13.75,0.12,0.8727,321662.2,449555.59
002708.SZ,20251030,13.73,13.95,13.63,13.75,13.73,0.02,0.1457,192647.0,265606.019
002708.SZ,20251029,13.68,13.87,13.59,13.73,13.73,0.0,0.0,117048.2,160474.398
002708.SZ,20251028,13.6,13.84,13.56,13.73,13.59,0.14,1.0302,139110.0,190784.6
002708.SZ,20251027,13.74,13.83,13.54,13.59,13.73,-0.14,-1.0197,154043.0,210276.48
002708.SZ,20251024,13.31,13.94,13.31,13.73,13.31,0.42,3.1555,194831.52,268095.926
002708.SZ,20251023,13.47,13.56,13.18,13.31,13.5,-0.19,-1.4074,108217.52,143641.069
002708.SZ,20251022,13.89,13.93,13.43,13.5,13.89,-0.39,-2.8078,150355.0,204996.442
002708.SZ,20251021,13.5,14.16,13.38,13.89,13.36,0.53,3.9671,253721.0,349206.36
002708.SZ,20251020,13.06,13.55,13.05,13.36,12.85,0.51,3.9689,163843.37,218340.066
002708.SZ,20251017,13.38,13.44,12.8,12.85,13.37,-0.52,-3.8893,183008.0,238726.196
002708.SZ,20251016,13.58,13.66,13.3,13.37,13.66,-0.29,-2.123,138900.6,186582.832
002708.SZ,20251015,13.61,13.68,13.34,13.66,13.6,0.06,0.4412,168117.5,227333.284
002708.SZ,20251014,14.13,14.3,13.57,13.6,13.91,-0.31,-2.2286,243835.92,339351.675
002708.SZ,20251013,13.28,13.99,13.0,13.91,13.98,-0.07,-0.5007,287944.47,391297.067
002708.SZ,20251010,13.94,14.43,13.84,13.98,13.95,0.03,0.2151,343365.66,486023.892
002708.SZ,20251009,13.81,14.05,13.45,13.95,13.95,0.0,0.0,321158.52,442494.424
002708.SZ,20250930,14.5,14.6,13.89,13.95,13.89,0.06,0.432,584915.87,825312.274
002708.SZ,20250929,14.03,14.23,13.8,13.89,14.03,-0.14,-0.9979,283855.73,395501.542
002708.SZ,20250926,14.23,14.63,14.0,14.03,14.47,-0.44,-3.0408,425836.8,606567.07
002708.SZ,20250925,15.07,15.27,14.39,14.47,15.33,-0.86,-5.6099,779986.43,1143282.119
002708.SZ,20250924,13.9,15.33,13.69,15.33,13.94,1.39,9.9713,748141.22,1113315.07
002708.SZ,20250923,14.28,14.44,13.69,13.94,14.31,-0.37,-2.5856,472144.75,661305.512
002708.SZ,20250922,13.58,14.68,13.58,14.31,13.82,0.49,3.5456,633981.2,906685.255
002708.SZ,20250919,13.6,14.2,13.24,13.82,13.32,0.5,3.7538,716581.52,990954.032
002708.SZ,20250918,13.18,14.25,13.17,13.32,12.95,0.37,2.8571,769544.89,1059348.516
002708.SZ,20250917,12.93,13.08,12.83,12.95,12.93,0.02,0.1547,195384.05,252642.598
002708.SZ,20250916,12.56,12.97,12.51,12.93,12.49,0.44,3.5228,242392.05,310014.274
002708.SZ,20250915,12.68,12.79,12.47,12.49,12.63,-0.14,-1.1085,158933.0,200590.952
002708.SZ,20250912,12.84,12.88,12.55,12.63,12.86,-0.23,-1.7885,199112.0,252880.966
002708.SZ,20250911,12.52,13.0,12.27,12.86,12.56,0.3,2.3885,297300.0,374640.598
002708.SZ,20250910,12.36,12.97,12.25,12.56,12.39,0.17,1.3721,263792.15,332331.668
002708.SZ,20250909,12.3,12.8,12.13,12.39,12.2,0.19,1.5574,372236.0,463509.098
002708.SZ,20250908,11.75,12.46,11.75,12.2,11.79,0.41,3.4775,291231.14,352449.965
002708.SZ,20250905,11.5,11.79,11.38,11.79,11.44,0.35,3.0594,145118.0,168945.782
002708.SZ,20250904,11.8,11.9,11.26,11.44,11.7,-0.26,-2.2222,187108.0,217386.214
002708.SZ,20250903,12.2,12.29,11.6,11.7,12.14,-0.44,-3.6244,161574.63,191778.74
002708.SZ,20250902,12.29,12.36,11.69,12.14,12.25,-0.11,-0.898,252641.0,303185.566
002708.SZ,20250901,12.38,12.43,12.1,12.25,12.34,-0.09,-0.7293,161188.0,196850.9
002708.SZ,20250829,12.56,12.6,12.26,12.34,12.56,-0.22,-1.7516,146416.0,181089.844
002708.SZ,20250828,12.53,12.7,12.05,12.56,12.56,0.0,0.0,237558.0,294565.775
002708.SZ,20250827,13.06,13.23,12.51,12.56,13.14,-0.58,-4.414,346633.0,446841.32
002708.SZ,20250826,13.16,13.41,13.11,13.14,13.31,-0.17,-1.2772,297691.22,393705.842
002708.SZ,20250825,13.2,13.77,13.15,13.31,13.06,0.25,1.9142,460077.99,618022.969
002708.SZ,20250822,12.89,13.4,12.82,13.06,12.82,0.24,1.8721,327412.0,428470.554
002708.SZ,20250821,13.05,13.05,12.72,12.82,13.1,-0.28,-2.1374,302477.14,388671.529
002708.SZ,20250820,12.69,13.24,12.56,13.1,12.8,0.3,2.3438,546797.0,704516.628
002708.SZ,20250819,12.49,13.05,12.23,12.8,12.46,0.34,2.7287,817506.13,1037213.041
002708.SZ,20250818,11.48,12.46,11.48,12.46,11.33,1.13,9.9735,300744.33,367462.959
002708.SZ,20250815,11.11,11.38,11.1,11.33,11.1,0.23,2.0721,193845.05,219159.738
002708.SZ,20250814,11.38,11.41,11.03,11.1,11.35,-0.25,-2.2026,181076.0,202532.593
002708.SZ,20250813,11.39,11.41,11.23,11.35,11.37,-0.02,-0.1759,148669.48,168509.246
002708.SZ,20250812,11.28,11.44,11.23,11.37,11.3,0.07,0.6195,170999.07,194137.411
002708.SZ,20250811,11.21,11.38,11.2,11.3,11.17,0.13,1.1638,152574.22,172560.359
002708.SZ,20250808,11.13,11.33,11.07,11.17,11.18,-0.01,-0.0894,170342.6,190800.422
002708.SZ,20250807,11.2,11.3,11.11,11.18,11.24,-0.06,-0.5338,165680.0,185247.807
002708.SZ,20250806,11.29,11.3,11.12,11.24,11.19,0.05,0.4468,197779.2,222097.162
002708.SZ,20250805,10.99,11.24,10.94,11.19,10.97,0.22,2.0055,253868.0,282527.648
002708.SZ,20250804,10.62,10.98,10.57,10.97,10.68,0.29,2.7154,180475.0,196072.836
002708.SZ,20250801,10.71,10.82,10.6,10.68,10.7,-0.02,-0.1869,101333.97,108231.848
002708.SZ,20250731,10.85,11.03,10.67,10.7,10.74,-0.04,-0.3724,185270.0,201193.349
002708.SZ,20250730,10.83,10.87,10.65,10.74,10.89,-0.15,-1.3774,137336.0,147526.066
002708.SZ,20250729,10.95,11.0,10.78,10.89,10.94,-0.05,-0.457,139731.0,151784.093
002708.SZ,20250728,10.82,11.08,10.79,10.94,10.81,0.13,1.2026,220687.05,240848.336
002708.SZ,20250725,10.77,10.93,10.68,10.81,10.79,0.02,0.1854,136384.6,146895.427
002708.SZ,20250724,10.72,10.92,10.71,10.79,10.7,0.09,0.8411,107095.0,115867.518
002708.SZ,20250723,10.74,10.81,10.67,10.7,10.75,-0.05,-0.4651,110170.6,118350.731
002708.SZ,20250722,10.91,10.93,10.74,10.75,10.93,-0.18,-1.6468,163859.0,177221.999
002708.SZ,20250721,10.85,10.96,10.8,10.93,10.81,0.12,1.1101,155864.12,169587.752
002708.SZ,20250718,10.86,10.92,10.76,10.81,10.9,-0.09,-0.8257,126183.0,136359.294
002708.SZ,20250717,10.75,10.93,10.71,10.9,10.76,0.14,1.3011,174187.52,189236.145
002708.SZ,20250716,10.55,10.83,10.54,10.76,10.6,0.16,1.5094,179851.0,193276.529
002708.SZ,20250715,10.58,10.72,10.46,10.6,10.68,-0.08,-0.7491,142793.0,151197.64
002708.SZ,20250714,10.49,10.78,10.43,10.68,10.45,0.23,2.201,190624.0,202811.896
002708.SZ,20250711,10.36,10.5,10.35,10.45,10.37,0.08,0.7715,111394.0,116108.646
002708.SZ,20250710,10.4,10.48,10.33,10.37,10.42,-0.05,-0.4798,89785.0,93147.306
002708.SZ,20250709,10.5,10.76,10.4,10.42,10.5,-0.08,-0.7619,136895.0,144360.217
002708.SZ,20250708,10.4,10.51,10.36,10.5,10.39,0.11,1.0587,108771.0,113744.081
002708.SZ,20250707,10.37,10.43,10.28,10.39,10.39,0.0,0.0,75274.0,77941.783
002708.SZ,20250704,10.49,10.5,10.36,10.39,10.49,-0.1,-0.9533,101509.67,105617.464
002708.SZ,20250703,10.43,10.59,10.36,10.49,10.83,-0.34,-3.1394,239365.0,250254.162
002708.SZ,20250702,10.93,10.95,10.77,10.83,10.97,-0.14,-1.2762,98620.0,106975.944
002708.SZ,20250701,11.03,11.1,10.86,10.97,11.03,-0.06,-0.544,119613.0,131196.36
002708.SZ,20250630,10.82,11.06,10.79,11.03,10.85,0.18,1.659,143487.0,157333.48
002708.SZ,20250627,10.91,11.0,10.8,10.85,10.88,-0.03,-0.2757,132906.67,144492.65
002708.SZ,20250626,10.99,11.09,10.87,10.88,11.07,-0.19,-1.7164,220654.09,242311.505
002708.SZ,20250625,10.75,11.39,10.7,11.07,10.75,0.32,2.9767,307743.78,338534.515
002708.SZ,20250624,10.39,10.78,10.39,10.75,10.32,0.43,4.1667,215950.6,230227.325
002708.SZ,20250623,10.15,10.35,10.15,10.32,10.29,0.03,0.2915,115570.33,118912.942
002708.SZ,20250620,10.4,10.47,10.26,10.29,10.4,-0.11,-1.0577,96203.67,99504.199
002708.SZ,20250619,10.51,10.66,10.38,10.4,10.56,-0.16,-1.5152,159710.92,168517.514
002708.SZ,20250618,10.48,10.57,10.39,10.56,10.52,0.04,0.3802,117451.85,123121.61
002708.SZ,20250617,10.7,10.73,10.45,10.52,10.65,-0.13,-1.2207,146993.0,154830.551
002708.SZ,20250616,10.6,10.74,10.56,10.65,10.7,-0.05,-0.4673,114808.0,122361.895
002708.SZ,20250613,10.81,10.94,10.55,10.7,10.85,-0.15,-1.3825,223349.67,239153.747
002708.SZ,20250612,11.06,11.06,10.84,10.85,11.07,-0.22,-1.9874,178936.52,195673.165
002708.SZ,20250611,11.18,11.18,11.03,11.07,11.13,-0.06,-0.5391,207149.05,229702.411
002708.SZ,20250610,11.15,11.3,10.85,11.13,11.14,-0.01,-0.0898,280496.12,309892.696
002708.SZ,20250609,11.02,11.18,10.98,11.14,10.98,0.16,1.4572,175158.4,194714.58
002708.SZ,20250606,11.12,11.12,10.95,10.98,11.12,-0.14,-1.259,167108.2,183888.865
002708.SZ,20250605,11.1,11.24,10.9,11.12,11.09,0.03,0.2705,244666.8,270607.729
002708.SZ,20250604,11.08,11.5,11.07,11.09,11.07,0.02,0.1807,266876.45,298910.021
002708.SZ,20250603,11.0,11.3,10.98,11.07,11.2,-0.13,-1.1607,314516.0,348798.603
002708.SZ,20250530,11.22,11.61,11.19,11.2,12.43,-1.23,-9.8954,633677.0,717377.544
002708.SZ,20250516,12.2,12.59,12.2,12.43,12.17,0.26,2.1364,388143.67,483824.69
002708.SZ,20250515,12.02,12.46,11.8,12.17,12.09,0.08,0.6617,308214.0,374322.53
002708.SZ,20250514,12.15,12.25,11.94,12.09,12.17,-0.08,-0.6574,222468.0,268580.71
002708.SZ,20250513,12.48,12.57,12.13,12.17,12.39,-0.22,-1.7756,222307.6,273714.081
002708.SZ,20250512,12.35,12.52,12.32,12.39,12.31,0.08,0.6499,249333.0,309378.274
002708.SZ,20250509,12.37,12.6,11.97,12.31,12.34,-0.03,-0.2431,372879.1,457124.937
002708.SZ,20250508,12.18,12.42,12.18,12.34,12.3,0.04,0.3252,252163.93,310905.986
002708.SZ,20250507,12.36,12.47,12.1,12.3,12.27,0.03,0.2445,337623.79,414781.972
002708.SZ,20250506,12.12,12.29,11.95,12.27,12.09,0.18,1.4888,349201.74,423122.704
002708.SZ,20250430,11.99,12.26,11.78,12.09,11.89,0.2,1.6821,362908.41,435810.05
002708.SZ,20250429,11.4,12.0,11.4,11.89,11.52,0.37,3.2118,373726.72,440585.07
002708.SZ,20250428,11.42,11.63,11.25,11.52,11.48,0.04,0.3484,301991.69,347096.583
002708.SZ,20250425,11.3,11.75,11.3,11.48,11.2,0.28,2.5,449601.67,519326.647
002708.SZ,20250424,11.33,11.57,11.15,11.2,11.24,-0.04,-0.3559,616571.81,699953.541
002708.SZ,20250423,10.35,11.24,10.35,11.24,10.22,1.02,9.9804,356052.93,390921.881
002708.SZ,20250422,10.37,10.39,10.14,10.22,10.4,-0.18,-1.7308,175630.0,179595.846
002708.SZ,20250421,10.1,10.42,10.01,10.4,10.15,0.25,2.4631,194510.4,198999.641
002708.SZ,20250418,10.03,10.3,9.92,10.15,9.96,0.19,1.9076,201075.08,202745.391
002708.SZ,20250417,10.09,10.3,9.95,9.96,10.18,-0.22,-2.1611,219528.04,221823.033
002708.SZ,20250416,10.55,10.62,10.08,10.18,10.62,-0.44,-4.1431,246893.04,254109.8
002708.SZ,20250415,10.69,10.78,10.47,10.62,10.69,-0.07,-0.6548,217335.44,231125.022
002708.SZ,20250414,10.7,10.95,10.64,10.69,10.5,0.19,1.8095,263457.8,283566.953
002708.SZ,20250411,10.12,10.63,10.12,10.5,10.34,0.16,1.5474,309818.2,324596.934
002708.SZ,20250410,10.37,10.72,10.32,10.34,10.12,0.22,2.1739,391437.59,410444.777
002708.SZ,20250409,9.7,10.34,9.09,10.12,10.1,0.02,0.198,492338.45,476720.17
002708.SZ,20250408,10.09,10.6,10.09,10.1,11.21,-1.11,-9.9019,418779.5,425972.418
002708.SZ,20250407,11.21,11.46,11.21,11.21,12.46,-1.25,-10.0321,103569.04,116365.49
002708.SZ,20250403,12.51,13.07,12.32,12.46,12.91,-0.45,-3.4857,387667.0,490442.669
002708.SZ,20250402,12.53,13.3,12.37,12.91,12.66,0.25,1.9747,516677.0,667447.695
002708.SZ,20250401,13.08,13.23,12.53,12.66,13.21,-0.55,-4.1635,497065.2,637403.5
002708.SZ,20250331,12.61,13.5,12.07,13.21,12.65,0.56,4.4269,681671.0,867544.186
002708.SZ,20250328,12.79,13.2,12.28,12.65,12.72,-0.07,-0.5503,526559.8,669348.042
002708.SZ,20250327,13.3,13.5,12.7,12.72,13.22,-0.5,-3.7821,689336.41,894675.694
002708.SZ,20250326,11.91,13.22,11.91,13.22,12.02,1.2,9.9834,291875.91,376668.71
002708.SZ,20250325,12.15,12.61,11.93,12.02,12.07,-0.05,-0.4143,505930.98,619475.575
002708.SZ,20250324,13.18,13.35,12.02,12.07,13.35,-1.28,-9.588,722994.38,900012.289
002708.SZ,20250321,13.64,14.45,13.25,13.35,14.09,-0.74,-5.252,971746.98,1331437.205
002708.SZ,20250320,13.57,14.74,13.42,14.09,13.4,0.69,5.1493,1232267.6,1736945.946
002708.SZ,20250319,12.97,13.85,12.75,13.4,12.78,0.62,4.8513,1059852.59,1414114.669
002708.SZ,20250318,13.11,13.3,12.62,12.78,12.56,0.22,1.7516,1075073.62,1384995.863
002708.SZ,20250317,11.43,12.56,11.24,12.56,11.42,1.14,9.9825,567252.29,680645.549
002708.SZ,20250314,11.22,11.49,11.01,11.42,11.33,0.09,0.7944,217830.69,245374.693
002708.SZ,20250313,11.82,12.03,11.11,11.33,11.83,-0.5,-4.2265,326147.52,371780.149
002708.SZ,20250312,11.68,11.98,11.61,11.83,11.64,0.19,1.6323,269210.52,318132.789
002708.SZ,20250311,11.53,11.73,11.33,11.64,11.73,-0.09,-0.7673,271342.45,313165.233
002708.SZ,20250310,11.89,11.89,11.57,11.73,11.73,0.0,0.0,235029.52,274931.123
002708.SZ,20250307,11.58,11.89,11.48,11.73,11.62,0.11,0.9466,338325.4,396348.489
002708.SZ,20250306,11.54,11.81,11.5,11.62,11.56,0.06,0.519,285172.4,332897.707
002708.SZ,20250305,11.32,11.59,11.22,11.56,11.42,0.14,1.2259,287979.02,328549.329
002708.SZ,20250304,10.94,11.65,10.88,11.42,11.06,0.36,3.255,324835.0,368949.888
002708.SZ,20250303,11.33,11.54,10.94,11.06,11.44,-0.38,-3.3217,312364.45,349120.518
002708.SZ,20250228,12.13,12.19,11.34,11.44,12.3,-0.86,-6.9919,433391.57,504710.629
002708.SZ,20250227,12.16,12.48,11.89,12.3,12.15,0.15,1.2346,540679.97,659902.44
002708.SZ,20250226,12.1,12.65,12.0,12.15,11.95,0.2,1.6736,751840.02,924982.222
002708.SZ,20250225,11.48,12.1,11.46,11.95,11.78,0.17,1.4431,502025.58,597282.26
002708.SZ,20250224,11.89,12.22,11.63,11.78,11.7,0.08,0.6838,653552.15,776769.736
002708.SZ,20250221,11.37,11.76,11.37,11.7,11.48,0.22,1.9164,434239.56,503805.385
002708.SZ,20250220,11.3,11.58,11.3,11.48,11.22,0.26,2.3173,504212.13,577288.982
002708.SZ,20250219,10.55,11.35,10.54,11.22,10.61,0.61,5.7493,533825.22,593664.805
002708.SZ,20250218,11.07,11.08,10.53,10.61,11.1,-0.49,-4.4144,295148.0,318301.104
002708.SZ,20250217,10.65,11.29,10.65,11.1,10.87,0.23,2.1159,346338.05,381104.76
002708.SZ,20250214,10.82,11.16,10.68,10.87,10.81,0.06,0.555,330675.0,359206.086
002708.SZ,20250213,11.38,11.71,10.81,10.81,11.04,-0.23,-2.0833,469345.4,524092.057
002708.SZ,20250212,10.9,11.14,10.77,11.04,10.94,0.1,0.9141,281070.0,309666.899
002708.SZ,20250211,10.91,11.14,10.83,10.94,11.0,-0.06,-0.5455,285178.0,312317.08
002708.SZ,20250210,10.94,11.07,10.8,11.0,11.03,-0.03,-0.272,327151.0,357616.981
002708.SZ,20250207,11.0,11.2,10.76,11.03,10.95,0.08,0.7306,492345.0,542255.792
002708.SZ,20250206,10.41,10.97,10.41,10.95,10.54,0.41,3.8899,388183.93,419403.113
002708.SZ,20250205,10.18,10.71,10.05,10.54,10.05,0.49,4.8756,352728.0,368873.811
002708.SZ,20250127,10.45,10.54,10.04,10.05,10.48,-0.43,-4.1031,250542.0,256574.718
002708.SZ,20250124,10.35,10.54,10.16,10.48,10.12,0.36,3.5573,345231.74,359104.689
002708.SZ,20250123,10.21,10.52,10.1,10.12,10.02,0.1,0.998,264540.99,272678.718
002708.SZ,20250122,10.29,10.32,10.01,10.02,10.44,-0.42,-4.023,265419.69,269479.042
002708.SZ,20250121,10.03,10.86,9.99,10.44,9.92,0.52,5.2419,461060.0,480230.452
002708.SZ,20250120,9.99,10.12,9.86,9.92,9.86,0.06,0.6085,174815.0,174382.204
002708.SZ,20250117,10.04,10.26,9.85,9.86,10.21,-0.35,-3.428,234544.0,234787.482
002708.SZ,20250116,10.3,10.49,10.05,10.21,10.23,-0.02,-0.1955,207141.8,212466.742
002708.SZ,20250115,10.29,10.4,10.1,10.23,10.19,0.04,0.3925,265660.69,271617.49
002708.SZ,20250114,9.57,10.2,9.57,10.19,9.47,0.72,7.603,322601.02,321771.045
002708.SZ,20250113,9.2,9.7,9.0,9.47,9.49,-0.02,-0.2107,220465.0,206489.576
002708.SZ,20250110,9.62,9.99,9.45,9.49,9.71,-0.22,-2.2657,262569.0,256850.784
002708.SZ,20250109,9.5,10.0,9.47,9.71,9.61,0.1,1.0406,241402.0,235980.661
300421.SZ,20260702,19.0,20.88,19.0,19.5,18.9,0.6,3.1746,174843.48,348978.92044
300421.SZ,20260701,18.51,19.2,18.29,18.9,18.51,0.39,2.107,106758.9,201289.3751
300421.SZ,20260630,18.03,18.56,17.75,18.51,17.81,0.7,3.9304,83922.95,153131.1482
300421.SZ,20260629,17.96,18.04,17.26,17.81,17.95,-0.14,-0.7799,79589.62,140346.3747
300421.SZ,20260626,18.59,18.65,17.95,17.95,18.65,-0.7,-3.7534,74950.0,136413.61464
300421.SZ,20260625,19.37,19.53,18.6,18.65,19.36,-0.71,-3.6674,88410.4,167005.7472
300421.SZ,20260624,19.81,19.95,19.06,19.36,19.9,-0.54,-2.7136,76590.99,148433.25035
300421.SZ,20260623,19.75,20.67,19.5,19.9,19.8,0.1,0.5051,90151.2,180219.5338
300421.SZ,20260622,20.28,20.28,18.78,19.8,20.29,-0.49,-2.415,146560.31,284321.81734
300421.SZ,20260618,20.01,20.67,19.82,20.29,20.17,0.12,0.5949,80201.0,163244.053
300421.SZ,20260617,20.3,20.58,20.0,20.17,20.49,-0.32,-1.5617,69613.0,140772.516
300421.SZ,20260616,20.3,20.75,20.03,20.49,20.41,0.08,0.392,68949.33,140983.19212
300421.SZ,20260615,20.22,20.68,20.21,20.41,20.17,0.24,1.1899,63477.21,129587.47079
300421.SZ,20260612,20.7,21.12,20.01,20.17,20.42,-0.25,-1.2243,76012.0,156265.812
300421.SZ,20260611,20.29,20.73,19.61,20.42,20.43,-0.01,-0.0489,86431.68,174386.7446
300421.SZ,20260610,21.6,21.75,20.17,20.43,21.81,-1.38,-6.3274,93547.36,193700.42416
300421.SZ,20260609,22.1,22.25,21.3,21.81,21.89,-0.08,-0.3655,85952.4,185442.62
300421.SZ,20260608,21.02,22.58,21.02,21.89,22.26,-0.37,-1.6622,109164.0,241443.46
300421.SZ,20260605,21.7,23.14,20.63,22.26,21.72,0.54,2.4862,167194.72,365005.888
300421.SZ,20260604,21.56,22.58,21.33,21.87,21.81,0.06,0.2751,90395.24,199244.418
300421.SZ,20260603,22.12,22.69,21.63,21.81,22.29,-0.48,-2.1534,92807.52,206044.536
300421.SZ,20260602,22.68,22.9,21.48,22.29,22.41,-0.12,-0.5355,117975.88,262272.939
300421.SZ,20260601,22.39,22.88,22.2,22.41,22.39,0.02,0.0893,84952.68,191258.575
300421.SZ,20260529,23.8,24.01,22.21,22.39,23.88,-1.49,-6.2395,134139.88,306287.638
300421.SZ,20260528,24.34,24.46,23.15,23.88,24.22,-0.34,-1.4038,148998.36,352917.434
300421.SZ,20260527,26.02,26.48,24.13,24.22,26.38,-2.16,-8.188,213677.91,532562.893
300421.SZ,20260526,26.99,27.74,26.02,26.38,27.12,-0.74,-2.7286,191460.52,515242.684
300421.SZ,20260525,27.83,27.96,26.7,27.12,27.96,-0.84,-3.0043,203861.3,556343.564
300421.SZ,20260522,27.11,28.3,26.52,27.96,27.47,0.49,1.7838,291775.11,811094.907
300421.SZ,20260521,26.88,28.2,26.57,27.47,26.87,0.6,2.233,343994.33,947041.345
300421.SZ,20260520,27.36,27.5,26.5,26.87,27.67,-0.8,-2.8912,197321.89,529452.251
300421.SZ,20260519,28.09,28.22,27.33,27.67,27.45,0.22,0.8015,269118.42,744874.489
300421.SZ,20260518,26.77,27.91,26.45,27.45,26.72,0.73,2.732,301468.54,821982.743
300421.SZ,20260515,25.49,27.48,25.36,26.72,25.35,1.37,5.4043,251367.54,668120.751
300421.SZ,20260514,26.35,26.6,25.35,25.35,26.19,-0.84,-3.2073,137546.6,356125.48
300421.SZ,20260513,26.27,26.43,25.91,26.19,26.44,-0.25,-0.9455,110723.24,289615.089
300421.SZ,20260512,26.98,27.48,26.4,26.44,27.01,-0.57,-2.1103,153235.48,411102.44
300421.SZ,20260511,26.85,27.44,26.79,27.01,27.25,-0.24,-0.8807,218305.33,589769.868
300421.SZ,20260508,25.3,27.6,25.21,27.25,25.55,1.7,6.6536,347039.56,928467.01
300421.SZ,20260507,24.2,25.98,24.07,25.55,24.18,1.37,5.6658,191957.0,490179.358
300421.SZ,20260506,23.81,24.43,23.64,24.18,23.78,0.4,1.6821,84102.0,203112.925
300421.SZ,20260430,22.87,23.95,22.85,23.78,22.92,0.86,3.7522,97653.6,230154.783
300421.SZ,20260429,22.5,23.18,22.5,22.92,22.86,0.06,0.2625,60568.73,138981.724
300421.SZ,20260428,23.61,23.77,22.72,22.86,23.83,-0.97,-4.0705,90225.6,208300.557
300421.SZ,20260427,23.86,24.12,23.2,23.83,24.0,-0.17,-0.7083,78454.07,186864.718
300421.SZ,20260424,24.0,24.47,23.92,24.0,24.14,-0.14,-0.58,70458.51,170387.844
300421.SZ,20260423,24.93,25.12,23.98,24.14,25.08,-0.94,-3.748,106497.16,259890.78
300421.SZ,20260422,24.81,25.12,24.67,25.08,25.0,0.08,0.32,76640.29,191187.083
300421.SZ,20260421,25.08,25.44,24.7,25.0,25.24,-0.24,-0.9509,95009.2,237341.971
300421.SZ,20260420,25.07,25.55,24.99,25.24,25.13,0.11,0.4377,88768.0,224275.339
300421.SZ,20260417,24.9,25.26,24.7,25.13,25.12,0.01,0.0398,103341.28,257759.955
300421.SZ,20260416,25.6,25.8,24.9,25.12,25.05,0.07,0.2794,113877.08,286747.531
300421.SZ,20260415,25.58,25.71,24.94,25.05,25.52,-0.47,-1.8417,128037.28,324275.03
300421.SZ,20260414,24.9,25.6,24.76,25.52,24.7,0.82,3.3198,182254.76,459546.176
300421.SZ,20260413,24.3,24.94,24.08,24.7,24.57,0.13,0.5291,118695.0,290586.023
300421.SZ,20260410,24.45,25.1,24.3,24.57,24.15,0.42,1.7391,131069.0,324051.632
300421.SZ,20260409,24.35,24.48,23.95,24.15,24.66,-0.51,-2.0681,106605.67,258071.879
300421.SZ,20260408,23.3,24.85,23.07,24.66,22.64,2.02,8.9223,202045.0,490007.689
300421.SZ,20260407,22.55,22.87,22.39,22.64,22.62,0.02,0.0884,71497.2,161808.576
300421.SZ,20260403,23.0,23.31,22.51,22.62,23.28,-0.66,-2.8351,113261.0,258424.875
300421.SZ,20260402,23.1,24.31,22.81,23.28,23.22,0.06,0.2584,172876.0,408010.107
300421.SZ,20260401,23.5,23.6,23.1,23.22,23.01,0.21,0.9126,66593.0,155077.534
300421.SZ,20260331,23.3,23.71,23.01,23.01,23.26,-0.25,-1.0748,66890.84,155908.293
300421.SZ,20260330,22.77,23.35,22.76,23.26,23.23,0.03,0.1291,45740.0,105783.401
300421.SZ,20260327,22.54,23.39,22.5,23.23,22.86,0.37,1.6185,67295.0,154820.372
300421.SZ,20260326,23.54,23.81,22.81,22.86,23.47,-0.61,-2.5991,83959.4,195520.39
300421.SZ,20260325,22.75,23.62,22.75,23.47,22.7,0.77,3.3921,81161.0,189541.937
300421.SZ,20260324,23.0,23.05,22.0,22.7,22.36,0.34,1.5206,92464.61,207498.519
300421.SZ,20260323,23.01,23.74,22.1,22.36,23.33,-0.97,-4.1577,116132.68,267313.532
300421.SZ,20260320,24.2,24.37,23.32,23.33,23.96,-0.63,-2.6294,81600.2,194505.212
300421.SZ,20260319,24.47,24.64,23.92,23.96,24.91,-0.95,-3.8137,78564.89,190184.011
300421.SZ,20260318,24.51,24.95,24.41,24.91,24.47,0.44,1.7981,55530.48,137265.572
300421.SZ,20260317,25.41,25.58,24.44,24.47,25.36,-0.89,-3.5095,61833.0,153836.55
300421.SZ,20260316,25.01,25.46,24.81,25.36,25.19,0.17,0.6749,62314.35,156702.444
300421.SZ,20260313,25.86,25.86,25.15,25.19,25.89,-0.7,-2.7037,62860.3,160050.778
300421.SZ,20260312,26.16,26.47,25.66,25.89,26.26,-0.37,-1.409,64058.0,166430.86
300421.SZ,20260311,26.67,27.08,26.12,26.26,26.67,-0.41,-1.5373,103506.6,274664.033
300421.SZ,20260310,26.05,26.98,26.03,26.67,25.77,0.9,3.4924,125279.28,332916.998
300421.SZ,20260309,25.18,25.81,25.0,25.77,26.0,-0.23,-0.8846,78909.6,200441.091
300421.SZ,20260306,25.51,26.14,25.46,26.0,25.74,0.26,1.0101,63753.4,165645.682
300421.SZ,20260305,25.78,26.15,25.55,25.74,25.25,0.49,1.9406,87344.24,225723.457
300421.SZ,20260304,24.3,25.51,24.3,25.25,24.93,0.32,1.2836,100164.74,252799.953
300421.SZ,20260303,26.77,27.05,24.87,24.93,26.8,-1.87,-6.9776,162884.8,418837.692
300421.SZ,20260302,26.97,27.45,26.6,26.8,27.58,-0.78,-2.8281,122001.75,328367.609
300421.SZ,20260227,27.49,27.8,27.4,27.58,27.69,-0.11,-0.3973,91272.63,251919.571
300421.SZ,20260226,27.82,28.01,27.5,27.69,27.76,-0.07,-0.2522,100729.0,279657.046
300421.SZ,20260225,27.85,28.13,27.5,27.76,27.9,-0.14,-0.5018,112186.84,310755.115
300421.SZ,20260224,29.11,29.15,27.61,27.9,28.73,-0.83,-2.889,155106.3,434982.915
300421.SZ,20260213,28.2,29.1,28.12,28.73,28.33,0.4,1.4119,135789.85,390811.043
300421.SZ,20260212,28.15,28.8,28.01,28.33,28.35,-0.02,-0.0705,115009.0,327698.836
300421.SZ,20260211,28.78,29.15,28.27,28.35,29.2,-0.85,-2.911,140411.21,401517.08
300421.SZ,20260210,28.4,29.76,28.32,29.2,28.57,0.63,2.2051,242869.48,704774.345
300421.SZ,20260209,28.4,28.7,27.9,28.57,28.06,0.51,1.8175,149541.4,422947.27
300421.SZ,20260206,27.0,28.84,26.8,28.06,27.12,0.94,3.4661,223006.0,624374.531
300421.SZ,20260205,27.8,27.81,27.05,27.12,28.05,-0.93,-3.3155,136978.6,374046.869
300421.SZ,20260204,28.38,28.69,27.8,28.05,28.78,-0.73,-2.5365,160229.52,451238.372
300421.SZ,20260203,28.35,28.95,27.77,28.78,28.62,0.16,0.559,216356.14,614301.758
300421.SZ,20260202,28.87,29.95,28.3,28.62,28.53,0.09,0.3155,230810.79,670586.622
300421.SZ,20260130,28.19,29.19,27.9,28.53,28.58,-0.05,-0.1749,160127.04,456757.095
300421.SZ,20260129,29.24,29.47,28.4,28.58,29.52,-0.94,-3.1843,169240.85,488350.263
300421.SZ,20260128,29.89,30.18,29.07,29.52,30.32,-0.8,-2.6385,188200.65,553634.566
300421.SZ,20260127,29.77,30.69,29.33,30.32,30.2,0.12,0.3974,198420.31,595668.316
300421.SZ,20260126,34.47,35.1,30.16,30.2,34.82,-4.62,-13.2682,446225.36,1423949.234
300421.SZ,20260123,34.02,35.15,33.69,34.82,33.83,0.99,2.9264,326537.65,1130328.219
300421.SZ,20260122,34.2,35.95,33.68,33.83,33.95,-0.12,-0.3535,297229.97,1027574.697
300421.SZ,20260121,33.28,35.2,31.97,33.95,34.85,-0.9,-2.5825,353987.2,1207099.645
300421.SZ,20260120,34.5,36.1,33.8,34.85,34.72,0.13,0.3744,379067.44,1329389.175
300421.SZ,20260119,34.6,35.66,33.51,34.72,34.64,0.08,0.2309,368869.62,1277045.996
300421.SZ,20260116,32.75,35.23,32.75,34.64,32.36,2.28,7.0457,393364.62,1350658.618
300421.SZ,20260115,32.04,33.13,31.91,32.36,32.39,-0.03,-0.0926,196472.45,636720.374
300421.SZ,20260114,33.4,34.05,31.86,32.39,33.32,-0.93,-2.7911,400809.31,1321158.899
300421.SZ,20260113,36.5,36.72,33.32,33.32,37.15,-3.83,-10.3096,492999.81,1715899.652
300421.SZ,20260112,36.04,38.33,35.32,37.15,36.4,0.75,2.0604,526965.32,1944338.556
300421.SZ,20260109,34.5,36.74,34.32,36.4,35.0,1.4,4.0,516311.1,1857684.047
300421.SZ,20260108,33.9,35.52,33.52,35.0,34.32,0.68,1.9814,402318.48,1394517.661
300421.SZ,20260107,34.0,36.15,33.88,34.32,33.95,0.37,1.0898,432946.24,1503175.635
300421.SZ,20260106,34.81,35.99,33.77,33.95,34.9,-0.95,-2.7221,512402.2,1778787.261
300421.SZ,20260105,35.0,36.75,34.58,34.9,36.78,-1.88,-5.1115,462944.7,1642682.363
300421.SZ,20251231,36.2,37.88,34.5,36.78,35.95,0.83,2.3088,600830.59,2180579.466
300421.SZ,20251230,31.96,39.01,31.52,35.95,32.51,3.44,10.5814,764384.59,2638485.434
300421.SZ,20251229,29.26,33.16,28.97,32.51,29.64,2.87,9.6829,596608.54,1868934.807
300421.SZ,20251226,30.81,31.21,28.93,29.64,30.99,-1.35,-4.3562,524857.52,1579310.785
300421.SZ,20251225,27.3,32.76,27.01,30.99,27.57,3.42,12.4048,607887.27,1797906.803
300421.SZ,20251224,28.25,28.46,26.03,27.57,28.79,-1.22,-4.2376,397946.21,1092324.955
300421.SZ,20251223,27.8,29.15,27.27,28.79,27.79,1.0,3.5984,480459.52,1364547.849
300421.SZ,20251222,27.67,28.49,27.03,27.79,27.16,0.63,2.3196,462922.56,1281183.512
300421.SZ,20251219,27.21,28.13,26.92,27.16,27.21,-0.05,-0.1838,299532.72,820162.974
300421.SZ,20251218,27.71,29.59,26.99,27.21,28.3,-1.09,-3.8516,408203.0,1132783.764
300421.SZ,20251217,27.45,28.34,27.0,28.3,27.25,1.05,3.8532,298864.36,829923.934
300421.SZ,20251216,28.74,28.88,26.84,27.25,28.9,-1.65,-5.7093,290518.87,797753.584
300421.SZ,20251215,29.87,29.87,28.25,28.9,29.79,-0.89,-2.9876,317244.12,915873.275
300421.SZ,20251212,30.09,31.0,29.58,29.79,30.26,-0.47,-1.5532,379397.41,1144643.752
300421.SZ,20251211,32.34,33.0,30.2,30.26,32.02,-1.76,-5.4966,486829.55,1512643.956
300421.SZ,20251210,30.78,33.7,30.15,32.02,30.78,1.24,4.0286,642943.6,2059021.009
300421.SZ,20251209,30.51,32.2,30.51,30.78,32.61,-1.83,-5.6118,596467.87,1858432.629
300421.SZ,20251208,28.0,33.22,26.9,32.61,28.78,3.83,13.3079,890421.15,2577892.255
300421.SZ,20251205,23.65,28.78,23.2,28.78,23.98,4.8,20.0167,862131.75,2279098.636
300421.SZ,20251204,24.69,25.2,23.07,23.98,23.8,0.18,0.7563,658582.27,1582008.806
300421.SZ,20251203,24.6,24.75,23.53,23.8,24.32,-0.52,-2.1382,302658.2,725813.109
300421.SZ,20251202,25.43,25.46,24.06,24.32,25.65,-1.33,-5.1852,412810.36,1014420.339
300421.SZ,20251201,25.09,25.95,24.7,25.65,25.13,0.52,2.0692,544794.8,1381910.169
300421.SZ,20251128,22.89,26.83,22.5,25.13,22.36,2.77,12.3882,756805.75,1880026.217
300421.SZ,20251127,20.27,22.88,20.22,22.36,20.02,2.34,11.6883,522220.63,1127739.889
300421.SZ,20251126,19.02,20.39,18.95,20.02,19.13,0.89,4.6524,311914.4,620743.077
300421.SZ,20251125,19.16,19.37,18.96,19.13,18.97,0.16,0.8434,162055.4,310689.654
300421.SZ,20251124,18.91,19.28,18.3,18.97,18.96,0.01,0.0527,179097.2,336568.858
300421.SZ,20251121,18.08,19.6,17.73,18.96,18.37,0.59,3.2118,311588.24,585257.814
300421.SZ,20251120,18.82,18.9,18.22,18.37,18.75,-0.38,-2.0267,117864.0,217712.3
300421.SZ,20251119,19.26,19.33,18.56,18.75,19.35,-0.6,-3.1008,147508.24,277944.921
300421.SZ,20251118,19.17,19.8,18.85,19.35,19.24,0.11,0.5717,210701.0,407305.036
300421.SZ,20251117,19.23,19.62,18.96,19.24,19.24,0.0,0.0,147858.29,284599.047
300421.SZ,20251114,19.12,19.7,18.97,19.24,19.57,-0.33,-1.6863,151580.7,292182.674
300421.SZ,20251113,19.58,19.81,19.43,19.57,19.7,-0.13,-0.6599,168356.29,329528.582
300421.SZ,20251112,20.12,20.32,19.4,19.7,20.15,-0.45,-2.2333,177176.8,351215.326
300421.SZ,20251111,20.47,20.58,19.74,20.15,20.32,-0.17,-0.8366,225513.6,452152.301
300421.SZ,20251110,21.38,21.45,19.91,20.32,21.59,-1.27,-5.8824,394944.12,810984.377
300421.SZ,20251107,23.75,23.88,21.44,21.59,23.99,-2.4,-10.0042,514876.17,1130860.378
300421.SZ,20251106,23.49,24.69,22.44,23.99,22.87,1.12,4.8972,459736.2,1084986.455
300421.SZ,20251105,22.02,23.2,22.01,22.87,22.36,0.51,2.2809,313556.04,711349.438
300421.SZ,20251104,24.09,24.59,22.23,22.36,24.2,-1.84,-7.6033,418198.53,960357.961
300421.SZ,20251103,24.71,25.71,23.99,24.2,23.7,0.5,2.1097,441090.19,1088750.986
300421.SZ,20251031,23.09,24.44,22.64,23.7,22.85,0.85,3.7199,378496.09,898397.176
300421.SZ,20251030,23.73,24.26,22.8,22.85,23.85,-1.0,-4.1929,337332.88,788086.707
300421.SZ,20251029,24.03,24.29,23.47,23.85,24.1,-0.25,-1.0373,316561.16,754807.892
300421.SZ,20251028,24.79,24.99,23.61,24.1,24.15,-0.05,-0.207,427607.64,1031129.498
300421.SZ,20251027,22.96,24.66,22.96,24.15,21.64,2.51,11.5989,644826.95,1537188.398
300421.SZ,20251024,19.9,22.36,19.67,21.64,19.81,1.83,9.2378,563278.05,1176999.247
300421.SZ,20251023,19.87,20.94,19.38,19.81,20.32,-0.51,-2.5098,327103.4,656425.638
300421.SZ,20251022,20.79,20.98,19.8,20.32,21.18,-0.86,-4.0604,351861.62,714472.777
300421.SZ,20251021,21.0,22.12,20.23,21.18,20.73,0.45,2.1708,497026.93,1051405.686
300421.SZ,20251020,19.69,21.45,19.66,20.73,18.96,1.77,9.3354,563686.24,1161811.913
300421.SZ,20251017,19.79,19.99,18.82,18.96,19.88,-0.92,-4.6278,327029.28,626095.781
300421.SZ,20251016,19.66,20.69,19.5,19.88,20.59,-0.71,-3.4483,419100.88,838904.926
300421.SZ,20251015,20.06,21.11,19.58,20.59,19.99,0.6,3.0015,508745.3,1037050.614
300421.SZ,20251014,20.15,21.67,19.73,19.99,19.66,0.33,1.6785,438466.55,900574.118
300421.SZ,20251013,17.94,20.05,17.78,19.66,18.99,0.67,3.5282,439929.25,843560.767
300421.SZ,20251010,18.81,20.95,18.81,18.99,18.55,0.44,2.372,501814.6,986500.633
300421.SZ,20251009,19.2,19.5,18.39,18.55,19.03,-0.48,-2.5223,327457.26,620811.557
300421.SZ,20250930,19.22,19.42,18.61,19.03,19.21,-0.18,-0.937,348992.62,662445.828
300421.SZ,20250929,19.93,20.01,19.02,19.21,19.73,-0.52,-2.6356,466388.04,904511.15
300421.SZ,20250926,19.91,20.61,19.6,19.73,19.29,0.44,2.281,600211.51,1201178.859
300421.SZ,20250925,18.76,20.78,18.76,19.29,18.02,1.27,7.0477,891096.67,1764560.736
300421.SZ,20250924,15.7,18.84,15.44,18.02,15.7,2.32,14.7771,985718.62,1736959.907
300421.SZ,20250923,15.52,15.83,15.03,15.7,15.63,0.07,0.4479,181720.15,280262.325
300421.SZ,20250922,15.54,15.86,15.44,15.63,15.54,0.09,0.5792,122857.2,191847.236
300421.SZ,20250919,16.13,16.28,15.45,15.54,16.26,-0.72,-4.428,195185.2,307091.715
300421.SZ,20250918,16.6,16.82,15.98,16.26,16.5,-0.24,-1.4545,329707.6,544145.53
300421.SZ,20250917,16.2,16.74,16.2,16.5,17.0,-0.5,-2.9412,324383.2,534493.897
300421.SZ,20250916,15.75,17.15,15.63,17.0,15.78,1.22,7.7313,457599.44,751086.887
300421.SZ,20250915,15.09,15.93,15.08,15.78,15.16,0.62,4.0897,248005.88,387305.003
300421.SZ,20250912,15.38,15.42,15.13,15.16,15.38,-0.22,-1.4304,97060.6,148013.641
300421.SZ,20250911,15.1,15.38,14.9,15.38,15.12,0.26,1.7196,98051.0,149139.162
300421.SZ,20250910,15.29,15.43,15.05,15.12,15.29,-0.17,-1.1118,78769.04,119690.778
300421.SZ,20250909,15.52,15.55,15.18,15.29,15.51,-0.22,-1.4184,100255.0,153773.903
300421.SZ,20250908,15.0,15.59,14.99,15.51,14.98,0.53,3.5381,150269.4,231372.363
300421.SZ,20250905,14.66,15.02,14.63,14.98,14.66,0.32,2.1828,85676.36,127738.959
300421.SZ,20250904,14.83,15.09,14.43,14.66,14.84,-0.18,-1.2129,110574.24,164105.904
300421.SZ,20250903,15.59,15.81,14.79,14.84,15.66,-0.82,-5.2363,145206.96,220667.247
300421.SZ,20250902,15.44,15.83,14.84,15.66,15.39,0.27,1.7544,217576.41,332780.425
300421.SZ,20250901,15.6,15.85,15.38,15.39,15.6,-0.21,-1.3462,129534.96,201426.734
300421.SZ,20250829,15.83,15.93,15.52,15.6,15.84,-0.24,-1.5152,110434.2,173381.265
300421.SZ,20250828,15.94,16.15,15.25,15.84,16.01,-0.17,-1.0618,170815.2,268570.594
300421.SZ,20250827,16.82,16.86,15.74,16.01,16.78,-0.77,-4.5888,187448.32,310073.484
300421.SZ,20250826,17.0,17.0,16.76,16.78,17.06,-0.28,-1.6413,129692.29,218583.59
300421.SZ,20250825,17.05,17.2,16.84,17.06,17.0,0.06,0.3529,210835.88,358790.1
300421.SZ,20250822,16.52,17.22,16.45,17.0,16.53,0.47,2.8433,262908.04,442803.548
300421.SZ,20250821,16.8,16.9,16.41,16.53,16.89,-0.36,-2.1314,155216.58,257297.059
300421.SZ,20250820,16.75,16.97,16.64,16.89,16.92,-0.03,-0.1773,142978.48,240357.11
300421.SZ,20250819,16.51,17.06,16.28,16.92,16.51,0.41,2.4833,252338.86,422206.416
300421.SZ,20250818,16.6,16.72,16.46,16.51,16.54,-0.03,-0.1814,164491.32,273058.62
300421.SZ,20250815,16.23,16.63,16.18,16.54,16.23,0.31,1.91,155255.0,255539.012
300421.SZ,20250814,16.8,16.83,16.12,16.23,16.69,-0.46,-2.7561,161107.6,264131.963
300421.SZ,20250813,16.66,16.9,16.46,16.69,16.68,0.01,0.06,152390.14,253585.071
300421.SZ,20250812,16.98,16.98,16.46,16.68,17.15,-0.47,-2.7405,200571.59,334196.197
300421.SZ,20250811,16.92,17.4,16.85,17.15,16.97,0.18,1.0607,217264.68,371065.179
300421.SZ,20250808,17.0,17.35,16.79,16.97,17.01,-0.04,-0.2352,213942.52,365613.096
300421.SZ,20250807,17.21,17.21,16.75,17.01,17.23,-0.22,-1.2768,238762.07,404817.338
300421.SZ,20250806,16.09,17.35,16.09,17.23,16.17,1.06,6.5553,383468.78,645608.918
300421.SZ,20250805,16.12,16.32,15.9,16.17,16.11,0.06,0.3724,130071.42,209637.41
300421.SZ,20250804,15.62,16.13,15.5,16.11,15.65,0.46,2.9393,153091.18,243593.952
300421.SZ,20250801,15.43,15.66,15.37,15.65,15.4,0.25,1.6234,83651.19,129765.855
300421.SZ,20250731,15.5,15.72,15.36,15.4,15.55,-0.15,-0.9646,89816.0,139585.971
300421.SZ,20250730,15.88,15.93,15.38,15.55,15.96,-0.41,-2.5689,144987.76,225779.711
300421.SZ,20250729,15.66,16.0,15.66,15.96,15.87,0.09,0.5671,120012.16,189961.227
300421.SZ,20250728,16.8,16.88,15.73,15.87,16.0,-0.13,-0.8125,241946.02,389888.523
300421.SZ,20250725,16.2,16.32,15.89,16.0,16.24,-0.24,-1.4778,176651.52,282957.326
300421.SZ,20250724,16.05,16.51,16.05,16.24,16.19,0.05,0.3088,178468.93,291299.955
300421.SZ,20250723,16.8,16.85,16.12,16.19,17.06,-0.87,-5.0996,288394.45,470685.24
300421.SZ,20250722,16.81,17.12,16.61,17.06,16.59,0.47,2.833,357713.18,605105.69
300421.SZ,20250721,16.52,16.72,16.1,16.59,16.27,0.32,1.9668,248805.61,409020.587
300421.SZ,20250718,16.19,16.54,15.92,16.27,16.19,0.08,0.4941,220172.86,356024.423
300421.SZ,20250717,16.16,16.67,15.58,16.19,16.45,-0.26,-1.5805,360982.44,586239.417
300421.SZ,20250716,15.95,16.99,15.65,16.45,15.93,0.52,3.2643,383850.99,629320.588
300421.SZ,20250715,15.6,15.97,15.37,15.93,15.63,0.3,1.9194,234493.8,367144.293
300421.SZ,20250714,15.05,15.84,15.01,15.63,15.03,0.6,3.992,232817.78,360498.769
300421.SZ,20250711,14.91,15.16,14.73,15.03,14.97,0.06,0.4008,136901.58,204643.049
300421.SZ,20250710,15.01,15.18,14.82,14.97,15.25,-0.28,-1.8361,160569.97,240308.89
300421.SZ,20250709,14.86,15.78,14.86,15.25,14.77,0.48,3.2498,311549.25,479439.389
300421.SZ,20250708,14.51,14.84,14.47,14.77,14.54,0.23,1.5818,70282.75,103492.797
300421.SZ,20250707,14.53,14.72,14.41,14.54,14.54,0.0,0.0,49868.36,72272.397
300421.SZ,20250704,14.75,14.81,14.52,14.54,14.8,-0.26,-1.7568,76548.6,112156.955
300421.SZ,20250703,14.63,14.84,14.56,14.8,14.64,0.16,1.0929,66436.6,97837.616
300421.SZ,20250702,14.95,14.95,14.51,14.64,14.91,-0.27,-1.8109,71822.5,105399.447
300421.SZ,20250701,14.98,15.02,14.78,14.91,14.98,-0.07,-0.4673,84716.1,126279.22
300421.SZ,20250630,14.92,15.02,14.82,14.98,14.85,0.13,0.8754,76219.8,113922.859
300421.SZ,20250627,14.9,14.97,14.7,14.85,14.77,0.08,0.5416,82944.28,123084.158
300421.SZ,20250626,14.91,15.38,14.75,14.77,14.92,-0.15,-1.0054,154434.44,232315.936
300421.SZ,20250625,14.6,15.2,14.6,14.92,14.48,0.44,3.0387,208374.6,309904.94
300421.SZ,20250624,13.86,14.57,13.85,14.48,13.79,0.69,5.0036,149324.6,214503.297
300421.SZ,20250623,13.56,13.8,13.56,13.79,13.67,0.12,0.8778,63632.0,87348.817
300421.SZ,20250620,13.92,14.07,13.64,13.67,13.95,-0.28,-2.0072,82087.48,113046.939
300421.SZ,20250619,14.15,14.39,13.91,13.95,14.2,-0.25,-1.7606,111958.0,158770.442
300421.SZ,20250618,14.38,14.4,14.08,14.2,14.48,-0.28,-1.9337,104154.6,147723.037
300421.SZ,20250617,14.6,14.68,14.42,14.48,14.55,-0.07,-0.4811,66493.28,96456.835
300421.SZ,20250616,14.11,14.73,14.11,14.55,14.23,0.32,2.2488,91673.0,133092.705
300421.SZ,20250613,14.64,14.7,14.22,14.23,14.72,-0.49,-3.3288,108836.0,156680.213
300421.SZ,20250612,14.85,14.91,14.67,14.72,14.84,-0.12,-0.8086,86008.2,127090.971
300421.SZ,20250611,14.83,15.0,14.76,14.84,14.83,0.01,0.0674,97568.0,145270.747
300421.SZ,20250610,14.95,15.1,14.46,14.83,14.98,-0.15,-1.0013,115919.2,171726.08
300421.SZ,20250609,14.89,15.08,14.83,14.98,14.83,0.15,1.0115,90276.79,135144.984
300421.SZ,20250606,14.96,15.07,14.77,14.83,15.04,-0.21,-1.3963,98604.8,146656.848
300421.SZ,20250605,14.75,15.27,14.6,15.04,14.81,0.23,1.553,167672.0,250914.112
300421.SZ,20250604,14.7,14.93,14.66,14.81,14.64,0.17,1.1612,104887.08,155296.379
300421.SZ,20250603,14.46,14.78,14.46,14.64,14.62,0.02,0.1368,87014.27,127541.198
300421.SZ,20250530,15.01,15.06,14.55,14.62,15.12,-0.5,-3.3069,122709.72,180525.896
300421.SZ,20250529,14.91,15.35,14.91,15.12,14.99,0.13,0.8672,116609.4,177101.844
300421.SZ,20250528,15.1,15.36,14.91,14.99,15.1,-0.11,-0.7285,127685.0,192998.831
300421.SZ,20250527,15.45,15.52,15.05,15.22,15.45,-0.23,-1.4887,130380.8,198885.551
300421.SZ,20250526,15.15,15.48,15.01,15.45,15.77,-0.32,-2.0292,175414.16,267773.977
300421.SZ,20250523,16.25,16.46,15.75,15.77,16.18,-0.41,-2.534,173191.48,278588.52
300421.SZ,20250522,16.2,16.77,16.1,16.18,16.28,-0.1,-0.6143,179826.6,294166.256
300421.SZ,20250521,16.57,16.68,16.16,16.28,16.72,-0.44,-2.6316,177761.6,289707.126
300421.SZ,20250520,17.15,17.18,16.5,16.72,16.89,-0.17,-1.0065,166585.08,279889.517
300421.SZ,20250519,16.9,17.39,16.31,16.89,16.97,-0.08,-0.4714,201632.72,336619.499
300421.SZ,20250516,16.5,17.31,16.5,16.97,16.59,0.38,2.2905,248131.0,423625.503
300421.SZ,20250515,17.05,17.05,16.47,16.59,17.09,-0.5,-2.9257,192501.0,320165.504
300421.SZ,20250514,17.31,17.52,16.96,17.09,17.27,-0.18,-1.0423,232278.2,398600.81
300421.SZ,20250513,17.68,17.95,17.17,17.27,17.5,-0.23,-1.3143,320250.6,559639.55
300421.SZ,20250512,17.12,17.68,17.1,17.5,16.86,0.64,3.796,383243.4,666369.584
300421.SZ,20250509,17.35,17.45,16.6,16.86,17.53,-0.67,-3.822,283990.44,479765.418
300421.SZ,20250508,17.53,17.65,17.18,17.53,17.57,-0.04,-0.2277,378950.64,660109.559
300421.SZ,20250507,18.29,18.4,17.26,17.57,18.11,-0.54,-2.9818,545111.04,959330.063
300421.SZ,20250506,15.89,18.7,15.55,18.11,15.59,2.52,16.1642,698212.24,1205215.75
300421.SZ,20250430,15.17,15.77,15.0,15.59,15.12,0.47,3.1085,379427.4,585551.45
300421.SZ,20250429,14.3,15.36,14.2,15.12,14.44,0.68,4.7091,353319.76,528195.711
300421.SZ,20250428,14.78,14.83,14.34,14.44,14.82,-0.38,-2.5641,202710.0,294330.493
300421.SZ,20250425,14.43,15.03,14.43,14.82,14.25,0.57,4.0,324479.0,478785.695
300421.SZ,20250424,14.4,14.94,14.14,14.25,14.5,-0.25,-1.7241,260993.8,377854.642
300421.SZ,20250423,13.68,14.65,13.66,14.5,13.58,0.92,6.7747,362090.99,517749.629
300421.SZ,20250422,13.87,13.95,13.55,13.58,13.95,-0.37,-2.6523,147808.6,201837.723
300421.SZ,20250421,13.45,13.98,13.35,13.95,13.62,0.33,2.4229,171496.2,235466.511
300421.SZ,20250418,13.7,14.1,13.42,13.62,13.75,-0.13,-0.9455,160286.56,218590.363
300421.SZ,20250417,14.0,14.29,13.71,13.75,14.12,-0.37,-2.6204,180657.2,252368.088
300421.SZ,20250416,14.58,14.75,13.94,14.12,14.74,-0.62,-4.2062,221323.87,315775.432
300421.SZ,20250415,14.72,15.02,14.4,14.74,14.72,0.02,0.1359,248152.0,364641.746
300421.SZ,20250414,14.79,15.04,14.54,14.72,14.4,0.32,2.2222,258761.99,382934.441
300421.SZ,20250411,14.3,14.73,14.1,14.4,14.43,-0.03,-0.2079,292034.6,422561.596
300421.SZ,20250410,14.0,15.03,14.0,14.43,13.64,0.79,5.7918,463815.25,672334.942
300421.SZ,20250409,12.83,13.94,11.29,13.64,13.39,0.25,1.8671,496912.69,636822.689
300421.SZ,20250408,13.72,14.23,12.45,13.39,13.58,-0.19,-1.3991,505891.8,673756.863
300421.SZ,20250407,15.08,15.49,13.58,13.58,16.97,-3.39,-19.9764,404671.4,578742.766
300421.SZ,20250403,17.26,18.81,16.73,16.97,17.6,-0.63,-3.5795,484825.06,856358.755
300421.SZ,20250402,18.33,19.2,17.45,17.6,18.71,-1.11,-5.9327,585898.94,1063189.778
300421.SZ,20250401,17.95,19.59,17.74,18.71,18.23,0.48,2.633,798797.23,1491937.834
300421.SZ,20250331,17.21,18.58,15.86,18.23,17.77,0.46,2.5886,679398.64,1158006.861
300421.SZ,20250328,17.11,18.56,17.11,17.77,17.08,0.69,4.0398,781906.56,1396608.044
300421.SZ,20250327,19.0,19.39,17.01,17.08,18.89,-1.81,-9.5818,867851.98,1553513.705
300421.SZ,20250326,15.62,18.89,15.43,18.89,15.74,3.15,20.0127,475477.07,856255.142
300421.SZ,20250325,15.01,17.64,15.01,15.74,14.88,0.86,5.7796,584088.66,960037.751
300421.SZ,20250324,15.78,15.92,14.43,14.88,15.8,-0.92,-5.8228,314447.67,474523.712
300421.SZ,20250321,16.93,16.99,15.66,15.8,16.93,-1.13,-6.6745,422837.0,680200.051
300421.SZ,20250320,16.68,17.89,16.51,16.93,16.76,0.17,1.0143,623841.67,1073896.263
300421.SZ,20250319,15.65,17.41,15.58,16.76,15.85,0.91,5.7413,539687.1,893219.985
300421.SZ,20250318,15.06,15.94,14.95,15.85,15.07,0.78,5.1758,398988.68,618012.969
300421.SZ,20250317,14.65,15.08,14.44,15.07,14.68,0.39,2.6567,199475.8,295360.723
300421.SZ,20250314,14.19,14.79,14.04,14.68,14.23,0.45,3.1623,195969.76,283694.063
300421.SZ,20250313,14.9,14.96,14.0,14.23,14.98,-0.75,-5.0067,269388.96,385359.65
300421.SZ,20250312,15.08,15.27,14.88,14.98,15.1,-0.12,-0.7947,223064.6,336412.151
300421.SZ,20250311,15.19,15.53,14.84,15.1,15.51,-0.41,-2.6435,250046.59,378291.002
300421.SZ,20250310,15.33,15.59,15.08,15.51,15.35,0.16,1.0423,271086.05,416481.627
300421.SZ,20250307,15.1,15.57,15.0,15.35,15.33,0.02,0.1305,283841.32,433883.651
300421.SZ,20250306,15.01,15.65,14.95,15.33,15.05,0.28,1.8605,395241.85,608571.148
300421.SZ,20250305,14.69,15.15,14.61,15.05,14.72,0.33,2.2418,319426.91,475759.968
300421.SZ,20250304,14.27,15.01,14.18,14.72,14.52,0.2,1.3774,302623.56,447375.299
300421.SZ,20250303,15.12,15.24,14.33,14.52,15.07,-0.55,-3.6496,343783.56,503845.602
300421.SZ,20250228,16.43,16.51,15.0,15.07,16.51,-1.44,-8.722,478363.05,736611.963
300421.SZ,20250227,17.37,17.66,16.15,16.51,17.8,-1.29,-7.2472,780391.24,1314932.387
300421.SZ,20250226,15.17,17.8,15.13,17.8,14.83,2.97,20.027,946779.26,1622151.904
300421.SZ,20250225,14.23,15.44,14.1,14.83,14.44,0.39,2.7008,424983.61,633168.617
300421.SZ,20250224,14.18,14.64,13.87,14.44,14.31,0.13,0.9085,307670.13,441650.85
300421.SZ,20250221,14.31,14.48,14.04,14.31,14.51,-0.2,-1.3784,329943.61,469648.89
300421.SZ,20250220,13.78,14.68,13.73,14.51,13.72,0.79,5.758,463660.46,659688.029
300421.SZ,20250219,12.78,13.74,12.73,13.72,12.88,0.84,6.5217,340707.77,460916.641
300421.SZ,20250218,13.08,13.38,12.83,12.88,13.2,-0.32,-2.4242,173114.88,226272.202
300421.SZ,20250217,12.79,13.22,12.76,13.2,12.75,0.45,3.5294,208922.6,273045.199
300421.SZ,20250214,13.15,13.29,12.69,12.75,13.19,-0.44,-3.3359,210872.2,272506.705
300421.SZ,20250213,13.95,13.98,13.11,13.19,13.93,-0.74,-5.3123,266619.68,359116.377
300421.SZ,20250212,12.97,14.47,12.7,13.93,13.04,0.89,6.8252,438983.51,604827.379
300421.SZ,20250211,12.92,13.1,12.81,13.04,13.0,0.04,0.3077,172977.12,224522.573
300421.SZ,20250210,13.06,13.2,12.69,13.0,13.15,-0.15,-1.1407,191176.52,247374.928
300421.SZ,20250207,13.18,13.45,12.91,13.15,13.33,-0.18,-1.3503,277393.8,366323.725
300421.SZ,20250206,12.5,13.45,12.5,13.33,12.6,0.73,5.7937,260144.37,340607.647
300421.SZ,20250205,12.6,12.7,12.4,12.6,12.41,0.19,1.531,149142.6,187542.55
300421.SZ,20250127,12.92,13.03,12.35,12.41,12.89,-0.48,-3.7238,154159.33,193091.801
300421.SZ,20250124,12.53,12.92,12.43,12.89,12.65,0.24,1.8972,186760.53,237388.865
300421.SZ,20250123,12.7,13.18,12.59,12.65,12.63,0.02,0.1584,229442.4,294867.717
300421.SZ,20250122,12.67,12.79,12.47,12.63,12.8,-0.17,-1.3281,165093.01,208730.698
300421.SZ,20250121,12.49,12.88,12.38,12.8,12.44,0.36,2.8939,252335.01,319498.273
300421.SZ,20250120,12.32,12.51,12.1,12.44,12.27,0.17,1.3855,178761.6,220934.751
300421.SZ,20250117,12.04,12.58,12.04,12.27,12.16,0.11,0.9046,192767.4,237760.02
300421.SZ,20250116,12.32,12.43,11.95,12.16,12.24,-0.08,-0.6536,169329.4,206635.845
300421.SZ,20250115,12.33,12.49,12.18,12.24,12.4,-0.16,-1.2903,204227.84,251328.665
300421.SZ,20250114,11.6,12.45,11.46,12.4,11.59,0.81,6.9888,285342.68,346049.627
300421.SZ,20250113,11.04,12.09,10.9,11.59,11.23,0.36,3.2057,240109.24,277948.274
300421.SZ,20250110,11.44,11.81,11.23,11.23,11.46,-0.23,-2.007,191167.84,220761.618
300421.SZ,20250109,11.0,11.69,10.91,11.46,11.06,0.4,3.6166,194596.47,220288.012
688017.SH,20260702,424.36,458.0,403.99,413.05,423.98,-10.93,-2.578,208697.77,9017661.502
688017.SH,20260701,406.0,434.96,400.28,423.98,417.86,6.12,1.4646,191196.75,7939265.026
688017.SH,20260630,372.0,422.0,362.0,417.86,361.62,56.24,15.5522,209997.72,8251774.361
688017.SH,20260629,368.22,371.98,345.0,361.62,369.46,-7.84,-2.122,136530.75,4889780.848
688017.SH,20260626,385.66,396.76,368.95,369.46,391.0,-21.54,-5.509,121304.98,4605056.007
688017.SH,20260625,380.0,404.0,373.0,391.0,383.18,7.82,2.0408,146611.75,5712242.48
688017.SH,20260624,378.0,394.5,368.0,383.18,378.53,4.65,1.2284,121114.73,4645075.066
688017.SH,20260623,381.0,394.99,366.15,378.53,393.31,-14.78,-3.7579,127751.93,4857324.844
688017.SH,20260622,404.15,415.76,376.33,393.31,408.01,-14.7,-3.6029,194356.79,7681348.253
688017.SH,20260618,381.6,413.82,375.64,408.01,381.6,26.41,6.9209,192016.16,7694417.272
688017.SH,20260617,370.88,384.98,364.47,381.6,376.22,5.38,1.43,130002.67,4896291.507
688017.SH,20260616,371.99,384.97,363.5,376.22,372.62,3.6,0.9661,143780.36,5400290.25
688017.SH,20260615,355.0,373.9,347.98,372.62,351.0,21.62,6.1595,150832.85,5496760.095
688017.SH,20260612,372.18,386.99,348.0,351.0,367.0,-16.0,-4.3597,224884.97,8193027.258
688017.SH,20260611,402.1,407.96,362.0,367.0,424.0,-57.0,-13.4434,217755.41,8192869.071
688017.SH,20260610,412.0,431.31,400.13,424.0,420.17,3.83,0.9115,193172.72,8100965.453
688017.SH,20260609,413.0,429.2,393.98,420.17,428.25,-8.08,-1.8867,203291.72,8451108.143
688017.SH,20260608,375.54,450.2,375.45,428.25,393.0,35.25,8.9695,290407.69,11949975.351
688017.SH,20260605,322.78,393.0,314.9,393.0,327.5,65.5,20.0,223937.59,7928886.998
688017.SH,20260604,310.01,340.6,310.0,327.5,314.88,12.62,4.0079,144596.29,4759006.614
688017.SH,20260603,304.09,330.58,304.0,314.88,306.0,8.88,2.902,138193.13,4419268.412
688017.SH,20260602,299.98,318.77,299.98,306.0,287.3,18.7,6.5089,128645.21,3964868.856
688017.SH,20260601,305.0,309.68,287.0,287.3,306.0,-18.7,-6.1111,116903.53,3458758.787
688017.SH,20260529,319.99,332.57,302.0,306.0,316.13,-10.13,-3.2044,119840.55,3793203.537
688017.SH,20260528,318.02,318.8,301.04,316.13,321.0,-4.87,-1.5171,128467.67,4016887.663
688017.SH,20260527,332.8,341.2,318.8,321.0,338.47,-17.47,-5.1615,174649.5,5763150.591
688017.SH,20260526,351.3,383.88,325.01,338.47,349.0,-10.53,-3.0172,187238.39,6655744.552
688017.SH,20260525,338.58,359.8,330.23,349.0,342.0,7.0,2.0468,122539.81,4191484.645
688017.SH,20260522,335.0,344.2,322.72,342.0,335.0,7.0,2.0896,132328.77,4435173.433
688017.SH,20260521,321.0,353.8,320.99,335.0,323.66,11.34,3.5037,184043.28,6231609.815
688017.SH,20260520,320.0,325.99,315.45,323.66,326.17,-2.51,-0.7695,103037.01,3312494.511
688017.SH,20260519,323.0,332.8,315.01,326.17,322.88,3.29,1.019,139023.85,4502086.5
688017.SH,20260518,300.0,331.76,297.36,322.88,305.5,17.38,5.689,166182.45,5302344.777
688017.SH,20260515,265.5,315.0,262.0,305.5,265.0,40.5,15.283,201244.25,5845814.799
688017.SH,20260514,282.0,282.74,265.0,265.0,279.65,-14.65,-5.2387,121145.25,3302698.977
688017.SH,20260513,268.88,282.09,265.0,279.65,273.87,5.78,2.1105,105465.24,2896291.714
688017.SH,20260512,269.0,279.5,266.04,273.87,271.0,2.87,1.059,115062.43,3139150.748
688017.SH,20260511,265.86,277.77,260.21,271.0,262.99,8.01,3.0457,147361.75,3983938.651
688017.SH,20260508,230.5,270.99,228.58,262.99,230.48,32.51,14.1053,164801.05,4189243.596
688017.SH,20260507,227.56,233.0,224.1,230.48,226.81,3.67,1.6181,68454.59,1572550.583
688017.SH,20260506,228.0,230.5,222.0,226.81,224.12,2.69,1.2002,76554.55,1743944.466
688017.SH,20260430,214.1,229.62,214.1,224.12,215.01,9.11,4.237,83440.1,1870403.691
688017.SH,20260429,205.03,216.16,205.0,215.01,207.65,7.36,3.5444,64103.25,1365030.924
688017.SH,20260428,212.0,217.0,206.21,207.65,213.8,-6.15,-2.8765,60878.67,1278461.707
688017.SH,20260427,204.53,216.99,204.0,213.8,205.26,8.54,4.1606,71199.88,1512577.757
688017.SH,20260424,202.9,207.99,200.6,205.26,203.77,1.49,0.7312,52989.0,1080785.465
688017.SH,20260423,214.0,214.0,202.34,203.77,219.99,-16.22,-7.3731,98665.06,2047420.122
688017.SH,20260422,210.9,220.0,209.6,219.99,213.32,6.67,3.1268,68006.44,1467268.862
688017.SH,20260421,212.14,216.25,207.17,213.32,210.77,2.55,1.2098,50921.93,1076902.593
688017.SH,20260420,214.33,216.33,209.36,210.77,213.0,-2.23,-1.0469,60970.01,1294017.385
688017.SH,20260417,206.0,213.74,202.28,213.0,207.98,5.02,2.4137,58150.86,1215355.609
688017.SH,20260416,212.0,213.77,204.0,207.98,206.5,1.48,0.7167,50055.15,1039493.862
688017.SH,20260415,209.0,213.82,205.88,206.5,206.9,-0.4,-0.1933,59752.48,1255402.682
688017.SH,20260414,206.19,207.85,202.73,206.9,202.98,3.92,1.9312,44242.27,908834.735
688017.SH,20260413,201.0,206.5,200.02,202.98,204.0,-1.02,-0.5,39534.54,804451.104
688017.SH,20260410,202.1,207.98,201.08,204.0,199.28,4.72,2.3685,50437.54,1032432.468
688017.SH,20260409,199.99,202.12,197.35,199.28,203.45,-4.17,-2.0496,39799.76,794983.83
688017.SH,20260408,195.0,203.5,193.0,203.45,185.66,17.79,9.582,71686.86,1430841.837
688017.SH,20260407,187.9,189.49,183.41,185.66,187.3,-1.64,-0.8756,30490.48,567862.637
688017.SH,20260403,193.49,195.0,186.51,187.3,193.5,-6.2,-3.2041,44762.45,847178.659
688017.SH,20260402,200.0,200.76,192.58,193.5,201.99,-8.49,-4.2032,45663.02,895328.45
688017.SH,20260401,192.11,205.68,192.11,201.99,187.16,14.83,7.9237,92425.9,1845542.023
688017.SH,20260331,191.99,194.85,187.1,187.16,191.26,-4.1,-2.1437,41429.83,790145.745
688017.SH,20260330,183.0,192.12,183.0,191.26,187.66,3.6,1.9184,41323.45,779614.026
688017.SH,20260327,185.01,190.28,182.8,187.66,188.3,-0.64,-0.3399,39583.22,739114.591
688017.SH,20260326,187.92,193.33,186.6,188.3,187.97,0.33,0.1756,51148.99,970703.104
688017.SH,20260325,183.05,189.85,183.05,187.97,181.99,5.98,3.2859,49128.14,920454.206
688017.SH,20260324,183.6,185.5,176.1,181.99,180.88,1.11,0.6137,44571.64,802627.842
688017.SH,20260323,183.71,193.5,180.03,180.88,186.02,-5.14,-2.7631,67166.69,1255990.273
688017.SH,20260320,192.8,193.03,186.0,186.02,189.65,-3.63,-1.9141,36152.67,685601.646
688017.SH,20260319,190.02,193.95,189.0,189.65,194.8,-5.15,-2.6437,36341.63,695063.844
688017.SH,20260318,192.8,197.49,191.3,194.8,190.51,4.29,2.2519,33981.61,661795.264
688017.SH,20260317,197.46,198.49,190.51,190.51,196.25,-5.74,-2.9248,35343.17,686064.842
688017.SH,20260316,195.51,197.98,189.7,196.25,198.0,-1.75,-0.8838,50530.98,976107.04
688017.SH,20260313,202.51,204.34,197.6,198.0,204.71,-6.71,-3.2778,46016.19,923659.707
688017.SH,20260312,207.96,210.68,203.0,204.71,208.7,-3.99,-1.9118,38129.86,785515.453
688017.SH,20260311,214.66,215.55,208.35,208.7,215.8,-7.1,-3.2901,46716.07,988295.059
688017.SH,20260310,212.04,217.3,211.0,215.8,208.34,7.46,3.5807,54413.47,1165302.465
688017.SH,20260309,204.03,209.66,200.1,208.34,212.45,-4.11,-1.9346,59425.09,1211869.114
688017.SH,20260306,212.66,216.88,211.69,212.45,212.99,-0.54,-0.2535,35822.47,766749.533
688017.SH,20260305,217.95,218.18,211.66,212.99,211.2,1.79,0.8475,44026.24,946779.48
688017.SH,20260304,208.91,214.88,208.91,211.2,209.58,1.62,0.773,58432.72,1241869.454
688017.SH,20260303,226.9,229.0,209.05,209.58,227.55,-17.97,-7.8972,104316.82,2260971.692
688017.SH,20260302,224.0,235.0,222.35,227.55,232.37,-4.82,-2.0743,84157.9,1913594.894
688017.SH,20260227,233.0,237.9,229.3,232.37,237.03,-4.66,-1.966,57213.52,1335099.684
688017.SH,20260226,233.0,243.95,230.9,237.03,236.6,0.43,0.1817,87770.45,2091416.355
688017.SH,20260225,228.05,237.88,223.01,236.6,232.7,3.9,1.676,94006.93,2157291.295
688017.SH,20260224,242.42,248.42,226.0,232.7,242.38,-9.68,-3.9937,130951.59,3086510.608
688017.SH,20260213,231.0,242.53,228.25,242.38,234.48,7.9,3.3692,99918.58,2373978.672
688017.SH,20260212,230.51,237.66,229.79,234.48,228.8,5.68,2.4825,73563.79,1720232.303
688017.SH,20260211,228.0,236.8,225.01,228.8,229.0,-0.2,-0.0873,61530.46,1416120.489
688017.SH,20260210,226.5,233.78,225.0,229.0,226.12,2.88,1.2737,82858.95,1897416.604
688017.SH,20260209,221.0,227.0,215.5,226.12,217.4,8.72,4.011,88915.46,1970498.504
688017.SH,20260206,202.0,224.68,198.48,217.4,205.12,12.28,5.9867,122211.14,2616926.611
688017.SH,20260205,210.0,211.82,202.8,205.12,216.51,-11.39,-5.2607,80441.67,1658421.489
688017.SH,20260204,221.56,223.99,212.5,216.51,224.99,-8.48,-3.7691,87283.59,1890596.781
688017.SH,20260203,220.54,230.0,216.0,224.99,219.28,5.71,2.604,110344.82,2478793.128
688017.SH,20260202,226.0,232.28,216.28,219.28,229.0,-9.72,-4.2445,113605.5,2533922.586
688017.SH,20260130,212.96,241.98,205.12,229.0,212.46,16.54,7.785,147291.4,3267485.728
688017.SH,20260129,210.4,224.22,210.2,212.46,210.54,1.92,0.9119,91245.65,1985136.211
688017.SH,20260128,218.0,219.88,208.89,210.54,221.0,-10.46,-4.733,80315.96,1709290.222
688017.SH,20260127,203.7,224.1,200.94,221.0,204.4,16.6,8.1213,125591.32,2657945.783
688017.SH,20260126,225.0,229.68,203.68,204.4,216.21,-11.81,-5.4623,115530.23,2462211.59
688017.SH,20260123,211.5,224.5,211.5,216.21,211.7,4.51,2.1304,80359.23,1746396.58
688017.SH,20260122,216.0,221.03,207.89,211.7,215.0,-3.3,-1.5349,81840.67,1747403.218
688017.SH,20260121,212.78,219.97,210.5,215.0,216.44,-1.44,-0.6653,78433.63,1683120.643
688017.SH,20260120,214.42,223.3,212.61,216.44,214.35,2.09,0.975,91895.86,1993758.519
688017.SH,20260119,223.0,224.92,213.8,214.35,220.5,-6.15,-2.7891,117041.39,2555126.275
688017.SH,20260116,201.03,228.66,201.03,220.5,200.87,19.63,9.7725,156545.63,3395532.602
688017.SH,20260115,199.6,205.8,195.08,200.87,200.0,0.87,0.435,99746.3,1988296.026
688017.SH,20260114,203.0,220.66,198.6,200.0,205.0,-5.0,-2.439,145357.15,3024784.175
688017.SH,20260113,197.88,215.24,195.0,205.0,198.0,7.0,3.5354,143387.71,2975491.459
688017.SH,20260112,196.08,199.88,191.83,198.0,195.7,2.3,1.1753,94856.33,1861843.822
688017.SH,20260109,190.0,199.77,190.0,195.7,191.0,4.7,2.4607,87825.44,1720297.801
688017.SH,20260108,189.0,194.66,188.0,191.0,190.88,0.12,0.0629,69907.9,1340199.411
688017.SH,20260107,195.0,198.66,189.18,190.88,199.8,-8.92,-4.4645,108176.58,2087339.2
688017.SH,20260106,191.36,203.77,191.36,199.8,191.06,8.74,4.5745,112850.29,2219699.366
688017.SH,20260105,187.5,196.0,187.03,191.06,192.1,-1.04,-0.5414,100185.97,1917090.78
688017.SH,20251231,191.07,196.52,185.21,192.1,191.1,1.0,0.5233,112156.56,2145182.213
688017.SH,20251230,172.02,200.0,171.5,191.1,175.01,16.09,9.1938,149692.73,2760467.222
688017.SH,20251229,168.42,179.45,168.11,175.01,169.48,5.53,3.2629,83248.97,1451660.766
688017.SH,20251226,167.2,172.0,165.2,169.48,167.24,2.24,1.3394,61369.79,1032276.575
688017.SH,20251225,160.89,170.0,159.82,167.24,159.75,7.49,4.6886,72028.71,1191681.63
688017.SH,20251224,156.38,159.96,155.6,159.75,156.35,3.4,2.1746,34221.73,540888.178
688017.SH,20251223,159.24,159.24,155.6,156.35,159.35,-3.0,-1.8826,33407.95,525159.897
688017.SH,20251222,157.27,160.85,155.15,159.35,154.14,5.21,3.38,52834.05,835792.041
688017.SH,20251219,152.9,156.28,152.9,154.14,151.76,2.38,1.5683,28150.9,435608.737
688017.SH,20251218,152.17,156.22,151.48,151.76,154.66,-2.9,-1.8751,26082.51,400212.27
688017.SH,20251217,151.0,155.0,150.03,154.66,150.68,3.98,2.6414,29266.69,447009.752
688017.SH,20251216,152.99,155.35,149.9,150.68,153.67,-2.99,-1.9457,26722.6,405223.24
688017.SH,20251215,153.0,157.77,152.2,153.67,153.5,0.17,0.1107,42062.12,656366.202
688017.SH,20251212,153.29,155.0,150.79,153.5,153.84,-0.34,-0.221,51119.9,781812.194
688017.SH,20251211,158.19,158.9,153.8,153.84,158.27,-4.43,-2.799,40635.61,633183.616
688017.SH,20251210,156.61,158.94,156.13,158.27,157.79,0.48,0.3042,32530.9,512490.126
688017.SH,20251209,157.11,160.77,156.61,157.79,158.92,-1.13,-0.711,39424.23,625333.051
688017.SH,20251208,157.32,159.8,155.07,158.92,157.49,1.43,0.908,58745.64,926072.651
688017.SH,20251205,152.0,157.5,151.43,157.49,153.21,4.28,2.7936,60830.22,944534.89
688017.SH,20251204,150.0,157.66,149.32,153.21,145.45,7.76,5.3352,93297.52,1429965.349
688017.SH,20251203,144.92,145.98,142.86,145.45,144.39,1.06,0.7341,19869.36,285857.045
688017.SH,20251202,149.97,149.97,144.12,144.39,149.9,-5.51,-3.6758,34518.87,504531.019
688017.SH,20251201,146.71,149.9,146.53,149.9,146.93,2.97,2.0214,35684.79,529618.461
688017.SH,20251128,144.4,147.35,143.0,146.93,144.8,2.13,1.471,32613.73,475005.953
688017.SH,20251127,145.01,147.55,144.2,144.8,145.31,-0.51,-0.351,27959.64,407693.571
688017.SH,20251126,142.8,146.68,141.9,145.31,143.71,1.6,1.1134,33433.77,485260.795
688017.SH,20251125,147.0,147.71,143.53,143.71,145.51,-1.8,-1.237,42573.37,619582.563
688017.SH,20251124,143.81,148.0,140.5,145.51,143.35,2.16,1.5068,36053.16,519310.285
688017.SH,20251121,140.3,146.46,139.62,143.35,141.92,1.43,1.0076,42801.31,613657.585
688017.SH,20251120,145.79,146.48,141.9,141.92,143.88,-1.96,-1.3622,22275.94,319878.744
688017.SH,20251119,145.8,147.38,143.57,143.88,146.12,-2.24,-1.533,20535.6,297776.517
688017.SH,20251118,144.48,147.0,143.22,146.12,144.77,1.35,0.9325,23383.54,340714.848
688017.SH,20251117,143.5,146.51,143.01,144.77,143.79,0.98,0.6815,19599.64,284254.204
688017.SH,20251114,145.98,147.2,143.46,143.79,147.8,-4.01,-2.7131,25293.27,367258.483
688017.SH,20251113,146.08,149.29,145.0,147.8,146.92,0.88,0.599,27100.78,400004.253
688017.SH,20251112,151.2,152.82,145.88,146.92,150.05,-3.13,-2.086,38575.93,573754.486
688017.SH,20251111,154.31,154.86,149.22,150.05,152.52,-2.47,-1.6195,30483.73,462183.566
688017.SH,20251110,156.6,158.53,151.58,152.52,156.53,-4.01,-2.5618,35231.11,540530.105
688017.SH,20251107,163.8,163.8,156.5,156.53,160.9,-4.37,-2.716,40122.03,634740.902
688017.SH,20251106,153.48,163.68,153.04,160.9,150.5,10.4,6.9103,66975.93,1061683.21
688017.SH,20251105,150.06,153.61,149.09,150.5,154.6,-4.1,-2.652,33500.78,506836.058
688017.SH,20251104,159.41,159.44,153.58,154.6,159.5,-4.9,-3.0721,40183.63,625538.326
688017.SH,20251103,164.88,165.82,158.51,159.5,163.24,-3.74,-2.2911,47838.04,774328.714
688017.SH,20251031,161.84,167.7,160.66,163.24,159.92,3.32,2.076,64238.73,1056866.208
688017.SH,20251030,161.9,164.09,159.0,159.92,161.91,-1.99,-1.2291,45329.8,729431.084
688017.SH,20251029,159.82,161.91,158.1,161.91,159.92,1.99,1.2444,39634.51,633754.04
688017.SH,20251028,160.2,163.0,157.7,159.92,160.36,-0.44,-0.2744,52576.21,843389.632
688017.SH,20251027,161.95,162.88,157.26,160.36,159.5,0.86,0.5392,47831.18,764904.851
688017.SH,20251024,156.1,160.0,156.1,159.5,154.51,4.99,3.2296,41505.64,656575.591
688017.SH,20251023,155.0,155.0,150.6,154.51,155.7,-1.19,-0.7643,31369.12,478484.282
688017.SH,20251022,154.0,157.77,153.0,155.7,156.4,-0.7,-0.4476,32879.98,511193.053
688017.SH,20251021,156.92,157.81,153.58,156.4,155.68,0.72,0.4625,46831.13,730019.68
688017.SH,20251020,155.65,159.36,152.99,155.68,152.6,3.08,2.0183,46288.59,723100.866
688017.SH,20251017,156.0,158.26,151.95,152.6,156.65,-4.05,-2.5854,38358.29,594035.849
688017.SH,20251016,157.09,158.64,156.0,156.65,160.95,-4.3,-2.6716,32039.68,503735.233
688017.SH,20251015,153.99,162.82,151.8,160.95,153.27,7.68,5.0108,58419.72,920745.727
688017.SH,20251014,167.86,167.86,152.2,153.27,164.89,-11.62,-7.0471,71406.27,1133593.181
688017.SH,20251013,160.0,166.5,160.0,164.89,173.0,-8.11,-4.6879,71095.24,1162133.236
688017.SH,20251010,179.0,185.27,170.42,173.0,180.12,-7.12,-3.9529,71812.72,1266461.774
688017.SH,20251009,180.4,183.94,172.02,180.12,180.78,-0.66,-0.3651,70537.49,1270288.805
688017.SH,20250930,179.0,181.88,178.07,180.78,178.7,2.08,1.164,57835.39,1040997.916
688017.SH,20250929,171.71,180.96,171.05,178.7,171.79,6.91,4.0224,67203.19,1192143.492
688017.SH,20250926,175.0,177.06,171.35,171.79,177.51,-5.72,-3.2224,46316.54,805536.494
688017.SH,20250925,178.88,180.86,176.01,177.51,178.02,-0.51,-0.2865,64058.33,1142991.459
688017.SH,20250924,168.99,178.88,167.81,178.02,170.54,7.48,4.3861,88635.05,1546758.042
688017.SH,20250923,172.88,174.68,166.0,170.54,172.39,-1.85,-1.0731,72200.76,1228267.489
688017.SH,20250922,170.98,172.8,169.58,172.39,169.92,2.47,1.4536,66979.29,1147143.017
688017.SH,20250919,177.0,178.0,169.0,169.92,182.19,-12.27,-6.7347,112286.92,1931317.2
688017.SH,20250918,182.87,192.68,174.6,182.19,179.38,2.81,1.5665,169568.02,3133363.941
688017.SH,20250917,180.0,186.69,176.0,179.38,180.39,-1.01,-0.5599,130276.48,2352971.976
688017.SH,20250916,175.0,182.88,171.38,180.39,171.8,8.59,5.0,132726.73,2354033.141
688017.SH,20250915,165.85,178.0,164.84,171.8,166.03,5.77,3.4753,123406.44,2141262.355
688017.SH,20250912,168.8,173.0,163.98,166.03,165.88,0.15,0.0904,102291.14,1721812.798
688017.SH,20250911,161.79,166.57,159.69,165.88,161.48,4.4,2.7248,99141.79,1625541.941
688017.SH,20250910,162.49,166.8,160.53,161.48,162.5,-1.02,-0.6277,81414.99,1329375.088
688017.SH,20250909,167.0,167.0,161.68,162.5,168.7,-6.2,-3.6752,96750.87,1577963.286
688017.SH,20250908,147.65,171.0,147.58,168.7,147.15,21.55,14.6449,179175.43,2953321.142
688017.SH,20250905,143.41,147.42,142.08,147.15,144.05,3.1,2.152,72807.41,1059173.997
688017.SH,20250904,155.0,156.11,142.0,144.05,154.45,-10.4,-6.7336,107220.54,1584861.016
688017.SH,20250903,162.0,163.5,152.98,154.45,159.69,-5.24,-3.2814,96510.25,1517453.181
688017.SH,20250902,151.29,165.0,144.17,159.69,151.35,8.34,5.5104,165694.38,2550348.531
688017.SH,20250901,151.81,154.69,147.77,151.35,150.76,0.59,0.3914,74560.48,1124842.671
688017.SH,20250829,150.5,153.36,146.02,150.76,150.89,-0.13,-0.0862,71921.11,1076278.2
688017.SH,20250828,147.85,151.15,145.66,150.89,148.66,2.23,1.5001,83434.8,1239212.372
688017.SH,20250827,152.0,159.55,148.61,148.66,151.75,-3.09,-2.0362,100962.26,1560592.613
688017.SH,20250826,151.98,154.2,151.0,151.75,154.7,-2.95,-1.9069,51492.61,784976.005
688017.SH,20250825,152.0,159.5,151.55,154.7,150.01,4.69,3.1265,104707.24,1626131.599
688017.SH,20250822,146.66,150.21,146.21,150.01,145.96,4.05,2.7747,70469.08,1048704.135
688017.SH,20250821,149.88,150.86,145.08,145.96,149.01,-3.05,-2.0468,58885.4,867932.321
688017.SH,20250820,150.7,150.7,145.47,149.01,151.18,-2.17,-1.4354,74628.5,1104513.594
688017.SH,20250819,147.48,154.44,145.68,151.18,147.46,3.72,2.5227,99141.61,1486591.184
688017.SH,20250818,149.66,151.77,145.51,147.46,148.31,-0.85,-0.5731,97263.52,1439180.737
688017.SH,20250815,137.52,149.47,137.02,148.31,137.64,10.67,7.7521,118812.37,1718336.978
688017.SH,20250814,138.3,140.7,134.5,137.64,138.51,-0.87,-0.6281,71724.48,989427.85
688017.SH,20250813,137.59,138.79,135.28,138.51,137.11,1.4,1.0211,50319.85,690739.707
688017.SH,20250812,136.11,137.5,134.3,137.11,137.0,0.11,0.0803,37341.7,507117.359
688017.SH,20250811,134.55,138.48,134.21,137.0,134.2,2.8,2.0864,47218.94,644742.638
688017.SH,20250808,138.52,138.57,133.8,134.2,138.6,-4.4,-3.1746,45184.26,611307.114
688017.SH,20250807,141.5,141.5,136.54,138.6,140.13,-1.53,-1.0918,60933.37,841816.314
688017.SH,20250806,134.63,142.0,133.07,140.13,133.99,6.14,4.5824,104098.28,1440425.788
688017.SH,20250805,133.98,134.58,132.04,133.99,133.98,0.01,0.0075,43613.84,581716.372
688017.SH,20250804,127.6,134.22,127.15,133.98,127.51,6.47,5.0741,71890.35,948221.199
688017.SH,20250801,129.4,131.44,126.17,127.51,129.66,-2.15,-1.6582,40985.44,525241.406
688017.SH,20250731,127.75,134.48,127.38,129.66,127.8,1.86,1.4554,68720.4,905182.424
688017.SH,20250730,129.99,130.2,126.54,127.8,130.4,-2.6,-1.9939,38541.86,495303.217
688017.SH,20250729,129.0,131.68,128.33,130.4,129.83,0.57,0.439,34905.6,453603.549
688017.SH,20250728,132.35,133.88,129.66,129.83,130.45,-0.62,-0.4753,38738.11,507822.732
688017.SH,20250725,130.8,130.87,128.3,130.45,130.29,0.16,0.1228,32765.0,424467.33
688017.SH,20250724,128.88,131.67,128.88,130.29,128.8,1.49,1.1568,38988.43,509077.837
688017.SH,20250723,128.8,130.75,128.03,128.8,130.4,-1.6,-1.227,42124.08,544561.596
688017.SH,20250722,133.0,133.6,130.0,130.4,134.67,-4.27,-3.1707,59281.27,778161.76
688017.SH,20250721,132.1,138.0,130.78,134.67,128.89,5.78,4.4844,82439.32,1109577.228
688017.SH,20250718,130.3,130.97,127.6,128.89,129.01,-0.12,-0.093,39427.96,507695.449
688017.SH,20250717,125.0,130.88,124.61,129.01,126.39,2.62,2.0729,63789.16,819461.39
688017.SH,20250716,124.5,129.2,123.74,126.39,124.4,1.99,1.5997,57714.24,730993.85
688017.SH,20250715,125.0,125.27,122.25,124.4,124.72,-0.32,-0.2566,40596.84,502460.992
688017.SH,20250714,123.49,126.0,121.99,124.72,121.89,2.83,2.3218,54537.09,677249.157
688017.SH,20250711,118.08,123.85,117.88,121.89,118.86,3.03,2.5492,53533.1,649293.954
688017.SH,20250710,116.74,119.47,116.67,118.86,118.09,0.77,0.652,28769.62,339091.077
688017.SH,20250709,122.0,123.88,117.66,118.09,118.79,-0.7,-0.5893,48848.49,590926.175
688017.SH,20250708,115.32,119.29,114.66,118.79,115.12,3.67,3.188,35343.33,415912.091
688017.SH,20250707,117.0,117.0,114.23,115.12,119.06,-3.94,-3.3093,42861.76,494410.388
688017.SH,20250704,121.0,121.66,117.82,119.06,120.1,-1.04,-0.8659,24074.09,287398.829
688017.SH,20250703,119.91,121.17,118.9,120.1,120.05,0.05,0.0416,17729.38,212380.751
688017.SH,20250702,122.2,123.13,119.0,120.05,123.14,-3.09,-2.5093,25425.54,305891.013
688017.SH,20250701,124.28,124.97,122.22,123.14,124.89,-1.75,-1.4012,22443.51,276694.229
688017.SH,20250630,124.8,126.37,123.58,124.89,124.1,0.79,0.6366,27684.42,346153.401
688017.SH,20250627,124.65,125.7,123.23,124.1,124.11,-0.01,-0.0081,24140.58,300511.239
688017.SH,20250626,126.9,128.33,124.09,124.11,126.93,-2.82,-2.2217,34749.02,438508.46
688017.SH,20250625,125.47,127.03,124.44,126.93,125.7,1.23,0.9785,45520.37,572864.335
688017.SH,20250624,118.6,127.57,118.6,125.7,118.42,7.28,6.1476,62351.47,772453.262
688017.SH,20250623,113.59,118.47,113.59,118.42,116.32,2.1,1.8054,21959.65,256653.098
688017.SH,20250620,121.48,121.57,116.07,116.32,121.48,-5.16,-4.2476,36254.57,427123.376
688017.SH,20250619,120.72,124.79,120.72,121.48,121.4,0.08,0.0659,41313.11,509174.953
688017.SH,20250618,120.93,122.5,120.0,121.5,120.63,0.87,0.7212,28805.05,349488.186
688017.SH,20250617,119.67,120.93,118.96,120.63,119.68,0.95,0.7938,20886.73,250320.057
688017.SH,20250616,117.67,120.42,117.41,119.68,118.62,1.06,0.8936,21124.84,252137.366
688017.SH,20250613,119.64,122.8,117.88,118.62,120.8,-2.18,-1.8046,27508.3,329507.893
688017.SH,20250612,121.0,122.49,119.8,120.8,121.31,-0.51,-0.4204,22433.04,271962.519
688017.SH,20250611,122.45,122.95,120.89,121.31,122.1,-0.79,-0.647,24552.3,299281.037
688017.SH,20250610,123.96,124.61,119.4,122.1,123.93,-1.83,-1.4766,41034.09,499099.156
688017.SH,20250609,125.55,126.2,122.34,123.93,126.09,-2.16,-1.7131,39988.45,495948.938
688017.SH,20250606,127.71,128.8,125.72,126.09,130.29,-4.2,-3.2236,50603.66,642305.132
688017.SH,20250605,122.93,134.58,120.61,130.29,122.9,7.39,6.013,81192.14,1035661.765
688017.SH,20250604,118.5,127.97,117.61,122.9,117.48,5.42,4.6136,68370.1,838004.413
688017.SH,20250603,115.82,119.44,115.33,117.48,116.0,1.48,1.2759,30750.48,362681.26
688017.SH,20250530,117.2,117.4,115.18,116.0,118.02,-2.02,-1.7116,25489.34,296712.085
688017.SH,20250529,115.5,118.19,115.18,118.02,115.55,2.47,2.1376,41482.53,486151.45
688017.SH,20250528,118.0,118.0,114.86,115.55,117.99,-2.44,-2.068,49812.32,577086.935
688017.SH,20250527,122.01,122.39,117.5,117.99,128.79,-10.8,-8.3857,73532.01,876762.815
688017.SH,20250526,128.55,129.5,127.21,128.79,128.55,0.24,0.1867,24066.11,309085.018
688017.SH,20250523,132.32,133.65,128.4,128.55,132.6,-4.05,-3.0543,42447.55,556177.463
688017.SH,20250522,134.2,136.33,132.33,132.6,134.45,-1.85,-1.376,23681.56,317876.132
688017.SH,20250521,136.0,136.89,133.5,134.45,136.02,-1.57,-1.1542,25164.63,338318.633
688017.SH,20250520,136.22,137.68,134.63,136.02,136.22,-0.2,-0.1468,22331.24,304456.227
688017.SH,20250519,140.0,140.0,134.5,136.22,140.68,-4.46,-3.1703,29993.74,409181.847
688017.SH,20250516,139.8,143.39,139.0,140.68,140.02,0.66,0.4714,26908.01,382046.689
688017.SH,20250515,145.9,145.99,139.51,140.02,145.48,-5.46,-3.7531,29424.52,415383.518
688017.SH,20250514,147.9,148.54,144.36,145.48,146.06,-0.58,-0.3971,40392.79,591813.069
688017.SH,20250513,148.43,148.88,144.01,146.06,146.6,-0.54,-0.3683,34809.09,509821.622
688017.SH,20250512,143.9,148.49,143.89,146.6,141.99,4.61,3.2467,38588.62,563893.757
688017.SH,20250509,146.63,146.89,140.7,141.99,146.9,-4.91,-3.3424,31620.47,451162.855
688017.SH,20250508,146.0,149.67,144.65,146.9,146.07,0.83,0.5682,30400.91,447532.333
688017.SH,20250507,150.21,151.6,144.51,146.07,148.58,-2.51,-1.6893,43985.42,649692.795
688017.SH,20250506,150.0,150.5,147.2,148.58,147.45,1.13,0.7664,42123.16,626553.144
688017.SH,20250430,142.01,149.0,141.63,147.45,140.63,6.82,4.8496,46417.71,675818.951
688017.SH,20250429,139.87,143.5,139.87,140.63,140.88,-0.25,-0.1775,27623.68,390987.229
688017.SH,20250428,142.5,143.95,139.4,140.88,143.06,-2.18,-1.5238,26820.11,378077.201
688017.SH,20250425,142.74,145.65,140.01,143.06,142.66,0.4,0.2804,34347.34,491371.465
688017.SH,20250424,145.18,146.6,142.06,142.66,146.0,-3.34,-2.2877,40346.35,580419.71
688017.SH,20250423,143.0,147.68,140.9,146.0,140.01,5.99,4.2783,71980.15,1043533.308
688017.SH,20250422,141.55,143.55,139.8,140.01,142.98,-2.97,-2.0772,35963.74,509032.372
688017.SH,20250421,133.43,144.98,131.2,142.98,133.43,9.55,7.1573,54524.48,754222.364
688017.SH,20250418,133.18,135.78,132.6,133.43,133.68,-0.25,-0.187,15981.21,213512.754
688017.SH,20250417,134.12,137.31,133.68,133.68,135.46,-1.78,-1.314,24828.21,336432.022
688017.SH,20250416,134.75,137.08,132.37,135.46,135.08,0.38,0.2813,39025.74,525219.391
688017.SH,20250415,136.0,137.6,133.2,135.08,135.86,-0.78,-0.5741,31673.25,427800.139
688017.SH,20250414,136.87,140.0,135.37,135.86,134.85,1.01,0.749,39260.92,539155.529
688017.SH,20250411,129.7,136.65,129.03,134.85,131.52,3.33,2.5319,53601.1,718273.951
688017.SH,20250410,129.22,136.86,129.22,131.52,125.57,5.95,4.7384,71617.45,954951.958
688017.SH,20250409,115.81,126.2,111.0,125.57,119.44,6.13,5.1323,76481.27,920437.472
688017.SH,20250408,119.19,124.4,115.12,119.44,117.2,2.24,1.9113,64567.82,773768.043
688017.SH,20250407,135.17,136.59,116.72,117.2,145.9,-28.7,-19.671,80333.16,1005960.339
688017.SH,20250403,144.88,149.85,144.88,145.9,146.9,-1.0,-0.6807,24728.62,364194.632
688017.SH,20250402,144.0,147.76,144.0,146.9,144.45,2.45,1.6961,27999.12,409962.001
688017.SH,20250401,149.88,150.0,144.01,144.45,149.1,-4.65,-3.1187,37954.02,556822.248
688017.SH,20250331,151.0,151.2,141.92,149.1,153.2,-4.1,-2.6762,65508.65,953724.499
688017.SH,20250328,152.68,156.38,151.95,153.2,153.5,-0.3,-0.1954,24648.39,379419.516
688017.SH,20250327,153.03,157.98,152.43,153.5,155.45,-1.95,-1.2544,33268.28,516354.287
688017.SH,20250326,155.0,161.7,154.88,155.45,157.0,-1.55,-0.9873,38574.49,608461.543
688017.SH,20250325,157.65,163.26,155.0,157.0,157.6,-0.6,-0.3807,51026.33,813642.114
688017.SH,20250324,155.98,158.0,152.8,157.6,155.17,2.43,1.566,46917.88,729834.234
688017.SH,20250321,165.06,166.39,155.0,155.17,166.39,-11.22,-6.7432,84111.48,1328136.42
688017.SH,20250320,166.1,176.97,163.0,166.39,167.58,-1.19,-0.7101,81182.66,1374280.918
688017.SH,20250319,169.5,172.0,163.5,167.58,169.71,-2.13,-1.2551,54473.71,913851.771
688017.SH,20250318,171.0,172.3,168.57,169.71,170.33,-0.62,-0.364,37928.25,645155.299
688017.SH,20250317,170.5,172.43,166.9,170.33,171.09,-0.76,-0.4442,56417.32,953666.149
688017.SH,20250314,153.96,174.9,152.5,171.09,154.61,16.48,10.6591,103503.67,1709026.298
688017.SH,20250313,165.86,165.99,153.58,154.61,165.72,-11.11,-6.7041,68112.56,1069705.354
688017.SH,20250312,167.82,171.0,164.88,165.72,167.83,-2.11,-1.2572,48980.39,819268.692
688017.SH,20250311,166.0,172.0,158.58,167.83,169.4,-1.57,-0.9268,75539.52,1249877.496
688017.SH,20250310,170.0,174.0,166.0,169.4,166.69,2.71,1.6258,64692.03,1099533.083
688017.SH,20250307,162.0,171.48,161.61,166.69,164.0,2.69,1.6402,73241.59,1227210.317
688017.SH,20250306,165.5,166.84,161.51,164.0,163.0,1.0,0.6135,61070.63,1007236.519
688017.SH,20250305,158.21,166.6,158.0,163.0,160.03,2.97,1.8559,66264.95,1080408.71
688017.SH,20250304,152.51,162.17,150.97,160.03,152.97,7.06,4.6153,70759.57,1124856.575
688017.SH,20250303,156.03,159.36,150.0,152.97,153.7,-0.73,-0.475,64481.64,995407.598
688017.SH,20250228,170.18,171.0,153.08,153.7,174.5,-20.8,-11.9198,128403.48,2046452.783
688017.SH,20250227,175.4,185.22,168.9,174.5,178.4,-3.9,-2.1861,118318.72,2084241.898
688017.SH,20250226,170.0,192.8,168.2,178.4,171.25,7.15,4.1752,142743.6,2607204.386
688017.SH,20250225,166.92,179.1,166.11,171.25,172.85,-1.6,-0.9257,87417.67,1518960.563
688017.SH,20250224,174.95,181.98,163.0,172.85,176.0,-3.15,-1.7898,101689.23,1742654.566
688017.SH,20250221,169.83,180.4,168.55,176.0,169.83,6.17,3.633,110569.17,1936994.264
688017.SH,20250220,172.52,174.0,165.24,169.83,173.24,-3.41,-1.9684,105241.15,1779616.428
688017.SH,20250219,157.68,173.37,157.67,173.24,157.4,15.84,10.0635,125540.35,2108207.581
688017.SH,20250218,163.5,163.8,155.8,157.4,167.0,-9.6,-5.7485,82059.87,1312082.561
688017.SH,20250217,156.35,167.12,155.97,167.0,156.81,10.19,6.4983,99223.25,1606184.117
688017.SH,20250214,157.82,160.79,155.15,156.81,159.8,-2.99,-1.8711,70088.23,1104233.719
688017.SH,20250213,166.58,169.88,159.35,159.8,168.8,-9.0,-5.3318,79525.24,1296381.137
688017.SH,20250212,163.0,169.82,161.02,168.8,167.0,1.8,1.0778,60410.32,1005361.171
688017.SH,20250211,166.0,175.8,164.11,167.0,168.53,-1.53,-0.9079,89199.3,1514293.36
688017.SH,20250210,167.3,169.98,160.36,168.53,170.4,-1.87,-1.0974,94888.2,1563754.805
688017.SH,20250207,172.84,179.83,166.0,170.4,176.37,-5.97,-3.3849,118759.63,2052057.662
688017.SH,20250206,160.0,184.98,159.0,176.37,163.12,13.25,8.1229,111099.45,1932741.8
688017.SH,20250205,149.0,169.18,149.0,163.12,145.0,18.12,12.4966,112380.42,1789376.594
688017.SH,20250127,154.9,154.9,143.43,145.0,157.85,-12.85,-8.1406,84354.2,1246823.419
688017.SH,20250124,148.5,163.68,146.05,157.85,149.84,8.01,5.3457,98356.82,1510102.341
688017.SH,20250123,146.0,158.99,142.5,149.84,145.99,3.85,2.6372,115387.86,1747848.748
688017.SH,20250122,146.5,149.86,143.99,145.99,147.1,-1.11,-0.7546,79746.45,1169801.378
688017.SH,20250121,139.88,147.9,137.82,147.1,138.88,8.22,5.9188,106400.6,1526764.675
688017.SH,20250120,144.0,144.88,138.0,138.88,142.6,-3.72,-2.6087,88191.43,1237074.934
688017.SH,20250117,142.0,146.88,140.01,142.6,142.82,-0.22,-0.154,76541.33,1098277.266
688017.SH,20250116,145.0,151.68,139.58,142.82,145.99,-3.17,-2.1714,110096.16,1597001.34
688017.SH,20250115,145.0,148.5,141.0,145.99,149.0,-3.01,-2.0201,102914.29,1492585.82
688017.SH,20250114,129.94,150.88,125.18,149.0,129.62,19.38,14.9514,165051.94,2266094.832
688017.SH,20250113,125.0,141.0,124.0,129.62,120.04,9.58,7.9807,179390.07,2366119.529
688017.SH,20250110,111.0,122.5,110.0,120.04,111.7,8.34,7.4664,136216.78,1588210.975
688017.SH,20250109,104.68,113.94,104.19,111.7,106.81,4.89,4.5782,89311.05,972667.272
300503.SZ,20260702,101.48,102.5,93.33,94.88,101.48,-6.6,-6.5037,371585.76,3601267.41444
300503.SZ,20260701,97.37,102.0,96.2,101.48,92.3,9.18,9.9458,515741.08,5140150.78387
300503.SZ,20260630,78.68,92.3,77.7,92.3,76.92,15.38,19.9948,410399.34,3576224.98073
300503.SZ,20260629,77.08,79.1,74.0,76.92,77.15,-0.23,-0.2981,162557.5,1246859.12964
300503.SZ,20260626,78.25,80.85,73.7,77.15,79.68,-2.53,-3.1752,220037.98,1693918.17122
300503.SZ,20260625,78.71,83.26,76.21,79.68,78.71,0.97,1.2324,196363.33,1576991.29096
300503.SZ,20260624,80.0,82.36,77.35,78.71,81.03,-2.32,-2.8631,186312.25,1496523.94652
300503.SZ,20260623,86.0,86.4,80.96,81.03,88.3,-7.27,-8.2333,232298.98,1941429.06991
300503.SZ,20260622,88.52,89.88,82.5,88.3,88.28,0.02,0.0227,331564.07,2870579.17059
300503.SZ,20260618,80.11,88.8,79.59,88.28,80.99,7.29,9.0011,350029.47,2972617.03222
300503.SZ,20260617,81.51,84.0,79.58,80.99,82.89,-1.9,-2.2922,213425.54,1749602.66585
300503.SZ,20260616,80.29,83.57,79.18,82.89,81.1,1.79,2.2072,221024.29,1816065.11085
300503.SZ,20260615,78.27,81.8,77.62,81.1,78.9,2.2,2.7883,204639.98,1643331.28193
300503.SZ,20260612,80.32,82.96,76.8,78.9,79.81,-0.91,-1.1402,249228.98,1986657.84174
300503.SZ,20260611,76.0,82.0,74.25,79.81,79.0,0.81,1.0253,249699.26,1941688.5439
300503.SZ,20260610,84.51,87.33,79.0,79.0,86.59,-7.59,-8.7654,270773.87,2249598.2208
300503.SZ,20260609,83.5,86.66,82.51,86.59,87.01,-0.42,-0.4827,309913.65,2617760.00978
300503.SZ,20260608,78.1,88.99,78.09,87.01,81.77,5.24,6.4082,450040.61,3778822.916
300503.SZ,20260605,75.01,83.97,70.0,81.77,75.09,6.68,8.896,406443.47,3155931.099
300503.SZ,20260604,73.04,77.38,73.0,75.09,74.98,0.11,0.1467,203405.95,1539721.992
300503.SZ,20260603,73.01,77.63,73.01,74.98,74.37,0.61,0.8202,242901.0,1833817.187
300503.SZ,20260602,74.51,77.88,73.61,74.37,72.37,2.0,2.7636,244570.2,1842988.293
300503.SZ,20260601,73.37,77.3,72.1,72.37,73.5,-1.13,-1.5374,178122.85,1327100.898
300503.SZ,20260529,78.97,80.43,72.5,73.5,78.61,-5.11,-6.5004,256939.11,1943481.424
300503.SZ,20260528,79.7,79.7,75.72,78.61,79.79,-1.18,-1.4789,295148.61,2287001.034
300503.SZ,20260527,82.5,84.0,79.05,79.79,84.4,-4.61,-5.4621,328181.77,2674387.506
300503.SZ,20260526,86.14,93.9,82.4,84.5,88.1,-3.6,-4.0863,424840.38,3738242.454
300503.SZ,20260525,87.76,91.68,84.3,88.1,89.34,-1.24,-1.388,405143.26,3524752.894
300503.SZ,20260522,86.97,90.1,83.88,89.34,86.97,2.37,2.7251,455739.17,3999788.209
300503.SZ,20260521,77.36,91.01,77.02,86.97,75.84,11.13,14.6756,613655.87,5256049.402
300503.SZ,20260520,78.54,78.78,74.97,75.84,78.98,-3.14,-3.9757,270444.01,2063510.077
300503.SZ,20260519,70.09,79.9,69.33,78.98,69.93,9.05,12.9415,370243.62,2802894.846
300503.SZ,20260518,69.45,71.79,68.88,69.93,71.14,-1.21,-1.7009,194054.21,1366715.28
300503.SZ,20260515,68.0,74.6,65.01,71.14,68.4,2.74,4.0058,323794.83,2259999.184
300503.SZ,20260514,69.98,71.68,68.37,68.4,69.08,-0.68,-0.9844,200913.99,1408537.98
300503.SZ,20260513,68.49,69.99,67.38,69.08,69.33,-0.25,-0.3606,184081.13,1268748.878
300503.SZ,20260512,71.76,72.07,68.73,69.33,72.8,-3.47,-4.7665,249754.58,1749531.274
300503.SZ,20260511,69.06,74.5,69.05,72.8,68.49,4.31,6.2929,301190.41,2170953.107
300503.SZ,20260508,65.5,71.68,65.09,68.49,67.07,1.42,2.1172,310106.97,2131993.517
300503.SZ,20260507,66.0,68.26,64.95,67.07,65.99,1.08,1.6366,233300.93,1563866.789
300503.SZ,20260506,63.25,66.78,62.25,65.99,62.65,3.34,5.3312,234830.65,1533950.72
300503.SZ,20260430,63.8,64.4,61.36,62.65,64.4,-1.75,-2.7174,175157.77,1098339.758
300503.SZ,20260429,64.0,65.19,63.25,64.4,65.0,-0.6,-0.9231,175418.89,1127068.012
300503.SZ,20260428,61.69,65.0,61.61,65.0,62.93,2.07,3.2894,218155.07,1389564.717
300503.SZ,20260427,62.62,65.6,62.58,62.93,63.62,-0.69,-1.0846,231664.47,1489129.524
300503.SZ,20260424,60.23,64.06,60.02,63.62,60.75,2.87,4.7243,260713.15,1626589.722
300503.SZ,20260423,62.67,62.9,60.05,60.75,62.98,-2.23,-3.5408,237162.45,1455305.548
300503.SZ,20260422,60.2,63.64,59.22,62.98,61.14,1.84,3.0095,313019.79,1923132.395
300503.SZ,20260421,64.0,67.77,60.28,61.14,62.44,-1.3,-2.082,449967.16,2879764.051
300503.SZ,20260420,59.7,62.8,58.01,62.44,59.29,3.15,5.3129,279613.48,1704489.232
300503.SZ,20260417,56.51,59.9,56.23,59.29,56.37,2.92,5.1801,261936.5,1529032.135
300503.SZ,20260416,55.92,57.0,54.7,56.37,55.1,1.27,2.3049,197988.65,1110257.652
300503.SZ,20260415,56.3,56.76,54.7,55.1,56.49,-1.39,-2.4606,172193.07,958009.232
300503.SZ,20260414,55.48,56.6,54.28,56.49,54.67,1.82,3.3291,192107.0,1070865.967
300503.SZ,20260413,51.81,55.25,51.5,54.67,52.5,2.17,4.1333,172386.3,930585.481
300503.SZ,20260410,53.49,55.18,52.44,52.5,53.22,-0.72,-1.3529,132461.94,711492.304
300503.SZ,20260409,53.5,54.39,52.41,53.22,54.95,-1.73,-3.1483,105448.24,563070.565
300503.SZ,20260408,53.58,55.3,53.38,54.95,52.31,2.64,5.0468,131323.14,717469.863
300503.SZ,20260407,53.0,53.6,51.79,52.31,53.06,-0.75,-1.4135,104370.14,547619.996
300503.SZ,20260403,54.3,55.46,53.0,53.06,54.3,-1.24,-2.2836,117962.0,636967.648
300503.SZ,20260402,54.8,56.38,54.0,54.3,55.33,-1.03,-1.8616,200086.13,1101342.838
300503.SZ,20260401,53.41,55.58,51.35,55.33,52.03,3.3,6.3425,288269.14,1533028.087
300503.SZ,20260331,49.53,53.34,49.24,52.03,49.62,2.41,4.8569,262712.64,1367172.34
300503.SZ,20260330,45.68,49.8,45.51,49.62,46.75,2.87,6.139,147871.0,712303.107
300503.SZ,20260327,46.0,47.11,45.33,46.75,46.73,0.02,0.0428,74959.0,347275.826
300503.SZ,20260326,47.25,48.57,46.2,46.73,46.96,-0.23,-0.4898,125715.84,597068.278
300503.SZ,20260325,46.77,48.06,46.58,46.96,46.42,0.54,1.1633,106583.0,504805.797
300503.SZ,20260324,47.88,47.99,45.03,46.42,46.78,-0.36,-0.7696,135601.37,625181.006
300503.SZ,20260323,49.01,50.95,46.19,46.78,49.73,-2.95,-5.932,152394.94,738889.4
300503.SZ,20260320,50.5,51.88,49.33,49.73,50.13,-0.4,-0.7979,118361.43,597584.331
300503.SZ,20260319,51.34,51.75,49.83,50.13,53.18,-3.05,-5.7352,150806.93,764620.318
300503.SZ,20260318,51.76,54.38,51.76,53.18,51.69,1.49,2.8826,223049.0,1182209.307
300503.SZ,20260317,51.45,54.95,51.01,51.69,50.54,1.15,2.2754,231420.56,1218661.377
300503.SZ,20260316,48.35,51.05,47.61,50.54,48.12,2.42,5.0291,143303.0,708489.698
300503.SZ,20260313,49.99,49.99,48.06,48.12,49.39,-1.27,-2.5714,59977.5,291556.809
300503.SZ,20260312,50.6,50.65,49.11,49.39,50.79,-1.4,-2.7564,93973.0,467131.068
300503.SZ,20260311,51.3,52.48,50.56,50.79,50.8,-0.01,-0.0197,154974.31,793345.989
300503.SZ,20260310,49.73,51.16,49.51,50.8,49.06,1.74,3.5467,140575.0,708785.801
300503.SZ,20260309,48.0,49.21,47.63,49.06,49.4,-0.34,-0.6883,108022.5,523438.072
300503.SZ,20260306,49.14,50.06,49.14,49.4,49.59,-0.19,-0.3831,64195.0,317955.248
300503.SZ,20260305,49.58,50.23,49.17,49.59,48.46,1.13,2.3318,91512.0,454222.868
300503.SZ,20260304,47.95,49.29,47.85,48.46,48.44,0.02,0.0413,95580.09,464518.338
300503.SZ,20260303,52.0,52.46,48.25,48.44,52.15,-3.71,-7.1141,166874.7,830519.268
300503.SZ,20260302,51.7,53.5,51.51,52.15,53.16,-1.01,-1.8999,134789.55,705759.737
300503.SZ,20260227,53.71,54.18,53.05,53.16,54.69,-1.53,-2.7976,134686.0,720442.097
300503.SZ,20260226,54.89,55.09,53.8,54.69,55.13,-0.44,-0.7981,108025.51,590416.443
300503.SZ,20260225,53.5,55.41,53.1,55.13,53.24,1.89,3.55,167871.55,916185.256
300503.SZ,20260224,56.99,57.0,52.0,53.24,55.23,-1.99,-3.6031,173681.36,934282.111
300503.SZ,20260213,54.82,56.0,54.7,55.23,55.01,0.22,0.3999,118078.5,655116.122
300503.SZ,20260212,54.86,56.33,54.73,55.01,55.0,0.01,0.0182,129845.14,719073.19
300503.SZ,20260211,56.2,56.85,54.9,55.0,57.3,-2.3,-4.014,189199.6,1050024.04
300503.SZ,20260210,55.87,59.0,55.41,57.3,56.35,0.95,1.6859,251613.89,1435501.14
300503.SZ,20260209,56.46,56.8,54.85,56.35,55.56,0.79,1.4219,183362.12,1022813.646
300503.SZ,20260206,54.12,57.07,53.9,55.56,54.69,0.87,1.5908,207782.33,1162433.396
300503.SZ,20260205,55.2,55.66,54.3,54.69,56.61,-1.92,-3.3916,137111.5,752012.187
300503.SZ,20260204,57.39,57.88,55.66,56.61,58.35,-1.74,-2.982,211000.33,1194504.875
300503.SZ,20260203,56.58,58.86,55.44,58.35,57.15,1.2,2.0997,279032.84,1610931.229
300503.SZ,20260202,55.63,59.95,55.63,57.15,55.57,1.58,2.8433,322639.56,1851912.093
300503.SZ,20260130,55.42,56.7,52.99,55.57,56.0,-0.43,-0.7679,253127.42,1384693.71
300503.SZ,20260129,57.71,58.03,55.81,56.0,57.71,-1.71,-2.9631,204493.11,1160818.986
300503.SZ,20260128,59.92,59.94,56.84,57.71,59.4,-1.69,-2.8451,269398.5,1555190.637
300503.SZ,20260127,59.8,61.0,58.1,59.4,61.7,-2.3,-3.7277,327591.1,1948048.699
300503.SZ,20260126,71.55,71.76,61.58,61.7,71.65,-9.95,-13.887,471427.78,3084669.86
300503.SZ,20260123,68.0,72.56,66.88,71.65,67.26,4.39,6.5269,478529.61,3364222.288
300503.SZ,20260122,65.12,68.68,64.8,67.26,65.88,1.38,2.0947,386276.8,2594485.624
300503.SZ,20260121,64.65,69.77,62.86,65.88,64.01,1.87,2.9214,410666.8,2751026.289
300503.SZ,20260120,66.11,68.98,63.17,64.01,67.5,-3.49,-5.1704,403280.81,2629191.723
300503.SZ,20260119,63.0,70.85,63.0,67.5,62.92,4.58,7.2791,532665.59,3548799.152
300503.SZ,20260116,61.64,64.49,60.38,62.92,60.22,2.7,4.4836,486646.93,3036653.503
300503.SZ,20260115,60.57,61.5,59.54,60.22,61.44,-1.22,-1.9857,257160.92,1552759.37
300503.SZ,20260114,63.64,66.61,60.75,61.44,62.9,-1.46,-2.3211,476402.5,3000771.924
300503.SZ,20260113,66.89,69.0,55.72,62.9,69.27,-6.37,-9.1959,536893.35,3417996.742
300503.SZ,20260112,63.26,74.65,63.26,69.27,64.91,4.36,6.717,634300.71,4365571.388
300503.SZ,20260109,63.08,69.93,62.26,64.91,60.8,4.11,6.7599,689343.97,4540869.027
300503.SZ,20260108,59.62,61.5,58.85,60.8,59.62,1.18,1.9792,458474.89,2774736.603
300503.SZ,20260107,58.0,62.77,56.88,59.62,61.91,-2.29,-3.6989,508648.86,3054776.688
300503.SZ,20260106,60.03,62.85,58.45,61.91,60.66,1.25,2.0607,643580.13,3902904.768
300503.SZ,20260105,62.22,62.93,60.0,60.66,63.72,-3.06,-4.8023,567416.0,3453173.15
300503.SZ,20251231,62.4,66.65,60.48,63.72,63.8,-0.08,-0.1254,731803.94,4671083.763
300503.SZ,20251230,50.74,64.56,50.74,63.8,53.8,10.0,18.5874,814531.14,4760407.56
300503.SZ,20251229,45.02,54.55,45.02,53.8,46.72,7.08,15.1541,759428.0,3802574.716
300503.SZ,20251226,46.0,49.56,45.88,46.72,43.42,3.3,7.6002,726284.69,3449217.495
300503.SZ,20251225,37.55,43.42,37.02,43.42,36.18,7.24,20.0111,524465.89,2128048.311
300503.SZ,20251224,34.9,36.58,34.63,36.18,34.98,1.2,3.4305,170677.0,610104.794
300503.SZ,20251223,35.7,35.89,34.88,34.98,35.66,-0.68,-1.9069,173006.89,608962.629
300503.SZ,20251222,36.29,36.37,35.48,35.66,35.93,-0.27,-0.7515,189439.0,678096.983
300503.SZ,20251219,36.16,37.24,35.8,35.93,36.06,-0.13,-0.3605,191046.0,693052.366
300503.SZ,20251218,35.55,37.7,35.08,36.06,36.0,0.06,0.1667,255544.8,940039.418
300503.SZ,20251217,35.76,36.75,35.52,36.0,35.91,0.09,0.2506,191675.97,692151.689
300503.SZ,20251216,37.0,37.21,35.55,35.91,37.66,-1.75,-4.6468,237946.5,863052.43
300503.SZ,20251215,38.32,38.56,36.5,37.66,38.6,-0.94,-2.4352,344325.75,1295453.013
300503.SZ,20251212,35.91,39.2,35.35,38.6,36.3,2.3,6.3361,432589.76,1622638.644
300503.SZ,20251211,36.93,37.47,36.16,36.3,36.88,-0.58,-1.5727,288435.59,1057882.298
300503.SZ,20251210,35.56,37.99,35.51,36.88,34.95,1.93,5.5222,467332.76,1723991.253
300503.SZ,20251209,35.5,36.1,34.4,34.95,35.8,-0.85,-2.3743,308285.33,1079119.72
300503.SZ,20251208,34.99,36.2,33.6,35.8,34.47,1.33,3.8584,569676.81,1985649.733
300503.SZ,20251205,30.01,36.55,29.66,34.47,30.46,4.01,13.1648,684437.69,2323237.911
300503.SZ,20251204,30.01,31.13,29.51,30.46,28.94,1.52,5.2522,270356.75,819170.351
300503.SZ,20251203,29.59,29.75,28.88,28.94,29.46,-0.52,-1.7651,100270.0,292031.097
300503.SZ,20251202,30.16,30.4,29.4,29.46,30.68,-1.22,-3.9765,145413.58,432577.801
300503.SZ,20251201,29.5,31.23,29.1,30.68,29.25,1.43,4.8889,272764.0,829037.442
300503.SZ,20251128,27.8,30.19,27.51,29.25,27.51,1.74,6.325,226952.83,659585.895
300503.SZ,20251127,27.6,28.39,27.34,27.51,28.15,-0.64,-2.2735,127771.13,354228.982
300503.SZ,20251126,28.6,29.5,28.15,28.15,27.5,0.65,2.3636,198825.92,575443.902
300503.SZ,20251125,27.0,27.69,26.81,27.5,26.77,0.73,2.7269,83799.0,227697.222
300503.SZ,20251124,26.39,26.95,26.09,26.77,26.33,0.44,1.6711,61689.0,163663.929
300503.SZ,20251121,26.61,27.22,25.81,26.33,26.86,-0.53,-1.9732,102418.7,271747.388
300503.SZ,20251120,27.3,27.48,26.8,26.86,27.16,-0.3,-1.1046,48476.7,131260.106
300503.SZ,20251119,27.49,27.74,27.01,27.16,27.69,-0.53,-1.914,53774.0,146976.051
300503.SZ,20251118,27.59,27.89,27.27,27.69,27.81,-0.12,-0.4315,54384.0,149979.443
300503.SZ,20251117,27.72,28.12,27.51,27.81,27.71,0.1,0.3609,63680.0,176717.013
300503.SZ,20251114,28.33,28.34,27.68,27.71,28.65,-0.94,-3.281,89033.0,248505.903
300503.SZ,20251113,29.0,29.13,28.37,28.65,29.19,-0.54,-1.8499,124086.9,355850.059
300503.SZ,20251112,30.1,30.33,28.88,29.19,30.48,-1.29,-4.2323,118080.5,348818.167
300503.SZ,20251111,30.3,30.77,29.64,30.48,29.86,0.62,2.0764,149561.62,452307.444
300503.SZ,20251110,30.02,30.27,29.5,29.86,30.16,-0.3,-0.9947,97422.0,290569.495
300503.SZ,20251107,30.75,30.85,30.01,30.16,31.23,-1.07,-3.4262,171137.1,518026.086
300503.SZ,20251106,29.08,31.35,28.85,31.23,28.94,2.29,7.9129,276959.7,845094.473
300503.SZ,20251105,28.71,29.2,28.36,28.94,29.37,-0.43,-1.4641,97132.7,280061.525
300503.SZ,20251104,29.9,30.09,28.96,29.37,30.17,-0.8,-2.6516,124015.3,364576.788
300503.SZ,20251103,30.66,30.92,29.85,30.17,31.14,-0.97,-3.115,151092.91,456353.071
300503.SZ,20251031,30.85,31.49,30.33,31.14,30.84,0.3,0.9728,221498.62,686051.753
300503.SZ,20251030,30.89,32.83,30.52,30.84,29.86,0.98,3.282,334270.57,1052357.802
300503.SZ,20251029,29.16,29.86,28.8,29.86,28.87,0.99,3.4292,196308.46,577073.785
300503.SZ,20251028,28.83,29.03,28.51,28.87,29.03,-0.16,-0.5512,98121.5,282242.734
300503.SZ,20251027,29.01,29.38,28.66,29.03,28.8,0.23,0.7986,160811.16,465687.251
300503.SZ,20251024,27.67,30.18,27.5,28.8,27.33,1.47,5.3787,234727.66,677368.134
300503.SZ,20251023,27.5,27.5,26.83,27.33,27.71,-0.38,-1.3713,63363.1,171841.871
300503.SZ,20251022,27.35,28.14,27.22,27.71,27.44,0.27,0.984,82103.0,227662.363
300503.SZ,20251021,27.4,27.7,27.07,27.44,27.32,0.12,0.4392,58112.5,159145.752
300503.SZ,20251020,27.12,27.7,27.03,27.32,26.77,0.55,2.0545,65827.5,180442.93
300503.SZ,20251017,27.95,28.09,26.71,26.77,28.04,-1.27,-4.5292,69416.5,189034.791
300503.SZ,20251016,28.5,28.61,27.82,28.04,28.8,-0.76,-2.6389,69973.0,197185.234
300503.SZ,20251015,27.9,28.8,27.38,28.8,27.7,1.1,3.9711,104326.5,294876.739
300503.SZ,20251014,29.29,29.53,27.48,27.7,29.16,-1.46,-5.0069,111307.0,315703.68
300503.SZ,20251013,27.86,29.32,27.27,29.16,29.58,-0.42,-1.4199,112471.7,321681.284
300503.SZ,20251010,30.21,30.85,29.36,29.58,30.21,-0.63,-2.0854,114052.31,342110.638
300503.SZ,20251009,30.85,31.19,30.2,30.21,30.97,-0.76,-2.454,125992.09,387059.085
300503.SZ,20250930,31.03,31.45,30.87,30.97,31.03,-0.06,-0.1934,85870.01,267193.515
300503.SZ,20250929,30.59,31.18,30.21,31.03,30.63,0.4,1.3059,96476.51,296682.953
300503.SZ,20250926,31.5,31.68,30.6,30.63,31.97,-1.34,-4.1914,118455.5,367989.454
300503.SZ,20250925,31.85,32.51,31.64,31.97,31.9,0.07,0.2194,148988.5,477527.633
300503.SZ,20250924,31.3,32.03,30.74,31.9,31.37,0.53,1.6895,139895.5,439638.713
300503.SZ,20250923,31.9,32.11,30.51,31.37,31.93,-0.56,-1.7538,163491.2,508655.139
300503.SZ,20250922,31.68,32.12,31.03,31.93,31.39,0.54,1.7203,139437.5,442710.128
300503.SZ,20250919,32.53,32.86,31.18,31.39,32.88,-1.49,-4.5316,234209.6,743237.674
300503.SZ,20250918,33.71,34.85,32.24,32.88,34.18,-1.3,-3.8034,400508.6,1349393.907
300503.SZ,20250917,32.1,36.88,31.71,34.18,32.26,1.92,5.9516,358463.56,1210589.227
300503.SZ,20250916,30.81,32.59,30.8,32.26,30.99,1.27,4.0981,288747.95,919838.139
300503.SZ,20250915,30.85,31.4,30.43,30.99,30.92,0.07,0.2264,189490.5,587489.647
300503.SZ,20250912,30.57,31.47,30.21,30.92,30.85,0.07,0.2269,235405.5,728003.502
300503.SZ,20250911,29.37,30.9,29.17,30.85,29.69,1.16,3.907,228113.09,688406.685
300503.SZ,20250910,29.51,30.38,29.23,29.69,29.4,0.29,0.9864,176797.0,526716.643
300503.SZ,20250909,29.64,30.03,29.33,29.4,30.02,-0.62,-2.0653,130736.3,387522.396
300503.SZ,20250908,28.68,30.39,28.68,30.02,28.97,1.05,3.6244,226099.0,672826.73
300503.SZ,20250905,28.06,28.97,27.9,28.97,28.1,0.87,3.0961,152349.1,435455.833
300503.SZ,20250904,29.53,29.93,27.33,28.1,29.28,-1.18,-4.0301,216272.37,620263.077
300503.SZ,20250903,30.8,31.21,29.11,29.28,30.83,-1.55,-5.0276,227017.93,679755.78
300503.SZ,20250902,31.8,31.98,29.07,30.83,31.15,-0.32,-1.0273,408023.98,1244865.948
300503.SZ,20250901,30.4,31.85,30.21,31.15,30.42,0.73,2.3997,364024.24,1135537.83
300503.SZ,20250829,30.87,30.98,29.43,30.42,30.45,-0.03,-0.0985,287341.5,863868.936
300503.SZ,20250828,30.3,30.99,29.61,30.45,30.37,0.08,0.2634,285799.64,865812.511
300503.SZ,20250827,31.5,31.96,30.37,30.37,31.27,-0.9,-2.8782,372642.36,1165699.007
300503.SZ,20250826,32.94,33.06,31.11,31.27,33.54,-2.27,-6.768,576370.89,1831081.887
300503.SZ,20250825,28.7,33.54,28.4,33.54,27.95,5.59,20.0,718104.45,2357380.11
300503.SZ,20250822,27.22,28.24,27.22,27.95,27.74,0.21,0.757,275153.01,761587.63
300503.SZ,20250821,26.63,29.58,26.63,27.74,26.82,0.92,3.4303,391835.95,1102866.528
300503.SZ,20250820,26.31,27.4,26.03,26.82,26.52,0.3,1.1312,261582.1,702080.342
300503.SZ,20250819,25.59,26.86,25.25,26.52,25.85,0.67,2.5919,293176.4,766411.542
300503.SZ,20250818,25.28,26.3,25.15,25.85,25.05,0.8,3.1936,229652.0,590766.114
300503.SZ,20250815,24.03,25.08,24.03,25.05,24.04,1.01,4.2013,189966.5,471746.668
300503.SZ,20250814,24.56,24.75,23.75,24.04,24.5,-0.46,-1.8776,122274.0,296061.747
300503.SZ,20250813,24.31,24.65,24.13,24.5,24.3,0.2,0.823,105775.0,257721.829
300503.SZ,20250812,24.51,24.56,24.05,24.3,24.58,-0.28,-1.1391,96521.0,234291.085
300503.SZ,20250811,24.48,24.88,24.42,24.58,24.44,0.14,0.5728,96230.34,236832.616
300503.SZ,20250808,24.83,24.94,24.38,24.44,24.99,-0.55,-2.2009,112456.16,276651.646
300503.SZ,20250807,25.26,25.26,24.83,24.99,25.2,-0.21,-0.8333,156511.5,391458.872
300503.SZ,20250806,24.73,25.33,24.46,25.2,24.7,0.5,2.0243,214496.0,537448.286
300503.SZ,20250805,24.35,24.88,24.28,24.7,24.1,0.6,2.4896,186573.0,458745.04
300503.SZ,20250804,22.98,24.1,22.9,24.1,23.05,1.05,4.5553,124865.01,295238.507
300503.SZ,20250801,23.39,23.47,22.87,23.05,23.24,-0.19,-0.8176,71680.0,165564.976
300503.SZ,20250731,23.36,23.95,23.11,23.24,23.52,-0.28,-1.1905,112470.0,265724.316
300503.SZ,20250730,23.91,23.91,23.38,23.52,23.97,-0.45,-1.8773,97918.0,231145.983
300503.SZ,20250729,24.02,24.02,23.52,23.97,24.08,-0.11,-0.4568,128765.0,306590.491
300503.SZ,20250728,23.77,24.12,23.51,24.08,23.47,0.61,2.5991,176351.71,421225.376
300503.SZ,20250725,23.56,23.69,23.06,23.47,23.09,0.38,1.6457,122012.0,285172.181
300503.SZ,20250724,22.79,23.29,22.78,23.09,22.81,0.28,1.2275,76182.0,175619.853
300503.SZ,20250723,22.95,23.15,22.76,22.81,23.19,-0.38,-1.6386,97917.0,224280.219
300503.SZ,20250722,23.26,23.58,23.03,23.19,23.42,-0.23,-0.9821,129694.0,301012.53
300503.SZ,20250721,23.76,24.1,23.2,23.42,23.19,0.23,0.9918,159126.96,374404.903
300503.SZ,20250718,23.45,23.55,23.02,23.19,23.4,-0.21,-0.8974,113591.01,263723.915
300503.SZ,20250717,22.72,23.85,22.5,23.4,22.72,0.68,2.993,203000.9,472148.924
300503.SZ,20250716,22.62,23.07,22.35,22.72,22.64,0.08,0.3534,141378.5,321645.984
300503.SZ,20250715,22.6,22.65,22.23,22.64,22.56,0.08,0.3546,137274.46,308325.687
300503.SZ,20250714,21.7,22.9,21.67,22.61,21.74,0.87,4.0018,193318.96,434090.127
300503.SZ,20250711,21.29,21.91,21.1,21.74,21.28,0.46,2.1617,84616.5,182275.224
300503.SZ,20250710,21.41,21.55,21.1,21.28,21.5,-0.22,-1.0233,56749.06,120950.939
300503.SZ,20250709,21.83,22.3,21.43,21.5,21.58,-0.08,-0.3707,114905.0,251988.277
300503.SZ,20250708,21.17,21.65,21.06,21.58,21.08,0.5,2.3719,61628.56,132085.663
300503.SZ,20250707,21.22,21.23,20.91,21.08,21.28,-0.2,-0.9398,45061.0,94974.937
300503.SZ,20250704,21.66,21.86,21.27,21.28,21.75,-0.47,-2.1609,67260.0,144219.956
300503.SZ,20250703,21.57,21.96,21.57,21.75,21.63,0.12,0.5548,48023.0,104595.214
300503.SZ,20250702,22.1,22.1,21.41,21.63,22.0,-0.37,-1.6818,64740.0,140381.922
300503.SZ,20250701,22.05,22.24,21.91,22.0,22.13,-0.13,-0.5874,63300.5,139525.232
300503.SZ,20250630,21.87,22.19,21.82,22.13,21.85,0.28,1.2815,66740.5,147059.384
300503.SZ,20250627,21.94,22.1,21.71,21.85,21.84,0.01,0.0458,68729.0,150482.873
300503.SZ,20250626,22.08,22.44,21.82,21.84,22.2,-0.36,-1.6216,99103.21,218876.014
300503.SZ,20250625,22.05,22.32,21.8,22.2,22.0,0.2,0.9091,130318.0,287775.968
300503.SZ,20250624,20.8,22.17,20.8,22.0,20.78,1.22,5.871,160871.0,349614.364
300503.SZ,20250623,20.22,20.78,20.02,20.78,20.36,0.42,2.0629,54828.2,112726.069
300503.SZ,20250620,21.01,21.25,20.35,20.36,21.2,-0.84,-3.9623,79162.8,163537.256
300503.SZ,20250619,20.99,21.65,20.9,21.2,21.1,0.1,0.4739,126528.5,269942.875
300503.SZ,20250618,20.8,21.11,20.6,21.1,20.89,0.21,1.0053,57638.5,120313.851
300503.SZ,20250617,20.72,21.25,20.65,20.89,20.68,0.21,1.0155,56553.5,118258.064
300503.SZ,20250616,20.53,20.82,20.46,20.68,20.57,0.11,0.5348,46573.0,96420.654
300503.SZ,20250613,21.06,21.15,20.46,20.57,21.17,-0.6,-2.8342,69930.0,145027.866
300503.SZ,20250612,21.4,21.49,21.16,21.17,21.45,-0.28,-1.3054,53033.5,112854.516
300503.SZ,20250611,21.33,21.55,21.33,21.45,21.33,0.12,0.5626,65662.5,140879.916
300503.SZ,20250610,21.5,21.53,20.76,21.33,21.41,-0.08,-0.3737,87310.58,184964.034
300503.SZ,20250609,21.25,21.58,21.18,21.41,21.18,0.23,1.0859,73788.0,158096.779
300503.SZ,20250606,21.5,21.52,21.1,21.18,21.48,-0.3,-1.3966,67321.0,142757.454
300503.SZ,20250605,21.1,21.52,20.82,21.48,20.99,0.49,2.3344,102000.0,216819.766
300503.SZ,20250604,21.0,21.29,20.94,20.99,20.97,0.02,0.0954,58805.0,124047.385
300503.SZ,20250603,20.76,21.19,20.7,20.97,21.01,-0.04,-0.1904,53211.5,111906.162
300503.SZ,20250530,21.62,21.64,20.89,21.01,21.65,-0.64,-2.9561,82320.71,173806.651
300503.SZ,20250529,21.48,21.76,21.36,21.65,21.32,0.33,1.5478,77175.0,166740.031
300503.SZ,20250528,21.5,21.79,21.22,21.32,21.5,-0.18,-0.8372,68077.71,146116.577
300503.SZ,20250527,22.01,22.02,21.43,21.5,22.03,-0.53,-2.4058,70961.0,153226.704
300503.SZ,20250526,21.81,22.1,21.73,22.03,21.81,0.22,1.0087,62578.23,137192.148
300503.SZ,20250523,21.86,22.49,21.75,21.81,22.08,-0.27,-1.2228,95635.72,211414.528
300503.SZ,20250522,22.2,22.6,21.96,22.08,22.2,-0.12,-0.5405,81045.08,180102.183
300503.SZ,20250521,22.63,22.63,21.92,22.2,22.71,-0.51,-2.2457,102745.0,227989.083
300503.SZ,20250520,22.7,22.95,22.3,22.71,22.78,-0.07,-0.3073,86589.38,196354.855
300503.SZ,20250519,23.25,23.35,22.1,22.78,23.4,-0.62,-2.6496,150856.5,339504.299
300503.SZ,20250516,23.23,23.92,23.12,23.4,23.34,0.06,0.2571,132075.5,312692.151
300503.SZ,20250515,23.9,24.02,23.18,23.34,24.05,-0.71,-2.9522,120699.91,282918.927
300503.SZ,20250514,24.05,24.78,23.88,24.05,24.11,-0.06,-0.2489,173860.5,422205.268
300503.SZ,20250513,24.9,25.07,24.03,24.11,24.34,-0.23,-0.9449,172664.5,423454.864
300503.SZ,20250512,23.66,24.44,23.61,24.34,23.4,0.94,4.0171,176010.6,426364.511
300503.SZ,20250509,23.94,24.11,22.93,23.4,24.08,-0.68,-2.8239,130099.91,304253.762
300503.SZ,20250508,23.78,24.26,23.58,24.08,23.83,0.25,1.0491,119738.64,288205.945
300503.SZ,20250507,24.53,24.6,23.43,23.83,24.19,-0.36,-1.4882,180796.8,433025.259
300503.SZ,20250506,23.53,24.3,23.53,24.19,23.52,0.67,2.8486,157677.89,378221.409
300503.SZ,20250430,22.96,23.76,22.79,23.52,22.85,0.67,2.9322,157086.5,366932.779
300503.SZ,20250429,22.24,23.06,22.1,22.85,22.4,0.45,2.0089,114098.0,260079.101
300503.SZ,20250428,22.74,22.93,22.3,22.4,22.87,-0.47,-2.0551,81403.0,183144.582
300503.SZ,20250425,23.04,23.14,22.57,22.87,22.95,-0.08,-0.3486,121180.0,277134.389
300503.SZ,20250424,23.14,23.62,22.8,22.95,23.24,-0.29,-1.2478,156687.23,362785.825
300503.SZ,20250423,22.41,23.59,22.41,23.24,22.08,1.16,5.2536,237871.0,548640.298
300503.SZ,20250422,22.58,22.78,22.04,22.08,22.93,-0.85,-3.7069,149247.0,332995.715
300503.SZ,20250421,21.39,22.95,21.29,22.93,21.46,1.47,6.85,174767.5,389376.586
300503.SZ,20250418,21.33,21.72,21.25,21.46,21.54,-0.08,-0.3714,69686.0,149346.851
300503.SZ,20250417,21.67,22.1,21.49,21.54,21.78,-0.24,-1.1019,86811.5,188820.991
300503.SZ,20250416,22.14,22.47,21.51,21.78,22.35,-0.57,-2.5503,111869.42,245292.702
300503.SZ,20250415,22.06,22.65,21.93,22.35,22.16,0.19,0.8574,139287.42,310412.937
300503.SZ,20250414,22.25,22.75,22.03,22.16,21.98,0.18,0.8189,147578.5,330323.831
300503.SZ,20250411,21.01,22.44,21.01,21.98,21.45,0.53,2.4709,186267.0,410356.437
300503.SZ,20250410,21.13,22.12,21.13,21.45,20.4,1.05,5.1471,214483.0,463535.386
300503.SZ,20250409,18.94,20.63,17.61,20.4,19.63,0.77,3.9226,217614.0,424366.333
300503.SZ,20250408,19.56,20.58,18.82,19.63,19.54,0.09,0.4606,198808.5,390729.514
300503.SZ,20250407,21.22,22.18,19.54,19.54,24.43,-4.89,-20.0164,202314.0,413451.264
300503.SZ,20250403,24.59,25.38,24.15,24.43,24.99,-0.56,-2.2409,102992.0,253735.425
300503.SZ,20250402,24.56,25.5,24.54,24.99,24.56,0.43,1.7508,119471.0,299744.551
300503.SZ,20250401,25.18,25.25,24.47,24.56,24.98,-0.42,-1.6813,99782.5,247264.35
300503.SZ,20250331,25.0,25.29,23.8,24.98,25.5,-0.52,-2.0392,171461.0,417538.445
300503.SZ,20250328,25.64,26.32,25.39,25.5,25.93,-0.43,-1.6583,106726.0,274550.275
300503.SZ,20250327,25.82,26.65,25.39,25.93,26.06,-0.13,-0.4988,142301.01,372296.498
300503.SZ,20250326,25.07,26.77,25.01,26.06,25.32,0.74,2.9226,171728.0,449865.088
300503.SZ,20250325,26.2,26.63,25.24,25.32,26.45,-1.13,-4.2722,161284.0,417211.655
300503.SZ,20250324,26.9,27.24,25.48,26.45,27.17,-0.72,-2.65,222855.0,584311.644
300503.SZ,20250321,28.6,28.74,27.07,27.17,29.36,-2.19,-7.4591,290773.07,803622.471
300503.SZ,20250320,28.64,30.35,28.28,29.36,29.12,0.24,0.8242,410904.0,1206990.235
300503.SZ,20250319,28.1,29.4,27.9,29.12,28.18,0.94,3.3357,382561.0,1104512.295
300503.SZ,20250318,27.9,28.48,27.14,28.18,27.9,0.28,1.0036,268722.0,748821.402
300503.SZ,20250317,27.46,28.36,26.8,27.9,27.61,0.29,1.0503,230457.5,634696.235
300503.SZ,20250314,26.27,28.05,26.23,27.61,26.57,1.04,3.9142,240838.19,653532.365
300503.SZ,20250313,28.03,28.2,26.06,26.57,28.58,-2.01,-7.0329,328250.0,880494.545
300503.SZ,20250312,29.1,29.49,28.45,28.58,29.08,-0.5,-1.7194,275849.0,798557.21
300503.SZ,20250311,28.0,30.57,27.95,29.08,28.63,0.45,1.5718,335819.2,979780.864
300503.SZ,20250310,29.68,29.68,28.48,28.63,29.78,-1.15,-3.8617,335110.7,969509.311
300503.SZ,20250307,27.21,29.99,27.21,29.78,27.54,2.24,8.1336,520024.06,1493780.636
300503.SZ,20250306,27.54,28.16,27.22,27.54,27.28,0.26,0.9531,290867.5,806322.834
300503.SZ,20250305,26.66,27.5,26.46,27.28,26.66,0.62,2.3256,289203.19,780955.47
300503.SZ,20250304,25.7,27.2,25.7,26.66,25.99,0.67,2.5779,273780.68,733482.219
300503.SZ,20250303,26.63,26.98,25.69,25.99,26.63,-0.64,-2.4033,262997.04,690380.563
300503.SZ,20250228,28.56,29.0,26.5,26.63,28.79,-2.16,-7.5026,381332.53,1041394.936
300503.SZ,20250227,28.48,30.19,28.06,28.79,28.92,-0.13,-0.4495,462843.5,1339065.289
300503.SZ,20250226,29.37,31.74,28.55,28.92,29.3,-0.38,-1.2969,612673.5,1847173.093
300503.SZ,20250225,28.99,30.48,28.88,29.3,30.0,-0.7,-2.3333,513992.3,1521965.541
300503.SZ,20250224,27.28,32.06,26.0,30.0,27.38,2.62,9.569,650357.81,1876143.38
300503.SZ,20250221,25.17,28.12,25.17,27.38,25.62,1.76,6.8696,546879.84,1461981.502
300503.SZ,20250220,24.93,26.17,24.45,25.62,25.17,0.45,1.7878,517987.88,1322276.426
300503.SZ,20250219,24.2,25.48,24.0,25.17,24.02,1.15,4.7877,550230.69,1376947.602
300503.SZ,20250218,22.9,24.38,22.58,24.02,23.09,0.93,4.0277,525839.01,1245316.69
300503.SZ,20250217,22.0,23.16,21.8,23.09,22.0,1.09,4.9545,287596.0,654524.754
300503.SZ,20250214,22.12,22.44,21.55,22.0,22.27,-0.27,-1.2124,220602.44,484940.769
300503.SZ,20250213,23.05,23.33,22.23,22.27,23.2,-0.93,-4.0086,244231.03,552097.68
300503.SZ,20250212,22.22,23.5,21.85,23.2,22.43,0.77,3.4329,296646.46,680911.171
300503.SZ,20250211,22.9,23.19,22.36,22.43,22.94,-0.51,-2.2232,257029.46,581989.033
300503.SZ,20250210,22.8,23.0,22.32,22.94,23.38,-0.44,-1.882,321164.44,727574.184
300503.SZ,20250207,23.38,24.3,22.86,23.38,23.6,-0.22,-0.9322,435615.96,1027568.155
300503.SZ,20250206,22.19,24.15,22.13,23.6,22.46,1.14,5.0757,371538.83,872855.12
300503.SZ,20250205,22.14,22.99,21.91,22.46,21.89,0.57,2.6039,280209.35,630214.686
300503.SZ,20250127,23.0,23.05,21.86,21.89,23.31,-1.42,-6.0918,252564.94,562410.941
300503.SZ,20250124,21.79,23.31,21.7,23.31,22.17,1.14,5.1421,366075.85,829607.591
300503.SZ,20250123,22.13,23.04,21.58,22.17,21.82,0.35,1.604,351310.0,786544.402
300503.SZ,20250122,21.74,22.18,21.48,21.82,22.27,-0.45,-2.0207,225304.0,491498.655
300503.SZ,20250121,21.63,22.39,21.29,22.27,21.63,0.64,2.9589,345975.37,756801.948
300503.SZ,20250120,21.6,21.95,21.25,21.63,21.16,0.47,2.2212,243227.02,525178.677
300503.SZ,20250117,21.02,22.0,20.89,21.16,21.09,0.07,0.3319,252824.5,542681.198
300503.SZ,20250116,21.24,21.68,20.7,21.09,21.24,-0.15,-0.7062,253509.0,537617.63
300503.SZ,20250115,21.14,21.54,20.89,21.24,21.14,0.1,0.473,293288.5,622896.8
300503.SZ,20250114,19.0,21.33,18.93,21.14,19.11,2.03,10.6227,374957.44,762947.018
300503.SZ,20250113,18.46,19.87,18.18,19.11,18.57,0.54,2.9079,298901.55,575830.743
300503.SZ,20250110,18.61,19.59,18.45,18.57,18.64,-0.07,-0.3755,283735.65,541445.84
300503.SZ,20250109,18.03,18.88,18.01,18.64,18.23,0.41,2.249,227263.14,419708.61
002896.SZ,20260702,76.05,81.68,75.5,77.84,76.36,1.48,1.9382,166829.35,1314745.93971
002896.SZ,20260701,76.08,78.29,75.69,76.36,76.38,-0.02,-0.0262,128405.46,986278.52818
002896.SZ,20260630,74.19,76.96,72.21,76.38,71.76,4.62,6.4381,143040.56,1070087.06204
002896.SZ,20260629,70.1,72.5,67.83,71.76,70.3,1.46,2.0768,113131.12,790883.08749
002896.SZ,20260626,72.71,73.3,70.3,70.3,73.04,-2.74,-3.7514,93608.01,669060.49065
002896.SZ,20260625,76.0,77.09,72.74,73.04,76.87,-3.83,-4.9824,147216.11,1096233.76378
002896.SZ,20260624,79.05,80.35,76.47,76.87,79.29,-2.42,-3.0521,113252.41,878504.94791
002896.SZ,20260623,78.5,81.54,76.0,79.29,79.67,-0.38,-0.477,137480.77,1088425.93311
002896.SZ,20260622,81.13,82.38,78.0,79.67,82.3,-2.63,-3.1956,151718.48,1209204.77611
002896.SZ,20260618,79.72,83.35,79.72,82.3,79.69,2.61,3.2752,176612.57,1446591.06766
002896.SZ,20260617,79.2,80.39,78.0,79.69,80.51,-0.82,-1.0185,111890.87,887157.89097
002896.SZ,20260616,79.74,81.81,79.06,80.51,80.41,0.1,0.1244,142055.48,1143201.62525
002896.SZ,20260615,78.28,80.76,77.89,80.41,78.28,2.13,2.721,144503.49,1151943.82531
002896.SZ,20260612,82.5,83.33,78.0,78.28,81.56,-3.28,-4.0216,200259.64,1608056.13192
002896.SZ,20260611,86.77,87.0,81.56,81.56,90.62,-9.06,-9.9978,200269.25,1658345.6409
002896.SZ,20260610,88.8,93.84,88.03,90.62,90.69,-0.07,-0.0772,247030.9,2240875.04331
002896.SZ,20260609,90.0,91.44,87.71,90.69,95.2,-4.51,-4.7374,305126.23,2724862.58746
002896.SZ,20260608,88.0,95.4,87.58,95.2,86.77,8.43,9.7153,429542.3,3897644.175
002896.SZ,20260605,78.0,86.77,74.41,86.77,78.88,7.89,10.0025,287153.43,2351434.358
002896.SZ,20260604,77.99,81.99,76.95,78.88,78.9,-0.02,-0.0253,171498.32,1372340.124
002896.SZ,20260603,81.7,83.88,78.3,78.9,81.7,-2.8,-3.4272,266155.11,2165710.327
002896.SZ,20260602,80.11,81.7,79.16,81.7,74.27,7.43,10.004,166998.07,1357183.054
002896.SZ,20260601,74.18,76.99,73.6,74.27,75.82,-1.55,-2.0443,114462.32,859731.901
002896.SZ,20260529,81.42,81.45,75.0,75.82,82.24,-6.42,-7.8064,170926.91,1322066.048
002896.SZ,20260528,85.25,86.4,79.8,82.24,86.11,-3.87,-4.4943,195455.32,1606919.344
002896.SZ,20260527,87.01,92.2,84.86,86.11,89.68,-3.57,-3.9808,275713.11,2426409.553
002896.SZ,20260526,86.0,89.68,86.0,89.68,81.53,8.15,9.9963,304345.19,2692918.157
002896.SZ,20260525,80.68,82.72,80.0,81.53,80.36,1.17,1.4559,117409.09,956700.445
002896.SZ,20260522,80.0,81.05,77.86,80.36,79.93,0.43,0.538,108733.4,869090.656
002896.SZ,20260521,77.01,82.87,77.01,79.93,76.73,3.2,4.1705,188264.11,1510425.919
002896.SZ,20260520,78.61,78.99,76.46,76.73,79.65,-2.92,-3.666,94802.04,731758.63
002896.SZ,20260519,81.5,81.98,79.1,79.65,80.78,-1.13,-1.3989,96141.6,769590.763
002896.SZ,20260518,79.24,81.61,78.6,80.78,80.6,0.18,0.2233,139780.44,1121995.64
002896.SZ,20260515,77.48,82.6,76.2,80.6,77.56,3.04,3.9195,181722.63,1451446.939
002896.SZ,20260514,78.4,81.14,76.1,77.56,78.63,-1.07,-1.3608,132954.65,1045008.012
002896.SZ,20260513,78.0,78.77,76.38,78.63,80.4,-1.77,-2.2015,142361.0,1107685.162
002896.SZ,20260512,77.86,83.12,77.86,80.4,75.56,4.84,6.4055,225002.05,1825222.747
002896.SZ,20260511,75.2,76.15,74.1,75.56,76.0,-0.44,-0.5789,94230.78,708305.913
002896.SZ,20260508,71.08,80.47,70.77,76.0,73.2,2.8,3.8251,169284.72,1284800.505
002896.SZ,20260507,71.25,73.48,70.7,73.2,70.9,2.3,3.244,73615.96,535624.905
002896.SZ,20260506,70.3,71.5,70.2,70.9,70.28,0.62,0.8822,45458.33,322525.037
002896.SZ,20260430,68.19,70.74,68.13,70.28,68.31,1.97,2.8839,50304.61,352028.185
002896.SZ,20260429,67.5,68.81,67.41,68.31,68.12,0.19,0.2789,29126.95,198921.722
002896.SZ,20260428,70.0,70.3,68.0,68.12,71.36,-3.24,-4.5404,58409.81,401705.506
002896.SZ,20260427,71.05,71.86,70.37,71.36,71.29,0.07,0.0982,31120.32,221875.712
002896.SZ,20260424,70.88,71.49,70.88,71.29,71.1,0.19,0.2672,25413.29,181002.554
002896.SZ,20260423,72.27,72.49,70.77,71.1,72.27,-1.17,-1.6189,46811.69,333389.099
002896.SZ,20260422,72.5,72.89,71.97,72.27,72.6,-0.33,-0.4545,38286.4,276824.835
002896.SZ,20260421,72.6,73.45,71.8,72.6,72.88,-0.28,-0.3842,43299.29,313537.587
002896.SZ,20260420,74.0,74.0,72.25,72.88,74.59,-1.71,-2.2925,70344.2,512832.492
002896.SZ,20260417,74.0,74.69,72.83,74.59,73.83,0.76,1.0294,48546.84,358556.689
002896.SZ,20260416,74.0,74.9,73.01,73.83,73.96,-0.13,-0.1758,49091.56,361183.554
002896.SZ,20260415,75.58,75.68,73.62,73.96,75.1,-1.14,-1.518,39578.63,295109.877
002896.SZ,20260414,74.84,75.53,74.21,75.1,74.14,0.96,1.2948,46351.47,346743.169
002896.SZ,20260413,73.37,75.3,73.08,74.14,73.89,0.25,0.3383,44327.7,328689.568
002896.SZ,20260410,73.6,75.75,73.15,73.89,72.0,1.89,2.625,74109.57,552589.669
002896.SZ,20260409,73.01,73.18,71.74,72.0,74.24,-2.24,-3.0172,43982.45,317701.387
002896.SZ,20260408,72.35,74.38,72.13,74.24,70.86,3.38,4.77,64936.16,475382.78
002896.SZ,20260407,71.09,71.66,70.3,70.86,71.06,-0.2,-0.2815,27796.43,197214.33
002896.SZ,20260403,72.33,72.87,70.85,71.06,72.45,-1.39,-1.9186,33040.95,235877.165
002896.SZ,20260402,74.6,74.85,72.2,72.45,75.5,-3.05,-4.0397,51303.99,376563.96
002896.SZ,20260401,76.15,76.45,74.89,75.5,74.95,0.55,0.7338,51996.93,392770.773
002896.SZ,20260331,75.52,77.4,73.77,74.95,75.52,-0.57,-0.7548,73347.43,553273.541
002896.SZ,20260330,75.5,76.86,74.8,75.52,77.1,-1.58,-2.0493,56615.41,427163.471
002896.SZ,20260327,75.0,77.8,74.95,77.1,78.29,-1.19,-1.52,77902.34,598626.804
002896.SZ,20260326,73.93,81.5,73.93,78.29,74.44,3.85,5.172,130930.87,1020482.616
002896.SZ,20260325,73.01,75.4,72.68,74.44,74.44,0.0,0.0,83190.17,617607.497
002896.SZ,20260324,79.96,79.96,72.38,74.44,77.0,-2.56,-3.3247,145961.07,1098417.931
002896.SZ,20260323,74.02,77.0,74.02,77.0,70.0,7.0,10.0,126224.53,967470.984
002896.SZ,20260320,72.9,72.9,70.0,70.0,72.2,-2.2,-3.0471,35036.71,250114.852
002896.SZ,20260319,73.72,74.1,72.0,72.2,74.87,-2.67,-3.5662,32665.7,237991.143
002896.SZ,20260318,74.99,75.44,73.68,74.87,74.6,0.27,0.3619,24087.84,179100.542
002896.SZ,20260317,76.88,77.08,74.55,74.6,76.32,-1.72,-2.2537,24265.86,183283.25
002896.SZ,20260316,76.9,76.9,75.05,76.32,76.91,-0.59,-0.7671,23832.16,180882.369
002896.SZ,20260313,78.0,78.4,76.68,76.91,78.7,-1.79,-2.2745,26715.34,206500.548
002896.SZ,20260312,80.07,81.5,78.44,78.7,80.5,-1.8,-2.236,37309.99,297146.005
002896.SZ,20260311,78.78,81.19,78.78,80.5,78.75,1.75,2.2222,66962.3,538447.26
002896.SZ,20260310,76.69,79.6,76.65,78.75,75.68,3.07,4.0566,55869.33,437052.936
002896.SZ,20260309,76.0,76.19,73.4,75.68,77.68,-2.0,-2.5747,43089.56,322697.241
002896.SZ,20260306,77.11,77.85,77.01,77.68,77.55,0.13,0.1676,21083.44,163616.56
002896.SZ,20260305,78.69,78.88,77.23,77.55,77.16,0.39,0.5054,28854.0,225022.453
002896.SZ,20260304,76.0,78.5,75.75,77.16,77.77,-0.61,-0.7844,35732.93,276694.167
002896.SZ,20260303,80.2,80.7,77.68,77.77,80.41,-2.64,-3.2832,59597.24,471459.995
002896.SZ,20260302,80.17,81.58,80.17,80.41,83.76,-3.35,-3.9995,60592.53,488817.428
002896.SZ,20260227,84.85,85.0,83.59,83.76,83.65,0.11,0.1315,48532.23,408055.766
002896.SZ,20260226,85.0,85.0,83.25,83.65,85.18,-1.53,-1.7962,54726.06,458185.646
002896.SZ,20260225,86.29,86.29,84.55,85.18,87.16,-1.98,-2.2717,69527.5,591900.652
002896.SZ,20260224,90.78,91.0,86.01,87.16,86.19,0.97,1.1254,129377.1,1133211.137
002896.SZ,20260213,82.54,87.53,82.1,86.19,82.53,3.66,4.4348,105389.0,897959.34
002896.SZ,20260212,81.74,82.79,81.52,82.53,81.73,0.8,0.9788,32340.86,266467.398
002896.SZ,20260211,82.0,82.7,81.72,81.73,82.8,-1.07,-1.2923,29515.9,242048.686
002896.SZ,20260210,81.18,83.27,81.18,82.8,81.1,1.7,2.0962,61072.08,504681.582
002896.SZ,20260209,81.46,81.64,80.5,81.1,80.64,0.46,0.5704,32276.17,261369.513
002896.SZ,20260206,79.57,81.5,78.68,80.64,80.04,0.6,0.7496,41843.15,337185.427
002896.SZ,20260205,80.5,81.1,80.0,80.04,81.47,-1.43,-1.7552,27210.9,218412.158
002896.SZ,20260204,81.0,81.55,80.21,81.47,81.35,0.12,0.1475,36541.86,294955.617
002896.SZ,20260203,80.5,81.39,80.07,81.35,80.48,0.87,1.081,36315.58,293737.495
002896.SZ,20260202,81.04,82.8,80.42,80.48,81.63,-1.15,-1.4088,43717.51,355584.27
002896.SZ,20260130,80.11,82.48,79.66,81.63,80.5,1.13,1.4037,52691.75,428298.48
002896.SZ,20260129,81.72,82.3,80.29,80.5,81.71,-1.21,-1.4808,47058.96,382149.659
002896.SZ,20260128,82.5,82.6,81.25,81.71,82.99,-1.28,-1.5424,45221.59,369619.273
002896.SZ,20260127,83.38,83.65,80.56,82.99,83.35,-0.36,-0.4319,67774.89,556009.146
002896.SZ,20260126,89.02,89.64,83.2,83.35,88.16,-4.81,-5.456,116653.08,991928.413
002896.SZ,20260123,87.29,91.33,87.29,88.16,86.94,1.22,1.4033,102329.15,908910.264
002896.SZ,20260122,88.57,89.49,86.7,86.94,88.14,-1.2,-1.3615,63886.94,559429.605
002896.SZ,20260121,86.7,89.19,86.5,88.14,87.79,0.35,0.3987,69283.04,610888.807
002896.SZ,20260120,89.44,91.0,87.35,87.79,89.86,-2.07,-2.3036,72923.5,646994.825
002896.SZ,20260119,90.69,91.78,89.12,89.86,89.33,0.53,0.5933,109926.68,995371.446
002896.SZ,20260116,86.66,90.3,86.66,89.33,86.7,2.63,3.0334,113313.53,1007818.225
002896.SZ,20260115,87.0,87.85,85.66,86.7,87.35,-0.65,-0.7441,58006.49,501937.721
002896.SZ,20260114,87.0,89.59,86.54,87.35,87.26,0.09,0.1031,106295.28,938182.981
002896.SZ,20260113,90.0,91.4,86.98,87.26,89.99,-2.73,-3.0337,113882.3,1014311.865
002896.SZ,20260112,89.05,90.49,88.2,89.99,89.04,0.95,1.0669,112227.49,1004445.007
002896.SZ,20260109,88.02,90.72,87.88,89.04,89.0,0.04,0.0449,112010.35,1003266.873
002896.SZ,20260108,87.69,89.99,86.95,89.0,87.98,1.02,1.1594,94505.52,835340.201
002896.SZ,20260107,87.83,89.3,86.78,87.98,88.22,-0.24,-0.272,77359.3,679711.24
002896.SZ,20260106,88.88,89.39,87.7,88.22,88.48,-0.26,-0.2939,85581.57,756838.502
002896.SZ,20260105,88.08,89.14,86.78,88.48,89.36,-0.88,-0.9848,96580.44,851944.422
002896.SZ,20251231,92.0,92.0,89.0,89.36,92.15,-2.79,-3.0277,143464.22,1290040.291
002896.SZ,20251230,85.0,92.2,84.5,92.15,85.54,6.61,7.7274,219932.94,1977846.034
002896.SZ,20251229,85.96,86.78,84.2,85.54,84.96,0.58,0.6827,88375.96,758945.465
002896.SZ,20251226,85.5,86.29,83.66,84.96,85.48,-0.52,-0.6083,78106.97,663723.106
002896.SZ,20251225,82.95,86.49,82.95,85.48,82.49,2.99,3.6247,112889.85,958558.008
002896.SZ,20251224,81.92,82.75,81.61,82.49,81.95,0.54,0.6589,33403.34,275060.993
002896.SZ,20251223,83.0,83.42,81.7,81.95,84.0,-2.05,-2.4405,65586.79,540366.794
002896.SZ,20251222,82.1,85.53,81.64,84.0,79.6,4.4,5.5276,124906.09,1047204.168
002896.SZ,20251219,79.5,80.3,79.01,79.6,78.57,1.03,1.3109,33738.77,268639.076
002896.SZ,20251218,79.5,80.88,78.53,78.57,80.11,-1.54,-1.9224,39894.35,316813.132
002896.SZ,20251217,78.91,80.5,78.26,80.11,78.92,1.19,1.5079,46862.61,372388.51
002896.SZ,20251216,81.73,81.73,78.76,78.92,81.77,-2.85,-3.4854,49736.79,396120.225
002896.SZ,20251215,82.51,83.88,81.72,81.77,83.38,-1.61,-1.9309,46909.68,386442.788
002896.SZ,20251212,82.0,83.38,81.0,83.38,82.09,1.29,1.5714,69130.93,567200.564
002896.SZ,20251211,84.5,84.6,81.98,82.09,84.79,-2.7,-3.1843,55258.71,458144.157
002896.SZ,20251210,84.15,84.8,83.2,84.79,84.45,0.34,0.4026,42748.0,358846.361
002896.SZ,20251209,85.01,86.76,84.4,84.45,85.8,-1.35,-1.5734,51948.14,443645.74
002896.SZ,20251208,84.52,86.35,84.28,85.8,84.73,1.07,1.2628,76460.72,653541.866
002896.SZ,20251205,82.27,84.84,81.4,84.73,83.46,1.27,1.5217,83416.16,698143.507
002896.SZ,20251204,83.0,84.5,82.02,83.46,81.41,2.05,2.5181,85792.55,715279.758
002896.SZ,20251203,83.27,84.05,81.3,81.41,83.3,-1.89,-2.2689,42326.14,347451.05
002896.SZ,20251202,84.6,85.2,82.8,83.3,85.29,-1.99,-2.3332,48662.12,406984.511
002896.SZ,20251201,84.42,85.58,84.0,85.29,84.45,0.84,0.9947,55086.33,468218.174
002896.SZ,20251128,83.01,84.59,82.13,84.45,83.47,0.98,1.1741,59196.38,495662.51
002896.SZ,20251127,82.88,84.88,82.88,83.47,83.48,-0.01,-0.012,47285.42,396067.827
002896.SZ,20251126,82.88,84.9,81.8,83.48,83.35,0.13,0.156,56298.52,470914.003
002896.SZ,20251125,83.53,84.6,82.82,83.35,83.48,-0.13,-0.1557,61666.26,516254.913
002896.SZ,20251124,85.05,85.8,81.4,83.48,86.74,-3.26,-3.7584,92467.78,767384.435
002896.SZ,20251121,83.5,88.88,83.03,86.74,84.5,2.24,2.6509,121579.64,1049804.481
002896.SZ,20251120,84.28,85.0,83.01,84.5,84.27,0.23,0.2729,46112.96,388618.434
002896.SZ,20251119,84.84,86.5,84.03,84.27,84.13,0.14,0.1664,63344.88,540012.143
002896.SZ,20251118,82.3,85.77,81.85,84.13,83.15,0.98,1.1786,63443.0,531506.621
002896.SZ,20251117,81.0,84.54,81.0,83.15,80.43,2.72,3.3818,75835.52,630451.437
002896.SZ,20251114,82.0,82.03,80.4,80.43,82.65,-2.22,-2.686,45640.03,370436.577
002896.SZ,20251113,81.89,83.45,81.21,82.65,81.89,0.76,0.9281,39001.95,320945.582
002896.SZ,20251112,82.8,83.47,81.72,81.89,82.8,-0.91,-1.099,40433.52,333056.247
002896.SZ,20251111,85.42,86.14,82.03,82.8,85.42,-2.62,-3.0672,58800.82,493320.532
002896.SZ,20251110,86.71,87.1,85.2,85.42,86.84,-1.42,-1.6352,41663.95,356738.334
002896.SZ,20251107,89.39,89.39,86.8,86.84,88.85,-2.01,-2.2622,53529.48,467739.833
002896.SZ,20251106,86.52,89.49,86.28,88.85,86.27,2.58,2.9906,64489.46,567963.318
002896.SZ,20251105,86.14,87.2,85.03,86.27,87.58,-1.31,-1.4958,48729.09,419088.083
002896.SZ,20251104,90.0,90.0,87.5,87.58,90.64,-3.06,-3.376,68994.6,608136.857
002896.SZ,20251103,91.02,94.0,90.1,90.64,90.29,0.35,0.3876,97032.53,892696.516
002896.SZ,20251031,88.61,91.32,88.33,90.29,89.09,1.2,1.347,77217.74,698719.042
002896.SZ,20251030,92.0,92.0,88.8,89.09,91.11,-2.02,-2.2171,72705.46,655170.245
002896.SZ,20251029,90.0,91.25,89.61,91.11,90.32,0.79,0.8747,70621.48,638355.284
002896.SZ,20251028,90.01,91.55,89.22,90.32,90.24,0.08,0.0887,89696.86,810260.101
002896.SZ,20251027,88.07,90.69,88.07,90.24,89.55,0.69,0.7705,90723.02,815080.224
002896.SZ,20251024,88.13,90.15,87.9,89.55,87.58,1.97,2.2494,74655.07,666836.115
002896.SZ,20251023,88.0,88.0,86.22,87.58,89.0,-1.42,-1.5955,56691.85,492579.707
002896.SZ,20251022,89.35,90.57,88.22,89.0,89.08,-0.08,-0.0898,62065.2,555234.451
002896.SZ,20251021,88.02,89.23,86.6,89.08,88.7,0.38,0.4284,73279.5,646175.904
002896.SZ,20251020,88.85,90.8,88.02,88.7,87.51,1.19,1.3598,79304.29,707716.814
002896.SZ,20251017,88.89,90.5,87.5,87.51,88.88,-1.37,-1.5414,67020.68,595705.379
002896.SZ,20251016,90.76,90.89,88.59,88.88,92.51,-3.63,-3.9239,84528.89,757293.944
002896.SZ,20251015,87.23,93.82,86.01,92.51,87.2,5.31,6.0894,131431.14,1188289.009
002896.SZ,20251014,90.88,91.95,87.1,87.2,89.87,-2.67,-2.971,85908.56,767617.009
002896.SZ,20251013,86.7,90.5,86.7,89.87,93.5,-3.63,-3.8824,91459.68,812811.737
002896.SZ,20251010,96.69,97.79,93.0,93.5,96.5,-3.0,-3.1088,101335.62,966127.11
002896.SZ,20251009,96.01,97.32,91.97,96.5,96.53,-0.03,-0.0311,100326.04,961869.548
002896.SZ,20250930,95.9,97.6,95.0,96.53,95.0,1.53,1.6105,112577.84,1084889.21
002896.SZ,20250929,93.69,95.44,93.31,95.0,93.72,1.28,1.3658,82438.2,779538.869
002896.SZ,20250926,96.07,96.97,93.7,93.72,97.19,-3.47,-3.5703,97847.76,929963.818
002896.SZ,20250925,97.99,99.24,96.9,97.19,97.98,-0.79,-0.8063,112404.56,1100503.974
002896.SZ,20250924,95.5,98.5,94.17,97.98,96.43,1.55,1.6074,116513.38,1130983.457
002896.SZ,20250923,98.3,99.46,93.65,96.43,97.91,-1.48,-1.5116,139405.98,1343498.567
002896.SZ,20250922,97.14,98.8,97.14,97.91,97.13,0.78,0.803,121785.51,1192055.885
002896.SZ,20250919,100.0,101.94,96.64,97.13,102.8,-5.67,-5.5156,209777.27,2063037.122
002896.SZ,20250918,105.61,109.35,100.19,102.8,105.47,-2.67,-2.5315,342780.82,3611773.708
002896.SZ,20250917,107.18,108.68,103.73,105.47,105.6,-0.13,-0.1231,299283.48,3177713.8
002896.SZ,20250916,103.69,107.89,101.45,105.6,103.02,2.58,2.5044,422642.73,4428822.33
002896.SZ,20250915,93.65,103.02,93.01,103.02,93.65,9.37,10.0053,216515.41,2177137.094
002896.SZ,20250912,94.0,95.88,92.94,93.65,93.6,0.05,0.0534,146998.89,1390633.973
002896.SZ,20250911,90.5,94.23,90.1,93.6,91.05,2.55,2.8007,144720.87,1342297.932
002896.SZ,20250910,91.49,93.0,90.07,91.05,91.65,-0.6,-0.6547,94016.49,859110.469
002896.SZ,20250909,93.45,93.89,91.3,91.65,94.66,-3.01,-3.1798,121248.31,1118278.249
002896.SZ,20250908,90.06,96.27,90.01,94.66,90.67,3.99,4.4006,182584.31,1720540.66
002896.SZ,20250905,86.45,91.1,85.68,90.67,86.55,4.12,4.7603,147418.17,1314798.367
002896.SZ,20250904,92.27,92.88,85.0,86.55,92.91,-6.36,-6.8453,180787.41,1611700.425
002896.SZ,20250903,99.0,99.65,92.54,92.91,97.95,-5.04,-5.1455,216813.49,2081304.828
002896.SZ,20250902,91.97,100.0,87.78,97.95,91.85,6.1,6.6413,340512.13,3211208.892
002896.SZ,20250901,92.67,93.58,91.0,91.85,92.77,-0.92,-0.9917,103259.24,947711.403
002896.SZ,20250829,91.99,94.76,91.25,92.77,92.23,0.54,0.5855,134197.9,1245060.158
002896.SZ,20250828,93.12,93.3,89.05,92.23,93.99,-1.76,-1.8725,206554.13,1874365.821
002896.SZ,20250827,95.74,97.89,93.93,93.99,95.74,-1.75,-1.8279,160974.24,1545731.149
002896.SZ,20250826,98.35,98.68,95.56,95.74,98.85,-3.11,-3.1462,158091.81,1530396.177
002896.SZ,20250825,97.5,100.9,97.32,98.85,96.66,2.19,2.2657,191320.62,1895924.618
002896.SZ,20250822,93.38,97.45,93.28,96.66,93.43,3.23,3.4571,177790.12,1705268.578
002896.SZ,20250821,97.6,98.61,93.4,93.43,99.02,-5.59,-5.6453,215807.58,2064072.31
002896.SZ,20250820,97.79,103.0,96.7,99.02,98.63,0.39,0.3954,208100.13,2083427.399
002896.SZ,20250819,99.6,104.0,97.8,98.63,101.66,-3.03,-2.9805,246866.86,2458438.054
002896.SZ,20250818,101.76,104.28,97.51,101.66,99.59,2.07,2.0785,265981.02,2664486.494
002896.SZ,20250815,98.92,101.51,98.01,99.59,99.58,0.01,0.01,220489.16,2199581.898
002896.SZ,20250814,102.36,106.66,96.28,99.58,102.4,-2.82,-2.7539,325750.07,3267017.532
002896.SZ,20250813,96.0,106.0,94.5,102.4,96.66,5.74,5.9383,349131.03,3483442.593
002896.SZ,20250812,96.01,99.66,93.68,96.66,97.07,-0.41,-0.4224,264391.03,2532365.592
002896.SZ,20250811,95.5,98.86,95.41,97.07,96.02,1.05,1.0935,268961.55,2604795.343
002896.SZ,20250808,99.01,99.05,95.39,96.02,102.97,-6.95,-6.7495,332400.73,3222783.091
002896.SZ,20250807,99.0,103.22,97.8,102.97,94.38,8.59,9.1015,416322.6,4185668.763
002896.SZ,20250806,86.68,94.38,85.3,94.38,85.8,8.58,10.0,278705.92,2523544.727
002896.SZ,20250805,84.5,88.0,83.5,85.8,82.49,3.31,4.0126,314674.72,2692164.477
002896.SZ,20250804,78.86,82.5,78.6,82.49,78.4,4.09,5.2168,229258.14,1857983.101
002896.SZ,20250801,78.98,80.53,77.55,78.4,79.77,-1.37,-1.7174,143244.22,1127063.189
002896.SZ,20250731,78.53,81.9,78.11,79.77,79.53,0.24,0.3018,197068.02,1587211.133
002896.SZ,20250730,85.27,86.0,79.0,79.53,87.7,-8.17,-9.3158,328595.95,2690547.797
002896.SZ,20250729,83.5,89.96,82.8,87.7,84.45,3.25,3.8484,332656.38,2894210.972
002896.SZ,20250728,83.62,86.0,82.8,84.45,82.61,1.84,2.2273,231535.04,1951886.944
002896.SZ,20250725,83.56,85.26,82.01,82.61,83.67,-1.06,-1.2669,215655.79,1796043.618
002896.SZ,20250724,84.12,85.98,83.0,83.67,84.41,-0.74,-0.8767,244963.58,2057025.567
002896.SZ,20250723,84.4,88.98,83.8,84.41,88.35,-3.94,-4.4595,320199.82,2735222.249
002896.SZ,20250722,86.7,92.58,83.0,88.35,88.28,0.07,0.0793,410861.88,3629519.211
002896.SZ,20250721,84.0,88.28,83.0,88.28,80.25,8.03,10.0062,348692.26,3026014.187
002896.SZ,20250718,76.2,81.45,74.88,80.25,76.4,3.85,5.0393,370639.56,2905350.793
002896.SZ,20250717,70.91,77.99,69.41,76.4,70.9,5.5,7.7574,447878.88,3370406.36
002896.SZ,20250716,67.48,74.3,65.52,70.9,67.8,3.1,4.5723,378068.09,2624919.683
002896.SZ,20250715,70.0,70.97,67.2,67.8,67.58,0.22,0.3255,447355.73,3087539.076
002896.SZ,20250714,63.83,67.58,63.18,67.58,61.44,6.14,9.9935,280459.33,1840033.501
002896.SZ,20250711,55.49,61.44,55.01,61.44,55.85,5.59,10.009,301553.23,1793336.233
002896.SZ,20250710,56.23,56.95,55.64,55.85,58.17,-2.32,-3.9883,159352.28,894531.792
002896.SZ,20250709,58.81,60.81,58.0,58.17,55.28,2.89,5.2279,284110.85,1695918.579
002896.SZ,20250708,53.66,56.37,53.66,55.28,54.12,1.16,2.1434,80615.59,444022.171
002896.SZ,20250707,55.0,55.05,53.9,54.12,55.09,-0.97,-1.7608,48328.2,261777.627
002896.SZ,20250704,55.35,55.95,54.56,55.09,55.5,-0.41,-0.7387,52122.98,287411.455
002896.SZ,20250703,55.35,56.35,55.0,55.5,55.74,-0.24,-0.4306,52690.86,292542.429
002896.SZ,20250702,57.32,57.32,55.31,55.74,57.54,-1.8,-3.1283,71746.8,402023.107
002896.SZ,20250701,57.85,58.18,56.95,57.54,57.91,-0.37,-0.6389,60726.41,348491.818
002896.SZ,20250630,57.1,58.2,57.06,57.91,57.11,0.8,1.4008,72641.76,419699.882
002896.SZ,20250627,56.89,57.72,55.9,57.11,56.88,0.23,0.4044,83637.24,477076.332
002896.SZ,20250626,75.92,76.67,74.12,74.2,75.48,-1.28,-1.6958,84409.71,636978.548
002896.SZ,20250625,74.07,75.8,73.81,75.48,74.05,1.43,1.9311,112589.13,842862.047
002896.SZ,20250624,70.35,74.8,70.32,74.05,70.02,4.03,5.7555,125493.16,921102.398
002896.SZ,20250623,68.7,70.33,68.55,70.02,69.77,0.25,0.3583,44730.4,312501.906
002896.SZ,20250620,71.57,72.09,69.56,69.77,71.57,-1.8,-2.515,61383.2,431886.581
002896.SZ,20250619,71.98,74.37,71.5,71.57,71.98,-0.41,-0.5696,102488.64,747867.527
002896.SZ,20250618,71.52,72.23,70.89,71.98,71.53,0.45,0.6291,42925.0,307256.212
002896.SZ,20250617,72.5,72.91,71.36,71.53,72.37,-0.84,-1.1607,37155.8,267439.131
002896.SZ,20250616,71.9,72.77,71.9,72.37,71.9,0.47,0.6537,41532.69,300483.303
002896.SZ,20250613,73.7,73.9,71.6,71.9,74.29,-2.39,-3.2171,60971.69,441715.854
002896.SZ,20250612,74.47,75.42,74.0,74.29,74.86,-0.57,-0.7614,40454.0,301025.257
002896.SZ,20250611,74.0,75.8,73.68,74.86,74.23,0.63,0.8487,57306.09,427915.373
002896.SZ,20250610,74.98,75.55,72.41,74.23,75.12,-0.89,-1.1848,79057.24,584915.905
002896.SZ,20250609,75.1,76.6,74.84,75.12,75.02,0.1,0.1333,63046.25,477132.804
002896.SZ,20250606,76.0,76.05,74.8,75.02,76.22,-1.2,-1.5744,45051.85,338474.439
002896.SZ,20250605,75.02,77.2,74.5,76.22,75.36,0.86,1.1412,83514.35,633586.16
002896.SZ,20250604,74.38,75.89,74.38,75.36,74.37,0.99,1.3312,56724.99,426831.225
002896.SZ,20250603,73.3,75.02,73.3,74.37,74.29,0.08,0.1077,45658.42,340175.445
002896.SZ,20250530,76.0,76.16,73.8,74.29,75.96,-1.67,-2.1985,57338.11,427664.996
002896.SZ,20250529,75.9,76.96,75.59,75.96,75.9,0.06,0.0791,61733.39,469447.082
002896.SZ,20250528,77.11,77.88,75.56,75.9,76.63,-0.73,-0.9526,59894.61,457394.39
002896.SZ,20250527,78.88,79.15,76.47,76.63,79.19,-2.56,-3.2327,82450.24,635031.468
002896.SZ,20250526,80.0,80.0,78.24,79.19,80.3,-1.11,-1.3823,71980.45,568378.584
002896.SZ,20250523,81.5,82.58,80.03,80.3,82.4,-2.1,-2.5485,72587.52,590929.53
002896.SZ,20250522,82.33,84.55,81.93,82.4,82.32,0.08,0.0972,66215.31,550782.181
002896.SZ,20250521,83.1,83.79,81.5,82.32,83.35,-1.03,-1.2358,47022.76,387452.145
002896.SZ,20250520,82.91,84.36,82.18,83.35,82.9,0.45,0.5428,45202.7,376421.668
002896.SZ,20250519,84.0,84.05,81.14,82.9,84.45,-1.55,-1.8354,66984.45,552101.191
002896.SZ,20250516,84.12,86.72,84.11,84.45,85.11,-0.66,-0.7755,78381.86,671123.154
002896.SZ,20250515,88.0,88.16,85.08,85.11,88.28,-3.17,-3.5908,64757.32,555712.956
002896.SZ,20250514,89.01,89.73,88.08,88.28,89.73,-1.45,-1.616,67228.39,595586.657
002896.SZ,20250513,92.2,92.38,89.5,89.73,91.6,-1.87,-2.0415,78394.75,710452.445
002896.SZ,20250512,90.34,92.06,89.88,91.6,88.86,2.74,3.0835,93321.61,850357.131
002896.SZ,20250509,91.48,91.98,88.0,88.86,92.4,-3.54,-3.8312,91981.73,820867.836
002896.SZ,20250508,91.88,94.98,91.39,92.4,92.35,0.05,0.0541,93478.29,868513.957
002896.SZ,20250507,93.46,96.19,90.8,92.35,92.05,0.3,0.3259,133271.01,1237494.205
002896.SZ,20250506,91.1,92.9,89.61,92.05,91.1,0.95,1.0428,116997.0,1070186.561
002896.SZ,20250430,88.28,92.35,87.0,91.1,87.55,3.55,4.0548,134748.44,1213624.83
002896.SZ,20250429,85.77,88.01,85.11,87.55,85.77,1.78,2.0753,85772.59,746108.894
002896.SZ,20250428,88.05,89.3,85.69,85.77,89.12,-3.35,-3.759,84775.0,735462.011
002896.SZ,20250425,90.7,90.81,88.18,89.12,90.4,-1.28,-1.4159,86703.03,775923.02
002896.SZ,20250424,93.0,94.2,89.65,90.4,93.67,-3.27,-3.491,138257.18,1265483.964
002896.SZ,20250423,87.34,94.9,87.04,93.67,86.32,7.35,8.5148,183272.83,1677555.365
002896.SZ,20250422,89.91,90.07,86.3,86.32,88.0,-1.68,-1.9091,102867.0,899884.414
002896.SZ,20250421,82.0,88.19,82.0,88.0,84.77,3.23,3.8103,133751.19,1143030.674
002896.SZ,20250418,86.18,87.43,83.08,84.77,87.69,-2.92,-3.3299,106982.58,912507.036
002896.SZ,20250417,86.86,91.0,86.01,87.69,87.13,0.56,0.6427,143103.59,1266760.428
002896.SZ,20250416,84.43,89.9,84.2,87.13,85.35,1.78,2.0855,182398.47,1591920.418
002896.SZ,20250415,87.0,87.2,83.82,85.35,85.75,-0.4,-0.4665,109218.65,930006.43
002896.SZ,20250414,86.22,88.29,84.1,85.75,86.22,-0.47,-0.5451,160795.84,1386750.218
002896.SZ,20250411,78.0,87.51,78.0,86.22,79.55,6.67,8.3847,233157.65,1975291.576
002896.SZ,20250410,76.84,81.47,76.0,79.55,74.06,5.49,7.4129,199182.07,1576653.263
002896.SZ,20250409,67.0,74.06,62.55,74.06,67.33,6.73,9.9955,213029.59,1467997.306
002896.SZ,20250408,71.0,73.49,67.28,67.33,74.75,-7.42,-9.9264,151959.56,1046935.105
002896.SZ,20250407,74.75,77.8,74.75,74.75,83.05,-8.3,-9.994,31260.0,234797.574
002896.SZ,20250403,85.22,87.0,82.8,83.05,86.65,-3.6,-4.1546,93157.43,786699.043
002896.SZ,20250402,86.7,87.79,86.0,86.65,86.6,0.05,0.0577,74502.84,646583.656
002896.SZ,20250401,87.49,88.27,86.0,86.6,86.94,-0.34,-0.3911,89936.37,781862.848
002896.SZ,20250331,87.79,88.27,83.36,86.94,88.03,-1.09,-1.2382,136880.12,1167278.919
002896.SZ,20250328,91.01,92.08,87.88,88.03,92.35,-4.32,-4.6779,135163.56,1205666.352
002896.SZ,20250327,92.98,96.0,91.56,92.35,92.56,-0.21,-0.2269,131184.66,1228125.613
002896.SZ,20250326,92.05,96.5,92.01,92.56,94.3,-1.74,-1.8452,116846.54,1100747.241
002896.SZ,20250325,96.0,99.4,94.04,94.3,96.77,-2.47,-2.5524,112586.8,1088644.827
002896.SZ,20250324,98.01,99.66,94.0,96.77,100.47,-3.7,-3.6827,124157.29,1202282.097
002896.SZ,20250321,99.15,106.03,95.0,100.47,102.7,-2.23,-2.1714,211318.3,2107899.813
002896.SZ,20250320,106.0,110.48,102.58,102.7,108.15,-5.45,-5.0393,152072.04,1615538.923
002896.SZ,20250319,106.68,108.6,102.48,108.15,106.6,1.55,1.454,184237.0,1935292.9
002896.SZ,20250318,108.46,112.58,105.0,106.6,108.46,-1.86,-1.7149,235330.52,2563510.14
002896.SZ,20250317,96.8,108.46,94.0,108.46,98.6,9.86,10.0,257951.13,2644229.429
002896.SZ,20250314,96.01,104.02,95.1,98.6,98.69,-0.09,-0.0912,160784.92,1590962.66
002896.SZ,20250313,102.13,105.0,96.8,98.69,105.28,-6.59,-6.2595,158522.27,1606375.348
002896.SZ,20250312,98.97,108.25,97.7,105.28,99.0,6.28,6.3434,216432.46,2228225.856
002896.SZ,20250311,95.9,99.7,93.01,99.0,96.82,2.18,2.2516,165931.49,1598430.205
002896.SZ,20250310,96.98,99.95,95.0,96.82,93.7,3.12,3.3298,170135.2,1655972.855
002896.SZ,20250307,97.18,98.57,91.98,93.7,99.28,-5.58,-5.6205,186597.96,1782666.453
002896.SZ,20250306,99.0,102.0,96.88,99.28,99.6,-0.32,-0.3213,188396.55,1870844.357
002896.SZ,20250305,94.8,102.0,93.05,99.6,96.72,2.88,2.9777,202416.86,1975131.373
002896.SZ,20250304,89.95,102.49,89.93,96.72,94.18,2.54,2.697,234998.2,2273382.345
002896.SZ,20250303,94.18,104.46,94.18,94.18,104.64,-10.46,-9.9962,206190.96,1981558.892
002896.SZ,20250228,114.07,114.27,104.64,104.64,116.27,-11.63,-10.0026,102811.66,1094672.906
002896.SZ,20250227,103.0,116.27,102.6,116.27,105.7,10.57,10.0,263928.78,2911921.948
002896.SZ,20250226,94.8,105.7,94.0,105.7,96.09,9.61,10.001,281018.11,2885165.68
002896.SZ,20250225,84.02,96.68,84.02,96.09,87.89,8.2,9.3298,266525.82,2474892.874
002896.SZ,20250224,92.6,97.0,87.81,87.89,97.57,-9.68,-9.9211,273531.06,2502331.793
002896.SZ,20250221,89.6,97.57,86.66,97.57,88.7,8.87,10.0,248951.54,2309657.53
002896.SZ,20250220,83.06,88.7,79.01,88.7,80.64,8.06,9.995,209952.1,1764821.696
002896.SZ,20250219,72.0,80.64,72.0,80.64,73.31,7.33,9.9986,210323.3,1663614.678
002896.SZ,20250218,68.0,77.06,67.6,73.31,71.01,2.3,3.239,228884.91,1643543.486
002896.SZ,20250217,63.6,71.02,63.04,71.01,64.56,6.45,9.9907,229709.08,1557646.009
002896.SZ,20250214,62.77,66.1,62.77,64.56,64.22,0.34,0.5294,144341.56,934016.385
002896.SZ,20250213,67.0,68.63,63.23,64.22,66.5,-2.28,-3.4286,162141.66,1058573.243
002896.SZ,20250212,65.0,67.48,63.5,66.5,67.39,-0.89,-1.3207,168067.27,1100144.927
002896.SZ,20250211,62.5,68.33,62.01,67.39,63.02,4.37,6.9343,225720.86,1490132.038
002896.SZ,20250210,62.56,64.13,61.18,63.02,64.13,-1.11,-1.7309,160012.94,1000137.874
002896.SZ,20250207,62.0,65.15,61.61,64.13,64.84,-0.71,-1.095,242030.59,1534272.239
002896.SZ,20250206,57.0,65.23,56.96,64.84,59.3,5.54,9.3423,261143.94,1614199.195
002896.SZ,20250205,57.7,62.88,57.44,59.3,57.52,1.78,3.0946,286881.28,1709969.171
002896.SZ,20250127,57.65,59.6,55.6,57.52,54.21,3.31,6.1059,296740.94,1700096.476
002896.SZ,20250124,49.24,54.21,48.62,54.21,49.28,4.93,10.0041,202218.74,1027537.694
002896.SZ,20250123,45.2,49.28,44.5,49.28,44.8,4.48,10.0,290365.74,1406475.293
002896.SZ,20250122,43.63,46.56,43.01,44.8,44.07,0.73,1.6565,199017.18,891556.4
002896.SZ,20250121,43.45,44.68,43.02,44.07,43.31,0.76,1.7548,215951.57,951156.378
002896.SZ,20250120,44.0,44.43,42.4,43.31,43.64,-0.33,-0.7562,227037.28,982897.641
002896.SZ,20250117,42.65,45.55,42.65,43.64,41.41,2.23,5.3852,266638.77,1188172.894
002896.SZ,20250116,42.3,43.19,40.99,41.41,42.52,-1.11,-2.6105,175485.07,737195.471
002896.SZ,20250115,41.63,43.68,41.42,42.52,41.84,0.68,1.6252,189571.29,805144.091
002896.SZ,20250114,38.53,42.49,38.05,41.84,38.63,3.21,8.3096,219390.91,900061.679
002896.SZ,20250113,37.84,40.28,37.71,38.63,38.69,-0.06,-0.1551,170820.89,667857.612
002896.SZ,20250110,37.8,40.5,37.56,38.69,38.35,0.34,0.8866,188582.37,744386.79
002896.SZ,20250109,37.0,39.67,36.7,38.35,37.19,1.16,3.1191,169533.04,640246.172
603270.SH,20260702,32.36,35.6,32.02,34.88,33.0,1.88,5.697,173163.41,590580.486
603270.SH,20260701,34.0,34.0,32.3,33.0,33.51,-0.51,-1.5219,119870.05,395016.113
603270.SH,20260630,31.6,33.88,31.6,33.51,32.0,1.51,4.7188,145654.81,484038.11
603270.SH,20260629,32.26,32.4,30.73,32.0,31.59,0.41,1.2979,137965.38,437105.254
603270.SH,20260626,28.68,31.59,28.0,31.59,28.72,2.87,9.993,70447.98,217445.056
603270.SH,20260625,29.71,29.99,28.11,28.72,29.75,-1.03,-3.4622,56451.97,162610.812
603270.SH,20260624,30.38,30.52,29.09,29.75,30.49,-0.74,-2.427,46652.0,138511.512
603270.SH,20260623,30.59,31.2,30.27,30.49,31.06,-0.57,-1.8352,53502.4,164015.852
603270.SH,20260622,31.84,31.9,29.36,31.06,31.73,-0.67,-2.1116,91222.22,277864.392
603270.SH,20260618,30.25,31.98,29.9,31.73,30.2,1.53,5.0662,100355.2,311449.709
603270.SH,20260617,29.0,30.78,28.27,30.2,28.66,1.54,5.3733,82544.77,246132.806
603270.SH,20260616,28.73,29.2,28.2,28.66,28.75,-0.09,-0.313,55832.96,160566.694
603270.SH,20260615,26.99,29.08,26.96,28.75,28.9,-0.15,-0.519,78062.39,221796.348
603270.SH,20260612,30.0,30.23,28.75,28.9,30.1,-1.2,-3.9867,88721.36,260497.579
603270.SH,20260611,30.19,30.83,29.65,30.1,30.08,0.02,0.0665,81787.16,246352.425
603270.SH,20260610,30.38,31.68,29.85,30.08,30.88,-0.8,-2.5907,76297.22,233614.255
603270.SH,20260609,30.37,30.88,29.66,30.88,30.08,0.8,2.6596,88600.18,268003.908
603270.SH,20260608,29.66,31.0,29.08,30.08,29.77,0.31,1.0413,139096.5,419623.462
603270.SH,20260605,26.79,29.77,25.95,29.77,27.06,2.71,10.0148,75950.64,212883.106
603270.SH,20260604,27.4,28.03,26.86,27.06,27.4,-0.34,-1.2409,40556.41,110877.4
603270.SH,20260603,28.3,28.3,27.1,27.52,27.91,-0.39,-1.3973,35530.57,98608.866
603270.SH,20260602,27.99,28.71,27.5,27.91,28.12,-0.21,-0.7468,30171.0,84229.696
603270.SH,20260601,27.91,28.62,27.31,28.12,27.6,0.52,1.8841,40862.62,114815.667
603270.SH,20260529,29.5,29.74,27.3,27.6,29.5,-1.9,-6.4407,60549.0,170818.003
603270.SH,20260528,29.3,29.97,29.08,29.5,29.27,0.23,0.7858,36750.0,108789.666
603270.SH,20260527,30.1,30.5,29.06,29.27,30.36,-1.09,-3.5903,46876.0,138354.309
603270.SH,20260526,30.8,31.44,29.86,30.36,30.8,-0.44,-1.4286,52010.9,158247.495
603270.SH,20260525,31.5,32.12,30.5,30.8,31.74,-0.94,-2.9616,65029.06,202363.087
603270.SH,20260522,31.6,32.24,30.65,31.74,31.1,0.64,2.0579,66867.06,210607.696
603270.SH,20260521,31.22,32.57,30.85,31.1,31.47,-0.37,-1.1757,87337.02,277383.768
603270.SH,20260520,30.15,32.28,29.91,31.47,30.45,1.02,3.3498,93357.08,293372.472
603270.SH,20260519,29.3,30.5,29.19,30.45,29.19,1.26,4.3165,78493.78,236670.982
603270.SH,20260518,29.1,29.46,28.5,29.19,29.14,0.05,0.1716,53848.21,155645.108
603270.SH,20260515,28.22,29.55,28.01,29.14,28.33,0.81,2.8592,66246.99,191797.057
603270.SH,20260514,28.53,28.87,28.2,28.33,28.52,-0.19,-0.6662,38503.01,109942.797
603270.SH,20260513,27.89,29.14,27.78,28.52,27.97,0.55,1.9664,37457.72,106869.455
603270.SH,20260512,28.51,28.64,27.9,27.97,28.67,-0.7,-2.4416,31131.59,87785.004
603270.SH,20260511,28.48,28.79,28.04,28.67,28.56,0.11,0.3852,36357.0,103252.876
603270.SH,20260508,28.27,28.86,28.15,28.56,28.21,0.35,1.2407,43096.85,122972.17
603270.SH,20260507,28.28,28.67,28.09,28.21,28.4,-0.19,-0.669,45631.99,129559.378
603270.SH,20260506,28.13,28.48,27.85,28.4,28.13,0.27,0.9598,56432.09,159207.533
603270.SH,20260430,27.0,28.5,27.0,28.13,27.32,0.81,2.9649,69916.2,195643.16
603270.SH,20260429,25.2,27.98,24.97,27.32,25.91,1.41,5.4419,86150.24,232344.329
603270.SH,20260428,26.38,26.53,25.71,25.91,26.51,-0.6,-2.2633,21541.06,56033.5
603270.SH,20260427,26.4,26.54,25.89,26.51,26.27,0.24,0.9136,21422.93,56262.975
603270.SH,20260424,25.99,26.46,25.72,26.27,26.04,0.23,0.8833,23760.83,62189.028
603270.SH,20260423,26.83,26.99,25.95,26.04,26.85,-0.81,-3.0168,30451.73,79855.458
603270.SH,20260422,26.4,26.95,26.26,26.85,26.44,0.41,1.5507,26161.42,69810.725
603270.SH,20260421,26.28,26.58,26.2,26.44,26.41,0.03,0.1136,20795.22,54896.839
603270.SH,20260420,26.19,26.5,25.91,26.41,26.19,0.22,0.84,22823.0,59968.84
603270.SH,20260417,25.87,26.22,25.86,26.19,25.98,0.21,0.8083,22939.93,59784.014
603270.SH,20260416,26.0,26.38,25.83,25.98,26.01,-0.03,-0.1153,28112.87,73176.513
603270.SH,20260415,25.4,26.74,25.09,26.01,25.3,0.71,2.8063,66597.89,173336.929
603270.SH,20260414,25.31,25.44,25.0,25.3,25.19,0.11,0.4367,17273.4,43539.486
603270.SH,20260413,25.42,25.48,25.03,25.19,25.5,-0.31,-1.2157,16968.94,42727.445
603270.SH,20260410,25.19,25.59,25.19,25.5,25.09,0.41,1.6341,22002.74,55903.422
603270.SH,20260409,25.26,25.34,25.01,25.09,25.35,-0.26,-1.0256,19283.0,48502.358
603270.SH,20260408,25.3,25.4,25.12,25.35,24.96,0.39,1.5625,27411.0,69210.865
603270.SH,20260407,24.39,24.96,24.21,24.96,24.39,0.57,2.337,24801.0,61337.42
603270.SH,20260403,24.78,25.02,24.34,24.39,24.78,-0.39,-1.5738,21017.07,51883.239
603270.SH,20260402,24.96,25.22,24.62,24.78,24.95,-0.17,-0.6814,27002.13,67151.54
603270.SH,20260401,24.9,24.97,24.6,24.95,24.55,0.4,1.6293,29356.0,72648.296
603270.SH,20260331,24.15,24.77,24.05,24.55,24.15,0.4,1.6563,39406.2,96247.424
603270.SH,20260330,23.94,24.24,23.72,24.15,23.94,0.21,0.8772,24768.84,59504.407
603270.SH,20260327,23.6,23.96,23.28,23.94,23.49,0.45,1.9157,24602.01,58436.221
603270.SH,20260326,23.81,24.15,23.43,23.49,23.81,-0.32,-1.344,21916.98,51894.514
603270.SH,20260325,23.64,24.08,23.6,23.81,23.52,0.29,1.233,26478.58,63191.359
603270.SH,20260324,24.22,24.22,22.87,23.52,23.08,0.44,1.9064,48666.47,113358.424
603270.SH,20260323,24.18,25.23,22.88,23.08,23.55,-0.47,-1.9958,79266.31,192184.122
603270.SH,20260320,24.18,24.4,23.5,23.55,24.1,-0.55,-2.2822,19417.37,46285.143
603270.SH,20260319,24.44,24.6,23.94,24.1,24.68,-0.58,-2.3501,19774.95,48014.082
603270.SH,20260318,24.51,24.77,24.34,24.68,24.51,0.17,0.6936,13169.0,32309.438
603270.SH,20260317,24.92,25.08,24.46,24.51,24.86,-0.35,-1.4079,16928.13,41950.61
603270.SH,20260316,25.07,25.3,24.73,24.86,25.13,-0.27,-1.0744,20220.78,50279.607
603270.SH,20260313,24.98,25.64,24.98,25.13,25.08,0.05,0.1994,19528.49,49345.97
603270.SH,20260312,25.59,25.68,24.96,25.08,25.68,-0.6,-2.3364,23021.0,58030.68
603270.SH,20260311,25.8,26.22,25.65,25.68,25.8,-0.12,-0.4651,20510.0,53116.638
603270.SH,20260310,25.5,25.96,25.49,25.8,25.16,0.64,2.5437,23636.17,60826.463
603270.SH,20260309,25.16,25.32,24.66,25.16,25.58,-0.42,-1.6419,26539.0,66329.335
603270.SH,20260306,25.35,25.85,25.06,25.58,25.47,0.11,0.4319,19461.24,49895.825
603270.SH,20260305,25.47,25.87,25.31,25.47,25.13,0.34,1.353,21214.0,54240.225
603270.SH,20260304,25.24,25.55,24.75,25.13,25.63,-0.5,-1.9508,37695.08,94732.68
603270.SH,20260303,27.17,27.38,25.62,25.63,27.06,-1.43,-5.2846,41871.99,110430.447
603270.SH,20260302,27.77,27.87,26.93,27.06,27.9,-0.84,-3.0108,34667.0,94421.303
603270.SH,20260227,27.86,27.98,27.63,27.9,28.07,-0.17,-0.6056,26069.0,72408.11
603270.SH,20260226,27.63,28.1,27.54,28.07,27.6,0.47,1.7029,37177.48,103734.78
603270.SH,20260225,27.72,27.85,27.38,27.6,27.5,0.1,0.3636,29422.94,80965.19
603270.SH,20260224,27.78,27.9,27.3,27.5,27.65,-0.15,-0.5425,32609.59,89719.184
603270.SH,20260213,27.27,27.89,27.27,27.65,27.48,0.17,0.6186,34445.48,95252.77
603270.SH,20260212,27.36,27.86,27.14,27.48,27.27,0.21,0.7701,29303.42,80763.499
603270.SH,20260211,27.39,27.5,27.14,27.27,27.31,-0.04,-0.1465,21717.55,59362.968
603270.SH,20260210,27.36,27.65,27.12,27.31,27.36,-0.05,-0.1827,24235.0,66371.162
603270.SH,20260209,27.5,27.79,27.1,27.36,26.83,0.53,1.9754,40205.04,110494.885
603270.SH,20260206,26.5,27.16,26.28,26.83,26.69,0.14,0.5245,22001.59,59140.088
603270.SH,20260205,27.28,27.28,26.6,26.69,27.28,-0.59,-2.1628,25886.07,69476.414
603270.SH,20260204,26.81,27.75,26.81,27.28,27.08,0.2,0.7386,33500.0,91741.654
603270.SH,20260203,26.37,27.3,26.05,27.08,26.14,0.94,3.596,38381.0,102807.726
603270.SH,20260202,26.38,26.73,26.06,26.14,26.5,-0.36,-1.3585,26440.0,69825.479
603270.SH,20260130,26.2,26.61,25.8,26.5,26.35,0.15,0.5693,34519.77,90618.585
603270.SH,20260129,26.98,27.26,26.14,26.35,27.13,-0.78,-2.875,38986.54,103955.629
603270.SH,20260128,27.75,27.75,27.01,27.13,27.83,-0.7,-2.5153,39827.85,108773.749
603270.SH,20260127,27.4,27.88,27.2,27.83,27.56,0.27,0.9797,44849.8,124079.387
603270.SH,20260126,28.19,28.35,27.43,27.56,28.19,-0.63,-2.2348,43383.51,120527.674
603270.SH,20260123,27.93,28.45,27.66,28.19,27.93,0.26,0.9309,50513.46,141745.675
603270.SH,20260122,27.99,28.66,27.88,27.93,27.88,0.05,0.1793,52120.39,146869.61
603270.SH,20260121,27.39,27.99,27.28,27.88,27.53,0.35,1.2713,46136.48,128031.817
603270.SH,20260120,27.8,27.93,27.29,27.53,27.51,0.02,0.0727,47853.15,131905.488
603270.SH,20260119,27.84,27.98,27.42,27.51,27.77,-0.26,-0.9363,51222.3,141522.408
603270.SH,20260116,27.0,27.97,26.77,27.77,26.87,0.9,3.3495,85053.82,233843.415
603270.SH,20260115,26.26,27.09,26.2,26.87,26.39,0.48,1.8189,52396.06,140093.34
603270.SH,20260114,26.5,26.93,26.12,26.39,26.56,-0.17,-0.6401,56969.12,151134.49
603270.SH,20260113,26.95,27.28,26.48,26.56,26.92,-0.36,-1.3373,59947.44,160929.463
603270.SH,20260112,26.97,27.2,26.78,26.92,26.91,0.01,0.0372,58566.51,157667.606
603270.SH,20260109,26.42,27.28,26.36,26.91,26.54,0.37,1.3941,64578.72,174139.953
603270.SH,20260108,26.36,26.56,26.19,26.54,26.36,0.18,0.6829,52601.03,138825.489
603270.SH,20260107,26.29,26.65,26.11,26.36,26.3,0.06,0.2281,49102.0,129347.598
603270.SH,20260106,26.5,26.75,26.16,26.3,26.69,-0.39,-1.4612,67359.28,177324.798
603270.SH,20260105,26.7,27.28,26.36,26.69,27.03,-0.34,-1.2579,76981.85,205543.432
603270.SH,20251231,26.48,27.4,26.01,27.03,26.67,0.36,1.3498,126632.87,336287.908
603270.SH,20251230,25.92,28.2,25.7,26.67,25.83,0.84,3.252,168705.74,457849.612
603270.SH,20251229,25.51,26.2,24.99,25.83,25.76,0.07,0.2717,97809.62,252126.246
603270.SH,20251226,25.52,25.8,24.75,25.76,25.23,0.53,2.1007,77126.9,195183.184
603270.SH,20251225,24.19,25.25,24.01,25.23,24.12,1.11,4.602,56739.36,140776.453
603270.SH,20251224,23.84,24.14,23.79,24.12,23.84,0.28,1.1745,10887.73,26188.187
603270.SH,20251223,24.14,24.14,23.82,23.84,24.1,-0.26,-1.0788,9589.0,22942.832
603270.SH,20251222,23.77,24.19,23.77,24.1,23.83,0.27,1.133,12923.19,31119.763
603270.SH,20251219,23.56,23.88,23.46,23.83,23.45,0.38,1.6205,13543.19,32237.715
603270.SH,20251218,23.42,23.7,23.27,23.45,23.42,0.03,0.1281,13002.0,30651.025
603270.SH,20251217,23.42,23.57,23.02,23.42,23.48,-0.06,-0.2555,13509.0,31432.467
603270.SH,20251216,23.91,23.91,23.38,23.48,23.91,-0.43,-1.7984,13099.0,30843.128
603270.SH,20251215,24.0,24.14,23.83,23.91,24.06,-0.15,-0.6234,11482.0,27495.852
603270.SH,20251212,23.9,24.27,23.71,24.06,23.89,0.17,0.7116,14688.0,35347.294
603270.SH,20251211,24.4,24.47,23.86,23.89,24.36,-0.47,-1.9294,19188.72,46161.262
603270.SH,20251210,24.54,24.61,24.19,24.36,24.39,-0.03,-0.123,13929.3,33929.91
603270.SH,20251209,24.54,24.69,24.34,24.39,24.54,-0.15,-0.6112,13501.16,33062.146
603270.SH,20251208,24.5,24.66,24.38,24.54,24.47,0.07,0.2861,18484.46,45287.096
603270.SH,20251205,24.32,24.52,24.12,24.47,24.24,0.23,0.9488,15947.14,38917.025
603270.SH,20251204,24.56,24.79,24.16,24.39,24.42,-0.03,-0.1229,22339.14,54679.653
603270.SH,20251203,24.45,24.93,24.3,24.42,24.47,-0.05,-0.2043,13416.0,32898.541
603270.SH,20251202,24.69,24.74,24.44,24.47,24.64,-0.17,-0.6899,13087.0,32127.863
603270.SH,20251201,24.2,24.8,24.2,24.64,24.3,0.34,1.3992,25577.44,62879.802
603270.SH,20251128,23.86,24.48,23.58,24.3,23.86,0.44,1.8441,26006.53,62871.488
603270.SH,20251127,23.81,23.97,23.69,23.86,23.81,0.05,0.21,10837.37,25855.33
603270.SH,20251126,24.12,24.25,23.8,23.81,24.1,-0.29,-1.2033,17005.76,40867.354
603270.SH,20251125,24.27,24.42,24.04,24.1,24.27,-0.17,-0.7005,22971.76,55604.863
603270.SH,20251124,23.72,24.35,23.72,24.27,23.59,0.68,2.8826,27916.81,67348.715
603270.SH,20251121,23.79,24.55,23.05,23.59,23.95,-0.36,-1.5031,37353.85,88859.142
603270.SH,20251120,24.37,24.55,23.91,23.95,24.31,-0.36,-1.4809,16375.0,39498.244
603270.SH,20251119,24.84,25.08,24.28,24.31,24.92,-0.61,-2.4478,25657.08,62847.223
603270.SH,20251118,24.76,25.18,24.6,24.92,24.92,0.0,0.0,22007.0,54752.735
603270.SH,20251117,25.28,25.3,24.81,24.92,25.28,-0.36,-1.4241,25038.0,62559.016
603270.SH,20251114,25.0,25.73,24.85,25.28,25.07,0.21,0.8377,39273.3,99837.326
603270.SH,20251113,24.74,25.13,24.68,25.07,24.73,0.34,1.3748,17159.07,42842.778
603270.SH,20251112,25.0,25.1,24.65,24.73,25.05,-0.32,-1.2774,20568.95,51043.856
603270.SH,20251111,25.11,25.28,24.97,25.05,25.08,-0.03,-0.1196,17213.35,43202.312
603270.SH,20251110,25.07,25.36,25.01,25.08,25.24,-0.16,-0.6339,19178.0,48125.7
603270.SH,20251107,25.36,25.44,25.11,25.24,25.35,-0.11,-0.4339,20273.0,51117.947
603270.SH,20251106,24.85,25.44,24.84,25.35,24.93,0.42,1.6847,29679.0,74984.763
603270.SH,20251105,24.56,24.99,24.52,24.93,24.83,0.1,0.4027,18270.85,45345.21
603270.SH,20251104,25.29,25.29,24.68,24.83,25.27,-0.44,-1.7412,19212.0,47920.582
603270.SH,20251103,25.3,25.49,25.12,25.27,25.25,0.02,0.0792,20713.36,52404.032
603270.SH,20251031,24.86,25.41,24.85,25.25,24.95,0.3,1.2024,26647.72,67124.283
603270.SH,20251030,25.17,25.41,24.95,24.95,24.98,-0.03,-0.1201,27851.08,70080.235
603270.SH,20251029,24.96,25.17,24.81,24.98,24.99,-0.01,-0.04,15034.0,37492.621
603270.SH,20251028,25.0,25.18,24.74,24.99,24.94,0.05,0.2005,18302.19,45732.282
603270.SH,20251027,24.63,25.02,24.63,24.94,24.6,0.34,1.3821,24329.83,60444.61
603270.SH,20251024,24.59,24.74,24.5,24.6,24.58,0.02,0.0814,16783.82,41274.024
603270.SH,20251023,24.43,24.63,24.3,24.63,24.61,0.02,0.0813,13989.22,34190.174
603270.SH,20251022,24.79,24.98,24.5,24.61,24.48,0.13,0.531,20990.23,51885.63
603270.SH,20251021,24.26,24.51,24.16,24.48,24.35,0.13,0.5339,16412.0,40066.832
603270.SH,20251020,24.24,24.35,24.0,24.35,23.9,0.45,1.8828,16957.87,41075.923
603270.SH,20251017,24.46,24.56,23.86,23.9,24.52,-0.62,-2.5285,24906.49,60167.983
603270.SH,20251016,24.72,24.88,24.48,24.52,24.7,-0.18,-0.7287,19662.0,48478.136
603270.SH,20251015,24.4,24.75,24.15,24.7,24.42,0.28,1.1466,21716.12,53275.239
603270.SH,20251014,24.99,25.19,24.27,24.42,24.86,-0.44,-1.7699,37536.0,92624.752
603270.SH,20251013,24.98,24.98,24.11,24.86,25.62,-0.76,-2.9664,35362.0,87158.487
603270.SH,20251010,25.76,26.25,25.58,25.62,25.8,-0.18,-0.6977,33079.0,85348.092
603270.SH,20251009,26.27,26.27,25.72,25.8,26.13,-0.33,-1.2629,43208.5,111749.233
603270.SH,20250930,26.35,26.69,26.11,26.13,26.35,-0.22,-0.8349,33696.0,88675.968
603270.SH,20250929,26.16,26.5,25.82,26.35,26.21,0.14,0.5341,31227.0,81763.06
603270.SH,20250926,26.7,26.71,26.1,26.21,26.77,-0.56,-2.0919,37076.05,97761.798
603270.SH,20250925,26.99,27.46,26.72,26.77,27.0,-0.23,-0.8519,49685.5,134581.431
603270.SH,20250924,26.32,27.36,26.02,27.0,26.64,0.36,1.3514,58775.03,157366.954
603270.SH,20250923,26.3,26.96,26.09,26.64,26.41,0.23,0.8709,57212.47,151552.874
603270.SH,20250922,26.99,27.1,26.2,26.41,26.2,0.21,0.8015,57955.98,154265.863
603270.SH,20250919,27.24,27.3,26.07,26.2,27.13,-0.93,-3.4279,59844.87,158582.743
603270.SH,20250918,26.91,28.1,26.81,27.13,26.83,0.3,1.1182,107048.72,294361.487
603270.SH,20250917,26.29,27.08,26.29,26.83,26.52,0.31,1.1689,38607.01,103756.264
603270.SH,20250916,25.97,26.57,25.93,26.52,26.02,0.5,1.9216,36832.01,96914.022
603270.SH,20250915,26.48,26.53,25.93,26.02,26.24,-0.22,-0.8384,29432.67,76910.228
603270.SH,20250912,26.19,26.56,26.01,26.24,26.25,-0.01,-0.0381,27547.0,72474.774
603270.SH,20250911,25.85,26.29,25.55,26.25,25.91,0.34,1.3122,28921.44,75353.193
603270.SH,20250910,26.06,26.48,25.84,25.91,26.2,-0.29,-1.1069,23854.89,62078.619
603270.SH,20250909,26.76,26.76,26.15,26.2,26.75,-0.55,-2.0561,33894.35,89232.607
603270.SH,20250908,26.43,27.08,26.25,26.75,26.43,0.32,1.2107,37243.35,99635.597
603270.SH,20250905,25.98,26.47,25.66,26.43,25.87,0.56,2.1647,34739.0,91077.581
603270.SH,20250904,26.31,26.65,25.39,25.87,26.37,-0.5,-1.8961,43554.6,113329.421
603270.SH,20250903,27.1,27.79,26.28,26.37,26.89,-0.52,-1.9338,47675.23,128024.787
603270.SH,20250902,27.5,27.5,26.15,26.89,27.38,-0.49,-1.7896,59212.26,158336.536
603270.SH,20250901,26.54,27.75,26.52,27.38,26.7,0.68,2.5468,75482.31,204711.693
603270.SH,20250829,27.08,27.18,26.48,26.7,27.09,-0.39,-1.4396,42216.0,112727.361
603270.SH,20250828,27.1,27.33,26.02,27.09,27.13,-0.04,-0.1474,54422.0,145532.246
603270.SH,20250827,27.9,28.28,27.1,27.13,27.98,-0.85,-3.0379,50593.44,140072.749
603270.SH,20250826,28.0,28.11,27.62,27.98,28.11,-0.13,-0.4625,36358.0,101519.503
603270.SH,20250825,28.28,28.5,27.88,28.11,28.22,-0.11,-0.3898,62845.41,177072.838
603270.SH,20250822,28.25,28.41,27.98,28.22,28.23,-0.01,-0.0354,46108.37,129982.488
603270.SH,20250821,28.62,29.48,28.12,28.23,28.47,-0.24,-0.843,90784.08,260222.292
603270.SH,20250820,27.68,28.59,27.52,28.47,27.82,0.65,2.3364,75703.0,213929.193
603270.SH,20250819,27.6,27.94,27.33,27.82,27.6,0.22,0.7971,55459.0,153672.432
603270.SH,20250818,27.43,27.77,27.32,27.6,27.31,0.29,1.0619,43980.39,121321.244
603270.SH,20250815,26.8,27.35,26.7,27.31,26.84,0.47,1.7511,32297.92,87911.216
603270.SH,20250814,27.43,27.46,26.81,26.84,27.43,-0.59,-2.1509,41021.93,111266.63
603270.SH,20250813,27.41,27.55,27.29,27.43,27.4,0.03,0.1095,32604.47,89399.953
603270.SH,20250812,27.7,27.79,27.32,27.4,27.61,-0.21,-0.7606,33641.16,92393.025
603270.SH,20250811,27.61,27.78,27.5,27.61,27.59,0.02,0.0725,37149.72,102742.886
603270.SH,20250808,27.47,27.64,27.23,27.59,27.53,0.06,0.2179,39584.0,108478.107
603270.SH,20250807,27.59,28.01,27.4,27.53,27.72,-0.19,-0.6854,51273.3,141550.646
603270.SH,20250806,27.3,27.92,27.1,27.72,27.26,0.46,1.6875,72161.49,199633.471
603270.SH,20250805,27.21,27.35,27.11,27.26,27.2,0.06,0.2206,41622.53,113311.693
603270.SH,20250804,26.31,27.28,26.31,27.2,26.55,0.65,2.4482,64538.28,174321.583
603270.SH,20250801,26.49,26.62,26.28,26.55,26.26,0.29,1.1043,33509.27,88675.695
603270.SH,20250731,26.54,26.72,26.2,26.26,26.43,-0.17,-0.6432,31667.84,83764.351
603270.SH,20250730,26.77,26.86,26.19,26.43,26.75,-0.32,-1.1963,37201.88,98478.356
603270.SH,20250729,26.66,26.82,26.54,26.75,26.79,-0.04,-0.1493,27701.93,73895.261
603270.SH,20250728,26.7,27.05,26.65,26.79,26.68,0.11,0.4123,39377.0,105690.62
603270.SH,20250725,26.48,26.99,26.44,26.68,26.48,0.2,0.7553,38417.34,102496.424
603270.SH,20250724,26.41,26.8,26.4,26.48,26.4,0.08,0.303,30851.45,81812.938
603270.SH,20250723,26.48,26.63,26.21,26.4,26.49,-0.09,-0.3398,48398.7,127819.352
603270.SH,20250722,26.53,27.1,26.3,26.49,26.52,-0.03,-0.1131,68734.78,183810.238
603270.SH,20250721,26.64,26.74,26.23,26.52,26.51,0.01,0.0377,42819.7,113228.708
603270.SH,20250718,26.44,26.52,25.97,26.51,26.45,0.06,0.2268,61761.7,162286.171
603270.SH,20250717,26.3,26.85,26.16,26.45,25.92,0.53,2.0448,90118.7,238998.072
603270.SH,20250716,25.62,26.04,25.48,25.92,25.62,0.3,1.171,45765.75,118360.954
603270.SH,20250715,25.59,25.73,25.32,25.62,25.59,0.03,0.1172,36765.18,93901.701
603270.SH,20250714,24.94,25.6,24.88,25.59,24.89,0.7,2.8124,45442.16,115358.994
603270.SH,20250711,24.73,25.01,24.48,24.89,24.72,0.17,0.6877,27740.43,68577.355
603270.SH,20250710,24.87,24.94,24.52,24.72,24.9,-0.18,-0.7229,21531.0,53131.295
603270.SH,20250709,24.99,25.35,24.87,24.95,24.95,0.0,0.0,30946.18,77773.837
603270.SH,20250708,24.82,25.11,24.7,24.95,24.77,0.18,0.7267,20893.95,52157.461
603270.SH,20250707,24.76,24.81,24.4,24.77,24.66,0.11,0.4461,16560.0,40789.634
603270.SH,20250704,25.14,25.14,24.63,24.66,25.16,-0.5,-1.9873,28798.0,71365.18
603270.SH,20250703,25.2,25.26,24.96,25.16,25.14,0.02,0.0796,18781.0,47151.036
603270.SH,20250702,25.51,25.58,25.0,25.14,25.52,-0.38,-1.489,29409.95,73981.386
603270.SH,20250701,25.78,25.78,25.28,25.52,25.69,-0.17,-0.6617,24724.81,63008.634
603270.SH,20250630,25.54,25.86,25.45,25.69,25.46,0.23,0.9034,33635.65,86287.606
603270.SH,20250627,25.12,25.56,25.12,25.46,25.15,0.31,1.2326,29023.0,73790.296
603270.SH,20250626,25.83,25.83,25.11,25.15,25.72,-0.57,-2.2162,35960.0,91559.867
603270.SH,20250625,25.45,25.93,25.28,25.72,25.52,0.2,0.7837,38652.0,98759.406
603270.SH,20250624,25.23,25.63,24.97,25.52,25.04,0.48,1.9169,37256.72,94626.918
603270.SH,20250623,24.28,25.05,22.58,25.04,24.28,0.76,3.1301,38008.8,93875.313
603270.SH,20250620,24.56,24.98,24.27,24.28,24.73,-0.45,-1.8197,28716.0,70392.125
603270.SH,20250619,25.0,25.48,24.64,24.73,25.08,-0.35,-1.3955,33103.84,82915.349
603270.SH,20250618,25.4,25.4,24.92,25.08,25.29,-0.21,-0.8304,24029.95,60246.279
603270.SH,20250617,25.42,25.48,25.08,25.29,25.22,0.07,0.2776,27554.97,69610.499
603270.SH,20250616,24.97,25.35,24.87,25.22,25.02,0.2,0.7994,29324.67,73949.578
603270.SH,20250613,25.92,26.05,24.81,25.02,26.09,-1.07,-4.1012,65407.83,165237.706
603270.SH,20250612,26.4,26.41,25.92,26.09,26.64,-0.55,-2.0646,64614.0,168530.331
603270.SH,20250611,26.25,27.19,26.1,26.64,26.19,0.45,1.7182,70328.76,188922.307
603270.SH,20250610,26.91,27.19,25.98,26.19,26.99,-0.8,-2.9641,68062.0,179891.352
603270.SH,20250609,27.4,27.54,26.85,26.99,27.24,-0.25,-0.9178,65767.65,178242.762
603270.SH,20250606,27.25,27.45,26.88,27.24,27.33,-0.09,-0.3293,59815.2,162038.764
603270.SH,20250605,26.46,27.51,26.1,27.33,26.53,0.8,3.0155,91921.0,248534.266
603270.SH,20250604,26.4,26.96,26.36,26.53,26.47,0.06,0.2267,44215.27,117787.372
603270.SH,20250603,26.0,26.69,25.8,26.47,26.17,0.3,1.1464,43930.0,115807.943
603270.SH,20250530,26.89,27.1,25.7,26.17,27.01,-0.84,-3.11,77505.0,203039.428
603270.SH,20250529,26.05,27.68,26.05,27.01,26.05,0.96,3.6852,89183.2,240349.159
603270.SH,20250528,26.87,27.03,25.96,26.05,26.87,-0.82,-3.0517,69298.27,182203.595
603270.SH,20250527,27.35,27.65,26.63,26.87,27.35,-0.48,-1.755,83046.0,224672.418
603270.SH,20250526,27.13,27.63,26.71,27.35,27.13,0.22,0.8109,103441.0,282561.565
603270.SH,20250523,26.6,27.96,26.32,27.13,26.31,0.82,3.1167,133106.53,364258.947
603270.SH,20250522,26.23,26.69,26.06,26.31,26.3,0.01,0.038,36480.0,96348.317
603270.SH,20250521,26.88,27.05,26.24,26.3,27.08,-0.78,-2.8804,55540.62,147345.474
603270.SH,20250520,27.29,27.38,26.65,27.08,26.98,0.1,0.3706,48632.6,131677.921
603270.SH,20250519,26.98,27.08,26.0,26.98,27.08,-0.1,-0.3693,58485.92,155332.636
603270.SH,20250516,26.28,27.9,26.2,27.08,26.47,0.61,2.3045,87637.19,239566.346
603270.SH,20250515,26.76,26.76,26.22,26.47,26.89,-0.42,-1.5619,49259.91,130166.991
603270.SH,20250514,27.5,27.58,26.63,26.89,27.3,-0.41,-1.5018,64061.6,172389.0
603270.SH,20250513,27.66,27.91,27.25,27.3,27.62,-0.32,-1.1586,59634.0,163752.341
603270.SH,20250512,27.42,28.27,27.42,27.62,27.25,0.37,1.3578,99953.0,278300.962
603270.SH,20250509,27.64,27.65,26.59,27.25,27.66,-0.41,-1.4823,71761.0,194149.063
603270.SH,20250508,27.54,28.09,27.17,27.66,27.48,0.18,0.655,86955.42,241322.6
603270.SH,20250507,27.86,28.45,27.08,27.48,27.34,0.14,0.5121,154165.1,427676.279
603270.SH,20250506,24.95,27.34,24.9,27.34,24.85,2.49,10.0201,108210.73,282672.368
603270.SH,20250430,23.83,25.25,23.83,24.85,23.83,1.02,4.2803,81044.69,199419.806
603270.SH,20250429,23.4,24.28,22.95,23.83,22.63,1.2,5.3027,90787.67,216825.519
603270.SH,20250428,23.25,23.25,22.51,22.63,23.27,-0.64,-2.7503,45748.85,104216.446
603270.SH,20250425,23.06,23.65,23.03,23.27,23.06,0.21,0.9107,40365.0,94232.115
603270.SH,20250424,23.46,23.69,22.93,23.06,23.51,-0.45,-1.9141,49081.0,114223.881
603270.SH,20250423,22.42,24.05,22.4,23.51,22.32,1.19,5.3315,91615.8,215083.382
603270.SH,20250422,22.38,22.86,22.2,22.32,22.58,-0.26,-1.1515,31453.0,70527.462
603270.SH,20250421,22.0,22.65,21.5,22.58,21.74,0.84,3.8638,41802.82,92694.845
603270.SH,20250418,21.81,22.18,21.4,21.74,21.92,-0.18,-0.8212,35202.0,76234.475
603270.SH,20250417,21.96,22.32,21.88,21.92,22.01,-0.09,-0.4089,34621.0,76542.057
603270.SH,20250416,22.86,23.07,21.7,22.01,22.96,-0.95,-4.1376,75884.54,168556.24
603270.SH,20250415,22.99,23.23,22.7,22.96,22.92,0.04,0.1745,39451.0,90571.215
603270.SH,20250414,23.33,23.64,22.85,22.92,22.87,0.05,0.2186,57911.65,134173.384
603270.SH,20250411,21.86,23.29,21.86,22.87,22.23,0.64,2.879,59556.38,135727.617
603270.SH,20250410,21.97,23.03,21.69,22.23,21.32,0.91,4.2683,79401.73,177138.765
603270.SH,20250409,19.5,21.6,18.25,21.32,20.08,1.24,6.1753,87634.95,177911.33
603270.SH,20250408,20.0,21.22,19.43,20.08,21.59,-1.51,-6.994,100695.73,201785.581
603270.SH,20250407,22.0,22.6,21.59,21.59,23.99,-2.4,-10.0042,19399.0,42310.026
603270.SH,20250403,24.7,25.66,23.98,23.99,25.6,-1.61,-6.2891,75317.65,185426.243
603270.SH,20250402,25.19,26.19,25.12,25.6,25.44,0.16,0.6289,50881.44,130795.891
603270.SH,20250401,26.77,26.77,25.0,25.44,26.41,-0.97,-3.6729,64834.1,167096.28
603270.SH,20250331,29.0,29.0,26.41,26.41,29.34,-2.93,-9.9864,102641.38,275114.165
603270.SH,20250328,28.45,29.41,27.81,29.34,28.65,0.69,2.4084,82364.65,238356.714
603270.SH,20250327,30.0,30.0,28.17,28.65,30.35,-1.7,-5.6013,105662.97,305014.226
603270.SH,20250326,28.21,31.05,27.7,30.35,28.6,1.75,6.1189,149915.33,443951.828
603270.SH,20250325,27.84,28.95,27.4,28.6,27.74,0.86,3.1002,116800.89,331092.291
603270.SH,20250324,29.49,29.61,26.95,27.74,29.3,-1.56,-5.3242,107772.75,300385.203
603270.SH,20250321,31.1,31.59,29.21,29.3,31.29,-1.99,-6.3599,135831.5,409112.646
603270.SH,20250320,31.5,33.4,31.03,31.29,31.08,0.21,0.6757,233244.11,742831.849
603270.SH,20250319,28.3,31.08,27.81,31.08,28.25,2.83,10.0177,159280.56,473227.454
603270.SH,20250318,27.29,28.65,27.03,28.25,27.27,0.98,3.5937,118766.91,330615.336
603270.SH,20250317,26.79,27.41,26.06,27.27,26.79,0.48,1.7917,86439.93,232330.687
603270.SH,20250314,27.24,27.36,26.33,26.79,27.24,-0.45,-1.652,101781.37,272781.248
603270.SH,20250313,29.44,29.59,26.98,27.24,29.07,-1.83,-6.2951,150602.0,418230.397
603270.SH,20250312,28.88,29.59,28.45,29.07,28.7,0.37,1.2892,191586.94,555301.369
603270.SH,20250311,28.92,29.66,27.45,28.7,28.02,0.68,2.4268,195881.27,558667.407
603270.SH,20250310,28.29,29.52,27.46,28.02,28.27,-0.25,-0.8843,233777.02,664652.429
603270.SH,20250307,26.8,29.96,26.68,28.27,27.24,1.03,3.7812,381103.31,1097544.441
603270.SH,20250306,25.2,27.24,25.2,27.24,24.76,2.48,10.0162,140218.23,377109.808
603270.SH,20250305,24.3,25.13,24.28,24.76,24.37,0.39,1.6003,81167.0,200894.024
603270.SH,20250304,23.45,24.6,23.45,24.37,23.83,0.54,2.2661,62419.18,151296.77
603270.SH,20250303,24.0,24.47,23.42,23.83,24.15,-0.32,-1.3251,70038.91,167438.999
603270.SH,20250228,25.11,25.25,23.93,24.15,25.1,-0.95,-3.7849,135495.73,334088.198
603270.SH,20250227,24.65,25.49,24.2,25.1,24.73,0.37,1.4962,122922.0,305792.038
603270.SH,20250226,24.38,25.5,24.28,24.73,24.26,0.47,1.9373,149283.0,373300.589
603270.SH,20250225,24.2,24.65,24.06,24.26,24.53,-0.27,-1.1007,64308.95,156495.751
603270.SH,20250224,24.67,24.99,24.29,24.53,24.83,-0.3,-1.2082,95580.89,235237.684
603270.SH,20250221,25.26,25.27,24.68,24.83,25.27,-0.44,-1.7412,129785.98,323478.055
603270.SH,20250220,24.85,25.83,24.65,25.27,24.6,0.67,2.7236,218705.09,551446.18
603270.SH,20250219,22.36,24.6,22.36,24.6,22.36,2.24,10.0179,117535.86,278418.933
603270.SH,20250218,23.12,23.24,22.34,22.36,23.22,-0.86,-3.7037,81249.82,184987.657
603270.SH,20250217,22.96,23.38,22.87,23.22,22.98,0.24,1.0444,92929.82,214837.957
603270.SH,20250214,23.43,23.54,22.93,22.98,23.43,-0.45,-1.9206,96192.22,222984.086
603270.SH,20250213,25.13,25.13,23.41,23.43,25.19,-1.76,-6.9869,161942.32,387639.714
603270.SH,20250212,27.69,27.69,24.36,25.19,26.41,-1.22,-4.6195,253398.99,644002.157
603270.SH,20250211,24.01,26.41,23.6,26.41,24.01,2.4,9.9958,190269.86,487223.107
603270.SH,20250210,22.0,24.01,21.5,24.01,21.83,2.18,9.9863,148832.49,338751.153
603270.SH,20250207,21.77,22.2,21.54,21.83,21.69,0.14,0.6455,68011.0,149015.906
603270.SH,20250206,20.6,21.77,20.56,21.69,20.69,1.0,4.8333,66481.07,142101.223
603270.SH,20250205,20.51,20.83,20.39,20.69,20.31,0.38,1.871,37831.0,77894.033
603270.SH,20250127,21.21,21.3,20.31,20.31,21.1,-0.79,-3.7441,47174.0,97364.213
603270.SH,20250124,21.25,21.55,20.93,21.1,21.58,-0.48,-2.2243,67212.28,141926.722
603270.SH,20250123,21.78,22.75,21.26,21.58,21.79,-0.21,-0.9637,119714.77,263227.022
603270.SH,20250122,21.09,23.0,21.0,21.79,21.26,0.53,2.4929,145027.12,321801.709
603270.SH,20250121,21.09,21.48,21.0,21.26,21.14,0.12,0.5676,48446.73,102861.49
603270.SH,20250120,21.19,21.19,20.76,21.14,20.92,0.22,1.0516,55038.43,115679.592
603270.SH,20250117,20.71,21.45,20.71,20.92,20.98,-0.06,-0.286,69831.17,147076.421
603270.SH,20250116,21.57,22.1,20.98,20.98,21.54,-0.56,-2.5998,130263.03,279159.448
603270.SH,20250115,19.7,21.54,19.38,21.54,19.58,1.96,10.0102,79887.84,164021.672
603270.SH,20250114,18.91,19.63,18.75,19.58,18.75,0.83,4.4267,38289.03,74165.454
603270.SH,20250113,18.31,19.12,18.18,18.75,18.57,0.18,0.9693,26591.0,49805.316
603270.SH,20250110,19.26,19.48,18.57,18.57,19.15,-0.58,-3.0287,27812.1,53145.789
603270.SH,20250109,18.98,19.45,18.92,19.25,19.09,0.16,0.8381,26004.0,49827.284
603667.SH,20260702,68.06,72.99,68.05,70.18,68.06,2.12,3.1149,431599.45,3056935.797
603667.SH,20260701,65.46,70.72,64.8,68.06,65.52,2.54,3.8767,359003.47,2445716.321
603667.SH,20260630,62.5,65.68,61.45,65.52,61.23,4.29,7.0064,272886.31,1747328.833
603667.SH,20260629,59.8,62.25,58.53,61.23,60.66,0.57,0.9397,231960.09,1402642.19
603667.SH,20260626,63.5,64.57,60.66,60.66,64.07,-3.41,-5.3223,216489.1,1344172.821
603667.SH,20260625,65.0,67.42,64.03,64.07,66.1,-2.03,-3.0711,240029.56,1567219.19
603667.SH,20260624,65.61,67.15,63.4,66.1,63.51,2.59,4.0781,265242.76,1738287.269
603667.SH,20260623,65.12,66.8,63.5,63.51,65.77,-2.26,-3.4362,200380.47,1295722.605
603667.SH,20260622,67.02,67.5,63.35,65.77,67.73,-1.96,-2.8938,285983.5,1866370.898
603667.SH,20260618,66.75,68.44,66.01,67.73,66.52,1.21,1.819,232367.29,1571455.857
603667.SH,20260617,66.0,67.45,65.52,66.52,66.38,0.14,0.2109,180516.44,1199116.881
603667.SH,20260616,66.65,67.79,65.09,66.38,67.0,-0.62,-0.9254,211548.61,1407357.56
603667.SH,20260615,64.5,67.29,64.1,67.0,63.93,3.07,4.8021,219817.34,1454444.036
603667.SH,20260612,66.0,66.39,63.72,63.93,64.89,-0.96,-1.4794,194972.3,1266867.624
603667.SH,20260611,65.27,67.77,63.57,65.01,67.08,-2.07,-3.0859,236745.16,1538511.735
603667.SH,20260610,71.72,72.47,67.04,67.08,73.08,-6.0,-8.2102,265650.4,1849999.044
603667.SH,20260609,75.0,75.0,70.8,73.08,74.59,-1.51,-2.0244,313051.31,2264395.694
603667.SH,20260608,70.7,76.17,70.63,74.59,74.34,0.25,0.3363,381016.0,2845805.991
603667.SH,20260605,71.2,78.08,67.3,74.34,71.84,2.5,3.48,484290.94,3479828.571
603667.SH,20260604,69.46,73.88,68.71,71.84,70.27,1.57,2.2342,325757.27,2350324.55
603667.SH,20260603,68.45,73.0,67.96,70.27,69.03,1.24,1.7963,344819.79,2451758.714
603667.SH,20260602,69.79,72.21,68.7,69.03,68.33,0.7,1.0244,286259.86,2009056.511
603667.SH,20260601,71.74,72.56,68.3,68.33,71.76,-3.43,-4.7798,260561.21,1826054.418
603667.SH,20260529,74.8,76.39,70.55,71.76,74.74,-2.98,-3.9872,312183.04,2275781.21
603667.SH,20260528,76.75,76.99,72.3,74.74,78.05,-3.31,-4.2409,398212.31,2968030.97
603667.SH,20260527,84.0,84.0,78.05,78.05,86.72,-8.67,-9.9977,484682.73,3913466.989
603667.SH,20260526,87.08,90.58,85.0,86.72,87.08,-0.36,-0.4134,442327.36,3893920.365
603667.SH,20260525,88.0,90.33,85.5,87.08,88.17,-1.09,-1.2362,431039.26,3762265.946
603667.SH,20260522,84.4,89.04,81.4,88.17,84.74,3.43,4.0477,577798.64,4998323.845
603667.SH,20260521,80.1,87.87,80.1,84.74,80.0,4.74,5.925,627500.37,5284358.151
603667.SH,20260520,82.2,82.56,79.05,80.0,83.88,-3.88,-4.6257,401939.3,3236789.563
603667.SH,20260519,84.98,87.0,82.84,83.88,85.0,-1.12,-1.3176,390574.3,3290181.037
603667.SH,20260518,81.7,87.8,81.0,85.0,84.43,0.57,0.6751,673048.65,5673094.217
603667.SH,20260515,77.03,84.65,75.9,84.43,76.95,7.48,9.7206,801311.85,6573526.534
603667.SH,20260514,81.0,85.5,76.84,76.95,81.4,-4.45,-5.4668,519555.13,4223186.127
603667.SH,20260513,79.0,82.6,78.2,81.4,79.94,1.46,1.8264,385456.39,3108446.382
603667.SH,20260512,78.8,83.0,78.01,79.94,79.18,0.76,0.9598,456630.6,3677213.33
603667.SH,20260511,78.2,80.5,76.0,79.18,78.17,1.01,1.2921,608443.89,4796777.339
603667.SH,20260508,71.32,78.17,71.3,78.17,71.06,7.11,10.0056,381498.72,2887365.873
603667.SH,20260507,67.2,71.77,66.92,71.06,67.19,3.87,5.7598,286072.38,2017431.537
603667.SH,20260506,66.41,68.17,66.41,67.19,66.38,0.81,1.2202,158827.31,1069061.761
603667.SH,20260430,63.63,67.3,63.6,66.38,64.15,2.23,3.4762,169310.65,1119993.212
603667.SH,20260429,62.52,64.6,62.3,64.15,63.07,1.08,1.7124,131194.26,838928.1
603667.SH,20260428,66.0,66.68,62.83,63.07,66.69,-3.62,-5.4281,182970.26,1171978.497
603667.SH,20260427,66.3,67.43,65.17,66.69,67.03,-0.34,-0.5072,142415.69,946159.004
603667.SH,20260424,68.01,69.49,67.01,67.03,68.3,-1.27,-1.8594,147456.07,999468.414
603667.SH,20260423,71.0,71.05,67.19,68.3,71.22,-2.92,-4.1,284698.82,1955816.583
603667.SH,20260422,70.05,72.27,70.04,71.22,71.16,0.06,0.0843,188385.76,1340834.249
603667.SH,20260421,69.7,72.76,68.91,71.16,70.16,1.0,1.4253,257119.13,1819489.884
603667.SH,20260420,70.72,71.49,69.88,70.16,70.55,-0.39,-0.5528,198007.65,1396340.509
603667.SH,20260417,69.87,71.58,69.01,70.55,70.95,-0.4,-0.5638,191705.59,1344810.044
603667.SH,20260416,72.9,73.48,70.01,70.95,70.19,0.76,1.0828,253473.44,1804167.119
603667.SH,20260415,72.0,72.86,69.8,70.19,71.25,-1.06,-1.4877,210438.38,1499057.921
603667.SH,20260414,70.38,71.33,68.68,71.25,69.35,1.9,2.7397,232208.93,1631081.277
603667.SH,20260413,69.07,70.47,69.06,69.35,70.47,-1.12,-1.5893,159658.46,1112032.305
603667.SH,20260410,68.61,74.0,68.58,70.47,67.61,2.86,4.2301,282208.82,2013118.555
603667.SH,20260409,68.41,69.06,67.29,67.61,69.78,-2.17,-3.1098,150374.64,1023064.994
603667.SH,20260408,67.4,69.8,67.4,69.78,65.65,4.13,6.2909,194172.82,1337621.712
603667.SH,20260407,66.27,66.74,65.16,65.65,66.28,-0.63,-0.9505,89238.9,587956.396
603667.SH,20260403,67.21,67.69,66.2,66.28,66.57,-0.29,-0.4356,115465.06,771346.955
603667.SH,20260402,67.39,68.98,66.5,66.57,68.42,-1.85,-2.7039,140737.69,948517.547
603667.SH,20260401,67.52,69.0,67.03,68.42,66.33,2.09,3.1509,212280.24,1445885.863
603667.SH,20260331,67.07,68.62,66.3,66.33,67.02,-0.69,-1.0295,146536.77,986653.114
603667.SH,20260330,65.32,67.39,65.32,67.02,66.71,0.31,0.4647,116784.34,776615.132
603667.SH,20260327,66.0,67.5,65.4,66.71,66.72,-0.01,-0.015,142629.26,949998.553
603667.SH,20260326,67.99,69.8,66.39,66.72,67.0,-0.28,-0.4179,242785.71,1650468.778
603667.SH,20260325,64.02,68.15,64.02,67.0,64.02,2.98,4.6548,237496.43,1582199.98
603667.SH,20260324,65.0,65.35,62.1,64.02,63.53,0.49,0.7713,161606.24,1021920.091
603667.SH,20260323,64.52,67.69,62.73,63.53,65.49,-1.96,-2.9928,202454.59,1327984.875
603667.SH,20260320,67.97,68.06,65.41,65.49,66.92,-1.43,-2.1369,137749.83,918044.344
603667.SH,20260319,68.55,68.81,66.57,66.92,69.95,-3.03,-4.3317,164462.1,1108697.753
603667.SH,20260318,69.0,70.38,68.6,69.95,69.01,0.94,1.3621,126891.73,883045.512
603667.SH,20260317,72.0,72.31,69.01,69.01,71.61,-2.6,-3.6308,147597.81,1038707.067
603667.SH,20260316,72.5,72.63,70.6,71.61,72.19,-0.58,-0.8034,124673.67,892543.06
603667.SH,20260313,74.72,75.3,72.18,72.19,76.14,-3.95,-5.1878,208677.94,1534582.097
603667.SH,20260312,75.14,77.48,74.55,76.14,75.38,0.76,1.0082,247977.1,1886431.121
603667.SH,20260311,75.51,77.08,74.08,75.38,76.48,-1.1,-1.4383,245860.0,1854522.063
603667.SH,20260310,73.22,78.88,73.11,76.48,72.05,4.43,6.1485,337319.19,2551614.355
603667.SH,20260309,70.47,72.68,68.52,72.05,72.57,-0.52,-0.7165,237570.16,1669973.114
603667.SH,20260306,72.24,73.84,72.19,72.57,72.95,-0.38,-0.5209,141643.34,1035520.131
603667.SH,20260305,73.87,74.3,72.51,72.95,72.15,0.8,1.1088,213432.81,1564379.088
603667.SH,20260304,70.5,73.19,70.5,72.15,71.55,0.6,0.8386,218092.2,1568346.595
603667.SH,20260303,76.54,77.68,71.51,71.55,76.9,-5.35,-6.9571,313239.96,2319530.724
603667.SH,20260302,77.0,79.5,76.54,76.9,80.01,-3.11,-3.887,309057.48,2396181.852
603667.SH,20260227,80.32,81.0,79.21,80.01,80.31,-0.3,-0.3736,209611.25,1678057.601
603667.SH,20260226,79.03,82.0,79.03,80.31,80.18,0.13,0.1621,292240.18,2360801.682
603667.SH,20260225,82.7,82.9,79.44,80.18,84.39,-4.21,-4.9887,435326.21,3515478.715
603667.SH,20260224,90.4,90.49,81.58,84.39,90.64,-6.25,-6.8954,496194.53,4181788.026
603667.SH,20260213,85.69,93.81,85.5,90.64,86.34,4.3,4.9803,540257.78,4849235.546
603667.SH,20260212,86.0,88.88,85.22,86.34,87.45,-1.11,-1.2693,359285.07,3138656.015
603667.SH,20260211,88.23,89.76,87.0,87.45,91.18,-3.73,-4.0908,461515.21,4070745.287
603667.SH,20260210,86.87,96.69,86.04,91.18,88.02,3.16,3.5901,759864.96,6838938.298
603667.SH,20260209,86.0,89.2,84.65,88.02,85.65,2.37,2.7671,579608.98,5075455.08
603667.SH,20260206,76.5,85.65,76.5,85.65,77.86,7.79,10.0051,470445.87,3909081.2
603667.SH,20260205,79.03,81.49,76.7,77.86,81.93,-4.07,-4.9677,350712.93,2760046.226
603667.SH,20260204,79.01,84.04,77.45,81.93,80.39,1.54,1.9157,502554.72,4068804.019
603667.SH,20260203,79.6,80.6,76.51,80.39,79.66,0.73,0.9164,456320.58,3614705.669
603667.SH,20260202,75.0,82.07,74.78,79.66,75.84,3.82,5.0369,567318.8,4462127.716
603667.SH,20260130,75.26,78.28,72.7,75.84,76.0,-0.16,-0.2105,482722.86,3642017.628
603667.SH,20260129,78.91,80.25,75.54,76.0,78.88,-2.88,-3.6511,387307.94,2996614.05
603667.SH,20260128,82.45,82.45,76.8,78.88,82.3,-3.42,-4.1555,458314.03,3614311.29
603667.SH,20260127,82.95,83.85,80.01,82.3,83.31,-1.01,-1.2123,377888.4,3095174.079
603667.SH,20260126,87.8,89.2,82.28,83.31,87.13,-3.82,-4.3843,411919.25,3493168.251
603667.SH,20260123,90.83,92.5,86.86,87.13,90.83,-3.7,-4.0735,581934.58,5145045.603
603667.SH,20260122,88.01,94.27,88.0,90.83,89.11,1.72,1.9302,604086.82,5484940.574
603667.SH,20260121,83.79,91.05,83.78,89.11,85.5,3.61,4.2222,633526.45,5601237.135
603667.SH,20260120,89.0,91.87,83.51,85.5,89.2,-3.7,-4.148,638301.1,5522751.632
603667.SH,20260119,83.7,89.2,82.87,89.2,81.09,8.11,10.0012,611950.74,5270506.252
603667.SH,20260116,74.32,81.09,74.0,81.09,73.72,7.37,9.9973,591552.3,4645941.648
603667.SH,20260115,74.18,77.18,73.2,73.72,76.54,-2.82,-3.6843,437730.37,3272297.093
603667.SH,20260114,80.0,84.41,75.48,76.54,82.65,-6.11,-7.3926,712775.59,5679629.626
603667.SH,20260113,78.6,88.0,74.74,82.65,80.3,2.35,2.9265,723378.57,5933312.073
603667.SH,20260112,81.71,82.0,78.68,80.3,78.11,2.19,2.8037,694016.55,5567621.905
603667.SH,20260109,76.92,80.92,75.4,78.11,75.94,2.17,2.8575,632518.58,4968813.473
603667.SH,20260108,75.61,79.37,75.18,75.94,75.6,0.34,0.4497,586697.92,4512138.46
603667.SH,20260107,74.97,82.88,74.97,75.6,77.49,-1.89,-2.439,808759.5,6322340.317
603667.SH,20260106,74.46,79.85,74.33,77.49,74.2,3.29,4.434,842852.45,6524001.37
603667.SH,20260105,69.0,76.98,68.01,74.2,69.98,4.22,6.0303,1032214.37,7707446.921
603667.SH,20251231,69.98,69.98,67.38,69.98,63.62,6.36,9.9969,368344.66,2570907.34
603667.SH,20251230,58.2,63.62,57.89,63.62,57.84,5.78,9.9931,411416.9,2538968.363
603667.SH,20251229,52.79,57.84,52.45,57.84,52.58,5.26,10.0038,478855.76,2679998.151
603667.SH,20251226,52.3,53.88,51.81,52.58,52.95,-0.37,-0.6988,348213.78,1828784.969
603667.SH,20251225,49.91,53.65,49.91,52.95,49.72,3.23,6.4964,428307.32,2219587.113
603667.SH,20251224,49.44,50.1,48.91,49.72,49.79,-0.07,-0.1406,174896.55,869335.854
603667.SH,20251223,50.5,50.99,49.37,49.79,50.65,-0.86,-1.6979,212146.8,1060504.84
603667.SH,20251222,51.27,51.47,49.76,50.65,50.31,0.34,0.6758,325188.21,1645124.119
603667.SH,20251219,51.97,52.55,50.21,50.31,51.29,-0.98,-1.9107,225324.2,1149248.408
603667.SH,20251218,50.0,53.33,49.86,51.29,51.09,0.2,0.3915,299824.34,1560155.568
603667.SH,20251217,47.8,51.8,47.75,51.09,47.72,3.37,7.062,347193.02,1748036.426
603667.SH,20251216,49.12,49.49,47.6,47.72,49.11,-1.39,-2.8304,185190.28,892365.322
603667.SH,20251215,50.12,51.29,49.11,49.11,50.98,-1.87,-3.6681,292328.55,1458992.054
603667.SH,20251212,53.55,53.93,50.8,50.98,54.62,-3.64,-6.6642,488242.86,2533375.468
603667.SH,20251211,53.5,55.8,53.21,54.62,53.46,1.16,2.1698,439228.07,2397521.223
603667.SH,20251210,53.03,54.72,52.8,53.46,53.52,-0.06,-0.1121,436237.01,2342984.861
603667.SH,20251209,53.9,57.57,53.47,53.52,53.97,-0.45,-0.8338,694745.17,3819886.818
603667.SH,20251208,48.6,53.97,47.81,53.97,49.06,4.91,10.0082,614181.02,3165671.05
603667.SH,20251205,45.08,50.49,44.65,49.06,45.9,3.16,6.8845,486235.62,2329551.181
603667.SH,20251204,49.0,49.96,45.89,45.9,46.22,-0.32,-0.6923,387768.81,1844623.562
603667.SH,20251203,45.29,47.5,45.09,46.22,44.78,1.44,3.2157,252387.76,1162646.333
603667.SH,20251202,46.02,46.02,44.67,44.78,46.28,-1.5,-3.2411,155574.35,704096.23
603667.SH,20251201,45.4,46.67,44.78,46.28,44.91,1.37,3.0505,228631.86,1052157.055
603667.SH,20251128,42.8,45.42,42.53,44.91,43.29,1.62,3.7422,224374.93,992212.429
603667.SH,20251127,43.5,44.58,43.02,43.29,43.74,-0.45,-1.0288,135348.39,592655.505
603667.SH,20251126,42.08,44.35,42.08,43.74,43.36,0.38,0.8764,150706.58,655390.038
603667.SH,20251125,44.14,44.77,43.29,43.36,43.57,-0.21,-0.482,149213.55,657082.94
603667.SH,20251124,42.6,44.0,41.54,43.57,42.88,0.69,1.6091,147991.31,635168.61
603667.SH,20251121,41.0,44.4,40.9,42.88,41.9,0.98,2.3389,198174.5,847390.997
603667.SH,20251120,44.05,44.35,41.55,41.9,44.01,-2.11,-4.7944,130215.57,556949.54
603667.SH,20251119,43.27,44.2,43.1,44.01,43.7,0.31,0.7094,114216.6,501497.379
603667.SH,20251118,42.78,43.91,42.0,43.7,43.13,0.57,1.3216,152894.71,655417.421
603667.SH,20251117,42.72,44.35,42.63,43.13,43.42,-0.29,-0.6679,122745.27,533754.771
603667.SH,20251114,44.51,45.17,43.41,43.42,45.55,-2.13,-4.6762,182366.91,805616.706
603667.SH,20251113,45.57,46.53,44.4,45.55,46.92,-1.37,-2.9199,216287.35,982991.228
603667.SH,20251112,48.37,48.78,46.3,46.92,48.37,-1.45,-2.9977,283581.02,1342039.715
603667.SH,20251111,46.83,49.36,46.46,48.37,45.89,2.48,5.4042,409489.82,1947722.929
603667.SH,20251110,46.07,47.38,45.56,45.89,47.1,-1.21,-2.569,286768.53,1330335.861
603667.SH,20251107,47.0,49.15,45.01,47.1,47.84,-0.74,-1.5468,519400.06,2426171.237
603667.SH,20251106,45.29,48.72,44.01,47.84,44.29,3.55,8.0154,580904.23,2745568.503
603667.SH,20251105,42.06,45.98,41.7,44.29,43.58,0.71,1.6292,223235.16,979607.922
603667.SH,20251104,45.51,45.51,43.51,43.58,45.96,-2.38,-5.1784,212517.85,936112.031
603667.SH,20251103,45.8,47.16,44.88,45.96,45.9,0.06,0.1307,319646.1,1473376.735
603667.SH,20251031,44.22,47.5,44.11,45.9,44.05,1.85,4.1998,447377.79,2057528.994
603667.SH,20251030,43.42,44.26,42.7,44.05,43.29,0.76,1.7556,279633.66,1220653.084
603667.SH,20251029,43.01,43.86,42.8,43.29,43.53,-0.24,-0.5513,135800.37,587648.733
603667.SH,20251028,43.29,43.76,42.5,43.53,43.69,-0.16,-0.3662,208633.96,902948.903
603667.SH,20251027,42.3,44.37,42.3,43.69,41.78,1.91,4.5716,292333.82,1268384.536
603667.SH,20251024,40.81,42.1,40.72,41.78,40.6,1.18,2.9064,180052.29,745430.794
603667.SH,20251023,41.41,41.8,39.87,40.6,42.19,-1.59,-3.7687,176507.95,712969.637
603667.SH,20251022,41.78,42.85,41.29,42.19,42.08,0.11,0.2614,178729.38,750359.728
603667.SH,20251021,42.15,42.24,41.11,42.08,42.14,-0.06,-0.1424,170516.31,711763.074
603667.SH,20251020,42.06,43.0,41.51,42.14,41.43,0.71,1.7137,189664.7,802570.63
603667.SH,20251017,43.0,43.07,41.3,41.43,42.8,-1.37,-3.2009,184378.39,774456.128
603667.SH,20251016,43.55,43.94,42.56,42.8,45.55,-2.75,-6.0373,367884.78,1592625.89
603667.SH,20251015,42.53,45.55,41.89,45.55,41.41,4.14,9.9976,561858.56,2506010.024
603667.SH,20251014,44.29,44.29,41.09,41.41,43.63,-2.22,-5.0882,176286.52,749475.857
603667.SH,20251013,39.71,43.63,39.71,43.63,44.12,-0.49,-1.1106,268204.23,1131896.316
603667.SH,20251010,46.0,46.68,43.94,44.12,46.1,-1.98,-4.295,200719.53,904185.174
603667.SH,20251009,45.8,46.98,45.32,46.1,46.15,-0.05,-0.1083,190718.19,883453.83
603667.SH,20250930,46.56,46.89,45.82,46.15,46.55,-0.4,-0.8593,196375.33,907755.934
603667.SH,20250929,46.2,47.27,45.4,46.55,45.21,1.34,2.9639,233636.38,1084807.973
603667.SH,20250926,45.8,47.4,45.21,45.21,46.47,-1.26,-2.7114,252460.7,1170143.592
603667.SH,20250925,47.43,47.77,46.19,46.47,47.07,-0.6,-1.2747,223563.72,1046960.76
603667.SH,20250924,46.72,47.7,45.0,47.07,47.35,-0.28,-0.5913,352699.85,1638974.316
603667.SH,20250923,49.14,49.57,46.4,47.35,49.25,-1.9,-3.8579,381429.44,1830395.775
603667.SH,20250922,46.53,50.25,46.52,49.25,46.62,2.63,5.6414,486934.94,2361341.403
603667.SH,20250919,49.46,49.88,46.62,46.62,51.8,-5.18,-10.0,452394.05,2150858.938
603667.SH,20250918,48.51,52.5,47.79,51.8,47.73,4.07,8.5271,825836.61,4179356.346
603667.SH,20250917,46.0,49.46,45.88,47.73,46.66,1.07,2.2932,533346.11,2526733.237
603667.SH,20250916,45.47,47.15,44.6,46.66,45.2,1.46,3.2301,545454.95,2506755.164
603667.SH,20250915,43.17,47.67,42.85,45.2,43.6,1.6,3.6697,507038.42,2311874.502
603667.SH,20250912,42.4,45.76,41.75,43.6,41.6,2.0,4.8077,511077.54,2237596.278
603667.SH,20250911,40.77,41.67,39.85,41.6,40.58,1.02,2.5136,253748.6,1044184.343
603667.SH,20250910,40.25,41.8,40.23,40.58,41.03,-0.45,-1.0968,217135.9,889808.744
603667.SH,20250909,40.05,41.43,40.0,41.03,40.75,0.28,0.6871,269834.99,1101459.197
603667.SH,20250908,38.89,42.14,38.89,40.75,38.88,1.87,4.8097,334620.9,1368009.399
603667.SH,20250905,37.29,39.05,36.72,38.88,37.3,1.58,4.2359,250278.31,958611.384
603667.SH,20250904,39.4,39.88,36.5,37.3,39.99,-2.69,-6.7267,330796.6,1269427.121
603667.SH,20250903,42.03,42.4,39.7,39.99,42.03,-2.04,-4.8537,455175.88,1855683.639
603667.SH,20250902,39.99,43.04,38.43,42.03,39.13,2.9,7.4112,710144.85,2953960.678
603667.SH,20250901,39.59,39.73,38.81,39.13,39.47,-0.34,-0.8614,144376.0,565337.249
603667.SH,20250829,39.02,40.21,38.34,39.47,38.98,0.49,1.2571,199602.86,785708.483
603667.SH,20250828,38.88,39.0,37.52,38.98,39.03,-0.05,-0.1281,221623.49,851024.616
603667.SH,20250827,39.72,40.5,38.9,39.03,39.88,-0.85,-2.1314,199368.33,794663.353
603667.SH,20250826,40.39,40.4,39.5,39.88,40.43,-0.55,-1.3604,165291.88,661420.566
603667.SH,20250825,40.8,41.36,40.2,40.43,40.41,0.02,0.0495,236235.19,962816.883
603667.SH,20250822,39.99,40.48,39.86,40.41,39.98,0.43,1.0755,164684.68,662530.684
603667.SH,20250821,41.18,41.69,39.98,39.98,41.9,-1.92,-4.5823,254899.66,1036606.401
603667.SH,20250820,41.65,43.05,41.39,41.9,42.33,-0.43,-1.0158,269662.14,1137490.832
603667.SH,20250819,40.85,43.0,40.11,42.33,41.32,1.01,2.4443,406332.99,1692155.546
603667.SH,20250818,40.5,41.9,39.79,41.32,40.74,0.58,1.4237,388708.53,1579834.962
603667.SH,20250815,39.38,41.45,39.0,40.74,39.89,0.85,2.1309,391802.91,1586660.869
603667.SH,20250814,38.77,40.4,38.0,39.89,38.62,1.27,3.2885,459251.69,1805350.554
603667.SH,20250813,38.15,38.88,37.8,38.62,38.22,0.4,1.0466,203923.73,783709.293
603667.SH,20250812,38.45,38.58,37.81,38.22,38.45,-0.23,-0.5982,176188.42,671908.973
603667.SH,20250811,38.38,38.86,38.08,38.45,38.4,0.05,0.1302,206541.57,794593.495
603667.SH,20250808,39.16,39.47,38.2,38.4,39.16,-0.76,-1.9408,247673.66,960295.688
603667.SH,20250807,40.0,40.07,38.7,39.16,40.22,-1.06,-2.6355,346094.76,1353409.239
603667.SH,20250806,37.87,41.0,37.5,40.22,38.07,2.15,5.6475,583702.9,2299465.922
603667.SH,20250805,38.95,39.62,37.85,38.07,37.29,0.78,2.0917,549854.87,2116306.564
603667.SH,20250804,33.63,37.29,33.58,37.29,33.9,3.39,10.0,383970.46,1380857.314
603667.SH,20250801,34.25,34.64,33.6,33.9,34.29,-0.39,-1.1374,98838.8,335913.343
603667.SH,20250731,34.03,35.23,34.03,34.29,34.28,0.01,0.0292,140970.43,489417.778
603667.SH,20250730,35.28,35.29,34.02,34.28,35.22,-0.94,-2.6689,117433.88,405285.403
603667.SH,20250729,35.29,35.38,34.9,35.22,35.43,-0.21,-0.5927,98428.9,345570.097
603667.SH,20250728,35.88,35.97,35.23,35.43,35.43,0.0,0.0,99438.0,353612.408
603667.SH,20250725,35.39,35.6,35.05,35.43,35.63,-0.2,-0.5613,120522.6,425522.715
603667.SH,20250724,35.36,36.06,35.36,35.63,35.39,0.24,0.6782,110523.98,393923.43
603667.SH,20250723,35.21,35.87,35.05,35.39,35.65,-0.26,-0.7293,121550.66,430877.185
603667.SH,20250722,36.6,36.64,35.56,35.65,36.77,-1.12,-3.046,196601.28,706571.438
603667.SH,20250721,36.44,37.53,36.0,36.77,35.96,0.81,2.2525,229258.85,842288.142
603667.SH,20250718,36.3,36.32,35.57,35.96,36.31,-0.35,-0.9639,176695.0,633110.778
603667.SH,20250717,35.43,36.94,35.17,36.31,35.7,0.61,1.7087,305791.5,1107445.105
603667.SH,20250716,34.57,36.06,34.33,35.7,34.58,1.12,3.2389,314366.6,1113506.419
603667.SH,20250715,34.5,34.88,34.01,34.58,34.93,-0.35,-1.002,220359.0,756770.008
603667.SH,20250714,33.32,36.18,32.9,34.93,33.0,1.93,5.8485,365609.59,1262405.713
603667.SH,20250711,32.0,33.37,31.83,33.0,31.94,1.06,3.3187,171130.72,560054.539
603667.SH,20250710,31.8,32.11,31.73,31.94,32.22,-0.28,-0.869,77199.62,246039.143
603667.SH,20250709,32.83,33.42,32.16,32.22,32.2,0.02,0.0621,160156.25,524399.531
603667.SH,20250708,31.61,32.3,31.61,32.2,31.97,0.23,0.7194,82855.81,265713.402
603667.SH,20250707,32.13,32.14,31.69,31.97,32.13,-0.16,-0.498,55937.46,178337.844
603667.SH,20250704,32.55,32.61,32.01,32.13,32.55,-0.42,-1.2903,72732.46,234213.083
603667.SH,20250703,32.54,32.98,32.32,32.55,32.71,-0.16,-0.4891,68946.36,224815.453
603667.SH,20250702,33.18,33.3,32.5,32.71,33.38,-0.67,-2.0072,89576.1,293890.745
603667.SH,20250701,33.55,33.68,33.16,33.38,33.51,-0.13,-0.3879,90378.0,301944.184
603667.SH,20250630,33.19,33.8,33.11,33.51,33.18,0.33,0.9946,94560.48,316247.417
603667.SH,20250627,33.4,33.5,32.92,33.18,33.31,-0.13,-0.3903,97878.74,325272.728
603667.SH,20250626,33.87,34.14,33.3,33.31,33.75,-0.44,-1.3037,142935.48,482132.475
603667.SH,20250625,33.2,33.88,32.92,33.75,33.16,0.59,1.7793,173717.89,582471.397
603667.SH,20250624,32.03,33.6,32.0,33.16,31.81,1.35,4.2439,209545.23,692693.892
603667.SH,20250623,31.34,32.0,31.29,31.81,31.91,-0.1,-0.3134,102596.0,325818.126
603667.SH,20250620,32.63,33.08,31.85,31.91,32.95,-1.04,-3.1563,144494.58,466066.967
603667.SH,20250619,33.44,34.21,32.91,32.95,33.47,-0.52,-1.5536,176022.28,590670.674
603667.SH,20250618,32.77,33.48,32.5,33.47,32.92,0.55,1.6707,155967.34,514566.371
603667.SH,20250617,35.0,35.15,32.7,32.92,34.99,-2.07,-5.916,245719.38,825964.831
603667.SH,20250616,35.01,35.6,34.8,34.99,35.4,-0.41,-1.1582,98286.14,344939.219
603667.SH,20250613,35.58,35.97,34.91,35.4,35.89,-0.49,-1.3653,117171.66,414276.667
603667.SH,20250612,35.82,36.35,35.53,36.01,35.96,0.05,0.139,102072.0,368189.035
603667.SH,20250611,36.0,36.23,35.68,35.96,35.89,0.07,0.195,88030.6,316860.961
603667.SH,20250610,36.18,36.28,34.92,35.89,36.23,-0.34,-0.9384,156435.58,556961.491
603667.SH,20250609,35.89,36.82,35.82,36.23,35.99,0.24,0.6669,115106.23,419078.966
603667.SH,20250606,36.51,36.64,35.97,35.99,36.81,-0.82,-2.2277,116262.41,420079.117
603667.SH,20250605,36.15,37.2,35.8,36.81,36.26,0.55,1.5168,169890.0,619460.559
603667.SH,20250604,36.46,36.64,36.02,36.26,36.24,0.02,0.0552,128985.3,467746.029
603667.SH,20250603,36.5,37.32,35.82,36.24,37.07,-0.83,-2.239,179597.93,655267.067
603667.SH,20250530,39.35,39.44,37.05,37.07,39.87,-2.8,-7.0228,244269.42,925763.856
603667.SH,20250529,40.31,40.99,39.83,39.87,40.73,-0.86,-2.1115,221106.68,891719.626
603667.SH,20250528,39.7,41.59,39.56,40.73,39.82,0.91,2.2853,266191.6,1081882.275
603667.SH,20250527,39.58,40.78,39.0,39.82,40.0,-0.18,-0.45,191858.37,766090.134
603667.SH,20250526,39.6,40.58,38.8,40.0,40.01,-0.01,-0.025,169478.0,672253.453
603667.SH,20250523,39.34,40.88,38.41,40.01,39.51,0.5,1.2655,269919.52,1076819.388
603667.SH,20250522,40.5,40.85,39.3,39.51,41.0,-1.49,-3.6341,214771.0,857283.528
603667.SH,20250521,40.11,41.8,39.31,41.0,41.06,-0.06,-0.1461,345316.2,1387276.207
603667.SH,20250520,41.88,43.5,40.67,41.06,40.61,0.45,1.1081,498886.3,2092355.618
603667.SH,20250519,39.2,41.46,37.77,40.61,38.87,1.74,4.4765,419666.3,1663252.244
603667.SH,20250516,36.88,39.88,36.78,38.87,37.1,1.77,4.7709,354807.72,1370990.326
603667.SH,20250515,37.9,38.11,36.9,37.1,38.11,-1.01,-2.6502,152891.71,569421.605
603667.SH,20250514,39.09,39.15,37.76,38.11,38.99,-0.88,-2.257,240134.1,918557.105
603667.SH,20250513,39.89,39.96,38.65,38.99,39.59,-0.6,-1.5155,260899.1,1023831.687
603667.SH,20250512,37.55,40.66,37.54,39.59,36.96,2.63,7.1158,414700.9,1612936.614
603667.SH,20250509,38.33,38.4,36.3,36.96,38.25,-1.29,-3.3725,229862.0,851017.233
603667.SH,20250508,37.2,39.0,37.16,38.25,37.5,0.75,2.0,295394.7,1122444.523
603667.SH,20250507,38.49,38.55,36.9,37.5,38.0,-0.5,-1.3158,252303.06,951015.612
603667.SH,20250506,37.5,38.16,37.39,38.0,37.39,0.61,1.6315,282909.26,1069462.814
603667.SH,20250430,35.6,37.51,35.36,37.39,35.49,1.9,5.3536,287529.2,1054890.15
603667.SH,20250429,34.58,35.8,33.91,35.49,34.6,0.89,2.5723,198819.7,699645.691
603667.SH,20250428,35.74,35.74,34.6,34.6,35.66,-1.06,-2.9725,147176.4,513778.784
603667.SH,20250425,35.9,36.1,34.88,35.66,35.73,-0.07,-0.1959,214768.0,762232.395
603667.SH,20250424,36.42,37.15,35.37,35.73,36.43,-0.7,-1.9215,316592.5,1144648.428
603667.SH,20250423,34.47,37.22,34.45,36.43,33.84,2.59,7.6537,444590.12,1602076.975
603667.SH,20250422,35.16,35.39,33.71,33.84,34.99,-1.15,-3.2867,204138.0,702433.422
603667.SH,20250421,32.0,35.83,31.8,34.99,32.8,2.19,6.6768,307769.82,1044735.092
603667.SH,20250418,33.06,33.48,32.7,32.8,33.03,-0.23,-0.6963,114135.41,376202.22
603667.SH,20250417,32.98,34.5,32.98,33.03,33.1,-0.07,-0.2115,183292.0,617643.284
603667.SH,20250416,33.57,34.1,32.6,33.1,33.88,-0.78,-2.3022,178314.0,593967.578
603667.SH,20250415,33.85,34.7,33.38,33.88,33.61,0.27,0.8033,208941.1,710275.498
603667.SH,20250414,34.08,34.5,33.32,33.61,33.25,0.36,1.0827,207638.38,703882.108
603667.SH,20250411,31.28,34.05,31.25,33.25,32.24,1.01,3.1328,270959.59,895627.73
603667.SH,20250410,32.35,33.88,32.11,32.24,31.33,0.91,2.9046,336525.91,1104098.956
603667.SH,20250409,28.01,32.0,27.73,31.33,30.81,0.52,1.6878,403619.98,1191532.425
603667.SH,20250408,30.81,32.47,30.81,30.81,34.23,-3.42,-9.9912,143593.11,448581.429
603667.SH,20250407,34.23,34.5,34.23,34.23,38.03,-3.8,-9.9921,33285.0,113968.769
603667.SH,20250403,38.0,39.2,37.71,38.03,38.85,-0.82,-2.1107,111796.68,428495.831
603667.SH,20250402,38.37,39.5,38.22,38.85,38.38,0.47,1.2246,151333.9,588817.71
603667.SH,20250401,38.71,39.0,38.15,38.38,38.72,-0.34,-0.8781,112792.31,434618.397
603667.SH,20250331,38.42,38.79,36.98,38.72,38.98,-0.26,-0.667,205791.32,777399.642
603667.SH,20250328,40.09,40.67,38.95,38.98,40.47,-1.49,-3.6817,200621.42,790979.111
603667.SH,20250327,41.1,41.86,40.38,40.47,41.58,-1.11,-2.6696,172117.75,705948.503
603667.SH,20250326,40.8,42.92,40.8,41.58,41.89,-0.31,-0.74,192265.1,808585.303
603667.SH,20250325,42.13,43.6,41.47,41.89,42.14,-0.25,-0.5933,222867.6,946713.022
603667.SH,20250324,43.09,43.12,40.77,42.14,43.04,-0.9,-2.0911,228796.58,953313.518
603667.SH,20250321,44.31,45.5,42.29,43.04,44.48,-1.44,-3.2374,317716.36,1380477.682
603667.SH,20250320,43.04,45.46,42.66,44.48,44.36,0.12,0.2705,345688.46,1524319.359
603667.SH,20250319,45.48,46.28,43.88,44.36,45.31,-0.95,-2.0967,353559.6,1585761.477
603667.SH,20250318,45.9,46.43,44.52,45.31,45.9,-0.59,-1.2854,294939.13,1335287.562
603667.SH,20250317,46.4,47.08,43.88,45.9,46.04,-0.14,-0.3041,503389.26,2291033.658
603667.SH,20250314,41.2,46.04,41.2,46.04,41.85,4.19,10.0119,606664.05,2707964.956
603667.SH,20250313,45.06,45.06,41.2,41.85,45.05,-3.2,-7.1032,354254.4,1501803.242
603667.SH,20250312,45.99,47.2,45.03,45.05,44.66,0.39,0.8733,406394.33,1866902.738
603667.SH,20250311,44.54,45.5,43.0,44.66,46.25,-1.59,-3.4378,365044.89,1615543.833
603667.SH,20250310,46.78,47.72,44.72,46.25,47.12,-0.87,-1.8463,394770.43,1805259.859
603667.SH,20250307,44.04,48.4,44.04,47.12,45.0,2.12,4.7111,628758.87,2924211.248
603667.SH,20250306,44.97,45.75,44.12,45.0,44.96,0.04,0.089,491349.72,2215913.578
603667.SH,20250305,44.01,46.0,43.99,44.96,44.94,0.02,0.0445,421767.76,1889619.739
603667.SH,20250304,43.29,46.01,43.0,44.94,43.29,1.65,3.8115,375820.49,1682842.147
603667.SH,20250303,47.09,47.31,42.24,43.29,46.58,-3.29,-7.0631,437147.89,1934444.075
603667.SH,20250228,47.01,49.34,44.19,46.58,49.1,-2.52,-5.1324,590272.38,2724839.037
603667.SH,20250227,52.16,52.16,47.88,49.1,53.2,-4.1,-7.7068,828012.42,4113127.125
603667.SH,20250226,48.5,53.2,48.5,53.2,48.36,4.84,10.0083,615608.88,3228888.916
603667.SH,20250225,43.45,49.64,43.3,48.36,45.13,3.23,7.1571,856477.52,3997248.731
603667.SH,20250224,43.0,47.36,41.59,45.13,43.05,2.08,4.8316,771748.99,3462524.389
603667.SH,20250221,43.3,44.15,42.02,43.05,43.76,-0.71,-1.6225,471359.39,2013536.367
603667.SH,20250220,43.32,46.27,42.36,43.76,43.35,0.41,0.9458,621564.55,2725685.204
603667.SH,20250219,40.33,43.65,40.33,43.35,40.81,2.54,6.224,509897.31,2180100.859
603667.SH,20250218,41.41,42.24,40.5,40.81,41.92,-1.11,-2.6479,342835.32,1412524.311
603667.SH,20250217,39.77,42.0,39.77,41.92,39.8,2.12,5.3266,473655.39,1941293.531
603667.SH,20250214,42.84,42.99,39.01,39.8,42.9,-3.1,-7.2261,646865.8,2610500.664
603667.SH,20250213,44.45,46.35,42.77,42.9,44.89,-1.99,-4.4331,561034.71,2486533.573
603667.SH,20250212,42.57,44.99,42.05,44.89,43.0,1.89,4.3953,623404.8,2734853.309
603667.SH,20250211,43.81,44.44,42.2,43.0,44.12,-1.12,-2.5385,579209.12,2503770.912
603667.SH,20250210,45.0,45.15,42.5,44.12,46.5,-2.38,-5.1183,770242.4,3390967.141
603667.SH,20250207,44.1,48.57,43.7,46.5,44.15,2.35,5.3228,1058338.97,4955455.078
603667.SH,20250206,42.0,45.22,41.5,44.15,42.06,2.09,4.9691,831450.87,3639653.971
603667.SH,20250205,43.0,44.26,41.4,42.06,43.46,-1.4,-3.2214,895526.98,3847414.404
603667.SH,20250127,47.8,47.81,43.46,43.46,48.29,-4.83,-10.0021,701148.53,3116683.687
603667.SH,20250124,42.38,48.29,42.15,48.29,43.9,4.39,10.0,945741.3,4305097.778
603667.SH,20250123,43.86,46.79,41.9,43.9,43.86,0.04,0.0912,916712.8,4080045.091
603667.SH,20250122,44.2,45.7,43.51,43.86,45.9,-2.04,-4.4444,732909.58,3245332.489
603667.SH,20250121,43.09,45.9,41.58,45.9,43.1,2.8,6.4965,1108325.27,4808293.367
603667.SH,20250120,39.91,45.0,39.66,43.1,42.01,1.09,2.5946,992184.71,4208358.716
603667.SH,20250117,41.7,43.77,40.34,42.01,40.3,1.71,4.2432,1042748.16,4379963.904
603667.SH,20250116,39.5,41.79,39.3,40.3,37.99,2.31,6.0805,1350848.03,5517281.7
603667.SH,20250115,37.99,37.99,37.99,37.99,34.54,3.45,9.9884,142008.79,539491.393
603667.SH,20250114,32.0,34.54,31.4,34.54,31.4,3.14,10.0,660773.31,2172046.283
603667.SH,20250113,33.81,34.21,30.55,31.4,31.1,0.3,0.9646,1219692.25,4013251.06
603667.SH,20250110,30.92,31.1,30.02,31.1,28.27,2.83,10.0106,332401.47,1026019.923
603667.SH,20250109,25.24,28.27,24.91,28.27,25.7,2.57,10.0,557275.93,1469778.372
000551.SZ,20260702,20.05,20.5,19.5,19.76,21.0,-1.24,-5.9048,455208.46,908954.65624
000551.SZ,20260701,20.53,21.98,20.4,21.0,20.63,0.37,1.7935,582892.83,1233536.61178
000551.SZ,20260630,20.58,21.32,19.2,20.63,20.08,0.55,2.739,755517.33,1551432.37107
000551.SZ,20260629,18.75,20.08,18.39,20.08,18.25,1.83,10.0274,624368.97,1203043.64843
000551.SZ,20260626,16.88,18.9,16.71,18.25,17.18,1.07,6.2282,669606.06,1222219.90003
000551.SZ,20260625,16.61,17.53,16.53,17.18,16.81,0.37,2.2011,488119.46,833461.94093
000551.SZ,20260624,17.14,17.14,15.72,16.81,16.84,-0.03,-0.1781,434583.13,715260.35617
000551.SZ,20260623,15.42,16.84,15.4,16.84,15.31,1.53,9.9935,175475.22,287179.41988
000551.SZ,20260622,15.6,15.65,14.62,15.31,15.63,-0.32,-2.0473,238318.15,360874.22687
000551.SZ,20260618,15.18,15.65,15.02,15.63,15.21,0.42,2.7613,221371.56,341389.0148
000551.SZ,20260617,15.3,15.49,15.08,15.21,15.39,-0.18,-1.1696,195358.09,297640.91767
000551.SZ,20260616,15.56,15.56,15.27,15.39,15.72,-0.33,-2.0992,199141.2,306572.58101
000551.SZ,20260615,14.99,15.72,14.71,15.72,14.89,0.83,5.5742,237642.54,361292.83967
000551.SZ,20260612,15.33,15.5,14.61,14.89,14.99,-0.1,-0.6671,199757.21,298457.5947
000551.SZ,20260611,15.0,15.06,14.65,14.99,15.09,-0.1,-0.6627,127517.57,189676.76079
000551.SZ,20260610,14.8,15.12,14.71,15.09,15.03,0.06,0.3992,150897.77,225810.5088
000551.SZ,20260609,14.45,15.05,14.3,15.03,14.45,0.58,4.0138,130183.8,189779.29345
000551.SZ,20260608,14.55,14.96,14.2,14.45,15.12,-0.67,-4.4312,117051.98,170188.314
000551.SZ,20260605,15.11,15.22,14.6,15.12,15.11,0.01,0.0662,127627.87,190748.322
000551.SZ,20260604,15.06,15.19,14.88,15.11,15.32,-0.21,-1.3708,103535.06,155619.769
000551.SZ,20260603,15.42,15.6,15.09,15.32,15.45,-0.13,-0.8414,129783.64,199500.313
000551.SZ,20260602,15.6,15.62,15.03,15.45,15.64,-0.19,-1.2148,119893.68,183724.467
000551.SZ,20260601,15.69,15.8,15.49,15.64,15.82,-0.18,-1.1378,121269.6,189699.916
000551.SZ,20260529,16.31,16.37,15.46,15.82,16.32,-0.5,-3.0637,150139.86,238496.242
000551.SZ,20260528,16.17,16.33,16.0,16.32,16.17,0.15,0.9276,133084.12,215307.552
000551.SZ,20260527,16.47,16.5,15.95,16.17,16.45,-0.28,-1.7021,167297.36,270619.463
000551.SZ,20260526,16.89,16.9,16.17,16.45,17.11,-0.66,-3.8574,204384.66,336036.484
000551.SZ,20260525,17.42,17.78,16.7,17.11,17.34,-0.23,-1.3264,255301.81,435382.494
000551.SZ,20260522,17.03,17.36,16.44,17.34,17.34,0.0,0.0,300687.25,509808.947
000551.SZ,20260521,17.76,18.05,16.76,17.34,17.74,-0.4,-2.2548,428606.44,748832.944
000551.SZ,20260520,17.48,17.75,17.25,17.74,17.59,0.15,0.8528,218142.14,382187.02
000551.SZ,20260519,17.27,17.61,17.08,17.59,17.48,0.11,0.6293,236446.53,411567.94
000551.SZ,20260518,17.0,17.92,16.89,17.48,17.09,0.39,2.282,315126.92,551114.919
000551.SZ,20260515,16.41,17.65,16.32,17.09,16.41,0.68,4.1438,314031.09,532717.538
000551.SZ,20260514,17.5,17.65,16.39,16.41,17.5,-1.09,-6.2286,392877.6,657646.988
000551.SZ,20260513,16.98,17.72,16.95,17.5,17.08,0.42,2.459,222809.63,388349.25
000551.SZ,20260512,17.19,17.5,16.96,17.08,17.12,-0.04,-0.2336,217480.04,373356.314
000551.SZ,20260511,16.99,17.3,16.81,17.12,16.99,0.13,0.7652,259908.56,443827.233
000551.SZ,20260508,16.43,17.09,16.38,16.99,16.62,0.37,2.2262,302159.58,510985.644
000551.SZ,20260507,16.43,16.73,16.3,16.62,16.42,0.2,1.218,290896.16,480654.523
000551.SZ,20260506,16.35,16.64,16.27,16.42,16.28,0.14,0.86,445084.11,730914.331
000551.SZ,20260430,15.92,16.61,15.78,16.28,15.76,0.52,3.2995,597804.67,973367.675
000551.SZ,20260429,15.45,15.76,15.45,15.76,14.33,1.43,9.9791,214444.3,336723.922
000551.SZ,20260428,14.45,14.6,14.25,14.33,14.53,-0.2,-1.3765,112686.33,161720.478
000551.SZ,20260427,14.6,14.74,14.42,14.53,14.64,-0.11,-0.7514,138132.42,201145.414
000551.SZ,20260424,14.84,15.15,14.58,14.64,14.98,-0.34,-2.2697,204626.47,303573.571
000551.SZ,20260423,14.78,15.46,14.66,14.98,14.76,0.22,1.4905,296881.14,445754.457
000551.SZ,20260422,14.58,14.86,14.4,14.76,14.46,0.3,2.0747,194046.51,284916.399
000551.SZ,20260421,14.42,14.46,14.27,14.46,14.45,0.01,0.0692,82746.7,118836.323
000551.SZ,20260420,14.24,14.52,14.16,14.45,14.24,0.21,1.4747,115759.4,166680.813
000551.SZ,20260417,14.26,14.38,14.16,14.24,14.26,-0.02,-0.1403,93812.45,133607.438
000551.SZ,20260416,14.12,14.29,14.02,14.26,14.18,0.08,0.5642,84011.7,119381.435
000551.SZ,20260415,14.33,14.41,14.1,14.18,14.31,-0.13,-0.9085,113855.06,162279.474
000551.SZ,20260414,14.26,14.41,14.12,14.31,14.2,0.11,0.7746,135949.82,193224.842
000551.SZ,20260413,13.96,14.32,13.83,14.2,14.03,0.17,1.2117,164235.11,232882.599
000551.SZ,20260410,14.22,14.32,13.94,14.03,13.94,0.09,0.6456,171987.88,242078.018
000551.SZ,20260409,14.12,14.17,13.8,13.94,13.94,0.0,0.0,263705.9,368710.036
000551.SZ,20260408,13.31,13.94,13.31,13.94,12.67,1.27,10.0237,113700.21,156602.607
000551.SZ,20260407,12.71,12.82,12.6,12.67,12.72,-0.05,-0.3931,49276.6,62577.841
000551.SZ,20260403,13.07,13.17,12.72,12.72,13.07,-0.35,-2.6779,64128.39,82339.848
000551.SZ,20260402,13.3,13.48,13.0,13.07,13.45,-0.38,-2.8253,64439.0,85015.018
000551.SZ,20260401,13.55,13.64,13.33,13.45,13.24,0.21,1.5861,81109.08,109196.358
000551.SZ,20260331,13.28,13.6,13.23,13.24,13.34,-0.1,-0.7496,82868.09,111167.055
000551.SZ,20260330,13.01,13.37,13.0,13.34,13.25,0.09,0.6792,78960.21,104170.037
000551.SZ,20260327,13.0,13.32,12.95,13.25,13.18,0.07,0.5311,68295.4,90079.011
000551.SZ,20260326,13.31,13.51,13.12,13.18,13.4,-0.22,-1.6418,65352.2,86714.379
000551.SZ,20260325,13.21,13.8,13.16,13.4,13.14,0.26,1.9787,125271.83,168975.912
000551.SZ,20260324,12.89,13.15,12.68,13.14,12.59,0.55,4.3685,93928.81,121100.835
000551.SZ,20260323,12.92,13.31,12.51,12.59,13.33,-0.74,-5.5514,126473.95,162882.17
000551.SZ,20260320,13.6,13.76,13.31,13.33,13.56,-0.23,-1.6962,78469.98,106064.372
000551.SZ,20260319,13.8,13.8,13.5,13.56,13.94,-0.38,-2.726,85109.39,116044.155
000551.SZ,20260318,13.9,13.98,13.74,13.94,13.86,0.08,0.5772,74886.81,103886.737
000551.SZ,20260317,14.01,14.35,13.83,13.86,14.0,-0.14,-1.0,110896.54,155808.045
000551.SZ,20260316,14.16,14.17,13.72,14.0,14.15,-0.15,-1.0601,104579.28,145403.171
000551.SZ,20260313,14.17,14.52,14.06,14.15,14.28,-0.13,-0.9104,88271.0,125893.667
000551.SZ,20260312,14.5,14.55,14.19,14.28,14.57,-0.29,-1.9904,88860.44,127326.147
000551.SZ,20260311,14.73,14.88,14.49,14.57,14.72,-0.15,-1.019,85241.0,124741.992
000551.SZ,20260310,14.5,14.75,14.5,14.72,14.38,0.34,2.3644,89284.85,131057.446
000551.SZ,20260309,14.3,14.45,14.03,14.38,14.57,-0.19,-1.304,107215.57,152813.289
000551.SZ,20260306,14.26,14.74,14.26,14.57,14.37,0.2,1.3918,106479.75,155210.338
000551.SZ,20260305,14.19,14.57,14.19,14.37,13.88,0.49,3.5303,155021.61,222753.868
000551.SZ,20260304,13.72,14.17,13.72,13.88,14.0,-0.12,-0.8571,120777.61,168469.241
000551.SZ,20260303,15.0,15.12,13.93,14.0,14.8,-0.8,-5.4054,213210.27,306661.317
000551.SZ,20260302,15.0,15.28,14.73,14.8,15.36,-0.56,-3.6458,171659.24,256237.589
000551.SZ,20260227,15.3,15.4,15.19,15.36,15.45,-0.09,-0.5825,123433.75,188988.832
000551.SZ,20260226,15.41,15.48,15.26,15.45,15.39,0.06,0.3899,160376.12,246850.968
000551.SZ,20260225,15.17,15.48,15.16,15.39,15.19,0.2,1.3167,160245.71,246402.008
000551.SZ,20260224,14.99,15.36,14.99,15.19,14.88,0.31,2.0833,125245.39,190557.169
000551.SZ,20260213,14.98,15.25,14.88,14.88,14.99,-0.11,-0.7338,88698.23,133335.981
000551.SZ,20260212,14.91,15.22,14.81,14.99,14.9,0.09,0.604,106800.94,160786.513
000551.SZ,20260211,15.23,15.29,14.88,14.9,15.25,-0.35,-2.2951,123505.3,185904.601
000551.SZ,20260210,15.32,15.61,15.1,15.25,15.26,-0.01,-0.0655,150377.29,229977.206
000551.SZ,20260209,15.2,15.45,15.16,15.26,15.03,0.23,1.5303,171128.01,261766.639
000551.SZ,20260206,15.05,15.36,14.82,15.03,15.29,-0.26,-1.7005,169942.9,256598.792
000551.SZ,20260205,15.32,15.64,15.13,15.29,15.48,-0.19,-1.2274,167416.61,256842.194
000551.SZ,20260204,14.82,15.99,14.78,15.48,14.92,0.56,3.7534,347610.83,539290.913
000551.SZ,20260203,14.6,14.93,14.57,14.92,14.51,0.41,2.8256,142584.1,211290.777
000551.SZ,20260202,14.56,14.88,14.49,14.51,14.68,-0.17,-1.158,156722.53,230304.793
000551.SZ,20260130,14.5,15.08,14.37,14.68,14.5,0.18,1.2414,212232.66,312065.481
000551.SZ,20260129,14.82,15.09,14.5,14.5,14.85,-0.35,-2.3569,237837.38,350825.339
000551.SZ,20260128,15.35,15.44,14.85,14.85,15.52,-0.67,-4.317,313042.08,472332.658
000551.SZ,20260127,15.15,15.79,14.83,15.52,15.24,0.28,1.8373,355407.83,547939.727
000551.SZ,20260126,15.8,15.88,15.1,15.24,15.98,-0.74,-4.6308,366311.9,566051.182
000551.SZ,20260123,15.9,16.08,15.56,15.98,16.0,-0.02,-0.125,480928.19,761300.122
000551.SZ,20260122,15.3,16.07,15.13,16.0,15.24,0.76,4.9869,616330.82,967264.579
000551.SZ,20260121,15.0,15.77,14.71,15.24,15.37,-0.13,-0.8458,347217.59,526740.352
000551.SZ,20260120,15.64,15.99,15.05,15.37,15.78,-0.41,-2.5982,451814.82,698081.648
000551.SZ,20260119,15.89,16.3,15.66,15.78,15.97,-0.19,-1.1897,531235.21,843783.911
000551.SZ,20260116,15.36,16.16,15.25,15.97,15.14,0.83,5.4822,716112.99,1129940.692
000551.SZ,20260115,15.3,15.69,14.98,15.14,15.6,-0.46,-2.9487,456759.04,697909.08
000551.SZ,20260114,14.27,15.71,14.21,15.6,14.28,1.32,9.2437,811332.34,1225981.484
000551.SZ,20260113,15.15,15.23,14.25,14.28,15.42,-1.14,-7.393,544631.78,794175.626
000551.SZ,20260112,14.79,15.68,14.79,15.42,14.9,0.52,3.4899,660919.45,1010738.285
000551.SZ,20260109,14.88,15.4,14.73,14.9,14.93,-0.03,-0.2009,575311.95,866306.473
000551.SZ,20260108,14.61,15.04,14.48,14.93,14.59,0.34,2.3304,502921.33,743935.555
000551.SZ,20260107,15.26,15.28,14.55,14.59,15.17,-0.58,-3.8233,578005.42,856345.22
000551.SZ,20260106,14.5,15.28,14.47,15.17,14.72,0.45,3.0571,692943.95,1031116.484
000551.SZ,20260105,14.44,15.1,14.4,14.72,14.7,0.02,0.1361,714915.89,1053164.192
000551.SZ,20251231,14.3,15.14,13.53,14.7,14.15,0.55,3.8869,1019974.19,1451261.143
000551.SZ,20251230,14.0,15.0,13.75,14.15,15.27,-1.12,-7.3346,1039849.96,1470703.619
000551.SZ,20251229,15.8,16.26,15.27,15.27,16.97,-1.7,-10.0177,509098.93,791156.465
000551.SZ,20251226,17.66,18.35,16.21,16.97,16.68,0.29,1.7386,1500102.87,2576817.783
000551.SZ,20251225,15.18,16.68,15.16,16.68,15.16,1.52,10.0264,1322426.22,2166040.578
000551.SZ,20251224,15.16,15.16,15.16,15.16,13.78,1.38,10.0145,101325.56,153609.549
000551.SZ,20251223,12.79,13.78,12.79,13.78,12.53,1.25,9.9761,636542.04,857269.261
000551.SZ,20251222,11.4,12.53,11.4,12.53,11.39,1.14,10.0088,685330.34,841506.873
000551.SZ,20251219,11.27,11.44,11.24,11.39,11.26,0.13,1.1545,60519.8,68905.721
000551.SZ,20251218,11.09,11.45,11.06,11.26,11.17,0.09,0.8057,73406.79,83138.632
000551.SZ,20251217,11.31,11.38,10.92,11.17,11.35,-0.18,-1.5859,111123.54,123372.64
000551.SZ,20251216,11.63,11.63,11.25,11.35,11.61,-0.26,-2.2394,96529.74,109578.678
000551.SZ,20251215,11.5,11.75,11.45,11.61,11.5,0.11,0.9565,152572.6,177590.075
000551.SZ,20251212,11.0,11.52,11.0,11.5,11.1,0.4,3.6036,167682.64,191092.171
000551.SZ,20251211,11.07,11.26,11.06,11.1,11.07,0.03,0.271,107086.38,119608.623
000551.SZ,20251210,11.07,11.1,10.97,11.07,11.07,0.0,0.0,40534.24,44734.423
000551.SZ,20251209,11.12,11.18,11.02,11.07,11.17,-0.1,-0.8953,59666.65,66137.969
000551.SZ,20251208,11.15,11.29,11.14,11.17,11.15,0.02,0.1794,70053.44,78466.927
000551.SZ,20251205,10.99,11.17,10.95,11.15,11.05,0.1,0.905,65780.88,72937.752
000551.SZ,20251204,10.96,11.18,10.9,11.05,11.06,-0.01,-0.0904,80418.8,88700.103
000551.SZ,20251203,10.92,11.43,10.83,11.06,10.92,0.14,1.2821,115542.03,128264.671
000551.SZ,20251202,10.76,10.97,10.69,10.92,10.78,0.14,1.2987,57023.08,61716.476
000551.SZ,20251201,10.81,10.85,10.76,10.78,10.81,-0.03,-0.2775,51984.17,56179.626
000551.SZ,20251128,10.68,10.82,10.65,10.81,10.69,0.12,1.1225,35428.13,38101.647
000551.SZ,20251127,10.59,10.78,10.59,10.69,10.59,0.1,0.9443,43763.25,46834.138
000551.SZ,20251126,10.78,10.81,10.57,10.59,10.74,-0.15,-1.3966,42510.65,45401.782
000551.SZ,20251125,10.69,10.81,10.66,10.74,10.67,0.07,0.656,36076.78,38776.996
000551.SZ,20251124,10.69,10.72,10.58,10.67,10.64,0.03,0.282,38299.79,40790.379
000551.SZ,20251121,10.93,11.05,10.6,10.64,11.02,-0.38,-3.4483,77909.01,83957.15
000551.SZ,20251120,11.19,11.2,10.98,11.02,11.08,-0.06,-0.5415,52592.44,58207.582
000551.SZ,20251119,11.23,11.29,11.05,11.08,11.25,-0.17,-1.5111,60615.82,67445.145
000551.SZ,20251118,11.19,11.38,11.1,11.25,11.19,0.06,0.5362,90168.94,101305.767
000551.SZ,20251117,11.42,11.46,11.14,11.19,11.41,-0.22,-1.9281,93990.1,105605.353
000551.SZ,20251114,11.36,11.55,11.34,11.41,11.43,-0.02,-0.175,75106.6,86136.799
000551.SZ,20251113,11.38,11.47,11.31,11.43,11.44,-0.01,-0.0874,62756.7,71593.632
000551.SZ,20251112,11.39,11.59,11.3,11.44,11.38,0.06,0.5272,93055.82,106352.364
000551.SZ,20251111,11.39,11.53,11.33,11.38,11.37,0.01,0.088,68131.0,77835.44
000551.SZ,20251110,11.37,11.41,11.26,11.37,11.36,0.01,0.088,61200.4,69444.688
000551.SZ,20251107,11.39,11.47,11.31,11.36,11.43,-0.07,-0.6124,71635.41,81532.715
000551.SZ,20251106,11.34,11.55,11.34,11.43,11.36,0.07,0.6162,107709.34,123568.752
000551.SZ,20251105,11.02,11.39,11.01,11.36,11.13,0.23,2.0665,78336.03,88339.497
000551.SZ,20251104,11.27,11.31,11.06,11.13,11.27,-0.14,-1.2422,53787.22,60127.078
000551.SZ,20251103,11.22,11.32,11.2,11.27,11.19,0.08,0.7149,51571.51,58094.111
000551.SZ,20251031,11.17,11.27,11.14,11.19,11.15,0.04,0.3587,47101.38,52788.115
000551.SZ,20251030,11.31,11.35,11.13,11.15,11.48,-0.33,-2.8746,102099.8,114457.265
000551.SZ,20251029,11.45,11.48,11.29,11.48,11.43,0.05,0.4374,71939.2,82062.051
000551.SZ,20251028,11.35,11.49,11.34,11.43,11.42,0.01,0.0876,63302.85,72304.902
000551.SZ,20251027,11.38,11.45,11.26,11.42,11.29,0.13,1.1515,69037.8,78511.11
000551.SZ,20251024,11.28,11.37,11.28,11.29,11.27,0.02,0.1775,45967.8,52021.77
000551.SZ,20251023,11.19,11.29,11.07,11.27,11.21,0.06,0.5352,44432.81,49563.249
000551.SZ,20251022,11.29,11.35,11.18,11.21,11.29,-0.08,-0.7086,49121.44,55273.102
000551.SZ,20251021,11.09,11.35,11.06,11.29,11.07,0.22,1.9874,66465.4,74836.723
000551.SZ,20251020,10.95,11.17,10.95,11.07,10.86,0.21,1.9337,60818.46,67276.431
000551.SZ,20251017,11.3,11.33,10.84,10.86,11.3,-0.44,-3.8938,100736.2,111202.497
000551.SZ,20251016,11.49,11.54,11.27,11.3,11.57,-0.27,-2.3336,65206.28,74144.469
000551.SZ,20251015,11.33,11.58,11.24,11.57,11.35,0.22,1.9383,85287.52,97350.182
000551.SZ,20251014,11.63,11.68,11.29,11.35,11.5,-0.15,-1.3043,80261.13,92307.647
000551.SZ,20251013,11.2,11.51,11.1,11.5,11.63,-0.13,-1.1178,86100.43,97680.881
000551.SZ,20251010,11.4,11.71,11.37,11.63,11.46,0.17,1.4834,109643.79,127132.955
000551.SZ,20251009,11.31,11.53,11.3,11.46,11.3,0.16,1.4159,86274.72,98432.85
000551.SZ,20250930,11.48,11.52,11.27,11.3,11.47,-0.17,-1.4821,97481.4,110622.18
000551.SZ,20250929,11.57,11.62,11.29,11.47,11.61,-0.14,-1.2059,92672.67,106073.795
000551.SZ,20250926,11.58,11.88,11.53,11.61,11.61,0.0,0.0,118978.2,139361.737
000551.SZ,20250925,11.74,11.84,11.57,11.61,11.79,-0.18,-1.5267,172605.26,202026.444
000551.SZ,20250924,11.48,11.85,11.25,11.79,11.52,0.27,2.3438,278508.68,324613.753
000551.SZ,20250923,11.22,11.63,10.8,11.52,11.22,0.3,2.6738,147295.17,164113.731
000551.SZ,20250922,11.27,11.31,11.07,11.22,11.3,-0.08,-0.708,66380.37,74394.726
000551.SZ,20250919,11.48,11.54,11.24,11.3,11.48,-0.18,-1.5679,90150.38,102508.209
000551.SZ,20250918,11.46,11.88,11.39,11.48,11.49,-0.01,-0.087,140137.01,162915.893
000551.SZ,20250917,11.42,11.53,11.36,11.49,11.41,0.08,0.7011,63483.01,72815.281
000551.SZ,20250916,11.35,11.42,11.25,11.41,11.35,0.06,0.5286,59506.21,67583.008
000551.SZ,20250915,11.43,11.5,11.3,11.35,11.45,-0.1,-0.8734,58526.39,66715.547
000551.SZ,20250912,11.56,11.57,11.42,11.45,11.57,-0.12,-1.0372,71834.42,82569.486
000551.SZ,20250911,11.28,11.57,11.17,11.57,11.28,0.29,2.5709,94929.86,108477.83
000551.SZ,20250910,11.29,11.38,11.24,11.28,11.3,-0.02,-0.177,45420.81,51346.814
000551.SZ,20250909,11.43,11.43,11.23,11.3,11.43,-0.13,-1.1374,58082.61,65714.611
000551.SZ,20250908,11.36,11.46,11.28,11.43,11.36,0.07,0.6162,71496.8,81295.155
000551.SZ,20250905,11.22,11.36,11.15,11.36,11.13,0.23,2.0665,69948.2,78925.571
000551.SZ,20250904,11.18,11.34,10.97,11.13,11.18,-0.05,-0.4472,89039.61,99536.238
000551.SZ,20250903,11.44,11.5,11.15,11.18,11.42,-0.24,-2.1016,83542.22,94291.202
000551.SZ,20250902,11.67,11.67,11.24,11.42,11.67,-0.25,-2.1422,127989.88,145680.447
000551.SZ,20250901,11.71,11.75,11.58,11.67,11.67,0.0,0.0,76672.41,89290.196
000551.SZ,20250829,11.79,11.8,11.6,11.67,11.8,-0.13,-1.1017,87742.9,102680.183
000551.SZ,20250828,11.62,11.87,11.43,11.8,11.68,0.12,1.0274,151394.03,176971.466
000551.SZ,20250827,12.1,12.13,11.68,11.68,12.09,-0.41,-3.3912,175404.86,209194.879
000551.SZ,20250826,12.01,12.18,11.94,12.09,12.01,0.08,0.6661,128140.0,154577.646
000551.SZ,20250825,12.24,12.28,11.89,12.01,12.22,-0.21,-1.7185,255281.15,307476.486
000551.SZ,20250822,12.26,12.32,12.11,12.22,12.26,-0.04,-0.3263,134829.15,164442.154
000551.SZ,20250821,12.62,12.68,12.18,12.26,12.61,-0.35,-2.7756,188725.42,233174.852
000551.SZ,20250820,12.06,12.96,12.05,12.61,12.13,0.48,3.9571,306768.92,384867.252
000551.SZ,20250819,12.3,12.31,11.86,12.13,12.33,-0.2,-1.6221,208558.22,251197.151
000551.SZ,20250818,12.41,12.49,12.27,12.33,12.28,0.05,0.4072,183791.5,227035.579
000551.SZ,20250815,11.78,12.48,11.76,12.28,11.77,0.51,4.3331,216190.85,263954.806
000551.SZ,20250814,12.17,12.18,11.75,11.77,12.08,-0.31,-2.5662,146981.21,174796.415
000551.SZ,20250813,12.09,12.14,11.98,12.08,12.09,-0.01,-0.0827,122188.11,147129.797
000551.SZ,20250812,12.06,12.13,11.9,12.09,12.12,-0.03,-0.2475,155055.46,186303.615
000551.SZ,20250811,11.9,12.27,11.86,12.12,11.91,0.21,1.7632,201431.57,243613.921
000551.SZ,20250808,11.67,11.96,11.64,11.91,11.68,0.23,1.9692,175108.24,207232.945
000551.SZ,20250807,11.64,11.77,11.46,11.68,11.65,0.03,0.2575,164230.83,190713.471
000551.SZ,20250806,11.51,11.68,11.35,11.65,11.59,0.06,0.5177,185218.73,214112.624
000551.SZ,20250805,11.12,12.1,11.08,11.59,11.05,0.54,4.8869,294800.86,341445.418
000551.SZ,20250804,11.0,11.07,10.95,11.05,11.06,-0.01,-0.0904,58172.2,64062.128
000551.SZ,20250801,10.97,11.12,10.95,11.06,10.96,0.1,0.9124,68461.6,75598.529
000551.SZ,20250731,11.02,11.16,10.9,10.96,11.02,-0.06,-0.5445,86374.21,95315.584
000551.SZ,20250730,11.16,11.19,10.88,11.02,11.16,-0.14,-1.2545,96421.8,106253.035
000551.SZ,20250729,11.31,11.38,11.03,11.16,11.3,-0.14,-1.2389,125593.01,140183.208
000551.SZ,20250728,11.16,11.45,11.03,11.3,11.19,0.11,0.983,197100.74,221196.662
000551.SZ,20250725,11.02,11.23,10.95,11.19,10.99,0.2,1.8198,137779.65,152959.764
000551.SZ,20250724,10.98,11.02,10.9,10.99,10.98,0.01,0.0911,83080.4,90924.481
000551.SZ,20250723,11.09,11.18,10.93,10.98,11.05,-0.07,-0.6335,112755.0,124650.433
000551.SZ,20250722,11.07,11.13,10.96,11.05,11.07,-0.02,-0.1807,117348.07,129395.194
000551.SZ,20250721,10.74,11.09,10.72,11.07,10.72,0.35,3.2649,133699.75,146327.126
000551.SZ,20250718,10.72,10.79,10.63,10.72,10.74,-0.02,-0.1862,55071.2,58795.391
000551.SZ,20250717,10.77,10.78,10.69,10.74,10.77,-0.03,-0.2786,46105.29,49460.522
000551.SZ,20250716,10.61,10.77,10.56,10.77,10.59,0.18,1.6997,64085.9,68456.624
000551.SZ,20250715,10.8,10.87,10.58,10.59,10.78,-0.19,-1.7625,104373.6,111343.334
000551.SZ,20250714,10.75,10.94,10.75,10.78,10.73,0.05,0.466,105912.75,114868.73
000551.SZ,20250711,10.87,10.87,10.7,10.73,10.86,-0.13,-1.1971,87925.8,94561.296
000551.SZ,20250710,10.71,10.91,10.67,10.86,10.73,0.13,1.2116,66524.12,71761.066
000551.SZ,20250709,10.75,10.84,10.67,10.73,10.7,0.03,0.2804,60103.1,64638.782
000551.SZ,20250708,10.64,10.78,10.56,10.7,10.61,0.09,0.8483,73252.7,78392.794
000551.SZ,20250707,10.53,10.65,10.49,10.61,10.53,0.08,0.7597,77226.24,81705.443
000551.SZ,20250704,10.72,10.72,10.49,10.53,10.67,-0.14,-1.3121,80414.48,85000.828
000551.SZ,20250703,12.93,13.01,12.84,12.9,12.92,-0.02,-0.1548,47321.77,61096.086
000551.SZ,20250702,13.05,13.05,12.84,12.92,13.04,-0.12,-0.9202,48601.0,62743.718
000551.SZ,20250701,12.85,13.04,12.8,13.04,12.85,0.19,1.4786,59708.11,77464.395
000551.SZ,20250630,12.78,12.95,12.75,12.85,12.73,0.12,0.9427,53407.66,68724.821
000551.SZ,20250627,12.72,12.79,12.66,12.73,12.65,0.08,0.6324,40997.15,52233.702
000551.SZ,20250626,12.66,12.76,12.57,12.65,12.68,-0.03,-0.2366,44584.0,56466.875
000551.SZ,20250625,12.44,12.7,12.41,12.68,12.46,0.22,1.7657,54185.5,68273.851
000551.SZ,20250624,12.09,12.49,12.08,12.46,12.08,0.38,3.1457,54890.71,67993.846
000551.SZ,20250623,11.97,12.12,11.9,12.08,12.0,0.08,0.6667,32500.0,39126.911
000551.SZ,20250620,11.95,12.13,11.95,12.0,11.98,0.02,0.1669,33435.0,40317.336
000551.SZ,20250619,12.27,12.31,11.94,11.98,12.31,-0.33,-2.6807,52499.22,63539.102
000551.SZ,20250618,12.3,12.34,12.2,12.31,12.3,0.01,0.0813,33776.76,41433.929
000551.SZ,20250617,12.41,12.47,12.19,12.3,12.41,-0.11,-0.8864,48159.0,59306.605
000551.SZ,20250616,12.32,12.54,12.3,12.41,12.37,0.04,0.3234,39615.15,49300.775
000551.SZ,20250613,12.58,12.68,12.3,12.37,12.63,-0.26,-2.0586,49851.0,62097.219
000551.SZ,20250612,12.68,12.76,12.58,12.63,12.76,-0.13,-1.0188,60493.0,76617.849
000551.SZ,20250611,12.63,12.85,12.63,12.76,12.71,0.05,0.3934,60920.17,77680.658
000551.SZ,20250610,12.64,12.79,12.4,12.71,12.67,0.04,0.3157,75134.75,94842.366
000551.SZ,20250609,12.33,12.88,12.33,12.67,12.34,0.33,2.6742,97099.63,122658.026
000551.SZ,20250606,12.37,12.38,12.26,12.34,12.4,-0.06,-0.4839,27545.0,33954.199
000551.SZ,20250605,12.29,12.41,12.21,12.4,12.28,0.12,0.9772,49684.62,61230.122
000551.SZ,20250604,12.28,12.37,12.25,12.28,12.3,-0.02,-0.1626,43044.81,52970.421
000551.SZ,20250603,12.33,12.45,12.21,12.3,12.36,-0.06,-0.4854,45435.0,55767.468
000551.SZ,20250530,12.57,12.57,12.33,12.36,12.6,-0.24,-1.9048,53380.0,66278.518
000551.SZ,20250529,12.41,12.68,12.35,12.6,12.41,0.19,1.531,68144.63,85653.176
000551.SZ,20250528,12.32,12.47,12.29,12.41,12.31,0.1,0.8123,41231.0,51072.932
000551.SZ,20250527,12.39,12.44,12.23,12.31,12.36,-0.05,-0.4045,31518.02,38806.077
000551.SZ,20250526,12.26,12.42,12.18,12.36,12.23,0.13,1.063,30575.0,37694.858
000551.SZ,20250523,12.22,12.43,12.18,12.23,12.22,0.01,0.0818,43495.64,53625.739
000551.SZ,20250522,12.39,12.48,12.21,12.22,12.37,-0.15,-1.2126,40224.0,49597.659
000551.SZ,20250521,12.49,12.49,12.31,12.37,12.51,-0.14,-1.1191,36270.0,44924.774
000551.SZ,20250520,12.36,12.53,12.31,12.51,12.37,0.14,1.1318,41382.0,51460.269
000551.SZ,20250519,12.29,12.39,12.26,12.37,12.33,0.04,0.3244,33476.37,41273.48
000551.SZ,20250516,12.28,12.46,12.26,12.33,12.26,0.07,0.571,43446.0,53767.719
000551.SZ,20250515,12.42,12.42,12.26,12.26,12.4,-0.14,-1.129,39666.82,48836.743
000551.SZ,20250514,12.4,12.6,12.29,12.4,12.4,0.0,0.0,60557.46,75160.303
000551.SZ,20250513,12.54,12.57,12.3,12.4,12.4,0.0,0.0,46860.0,58171.289
000551.SZ,20250512,12.43,12.48,12.31,12.4,12.37,0.03,0.2425,39589.0,49098.96
000551.SZ,20250509,12.49,12.49,12.28,12.37,12.5,-0.13,-1.04,43671.05,54052.148
000551.SZ,20250508,12.34,12.6,12.27,12.5,12.34,0.16,1.2966,60378.0,75581.037
000551.SZ,20250507,12.43,12.52,12.23,12.34,12.39,-0.05,-0.4036,68954.0,85303.276
000551.SZ,20250506,12.15,12.4,12.15,12.39,12.08,0.31,2.5662,81386.0,100127.416
000551.SZ,20250430,11.62,12.22,11.59,12.08,11.59,0.49,4.2278,107500.0,128721.655
000551.SZ,20250429,11.38,11.75,11.38,11.59,11.28,0.31,2.7482,77074.02,89543.943
000551.SZ,20250428,11.53,11.59,11.28,11.28,11.52,-0.24,-2.0833,50291.65,57329.532
000551.SZ,20250425,11.34,11.58,11.33,11.52,11.39,0.13,1.1414,48233.38,55314.584
000551.SZ,20250424,11.48,11.57,11.29,11.39,11.47,-0.08,-0.6975,56598.0,64631.284
000551.SZ,20250423,11.34,11.65,11.29,11.47,11.28,0.19,1.6844,69550.0,79835.552
000551.SZ,20250422,11.07,11.34,11.03,11.28,11.11,0.17,1.5302,56624.34,63416.856
000551.SZ,20250421,10.88,11.11,10.82,11.11,10.9,0.21,1.9266,46997.0,51781.405
000551.SZ,20250418,10.86,11.01,10.77,10.9,10.86,0.04,0.3683,48425.0,52683.344
000551.SZ,20250417,10.77,11.03,10.7,10.86,10.75,0.11,1.0233,74543.0,81290.155
000551.SZ,20250416,10.9,10.9,10.56,10.75,10.9,-0.15,-1.3761,58695.0,62948.367
000551.SZ,20250415,10.96,11.03,10.76,10.9,10.96,-0.06,-0.5474,57477.0,62443.977
000551.SZ,20250414,11.06,11.18,10.92,10.96,10.86,0.1,0.9208,71781.0,79207.19
000551.SZ,20250411,10.66,10.98,10.63,10.86,10.7,0.16,1.4953,82241.82,89445.288
000551.SZ,20250410,10.75,10.98,10.69,10.7,10.51,0.19,1.8078,104675.37,113364.286
000551.SZ,20250409,10.25,10.63,9.5,10.51,10.41,0.1,0.9606,153159.92,155750.266
000551.SZ,20250408,11.0,11.15,10.08,10.41,11.1,-0.69,-6.2162,214305.25,223058.837
000551.SZ,20250407,11.53,11.6,11.1,11.1,12.33,-1.23,-9.9757,56334.0,63051.455
000551.SZ,20250403,12.51,12.74,12.21,12.33,12.63,-0.3,-2.3753,62871.67,78075.397
000551.SZ,20250402,12.45,12.84,12.43,12.63,12.49,0.14,1.1209,62666.12,79478.369
000551.SZ,20250401,12.5,12.64,12.38,12.49,12.49,0.0,0.0,55315.0,69293.405
000551.SZ,20250331,12.59,12.7,12.19,12.49,12.7,-0.21,-1.6535,81883.24,101573.803
000551.SZ,20250328,12.93,13.17,12.64,12.7,12.95,-0.25,-1.9305,73166.0,93641.792
000551.SZ,20250327,13.16,13.2,12.86,12.95,13.26,-0.31,-2.3379,74670.0,97163.442
000551.SZ,20250326,13.01,13.39,12.9,13.26,13.02,0.24,1.8433,84673.01,112081.962
000551.SZ,20250325,13.13,13.33,12.97,13.02,13.2,-0.18,-1.3636,98897.5,129823.506
000551.SZ,20250324,13.74,13.79,12.85,13.2,13.6,-0.4,-2.9412,163267.56,215367.548
000551.SZ,20250321,13.74,13.98,13.5,13.6,13.8,-0.2,-1.4493,221300.65,302650.163
000551.SZ,20250320,13.45,14.1,13.4,13.8,13.44,0.36,2.6786,299141.26,412708.382
000551.SZ,20250319,13.29,13.62,13.25,13.44,13.37,0.07,0.5236,92914.0,124982.927
000551.SZ,20250318,13.19,13.4,13.15,13.37,13.25,0.12,0.9057,87253.84,115811.375
000551.SZ,20250317,13.05,13.35,12.97,13.25,13.07,0.18,1.3772,84401.06,111072.696
000551.SZ,20250314,12.8,13.11,12.74,13.07,12.84,0.23,1.7913,73806.0,95566.391
000551.SZ,20250313,13.16,13.2,12.67,12.84,13.16,-0.32,-2.4316,91677.0,117731.392
000551.SZ,20250312,13.16,13.25,13.05,13.16,13.16,0.0,0.0,89290.15,117291.675
000551.SZ,20250311,13.2,13.24,12.99,13.16,13.35,-0.19,-1.4232,90600.75,118830.789
000551.SZ,20250310,13.25,13.76,13.21,13.35,13.2,0.15,1.1364,163712.55,220942.061
000551.SZ,20250307,13.2,13.42,13.09,13.2,13.13,0.07,0.5331,132984.13,176045.412
000551.SZ,20250306,13.05,13.24,12.99,13.13,12.97,0.16,1.2336,114016.5,149717.734
000551.SZ,20250305,13.01,13.06,12.8,12.97,13.0,-0.03,-0.2308,84969.88,109969.011
000551.SZ,20250304,12.45,13.19,12.44,13.0,12.55,0.45,3.5857,152320.31,197165.343
000551.SZ,20250303,12.75,12.95,12.46,12.55,12.83,-0.28,-2.1824,123475.01,156750.174
000551.SZ,20250228,13.01,13.15,12.63,12.83,13.08,-0.25,-1.9113,140183.02,179790.91
000551.SZ,20250227,13.19,13.45,12.87,13.08,13.14,-0.06,-0.4566,159275.51,209662.618
000551.SZ,20250226,12.72,13.28,12.72,13.14,12.69,0.45,3.5461,177759.51,232296.293
000551.SZ,20250225,12.49,12.93,12.42,12.69,12.6,0.09,0.7143,88730.27,112446.32
000551.SZ,20250224,12.75,12.81,12.52,12.6,12.76,-0.16,-1.2539,86875.5,109942.876
000551.SZ,20250221,12.67,12.85,12.59,12.76,12.82,-0.06,-0.468,129363.92,164607.207
000551.SZ,20250220,12.38,12.9,12.38,12.82,12.2,0.62,5.082,186289.04,235237.783
000551.SZ,20250219,11.85,12.2,11.81,12.2,11.85,0.35,2.9536,66701.5,80712.422
000551.SZ,20250218,12.19,12.24,11.84,11.85,12.2,-0.35,-2.8689,67516.88,81357.094
000551.SZ,20250217,11.86,12.3,11.8,12.2,11.82,0.38,3.2149,86085.5,103880.919
000551.SZ,20250214,11.94,11.99,11.78,11.82,11.92,-0.1,-0.8389,49702.88,58899.438
000551.SZ,20250213,12.16,12.19,11.92,11.92,12.17,-0.25,-2.0542,56262.45,67548.127
000551.SZ,20250212,12.13,12.2,12.05,12.17,12.12,0.05,0.4125,46596.91,56549.098
000551.SZ,20250211,12.1,12.16,11.98,12.12,12.12,0.0,0.0,43749.33,52768.167
000551.SZ,20250210,12.19,12.2,12.02,12.12,12.14,-0.02,-0.1647,56639.0,68483.043
000551.SZ,20250207,12.04,12.22,11.96,12.14,11.96,0.18,1.505,75145.82,91072.444
000551.SZ,20250206,11.64,11.96,11.59,11.96,11.66,0.3,2.5729,51986.51,61484.832
000551.SZ,20250205,11.75,11.79,11.61,11.66,11.68,-0.02,-0.1712,45831.38,53590.961
000551.SZ,20250127,11.87,11.95,11.67,11.68,11.85,-0.17,-1.4346,57029.0,67275.084
000551.SZ,20250124,11.77,11.89,11.73,11.85,11.81,0.04,0.3387,53336.0,63062.297
000551.SZ,20250123,11.96,12.06,11.79,11.81,11.9,-0.09,-0.7563,57129.63,68171.795
000551.SZ,20250122,11.99,12.03,11.83,11.9,12.0,-0.1,-0.8333,46102.0,54947.42
000551.SZ,20250121,11.96,12.1,11.86,12.0,11.96,0.04,0.3344,60989.62,73044.402
000551.SZ,20250120,11.89,12.46,11.81,11.96,11.73,0.23,1.9608,101396.64,122202.933
000551.SZ,20250117,11.66,11.89,11.58,11.73,11.61,0.12,1.0336,65680.6,76988.33
000551.SZ,20250116,11.68,12.2,11.47,11.61,11.3,0.31,2.7434,120474.65,142140.943
000551.SZ,20250115,11.38,11.48,11.25,11.3,11.36,-0.06,-0.5282,51078.0,58044.45
000551.SZ,20250114,10.96,11.37,10.92,11.36,10.92,0.44,4.0293,58081.2,65222.599
000551.SZ,20250113,10.88,10.98,10.58,10.92,10.97,-0.05,-0.4558,35273.53,38189.669
000551.SZ,20250110,11.28,11.35,10.97,10.97,11.27,-0.3,-2.6619,39918.63,44700.729
000551.SZ,20250109,11.26,11.41,11.21,11.27,11.33,-0.06,-0.5296,35634.0,40327.385
300718.SZ,20260702,62.04,68.06,62.04,64.36,62.49,1.87,2.9925,129076.95,841419.22423
300718.SZ,20260701,60.6,63.3,60.25,62.49,60.97,1.52,2.493,81963.65,511513.47192
300718.SZ,20260630,58.0,61.16,57.7,60.97,57.4,3.57,6.2195,80866.78,482518.24577
300718.SZ,20260629,58.46,58.49,56.26,57.4,58.15,-0.75,-1.2898,70570.97,403852.66965
300718.SZ,20260626,60.6,60.6,58.08,58.15,60.95,-2.8,-4.5939,65588.57,387888.72097
300718.SZ,20260625,62.51,63.39,60.7,60.95,63.12,-2.17,-3.4379,73727.75,454144.15129
300718.SZ,20260624,64.0,64.35,62.18,63.12,63.72,-0.6,-0.9416,53032.14,334198.38471
300718.SZ,20260623,64.68,66.33,63.7,63.72,64.89,-1.17,-1.8031,64447.43,417286.27645
300718.SZ,20260622,67.0,67.01,63.1,64.89,67.65,-2.76,-4.0798,110632.86,714077.33675
300718.SZ,20260618,66.51,68.08,66.07,67.65,66.66,0.99,1.4851,75428.96,508558.02233
300718.SZ,20260617,67.4,67.5,66.2,66.66,67.94,-1.28,-1.884,66725.25,444877.1627
300718.SZ,20260616,68.09,68.76,66.8,67.94,68.16,-0.22,-0.3228,65592.14,444725.22577
300718.SZ,20260615,67.0,68.17,66.68,68.16,66.5,1.66,2.4962,63453.46,428498.77673
300718.SZ,20260612,67.11,67.96,66.02,66.5,66.01,0.49,0.7423,62467.66,416542.24796
300718.SZ,20260611,70.08,70.09,65.66,66.01,71.0,-4.99,-7.0282,96397.86,646957.76442
300718.SZ,20260610,74.3,74.89,71.0,71.0,75.37,-4.37,-5.7981,92245.19,669145.62469
300718.SZ,20260609,75.61,75.61,73.57,75.37,77.0,-1.63,-2.1169,111248.52,827929.63598
300718.SZ,20260608,72.68,79.0,72.65,77.0,76.5,0.5,0.6536,161390.04,1230317.085
300718.SZ,20260605,73.0,79.99,70.15,76.5,73.8,2.7,3.6585,185998.79,1385565.165
300718.SZ,20260604,71.63,75.91,70.89,73.8,72.94,0.86,1.1791,102324.73,758055.808
300718.SZ,20260603,72.0,75.5,70.51,72.94,74.4,-1.46,-1.9624,113277.21,830180.53
300718.SZ,20260602,73.99,77.36,73.3,74.4,71.97,2.43,3.3764,130825.41,986773.234
300718.SZ,20260601,71.5,74.1,70.08,71.97,72.38,-0.41,-0.5665,101112.66,728008.174
300718.SZ,20260529,77.56,77.57,71.58,72.38,77.26,-4.88,-6.3163,130996.83,967420.186
300718.SZ,20260528,79.65,79.79,75.09,77.52,81.32,-3.8,-4.6729,173852.7,1339713.343
300718.SZ,20260527,82.03,86.2,80.71,81.32,86.49,-5.17,-5.9776,231514.34,1922728.484
300718.SZ,20260526,82.9,90.8,82.9,86.49,79.01,7.48,9.4672,355813.56,3108775.87
300718.SZ,20260525,79.8,80.76,78.3,79.01,79.89,-0.88,-1.1015,91134.98,721412.543
300718.SZ,20260522,78.57,80.7,76.5,79.89,78.56,1.33,1.693,102511.24,814604.423
300718.SZ,20260521,77.9,81.0,77.51,78.56,77.11,1.45,1.8804,149290.12,1188836.4
300718.SZ,20260520,79.36,79.36,76.6,77.11,80.01,-2.9,-3.6245,92538.13,716562.161
300718.SZ,20260519,81.09,81.6,78.89,80.01,80.0,0.01,0.0125,86787.64,693294.953
300718.SZ,20260518,78.0,80.74,77.78,80.0,79.35,0.65,0.8192,104780.73,831348.257
300718.SZ,20260515,76.5,81.88,76.27,79.35,76.87,2.48,3.2262,153979.81,1228274.866
300718.SZ,20260514,78.88,80.68,76.85,76.87,78.93,-2.06,-2.6099,92422.41,728745.36
300718.SZ,20260513,78.84,79.09,77.6,78.93,79.63,-0.7,-0.8791,86481.52,677912.013
300718.SZ,20260512,77.97,81.28,77.08,79.63,77.68,1.95,2.5103,123609.08,983298.162
300718.SZ,20260511,78.97,78.97,76.0,77.68,79.01,-1.33,-1.6833,108366.77,841953.609
300718.SZ,20260508,73.6,84.22,73.19,79.01,74.08,4.93,6.655,175409.48,1381946.742
300718.SZ,20260507,71.45,74.66,71.31,74.08,71.42,2.66,3.7244,87924.95,647754.688
300718.SZ,20260506,69.98,71.95,69.98,71.42,70.52,0.9,1.2762,51998.24,372102.696
300718.SZ,20260430,69.07,70.97,69.05,70.52,69.53,0.99,1.4238,44199.46,311456.446
300718.SZ,20260429,67.4,69.95,67.33,69.53,68.04,1.49,2.1899,36595.71,252708.682
300718.SZ,20260428,68.7,69.89,68.0,68.04,68.44,-0.4,-0.5845,35068.69,241928.509
300718.SZ,20260427,68.67,69.2,67.8,68.44,69.01,-0.57,-0.826,29647.52,203516.188
300718.SZ,20260424,69.42,69.59,68.2,69.01,69.1,-0.09,-0.1302,26531.72,182475.395
300718.SZ,20260423,70.8,70.8,69.05,69.1,70.71,-1.61,-2.2769,40765.9,284005.771
300718.SZ,20260422,70.11,71.2,70.1,70.71,70.61,0.1,0.1416,28590.54,201990.892
300718.SZ,20260421,71.35,71.9,70.04,70.61,71.45,-0.84,-1.1756,38281.06,270214.995
300718.SZ,20260420,71.64,71.98,70.7,71.45,72.45,-1.0,-1.3803,44478.68,318085.433
300718.SZ,20260417,72.13,72.58,71.25,72.45,71.92,0.53,0.7369,42898.21,308848.224
300718.SZ,20260416,72.29,72.68,71.5,71.92,71.6,0.32,0.4469,34730.89,249945.391
300718.SZ,20260415,73.05,73.48,71.31,71.6,72.77,-1.17,-1.6078,39288.66,283836.18
300718.SZ,20260414,72.45,73.0,71.88,72.77,72.32,0.45,0.6222,39930.89,289283.89
300718.SZ,20260413,70.6,73.5,70.58,72.32,71.17,1.15,1.6158,51004.42,368778.641
300718.SZ,20260410,71.2,73.5,70.95,71.17,70.33,0.84,1.1944,55269.63,398155.143
300718.SZ,20260409,70.95,71.3,70.23,70.33,71.94,-1.61,-2.238,39823.99,281139.766
300718.SZ,20260408,70.7,71.97,70.01,71.94,68.96,2.98,4.3213,58686.36,418356.284
300718.SZ,20260407,68.55,69.49,68.0,68.96,68.39,0.57,0.8335,21479.0,147823.79
300718.SZ,20260403,70.3,70.35,68.39,68.39,69.94,-1.55,-2.2162,27746.11,190891.462
300718.SZ,20260402,70.09,71.19,69.69,69.94,70.79,-0.85,-1.2007,37237.63,261974.123
300718.SZ,20260401,70.4,71.26,69.71,70.79,69.79,1.0,1.4329,53688.94,378942.364
300718.SZ,20260331,68.12,72.02,67.88,69.79,68.35,1.44,2.1068,66432.01,465408.166
300718.SZ,20260330,68.05,68.85,67.51,68.35,69.23,-0.88,-1.2711,31779.28,216534.14
300718.SZ,20260327,68.2,69.7,67.55,69.23,69.82,-0.59,-0.845,38931.66,267404.01
300718.SZ,20260326,69.14,72.33,68.8,69.82,69.14,0.68,0.9835,62324.1,440646.076
300718.SZ,20260325,68.02,69.92,68.02,69.14,69.4,-0.26,-0.3746,56307.91,388867.508
300718.SZ,20260324,71.85,73.16,65.66,69.4,71.49,-2.09,-2.9235,98314.14,682176.3
300718.SZ,20260323,70.6,75.49,70.4,71.49,68.7,2.79,4.0611,136393.39,1003555.222
300718.SZ,20260320,69.7,70.5,68.0,68.7,69.7,-1.0,-1.4347,40425.36,280835.328
300718.SZ,20260319,71.1,71.41,69.4,69.7,71.87,-2.17,-3.0193,32610.96,229197.499
300718.SZ,20260318,72.17,72.69,70.98,71.87,72.0,-0.13,-0.1806,25426.79,181699.909
300718.SZ,20260317,73.5,73.8,72.0,72.0,73.49,-1.49,-2.0275,23983.92,174706.253
300718.SZ,20260316,73.18,73.55,72.19,73.49,73.15,0.34,0.4648,25186.01,183302.507
300718.SZ,20260313,73.8,74.3,72.89,73.15,73.98,-0.83,-1.1219,23830.66,175029.334
300718.SZ,20260312,74.5,75.18,73.46,73.98,75.17,-1.19,-1.5831,35338.65,261969.748
300718.SZ,20260311,75.48,76.77,74.82,75.17,76.84,-1.67,-2.1733,55713.33,421274.679
300718.SZ,20260310,74.6,78.45,73.39,76.84,72.44,4.4,6.074,88838.26,678114.41
300718.SZ,20260309,73.39,73.39,71.2,72.44,74.25,-1.81,-2.4377,41192.76,296478.845
300718.SZ,20260306,73.75,74.66,73.5,74.25,74.1,0.15,0.2024,22597.11,167757.763
300718.SZ,20260305,75.4,75.4,73.7,74.1,73.23,0.87,1.188,32608.4,242498.075
300718.SZ,20260304,72.19,75.16,72.14,73.23,74.27,-1.04,-1.4003,36531.57,269495.628
300718.SZ,20260303,78.52,78.54,74.27,74.27,78.01,-3.74,-4.7943,64817.69,493950.022
300718.SZ,20260302,78.0,78.8,77.5,78.01,80.6,-2.59,-3.2134,56945.38,444572.078
300718.SZ,20260227,80.98,81.89,80.43,80.6,80.38,0.22,0.2737,47100.85,381731.911
300718.SZ,20260226,81.0,81.0,80.21,80.38,81.28,-0.9,-1.1073,47422.5,381450.254
300718.SZ,20260225,81.03,81.96,80.68,81.28,82.99,-1.71,-2.0605,68010.28,551282.637
300718.SZ,20260224,86.83,87.0,82.01,82.99,82.81,0.18,0.2174,129552.37,1087732.637
300718.SZ,20260213,78.66,85.0,78.6,82.81,78.66,4.15,5.2759,125117.35,1022145.826
300718.SZ,20260212,79.02,79.38,78.6,78.66,79.01,-0.35,-0.443,35746.36,282376.534
300718.SZ,20260211,80.4,80.4,78.87,79.01,80.59,-1.58,-1.9605,36317.83,288445.546
300718.SZ,20260210,79.8,81.23,79.2,80.59,79.9,0.69,0.8636,65260.63,524388.097
300718.SZ,20260209,77.8,79.9,77.8,79.9,78.78,1.12,1.4217,68403.69,539562.664
300718.SZ,20260206,77.5,79.23,77.03,78.78,78.0,0.78,1.0,30570.91,240120.268
300718.SZ,20260205,79.29,79.29,78.0,78.0,79.32,-1.32,-1.6641,26962.33,211194.938
300718.SZ,20260204,79.12,79.9,78.78,79.32,79.8,-0.48,-0.6015,29399.06,232723.849
300718.SZ,20260203,79.93,79.99,78.8,79.8,78.98,0.82,1.0382,32298.22,256748.631
300718.SZ,20260202,79.79,80.62,78.7,78.98,79.94,-0.96,-1.2009,38755.5,308380.728
300718.SZ,20260130,79.24,80.66,78.02,79.94,79.15,0.79,0.9981,48923.69,388887.118
300718.SZ,20260129,79.5,80.49,79.0,79.15,80.02,-0.87,-1.0872,43211.78,344064.712
300718.SZ,20260128,81.0,81.4,79.89,80.02,81.65,-1.63,-1.9963,50866.38,408293.488
300718.SZ,20260127,82.8,82.9,79.4,81.65,82.15,-0.5,-0.6086,76441.42,617289.982
300718.SZ,20260126,86.39,87.95,82.0,82.15,86.39,-4.24,-4.908,119165.71,996112.531
300718.SZ,20260123,82.8,88.86,82.77,86.39,82.96,3.43,4.1345,153916.79,1321483.704
300718.SZ,20260122,84.48,84.99,82.7,82.96,84.09,-1.13,-1.3438,63092.75,526323.626
300718.SZ,20260121,83.1,85.28,83.1,84.09,84.15,-0.06,-0.0713,56550.64,476684.137
300718.SZ,20260120,85.01,86.95,83.46,84.15,85.59,-1.44,-1.6824,77849.53,660925.965
300718.SZ,20260119,84.5,87.0,84.05,85.59,83.91,1.68,2.0021,116621.65,1000172.544
300718.SZ,20260116,82.25,85.0,82.25,83.91,82.0,1.91,2.3293,100018.85,838256.502
300718.SZ,20260115,82.98,83.52,81.08,82.0,83.2,-1.2,-1.4423,69437.53,569531.88
300718.SZ,20260114,83.81,85.3,82.26,83.2,83.51,-0.31,-0.3712,104347.01,876298.202
300718.SZ,20260113,86.99,88.0,83.51,83.51,86.11,-2.6,-3.0194,118203.25,1008219.085
300718.SZ,20260112,84.99,86.4,83.9,86.11,84.28,1.83,2.1713,126003.49,1074965.104
300718.SZ,20260109,83.76,85.42,83.0,84.28,83.88,0.4,0.4769,90112.6,761933.527
300718.SZ,20260108,83.58,84.35,83.01,83.88,83.58,0.3,0.3589,66360.28,556167.496
300718.SZ,20260107,83.9,84.79,82.73,83.58,84.39,-0.81,-0.9598,82934.57,694467.782
300718.SZ,20260106,85.13,85.6,83.55,84.39,84.92,-0.53,-0.6241,90350.14,764207.783
300718.SZ,20260105,83.18,85.2,83.01,84.92,85.36,-0.44,-0.5155,94363.53,797279.663
300718.SZ,20251231,88.0,88.0,85.0,85.36,88.83,-3.47,-3.9063,149619.5,1280967.86
300718.SZ,20251230,84.0,90.0,83.36,88.83,84.84,3.99,4.703,224187.48,1962059.816
300718.SZ,20251229,84.0,85.49,83.2,84.84,83.78,1.06,1.2652,109872.54,929791.688
300718.SZ,20251226,84.32,85.32,82.8,83.78,84.35,-0.57,-0.6758,110384.86,929082.038
300718.SZ,20251225,80.55,84.99,80.55,84.35,80.33,4.02,5.0044,158671.83,1323264.936
300718.SZ,20251224,79.51,80.68,79.0,80.33,79.98,0.35,0.4376,43282.99,346584.249
300718.SZ,20251223,81.44,81.55,79.8,79.98,83.24,-3.26,-3.9164,100625.75,809744.279
300718.SZ,20251222,80.98,85.0,80.65,83.24,78.35,4.89,6.2412,159871.14,1326488.8
300718.SZ,20251219,78.59,79.1,77.72,78.35,77.72,0.63,0.8106,32683.43,255627.319
300718.SZ,20251218,78.3,79.75,77.66,77.72,78.8,-1.08,-1.3706,33954.77,266955.613
300718.SZ,20251217,77.76,79.38,77.0,78.8,77.73,1.07,1.3766,40579.68,317515.128
300718.SZ,20251216,79.78,80.01,77.38,77.73,79.94,-2.21,-2.7646,47215.92,369505.853
300718.SZ,20251215,81.47,82.46,79.82,79.94,82.17,-2.23,-2.7139,59552.64,481842.384
300718.SZ,20251212,79.97,82.44,78.8,82.17,80.25,1.92,2.3925,108935.0,877008.136
300718.SZ,20251211,82.3,82.38,80.2,80.25,82.38,-2.13,-2.5856,50651.57,410776.6
300718.SZ,20251210,82.65,83.35,81.7,82.38,82.86,-0.48,-0.5793,39708.38,326886.031
300718.SZ,20251209,83.78,85.06,82.64,82.86,84.43,-1.57,-1.8595,53083.43,443494.109
300718.SZ,20251208,83.02,84.87,82.7,84.43,83.92,0.51,0.6077,86230.1,723021.079
300718.SZ,20251205,80.0,84.23,79.56,83.92,80.82,3.1,3.8357,118211.52,976820.21
300718.SZ,20251204,83.2,83.9,80.68,80.82,80.12,0.7,0.8737,85442.86,700357.012
300718.SZ,20251203,81.76,82.58,79.87,80.12,81.65,-1.53,-1.8739,42740.51,344583.172
300718.SZ,20251202,83.65,83.99,81.0,81.65,84.15,-2.5,-2.9709,51067.17,420650.615
300718.SZ,20251201,82.9,86.0,82.9,84.15,82.62,1.53,1.8519,87979.06,743777.21
300718.SZ,20251128,81.1,82.88,80.25,82.62,81.19,1.43,1.7613,74559.71,611650.322
300718.SZ,20251127,80.82,82.4,80.6,81.19,80.87,0.32,0.3957,45108.12,367316.032
300718.SZ,20251126,80.23,82.8,79.63,80.87,81.46,-0.59,-0.7243,57766.33,470472.992
300718.SZ,20251125,81.88,83.34,81.0,81.46,81.72,-0.26,-0.3182,66954.23,549313.972
300718.SZ,20251124,81.02,82.42,78.57,81.72,82.84,-1.12,-1.352,80522.1,646203.982
300718.SZ,20251121,79.88,85.24,79.55,82.84,81.65,1.19,1.4574,116508.16,961837.775
300718.SZ,20251120,82.2,84.49,81.0,81.65,80.58,1.07,1.3279,103558.9,860638.243
300718.SZ,20251119,80.31,81.85,79.66,80.58,80.47,0.11,0.1367,36913.35,297334.057
300718.SZ,20251118,80.06,81.19,79.11,80.47,80.22,0.25,0.3116,40337.89,323647.8
300718.SZ,20251117,78.5,81.29,78.11,80.22,78.11,2.11,2.7013,57678.98,462682.948
300718.SZ,20251114,78.5,79.38,77.3,78.11,81.16,-3.05,-3.758,50676.18,397619.045
300718.SZ,20251113,78.68,82.7,78.68,81.16,78.64,2.52,3.2045,61797.94,499701.867
300718.SZ,20251112,80.2,80.58,78.05,78.64,80.7,-2.06,-2.5527,44490.04,352710.177
300718.SZ,20251111,83.0,83.0,80.0,80.7,82.31,-1.61,-1.956,48456.01,393679.829
300718.SZ,20251110,83.42,84.1,81.77,82.31,83.34,-1.03,-1.2359,40909.72,336866.121
300718.SZ,20251107,85.42,85.65,83.2,83.34,86.28,-2.94,-3.4075,51453.21,432754.366
300718.SZ,20251106,83.38,86.44,83.38,86.28,83.41,2.87,3.4408,67304.99,574375.642
300718.SZ,20251105,82.5,84.45,82.2,83.41,84.36,-0.95,-1.1261,37021.07,308878.429
300718.SZ,20251104,87.1,87.1,83.82,84.36,87.38,-3.02,-3.4562,65116.92,552093.811
300718.SZ,20251103,88.13,88.85,86.76,87.38,87.58,-0.2,-0.2284,57264.73,502132.741
300718.SZ,20251031,85.53,88.6,85.52,87.58,86.36,1.22,1.4127,75665.22,663822.186
300718.SZ,20251030,87.65,89.32,86.31,86.36,87.2,-0.84,-0.9633,82706.05,726963.94
300718.SZ,20251029,86.45,87.25,86.01,87.2,86.93,0.27,0.3106,54643.79,473411.983
300718.SZ,20251028,87.03,88.29,86.23,86.93,87.7,-0.77,-0.878,74433.31,650112.14
300718.SZ,20251027,87.01,88.5,86.75,87.7,86.6,1.1,1.2702,69043.42,604043.215
300718.SZ,20251024,85.51,87.33,85.05,86.6,85.5,1.1,1.2865,66875.2,576806.239
300718.SZ,20251023,86.5,86.89,84.14,85.5,88.3,-2.8,-3.171,81112.28,689858.644
300718.SZ,20251022,85.95,91.98,85.21,88.3,85.8,2.5,2.9138,151156.9,1342752.595
300718.SZ,20251021,85.01,85.87,84.01,85.8,85.88,-0.08,-0.0932,72535.72,617219.447
300718.SZ,20251020,83.06,88.33,82.23,85.88,81.52,4.36,5.3484,107268.84,915593.581
300718.SZ,20251017,84.0,84.49,81.47,81.52,84.19,-2.67,-3.1714,51715.39,428585.472
300718.SZ,20251016,85.16,85.88,83.8,84.19,86.66,-2.47,-2.8502,58395.14,492606.101
300718.SZ,20251015,84.0,87.5,82.63,86.66,83.33,3.33,3.9962,84589.67,722425.315
300718.SZ,20251014,86.78,87.26,83.27,83.33,85.79,-2.46,-2.8675,69458.12,591566.708
300718.SZ,20251013,83.01,86.21,82.18,85.79,88.7,-2.91,-3.2807,73390.21,623494.469
300718.SZ,20251010,91.08,91.99,88.55,88.7,91.08,-2.38,-2.6131,72743.58,656392.661
300718.SZ,20251009,90.54,91.78,88.23,91.08,90.54,0.54,0.5964,79190.63,719253.418
300718.SZ,20250930,90.55,91.98,90.01,90.54,90.42,0.12,0.1327,64925.31,590881.619
300718.SZ,20250929,89.01,91.34,89.0,90.59,89.75,0.84,0.9359,66922.96,605481.337
300718.SZ,20250926,92.38,92.81,89.61,89.75,93.18,-3.43,-3.681,80258.28,732698.858
300718.SZ,20250925,93.02,94.5,92.23,93.18,93.0,0.18,0.1935,94936.93,886417.828
300718.SZ,20250924,91.7,93.33,90.11,93.0,91.8,1.2,1.3072,99573.93,915402.832
300718.SZ,20250923,94.0,94.04,90.66,91.8,93.81,-2.01,-2.1426,102415.24,940469.897
300718.SZ,20250922,92.21,94.5,92.01,93.81,93.69,0.12,0.1281,103617.92,967129.816
300718.SZ,20250919,98.0,98.0,92.8,93.69,101.18,-7.49,-7.4026,238983.5,2261413.279
300718.SZ,20250918,99.31,106.8,98.65,101.18,99.06,2.12,2.1401,331983.47,3398896.138
300718.SZ,20250917,100.98,101.55,98.48,99.06,102.0,-2.94,-2.8824,227405.19,2267814.246
300718.SZ,20250916,95.99,105.0,94.88,102.0,96.81,5.19,5.361,298022.1,2974040.533
300718.SZ,20250915,93.4,100.0,93.24,96.81,94.07,2.74,2.9127,228225.22,2230703.928
300718.SZ,20250912,93.41,95.9,92.57,94.07,93.4,0.67,0.7173,147436.62,1394123.267
300718.SZ,20250911,90.0,93.45,90.0,93.4,90.78,2.62,2.8861,125776.91,1160927.733
300718.SZ,20250910,91.0,92.57,90.04,90.78,91.66,-0.88,-0.9601,80530.9,734076.942
300718.SZ,20250909,93.91,93.93,91.51,91.66,95.38,-3.72,-3.9002,115776.25,1070826.975
300718.SZ,20250908,91.5,96.95,91.0,95.38,91.94,3.44,3.7416,177885.34,1691997.322
300718.SZ,20250905,88.48,92.5,87.38,91.94,90.23,1.71,1.8952,131534.24,1190065.255
300718.SZ,20250904,90.61,94.98,88.54,90.23,92.41,-2.18,-2.3591,143824.6,1323200.065
300718.SZ,20250903,99.45,99.9,91.75,92.41,96.92,-4.51,-4.6533,180730.91,1728085.563
300718.SZ,20250902,92.08,100.0,88.0,96.92,92.05,4.87,5.2906,290224.02,2733585.968
300718.SZ,20250901,91.1,92.97,90.9,92.05,91.7,0.35,0.3817,93713.48,858994.797
300718.SZ,20250829,91.66,94.0,90.66,91.7,92.58,-0.88,-0.9505,125807.33,1157228.314
300718.SZ,20250828,92.63,92.8,89.06,92.58,93.05,-0.47,-0.5051,173828.55,1585435.27
300718.SZ,20250827,96.2,98.0,93.05,93.05,96.23,-3.18,-3.3046,159238.84,1527964.428
300718.SZ,20250826,98.1,98.5,96.01,96.23,98.7,-2.47,-2.5025,144087.06,1398057.866
300718.SZ,20250825,97.4,101.95,97.4,98.7,97.36,1.34,1.3763,185507.7,1846361.679
300718.SZ,20250822,96.3,98.18,94.9,97.36,96.53,0.83,0.8598,140350.17,1359848.282
300718.SZ,20250821,99.0,101.2,96.5,96.53,101.3,-4.77,-4.7088,205590.18,2017530.963
300718.SZ,20250820,99.0,109.21,98.25,101.3,99.5,1.8,1.809,269238.8,2792729.931
300718.SZ,20250819,99.93,103.99,98.02,99.5,101.65,-2.15,-2.1151,247683.06,2482525.76
300718.SZ,20250818,100.19,102.98,98.37,101.65,99.63,2.02,2.0275,278529.25,2791560.045
300718.SZ,20250815,97.05,100.39,96.81,99.63,98.15,1.48,1.5079,222303.19,2201546.938
300718.SZ,20250814,98.0,102.1,94.25,98.15,99.15,-1.0,-1.0086,274054.31,2680759.59
300718.SZ,20250813,95.57,100.96,94.66,99.15,96.45,2.7,2.7994,268108.02,2622363.582
300718.SZ,20250812,95.99,97.5,94.76,96.45,96.69,-0.24,-0.2482,163387.64,1566859.309
300718.SZ,20250811,97.0,98.8,96.0,96.69,96.32,0.37,0.3841,166444.02,1612916.64
300718.SZ,20250808,100.66,100.99,96.28,96.32,102.8,-6.48,-6.3035,237956.47,2328125.122
300718.SZ,20250807,101.53,104.88,99.1,102.8,102.0,0.8,0.7843,296120.74,3014122.026
300718.SZ,20250806,93.86,109.78,92.84,102.0,94.71,7.29,7.6972,364790.54,3673428.279
300718.SZ,20250805,93.85,95.96,92.85,94.71,93.82,0.89,0.9486,242652.89,2284680.481
300718.SZ,20250804,86.58,93.83,86.58,93.82,86.17,7.65,8.8778,300220.3,2731491.162
300718.SZ,20250801,87.64,88.3,85.72,86.17,88.3,-2.13,-2.4122,132515.74,1147683.675
300718.SZ,20250731,89.02,91.19,87.7,88.3,90.62,-2.32,-2.5601,177284.86,1586454.759
300718.SZ,20250730,93.05,95.16,89.4,90.62,94.3,-3.68,-3.9024,217853.66,1990692.253
300718.SZ,20250729,92.24,97.66,92.24,94.3,93.29,1.01,1.0826,249841.95,2374949.43
300718.SZ,20250728,93.05,95.68,92.09,93.29,91.57,1.72,1.8783,210464.24,1973516.044
300718.SZ,20250725,95.67,95.68,91.56,91.57,95.56,-3.99,-4.1754,220776.56,2042869.552
300718.SZ,20250724,93.6,96.49,93.0,95.56,93.53,2.03,2.1704,235723.61,2225174.562
300718.SZ,20250723,93.93,98.58,92.0,93.53,97.82,-4.29,-4.3856,310497.32,2950568.333
300718.SZ,20250722,98.55,101.99,93.22,97.82,95.28,2.54,2.6658,515588.5,5024980.649
300718.SZ,20250721,88.0,95.28,83.6,95.28,79.4,15.88,20.0,458213.38,4217407.172
300718.SZ,20250718,78.93,81.0,78.82,79.4,80.21,-0.81,-1.0098,207536.69,1654939.577
300718.SZ,20250717,75.74,82.99,75.4,80.21,76.38,3.83,5.0144,330608.23,2623927.307
300718.SZ,20250716,76.0,80.97,75.06,76.38,77.25,-0.87,-1.1262,275143.74,2126819.12
300718.SZ,20250715,75.0,79.98,74.0,77.25,75.56,1.69,2.2366,317718.55,2460160.275
300718.SZ,20250714,69.49,78.87,69.35,75.56,67.99,7.57,11.134,334406.65,2465465.541
300718.SZ,20250711,66.09,69.5,65.8,67.99,66.27,1.72,2.5954,110812.08,750665.215
300718.SZ,20250710,66.66,67.02,66.01,66.27,68.0,-1.73,-2.5441,78712.19,522362.819
300718.SZ,20250709,68.9,71.0,67.67,68.0,67.4,0.6,0.8902,151689.93,1055695.031
300718.SZ,20250708,66.4,67.6,66.11,67.4,66.42,0.98,1.4755,61134.0,410073.811
300718.SZ,20250707,66.36,66.98,65.61,66.42,66.37,0.05,0.0753,40719.0,269518.72
300718.SZ,20250704,67.33,67.5,66.01,66.37,66.92,-0.55,-0.8219,53513.0,356445.213
300718.SZ,20250703,67.05,67.6,66.5,66.92,67.26,-0.34,-0.5055,41191.0,275909.44
300718.SZ,20250702,68.18,68.36,66.72,67.26,68.59,-1.33,-1.9391,56837.0,383057.939
300718.SZ,20250701,69.48,69.69,68.17,68.59,69.49,-0.9,-1.2952,63986.0,439647.179
300718.SZ,20250630,69.25,69.86,69.11,69.49,69.41,0.08,0.1153,63345.38,439690.271
300718.SZ,20250627,70.0,71.34,68.88,69.41,70.5,-1.09,-1.5461,101226.38,705395.622
300718.SZ,20250626,71.51,76.0,70.4,70.5,70.8,-0.3,-0.4237,176668.0,1290905.024
300718.SZ,20250625,69.39,71.34,68.85,70.8,69.48,1.32,1.8998,138507.1,973484.333
300718.SZ,20250624,65.65,71.11,65.62,69.48,65.41,4.07,6.2223,173191.95,1193938.792
300718.SZ,20250623,64.01,65.68,64.01,65.41,65.3,0.11,0.1685,50827.0,331193.025
300718.SZ,20250620,67.77,68.31,65.28,65.3,68.47,-3.17,-4.6298,101229.0,671061.401
300718.SZ,20250619,67.5,70.75,67.22,68.47,67.73,0.74,1.0926,135409.4,937152.647
300718.SZ,20250618,67.5,68.46,66.7,67.73,67.64,0.09,0.1331,61690.54,415746.684
300718.SZ,20250617,68.19,68.69,67.5,67.64,68.2,-0.56,-0.8211,49398.0,335884.437
300718.SZ,20250616,67.62,68.92,67.5,68.2,68.19,0.01,0.0147,47275.28,323399.853
300718.SZ,20250613,69.47,69.83,67.81,68.19,70.02,-1.83,-2.6135,83974.0,577158.893
300718.SZ,20250612,70.11,70.9,69.83,70.02,70.91,-0.89,-1.2551,62988.5,442446.981
300718.SZ,20250611,70.2,71.45,69.75,70.91,70.87,0.04,0.0564,91154.52,643476.975
300718.SZ,20250610,70.32,71.68,67.5,70.87,70.32,0.55,0.7821,119554.14,832556.268
300718.SZ,20250609,70.9,72.07,70.1,70.32,69.97,0.35,0.5002,76095.0,539875.636
300718.SZ,20250606,70.5,71.09,69.36,69.97,71.0,-1.03,-1.4507,70086.0,490968.69
300718.SZ,20250605,69.79,71.82,68.82,71.0,69.89,1.11,1.5882,99007.0,697310.921
300718.SZ,20250604,69.18,70.15,68.7,69.89,68.95,0.94,1.3633,58643.78,408375.528
300718.SZ,20250603,68.95,69.66,68.14,69.18,69.14,0.04,0.0579,55382.0,382773.736
300718.SZ,20250530,70.57,71.8,69.03,69.14,70.57,-1.43,-2.0264,82326.37,578719.428
300718.SZ,20250529,70.0,71.2,70.0,70.57,70.4,0.17,0.2415,67869.25,479477.675
300718.SZ,20250528,71.0,71.8,70.0,70.4,70.56,-0.16,-0.2268,78692.0,556956.951
300718.SZ,20250527,71.85,72.4,70.01,70.56,72.72,-2.16,-2.9703,94253.0,667532.81
300718.SZ,20250526,74.5,74.55,71.49,72.72,74.5,-1.78,-2.3893,112607.85,814016.407
300718.SZ,20250523,75.89,76.74,74.0,74.5,76.94,-2.44,-3.1713,132283.1,990560.266
300718.SZ,20250522,74.35,79.3,74.08,76.94,74.3,2.64,3.5532,192743.4,1488698.505
300718.SZ,20250521,74.05,75.59,73.0,74.3,75.05,-0.75,-0.9993,90834.05,672349.128
300718.SZ,20250520,75.05,76.88,74.22,75.05,74.62,0.43,0.5763,84646.59,638825.244
300718.SZ,20250519,76.87,76.9,73.56,74.62,77.64,-3.02,-3.8897,123251.02,919745.365
300718.SZ,20250516,76.81,79.49,76.48,77.64,76.8,0.84,1.0938,126154.38,988218.052
300718.SZ,20250515,79.57,79.57,76.77,76.8,80.13,-3.33,-4.1557,121000.85,936888.259
300718.SZ,20250514,78.92,82.75,78.81,80.13,79.71,0.42,0.5269,152720.0,1231948.527
300718.SZ,20250513,82.61,82.93,79.57,79.71,82.0,-2.29,-2.7927,157797.85,1279055.088
300718.SZ,20250512,79.51,83.15,79.36,82.0,77.9,4.1,5.2632,233504.15,1899562.386
300718.SZ,20250509,79.54,79.54,76.05,77.9,80.21,-2.31,-2.8799,146306.28,1136329.175
300718.SZ,20250508,80.22,81.96,79.79,80.21,80.96,-0.75,-0.9264,153859.96,1240587.665
300718.SZ,20250507,83.0,83.6,80.0,80.96,81.63,-0.67,-0.8208,231598.16,1887537.924
300718.SZ,20250506,80.09,82.01,78.7,81.63,79.95,1.68,2.1013,191560.73,1543703.256
300718.SZ,20250430,77.0,80.64,76.4,79.95,76.9,3.05,3.9662,193648.41,1525859.396
300718.SZ,20250429,76.0,77.82,75.09,76.9,75.63,1.27,1.6792,144581.0,1108738.889
300718.SZ,20250428,77.98,78.39,75.59,75.63,78.02,-2.39,-3.0633,101511.72,774867.113
300718.SZ,20250425,79.66,80.2,77.71,78.02,79.66,-1.64,-2.0587,137652.28,1080399.341
300718.SZ,20250424,80.0,83.31,78.6,79.66,82.8,-3.14,-3.7923,251259.5,2027090.451
300718.SZ,20250423,74.0,87.87,73.99,82.8,73.54,9.26,12.5918,368145.41,3023938.124
300718.SZ,20250422,75.8,76.59,73.5,73.54,76.25,-2.71,-3.5541,101279.0,756471.649
300718.SZ,20250421,71.41,76.4,71.0,76.25,73.72,2.53,3.4319,147354.54,1093591.495
300718.SZ,20250418,74.4,75.4,73.5,73.72,74.74,-1.02,-1.3647,77166.52,571218.997
300718.SZ,20250417,74.16,76.88,74.16,74.74,74.81,-0.07,-0.0936,125549.52,945431.524
300718.SZ,20250416,76.49,77.36,74.11,74.81,77.5,-2.69,-3.471,132285.0,996794.993
300718.SZ,20250415,75.8,79.79,74.5,77.5,75.97,1.53,2.014,206572.16,1589659.942
300718.SZ,20250414,77.66,78.2,75.42,75.97,76.58,-0.61,-0.7966,151771.5,1163105.807
300718.SZ,20250411,74.22,79.16,74.08,76.58,76.07,0.51,0.6704,214761.45,1651786.59
300718.SZ,20250410,74.8,79.8,73.88,76.07,73.25,2.82,3.8498,289476.74,2227223.958
300718.SZ,20250409,68.0,74.53,63.65,73.25,68.55,4.7,6.8563,270746.27,1916394.427
300718.SZ,20250408,68.33,70.35,65.36,68.55,65.36,3.19,4.8807,197752.1,1342986.6
300718.SZ,20250407,74.3,75.66,63.87,65.36,79.84,-14.48,-18.1363,254350.46,1752590.337
300718.SZ,20250403,82.0,83.35,79.7,79.84,81.89,-2.05,-2.5034,132730.93,1077571.96
300718.SZ,20250402,83.5,83.79,81.5,81.89,81.92,-0.03,-0.0366,126071.69,1040216.936
300718.SZ,20250401,84.5,84.75,80.52,81.92,84.9,-2.98,-3.51,199304.76,1639535.411
300718.SZ,20250331,80.1,85.5,77.38,84.9,81.54,3.36,4.1207,275750.53,2246450.266
300718.SZ,20250328,81.75,83.87,81.01,81.54,82.57,-1.03,-1.2474,120473.09,987468.53
300718.SZ,20250327,83.36,86.0,82.5,82.57,83.76,-1.19,-1.4207,141952.05,1190561.449
300718.SZ,20250326,83.45,86.0,83.15,83.76,83.41,0.35,0.4196,132433.18,1119635.613
300718.SZ,20250325,86.53,87.87,82.73,83.41,87.4,-3.99,-4.5652,169339.73,1430053.734
300718.SZ,20250324,88.0,90.11,84.22,87.4,89.39,-1.99,-2.2262,192388.09,1669366.759
300718.SZ,20250321,93.56,93.96,89.0,89.39,95.55,-6.16,-6.4469,240915.33,2190063.796
300718.SZ,20250320,94.25,98.76,93.0,95.55,95.2,0.35,0.3676,228756.4,2192220.702
300718.SZ,20250319,93.82,99.0,93.0,95.2,96.92,-1.72,-1.7747,207387.55,1983331.552
300718.SZ,20250318,97.97,101.81,96.11,96.92,95.44,1.48,1.5507,283137.29,2805427.504
300718.SZ,20250317,93.99,97.73,92.08,95.44,95.06,0.38,0.3997,240332.98,2272601.994
300718.SZ,20250314,92.0,99.72,91.7,95.06,92.71,2.35,2.5348,273813.96,2605526.908
300718.SZ,20250313,97.7,98.69,92.0,92.71,99.71,-7.0,-7.0204,259797.47,2458567.739
300718.SZ,20250312,102.0,103.0,99.1,99.71,103.48,-3.77,-3.6432,263540.94,2655913.469
300718.SZ,20250311,98.23,103.83,96.0,103.48,98.23,5.25,5.3446,327854.84,3269856.478
300718.SZ,20250310,101.0,103.79,98.0,98.23,102.3,-4.07,-3.9785,249116.25,2498512.009
300718.SZ,20250307,105.75,110.88,100.8,102.3,108.34,-6.04,-5.575,321844.09,3397587.043
300718.SZ,20250306,107.3,114.02,105.0,108.34,108.38,-0.04,-0.0369,417387.07,4536901.371
300718.SZ,20250305,101.56,114.0,100.1,108.38,105.0,3.38,3.219,438416.79,4685590.296
300718.SZ,20250304,93.85,106.58,93.0,105.0,95.0,10.0,10.5263,448203.71,4528723.161
300718.SZ,20250303,94.29,99.29,85.4,95.0,92.9,2.1,2.2605,352696.74,3240697.901
300718.SZ,20250228,102.52,105.98,92.12,92.9,101.51,-8.61,-8.4819,344924.89,3466773.377
300718.SZ,20250227,104.0,106.66,100.0,101.51,106.67,-5.16,-4.8373,318082.11,3262391.147
300718.SZ,20250226,108.0,115.14,103.0,106.67,107.5,-0.83,-0.7721,457286.22,5004335.288
300718.SZ,20250225,95.8,115.0,94.98,107.5,101.1,6.4,6.3304,460742.35,4864460.212
300718.SZ,20250224,101.93,108.79,98.98,101.1,108.1,-7.0,-6.4755,354457.43,3651607.431
300718.SZ,20250221,103.95,110.5,99.5,108.1,107.0,1.1,1.028,489085.28,5056517.417
300718.SZ,20250220,104.0,118.0,94.0,107.0,98.77,8.23,8.3325,619294.89,6537591.273
300718.SZ,20250219,82.2,98.77,82.2,98.77,82.31,16.46,19.9976,537978.13,5042269.31
300718.SZ,20250218,77.6,89.58,75.85,82.31,77.6,4.71,6.0696,645321.29,5232530.485
300718.SZ,20250217,63.01,77.6,62.8,77.6,64.67,12.93,19.9938,589992.79,4178430.597
300718.SZ,20250214,63.2,66.4,62.36,64.67,67.85,-3.18,-4.6868,411612.96,2644040.376
300718.SZ,20250213,70.88,74.73,64.7,67.85,71.78,-3.93,-5.4751,394078.89,2730189.605
300718.SZ,20250212,69.88,74.77,68.0,71.78,72.5,-0.72,-0.9931,367637.84,2630677.792
300718.SZ,20250211,67.0,74.88,66.79,72.5,68.0,4.5,6.6176,480898.73,3422108.703
300718.SZ,20250210,68.5,70.45,66.66,68.0,69.85,-1.85,-2.6485,403974.6,2743922.992
300718.SZ,20250207,64.0,73.11,63.12,69.85,64.67,5.18,8.0099,609477.56,4136712.708
300718.SZ,20250206,53.0,64.67,53.0,64.67,53.89,10.78,20.0037,577090.32,3400757.363
300718.SZ,20250205,54.98,59.7,51.01,53.89,54.09,-0.2,-0.3698,449745.93,2525076.18
300718.SZ,20250127,55.8,57.0,50.06,54.09,57.29,-3.2,-5.5856,376864.8,2047166.341
300718.SZ,20250124,52.0,57.78,51.61,57.29,53.0,4.29,8.0943,482123.94,2619567.094
300718.SZ,20250123,54.5,54.68,50.01,53.0,54.03,-1.03,-1.9063,485518.56,2539175.501
300718.SZ,20250122,52.0,56.9,52.0,54.03,53.78,0.25,0.4649,468892.89,2569098.816
300718.SZ,20250121,48.03,56.8,47.69,53.78,47.75,6.03,12.6283,610161.51,3147263.682
300718.SZ,20250120,40.5,47.75,38.83,47.75,39.79,7.96,20.005,554315.78,2381156.851
300718.SZ,20250117,41.5,44.88,38.55,39.79,40.09,-0.3,-0.7483,498294.2,2065945.183
300718.SZ,20250116,38.5,41.88,37.56,40.09,39.0,1.09,2.7949,463861.8,1838492.62
300718.SZ,20250115,37.0,40.8,36.16,39.0,37.4,1.6,4.2781,526645.99,2036097.474
300718.SZ,20250114,32.6,38.0,32.0,37.4,32.37,5.03,15.5391,508695.69,1768451.311
300718.SZ,20250113,32.51,36.0,31.81,32.37,33.63,-1.26,-3.7467,455909.11,1540529.125
300718.SZ,20250110,32.4,36.55,32.02,33.63,31.61,2.02,6.3904,559312.5,1919590.26
300718.SZ,20250109,32.0,34.19,30.81,31.61,32.78,-1.17,-3.5692,451314.16,1449579.056
002046.SZ,20260702,68.21,75.92,67.25,72.4,70.45,1.95,2.7679,252574.39,1820337.48139
002046.SZ,20260701,73.65,74.0,70.0,70.45,73.65,-3.2,-4.3449,180144.09,1291362.49624
002046.SZ,20260630,74.03,75.64,72.0,73.65,73.8,-0.15,-0.2033,196503.85,1449925.8121
002046.SZ,20260629,75.5,76.47,68.3,73.8,74.32,-0.52,-0.6997,293612.48,2102454.30431
002046.SZ,20260626,76.14,76.95,73.38,74.32,75.41,-1.09,-1.4454,286315.73,2156212.33938
002046.SZ,20260625,72.05,76.95,72.05,75.41,69.95,5.46,7.8056,535019.49,4071221.15148
002046.SZ,20260624,63.27,69.95,60.41,69.95,63.59,6.36,10.0016,305747.56,2062066.30244
002046.SZ,20260623,68.0,69.3,63.36,63.59,68.65,-5.06,-7.3707,271653.7,1770631.10342
002046.SZ,20260622,66.7,69.3,65.01,68.65,63.69,4.96,7.7877,296364.14,2005623.37295
002046.SZ,20260618,62.0,66.2,61.8,63.69,62.01,1.68,2.7092,259933.79,1668349.50592
002046.SZ,20260617,61.9,63.27,61.04,62.01,62.59,-0.58,-0.9267,166052.99,1034050.05965
002046.SZ,20260616,62.7,63.99,61.29,62.59,62.5,0.09,0.144,211116.82,1321910.32389
002046.SZ,20260615,59.38,62.88,58.18,62.7,59.19,3.51,5.9301,197596.56,1213060.06434
002046.SZ,20260612,59.9,62.13,58.87,59.19,57.73,1.46,2.529,223361.6,1350211.31214
002046.SZ,20260611,59.18,59.3,56.81,57.73,59.18,-1.45,-2.4502,200263.04,1158916.95953
002046.SZ,20260610,64.49,64.49,58.53,59.18,65.03,-5.85,-8.9958,351690.09,2121461.95886
002046.SZ,20260609,61.07,66.28,59.34,65.03,60.37,4.66,7.7191,444754.44,2754929.70326
002046.SZ,20260608,52.4,60.37,52.2,60.37,54.88,5.49,10.0036,432559.35,2530874.854
002046.SZ,20260605,56.73,56.95,54.4,54.88,56.18,-1.3,-2.314,184717.73,1023535.064
002046.SZ,20260604,56.55,57.77,54.9,56.18,56.98,-0.8,-1.404,290602.25,1630611.223
002046.SZ,20260603,52.21,56.98,51.22,56.98,51.8,5.18,10.0,289134.11,1619474.915
002046.SZ,20260602,49.9,52.46,47.5,51.8,50.11,1.69,3.3726,206721.01,1031163.577
002046.SZ,20260601,52.33,53.12,50.0,50.11,53.0,-2.89,-5.4528,170518.11,872991.167
002046.SZ,20260529,56.0,57.3,52.79,53.0,55.75,-2.75,-4.9327,211546.15,1165614.83
002046.SZ,20260528,51.55,56.6,50.68,55.75,51.61,4.14,8.0217,249325.09,1355338.105
002046.SZ,20260527,54.38,54.54,50.93,51.61,54.66,-3.05,-5.5799,172146.32,899974.868
002046.SZ,20260526,56.33,57.17,53.9,54.66,56.33,-1.67,-2.9647,170796.41,941428.337
002046.SZ,20260525,56.98,57.74,54.44,56.33,54.99,1.34,2.4368,260434.67,1458674.947
002046.SZ,20260522,50.38,54.99,49.61,54.99,49.99,5.0,10.002,213995.21,1145819.981
002046.SZ,20260521,51.55,52.78,49.9,49.99,51.07,-1.08,-2.1147,187335.88,965044.72
002046.SZ,20260520,52.0,52.0,50.15,51.07,51.46,-0.39,-0.7579,103108.81,522840.215
002046.SZ,20260519,52.48,52.9,49.96,51.46,52.48,-1.02,-1.9436,159647.56,815862.462
002046.SZ,20260518,54.0,56.53,52.28,52.48,54.36,-1.88,-3.4584,185194.76,997250.216
002046.SZ,20260515,57.19,57.49,54.03,54.36,57.18,-2.82,-4.9318,196148.7,1082055.397
002046.SZ,20260514,58.46,59.8,56.74,57.18,59.49,-2.31,-3.883,196756.09,1143193.229
002046.SZ,20260513,57.15,61.06,56.89,59.49,57.43,2.06,3.587,252177.25,1497654.378
002046.SZ,20260512,58.5,59.19,56.08,57.43,58.51,-1.08,-1.8458,175431.04,1002884.322
002046.SZ,20260511,57.91,59.28,56.81,58.51,57.47,1.04,1.8096,230228.52,1340641.391
002046.SZ,20260508,55.78,58.63,55.38,57.47,56.27,1.2,2.1326,191713.62,1104179.615
002046.SZ,20260507,55.89,57.74,55.02,56.27,55.89,0.38,0.6799,219438.72,1238971.407
002046.SZ,20260506,52.73,57.43,52.4,55.89,52.21,3.68,7.0485,247622.23,1386755.755
002046.SZ,20260430,50.27,52.69,49.9,52.21,50.14,2.07,4.1284,155546.37,800747.342
002046.SZ,20260429,50.0,50.67,49.71,50.14,50.1,0.04,0.0798,89295.57,447917.299
002046.SZ,20260428,51.38,51.4,49.2,50.1,51.8,-1.7,-3.2819,141079.58,707338.676
002046.SZ,20260427,52.39,53.28,51.4,51.8,51.98,-0.18,-0.3463,109333.0,568858.568
002046.SZ,20260424,52.83,53.29,51.28,51.98,53.31,-1.33,-2.4948,122450.7,637680.739
002046.SZ,20260423,53.73,55.27,52.9,53.31,54.2,-0.89,-1.6421,139382.88,750927.954
002046.SZ,20260422,53.03,54.43,52.69,54.2,53.27,0.93,1.7458,131966.98,709089.151
002046.SZ,20260421,53.95,55.2,52.42,53.27,54.04,-0.77,-1.4249,212264.16,1135482.64
002046.SZ,20260420,50.64,54.49,50.12,54.04,50.1,3.94,7.8643,224119.41,1190091.24
002046.SZ,20260417,49.21,50.4,48.9,50.1,49.55,0.55,1.11,130003.91,647584.368
002046.SZ,20260416,48.3,50.14,47.9,49.55,48.37,1.18,2.4395,150755.25,747482.725
002046.SZ,20260415,48.97,50.39,48.17,48.37,48.95,-0.58,-1.1849,188749.74,930023.182
002046.SZ,20260414,47.08,49.43,46.5,48.95,46.26,2.69,5.815,281612.56,1359138.953
002046.SZ,20260413,46.88,48.05,46.2,46.26,47.53,-1.27,-2.672,133025.52,621573.107
002046.SZ,20260410,47.13,48.7,46.68,47.53,46.67,0.86,1.8427,134304.67,643357.446
002046.SZ,20260409,45.31,47.15,45.03,46.67,45.97,0.7,1.5227,203899.86,944994.661
002046.SZ,20260408,42.59,45.97,42.59,45.97,41.79,4.18,10.0024,132157.67,595152.63
002046.SZ,20260407,42.58,42.8,41.36,41.79,42.51,-0.72,-1.6937,63831.55,268623.622
002046.SZ,20260403,42.97,43.2,41.91,42.51,42.8,-0.29,-0.6776,65851.5,280125.229
002046.SZ,20260402,43.84,44.15,42.56,42.8,44.16,-1.36,-3.0797,74727.04,323097.023
002046.SZ,20260401,44.95,45.16,43.7,44.16,43.76,0.4,0.9141,71936.99,318703.686
002046.SZ,20260331,44.22,45.2,43.76,43.76,44.12,-0.36,-0.816,97632.17,434152.474
002046.SZ,20260330,42.35,44.44,42.35,44.12,43.2,0.92,2.1296,86847.0,379493.504
002046.SZ,20260327,42.41,43.6,42.13,43.2,43.16,0.04,0.0927,75928.28,325792.989
002046.SZ,20260326,44.11,44.38,42.8,43.16,44.01,-0.85,-1.9314,75943.64,330302.91
002046.SZ,20260325,44.27,45.15,43.72,44.01,43.98,0.03,0.0682,97634.97,433487.436
002046.SZ,20260324,43.56,44.29,42.56,43.98,42.28,1.7,4.0208,136954.26,594974.535
002046.SZ,20260323,44.59,45.3,41.86,42.28,45.94,-3.66,-7.9669,170048.98,739410.464
002046.SZ,20260320,46.32,47.2,45.48,45.94,46.32,-0.38,-0.8204,99008.38,458659.569
002046.SZ,20260319,47.37,47.52,45.81,46.32,47.98,-1.66,-3.4598,112616.42,521705.318
002046.SZ,20260318,47.66,48.44,47.0,47.98,47.71,0.27,0.5659,97062.72,463354.232
002046.SZ,20260317,48.43,50.2,47.21,47.71,48.16,-0.45,-0.9344,137010.67,666903.389
002046.SZ,20260316,47.21,48.49,45.38,48.16,47.2,0.96,2.0339,157752.08,736769.646
002046.SZ,20260313,49.4,49.49,47.08,47.2,50.04,-2.84,-5.6755,206797.86,988076.853
002046.SZ,20260312,51.82,52.01,49.35,50.04,52.02,-1.98,-3.8062,189213.2,947616.068
002046.SZ,20260311,52.61,54.6,51.88,52.02,52.6,-0.58,-1.1027,206590.66,1094211.888
002046.SZ,20260310,51.02,53.0,50.65,52.6,50.45,2.15,4.2616,191229.0,998536.484
002046.SZ,20260309,50.19,50.96,48.23,50.45,52.06,-1.61,-3.0926,210337.49,1042951.949
002046.SZ,20260306,51.81,53.37,51.08,52.06,52.17,-0.11,-0.2108,218849.71,1140571.957
002046.SZ,20260305,49.88,53.15,49.6,52.17,48.32,3.85,7.9677,343110.43,1771675.9
002046.SZ,20260304,48.53,49.87,47.87,48.32,49.59,-1.27,-2.561,176612.48,859833.175
002046.SZ,20260303,53.7,53.99,49.21,49.59,54.0,-4.41,-8.1667,298757.7,1512380.827
002046.SZ,20260302,52.6,55.52,52.6,54.0,52.57,1.43,2.7202,431343.78,2351259.71
002046.SZ,20260227,47.36,52.57,47.19,52.57,47.79,4.78,10.0021,367200.02,1863214.174
002046.SZ,20260226,47.68,48.79,47.31,47.79,47.67,0.12,0.2517,161187.33,772369.763
002046.SZ,20260225,46.6,48.34,46.09,47.67,46.93,0.74,1.5768,193095.06,914337.613
002046.SZ,20260224,45.25,47.4,44.5,46.93,45.09,1.84,4.0807,187232.59,865630.956
002046.SZ,20260213,45.0,45.53,44.3,45.09,45.22,-0.13,-0.2875,112513.01,506130.181
002046.SZ,20260212,45.53,47.2,45.08,45.22,45.43,-0.21,-0.4622,203864.63,940486.477
002046.SZ,20260211,45.56,47.24,45.37,45.43,45.75,-0.32,-0.6995,114894.78,530570.375
002046.SZ,20260210,45.87,46.11,44.72,45.75,46.01,-0.26,-0.5651,126679.12,574549.529
002046.SZ,20260209,46.65,46.9,45.38,46.01,46.12,-0.11,-0.2385,133892.17,618973.108
002046.SZ,20260206,46.37,47.26,45.36,46.12,46.91,-0.79,-1.6841,154626.31,716031.346
002046.SZ,20260205,47.35,47.71,46.18,46.91,47.44,-0.53,-1.1172,104180.29,488443.155
002046.SZ,20260204,48.73,49.72,46.77,47.44,48.72,-1.28,-2.6273,165514.43,789479.927
002046.SZ,20260203,48.0,48.88,45.99,48.72,46.7,2.02,4.3255,216844.1,1039793.196
002046.SZ,20260202,45.6,47.96,45.25,46.7,44.99,1.71,3.8008,245457.58,1157585.45
002046.SZ,20260130,45.3,46.4,44.11,44.99,45.87,-0.88,-1.9185,141980.55,638507.877
002046.SZ,20260129,46.76,48.0,45.8,45.87,47.51,-1.64,-3.4519,194892.14,916271.806
002046.SZ,20260128,47.03,51.15,46.51,47.51,46.9,0.61,1.3006,258622.9,1240082.799
002046.SZ,20260127,44.02,47.35,44.02,46.9,44.35,2.55,5.7497,278718.69,1287046.833
002046.SZ,20260126,48.12,48.33,44.2,44.35,48.97,-4.62,-9.4343,351348.21,1598226.246
002046.SZ,20260123,47.5,49.97,47.09,48.97,47.35,1.62,3.4213,357101.41,1742287.624
002046.SZ,20260122,46.98,48.0,46.2,47.35,46.44,0.91,1.9595,230232.54,1088192.983
002046.SZ,20260121,46.01,47.16,46.0,46.44,46.28,0.16,0.3457,145250.17,677564.343
002046.SZ,20260120,47.77,47.97,45.11,46.28,47.15,-0.87,-1.8452,210319.25,972886.39
002046.SZ,20260119,46.73,48.18,45.88,47.15,46.81,0.34,0.7263,217605.31,1028949.223
002046.SZ,20260116,48.0,48.79,46.74,46.81,47.9,-1.09,-2.2756,225876.76,1069874.599
002046.SZ,20260115,48.63,49.0,47.1,47.9,49.76,-1.86,-3.7379,332072.11,1593278.239
002046.SZ,20260114,54.0,54.97,48.94,49.76,51.77,-2.01,-3.8826,562836.62,2876437.873
002046.SZ,20260113,51.26,54.0,48.13,51.77,51.03,0.74,1.4501,773248.65,3916047.334
002046.SZ,20260112,48.99,51.03,48.0,51.03,46.39,4.64,10.0022,407442.89,2054537.367
002046.SZ,20260109,43.73,46.39,43.59,46.39,42.17,4.22,10.0071,404562.91,1854656.538
002046.SZ,20260108,41.34,42.35,40.86,42.17,41.55,0.62,1.4922,278751.06,1165531.779
002046.SZ,20260107,42.06,42.86,41.3,41.55,42.68,-1.13,-2.6476,286919.26,1200088.418
002046.SZ,20260106,42.11,43.5,41.89,42.68,42.3,0.38,0.8983,292177.03,1246512.077
002046.SZ,20260105,43.5,43.87,41.58,42.3,43.18,-0.88,-2.038,344869.99,1456178.52
002046.SZ,20251231,41.27,44.58,41.27,43.18,41.7,1.48,3.5492,391849.13,1688361.501
002046.SZ,20251230,42.18,43.2,41.5,41.7,42.69,-0.99,-2.319,285833.85,1207521.879
002046.SZ,20251229,43.56,43.67,41.53,42.69,44.0,-1.31,-2.9773,321512.61,1367692.566
002046.SZ,20251226,44.66,44.88,42.11,44.0,44.55,-0.55,-1.2346,520403.71,2258759.637
002046.SZ,20251225,47.0,47.33,43.65,44.55,44.91,-0.36,-0.8016,590134.48,2657594.391
002046.SZ,20251224,41.56,44.91,41.0,44.91,40.83,4.08,9.9927,454421.97,1947874.927
002046.SZ,20251223,43.16,46.0,39.98,40.83,43.59,-2.76,-6.3317,893557.95,3847383.756
002046.SZ,20251222,41.58,43.59,41.33,43.59,39.63,3.96,9.9924,355793.64,1540940.92
002046.SZ,20251219,38.48,39.63,38.01,39.63,36.03,3.6,9.9917,443332.32,1751918.747
002046.SZ,20251218,35.0,36.91,34.97,36.03,35.33,0.7,1.9813,213811.34,771957.267
002046.SZ,20251217,35.73,36.05,34.4,35.33,35.81,-0.48,-1.3404,228398.27,800918.286
002046.SZ,20251216,38.07,38.36,35.38,35.81,37.72,-1.91,-5.0636,283051.88,1025996.142
002046.SZ,20251215,37.1,38.5,36.72,37.72,37.39,0.33,0.8826,322711.31,1210217.204
002046.SZ,20251212,37.0,37.6,35.98,37.39,37.01,0.38,1.0267,326075.62,1206815.419
002046.SZ,20251211,36.5,38.3,36.5,37.01,35.97,1.04,2.8913,362070.18,1359009.618
002046.SZ,20251210,36.3,38.25,35.33,35.97,36.09,-0.12,-0.3325,374496.13,1363094.162
002046.SZ,20251209,35.07,36.66,35.07,36.09,35.45,0.64,1.8054,317706.71,1144860.93
002046.SZ,20251208,33.6,36.06,33.6,35.45,33.58,1.87,5.5688,438727.32,1550294.936
002046.SZ,20251205,32.45,33.98,31.61,33.58,32.66,0.92,2.8169,326452.28,1079406.097
002046.SZ,20251204,31.9,33.0,30.89,32.66,32.81,-0.15,-0.4572,364248.97,1160324.378
002046.SZ,20251203,32.66,34.84,32.5,32.81,32.66,0.15,0.4593,461671.07,1552148.724
002046.SZ,20251202,32.93,33.77,32.45,32.66,32.93,-0.27,-0.8199,323605.58,1069285.985
002046.SZ,20251201,33.35,33.59,32.26,32.93,32.95,-0.02,-0.0607,434087.92,1427856.441
002046.SZ,20251128,30.51,33.51,30.12,32.95,30.46,2.49,8.1747,604040.38,1962710.652
002046.SZ,20251127,31.07,31.45,30.2,30.46,31.45,-0.99,-3.1479,242071.67,743622.49
002046.SZ,20251126,31.8,32.26,30.88,31.45,31.77,-0.32,-1.0072,266852.09,842176.945
002046.SZ,20251125,31.0,32.54,30.61,31.77,31.54,0.23,0.7292,437538.11,1386621.253
002046.SZ,20251124,29.51,31.54,29.51,31.54,28.67,2.87,10.0105,460335.73,1422970.548
002046.SZ,20251121,28.31,29.33,27.87,28.67,28.94,-0.27,-0.933,177013.72,504685.159
002046.SZ,20251120,29.3,29.98,28.87,28.94,29.45,-0.51,-1.7317,211575.56,622469.574
002046.SZ,20251119,28.43,29.98,28.43,29.45,28.34,1.11,3.9167,352385.94,1041798.019
002046.SZ,20251118,27.91,28.82,27.5,28.34,28.26,0.08,0.2831,186903.38,525996.64
002046.SZ,20251117,27.31,28.64,27.31,28.26,27.31,0.95,3.4786,209617.0,588984.179
002046.SZ,20251114,26.8,28.43,26.45,27.31,26.84,0.47,1.7511,190966.82,523290.777
002046.SZ,20251113,26.91,27.5,26.3,26.84,27.15,-0.31,-1.1418,180309.96,485431.35
002046.SZ,20251112,28.94,28.94,26.84,27.15,29.23,-2.08,-7.116,280001.23,769906.302
002046.SZ,20251111,27.98,29.8,27.86,29.23,27.97,1.26,4.5048,355472.2,1032112.672
002046.SZ,20251110,28.33,28.45,27.81,27.97,28.1,-0.13,-0.4626,110747.37,311123.912
002046.SZ,20251107,27.86,28.26,27.2,28.1,27.85,0.25,0.8977,154115.11,428471.045
002046.SZ,20251106,27.98,28.1,27.64,27.85,27.97,-0.12,-0.429,101425.41,282855.607
002046.SZ,20251105,27.8,28.18,27.55,27.97,28.29,-0.32,-1.1311,102910.02,287073.284
002046.SZ,20251104,28.82,28.91,27.9,28.29,28.81,-0.52,-1.8049,133742.62,377592.781
002046.SZ,20251103,29.0,29.0,28.18,28.81,28.63,0.18,0.6287,130235.68,372695.732
002046.SZ,20251031,28.58,29.07,28.53,28.63,28.76,-0.13,-0.452,135686.0,390871.01
002046.SZ,20251030,29.56,29.56,28.56,28.76,29.56,-0.8,-2.7064,217216.73,626752.519
002046.SZ,20251029,29.61,30.0,29.3,29.56,30.01,-0.45,-1.4995,212650.75,627874.373
002046.SZ,20251028,29.73,30.96,29.68,30.01,29.83,0.18,0.6034,311790.55,945187.066
002046.SZ,20251027,30.6,30.73,29.65,29.83,30.16,-0.33,-1.0942,458228.91,1378859.283
002046.SZ,20251024,27.51,30.16,27.51,30.16,27.42,2.74,9.9927,312165.78,918485.336
002046.SZ,20251023,27.89,28.16,26.9,27.42,28.17,-0.75,-2.6624,186134.59,508035.913
002046.SZ,20251022,28.24,28.87,27.93,28.17,28.11,0.06,0.2134,255416.32,725561.67
002046.SZ,20251021,27.77,28.44,27.39,28.11,27.86,0.25,0.8973,267606.71,747391.673
002046.SZ,20251020,27.11,28.2,26.73,27.86,27.02,0.84,3.1088,290366.63,798353.82
002046.SZ,20251017,27.06,27.7,26.87,27.02,27.01,0.01,0.037,212158.82,578436.297
002046.SZ,20251016,28.3,28.3,27.0,27.01,28.58,-1.57,-5.4934,288747.36,788284.735
002046.SZ,20251015,27.56,29.19,26.79,28.58,27.37,1.21,4.4209,389297.6,1097604.907
002046.SZ,20251014,26.88,28.51,26.88,27.37,26.84,0.53,1.9747,353426.81,978265.39
002046.SZ,20251013,24.74,26.95,24.74,26.84,26.55,0.29,1.0923,249451.34,653377.5
002046.SZ,20251010,27.32,28.14,26.5,26.55,26.51,0.04,0.1509,378834.69,1020824.979
002046.SZ,20251009,26.81,27.1,26.39,26.51,26.51,0.0,0.0,197816.42,526922.487
002046.SZ,20250930,27.0,27.07,26.26,26.51,26.81,-0.3,-1.119,249683.83,662818.042
002046.SZ,20250929,27.81,28.12,26.54,26.81,27.81,-1.0,-3.5958,411513.33,1117670.964
002046.SZ,20250926,30.77,31.08,27.81,27.81,30.9,-3.09,-10.0,498016.45,1452863.944
002046.SZ,20250925,32.11,32.65,30.86,30.9,32.49,-1.59,-4.8938,310586.25,974421.151
002046.SZ,20250924,32.53,34.96,31.71,32.49,32.69,-0.2,-0.6118,359277.47,1192272.743
002046.SZ,20250923,34.4,35.2,31.59,32.69,34.4,-1.71,-4.9709,326375.64,1080653.956
002046.SZ,20250922,32.88,34.9,32.88,34.4,33.77,0.63,1.8656,256409.1,875402.617
002046.SZ,20250919,34.12,35.51,33.56,33.77,33.5,0.27,0.806,495024.75,1707545.004
002046.SZ,20250918,32.91,34.66,32.85,33.5,33.24,0.26,0.7822,446771.71,1516254.1
002046.SZ,20250917,33.75,35.41,32.48,33.24,33.39,-0.15,-0.4492,479035.15,1617761.968
002046.SZ,20250916,32.37,33.8,31.87,33.39,32.65,0.74,2.2665,215428.78,712995.397
002046.SZ,20250915,33.01,33.9,32.31,32.65,33.49,-0.84,-2.5082,270494.69,891845.782
002046.SZ,20250912,33.16,34.52,32.9,33.49,33.16,0.33,0.9952,311459.6,1050258.296
002046.SZ,20250911,32.91,33.6,32.6,33.16,33.37,-0.21,-0.6293,264472.16,872704.653
002046.SZ,20250910,33.38,34.66,33.14,33.37,33.38,-0.01,-0.03,255877.02,862034.101
002046.SZ,20250909,33.9,34.58,33.28,33.38,34.24,-0.86,-2.5117,246678.38,833711.49
002046.SZ,20250908,34.7,34.95,33.67,34.24,34.1,0.14,0.4106,469228.26,1608390.247
002046.SZ,20250905,30.99,34.1,30.6,34.1,31.0,3.1,10.0,250782.4,823750.408
002046.SZ,20250904,31.9,32.4,30.3,31.0,32.1,-1.1,-3.4268,195817.25,614553.572
002046.SZ,20250903,32.65,33.11,31.7,32.1,32.78,-0.68,-2.0744,216059.47,701239.077
002046.SZ,20250902,33.33,33.35,30.55,32.78,33.1,-0.32,-0.9668,410317.94,1308160.723
002046.SZ,20250901,33.98,34.62,32.9,33.1,33.38,-0.28,-0.8388,257521.75,865893.284
002046.SZ,20250829,33.7,34.0,32.8,33.38,33.4,-0.02,-0.0599,255443.09,853712.374
002046.SZ,20250828,33.3,33.97,32.0,33.4,33.3,0.1,0.3003,379935.78,1252418.092
002046.SZ,20250827,34.0,34.68,33.28,33.3,34.22,-0.92,-2.6885,369252.77,1258288.799
002046.SZ,20250826,34.39,35.47,33.7,34.22,34.37,-0.15,-0.4364,468803.4,1620632.193
002046.SZ,20250825,34.0,34.62,33.63,34.37,34.11,0.26,0.7622,539165.54,1840603.272
002046.SZ,20250822,38.18,38.28,33.88,34.11,37.07,-2.96,-7.9849,722009.87,2520311.276
002046.SZ,20250821,39.07,39.88,36.04,37.07,39.05,-1.98,-5.0704,808495.11,3044859.308
002046.SZ,20250820,38.44,40.48,37.37,39.05,36.81,2.24,6.0853,969578.15,3775132.728
002046.SZ,20250819,34.19,36.81,33.99,36.81,33.46,3.35,10.012,489977.19,1761756.661
002046.SZ,20250818,30.41,33.46,30.41,33.46,30.42,3.04,9.9934,671998.06,2179636.354
002046.SZ,20250815,31.4,32.4,29.08,30.42,30.86,-0.44,-1.4258,886162.14,2698889.25
002046.SZ,20250814,33.24,35.31,30.85,30.86,32.1,-1.24,-3.8629,956870.85,3130947.561
002046.SZ,20250813,32.0,33.54,31.55,32.1,31.35,0.75,2.3923,921543.66,2990527.99
002046.SZ,20250812,31.95,32.9,30.8,31.35,31.95,-0.6,-1.8779,826933.72,2612774.876
002046.SZ,20250811,31.05,32.3,29.69,31.95,31.05,0.9,2.8986,1152555.53,3582748.504
002046.SZ,20250808,28.23,31.05,27.51,31.05,28.23,2.82,9.9894,1305852.09,3945998.355
002046.SZ,20250807,28.23,28.23,26.87,28.23,25.66,2.57,10.0156,415539.98,1166225.973
002046.SZ,20250806,24.0,25.66,23.99,25.66,23.33,2.33,9.9871,372999.64,934086.243
002046.SZ,20250805,22.27,23.33,22.03,23.33,21.21,2.12,9.9953,711038.15,1640877.917
002046.SZ,20250804,19.15,21.21,19.04,21.21,19.28,1.93,10.0104,261892.55,537840.621
002046.SZ,20250801,19.33,19.47,18.93,19.28,19.38,-0.1,-0.516,167181.39,321354.939
002046.SZ,20250731,19.24,19.62,19.17,19.38,19.45,-0.07,-0.3599,206868.39,400734.136
002046.SZ,20250730,19.25,19.83,19.06,19.45,19.2,0.25,1.3021,299973.61,583219.38
002046.SZ,20250729,18.71,19.47,18.61,19.2,18.81,0.39,2.0734,279451.41,533695.263
002046.SZ,20250728,18.47,19.04,18.2,18.81,18.49,0.32,1.7307,262634.28,490912.084
002046.SZ,20250725,17.65,18.73,17.44,18.49,17.7,0.79,4.4633,358197.48,648516.778
002046.SZ,20250724,17.68,17.86,17.52,17.7,17.69,0.01,0.0565,156618.4,276605.518
002046.SZ,20250723,18.03,18.2,17.65,17.69,17.98,-0.29,-1.6129,204352.44,364447.391
002046.SZ,20250722,18.02,18.1,17.74,17.98,17.92,0.06,0.3348,309240.18,553840.815
002046.SZ,20250721,17.1,18.03,16.88,17.92,16.9,1.02,6.0355,389306.04,678110.01
002046.SZ,20250718,16.66,17.2,16.54,16.9,16.64,0.26,1.5625,257738.55,436047.416
002046.SZ,20250717,16.49,16.66,16.39,16.64,16.52,0.12,0.7264,173473.93,287183.983
002046.SZ,20250716,15.9,16.8,15.85,16.52,15.87,0.65,4.0958,346854.19,571759.429
002046.SZ,20250715,16.12,16.12,15.68,15.87,16.12,-0.25,-1.5509,128827.05,204553.656
002046.SZ,20250714,15.91,16.16,15.88,16.12,15.93,0.19,1.1927,107439.99,172648.692
002046.SZ,20250711,15.9,15.99,15.8,15.93,15.89,0.04,0.2517,92280.12,146823.358
002046.SZ,20250710,15.87,16.0,15.78,15.89,15.91,-0.02,-0.1257,88012.0,139665.38
002046.SZ,20250709,16.12,16.25,15.88,15.91,16.1,-0.19,-1.1801,111315.7,178908.229
002046.SZ,20250708,15.99,16.15,15.94,16.1,15.96,0.14,0.8772,86184.0,138440.81
002046.SZ,20250707,16.06,16.06,15.9,15.96,16.06,-0.1,-0.6227,63633.0,101474.068
002046.SZ,20250704,16.31,16.37,15.96,16.06,16.37,-0.31,-1.8937,140869.01,226766.065
002046.SZ,20250703,16.19,16.8,16.1,16.37,16.19,0.18,1.1118,133209.0,219247.435
002046.SZ,20250702,16.6,16.68,16.09,16.19,16.65,-0.46,-2.7628,158432.0,258333.335
002046.SZ,20250701,16.68,16.86,16.5,16.65,16.68,-0.03,-0.1799,132137.0,220091.805
002046.SZ,20250630,16.36,16.79,16.35,16.68,16.36,0.32,1.956,150338.44,250004.385
002046.SZ,20250627,16.31,16.57,16.29,16.36,16.34,0.02,0.1224,130723.0,214319.642
002046.SZ,20250626,16.52,16.73,16.3,16.34,16.52,-0.18,-1.0896,198681.51,328022.709
002046.SZ,20250625,16.44,16.59,16.28,16.52,16.31,0.21,1.2876,171436.63,282115.85
002046.SZ,20250624,15.93,16.53,15.86,16.31,15.86,0.45,2.8373,138155.45,224621.431
002046.SZ,20250623,15.5,15.92,15.42,15.86,15.66,0.2,1.2771,84984.0,134403.543
002046.SZ,20250620,16.03,16.14,15.66,15.66,16.06,-0.4,-2.4907,135424.3,214623.059
002046.SZ,20250619,16.79,16.8,16.05,16.06,16.79,-0.73,-4.3478,202055.68,329670.933
002046.SZ,20250618,16.87,16.89,16.58,16.79,16.93,-0.14,-0.8269,164448.25,274987.575
002046.SZ,20250617,16.37,17.09,16.22,16.93,16.35,0.58,3.5474,334261.8,560752.406
002046.SZ,20250616,16.2,16.38,16.11,16.35,16.31,0.04,0.2452,135262.4,220033.764
002046.SZ,20250613,16.18,16.42,15.9,16.31,16.18,0.13,0.8035,213556.29,345540.24
002046.SZ,20250612,16.44,16.61,16.32,16.39,16.54,-0.15,-0.9069,135353.8,222370.777
002046.SZ,20250611,16.09,16.6,16.07,16.54,16.08,0.46,2.8607,240675.57,393353.259
002046.SZ,20250610,16.36,16.54,15.83,16.08,16.37,-0.29,-1.7715,187990.22,302967.35
002046.SZ,20250609,16.14,16.55,16.1,16.37,16.07,0.3,1.8668,184287.31,300981.075
002046.SZ,20250606,16.31,16.41,16.04,16.07,16.48,-0.41,-2.4879,202279.67,326636.29
002046.SZ,20250605,15.77,16.85,15.59,16.48,15.73,0.75,4.768,388772.54,637646.474
002046.SZ,20250604,15.6,15.93,15.51,15.73,15.53,0.2,1.2878,140458.6,221385.804
002046.SZ,20250603,15.35,15.86,15.34,15.53,15.39,0.14,0.9097,158740.53,248390.45
002046.SZ,20250530,15.63,15.75,15.27,15.39,15.7,-0.31,-1.9745,161001.0,247784.455
002046.SZ,20250529,15.51,15.8,15.5,15.7,15.62,0.08,0.5122,131678.17,206427.673
002046.SZ,20250528,15.9,16.07,15.6,15.62,15.99,-0.37,-2.3139,169063.68,266460.168
002046.SZ,20250527,15.68,16.2,15.58,15.99,15.75,0.24,1.5238,198213.8,316959.221
002046.SZ,20250526,15.64,15.9,15.56,15.75,15.71,0.04,0.2546,147779.48,232044.144
002046.SZ,20250523,16.02,16.19,15.66,15.71,16.02,-0.31,-1.9351,211615.18,337180.865
002046.SZ,20250522,16.36,16.4,15.95,16.02,16.26,-0.24,-1.476,208322.93,335674.506
002046.SZ,20250521,16.91,17.18,16.23,16.26,16.98,-0.72,-4.2403,443817.18,736619.664
002046.SZ,20250520,17.01,17.82,16.67,16.98,16.2,0.78,4.8148,622717.31,1068688.392
002046.SZ,20250519,16.4,16.42,15.85,16.2,16.3,-0.1,-0.6135,174809.04,280645.427
002046.SZ,20250516,15.77,16.58,15.77,16.3,15.83,0.47,2.969,279497.41,455968.626
002046.SZ,20250515,15.98,16.09,15.66,15.83,16.04,-0.21,-1.3092,133472.0,211175.289
002046.SZ,20250514,16.08,16.23,15.89,16.04,16.14,-0.1,-0.6196,160752.0,257929.956
002046.SZ,20250513,16.63,16.63,16.1,16.14,16.55,-0.41,-2.4773,188931.03,307586.716
002046.SZ,20250512,16.3,16.73,16.21,16.55,16.08,0.47,2.9229,240813.0,396966.662
002046.SZ,20250509,16.25,16.36,15.84,16.08,16.36,-0.28,-1.7115,228934.4,367410.367
002046.SZ,20250508,16.1,16.64,16.05,16.36,16.17,0.19,1.175,282451.74,462214.547
002046.SZ,20250507,16.0,16.42,15.9,16.17,15.89,0.28,1.7621,344398.01,557215.252
002046.SZ,20250506,15.61,16.0,15.48,15.89,15.33,0.56,3.653,297668.31,470192.759
002046.SZ,20250430,14.88,15.42,14.68,15.33,15.05,0.28,1.8605,286661.02,432331.157
002046.SZ,20250429,14.22,15.58,14.06,15.05,14.27,0.78,5.466,280080.99,418626.726
002046.SZ,20250428,14.5,14.57,14.24,14.27,14.54,-0.27,-1.8569,92059.0,131856.554
002046.SZ,20250425,14.69,14.77,14.48,14.54,14.62,-0.08,-0.5472,107898.01,157428.437
002046.SZ,20250424,14.9,14.99,14.53,14.62,14.9,-0.28,-1.8792,142461.0,209883.477
002046.SZ,20250423,14.55,15.11,14.54,14.9,14.48,0.42,2.9006,229238.93,341370.054
002046.SZ,20250422,14.69,14.75,14.4,14.48,14.77,-0.29,-1.9634,129894.0,188767.696
002046.SZ,20250421,14.38,14.8,14.31,14.77,14.41,0.36,2.4983,123379.0,180618.737
002046.SZ,20250418,14.41,14.52,14.23,14.41,14.38,0.03,0.2086,99819.0,143553.538
002046.SZ,20250417,14.2,14.83,14.11,14.38,14.25,0.13,0.9123,156997.0,227371.087
002046.SZ,20250416,14.67,14.75,14.04,14.25,14.75,-0.5,-3.3898,167450.0,239350.279
002046.SZ,20250415,14.81,15.0,14.51,14.75,14.83,-0.08,-0.5394,148680.0,218926.383
002046.SZ,20250414,14.78,15.3,14.68,14.83,14.26,0.57,3.9972,262649.01,394411.609
002046.SZ,20250411,13.67,14.52,13.51,14.26,13.93,0.33,2.369,225507.0,321185.332
002046.SZ,20250410,13.88,14.35,13.87,13.93,13.51,0.42,3.1088,253202.0,355977.964
002046.SZ,20250409,12.6,13.67,11.86,13.51,12.85,0.66,5.1362,303842.0,395050.928
002046.SZ,20250408,13.31,13.74,12.46,12.85,13.84,-0.99,-7.1532,362696.0,467703.416
002046.SZ,20250407,14.39,14.48,13.84,13.84,15.38,-1.54,-10.013,124838.0,174463.292
002046.SZ,20250403,15.48,16.1,15.28,15.38,15.62,-0.24,-1.5365,176747.01,276003.251
002046.SZ,20250402,15.41,16.0,15.41,15.62,15.48,0.14,0.9044,155320.0,243774.997
002046.SZ,20250401,15.6,15.85,15.46,15.48,15.6,-0.12,-0.7692,136045.0,212375.277
002046.SZ,20250331,15.91,15.98,15.14,15.6,16.11,-0.51,-3.1657,241579.0,373726.185
002046.SZ,20250328,16.26,16.88,16.09,16.11,16.24,-0.13,-0.8005,201540.0,330786.834
002046.SZ,20250327,16.83,17.04,15.95,16.24,16.93,-0.69,-4.0756,280147.05,459485.357
002046.SZ,20250326,16.44,17.25,16.44,16.93,16.45,0.48,2.9179,325116.18,551021.214
002046.SZ,20250325,16.55,17.23,16.36,16.45,16.59,-0.14,-0.8439,305057.0,510997.656
002046.SZ,20250324,17.7,17.78,16.17,16.59,17.53,-0.94,-5.3622,417858.38,700509.624
002046.SZ,20250321,18.69,18.8,17.53,17.53,18.74,-1.21,-6.4568,598447.32,1081322.172
002046.SZ,20250320,17.78,19.09,17.7,18.74,17.35,1.39,8.0115,790198.5,1472700.189
002046.SZ,20250319,17.3,17.53,16.97,17.35,17.39,-0.04,-0.23,268239.0,462589.258
002046.SZ,20250318,16.88,17.65,16.88,17.39,16.74,0.65,3.8829,414557.05,717029.735
002046.SZ,20250317,17.19,17.2,16.67,16.74,16.88,-0.14,-0.8294,202277.96,340919.892
002046.SZ,20250314,16.79,17.2,16.51,16.88,16.92,-0.04,-0.2364,252938.0,426617.485
002046.SZ,20250313,17.76,17.8,16.7,16.92,17.8,-0.88,-4.9438,317991.0,542703.884
002046.SZ,20250312,17.62,18.26,17.4,17.8,17.62,0.18,1.0216,417960.27,747809.472
002046.SZ,20250311,17.68,17.94,17.2,17.62,18.07,-0.45,-2.4903,495397.28,869538.712
002046.SZ,20250310,17.2,18.07,17.2,18.07,16.43,1.64,9.9817,265801.31,477836.179
002046.SZ,20250307,16.35,16.89,16.19,16.43,16.49,-0.06,-0.3639,289378.41,478340.837
002046.SZ,20250306,16.5,16.75,16.22,16.49,16.25,0.24,1.4769,391835.8,644922.356
002046.SZ,20250305,15.96,16.48,15.81,16.25,15.87,0.38,2.3945,292142.0,473267.762
002046.SZ,20250304,15.4,16.16,15.33,15.87,15.57,0.3,1.9268,246017.39,390424.253
002046.SZ,20250303,15.85,16.19,15.4,15.57,15.81,-0.24,-1.518,307292.11,482990.326
002046.SZ,20250228,16.9,16.99,15.75,15.81,17.0,-1.19,-7.0,491889.99,800222.201
002046.SZ,20250227,17.4,18.39,16.66,17.0,17.52,-0.52,-2.968,670664.12,1164000.905
002046.SZ,20250226,16.05,17.52,15.84,17.52,15.93,1.59,9.9812,431066.14,716627.138
002046.SZ,20250225,15.2,16.15,15.1,15.93,15.5,0.43,2.7742,413275.56,650530.292
002046.SZ,20250224,15.3,15.75,15.09,15.5,15.39,0.11,0.7147,424692.35,656902.676
002046.SZ,20250221,15.55,15.67,15.19,15.39,15.71,-0.32,-2.0369,452856.68,696765.486
002046.SZ,20250220,15.21,15.95,15.12,15.71,15.13,0.58,3.8334,739805.43,1148142.826
002046.SZ,20250219,13.76,15.13,13.75,15.13,13.75,1.38,10.0364,414052.14,600806.571
002046.SZ,20250218,13.53,14.28,13.43,13.75,13.59,0.16,1.1773,361690.0,504199.767
002046.SZ,20250217,13.44,13.66,13.4,13.59,13.45,0.14,1.0409,176623.98,239109.488
002046.SZ,20250214,13.72,13.82,13.3,13.45,13.72,-0.27,-1.9679,195179.84,264239.963
002046.SZ,20250213,13.97,14.26,13.71,13.72,14.03,-0.31,-2.2096,231494.0,323662.943
002046.SZ,20250212,13.7,14.08,13.58,14.03,13.75,0.28,2.0364,226076.11,313801.907
002046.SZ,20250211,13.93,13.93,13.68,13.75,13.94,-0.19,-1.363,159773.39,219621.773
002046.SZ,20250210,13.74,13.94,13.59,13.94,13.79,0.15,1.0877,213871.17,294951.645
002046.SZ,20250207,13.79,13.92,13.55,13.79,13.83,-0.04,-0.2892,317700.2,437310.419
002046.SZ,20250206,13.1,13.89,13.06,13.83,13.18,0.65,4.9317,320075.0,437028.001
002046.SZ,20250205,13.1,13.37,13.09,13.18,13.06,0.12,0.9188,168842.63,223388.131
002046.SZ,20250127,13.46,13.51,13.05,13.06,13.53,-0.47,-3.4738,156549.62,206924.559
002046.SZ,20250124,13.18,13.6,13.05,13.53,13.33,0.2,1.5004,223024.11,298238.857
002046.SZ,20250123,13.22,13.87,13.19,13.33,13.16,0.17,1.2918,293559.61,396983.008
002046.SZ,20250122,12.97,13.47,12.88,13.16,13.06,0.1,0.7657,215247.59,282453.273
002046.SZ,20250121,13.1,13.13,12.84,13.06,13.06,0.0,0.0,153201.97,198988.869
002046.SZ,20250120,13.0,13.15,12.87,13.06,12.92,0.14,1.0836,165006.0,215053.725
002046.SZ,20250117,13.1,13.19,12.71,12.92,12.9,0.02,0.155,224345.44,290466.585
002046.SZ,20250116,12.81,13.44,12.71,12.9,12.71,0.19,1.4949,196381.37,256695.086
002046.SZ,20250115,13.0,13.0,12.64,12.71,13.0,-0.29,-2.2308,154086.0,197056.527
002046.SZ,20250114,12.26,13.0,12.21,13.0,12.19,0.81,6.6448,223768.2,283984.577
002046.SZ,20250113,12.01,12.53,11.81,12.19,12.32,-0.13,-1.0552,142550.0,173014.619
002046.SZ,20250110,12.35,13.04,12.3,12.32,12.34,-0.02,-0.1621,253634.03,319846.956
002046.SZ,20250109,12.1,12.41,12.1,12.34,12.26,0.08,0.6525,142754.03,175867.297
002472.SZ,20260702,43.43,44.28,42.03,42.74,42.7,0.04,0.0937,480563.8,2077114.24923
002472.SZ,20260701,42.21,43.68,42.05,42.7,41.51,1.19,2.8668,602367.13,2590001.75369
002472.SZ,20260630,38.2,41.51,38.11,41.51,37.74,3.77,9.9894,510614.04,2057253.69231
002472.SZ,20260629,37.1,38.38,36.51,37.74,37.15,0.59,1.5882,297298.3,1113180.49135
002472.SZ,20260626,39.03,39.28,37.15,37.15,39.42,-2.27,-5.7585,339183.81,1284294.33098
002472.SZ,20260625,39.65,41.48,38.93,39.42,40.05,-0.63,-1.573,396649.39,1583843.58078
002472.SZ,20260624,40.76,41.74,39.88,40.05,40.56,-0.51,-1.2574,353560.31,1432732.74319
002472.SZ,20260623,41.5,42.18,40.1,40.56,42.11,-1.55,-3.6808,373490.13,1532595.24876
002472.SZ,20260622,43.5,43.95,40.88,42.11,43.78,-1.67,-3.8145,455475.09,1919710.89794
002472.SZ,20260618,41.6,44.85,41.44,43.78,41.76,2.02,4.8372,534781.61,2321405.78514
002472.SZ,20260617,41.88,42.25,41.17,41.76,42.31,-0.55,-1.2999,274028.73,1141196.57433
002472.SZ,20260616,42.83,43.35,42.06,42.31,42.81,-0.5,-1.168,274203.25,1169623.20504
002472.SZ,20260615,40.99,42.87,40.73,42.81,41.0,1.81,4.4146,334148.71,1403468.06964
002472.SZ,20260612,41.8,43.28,40.14,41.0,41.08,-0.08,-0.1947,450139.93,1854432.69722
002472.SZ,20260611,42.33,42.65,40.68,41.08,42.69,-1.61,-3.7714,384686.6,1587090.33048
002472.SZ,20260610,44.5,45.54,42.46,42.69,44.87,-2.18,-4.8585,443902.96,1930777.66933
002472.SZ,20260609,44.63,44.97,43.68,44.87,45.03,-0.16,-0.3553,532141.77,2365037.15825
002472.SZ,20260608,41.85,45.98,41.83,45.03,42.86,2.17,5.063,799447.01,3566684.824
002472.SZ,20260605,41.4,44.21,39.05,42.86,41.39,1.47,3.5516,561344.02,2349735.662
002472.SZ,20260604,39.84,42.8,39.6,41.39,40.24,1.15,2.8579,423689.61,1761052.785
002472.SZ,20260603,39.72,41.64,39.33,40.24,39.98,0.26,0.6503,305650.08,1242594.076
002472.SZ,20260602,39.47,41.11,39.31,39.98,38.78,1.2,3.0944,318417.36,1279340.238
002472.SZ,20260601,39.23,39.87,38.69,38.78,39.23,-0.45,-1.1471,218916.06,857681.773
002472.SZ,20260529,41.5,42.11,38.91,39.23,41.39,-2.16,-5.2187,313362.23,1258536.121
002472.SZ,20260528,42.48,42.5,40.08,41.39,42.5,-1.11,-2.6118,395617.04,1624192.86
002472.SZ,20260527,43.5,44.25,42.3,42.5,44.72,-2.22,-4.9642,420969.56,1819094.331
002472.SZ,20260526,44.12,46.12,44.12,44.72,43.63,1.09,2.4983,575692.61,2590112.444
002472.SZ,20260525,44.82,45.0,43.22,43.63,44.4,-0.77,-1.7342,339500.38,1489226.975
002472.SZ,20260522,44.9,45.22,43.82,44.4,44.46,-0.06,-0.135,432714.96,1927523.918
002472.SZ,20260521,43.41,45.98,43.3,44.46,43.08,1.38,3.2033,621939.64,2786734.616
002472.SZ,20260520,43.52,43.87,42.69,43.08,44.01,-0.93,-2.1132,290283.87,1250567.178
002472.SZ,20260519,44.11,44.98,43.4,44.01,44.11,-0.1,-0.2267,425303.57,1871064.959
002472.SZ,20260518,42.62,44.43,42.3,44.11,42.5,1.61,3.7882,519450.53,2276230.488
002472.SZ,20260515,40.98,43.62,40.9,42.5,40.73,1.77,4.3457,477230.79,2022276.804
002472.SZ,20260514,42.3,42.54,40.7,40.73,42.23,-1.5,-3.552,258375.61,1071455.686
002472.SZ,20260513,42.18,42.39,41.41,42.23,42.33,-0.1,-0.2362,238297.42,998861.56
002472.SZ,20260512,42.26,43.1,42.0,42.33,42.43,-0.1,-0.2357,270084.6,1146918.137
002472.SZ,20260511,42.19,42.83,41.75,42.43,42.45,-0.02,-0.0471,322578.3,1365687.171
002472.SZ,20260508,40.5,42.79,40.18,42.45,40.61,1.84,4.5309,425410.44,1783196.199
002472.SZ,20260507,39.96,40.77,39.56,40.61,39.81,0.8,2.0095,229420.61,927792.875
002472.SZ,20260506,39.7,40.08,39.5,39.81,39.27,0.54,1.3751,218772.53,870074.611
002472.SZ,20260430,38.37,39.67,38.34,39.27,38.3,0.97,2.5326,190760.75,747253.697
002472.SZ,20260429,38.01,38.45,37.93,38.3,38.27,0.03,0.0784,100034.95,382359.947
002472.SZ,20260428,38.49,38.79,38.08,38.27,38.48,-0.21,-0.5457,136386.66,523420.805
002472.SZ,20260427,36.74,39.08,36.63,38.48,36.63,1.85,5.0505,207522.27,793942.77
002472.SZ,20260424,37.55,37.79,36.3,36.63,38.03,-1.4,-3.6813,191839.32,705169.194
002472.SZ,20260423,38.8,38.85,37.73,38.03,38.91,-0.88,-2.2616,146040.88,557105.773
002472.SZ,20260422,38.9,39.23,38.66,38.91,38.9,0.01,0.0257,98804.03,383987.23
002472.SZ,20260421,39.0,39.26,38.48,38.9,39.08,-0.18,-0.4606,114604.52,444372.336
002472.SZ,20260420,39.35,39.58,38.92,39.08,39.19,-0.11,-0.2807,136150.47,534726.024
002472.SZ,20260417,38.83,39.28,38.57,39.19,38.79,0.4,1.0312,114293.82,445290.339
002472.SZ,20260416,38.81,38.95,38.5,38.79,38.4,0.39,1.0156,120847.37,468206.204
002472.SZ,20260415,39.0,39.27,38.29,38.4,38.35,0.05,0.1304,124669.99,481934.209
002472.SZ,20260414,38.67,38.67,37.94,38.35,37.96,0.39,1.0274,120045.97,459527.478
002472.SZ,20260413,37.95,38.37,37.7,37.96,38.14,-0.18,-0.4719,101240.26,385470.174
002472.SZ,20260410,37.56,38.4,37.4,38.14,37.04,1.1,2.9698,145571.68,554576.672
002472.SZ,20260409,36.71,37.46,36.41,37.04,37.13,-0.09,-0.2424,107963.0,399864.688
002472.SZ,20260408,35.85,37.14,35.85,37.13,35.08,2.05,5.8438,164674.21,605149.358
002472.SZ,20260407,35.18,35.51,34.73,35.08,35.18,-0.1,-0.2843,76599.31,268919.533
002472.SZ,20260403,35.91,35.99,35.11,35.18,35.9,-0.72,-2.0056,74611.89,264001.218
002472.SZ,20260402,36.62,36.62,35.68,35.9,36.71,-0.81,-2.2065,83946.44,302958.403
002472.SZ,20260401,36.75,36.86,36.3,36.71,36.01,0.7,1.9439,102594.47,375449.471
002472.SZ,20260331,36.1,36.93,35.93,36.01,35.93,0.08,0.2227,106282.55,386077.522
002472.SZ,20260330,36.13,36.36,35.53,35.93,36.58,-0.65,-1.7769,114664.62,411722.756
002472.SZ,20260327,35.65,36.98,35.55,36.58,36.27,0.31,0.8547,115539.33,420990.769
002472.SZ,20260326,36.68,37.45,36.2,36.27,36.67,-0.4,-1.0908,138531.44,510759.604
002472.SZ,20260325,36.5,37.3,36.5,36.67,36.45,0.22,0.6036,141195.46,519686.046
002472.SZ,20260324,37.74,37.87,34.91,36.45,37.26,-0.81,-2.1739,226927.36,817532.888
002472.SZ,20260323,38.4,39.2,37.0,37.26,38.47,-1.21,-3.1453,231625.08,889474.657
002472.SZ,20260320,38.59,38.97,37.73,38.47,38.47,0.0,0.0,128546.73,492549.509
002472.SZ,20260319,38.39,39.04,38.11,38.47,38.85,-0.38,-0.9781,114736.81,442927.696
002472.SZ,20260318,38.88,39.11,38.49,38.85,39.05,-0.2,-0.5122,116533.81,451930.807
002472.SZ,20260317,39.0,39.39,38.78,39.05,38.88,0.17,0.4372,117669.82,459732.1
002472.SZ,20260316,38.05,38.88,37.8,38.88,38.2,0.68,1.7801,122598.75,470526.141
002472.SZ,20260313,38.51,38.78,38.18,38.2,38.87,-0.67,-1.7237,98708.85,379531.107
002472.SZ,20260312,39.5,39.59,38.71,38.87,39.59,-0.72,-1.8186,114488.18,447070.082
002472.SZ,20260311,39.42,39.83,39.18,39.59,39.56,0.03,0.0758,158855.08,627877.08
002472.SZ,20260310,38.95,39.66,38.9,39.56,38.61,0.95,2.4605,163385.08,642472.642
002472.SZ,20260309,38.51,38.88,37.37,38.61,39.17,-0.56,-1.4297,192927.09,732445.631
002472.SZ,20260306,38.35,39.55,38.25,39.17,38.5,0.67,1.7403,132690.98,518550.548
002472.SZ,20260305,38.88,39.1,38.35,38.5,38.31,0.19,0.496,146433.65,567001.651
002472.SZ,20260304,37.38,38.88,37.33,38.31,38.32,-0.01,-0.0261,173910.59,666257.363
002472.SZ,20260303,40.44,40.74,38.22,38.32,40.52,-2.2,-5.4294,258619.07,1013272.538
002472.SZ,20260302,40.38,41.02,39.94,40.52,41.42,-0.9,-2.1729,244377.78,987720.797
002472.SZ,20260227,41.64,41.94,41.31,41.42,41.75,-0.33,-0.7904,129487.31,536984.29
002472.SZ,20260226,42.26,42.45,41.55,41.75,42.46,-0.71,-1.6722,210184.89,880205.908
002472.SZ,20260225,42.87,42.89,42.2,42.46,42.89,-0.43,-1.0026,161511.37,685720.797
002472.SZ,20260224,44.26,44.49,42.65,42.89,42.92,-0.03,-0.0699,269560.77,1164237.857
002472.SZ,20260213,42.49,43.16,42.4,42.92,42.72,0.2,0.4682,167845.38,720185.233
002472.SZ,20260212,42.23,42.9,42.23,42.72,42.23,0.49,1.1603,134067.28,571518.963
002472.SZ,20260211,42.45,42.85,42.1,42.23,42.85,-0.62,-1.4469,138942.65,589015.251
002472.SZ,20260210,42.38,43.1,42.19,42.85,41.99,0.86,2.0481,231026.58,986875.719
002472.SZ,20260209,41.96,41.99,41.33,41.99,41.23,0.76,1.8433,153114.51,638371.858
002472.SZ,20260206,40.28,41.8,40.1,41.23,40.6,0.63,1.5517,185592.31,765744.2
002472.SZ,20260205,41.1,41.23,40.37,40.6,41.51,-0.91,-2.1922,151910.0,617600.962
002472.SZ,20260204,41.0,41.51,40.65,41.51,41.28,0.23,0.5572,150205.74,616051.662
002472.SZ,20260203,40.98,41.29,40.2,41.28,40.6,0.68,1.6749,221433.04,905567.657
002472.SZ,20260202,41.4,41.97,40.51,40.6,41.53,-0.93,-2.2393,243405.53,1001005.597
002472.SZ,20260130,41.55,42.32,40.41,41.53,41.65,-0.12,-0.2881,209930.15,869120.241
002472.SZ,20260129,43.03,43.11,41.51,41.65,43.14,-1.49,-3.4539,243264.61,1026978.218
002472.SZ,20260128,44.28,44.37,42.89,43.14,44.35,-1.21,-2.7283,249832.31,1081203.094
002472.SZ,20260127,44.78,44.93,43.07,44.35,44.95,-0.6,-1.3348,258977.11,1136493.65
002472.SZ,20260126,47.99,49.47,44.71,44.95,47.46,-2.51,-5.2887,348800.16,1618825.295
002472.SZ,20260123,46.3,47.68,46.08,47.46,46.44,1.02,2.1964,252435.36,1189504.672
002472.SZ,20260122,47.85,47.92,46.26,46.44,47.66,-1.22,-2.5598,237566.33,1111187.551
002472.SZ,20260121,46.18,47.89,46.17,47.66,46.89,0.77,1.6421,228615.26,1084496.206
002472.SZ,20260120,47.15,48.5,46.45,46.89,47.0,-0.11,-0.234,279447.68,1317536.142
002472.SZ,20260119,46.59,47.48,46.08,47.0,46.25,0.75,1.6216,282490.39,1323491.172
002472.SZ,20260116,44.8,46.7,44.8,46.25,44.62,1.63,3.6531,325065.69,1495499.402
002472.SZ,20260115,44.4,44.93,44.18,44.62,44.47,0.15,0.3373,158372.49,706295.773
002472.SZ,20260114,45.56,46.1,44.0,44.47,45.65,-1.18,-2.5849,362060.06,1629492.423
002472.SZ,20260113,46.27,47.5,45.23,45.65,46.26,-0.61,-1.3186,295089.15,1367792.428
002472.SZ,20260112,46.43,46.6,45.08,46.26,46.33,-0.07,-0.1511,297299.56,1364010.134
002472.SZ,20260109,45.6,47.0,45.36,46.33,45.76,0.57,1.2456,261400.49,1213205.637
002472.SZ,20260108,45.66,46.48,45.4,45.76,45.79,-0.03,-0.0655,232465.2,1068575.29
002472.SZ,20260107,45.89,46.57,45.3,45.79,46.31,-0.52,-1.1229,247967.83,1138189.61
002472.SZ,20260106,47.01,47.52,45.78,46.31,47.0,-0.69,-1.4681,339718.31,1576350.972
002472.SZ,20260105,46.64,47.84,46.38,47.0,47.41,-0.41,-0.8648,267408.37,1256207.954
002472.SZ,20251231,48.0,48.8,47.05,47.41,47.25,0.16,0.3386,344735.25,1645408.866
002472.SZ,20251230,43.8,48.68,43.62,47.25,44.33,2.92,6.587,427482.2,1968263.175
002472.SZ,20251229,44.27,45.38,43.81,44.33,44.39,-0.06,-0.1352,258382.61,1150177.714
002472.SZ,20251226,45.12,45.12,43.48,44.39,44.6,-0.21,-0.4709,232727.69,1026928.185
002472.SZ,20251225,42.74,44.6,42.52,44.6,42.65,1.95,4.5721,276576.24,1211672.793
002472.SZ,20251224,41.73,42.78,41.73,42.65,41.63,1.02,2.4502,186459.2,790581.427
002472.SZ,20251223,41.9,41.92,41.4,41.63,42.03,-0.4,-0.9517,124621.81,518946.908
002472.SZ,20251222,41.84,42.37,41.53,42.03,41.44,0.59,1.4237,232790.66,977053.544
002472.SZ,20251219,40.07,42.19,40.01,41.44,39.82,1.62,4.0683,271679.78,1124379.326
002472.SZ,20251218,40.0,40.75,39.8,39.82,40.41,-0.59,-1.46,106877.82,428791.845
002472.SZ,20251217,39.96,40.66,39.43,40.41,40.07,0.34,0.8485,132703.64,532560.037
002472.SZ,20251216,40.21,40.49,39.51,40.07,40.37,-0.3,-0.7431,127750.74,510601.409
002472.SZ,20251215,40.59,41.28,40.33,40.37,41.18,-0.81,-1.967,125766.5,510892.626
002472.SZ,20251212,40.82,41.22,40.33,41.18,40.84,0.34,0.8325,175094.93,716559.829
002472.SZ,20251211,41.74,41.9,40.81,40.84,41.61,-0.77,-1.8505,148903.77,613677.812
002472.SZ,20251210,40.7,41.86,40.38,41.61,40.92,0.69,1.6862,194108.42,800070.404
002472.SZ,20251209,41.2,41.92,40.73,40.92,41.76,-0.84,-2.0115,192994.58,795361.184
002472.SZ,20251208,41.11,41.98,40.5,41.76,41.1,0.66,1.6058,277014.48,1141266.219
002472.SZ,20251205,40.59,41.4,40.34,41.1,41.02,0.08,0.195,235986.05,967155.283
002472.SZ,20251204,39.62,41.22,39.37,41.02,38.65,2.37,6.132,370184.22,1499446.841
002472.SZ,20251203,39.02,39.58,38.58,38.65,39.03,-0.38,-0.9736,119717.55,465134.333
002472.SZ,20251202,40.24,40.24,38.95,39.03,40.44,-1.41,-3.4866,144230.73,567298.087
002472.SZ,20251201,39.85,40.45,39.61,40.44,39.88,0.56,1.4042,173417.2,696515.065
002472.SZ,20251128,39.45,40.28,39.3,39.88,39.66,0.22,0.5547,124416.26,495565.291
002472.SZ,20251127,39.9,40.32,39.52,39.66,39.8,-0.14,-0.3518,140630.3,560546.625
002472.SZ,20251126,39.04,40.19,38.94,39.8,39.11,0.69,1.7643,191336.93,761194.115
002472.SZ,20251125,39.04,39.46,39.0,39.11,38.6,0.51,1.3212,167601.68,657331.07
002472.SZ,20251124,38.05,38.79,37.53,38.6,37.99,0.61,1.6057,147608.3,563857.063
002472.SZ,20251121,37.4,39.0,37.05,37.99,38.09,-0.1,-0.2625,230485.13,874517.267
002472.SZ,20251120,38.98,39.19,37.95,38.09,38.8,-0.71,-1.8299,132857.47,508931.667
002472.SZ,20251119,38.77,39.36,38.61,38.8,38.75,0.05,0.129,124609.72,485413.359
002472.SZ,20251118,38.9,39.19,38.5,38.75,38.9,-0.15,-0.3856,109214.54,424078.932
002472.SZ,20251117,38.3,39.09,37.92,38.9,38.51,0.39,1.0127,126040.15,488464.983
002472.SZ,20251114,38.86,39.15,38.51,38.51,39.47,-0.96,-2.4322,140347.42,544753.07
002472.SZ,20251113,39.31,39.75,39.1,39.47,39.31,0.16,0.407,113694.64,447867.501
002472.SZ,20251112,39.75,40.2,39.08,39.31,39.64,-0.33,-0.8325,140923.31,557894.438
002472.SZ,20251111,39.99,40.28,39.54,39.64,39.7,-0.06,-0.1511,138787.6,552704.838
002472.SZ,20251110,40.4,40.68,39.3,39.7,40.13,-0.43,-1.0715,170459.36,676230.656
002472.SZ,20251107,41.13,41.2,40.1,40.13,41.33,-1.2,-2.9035,203183.96,820611.332
002472.SZ,20251106,40.94,41.49,40.56,41.33,40.56,0.77,1.8984,195396.93,802262.575
002472.SZ,20251105,40.5,41.24,40.38,40.56,41.42,-0.86,-2.0763,164352.82,669490.955
002472.SZ,20251104,42.63,42.74,40.81,41.42,42.83,-1.41,-3.2921,235085.36,975267.845
002472.SZ,20251103,44.0,44.33,42.33,42.83,43.63,-0.8,-1.8336,211565.35,914186.201
002472.SZ,20251031,43.21,44.93,43.03,43.63,43.26,0.37,0.8553,277926.26,1227144.072
002472.SZ,20251030,44.5,44.51,42.9,43.26,44.49,-1.23,-2.7647,279828.46,1214762.776
002472.SZ,20251029,43.44,44.65,43.32,44.49,43.58,0.91,2.0881,243691.12,1076776.44
002472.SZ,20251028,43.75,44.18,43.0,43.58,43.68,-0.1,-0.2289,268825.55,1173186.206
002472.SZ,20251027,44.0,44.18,42.86,43.68,43.32,0.36,0.831,270002.22,1173653.454
002472.SZ,20251024,42.99,43.84,42.64,43.5,42.77,0.73,1.7068,230111.41,995388.219
002472.SZ,20251023,42.5,43.08,42.01,42.77,42.94,-0.17,-0.3959,132928.78,564042.65
002472.SZ,20251022,42.7,43.8,42.57,42.94,42.96,-0.02,-0.0466,193360.18,833454.001
002472.SZ,20251021,43.4,43.4,42.42,42.96,42.58,0.38,0.8924,233305.79,1003198.325
002472.SZ,20251020,42.03,43.5,41.75,42.58,41.2,1.38,3.3495,249170.76,1063004.45
002472.SZ,20251017,42.94,43.02,41.1,41.2,42.69,-1.49,-3.4903,207706.43,867997.169
002472.SZ,20251016,42.7,43.2,42.5,42.69,43.81,-1.12,-2.5565,214333.08,918033.561
002472.SZ,20251015,42.19,43.85,41.29,43.81,41.78,2.03,4.8588,382787.99,1637586.009
002472.SZ,20251014,45.96,46.0,41.75,41.78,45.19,-3.41,-7.5459,392232.33,1698672.42
002472.SZ,20251013,44.0,45.37,43.84,45.19,46.86,-1.67,-3.5638,362033.55,1615034.225
002472.SZ,20251010,49.18,49.76,46.8,46.86,49.2,-2.34,-4.7561,317519.5,1520726.967
002472.SZ,20251009,49.31,50.1,47.5,49.2,49.81,-0.61,-1.2247,321962.59,1582578.703
002472.SZ,20250930,50.0,50.23,49.33,49.81,50.03,-0.22,-0.4397,301476.26,1499123.513
002472.SZ,20250929,48.99,50.35,48.72,50.03,49.01,1.02,2.0812,352964.35,1753908.279
002472.SZ,20250926,50.45,51.04,48.82,49.01,51.33,-2.32,-4.5198,412684.88,2055742.142
002472.SZ,20250925,51.94,53.12,50.6,51.33,51.31,0.02,0.039,449751.95,2318076.774
002472.SZ,20250924,50.66,53.3,49.2,51.31,51.69,-0.38,-0.7352,592131.97,3055740.241
002472.SZ,20250923,50.48,53.5,50.0,51.69,50.48,1.21,2.397,660990.23,3417136.031
002472.SZ,20250922,47.15,51.3,46.61,50.48,46.69,3.79,8.1174,627577.31,3074589.747
002472.SZ,20250919,48.45,48.8,46.37,46.69,50.89,-4.2,-8.2531,597259.96,2826003.686
002472.SZ,20250918,48.6,52.67,48.0,50.89,48.45,2.44,5.0361,1003352.04,5030591.125
002472.SZ,20250917,45.78,49.24,45.2,48.45,44.76,3.69,8.244,948122.12,4539677.299
002472.SZ,20250916,41.0,44.76,40.65,44.76,40.69,4.07,10.0025,548264.23,2356575.357
002472.SZ,20250915,39.3,41.17,39.3,40.69,39.36,1.33,3.3791,382353.92,1551621.166
002472.SZ,20250912,39.45,40.4,39.01,39.36,39.26,0.1,0.2547,343945.02,1365898.989
002472.SZ,20250911,38.54,39.46,38.01,39.26,38.46,0.8,2.0801,317439.05,1235692.477
002472.SZ,20250910,38.99,39.5,37.9,38.46,39.15,-0.69,-1.7625,272483.07,1052974.867
002472.SZ,20250909,38.97,39.7,38.23,39.15,39.11,0.04,0.1023,375853.46,1468309.945
002472.SZ,20250908,37.1,39.59,36.98,39.11,36.79,2.32,6.3061,558791.82,2170374.143
002472.SZ,20250905,35.59,36.86,35.53,36.79,35.7,1.09,3.0532,181442.65,658520.3
002472.SZ,20250904,37.41,37.68,35.07,35.7,37.49,-1.79,-4.7746,307265.77,1114626.675
002472.SZ,20250903,38.18,39.1,37.0,37.49,37.68,-0.19,-0.5042,432099.49,1646517.743
002472.SZ,20250902,36.51,37.89,35.1,37.68,36.6,1.08,2.9508,453067.76,1662703.526
002472.SZ,20250901,37.37,37.8,36.41,36.6,37.26,-0.66,-1.7713,243862.22,895695.118
002472.SZ,20250829,37.07,37.84,36.35,37.26,37.11,0.15,0.4042,250193.22,930605.705
002472.SZ,20250828,36.3,37.11,36.04,37.11,36.51,0.6,1.6434,252798.87,923305.569
002472.SZ,20250827,37.51,38.27,36.5,36.51,37.5,-0.99,-2.64,274101.29,1030693.559
002472.SZ,20250826,37.73,37.79,37.3,37.5,37.99,-0.49,-1.2898,212910.1,798283.028
002472.SZ,20250825,38.1,39.08,37.45,37.99,37.95,0.04,0.1054,242954.12,926570.159
002472.SZ,20250822,37.17,38.04,37.0,37.95,37.2,0.75,2.0161,220094.38,830272.543
002472.SZ,20250821,37.79,38.1,37.0,37.2,37.97,-0.77,-2.0279,209390.44,782493.044
002472.SZ,20250820,37.64,38.18,37.21,37.97,37.64,0.33,0.8767,216247.0,816071.229
002472.SZ,20250819,37.5,38.63,36.41,37.64,37.31,0.33,0.8845,336319.05,1261718.699
002472.SZ,20250818,37.06,37.59,36.54,37.31,36.87,0.44,1.1934,292947.22,1087513.916
002472.SZ,20250815,35.73,36.95,35.61,36.87,35.9,0.97,2.7019,250432.53,916488.868
002472.SZ,20250814,36.15,36.53,35.3,35.9,36.13,-0.23,-0.6366,235445.3,848405.93
002472.SZ,20250813,35.98,36.35,35.6,36.13,35.82,0.31,0.8654,213476.79,767587.644
002472.SZ,20250812,35.6,35.96,35.23,35.82,35.6,0.22,0.618,157042.99,560032.556
002472.SZ,20250811,35.22,35.88,35.22,35.6,35.05,0.55,1.5692,173951.19,618551.6
002472.SZ,20250808,35.78,35.79,34.91,35.05,35.99,-0.94,-2.6118,192862.61,679841.756
002472.SZ,20250807,36.36,36.37,35.7,35.99,36.35,-0.36,-0.9904,203900.0,733159.222
002472.SZ,20250806,34.77,37.15,34.52,36.35,34.6,1.75,5.0578,410972.75,1476915.936
002472.SZ,20250805,34.51,34.65,34.11,34.6,34.33,0.27,0.7865,157219.46,540833.82
002472.SZ,20250804,33.4,34.35,33.3,34.33,33.7,0.63,1.8694,154258.66,520863.113
002472.SZ,20250801,33.01,34.24,32.91,33.7,33.01,0.69,2.0903,167989.73,565930.931
002472.SZ,20250731,33.26,33.89,32.88,33.01,33.24,-0.23,-0.6919,149596.24,499602.994
002472.SZ,20250730,33.87,33.91,33.01,33.24,33.99,-0.75,-2.2065,165716.73,552431.43
002472.SZ,20250729,34.27,34.36,33.78,33.99,34.38,-0.39,-1.1344,146791.13,499315.223
002472.SZ,20250728,34.75,35.13,34.26,34.38,34.64,-0.26,-0.7506,164937.2,572063.736
002472.SZ,20250725,34.76,34.99,34.35,34.64,34.74,-0.1,-0.2879,123913.14,428857.374
002472.SZ,20250724,34.2,34.88,34.12,34.74,33.75,0.99,2.9333,181299.98,627004.896
002472.SZ,20250723,33.75,34.0,33.62,33.75,33.92,-0.17,-0.5012,118765.58,401258.139
002472.SZ,20250722,34.07,34.27,33.65,33.92,34.26,-0.34,-0.9924,162092.53,549389.618
002472.SZ,20250721,34.79,35.13,34.08,34.26,34.05,0.21,0.6167,234430.1,809435.864
002472.SZ,20250718,34.05,34.13,33.62,34.05,34.0,0.05,0.1471,130856.95,443778.844
002472.SZ,20250717,34.26,34.34,33.84,34.0,34.23,-0.23,-0.6719,169843.51,578247.387
002472.SZ,20250716,33.58,34.43,32.85,34.23,33.25,0.98,2.9474,250256.93,850009.311
002472.SZ,20250715,32.45,33.65,32.44,33.25,32.52,0.73,2.2448,262852.1,873143.324
002472.SZ,20250714,32.36,32.66,31.85,32.52,31.73,0.79,2.4898,191628.9,620846.23
002472.SZ,20250711,31.03,31.96,31.03,31.73,31.02,0.71,2.2888,168057.08,532410.863
002472.SZ,20250710,31.22,31.27,30.73,31.02,31.28,-0.26,-0.8312,129042.24,399980.195
002472.SZ,20250709,31.58,32.1,31.23,31.28,31.41,-0.13,-0.4139,125402.1,396984.237
002472.SZ,20250708,31.0,31.49,31.0,31.41,31.1,0.31,0.9968,100356.23,314404.878
002472.SZ,20250707,31.8,31.83,31.0,31.1,31.8,-0.7,-2.2013,101788.32,317088.471
002472.SZ,20250704,32.23,32.25,31.68,31.8,32.23,-0.43,-1.3342,96806.91,309188.092
002472.SZ,20250703,32.27,32.48,32.05,32.23,32.27,-0.04,-0.124,100455.77,323761.781
002472.SZ,20250702,32.82,32.96,32.03,32.27,32.88,-0.61,-1.8552,94544.46,305581.576
002472.SZ,20250701,33.35,33.37,32.71,32.88,33.49,-0.61,-1.8214,118994.58,391089.021
002472.SZ,20250630,31.79,34.0,31.51,33.49,31.73,1.76,5.5468,217869.33,716348.118
002472.SZ,20250627,31.81,32.0,31.52,31.73,31.81,-0.08,-0.2515,81173.13,257881.593
002472.SZ,20250626,32.35,32.39,31.72,31.81,32.18,-0.37,-1.1498,113417.37,362740.108
002472.SZ,20250625,31.25,32.2,31.11,32.18,31.27,0.91,2.9101,155025.22,494225.653
002472.SZ,20250624,30.29,31.43,30.29,31.27,30.05,1.22,4.0599,138547.37,429976.267
002472.SZ,20250623,30.0,30.33,29.8,30.05,30.27,-0.22,-0.7268,87275.35,262190.934
002472.SZ,20250620,30.72,30.85,30.21,30.27,30.76,-0.49,-1.593,77280.19,234903.819
002472.SZ,20250619,30.72,31.6,30.61,30.76,30.78,-0.02,-0.065,115154.7,358549.971
002472.SZ,20250618,30.29,30.9,30.22,30.78,30.33,0.45,1.4837,70770.63,216646.228
002472.SZ,20250617,30.73,30.74,30.19,30.33,30.83,-0.5,-1.6218,82247.98,249738.777
002472.SZ,20250616,30.6,30.95,30.56,30.83,30.83,0.0,0.0,54668.33,168284.618
002472.SZ,20250613,31.19,31.43,30.6,30.83,31.29,-0.46,-1.4701,84067.22,259997.481
002472.SZ,20250612,31.44,31.86,31.14,31.51,31.36,0.15,0.4783,79292.8,249963.097
002472.SZ,20250611,31.21,31.73,31.0,31.36,31.15,0.21,0.6742,107688.63,339309.979
002472.SZ,20250610,31.95,32.01,30.95,31.15,31.91,-0.76,-2.3817,106387.04,333673.627
002472.SZ,20250609,32.0,32.3,31.84,31.91,32.11,-0.2,-0.6229,82510.0,264340.52
002472.SZ,20250606,32.4,32.4,31.96,32.11,32.35,-0.24,-0.7419,60647.0,194396.471
002472.SZ,20250605,31.97,32.46,31.72,32.35,31.96,0.39,1.2203,79174.38,254555.042
002472.SZ,20250604,31.7,32.43,31.55,31.96,31.61,0.35,1.1072,90672.73,291020.343
002472.SZ,20250603,31.41,31.87,31.37,31.61,31.83,-0.22,-0.6912,77986.92,246707.036
002472.SZ,20250530,32.5,32.51,31.72,31.83,32.6,-0.77,-2.362,108880.39,347870.666
002472.SZ,20250529,32.31,32.96,32.31,32.6,32.3,0.3,0.9288,97917.74,320274.542
002472.SZ,20250528,32.28,32.8,32.12,32.3,32.28,0.02,0.062,65854.42,213424.272
002472.SZ,20250527,32.95,32.99,31.9,32.28,32.87,-0.59,-1.7949,102599.05,330589.985
002472.SZ,20250526,33.07,33.36,32.72,32.87,33.08,-0.21,-0.6348,80776.0,266158.777
002472.SZ,20250523,33.52,34.14,33.0,33.08,33.53,-0.45,-1.3421,132558.54,445699.167
002472.SZ,20250522,33.47,33.98,33.4,33.53,33.73,-0.2,-0.5929,65600.62,220830.629
002472.SZ,20250521,33.35,33.93,33.02,33.73,33.54,0.19,0.5665,122626.67,410152.002
002472.SZ,20250520,33.68,33.8,32.91,33.54,33.64,-0.1,-0.2973,106332.8,354778.037
002472.SZ,20250519,34.12,34.13,33.2,33.64,34.33,-0.69,-2.0099,138890.25,466484.195
002472.SZ,20250516,34.31,35.28,34.0,34.33,34.59,-0.26,-0.7517,129377.1,449671.181
002472.SZ,20250515,35.07,35.07,34.1,34.59,35.09,-0.5,-1.4249,108724.21,374219.544
002472.SZ,20250514,34.8,35.47,34.61,35.09,34.7,0.39,1.1239,137262.2,480931.653
002472.SZ,20250513,35.27,35.27,34.35,34.7,34.79,-0.09,-0.2587,161778.53,562598.276
002472.SZ,20250512,34.41,34.82,34.26,34.79,34.05,0.74,2.1733,171446.88,593377.592
002472.SZ,20250509,34.29,34.5,33.28,34.05,34.46,-0.41,-1.1898,163564.26,553983.123
002472.SZ,20250508,34.31,35.16,34.17,34.46,34.32,0.14,0.4079,163245.61,565970.108
002472.SZ,20250507,34.98,35.39,33.91,34.32,34.68,-0.36,-1.0381,184138.45,634137.074
002472.SZ,20250506,34.01,35.14,33.8,34.68,33.7,0.98,2.908,198121.88,684578.658
002472.SZ,20250430,32.51,33.98,32.43,33.7,32.41,1.29,3.9803,190976.52,635668.307
002472.SZ,20250429,32.06,32.7,32.01,32.41,31.85,0.56,1.7582,129990.17,421861.709
002472.SZ,20250428,32.24,32.35,31.58,31.85,32.23,-0.38,-1.179,89782.33,286779.619
002472.SZ,20250425,32.16,32.43,31.7,32.23,32.07,0.16,0.4989,134740.72,433101.695
002472.SZ,20250424,32.6,32.7,31.87,32.07,32.39,-0.32,-0.988,134118.57,432328.148
002472.SZ,20250423,31.4,32.93,31.16,32.39,30.88,1.51,4.8899,275373.5,883835.209
002472.SZ,20250422,31.01,31.5,30.88,30.88,31.3,-0.42,-1.3419,94288.72,292803.251
002472.SZ,20250421,29.98,31.35,29.61,31.3,29.95,1.35,4.5075,164900.12,506901.595
002472.SZ,20250418,29.91,30.24,29.69,29.95,29.9,0.05,0.1672,80209.1,240102.817
002472.SZ,20250417,29.94,30.43,29.9,29.9,30.22,-0.32,-1.0589,89517.52,269698.023
002472.SZ,20250416,30.88,30.93,29.75,30.22,31.14,-0.92,-2.9544,152692.71,462050.016
002472.SZ,20250415,31.14,31.59,30.77,31.14,31.09,0.05,0.1608,117199.45,364557.837
002472.SZ,20250414,32.0,32.28,30.92,31.09,31.28,-0.19,-0.6074,170767.82,535930.579
002472.SZ,20250411,30.28,31.9,30.15,31.28,30.45,0.83,2.7258,220901.71,682695.464
002472.SZ,20250410,30.38,31.15,30.22,30.45,28.94,1.51,5.2177,260202.0,797085.962
002472.SZ,20250409,27.02,29.09,26.12,28.94,27.82,1.12,4.0259,319806.79,902064.094
002472.SZ,20250408,29.3,29.9,27.24,27.82,30.24,-2.42,-8.0026,393559.49,1104072.489
002472.SZ,20250407,30.77,31.18,30.24,30.24,33.6,-3.36,-10.0,107561.16,327372.323
002472.SZ,20250403,34.0,34.64,33.5,33.6,34.64,-1.04,-3.0023,138655.14,469809.52
002472.SZ,20250402,34.03,34.98,33.91,34.64,34.07,0.57,1.673,147104.17,509447.927
002472.SZ,20250401,35.48,35.58,34.05,34.07,35.45,-1.38,-3.8928,208617.6,723583.676
002472.SZ,20250331,36.1,36.36,34.8,35.45,36.58,-1.13,-3.0891,224270.62,792908.909
002472.SZ,20250328,36.53,36.9,36.12,36.58,36.68,-0.1,-0.2726,104031.4,380270.342
002472.SZ,20250327,36.0,37.33,35.83,36.68,36.22,0.46,1.27,170515.59,627582.022
002472.SZ,20250326,35.63,37.06,35.53,36.22,35.92,0.3,0.8352,145913.99,532075.339
002472.SZ,20250325,37.07,37.59,35.71,35.92,37.18,-1.26,-3.3889,186624.57,679520.867
002472.SZ,20250324,36.55,37.23,36.11,37.18,36.61,0.57,1.557,172486.35,633416.106
002472.SZ,20250321,38.23,38.29,36.5,36.61,38.56,-1.95,-5.0571,265412.97,984272.785
002472.SZ,20250320,38.41,39.2,37.73,38.56,38.45,0.11,0.2861,268865.9,1036338.594
002472.SZ,20250319,37.86,38.86,37.33,38.45,37.86,0.59,1.5584,283610.76,1085333.54
002472.SZ,20250318,37.92,38.27,37.18,37.86,37.74,0.12,0.318,207709.23,783536.314
002472.SZ,20250317,37.36,38.0,36.68,37.74,37.49,0.25,0.6668,226422.32,846936.155
002472.SZ,20250314,35.55,38.0,35.25,37.49,35.81,1.68,4.6914,375755.51,1384722.151
002472.SZ,20250313,38.33,38.42,35.5,35.81,38.15,-2.34,-6.1337,403899.19,1468340.527
002472.SZ,20250312,38.36,39.54,37.61,38.15,38.21,-0.06,-0.157,353629.58,1353821.462
002472.SZ,20250311,39.03,40.31,37.51,38.21,40.55,-2.34,-5.7707,533544.72,2060163.567
002472.SZ,20250310,39.5,41.88,39.5,40.55,38.07,2.48,6.5143,685062.02,2796489.079
002472.SZ,20250307,38.0,38.59,37.44,38.07,38.1,-0.03,-0.0787,249985.62,951374.414
002472.SZ,20250306,37.8,38.61,37.65,38.1,37.42,0.68,1.8172,315020.85,1203478.814
002472.SZ,20250305,36.5,37.61,36.4,37.42,36.79,0.63,1.7124,251427.09,935710.573
002472.SZ,20250304,36.68,37.8,36.5,36.79,36.63,0.16,0.4368,278489.75,1034579.449
002472.SZ,20250303,37.32,37.65,36.41,36.63,37.18,-0.55,-1.4793,235618.52,872871.288
002472.SZ,20250228,39.43,39.55,36.99,37.18,39.85,-2.67,-6.7001,405438.29,1540185.658
002472.SZ,20250227,39.9,40.52,39.0,39.85,40.3,-0.45,-1.1166,331409.7,1317587.929
002472.SZ,20250226,40.6,42.3,39.9,40.3,40.46,-0.16,-0.3955,460260.53,1895766.969
002472.SZ,20250225,40.01,41.58,39.75,40.46,41.14,-0.68,-1.6529,354524.44,1436674.382
002472.SZ,20250224,41.38,43.0,39.7,41.14,41.79,-0.65,-1.5554,399662.03,1651455.717
002472.SZ,20250221,38.5,42.19,38.41,41.79,39.18,2.61,6.6616,468643.07,1897648.21
002472.SZ,20250220,38.7,40.38,37.87,39.18,38.9,0.28,0.7198,435208.82,1698102.586
002472.SZ,20250219,36.5,39.0,36.12,38.9,36.55,2.35,6.4295,506790.72,1926613.208
002472.SZ,20250218,36.48,37.38,36.11,36.55,36.38,0.17,0.4673,340232.34,1250866.424
002472.SZ,20250217,35.18,36.48,35.18,36.38,35.35,1.03,2.9137,296412.13,1067142.531
002472.SZ,20250214,35.16,35.85,34.88,35.35,35.55,-0.2,-0.5626,231213.78,816985.763
002472.SZ,20250213,36.39,36.95,35.42,35.55,36.39,-0.84,-2.3083,292174.91,1051750.727
002472.SZ,20250212,35.99,36.66,35.23,36.39,36.24,0.15,0.4139,276301.45,997727.63
002472.SZ,20250211,36.5,37.08,36.05,36.24,36.73,-0.49,-1.3341,275677.66,1003028.257
002472.SZ,20250210,37.4,37.5,35.96,36.73,37.67,-0.94,-2.4954,369879.81,1351640.97
002472.SZ,20250207,37.93,38.4,36.9,37.67,37.96,-0.29,-0.764,433337.09,1631553.43
002472.SZ,20250206,35.54,38.5,35.28,37.96,35.85,2.11,5.8856,446648.69,1661405.686
002472.SZ,20250205,35.2,36.83,34.95,35.85,34.9,0.95,2.7221,383870.05,1382463.237
002472.SZ,20250127,35.33,35.93,34.78,34.9,35.33,-0.43,-1.2171,235659.06,828903.289
002472.SZ,20250124,34.85,35.9,34.26,35.33,34.28,1.05,3.063,335831.53,1183834.494
002472.SZ,20250123,35.83,36.0,34.12,34.28,35.43,-1.15,-3.2458,417924.4,1461545.148
002472.SZ,20250122,35.31,35.65,34.84,35.43,35.65,-0.22,-0.6171,267489.68,942920.308
002472.SZ,20250121,33.41,35.8,33.0,35.65,33.21,2.44,7.3472,507292.93,1761112.154
002472.SZ,20250120,33.71,33.86,33.0,33.21,33.46,-0.25,-0.7472,220903.07,737136.919
002472.SZ,20250117,33.6,34.2,32.87,33.46,33.64,-0.18,-0.5351,265358.5,886139.816
002472.SZ,20250116,33.74,34.75,33.0,33.64,33.94,-0.3,-0.8839,456664.0,1544552.495
002472.SZ,20250115,32.6,34.34,32.31,33.94,32.8,1.14,3.4756,567757.35,1901948.247
002472.SZ,20250114,30.64,32.95,30.27,32.8,30.67,2.13,6.9449,463070.86,1487162.537
002472.SZ,20250113,30.2,31.78,30.1,30.67,29.61,1.06,3.5799,430613.19,1333828.2
002472.SZ,20250110,28.74,30.65,28.22,29.61,29.5,0.11,0.3729,320818.6,951663.737
002472.SZ,20250109,28.74,29.93,28.65,29.5,29.02,0.48,1.654,205613.23,605147.374
301596.SZ,20260702,51.61,55.79,51.41,53.31,51.78,1.53,2.9548,26162.04,141549.76253
301596.SZ,20260701,50.08,53.1,50.08,51.78,50.4,1.38,2.7381,21221.1,110355.43352
301596.SZ,20260630,47.71,50.87,47.03,50.4,47.68,2.72,5.7047,18079.72,89245.49186
301596.SZ,20260629,48.1,48.1,45.41,47.68,48.12,-0.44,-0.9144,20192.97,94726.03216
301596.SZ,20260626,51.15,51.48,48.08,48.12,51.57,-3.45,-6.6899,26553.33,131015.67138
301596.SZ,20260625,54.66,54.8,51.07,51.57,54.66,-3.09,-5.6531,26735.3,139635.94698
301596.SZ,20260624,54.61,55.55,52.36,54.66,55.1,-0.44,-0.7985,21583.81,116590.56713
301596.SZ,20260623,55.73,56.8,54.0,55.1,56.6,-1.5,-2.6502,22129.04,122568.48152
301596.SZ,20260622,59.48,59.65,54.62,56.6,59.74,-3.14,-5.2561,37860.19,215056.70724
301596.SZ,20260618,56.24,59.99,55.83,59.74,56.38,3.36,5.9596,41094.08,239689.50254
301596.SZ,20260617,57.98,58.2,56.04,56.38,58.73,-2.35,-4.0014,25882.19,147580.41464
301596.SZ,20260616,57.23,58.8,56.63,58.73,57.2,1.53,2.6748,26309.92,151720.62507
301596.SZ,20260615,56.0,57.28,54.85,57.2,55.38,1.82,3.2864,24234.29,136331.17011
301596.SZ,20260612,58.1,58.5,55.0,55.38,57.66,-2.28,-3.9542,28573.78,161582.97776
301596.SZ,20260611,55.47,58.58,54.7,57.66,56.29,1.37,2.4338,27743.8,157613.74528
301596.SZ,20260610,80.06,83.69,77.89,79.0,81.2,-2.2,-2.7094,20955.17,168358.42106
301596.SZ,20260609,79.51,81.5,78.5,81.2,79.8,1.4,1.7544,22049.56,177024.6586
301596.SZ,20260608,77.9,81.44,77.43,79.8,80.75,-0.95,-1.1765,25889.77,207165.548
301596.SZ,20260605,75.35,83.8,72.11,80.75,75.5,5.25,6.9536,36384.12,283140.321
301596.SZ,20260604,72.86,77.29,72.0,75.5,73.61,1.89,2.5676,19488.93,146602.296
301596.SZ,20260603,71.81,76.43,71.56,73.61,72.3,1.31,1.8119,21430.55,159478.929
301596.SZ,20260602,73.58,75.01,71.2,72.3,73.12,-0.82,-1.1214,18831.51,136987.624
301596.SZ,20260601,76.43,76.83,72.82,73.12,76.2,-3.08,-4.042,16811.97,125152.962
301596.SZ,20260529,82.1,83.7,75.72,76.2,81.74,-5.54,-6.7776,24737.85,194325.017
301596.SZ,20260528,81.3,82.91,80.22,81.74,81.87,-0.13,-0.1588,19415.45,158290.413
301596.SZ,20260527,84.0,86.41,81.1,81.87,87.0,-5.13,-5.8966,29779.32,248014.967
301596.SZ,20260526,88.57,93.0,86.82,87.0,89.46,-2.46,-2.7498,33875.25,304445.128
301596.SZ,20260525,89.0,91.0,86.91,89.46,89.5,-0.04,-0.0447,28315.15,250302.951
301596.SZ,20260522,87.36,89.88,85.02,89.5,87.2,2.3,2.6376,39338.07,343696.633
301596.SZ,20260521,82.21,94.0,81.06,87.2,81.79,5.41,6.6145,52849.5,461690.285
301596.SZ,20260520,82.94,84.12,81.18,81.79,84.46,-2.67,-3.1613,26236.46,215399.504
301596.SZ,20260519,82.47,87.0,81.93,84.46,82.92,1.54,1.8572,38527.58,328195.132
301596.SZ,20260518,80.82,84.84,79.1,82.92,81.5,1.42,1.7423,43790.06,360768.781
301596.SZ,20260515,72.87,82.97,72.55,81.5,72.82,8.68,11.9198,47632.91,375537.394
301596.SZ,20260514,72.41,74.5,72.01,72.82,72.4,0.42,0.5801,15271.55,112119.158
301596.SZ,20260513,72.01,72.98,70.89,72.4,72.53,-0.13,-0.1792,10108.73,72818.053
301596.SZ,20260512,72.51,73.74,72.1,72.53,73.14,-0.61,-0.834,9071.35,66051.071
301596.SZ,20260511,75.37,75.5,72.32,73.14,72.57,0.57,0.7854,15044.67,110051.797
301596.SZ,20260508,70.48,73.33,69.59,72.57,70.49,2.08,2.9508,16705.49,120576.028
301596.SZ,20260507,68.36,70.59,68.02,70.49,68.36,2.13,3.1159,13947.26,97493.864
301596.SZ,20260506,68.55,69.5,67.8,68.36,68.54,-0.18,-0.2626,14734.38,100852.186
301596.SZ,20260430,67.12,69.14,67.12,68.54,67.68,0.86,1.2707,5139.31,35192.199
301596.SZ,20260429,66.8,68.0,66.68,67.68,67.31,0.37,0.5497,4884.92,33024.025
301596.SZ,20260428,68.78,69.0,66.79,67.31,69.09,-1.78,-2.5763,7171.04,48403.917
301596.SZ,20260427,66.98,70.66,66.38,69.09,66.41,2.68,4.0355,13823.3,95505.759
301596.SZ,20260424,67.3,67.88,65.63,66.41,67.29,-0.88,-1.3078,8265.23,55033.896
301596.SZ,20260423,72.52,72.56,66.97,67.29,73.46,-6.17,-8.3991,21285.03,146104.24
301596.SZ,20260422,73.96,74.48,72.72,73.46,74.2,-0.74,-0.9973,12058.81,88320.403
301596.SZ,20260421,70.91,75.57,70.52,74.2,70.84,3.36,4.7431,23583.5,173389.928
301596.SZ,20260420,70.0,71.4,69.6,70.84,69.91,0.93,1.3303,8724.62,61598.149
301596.SZ,20260417,69.63,70.17,69.22,69.91,70.25,-0.34,-0.484,5877.8,40945.599
301596.SZ,20260416,69.42,70.36,69.06,70.25,69.01,1.24,1.7968,7195.3,50200.87
301596.SZ,20260415,69.92,70.37,68.88,69.01,69.96,-0.95,-1.3579,6952.24,48439.854
301596.SZ,20260414,68.66,69.96,68.66,69.96,68.43,1.53,2.2359,8486.9,58945.14
301596.SZ,20260413,67.94,68.5,67.3,68.43,68.64,-0.21,-0.3059,6927.8,47123.923
301596.SZ,20260410,68.7,70.16,68.53,68.64,68.3,0.34,0.4978,8595.99,59502.317
301596.SZ,20260409,69.51,69.51,67.61,68.3,70.24,-1.94,-2.762,10054.2,68699.428
301596.SZ,20260408,69.47,70.36,68.16,70.24,67.54,2.7,3.9976,13156.2,91545.284
301596.SZ,20260407,67.78,67.78,66.6,67.54,67.79,-0.25,-0.3688,8268.44,55564.445
301596.SZ,20260403,69.1,70.48,66.5,67.79,70.03,-2.24,-3.1986,12529.02,85038.173
301596.SZ,20260402,71.08,71.25,68.59,70.03,72.16,-2.13,-2.9518,15983.15,111753.78
301596.SZ,20260401,65.39,75.0,65.16,72.16,64.18,7.98,12.4338,28804.74,206803.095
301596.SZ,20260331,65.0,65.5,64.09,64.18,64.87,-0.69,-1.0637,3677.2,23872.366
301596.SZ,20260330,64.03,65.1,63.62,64.87,64.94,-0.07,-0.1078,3406.4,21901.233
301596.SZ,20260327,64.89,65.5,64.0,64.94,65.26,-0.32,-0.4903,3305.0,21435.868
301596.SZ,20260326,66.77,66.98,64.9,65.26,66.66,-1.4,-2.1002,3481.0,22896.433
301596.SZ,20260325,64.13,66.78,63.26,66.66,64.24,2.42,3.7671,6784.2,44742.553
301596.SZ,20260324,63.75,64.25,62.0,64.24,62.5,1.74,2.784,6164.33,38865.129
301596.SZ,20260323,65.0,65.91,62.36,62.5,66.0,-3.5,-5.303,9941.2,63536.195
301596.SZ,20260320,67.24,67.83,66.0,66.0,67.04,-1.04,-1.5513,5708.18,38120.001
301596.SZ,20260319,69.0,69.0,66.83,67.04,69.59,-2.55,-3.6643,7133.8,48289.696
301596.SZ,20260318,68.86,69.76,68.37,69.59,68.51,1.08,1.5764,3932.69,27137.298
301596.SZ,20260317,70.67,70.67,68.5,68.51,69.16,-0.65,-0.9398,4652.2,32386.563
301596.SZ,20260316,69.34,69.59,68.5,69.16,69.03,0.13,0.1883,3773.12,26004.024
301596.SZ,20260313,69.8,70.48,68.88,69.03,69.9,-0.87,-1.2446,4315.8,30094.548
301596.SZ,20260312,71.13,71.44,69.3,69.9,71.29,-1.39,-1.9498,4742.88,33267.731
301596.SZ,20260311,72.71,72.88,70.89,71.29,72.5,-1.21,-1.669,5199.35,37234.813
301596.SZ,20260310,71.2,72.52,70.45,72.5,70.41,2.09,2.9683,8538.97,61442.035
301596.SZ,20260309,69.99,71.65,68.62,70.41,70.88,-0.47,-0.6631,6774.94,47224.688
301596.SZ,20260306,69.35,72.0,69.35,70.88,69.82,1.06,1.5182,7455.49,52820.376
301596.SZ,20260305,69.79,71.17,68.63,69.82,68.12,1.7,2.4956,7907.52,55189.296
301596.SZ,20260304,68.0,68.6,67.19,68.12,68.53,-0.41,-0.5983,6963.52,47334.123
301596.SZ,20260303,70.91,71.94,68.51,68.53,70.74,-2.21,-3.1241,10377.99,72355.915
301596.SZ,20260302,74.05,74.05,70.3,70.74,74.44,-3.7,-4.9704,13887.58,99234.237
301596.SZ,20260227,75.18,75.34,74.19,74.44,75.18,-0.74,-0.9843,4251.1,31649.045
301596.SZ,20260226,74.4,75.26,73.5,75.18,74.33,0.85,1.1435,6516.6,48472.277
301596.SZ,20260225,74.7,74.88,74.08,74.33,74.76,-0.43,-0.5752,6605.86,49138.571
301596.SZ,20260224,76.38,77.09,74.19,74.76,75.16,-0.4,-0.5322,8639.2,64965.691
301596.SZ,20260213,74.36,75.47,73.71,75.16,74.32,0.84,1.1302,6264.0,46955.292
301596.SZ,20260212,74.1,75.4,74.04,74.32,74.2,0.12,0.1617,5616.3,42042.498
301596.SZ,20260211,74.45,75.37,74.02,74.2,74.82,-0.62,-0.8287,3796.8,28183.467
301596.SZ,20260210,73.85,76.15,73.47,74.82,73.32,1.5,2.0458,11116.18,83432.746
301596.SZ,20260209,73.98,73.98,73.0,73.32,72.97,0.35,0.4796,4451.8,32688.994
301596.SZ,20260206,71.72,73.37,71.09,72.97,71.96,1.01,1.4036,6208.62,45093.019
301596.SZ,20260205,72.39,72.79,71.81,71.96,72.43,-0.47,-0.6489,4975.58,35964.725
301596.SZ,20260204,73.0,73.13,71.88,72.43,73.3,-0.87,-1.1869,5930.54,42923.902
301596.SZ,20260203,72.82,73.68,72.33,73.3,71.82,1.48,2.0607,6712.94,49101.349
301596.SZ,20260202,74.11,74.41,71.81,71.82,74.41,-2.59,-3.4807,9818.8,71905.496
301596.SZ,20260130,74.08,75.33,72.3,74.41,73.15,1.26,1.7225,8463.0,62587.947
301596.SZ,20260129,75.6,76.36,73.15,73.15,75.6,-2.45,-3.2407,9703.6,72339.482
301596.SZ,20260128,77.97,79.67,75.6,75.6,77.4,-1.8,-2.3256,12463.5,96079.351
301596.SZ,20260127,77.29,77.46,73.6,77.4,77.0,0.4,0.5195,11379.6,86156.151
301596.SZ,20260126,79.81,81.2,76.41,77.0,79.9,-2.9,-3.6295,13397.13,104438.735
301596.SZ,20260123,79.93,80.61,79.21,79.9,79.44,0.46,0.5791,9038.65,72083.585
301596.SZ,20260122,81.01,81.76,79.26,79.44,81.02,-1.58,-1.9501,9561.89,76645.525
301596.SZ,20260121,80.0,81.2,79.21,81.02,80.16,0.86,1.0729,9320.82,75218.048
301596.SZ,20260120,81.41,83.35,79.52,80.16,81.47,-1.31,-1.608,12842.42,103920.072
301596.SZ,20260119,82.6,82.92,80.33,81.47,81.28,0.19,0.2338,10525.18,85616.394
301596.SZ,20260116,78.9,82.65,78.33,81.28,78.88,2.4,3.0426,19604.33,158479.767
301596.SZ,20260115,77.96,78.88,77.2,78.88,78.43,0.45,0.5738,9154.8,71781.247
301596.SZ,20260114,79.0,79.97,77.07,78.43,79.01,-0.58,-0.7341,16169.56,127194.043
301596.SZ,20260113,80.99,81.5,78.7,79.01,80.92,-1.91,-2.3604,14192.98,113460.199
301596.SZ,20260112,79.11,81.97,78.43,80.92,78.73,2.19,2.7817,20119.01,161284.26
301596.SZ,20260109,78.39,79.49,77.7,78.73,78.39,0.34,0.4337,12387.83,97489.452
301596.SZ,20260108,77.4,79.23,77.4,78.39,77.66,0.73,0.94,10305.44,80898.39
301596.SZ,20260107,79.0,79.88,77.37,77.66,79.0,-1.34,-1.6962,12673.89,99091.989
301596.SZ,20260106,78.3,79.99,77.63,79.0,78.64,0.36,0.4578,13212.72,104337.054
301596.SZ,20260105,78.08,78.65,76.9,78.64,78.62,0.02,0.0254,13625.81,106120.994
301596.SZ,20251231,79.0,79.58,77.11,78.62,78.9,-0.28,-0.3549,15009.24,117587.637
301596.SZ,20251230,75.5,79.68,75.0,78.9,75.76,3.14,4.1447,21816.71,169437.37
301596.SZ,20251229,74.0,76.51,73.9,75.76,74.28,1.48,1.9925,11086.0,83697.074
301596.SZ,20251226,74.8,75.35,73.78,74.28,74.84,-0.56,-0.7483,8386.92,62536.312
301596.SZ,20251225,72.47,74.99,72.47,74.84,72.66,2.18,3.0003,10661.58,79153.942
301596.SZ,20251224,72.68,72.81,72.05,72.66,72.61,0.05,0.0689,4141.0,30000.053
301596.SZ,20251223,73.6,73.93,72.4,72.61,73.98,-1.37,-1.8519,6381.92,46552.502
301596.SZ,20251222,71.25,74.49,71.19,73.98,70.32,3.66,5.2048,11823.47,86564.058
301596.SZ,20251219,69.8,70.88,69.77,70.32,69.6,0.72,1.0345,3659.86,25797.437
301596.SZ,20251218,69.75,70.78,69.0,69.6,69.88,-0.28,-0.4007,3900.66,27373.086
301596.SZ,20251217,69.1,70.17,68.44,69.88,69.32,0.56,0.8078,4805.31,33232.952
301596.SZ,20251216,71.15,71.39,69.3,69.32,71.15,-1.83,-2.572,5825.01,40688.35
301596.SZ,20251215,72.69,72.77,71.03,71.15,72.86,-1.71,-2.347,5096.37,36626.07
301596.SZ,20251212,72.7,73.62,72.01,72.86,72.71,0.15,0.2063,5966.93,43472.972
301596.SZ,20251211,74.71,74.79,72.7,72.71,74.49,-1.78,-2.3896,5948.19,43644.591
301596.SZ,20251210,74.11,74.96,73.62,74.49,74.3,0.19,0.2557,5731.28,42532.311
301596.SZ,20251209,74.99,75.38,74.06,74.3,75.14,-0.84,-1.1179,4857.2,36279.442
301596.SZ,20251208,74.79,75.18,74.3,75.14,74.36,0.78,1.049,5781.72,43295.888
301596.SZ,20251205,72.61,74.36,72.38,74.36,73.08,1.28,1.7515,5100.52,37653.736
301596.SZ,20251204,74.0,74.59,72.52,73.08,72.54,0.54,0.7444,5278.0,38755.386
301596.SZ,20251203,73.02,74.65,72.35,72.54,73.77,-1.23,-1.6673,4236.92,30913.593
301596.SZ,20251202,74.12,74.77,73.6,73.77,74.7,-0.93,-1.245,3779.4,27966.735
301596.SZ,20251201,73.5,74.98,73.3,74.7,73.36,1.34,1.8266,6078.8,45246.02
301596.SZ,20251128,72.85,73.43,71.61,73.36,72.54,0.82,1.1304,4231.6,30774.649
301596.SZ,20251127,71.7,72.88,71.7,72.54,71.84,0.7,0.9744,4099.96,29682.592
301596.SZ,20251126,72.3,72.9,71.77,71.84,72.3,-0.46,-0.6362,4551.68,32935.465
301596.SZ,20251125,72.5,73.49,72.16,72.3,72.16,0.14,0.194,4852.02,35317.656
301596.SZ,20251124,70.98,72.38,70.47,72.16,70.5,1.66,2.3546,6558.71,46983.831
301596.SZ,20251121,71.99,72.5,69.91,70.5,72.26,-1.76,-2.4356,8278.11,59019.874
301596.SZ,20251120,73.37,73.97,72.16,72.26,73.37,-1.11,-1.5129,4502.4,32716.746
301596.SZ,20251119,74.61,74.87,73.17,73.37,74.58,-1.21,-1.6224,5157.99,38033.142
301596.SZ,20251118,75.01,75.65,74.07,74.58,75.64,-1.06,-1.4014,5433.0,40561.135
301596.SZ,20251117,75.08,75.79,74.85,75.64,75.14,0.5,0.6654,4982.6,37484.144
301596.SZ,20251114,74.92,76.68,74.5,75.14,75.28,-0.14,-0.186,6479.3,49051.035
301596.SZ,20251113,75.35,75.94,74.78,75.28,75.31,-0.03,-0.0398,6287.9,47313.366
301596.SZ,20251112,76.02,76.42,74.75,75.31,76.3,-0.99,-1.2975,5990.87,45214.26
301596.SZ,20251111,76.98,77.66,76.0,76.3,76.88,-0.58,-0.7544,5621.72,43075.133
301596.SZ,20251110,77.76,78.38,76.67,76.88,77.7,-0.82,-1.0553,5752.45,44336.176
301596.SZ,20251107,79.55,79.55,77.4,77.7,79.5,-1.8,-2.2642,8781.2,68416.261
301596.SZ,20251106,78.88,80.24,78.32,79.5,78.77,0.73,0.9267,7877.2,62586.213
301596.SZ,20251105,78.2,79.23,77.5,78.77,78.62,0.15,0.1908,5435.4,42730.931
301596.SZ,20251104,80.96,80.96,78.2,78.62,80.96,-2.34,-2.8903,7611.4,60218.512
301596.SZ,20251103,81.57,81.97,80.1,80.96,81.35,-0.39,-0.4794,5506.2,44469.588
301596.SZ,20251031,80.46,82.0,80.2,81.35,80.46,0.89,1.1061,7207.4,58700.092
301596.SZ,20251030,82.3,82.79,80.43,80.46,82.44,-1.98,-2.4017,7827.8,63637.941
301596.SZ,20251029,81.5,82.78,81.5,82.44,82.05,0.39,0.4753,7092.04,58247.443
301596.SZ,20251028,82.46,83.36,81.8,82.05,82.46,-0.41,-0.4972,7833.38,64676.598
301596.SZ,20251027,82.19,82.8,81.2,82.46,80.67,1.79,2.2189,10307.6,84539.456
301596.SZ,20251024,78.9,82.36,78.9,80.67,78.88,1.79,2.2693,9313.8,75257.494
301596.SZ,20251023,78.75,79.35,77.61,78.88,78.87,0.01,0.0127,6097.6,47726.415
301596.SZ,20251022,79.4,80.08,78.5,78.87,79.4,-0.53,-0.6675,5718.2,45344.283
301596.SZ,20251021,79.3,79.97,78.5,79.4,79.3,0.1,0.1261,6330.6,50147.477
301596.SZ,20251020,77.5,80.12,77.5,79.3,77.11,2.19,2.8401,10580.56,83851.875
301596.SZ,20251017,80.4,80.51,77.03,77.11,80.26,-3.15,-3.9247,11625.56,91525.92
301596.SZ,20251016,81.51,82.0,80.05,80.26,82.21,-1.95,-2.372,9360.2,75587.727
301596.SZ,20251015,81.09,82.88,80.02,82.21,81.08,1.13,1.3937,12021.85,98291.403
301596.SZ,20251014,84.38,85.88,80.81,81.08,84.3,-3.22,-3.8197,16705.26,138550.17
301596.SZ,20251013,83.4,85.01,81.0,84.3,88.0,-3.7,-4.2045,20445.97,170455.533
301596.SZ,20251010,90.0,93.94,87.32,88.0,89.09,-1.09,-1.2235,26444.9,240195.26
301596.SZ,20251009,89.23,90.44,86.66,89.09,89.28,-0.19,-0.2128,12844.4,114275.459
301596.SZ,20250930,88.63,91.47,88.03,89.28,88.43,0.85,0.9612,14936.2,133651.567
301596.SZ,20250929,89.2,90.19,87.87,88.43,89.25,-0.82,-0.9188,12029.42,106566.245
301596.SZ,20250926,91.32,92.7,89.25,89.25,92.48,-3.23,-3.4926,12473.8,113384.104
301596.SZ,20250925,92.0,92.98,91.24,92.48,92.39,0.09,0.0974,13818.65,127438.653
301596.SZ,20250924,89.0,92.74,88.0,92.39,89.58,2.81,3.1369,15689.62,142724.888
301596.SZ,20250923,92.0,92.32,87.78,89.58,91.99,-2.41,-2.6198,16149.2,144321.155
301596.SZ,20250922,91.48,93.13,91.42,92.39,91.48,0.91,0.9948,11845.85,109224.797
301596.SZ,20250919,93.41,94.77,90.7,91.48,93.86,-2.38,-2.5357,18589.42,171428.116
301596.SZ,20250918,95.04,97.9,92.6,93.86,94.9,-1.04,-1.0959,29620.79,283537.693
301596.SZ,20250917,94.6,96.13,94.06,94.9,95.1,-0.2,-0.2103,19302.41,183264.558
301596.SZ,20250916,91.23,95.5,91.19,95.1,91.23,3.87,4.242,31001.9,291478.461
301596.SZ,20250915,91.01,93.31,90.26,91.23,91.14,0.09,0.0987,15565.57,143155.316
301596.SZ,20250912,92.66,92.88,90.02,91.14,92.66,-1.52,-1.6404,16120.35,147202.157
301596.SZ,20250911,87.01,93.0,86.56,92.66,87.4,5.26,6.0183,29000.72,263143.566
301596.SZ,20250910,87.39,89.58,86.86,87.4,88.18,-0.78,-0.8846,10339.8,90967.188
301596.SZ,20250909,89.99,89.99,87.7,88.18,90.73,-2.55,-2.8105,13783.87,121756.177
301596.SZ,20250908,87.24,91.6,86.2,90.73,86.96,3.77,4.3353,21108.19,190224.136
301596.SZ,20250905,84.6,87.0,84.01,86.96,84.38,2.58,3.0576,11213.18,96466.809
301596.SZ,20250904,87.31,88.98,82.65,84.38,87.22,-2.84,-3.2561,17269.54,148082.868
301596.SZ,20250903,90.68,92.6,87.21,87.22,90.84,-3.62,-3.985,16620.9,147935.392
301596.SZ,20250902,92.99,93.3,87.19,90.84,92.58,-1.74,-1.8795,30226.5,272637.891
301596.SZ,20250901,91.04,93.3,90.8,92.58,91.21,1.37,1.502,16111.6,148789.858
301596.SZ,20250829,93.0,94.45,90.68,91.21,93.27,-2.06,-2.2086,23487.14,216832.612
301596.SZ,20250828,93.55,95.78,90.5,93.27,93.98,-0.71,-0.7555,26539.76,246427.546
301596.SZ,20250827,94.25,100.48,93.55,93.98,93.05,0.93,0.9995,39390.3,379361.722
301596.SZ,20250826,94.92,95.04,93.0,93.05,95.39,-2.34,-2.4531,17194.6,161559.756
301596.SZ,20250825,94.46,96.66,94.3,95.39,94.55,0.84,0.8884,23725.2,226275.853
301596.SZ,20250822,94.0,96.2,92.62,94.55,93.92,0.63,0.6708,22279.0,210255.315
301596.SZ,20250821,94.48,99.0,92.67,93.92,94.29,-0.37,-0.3924,31108.33,296432.09
301596.SZ,20250820,94.2,94.78,92.57,94.29,94.9,-0.61,-0.6428,19719.28,184653.068
301596.SZ,20250819,93.41,96.58,91.3,94.9,93.27,1.63,1.7476,33394.78,314023.04
301596.SZ,20250818,92.18,93.88,91.27,93.27,92.18,1.09,1.1825,23961.48,221629.47
301596.SZ,20250815,90.83,92.53,90.6,92.18,90.83,1.35,1.4863,19813.8,181516.402
301596.SZ,20250814,93.0,93.5,89.8,90.83,92.28,-1.45,-1.5713,23840.51,218069.302
301596.SZ,20250813,89.99,93.39,89.01,92.28,90.18,2.1,2.3287,27061.48,247329.762
301596.SZ,20250812,89.19,91.86,88.27,90.18,89.05,1.13,1.269,21021.4,189479.439
301596.SZ,20250811,88.88,90.56,88.6,89.05,88.8,0.25,0.2815,13845.91,124051.531
301596.SZ,20250808,91.0,91.0,88.68,88.8,91.54,-2.74,-2.9932,14958.47,133643.495
301596.SZ,20250807,90.21,92.18,89.21,91.54,91.24,0.3,0.3288,20834.07,188731.317
301596.SZ,20250806,88.91,92.2,87.58,91.24,90.66,0.58,0.6398,29702.8,267075.295
301596.SZ,20250805,92.47,92.8,89.86,90.66,91.6,-0.94,-1.0262,17968.86,163060.479
301596.SZ,20250804,86.81,92.88,86.77,91.6,86.98,4.62,5.3116,30486.64,276463.078
301596.SZ,20250801,85.01,87.77,84.64,86.98,85.41,1.57,1.8382,17169.8,148573.817
301596.SZ,20250731,83.88,87.99,83.82,85.41,84.48,0.93,1.1009,18403.0,159067.358
301596.SZ,20250730,86.22,86.22,83.61,84.48,86.46,-1.98,-2.2901,11545.6,97886.483
301596.SZ,20250729,86.02,87.09,85.5,86.46,86.8,-0.34,-0.3917,9300.8,80159.61
301596.SZ,20250728,88.56,88.56,86.28,86.8,87.08,-0.28,-0.3215,8424.2,73306.185
301596.SZ,20250725,86.36,87.48,85.86,87.08,86.36,0.72,0.8337,11572.0,100386.37
301596.SZ,20250724,85.4,87.65,85.4,86.36,85.4,0.96,1.1241,11067.8,96037.504
301596.SZ,20250723,85.95,86.17,85.1,85.4,86.28,-0.88,-1.0199,9117.8,77971.452
301596.SZ,20250722,87.61,87.8,85.91,86.28,87.66,-1.38,-1.5743,12598.2,109221.109
301596.SZ,20250721,86.48,88.46,85.71,87.66,85.75,1.91,2.2274,17697.0,154416.437
301596.SZ,20250718,86.58,86.58,85.2,85.75,85.93,-0.18,-0.2095,8716.72,74702.539
301596.SZ,20250717,86.15,87.88,85.0,85.93,86.08,-0.15,-0.1743,14476.4,125052.692
301596.SZ,20250716,83.77,86.75,83.54,86.08,83.77,2.31,2.7576,16389.2,140404.158
301596.SZ,20250715,84.51,85.5,82.86,83.77,84.51,-0.74,-0.8756,11309.15,94785.578
301596.SZ,20250714,82.16,85.82,82.16,84.51,82.59,1.92,2.3247,13951.4,117596.157
301596.SZ,20250711,80.51,83.39,80.23,82.59,80.99,1.6,1.9756,9835.4,80751.369
301596.SZ,20250710,82.18,82.71,80.4,80.99,82.68,-1.69,-2.044,9623.6,78022.34
301596.SZ,20250709,82.15,84.5,82.15,82.68,82.15,0.53,0.6452,11512.8,96190.443
301596.SZ,20250708,81.12,82.8,80.56,82.15,81.16,0.99,1.2198,7255.0,59586.182
301596.SZ,20250707,82.51,82.51,81.02,81.16,82.5,-1.34,-1.6242,5746.4,46686.352
301596.SZ,20250704,82.25,85.8,81.55,82.5,83.08,-0.58,-0.6981,9205.6,76347.679
301596.SZ,20250703,83.32,83.83,82.22,83.08,83.32,-0.24,-0.288,6535.0,54139.646
301596.SZ,20250702,86.08,87.0,82.98,83.32,86.09,-2.77,-3.2176,9369.35,78998.576
301596.SZ,20250701,87.4,87.4,85.78,86.09,87.42,-1.33,-1.5214,8069.2,69576.894
301596.SZ,20250630,86.0,88.71,86.0,87.42,85.69,1.73,2.0189,11234.0,98506.972
301596.SZ,20250627,86.08,87.48,85.39,85.69,86.06,-0.37,-0.4299,8782.2,75439.461
301596.SZ,20250626,87.4,88.0,85.86,86.06,87.41,-1.35,-1.5444,10039.87,87274.868
301596.SZ,20250625,87.0,88.0,85.46,87.41,86.99,0.42,0.4828,14535.07,126123.874
301596.SZ,20250624,83.73,87.85,83.16,86.99,83.72,3.27,3.9059,15556.07,134151.472
301596.SZ,20250623,79.39,83.97,78.29,83.72,79.6,4.12,5.1759,11254.8,92036.255
301596.SZ,20250620,82.46,82.97,79.5,79.6,83.06,-3.46,-4.1657,8826.13,71179.694
301596.SZ,20250619,120.0,121.29,116.5,116.84,120.13,-3.29,-2.7387,7569.89,90241.33
301596.SZ,20250618,117.0,120.6,116.8,120.13,117.79,2.34,1.9866,6285.0,74712.654
301596.SZ,20250617,117.5,119.3,116.9,117.79,117.16,0.63,0.5377,4465.0,52533.218
301596.SZ,20250616,116.88,118.63,116.51,117.16,117.4,-0.24,-0.2044,3999.21,46988.204
301596.SZ,20250613,118.9,120.37,117.1,117.4,118.95,-1.55,-1.3031,4700.0,55631.553
301596.SZ,20250612,118.0,120.49,116.01,118.95,118.21,0.74,0.626,5191.0,61788.525
301596.SZ,20250611,118.9,119.07,117.0,118.21,118.01,0.2,0.1695,3772.0,44677.606
301596.SZ,20250610,120.58,120.58,115.63,118.01,120.12,-2.11,-1.7566,7693.0,90536.391
301596.SZ,20250609,121.65,122.55,119.7,120.12,121.45,-1.33,-1.0951,7229.0,87351.564
301596.SZ,20250606,123.0,123.01,120.6,121.45,123.1,-1.65,-1.3404,5158.0,62580.793
301596.SZ,20250605,120.83,123.68,119.02,123.1,120.86,2.24,1.8534,6791.0,82638.598
301596.SZ,20250604,119.51,122.16,119.51,120.86,120.08,0.78,0.6496,4438.0,53685.587
301596.SZ,20250603,118.0,121.01,117.71,120.08,119.8,0.28,0.2337,4003.0,48063.243
301596.SZ,20250530,122.91,122.91,118.34,119.8,123.67,-3.87,-3.1293,7831.98,94239.073
301596.SZ,20250529,121.0,124.5,121.0,123.67,120.86,2.81,2.325,8628.0,106286.081
301596.SZ,20250528,123.8,124.63,120.15,120.86,123.8,-2.94,-2.3748,8386.0,102313.342
301596.SZ,20250527,126.0,126.36,122.6,123.8,125.89,-2.09,-1.6602,7393.0,91772.352
301596.SZ,20250526,126.13,126.41,124.09,125.89,127.4,-1.51,-1.1852,8320.0,104038.935
301596.SZ,20250523,124.45,133.87,124.1,127.4,125.03,2.37,1.8955,15299.38,197677.714
301596.SZ,20250522,125.42,128.03,124.8,125.03,126.3,-1.27,-1.0055,5746.38,72421.726
301596.SZ,20250521,127.72,128.04,125.05,126.3,128.09,-1.79,-1.3975,7510.0,94839.322
301596.SZ,20250520,129.92,130.3,126.7,128.09,129.92,-1.83,-1.4086,8489.91,108863.12
301596.SZ,20250519,135.0,135.3,126.98,129.92,136.52,-6.6,-4.8345,17013.91,220141.112
301596.SZ,20250516,131.08,139.22,131.02,136.52,132.43,4.09,3.0884,20633.0,281416.8
301596.SZ,20250515,129.9,136.17,127.28,132.43,129.01,3.42,2.651,20333.0,269170.462
301596.SZ,20250514,126.99,131.5,125.31,129.01,127.85,1.16,0.9073,10587.03,136753.585
301596.SZ,20250513,129.0,130.88,127.0,127.85,127.85,0.0,0.0,12316.0,158759.919
301596.SZ,20250512,125.55,130.97,125.55,127.85,123.98,3.87,3.1215,16382.0,210562.9
301596.SZ,20250509,130.02,131.0,121.05,123.98,132.08,-8.1,-6.1326,18706.03,232920.679
301596.SZ,20250508,127.8,134.99,126.89,132.08,127.8,4.28,3.349,19759.0,261144.677
301596.SZ,20250507,129.58,131.77,125.41,127.8,128.28,-0.48,-0.3742,16937.0,217996.958
301596.SZ,20250506,125.5,129.95,123.0,128.28,123.82,4.46,3.602,19830.0,249911.575
301596.SZ,20250430,117.98,124.8,115.67,123.82,116.68,7.14,6.1193,18921.0,229295.046
301596.SZ,20250429,113.08,117.43,112.3,116.68,114.14,2.54,2.2253,10692.0,123609.769
301596.SZ,20250428,114.29,115.87,112.86,114.14,114.3,-0.16,-0.14,7076.0,80788.94
301596.SZ,20250425,114.88,116.0,112.6,114.3,115.53,-1.23,-1.0647,8881.0,101830.027
301596.SZ,20250424,117.71,120.28,114.6,115.53,118.7,-3.17,-2.6706,12008.0,140597.23
301596.SZ,20250423,114.68,120.77,113.96,118.7,113.16,5.54,4.8957,18130.0,213680.337
301596.SZ,20250422,114.87,115.99,112.8,113.16,115.85,-2.69,-2.322,7185.0,81783.225
301596.SZ,20250421,110.44,116.5,109.91,115.85,111.69,4.16,3.7246,10496.0,119235.126
301596.SZ,20250418,112.61,114.83,111.11,111.69,113.51,-1.82,-1.6034,6561.0,73572.886
301596.SZ,20250417,114.81,116.75,113.5,113.51,114.83,-1.32,-1.1495,7561.0,86918.084
301596.SZ,20250416,116.45,117.23,113.3,114.83,116.46,-1.63,-1.3996,8435.0,97090.155
301596.SZ,20250415,118.68,119.48,115.06,116.46,118.28,-1.82,-1.5387,9921.0,115759.479
301596.SZ,20250414,116.0,120.28,115.98,118.28,114.02,4.26,3.7362,12848.0,151860.845
301596.SZ,20250411,110.24,115.85,110.07,114.02,111.82,2.2,1.9674,13660.0,155502.105
301596.SZ,20250410,114.52,115.9,110.0,111.82,107.17,4.65,4.3389,17186.0,194540.281
301596.SZ,20250409,99.0,108.5,91.9,107.17,102.98,4.19,4.0688,18380.0,187306.036
301596.SZ,20250408,101.1,107.2,99.52,102.98,100.8,2.18,2.1627,16772.0,172679.016
301596.SZ,20250407,111.16,119.0,100.8,100.8,126.0,-25.2,-20.0,17527.0,189800.353
301596.SZ,20250403,129.5,134.0,125.72,126.0,132.33,-6.33,-4.7835,13134.39,169307.706
301596.SZ,20250402,127.12,135.55,127.12,132.33,126.22,6.11,4.8408,19179.0,252613.751
301596.SZ,20250401,128.52,129.32,126.13,126.22,128.98,-2.76,-2.1399,9288.0,118333.463
301596.SZ,20250331,131.88,132.53,123.58,128.98,134.2,-5.22,-3.8897,14791.0,187394.955
301596.SZ,20250328,136.3,138.54,133.68,134.2,136.28,-2.08,-1.5263,8995.0,121787.741
301596.SZ,20250327,138.59,140.4,135.6,136.28,139.15,-2.87,-2.0625,8477.1,116990.834
301596.SZ,20250326,136.99,143.5,136.0,139.15,138.6,0.55,0.3968,9463.1,132890.731
301596.SZ,20250325,142.19,144.0,137.53,138.6,142.18,-3.58,-2.5179,11270.0,158300.128
301596.SZ,20250324,142.62,146.09,137.69,142.18,143.79,-1.61,-1.1197,15046.71,212387.422
301596.SZ,20250321,154.0,154.0,143.01,143.79,155.67,-11.88,-7.6315,22317.0,326141.788
301596.SZ,20250320,162.16,162.95,153.86,155.67,162.78,-7.11,-4.3679,20862.72,326845.452
301596.SZ,20250319,159.85,172.0,156.38,162.78,161.66,1.12,0.6928,27890.0,454118.478
301596.SZ,20250318,164.0,166.64,159.0,161.66,164.98,-3.32,-2.0124,24839.0,402190.914
301596.SZ,20250317,144.8,166.0,143.8,164.98,144.35,20.63,14.2917,42014.99,653096.835
301596.SZ,20250314,137.2,145.33,135.1,144.35,138.46,5.89,4.2539,20554.96,288605.038
301596.SZ,20250313,151.0,153.0,136.68,138.46,153.55,-15.09,-9.8274,28249.0,404341.123
301596.SZ,20250312,147.0,155.5,145.0,153.55,146.22,7.33,5.013,31879.0,481798.184
301596.SZ,20250311,143.0,148.5,142.6,146.22,146.0,0.22,0.1507,14900.91,216159.506
301596.SZ,20250310,149.0,149.5,143.01,146.0,148.8,-2.8,-1.8817,16224.0,237204.62
301596.SZ,20250307,145.0,154.07,143.38,148.8,145.6,3.2,2.1978,23283.0,347345.334
301596.SZ,20250306,147.5,152.15,145.0,145.6,143.99,1.61,1.1181,20182.18,298049.991
301596.SZ,20250305,142.69,145.88,140.51,143.99,143.17,0.82,0.5727,17495.0,250849.234
301596.SZ,20250304,133.0,145.66,132.2,143.17,133.73,9.44,7.059,26231.98,368374.378
301596.SZ,20250303,135.5,137.45,132.0,133.73,135.56,-1.83,-1.35,18625.44,251153.692
301596.SZ,20250228,149.99,150.87,135.01,135.56,152.31,-16.75,-10.9973,30646.6,429428.156
301596.SZ,20250227,151.82,157.95,147.02,152.31,153.0,-0.69,-0.451,32550.73,497915.672
301596.SZ,20250226,146.58,159.0,144.85,153.0,144.85,8.15,5.6265,45209.18,692952.472
301596.SZ,20250225,144.02,148.88,142.9,144.85,147.47,-2.62,-1.7766,22210.0,322752.752
301596.SZ,20250224,149.0,152.59,143.0,147.47,151.45,-3.98,-2.6279,26995.13,398038.331
301596.SZ,20250221,148.0,152.73,145.5,151.45,149.73,1.72,1.1487,29427.82,438482.65
301596.SZ,20250220,152.99,153.06,146.5,149.73,156.2,-6.47,-4.1421,34165.0,511820.748
301596.SZ,20250219,141.0,159.5,141.0,156.2,143.2,13.0,9.0782,41659.0,637684.716
301596.SZ,20250218,149.53,149.94,142.48,143.2,153.0,-9.8,-6.4052,28241.0,411064.241
301596.SZ,20250217,143.88,153.84,143.39,153.0,145.57,7.43,5.1041,38896.07,579274.056
301596.SZ,20250214,149.88,150.0,143.4,145.57,151.13,-5.56,-3.679,37787.81,551267.961
301596.SZ,20250213,160.6,167.08,151.13,151.13,163.03,-11.9,-7.2993,48290.74,762313.028
301596.SZ,20250212,152.0,173.01,148.38,163.03,153.68,9.35,6.0841,56615.75,913618.385
301596.SZ,20250211,156.0,161.28,151.5,153.68,159.01,-5.33,-3.352,53173.01,825663.266
301596.SZ,20250210,135.0,166.0,132.99,159.01,139.08,19.93,14.3299,76524.24,1144641.209
301596.SZ,20250207,122.8,146.3,121.0,139.08,121.92,17.16,14.0748,73158.42,986353.424
301596.SZ,20250206,108.95,128.4,108.3,121.92,109.88,12.04,10.9574,42282.38,511858.906
301596.SZ,20250205,104.51,114.5,104.51,109.88,104.21,5.67,5.4409,25518.0,279033.996
301596.SZ,20250127,109.99,110.05,104.11,104.21,109.99,-5.78,-5.255,21348.0,225490.688
301596.SZ,20250124,106.0,110.46,104.66,109.99,107.41,2.58,2.402,28075.38,303906.16
301596.SZ,20250123,104.56,110.28,103.02,107.41,103.75,3.66,3.5277,28346.0,304854.13
301596.SZ,20250122,106.15,106.94,103.0,103.75,108.1,-4.35,-4.0241,19108.0,200146.978
301596.SZ,20250121,105.8,108.28,104.23,108.1,105.38,2.72,2.5811,26231.0,280097.495
301596.SZ,20250120,110.5,111.05,105.28,105.38,109.48,-4.1,-3.745,27094.54,289175.266
301596.SZ,20250117,101.18,111.41,101.18,109.48,102.5,6.98,6.8098,38935.26,420454.402
301596.SZ,20250116,105.6,107.2,101.69,102.5,104.96,-2.46,-2.3438,18785.0,196109.022
301596.SZ,20250115,107.0,108.55,104.2,104.96,106.44,-1.48,-1.3905,22362.0,236307.739
301596.SZ,20250114,98.56,106.57,98.56,106.44,99.05,7.39,7.4609,34981.0,362582.257
301596.SZ,20250113,97.3,106.68,97.3,99.05,100.91,-1.86,-1.8432,28160.8,286855.624
301596.SZ,20250110,95.18,109.87,95.18,100.91,96.3,4.61,4.7871,31606.76,324929.029
301596.SZ,20250109,93.79,98.3,93.15,96.3,94.79,1.51,1.593,16537.0,158281.244
301368.SZ,20260702,43.8,45.88,43.44,43.81,43.43,0.38,0.875,47336.07,211041.04083
301368.SZ,20260701,42.53,44.08,41.9,43.43,41.63,1.8,4.3238,46840.88,202402.86718
301368.SZ,20260630,39.71,42.24,39.37,41.63,39.37,2.26,5.7404,33547.87,137574.04474
301368.SZ,20260629,39.01,39.69,37.93,39.37,39.08,0.29,0.7421,27034.0,105352.13747
301368.SZ,20260626,40.61,40.61,39.08,39.08,40.53,-1.45,-3.5776,25323.51,100370.34995
301368.SZ,20260625,41.73,43.9,40.36,40.53,41.73,-1.2,-2.8756,35563.53,147935.26533
301368.SZ,20260624,42.35,42.47,40.7,41.73,42.35,-0.62,-1.464,26701.0,110831.421
301368.SZ,20260623,42.07,43.7,41.77,42.35,42.47,-0.12,-0.2826,26512.0,113180.1
301368.SZ,20260622,44.02,44.58,41.2,42.47,44.4,-1.93,-4.3468,36421.86,154187.61479
301368.SZ,20260618,43.52,45.48,43.52,44.4,44.11,0.29,0.6574,28957.66,128880.47202
301368.SZ,20260617,45.29,45.52,43.8,44.11,45.51,-1.4,-3.0762,25237.85,112047.26532
301368.SZ,20260616,44.01,46.13,43.43,45.51,44.29,1.22,2.7546,32396.48,145697.80312
301368.SZ,20260615,43.81,44.48,43.28,44.29,43.54,0.75,1.7226,25126.83,110572.51597
301368.SZ,20260612,44.85,46.98,43.3,43.54,44.58,-1.04,-2.3329,39886.26,177225.687
301368.SZ,20260611,45.68,46.22,44.08,44.58,46.41,-1.83,-3.9431,29173.02,130753.80876
301368.SZ,20260610,47.91,48.99,45.63,46.41,48.8,-2.39,-4.8975,34284.97,160758.72229
301368.SZ,20260609,49.04,49.38,47.77,48.8,49.48,-0.68,-1.3743,43556.72,211351.98537
301368.SZ,20260608,46.4,49.68,46.33,49.48,48.63,0.85,1.7479,67307.67,329389.136
301368.SZ,20260605,43.95,51.4,41.33,48.63,43.95,4.68,10.6485,97789.93,453885.66
301368.SZ,20260604,44.27,45.25,43.69,43.95,45.02,-1.07,-2.3767,30455.98,135038.045
301368.SZ,20260603,46.63,47.58,44.35,45.02,46.87,-1.85,-3.9471,36554.0,167026.755
301368.SZ,20260602,47.51,48.33,46.03,46.87,47.31,-0.44,-0.93,22776.0,107211.369
301368.SZ,20260601,47.1,47.77,46.52,47.31,46.73,0.58,1.2412,19003.45,89582.717
301368.SZ,20260529,50.88,51.04,46.4,46.73,50.68,-3.95,-7.794,31514.51,151114.659
301368.SZ,20260528,51.39,51.42,49.22,50.68,51.39,-0.71,-1.3816,27914.51,140235.189
301368.SZ,20260527,53.5,53.99,51.1,51.39,54.0,-2.61,-4.8333,38911.98,203365.529
301368.SZ,20260526,54.47,56.32,52.9,54.0,53.86,0.14,0.2599,54771.34,301672.045
301368.SZ,20260525,55.26,55.5,53.0,53.86,55.04,-1.18,-2.1439,32855.27,177729.132
301368.SZ,20260522,55.66,56.46,54.12,55.04,56.18,-1.14,-2.0292,45232.0,249579.441
301368.SZ,20260521,54.58,57.89,54.5,56.18,54.62,1.56,2.8561,66436.62,374195.499
301368.SZ,20260520,55.59,55.85,54.3,54.62,56.49,-1.87,-3.3103,35870.26,196764.592
301368.SZ,20260519,55.34,57.93,55.0,56.49,55.16,1.33,2.4112,50156.65,283559.476
301368.SZ,20260518,54.05,55.55,53.89,55.16,54.55,0.61,1.1182,44903.84,245835.285
301368.SZ,20260515,52.2,56.4,52.0,54.55,51.75,2.8,5.4106,62216.49,340994.345
301368.SZ,20260514,53.37,53.8,51.75,51.75,53.38,-1.63,-3.0536,24143.0,126830.877
301368.SZ,20260513,53.04,54.18,53.0,53.38,53.61,-0.23,-0.429,20454.0,109508.16
301368.SZ,20260512,54.0,54.87,53.18,53.61,54.27,-0.66,-1.2161,26117.27,140699.438
301368.SZ,20260511,54.42,55.42,53.42,54.27,54.53,-0.26,-0.4768,36142.76,195912.062
301368.SZ,20260508,51.5,55.35,51.25,54.53,51.81,2.72,5.25,55271.72,298944.198
301368.SZ,20260507,50.33,52.1,50.0,51.81,50.28,1.53,3.043,24671.53,127263.119
301368.SZ,20260506,49.9,50.75,49.6,50.28,49.4,0.88,1.7814,18556.72,93383.716
301368.SZ,20260430,48.89,50.0,48.41,49.4,48.68,0.72,1.479,19527.0,96394.948
301368.SZ,20260429,48.11,49.22,47.59,48.68,48.1,0.58,1.2058,18571.64,90263.858
301368.SZ,20260428,49.0,50.44,48.0,48.1,48.8,-0.7,-1.4344,21871.68,107290.65
301368.SZ,20260427,47.21,49.06,46.4,48.8,47.75,1.05,2.199,24407.33,117266.622
301368.SZ,20260424,47.97,48.28,47.21,47.75,48.0,-0.25,-0.5208,17151.27,81976.727
301368.SZ,20260423,48.99,49.28,47.68,48.0,49.3,-1.3,-2.6369,22446.1,108344.272
301368.SZ,20260422,50.51,50.96,47.58,49.3,51.1,-1.8,-3.5225,43651.45,213573.964
301368.SZ,20260421,52.34,52.48,50.01,51.1,53.07,-1.97,-3.7121,36070.72,183327.75
301368.SZ,20260420,53.78,53.84,53.0,53.07,53.48,-0.41,-0.7666,15780.0,84344.034
301368.SZ,20260417,53.21,53.8,52.93,53.48,53.83,-0.35,-0.6502,15659.0,83504.375
301368.SZ,20260416,55.0,55.88,53.41,53.83,53.14,0.69,1.2985,22857.63,124006.429
301368.SZ,20260415,53.5,55.2,53.05,53.14,53.4,-0.26,-0.4869,18385.62,99159.09
301368.SZ,20260414,52.79,53.49,52.51,53.4,52.45,0.95,1.8112,13127.0,69721.866
301368.SZ,20260413,51.97,52.9,51.71,52.45,52.31,0.14,0.2676,10401.37,54459.282
301368.SZ,20260410,51.93,53.5,51.68,52.31,51.42,0.89,1.7308,15798.82,83242.168
301368.SZ,20260409,52.58,52.58,51.35,51.42,52.98,-1.56,-2.9445,13160.0,67952.362
301368.SZ,20260408,51.65,52.99,51.22,52.98,50.15,2.83,5.6431,17826.21,93109.256
301368.SZ,20260407,50.13,50.6,49.16,50.15,49.83,0.32,0.6422,9332.0,46684.154
301368.SZ,20260403,51.12,51.65,49.7,49.83,51.11,-1.28,-2.5044,11555.57,58092.695
301368.SZ,20260402,52.53,53.02,51.0,51.11,53.03,-1.92,-3.6206,16285.48,84557.968
301368.SZ,20260401,53.36,53.82,52.51,53.03,52.2,0.83,1.59,18886.11,100390.907
301368.SZ,20260331,51.8,53.36,51.64,52.2,52.03,0.17,0.3267,19421.0,102267.546
301368.SZ,20260330,51.12,53.45,50.59,52.03,51.63,0.4,0.7747,19001.61,99113.95
301368.SZ,20260327,50.5,52.0,50.27,51.63,51.43,0.2,0.3889,12265.0,62903.774
301368.SZ,20260326,52.26,53.45,51.23,51.43,52.47,-1.04,-1.9821,14180.01,74170.211
301368.SZ,20260325,51.65,52.66,51.65,52.47,51.56,0.91,1.7649,15448.0,80626.952
301368.SZ,20260324,52.8,53.0,50.02,51.56,51.88,-0.32,-0.6168,18878.4,96350.157
301368.SZ,20260323,52.0,54.23,51.0,51.88,52.61,-0.73,-1.3876,24162.58,128183.329
301368.SZ,20260320,54.8,55.08,52.57,52.61,54.68,-2.07,-3.7857,15196.0,81430.112
301368.SZ,20260319,55.77,55.83,54.3,54.68,56.4,-1.72,-3.0496,15076.06,82833.754
301368.SZ,20260318,56.39,56.54,55.52,56.4,55.88,0.52,0.9306,8209.0,46031.555
301368.SZ,20260317,57.38,57.41,55.85,55.88,57.01,-1.13,-1.9821,10325.0,58419.711
301368.SZ,20260316,56.7,57.01,56.0,57.01,56.64,0.37,0.6532,9402.0,53245.043
301368.SZ,20260313,57.14,57.64,56.5,56.64,57.62,-0.98,-1.7008,9629.0,54945.793
301368.SZ,20260312,58.71,58.9,57.3,57.62,58.65,-1.03,-1.7562,13779.07,79728.616
301368.SZ,20260311,59.79,60.19,58.51,58.65,59.71,-1.06,-1.7752,16795.01,99371.042
301368.SZ,20260310,58.68,59.86,58.36,59.71,57.99,1.72,2.966,23669.91,140275.373
301368.SZ,20260309,56.99,58.22,56.04,57.99,57.96,0.03,0.0518,16881.07,96290.233
301368.SZ,20260306,56.48,58.3,56.48,57.96,57.59,0.37,0.6425,14641.0,84700.053
301368.SZ,20260305,58.28,58.45,57.01,57.59,57.4,0.19,0.331,20419.0,117669.836
301368.SZ,20260304,56.0,58.45,55.06,57.4,56.27,1.13,2.0082,27596.66,157635.516
301368.SZ,20260303,59.6,59.73,56.15,56.27,59.23,-2.96,-4.9975,27223.48,156839.966
301368.SZ,20260302,62.12,62.3,59.05,59.23,63.32,-4.09,-6.4593,34663.72,208775.815
301368.SZ,20260227,63.22,63.5,62.54,63.32,63.16,0.16,0.2533,18545.88,116724.857
301368.SZ,20260226,63.4,63.87,63.03,63.16,63.4,-0.24,-0.3785,19011.51,120501.912
301368.SZ,20260225,64.0,64.49,63.12,63.4,63.99,-0.59,-0.922,20303.05,128980.577
301368.SZ,20260224,67.4,67.58,63.91,63.99,65.61,-1.62,-2.4691,29839.26,192760.355
301368.SZ,20260213,65.3,66.46,64.96,65.61,65.11,0.5,0.7679,28065.35,185037.893
301368.SZ,20260212,63.97,66.0,63.63,65.11,63.56,1.55,2.4386,38623.0,252171.019
301368.SZ,20260211,63.62,64.41,63.0,63.56,63.89,-0.33,-0.5165,17139.99,109136.723
301368.SZ,20260210,64.0,64.78,63.26,63.89,64.0,-0.11,-0.1719,29065.04,186169.478
301368.SZ,20260209,64.28,64.5,63.01,64.0,63.71,0.29,0.4552,32540.96,206992.23
301368.SZ,20260206,61.53,65.0,61.53,63.71,62.39,1.32,2.1157,31387.82,200556.323
301368.SZ,20260205,62.98,63.6,62.15,62.39,63.73,-1.34,-2.1026,17673.98,110556.666
301368.SZ,20260204,64.88,65.31,62.8,63.73,65.13,-1.4,-2.1495,25876.67,164911.426
301368.SZ,20260203,61.82,65.49,61.2,65.13,61.23,3.9,6.3694,47574.33,304276.642
301368.SZ,20260202,62.49,63.83,61.12,61.23,63.07,-1.84,-2.9174,24419.77,152669.747
301368.SZ,20260130,63.79,64.18,61.4,63.07,64.45,-1.38,-2.1412,35807.83,224904.867
301368.SZ,20260129,66.0,69.38,64.45,64.45,67.84,-3.39,-4.9971,56376.42,375117.027
301368.SZ,20260128,66.66,68.78,66.38,67.84,67.16,0.68,1.0125,43766.15,295350.833
301368.SZ,20260127,67.12,67.48,63.92,67.16,67.3,-0.14,-0.208,53936.01,354929.327
301368.SZ,20260126,71.7,73.0,66.76,67.3,71.68,-4.38,-6.1105,71101.48,490007.582
301368.SZ,20260123,68.9,72.51,68.9,71.68,68.89,2.79,4.0499,89985.7,642897.839
301368.SZ,20260122,70.49,71.23,68.7,68.89,70.49,-1.6,-2.2698,48427.24,337023.647
301368.SZ,20260121,68.09,71.31,67.88,70.49,69.29,1.2,1.7319,53224.99,372319.809
301368.SZ,20260120,70.36,72.81,68.51,69.29,71.27,-1.98,-2.7782,56688.95,398979.961
301368.SZ,20260119,70.5,73.5,68.35,71.27,71.25,0.02,0.0281,93767.03,667942.887
301368.SZ,20260116,67.82,71.8,67.82,71.25,68.0,3.25,4.7794,113023.09,796422.817
301368.SZ,20260115,67.22,69.73,67.22,68.0,68.68,-0.68,-0.9901,56348.18,384280.194
301368.SZ,20260114,69.0,71.49,67.6,68.68,69.9,-1.22,-1.7454,104761.65,728933.083
301368.SZ,20260113,69.5,73.68,68.38,69.9,70.09,-0.19,-0.2711,141967.49,1012936.794
301368.SZ,20260112,70.23,71.13,68.86,70.09,69.8,0.29,0.4155,106829.21,746582.935
301368.SZ,20260109,72.16,74.0,69.51,69.8,73.46,-3.66,-4.9823,149532.43,1055988.068
301368.SZ,20260108,61.68,73.46,61.51,73.46,61.22,12.24,19.9935,191687.6,1299575.739
301368.SZ,20260107,61.78,62.45,60.82,61.22,61.91,-0.69,-1.1145,33690.65,207057.322
301368.SZ,20260106,62.02,63.42,61.82,61.91,62.23,-0.32,-0.5142,37050.31,230273.172
301368.SZ,20260105,62.0,62.8,61.57,62.23,62.67,-0.44,-0.7021,42889.14,266506.271
301368.SZ,20251231,64.0,64.0,62.17,62.67,63.98,-1.31,-2.0475,51179.23,320917.392
301368.SZ,20251230,61.03,65.39,60.51,63.98,61.69,2.29,3.7121,87116.99,550345.439
301368.SZ,20251229,58.83,61.79,58.35,61.69,58.83,2.86,4.8615,63402.63,384253.168
301368.SZ,20251226,58.97,60.2,58.3,58.83,59.42,-0.59,-0.9929,38507.27,228219.285
301368.SZ,20251225,56.44,60.15,56.44,59.42,56.19,3.23,5.7484,54520.64,321903.769
301368.SZ,20251224,55.6,56.4,55.51,56.19,55.6,0.59,1.0612,11142.69,62537.572
301368.SZ,20251223,56.5,56.82,55.55,55.6,56.8,-1.2,-2.1127,16102.86,90429.527
301368.SZ,20251222,56.1,57.12,55.82,56.8,55.5,1.3,2.3423,24321.31,137585.746
301368.SZ,20251219,54.81,56.19,54.81,55.5,54.91,0.59,1.0745,14668.0,81810.676
301368.SZ,20251218,54.73,55.97,54.62,54.91,55.22,-0.31,-0.5614,14807.0,82039.015
301368.SZ,20251217,54.59,55.4,53.35,55.22,54.21,1.01,1.8631,20149.86,109617.094
301368.SZ,20251216,55.68,55.78,54.0,54.21,55.84,-1.63,-2.9191,18207.37,99351.861
301368.SZ,20251215,57.05,57.2,55.84,55.84,57.45,-1.61,-2.8024,16736.3,94400.67
301368.SZ,20251212,57.51,57.69,56.7,57.45,57.43,0.02,0.0348,23885.06,136277.267
301368.SZ,20251211,58.96,59.29,57.42,57.43,59.39,-1.96,-3.3002,24397.09,141806.716
301368.SZ,20251210,58.39,59.85,58.35,59.39,59.0,0.39,0.661,21861.0,129517.217
301368.SZ,20251209,59.61,60.48,59.0,59.0,60.22,-1.22,-2.0259,26213.96,156337.408
301368.SZ,20251208,59.77,60.56,59.0,60.22,60.3,-0.08,-0.1327,44087.47,263634.294
301368.SZ,20251205,57.53,60.93,57.26,60.3,58.4,1.9,3.2534,57653.73,341518.562
301368.SZ,20251204,57.22,59.77,57.0,58.4,55.63,2.77,4.9793,61446.27,358433.899
301368.SZ,20251203,57.22,57.6,55.61,55.63,57.09,-1.46,-2.5574,17391.12,97479.07
301368.SZ,20251202,57.67,58.39,56.98,57.09,58.15,-1.06,-1.8229,15975.37,91882.769
301368.SZ,20251201,57.0,58.42,57.0,58.15,57.34,0.81,1.4126,20999.45,121508.126
301368.SZ,20251128,56.36,58.0,55.66,57.34,56.51,0.83,1.4688,22638.38,129106.62
301368.SZ,20251127,56.35,57.5,56.3,56.51,56.85,-0.34,-0.5981,16367.26,93088.371
301368.SZ,20251126,57.0,58.17,56.5,56.85,57.29,-0.44,-0.768,19589.44,112398.292
301368.SZ,20251125,56.13,57.5,56.13,57.29,56.12,1.17,2.0848,23182.0,132334.012
301368.SZ,20251124,55.89,56.84,54.88,56.12,55.62,0.5,0.899,19606.85,109521.233
301368.SZ,20251121,55.3,56.7,53.78,55.62,55.85,-0.23,-0.4118,28515.69,157790.746
301368.SZ,20251120,57.48,57.57,55.7,55.85,56.88,-1.03,-1.8108,14434.55,81175.334
301368.SZ,20251119,58.16,58.16,56.76,56.88,57.8,-0.92,-1.5917,13071.0,74912.773
301368.SZ,20251118,58.06,58.19,57.57,57.8,58.03,-0.23,-0.3963,11737.7,67930.651
301368.SZ,20251117,57.49,58.37,57.32,58.03,57.5,0.53,0.9217,14032.73,81128.655
301368.SZ,20251114,58.65,58.7,57.48,57.5,59.1,-1.6,-2.7073,21122.34,122473.38
301368.SZ,20251113,59.23,59.48,58.58,59.1,59.19,-0.09,-0.1521,15710.0,92825.367
301368.SZ,20251112,60.44,60.68,58.67,59.19,61.11,-1.92,-3.1419,22904.16,136406.423
301368.SZ,20251111,60.5,61.44,60.13,61.11,60.48,0.63,1.0417,18121.32,110275.994
301368.SZ,20251110,61.27,61.6,60.03,60.48,61.85,-1.37,-2.215,25532.94,154889.578
301368.SZ,20251107,63.85,64.43,61.85,61.85,63.77,-1.92,-3.0108,32683.81,203880.625
301368.SZ,20251106,62.41,65.51,61.75,63.77,62.4,1.37,2.1955,46361.99,296098.452
301368.SZ,20251105,63.02,64.12,61.69,62.4,63.2,-0.8,-1.2658,25764.8,161090.86
301368.SZ,20251104,64.96,65.59,62.8,63.2,64.88,-1.68,-2.5894,26325.71,168131.435
301368.SZ,20251103,64.18,65.39,63.25,64.88,63.28,1.6,2.5284,34416.76,222246.458
301368.SZ,20251031,61.0,64.2,60.88,63.28,61.0,2.28,3.7377,46566.52,294116.845
301368.SZ,20251030,63.55,63.79,60.98,61.0,64.53,-3.53,-5.4703,55772.89,346712.037
301368.SZ,20251029,64.88,65.17,64.22,64.53,64.82,-0.29,-0.4474,20921.9,135017.683
301368.SZ,20251028,65.55,65.68,64.79,64.82,65.55,-0.73,-1.1137,24521.3,159559.141
301368.SZ,20251027,66.12,66.51,65.0,65.55,65.61,-0.06,-0.0914,26182.37,172004.451
301368.SZ,20251024,64.32,65.87,64.1,65.61,63.82,1.79,2.8048,30308.6,197527.661
301368.SZ,20251023,63.79,64.35,62.82,63.82,64.41,-0.59,-0.916,20416.55,129264.756
301368.SZ,20251022,64.6,65.66,63.8,64.41,64.74,-0.33,-0.5097,20257.6,130880.978
301368.SZ,20251021,64.5,64.75,63.5,64.74,64.18,0.56,0.8725,18752.76,120733.969
301368.SZ,20251020,63.6,64.88,63.36,64.18,62.71,1.47,2.3441,24316.85,156209.83
301368.SZ,20251017,64.66,65.58,62.51,62.71,65.03,-2.32,-3.5676,23323.39,149113.183
301368.SZ,20251016,65.3,65.96,64.66,65.03,65.99,-0.96,-1.4548,22824.55,148842.619
301368.SZ,20251015,63.84,66.36,62.7,65.99,63.7,2.29,3.595,37310.76,241973.605
301368.SZ,20251014,67.0,67.88,63.24,63.7,66.64,-2.94,-4.4118,36004.39,235928.312
301368.SZ,20251013,65.0,66.98,64.25,66.64,68.77,-2.13,-3.0973,39276.08,260008.056
301368.SZ,20251010,72.11,72.77,68.58,68.77,72.12,-3.35,-4.645,49746.58,349603.273
301368.SZ,20251009,72.33,73.19,71.2,72.12,72.31,-0.19,-0.2628,39720.7,286344.381
301368.SZ,20250930,72.98,73.77,72.28,72.31,72.96,-0.65,-0.8909,37906.91,276224.874
301368.SZ,20250929,71.82,73.78,70.6,72.96,72.23,0.73,1.0107,43228.25,313417.42
301368.SZ,20250926,74.45,74.89,72.1,72.23,74.91,-2.68,-3.5776,45061.55,330031.328
301368.SZ,20250925,74.08,76.8,74.01,74.91,75.18,-0.27,-0.3591,70740.24,534054.914
301368.SZ,20250924,72.74,75.56,72.01,75.18,73.5,1.68,2.2857,65332.33,484920.653
301368.SZ,20250923,74.52,75.17,70.88,73.5,74.52,-1.02,-1.3688,69610.93,506676.224
301368.SZ,20250922,75.35,75.56,73.93,74.52,74.32,0.2,0.2691,70609.49,527145.819
301368.SZ,20250919,76.17,76.5,74.09,74.32,77.38,-3.06,-3.9545,83727.52,628245.371
301368.SZ,20250918,81.51,83.17,76.0,77.38,82.11,-4.73,-5.7606,176125.74,1407633.433
301368.SZ,20250917,80.33,85.5,77.8,82.11,75.66,6.45,8.525,225837.0,1834684.054
301368.SZ,20250916,71.02,76.67,71.02,75.66,71.0,4.66,6.5634,153192.05,1135376.965
301368.SZ,20250915,70.71,73.0,70.31,71.0,70.78,0.22,0.3108,59673.58,428547.938
301368.SZ,20250912,72.24,73.12,70.68,70.78,72.5,-1.72,-2.3724,74771.54,536347.844
301368.SZ,20250911,70.58,72.5,70.0,72.5,71.6,0.9,1.257,72716.59,519832.905
301368.SZ,20250910,68.18,73.15,68.18,71.6,69.01,2.59,3.7531,82356.79,585478.451
301368.SZ,20250909,69.35,69.99,68.71,69.01,70.41,-1.4,-1.9884,42101.29,291611.133
301368.SZ,20250908,67.7,73.25,67.58,70.41,68.02,2.39,3.5137,67876.43,480607.76
301368.SZ,20250905,66.77,68.11,66.09,68.02,66.77,1.25,1.8721,39764.14,268763.362
301368.SZ,20250904,69.68,70.71,65.9,66.77,69.98,-3.21,-4.587,59635.85,405658.872
301368.SZ,20250903,74.13,74.45,69.88,69.98,74.07,-4.09,-5.5218,77129.91,552554.387
301368.SZ,20250902,71.67,77.53,69.02,74.07,71.11,2.96,4.1626,140219.91,1022522.07
301368.SZ,20250901,69.5,71.25,69.45,71.11,70.42,0.69,0.9798,50000.68,353764.156
301368.SZ,20250829,70.63,71.6,68.51,70.42,70.3,0.12,0.1707,55935.21,392110.984
301368.SZ,20250828,69.35,70.3,67.66,70.3,69.01,1.29,1.8693,68719.93,474243.671
301368.SZ,20250827,71.0,72.99,69.01,69.01,71.12,-2.11,-2.9668,77262.52,552792.532
301368.SZ,20250826,72.6,72.6,71.0,71.12,73.4,-2.28,-3.1063,66302.92,475732.053
301368.SZ,20250825,71.71,74.86,71.7,73.4,71.59,1.81,2.5283,104984.47,771227.132
301368.SZ,20250822,72.2,72.25,70.8,71.59,71.47,0.12,0.1679,71063.6,508142.397
301368.SZ,20250821,74.0,74.6,71.05,71.47,74.19,-2.72,-3.6663,90284.24,655242.51
301368.SZ,20250820,74.8,75.89,72.42,74.19,76.39,-2.2,-2.88,139832.74,1035037.408
301368.SZ,20250819,67.88,79.0,67.2,76.39,67.42,8.97,13.3047,217920.81,1586248.141
301368.SZ,20250818,66.8,67.68,66.03,67.42,65.86,1.56,2.3687,83081.17,556173.267
301368.SZ,20250815,64.26,66.2,64.0,65.86,64.27,1.59,2.4739,58760.55,385566.066
301368.SZ,20250814,66.2,66.3,63.6,64.27,66.19,-1.92,-2.9007,64526.5,419360.166
301368.SZ,20250813,65.2,66.69,64.63,66.19,65.26,0.93,1.4251,62417.68,410184.229
301368.SZ,20250812,65.7,65.95,64.5,65.26,65.58,-0.32,-0.488,40250.0,261660.569
301368.SZ,20250811,65.25,66.06,64.87,65.58,64.7,0.88,1.3601,45136.09,295745.19
301368.SZ,20250808,66.21,66.53,64.7,64.7,66.86,-2.16,-3.2306,62057.44,405931.1
301368.SZ,20250807,65.0,67.35,65.0,66.86,65.66,1.2,1.8276,124605.68,829961.127
301368.SZ,20250806,63.15,66.18,62.82,65.66,63.15,2.51,3.9747,115547.03,751791.888
301368.SZ,20250805,64.0,64.0,62.42,63.15,64.39,-1.24,-1.9258,75445.83,475650.072
301368.SZ,20250804,61.5,64.47,61.35,64.39,61.88,2.51,4.0562,58185.88,369131.034
301368.SZ,20250801,62.05,63.13,61.3,61.88,62.38,-0.5,-0.8015,31837.9,197236.8
301368.SZ,20250731,62.51,63.76,62.2,62.38,62.38,0.0,0.0,38240.03,241171.906
301368.SZ,20250730,63.5,63.5,62.13,62.38,63.5,-1.12,-1.7638,37365.67,234103.142
301368.SZ,20250729,63.6,64.08,63.03,63.5,64.12,-0.62,-0.9669,35642.87,226222.42
301368.SZ,20250728,65.0,65.4,63.95,64.12,64.68,-0.56,-0.8658,38230.04,246695.619
301368.SZ,20250725,64.2,64.76,63.8,64.68,64.18,0.5,0.7791,38628.15,248447.073
301368.SZ,20250724,63.99,65.0,63.9,64.18,63.95,0.23,0.3597,32208.6,206960.762
301368.SZ,20250723,64.6,65.1,63.5,63.95,64.5,-0.55,-0.8527,45436.62,292344.197
301368.SZ,20250722,65.71,65.98,64.48,64.5,66.49,-1.99,-2.9929,74419.84,484611.503
301368.SZ,20250721,64.98,67.0,63.98,66.49,63.47,3.02,4.7582,127780.37,840422.3
301368.SZ,20250718,63.3,63.62,62.42,63.47,63.3,0.17,0.2686,52503.0,331355.162
301368.SZ,20250717,62.05,64.35,61.82,63.3,62.45,0.85,1.3611,67820.36,428052.126
301368.SZ,20250716,62.0,63.61,61.43,62.45,61.88,0.57,0.9211,64434.2,403383.179
301368.SZ,20250715,62.0,62.3,61.05,61.88,62.16,-0.28,-0.4505,51636.98,318394.982
301368.SZ,20250714,60.86,62.88,60.63,62.16,60.87,1.29,2.1193,78895.66,488231.698
301368.SZ,20250711,58.93,61.43,58.41,60.87,58.95,1.92,3.257,60041.66,362009.008
301368.SZ,20250710,59.18,59.69,58.73,58.95,60.16,-1.21,-2.0113,42351.0,250243.368
301368.SZ,20250709,61.5,62.5,59.98,60.16,60.06,0.1,0.1665,77308.1,474711.878
301368.SZ,20250708,59.2,60.39,58.85,60.06,59.12,0.94,1.59,31389.0,187609.621
301368.SZ,20250707,60.13,60.13,58.81,59.12,60.13,-1.01,-1.6797,29150.0,172400.135
301368.SZ,20250704,60.1,61.5,59.0,60.13,60.1,0.03,0.0499,50828.0,306178.342
301368.SZ,20250703,59.45,60.71,59.01,60.1,59.81,0.29,0.4849,32673.0,195452.843
301368.SZ,20250702,61.3,61.3,59.22,59.81,61.08,-1.27,-2.0792,31391.0,188002.167
301368.SZ,20250701,61.85,61.98,60.2,61.08,61.83,-0.75,-1.213,39549.7,240970.644
301368.SZ,20250630,61.3,62.22,61.07,61.83,61.1,0.73,1.1948,37904.0,233798.227
301368.SZ,20250627,61.51,62.0,60.82,61.1,61.45,-0.35,-0.5696,37196.0,228585.496
301368.SZ,20250626,61.96,63.86,61.4,61.45,62.17,-0.72,-1.1581,60241.54,375338.323
301368.SZ,20250625,61.15,62.68,60.5,62.17,61.2,0.97,1.585,78397.82,485329.568
301368.SZ,20250624,57.11,61.22,57.11,61.2,56.79,4.41,7.7655,95010.43,570223.959
301368.SZ,20250623,56.0,57.46,55.8,56.79,57.48,-0.69,-1.2004,38370.74,217528.066
301368.SZ,20250620,59.66,60.23,57.39,57.48,60.25,-2.77,-4.5975,55175.92,323078.206
301368.SZ,20250619,57.97,62.77,57.21,60.25,58.14,2.11,3.6292,99706.64,596354.769
301368.SZ,20250618,57.34,58.39,56.81,58.14,57.33,0.81,1.4129,31117.9,178992.098
301368.SZ,20250617,57.25,57.87,56.78,57.33,57.33,0.0,0.0,24667.9,141137.801
301368.SZ,20250616,56.61,58.05,56.48,57.33,57.1,0.23,0.4028,28565.0,164304.138
301368.SZ,20250613,58.1,58.68,56.93,57.1,58.73,-1.63,-2.7754,30265.16,174281.929
301368.SZ,20250612,59.27,59.59,58.49,58.73,59.27,-0.54,-0.9111,24289.26,143542.356
301368.SZ,20250611,59.09,59.82,58.83,59.34,58.95,0.39,0.6616,33099.0,196372.344
301368.SZ,20250610,59.93,60.0,57.26,58.95,59.92,-0.97,-1.6188,50312.19,295352.137
301368.SZ,20250609,59.8,60.6,59.39,59.92,59.54,0.38,0.6382,37760.68,226676.049
301368.SZ,20250606,59.9,60.12,59.1,59.54,60.16,-0.62,-1.0306,32507.92,193378.868
301368.SZ,20250605,59.48,60.6,58.3,60.16,59.18,0.98,1.656,53777.76,320870.942
301368.SZ,20250604,60.0,60.0,58.92,59.18,59.06,0.12,0.2032,32169.15,190812.696
301368.SZ,20250603,58.96,59.56,58.21,59.06,59.0,0.06,0.1017,24074.15,142298.092
301368.SZ,20250530,61.27,61.27,58.69,59.0,61.27,-2.27,-3.7049,35945.28,213544.465
301368.SZ,20250529,60.8,62.14,60.46,61.27,60.85,0.42,0.6902,37351.79,229164.203
301368.SZ,20250528,62.9,63.2,60.49,60.85,62.38,-1.53,-2.4527,40966.93,252419.672
301368.SZ,20250527,64.51,64.52,62.17,62.38,64.52,-2.14,-3.3168,32715.0,205935.584
301368.SZ,20250526,64.03,65.0,63.08,64.52,63.72,0.8,1.2555,34778.0,222968.991
301368.SZ,20250523,64.53,66.08,63.5,63.72,64.88,-1.16,-1.7879,43012.76,278995.508
301368.SZ,20250522,66.44,66.97,64.78,64.88,66.24,-1.36,-2.0531,31997.0,210294.82
301368.SZ,20250521,67.42,67.48,65.9,66.24,67.4,-1.16,-1.7211,31928.66,212078.828
301368.SZ,20250520,67.17,68.8,65.8,67.4,67.17,0.23,0.3424,39797.5,268475.121
301368.SZ,20250519,68.0,68.27,65.47,67.17,68.19,-1.02,-1.4958,42906.5,285939.296
301368.SZ,20250516,68.0,70.26,67.85,68.19,68.4,-0.21,-0.307,39886.0,275660.952
301368.SZ,20250515,71.0,71.0,68.15,68.4,70.88,-2.48,-3.4989,46275.0,319135.9
301368.SZ,20250514,71.15,72.19,70.2,70.88,71.5,-0.62,-0.8671,48451.0,344411.565
301368.SZ,20250513,74.11,74.47,71.38,71.5,72.32,-0.82,-1.1338,68970.0,502465.202
301368.SZ,20250512,70.9,72.77,70.4,72.32,69.53,2.79,4.0127,62006.5,444969.582
301368.SZ,20250509,71.75,71.95,68.66,69.53,72.1,-2.57,-3.5645,54616.66,381376.314
301368.SZ,20250508,71.7,73.49,71.14,72.1,71.86,0.24,0.334,54090.66,391869.268
301368.SZ,20250507,73.6,74.0,70.37,71.86,72.89,-1.03,-1.4131,75263.15,544882.889
301368.SZ,20250506,72.5,73.16,70.49,72.89,71.43,1.46,2.044,80547.81,580976.385
301368.SZ,20250430,70.09,72.6,68.87,71.43,69.3,2.13,3.0736,74247.0,525588.867
301368.SZ,20250429,66.6,70.0,65.55,69.3,66.13,3.17,4.7936,72619.0,499248.766
301368.SZ,20250428,68.3,68.7,65.92,66.13,68.5,-2.37,-3.4599,44086.71,294274.984
301368.SZ,20250425,68.02,69.73,67.11,68.5,68.3,0.2,0.2928,59831.0,410441.364
301368.SZ,20250424,69.33,70.44,66.83,68.3,70.6,-2.3,-3.2578,84035.79,577672.302
301368.SZ,20250423,66.3,72.66,65.7,70.6,65.4,5.2,7.9511,117301.18,811737.524
301368.SZ,20250422,67.0,68.65,65.2,65.4,65.87,-0.47,-0.7135,72109.0,482036.89
301368.SZ,20250421,62.5,66.1,62.05,65.87,63.31,2.56,4.0436,56219.71,363652.436
301368.SZ,20250418,64.55,64.55,62.98,63.31,64.08,-0.77,-1.2016,23098.0,146943.562
301368.SZ,20250417,64.51,65.6,63.9,64.08,64.52,-0.44,-0.682,33342.0,215860.556
301368.SZ,20250416,66.57,66.84,63.7,64.52,66.57,-2.05,-3.0795,39131.0,254488.34
301368.SZ,20250415,66.8,67.95,65.26,66.57,66.94,-0.37,-0.5527,50028.0,332420.36
301368.SZ,20250414,67.74,68.6,66.06,66.94,65.75,1.19,1.8099,50454.12,338992.7
301368.SZ,20250411,63.28,67.28,63.28,65.75,64.3,1.45,2.2551,70234.0,464640.99
301368.SZ,20250410,63.72,67.77,62.9,64.3,61.16,3.14,5.1341,91818.76,598321.995
301368.SZ,20250409,56.0,61.67,50.3,61.16,56.9,4.26,7.4868,99108.5,565262.226
301368.SZ,20250408,58.0,60.35,55.1,56.9,56.7,0.2,0.3527,73289.0,421037.92
301368.SZ,20250407,63.33,65.98,56.7,56.7,70.87,-14.17,-19.9944,74483.66,447291.278
301368.SZ,20250403,72.58,74.33,70.7,70.87,73.31,-2.44,-3.3283,45071.91,324971.583
301368.SZ,20250402,71.12,75.36,71.12,73.31,71.2,2.11,2.9635,71098.0,525046.233
301368.SZ,20250401,73.65,73.72,71.13,71.2,72.78,-1.58,-2.1709,33587.33,241652.878
301368.SZ,20250331,72.5,73.1,68.88,72.78,73.36,-0.58,-0.7906,73767.5,519433.055
301368.SZ,20250328,75.53,76.74,73.07,73.36,75.91,-2.55,-3.3592,51315.12,381173.406
301368.SZ,20250327,76.0,78.98,74.69,75.91,76.41,-0.5,-0.6544,55665.97,428150.235
301368.SZ,20250326,74.62,78.5,74.48,76.41,75.23,1.18,1.5685,60860.34,469425.787
301368.SZ,20250325,78.61,79.25,75.0,75.23,78.0,-2.77,-3.5513,50514.72,386817.162
301368.SZ,20250324,78.87,80.37,74.86,78.0,79.0,-1.0,-1.2658,72749.87,561859.182
301368.SZ,20250321,83.1,84.48,79.0,79.0,84.49,-5.49,-6.4978,77206.37,620406.027
301368.SZ,20250320,84.55,87.78,81.41,84.49,87.08,-2.59,-2.9743,95613.98,805126.253
301368.SZ,20250319,87.83,91.42,85.8,87.08,86.24,0.84,0.974,110125.0,969644.456
301368.SZ,20250318,87.4,87.78,85.4,86.24,87.6,-1.36,-1.5525,68398.97,591057.061
301368.SZ,20250317,84.35,87.66,82.88,87.6,85.9,1.7,1.979,87282.97,748083.551
301368.SZ,20250314,81.6,87.75,80.09,85.9,82.99,2.91,3.5064,113321.0,951341.239
301368.SZ,20250313,87.47,89.0,80.08,82.99,89.3,-6.31,-7.0661,126848.97,1057417.675
301368.SZ,20250312,87.6,92.57,87.51,89.3,88.0,1.3,1.4773,124361.7,1119790.693
301368.SZ,20250311,86.9,90.48,83.75,88.0,89.2,-1.2,-1.3453,133044.7,1154554.979
301368.SZ,20250310,97.0,97.0,88.56,89.2,97.0,-7.8,-8.0412,156195.0,1427958.687
301368.SZ,20250307,84.0,101.04,83.2,97.0,84.2,12.8,15.2019,226049.03,2085395.425
301368.SZ,20250306,84.27,85.87,83.0,84.2,85.38,-1.18,-1.3821,123382.66,1039843.807
301368.SZ,20250305,81.85,86.46,80.27,85.38,84.38,1.0,1.1851,146454.99,1219881.379
301368.SZ,20250304,80.83,87.22,79.6,84.38,80.0,4.38,5.475,198037.46,1663150.297
301368.SZ,20250303,73.0,83.99,70.69,80.0,69.99,10.01,14.302,231107.96,1814031.986
301368.SZ,20250228,78.54,79.98,69.6,69.99,78.64,-8.65,-10.9995,149292.8,1092878.328
301368.SZ,20250227,85.6,88.88,75.32,78.64,78.55,0.09,0.1146,201143.51,1667137.527
301368.SZ,20250226,77.0,82.59,76.4,78.55,77.4,1.15,1.4858,146604.8,1170399.386
301368.SZ,20250225,75.61,81.18,75.61,77.4,78.1,-0.7,-0.8963,116838.0,913708.407
301368.SZ,20250224,75.88,79.6,73.68,78.1,77.23,0.87,1.1265,124308.66,958026.073
301368.SZ,20250221,76.25,79.7,75.58,77.23,78.15,-0.92,-1.1772,134127.0,1032513.545
301368.SZ,20250220,76.94,83.35,76.63,78.15,76.63,1.52,1.9836,193910.81,1528871.775
301368.SZ,20250219,64.68,76.63,64.58,76.63,63.86,12.77,19.9969,199117.35,1421453.235
301368.SZ,20250218,65.0,66.1,63.39,63.86,65.96,-2.1,-3.1837,88164.0,568562.851
301368.SZ,20250217,62.8,65.99,61.92,65.96,62.37,3.59,5.756,105739.97,681540.867
301368.SZ,20250214,62.48,65.2,61.9,62.37,64.16,-1.79,-2.7899,100123.31,634256.818
301368.SZ,20250213,65.93,68.49,63.8,64.16,65.94,-1.78,-2.6994,107131.0,708751.488
301368.SZ,20250212,65.8,67.71,63.45,65.94,67.31,-1.37,-2.0354,110049.52,722741.272
301368.SZ,20250211,64.21,67.41,63.16,67.31,64.58,2.73,4.2273,148657.66,973554.221
301368.SZ,20250210,63.88,64.83,62.58,64.58,66.16,-1.58,-2.3881,105740.79,673744.204
301368.SZ,20250207,65.51,68.3,63.99,66.16,66.84,-0.68,-1.0174,153049.71,1009424.117
301368.SZ,20250206,63.24,70.86,63.02,66.84,63.96,2.88,4.5028,178044.92,1192843.203
301368.SZ,20250205,58.82,66.58,58.81,63.96,57.14,6.82,11.9356,162418.95,1007307.507
301368.SZ,20250127,61.0,61.42,57.03,57.14,61.95,-4.81,-7.7643,117618.42,690641.222
301368.SZ,20250124,56.5,63.88,56.3,61.95,57.07,4.88,8.5509,197637.09,1184606.069
301368.SZ,20250123,56.07,59.93,55.4,57.07,55.45,1.62,2.9216,166729.84,959419.42
301368.SZ,20250122,55.8,56.93,55.15,55.45,56.45,-1.0,-1.7715,107089.79,599636.471
301368.SZ,20250121,55.1,56.5,54.31,56.45,55.19,1.26,2.283,142379.69,792466.896
301368.SZ,20250120,54.54,55.5,51.88,55.19,54.34,0.85,1.5642,146385.75,787669.628
301368.SZ,20250117,53.61,59.67,53.61,54.34,52.98,1.36,2.567,159170.05,898207.035
301368.SZ,20250116,53.47,55.9,52.5,52.98,53.38,-0.4,-0.7493,114012.25,617831.66
301368.SZ,20250115,54.43,56.0,52.5,53.38,52.44,0.94,1.7925,151764.36,820700.394
301368.SZ,20250114,47.94,52.45,47.38,52.44,47.93,4.51,9.4096,165023.55,834737.791
301368.SZ,20250113,45.99,51.4,45.96,47.93,46.77,1.16,2.4802,128099.87,623837.1
301368.SZ,20250110,45.6,48.8,45.38,46.77,46.06,0.71,1.5415,117244.5,557221.188
301368.SZ,20250109,44.45,46.5,44.4,46.06,44.83,1.23,2.7437,78646.05,358216.278
000837.SZ,20260702,11.37,12.54,11.28,11.92,11.4,0.52,4.5614,654402.17,792139.8153
000837.SZ,20260701,11.18,11.67,11.12,11.4,11.11,0.29,2.6103,313447.05,357746.59155
000837.SZ,20260630,10.42,11.14,10.36,11.11,10.51,0.6,5.7088,307268.82,333882.80224
000837.SZ,20260629,10.7,10.76,10.01,10.51,10.75,-0.24,-2.2326,369688.43,382321.96632
000837.SZ,20260626,11.0,11.21,10.72,10.75,11.06,-0.31,-2.8029,266726.0,290655.64
000837.SZ,20260625,11.5,11.77,11.02,11.06,11.58,-0.52,-4.4905,328568.9,370240.11435
000837.SZ,20260624,11.93,12.09,11.33,11.58,11.93,-0.35,-2.9338,296087.09,343488.52041
000837.SZ,20260623,11.65,12.3,11.41,11.93,11.75,0.18,1.5319,372420.76,444402.79378
000837.SZ,20260622,12.2,12.21,11.31,11.75,12.2,-0.45,-3.6885,385868.35,451403.42817
000837.SZ,20260618,11.91,12.5,11.83,12.2,12.03,0.17,1.4131,338933.11,412767.78639
000837.SZ,20260617,12.33,12.47,11.95,12.03,12.48,-0.45,-3.6058,334136.79,405094.18355
000837.SZ,20260616,12.19,12.73,12.13,12.48,12.35,0.13,1.0526,342056.59,427800.56877
000837.SZ,20260615,12.2,12.4,12.01,12.35,12.2,0.15,1.2295,351608.35,429536.50279
000837.SZ,20260612,12.36,12.88,12.08,12.2,12.26,-0.06,-0.4894,426177.88,527384.24208
000837.SZ,20260611,12.48,12.77,12.06,12.26,12.55,-0.29,-2.3108,384722.63,476657.23975
000837.SZ,20260610,13.1,13.18,12.46,12.55,13.25,-0.7,-5.283,557596.2,710703.64349
000837.SZ,20260609,12.91,13.6,12.7,13.25,12.67,0.58,4.5777,866181.14,1145872.08303
000837.SZ,20260608,11.91,13.02,11.83,12.67,12.02,0.65,5.4077,699535.98,880896.837
000837.SZ,20260605,11.41,12.33,10.93,12.02,11.47,0.55,4.7951,460315.98,539715.339
000837.SZ,20260604,11.39,11.94,11.28,11.47,11.43,0.04,0.35,236453.0,273839.558
000837.SZ,20260603,11.36,11.82,11.25,11.43,11.35,0.08,0.7048,184383.01,213412.718
000837.SZ,20260602,11.51,11.7,11.31,11.35,11.45,-0.1,-0.8734,160948.28,184037.055
000837.SZ,20260601,11.57,11.69,11.44,11.45,11.6,-0.15,-1.2931,149915.03,172984.236
000837.SZ,20260529,12.18,12.23,11.56,11.6,12.15,-0.55,-4.5267,225819.49,266329.788
000837.SZ,20260528,12.04,12.28,11.82,12.15,12.05,0.1,0.8299,214611.41,258959.532
000837.SZ,20260527,12.42,12.5,11.94,12.05,12.52,-0.47,-3.754,323923.27,393639.93
000837.SZ,20260526,12.4,12.68,12.29,12.52,12.46,0.06,0.4815,351478.43,439910.882
000837.SZ,20260525,12.6,12.68,12.35,12.46,12.65,-0.19,-1.502,317577.55,396059.639
000837.SZ,20260522,12.72,12.8,12.4,12.65,12.68,-0.03,-0.2366,385837.53,486930.472
000837.SZ,20260521,12.39,12.93,12.34,12.68,12.39,0.29,2.3406,571561.35,724148.203
000837.SZ,20260520,12.7,12.7,12.31,12.39,12.77,-0.38,-2.9757,301429.25,375493.897
000837.SZ,20260519,12.25,12.94,12.18,12.77,12.32,0.45,3.6526,523955.01,661090.319
000837.SZ,20260518,12.21,12.42,12.14,12.32,12.35,-0.03,-0.2429,322489.98,395637.529
000837.SZ,20260515,11.77,12.64,11.76,12.35,11.87,0.48,4.0438,509097.92,626878.154
000837.SZ,20260514,12.1,12.21,11.87,11.87,12.13,-0.26,-2.1434,270224.59,325238.019
000837.SZ,20260513,12.14,12.27,11.94,12.13,12.22,-0.09,-0.7365,324022.0,393627.952
000837.SZ,20260512,12.06,12.67,12.06,12.22,11.78,0.44,3.7351,628182.79,770611.95
000837.SZ,20260511,11.8,11.9,11.65,11.78,11.8,-0.02,-0.1695,259629.96,305764.363
000837.SZ,20260508,11.46,11.9,11.45,11.8,11.56,0.24,2.0761,314753.44,369432.925
000837.SZ,20260507,11.18,11.7,11.12,11.56,11.15,0.41,3.6771,319604.65,367678.541
000837.SZ,20260506,11.15,11.23,11.08,11.15,11.11,0.04,0.36,163034.02,181781.419
000837.SZ,20260430,10.92,11.2,10.92,11.11,10.95,0.16,1.4612,160058.8,178148.936
000837.SZ,20260429,10.68,11.06,10.66,10.95,10.68,0.27,2.5281,159066.01,173587.481
000837.SZ,20260428,10.83,11.0,10.61,10.68,10.89,-0.21,-1.9284,104696.01,112542.427
000837.SZ,20260427,10.71,10.95,10.58,10.89,10.71,0.18,1.6807,124683.98,135111.261
000837.SZ,20260424,10.71,10.79,10.56,10.71,10.77,-0.06,-0.5571,82259.29,87768.018
000837.SZ,20260423,10.98,11.04,10.72,10.77,10.97,-0.2,-1.8232,108727.0,117665.551
000837.SZ,20260422,10.9,11.0,10.87,10.97,10.95,0.02,0.1826,91078.0,99616.712
000837.SZ,20260421,11.0,11.05,10.88,10.95,11.02,-0.07,-0.6352,91806.17,100528.609
000837.SZ,20260420,10.99,11.04,10.93,11.02,11.0,0.02,0.1818,110714.01,121723.532
000837.SZ,20260417,10.87,11.07,10.81,11.0,10.91,0.09,0.8249,135972.27,149014.902
000837.SZ,20260416,10.9,10.94,10.84,10.91,10.85,0.06,0.553,92661.0,100898.068
000837.SZ,20260415,11.04,11.12,10.8,10.85,10.96,-0.11,-1.0036,108373.02,118925.958
000837.SZ,20260414,10.89,10.98,10.8,10.96,10.78,0.18,1.6698,123660.0,134717.479
000837.SZ,20260413,10.62,10.79,10.62,10.78,10.73,0.05,0.466,75169.0,80792.888
000837.SZ,20260410,10.69,10.87,10.68,10.73,10.6,0.13,1.2264,112956.0,121875.389
000837.SZ,20260409,10.68,10.75,10.55,10.6,10.8,-0.2,-1.8519,114862.0,121893.753
000837.SZ,20260408,10.48,10.8,10.47,10.8,10.26,0.54,5.2632,173657.56,185020.116
000837.SZ,20260407,10.2,10.27,10.12,10.26,10.11,0.15,1.4837,75407.0,77015.53
000837.SZ,20260403,10.48,10.48,10.11,10.11,10.41,-0.3,-2.8818,96287.0,98334.685
000837.SZ,20260402,10.61,10.64,10.36,10.41,10.67,-0.26,-2.4367,109520.32,114865.107
000837.SZ,20260401,10.7,10.74,10.56,10.67,10.53,0.14,1.3295,116822.0,124403.0
000837.SZ,20260331,10.62,10.76,10.51,10.53,10.58,-0.05,-0.4726,140898.48,149658.43
000837.SZ,20260330,10.44,10.59,10.3,10.58,10.57,0.01,0.0946,125202.01,130944.043
000837.SZ,20260327,10.37,10.63,10.31,10.57,10.57,0.0,0.0,125371.0,131608.611
000837.SZ,20260326,10.64,10.78,10.5,10.57,10.64,-0.07,-0.6579,146135.55,155540.202
000837.SZ,20260325,10.48,10.69,10.48,10.64,10.44,0.2,1.9157,142873.79,151187.945
000837.SZ,20260324,10.47,10.52,10.17,10.44,10.26,0.18,1.7544,147393.07,151955.099
000837.SZ,20260323,10.47,10.78,10.16,10.26,10.85,-0.59,-5.4378,223441.02,234023.731
000837.SZ,20260320,11.38,11.42,10.8,10.85,11.29,-0.44,-3.8973,189497.97,210294.593
000837.SZ,20260319,11.59,11.59,11.25,11.29,11.73,-0.44,-3.7511,200803.41,229006.277
000837.SZ,20260318,11.73,11.78,11.61,11.73,11.68,0.05,0.4281,145656.0,170531.591
000837.SZ,20260317,12.0,12.03,11.64,11.68,11.96,-0.28,-2.3411,209984.72,248299.985
000837.SZ,20260316,12.17,12.18,11.92,11.96,12.13,-0.17,-1.4015,216756.08,259627.902
000837.SZ,20260313,12.31,12.53,12.12,12.13,12.44,-0.31,-2.492,298877.16,367399.729
000837.SZ,20260312,12.57,12.74,12.4,12.44,12.57,-0.13,-1.0342,617107.97,775053.494
000837.SZ,20260311,12.38,13.11,12.36,12.57,11.92,0.65,5.453,797272.11,1022761.371
000837.SZ,20260310,11.87,11.98,11.84,11.92,11.73,0.19,1.6198,113450.75,135173.84
000837.SZ,20260309,11.73,11.83,11.51,11.73,11.86,-0.13,-1.0961,146756.01,170985.613
000837.SZ,20260306,11.7,11.92,11.67,11.86,11.77,0.09,0.7647,108285.42,128341.931
000837.SZ,20260305,11.63,11.9,11.62,11.77,11.41,0.36,3.1551,179020.9,210589.071
000837.SZ,20260304,11.4,11.6,11.32,11.41,11.51,-0.1,-0.8688,164199.33,188285.692
000837.SZ,20260303,12.29,12.32,11.49,11.51,12.27,-0.76,-6.194,300719.18,354991.514
000837.SZ,20260302,12.31,12.41,12.12,12.27,12.47,-0.2,-1.6038,197021.0,241397.346
000837.SZ,20260227,12.55,12.56,12.42,12.47,12.6,-0.13,-1.0317,134079.58,167339.665
000837.SZ,20260226,12.62,12.72,12.45,12.6,12.61,-0.01,-0.0793,161073.13,202827.444
000837.SZ,20260225,12.5,12.7,12.47,12.61,12.53,0.08,0.6385,139281.66,175582.314
000837.SZ,20260224,12.79,12.79,12.49,12.53,12.45,0.08,0.6426,196474.0,247540.252
000837.SZ,20260213,12.46,12.58,12.38,12.45,12.49,-0.04,-0.3203,132031.21,165146.724
000837.SZ,20260212,12.34,12.56,12.3,12.49,12.31,0.18,1.4622,137347.0,171481.702
000837.SZ,20260211,12.37,12.43,12.26,12.31,12.38,-0.07,-0.5654,96640.36,119378.278
000837.SZ,20260210,12.29,12.47,12.17,12.38,12.25,0.13,1.0612,144951.09,179260.197
000837.SZ,20260209,12.23,12.26,12.16,12.25,12.06,0.19,1.5755,123379.0,150739.045
000837.SZ,20260206,11.89,12.18,11.84,12.06,11.96,0.1,0.8361,134308.0,162039.171
000837.SZ,20260205,12.28,12.28,11.96,11.96,12.27,-0.31,-2.5265,163990.0,197674.39
000837.SZ,20260204,12.27,12.34,12.17,12.27,12.28,-0.01,-0.0814,138483.5,169660.879
000837.SZ,20260203,12.16,12.29,12.08,12.28,12.02,0.26,2.1631,148829.04,181575.969
000837.SZ,20260202,12.23,12.36,12.02,12.02,12.27,-0.25,-2.0375,165495.52,201902.88
000837.SZ,20260130,12.45,12.59,12.08,12.27,12.47,-0.2,-1.6038,192606.3,236357.535
000837.SZ,20260129,12.79,12.87,12.45,12.47,12.82,-0.35,-2.7301,216864.49,274032.508
000837.SZ,20260128,13.11,13.12,12.78,12.82,13.13,-0.31,-2.361,185558.08,239106.982
000837.SZ,20260127,13.1,13.22,12.77,13.13,13.18,-0.05,-0.3794,210352.61,273723.389
000837.SZ,20260126,13.56,13.62,13.06,13.18,13.52,-0.34,-2.5148,254537.36,338813.862
000837.SZ,20260123,13.33,13.58,13.31,13.52,13.33,0.19,1.4254,233173.78,313906.874
000837.SZ,20260122,13.4,13.49,13.27,13.33,13.36,-0.03,-0.2246,163438.05,218413.73
000837.SZ,20260121,13.15,13.37,13.15,13.36,13.27,0.09,0.6782,158514.09,210990.936
000837.SZ,20260120,13.38,13.53,13.17,13.27,13.4,-0.13,-0.9701,184946.0,246170.278
000837.SZ,20260119,13.34,13.48,13.26,13.4,13.35,0.05,0.3745,196335.58,263075.101
000837.SZ,20260116,13.15,13.44,13.02,13.35,13.08,0.27,2.0642,271401.08,359641.533
000837.SZ,20260115,13.0,13.21,12.97,13.08,13.13,-0.05,-0.3808,177594.24,232240.891
000837.SZ,20260114,13.3,13.5,12.99,13.13,13.31,-0.18,-1.3524,334247.78,442878.615
000837.SZ,20260113,13.54,13.7,13.21,13.31,13.52,-0.21,-1.5533,312196.68,419339.969
000837.SZ,20260112,13.34,13.58,13.32,13.52,13.32,0.2,1.5015,315110.26,423746.454
000837.SZ,20260109,13.2,13.47,13.14,13.32,13.28,0.04,0.3012,283016.48,377552.617
000837.SZ,20260108,13.1,13.45,13.1,13.28,13.04,0.24,1.8405,307779.69,409749.919
000837.SZ,20260107,13.1,13.31,12.98,13.04,13.1,-0.06,-0.458,284161.29,373418.372
000837.SZ,20260106,13.12,13.17,13.02,13.1,13.13,-0.03,-0.2285,275967.0,361560.372
000837.SZ,20260105,12.96,13.15,12.96,13.13,12.88,0.25,1.941,310390.6,405989.119
000837.SZ,20251231,13.02,13.03,12.81,12.88,12.99,-0.11,-0.8468,242733.8,312535.098
000837.SZ,20251230,12.6,13.07,12.56,12.99,12.69,0.3,2.3641,380852.31,490615.971
000837.SZ,20251229,12.51,12.74,12.48,12.69,12.48,0.21,1.6827,232187.16,293788.707
000837.SZ,20251226,12.41,12.59,12.38,12.48,12.48,0.0,0.0,173941.0,217385.519
000837.SZ,20251225,12.13,12.48,12.11,12.48,12.13,0.35,2.8854,208243.57,257698.043
000837.SZ,20251224,12.07,12.19,12.02,12.13,12.07,0.06,0.4971,83916.01,101833.302
000837.SZ,20251223,12.2,12.26,12.03,12.07,12.23,-0.16,-1.3083,99602.09,120623.119
000837.SZ,20251222,12.11,12.29,12.1,12.23,12.05,0.18,1.4938,121667.37,148868.943
000837.SZ,20251219,11.87,12.07,11.86,12.05,11.81,0.24,2.0322,125186.35,150259.299
000837.SZ,20251218,11.8,11.96,11.77,11.84,11.85,-0.01,-0.0844,88484.1,105150.954
000837.SZ,20251217,11.83,11.91,11.6,11.85,11.82,0.03,0.2538,125075.32,146925.968
000837.SZ,20251216,12.17,12.22,11.82,11.82,12.2,-0.38,-3.1148,167754.26,200089.631
000837.SZ,20251215,12.22,12.44,12.15,12.2,12.3,-0.1,-0.813,119045.85,145919.404
000837.SZ,20251212,12.31,12.39,12.2,12.3,12.31,-0.01,-0.0812,128648.19,158262.992
000837.SZ,20251211,12.53,12.57,12.31,12.31,12.52,-0.21,-1.6773,143572.0,178128.55
000837.SZ,20251210,12.46,12.61,12.4,12.52,12.55,-0.03,-0.239,117893.0,147367.5
000837.SZ,20251209,12.48,12.74,12.44,12.55,12.51,0.04,0.3197,184493.7,232624.591
000837.SZ,20251208,12.48,12.58,12.48,12.51,12.53,-0.02,-0.1596,153036.87,191774.184
000837.SZ,20251205,12.38,12.53,12.25,12.53,12.48,0.05,0.4006,168445.82,209409.171
000837.SZ,20251204,12.41,12.59,12.2,12.48,12.26,0.22,1.7945,271238.82,337694.349
000837.SZ,20251203,12.21,12.33,12.05,12.26,12.21,0.05,0.4095,140411.78,171191.268
000837.SZ,20251202,12.39,12.4,12.2,12.21,12.41,-0.2,-1.6116,94212.0,115484.338
000837.SZ,20251201,12.21,12.45,12.21,12.41,12.28,0.13,1.0586,115731.95,143244.304
000837.SZ,20251128,12.11,12.28,12.06,12.28,12.17,0.11,0.9039,114279.0,139242.927
000837.SZ,20251127,12.15,12.27,12.13,12.17,12.16,0.01,0.0822,92009.65,112224.091
000837.SZ,20251126,12.16,12.28,12.15,12.16,12.21,-0.05,-0.4095,111956.0,136688.91
000837.SZ,20251125,12.31,12.42,12.21,12.21,12.31,-0.1,-0.8123,180787.86,222574.039
000837.SZ,20251124,12.11,12.37,12.02,12.31,12.05,0.26,2.1577,134649.98,164411.83
000837.SZ,20251121,12.18,12.36,11.89,12.05,12.28,-0.23,-1.873,207493.76,251714.323
000837.SZ,20251120,12.43,12.52,12.27,12.28,12.4,-0.12,-0.9677,113905.53,140794.192
000837.SZ,20251119,12.62,12.68,12.36,12.4,12.62,-0.22,-1.7433,123936.39,154443.471
000837.SZ,20251118,12.78,12.8,12.58,12.62,12.78,-0.16,-1.252,118559.39,150048.032
000837.SZ,20251117,12.71,12.86,12.7,12.78,12.78,0.0,0.0,101659.0,129880.798
000837.SZ,20251114,12.93,12.99,12.78,12.78,13.03,-0.25,-1.9186,132503.0,170694.99
000837.SZ,20251113,12.86,13.06,12.82,13.03,12.89,0.14,1.0861,128761.78,166895.859
000837.SZ,20251112,13.18,13.22,12.78,12.89,13.18,-0.29,-2.2003,207036.71,268275.774
000837.SZ,20251111,13.16,13.31,13.16,13.18,13.23,-0.05,-0.3779,135854.84,179655.205
000837.SZ,20251110,13.19,13.3,13.06,13.23,13.18,0.05,0.3794,194003.26,255558.767
000837.SZ,20251107,13.44,13.46,13.17,13.18,13.54,-0.36,-2.6588,233748.44,310514.933
000837.SZ,20251106,13.34,13.62,13.31,13.54,13.33,0.21,1.5754,239664.59,323239.165
000837.SZ,20251105,13.28,13.54,13.09,13.33,13.5,-0.17,-1.2593,250849.65,333240.494
000837.SZ,20251104,13.5,13.75,13.38,13.5,13.5,0.0,0.0,255596.98,346317.232
000837.SZ,20251103,13.61,13.66,13.36,13.5,13.73,-0.23,-1.6752,286916.94,386393.265
000837.SZ,20251031,13.58,13.86,13.45,13.73,13.53,0.2,1.4782,427830.94,583149.132
000837.SZ,20251030,13.3,13.8,13.24,13.53,13.41,0.12,0.8949,488885.01,665945.931
000837.SZ,20251029,13.2,13.55,13.19,13.41,13.23,0.18,1.3605,316304.0,423539.64
000837.SZ,20251028,13.34,13.43,13.17,13.23,13.38,-0.15,-1.1211,225995.14,300214.173
000837.SZ,20251027,13.49,13.55,13.3,13.38,13.35,0.03,0.2247,261784.55,350317.976
000837.SZ,20251024,12.98,13.49,12.97,13.35,12.98,0.37,2.8505,359420.2,477575.411
000837.SZ,20251023,13.05,13.1,12.71,12.98,13.27,-0.29,-2.1854,306711.87,394338.055
000837.SZ,20251022,13.02,13.51,12.86,13.27,13.02,0.25,1.9201,470601.31,625030.199
000837.SZ,20251021,12.82,13.04,12.75,13.02,12.82,0.2,1.5601,180630.21,233966.113
000837.SZ,20251020,12.66,12.88,12.64,12.82,12.53,0.29,2.3144,192500.62,245845.082
000837.SZ,20251017,13.02,13.05,12.52,12.53,12.99,-0.46,-3.5412,248204.28,316469.755
000837.SZ,20251016,13.35,13.38,12.95,12.99,13.46,-0.47,-3.4918,265785.91,348691.394
000837.SZ,20251015,13.2,13.46,13.0,13.46,13.15,0.31,2.3574,260548.81,345730.777
000837.SZ,20251014,13.59,13.78,13.1,13.15,13.49,-0.34,-2.5204,313985.37,421655.289
000837.SZ,20251013,13.19,13.53,13.1,13.49,13.77,-0.28,-2.0334,310569.57,414498.494
000837.SZ,20251010,14.2,14.29,13.73,13.77,14.2,-0.43,-3.0282,332933.35,464689.975
000837.SZ,20251009,14.09,14.28,13.86,14.2,14.02,0.18,1.2839,355415.31,503397.876
000837.SZ,20250930,14.0,14.13,13.88,14.02,13.87,0.15,1.0815,291388.18,408222.773
000837.SZ,20250929,13.62,13.95,13.56,13.87,13.6,0.27,1.9853,286352.42,395050.134
000837.SZ,20250926,14.02,14.05,13.6,13.6,14.11,-0.51,-3.6145,348170.71,480631.777
000837.SZ,20250925,14.22,14.43,14.09,14.11,14.32,-0.21,-1.4665,343277.31,488261.37
000837.SZ,20250924,13.98,14.34,13.79,14.32,14.08,0.24,1.7045,401322.12,567249.353
000837.SZ,20250923,14.42,14.48,13.7,14.08,14.5,-0.42,-2.8966,544214.75,763230.235
000837.SZ,20250922,14.4,14.59,14.31,14.5,14.4,0.1,0.6944,453574.22,655507.931
000837.SZ,20250919,14.94,15.06,14.31,14.4,15.21,-0.81,-5.3254,728449.47,1060436.593
000837.SZ,20250918,15.51,15.98,14.91,15.21,15.73,-0.52,-3.3058,1322908.84,2046628.882
000837.SZ,20250917,15.01,16.3,14.85,15.73,14.87,0.86,5.7835,1374854.84,2135806.235
000837.SZ,20250916,14.24,14.96,14.08,14.87,14.27,0.6,4.2046,1072019.98,1564689.924
000837.SZ,20250915,14.26,14.7,14.26,14.27,14.25,0.02,0.1404,692644.51,1001698.531
000837.SZ,20250912,14.6,14.86,14.25,14.25,14.52,-0.27,-1.8595,847033.94,1229737.788
000837.SZ,20250911,14.36,14.54,13.98,14.52,14.45,0.07,0.4844,777735.61,1112752.767
000837.SZ,20250910,14.41,14.76,14.25,14.45,14.47,-0.02,-0.1382,732744.04,1060274.121
000837.SZ,20250909,14.61,14.82,14.36,14.47,14.9,-0.43,-2.8859,989559.39,1438452.975
000837.SZ,20250908,14.1,15.34,14.07,14.9,14.31,0.59,4.123,2069469.05,3015422.229
000837.SZ,20250905,12.85,14.31,12.6,14.31,13.01,1.3,9.9923,1321913.68,1834758.32
000837.SZ,20250904,14.19,14.47,12.73,13.01,14.14,-1.13,-7.9915,1676093.36,2272901.151
000837.SZ,20250903,14.79,15.35,13.99,14.14,13.95,0.19,1.362,2173404.66,3204499.992
000837.SZ,20250902,13.08,13.95,12.7,13.95,12.68,1.27,10.0158,1851057.94,2506443.969
000837.SZ,20250901,12.68,12.92,12.57,12.68,12.8,-0.12,-0.9375,277274.0,351373.778
000837.SZ,20250829,12.97,13.04,12.72,12.8,12.96,-0.16,-1.2346,268323.0,344640.736
000837.SZ,20250828,12.89,13.08,12.49,12.96,12.95,0.01,0.0772,408990.26,524242.5
000837.SZ,20250827,13.2,13.48,12.93,12.95,13.16,-0.21,-1.5957,513356.62,682901.248
000837.SZ,20250826,13.28,13.29,13.11,13.16,13.31,-0.15,-1.127,272622.2,359483.29
000837.SZ,20250825,13.13,13.5,13.11,13.31,13.03,0.28,2.1489,500488.49,666853.951
000837.SZ,20250822,12.92,13.07,12.86,13.03,12.98,0.05,0.3852,286277.53,371626.717
000837.SZ,20250821,13.22,13.24,12.88,12.98,13.21,-0.23,-1.7411,323993.7,422327.406
000837.SZ,20250820,13.1,13.25,13.02,13.21,13.19,0.02,0.1516,337107.21,443193.782
000837.SZ,20250819,12.95,13.36,12.75,13.19,12.98,0.21,1.6179,558622.9,731929.283
000837.SZ,20250818,13.06,13.07,12.91,12.98,12.95,0.03,0.2317,402890.32,523454.481
000837.SZ,20250815,12.68,12.97,12.68,12.95,12.78,0.17,1.3302,288756.41,372546.821
000837.SZ,20250814,12.95,13.03,12.66,12.78,13.0,-0.22,-1.6923,340184.0,436576.84
000837.SZ,20250813,12.93,13.01,12.88,13.0,12.97,0.03,0.2313,304960.16,395281.62
000837.SZ,20250812,13.0,13.15,12.78,12.97,13.04,-0.07,-0.5368,415144.13,536619.728
000837.SZ,20250811,13.05,13.16,12.95,13.04,13.0,0.04,0.3077,393139.74,513369.696
000837.SZ,20250808,13.06,13.22,12.96,13.0,13.12,-0.12,-0.9146,499084.41,651515.961
000837.SZ,20250807,12.83,13.32,12.83,13.12,12.94,0.18,1.391,818150.97,1070186.79
000837.SZ,20250806,12.67,13.25,12.54,12.94,12.44,0.5,4.0193,1007641.48,1304126.557
000837.SZ,20250805,12.43,12.49,12.36,12.44,12.4,0.04,0.3226,294423.24,365794.831
000837.SZ,20250804,11.93,12.41,11.86,12.4,11.92,0.48,4.0268,332927.21,407555.372
000837.SZ,20250801,12.06,12.12,11.87,11.92,12.06,-0.14,-1.1609,189466.83,226751.934
000837.SZ,20250731,12.15,12.35,12.03,12.06,12.17,-0.11,-0.9039,212245.83,259109.498
000837.SZ,20250730,12.34,12.38,12.09,12.17,12.4,-0.23,-1.8548,217252.69,265418.526
000837.SZ,20250729,12.34,12.4,12.24,12.4,12.4,0.0,0.0,182180.88,224307.377
000837.SZ,20250728,12.5,12.58,12.36,12.4,12.46,-0.06,-0.4815,211871.91,263626.865
000837.SZ,20250725,12.41,12.49,12.28,12.46,12.44,0.02,0.1608,217803.0,269863.429
000837.SZ,20250724,12.2,12.5,12.2,12.44,12.25,0.19,1.551,273682.68,339917.772
000837.SZ,20250723,12.32,12.38,12.22,12.25,12.4,-0.15,-1.2097,254764.81,313419.745
000837.SZ,20250722,12.43,12.56,12.31,12.4,12.5,-0.1,-0.8,347799.55,432041.612
000837.SZ,20250721,12.45,12.73,12.36,12.5,12.36,0.14,1.1327,404993.2,506799.877
000837.SZ,20250718,12.5,12.5,12.29,12.36,12.46,-0.1,-0.8026,252533.02,312202.398
000837.SZ,20250717,12.39,12.5,12.26,12.46,12.43,0.03,0.2414,400901.66,497463.729
000837.SZ,20250716,12.02,12.5,11.96,12.43,12.02,0.41,3.411,554961.03,681603.111
000837.SZ,20250715,12.21,12.21,11.93,12.02,12.19,-0.17,-1.3946,275234.5,331142.893
000837.SZ,20250714,11.95,12.25,11.91,12.19,11.97,0.22,1.8379,426477.93,517248.867
000837.SZ,20250711,11.63,11.98,11.56,11.97,11.65,0.32,2.7468,318369.85,376883.363
000837.SZ,20250710,11.69,11.75,11.6,11.65,11.75,-0.1,-0.8511,162409.05,189274.015
000837.SZ,20250709,11.75,12.0,11.72,11.75,11.7,0.05,0.4274,278380.63,330234.111
000837.SZ,20250708,11.56,11.73,11.53,11.7,11.58,0.12,1.0363,140975.0,164325.26
000837.SZ,20250707,11.65,11.66,11.51,11.58,11.62,-0.04,-0.3442,113956.0,131926.249
000837.SZ,20250704,11.8,11.83,11.56,11.62,11.85,-0.23,-1.9409,212675.07,247912.518
000837.SZ,20250703,11.83,11.93,11.76,11.85,11.87,-0.02,-0.1685,139402.5,165120.373
000837.SZ,20250702,11.93,11.97,11.76,11.87,11.99,-0.12,-1.0008,179634.15,213096.559
000837.SZ,20250701,12.03,12.07,11.92,11.99,12.02,-0.03,-0.2496,152136.9,182454.012
000837.SZ,20250630,11.93,12.03,11.88,12.02,11.89,0.13,1.0934,190632.97,228383.737
000837.SZ,20250627,11.9,11.97,11.81,11.89,11.91,-0.02,-0.1679,177113.62,210701.698
000837.SZ,20250626,11.99,12.2,11.89,11.91,12.0,-0.09,-0.75,295514.0,355472.444
000837.SZ,20250625,11.9,12.04,11.8,12.0,11.89,0.11,0.9251,362566.85,432516.395
000837.SZ,20250624,11.37,11.89,11.37,11.89,11.37,0.52,4.5734,413377.67,485745.052
000837.SZ,20250623,11.11,11.39,11.03,11.37,11.22,0.15,1.3369,169359.79,191371.421
000837.SZ,20250620,11.46,11.53,11.18,11.22,11.51,-0.29,-2.5195,230064.8,259766.087
000837.SZ,20250619,11.6,11.79,11.48,11.51,11.63,-0.12,-1.0318,247854.0,289007.239
000837.SZ,20250618,11.6,11.66,11.42,11.63,11.6,0.03,0.2586,181990.8,210045.249
000837.SZ,20250617,11.71,11.71,11.53,11.6,11.68,-0.08,-0.6849,140637.3,163153.711
000837.SZ,20250616,11.6,11.69,11.53,11.68,11.61,0.07,0.6029,145943.07,169657.788
000837.SZ,20250613,11.81,11.89,11.61,11.61,11.92,-0.31,-2.6007,250102.79,293298.135
000837.SZ,20250612,12.08,12.12,11.91,11.92,12.18,-0.26,-2.1346,259989.9,312055.808
000837.SZ,20250611,12.09,12.26,11.99,12.18,12.09,0.09,0.7444,326830.89,396501.484
000837.SZ,20250610,12.05,12.18,11.67,12.09,12.02,0.07,0.5824,319459.01,380946.837
000837.SZ,20250609,11.95,12.11,11.91,12.02,11.97,0.05,0.4177,166930.47,201126.57
000837.SZ,20250606,12.19,12.19,11.93,11.97,12.16,-0.19,-1.5625,200791.35,241600.553
000837.SZ,20250605,12.2,12.24,11.93,12.16,12.12,0.04,0.33,279821.41,338899.014
000837.SZ,20250604,11.81,12.22,11.8,12.12,11.81,0.31,2.6249,336172.37,405492.789
000837.SZ,20250603,11.72,11.9,11.67,11.81,11.81,0.0,0.0,202178.89,238975.421
000837.SZ,20250530,12.21,12.22,11.81,11.81,12.29,-0.48,-3.9056,360023.82,429360.512
000837.SZ,20250529,12.15,12.39,12.13,12.29,12.18,0.11,0.9031,324305.0,399266.286
000837.SZ,20250528,12.31,12.44,12.16,12.18,12.3,-0.12,-0.9756,297082.27,363868.962
000837.SZ,20250527,12.4,12.47,12.15,12.3,12.48,-0.18,-1.4423,273121.57,335457.983
000837.SZ,20250526,12.3,12.5,12.15,12.48,12.38,0.1,0.8078,325498.7,400557.189
000837.SZ,20250523,12.7,12.99,12.37,12.38,12.81,-0.43,-3.3568,485212.72,614727.952
000837.SZ,20250522,12.91,13.17,12.79,12.81,12.97,-0.16,-1.2336,395760.57,513069.363
000837.SZ,20250521,13.25,13.38,12.97,12.97,13.49,-0.52,-3.8547,582898.9,764004.902
000837.SZ,20250520,13.22,14.2,12.88,13.49,13.22,0.27,2.0424,734288.61,995180.312
000837.SZ,20250519,13.35,13.49,12.85,13.22,13.5,-0.28,-2.0741,684947.5,898090.279
000837.SZ,20250516,13.36,13.97,13.29,13.5,13.78,-0.28,-2.0319,998584.68,1365225.049
000837.SZ,20250515,13.22,14.24,12.91,13.78,13.23,0.55,4.1572,1267021.67,1731625.531
000837.SZ,20250514,13.26,13.55,13.08,13.23,13.38,-0.15,-1.1211,701741.78,929285.624
000837.SZ,20250513,13.44,13.88,13.0,13.38,13.27,0.11,0.8289,921273.93,1229387.871
000837.SZ,20250512,13.08,13.34,13.01,13.27,12.86,0.41,3.1882,724093.94,954987.118
000837.SZ,20250509,12.98,13.08,12.65,12.86,13.09,-0.23,-1.7571,589692.2,758356.541
000837.SZ,20250508,13.06,13.42,13.01,13.09,13.05,0.04,0.3065,674130.55,887467.748
000837.SZ,20250507,13.2,13.41,12.82,13.05,13.04,0.01,0.0767,888626.92,1161964.453
000837.SZ,20250506,12.9,13.13,12.68,13.04,12.7,0.34,2.6772,896076.62,1154288.194
000837.SZ,20250430,12.2,12.82,12.13,12.7,11.92,0.78,6.5436,966292.33,1212398.563
000837.SZ,20250429,11.73,12.14,11.49,11.92,11.73,0.19,1.6198,542327.0,644837.592
000837.SZ,20250428,12.12,12.25,11.73,11.73,12.25,-0.52,-4.2449,506084.0,601230.311
000837.SZ,20250425,12.4,12.48,12.09,12.25,12.37,-0.12,-0.9701,667182.5,818443.44
000837.SZ,20250424,12.29,12.79,12.17,12.37,12.17,0.2,1.6434,1317255.83,1644785.817
000837.SZ,20250423,11.27,12.17,11.26,12.17,11.06,1.11,10.0362,675776.21,803726.522
000837.SZ,20250422,11.35,11.48,11.05,11.06,11.45,-0.39,-3.4061,479037.0,534598.244
000837.SZ,20250421,10.98,11.51,10.85,11.45,11.18,0.27,2.415,560816.0,629208.842
000837.SZ,20250418,11.16,11.49,10.9,11.18,11.16,0.02,0.1792,522076.16,582144.864
000837.SZ,20250417,11.34,11.6,11.16,11.16,11.46,-0.3,-2.6178,435527.93,493175.986
000837.SZ,20250416,12.0,12.07,11.38,11.46,12.19,-0.73,-5.9885,599899.74,697926.206
000837.SZ,20250415,12.12,12.58,11.9,12.19,12.24,-0.05,-0.4085,659633.0,801633.493
000837.SZ,20250414,12.35,12.65,12.15,12.24,12.17,0.07,0.5752,707126.81,873070.391
000837.SZ,20250411,11.32,12.52,11.18,12.17,11.52,0.65,5.6424,983815.0,1184258.793
000837.SZ,20250410,11.49,12.01,11.32,11.52,11.23,0.29,2.5824,968821.9,1129591.956
000837.SZ,20250409,10.57,11.56,10.1,11.23,11.22,0.01,0.0891,1157674.55,1245584.675
000837.SZ,20250408,11.61,11.9,11.22,11.22,12.47,-1.25,-10.0241,910984.61,1033601.405
000837.SZ,20250407,12.98,13.28,12.47,12.47,13.85,-1.38,-9.9639,487941.0,619964.402
000837.SZ,20250403,14.48,14.57,13.66,13.85,14.5,-0.65,-4.4828,1275904.06,1794233.59
000837.SZ,20250402,13.41,14.75,12.8,14.5,13.41,1.09,8.1283,1606452.21,2308025.984
000837.SZ,20250401,14.29,14.3,13.01,13.41,14.0,-0.59,-4.2143,1059547.09,1422285.256
000837.SZ,20250331,14.1,14.15,13.34,14.0,14.82,-0.82,-5.5331,1327850.88,1817015.967
000837.SZ,20250328,14.13,15.28,14.05,14.82,13.99,0.83,5.9328,1807482.1,2646234.093
000837.SZ,20250327,13.67,15.05,13.11,13.99,13.68,0.31,2.2661,1998352.07,2834019.071
000837.SZ,20250326,12.1,13.68,12.03,13.68,12.44,1.24,9.9678,728906.8,974331.426
000837.SZ,20250325,12.35,13.34,12.31,12.44,12.3,0.14,1.1382,650833.4,826977.781
000837.SZ,20250324,12.55,12.72,11.88,12.3,12.8,-0.5,-3.9063,601061.36,738999.059
000837.SZ,20250321,12.94,13.16,12.45,12.8,13.2,-0.4,-3.0303,797854.11,1020021.375
000837.SZ,20250320,12.74,13.68,12.66,13.2,12.79,0.41,3.2056,1077697.46,1427148.285
000837.SZ,20250319,12.49,13.06,12.41,12.79,12.64,0.15,1.1867,601893.98,769467.336
000837.SZ,20250318,12.6,12.87,12.47,12.64,12.55,0.09,0.7171,465551.44,588901.862
000837.SZ,20250317,12.27,12.67,12.08,12.55,12.39,0.16,1.2914,475637.92,590285.754
000837.SZ,20250314,12.01,12.43,11.85,12.39,12.08,0.31,2.5662,546043.05,664843.244
000837.SZ,20250313,12.8,12.8,11.93,12.08,12.96,-0.88,-6.7901,738364.03,904684.078
000837.SZ,20250312,13.3,13.4,12.78,12.96,13.47,-0.51,-3.7862,965682.09,1254314.621
000837.SZ,20250311,12.55,13.7,12.48,13.47,13.05,0.42,3.2184,1247695.19,1654605.563
000837.SZ,20250310,12.3,13.22,12.15,13.05,12.23,0.82,6.7048,1125209.67,1435291.839
000837.SZ,20250307,12.16,12.46,12.08,12.23,12.15,0.08,0.6584,672828.17,822850.396
000837.SZ,20250306,12.34,12.72,12.1,12.15,12.34,-0.19,-1.5397,1092944.44,1346180.039
000837.SZ,20250305,11.18,12.34,11.17,12.34,11.22,1.12,9.9822,354343.04,428610.446
000837.SZ,20250304,10.81,11.43,10.8,11.22,10.91,0.31,2.8414,353311.36,397266.858
000837.SZ,20250303,11.17,11.26,10.82,10.91,11.12,-0.21,-1.8885,398755.1,440516.725
000837.SZ,20250228,11.64,11.9,11.08,11.12,11.77,-0.65,-5.5225,523405.98,596735.427
000837.SZ,20250227,11.82,11.98,11.5,11.77,11.95,-0.18,-1.5063,702741.0,825051.121
000837.SZ,20250226,12.0,12.59,11.8,11.95,11.92,0.03,0.2517,1158224.94,1407725.606
000837.SZ,20250225,11.35,12.15,11.26,11.92,11.5,0.42,3.6522,877083.69,1040121.086
000837.SZ,20250224,11.5,11.74,11.26,11.5,11.64,-0.14,-1.2027,525131.17,604928.279
000837.SZ,20250221,11.6,11.72,11.38,11.64,11.65,-0.01,-0.0858,719308.59,828377.951
000837.SZ,20250220,11.21,11.71,11.03,11.65,11.28,0.37,3.2801,933855.06,1071129.907
000837.SZ,20250219,10.52,11.28,10.52,11.28,10.68,0.6,5.618,906498.67,1004116.217
000837.SZ,20250218,10.55,10.93,10.47,10.68,10.6,0.08,0.7547,494673.99,530426.557
000837.SZ,20250217,10.43,10.63,10.43,10.6,10.46,0.14,1.3384,319119.31,336648.521
000837.SZ,20250214,10.57,10.67,10.39,10.46,10.61,-0.15,-1.4138,366906.6,385097.414
000837.SZ,20250213,10.86,11.22,10.61,10.61,10.87,-0.26,-2.3919,476606.23,515949.083
000837.SZ,20250212,10.66,11.09,10.42,10.87,10.79,0.08,0.7414,570748.59,615532.315
000837.SZ,20250211,10.59,10.8,10.51,10.79,10.66,0.13,1.2195,564983.3,604057.802
000837.SZ,20250210,10.69,10.8,10.48,10.66,10.76,-0.1,-0.9294,465991.94,493603.199
000837.SZ,20250207,10.77,10.93,10.56,10.76,10.79,-0.03,-0.278,728049.02,784951.794
000837.SZ,20250206,10.2,11.11,10.2,10.79,10.32,0.47,4.5543,918465.47,983387.537
000837.SZ,20250205,10.03,10.5,9.96,10.32,9.93,0.39,3.9275,567938.0,584080.503
000837.SZ,20250127,10.3,10.41,9.91,9.93,10.27,-0.34,-3.3106,383295.99,385800.527
000837.SZ,20250124,10.28,10.35,9.9,10.27,10.25,0.02,0.1951,651652.05,661227.139
000837.SZ,20250123,10.63,10.88,10.22,10.25,10.47,-0.22,-2.1012,1173629.0,1238502.255
000837.SZ,20250122,9.52,10.47,9.36,10.47,9.52,0.95,9.979,646458.55,654290.284
000837.SZ,20250121,9.42,9.58,9.28,9.52,9.36,0.16,1.7094,234983.2,221659.968
000837.SZ,20250120,9.46,9.56,9.32,9.36,9.4,-0.04,-0.4255,179138.26,168405.132
000837.SZ,20250117,9.34,9.59,9.33,9.4,9.43,-0.03,-0.3181,189072.77,178803.009
000837.SZ,20250116,9.51,9.66,9.29,9.43,9.45,-0.02,-0.2116,224418.0,212540.803
000837.SZ,20250115,9.41,9.53,9.31,9.45,9.5,-0.05,-0.5263,248374.47,234183.796
000837.SZ,20250114,8.73,9.5,8.73,9.5,8.78,0.72,8.2005,423445.72,391150.071
000837.SZ,20250113,8.42,8.99,8.38,8.78,8.61,0.17,1.9744,250857.0,219246.598
000837.SZ,20250110,8.69,8.96,8.6,8.61,8.68,-0.07,-0.8065,253803.0,222795.84
000837.SZ,20250109,8.23,8.8,8.23,8.68,8.31,0.37,4.4525,317362.68,273624.007
603728.SH,20260702,63.14,65.8,62.31,63.37,63.14,0.23,0.3643,158345.95,1016481.794
603728.SH,20260701,60.88,63.8,60.6,63.14,60.92,2.22,3.6441,151081.78,951091.674
603728.SH,20260630,56.0,60.92,56.0,60.92,55.38,5.54,10.0036,123982.28,730043.638
603728.SH,20260629,55.51,56.1,53.15,55.38,55.84,-0.46,-0.8238,100194.83,547908.116
603728.SH,20260626,58.8,58.83,55.8,55.84,58.83,-2.99,-5.0824,101960.59,577401.467
603728.SH,20260625,59.7,62.18,58.0,58.83,59.69,-0.86,-1.4408,124474.12,746750.024
603728.SH,20260624,59.49,62.18,59.02,59.69,59.42,0.27,0.4544,108325.13,656207.168
603728.SH,20260623,59.58,61.95,57.57,59.42,60.3,-0.88,-1.4594,106299.0,634927.54
603728.SH,20260622,63.23,63.8,58.52,60.3,63.86,-3.56,-5.5747,134378.86,814662.197
603728.SH,20260618,61.16,65.6,60.58,63.86,61.31,2.55,4.1592,127608.37,812790.196
603728.SH,20260617,61.5,61.86,60.6,61.33,62.2,-0.87,-1.3987,64569.61,395384.618
603728.SH,20260616,61.9,63.26,61.66,62.2,62.27,-0.07,-0.1124,85348.92,532174.35
603728.SH,20260615,60.7,62.45,60.0,62.27,60.7,1.57,2.5865,88677.88,547322.282
603728.SH,20260612,61.99,64.28,59.45,60.7,61.22,-0.52,-0.8494,131170.98,805462.272
603728.SH,20260611,62.07,62.7,59.81,61.22,62.69,-1.47,-2.3449,101670.99,620129.241
603728.SH,20260610,65.16,66.08,62.15,62.69,66.12,-3.43,-5.1875,116734.81,745281.116
603728.SH,20260609,66.98,66.98,64.68,66.12,67.45,-1.33,-1.9718,137641.93,903655.715
603728.SH,20260608,63.38,67.92,63.37,67.45,65.82,1.63,2.4765,187770.27,1254646.652
603728.SH,20260605,63.0,67.88,59.88,65.82,63.52,2.3,3.6209,191315.75,1225108.26
603728.SH,20260604,61.92,65.75,60.82,63.52,62.28,1.24,1.991,113599.07,726983.966
603728.SH,20260603,62.19,64.95,61.71,62.28,62.51,-0.23,-0.3679,111123.89,703935.873
603728.SH,20260602,60.93,64.55,60.93,62.51,59.77,2.74,4.5842,130436.79,818191.087
603728.SH,20260601,61.0,62.35,59.7,59.77,61.32,-1.55,-2.5277,96712.63,588785.041
603728.SH,20260529,64.67,66.38,60.75,61.32,64.74,-3.42,-5.2827,109640.54,688235.52
603728.SH,20260528,66.86,66.94,62.97,64.74,66.55,-1.81,-2.7198,126451.71,813150.108
603728.SH,20260527,68.0,69.3,66.5,66.55,70.0,-3.45,-4.9286,136065.7,921107.687
603728.SH,20260526,69.61,73.0,68.49,70.0,68.99,1.01,1.464,177718.91,1258294.709
603728.SH,20260525,69.2,69.99,68.0,68.99,68.19,0.8,1.1732,121727.05,836190.14
603728.SH,20260522,67.78,68.38,66.0,68.19,67.4,0.79,1.1721,129307.77,874175.693
603728.SH,20260521,65.99,69.8,65.97,67.4,66.47,0.93,1.3991,174405.57,1187299.44
603728.SH,20260520,66.72,67.44,65.51,66.47,67.71,-1.24,-1.8313,101402.95,674810.618
603728.SH,20260519,67.48,69.0,67.01,67.71,67.15,0.56,0.834,147898.79,1004651.737
603728.SH,20260518,65.3,67.71,65.0,67.15,64.99,2.16,3.3236,172292.12,1146514.904
603728.SH,20260515,61.74,66.58,61.74,64.99,61.74,3.25,5.264,174004.95,1127321.242
603728.SH,20260514,63.83,63.91,61.73,61.74,63.45,-1.71,-2.695,69693.88,436566.897
603728.SH,20260513,63.2,63.68,62.02,63.45,63.43,0.02,0.0315,66512.84,418848.109
603728.SH,20260512,63.88,65.16,63.1,63.43,63.91,-0.48,-0.7511,77691.33,496617.26
603728.SH,20260511,64.19,64.55,62.35,63.91,63.48,0.43,0.6774,112561.04,716875.892
603728.SH,20260508,61.35,64.59,61.0,63.48,61.34,2.14,3.4888,139893.49,886518.209
603728.SH,20260507,60.22,61.58,59.6,61.34,60.03,1.31,2.1822,71614.69,437423.892
603728.SH,20260506,59.35,60.8,59.34,60.03,59.35,0.68,1.1457,70487.2,424423.137
603728.SH,20260430,58.16,59.92,58.01,59.35,58.45,0.9,1.5398,61344.0,363713.59
603728.SH,20260429,56.66,58.58,56.66,58.45,56.95,1.5,2.6339,48915.84,283699.027
603728.SH,20260428,58.1,58.5,56.57,56.95,57.72,-0.77,-1.334,49848.31,286194.158
603728.SH,20260427,56.31,58.27,55.5,57.72,57.07,0.65,1.139,53817.73,308189.267
603728.SH,20260424,57.46,57.87,56.64,57.07,57.48,-0.41,-0.7133,41168.86,235506.417
603728.SH,20260423,59.08,59.08,57.07,57.48,58.97,-1.49,-2.5267,54155.99,313038.099
603728.SH,20260422,58.11,59.05,58.02,58.97,58.59,0.38,0.6486,38348.12,225137.364
603728.SH,20260421,59.03,59.49,57.92,58.59,59.18,-0.59,-0.997,42398.3,247735.822
603728.SH,20260420,60.0,60.19,59.07,59.18,59.66,-0.48,-0.8046,48927.36,290920.067
603728.SH,20260417,59.07,59.77,58.51,59.66,59.3,0.36,0.6071,43013.0,254775.92
603728.SH,20260416,59.51,59.99,58.63,59.3,58.57,0.73,1.2464,44826.0,265384.171
603728.SH,20260415,59.49,60.08,58.33,58.57,58.87,-0.3,-0.5096,49057.63,291049.283
603728.SH,20260414,58.8,59.07,58.1,58.87,58.01,0.86,1.4825,42049.44,246503.528
603728.SH,20260413,58.0,58.73,57.8,58.01,58.54,-0.53,-0.9054,29807.7,173475.043
603728.SH,20260410,57.6,59.36,57.6,58.54,57.31,1.23,2.1462,44125.81,259085.068
603728.SH,20260409,58.0,58.0,57.13,57.31,58.57,-1.26,-2.1513,31803.02,182764.287
603728.SH,20260408,56.3,58.62,56.17,58.57,55.07,3.5,6.3555,64776.0,374867.31
603728.SH,20260407,55.62,55.98,54.76,55.07,55.62,-0.55,-0.9889,23646.47,130930.686
603728.SH,20260403,56.52,56.75,55.6,55.62,56.52,-0.9,-1.5924,24161.4,135446.056
603728.SH,20260402,57.71,58.0,56.25,56.52,58.25,-1.73,-2.97,32588.34,185699.395
603728.SH,20260401,57.95,58.35,57.51,58.25,56.98,1.27,2.2289,38397.83,222683.941
603728.SH,20260331,57.9,58.63,56.93,56.98,57.66,-0.68,-1.1793,34821.05,201031.749
603728.SH,20260330,57.0,57.98,56.63,57.66,57.78,-0.12,-0.2077,29976.95,171968.689
603728.SH,20260327,56.0,58.35,56.0,57.78,57.18,0.6,1.0493,48931.77,280341.281
603728.SH,20260326,58.01,59.28,57.05,57.18,57.38,-0.2,-0.3486,51481.4,298887.054
603728.SH,20260325,57.0,58.08,56.9,57.38,56.7,0.68,1.1993,54138.55,310613.206
603728.SH,20260324,58.18,58.5,54.83,56.7,57.54,-0.84,-1.4599,74620.6,418640.233
603728.SH,20260323,58.1,60.2,57.08,57.54,57.18,0.36,0.6296,97656.86,575408.294
603728.SH,20260320,58.18,58.87,57.11,57.18,58.18,-1.0,-1.7188,37242.16,215674.681
603728.SH,20260319,58.8,59.15,58.05,58.18,59.75,-1.57,-2.6276,36948.92,216391.208
603728.SH,20260318,59.5,59.89,58.68,59.75,59.12,0.63,1.0656,38789.73,229846.193
603728.SH,20260317,61.32,61.57,59.03,59.12,60.96,-1.84,-3.0184,50645.36,304646.495
603728.SH,20260316,61.38,61.38,60.25,60.96,61.52,-0.56,-0.9103,33219.14,202056.124
603728.SH,20260313,62.02,62.4,61.35,61.52,62.57,-1.05,-1.6781,29880.15,185086.574
603728.SH,20260312,63.12,63.55,62.1,62.57,63.12,-0.55,-0.8714,37203.17,233100.274
603728.SH,20260311,63.99,64.19,62.96,63.12,63.98,-0.86,-1.3442,43456.34,275927.361
603728.SH,20260310,62.99,64.1,62.89,63.98,62.3,1.68,2.6966,58075.6,369121.951
603728.SH,20260309,61.7,62.48,59.81,62.3,62.74,-0.44,-0.7013,58667.67,357639.102
603728.SH,20260306,62.37,63.09,62.01,62.74,62.47,0.27,0.4322,28663.3,179930.545
603728.SH,20260305,63.14,63.5,62.11,62.47,62.04,0.43,0.6931,45320.74,284619.584
603728.SH,20260304,61.6,63.19,61.5,62.04,62.61,-0.57,-0.9104,50572.86,315810.891
603728.SH,20260303,66.65,67.3,62.55,62.61,66.55,-3.94,-5.9204,75574.27,486283.48
603728.SH,20260302,67.07,68.0,66.5,66.55,69.13,-2.58,-3.7321,69314.99,464094.442
603728.SH,20260227,69.28,69.86,68.88,69.13,69.3,-0.17,-0.2453,48422.0,335143.119
603728.SH,20260226,70.48,70.83,68.81,69.3,70.47,-1.17,-1.6603,63290.28,439366.58
603728.SH,20260225,71.26,71.49,70.24,70.47,71.97,-1.5,-2.0842,61913.08,437447.052
603728.SH,20260224,74.73,74.73,71.0,71.97,72.46,-0.49,-0.6762,104169.92,752925.248
603728.SH,20260213,71.62,73.0,71.1,72.46,71.69,0.77,1.0741,62173.07,449919.55
603728.SH,20260212,70.12,71.87,70.11,71.69,70.39,1.3,1.8469,45401.38,324202.742
603728.SH,20260211,71.8,71.8,70.25,70.39,71.92,-1.53,-2.1274,40376.7,285597.317
603728.SH,20260210,71.19,72.38,70.86,71.92,71.17,0.75,1.0538,56581.45,406205.047
603728.SH,20260209,70.97,71.47,69.9,71.17,70.14,1.03,1.4685,54437.11,384808.132
603728.SH,20260206,66.92,71.19,66.66,70.14,67.64,2.5,3.696,90158.02,627747.864
603728.SH,20260205,69.96,69.96,67.6,67.64,70.49,-2.85,-4.0431,57030.65,389260.336
603728.SH,20260204,70.01,70.49,68.81,70.49,70.39,0.1,0.1421,46420.78,322320.913
603728.SH,20260203,69.0,70.45,68.01,70.39,68.36,2.03,2.9696,56258.44,391296.881
603728.SH,20260202,69.6,70.97,68.32,68.36,69.72,-1.36,-1.9507,67750.6,470312.822
603728.SH,20260130,69.57,71.31,68.19,69.72,70.08,-0.36,-0.5137,72581.76,505508.532
603728.SH,20260129,71.64,73.55,70.0,70.08,71.37,-1.29,-1.8075,79170.48,567959.865
603728.SH,20260128,72.5,73.2,70.82,71.37,73.56,-2.19,-2.9772,72196.93,517043.778
603728.SH,20260127,72.33,73.9,69.63,73.56,72.94,0.62,0.85,100304.24,718533.76
603728.SH,20260126,77.03,77.66,72.0,72.94,75.51,-2.57,-3.4035,119002.56,879043.574
603728.SH,20260123,74.6,76.76,73.6,75.51,74.61,0.9,1.2063,116332.82,875662.845
603728.SH,20260122,76.33,77.62,74.53,74.61,76.31,-1.7,-2.2278,110214.21,833596.352
603728.SH,20260121,74.7,76.67,74.32,76.31,74.98,1.33,1.7738,123844.52,940768.89
603728.SH,20260120,75.61,77.9,74.27,74.98,75.26,-0.28,-0.372,151044.08,1143141.682
603728.SH,20260119,74.39,76.46,73.17,75.26,73.65,1.61,2.186,155551.86,1170958.046
603728.SH,20260116,71.44,74.98,71.07,73.65,71.19,2.46,3.4555,135377.43,992549.948
603728.SH,20260115,71.75,72.38,70.28,71.19,71.87,-0.68,-0.9462,74960.55,532862.772
603728.SH,20260114,72.97,74.19,70.8,71.87,72.97,-1.1,-1.5075,137744.26,999583.488
603728.SH,20260113,73.9,75.88,72.04,72.97,73.9,-0.93,-1.2585,140119.94,1038129.225
603728.SH,20260112,73.43,74.98,72.13,73.9,73.26,0.64,0.8736,124126.74,911798.819
603728.SH,20260109,71.68,74.0,71.48,73.26,71.98,1.28,1.7783,117151.0,858282.706
603728.SH,20260108,72.28,73.2,71.46,71.98,72.33,-0.35,-0.4839,84225.03,609238.515
603728.SH,20260107,71.61,73.2,71.02,72.33,72.66,-0.33,-0.4542,114499.68,826138.167
603728.SH,20260106,72.0,73.5,71.72,72.66,71.64,1.02,1.4238,104451.31,757888.709
603728.SH,20260105,71.28,72.76,70.93,71.64,72.35,-0.71,-0.9813,108239.76,777240.821
603728.SH,20251231,74.06,74.06,71.55,72.35,72.98,-0.63,-0.8633,141783.84,1029230.003
603728.SH,20251230,66.88,73.89,66.88,72.98,67.43,5.55,8.2308,215067.0,1531105.292
603728.SH,20251229,66.76,68.93,66.45,67.43,66.28,1.15,1.7351,101116.99,684297.342
603728.SH,20251226,67.24,67.55,65.67,66.28,66.68,-0.4,-0.5999,77354.69,515047.2
603728.SH,20251225,64.5,66.79,64.12,66.68,63.8,2.88,4.5141,89723.51,589680.714
603728.SH,20251224,63.32,64.2,63.3,63.8,63.75,0.05,0.0784,39135.2,249849.648
603728.SH,20251223,64.41,64.44,63.29,63.75,64.41,-0.66,-1.0247,41157.81,262650.72
603728.SH,20251222,63.11,65.0,62.67,64.41,62.12,2.29,3.6864,75685.63,484592.523
603728.SH,20251219,62.31,62.85,61.9,62.12,61.78,0.34,0.5503,35489.05,221570.08
603728.SH,20251218,62.0,62.98,61.75,61.78,62.61,-0.83,-1.3257,43268.86,269662.255
603728.SH,20251217,61.82,62.87,60.75,62.61,61.82,0.79,1.2779,57489.99,355424.213
603728.SH,20251216,64.03,64.28,61.82,61.82,64.35,-2.53,-3.9316,53543.2,335323.576
603728.SH,20251215,66.7,66.97,64.19,64.35,67.0,-2.65,-3.9552,59729.98,390479.12
603728.SH,20251212,66.66,67.37,65.76,67.0,66.84,0.16,0.2394,57805.02,385183.566
603728.SH,20251211,68.65,68.76,66.84,66.84,68.5,-1.66,-2.4234,48754.96,329610.663
603728.SH,20251210,68.54,68.94,67.71,68.5,68.43,0.07,0.1023,45874.67,313446.102
603728.SH,20251209,69.0,70.0,67.85,68.43,69.51,-1.08,-1.5537,73336.0,504727.318
603728.SH,20251208,68.7,69.91,67.73,69.51,68.65,0.86,1.2527,84509.07,583013.986
603728.SH,20251205,67.0,68.88,66.6,68.65,67.35,1.3,1.9302,90492.49,617608.028
603728.SH,20251204,66.5,67.76,65.3,67.35,64.51,2.84,4.4024,107747.72,719755.012
603728.SH,20251203,65.75,66.29,64.33,64.51,65.44,-0.93,-1.4211,29896.0,194006.851
603728.SH,20251202,67.62,67.66,65.2,65.44,67.62,-2.18,-3.2239,46733.71,308757.795
603728.SH,20251201,66.5,67.85,66.3,67.62,66.29,1.33,2.0063,60181.76,404346.606
603728.SH,20251128,65.5,66.46,64.6,66.29,65.65,0.64,0.9749,43674.88,287200.513
603728.SH,20251127,66.29,67.23,65.6,65.65,66.29,-0.64,-0.9655,39642.43,262810.375
603728.SH,20251126,65.5,67.0,65.0,66.29,65.63,0.66,1.0056,52609.75,348565.04
603728.SH,20251125,66.01,67.3,65.55,65.63,66.04,-0.41,-0.6208,54670.21,363126.155
603728.SH,20251124,64.65,66.1,63.5,66.04,64.64,1.4,2.1658,47048.5,306198.589
603728.SH,20251121,62.71,65.86,62.68,64.64,63.73,0.91,1.4279,76180.55,491125.159
603728.SH,20251120,65.7,65.99,63.68,63.73,65.2,-1.47,-2.2546,38983.64,250711.432
603728.SH,20251119,66.67,66.88,65.13,65.2,66.54,-1.34,-2.0138,30452.03,200309.503
603728.SH,20251118,66.34,67.26,65.62,66.54,66.83,-0.29,-0.4339,42584.33,283387.245
603728.SH,20251117,65.67,67.72,65.0,66.83,66.32,0.51,0.769,48625.81,325075.235
603728.SH,20251114,65.16,67.88,64.47,66.32,66.0,0.32,0.4848,61698.0,405953.457
603728.SH,20251113,64.99,66.5,64.85,66.0,65.42,0.58,0.8866,37666.82,247802.167
603728.SH,20251112,67.28,67.49,65.0,65.42,67.51,-2.09,-3.0958,50613.74,333671.244
603728.SH,20251111,68.38,69.18,67.12,67.51,68.14,-0.63,-0.9246,44411.17,302370.697
603728.SH,20251110,70.0,70.4,68.0,68.14,70.16,-2.02,-2.8791,58928.99,403973.997
603728.SH,20251107,71.6,71.78,69.9,70.16,71.52,-1.36,-1.9016,62449.48,440965.453
603728.SH,20251106,68.96,71.78,68.04,71.52,68.16,3.36,4.9296,108044.64,760720.435
603728.SH,20251105,68.0,69.25,67.38,68.16,69.36,-1.2,-1.7301,50045.11,341629.32
603728.SH,20251104,71.88,71.9,68.93,69.36,71.75,-2.39,-3.331,72435.21,505348.226
603728.SH,20251103,73.72,73.79,71.18,71.75,73.35,-1.6,-2.1813,83565.23,601401.927
603728.SH,20251031,70.96,74.27,70.74,73.35,71.59,1.76,2.4584,121276.17,889774.849
603728.SH,20251030,72.5,74.3,71.58,71.59,72.22,-0.63,-0.8723,103737.8,754108.68
603728.SH,20251029,72.33,73.06,71.11,72.22,71.98,0.24,0.3334,88415.22,636490.894
603728.SH,20251028,71.42,73.24,70.88,71.98,71.4,0.58,0.8123,107936.12,776216.731
603728.SH,20251027,71.72,71.89,69.58,71.4,70.72,0.68,0.9615,101841.44,721768.023
603728.SH,20251024,70.45,71.22,69.74,70.72,69.36,1.36,1.9608,87825.38,619044.536
603728.SH,20251023,69.5,69.66,67.8,69.36,70.08,-0.72,-1.0274,55847.97,383783.128
603728.SH,20251022,69.84,71.0,68.86,70.08,69.67,0.41,0.5885,79999.66,560606.452
603728.SH,20251021,70.05,70.26,68.55,69.67,69.81,-0.14,-0.2005,91426.14,635804.103
603728.SH,20251020,68.1,71.93,67.68,69.81,67.04,2.77,4.1319,125072.42,876907.496
603728.SH,20251017,69.64,69.78,67.0,67.04,70.08,-3.04,-4.3379,77507.19,527435.004
603728.SH,20251016,70.0,70.87,69.8,70.08,71.25,-1.17,-1.6421,71522.93,502780.709
603728.SH,20251015,68.8,72.41,67.92,71.25,68.12,3.13,4.5948,137219.86,964379.695
603728.SH,20251014,73.9,74.4,67.58,68.12,73.53,-5.41,-7.3575,161440.31,1141632.865
603728.SH,20251013,71.0,74.46,71.0,73.53,78.52,-4.99,-6.3551,168272.92,1226359.596
603728.SH,20251010,82.28,84.38,77.8,78.52,82.28,-3.76,-4.5698,197753.44,1604228.254
603728.SH,20251009,84.0,84.18,80.03,82.28,84.64,-2.36,-2.7883,164122.4,1352457.987
603728.SH,20250930,82.78,86.4,81.2,84.64,81.8,2.84,3.4719,230000.98,1923220.913
603728.SH,20250929,80.35,82.5,79.49,81.8,79.49,2.31,2.906,194148.12,1575786.41
603728.SH,20250926,83.6,84.0,79.38,79.49,83.67,-4.18,-4.9958,195208.59,1583031.413
603728.SH,20250925,81.75,88.0,79.88,83.67,80.31,3.36,4.1838,347084.15,2881115.923
603728.SH,20250924,73.01,80.31,71.71,80.31,73.01,7.3,9.9986,281029.95,2157294.152
603728.SH,20250923,73.49,73.91,71.0,73.01,73.49,-0.48,-0.6532,129030.36,935569.202
603728.SH,20250922,72.37,73.76,72.08,73.49,72.37,1.12,1.5476,121021.49,884136.443
603728.SH,20250919,75.0,75.45,72.01,72.37,77.06,-4.69,-6.0862,202134.28,1481654.744
603728.SH,20250918,78.14,80.79,73.8,77.06,78.14,-1.08,-1.3821,308113.51,2412389.915
603728.SH,20250917,78.18,81.58,77.0,78.14,78.15,-0.01,-0.0128,279258.43,2211973.164
603728.SH,20250916,74.35,79.2,73.08,78.15,73.69,4.46,6.0524,255006.0,1934756.337
603728.SH,20250915,71.2,75.38,71.2,73.69,71.9,1.79,2.4896,222124.74,1643347.224
603728.SH,20250912,72.45,74.29,71.0,71.9,72.26,-0.36,-0.4982,244413.46,1776014.518
603728.SH,20250911,68.5,72.54,68.41,72.26,68.89,3.37,4.8919,284364.24,2034008.15
603728.SH,20250910,67.05,70.5,67.0,68.89,68.33,0.56,0.8196,219451.91,1501100.164
603728.SH,20250909,69.0,71.21,68.01,68.33,68.85,-0.52,-0.7553,356720.58,2482536.912
603728.SH,20250908,63.96,68.85,63.96,68.85,62.59,6.26,10.0016,226142.58,1541608.978
603728.SH,20250905,60.42,62.65,60.03,62.59,60.58,2.01,3.3179,95386.72,588000.634
603728.SH,20250904,64.24,64.3,59.32,60.58,63.72,-3.14,-4.9278,121944.13,756059.261
603728.SH,20250903,66.64,66.8,62.8,63.72,65.74,-2.02,-3.0727,143914.43,924872.447
603728.SH,20250902,63.41,67.0,60.68,65.74,63.39,2.35,3.7072,244997.91,1575312.334
603728.SH,20250901,63.6,64.45,62.15,63.39,64.43,-1.04,-1.6142,112885.78,712360.066
603728.SH,20250829,64.9,65.88,63.2,64.43,64.5,-0.07,-0.1085,94264.5,607259.467
603728.SH,20250828,63.32,64.67,62.3,64.5,63.78,0.72,1.1289,120294.0,765743.124
603728.SH,20250827,65.21,66.77,63.71,63.78,65.2,-1.42,-2.1779,133684.88,877571.188
603728.SH,20250826,66.06,66.45,65.16,65.2,66.74,-1.54,-2.3075,115783.17,761062.665
603728.SH,20250825,66.01,67.38,65.8,66.74,65.82,0.92,1.3978,135498.43,903414.438
603728.SH,20250822,64.9,65.93,64.3,65.82,64.97,0.85,1.3083,120186.69,783838.694
603728.SH,20250821,65.42,66.54,64.68,64.97,65.38,-0.41,-0.6271,120483.5,789623.394
603728.SH,20250820,65.15,66.0,64.1,65.38,65.19,0.19,0.2915,136082.26,887470.866
603728.SH,20250819,63.38,67.03,62.15,65.19,63.34,1.85,2.9207,213466.37,1378917.466
603728.SH,20250818,62.98,63.98,62.06,63.34,62.68,0.66,1.053,147995.81,934157.938
603728.SH,20250815,61.47,62.88,61.26,62.68,61.73,0.95,1.539,152515.16,947930.265
603728.SH,20250814,60.35,63.2,58.77,61.73,60.21,1.52,2.5245,174974.59,1066377.435
603728.SH,20250813,59.8,60.58,59.12,60.21,59.61,0.6,1.0065,86738.9,520227.273
603728.SH,20250812,60.57,60.97,59.0,59.61,60.45,-0.84,-1.3896,110100.89,655919.441
603728.SH,20250811,60.4,61.54,60.4,60.45,60.4,0.05,0.0828,79035.46,481912.853
603728.SH,20250808,61.79,61.83,60.37,60.4,61.98,-1.58,-2.5492,64766.16,394106.433
603728.SH,20250807,62.86,62.86,61.71,61.98,62.75,-0.77,-1.2271,93895.27,583096.136
603728.SH,20250806,60.8,63.34,60.11,62.75,60.38,2.37,3.9251,166590.31,1035680.935
603728.SH,20250805,60.22,60.54,59.68,60.38,60.18,0.2,0.3323,71244.45,428291.079
603728.SH,20250804,57.75,60.18,57.7,60.18,58.04,2.14,3.6871,85647.61,508140.791
603728.SH,20250801,58.89,59.57,57.59,58.04,58.9,-0.86,-1.4601,64388.65,375886.021
603728.SH,20250731,58.3,60.44,58.29,58.9,58.57,0.33,0.5634,94444.96,562844.784
603728.SH,20250730,59.29,59.31,58.14,58.57,59.38,-0.81,-1.3641,63077.79,370329.437
603728.SH,20250729,59.58,59.95,58.65,59.38,60.12,-0.74,-1.2309,85399.88,505799.976
603728.SH,20250728,60.65,61.3,60.09,60.12,60.35,-0.23,-0.3811,63314.11,383272.87
603728.SH,20250725,60.5,60.68,59.7,60.35,60.27,0.08,0.1327,69028.6,414696.539
603728.SH,20250724,59.8,61.15,59.51,60.27,60.15,0.12,0.1995,78680.16,474919.969
603728.SH,20250723,61.3,61.56,59.8,60.15,61.92,-1.77,-2.8585,100786.58,609513.997
603728.SH,20250722,62.0,62.96,61.38,61.92,62.99,-1.07,-1.6987,120042.26,744653.032
603728.SH,20250721,60.98,64.78,60.06,62.99,59.03,3.96,6.7085,185829.37,1157886.116
603728.SH,20250718,58.85,59.3,58.4,59.03,58.86,0.17,0.2888,73099.0,430719.996
603728.SH,20250717,58.64,59.57,57.9,58.86,58.89,-0.03,-0.0509,110048.46,648074.867
603728.SH,20250716,57.36,59.26,57.06,58.89,57.2,1.69,2.9545,143799.93,838482.474
603728.SH,20250715,57.71,57.71,56.18,57.2,57.24,-0.04,-0.0699,78250.0,444348.892
603728.SH,20250714,55.97,57.64,55.76,57.24,55.71,1.53,2.7464,116270.67,660305.791
603728.SH,20250711,54.03,56.5,53.75,55.71,54.04,1.67,3.0903,97883.5,541168.508
603728.SH,20250710,54.15,54.55,53.88,54.04,54.44,-0.4,-0.7348,45468.01,246036.472
603728.SH,20250709,54.98,56.49,54.31,54.44,54.75,-0.31,-0.5662,85578.3,474784.084
603728.SH,20250708,53.94,55.0,53.7,54.75,53.94,0.81,1.5017,49796.91,271590.85
603728.SH,20250707,54.71,54.91,53.7,53.94,55.0,-1.06,-1.9273,43140.16,233067.883
603728.SH,20250704,55.77,56.0,54.46,55.0,55.66,-0.66,-1.1858,68297.97,376238.1
603728.SH,20250703,55.63,56.71,55.12,55.66,56.01,-0.35,-0.6249,49814.9,276992.091
603728.SH,20250702,57.02,57.41,55.66,56.01,57.46,-1.45,-2.5235,57120.0,321702.025
603728.SH,20250701,57.47,57.81,56.8,57.46,57.47,-0.01,-0.0174,53728.0,308196.588
603728.SH,20250630,57.2,57.98,57.06,57.47,57.12,0.35,0.6127,51433.0,296074.259
603728.SH,20250627,56.98,57.79,56.51,57.12,57.11,0.01,0.0175,54120.0,309502.542
603728.SH,20250626,58.09,58.87,57.03,57.11,58.1,-0.99,-1.704,81592.61,471748.503
603728.SH,20250625,57.5,58.12,57.02,58.1,57.49,0.61,1.0611,98043.0,565877.904
603728.SH,20250624,54.38,57.55,54.38,57.49,54.24,3.25,5.9919,139917.32,795402.616
603728.SH,20250623,52.86,54.35,52.54,54.24,54.01,0.23,0.4258,46212.1,248858.083
603728.SH,20250620,56.31,56.33,53.75,54.01,56.29,-2.28,-4.0505,77894.22,426151.334
603728.SH,20250619,55.48,57.58,55.13,56.29,55.53,0.76,1.3686,129321.13,733785.88
603728.SH,20250618,54.47,55.77,54.15,55.53,54.48,1.05,1.9273,61346.39,338623.403
603728.SH,20250617,54.8,54.98,54.2,54.5,54.7,-0.2,-0.3656,37446.23,203961.581
603728.SH,20250616,53.52,54.98,53.52,54.7,54.36,0.34,0.6255,36062.0,196838.484
603728.SH,20250613,55.7,55.7,54.14,54.36,55.84,-1.48,-2.6504,55074.42,301702.427
603728.SH,20250612,55.95,56.76,55.69,55.84,56.26,-0.42,-0.7465,41151.49,231154.864
603728.SH,20250611,55.63,56.77,55.63,56.26,55.57,0.69,1.2417,61631.0,347124.169
603728.SH,20250610,56.93,57.01,54.48,55.57,56.92,-1.35,-2.3717,79568.51,442005.49
603728.SH,20250609,56.51,57.77,56.5,56.92,56.68,0.24,0.4234,60827.0,348202.393
603728.SH,20250606,57.21,57.34,56.27,56.68,57.5,-0.82,-1.4261,51028.83,289371.419
603728.SH,20250605,56.9,58.0,56.0,57.5,56.7,0.8,1.4109,78654.75,448968.92
603728.SH,20250604,55.97,57.22,55.7,56.7,55.56,1.14,2.0518,76776.02,433754.11
603728.SH,20250603,54.9,55.98,54.9,55.56,55.48,0.08,0.1442,39901.3,222108.378
603728.SH,20250530,56.89,56.9,55.33,55.48,57.15,-1.67,-2.9221,51698.01,288065.156
603728.SH,20250529,56.61,57.46,56.55,57.15,56.58,0.57,1.0074,61073.8,348318.034
603728.SH,20250528,57.0,57.38,56.27,56.58,56.95,-0.37,-0.6497,45928.91,260454.469
603728.SH,20250527,58.25,58.3,56.79,56.95,58.19,-1.24,-2.131,49334.04,282104.11
603728.SH,20250526,58.4,58.5,57.63,58.19,58.46,-0.27,-0.4619,52534.87,304700.86
603728.SH,20250523,58.88,60.09,58.3,58.46,59.2,-0.74,-1.25,66990.12,396610.239
603728.SH,20250522,59.63,60.47,59.1,59.2,59.45,-0.25,-0.4205,58498.12,349223.304
603728.SH,20250521,60.75,60.94,59.2,59.45,60.85,-1.4,-2.3007,77725.33,463984.11
603728.SH,20250520,60.59,61.59,59.8,60.85,60.89,-0.04,-0.0657,57792.0,351283.882
603728.SH,20250519,61.86,61.86,59.65,60.89,61.99,-1.1,-1.7745,67489.75,408763.26
603728.SH,20250516,62.2,63.89,61.85,61.99,62.06,-0.07,-0.1128,93770.75,590100.402
603728.SH,20250515,64.5,64.55,61.77,62.06,64.8,-2.74,-4.2284,80687.44,506415.438
603728.SH,20250514,65.0,66.1,63.88,64.8,65.29,-0.49,-0.7505,76752.48,497583.19
603728.SH,20250513,67.75,67.86,65.16,65.29,66.36,-1.07,-1.6124,82623.54,546436.064
603728.SH,20250512,65.12,66.88,65.0,66.36,64.16,2.2,3.4289,107225.19,708216.559
603728.SH,20250509,66.11,66.11,63.65,64.16,66.09,-1.93,-2.9203,80266.02,516478.166
603728.SH,20250508,65.6,66.95,65.19,66.09,65.72,0.37,0.563,87945.11,581045.624
603728.SH,20250507,67.97,67.98,64.68,65.72,67.15,-1.43,-2.1296,126261.58,835420.506
603728.SH,20250506,66.53,67.78,64.79,67.15,65.87,1.28,1.9432,152874.88,1012303.158
603728.SH,20250430,63.0,66.88,62.3,65.87,62.86,3.01,4.7884,122742.0,797339.062
603728.SH,20250429,62.14,63.68,61.35,62.86,62.3,0.56,0.8989,75162.0,472997.765
603728.SH,20250428,63.5,64.07,61.86,62.3,64.09,-1.79,-2.7929,81855.93,510997.466
603728.SH,20250425,64.6,64.91,63.5,64.09,64.61,-0.52,-0.8048,89317.01,573159.624
603728.SH,20250424,65.71,66.5,64.3,64.61,66.44,-1.83,-2.7544,133052.0,866357.58
603728.SH,20250423,63.6,66.69,62.4,66.44,62.12,4.32,6.9543,230410.12,1495735.391
603728.SH,20250422,60.69,64.5,60.28,62.12,61.47,0.65,1.0574,203969.99,1279009.061
603728.SH,20250421,57.0,62.24,55.78,61.47,56.58,4.89,8.6426,179891.76,1088068.255
603728.SH,20250418,56.96,57.33,56.2,56.58,57.0,-0.42,-0.7368,32042.32,181365.088
603728.SH,20250417,57.1,58.23,56.97,57.0,57.38,-0.38,-0.6623,45840.18,263629.452
603728.SH,20250416,58.5,58.65,56.32,57.38,58.76,-1.38,-2.3485,64828.5,372064.904
603728.SH,20250415,59.23,59.81,58.05,58.76,59.27,-0.51,-0.8605,65483.18,385067.476
603728.SH,20250414,60.0,60.95,59.0,59.27,59.19,0.08,0.1352,96831.38,578977.112
603728.SH,20250411,56.96,60.56,56.0,59.19,57.3,1.89,3.2984,107201.0,631688.916
603728.SH,20250410,57.0,59.28,56.99,57.3,55.03,2.27,4.125,117682.2,680997.416
603728.SH,20250409,53.4,55.39,48.68,55.03,53.49,1.54,2.879,166591.3,875417.905
603728.SH,20250408,57.2,57.64,53.49,53.49,59.43,-5.94,-9.995,128497.58,698232.7
603728.SH,20250407,60.5,62.0,59.43,59.43,66.03,-6.6,-9.9955,25254.0,151598.522
603728.SH,20250403,67.05,68.85,66.0,66.03,68.01,-1.98,-2.9113,52778.89,354220.891
603728.SH,20250402,67.2,68.5,67.17,68.01,67.19,0.82,1.2204,63271.3,430413.786
603728.SH,20250401,67.67,68.25,66.5,67.19,67.5,-0.31,-0.4593,56070.0,377536.297
603728.SH,20250331,68.5,68.92,65.52,67.5,69.3,-1.8,-2.5974,115331.01,768897.368
603728.SH,20250328,70.6,71.5,69.3,69.3,70.81,-1.51,-2.1325,55045.68,384494.758
603728.SH,20250327,71.5,73.3,70.6,70.81,71.8,-0.99,-1.3788,82686.0,592212.457
603728.SH,20250326,69.97,73.38,69.0,71.8,70.16,1.64,2.3375,104763.58,757248.457
603728.SH,20250325,72.02,73.83,69.88,70.16,71.45,-1.29,-1.8055,91523.13,659280.428
603728.SH,20250324,71.2,71.88,69.18,71.45,71.23,0.22,0.3089,72260.3,508752.176
603728.SH,20250321,74.33,74.9,71.01,71.23,75.08,-3.85,-5.1279,97114.55,698815.36
603728.SH,20250320,75.0,77.0,72.55,75.08,74.96,0.12,0.1601,122792.67,920337.612
603728.SH,20250319,75.5,76.4,74.4,74.96,75.8,-0.84,-1.1082,71700.76,539698.242
603728.SH,20250318,76.45,77.68,75.23,75.8,76.3,-0.5,-0.6553,66683.55,507577.582
603728.SH,20250317,75.72,77.5,73.73,76.3,75.72,0.58,0.766,98832.68,748464.776
603728.SH,20250314,71.41,77.05,71.2,75.72,72.13,3.59,4.9771,140112.26,1039158.567
603728.SH,20250313,76.49,76.51,70.96,72.13,76.96,-4.83,-6.276,157952.79,1151284.78
603728.SH,20250312,78.33,78.79,76.06,76.96,78.32,-1.36,-1.7365,83672.12,648412.451
603728.SH,20250311,79.93,81.5,75.52,78.32,81.66,-3.34,-4.0901,165845.3,1290459.627
603728.SH,20250310,81.0,82.88,80.0,81.66,80.6,1.06,1.3151,122049.34,994587.036
603728.SH,20250307,79.0,81.5,78.6,80.6,80.2,0.4,0.4988,131879.63,1056754.228
603728.SH,20250306,80.3,81.69,79.25,80.2,80.48,-0.28,-0.3479,140202.87,1128389.545
603728.SH,20250305,77.2,81.66,76.88,80.48,77.94,2.54,3.2589,158446.7,1248480.409
603728.SH,20250304,74.0,79.22,74.0,77.94,74.11,3.83,5.168,158414.46,1229279.868
603728.SH,20250303,77.1,77.1,73.06,74.11,77.14,-3.03,-3.9279,153544.72,1147099.072
603728.SH,20250228,84.0,84.0,77.14,77.14,85.71,-8.57,-9.9988,139343.47,1104972.18
603728.SH,20250227,84.0,87.49,82.2,85.71,86.3,-0.59,-0.6837,160051.71,1356676.045
603728.SH,20250226,86.31,92.5,84.61,86.3,86.3,0.0,0.0,235701.53,2089572.509
603728.SH,20250225,80.5,90.08,80.2,86.3,84.68,1.62,1.9131,201053.98,1725642.404
603728.SH,20250224,90.0,90.74,84.19,84.68,90.74,-6.06,-6.6784,225606.09,1954626.762
603728.SH,20250221,81.0,90.74,80.1,90.74,82.49,8.25,10.0012,259668.17,2195342.63
603728.SH,20250220,77.3,85.64,75.68,82.49,77.85,4.64,5.9602,246335.02,1974529.469
603728.SH,20250219,72.63,78.5,72.1,77.85,72.64,5.21,7.1724,211456.04,1611783.268
603728.SH,20250218,73.77,75.75,72.1,72.64,74.8,-2.16,-2.8877,127662.72,943293.694
603728.SH,20250217,72.38,74.9,72.15,74.8,72.4,2.4,3.3149,154598.19,1139899.643
603728.SH,20250214,71.71,72.8,71.0,72.4,72.65,-0.25,-0.3441,109158.25,784595.602
603728.SH,20250213,75.11,76.6,71.87,72.65,75.78,-3.13,-4.1304,157879.61,1164711.203
603728.SH,20250212,73.47,77.0,71.71,75.78,75.29,0.49,0.6508,185785.76,1383910.258
603728.SH,20250211,74.85,78.6,74.32,75.29,75.6,-0.31,-0.4101,230784.4,1762134.964
603728.SH,20250210,77.0,77.7,73.5,75.6,78.6,-3.0,-3.8168,258071.82,1929540.333
603728.SH,20250207,79.21,79.8,75.08,78.6,75.41,3.19,4.2302,300414.62,2332294.2
603728.SH,20250206,69.23,75.41,69.13,75.41,68.55,6.86,10.0073,84225.11,610404.221
603728.SH,20250205,63.77,68.55,63.77,68.55,62.32,6.23,9.9968,113708.72,755128.874
603728.SH,20250127,65.38,65.48,61.58,62.32,66.8,-4.48,-6.7066,133454.34,836348.255
603728.SH,20250124,64.26,66.99,63.1,66.8,64.67,2.13,3.2936,156955.3,1027670.852
603728.SH,20250123,64.0,69.01,62.67,64.67,64.05,0.62,0.968,205715.23,1351976.175
603728.SH,20250122,63.45,65.11,62.58,64.05,64.51,-0.46,-0.7131,134023.4,855387.961
603728.SH,20250121,61.61,65.5,61.4,64.51,61.0,3.51,5.7541,187868.25,1200395.22
603728.SH,20250120,61.03,62.5,60.7,61.0,60.5,0.5,0.8264,116787.0,718730.166
603728.SH,20250117,60.74,62.58,60.5,60.5,61.05,-0.55,-0.9009,111031.84,680358.41
603728.SH,20250116,62.22,62.68,60.2,61.05,61.62,-0.57,-0.925,174288.82,1069624.941
603728.SH,20250115,60.0,63.26,59.47,61.62,59.51,2.11,3.5456,276357.37,1687476.941
603728.SH,20250114,53.8,59.51,53.03,59.51,54.1,5.41,10.0,282107.29,1618837.459
603728.SH,20250113,52.8,56.97,52.78,54.1,53.97,0.13,0.2409,158120.0,873184.038
603728.SH,20250110,53.58,58.0,53.55,53.97,54.45,-0.48,-0.8815,176935.58,983119.632
603728.SH,20250109,50.98,55.33,50.66,54.45,51.82,2.63,5.0753,174911.52,936013.665
300660.SZ,20260702,28.75,30.32,28.45,29.11,28.45,0.66,2.3199,213739.35,630562.45371
300660.SZ,20260701,27.97,29.5,27.86,28.45,27.86,0.59,2.1177,133455.56,381999.6004
300660.SZ,20260630,26.36,28.03,26.31,27.86,26.23,1.63,6.2143,109513.45,299567.7327
300660.SZ,20260629,25.9,26.48,25.28,26.23,25.98,0.25,0.9623,101629.08,263597.80436
300660.SZ,20260626,27.05,27.21,25.98,25.98,27.18,-1.2,-4.415,91951.87,242606.16984
300660.SZ,20260625,28.01,28.38,27.01,27.18,28.01,-0.83,-2.9632,107389.96,294902.11295
300660.SZ,20260624,28.6,28.78,27.81,28.01,28.6,-0.59,-2.0629,78010.41,219721.7042
300660.SZ,20260623,28.67,29.5,28.28,28.6,28.93,-0.33,-1.1407,86431.28,249247.28671
300660.SZ,20260622,30.48,30.53,27.94,28.93,30.49,-1.56,-5.1164,154410.58,444325.28144
300660.SZ,20260618,30.04,30.86,29.61,30.49,30.04,0.45,1.498,87901.8,267400.00397
300660.SZ,20260617,30.61,30.63,29.77,30.04,30.85,-0.81,-2.6256,84803.08,255497.8918
300660.SZ,20260616,30.01,31.49,29.91,30.85,30.29,0.56,1.8488,88111.02,271337.49233
300660.SZ,20260615,29.9,30.4,29.5,30.29,29.46,0.83,2.8174,79112.68,238337.57997
300660.SZ,20260612,30.3,30.97,28.93,29.46,29.72,-0.26,-0.8748,110669.0,329778.23474
300660.SZ,20260611,31.72,31.86,29.44,29.72,32.0,-2.28,-7.125,129938.99,391615.12606
300660.SZ,20260610,33.31,33.7,31.45,32.0,33.97,-1.97,-5.7992,104972.2,339950.53018
300660.SZ,20260609,34.72,34.95,33.27,33.97,34.66,-0.69,-1.9908,127620.88,430272.55759
300660.SZ,20260608,32.42,34.99,32.42,34.66,33.84,0.82,2.4232,175983.64,605833.555
300660.SZ,20260605,32.25,35.0,30.92,33.84,32.43,1.41,4.3478,164717.13,543243.747
300660.SZ,20260604,31.51,33.06,31.32,32.43,31.99,0.44,1.3754,84881.71,275794.662
300660.SZ,20260603,32.5,33.29,31.79,31.99,32.82,-0.83,-2.5289,84409.3,274699.932
300660.SZ,20260602,43.35,44.17,42.65,42.87,42.69,0.18,0.4216,57487.62,248719.837
300660.SZ,20260601,42.47,43.39,42.23,42.69,42.49,0.2,0.4707,54277.3,231984.6
300660.SZ,20260529,45.36,45.7,42.2,42.49,45.36,-2.87,-6.3272,100525.91,437626.033
300660.SZ,20260528,46.99,47.01,44.72,45.36,47.0,-1.64,-3.4894,105275.13,478506.905
300660.SZ,20260527,47.5,47.93,46.8,47.0,48.54,-1.54,-3.1726,121495.45,574336.352
300660.SZ,20260526,47.51,49.82,47.39,48.54,47.14,1.4,2.9699,210485.43,1027426.475
300660.SZ,20260525,47.83,48.09,46.83,47.14,48.06,-0.92,-1.9143,110666.78,523025.768
300660.SZ,20260522,47.3,48.4,46.3,48.06,47.58,0.48,1.0088,135003.6,643088.044
300660.SZ,20260521,46.65,48.77,46.4,47.58,46.46,1.12,2.4107,205820.81,985729.306
300660.SZ,20260520,47.11,47.11,45.9,46.46,47.6,-1.14,-2.395,98465.06,457022.451
300660.SZ,20260519,47.11,48.32,46.8,47.6,47.74,-0.14,-0.2933,132443.21,629529.264
300660.SZ,20260518,46.0,48.18,45.67,47.74,46.27,1.47,3.177,189930.9,890284.566
300660.SZ,20260515,43.71,47.22,43.66,46.27,43.71,2.56,5.8568,204590.06,936949.633
300660.SZ,20260514,44.73,45.12,43.69,43.71,44.56,-0.85,-1.9075,90528.34,401948.193
300660.SZ,20260513,44.33,44.74,43.73,44.56,44.41,0.15,0.3378,57130.58,253190.722
300660.SZ,20260512,45.0,45.66,44.33,44.41,44.97,-0.56,-1.2453,79120.98,355118.518
300660.SZ,20260511,45.46,45.8,44.72,44.97,45.52,-0.55,-1.2083,100389.61,451984.104
300660.SZ,20260508,44.0,46.36,43.9,45.52,44.3,1.22,2.754,156313.69,711075.163
300660.SZ,20260507,43.53,44.68,43.12,44.3,43.34,0.96,2.215,87662.43,387961.962
300660.SZ,20260506,42.73,43.88,42.73,43.34,42.53,0.81,1.9045,63951.83,277189.214
300660.SZ,20260430,42.2,42.99,41.95,42.53,42.22,0.31,0.7342,49157.88,209478.177
300660.SZ,20260429,40.98,42.79,40.98,42.22,41.13,1.09,2.6501,66838.97,280842.275
300660.SZ,20260428,42.88,42.92,40.89,41.13,43.02,-1.89,-4.3933,65203.09,271384.893
300660.SZ,20260427,41.97,43.59,41.58,43.02,42.03,0.99,2.3555,56010.47,240628.391
300660.SZ,20260424,42.32,42.65,41.72,42.03,42.46,-0.43,-1.0127,39942.41,168287.537
300660.SZ,20260423,43.86,43.86,42.02,42.46,43.86,-1.4,-3.192,62018.94,265035.951
300660.SZ,20260422,43.44,43.89,43.15,43.86,43.63,0.23,0.5272,42614.75,186113.459
300660.SZ,20260421,43.74,44.27,43.1,43.63,44.0,-0.37,-0.8409,50948.52,221912.125
300660.SZ,20260420,44.46,44.48,43.56,44.0,44.0,0.0,0.0,52087.41,229910.717
300660.SZ,20260417,43.5,44.4,43.14,44.0,43.77,0.23,0.5255,54896.25,240092.618
300660.SZ,20260416,43.77,44.08,43.5,43.77,43.2,0.57,1.3194,44579.85,194800.472
300660.SZ,20260415,44.08,44.24,43.05,43.2,43.84,-0.64,-1.4599,51660.33,225543.375
300660.SZ,20260414,43.68,43.85,43.18,43.84,43.29,0.55,1.2705,48739.13,212464.055
300660.SZ,20260413,43.04,43.56,42.75,43.29,43.21,0.08,0.1851,39146.09,169204.802
300660.SZ,20260410,42.67,44.1,42.56,43.21,42.22,0.99,2.3449,57391.53,249541.28
300660.SZ,20260409,42.88,42.9,42.2,42.22,43.21,-0.99,-2.2911,40096.57,170341.202
300660.SZ,20260408,41.6,43.23,41.6,43.21,40.66,2.55,6.2715,66008.33,281687.642
300660.SZ,20260407,40.81,41.28,40.51,40.66,40.82,-0.16,-0.392,23941.02,97981.69
300660.SZ,20260403,41.93,42.06,40.7,40.82,41.83,-1.01,-2.4145,29949.34,123132.974
300660.SZ,20260402,42.95,42.96,41.62,41.83,43.09,-1.26,-2.9241,36212.1,152956.328
300660.SZ,20260401,43.06,43.28,42.57,43.09,42.25,0.84,1.9882,43994.2,189051.085
300660.SZ,20260331,42.49,43.49,42.2,42.25,42.66,-0.41,-0.9611,46484.49,199058.516
300660.SZ,20260330,42.08,43.46,41.8,42.66,42.51,0.15,0.3529,40415.98,172687.983
300660.SZ,20260327,41.27,42.78,41.23,42.51,42.07,0.44,1.0459,41046.24,173362.889
300660.SZ,20260326,42.73,43.49,41.96,42.07,42.71,-0.64,-1.4985,48767.65,208490.917
300660.SZ,20260325,41.98,42.88,41.98,42.71,41.95,0.76,1.8117,56900.97,242022.33
300660.SZ,20260324,42.62,42.7,40.53,41.95,42.0,-0.05,-0.119,67941.2,281477.096
300660.SZ,20260323,42.8,44.3,41.65,42.0,42.85,-0.85,-1.9837,83886.09,361748.404
300660.SZ,20260320,43.99,44.31,42.85,42.85,43.75,-0.9,-2.0571,46362.76,201880.837
300660.SZ,20260319,44.48,45.0,43.6,43.75,45.4,-1.65,-3.6344,53676.31,236912.553
300660.SZ,20260318,45.53,45.8,44.7,45.4,45.34,0.06,0.1323,40027.48,180874.703
300660.SZ,20260317,46.5,46.65,45.34,45.34,46.34,-1.0,-2.158,36189.93,166226.343
300660.SZ,20260316,46.02,46.38,45.37,46.34,46.02,0.32,0.6953,38436.5,176229.02
300660.SZ,20260313,46.53,46.82,45.91,46.02,46.85,-0.83,-1.7716,31643.93,146719.855
300660.SZ,20260312,47.53,47.85,46.53,46.85,47.71,-0.86,-1.8026,41102.14,193319.838
300660.SZ,20260311,48.1,48.39,47.7,47.71,48.05,-0.34,-0.7076,45003.82,215926.492
300660.SZ,20260310,47.24,48.47,47.24,48.05,46.53,1.52,3.2667,60632.95,290110.448
300660.SZ,20260309,46.67,47.08,45.05,46.53,47.33,-0.8,-1.6903,63671.57,292484.08
300660.SZ,20260306,47.0,47.9,46.83,47.33,47.14,0.19,0.4031,33510.71,159097.764
300660.SZ,20260305,47.7,48.0,46.85,47.14,46.94,0.2,0.4261,43157.63,204782.184
300660.SZ,20260304,46.6,47.8,46.54,46.94,47.13,-0.19,-0.4031,44992.18,212368.319
300660.SZ,20260303,50.0,50.35,47.11,47.13,49.9,-2.77,-5.5511,76317.16,368689.874
300660.SZ,20260302,50.42,51.2,49.89,49.9,51.94,-2.04,-3.9276,73313.73,369114.464
300660.SZ,20260227,52.07,52.69,51.78,51.94,52.3,-0.36,-0.6883,55474.94,288805.66
300660.SZ,20260226,53.2,53.28,52.28,52.3,53.29,-0.99,-1.8578,67872.63,356368.398
300660.SZ,20260225,53.6,53.8,52.83,53.29,53.89,-0.6,-1.1134,78806.13,419491.123
300660.SZ,20260224,55.0,55.16,53.26,53.89,53.85,0.04,0.0743,87929.75,473343.476
300660.SZ,20260213,52.84,54.18,52.69,53.85,53.1,0.75,1.4124,74230.61,398732.345
300660.SZ,20260212,52.82,53.6,52.82,53.1,52.91,0.19,0.3591,46111.61,245764.281
300660.SZ,20260211,53.3,53.7,52.83,52.91,53.68,-0.77,-1.4344,46540.23,247262.377
300660.SZ,20260210,52.9,54.28,52.6,53.68,52.61,1.07,2.0338,93991.54,503363.608
300660.SZ,20260209,52.45,52.77,51.89,52.61,51.9,0.71,1.368,47076.6,246511.416
300660.SZ,20260206,51.02,52.86,50.0,51.9,51.21,0.69,1.3474,67085.51,349194.941
300660.SZ,20260205,52.59,52.79,51.15,51.21,53.05,-1.84,-3.4684,56127.79,290599.519
300660.SZ,20260204,52.9,53.29,52.45,53.05,53.29,-0.24,-0.4504,55958.96,295536.854
300660.SZ,20260203,52.31,53.4,51.8,53.29,51.81,1.48,2.8566,78071.54,412454.15
300660.SZ,20260202,52.22,53.62,51.79,51.81,52.41,-0.6,-1.1448,78875.69,415160.224
300660.SZ,20260130,51.8,53.45,51.2,52.41,51.83,0.58,1.119,85001.69,444490.375
300660.SZ,20260129,53.01,53.8,51.8,51.83,53.08,-1.25,-2.3549,84923.34,447912.747
300660.SZ,20260128,53.94,54.46,52.92,53.08,54.43,-1.35,-2.4802,78247.3,418243.078
300660.SZ,20260127,53.61,54.79,51.7,54.43,54.0,0.43,0.7963,121854.21,650164.394
300660.SZ,20260126,57.18,57.5,53.58,54.0,56.61,-2.61,-4.6105,164988.72,909824.659
300660.SZ,20260123,57.07,57.75,55.9,56.61,56.96,-0.35,-0.6145,158930.38,900944.87
300660.SZ,20260122,57.61,59.2,56.77,56.96,57.48,-0.52,-0.9047,202257.06,1165536.267
300660.SZ,20260121,56.27,58.37,56.07,57.48,57.21,0.27,0.4719,223004.72,1282902.312
300660.SZ,20260120,56.29,58.36,55.55,57.21,56.32,0.89,1.5803,259787.49,1480812.318
300660.SZ,20260119,55.0,57.43,53.04,56.32,55.43,0.89,1.6056,270625.63,1508355.808
300660.SZ,20260116,54.2,56.64,53.51,55.43,53.6,1.83,3.4142,190110.63,1053936.21
300660.SZ,20260115,52.99,54.09,52.96,53.6,53.48,0.12,0.2244,86415.44,462092.683
300660.SZ,20260114,54.85,55.58,52.75,53.48,54.95,-1.47,-2.6752,157443.66,854295.168
300660.SZ,20260113,56.8,57.47,54.3,54.95,56.98,-2.03,-3.5627,159030.7,886101.477
300660.SZ,20260112,55.5,57.0,54.6,56.98,55.31,1.67,3.0193,194775.05,1089782.102
300660.SZ,20260109,53.89,55.98,53.52,55.31,54.02,1.29,2.388,149486.69,824406.545
300660.SZ,20260108,54.0,54.61,53.53,54.02,54.18,-0.16,-0.2953,96290.73,521209.897
300660.SZ,20260107,53.81,55.5,53.62,54.18,54.3,-0.12,-0.221,120539.59,657440.68
300660.SZ,20260106,54.1,55.25,53.96,54.3,54.25,0.05,0.0922,133418.29,727255.317
300660.SZ,20260105,53.62,54.66,53.3,54.25,54.82,-0.57,-1.0398,142197.77,768537.156
300660.SZ,20251231,56.3,56.7,54.6,54.82,56.45,-1.63,-2.8875,190418.42,1051432.458
300660.SZ,20251230,53.0,58.7,52.53,56.45,53.94,2.51,4.6533,277094.72,1549465.709
300660.SZ,20251229,53.14,55.46,52.6,53.94,53.14,0.8,1.5055,203561.92,1103184.457
300660.SZ,20251226,52.0,54.37,51.88,53.14,52.11,1.03,1.9766,217086.77,1153213.194
300660.SZ,20251225,49.56,53.23,49.56,52.11,48.85,3.26,6.6735,198275.63,1026211.713
300660.SZ,20251224,48.4,48.99,48.31,48.85,48.63,0.22,0.4524,49180.82,239993.723
300660.SZ,20251223,48.99,49.3,48.2,48.63,49.7,-1.07,-2.1529,72721.26,353866.466
300660.SZ,20251222,48.58,50.38,47.82,49.7,47.47,2.23,4.6977,127529.8,627727.519
300660.SZ,20251219,46.69,48.44,46.65,47.47,46.23,1.24,2.6822,76133.59,361378.567
300660.SZ,20251218,46.46,47.33,46.22,46.23,46.86,-0.63,-1.3444,45226.99,211300.953
300660.SZ,20251217,46.02,47.25,45.5,46.86,46.06,0.8,1.7369,56554.03,261514.04
300660.SZ,20251216,47.82,47.82,46.0,46.06,47.86,-1.8,-3.761,64128.59,298920.495
300660.SZ,20251215,49.13,49.3,47.86,47.86,49.65,-1.79,-3.6052,65630.84,318053.815
300660.SZ,20251212,49.4,49.88,48.47,49.65,49.46,0.19,0.3841,74321.22,366086.691
300660.SZ,20251211,50.24,50.5,49.33,49.46,50.25,-0.79,-1.5721,67937.33,338876.51
300660.SZ,20251210,50.43,50.8,49.71,50.25,50.44,-0.19,-0.3767,72508.93,363732.5
300660.SZ,20251209,50.75,51.64,50.2,50.44,51.77,-1.33,-2.5691,104118.32,528914.175
300660.SZ,20251208,50.36,52.08,49.7,51.77,50.94,0.83,1.6294,156671.23,802567.654
300660.SZ,20251205,49.79,51.19,49.02,50.94,50.1,0.84,1.6766,198020.43,999691.141
300660.SZ,20251204,47.3,52.0,47.0,50.1,46.04,4.06,8.8184,266178.27,1321089.399
300660.SZ,20251203,46.43,46.78,45.75,46.04,46.17,-0.13,-0.2816,39495.1,182398.693
300660.SZ,20251202,47.56,47.67,46.07,46.17,47.89,-1.72,-3.5916,60090.42,279953.371
300660.SZ,20251201,46.82,47.97,46.82,47.89,46.81,1.08,2.3072,65797.77,313162.509
300660.SZ,20251128,46.91,47.42,45.99,46.81,47.17,-0.36,-0.7632,72971.14,340301.246
300660.SZ,20251127,47.41,48.2,47.12,47.17,47.66,-0.49,-1.0281,60140.7,286014.237
300660.SZ,20251126,47.02,48.56,46.56,47.66,47.13,0.53,1.1245,80934.99,386016.26
300660.SZ,20251125,47.5,48.2,47.06,47.13,47.05,0.08,0.17,67907.28,322901.58
300660.SZ,20251124,46.5,47.26,45.71,47.05,46.36,0.69,1.4884,57549.33,267785.502
300660.SZ,20251121,45.94,47.31,45.28,46.36,46.4,-0.04,-0.0862,81840.84,380072.199
300660.SZ,20251120,47.28,47.66,46.4,46.4,47.11,-0.71,-1.5071,36997.5,173370.998
300660.SZ,20251119,47.38,47.88,46.76,47.11,47.38,-0.27,-0.5699,42220.41,199577.705
300660.SZ,20251118,47.71,48.0,47.1,47.38,47.71,-0.33,-0.6917,37286.63,177031.115
300660.SZ,20251117,46.89,48.39,46.8,47.71,47.25,0.46,0.9735,46146.46,219825.717
300660.SZ,20251114,47.85,48.2,47.24,47.25,48.47,-1.22,-2.517,47027.02,223998.546
300660.SZ,20251113,48.1,48.96,47.8,48.47,48.19,0.28,0.581,45177.14,218731.216
300660.SZ,20251112,49.02,49.36,47.75,48.19,48.95,-0.76,-1.5526,52685.38,255077.668
300660.SZ,20251111,50.51,50.6,48.8,48.95,49.65,-0.7,-1.4099,50695.21,250799.935
300660.SZ,20251110,50.55,51.1,49.12,49.65,50.5,-0.85,-1.6832,60399.8,300644.867
300660.SZ,20251107,52.18,52.2,50.5,50.5,52.32,-1.82,-3.4786,59264.64,302780.947
300660.SZ,20251106,50.95,52.94,50.8,52.32,50.69,1.63,3.2156,75979.37,394408.499
300660.SZ,20251105,49.88,51.27,49.88,50.69,51.01,-0.32,-0.6273,53011.54,268783.832
300660.SZ,20251104,53.39,53.8,50.68,51.01,54.11,-3.1,-5.7291,106184.19,549168.61
300660.SZ,20251103,55.19,55.35,53.67,54.11,54.84,-0.73,-1.3311,61937.38,336182.823
300660.SZ,20251031,54.46,56.07,54.46,54.84,54.43,0.41,0.7533,77333.12,427549.835
300660.SZ,20251030,55.98,56.5,54.3,54.43,55.77,-1.34,-2.4027,84846.66,468818.268
300660.SZ,20251029,56.1,56.33,55.08,55.77,56.26,-0.49,-0.871,84059.36,467586.53
300660.SZ,20251028,55.22,56.78,55.01,56.26,55.33,0.93,1.6808,120122.8,673467.076
300660.SZ,20251027,54.79,55.81,54.51,55.33,54.25,1.08,1.9908,90095.67,497622.774
300660.SZ,20251024,53.05,54.46,53.0,54.25,52.5,1.75,3.3333,77272.0,415909.602
300660.SZ,20251023,53.79,53.8,51.68,52.5,54.29,-1.79,-3.2971,81062.43,424394.263
300660.SZ,20251022,54.51,55.78,54.08,54.29,55.16,-0.87,-1.5772,71577.48,393403.229
300660.SZ,20251021,55.0,55.17,53.48,55.16,54.49,0.67,1.2296,76628.01,417751.023
300660.SZ,20251020,54.52,55.54,53.64,54.49,52.95,1.54,2.9084,79487.72,434379.206
300660.SZ,20251017,55.12,55.58,52.81,52.95,54.95,-2.0,-3.6397,77757.71,421209.737
300660.SZ,20251016,56.08,56.21,54.65,54.95,57.12,-2.17,-3.799,83922.86,464551.291
300660.SZ,20251015,54.01,57.12,53.31,57.12,53.8,3.32,6.171,123878.97,688972.415
300660.SZ,20251014,56.3,58.32,53.8,53.8,56.12,-2.32,-4.134,108603.38,609404.076
300660.SZ,20251013,54.63,56.66,53.13,56.12,58.58,-2.46,-4.1994,120397.71,668075.79
300660.SZ,20251010,59.27,59.99,57.79,58.58,58.99,-0.41,-0.695,140428.71,829124.666
300660.SZ,20251009,57.88,59.59,56.8,58.99,57.9,1.09,1.8826,123122.42,723637.891
300660.SZ,20250930,58.5,58.96,57.84,57.9,58.3,-0.4,-0.6861,104645.89,609596.801
300660.SZ,20250929,56.68,58.8,56.53,58.3,56.79,1.51,2.6589,110425.33,640823.819
300660.SZ,20250926,58.85,59.0,56.79,56.79,60.18,-3.39,-5.6331,159393.35,920640.481
300660.SZ,20250925,62.0,62.0,59.93,60.18,62.21,-2.03,-3.2631,176619.25,1072868.385
300660.SZ,20250924,59.66,62.58,58.01,62.21,59.6,2.61,4.3792,261403.4,1584677.377
300660.SZ,20250923,59.28,60.49,57.62,59.6,59.26,0.34,0.5737,177296.73,1046686.708
300660.SZ,20250922,59.04,60.07,58.67,59.41,59.0,0.41,0.6949,153644.77,910979.103
300660.SZ,20250919,62.01,62.33,58.11,59.0,64.13,-5.13,-7.9994,311283.88,1857215.223
300660.SZ,20250918,63.24,65.78,60.16,64.13,62.61,1.52,2.4277,438055.86,2762255.518
300660.SZ,20250917,62.0,66.0,60.3,62.61,61.99,0.62,1.0002,433377.57,2710074.031
300660.SZ,20250916,54.45,64.81,54.0,61.99,54.3,7.69,14.1621,454855.66,2672583.047
300660.SZ,20250915,53.26,55.5,52.75,54.3,53.29,1.01,1.8953,238227.87,1299230.223
300660.SZ,20250912,53.25,54.88,52.52,53.29,53.23,0.06,0.1127,227956.61,1227410.122
300660.SZ,20250911,51.36,53.45,50.34,53.23,51.5,1.73,3.3592,225986.91,1182439.126
300660.SZ,20250910,51.25,53.38,50.78,51.5,51.58,-0.08,-0.1551,161629.57,838318.432
300660.SZ,20250909,52.22,52.22,50.91,51.58,52.74,-1.16,-2.1995,149976.88,772801.463
300660.SZ,20250908,49.5,53.0,49.34,52.74,49.82,2.92,5.8611,251790.23,1311169.337
300660.SZ,20250905,48.24,49.9,48.0,49.82,48.21,1.61,3.3396,122566.44,601519.523
300660.SZ,20250904,50.5,51.11,47.47,48.21,49.93,-1.72,-3.4448,151615.27,746767.777
300660.SZ,20250903,52.51,52.95,49.6,49.93,52.47,-2.54,-4.8409,166159.82,846166.945
300660.SZ,20250902,50.92,53.97,47.82,52.47,50.9,1.57,3.0845,303529.49,1544077.1
300660.SZ,20250901,51.35,52.36,49.81,50.9,51.5,-0.6,-1.165,159171.64,806974.729
300660.SZ,20250829,51.99,53.16,50.53,51.5,52.21,-0.71,-1.3599,156127.71,806184.99
300660.SZ,20250828,51.3,52.44,50.47,52.21,51.66,0.55,1.0647,177984.02,916842.282
300660.SZ,20250827,54.0,54.89,51.5,51.66,53.75,-2.09,-3.8884,210610.39,1130071.312
300660.SZ,20250826,55.82,55.82,53.68,53.75,56.3,-2.55,-4.5293,203251.43,1105041.067
300660.SZ,20250825,52.83,56.59,52.77,56.3,52.96,3.34,6.3066,281175.69,1542195.388
300660.SZ,20250822,52.2,53.27,52.2,52.96,52.71,0.25,0.4743,157274.76,829361.468
300660.SZ,20250821,53.5,55.68,52.29,52.71,54.63,-1.92,-3.5146,232964.76,1246466.305
300660.SZ,20250820,53.9,56.68,53.02,54.63,54.3,0.33,0.6077,328914.57,1812629.57
300660.SZ,20250819,50.0,55.4,49.12,54.3,50.24,4.06,8.0812,381021.59,1999599.229
300660.SZ,20250818,50.9,51.3,49.11,50.24,49.51,0.73,1.4744,250909.57,1264105.286
300660.SZ,20250815,47.84,49.66,47.67,49.51,48.32,1.19,2.4627,236455.05,1159387.571
300660.SZ,20250814,48.38,49.67,46.42,48.32,48.32,0.0,0.0,244437.21,1179046.26
300660.SZ,20250813,47.49,48.5,46.91,48.32,47.43,0.89,1.8764,167854.61,801925.504
300660.SZ,20250812,47.7,48.0,46.9,47.43,47.83,-0.4,-0.8363,116780.23,552638.851
300660.SZ,20250811,47.71,48.23,47.42,47.83,47.71,0.12,0.2515,115945.72,554951.065
300660.SZ,20250808,48.4,48.93,47.4,47.71,48.66,-0.95,-1.9523,128734.46,617147.788
300660.SZ,20250807,49.63,49.65,47.9,48.66,49.63,-0.97,-1.9545,186618.34,905226.011
300660.SZ,20250806,48.12,50.27,47.47,49.63,48.15,1.48,3.0737,254823.11,1254976.336
300660.SZ,20250805,46.78,48.7,46.61,48.15,46.76,1.39,2.9726,209654.25,999395.702
300660.SZ,20250804,44.39,46.76,44.29,46.76,44.72,2.04,4.5617,150380.95,690775.993
300660.SZ,20250801,45.9,46.99,44.4,44.72,46.19,-1.47,-3.1825,151067.76,686486.202
300660.SZ,20250731,45.32,47.33,45.32,46.19,45.7,0.49,1.0722,186672.75,870513.111
300660.SZ,20250730,46.47,46.57,45.41,45.7,46.61,-0.91,-1.9524,126621.75,581006.378
300660.SZ,20250729,46.4,47.4,45.92,46.61,46.9,-0.29,-0.6183,154875.89,721033.162
300660.SZ,20250728,47.3,48.5,46.78,46.9,47.04,-0.14,-0.2976,160803.04,766226.659
300660.SZ,20250725,46.8,47.2,46.24,47.04,46.95,0.09,0.1917,115421.23,539301.543
300660.SZ,20250724,46.5,47.64,46.5,46.95,46.86,0.09,0.1921,119894.96,562631.769
300660.SZ,20250723,48.1,48.52,46.2,46.86,49.46,-2.6,-5.2568,236347.47,1116708.643
300660.SZ,20250722,48.5,50.67,47.67,49.46,49.4,0.06,0.1215,251058.9,1239949.122
300660.SZ,20250721,48.5,51.99,48.4,49.4,47.33,2.07,4.3735,321744.17,1607315.556
300660.SZ,20250718,47.08,48.07,46.53,47.33,46.92,0.41,0.8738,201140.2,949093.553
300660.SZ,20250717,46.81,50.0,46.64,46.92,47.56,-0.64,-1.3457,334216.03,1600386.777
300660.SZ,20250716,45.17,47.95,44.57,47.56,45.22,2.34,5.1747,312032.98,1457878.902
300660.SZ,20250715,45.61,45.8,44.74,45.22,46.27,-1.05,-2.2693,198444.93,896292.275
300660.SZ,20250714,45.52,46.96,44.22,46.27,44.59,1.68,3.7677,301484.61,1380334.122
300660.SZ,20250711,42.24,45.88,41.83,44.59,42.23,2.36,5.5884,242469.37,1064230.68
300660.SZ,20250710,43.35,43.48,41.84,42.23,43.5,-1.27,-2.9195,172357.21,731460.325
300660.SZ,20250709,43.96,46.98,43.09,43.5,42.99,0.51,1.1863,282500.29,1273279.816
300660.SZ,20250708,42.11,43.64,41.73,42.99,42.11,0.88,2.0898,174784.19,748249.327
300660.SZ,20250707,42.02,42.72,41.68,42.11,42.39,-0.28,-0.6605,76147.44,321024.983
300660.SZ,20250704,42.65,43.07,41.83,42.39,42.8,-0.41,-0.9579,97854.39,413852.907
300660.SZ,20250703,42.02,43.15,42.02,42.8,42.22,0.58,1.3738,113731.64,485254.974
300660.SZ,20250702,43.77,43.93,41.96,42.22,44.61,-2.39,-5.3575,191940.22,820450.739
300660.SZ,20250701,44.0,45.6,43.56,44.61,44.24,0.37,0.8363,202236.2,899168.64
300660.SZ,20250630,44.45,44.77,43.5,44.24,44.8,-0.56,-1.25,167174.35,737112.644
300660.SZ,20250627,45.5,45.51,44.11,44.8,45.66,-0.86,-1.8835,199707.31,895753.634
300660.SZ,20250626,45.03,47.21,44.88,45.66,45.41,0.25,0.5505,309771.47,1421492.602
300660.SZ,20250625,45.02,46.03,44.56,45.41,45.52,-0.11,-0.2417,372780.05,1688311.372
300660.SZ,20250624,39.27,46.6,39.27,45.52,38.83,6.69,17.2289,489544.34,2150087.066
300660.SZ,20250623,38.28,39.39,38.01,38.83,38.69,0.14,0.3619,137832.85,533976.431
300660.SZ,20250620,39.52,40.14,38.5,38.69,40.2,-1.51,-3.7562,197936.5,775471.419
300660.SZ,20250619,35.9,41.26,35.49,40.2,35.97,4.23,11.7598,342120.3,1330041.588
300660.SZ,20250618,35.32,36.13,35.15,35.97,35.54,0.43,1.2099,67426.58,240474.639
300660.SZ,20250617,35.38,36.46,35.25,35.54,35.24,0.3,0.8513,85069.04,303960.992
300660.SZ,20250616,35.19,35.47,35.06,35.24,35.34,-0.1,-0.283,44139.56,155670.049
300660.SZ,20250613,35.81,36.13,35.07,35.34,35.96,-0.62,-1.7241,55405.08,196588.714
300660.SZ,20250612,36.1,36.55,35.91,35.96,36.31,-0.35,-0.9639,52668.34,190683.843
300660.SZ,20250611,36.45,36.65,36.16,36.31,36.06,0.25,0.6933,57925.45,211040.221
300660.SZ,20250610,36.76,37.1,35.37,36.06,36.76,-0.7,-1.9042,88127.14,317774.683
300660.SZ,20250609,37.06,37.66,36.59,36.76,36.98,-0.22,-0.5949,78749.1,291968.775
300660.SZ,20250606,37.42,37.49,36.83,36.98,37.55,-0.57,-1.518,67790.98,251423.518
300660.SZ,20250605,36.51,37.88,35.95,37.55,36.62,0.93,2.5396,124351.91,460699.184
300660.SZ,20250604,36.46,36.89,36.19,36.62,36.37,0.25,0.6874,61414.32,224320.376
300660.SZ,20250603,36.16,36.69,36.0,36.37,36.48,-0.11,-0.3015,65688.68,238926.685
300660.SZ,20250530,37.64,37.78,36.25,36.48,37.61,-1.13,-3.0045,80550.94,295989.18
300660.SZ,20250529,53.0,54.24,52.55,52.97,53.25,-0.28,-0.5258,69815.11,371095.307
300660.SZ,20250528,52.65,54.07,52.29,53.25,52.52,0.73,1.3899,71662.03,380646.941
300660.SZ,20250527,54.0,54.1,51.72,52.52,56.93,-4.41,-7.7464,125599.27,660501.045
300660.SZ,20250526,57.01,57.22,56.15,56.93,56.7,0.23,0.4056,51069.84,289352.741
300660.SZ,20250523,56.85,58.84,56.69,56.7,57.4,-0.7,-1.2195,70931.2,408809.648
300660.SZ,20250522,58.39,58.8,57.33,57.4,58.35,-0.95,-1.6281,53633.6,310758.326
300660.SZ,20250521,58.42,58.8,57.22,58.35,58.45,-0.1,-0.1711,67893.2,393812.189
300660.SZ,20250520,58.48,59.47,57.57,58.45,58.39,0.06,0.1028,70919.44,415655.481
300660.SZ,20250519,58.9,59.48,56.92,58.39,60.04,-1.65,-2.7482,108206.4,628452.933
300660.SZ,20250516,60.04,62.47,59.9,60.04,60.29,-0.25,-0.4147,118559.94,727100.308
300660.SZ,20250515,60.79,61.86,59.66,60.29,60.77,-0.48,-0.7899,87082.34,529000.544
300660.SZ,20250514,60.81,61.64,60.07,60.77,61.2,-0.43,-0.7026,92291.19,561352.76
300660.SZ,20250513,62.5,64.36,61.11,61.2,61.65,-0.45,-0.7299,131654.4,824930.508
300660.SZ,20250512,60.64,61.88,60.4,61.65,59.9,1.75,2.9215,113913.11,698032.004
300660.SZ,20250509,61.0,62.3,59.06,59.9,61.29,-1.39,-2.2679,94265.8,566474.204
300660.SZ,20250508,60.0,61.9,59.88,61.29,60.45,0.84,1.3896,120501.51,732951.0
300660.SZ,20250507,61.6,61.8,59.47,60.45,61.19,-0.74,-1.2093,129466.89,785902.341
300660.SZ,20250506,59.93,62.99,59.25,61.19,60.0,1.19,1.9833,162512.63,990610.173
300660.SZ,20250430,57.27,62.54,56.98,60.0,57.65,2.35,4.0763,188444.22,1112645.783
300660.SZ,20250429,53.58,58.56,53.02,57.65,53.86,3.79,7.0368,182772.64,1018678.908
300660.SZ,20250428,53.99,55.46,53.25,53.86,53.17,0.69,1.2977,107924.52,586391.64
300660.SZ,20250425,53.7,54.18,52.46,53.17,53.7,-0.53,-0.987,97324.94,518703.468
300660.SZ,20250424,53.12,55.6,52.66,53.7,53.12,0.58,1.0919,165965.22,899903.801
300660.SZ,20250423,49.1,54.6,49.1,53.12,48.29,4.83,10.0021,195678.29,1016539.366
300660.SZ,20250422,49.28,49.68,48.23,48.29,49.4,-1.11,-2.247,56886.2,277534.54
300660.SZ,20250421,47.5,49.67,46.86,49.4,47.78,1.62,3.3905,83761.0,405690.102
300660.SZ,20250418,47.57,48.19,47.32,47.78,47.83,-0.05,-0.1045,37574.52,179204.303
300660.SZ,20250417,48.1,49.15,47.79,47.83,48.46,-0.63,-1.3,52334.28,253274.412
300660.SZ,20250416,48.8,49.37,47.65,48.46,49.29,-0.83,-1.6839,58396.72,283132.526
300660.SZ,20250415,48.82,50.47,48.28,49.29,49.03,0.26,0.5303,81723.0,401607.793
300660.SZ,20250414,49.5,50.36,48.66,49.03,48.67,0.36,0.7397,88868.2,439071.88
300660.SZ,20250411,46.8,49.55,46.67,48.67,47.5,1.17,2.4632,108934.52,529151.302
300660.SZ,20250410,48.01,49.98,47.15,47.5,45.56,1.94,4.2581,138191.05,670292.478
300660.SZ,20250409,42.39,46.05,39.28,45.56,43.3,2.26,5.2194,133203.37,579967.453
300660.SZ,20250408,42.6,45.05,42.01,43.3,42.29,1.01,2.3883,122301.24,530605.16
300660.SZ,20250407,44.25,49.0,42.29,42.29,52.86,-10.57,-19.9962,110038.34,492576.256
300660.SZ,20250403,53.76,55.33,52.75,52.86,54.97,-2.11,-3.8385,57635.1,309375.842
300660.SZ,20250402,54.4,55.6,54.25,54.97,54.4,0.57,1.0478,54530.73,300231.522
300660.SZ,20250401,56.16,56.5,54.09,54.4,55.51,-1.11,-1.9996,55427.2,303895.576
300660.SZ,20250331,55.51,55.97,53.0,55.51,56.15,-0.64,-1.1398,83675.4,455827.082
300660.SZ,20250328,56.62,57.81,56.0,56.15,56.83,-0.68,-1.1966,48825.8,276213.723
300660.SZ,20250327,56.74,58.39,56.12,56.83,57.31,-0.48,-0.8376,73150.6,419159.866
300660.SZ,20250326,55.18,58.66,55.18,57.31,55.81,1.5,2.6877,99586.57,573504.101
300660.SZ,20250325,58.7,59.77,55.58,55.81,58.4,-2.59,-4.4349,108405.38,618451.724
300660.SZ,20250324,58.98,59.59,56.71,58.4,59.44,-1.04,-1.7497,94050.65,544552.23
300660.SZ,20250321,61.58,61.94,58.77,59.44,62.69,-3.25,-5.1842,125441.83,751375.806
300660.SZ,20250320,63.02,64.48,61.2,62.69,63.7,-1.01,-1.5856,154375.17,971808.098
300660.SZ,20250319,61.58,65.02,60.9,63.7,62.08,1.62,2.6095,184310.04,1166062.594
300660.SZ,20250318,61.6,62.4,60.51,62.08,61.6,0.48,0.7792,116017.72,713628.371
300660.SZ,20250317,60.75,62.3,59.85,61.6,61.33,0.27,0.4402,128977.7,789670.924
300660.SZ,20250314,58.24,62.5,58.22,61.33,58.53,2.8,4.7839,151101.62,910269.026
300660.SZ,20250313,63.11,63.11,58.25,58.53,63.28,-4.75,-7.5063,169484.26,1011165.557
300660.SZ,20250312,65.0,66.36,63.22,63.28,64.46,-1.18,-1.8306,158987.42,1031325.548
300660.SZ,20250311,63.86,65.95,62.01,64.46,67.17,-2.71,-4.0345,188892.66,1205943.911
300660.SZ,20250310,66.0,70.0,64.94,67.17,65.23,1.94,2.9741,253629.1,1715393.174
300660.SZ,20250307,62.6,66.12,62.21,65.23,63.24,1.99,3.1467,252665.5,1622019.843
300660.SZ,20250306,62.9,63.98,62.17,63.24,62.9,0.34,0.5405,219080.32,1385172.617
300660.SZ,20250305,63.4,64.4,61.69,62.9,62.35,0.55,0.8821,217090.8,1365855.641
300660.SZ,20250304,59.05,64.21,59.05,62.35,60.13,2.22,3.692,233551.82,1460201.451
300660.SZ,20250303,61.26,62.0,58.76,60.13,61.0,-0.87,-1.4262,148085.03,894305.486
300660.SZ,20250228,65.85,66.66,60.59,61.0,66.51,-5.51,-8.2845,234627.5,1468297.08
300660.SZ,20250227,66.3,68.3,65.06,66.51,68.47,-1.96,-2.8626,257087.94,1709352.619
300660.SZ,20250226,69.12,73.73,65.02,68.47,71.37,-2.9,-4.0633,439839.0,3024916.061
300660.SZ,20250225,68.48,72.88,68.48,71.37,71.05,0.32,0.4504,298206.47,2110869.35
300660.SZ,20250224,74.7,74.7,67.89,71.05,74.8,-3.75,-5.0134,379750.91,2676481.209
300660.SZ,20250221,59.99,74.8,59.59,74.8,62.33,12.47,20.0064,479083.16,3211747.145
300660.SZ,20250220,58.3,66.2,56.38,62.33,58.34,3.99,6.8392,411971.85,2520433.861
300660.SZ,20250219,51.01,60.17,51.01,58.34,51.0,7.34,14.3922,384236.21,2120635.868
300660.SZ,20250218,49.9,53.5,49.51,51.0,49.67,1.33,2.6777,317162.2,1643950.246
300660.SZ,20250217,46.36,49.68,46.1,49.67,46.34,3.33,7.186,199511.4,955976.001
300660.SZ,20250214,45.88,47.36,45.8,46.34,47.17,-0.83,-1.7596,130459.51,605757.891
300660.SZ,20250213,49.9,50.99,47.13,47.17,50.0,-2.83,-5.66,213177.66,1037733.622
300660.SZ,20250212,48.85,52.33,47.75,50.0,49.66,0.34,0.6847,206143.76,1027630.047
300660.SZ,20250211,48.75,50.73,48.48,49.66,48.8,0.86,1.7623,214218.95,1063544.446
300660.SZ,20250210,48.8,49.05,47.72,48.8,49.68,-0.88,-1.7713,190096.89,919634.907
300660.SZ,20250207,49.3,51.5,48.01,49.68,49.41,0.27,0.5464,304921.19,1513439.041
300660.SZ,20250206,44.4,50.64,44.24,49.41,45.24,4.17,9.2175,286317.36,1372066.453
300660.SZ,20250205,44.5,46.63,44.1,45.24,43.99,1.25,2.8416,204122.25,928524.764
300660.SZ,20250127,46.4,46.94,43.5,43.99,47.0,-3.01,-6.4043,196109.07,873338.74
300660.SZ,20250124,46.78,47.46,44.92,47.0,46.58,0.42,0.9017,272094.75,1258895.075
300660.SZ,20250123,42.81,49.38,42.04,46.58,42.3,4.28,10.1182,366291.57,1683596.041
300660.SZ,20250122,43.0,43.0,41.51,42.3,43.84,-1.54,-3.5128,157310.12,666030.975
300660.SZ,20250121,42.39,43.85,41.68,43.84,42.03,1.81,4.3064,253681.41,1092096.86
300660.SZ,20250120,42.8,43.01,41.77,42.03,42.23,-0.2,-0.4736,106361.2,450065.662
300660.SZ,20250117,42.19,43.52,41.75,42.23,42.38,-0.15,-0.3539,123420.93,526310.05
300660.SZ,20250116,43.8,44.18,41.88,42.38,43.65,-1.27,-2.9095,193311.73,830203.829
300660.SZ,20250115,42.72,44.87,42.55,43.65,43.54,0.11,0.2526,230826.86,1013895.889
300660.SZ,20250114,40.5,43.73,40.04,43.54,40.59,2.95,7.2678,264122.29,1119209.631
300660.SZ,20250113,38.5,42.75,38.5,40.59,39.85,0.74,1.857,207320.31,848269.03
300660.SZ,20250110,39.72,42.0,39.72,39.85,40.07,-0.22,-0.549,226703.15,925643.317
300660.SZ,20250109,38.88,40.82,38.88,40.07,39.54,0.53,1.3404,185401.93,738656.422
002979.SZ,20260702,63.23,63.23,63.23,63.23,57.48,5.75,10.0035,35515.86,224566.78278
002979.SZ,20260701,55.82,58.38,55.82,57.48,55.78,1.7,3.0477,217206.65,1244646.79165
002979.SZ,20260630,52.3,56.11,51.85,55.78,52.06,3.72,7.1456,165620.08,908033.72147
002979.SZ,20260629,51.65,52.52,49.32,52.06,51.65,0.41,0.7938,124790.75,638388.37675
002979.SZ,20260626,51.9,54.26,50.8,51.65,52.33,-0.68,-1.2994,128275.25,676047.2705
002979.SZ,20260625,53.14,54.74,51.8,52.33,53.14,-0.81,-1.5243,92478.7,489591.92439
002979.SZ,20260624,53.98,54.66,51.58,53.14,53.89,-0.75,-1.3917,98151.9,520861.533
002979.SZ,20260623,52.9,55.67,51.79,53.89,53.43,0.46,0.8609,116404.25,627053.11725
002979.SZ,20260622,55.0,55.3,51.9,53.43,55.33,-1.9,-3.4339,141078.65,752334.1651
002979.SZ,20260618,55.77,55.99,54.0,55.33,55.96,-0.63,-1.1258,131474.75,724863.5555
002979.SZ,20260617,52.63,56.25,52.01,55.96,52.95,3.01,5.6846,179305.26,982500.29342
002979.SZ,20260616,51.1,53.78,50.9,52.95,51.39,1.56,3.0356,94611.75,496986.89675
002979.SZ,20260615,50.42,51.85,49.87,51.39,50.51,0.88,1.7422,101461.0,518051.9696
002979.SZ,20260612,51.68,52.94,49.98,50.51,51.11,-0.6,-1.1739,134282.25,685577.63197
002979.SZ,20260611,52.02,52.52,50.63,51.11,52.52,-1.41,-2.6847,144759.45,743516.90265
002979.SZ,20260610,54.12,55.44,51.8,52.52,54.86,-2.34,-4.2654,167123.0,889609.821
002979.SZ,20260609,55.79,55.99,53.61,54.86,54.7,0.16,0.2925,195422.9,1068123.6713
002979.SZ,20260608,53.01,56.56,53.0,54.7,55.69,-0.99,-1.7777,236492.96,1306746.46
002979.SZ,20260605,53.0,57.27,51.05,55.69,53.16,2.53,4.7592,225776.5,1228909.648
002979.SZ,20260604,52.4,54.44,52.12,53.16,52.5,0.66,1.2571,126760.6,676600.817
002979.SZ,20260603,51.34,54.59,50.73,52.5,51.32,1.18,2.2993,158882.94,842458.616
002979.SZ,20260602,52.38,52.74,50.91,51.32,51.79,-0.47,-0.9075,117820.53,607641.398
002979.SZ,20260601,53.97,54.54,51.6,51.79,54.52,-2.73,-5.0073,133741.0,706557.012
002979.SZ,20260529,57.01,57.83,53.92,54.52,56.99,-2.47,-4.3341,157898.79,873210.971
002979.SZ,20260528,56.79,57.69,55.56,56.99,56.35,0.64,1.1358,193911.53,1098843.337
002979.SZ,20260527,58.55,60.28,55.96,56.35,59.24,-2.89,-4.8785,278625.27,1597699.37
002979.SZ,20260526,61.23,63.0,58.2,59.24,61.1,-1.86,-3.0442,340977.7,2054316.705
002979.SZ,20260525,61.49,62.11,59.87,61.1,61.03,0.07,0.1147,218890.23,1330823.743
002979.SZ,20260522,62.78,62.97,59.89,61.03,62.81,-1.78,-2.8339,289189.35,1765649.157
002979.SZ,20260521,63.02,66.35,61.57,62.81,63.15,-0.34,-0.5384,347833.15,2221868.011
002979.SZ,20260520,65.74,66.86,63.07,63.15,66.39,-3.24,-4.8803,320245.18,2055854.756
002979.SZ,20260519,65.0,66.94,64.2,66.39,65.09,1.3,1.9972,358784.3,2353256.877
002979.SZ,20260518,61.59,65.78,61.5,65.09,59.8,5.29,8.8462,434100.36,2765801.899
002979.SZ,20260515,55.0,59.8,54.68,59.8,54.36,5.44,10.0074,207367.63,1189944.563
002979.SZ,20260514,53.91,56.5,53.18,54.36,52.96,1.4,2.6435,230054.48,1268888.59
002979.SZ,20260513,53.62,53.9,52.66,52.96,53.61,-0.65,-1.2125,168725.3,895411.884
002979.SZ,20260512,54.0,55.2,52.83,53.61,53.91,-0.3,-0.5565,288429.24,1549334.724
002979.SZ,20260511,50.07,54.46,49.18,53.91,49.51,4.4,8.8871,513962.22,2696264.645
002979.SZ,20260508,46.52,49.51,46.52,49.51,45.01,4.5,9.9978,324688.89,1596634.383
002979.SZ,20260507,44.38,45.19,43.81,45.01,44.39,0.62,1.3967,85898.61,385727.537
002979.SZ,20260506,44.0,45.0,43.76,44.39,43.88,0.51,1.1623,97986.64,434743.915
002979.SZ,20260430,43.5,44.31,43.0,43.88,43.47,0.41,0.9432,72937.25,320149.835
002979.SZ,20260429,42.8,44.28,42.71,43.47,42.89,0.58,1.3523,62899.49,275350.88
002979.SZ,20260428,43.88,44.16,42.63,42.89,44.47,-1.58,-3.553,82332.65,354832.445
002979.SZ,20260427,42.5,44.62,42.5,44.47,42.27,2.2,5.2046,130705.12,576021.863
002979.SZ,20260424,42.49,42.84,41.86,42.27,41.85,0.42,1.0036,86135.64,364778.468
002979.SZ,20260423,42.82,43.53,41.74,41.85,41.21,0.64,1.553,141562.86,601588.032
002979.SZ,20260422,40.2,41.48,40.18,41.21,40.47,0.74,1.8285,48015.96,197435.022
002979.SZ,20260421,39.6,40.69,39.33,40.47,39.67,0.8,2.0166,53131.66,212326.928
002979.SZ,20260420,40.15,40.19,39.54,39.67,39.89,-0.22,-0.5515,40184.21,160032.353
002979.SZ,20260417,39.57,40.0,39.4,39.89,39.65,0.24,0.6053,44893.83,178932.934
002979.SZ,20260416,39.49,39.83,39.3,39.65,39.21,0.44,1.1222,38248.0,151348.866
002979.SZ,20260415,39.88,40.05,39.12,39.21,39.85,-0.64,-1.606,42418.62,167751.526
002979.SZ,20260414,39.44,39.95,39.29,39.85,39.3,0.55,1.3995,54178.73,214896.895
002979.SZ,20260413,38.87,39.7,38.75,39.3,39.25,0.05,0.1274,44613.5,174914.782
002979.SZ,20260410,37.91,39.78,37.9,39.25,37.68,1.57,4.1667,82195.57,319702.592
002979.SZ,20260409,37.86,37.94,37.54,37.68,38.29,-0.61,-1.5931,32643.0,123136.269
002979.SZ,20260408,37.1,38.55,36.94,38.29,36.58,1.71,4.6747,66152.37,250346.313
002979.SZ,20260407,37.2,37.28,36.21,36.58,37.06,-0.48,-1.2952,34043.56,124593.867
002979.SZ,20260403,36.43,37.27,36.3,37.06,36.44,0.62,1.7014,40171.5,148255.468
002979.SZ,20260402,36.33,36.63,35.9,36.44,36.5,-0.06,-0.1644,34358.5,124705.526
002979.SZ,20260401,36.1,36.85,35.86,36.5,35.6,0.9,2.5281,39718.14,144290.579
002979.SZ,20260331,35.32,36.0,35.29,35.6,35.31,0.29,0.8213,25927.2,92486.322
002979.SZ,20260330,35.18,35.66,35.0,35.31,35.67,-0.36,-1.0093,21128.52,74604.716
002979.SZ,20260327,35.01,35.93,35.01,35.67,35.69,-0.02,-0.056,23523.95,83672.641
002979.SZ,20260326,35.9,36.57,35.61,35.69,35.58,0.11,0.3092,36101.84,130393.882
002979.SZ,20260325,35.4,35.97,35.37,35.58,35.39,0.19,0.5369,29140.6,103931.226
002979.SZ,20260324,35.53,35.85,34.32,35.39,34.87,0.52,1.4913,38162.64,133034.846
002979.SZ,20260323,35.02,36.1,34.61,34.87,35.58,-0.71,-1.9955,48082.59,169799.599
002979.SZ,20260320,36.91,36.98,35.58,35.58,36.7,-1.12,-3.0518,37157.6,134415.181
002979.SZ,20260319,37.41,37.48,36.5,36.7,37.63,-0.93,-2.4714,31403.3,115962.222
002979.SZ,20260318,37.47,37.72,37.01,37.63,37.29,0.34,0.9118,24388.15,91196.274
002979.SZ,20260317,38.15,38.3,37.29,37.29,37.93,-0.64,-1.6873,25847.03,97723.167
002979.SZ,20260316,38.46,38.48,37.5,37.93,38.53,-0.6,-1.5572,32064.25,121341.503
002979.SZ,20260313,37.87,39.74,37.5,38.53,37.87,0.66,1.7428,66822.25,259684.679
002979.SZ,20260312,38.38,38.61,37.73,37.87,38.58,-0.71,-1.8403,29461.97,112155.686
002979.SZ,20260311,38.41,38.77,38.27,38.58,38.55,0.03,0.0778,34551.0,133099.931
002979.SZ,20260310,37.99,38.62,37.75,38.55,37.58,0.97,2.5812,43099.58,164749.01
002979.SZ,20260309,37.18,37.66,36.65,37.58,37.9,-0.32,-0.8443,41444.82,153497.104
002979.SZ,20260306,38.1,38.6,37.66,37.9,38.55,-0.65,-1.6861,49068.96,187297.451
002979.SZ,20260305,37.21,38.86,36.61,38.55,36.3,2.25,6.1983,79797.6,300890.414
002979.SZ,20260304,36.27,36.69,36.04,36.3,36.42,-0.12,-0.3295,42549.25,154638.041
002979.SZ,20260303,38.1,38.27,36.36,36.42,37.89,-1.47,-3.8797,64113.8,237826.096
002979.SZ,20260302,38.8,38.91,37.6,37.89,39.45,-1.56,-3.9544,79470.08,303229.679
002979.SZ,20260227,40.05,40.06,39.4,39.45,40.13,-0.68,-1.6945,60656.48,240575.984
002979.SZ,20260226,40.28,40.38,39.95,40.13,40.25,-0.12,-0.2981,37379.75,150136.208
002979.SZ,20260225,40.73,40.79,40.15,40.25,40.56,-0.31,-0.7643,45567.15,184100.719
002979.SZ,20260224,42.5,42.51,40.42,40.56,41.61,-1.05,-2.5234,77728.0,319639.533
002979.SZ,20260213,41.1,41.9,40.8,41.61,41.15,0.46,1.1179,49156.24,204250.808
002979.SZ,20260212,41.07,41.34,40.88,41.15,41.06,0.09,0.2192,30585.73,125810.371
002979.SZ,20260211,41.14,41.51,40.67,41.06,41.22,-0.16,-0.3882,34389.16,141291.794
002979.SZ,20260210,40.0,41.66,39.73,41.22,39.97,1.25,3.1273,67343.42,274706.747
002979.SZ,20260209,40.1,40.15,39.52,39.97,39.48,0.49,1.2411,32163.63,127998.65
002979.SZ,20260206,38.61,40.24,38.45,39.48,38.95,0.53,1.3607,48972.66,193581.163
002979.SZ,20260205,39.28,39.41,38.76,38.95,39.44,-0.49,-1.2424,33667.56,131327.914
002979.SZ,20260204,40.0,40.15,39.24,39.44,40.2,-0.76,-1.8905,45264.5,179281.947
002979.SZ,20260203,39.78,40.2,39.4,40.2,39.48,0.72,1.8237,39020.04,155737.208
002979.SZ,20260202,40.1,40.65,39.42,39.48,40.14,-0.66,-1.6442,42095.75,168786.655
002979.SZ,20260130,40.1,40.6,39.27,40.14,40.07,0.07,0.1747,52356.75,209630.338
002979.SZ,20260129,41.22,41.67,40.07,40.07,41.36,-1.29,-3.119,55863.0,227645.409
002979.SZ,20260128,42.31,42.4,41.28,41.36,42.5,-1.14,-2.6824,59287.8,246949.766
002979.SZ,20260127,42.15,42.7,40.93,42.5,42.27,0.23,0.5441,70384.05,294402.996
002979.SZ,20260126,45.25,45.4,42.02,42.27,44.29,-2.02,-4.5608,111795.1,482230.788
002979.SZ,20260123,43.89,44.6,43.83,44.29,43.88,0.41,0.9344,63017.5,279053.216
002979.SZ,20260122,44.47,44.8,43.78,43.88,44.25,-0.37,-0.8362,55264.9,243925.125
002979.SZ,20260121,43.83,44.8,43.6,44.25,44.24,0.01,0.0226,69398.26,308312.186
002979.SZ,20260120,44.44,45.08,43.85,44.24,44.46,-0.22,-0.4948,72560.09,322288.129
002979.SZ,20260119,44.92,45.0,44.17,44.46,44.68,-0.22,-0.4924,76616.0,341598.795
002979.SZ,20260116,43.41,45.35,43.41,44.68,43.4,1.28,2.9493,111334.35,496452.547
002979.SZ,20260115,43.95,44.18,43.07,43.4,44.18,-0.78,-1.7655,61951.5,269357.035
002979.SZ,20260114,45.08,45.36,43.43,44.18,44.78,-0.6,-1.3399,117396.27,522002.452
002979.SZ,20260113,45.0,45.9,43.8,44.78,44.99,-0.21,-0.4668,142760.86,641530.382
002979.SZ,20260112,43.23,46.44,42.44,44.99,42.95,2.04,4.7497,160501.94,708319.902
002979.SZ,20260109,42.35,43.56,42.1,42.95,42.28,0.67,1.5847,76958.47,331041.125
002979.SZ,20260108,41.75,42.45,41.55,42.28,41.85,0.43,1.0275,61905.55,261226.855
002979.SZ,20260107,42.02,42.4,41.55,41.85,42.0,-0.15,-0.3571,58518.98,245586.086
002979.SZ,20260106,42.73,42.77,41.65,42.0,42.09,-0.09,-0.2138,66993.88,281638.611
002979.SZ,20260105,41.98,42.15,41.49,42.09,42.07,0.02,0.0475,81276.84,339813.128
002979.SZ,20251231,43.04,43.2,42.0,42.07,43.03,-0.96,-2.231,84462.87,356882.699
002979.SZ,20251230,41.4,43.16,41.2,43.03,41.62,1.41,3.3878,117183.05,496567.548
002979.SZ,20251229,40.5,42.06,40.5,41.62,40.2,1.42,3.5323,89698.6,371145.054
002979.SZ,20251226,40.44,40.83,39.9,40.2,40.54,-0.34,-0.8387,45118.28,182060.376
002979.SZ,20251225,39.13,40.77,38.8,40.54,39.03,1.51,3.8688,61954.92,247899.983
002979.SZ,20251224,39.22,39.36,39.02,39.03,39.03,0.0,0.0,26226.85,102750.521
002979.SZ,20251223,39.3,39.35,38.92,39.03,39.3,-0.27,-0.687,24510.75,95924.014
002979.SZ,20251222,39.18,39.55,38.95,39.3,38.66,0.64,1.6555,36774.0,144463.823
002979.SZ,20251219,37.98,39.11,37.98,38.66,37.97,0.69,1.8172,36575.0,141578.63
002979.SZ,20251218,37.61,38.65,37.61,37.97,37.84,0.13,0.3436,30030.25,114679.346
002979.SZ,20251217,37.4,37.93,36.93,37.84,37.33,0.51,1.3662,40731.64,152507.341
002979.SZ,20251216,38.51,38.6,37.33,37.33,38.65,-1.32,-3.4153,45234.25,171147.602
002979.SZ,20251215,39.46,39.79,38.61,38.65,40.0,-1.35,-3.375,49117.5,191172.191
002979.SZ,20251212,40.02,40.29,39.22,40.0,40.16,-0.16,-0.3984,49556.79,196467.031
002979.SZ,20251211,40.91,41.12,40.08,40.16,40.91,-0.75,-1.8333,31632.75,127969.415
002979.SZ,20251210,40.89,41.14,40.53,40.91,41.1,-0.19,-0.4623,28591.25,116755.619
002979.SZ,20251209,41.63,41.93,41.09,41.1,41.84,-0.74,-1.7686,41135.35,170588.795
002979.SZ,20251208,41.42,41.96,41.13,41.84,41.42,0.42,1.014,59072.5,245462.363
002979.SZ,20251205,40.1,41.67,39.88,41.42,40.08,1.34,3.3433,77657.28,317186.372
002979.SZ,20251204,40.29,40.44,39.49,40.08,39.2,0.88,2.2449,58223.4,233068.295
002979.SZ,20251203,39.16,39.4,38.84,39.2,39.15,0.05,0.1277,23240.35,90870.141
002979.SZ,20251202,39.8,39.8,39.0,39.15,40.03,-0.88,-2.1984,31951.19,125558.872
002979.SZ,20251201,39.68,40.18,39.58,40.03,39.68,0.35,0.8821,33453.25,133569.703
002979.SZ,20251128,39.54,39.75,38.95,39.68,39.54,0.14,0.3541,26641.0,105033.492
002979.SZ,20251127,39.85,40.3,39.5,39.54,40.08,-0.54,-1.3473,32724.0,130311.0
002979.SZ,20251126,39.2,40.11,39.1,40.08,39.35,0.73,1.8551,46392.02,184326.751
002979.SZ,20251125,39.49,39.9,39.31,39.35,39.46,-0.11,-0.2788,38113.56,150874.773
002979.SZ,20251124,38.67,39.64,38.07,39.46,38.67,0.79,2.0429,42808.4,167875.099
002979.SZ,20251121,37.81,39.21,37.54,38.67,38.3,0.37,0.9661,62035.61,238296.963
002979.SZ,20251120,39.6,39.6,38.29,38.3,39.1,-0.8,-2.046,34572.45,133823.211
002979.SZ,20251119,40.0,40.1,39.0,39.1,40.1,-1.0,-2.4938,36458.0,143517.873
002979.SZ,20251118,39.88,40.19,39.51,40.1,39.96,0.14,0.3504,27280.7,108826.699
002979.SZ,20251117,39.79,40.21,39.21,39.96,39.8,0.16,0.402,26971.93,107509.557
002979.SZ,20251114,39.96,40.3,39.75,39.8,40.36,-0.56,-1.3875,34360.9,137246.008
002979.SZ,20251113,40.13,40.67,40.01,40.36,40.35,0.01,0.0248,36029.0,145387.205
002979.SZ,20251112,41.4,41.4,40.09,40.35,41.51,-1.16,-2.7945,44270.6,179976.776
002979.SZ,20251111,41.63,41.77,41.17,41.51,41.42,0.09,0.2173,29166.99,120801.137
002979.SZ,20251110,42.56,42.58,41.21,41.42,42.38,-0.96,-2.2652,56963.0,236871.785
002979.SZ,20251107,43.26,43.27,42.38,42.38,43.28,-0.9,-2.0795,34519.75,146945.482
002979.SZ,20251106,42.3,43.45,42.21,43.28,42.16,1.12,2.6565,51025.34,219344.702
002979.SZ,20251105,42.03,42.64,41.9,42.16,42.65,-0.49,-1.1489,35249.27,148749.36
002979.SZ,20251104,43.87,43.87,42.37,42.65,43.85,-1.2,-2.7366,42365.7,181466.709
002979.SZ,20251103,44.14,44.39,43.45,43.85,44.14,-0.29,-0.657,35396.63,155075.998
002979.SZ,20251031,43.5,44.6,43.46,44.14,43.86,0.28,0.6384,43165.51,191053.941
002979.SZ,20251030,44.59,44.97,43.75,43.86,44.64,-0.78,-1.7473,50149.8,221777.261
002979.SZ,20251029,44.46,44.83,44.1,44.64,44.44,0.2,0.45,47502.25,211196.11
002979.SZ,20251028,44.0,45.28,43.98,44.44,43.66,0.78,1.7865,89021.51,397328.898
002979.SZ,20251027,43.75,44.03,43.25,43.66,43.35,0.31,0.7151,73460.9,320801.452
002979.SZ,20251024,42.88,43.38,42.7,43.35,42.65,0.7,1.6413,53939.99,232433.226
002979.SZ,20251023,42.3,42.68,41.82,42.65,42.44,0.21,0.4948,36826.6,155184.636
002979.SZ,20251022,42.96,43.26,42.3,42.44,42.88,-0.44,-1.0261,42460.94,181461.837
002979.SZ,20251021,42.73,43.13,42.15,42.88,41.96,0.92,2.1926,52507.0,224041.715
002979.SZ,20251020,41.9,42.54,41.76,41.96,41.5,0.46,1.1084,43674.25,184072.371
002979.SZ,20251017,42.28,42.38,41.4,41.5,42.28,-0.78,-1.8448,48480.6,202667.916
002979.SZ,20251016,43.05,43.25,42.13,42.28,43.57,-1.29,-2.9608,59078.25,251169.209
002979.SZ,20251015,42.41,43.6,41.6,43.57,42.3,1.27,3.0024,81505.53,347943.714
002979.SZ,20251014,44.86,45.16,42.1,42.3,44.7,-2.4,-5.3691,109604.65,476147.171
002979.SZ,20251013,43.71,44.75,43.1,44.7,46.09,-1.39,-3.0158,91675.18,403981.894
002979.SZ,20251010,47.5,47.79,45.8,46.09,47.23,-1.14,-2.4137,86463.7,404114.398
002979.SZ,20251009,47.22,47.84,46.72,47.23,47.22,0.01,0.0212,74909.5,354972.008
002979.SZ,20250930,47.98,47.98,47.12,47.22,47.69,-0.47,-0.9855,78187.45,370788.328
002979.SZ,20250929,47.41,48.14,47.18,47.69,47.43,0.26,0.5482,68104.0,324109.464
002979.SZ,20250926,48.82,48.98,47.38,47.43,49.17,-1.74,-3.5387,84572.18,406580.591
002979.SZ,20250925,48.91,50.13,48.72,49.17,48.93,0.24,0.4905,100061.64,494102.114
002979.SZ,20250924,47.98,48.98,47.23,48.93,48.24,0.69,1.4303,95680.89,460746.694
002979.SZ,20250923,49.55,49.85,46.99,48.24,49.63,-1.39,-2.8007,122268.18,589771.544
002979.SZ,20250922,49.49,49.94,49.0,49.63,49.4,0.23,0.4656,95510.25,471839.388
002979.SZ,20250919,51.6,51.78,49.21,49.4,51.53,-2.13,-4.1335,152545.25,763697.853
002979.SZ,20250918,52.88,53.63,50.55,51.53,52.87,-1.34,-2.5345,247517.02,1296258.221
002979.SZ,20250917,50.99,54.37,50.79,52.87,50.65,2.22,4.383,235796.67,1242577.372
002979.SZ,20250916,48.7,51.31,48.51,50.65,48.64,2.01,4.1324,225558.5,1124954.973
002979.SZ,20250915,48.2,49.78,48.2,48.64,48.29,0.35,0.7248,131431.53,644664.517
002979.SZ,20250912,49.12,49.5,48.08,48.29,49.19,-0.9,-1.8296,133022.99,647342.78
002979.SZ,20250911,48.69,49.6,47.78,49.19,48.85,0.34,0.696,161344.0,787588.15
002979.SZ,20250910,47.5,49.96,47.38,48.85,47.72,1.13,2.368,212923.85,1045723.436
002979.SZ,20250909,47.29,48.5,46.25,47.72,47.29,0.43,0.9093,145667.2,691732.266
002979.SZ,20250908,45.28,48.0,45.01,47.29,45.5,1.79,3.9341,185578.11,872203.222
002979.SZ,20250905,44.07,45.5,43.64,45.5,43.96,1.54,3.5032,141905.35,631570.208
002979.SZ,20250904,46.25,47.93,43.03,43.96,45.35,-1.39,-3.065,184545.8,837216.899
002979.SZ,20250903,47.11,47.88,45.22,45.35,47.75,-2.4,-5.0262,138220.55,639600.307
002979.SZ,20250902,47.0,48.74,44.03,47.75,46.58,1.17,2.5118,266639.61,1241391.119
002979.SZ,20250901,46.17,48.16,45.32,46.58,45.77,0.81,1.7697,140154.55,652476.891
002979.SZ,20250829,46.39,46.8,44.81,45.77,46.41,-0.64,-1.379,135611.6,619211.976
002979.SZ,20250828,46.49,46.85,44.7,46.41,47.26,-0.85,-1.7986,203124.41,924409.492
002979.SZ,20250827,47.39,49.34,47.2,47.26,47.35,-0.09,-0.1901,165187.62,799585.696
002979.SZ,20250826,48.0,48.23,47.25,47.35,48.16,-0.81,-1.6819,101276.93,482677.693
002979.SZ,20250825,48.8,49.74,47.52,48.16,48.0,0.16,0.3333,154063.31,745957.703
002979.SZ,20250822,46.45,48.3,46.45,48.0,46.12,1.88,4.0763,166539.89,793085.294
002979.SZ,20250821,46.98,47.48,45.3,46.12,47.18,-1.06,-2.2467,118711.69,553662.693
002979.SZ,20250820,47.0,47.22,46.38,47.18,47.86,-0.68,-1.4208,107911.15,505569.048
002979.SZ,20250819,47.5,48.75,46.25,47.86,47.6,0.26,0.5462,167849.17,795848.575
002979.SZ,20250818,47.59,48.3,46.98,47.6,47.31,0.29,0.613,123567.38,589476.853
002979.SZ,20250815,46.7,47.4,46.54,47.31,46.84,0.47,1.0034,102527.8,482687.589
002979.SZ,20250814,47.65,47.65,45.51,46.84,47.72,-0.88,-1.8441,139573.1,651808.853
002979.SZ,20250813,47.0,47.8,46.6,47.72,47.1,0.62,1.3163,94759.3,448199.979
002979.SZ,20250812,47.21,47.25,46.1,47.1,47.4,-0.3,-0.6329,106540.09,496722.46
002979.SZ,20250811,47.98,48.2,47.03,47.4,47.97,-0.57,-1.1882,111381.7,528778.351
002979.SZ,20250808,48.21,48.79,47.3,47.97,48.85,-0.88,-1.8014,115374.75,554328.424
002979.SZ,20250807,48.89,49.5,47.87,48.85,48.8,0.05,0.1025,145479.87,707917.458
002979.SZ,20250806,47.0,49.16,46.61,48.8,46.9,1.9,4.0512,168125.83,806895.219
002979.SZ,20250805,46.27,47.6,46.03,46.9,46.27,0.63,1.3616,143453.05,672133.239
002979.SZ,20250804,43.49,46.28,43.13,46.27,43.65,2.62,6.0023,163615.1,741895.211
002979.SZ,20250801,44.77,45.1,43.6,43.65,44.8,-1.15,-2.567,84600.5,372971.38
002979.SZ,20250731,44.79,46.17,44.5,44.8,45.14,-0.34,-0.7532,116595.34,529841.339
002979.SZ,20250730,44.05,46.36,43.98,45.14,44.17,0.97,2.1961,195974.32,891322.573
002979.SZ,20250729,44.44,44.5,43.6,44.17,44.78,-0.61,-1.3622,79977.32,351081.745
002979.SZ,20250728,44.5,45.1,43.55,44.78,43.3,1.48,3.418,134245.76,595571.996
002979.SZ,20250725,43.19,43.32,42.53,43.3,43.11,0.19,0.4407,64962.25,278711.553
002979.SZ,20250724,43.1,43.98,42.95,43.11,42.95,0.16,0.3725,64117.8,277469.704
002979.SZ,20250723,43.15,43.55,42.6,42.95,43.5,-0.55,-1.2644,67338.48,289638.656
002979.SZ,20250722,44.3,44.3,43.21,43.5,44.49,-0.99,-2.2252,95278.6,416204.703
002979.SZ,20250721,43.95,45.3,43.66,44.49,43.37,1.12,2.5824,138881.96,617221.444
002979.SZ,20250718,44.0,44.0,43.12,43.37,43.96,-0.59,-1.3421,88738.45,385754.647
002979.SZ,20250717,42.28,44.45,41.72,43.96,42.27,1.69,3.9981,148584.54,646049.693
002979.SZ,20250716,41.98,42.71,41.51,42.27,41.7,0.57,1.3669,83727.53,354034.847
002979.SZ,20250715,42.0,42.0,41.27,41.7,42.02,-0.32,-0.7615,61079.05,254291.997
002979.SZ,20250714,41.58,42.25,41.07,42.02,41.26,0.76,1.842,85094.3,355522.173
002979.SZ,20250711,40.25,41.58,40.12,41.26,40.28,0.98,2.433,80812.25,330609.164
002979.SZ,20250710,40.75,40.76,40.02,40.28,40.96,-0.68,-1.6602,57612.25,232213.281
002979.SZ,20250709,41.35,42.31,40.81,40.96,41.18,-0.22,-0.5342,82069.98,341284.141
002979.SZ,20250708,40.45,41.33,40.2,41.18,40.37,0.81,2.0064,68238.14,278623.52
002979.SZ,20250707,40.96,40.96,40.1,40.37,41.12,-0.75,-1.8239,43955.95,177787.337
002979.SZ,20250704,41.5,41.55,40.85,41.12,41.26,-0.14,-0.3393,54078.33,222706.837
002979.SZ,20250703,41.6,41.9,40.8,41.26,41.79,-0.53,-1.2682,83670.45,345440.362
002979.SZ,20250702,43.7,43.78,41.68,41.79,43.86,-2.07,-4.7196,98287.01,415245.408
002979.SZ,20250701,44.25,44.31,43.62,43.86,44.28,-0.42,-0.9485,42493.25,186568.214
002979.SZ,20250630,43.8,44.47,43.56,44.28,43.3,0.98,2.2633,63020.01,278302.19
002979.SZ,20250627,43.9,44.11,43.12,43.3,43.84,-0.54,-1.2318,63376.25,274846.258
002979.SZ,20250626,44.75,45.19,43.8,43.84,44.72,-0.88,-1.9678,77619.72,344491.699
002979.SZ,20250625,44.33,44.97,43.95,44.72,44.32,0.4,0.9025,80175.47,356632.265
002979.SZ,20250624,42.0,44.5,41.88,44.32,41.74,2.58,6.1811,108448.9,473845.882
002979.SZ,20250623,41.14,41.97,41.0,41.74,41.77,-0.03,-0.0718,43487.52,181005.108
002979.SZ,20250620,42.81,42.98,41.58,41.77,42.91,-1.14,-2.6567,66160.09,277618.837
002979.SZ,20250619,43.03,44.35,42.85,42.91,43.38,-0.47,-1.0834,78495.8,342660.945
002979.SZ,20250618,42.9,43.71,42.47,43.38,43.2,0.18,0.4167,56568.05,243342.674
002979.SZ,20250617,43.63,43.76,42.87,43.2,43.65,-0.45,-1.0309,45072.46,194962.115
002979.SZ,20250616,43.74,44.25,43.5,43.65,44.04,-0.39,-0.8856,46469.55,203234.416
002979.SZ,20250613,45.13,45.27,43.9,44.04,45.38,-1.34,-2.9528,81039.5,360124.964
002979.SZ,20250612,44.68,45.76,44.14,45.38,44.78,0.6,1.3399,76086.55,343947.021
002979.SZ,20250611,44.03,45.09,44.02,44.78,44.01,0.77,1.7496,69014.8,308667.988
002979.SZ,20250610,45.16,45.3,43.1,44.01,45.13,-1.12,-2.4817,85533.15,376095.02
002979.SZ,20250609,45.3,45.86,44.86,45.13,45.09,0.04,0.0887,60305.0,273555.531
002979.SZ,20250606,46.01,46.1,44.85,45.09,45.69,-0.6,-1.3132,61319.3,277823.046
002979.SZ,20250605,44.79,45.78,43.77,45.69,44.62,1.07,2.398,93869.0,422765.072
002979.SZ,20250604,44.29,45.28,44.28,44.62,44.27,0.35,0.7906,58415.7,261206.587
002979.SZ,20250603,44.2,44.8,43.87,44.27,44.76,-0.49,-1.0947,60020.35,266271.337
002979.SZ,20250530,45.76,45.98,44.57,44.76,46.06,-1.3,-2.8224,75666.45,340263.882
002979.SZ,20250529,45.79,46.39,45.58,46.06,45.71,0.35,0.7657,58990.23,271599.159
002979.SZ,20250528,46.46,47.28,45.76,46.03,46.43,-0.4,-0.8615,63638.0,294759.488
002979.SZ,20250527,47.8,47.86,46.03,46.43,47.79,-1.36,-2.8458,70648.91,328779.373
002979.SZ,20250526,47.65,48.23,47.15,47.79,47.79,0.0,0.0,72205.25,343989.18
002979.SZ,20250523,47.72,49.2,47.41,47.79,47.56,0.23,0.4836,103200.73,498172.182
002979.SZ,20250522,48.88,49.1,47.4,47.56,48.78,-1.22,-2.501,98289.65,472056.193
002979.SZ,20250521,49.2,49.67,48.21,48.78,49.54,-0.76,-1.5341,78675.55,383735.22
002979.SZ,20250520,49.47,50.61,48.83,49.54,49.16,0.38,0.773,99788.89,496981.489
002979.SZ,20250519,50.01,51.0,47.96,49.16,50.56,-1.4,-2.769,107691.87,528917.14
002979.SZ,20250516,49.9,52.28,49.71,50.56,50.55,0.01,0.0198,132111.7,677111.746
002979.SZ,20250515,50.88,52.31,49.18,50.55,51.13,-0.58,-1.1344,135367.5,684874.135
002979.SZ,20250514,52.4,52.61,50.85,51.13,52.14,-1.01,-1.9371,106363.66,547048.138
002979.SZ,20250513,53.9,54.18,51.8,52.14,52.4,-0.26,-0.4962,162450.36,858428.886
002979.SZ,20250512,50.44,52.5,49.9,52.4,49.4,3.0,6.0729,176345.95,904795.74
002979.SZ,20250509,49.1,49.83,46.89,49.4,49.23,0.17,0.3453,157138.7,759640.86
002979.SZ,20250508,48.32,50.55,47.85,49.23,48.15,1.08,2.243,151201.84,742262.65
002979.SZ,20250507,49.8,49.82,47.11,48.15,49.02,-0.87,-1.7748,127042.89,614891.189
002979.SZ,20250506,48.01,50.15,47.41,49.02,47.77,1.25,2.6167,138605.76,674306.229
002979.SZ,20250430,46.7,48.6,46.05,47.77,46.49,1.28,2.7533,142157.51,669256.554
002979.SZ,20250429,44.77,46.9,44.41,46.49,44.8,1.69,3.7723,137277.2,632049.289
002979.SZ,20250428,45.7,46.28,44.68,44.8,45.68,-0.88,-1.9264,95342.5,431170.177
002979.SZ,20250425,44.79,46.6,43.69,45.68,45.49,0.19,0.4177,148326.5,669880.898
002979.SZ,20250424,45.9,46.83,45.1,45.49,45.91,-0.42,-0.9148,153073.05,703452.361
002979.SZ,20250423,43.31,46.48,43.22,45.91,42.76,3.15,7.3667,189452.84,849804.196
002979.SZ,20250422,43.5,43.8,42.5,42.76,43.5,-0.74,-1.7011,85184.59,366684.432
002979.SZ,20250421,40.51,44.1,40.0,43.5,41.01,2.49,6.0717,131794.27,557546.397
002979.SZ,20250418,40.81,41.3,40.55,41.01,40.96,0.05,0.1221,49523.76,202596.793
002979.SZ,20250417,41.24,42.1,40.94,40.96,41.2,-0.24,-0.5825,73090.0,302523.466
002979.SZ,20250416,42.2,42.55,40.8,41.2,42.62,-1.42,-3.3318,106504.68,441851.727
002979.SZ,20250415,42.58,43.3,41.89,42.62,42.58,0.04,0.0939,105478.35,449073.284
002979.SZ,20250414,43.0,43.65,42.22,42.58,42.36,0.22,0.5194,124334.75,534395.15
002979.SZ,20250411,39.5,42.95,39.42,42.36,39.95,2.41,6.0325,192482.81,801429.777
002979.SZ,20250410,39.5,41.58,39.45,39.95,38.27,1.68,4.3899,208046.26,840034.608
002979.SZ,20250409,35.5,38.89,33.42,38.27,37.11,1.16,3.1258,251188.1,911161.823
002979.SZ,20250408,38.77,40.09,37.11,37.11,41.23,-4.12,-9.9927,156285.65,590053.797
002979.SZ,20250407,41.23,41.99,41.23,41.23,45.81,-4.58,-9.9978,35219.0,145566.944
002979.SZ,20250403,47.58,48.75,45.66,45.81,47.93,-2.12,-4.4231,135435.0,633130.614
002979.SZ,20250402,46.65,48.68,46.45,47.93,46.76,1.17,2.5021,136517.45,654294.463
002979.SZ,20250401,49.32,49.4,46.5,46.76,48.6,-1.84,-3.786,137666.55,652279.539
002979.SZ,20250331,50.76,51.2,46.93,48.6,52.13,-3.53,-6.7715,227436.2,1098188.825
002979.SZ,20250328,52.66,54.16,51.63,52.13,53.55,-1.42,-2.6517,220532.17,1160017.305
002979.SZ,20250327,51.0,56.39,50.96,53.55,51.26,2.29,4.4674,346719.36,1882502.658
002979.SZ,20250326,49.87,53.1,49.87,51.26,51.2,0.06,0.1172,171663.61,887415.46
002979.SZ,20250325,50.6,54.36,50.45,51.2,50.94,0.26,0.5104,270951.5,1420434.203
002979.SZ,20250324,48.61,50.98,47.65,50.94,48.77,2.17,4.4495,187900.35,921575.245
002979.SZ,20250321,52.44,52.79,48.46,48.77,52.24,-3.47,-6.6424,220489.25,1095559.315
002979.SZ,20250320,50.55,53.16,49.3,52.24,51.04,1.2,2.3511,259230.85,1336185.261
002979.SZ,20250319,51.0,51.6,49.67,51.04,51.23,-0.19,-0.3709,146159.5,741584.21
002979.SZ,20250318,51.65,52.2,50.2,51.23,51.7,-0.47,-0.9091,183758.55,935598.983
002979.SZ,20250317,50.88,52.06,50.12,51.7,49.59,2.11,4.2549,297454.11,1525522.765
002979.SZ,20250314,45.99,49.59,45.38,49.59,45.08,4.51,10.0044,279390.67,1336813.495
002979.SZ,20250313,50.04,50.04,45.05,45.08,50.05,-4.97,-9.9301,296489.04,1371992.837
002979.SZ,20250312,50.52,51.1,49.58,50.05,50.21,-0.16,-0.3187,112584.8,565887.716
002979.SZ,20250311,49.7,51.11,48.79,50.21,50.83,-0.62,-1.2198,171225.13,852198.343
002979.SZ,20250310,52.55,53.12,50.4,50.83,52.6,-1.77,-3.365,179684.65,920501.67
002979.SZ,20250307,51.01,53.88,51.0,52.6,52.05,0.55,1.0567,220023.58,1161043.192
002979.SZ,20250306,50.8,53.5,50.37,52.05,50.3,1.75,3.4791,275593.75,1442307.896
002979.SZ,20250305,49.77,51.78,49.05,50.3,48.99,1.31,2.674,220569.6,1105745.367
002979.SZ,20250304,47.81,50.62,47.81,48.99,47.31,1.68,3.551,251978.3,1243316.82
002979.SZ,20250303,48.71,49.15,46.8,47.31,48.71,-1.4,-2.8742,197286.93,940403.105
002979.SZ,20250228,51.83,52.6,48.51,48.71,51.19,-2.48,-4.8447,320451.66,1595684.968
002979.SZ,20250227,51.79,52.78,49.98,51.19,51.78,-0.59,-1.1394,275756.57,1414524.403
002979.SZ,20250226,53.03,57.4,51.32,51.78,53.46,-1.68,-3.1425,348256.89,1883807.962
002979.SZ,20250225,51.1,55.39,51.1,53.46,52.63,0.83,1.577,272214.46,1438560.738
002979.SZ,20250224,54.0,56.77,50.0,52.63,53.86,-1.23,-2.2837,386162.74,2042722.213
002979.SZ,20250221,49.25,53.86,49.01,53.86,48.96,4.9,10.0082,329530.68,1716187.076
002979.SZ,20250220,47.54,51.67,46.98,48.96,46.97,1.99,4.2367,395366.93,1924340.424
002979.SZ,20250219,42.59,46.97,42.3,46.97,42.7,4.27,10.0,320946.75,1466272.089
002979.SZ,20250218,43.0,44.55,42.4,42.7,42.11,0.59,1.4011,301635.33,1307559.507
002979.SZ,20250217,40.86,42.65,40.1,42.11,40.69,1.42,3.4898,254401.83,1059537.702
002979.SZ,20250214,39.88,42.91,39.79,40.69,39.5,1.19,3.0127,288791.15,1201369.479
002979.SZ,20250213,40.5,41.68,39.47,39.5,40.89,-1.39,-3.3994,202161.25,815929.771
002979.SZ,20250212,38.7,42.2,38.23,40.89,39.2,1.69,4.3112,235804.74,949941.779
002979.SZ,20250211,39.26,40.94,39.0,39.2,39.58,-0.38,-0.9601,211182.35,839332.113
002979.SZ,20250210,39.2,39.69,38.44,39.58,39.66,-0.08,-0.2017,209021.74,816447.568
002979.SZ,20250207,40.01,41.14,38.78,39.66,39.95,-0.29,-0.7259,322039.14,1289699.288
002979.SZ,20250206,35.93,39.95,35.8,39.95,36.32,3.63,9.9945,196920.63,761141.516
002979.SZ,20250205,34.8,37.1,34.32,36.32,34.21,2.11,6.1678,235099.22,845227.521
002979.SZ,20250127,35.58,36.26,33.98,34.21,35.65,-1.44,-4.0393,166159.05,578195.154
002979.SZ,20250124,34.36,35.88,33.95,35.65,34.7,0.95,2.7378,221898.25,777308.04
002979.SZ,20250123,34.74,36.34,34.27,34.7,34.32,0.38,1.1072,241196.4,848559.841
002979.SZ,20250122,34.36,34.88,33.93,34.32,34.74,-0.42,-1.209,148569.11,509871.737
002979.SZ,20250121,32.86,34.91,32.68,34.74,32.84,1.9,5.7856,252933.87,861138.225
002979.SZ,20250120,32.98,33.42,32.4,32.84,32.38,0.46,1.4206,125789.95,414040.547
002979.SZ,20250117,32.39,33.36,32.1,32.38,32.54,-0.16,-0.4917,114861.05,375290.959
002979.SZ,20250116,33.13,33.36,32.02,32.54,32.58,-0.04,-0.1228,144123.1,471151.429
002979.SZ,20250115,33.1,33.88,32.48,32.58,31.47,1.11,3.5272,283278.45,937706.085
002979.SZ,20250114,29.36,31.5,29.09,31.47,29.35,2.12,7.2232,191946.8,590519.122
002979.SZ,20250113,28.98,30.56,28.9,29.35,29.78,-0.43,-1.4439,138203.85,411038.41
002979.SZ,20250110,29.71,31.35,29.71,29.78,30.08,-0.3,-0.9973,173974.45,530477.522
002979.SZ,20250109,29.07,30.25,29.03,30.08,29.48,0.6,2.0353,164942.03,491171.768
688320.SH,20260702,41.5,43.18,40.83,41.31,41.81,-0.5,-1.1959,85258.03,358414.38
688320.SH,20260701,41.27,42.9,41.06,41.81,41.45,0.36,0.8685,91203.19,385346.721
688320.SH,20260630,39.6,41.5,38.92,41.45,39.48,1.97,4.9899,83064.74,336026.798
688320.SH,20260629,36.71,39.85,36.5,39.48,36.83,2.65,7.1952,101312.21,391093.338
688320.SH,20260626,37.87,39.1,36.3,36.83,38.25,-1.42,-3.7124,57221.47,213826.424
688320.SH,20260625,39.15,39.33,37.0,38.25,39.15,-0.9,-2.2989,69754.6,266101.25
688320.SH,20260624,36.87,40.08,36.87,39.15,37.28,1.87,5.0161,95843.69,372856.488
688320.SH,20260623,36.72,38.29,35.73,37.28,36.92,0.36,0.9751,52712.46,196164.836
688320.SH,20260622,38.8,39.39,35.45,36.92,38.65,-1.73,-4.4761,63795.87,234674.031
688320.SH,20260618,37.67,39.0,37.0,38.65,37.67,0.98,2.6015,45431.57,174017.095
688320.SH,20260617,38.1,38.6,37.45,37.67,38.4,-0.73,-1.901,34199.59,129565.612
688320.SH,20260616,37.0,38.83,37.0,38.4,37.2,1.2,3.2258,44946.43,171501.239
688320.SH,20260615,36.27,37.46,35.85,37.2,36.12,1.08,2.99,52263.22,192495.982
688320.SH,20260612,36.5,38.1,35.6,36.12,35.93,0.19,0.5288,83688.09,306093.682
688320.SH,20260611,36.9,37.49,35.38,35.93,37.3,-1.37,-3.6729,55287.98,199181.867
688320.SH,20260610,38.15,38.65,36.5,37.3,38.77,-1.47,-3.7916,50459.69,189315.39
688320.SH,20260609,38.3,39.15,37.76,38.77,38.14,0.63,1.6518,53144.75,204269.381
688320.SH,20260608,36.99,39.52,36.8,38.14,38.55,-0.41,-1.0636,74624.21,286489.059
688320.SH,20260605,37.26,39.83,35.62,38.55,37.05,1.5,4.0486,73237.55,276877.414
688320.SH,20260604,37.32,38.55,36.82,37.05,37.59,-0.54,-1.4366,40036.08,150182.546
688320.SH,20260603,37.68,39.66,36.83,37.59,37.2,0.39,1.0484,59076.2,226112.576
688320.SH,20260602,36.68,38.8,36.22,37.2,36.83,0.37,1.0046,47733.95,179179.324
688320.SH,20260601,36.2,38.9,33.88,36.83,36.2,0.63,1.7403,61079.91,227138.701
688320.SH,20260529,38.5,38.75,35.82,36.2,38.59,-2.39,-6.1933,57241.4,211317.32
688320.SH,20260528,38.21,39.0,37.0,38.59,38.38,0.21,0.5472,46891.61,178966.269
688320.SH,20260527,39.65,39.99,38.0,38.38,40.1,-1.72,-4.2893,81225.75,315411.61
688320.SH,20260526,41.28,42.4,39.1,40.1,41.28,-1.18,-2.8585,81971.62,333784.562
688320.SH,20260525,40.12,42.05,39.28,41.28,40.54,0.74,1.8254,79698.97,325658.352
688320.SH,20260522,40.0,40.58,38.8,40.54,40.19,0.35,0.8709,68894.42,274516.371
688320.SH,20260521,40.26,41.64,39.6,40.19,40.18,0.01,0.0249,95281.55,389080.883
688320.SH,20260520,40.61,41.34,39.69,40.18,41.02,-0.84,-2.0478,54037.91,217340.713
688320.SH,20260519,40.65,42.2,40.1,41.02,40.75,0.27,0.6626,69676.58,285954.426
688320.SH,20260518,41.16,41.55,40.2,40.75,42.0,-1.25,-2.9762,90274.44,368193.152
688320.SH,20260515,37.2,43.7,37.2,42.0,37.41,4.59,12.2694,153718.13,632638.271
688320.SH,20260514,37.0,38.48,36.49,37.41,37.15,0.26,0.6999,67338.37,252583.247
688320.SH,20260513,37.35,37.77,36.67,37.15,37.8,-0.65,-1.7196,54906.61,203595.759
688320.SH,20260512,38.54,38.79,37.37,37.8,38.37,-0.57,-1.4855,47880.1,181314.216
688320.SH,20260511,39.0,39.0,37.52,38.37,38.39,-0.02,-0.0521,63451.68,242795.417
688320.SH,20260508,37.3,39.3,36.8,38.39,37.42,0.97,2.5922,106732.72,412415.112
688320.SH,20260507,35.05,39.17,34.51,37.42,34.47,2.95,8.5582,108938.5,404493.112
688320.SH,20260506,33.81,35.0,33.5,34.47,33.73,0.74,2.1939,42902.86,147449.595
688320.SH,20260430,33.32,34.07,32.92,33.73,33.32,0.41,1.2305,37768.35,127255.396
688320.SH,20260429,31.19,33.45,31.19,33.32,31.18,2.14,6.8634,51653.57,169504.441
688320.SH,20260428,32.2,32.37,31.0,31.18,32.49,-1.31,-4.032,24710.94,78050.292
688320.SH,20260427,30.88,32.67,30.88,32.49,30.76,1.73,5.6242,38115.84,122659.968
688320.SH,20260424,30.65,31.05,30.13,30.76,30.83,-0.07,-0.2271,15667.2,47947.949
688320.SH,20260423,31.27,31.62,30.63,30.83,31.48,-0.65,-2.0648,17534.96,54294.843
688320.SH,20260422,30.82,31.7,30.61,31.48,30.96,0.52,1.6796,18184.5,57018.373
688320.SH,20260421,31.01,31.2,30.68,30.96,31.26,-0.3,-0.9597,18833.53,58245.419
688320.SH,20260420,31.5,31.77,31.0,31.26,31.44,-0.18,-0.5725,17743.26,55791.551
688320.SH,20260417,31.41,31.66,31.0,31.44,31.55,-0.11,-0.3487,15998.21,50047.057
688320.SH,20260416,31.5,31.83,31.05,31.55,31.2,0.35,1.1218,18542.96,58091.537
688320.SH,20260415,31.54,32.23,31.2,31.2,31.54,-0.34,-1.078,18204.72,57772.178
688320.SH,20260414,31.75,31.8,31.18,31.54,31.26,0.28,0.8957,18821.71,59173.564
688320.SH,20260413,31.85,31.93,31.03,31.26,31.0,0.26,0.8387,30859.26,97173.331
688320.SH,20260410,30.46,31.55,30.32,31.0,30.1,0.9,2.99,24959.06,77828.331
688320.SH,20260409,30.76,30.9,30.0,30.1,31.05,-0.95,-3.0596,20112.8,61095.028
688320.SH,20260408,29.63,31.25,29.6,31.05,29.05,2.0,6.8847,30998.67,94990.528
688320.SH,20260407,28.8,29.38,28.7,29.05,28.92,0.13,0.4495,10901.79,31673.162
688320.SH,20260403,29.96,30.03,28.8,28.92,29.74,-0.82,-2.7572,17226.1,50149.614
688320.SH,20260402,30.64,30.64,29.52,29.74,30.7,-0.96,-3.127,17559.09,52762.154
688320.SH,20260401,30.95,30.95,30.41,30.7,30.16,0.54,1.7905,11473.9,35193.669
688320.SH,20260331,30.8,30.85,30.1,30.16,30.23,-0.07,-0.2316,15931.19,48578.84
688320.SH,20260330,30.68,30.7,30.01,30.23,30.85,-0.62,-2.0097,14782.66,44726.814
688320.SH,20260327,30.7,30.98,30.06,30.85,30.73,0.12,0.3905,12861.09,39448.141
688320.SH,20260326,30.64,31.45,30.5,30.73,30.51,0.22,0.7211,25157.47,77666.936
688320.SH,20260325,29.86,30.76,29.86,30.51,29.86,0.65,2.1768,21060.95,64049.904
688320.SH,20260324,30.08,30.28,28.9,29.86,29.57,0.29,0.9807,19759.3,58104.401
688320.SH,20260323,29.5,30.5,29.29,29.57,30.01,-0.44,-1.4662,32689.07,97494.786
688320.SH,20260320,30.95,31.36,30.0,30.01,30.95,-0.94,-3.0372,18243.63,55498.145
688320.SH,20260319,31.59,31.59,30.88,30.95,31.89,-0.94,-2.9476,17920.46,55790.212
688320.SH,20260318,31.87,32.23,31.55,31.89,31.86,0.03,0.0942,16150.07,51410.561
688320.SH,20260317,32.65,32.72,31.8,31.86,32.56,-0.7,-2.1499,16765.51,54028.959
688320.SH,20260316,32.6,32.88,32.31,32.56,32.73,-0.17,-0.5194,18339.96,59637.313
688320.SH,20260313,33.24,33.34,32.6,32.73,33.09,-0.36,-1.0879,16185.45,53307.089
688320.SH,20260312,34.41,34.41,33.02,33.09,33.8,-0.71,-2.1006,22348.98,74540.055
688320.SH,20260311,34.3,35.1,33.71,33.8,33.97,-0.17,-0.5004,27910.07,96241.435
688320.SH,20260310,34.16,34.18,33.63,33.97,33.62,0.35,1.041,21595.29,73353.685
688320.SH,20260309,33.01,34.15,32.5,33.62,33.54,0.08,0.2385,39649.08,132092.945
688320.SH,20260306,32.84,33.59,32.62,33.54,32.97,0.57,1.7288,19094.68,63668.923
688320.SH,20260305,32.9,33.58,32.6,32.97,32.34,0.63,1.9481,23927.34,78884.16
688320.SH,20260304,32.01,32.8,32.01,32.34,32.77,-0.43,-1.3122,27771.2,90094.889
688320.SH,20260303,35.16,35.38,32.68,32.77,35.01,-2.24,-6.3982,36854.2,124285.294
688320.SH,20260302,35.4,35.96,34.82,35.01,36.09,-1.08,-2.9925,33096.58,116578.983
688320.SH,20260227,36.37,36.77,36.03,36.09,36.77,-0.68,-1.8493,27636.49,100093.888
688320.SH,20260226,36.82,37.23,36.19,36.77,37.14,-0.37,-0.9962,31265.16,114493.247
688320.SH,20260225,36.08,37.33,35.81,37.14,36.08,1.06,2.9379,44453.84,162659.9
688320.SH,20260224,37.81,37.81,35.76,36.08,36.96,-0.88,-2.381,48001.4,174057.795
688320.SH,20260213,36.5,37.08,36.2,36.96,36.48,0.48,1.3158,32047.38,117927.476
688320.SH,20260212,35.51,36.97,35.5,36.48,35.67,0.81,2.2708,34755.14,126509.888
688320.SH,20260211,36.46,36.62,35.52,35.67,36.08,-0.41,-1.1364,22595.12,81075.84
688320.SH,20260210,35.77,36.87,35.38,36.08,35.52,0.56,1.5766,33374.17,120850.687
688320.SH,20260209,35.35,35.96,35.1,35.52,34.94,0.58,1.66,24411.43,86750.724
688320.SH,20260206,34.46,35.48,33.88,34.94,34.5,0.44,1.2754,24874.12,86551.648
688320.SH,20260205,35.5,35.5,34.34,34.5,35.37,-0.87,-2.4597,18570.51,64573.301
688320.SH,20260204,34.93,35.46,34.5,35.37,35.14,0.23,0.6545,22386.34,78167.687
688320.SH,20260203,33.84,35.17,33.55,35.14,33.55,1.59,4.7392,35557.57,123403.522
688320.SH,20260202,34.3,34.65,33.53,33.55,34.09,-0.54,-1.584,26785.06,91642.041
688320.SH,20260130,33.88,34.48,33.16,34.09,34.0,0.09,0.2647,30227.27,102216.963
688320.SH,20260129,34.67,35.45,33.8,34.0,34.98,-0.98,-2.8016,34406.95,118794.912
688320.SH,20260128,36.81,36.88,34.92,34.98,36.69,-1.71,-4.6607,41142.92,145949.979
688320.SH,20260127,35.82,36.78,33.72,36.69,35.99,0.7,1.945,68764.99,242007.788
688320.SH,20260126,38.48,39.39,35.86,35.99,38.22,-2.23,-5.8346,66168.62,243923.823
688320.SH,20260123,37.7,38.5,37.4,38.22,37.35,0.87,2.3293,48461.96,184206.307
688320.SH,20260122,37.67,38.5,37.04,37.35,37.68,-0.33,-0.8758,34423.21,129019.343
688320.SH,20260121,37.4,37.98,36.83,37.68,37.7,-0.02,-0.0531,36672.51,137689.48
688320.SH,20260120,38.09,38.62,37.0,37.7,37.72,-0.02,-0.053,49651.21,187734.639
688320.SH,20260119,37.8,38.25,36.81,37.72,37.48,0.24,0.6403,54585.92,205532.252
688320.SH,20260116,36.32,37.89,35.8,37.48,35.93,1.55,4.3139,67748.58,250943.407
688320.SH,20260115,36.23,36.58,35.32,35.93,36.58,-0.65,-1.7769,37586.07,134386.497
688320.SH,20260114,36.88,37.69,35.95,36.58,36.67,-0.09,-0.2454,66032.6,243894.814
688320.SH,20260113,38.05,38.69,36.6,36.67,38.08,-1.41,-3.7027,64225.51,241342.723
688320.SH,20260112,37.45,38.26,36.88,38.08,36.91,1.17,3.1699,64861.56,244378.014
688320.SH,20260109,36.55,37.68,36.3,36.91,36.58,0.33,0.9021,54556.76,201788.104
688320.SH,20260108,36.18,36.66,36.08,36.58,36.1,0.48,1.3296,41765.94,152094.285
688320.SH,20260107,36.36,36.78,35.92,36.1,36.62,-0.52,-1.42,42805.47,155290.238
688320.SH,20260106,37.04,37.36,36.24,36.62,36.61,0.01,0.0273,50810.37,186095.015
688320.SH,20260105,37.02,37.17,36.18,36.61,37.32,-0.71,-1.9025,59768.98,218158.142
688320.SH,20251231,37.7,37.8,36.68,37.32,37.68,-0.36,-0.9554,75795.6,281488.236
688320.SH,20251230,36.16,38.6,35.51,37.68,36.16,1.52,4.2035,104453.03,389748.918
688320.SH,20251229,35.28,36.98,34.65,36.16,34.65,1.51,4.3579,75605.41,271596.036
688320.SH,20251226,34.48,35.78,34.4,34.65,34.98,-0.33,-0.9434,59691.29,209476.333
688320.SH,20251225,32.55,35.14,32.41,34.98,32.43,2.55,7.8631,71436.87,243432.381
688320.SH,20251224,31.67,32.55,31.67,32.43,31.83,0.6,1.885,21122.62,68105.418
688320.SH,20251223,32.6,32.8,31.71,31.83,32.55,-0.72,-2.212,26058.73,83486.603
688320.SH,20251222,31.58,32.85,31.58,32.55,31.7,0.85,2.6814,30102.98,97800.18
688320.SH,20251219,31.77,32.37,31.65,31.7,31.77,-0.07,-0.2203,18855.7,60110.789
688320.SH,20251218,31.51,32.6,31.51,31.77,31.99,-0.22,-0.6877,21301.77,68337.602
688320.SH,20251217,31.61,32.0,30.75,31.99,31.69,0.3,0.9467,31939.46,100083.34
688320.SH,20251216,32.13,32.56,31.4,31.69,32.63,-0.94,-2.8808,26934.99,85496.287
688320.SH,20251215,33.33,33.35,32.44,32.63,33.32,-0.69,-2.0708,27974.69,91579.451
688320.SH,20251212,33.67,33.7,32.88,33.32,33.65,-0.33,-0.9807,32903.02,109316.592
688320.SH,20251211,35.0,35.0,33.65,33.65,34.91,-1.26,-3.6093,33433.04,114021.737
688320.SH,20251210,34.64,35.42,34.5,34.91,34.66,0.25,0.7213,37516.29,131077.29
688320.SH,20251209,35.04,35.95,34.66,34.66,35.42,-0.76,-2.1457,40890.08,143665.164
688320.SH,20251208,35.68,36.0,34.82,35.42,35.69,-0.27,-0.7565,51288.41,180870.964
688320.SH,20251205,32.9,35.9,32.71,35.69,33.24,2.45,7.3706,80664.18,281706.253
688320.SH,20251204,32.78,33.66,32.11,33.24,32.11,1.13,3.5192,51592.37,170031.042
688320.SH,20251203,33.4,33.59,31.96,32.11,33.21,-1.1,-3.3123,28478.95,92247.887
688320.SH,20251202,34.21,34.21,33.06,33.21,33.95,-0.74,-2.1797,22557.62,75193.973
688320.SH,20251201,32.89,34.06,32.89,33.95,33.56,0.39,1.1621,22984.89,77631.075
688320.SH,20251128,33.84,33.88,33.1,33.56,33.65,-0.09,-0.2675,24427.47,81751.54
688320.SH,20251127,33.76,34.14,33.46,33.65,33.59,0.06,0.1786,15775.91,53324.776
688320.SH,20251126,33.72,34.16,33.45,33.59,33.71,-0.12,-0.356,18201.6,61625.937
688320.SH,20251125,34.5,34.5,33.62,33.71,33.6,0.11,0.3274,22446.13,76118.097
688320.SH,20251124,33.39,33.82,32.51,33.6,32.93,0.67,2.0346,28325.36,94246.009
688320.SH,20251121,33.43,33.99,32.3,32.93,33.65,-0.72,-2.1397,42547.06,141000.62
688320.SH,20251120,34.9,35.35,33.42,33.65,34.73,-1.08,-3.1097,43237.96,146657.45
688320.SH,20251119,35.0,36.55,34.72,34.73,36.88,-2.15,-5.8297,44690.74,158012.296
688320.SH,20251118,36.77,37.7,36.53,36.88,36.97,-0.09,-0.2434,21456.29,79590.944
688320.SH,20251117,36.4,37.24,36.11,36.97,36.4,0.57,1.5659,20830.7,76648.907
688320.SH,20251114,36.13,37.27,36.05,36.4,36.66,-0.26,-0.7092,21954.9,80266.207
688320.SH,20251113,36.62,36.86,36.11,36.66,36.45,0.21,0.5761,20304.13,74229.172
688320.SH,20251112,37.4,37.4,36.16,36.45,37.2,-0.75,-2.0161,25317.44,92756.395
688320.SH,20251111,37.73,38.15,37.0,37.2,37.58,-0.38,-1.0112,29975.87,112429.173
688320.SH,20251110,39.0,39.17,37.38,37.58,38.89,-1.31,-3.3685,40775.64,154304.707
688320.SH,20251107,39.0,39.93,38.38,38.89,39.05,-0.16,-0.4097,31122.29,121174.727
688320.SH,20251106,38.31,39.65,37.98,39.05,38.03,1.02,2.6821,37197.45,144701.424
688320.SH,20251105,38.3,39.08,37.8,38.03,38.75,-0.72,-1.8581,33620.35,128368.339
688320.SH,20251104,40.95,40.98,38.45,38.75,40.36,-1.61,-3.9891,37517.71,146772.047
688320.SH,20251103,41.0,41.48,39.8,40.36,40.36,0.0,0.0,33577.67,135685.235
688320.SH,20251031,38.7,40.93,38.66,40.36,38.86,1.5,3.86,52247.79,210735.048
688320.SH,20251030,38.0,40.0,37.77,38.86,39.71,-0.85,-2.1405,62162.53,243229.487
688320.SH,20251029,40.0,40.32,39.19,39.71,40.0,-0.29,-0.725,41260.61,163669.151
688320.SH,20251028,40.55,41.04,39.76,40.0,40.79,-0.79,-1.9367,48514.34,195622.328
688320.SH,20251027,41.86,42.19,40.6,40.79,41.65,-0.86,-2.0648,44436.02,182914.651
688320.SH,20251024,41.3,41.8,40.98,41.65,40.92,0.73,1.784,30189.09,125110.966
688320.SH,20251023,40.61,40.94,40.1,40.92,40.66,0.26,0.6394,19809.19,80169.304
688320.SH,20251022,41.0,41.55,40.4,40.66,41.05,-0.39,-0.9501,25167.27,102799.86
688320.SH,20251021,41.18,41.23,40.3,41.05,40.36,0.69,1.7096,25839.99,105656.306
688320.SH,20251020,40.6,41.13,40.03,40.36,39.8,0.56,1.407,32714.77,132718.973
688320.SH,20251017,40.55,41.6,39.79,39.8,41.0,-1.2,-2.9268,35109.78,141827.136
688320.SH,20251016,42.89,42.89,40.84,41.0,42.76,-1.76,-4.116,47977.0,199513.852
688320.SH,20251015,42.43,42.86,41.6,42.76,41.8,0.96,2.2967,35263.41,149099.165
688320.SH,20251014,45.26,45.3,41.7,41.8,44.67,-2.87,-6.4249,59440.94,256735.466
688320.SH,20251013,43.61,44.86,42.27,44.67,45.33,-0.66,-1.456,51084.19,223319.764
688320.SH,20251010,47.83,48.16,45.05,45.33,47.89,-2.56,-5.3456,72041.55,332687.905
688320.SH,20251009,47.0,48.56,46.1,47.89,46.99,0.9,1.9153,48773.85,232788.392
688320.SH,20250930,47.65,47.8,46.9,46.99,47.65,-0.66,-1.3851,47526.91,224671.148
688320.SH,20250929,46.3,48.87,45.8,47.65,46.3,1.35,2.9158,85850.45,405239.109
688320.SH,20250926,48.77,49.22,46.2,46.3,49.06,-2.76,-5.6258,69918.55,331735.645
688320.SH,20250925,50.06,50.57,48.99,49.06,50.1,-1.04,-2.0758,51914.98,257732.4
688320.SH,20250924,47.47,50.29,47.0,50.1,47.82,2.28,4.7679,67664.55,332664.267
688320.SH,20250923,49.36,50.3,46.51,47.82,49.56,-1.74,-3.5109,66924.87,318967.763
688320.SH,20250922,49.8,50.75,48.88,49.56,49.3,0.26,0.5274,49742.99,247268.385
688320.SH,20250919,50.8,51.4,49.04,49.3,51.12,-1.82,-3.5603,64956.85,325706.624
688320.SH,20250918,52.58,54.5,50.13,51.12,51.79,-0.67,-1.2937,124985.85,658245.46
688320.SH,20250917,49.45,52.43,49.01,51.79,49.48,2.31,4.6686,116008.35,594704.532
688320.SH,20250916,47.17,49.61,47.12,49.48,47.06,2.42,5.1424,101406.87,492535.538
688320.SH,20250915,46.8,48.15,46.8,47.06,47.0,0.06,0.1277,46550.08,221058.906
688320.SH,20250912,47.88,48.4,46.93,47.0,47.58,-0.58,-1.219,61934.05,294661.834
688320.SH,20250911,46.46,47.68,45.58,47.58,46.45,1.13,2.4327,57288.34,269488.427
688320.SH,20250910,46.58,47.4,46.43,46.45,46.85,-0.4,-0.8538,32471.82,152080.198
688320.SH,20250909,47.61,47.68,46.51,46.85,47.8,-0.95,-1.9874,37783.71,177464.481
688320.SH,20250908,46.03,48.34,45.8,47.8,46.26,1.54,3.329,62208.27,296068.952
688320.SH,20250905,45.08,46.39,44.5,46.26,45.09,1.17,2.5948,46052.43,209248.831
688320.SH,20250904,46.5,46.97,44.45,45.09,46.34,-1.25,-2.6975,58309.78,267691.084
688320.SH,20250903,48.47,49.4,46.03,46.34,48.67,-2.33,-4.7873,57353.62,271783.879
688320.SH,20250902,49.0,49.59,45.86,48.67,48.42,0.25,0.5163,100265.87,478033.142
688320.SH,20250901,48.6,49.48,47.68,48.42,48.61,-0.19,-0.3909,45236.4,218516.333
688320.SH,20250829,48.92,49.95,48.18,48.61,48.91,-0.3,-0.6134,58788.88,287582.398
688320.SH,20250828,49.5,49.95,46.89,48.91,49.65,-0.74,-1.4904,95451.08,463299.847
688320.SH,20250827,51.19,53.43,49.62,49.65,51.26,-1.61,-3.1409,91734.59,475299.445
688320.SH,20250826,51.11,52.79,50.28,51.26,51.42,-0.16,-0.3112,69316.08,357164.521
688320.SH,20250825,51.3,52.99,51.0,51.42,51.26,0.16,0.3121,81925.31,425935.797
688320.SH,20250822,49.96,51.78,49.81,51.26,49.8,1.46,2.9317,77600.67,394884.455
688320.SH,20250821,51.6,51.72,49.33,49.8,51.8,-2.0,-3.861,82586.15,417507.368
688320.SH,20250820,52.94,53.0,50.91,51.8,54.02,-2.22,-4.1096,116384.68,601315.694
688320.SH,20250819,47.5,55.89,46.41,54.02,47.18,6.84,14.4977,226554.19,1160663.158
688320.SH,20250818,47.66,47.94,46.75,47.18,47.14,0.04,0.0849,68437.16,324477.779
688320.SH,20250815,46.51,48.1,46.41,47.14,46.84,0.3,0.6405,58645.05,276387.107
688320.SH,20250814,48.1,48.18,46.11,46.84,47.53,-0.69,-1.4517,62123.8,291396.905
688320.SH,20250813,47.49,47.89,46.59,47.53,47.11,0.42,0.8915,48097.59,226923.072
688320.SH,20250812,47.54,47.58,46.45,47.11,47.46,-0.35,-0.7375,38676.79,181570.206
688320.SH,20250811,48.0,48.08,47.0,47.46,47.11,0.35,0.7429,41707.63,198382.78
688320.SH,20250808,48.9,48.9,47.0,47.11,49.0,-1.89,-3.8571,49651.2,235894.989
688320.SH,20250807,50.1,50.54,48.09,49.0,50.52,-1.52,-3.0087,64771.87,318133.149
688320.SH,20250806,48.72,50.98,48.59,50.52,48.7,1.82,3.7372,89989.94,449719.601
688320.SH,20250805,48.5,49.46,48.01,48.7,48.45,0.25,0.516,41601.61,202120.43
688320.SH,20250804,46.6,48.63,46.3,48.45,46.56,1.89,4.0593,38269.96,182151.933
688320.SH,20250801,47.21,47.66,46.03,46.56,47.24,-0.68,-1.4395,32648.8,152299.39
688320.SH,20250731,47.0,48.26,47.0,47.24,47.2,0.04,0.0847,35519.39,169371.038
688320.SH,20250730,48.81,48.93,46.7,47.2,48.81,-1.61,-3.2985,49888.68,237565.259
688320.SH,20250729,48.9,49.5,48.37,48.81,48.89,-0.08,-0.1636,30654.86,149458.629
688320.SH,20250728,50.99,50.99,48.88,48.89,50.14,-1.25,-2.493,49363.06,244527.116
688320.SH,20250725,49.82,50.65,49.22,50.14,49.82,0.32,0.6423,42713.13,213618.895
688320.SH,20250724,49.72,50.99,49.36,49.82,49.4,0.42,0.8502,43491.34,217514.266
688320.SH,20250723,49.33,50.2,48.3,49.4,49.43,-0.03,-0.0607,49771.01,245672.533
688320.SH,20250722,50.5,51.1,49.1,49.43,50.75,-1.32,-2.601,47586.65,236504.35
688320.SH,20250721,51.89,52.86,50.2,50.75,50.42,0.33,0.6545,62961.66,322961.696
688320.SH,20250718,50.02,51.5,49.83,50.42,50.22,0.2,0.3982,49821.54,252136.852
688320.SH,20250717,49.76,51.89,49.15,50.22,49.77,0.45,0.9042,81104.38,411452.565
688320.SH,20250716,48.3,50.08,48.05,49.77,47.51,2.26,4.7569,90742.17,447037.651
688320.SH,20250715,47.63,48.11,46.72,47.51,47.76,-0.25,-0.5235,40748.09,193361.641
688320.SH,20250714,46.83,48.19,46.56,47.76,46.6,1.16,2.4893,43275.89,205245.61
688320.SH,20250711,46.08,47.46,45.65,46.6,46.08,0.52,1.1285,28360.09,132571.139
688320.SH,20250710,46.61,47.07,45.7,46.08,47.2,-1.12,-2.3729,38369.32,177651.587
688320.SH,20250709,48.93,49.79,46.96,47.2,47.8,-0.6,-1.2552,48210.46,234168.493
688320.SH,20250708,47.58,48.0,47.0,47.8,47.59,0.21,0.4413,32016.39,152367.86
688320.SH,20250707,47.23,48.17,46.11,47.59,47.7,-0.11,-0.2306,38615.08,182346.112
688320.SH,20250704,49.01,49.7,47.66,47.7,49.81,-2.11,-4.2361,69435.79,335482.907
688320.SH,20250703,48.69,51.23,46.8,49.81,48.6,1.21,2.4897,121881.92,596396.106
688320.SH,20250702,47.29,49.2,46.31,48.6,47.05,1.55,3.2944,101561.08,492640.743
688320.SH,20250701,46.89,47.89,46.13,47.05,47.29,-0.24,-0.5075,42096.82,197673.442
688320.SH,20250630,46.1,48.5,46.08,47.29,45.77,1.52,3.321,62750.64,298238.933
688320.SH,20250627,47.47,47.47,45.62,45.77,46.73,-0.96,-2.0544,39695.61,183068.064
688320.SH,20250626,48.12,48.4,46.55,46.73,48.22,-1.49,-3.09,50268.94,237537.336
688320.SH,20250625,47.8,48.23,47.06,48.22,47.99,0.23,0.4793,55985.55,266909.925
688320.SH,20250624,44.59,48.3,44.59,47.99,44.39,3.6,8.1099,84885.74,400956.065
688320.SH,20250623,44.36,45.14,43.5,44.39,44.76,-0.37,-0.8266,31140.35,138180.557
688320.SH,20250620,46.0,47.2,44.4,44.76,46.4,-1.64,-3.5345,54177.33,246691.076
688320.SH,20250619,47.21,48.82,46.28,46.4,47.25,-0.85,-1.7989,72568.88,346771.875
688320.SH,20250618,46.3,47.78,44.82,47.25,45.99,1.26,2.7397,55219.93,255580.057
688320.SH,20250617,45.33,47.02,44.71,45.99,45.44,0.55,1.2104,50767.17,233986.123
688320.SH,20250616,45.0,46.6,44.9,45.44,45.65,-0.21,-0.46,32333.96,147769.152
688320.SH,20250613,46.2,47.43,45.33,45.65,46.9,-1.25,-2.6652,48998.05,226664.634
688320.SH,20250612,45.4,48.5,44.56,46.9,45.47,1.43,3.1449,83091.79,388938.368
688320.SH,20250611,46.5,46.5,44.9,45.47,45.69,-0.22,-0.4815,39214.76,178459.269
688320.SH,20250610,46.0,46.6,44.03,45.69,46.27,-0.58,-1.2535,63941.75,289200.835
688320.SH,20250609,44.99,46.79,44.47,46.27,44.45,1.82,4.0945,60354.38,276150.896
688320.SH,20250606,44.5,45.5,42.8,44.45,43.98,0.47,1.0687,62728.61,277567.096
688320.SH,20250605,42.03,44.18,41.23,43.98,42.05,1.93,4.5898,63234.05,271545.541
688320.SH,20250604,42.22,42.5,41.5,42.05,41.92,0.13,0.3101,29587.93,124265.176
688320.SH,20250603,42.23,43.3,41.75,41.92,42.37,-0.45,-1.0621,39926.01,168854.043
688320.SH,20250530,43.21,43.58,42.0,42.37,43.58,-1.21,-2.7765,33039.65,140242.173
688320.SH,20250529,42.79,44.28,42.39,43.58,42.99,0.59,1.3724,37405.44,162184.118
688320.SH,20250528,44.23,44.52,41.69,42.99,43.54,-0.55,-1.2632,52978.67,228135.315
688320.SH,20250527,44.54,44.85,42.81,43.54,44.58,-1.04,-2.3329,41449.78,180734.589
688320.SH,20250526,44.53,45.14,43.56,44.58,44.97,-0.39,-0.8672,36998.65,164844.913
688320.SH,20250523,43.78,46.4,43.19,44.97,43.78,1.19,2.7181,88588.17,399778.72
688320.SH,20250522,44.4,45.45,43.5,43.78,44.65,-0.87,-1.9485,41442.32,184057.866
688320.SH,20250521,45.0,45.62,44.09,44.65,45.13,-0.48,-1.0636,42453.14,189788.058
688320.SH,20250520,46.8,47.1,44.9,45.13,46.72,-1.59,-3.4033,58156.16,264270.24
688320.SH,20250519,48.38,48.54,45.32,46.72,48.3,-1.58,-3.2712,64637.5,300596.599
688320.SH,20250516,45.0,49.5,45.0,48.3,45.46,2.84,6.2473,113436.69,548404.111
688320.SH,20250515,45.51,46.31,45.0,45.46,46.14,-0.68,-1.4738,35380.0,160822.057
688320.SH,20250514,46.94,47.56,45.82,46.14,46.82,-0.68,-1.4524,47111.69,218916.957
688320.SH,20250513,49.08,49.4,46.38,46.82,48.9,-2.08,-4.2536,78597.61,371509.646
688320.SH,20250512,46.85,49.5,46.12,48.9,45.99,2.91,6.3275,104859.77,503483.272
688320.SH,20250509,47.5,48.0,44.8,45.99,48.03,-2.04,-4.2473,101019.99,462453.231
688320.SH,20250508,47.5,50.49,46.69,48.03,46.63,1.4,3.0024,152450.76,742455.487
688320.SH,20250507,47.99,48.5,44.8,46.63,47.27,-0.64,-1.3539,96748.65,448312.905
688320.SH,20250506,46.0,48.5,45.29,47.27,45.46,1.81,3.9815,99592.8,465158.54
688320.SH,20250430,43.77,45.9,43.64,45.46,43.63,1.83,4.1944,88439.32,397594.655
688320.SH,20250429,41.1,44.18,40.6,43.63,41.1,2.53,6.1557,84929.06,366141.039
688320.SH,20250428,40.6,43.37,40.5,41.1,41.85,-0.75,-1.7921,66858.22,281091.472
688320.SH,20250425,40.4,42.42,39.01,41.85,39.82,2.03,5.0979,94319.56,385111.13
688320.SH,20250424,37.5,41.05,37.39,39.82,37.9,1.92,5.066,105519.66,419773.818
688320.SH,20250423,35.59,39.12,35.54,37.9,35.27,2.63,7.4568,74345.78,278305.626
688320.SH,20250422,35.41,36.32,34.74,35.27,35.29,-0.02,-0.0567,34917.9,123942.43
688320.SH,20250421,34.29,35.46,33.65,35.29,34.53,0.76,2.201,40284.29,140422.063
688320.SH,20250418,35.0,35.7,34.44,34.53,35.13,-0.6,-1.7079,24808.77,86236.885
688320.SH,20250417,35.6,36.2,35.02,35.13,35.35,-0.22,-0.6223,21054.17,74852.303
688320.SH,20250416,36.2,36.6,34.84,35.35,36.47,-1.12,-3.071,32557.66,115885.918
688320.SH,20250415,36.6,37.28,35.92,36.47,36.75,-0.28,-0.7619,32181.06,117384.95
688320.SH,20250414,36.8,37.75,36.7,36.75,36.38,0.37,1.017,44848.54,166761.307
688320.SH,20250411,34.27,37.15,34.08,36.38,34.5,1.88,5.4493,71318.64,256810.209
688320.SH,20250410,33.95,36.62,33.2,34.5,32.0,2.5,7.8125,80591.75,281644.005
688320.SH,20250409,29.98,32.32,27.27,32.0,30.73,1.27,4.1328,73643.99,224827.036
688320.SH,20250408,30.68,32.48,29.63,30.73,30.68,0.05,0.163,72340.24,222935.195
688320.SH,20250407,35.0,35.19,30.68,30.68,38.35,-7.67,-20.0,72183.02,234375.556
688320.SH,20250403,39.45,39.94,38.15,38.35,39.83,-1.48,-3.7158,38335.73,149219.105
688320.SH,20250402,39.3,40.98,39.01,39.83,39.25,0.58,1.4777,37730.65,150904.619
688320.SH,20250401,39.66,40.12,39.14,39.25,39.34,-0.09,-0.2288,27965.56,110506.929
688320.SH,20250331,39.75,40.3,37.91,39.34,40.37,-1.03,-2.5514,49481.0,191753.493
688320.SH,20250328,41.73,42.31,40.37,40.37,41.71,-1.34,-3.2127,22767.89,93551.856
688320.SH,20250327,42.08,42.79,41.34,41.71,42.2,-0.49,-1.1611,24294.0,102342.289
688320.SH,20250326,41.01,43.18,41.01,42.2,41.24,0.96,2.3278,28259.64,120259.357
688320.SH,20250325,42.63,43.23,41.06,41.24,42.81,-1.57,-3.6674,32198.23,135621.551
688320.SH,20250324,44.07,44.32,41.63,42.81,44.33,-1.52,-3.4288,46655.48,199213.406
688320.SH,20250321,45.6,45.6,43.96,44.33,46.07,-1.74,-3.7769,55998.44,248131.619
688320.SH,20250320,45.82,46.8,45.23,46.07,45.73,0.34,0.7435,54430.91,250880.775
688320.SH,20250319,46.0,46.4,44.72,45.73,46.03,-0.3,-0.6517,53237.91,242677.033
688320.SH,20250318,46.0,46.69,45.1,46.03,46.0,0.03,0.0652,48959.64,225080.015
688320.SH,20250317,45.46,46.46,44.5,46.0,45.45,0.55,1.2101,54029.03,247409.122
688320.SH,20250314,44.74,46.35,43.51,45.45,44.66,0.79,1.7689,67503.97,302949.666
688320.SH,20250313,48.41,48.46,43.3,44.66,48.9,-4.24,-8.6708,111294.71,503476.651
688320.SH,20250312,47.35,50.18,47.0,48.9,49.1,-0.2,-0.4073,100768.8,486469.367
688320.SH,20250311,48.99,49.96,47.64,49.1,50.18,-1.08,-2.1523,77322.99,375566.619
688320.SH,20250310,49.5,51.8,48.76,50.18,49.0,1.18,2.4082,80719.27,407836.947
688320.SH,20250307,48.65,49.95,47.81,49.0,48.82,0.18,0.3687,59086.54,289277.515
688320.SH,20250306,48.0,50.36,48.0,48.82,48.14,0.68,1.4125,79427.49,392795.454
688320.SH,20250305,45.51,48.43,45.51,48.14,46.45,1.69,3.6383,94714.17,448384.495
688320.SH,20250304,44.0,47.28,43.71,46.45,44.62,1.83,4.1013,83232.84,383245.363
688320.SH,20250303,46.89,47.25,43.7,44.62,46.46,-1.84,-3.9604,95338.82,431710.33
688320.SH,20250228,53.0,53.0,46.46,46.46,54.11,-7.65,-14.1379,145896.96,711474.843
688320.SH,20250227,53.05,54.77,51.0,54.11,53.03,1.08,2.0366,129540.55,687885.697
688320.SH,20250226,54.11,58.88,52.19,53.03,54.91,-1.88,-3.4238,188167.32,1054512.312
688320.SH,20250225,53.99,57.75,53.6,54.91,56.45,-1.54,-2.7281,116682.86,647622.644
688320.SH,20250224,53.6,58.89,52.38,56.45,53.6,2.85,5.3172,187222.41,1043030.17
688320.SH,20250221,51.88,54.3,51.11,53.6,52.4,1.2,2.2901,136633.76,716598.178
688320.SH,20250220,53.0,54.3,51.1,52.4,53.19,-0.79,-1.4852,129579.5,680776.266
688320.SH,20250219,47.62,55.17,47.62,53.19,47.6,5.59,11.7437,177816.65,914800.648
688320.SH,20250218,47.6,49.49,46.2,47.6,48.27,-0.67,-1.388,82214.78,391284.563
688320.SH,20250217,46.94,48.49,45.68,48.27,46.11,2.16,4.6845,77732.24,367761.957
688320.SH,20250214,47.13,48.3,45.5,46.11,48.45,-2.34,-4.8297,90011.51,422217.633
688320.SH,20250213,51.48,51.95,48.01,48.45,52.09,-3.64,-6.9879,102844.77,509234.277
688320.SH,20250212,51.81,53.8,50.4,52.09,52.33,-0.24,-0.4586,114225.18,595457.736
688320.SH,20250211,49.18,52.34,48.78,52.33,49.78,2.55,5.1225,122273.2,621401.654
688320.SH,20250210,48.0,50.78,48.0,49.78,49.78,0.0,0.0,91263.37,450997.536
688320.SH,20250207,49.8,51.08,48.18,49.78,50.4,-0.62,-1.2302,133340.82,662560.42
688320.SH,20250206,46.59,51.08,46.4,50.4,47.22,3.18,6.7344,125705.03,623582.559
688320.SH,20250205,44.86,48.72,44.71,47.22,44.2,3.02,6.8326,107868.63,506120.109
688320.SH,20250127,47.23,47.53,43.6,44.2,47.63,-3.43,-7.2013,99209.84,445449.485
688320.SH,20250124,45.39,48.68,45.03,47.63,46.01,1.62,3.521,137730.46,648919.154
688320.SH,20250123,43.8,48.5,43.6,46.01,43.38,2.63,6.0627,165019.21,772087.541
688320.SH,20250122,45.58,47.25,43.35,43.38,46.37,-2.99,-6.4481,99152.41,445443.015
688320.SH,20250121,44.03,46.45,43.78,46.37,43.84,2.53,5.771,122264.53,555070.735
688320.SH,20250120,44.58,45.7,43.28,43.84,44.97,-1.13,-2.5128,109644.28,483564.361
688320.SH,20250117,45.0,47.28,44.43,44.97,45.82,-0.85,-1.8551,79958.02,364508.439
688320.SH,20250116,47.09,48.88,45.1,45.82,47.32,-1.5,-3.1699,111207.74,522071.009
688320.SH,20250115,46.02,47.92,44.8,47.32,46.48,0.84,1.8072,125755.2,579674.148
688320.SH,20250114,41.47,46.48,41.3,46.48,41.47,5.01,12.081,155120.47,688326.98
688320.SH,20250113,41.98,45.14,40.9,41.47,43.0,-1.53,-3.5581,107101.59,461546.451
688320.SH,20250110,41.98,46.51,41.95,43.0,42.55,0.45,1.0576,145582.27,644242.798
688320.SH,20250109,39.86,44.36,39.5,42.55,40.84,1.71,4.1871,135734.81,567978.827
688160.SH,20260702,126.0,138.88,125.37,134.0,124.0,10.0,8.0645,77478.33,1027930.971
688160.SH,20260701,108.7,126.4,107.56,124.0,108.77,15.23,14.002,69352.23,832483.483
688160.SH,20260630,101.0,109.5,100.6,108.77,100.13,8.64,8.6288,31061.6,328728.768
688160.SH,20260629,100.71,103.65,96.2,100.13,102.9,-2.77,-2.6919,30039.69,299701.22
688160.SH,20260626,107.56,113.59,102.21,102.9,109.33,-6.43,-5.8813,32216.17,344805.212
688160.SH,20260625,114.99,116.35,109.3,109.33,114.84,-5.51,-4.798,30735.79,344249.39
688160.SH,20260624,107.0,117.77,105.63,114.84,108.66,6.18,5.6875,45688.83,512476.207
688160.SH,20260623,108.08,112.61,105.43,108.66,109.03,-0.37,-0.3394,23910.76,260567.821
688160.SH,20260622,113.0,114.08,105.0,109.03,112.09,-3.06,-2.7299,36248.98,394136.375
688160.SH,20260618,109.48,114.2,107.69,112.09,109.3,2.79,2.5526,35160.42,392631.575
688160.SH,20260617,110.5,112.0,109.11,109.3,112.27,-2.97,-2.6454,23850.22,262449.111
688160.SH,20260616,110.72,113.5,109.02,112.27,111.15,1.12,1.0076,26726.97,298057.445
688160.SH,20260615,108.8,111.68,108.27,111.15,108.02,3.13,2.8976,23384.04,257368.063
688160.SH,20260612,109.0,114.3,106.7,108.02,107.0,1.02,0.9533,25730.31,282942.568
688160.SH,20260611,110.73,111.08,105.11,107.0,111.48,-4.48,-4.0187,26801.03,288045.305
688160.SH,20260610,118.0,118.49,110.0,111.48,118.77,-7.29,-6.1379,32240.75,365665.863
688160.SH,20260609,119.99,120.0,114.4,118.77,123.8,-5.03,-4.063,43479.13,508838.397
688160.SH,20260608,116.0,128.28,115.11,123.8,122.0,1.8,1.4754,59343.61,728289.531
688160.SH,20260605,109.0,126.0,104.51,122.0,109.56,12.44,11.3545,59894.72,689169.968
688160.SH,20260604,104.06,111.85,104.03,109.56,106.45,3.11,2.9216,32318.63,353839.657
688160.SH,20260603,104.65,110.87,104.26,106.45,106.32,0.13,0.1223,34292.43,372012.872
688160.SH,20260602,107.88,111.88,105.33,106.32,105.5,0.82,0.7773,32196.79,346887.793
688160.SH,20260601,111.49,111.9,104.36,105.5,110.93,-5.43,-4.895,27982.81,301855.832
688160.SH,20260529,119.75,122.6,108.62,110.93,119.73,-8.8,-7.3499,38469.45,439319.79
688160.SH,20260528,123.59,123.9,117.3,119.73,123.93,-4.2,-3.389,36662.45,439288.901
688160.SH,20260527,132.0,132.66,123.17,123.93,134.53,-10.6,-7.8793,51722.3,657562.568
688160.SH,20260526,142.0,151.89,132.88,134.53,141.45,-6.92,-4.8922,60198.37,859537.767
688160.SH,20260525,140.58,145.0,136.77,141.45,142.0,-0.55,-0.3873,44037.63,615547.254
688160.SH,20260522,137.67,144.32,134.4,142.0,138.69,3.31,2.3866,55272.35,774672.264
688160.SH,20260521,128.96,147.45,127.0,138.69,128.9,9.79,7.595,77688.3,1062627.859
688160.SH,20260520,131.0,131.5,127.77,128.9,133.7,-4.8,-3.5901,38940.63,502607.509
688160.SH,20260519,132.0,138.0,131.52,133.7,128.74,4.96,3.8527,51845.55,695652.021
688160.SH,20260518,125.51,132.96,125.44,128.74,128.0,0.74,0.5781,52570.79,680682.534
688160.SH,20260515,118.24,133.66,117.2,128.0,117.77,10.23,8.6864,59865.68,752374.238
688160.SH,20260514,123.27,126.0,118.01,118.07,121.9,-3.83,-3.1419,33153.34,405697.766
688160.SH,20260513,121.11,122.77,117.88,121.9,123.6,-1.7,-1.3754,29140.1,351117.501
688160.SH,20260512,122.9,128.75,122.03,123.6,120.85,2.75,2.2755,44408.85,554718.478
688160.SH,20260511,121.5,122.28,117.6,120.85,122.31,-1.46,-1.1937,38192.06,459593.035
688160.SH,20260508,117.2,126.88,116.18,122.31,116.8,5.51,4.7175,55163.21,674356.532
688160.SH,20260507,110.85,117.9,109.01,116.8,110.3,6.5,5.893,39377.96,453204.343
688160.SH,20260506,107.75,111.7,107.75,110.3,107.42,2.88,2.6811,22679.86,250267.728
688160.SH,20260430,101.93,108.98,101.93,107.42,102.6,4.82,4.6979,23386.27,249681.867
688160.SH,20260429,100.9,103.75,100.23,102.6,101.4,1.2,1.1834,16023.01,164480.4
688160.SH,20260428,106.0,106.0,100.88,101.4,107.26,-5.86,-5.4634,23063.05,236265.862
688160.SH,20260427,104.2,108.83,103.89,107.26,104.78,2.48,2.3669,20346.4,217736.858
688160.SH,20260424,104.83,106.32,103.5,104.78,105.0,-0.22,-0.2095,15480.4,162496.332
688160.SH,20260423,109.55,109.55,103.32,105.0,109.55,-4.55,-4.1534,23166.99,244295.869
688160.SH,20260422,107.44,110.68,106.04,109.55,108.04,1.51,1.3976,20877.4,226584.937
688160.SH,20260421,107.53,110.5,105.12,108.04,107.89,0.15,0.139,18744.25,201078.395
688160.SH,20260420,110.99,111.0,107.55,107.89,110.1,-2.21,-2.0073,18982.64,205612.44
688160.SH,20260417,108.0,110.98,106.14,110.1,109.0,1.1,1.0092,21042.64,228852.723
688160.SH,20260416,111.28,112.29,107.36,109.0,107.59,1.41,1.3105,23500.14,256594.549
688160.SH,20260415,110.67,112.8,107.17,107.59,109.29,-1.7,-1.5555,22743.0,249883.282
688160.SH,20260414,108.0,109.49,106.01,109.29,106.2,3.09,2.9096,18194.44,196848.763
688160.SH,20260413,106.51,108.5,104.77,106.2,106.81,-0.61,-0.5711,16111.0,171723.524
688160.SH,20260410,106.0,110.92,105.86,106.81,104.9,1.91,1.8208,20414.51,221408.419
688160.SH,20260409,106.54,106.79,104.1,104.9,108.48,-3.58,-3.3001,17603.18,185305.895
688160.SH,20260408,104.8,108.91,104.8,108.48,101.36,7.12,7.0245,22192.17,237555.024
688160.SH,20260407,102.05,103.19,100.6,101.36,102.55,-1.19,-1.1604,10096.07,102904.905
688160.SH,20260403,102.6,105.76,101.35,102.55,102.3,0.25,0.2444,15356.11,159059.98
688160.SH,20260402,105.85,106.31,101.68,102.3,106.96,-4.66,-4.3568,15126.06,156738.932
688160.SH,20260401,105.88,107.43,105.1,106.96,103.8,3.16,3.0443,15334.97,163198.91
688160.SH,20260331,105.51,107.79,103.39,103.8,105.5,-1.7,-1.6114,13494.57,142535.227
688160.SH,20260330,102.51,106.5,102.35,105.5,104.81,0.69,0.6583,11444.51,119904.522
688160.SH,20260327,100.05,105.79,100.05,104.81,103.25,1.56,1.5109,11864.37,123524.002
688160.SH,20260326,104.0,106.6,102.32,103.25,104.76,-1.51,-1.4414,12847.61,134410.491
688160.SH,20260325,101.68,105.6,101.6,104.76,101.64,3.12,3.0697,14779.48,154165.617
688160.SH,20260324,102.91,104.01,98.28,101.64,101.0,0.64,0.6337,14255.88,144019.958
688160.SH,20260323,104.69,109.03,100.01,101.0,105.81,-4.81,-4.5459,20548.5,214079.17
688160.SH,20260320,108.44,110.5,105.64,105.81,108.89,-3.08,-2.8285,11059.01,119264.437
688160.SH,20260319,110.18,111.5,108.28,108.89,112.99,-4.1,-3.6286,10454.75,114586.172
688160.SH,20260318,111.12,112.99,110.0,112.99,111.13,1.86,1.6737,8852.79,98849.473
688160.SH,20260317,115.49,115.49,111.04,111.13,114.4,-3.27,-2.8584,7309.9,82701.095
688160.SH,20260316,113.34,114.7,112.02,114.4,113.9,0.5,0.439,8730.62,99130.832
688160.SH,20260313,114.46,116.46,113.41,113.9,115.68,-1.78,-1.5387,9117.13,104746.793
688160.SH,20260312,117.08,118.53,115.3,115.68,117.99,-2.31,-1.9578,10622.2,123826.789
688160.SH,20260311,118.2,120.74,117.75,117.99,119.2,-1.21,-1.0151,13994.75,166364.882
688160.SH,20260310,117.0,120.48,115.43,119.2,114.35,4.85,4.2414,19805.83,234078.084
688160.SH,20260309,112.22,115.13,109.31,114.35,115.87,-1.52,-1.3118,14216.52,159559.644
688160.SH,20260306,115.2,116.88,113.8,115.87,115.2,0.67,0.5816,9250.25,106971.019
688160.SH,20260305,117.0,117.68,113.41,115.2,114.7,0.5,0.4359,13996.86,161501.695
688160.SH,20260304,113.0,117.68,112.89,114.7,115.25,-0.55,-0.4772,14461.27,166808.512
688160.SH,20260303,120.9,124.87,115.0,115.25,121.51,-6.26,-5.1518,20450.92,242886.538
688160.SH,20260302,122.0,125.0,120.66,121.51,125.3,-3.79,-3.0247,18234.85,222710.491
688160.SH,20260227,123.79,126.3,122.68,125.3,124.69,0.61,0.4892,12527.99,156597.682
688160.SH,20260226,125.0,125.96,122.45,124.69,124.19,0.5,0.4026,14417.84,179646.457
688160.SH,20260225,122.1,124.88,120.02,124.19,122.16,2.03,1.6618,22618.19,277217.891
688160.SH,20260224,134.9,135.01,121.24,122.16,130.45,-8.29,-6.3549,34073.08,423125.682
688160.SH,20260213,129.6,131.86,128.5,130.45,130.31,0.14,0.1074,18518.15,241825.887
688160.SH,20260212,129.0,132.0,128.0,130.31,128.48,1.83,1.4243,16616.22,216801.216
688160.SH,20260211,129.7,129.9,127.65,128.48,129.93,-1.45,-1.116,16083.85,206763.302
688160.SH,20260210,130.0,132.97,128.0,129.93,130.6,-0.67,-0.513,29352.81,382756.777
688160.SH,20260209,131.93,131.99,128.39,130.6,129.8,0.8,0.6163,23887.67,310526.02
688160.SH,20260206,125.6,133.79,123.63,129.8,125.62,4.18,3.3275,39004.85,506364.482
688160.SH,20260205,128.1,129.1,125.21,125.62,130.0,-4.38,-3.3692,15597.15,197348.315
688160.SH,20260204,130.99,132.5,128.06,130.0,131.85,-1.85,-1.4031,20260.89,263245.251
688160.SH,20260203,127.56,132.45,125.98,131.85,125.52,6.33,5.043,28711.1,374962.66
688160.SH,20260202,130.01,133.44,125.0,125.52,130.45,-4.93,-3.7792,31820.27,411439.391
688160.SH,20260130,132.3,134.55,126.16,130.45,130.0,0.45,0.3462,33139.87,432785.722
688160.SH,20260129,135.17,136.58,130.0,130.0,135.17,-5.17,-3.8248,22195.64,294842.17
688160.SH,20260128,138.54,139.71,133.4,135.17,139.01,-3.84,-2.7624,21588.74,292703.396
688160.SH,20260127,135.0,139.8,131.8,139.01,134.7,4.31,3.1997,31442.64,428042.818
688160.SH,20260126,147.33,150.38,134.68,134.7,147.39,-12.69,-8.6098,44686.23,620108.623
688160.SH,20260123,144.48,151.86,142.0,147.39,143.7,3.69,2.5678,40363.17,592950.609
688160.SH,20260122,142.88,147.5,140.6,143.7,143.04,0.66,0.4614,29874.14,429787.022
688160.SH,20260121,144.0,148.88,139.07,143.04,148.99,-5.95,-3.9936,49813.4,710107.949
688160.SH,20260120,156.2,160.0,147.46,148.99,159.98,-10.99,-6.8696,38105.75,581950.875
688160.SH,20260119,155.0,163.98,150.1,159.98,155.62,4.36,2.8017,42598.03,670078.104
688160.SH,20260116,145.3,161.88,144.0,155.62,145.28,10.34,7.1173,50346.73,770110.272
688160.SH,20260115,146.18,149.49,142.9,145.28,150.0,-4.72,-3.1467,26770.88,388319.278
688160.SH,20260114,156.07,166.44,145.0,150.0,162.5,-12.5,-7.6923,54584.74,845186.721
688160.SH,20260113,144.0,172.0,141.54,162.5,147.45,15.05,10.2068,61060.74,973867.223
688160.SH,20260112,144.94,158.0,137.8,147.45,147.13,0.32,0.2175,55720.37,819691.258
688160.SH,20260109,138.43,149.03,136.0,147.13,139.15,7.98,5.7348,54836.33,790402.907
688160.SH,20260108,138.08,143.3,137.08,139.15,140.0,-0.85,-0.6071,32330.76,451345.86
688160.SH,20260107,137.0,142.8,136.36,140.0,144.1,-4.1,-2.8452,36298.81,508404.539
688160.SH,20260106,149.0,149.48,140.03,144.1,147.0,-2.9,-1.9728,49216.98,706046.802
688160.SH,20260105,146.55,149.97,142.23,147.0,152.5,-5.5,-3.6066,65832.98,955279.219
688160.SH,20251231,149.93,163.88,145.99,152.5,145.99,6.51,4.4592,83939.7,1276997.493
688160.SH,20251230,120.9,145.99,118.01,145.99,121.66,24.33,19.9984,60129.68,805264.931
688160.SH,20251229,101.38,121.66,101.01,121.66,101.38,20.28,20.0039,52065.58,585829.564
688160.SH,20251226,102.96,106.25,99.5,101.38,102.98,-1.6,-1.5537,21368.54,218411.463
688160.SH,20251225,98.0,104.8,96.18,102.98,96.65,6.33,6.5494,27016.22,273291.024
688160.SH,20251224,96.0,97.99,95.4,96.65,96.34,0.31,0.3218,10533.31,101622.184
688160.SH,20251223,100.0,100.01,95.8,96.34,100.0,-3.66,-3.66,15722.3,153385.893
688160.SH,20251222,96.42,101.65,95.81,100.0,94.82,5.18,5.463,27594.52,273252.514
688160.SH,20251219,97.37,97.98,94.68,94.82,95.13,-0.31,-0.3259,13184.7,126973.234
688160.SH,20251218,97.15,98.75,95.05,95.13,97.92,-2.79,-2.8493,11929.76,115694.457
688160.SH,20251217,95.72,98.98,95.72,97.92,96.91,1.01,1.0422,13066.14,127025.279
688160.SH,20251216,101.0,101.5,95.83,96.91,100.68,-3.77,-3.7445,15034.39,146820.279
688160.SH,20251215,101.86,104.33,100.38,100.68,103.55,-2.87,-2.7716,12658.62,128753.433
688160.SH,20251212,104.8,105.97,101.79,103.55,104.61,-1.06,-1.0133,18596.74,193276.377
688160.SH,20251211,107.48,108.5,103.99,104.61,108.5,-3.89,-3.5853,18412.09,193806.721
688160.SH,20251210,105.25,108.5,103.33,108.5,105.08,3.42,3.2547,26654.37,282456.023
688160.SH,20251209,105.11,106.84,104.25,105.08,108.78,-3.7,-3.4014,21710.4,228798.406
688160.SH,20251208,106.0,109.0,103.45,108.78,107.88,0.9,0.8343,37414.43,397201.716
688160.SH,20251205,97.75,114.44,96.11,107.88,96.16,11.72,12.188,59321.93,630063.428
688160.SH,20251204,95.0,99.45,91.4,96.16,91.16,5.0,5.4849,36120.68,343561.056
688160.SH,20251203,94.02,95.11,90.66,91.16,94.19,-3.03,-3.2169,12652.38,116675.575
688160.SH,20251202,95.53,96.88,93.23,94.19,96.25,-2.06,-2.1403,10334.82,97600.125
688160.SH,20251201,98.5,98.58,95.39,96.25,98.81,-2.56,-2.5908,19392.32,187687.007
688160.SH,20251128,87.96,99.53,87.04,98.81,87.95,10.86,12.3479,39046.55,372724.486
688160.SH,20251127,87.13,90.0,87.12,87.95,88.0,-0.05,-0.0568,8762.5,77357.63
688160.SH,20251126,86.42,90.23,85.48,88.0,86.91,1.09,1.2542,15698.38,138231.684
688160.SH,20251125,84.51,89.4,84.51,86.91,84.42,2.49,2.9495,16802.27,146165.036
688160.SH,20251124,83.7,85.77,82.36,84.42,84.0,0.42,0.5,11323.19,95327.61
688160.SH,20251121,81.98,86.64,81.98,84.0,83.74,0.26,0.3105,19269.81,162976.52
688160.SH,20251120,86.22,87.0,83.29,83.74,85.54,-1.8,-2.1043,9403.93,79145.131
688160.SH,20251119,87.18,87.95,85.0,85.54,87.15,-1.61,-1.8474,9028.61,77822.504
688160.SH,20251118,88.08,88.48,86.8,87.15,88.26,-1.11,-1.2576,8432.73,73910.915
688160.SH,20251117,87.7,88.89,86.65,88.26,87.7,0.56,0.6385,11061.12,97262.952
688160.SH,20251114,90.15,90.6,87.68,87.7,91.58,-3.88,-4.2367,10500.05,93297.581
688160.SH,20251113,92.8,93.8,90.7,91.58,93.16,-1.58,-1.696,15337.13,141027.079
688160.SH,20251112,94.49,97.72,92.63,93.16,94.02,-0.86,-0.9147,20244.15,192493.167
688160.SH,20251111,92.22,96.29,91.88,94.02,92.09,1.93,2.0958,19571.72,183700.201
688160.SH,20251110,94.45,95.97,91.5,92.09,95.0,-2.91,-3.0632,11211.33,104364.206
688160.SH,20251107,98.97,98.97,94.53,95.0,99.73,-4.73,-4.7428,15845.11,151952.521
688160.SH,20251106,97.97,102.2,96.54,99.73,97.81,1.92,1.963,22512.72,224341.03
688160.SH,20251105,94.0,99.68,93.66,97.81,95.99,1.82,1.896,23891.87,232798.471
688160.SH,20251104,97.8,98.49,94.2,95.99,97.61,-1.62,-1.6597,20890.89,200319.173
688160.SH,20251103,104.0,104.98,95.89,97.61,102.92,-5.31,-5.1593,36839.32,363950.172
688160.SH,20251031,100.29,104.5,99.0,102.92,101.31,1.61,1.5892,43565.27,445553.839
688160.SH,20251030,91.93,104.55,91.93,101.31,88.79,12.52,14.1007,67324.02,665494.788
688160.SH,20251029,87.41,88.96,86.7,88.79,88.2,0.59,0.6689,11976.5,105058.963
688160.SH,20251028,86.25,88.4,85.1,88.2,85.88,2.32,2.7014,16224.4,141112.001
688160.SH,20251027,86.51,87.88,85.14,85.88,85.4,0.48,0.5621,10661.9,92047.969
688160.SH,20251024,84.0,85.94,83.33,85.4,83.3,2.1,2.521,9778.15,83058.538
688160.SH,20251023,84.02,84.1,81.79,83.3,84.39,-1.09,-1.2916,8302.08,68780.673
688160.SH,20251022,84.28,86.38,83.68,84.39,84.87,-0.48,-0.5656,11297.55,95821.866
688160.SH,20251021,84.0,85.29,83.12,84.87,83.52,1.35,1.6164,8795.98,74230.415
688160.SH,20251020,82.84,85.39,82.36,83.52,81.97,1.55,1.8909,11036.08,92643.04
688160.SH,20251017,85.43,86.0,81.91,81.97,85.33,-3.36,-3.9377,11444.5,95787.307
688160.SH,20251016,86.54,87.41,85.0,85.33,87.55,-2.22,-2.5357,10153.82,87307.977
688160.SH,20251015,85.04,88.33,84.2,87.55,84.56,2.99,3.536,18393.15,159468.95
688160.SH,20251014,89.86,90.48,84.0,84.56,89.5,-4.94,-5.5196,17878.07,155446.201
688160.SH,20251013,89.85,91.5,87.0,89.5,95.31,-5.81,-6.0959,24274.09,216794.999
688160.SH,20251010,99.51,100.64,95.01,95.31,100.7,-5.39,-5.3525,20865.3,203068.936
688160.SH,20251009,103.55,105.11,100.0,100.7,103.55,-2.85,-2.7523,20922.6,212870.77
688160.SH,20250930,102.76,105.38,101.44,103.55,102.8,0.75,0.7296,19598.93,201953.243
688160.SH,20250929,100.72,104.0,100.67,102.8,100.31,2.49,2.4823,19184.47,196789.783
688160.SH,20250926,104.99,105.68,100.11,100.31,104.9,-4.59,-4.3756,20406.64,209234.856
688160.SH,20250925,105.01,107.88,104.8,104.9,109.1,-4.2,-3.8497,28385.01,300741.347
688160.SH,20250924,95.0,110.77,93.85,109.1,95.64,13.46,14.0736,48202.88,498345.182
688160.SH,20250923,97.71,99.33,93.12,95.64,97.54,-1.9,-1.9479,20477.34,195682.443
688160.SH,20250922,95.48,99.96,94.77,97.54,95.33,2.21,2.3183,21481.77,210318.97
688160.SH,20250919,101.0,102.38,94.68,95.33,101.38,-6.05,-5.9676,33255.31,324234.019
688160.SH,20250918,104.04,107.0,99.27,101.38,104.56,-3.18,-3.0413,45719.82,475629.578
688160.SH,20250917,102.99,106.93,101.1,104.56,102.78,1.78,1.7319,48016.27,502334.719
688160.SH,20250916,91.27,105.0,90.83,102.78,91.18,11.6,12.7221,57441.56,566213.051
688160.SH,20250915,89.0,94.22,88.36,91.18,89.6,1.58,1.7634,27851.28,256591.78
688160.SH,20250912,90.69,92.49,89.41,89.6,90.77,-1.17,-1.289,19316.19,175347.599
688160.SH,20250911,88.11,91.0,87.07,90.77,89.0,1.77,1.9888,19513.63,174921.108
688160.SH,20250910,91.57,92.5,88.6,89.0,92.1,-3.1,-3.3659,16843.1,152063.086
688160.SH,20250909,89.3,92.88,87.51,92.1,90.06,2.04,2.2652,31039.83,281948.415
688160.SH,20250908,86.95,91.79,86.2,90.06,86.11,3.95,4.5872,25072.82,225822.803
688160.SH,20250905,83.65,86.3,83.3,86.11,83.76,2.35,2.8056,13508.46,115211.698
688160.SH,20250904,89.21,90.0,82.1,83.76,89.2,-5.44,-6.0987,23345.27,200768.847
688160.SH,20250903,93.61,94.49,88.68,89.2,93.75,-4.55,-4.8533,21227.26,193028.882
688160.SH,20250902,92.72,96.18,86.11,93.75,90.3,3.45,3.8206,40628.94,370874.484
688160.SH,20250901,88.9,92.29,88.0,90.3,89.21,1.09,1.2218,20247.36,181850.098
688160.SH,20250829,89.81,91.61,87.8,89.21,89.81,-0.6,-0.6681,20171.62,180780.042
688160.SH,20250828,91.05,91.13,86.01,89.81,91.02,-1.21,-1.3294,28431.75,250980.448
688160.SH,20250827,94.0,96.35,90.99,91.02,93.88,-2.86,-3.0464,25984.66,244515.026
688160.SH,20250826,97.38,97.4,93.2,93.88,97.67,-3.79,-3.8804,23100.95,217541.627
688160.SH,20250825,95.88,99.98,95.87,97.67,94.86,2.81,2.9623,26783.08,261965.376
688160.SH,20250822,93.0,95.88,91.84,94.86,92.9,1.96,2.1098,24849.73,234543.261
688160.SH,20250821,94.52,96.89,92.33,92.9,95.47,-2.57,-2.6919,19651.81,185212.599
688160.SH,20250820,97.49,97.49,92.8,95.47,97.59,-2.12,-2.1724,21351.59,202119.729
688160.SH,20250819,95.6,99.83,93.12,97.59,95.24,2.35,2.4675,27778.62,269378.13
688160.SH,20250818,93.7,96.67,93.7,95.24,93.55,1.69,1.8065,19168.47,183267.711
688160.SH,20250815,92.8,94.11,91.52,93.55,93.0,0.55,0.5914,19375.53,179639.991
688160.SH,20250814,95.84,96.4,91.67,93.0,95.11,-2.11,-2.2185,12582.17,118087.762
688160.SH,20250813,93.94,95.8,93.24,95.11,93.91,1.2,1.2778,10845.28,102720.537
688160.SH,20250812,93.4,94.71,92.12,93.91,93.76,0.15,0.16,9626.44,89820.21
688160.SH,20250811,94.0,95.28,93.05,93.76,94.3,-0.54,-0.5726,16114.14,151275.17
688160.SH,20250808,97.44,97.44,94.0,94.3,97.97,-3.67,-3.746,11850.81,112687.681
688160.SH,20250807,100.5,100.5,97.12,97.97,100.5,-2.53,-2.5174,13664.74,134206.534
688160.SH,20250806,97.51,101.95,95.61,100.5,96.47,4.03,4.1775,23501.1,232921.715
688160.SH,20250805,98.0,98.85,95.58,96.47,98.85,-2.38,-2.4077,14932.82,144614.012
688160.SH,20250804,92.72,99.31,92.48,98.85,93.6,5.25,5.609,14993.7,144533.849
688160.SH,20250801,94.78,96.06,92.66,93.6,95.2,-1.6,-1.6807,11623.1,108949.056
688160.SH,20250731,93.76,98.6,93.76,95.2,94.2,1.0,1.0616,12458.7,119943.832
688160.SH,20250730,97.21,97.21,93.55,94.2,96.8,-2.6,-2.686,12096.78,114813.898
688160.SH,20250729,97.0,98.61,96.1,96.8,97.2,-0.4,-0.4115,11715.07,113881.127
688160.SH,20250728,100.0,101.13,96.55,97.2,99.41,-2.21,-2.2231,12842.27,125365.222
688160.SH,20250725,96.8,99.99,95.83,99.41,96.8,2.61,2.6963,14116.54,138904.078
688160.SH,20250724,95.55,98.31,95.32,96.8,95.88,0.92,0.9595,7478.07,72497.496
688160.SH,20250723,96.88,97.77,95.1,95.88,98.3,-2.42,-2.4619,11362.49,109510.479
688160.SH,20250722,98.85,102.51,96.56,98.3,100.18,-1.88,-1.8766,18232.54,179537.942
688160.SH,20250721,98.8,103.8,96.88,100.18,96.55,3.63,3.7597,20355.23,204058.343
688160.SH,20250718,96.11,97.39,94.8,96.55,96.06,0.49,0.5101,14437.96,138708.117
688160.SH,20250717,97.12,98.49,94.97,96.06,96.61,-0.55,-0.5693,19551.09,188029.164
688160.SH,20250716,93.35,99.6,91.0,96.61,91.83,4.78,5.2053,29857.89,287258.974
688160.SH,20250715,93.0,95.02,91.07,91.83,93.51,-1.68,-1.7966,24698.11,229339.261
688160.SH,20250714,85.74,94.48,83.77,93.51,83.85,9.66,11.5206,39797.6,357405.044
688160.SH,20250711,81.41,85.8,81.41,83.85,82.12,1.73,2.1067,14497.96,121347.795
688160.SH,20250710,82.26,82.96,81.0,82.12,83.0,-0.88,-1.0602,10156.23,83019.341
688160.SH,20250709,84.89,89.22,83.0,83.0,81.94,1.06,1.2936,23903.42,205367.675
688160.SH,20250708,80.6,82.97,79.72,81.94,79.91,2.03,2.5404,10554.43,86127.136
688160.SH,20250707,82.41,82.55,79.54,79.91,82.41,-2.5,-3.0336,12199.83,98136.674
688160.SH,20250704,85.81,86.66,82.31,82.41,85.81,-3.4,-3.9622,15924.85,131977.531
688160.SH,20250703,84.16,91.98,83.1,85.81,85.05,0.76,0.8936,25394.28,224147.346
688160.SH,20250702,84.35,85.97,81.54,85.05,84.7,0.35,0.4132,11805.33,97851.786
688160.SH,20250701,85.61,87.16,84.69,84.7,85.7,-1.0,-1.1669,8925.04,76587.621
688160.SH,20250630,85.04,86.86,84.52,85.7,84.77,0.93,1.0971,7234.61,61990.439
688160.SH,20250627,86.0,86.02,84.2,84.77,85.52,-0.75,-0.877,7919.4,67306.289
688160.SH,20250626,86.39,88.77,85.3,85.52,86.71,-1.19,-1.3724,12853.25,111624.886
688160.SH,20250625,84.9,88.0,84.8,86.71,84.83,1.88,2.2162,17946.02,154971.341
688160.SH,20250624,81.03,86.6,79.99,84.83,80.01,4.82,6.0242,19922.32,167928.615
688160.SH,20250623,78.54,80.7,78.01,80.01,79.61,0.4,0.5024,6914.2,55193.116
688160.SH,20250620,83.36,83.37,79.0,79.61,82.85,-3.24,-3.9107,11501.82,92354.141
688160.SH,20250619,81.5,85.1,81.25,82.85,81.78,1.07,1.3084,18423.4,153886.596
688160.SH,20250618,79.92,82.34,79.3,81.78,80.45,1.33,1.6532,10239.91,82781.751
688160.SH,20250617,82.16,83.17,80.11,80.45,82.82,-2.37,-2.8616,11953.74,97037.372
688160.SH,20250616,85.5,86.0,82.18,82.82,86.0,-3.18,-3.6977,19095.72,158860.873
688160.SH,20250613,86.23,87.16,85.38,86.0,86.9,-0.9,-1.0357,7759.82,66881.307
688160.SH,20250612,85.56,87.66,85.11,86.9,85.9,1.0,1.1641,7804.19,67705.318
688160.SH,20250611,85.01,87.49,84.61,85.9,85.17,0.73,0.8571,8794.11,75901.729
688160.SH,20250610,88.44,89.18,82.73,85.17,88.3,-3.13,-3.5447,17149.58,145796.57
688160.SH,20250609,88.99,90.6,87.6,88.3,89.38,-1.08,-1.2083,11173.31,99626.976
688160.SH,20250606,89.86,90.44,87.29,89.38,90.6,-1.22,-1.3466,15815.5,140554.681
688160.SH,20250605,83.05,92.0,82.28,90.6,83.55,7.05,8.4381,26538.94,233224.885
688160.SH,20250604,83.42,85.17,82.78,83.55,83.23,0.32,0.3845,8886.27,74508.025
688160.SH,20250603,81.92,84.5,81.64,83.23,83.23,0.0,0.0,9257.4,77130.058
688160.SH,20250530,87.39,87.44,82.58,83.23,86.48,-3.25,-3.7581,10497.84,88232.648
688160.SH,20250529,85.3,86.96,84.94,86.78,85.3,1.48,1.7351,12142.31,104374.141
688160.SH,20250528,86.0,87.49,84.8,85.3,86.0,-0.7,-0.814,10585.18,91135.008
688160.SH,20250527,88.58,89.0,85.79,86.0,88.31,-2.31,-2.6158,10886.17,94486.655
688160.SH,20250526,90.23,90.23,86.31,88.31,89.34,-1.03,-1.1529,14989.98,131306.931
688160.SH,20250523,89.91,92.9,89.15,89.34,89.82,-0.48,-0.5344,14225.51,129343.47
688160.SH,20250522,92.9,93.8,89.73,89.82,92.25,-2.43,-2.6341,11904.97,108476.649
688160.SH,20250521,92.54,93.9,90.8,92.25,92.8,-0.55,-0.5927,8782.3,80956.088
688160.SH,20250520,93.0,94.41,91.46,92.8,92.8,0.0,0.0,8583.36,79819.201
688160.SH,20250519,93.77,94.5,89.56,92.8,93.68,-0.88,-0.9394,16756.53,153917.138
688160.SH,20250516,95.71,98.95,93.38,93.68,96.67,-2.99,-3.093,16750.14,160657.193
688160.SH,20250515,96.92,98.5,93.95,96.67,96.95,-0.28,-0.2888,13959.97,134566.18
688160.SH,20250514,101.38,103.39,96.0,96.95,99.62,-2.67,-2.6802,14863.24,146616.718
688160.SH,20250513,103.9,104.49,99.5,99.62,102.85,-3.23,-3.1405,11684.09,118611.849
688160.SH,20250512,100.87,103.69,99.95,102.85,99.66,3.19,3.2009,15984.74,162432.778
688160.SH,20250509,102.98,102.98,98.7,99.66,102.99,-3.33,-3.2333,13140.39,131102.883
688160.SH,20250508,103.42,105.5,101.08,102.99,103.9,-0.91,-0.8758,13426.57,138194.721
688160.SH,20250507,108.82,111.0,101.79,103.9,105.82,-1.92,-1.8144,22457.79,238195.146
688160.SH,20250506,105.8,107.88,103.35,105.82,104.35,1.47,1.4087,16357.05,172996.801
688160.SH,20250430,100.49,106.39,99.5,104.35,99.5,4.85,4.8744,18194.73,188697.286
688160.SH,20250429,98.8,101.18,97.5,99.5,99.28,0.22,0.2216,12044.58,119847.194
688160.SH,20250428,102.0,102.0,98.61,99.28,101.47,-2.19,-2.1583,11790.42,117759.14
688160.SH,20250425,105.61,106.2,101.32,101.47,104.35,-2.88,-2.7599,14568.88,149762.453
688160.SH,20250424,109.58,109.88,103.51,104.35,108.65,-4.3,-3.9577,15884.54,169079.444
688160.SH,20250423,98.79,109.4,98.71,108.65,97.78,10.87,11.1168,28337.59,295728.279
688160.SH,20250422,98.49,101.52,97.2,97.78,99.11,-1.33,-1.3419,11799.51,116611.348
688160.SH,20250421,97.6,101.5,95.0,99.11,97.91,1.2,1.2256,16988.94,167763.507
688160.SH,20250418,99.74,101.69,97.01,97.91,99.0,-1.09,-1.101,12050.28,119167.099
688160.SH,20250417,102.27,103.51,98.67,99.0,102.27,-3.27,-3.1974,17360.92,175079.082
688160.SH,20250416,103.5,105.4,101.58,102.27,104.88,-2.61,-2.4886,16392.66,169312.299
688160.SH,20250415,98.8,108.0,97.55,104.88,98.57,6.31,6.4015,25218.56,259423.4
688160.SH,20250414,93.71,100.22,92.63,98.57,91.81,6.76,7.363,24419.54,237207.562
688160.SH,20250411,82.13,94.38,81.89,91.81,83.8,8.01,9.5585,30738.97,275586.918
688160.SH,20250410,78.99,86.98,78.0,83.8,74.7,9.1,12.1821,30487.67,254722.221
688160.SH,20250409,70.86,75.2,64.0,74.7,72.14,2.56,3.5487,29752.78,211157.314
688160.SH,20250408,77.25,78.05,69.3,72.14,76.46,-4.32,-5.65,35586.07,259148.279
688160.SH,20250407,86.34,90.2,76.46,76.46,95.58,-19.12,-20.0042,20846.73,170099.042
688160.SH,20250403,95.0,99.18,95.0,95.58,95.61,-0.03,-0.0314,16670.16,161780.475
688160.SH,20250402,91.51,96.85,91.31,95.61,91.45,4.16,4.5489,17060.57,161684.498
688160.SH,20250401,94.79,94.79,90.97,91.45,93.11,-1.66,-1.7828,10581.19,98085.012
688160.SH,20250331,90.5,93.44,89.1,93.11,92.96,0.15,0.1614,16665.06,151879.489
688160.SH,20250328,95.0,96.69,92.81,92.96,95.32,-2.36,-2.4759,11387.0,107026.18
688160.SH,20250327,96.89,98.58,94.0,95.32,96.6,-1.28,-1.3251,9403.68,90436.979
688160.SH,20250326,95.0,99.24,94.94,96.6,96.32,0.28,0.2907,12556.62,122581.901
688160.SH,20250325,97.05,99.66,95.84,96.32,96.0,0.32,0.3333,21883.91,213985.639
688160.SH,20250324,98.0,98.77,92.52,96.0,98.2,-2.2,-2.2403,22728.84,215907.677
688160.SH,20250321,105.59,105.59,98.2,98.2,105.7,-7.5,-7.0956,23662.48,238896.639
688160.SH,20250320,108.0,112.19,104.5,105.7,110.53,-4.83,-4.3699,19455.98,208876.558
688160.SH,20250319,110.05,114.5,106.52,110.53,109.95,0.58,0.5275,20160.66,223875.221
688160.SH,20250318,112.6,113.98,109.0,109.95,113.08,-3.13,-2.768,17136.56,189801.213
688160.SH,20250317,113.9,114.86,109.01,113.08,115.47,-2.39,-2.0698,21048.36,236509.254
688160.SH,20250314,108.0,117.33,105.0,115.47,109.69,5.78,5.2694,33873.29,378777.625
688160.SH,20250313,113.0,116.0,104.44,109.69,113.39,-3.7,-3.2631,38733.68,423629.657
688160.SH,20250312,107.0,121.9,104.5,113.39,107.1,6.29,5.873,46107.62,527581.849
688160.SH,20250311,102.0,111.01,100.93,107.1,105.1,2.0,1.9029,45051.87,476482.809
688160.SH,20250310,106.08,112.0,101.81,105.1,97.6,7.5,7.6844,53758.34,570823.902
688160.SH,20250307,95.0,98.2,94.2,97.6,96.21,1.39,1.4448,30814.25,297518.982
688160.SH,20250306,98.51,99.5,95.49,96.21,98.06,-1.85,-1.8866,27635.47,267618.927
688160.SH,20250305,99.0,101.48,95.8,98.06,99.08,-1.02,-1.0295,25936.24,254510.842
688160.SH,20250304,92.01,102.0,91.01,99.08,94.0,5.08,5.4043,28164.5,277016.159
688160.SH,20250303,92.05,98.34,87.23,94.0,92.79,1.21,1.304,27790.57,258337.389
688160.SH,20250228,102.91,104.96,92.5,92.79,105.88,-13.09,-12.3631,44177.01,426654.476
688160.SH,20250227,95.84,105.88,95.6,105.88,96.85,9.03,9.3237,39033.25,391475.26
688160.SH,20250226,94.0,103.86,93.16,96.85,94.5,2.35,2.4868,42535.11,419331.256
688160.SH,20250225,90.0,98.8,90.0,94.5,92.88,1.62,1.7442,32419.67,303806.794
688160.SH,20250224,90.48,99.99,84.55,92.88,89.5,3.38,3.7765,41109.83,379878.608
688160.SH,20250221,89.5,92.0,85.87,89.5,88.82,0.68,0.7656,35489.35,312246.44
688160.SH,20250220,86.1,91.83,84.88,88.82,87.54,1.28,1.4622,39357.11,345769.665
688160.SH,20250219,80.58,88.15,80.36,87.54,80.5,7.04,8.7453,42757.77,366638.704
688160.SH,20250218,81.63,84.3,80.0,80.5,82.8,-2.3,-2.7778,26378.79,216726.929
688160.SH,20250217,80.0,83.0,78.21,82.8,78.8,4.0,5.0761,26354.24,214936.215
688160.SH,20250214,80.8,82.06,78.0,78.8,81.78,-2.98,-3.6439,25851.28,206338.689
688160.SH,20250213,84.3,86.78,81.0,81.78,86.15,-4.37,-5.0725,28950.81,241392.657
688160.SH,20250212,80.0,87.58,79.73,86.15,83.02,3.13,3.7702,36583.63,306102.698
688160.SH,20250211,83.36,90.3,82.2,83.02,84.2,-1.18,-1.4014,39697.29,340607.28
688160.SH,20250210,77.5,85.0,76.01,84.2,79.41,4.79,6.032,44489.85,357595.898
688160.SH,20250207,82.04,82.53,76.49,79.41,82.04,-2.63,-3.2058,47176.57,376254.052
688160.SH,20250206,75.55,84.87,75.05,82.04,77.04,5.0,6.4901,44325.31,359040.187
688160.SH,20250205,77.02,80.5,75.87,77.04,75.81,1.23,1.6225,40868.85,317377.577
688160.SH,20250127,79.16,79.5,75.1,75.81,79.74,-3.93,-4.9285,34570.79,264593.566
688160.SH,20250124,79.5,81.3,76.63,79.74,80.6,-0.86,-1.067,51984.54,409965.803
688160.SH,20250123,72.0,85.21,72.0,80.6,71.01,9.59,13.5051,75355.08,612585.277
688160.SH,20250122,67.96,73.89,67.18,71.01,68.3,2.71,3.9678,48192.79,341817.073
688160.SH,20250121,67.0,68.74,66.44,68.3,66.66,1.64,2.4602,30821.63,208642.326
688160.SH,20250120,68.0,69.39,66.08,66.66,67.5,-0.84,-1.2444,27794.3,187367.794
688160.SH,20250117,64.58,71.3,64.5,67.5,64.98,2.52,3.8781,45283.38,311474.138
688160.SH,20250116,65.02,68.88,63.2,64.98,66.18,-1.2,-1.8132,44243.54,291146.978
688160.SH,20250115,64.71,66.66,63.58,66.18,67.06,-0.88,-1.3123,40532.57,263144.24
688160.SH,20250114,60.24,67.78,59.98,67.06,60.84,6.22,10.2235,49518.11,321162.656
688160.SH,20250113,60.0,63.4,59.07,60.84,61.7,-0.86,-1.3938,36209.92,221649.356
688160.SH,20250110,58.98,64.99,58.98,61.7,60.0,1.7,2.8333,46173.26,288584.163
688160.SH,20250109,55.22,61.17,55.07,60.0,56.08,3.92,6.99,43310.15,254439.075
300124.SZ,20260702,67.47,71.79,67.31,68.4,68.2,0.2,0.2933,703357.81,4911106.91119
300124.SZ,20260701,66.4,69.38,65.74,68.2,66.33,1.87,2.8192,472080.45,3209138.99731
300124.SZ,20260630,66.53,67.28,64.39,66.33,65.23,1.1,1.6863,423349.35,2797331.6372
300124.SZ,20260629,62.98,65.97,62.01,65.23,63.28,1.95,3.0815,482978.32,3074732.0362
300124.SZ,20260626,66.4,66.75,63.13,63.28,66.84,-3.56,-5.3262,430687.9,2769738.95428
300124.SZ,20260625,66.66,70.32,66.42,66.84,66.31,0.53,0.7993,517111.85,3529842.07735
300124.SZ,20260624,66.64,67.49,65.74,66.31,66.82,-0.51,-0.7632,309215.33,2057741.82567
300124.SZ,20260623,68.3,68.8,66.57,66.82,68.95,-2.13,-3.0892,364750.62,2462103.04699
300124.SZ,20260622,71.25,71.4,66.83,68.95,71.18,-2.23,-3.1329,509941.23,3499825.98893
300124.SZ,20260618,69.58,72.36,69.25,71.18,69.75,1.43,2.0502,390187.73,2763086.83008
300124.SZ,20260617,69.35,69.81,68.18,69.75,70.24,-0.49,-0.6976,307406.16,2115825.44506
300124.SZ,20260616,69.3,72.21,69.02,70.24,69.3,0.94,1.3564,333738.25,2359469.90736
300124.SZ,20260615,69.0,69.77,68.01,69.3,67.16,2.14,3.1864,341893.6,2362496.63581
300124.SZ,20260612,69.5,70.66,67.16,67.16,69.21,-2.05,-2.962,510819.97,3505782.74201
300124.SZ,20260611,69.62,70.5,68.64,69.21,70.1,-0.89,-1.2696,328081.26,2281559.33539
300124.SZ,20260610,73.5,73.71,69.51,70.1,74.6,-4.5,-6.0322,534486.83,3804985.20713
300124.SZ,20260609,76.33,76.75,73.75,74.6,74.52,0.08,0.1074,430233.75,3216060.25569
300124.SZ,20260608,73.0,77.28,72.72,74.52,75.08,-0.56,-0.7459,568073.85,4264990.301
300124.SZ,20260605,74.48,77.63,72.14,75.08,74.15,0.93,1.2542,531795.28,3978154.954
300124.SZ,20260604,75.6,77.46,74.03,74.15,75.36,-1.21,-1.6056,368881.11,2788643.885
300124.SZ,20260603,76.24,77.83,75.3,75.86,76.47,-0.61,-0.7977,420151.49,3214641.825
300124.SZ,20260602,74.96,77.74,74.88,76.47,74.5,1.97,2.6443,364503.62,2788552.324
300124.SZ,20260601,74.0,76.44,73.0,74.5,73.96,0.54,0.7301,447636.55,3353312.783
300124.SZ,20260529,77.15,78.25,73.4,73.96,76.95,-2.99,-3.8856,408772.85,3075655.754
300124.SZ,20260528,78.0,78.1,75.28,76.95,78.1,-1.15,-1.4725,416910.3,3189689.253
300124.SZ,20260527,79.85,80.43,77.79,78.1,80.88,-2.78,-3.4372,508292.18,4018721.157
300124.SZ,20260526,79.35,84.05,79.22,80.88,78.83,2.05,2.6005,710026.96,5800216.282
300124.SZ,20260525,79.4,79.86,76.9,78.83,78.99,-0.16,-0.2026,428186.63,3361624.217
300124.SZ,20260522,77.87,79.36,76.3,78.99,77.77,1.22,1.5687,494642.79,3871943.451
300124.SZ,20260521,77.0,80.75,77.0,77.77,76.76,1.01,1.3158,667756.3,5285435.685
300124.SZ,20260520,77.16,77.58,75.69,76.76,77.8,-1.04,-1.3368,324445.28,2486425.9
300124.SZ,20260519,77.6,77.88,75.9,77.8,77.36,0.44,0.5688,354100.68,2733799.972
300124.SZ,20260518,77.42,79.3,76.62,77.36,77.32,0.04,0.0517,547055.18,4246901.536
300124.SZ,20260515,74.49,79.88,74.49,77.32,74.42,2.9,3.8968,719096.09,5585106.677
300124.SZ,20260514,76.46,76.55,74.4,74.42,76.46,-2.04,-2.6681,291107.76,2194065.358
300124.SZ,20260513,75.37,76.77,73.78,76.46,75.45,1.01,1.3386,510121.49,3824393.137
300124.SZ,20260512,77.48,78.08,75.25,75.45,77.49,-2.04,-2.6326,445456.55,3385422.164
300124.SZ,20260511,75.5,78.24,75.2,77.49,75.0,2.49,3.32,628509.59,4857420.948
300124.SZ,20260508,74.67,76.21,74.53,75.0,75.55,-0.55,-0.728,510290.83,3836723.948
300124.SZ,20260507,71.9,76.19,71.77,75.55,71.07,4.48,6.3036,867602.87,6499895.136
300124.SZ,20260506,69.98,71.55,69.01,71.07,68.6,2.47,3.6006,552991.19,3915095.099
300124.SZ,20260430,67.67,70.41,67.42,68.6,67.59,1.01,1.4943,557797.43,3846940.895
300124.SZ,20260429,61.99,67.67,61.8,67.59,61.36,6.23,10.1532,892550.41,5844835.678
300124.SZ,20260428,64.0,64.0,60.13,61.36,65.74,-4.38,-6.6626,675496.4,4143372.813
300124.SZ,20260427,64.11,66.55,64.02,65.74,64.75,0.99,1.529,372452.32,2447230.438
300124.SZ,20260424,65.02,65.29,63.63,64.75,65.34,-0.59,-0.903,345264.35,2218960.594
300124.SZ,20260423,67.0,67.19,65.28,65.34,66.91,-1.57,-2.3464,305366.83,2014868.117
300124.SZ,20260422,65.86,67.12,65.32,66.91,66.04,0.87,1.3174,280311.76,1863570.827
300124.SZ,20260421,66.66,66.94,65.1,66.04,66.52,-0.48,-0.7216,291632.26,1916895.326
300124.SZ,20260420,66.0,66.97,65.61,66.52,65.66,0.86,1.3098,332160.49,2206315.506
300124.SZ,20260417,66.71,66.72,65.51,65.66,66.84,-1.18,-1.7654,389907.39,2568352.087
300124.SZ,20260416,68.33,68.68,66.66,66.84,67.9,-1.06,-1.5611,410579.55,2760707.6
300124.SZ,20260415,69.59,69.9,67.8,67.9,69.11,-1.21,-1.7508,241456.25,1662819.074
300124.SZ,20260414,68.13,69.47,68.11,69.11,67.6,1.51,2.2337,273240.25,1884004.042
300124.SZ,20260413,67.55,68.08,66.78,67.6,68.11,-0.51,-0.7488,212456.92,1432231.313
300124.SZ,20260410,66.72,68.59,66.72,68.11,66.04,2.07,3.1345,333760.92,2265413.563
300124.SZ,20260409,66.77,66.88,65.87,66.04,67.45,-1.41,-2.0904,201658.15,1336566.298
300124.SZ,20260408,66.02,67.45,66.01,67.45,64.75,2.7,4.1699,234651.72,1565925.631
300124.SZ,20260407,66.18,66.25,64.55,64.75,66.06,-1.31,-1.983,142038.67,926330.15
300124.SZ,20260403,66.71,67.08,66.01,66.06,66.87,-0.81,-1.2113,90099.95,597987.824
300124.SZ,20260402,68.0,68.05,66.0,66.87,68.22,-1.35,-1.9789,193428.3,1291166.654
300124.SZ,20260401,68.5,68.66,67.67,68.22,67.0,1.22,1.8209,125982.29,858510.619
300124.SZ,20260331,68.15,68.88,66.95,67.0,67.38,-0.38,-0.564,146169.97,995079.811
300124.SZ,20260330,67.58,68.0,66.75,67.38,68.54,-1.16,-1.6924,122250.3,822540.355
300124.SZ,20260327,66.95,68.72,66.6,68.54,67.52,1.02,1.5107,171319.42,1162283.633
300124.SZ,20260326,68.0,68.6,67.32,67.52,68.01,-0.49,-0.7205,142422.0,966965.938
300124.SZ,20260325,66.59,68.12,66.12,68.01,66.1,1.91,2.8896,193830.56,1303543.51
300124.SZ,20260324,67.03,67.1,65.0,66.1,65.33,0.77,1.1786,169020.69,1112144.783
300124.SZ,20260323,68.01,68.26,65.0,65.33,68.75,-3.42,-4.9745,305923.06,2031251.972
300124.SZ,20260320,69.09,69.64,67.75,68.75,69.23,-0.48,-0.6933,257871.79,1772772.693
300124.SZ,20260319,69.29,69.98,69.12,69.23,70.0,-0.77,-1.1,216801.22,1508186.505
300124.SZ,20260318,71.17,71.48,69.19,70.0,71.2,-1.2,-1.6854,280907.13,1964194.587
300124.SZ,20260317,71.93,72.48,70.82,71.2,71.8,-0.6,-0.8357,277423.2,1991762.146
300124.SZ,20260316,71.5,71.9,70.4,71.8,72.79,-0.99,-1.3601,333595.01,2374681.156
300124.SZ,20260313,70.98,72.79,70.64,72.79,71.16,1.63,2.2906,411727.59,2954204.555
300124.SZ,20260312,71.07,71.3,69.8,71.16,71.15,0.01,0.0141,259198.85,1831239.241
300124.SZ,20260311,71.04,71.85,70.95,71.15,71.04,0.11,0.1548,230866.59,1646762.606
300124.SZ,20260310,70.92,71.62,70.76,71.04,70.79,0.25,0.3532,250924.81,1785056.0
300124.SZ,20260309,70.89,71.37,69.96,70.79,71.47,-0.68,-0.9514,299026.02,2111492.191
300124.SZ,20260306,70.28,71.98,70.01,71.47,70.39,1.08,1.5343,269299.56,1925755.822
300124.SZ,20260305,71.4,71.69,69.77,70.39,67.99,2.4,3.5299,375734.07,2651151.577
300124.SZ,20260304,68.23,69.02,67.62,67.99,69.01,-1.02,-1.478,256315.12,1749215.04
300124.SZ,20260303,71.3,71.83,69.01,69.01,71.38,-2.37,-3.3203,333146.52,2338029.56
300124.SZ,20260302,71.75,72.42,70.91,71.38,72.92,-1.54,-2.1119,284498.13,2036126.605
300124.SZ,20260227,73.53,73.87,72.82,72.92,73.8,-0.88,-1.1924,271148.4,1986493.23
300124.SZ,20260226,73.94,74.08,73.38,73.8,74.2,-0.4,-0.5391,208912.94,1538805.083
300124.SZ,20260225,74.28,74.44,73.42,74.2,74.35,-0.15,-0.2017,269444.57,1991936.381
300124.SZ,20260224,77.03,77.11,74.33,74.35,75.12,-0.77,-1.025,345275.46,2599183.192
300124.SZ,20260213,75.5,75.67,74.92,75.12,75.8,-0.68,-0.8971,181427.12,1365718.802
300124.SZ,20260212,75.35,75.88,74.9,75.8,75.45,0.35,0.4639,200983.58,1517128.957
300124.SZ,20260211,78.0,78.0,75.38,75.45,78.37,-2.92,-3.7259,345774.66,2631589.512
300124.SZ,20260210,76.8,78.59,76.53,78.37,76.85,1.52,1.9779,323530.62,2522978.404
300124.SZ,20260209,75.36,77.33,75.35,76.85,74.65,2.2,2.9471,290695.62,2227261.249
300124.SZ,20260206,73.84,75.28,73.39,74.65,74.53,0.12,0.161,214363.35,1602155.368
300124.SZ,20260205,75.58,75.66,73.75,74.53,75.57,-1.04,-1.3762,227301.29,1692550.263
300124.SZ,20260204,75.29,75.78,74.3,75.57,75.43,0.14,0.1856,218880.29,1639991.239
300124.SZ,20260203,75.51,75.68,74.22,75.43,75.04,0.39,0.5197,267411.85,2004764.371
300124.SZ,20260202,74.52,77.0,74.45,75.04,74.63,0.41,0.5494,334006.21,2533832.657
300124.SZ,20260130,75.68,76.08,73.21,74.63,75.87,-1.24,-1.6344,336389.13,2513771.905
300124.SZ,20260129,76.44,77.03,75.68,75.87,76.41,-0.54,-0.7067,306046.01,2332399.016
300124.SZ,20260128,78.0,78.27,75.85,76.41,78.44,-2.03,-2.588,447351.87,3425505.532
300124.SZ,20260127,77.01,79.7,76.75,78.44,77.2,1.24,1.6062,347927.55,2727579.876
300124.SZ,20260126,79.5,80.45,77.2,77.2,79.38,-2.18,-2.7463,418629.77,3285479.694
300124.SZ,20260123,79.35,80.99,79.19,79.38,79.12,0.26,0.3286,396278.13,3172720.554
300124.SZ,20260122,80.6,82.59,79.03,79.12,80.08,-0.96,-1.1988,362422.3,2912489.093
300124.SZ,20260121,79.15,81.5,79.09,80.08,79.38,0.7,0.8818,376061.45,3027929.219
300124.SZ,20260120,80.01,81.18,78.8,79.38,80.27,-0.89,-1.1088,341003.63,2715370.912
300124.SZ,20260119,80.85,81.55,79.91,80.27,80.85,-0.58,-0.7174,321167.04,2590094.834
300124.SZ,20260116,81.17,82.15,80.51,80.85,80.84,0.01,0.0124,469662.13,3811773.912
300124.SZ,20260115,77.89,81.48,77.71,80.84,77.95,2.89,3.7075,609284.18,4884015.065
300124.SZ,20260114,78.61,81.36,77.01,77.95,78.33,-0.38,-0.4851,556636.69,4412696.714
300124.SZ,20260113,80.82,80.82,78.28,78.33,80.85,-2.52,-3.1169,438200.35,3475626.379
300124.SZ,20260112,79.14,81.17,78.6,80.85,78.3,2.55,3.2567,524379.18,4202020.998
300124.SZ,20260109,77.46,78.98,77.31,78.3,77.58,0.72,0.9281,330850.61,2588086.325
300124.SZ,20260108,78.4,79.0,77.26,77.58,78.03,-0.45,-0.5767,306489.32,2391344.897
300124.SZ,20260107,78.3,79.02,77.5,78.03,78.48,-0.45,-0.5734,310867.41,2429124.53
300124.SZ,20260106,78.69,78.8,77.5,78.48,78.35,0.13,0.1659,376661.07,2943895.896
300124.SZ,20260105,75.56,79.3,75.1,78.35,75.33,3.02,4.009,564529.42,4375109.219
300124.SZ,20251231,76.49,76.49,75.01,75.33,76.48,-1.15,-1.5037,353219.55,2670667.788
300124.SZ,20251230,73.05,76.69,73.0,76.48,73.45,3.03,4.1253,526977.64,3961565.291
300124.SZ,20251229,73.45,74.11,73.08,73.45,73.3,0.15,0.2046,236947.73,1743194.205
300124.SZ,20251226,73.68,73.75,72.68,73.3,73.67,-0.37,-0.5022,212019.65,1553193.297
300124.SZ,20251225,72.5,73.87,72.5,73.67,72.36,1.31,1.8104,258917.15,1902032.253
300124.SZ,20251224,72.4,72.65,71.73,72.36,72.47,-0.11,-0.1518,192821.07,1393325.919
300124.SZ,20251223,72.85,73.49,72.32,72.47,72.72,-0.25,-0.3438,193020.7,1406454.999
300124.SZ,20251222,71.83,73.15,71.71,72.72,71.55,1.17,1.6352,244746.82,1779994.496
300124.SZ,20251219,71.63,72.34,71.5,71.55,71.29,0.26,0.3647,141479.13,1016535.627
300124.SZ,20251218,71.49,72.59,71.29,71.29,71.85,-0.56,-0.7794,178060.82,1279643.804
300124.SZ,20251217,70.56,71.89,69.98,71.85,70.55,1.3,1.8427,228180.97,1616805.729
300124.SZ,20251216,71.76,71.94,70.41,70.55,71.76,-1.21,-1.6862,178240.88,1262424.31
300124.SZ,20251215,73.2,73.6,71.69,71.76,73.9,-2.14,-2.8958,220404.39,1597154.156
300124.SZ,20251212,73.5,74.08,72.83,73.9,73.73,0.17,0.2306,259493.94,1908210.29
300124.SZ,20251211,74.74,75.48,73.73,73.73,74.69,-0.96,-1.2853,272533.4,2028125.38
300124.SZ,20251210,72.46,74.8,72.35,74.69,72.45,2.24,3.0918,390617.61,2891711.711
300124.SZ,20251209,74.0,74.0,72.31,72.45,74.04,-1.59,-2.1475,267235.58,1950173.543
300124.SZ,20251208,73.44,74.38,72.8,74.04,73.16,0.88,1.2028,334093.95,2457042.795
300124.SZ,20251205,72.27,73.17,71.75,73.16,72.65,0.51,0.702,261872.68,1898049.549
300124.SZ,20251204,71.24,73.33,71.24,72.65,70.27,2.38,3.3869,437726.92,3167868.02
300124.SZ,20251203,71.03,71.6,70.07,70.27,71.07,-0.8,-1.1257,175218.98,1237159.814
300124.SZ,20251202,71.78,71.81,71.01,71.07,71.99,-0.92,-1.278,212151.25,1513207.319
300124.SZ,20251201,70.93,71.99,70.36,71.99,70.66,1.33,1.8823,289138.93,2061816.139
300124.SZ,20251128,70.37,70.88,69.9,70.66,70.12,0.54,0.7701,185559.64,1308667.672
300124.SZ,20251127,70.48,71.42,70.09,70.12,70.3,-0.18,-0.256,199939.06,1414840.249
300124.SZ,20251126,69.86,70.85,69.41,70.3,69.81,0.49,0.7019,226346.28,1593335.84
300124.SZ,20251125,70.5,71.07,69.81,69.81,69.81,0.0,0.0,243518.14,1715224.588
300124.SZ,20251124,70.0,70.45,68.9,69.81,69.6,0.21,0.3017,265126.25,1847718.001
300124.SZ,20251121,69.41,70.79,68.25,69.6,69.99,-0.39,-0.5572,308885.9,2148634.786
300124.SZ,20251120,71.18,71.48,69.95,69.99,71.0,-1.01,-1.4225,176255.0,1243986.434
300124.SZ,20251119,71.59,71.87,70.82,71.0,71.51,-0.51,-0.7132,188596.71,1343059.263
300124.SZ,20251118,71.49,71.85,71.1,71.51,71.5,0.01,0.014,183301.84,1311024.087
300124.SZ,20251117,71.09,71.68,70.8,71.5,71.09,0.41,0.5767,213802.32,1524198.722
300124.SZ,20251114,72.3,72.5,71.09,71.09,72.4,-1.31,-1.8094,191914.46,1376888.124
300124.SZ,20251113,71.5,72.74,71.45,72.4,71.5,0.9,1.2587,202051.15,1458424.901
300124.SZ,20251112,72.04,72.58,71.22,71.5,72.13,-0.63,-0.8734,219386.41,1576227.691
300124.SZ,20251111,73.24,73.99,72.04,72.13,72.81,-0.68,-0.9339,178229.29,1296089.776
300124.SZ,20251110,73.68,74.24,72.33,72.81,73.58,-0.77,-1.0465,214145.96,1559021.475
300124.SZ,20251107,74.3,74.3,73.25,73.58,74.5,-0.92,-1.2349,186518.61,1375376.218
300124.SZ,20251106,73.19,74.75,73.01,74.5,73.1,1.4,1.9152,261530.59,1938891.109
300124.SZ,20251105,72.29,73.42,71.9,73.1,73.09,0.01,0.0137,255810.97,1860131.079
300124.SZ,20251104,74.49,74.7,72.52,73.09,74.85,-1.76,-2.3514,331992.76,2434118.609
300124.SZ,20251103,77.38,77.38,73.83,74.85,77.01,-2.16,-2.8048,409994.09,3074226.705
300124.SZ,20251031,77.05,79.6,76.95,77.01,77.0,0.01,0.013,383514.25,2988947.919
300124.SZ,20251030,79.0,79.45,77.0,77.0,79.03,-2.03,-2.5686,409853.19,3201637.944
300124.SZ,20251029,77.38,79.03,77.31,79.03,77.31,1.72,2.2248,341957.81,2680201.58
300124.SZ,20251028,78.0,78.79,77.2,77.31,78.27,-0.96,-1.2265,406930.23,3169118.271
300124.SZ,20251027,79.07,79.73,77.32,78.27,78.38,-0.11,-0.1403,467174.71,3658186.977
300124.SZ,20251024,77.0,78.7,76.0,78.38,79.25,-0.87,-1.0978,496534.36,3856061.472
300124.SZ,20251023,78.7,79.55,77.4,79.25,79.25,0.0,0.0,260042.15,2036442.883
300124.SZ,20251022,79.0,81.66,78.3,79.25,79.42,-0.17,-0.2141,377075.71,3011616.742
300124.SZ,20251021,78.65,79.96,77.94,79.42,78.54,0.88,1.1204,255082.65,2018045.946
300124.SZ,20251020,78.42,79.72,77.86,78.54,77.59,0.95,1.2244,304143.54,2394767.605
300124.SZ,20251017,80.79,80.88,77.47,77.59,80.78,-3.19,-3.949,374768.79,2946924.677
300124.SZ,20251016,80.6,82.31,79.96,80.78,80.71,0.07,0.0867,331309.7,2683825.166
300124.SZ,20251015,79.05,81.19,78.18,80.71,79.15,1.56,1.9709,398556.02,3180512.748
300124.SZ,20251014,82.5,83.47,78.9,79.15,81.51,-2.36,-2.8954,507764.57,4099520.15
300124.SZ,20251013,80.35,82.57,79.8,81.51,84.33,-2.82,-3.344,658996.59,5345485.598
300124.SZ,20251010,89.6,89.86,83.75,84.33,88.91,-4.58,-5.1513,746272.93,6470735.714
300124.SZ,20251009,84.8,91.0,84.09,88.91,83.82,5.09,6.0725,906926.1,8046021.817
300124.SZ,20250930,83.05,84.41,82.5,83.82,83.4,0.42,0.5036,410833.95,3424323.31
300124.SZ,20250929,82.01,83.5,80.57,83.4,81.54,1.86,2.2811,503741.9,4142002.104
300124.SZ,20250926,85.66,85.85,81.45,81.54,85.91,-4.37,-5.0867,625683.12,5217079.242
300124.SZ,20250925,87.0,89.65,85.1,85.91,86.33,-0.42,-0.4865,679153.45,5889049.315
300124.SZ,20250924,82.62,87.4,82.1,86.33,82.6,3.73,4.5157,722554.43,6171964.324
300124.SZ,20250923,81.8,83.94,80.75,82.6,81.79,0.81,0.9903,602815.48,4962073.798
300124.SZ,20250922,81.7,82.38,81.01,81.79,81.7,0.09,0.1102,439899.54,3589945.793
300124.SZ,20250919,82.7,84.0,81.6,81.7,82.6,-0.9,-1.0896,559664.71,4617522.588
300124.SZ,20250918,83.66,87.48,81.31,82.6,84.05,-1.45,-1.7252,958787.2,8126045.08
300124.SZ,20250917,83.5,84.44,82.48,84.05,83.49,0.56,0.6707,596429.04,4971882.112
300124.SZ,20250916,79.96,85.55,79.51,83.49,80.15,3.34,4.1672,806532.68,6648768.164
300124.SZ,20250915,79.6,82.17,79.35,80.15,79.68,0.47,0.5899,522525.9,4215152.024
300124.SZ,20250912,81.34,82.21,79.49,79.68,80.7,-1.02,-1.2639,592315.66,4777023.018
300124.SZ,20250911,79.0,81.12,77.89,80.7,79.52,1.18,1.4839,576814.53,4604488.185
300124.SZ,20250910,78.88,80.43,77.22,79.52,78.88,0.64,0.8114,619239.78,4884070.371
300124.SZ,20250909,80.51,80.9,78.46,78.88,82.01,-3.13,-3.8166,785434.53,6246318.746
300124.SZ,20250908,73.51,85.45,73.5,82.01,73.35,8.66,11.8064,1202465.94,9549995.979
300124.SZ,20250905,71.43,73.4,70.81,73.35,71.42,1.93,2.7023,375143.66,2713637.774
300124.SZ,20250904,72.91,73.73,69.89,71.42,73.07,-1.65,-2.2581,586694.91,4192830.76
300124.SZ,20250903,75.05,75.4,72.47,73.07,74.9,-1.83,-2.4433,516929.15,3813766.607
300124.SZ,20250902,75.88,76.09,73.03,74.9,75.9,-1.0,-1.3175,625942.98,4669047.568
300124.SZ,20250901,75.03,77.68,74.53,75.9,75.03,0.87,1.1595,538289.51,4075358.331
300124.SZ,20250829,75.0,76.28,72.64,75.03,73.78,1.25,1.6942,647874.42,4838605.469
300124.SZ,20250828,72.08,73.8,71.51,73.78,72.15,1.63,2.2592,664768.47,4840566.61
300124.SZ,20250827,71.5,76.36,71.5,72.15,71.2,0.95,1.3343,806116.49,5949145.714
300124.SZ,20250826,72.0,72.76,71.0,71.2,71.85,-0.65,-0.9047,470062.03,3371381.576
300124.SZ,20250825,71.0,72.08,70.06,71.85,69.7,2.15,3.0846,597242.75,4243464.102
300124.SZ,20250822,68.0,69.7,67.8,69.7,68.3,1.4,2.0498,458258.09,3162456.833
300124.SZ,20250821,69.2,69.99,68.06,68.3,68.88,-0.58,-0.842,398297.7,2741815.553
300124.SZ,20250820,67.84,68.9,67.07,68.88,68.1,0.78,1.1454,390587.66,2651808.121
300124.SZ,20250819,67.7,69.44,66.76,68.1,67.8,0.3,0.4425,499193.46,3395709.169
300124.SZ,20250818,67.59,68.48,66.81,67.8,67.34,0.46,0.6831,490201.79,3314447.449
300124.SZ,20250815,66.19,67.6,66.19,67.34,66.54,0.8,1.2023,386985.33,2597862.363
300124.SZ,20250814,66.23,67.26,65.67,66.54,66.02,0.52,0.7876,483569.25,3221291.668
300124.SZ,20250813,65.26,66.23,65.02,66.02,65.4,0.62,0.948,290699.89,1912536.61
300124.SZ,20250812,65.53,65.67,64.88,65.4,65.5,-0.1,-0.1527,166962.11,1088617.692
300124.SZ,20250811,64.52,66.08,64.52,65.5,64.51,0.99,1.5346,223624.93,1463119.74
300124.SZ,20250808,65.73,66.18,64.48,64.51,65.5,-0.99,-1.5115,209446.91,1361316.132
300124.SZ,20250807,66.0,66.03,64.9,65.5,65.86,-0.36,-0.5466,233956.58,1530126.856
300124.SZ,20250806,65.0,66.5,64.76,65.86,64.81,1.05,1.6201,398672.15,2623364.612
300124.SZ,20250805,64.79,65.16,64.5,64.81,64.56,0.25,0.3872,192025.42,1244276.979
300124.SZ,20250804,63.32,64.95,63.18,64.56,63.41,1.15,1.8136,270789.44,1744177.106
300124.SZ,20250801,63.48,64.44,62.88,63.41,63.39,0.02,0.0316,212550.75,1351554.866
300124.SZ,20250731,64.1,65.15,63.28,63.39,64.16,-0.77,-1.2001,295184.56,1897295.988
300124.SZ,20250730,64.99,65.48,63.91,64.16,65.07,-0.91,-1.3985,226253.75,1461818.782
300124.SZ,20250729,65.2,65.35,64.37,65.07,65.4,-0.33,-0.5046,232984.84,1508798.407
300124.SZ,20250728,65.9,66.49,65.2,65.4,65.41,-0.01,-0.0153,206553.07,1357267.003
300124.SZ,20250725,65.81,65.95,64.9,65.41,66.1,-0.69,-1.0439,235777.03,1540227.368
300124.SZ,20250724,65.02,66.35,64.87,66.1,64.76,1.34,2.0692,337320.95,2222366.269
300124.SZ,20250723,64.71,65.5,64.56,64.76,64.72,0.04,0.0618,240423.96,1562693.122
300124.SZ,20250722,65.17,65.17,64.37,64.72,65.22,-0.5,-0.7666,230472.85,1490211.068
300124.SZ,20250721,65.59,66.35,64.58,65.22,65.19,0.03,0.046,331268.61,2161595.716
300124.SZ,20250718,65.48,66.2,64.98,65.19,65.13,0.06,0.0921,222150.5,1452665.324
300124.SZ,20250717,64.55,65.22,64.06,65.13,64.52,0.61,0.9454,227225.13,1471107.056
300124.SZ,20250716,64.27,65.3,64.0,64.52,64.15,0.37,0.5768,215160.59,1391603.525
300124.SZ,20250715,64.45,64.8,63.7,64.15,64.38,-0.23,-0.3573,184520.83,1184764.718
300124.SZ,20250714,64.3,64.99,63.73,64.38,64.0,0.38,0.5938,205874.53,1327954.235
300124.SZ,20250711,62.8,64.71,62.56,64.0,62.56,1.44,2.3018,286273.11,1825683.599
300124.SZ,20250710,62.49,62.95,62.19,62.56,62.64,-0.08,-0.1277,122579.46,766362.101
300124.SZ,20250709,63.35,64.16,62.55,62.64,63.03,-0.39,-0.6188,191920.05,1214857.084
300124.SZ,20250708,62.37,63.37,62.28,63.03,62.32,0.71,1.1393,204680.22,1289232.166
300124.SZ,20250707,63.83,64.09,62.22,62.32,64.11,-1.79,-2.7921,228826.75,1435159.014
300124.SZ,20250704,64.6,64.85,63.8,64.11,64.75,-0.64,-0.9884,162022.19,1040348.571
300124.SZ,20250703,64.4,65.15,64.12,64.75,64.42,0.33,0.5123,177898.84,1149349.642
300124.SZ,20250702,64.3,65.19,64.21,64.42,64.22,0.2,0.3114,220945.25,1427812.144
300124.SZ,20250701,64.5,64.57,63.81,64.22,64.57,-0.35,-0.542,137581.7,882152.811
300124.SZ,20250630,64.0,64.91,63.8,64.57,63.82,0.75,1.1752,200021.62,1289523.879
300124.SZ,20250627,65.56,65.56,63.8,63.82,64.27,-0.45,-0.7002,246325.92,1582398.133
300124.SZ,20250626,65.0,65.31,64.27,64.27,64.95,-0.68,-1.047,209157.3,1354696.184
300124.SZ,20250625,64.0,65.0,63.66,64.95,64.06,0.89,1.3893,223154.8,1437337.139
300124.SZ,20250624,62.23,64.1,62.23,64.06,61.95,2.11,3.406,260261.62,1654407.547
300124.SZ,20250623,61.5,62.16,61.44,61.95,61.85,0.1,0.1617,108210.03,669387.616
300124.SZ,20250620,61.86,62.45,61.56,61.85,61.95,-0.1,-0.1614,108408.82,671233.617
300124.SZ,20250619,62.28,63.09,61.93,61.95,62.45,-0.5,-0.8006,144169.13,901430.994
300124.SZ,20250618,62.05,62.64,61.98,62.45,62.19,0.26,0.4181,97239.83,606264.436
300124.SZ,20250617,62.78,63.11,62.05,62.19,62.74,-0.55,-0.8766,137349.93,856582.907
300124.SZ,20250616,63.78,63.78,62.51,62.74,63.79,-1.05,-1.646,202018.04,1270090.478
300124.SZ,20250613,63.85,65.28,63.6,63.79,63.7,0.09,0.1413,379586.12,2435313.797
300124.SZ,20250612,63.5,64.2,63.03,63.7,63.69,0.01,0.0157,148072.59,943298.934
300124.SZ,20250611,63.0,63.97,62.99,63.69,63.16,0.53,0.8391,142780.44,909096.858
300124.SZ,20250610,64.17,64.18,62.65,63.16,64.05,-0.89,-1.3895,180298.52,1141956.856
300124.SZ,20250609,64.12,64.62,63.71,64.05,64.11,-0.06,-0.0936,179704.75,1152382.492
300124.SZ,20250606,64.95,64.98,63.75,64.11,64.77,-0.66,-1.019,138190.75,886899.095
300124.SZ,20250605,65.03,65.37,64.39,65.18,64.87,0.31,0.4779,208846.15,1356899.878
300124.SZ,20250604,64.84,65.27,64.58,64.87,64.84,0.03,0.0463,107374.89,697436.424
300124.SZ,20250603,65.69,66.18,64.8,64.84,65.78,-0.94,-1.429,149172.92,972920.596
300124.SZ,20250530,66.7,67.26,65.77,65.78,67.08,-1.3,-1.938,118949.9,786771.196
300124.SZ,20250529,66.05,67.71,65.71,67.08,65.81,1.27,1.9298,177173.4,1187186.585
300124.SZ,20250528,65.77,66.38,65.34,65.81,65.77,0.04,0.0608,96998.29,638913.445
300124.SZ,20250527,66.5,66.91,65.51,65.77,66.65,-0.88,-1.3203,109855.87,723765.52
300124.SZ,20250526,66.5,67.22,66.21,66.65,66.5,0.15,0.2256,94331.91,629584.401
300124.SZ,20250523,66.94,67.87,66.5,66.5,67.23,-0.73,-1.0858,128456.26,863674.777
300124.SZ,20250522,68.11,68.6,67.02,67.23,68.77,-1.54,-2.2393,123294.47,833360.618
300124.SZ,20250521,68.49,69.1,67.9,68.77,68.53,0.24,0.3502,116470.24,797786.013
300124.SZ,20250520,68.3,69.26,67.92,68.53,68.3,0.23,0.3367,111199.83,764104.527
300124.SZ,20250519,68.5,68.82,67.79,68.3,68.65,-0.35,-0.5098,130025.62,888746.731
300124.SZ,20250516,68.04,69.72,68.04,68.65,68.49,0.16,0.2336,126367.62,871102.75
300124.SZ,20250515,69.79,70.08,68.41,68.49,69.8,-1.31,-1.8768,141704.32,978157.694
300124.SZ,20250514,69.01,70.66,68.88,69.8,69.28,0.52,0.7506,189028.29,1320466.597
300124.SZ,20250513,71.04,71.06,68.9,69.28,70.39,-1.11,-1.5769,212985.23,1482350.876
300124.SZ,20250512,69.78,70.65,69.52,70.39,69.47,0.92,1.3243,216980.31,1523305.583
300124.SZ,20250509,70.37,70.53,69.25,69.47,70.61,-1.14,-1.6145,211499.17,1472153.001
300124.SZ,20250508,70.3,71.19,70.0,70.61,70.48,0.13,0.1844,189321.79,1338742.296
300124.SZ,20250507,72.32,72.68,69.79,70.48,71.79,-1.31,-1.8248,277035.9,1959712.826
300124.SZ,20250506,72.3,72.32,70.5,71.79,71.59,0.2,0.2794,287134.78,2051701.324
300124.SZ,20250430,68.2,71.89,67.4,71.59,67.12,4.47,6.6597,434182.07,3042782.666
300124.SZ,20250429,65.99,68.21,65.98,67.12,64.41,2.71,4.2074,305021.9,2047475.92
300124.SZ,20250428,64.91,65.63,64.12,64.41,64.91,-0.5,-0.7703,123832.54,800437.33
300124.SZ,20250425,64.3,65.27,63.72,64.91,64.22,0.69,1.0744,155390.63,1003916.149
300124.SZ,20250424,64.4,65.47,63.86,64.22,64.21,0.01,0.0156,171385.24,1107456.808
300124.SZ,20250423,63.1,64.91,63.0,64.21,62.7,1.51,2.4083,250354.61,1603260.103
300124.SZ,20250422,62.94,63.44,62.6,62.7,63.62,-0.92,-1.4461,124501.03,784440.149
300124.SZ,20250421,62.53,63.64,61.12,63.62,62.8,0.82,1.3057,269494.77,1676785.762
300124.SZ,20250418,62.5,62.94,61.8,62.8,62.8,0.0,0.0,111527.72,695142.947
300124.SZ,20250417,62.49,63.56,62.35,62.8,62.69,0.11,0.1755,117609.89,740694.702
300124.SZ,20250416,62.79,63.1,61.77,62.69,62.79,-0.1,-0.1593,160570.6,1000343.934
300124.SZ,20250415,63.88,64.2,62.05,62.79,63.88,-1.09,-1.7063,199032.92,1246382.626
300124.SZ,20250414,65.0,65.3,63.7,63.88,64.35,-0.47,-0.7304,199049.62,1280685.444
300124.SZ,20250411,64.0,65.1,63.0,64.35,64.75,-0.4,-0.6178,269232.43,1725375.719
300124.SZ,20250410,64.08,65.49,62.85,64.75,62.55,2.2,3.5172,348087.79,2243163.377
300124.SZ,20250409,62.1,63.92,61.2,62.55,62.4,0.15,0.2404,363984.42,2276933.401
300124.SZ,20250408,62.22,64.17,61.34,62.4,62.0,0.4,0.6452,385156.41,2406499.312
300124.SZ,20250407,64.5,66.87,60.3,62.0,69.8,-7.8,-11.1748,571169.73,3652621.425
300124.SZ,20250403,69.28,70.88,68.69,69.8,68.69,1.11,1.616,309201.22,2159072.123
300124.SZ,20250402,67.55,68.99,67.4,68.69,67.71,0.98,1.4473,147605.83,1005886.321
300124.SZ,20250401,68.18,68.4,67.21,67.71,68.17,-0.46,-0.6748,132416.88,896360.761
300124.SZ,20250331,68.29,68.45,67.03,68.17,68.47,-0.3,-0.4381,165286.92,1117473.629
300124.SZ,20250328,68.6,69.26,68.31,68.47,68.75,-0.28,-0.4073,97269.03,667637.8
300124.SZ,20250327,68.3,69.89,68.0,68.75,68.57,0.18,0.2625,150261.69,1036281.999
300124.SZ,20250326,68.6,69.67,68.5,68.57,68.65,-0.08,-0.1165,142860.64,985239.406
300124.SZ,20250325,69.76,70.08,68.36,68.65,69.94,-1.29,-1.8444,153130.61,1057631.853
300124.SZ,20250324,69.43,70.27,68.7,69.94,69.43,0.51,0.7346,207460.51,1436519.339
300124.SZ,20250321,71.05,71.33,69.2,69.43,71.52,-2.09,-2.9223,250069.67,1747551.52
300124.SZ,20250320,72.02,72.42,70.69,71.52,72.74,-1.22,-1.6772,232813.47,1663398.58
300124.SZ,20250319,70.91,73.14,70.4,72.74,70.9,1.84,2.5952,354582.42,2551772.505
300124.SZ,20250318,70.42,71.14,70.01,70.9,70.41,0.49,0.6959,279682.59,1976622.012
300124.SZ,20250317,72.22,72.5,69.88,70.41,73.72,-3.31,-4.49,600028.8,4223949.631
300124.SZ,20250314,72.25,74.66,71.45,73.72,72.4,1.32,1.8232,387470.74,2827555.909
300124.SZ,20250313,74.38,74.58,71.98,72.4,74.7,-2.3,-3.079,333553.32,2429286.65
300124.SZ,20250312,77.3,77.66,74.38,74.7,78.05,-3.35,-4.2921,412765.19,3105997.901
300124.SZ,20250311,76.5,79.69,76.18,78.05,77.6,0.45,0.5799,360252.95,2798854.486
300124.SZ,20250310,77.0,79.15,75.86,77.6,76.7,0.9,1.1734,348889.23,2708259.364
300124.SZ,20250307,76.61,78.0,76.0,76.7,77.27,-0.57,-0.7377,259519.58,1994911.467
300124.SZ,20250306,77.0,78.77,76.44,77.27,76.35,0.92,1.205,376371.71,2920440.509
300124.SZ,20250305,73.5,77.5,73.4,76.35,74.07,2.28,3.0782,430967.24,3287052.195
300124.SZ,20250304,71.69,75.14,71.65,74.07,72.41,1.66,2.2925,334264.19,2471204.147
300124.SZ,20250303,72.6,74.08,71.55,72.41,72.15,0.26,0.3604,342424.36,2493611.712
300124.SZ,20250228,76.38,76.85,71.85,72.15,77.7,-5.55,-7.1429,570739.36,4186113.936
300124.SZ,20250227,77.12,78.44,75.6,77.7,77.98,-0.28,-0.3591,434826.36,3348231.778
300124.SZ,20250226,74.43,81.71,73.8,77.98,74.42,3.56,4.7837,685289.21,5359510.702
300124.SZ,20250225,72.74,76.0,72.45,74.42,74.0,0.42,0.5676,465078.24,3476691.368
300124.SZ,20250224,74.25,75.29,72.6,74.0,73.92,0.08,0.1082,422880.95,3122214.078
300124.SZ,20250221,72.0,75.79,71.85,73.92,72.48,1.44,1.9868,551397.87,4069004.839
300124.SZ,20250220,72.06,73.4,70.81,72.48,72.56,-0.08,-0.1103,492689.34,3547193.868
300124.SZ,20250219,66.39,73.49,66.33,72.56,66.73,5.83,8.7367,876815.0,6211276.343
300124.SZ,20250218,67.4,68.18,66.39,66.73,67.58,-0.85,-1.2578,288098.76,1938045.165
300124.SZ,20250217,66.6,67.75,66.16,67.58,66.59,0.99,1.4867,324327.18,2173187.608
300124.SZ,20250214,65.0,67.68,64.68,66.59,65.09,1.5,2.3045,382438.54,2537814.427
300124.SZ,20250213,67.6,67.99,65.06,65.09,68.12,-3.03,-4.448,461371.5,3056295.279
300124.SZ,20250212,67.97,68.53,66.55,68.12,68.47,-0.35,-0.5112,348836.86,2360811.102
300124.SZ,20250211,68.31,69.64,67.7,68.47,68.28,0.19,0.2783,397702.34,2727206.543
300124.SZ,20250210,68.45,68.72,66.8,68.28,69.0,-0.72,-1.0435,379818.63,2576682.452
300124.SZ,20250207,69.0,69.7,67.7,69.0,69.41,-0.41,-0.5907,593841.62,4091387.687
300124.SZ,20250206,63.15,70.25,62.58,69.41,63.1,6.31,10.0,870233.59,5907090.988
300124.SZ,20250205,61.62,64.38,61.5,63.1,60.19,2.91,4.8347,468335.02,2953760.368
300124.SZ,20250127,63.14,63.33,60.19,60.19,63.13,-2.94,-4.6571,294729.3,1808825.343
300124.SZ,20250124,61.5,64.35,61.33,63.13,61.75,1.38,2.2348,447666.77,2817243.487
300124.SZ,20250123,61.37,63.1,60.6,61.75,60.71,1.04,1.7131,447324.36,2770210.794
300124.SZ,20250122,61.07,61.28,60.21,60.71,61.49,-0.78,-1.2685,174124.44,1054587.24
300124.SZ,20250121,60.53,61.93,60.01,61.49,59.9,1.59,2.6544,294688.57,1800864.886
300124.SZ,20250120,60.77,61.39,59.69,59.9,60.55,-0.65,-1.0735,192136.45,1163076.253
300124.SZ,20250117,60.11,61.44,59.8,60.55,60.42,0.13,0.2152,190881.4,1158632.217
300124.SZ,20250116,61.09,61.95,59.9,60.42,60.71,-0.29,-0.4777,225372.25,1371706.371
300124.SZ,20250115,61.28,61.93,60.45,60.71,61.8,-1.09,-1.7638,273660.12,1670018.94
300124.SZ,20250114,58.36,61.85,58.11,61.8,58.35,3.45,5.9126,414374.6,2509106.091
300124.SZ,20250113,59.5,60.75,58.1,58.35,59.99,-1.64,-2.7338,249418.22,1475974.049
300124.SZ,20250110,57.28,62.15,57.25,59.99,57.2,2.79,4.8776,492448.14,2967093.623
300124.SZ,20250109,56.48,57.77,56.33,57.2,56.79,0.41,0.722,129355.74,738900.74
002527.SZ,20260702,13.33,13.77,13.08,13.12,13.28,-0.16,-1.2048,175004.97,234539.45238
002527.SZ,20260701,12.75,13.72,12.7,13.28,12.83,0.45,3.5074,222620.97,297282.73389
002527.SZ,20260630,12.35,12.94,12.2,12.83,12.39,0.44,3.5513,163360.03,207062.46736
002527.SZ,20260629,12.41,12.51,11.77,12.39,12.52,-0.13,-1.0383,180054.37,218213.17184
002527.SZ,20260626,13.0,13.04,12.5,12.52,12.99,-0.47,-3.6182,137522.04,174783.90293
002527.SZ,20260625,14.0,14.0,12.92,12.99,13.89,-0.9,-6.4795,251566.9,337563.15602
002527.SZ,20260624,13.66,14.05,13.22,13.89,13.85,0.04,0.2888,201087.77,273603.36152
002527.SZ,20260623,14.01,14.23,13.75,13.85,14.15,-0.3,-2.1201,181787.33,253970.0135
002527.SZ,20260622,14.68,14.76,13.85,14.15,14.65,-0.5,-3.413,307587.43,436699.71733
002527.SZ,20260618,13.79,15.2,13.71,14.65,13.83,0.82,5.9291,335147.15,485569.12401
002527.SZ,20260617,14.05,14.05,13.74,13.83,14.19,-0.36,-2.537,174081.62,241026.0407
002527.SZ,20260616,13.81,14.75,13.51,14.19,13.89,0.3,2.1598,270979.33,384506.79721
002527.SZ,20260615,13.57,13.91,13.45,13.89,13.57,0.32,2.3581,195524.02,268735.99108
002527.SZ,20260612,14.2,14.24,13.41,13.57,13.93,-0.36,-2.5844,309040.86,422443.68483
002527.SZ,20260611,14.89,14.9,13.7,13.93,15.19,-1.26,-8.2949,370460.92,524342.17415
002527.SZ,20260610,15.83,15.96,15.12,15.19,16.16,-0.97,-6.0025,352794.44,542514.02955
002527.SZ,20260609,16.02,16.81,15.68,16.16,16.29,-0.13,-0.798,553385.9,898676.49483
002527.SZ,20260608,14.83,16.93,14.8,16.29,15.43,0.86,5.5736,605536.87,960733.666
002527.SZ,20260605,14.68,15.6,14.51,15.43,14.89,0.54,3.6266,424704.17,643351.455
002527.SZ,20260604,14.45,15.21,14.3,14.89,14.66,0.23,1.5689,367168.22,547650.961
002527.SZ,20260603,14.6,14.89,14.39,14.66,14.64,0.02,0.1366,336807.69,494115.822
002527.SZ,20260602,15.08,15.5,14.57,14.64,15.46,-0.82,-5.304,490930.35,729093.88
002527.SZ,20260601,14.5,15.46,14.2,15.46,14.05,1.41,10.0356,438864.25,660840.399
002527.SZ,20260529,14.01,14.52,14.01,14.05,13.2,0.85,6.4394,463645.75,664731.215
002527.SZ,20260528,13.6,13.61,12.84,13.2,13.61,-0.41,-3.0125,192316.57,252321.74
002527.SZ,20260527,14.26,14.26,13.58,13.61,14.4,-0.79,-5.4861,208723.25,289289.266
002527.SZ,20260526,14.12,14.6,14.12,14.4,14.26,0.14,0.9818,284326.04,409022.541
002527.SZ,20260525,14.01,14.42,13.93,14.26,14.0,0.26,1.8571,226257.67,320979.802
002527.SZ,20260522,14.04,14.12,13.63,14.0,14.04,-0.04,-0.2849,166988.29,232326.264
002527.SZ,20260521,13.8,14.41,13.8,14.04,13.8,0.24,1.7391,277877.01,392151.69
002527.SZ,20260520,14.15,14.19,13.71,13.8,14.29,-0.49,-3.429,193237.25,268295.937
002527.SZ,20260519,13.9,14.4,13.82,14.29,13.9,0.39,2.8058,270991.14,384803.815
002527.SZ,20260518,13.72,14.11,13.67,13.9,13.73,0.17,1.2382,203924.51,282470.789
002527.SZ,20260515,13.1,14.38,13.07,13.73,13.11,0.62,4.7292,275457.73,378966.602
002527.SZ,20260514,13.49,13.58,13.08,13.11,13.49,-0.38,-2.8169,106091.07,140245.438
002527.SZ,20260513,13.5,13.55,13.33,13.49,13.49,0.0,0.0,85200.17,114550.85
002527.SZ,20260512,13.68,13.76,13.43,13.49,13.71,-0.22,-1.6047,106472.46,144347.553
002527.SZ,20260511,13.92,13.92,13.64,13.71,13.9,-0.19,-1.3669,149878.09,205733.523
002527.SZ,20260508,13.46,14.07,13.35,13.9,13.52,0.38,2.8107,183847.26,254637.744
002527.SZ,20260507,13.21,13.55,13.11,13.52,13.17,0.35,2.6576,129506.9,174241.388
002527.SZ,20260506,12.94,13.27,12.94,13.17,12.92,0.25,1.935,99176.58,130433.796
002527.SZ,20260430,12.66,13.0,12.65,12.92,12.7,0.22,1.7323,73809.33,95224.802
002527.SZ,20260429,12.48,12.79,12.41,12.7,12.48,0.22,1.7628,80912.28,102506.619
002527.SZ,20260428,12.9,12.93,12.44,12.48,13.1,-0.62,-4.7328,126190.87,158863.332
002527.SZ,20260427,12.78,13.13,12.51,13.1,12.74,0.36,2.8257,98528.53,127265.853
002527.SZ,20260424,12.85,12.93,12.58,12.74,12.97,-0.23,-1.7733,89352.07,113773.276
002527.SZ,20260423,13.4,13.4,12.87,12.97,13.39,-0.42,-3.1367,142448.16,185949.807
002527.SZ,20260422,13.27,13.44,13.18,13.39,13.36,0.03,0.2246,73607.9,98017.508
002527.SZ,20260421,13.66,13.66,13.25,13.36,13.66,-0.3,-2.1962,101082.0,134784.677
002527.SZ,20260420,13.46,13.91,13.31,13.66,13.34,0.32,2.3988,135006.91,183476.913
002527.SZ,20260417,13.4,13.42,13.04,13.34,13.46,-0.12,-0.8915,131474.5,173623.564
002527.SZ,20260416,13.37,13.54,13.34,13.46,13.34,0.12,0.8996,73858.5,99247.501
002527.SZ,20260415,13.93,13.95,13.3,13.34,13.93,-0.59,-4.2355,144824.23,196088.748
002527.SZ,20260414,13.91,13.97,13.77,13.93,13.79,0.14,1.0152,57950.67,80364.393
002527.SZ,20260413,13.76,13.93,13.71,13.79,13.9,-0.11,-0.7914,48718.57,67380.939
002527.SZ,20260410,13.7,14.02,13.7,13.9,13.59,0.31,2.2811,70898.26,98679.498
002527.SZ,20260409,13.66,13.69,13.47,13.59,13.82,-0.23,-1.6643,55764.32,75745.197
002527.SZ,20260408,13.41,13.84,13.41,13.82,13.15,0.67,5.0951,85853.29,117397.266
002527.SZ,20260407,13.06,13.22,13.03,13.15,13.06,0.09,0.6891,39643.8,52095.572
002527.SZ,20260403,13.3,13.33,13.01,13.06,13.24,-0.18,-1.3595,55593.0,72764.592
002527.SZ,20260402,13.65,13.66,13.18,13.24,13.64,-0.4,-2.9326,60185.34,80423.154
002527.SZ,20260401,13.61,13.7,13.53,13.64,13.41,0.23,1.7151,55767.0,75994.525
002527.SZ,20260331,13.5,13.73,13.37,13.41,13.5,-0.09,-0.6667,66485.9,90209.512
002527.SZ,20260330,13.38,13.55,13.3,13.5,13.57,-0.07,-0.5158,46497.26,62479.702
002527.SZ,20260327,13.36,13.6,13.24,13.57,13.51,0.06,0.4441,77919.81,104973.356
002527.SZ,20260326,13.71,13.99,13.46,13.51,13.76,-0.25,-1.8169,88695.1,121649.357
002527.SZ,20260325,13.61,13.81,13.6,13.76,13.6,0.16,1.1765,61125.84,83977.828
002527.SZ,20260324,13.6,13.68,13.18,13.6,13.36,0.24,1.7964,82471.33,110809.617
002527.SZ,20260323,13.93,14.03,13.3,13.36,13.93,-0.57,-4.0919,127932.35,174764.225
002527.SZ,20260320,14.3,14.5,13.93,13.93,14.34,-0.41,-2.8591,82797.45,117255.217
002527.SZ,20260319,14.61,14.66,14.28,14.34,14.77,-0.43,-2.9113,88293.11,127575.854
002527.SZ,20260318,14.62,14.8,14.57,14.77,14.58,0.19,1.3032,57187.72,83903.302
002527.SZ,20260317,14.9,14.94,14.58,14.58,14.85,-0.27,-1.8182,72047.0,106306.384
002527.SZ,20260316,14.83,14.93,14.7,14.85,14.83,0.02,0.1349,62848.87,93038.065
002527.SZ,20260313,14.85,15.07,14.78,14.83,14.92,-0.09,-0.6032,63395.17,94552.096
002527.SZ,20260312,15.11,15.12,14.85,14.92,15.15,-0.23,-1.5182,68102.17,101903.712
002527.SZ,20260311,15.35,15.44,15.11,15.15,15.28,-0.13,-0.8508,78326.6,119482.615
002527.SZ,20260310,15.11,15.37,15.11,15.28,14.98,0.3,2.0027,80474.15,122853.094
002527.SZ,20260309,14.76,15.08,14.6,14.98,15.14,-0.16,-1.0568,101979.33,151018.07
002527.SZ,20260306,14.9,15.14,14.85,15.14,14.98,0.16,1.0681,63746.81,96058.186
002527.SZ,20260305,14.9,15.06,14.9,14.98,14.66,0.32,2.1828,110809.61,165876.504
002527.SZ,20260304,14.51,14.9,14.44,14.66,14.69,-0.03,-0.2042,119089.0,174735.284
002527.SZ,20260303,15.5,15.64,14.66,14.69,15.51,-0.82,-5.2869,182448.77,275745.026
002527.SZ,20260302,15.84,15.94,15.5,15.51,16.18,-0.67,-4.1409,162750.97,254802.78
002527.SZ,20260227,16.35,16.35,16.08,16.18,16.39,-0.21,-1.2813,130875.86,211479.903
002527.SZ,20260226,16.39,16.43,16.16,16.39,16.38,0.01,0.0611,157399.43,256193.259
002527.SZ,20260225,16.33,16.55,16.29,16.38,16.35,0.03,0.1835,93522.46,153170.382
002527.SZ,20260224,16.94,16.94,16.28,16.35,16.67,-0.32,-1.9196,175465.1,288287.811
002527.SZ,20260213,16.5,16.8,16.46,16.67,16.55,0.12,0.7251,129310.23,215791.184
002527.SZ,20260212,16.55,16.71,16.48,16.55,16.52,0.03,0.1816,94810.54,157432.214
002527.SZ,20260211,16.63,16.71,16.51,16.52,16.71,-0.19,-1.137,96180.43,159433.008
002527.SZ,20260210,16.59,16.85,16.54,16.71,16.66,0.05,0.3001,137519.56,229259.965
002527.SZ,20260209,16.85,16.91,16.49,16.66,16.62,0.04,0.2407,137474.56,228339.114
002527.SZ,20260206,15.97,16.99,15.86,16.62,16.07,0.55,3.4225,232484.27,384702.379
002527.SZ,20260205,16.16,16.3,16.01,16.07,16.26,-0.19,-1.1685,119948.23,193402.657
002527.SZ,20260204,16.5,16.53,16.18,16.26,16.59,-0.33,-1.9892,130197.78,212807.369
002527.SZ,20260203,16.08,16.6,15.85,16.59,15.91,0.68,4.274,205270.44,334442.123
002527.SZ,20260202,16.08,16.42,15.91,15.91,16.08,-0.17,-1.0572,184342.14,298718.679
002527.SZ,20260130,16.0,16.3,15.73,16.08,16.1,-0.02,-0.1242,189840.0,303756.639
002527.SZ,20260129,16.55,16.67,16.09,16.1,16.55,-0.45,-2.719,215213.94,351744.122
002527.SZ,20260128,16.91,17.04,16.51,16.55,17.08,-0.53,-3.103,208443.64,347111.437
002527.SZ,20260127,17.12,17.23,16.46,17.08,17.3,-0.22,-1.2717,260445.73,438741.133
002527.SZ,20260126,18.35,18.52,17.17,17.3,18.06,-0.76,-4.2082,367346.77,649014.752
002527.SZ,20260123,17.56,18.06,17.56,18.06,17.63,0.43,2.439,357507.63,636935.231
002527.SZ,20260122,17.85,18.07,17.5,17.63,17.53,0.1,0.5705,348889.12,617064.259
002527.SZ,20260121,17.5,17.85,17.3,17.53,17.73,-0.2,-1.128,558703.01,984159.667
002527.SZ,20260120,17.71,18.5,17.61,17.73,16.82,0.91,5.4102,935137.16,1692802.914
002527.SZ,20260119,17.13,17.25,16.77,16.82,16.93,-0.11,-0.6497,268688.32,454801.106
002527.SZ,20260116,16.45,16.97,16.36,16.93,16.41,0.52,3.1688,333916.11,559670.54
002527.SZ,20260115,16.3,16.5,16.22,16.41,16.45,-0.04,-0.2432,173518.96,283623.544
002527.SZ,20260114,16.62,16.85,16.2,16.45,16.64,-0.19,-1.1418,290770.23,482679.091
002527.SZ,20260113,17.11,17.27,16.5,16.64,17.1,-0.46,-2.6901,337269.87,566901.24
002527.SZ,20260112,16.91,17.13,16.74,17.1,16.72,0.38,2.2727,356870.57,604997.675
002527.SZ,20260109,16.68,16.91,16.6,16.72,16.85,-0.13,-0.7715,331357.01,554320.666
002527.SZ,20260108,16.63,17.18,16.51,16.85,16.42,0.43,2.6188,472313.9,794802.973
002527.SZ,20260107,16.47,16.76,16.35,16.42,16.67,-0.25,-1.4997,338151.25,558523.44
002527.SZ,20260106,17.0,17.12,16.64,16.67,16.96,-0.29,-1.7099,459769.45,773079.753
002527.SZ,20260105,17.35,17.64,16.92,16.96,17.74,-0.78,-4.3968,632544.99,1082103.447
002527.SZ,20251231,18.58,18.58,17.52,17.74,17.15,0.59,3.4402,1072667.98,1920942.373
002527.SZ,20251230,15.89,17.15,15.89,17.15,15.59,1.56,10.0064,357078.98,599731.08
002527.SZ,20251229,15.71,15.72,15.25,15.59,15.34,0.25,1.6297,291135.14,453015.691
002527.SZ,20251226,15.21,15.7,15.1,15.34,15.18,0.16,1.054,298588.65,457551.443
002527.SZ,20251225,15.06,15.42,15.0,15.18,14.95,0.23,1.5385,223403.0,340719.905
002527.SZ,20251224,14.92,15.08,14.86,14.95,14.92,0.03,0.2011,78713.0,117941.306
002527.SZ,20251223,15.36,15.36,14.91,14.92,15.34,-0.42,-2.7379,84224.44,127042.476
002527.SZ,20251222,15.17,15.43,15.16,15.34,15.07,0.27,1.7916,79455.66,121700.483
002527.SZ,20251219,14.74,15.15,14.7,15.07,14.75,0.32,2.1695,82222.01,123757.702
002527.SZ,20251218,14.78,15.01,14.72,14.75,14.95,-0.2,-1.3378,66643.01,98958.526
002527.SZ,20251217,14.6,14.97,14.54,14.95,14.64,0.31,2.1175,90646.7,133630.758
002527.SZ,20251216,14.91,14.97,14.55,14.64,14.95,-0.31,-2.0736,91556.55,134431.576
002527.SZ,20251215,15.33,15.33,14.87,14.95,15.4,-0.45,-2.9221,122659.5,184694.217
002527.SZ,20251212,15.46,15.54,15.21,15.4,15.47,-0.07,-0.4525,82920.62,127627.237
002527.SZ,20251211,15.93,15.95,15.46,15.47,15.87,-0.4,-2.5205,84509.35,131923.949
002527.SZ,20251210,15.92,15.94,15.64,15.87,15.9,-0.03,-0.1887,84986.08,134106.525
002527.SZ,20251209,16.16,16.3,15.87,15.9,16.24,-0.34,-2.0936,100313.62,160736.924
002527.SZ,20251208,16.39,16.51,16.23,16.24,16.34,-0.1,-0.612,124961.21,203886.377
002527.SZ,20251205,15.6,16.38,15.52,16.34,15.58,0.76,4.878,159995.5,256064.72
002527.SZ,20251204,15.85,15.95,15.46,15.58,15.48,0.1,0.646,130555.48,204710.56
002527.SZ,20251203,15.66,15.75,15.35,15.48,15.63,-0.15,-0.9597,80035.18,123862.897
002527.SZ,20251202,16.16,16.17,15.57,15.63,16.2,-0.57,-3.5185,140991.0,222197.471
002527.SZ,20251201,16.01,16.29,15.91,16.2,16.04,0.16,0.9975,81924.72,132425.59
002527.SZ,20251128,16.01,16.19,15.89,16.04,16.0,0.04,0.25,77393.52,124280.117
002527.SZ,20251127,16.06,16.28,16.0,16.0,16.25,-0.25,-1.5385,67745.13,109241.863
002527.SZ,20251126,16.15,16.56,16.04,16.25,16.15,0.1,0.6192,105877.1,172407.006
002527.SZ,20251125,16.1,16.48,16.06,16.15,15.97,0.18,1.1271,71459.56,116191.964
002527.SZ,20251124,16.01,16.14,15.78,15.97,15.96,0.01,0.0627,95601.12,152548.373
002527.SZ,20251121,16.19,16.35,15.9,15.96,16.35,-0.39,-2.3853,110083.72,177132.625
002527.SZ,20251120,16.66,16.74,16.3,16.35,16.56,-0.21,-1.2681,57067.24,93881.33
002527.SZ,20251119,16.81,16.82,16.44,16.56,16.81,-0.25,-1.4872,75594.83,125421.121
002527.SZ,20251118,16.91,17.0,16.71,16.81,17.01,-0.2,-1.1758,62271.75,104878.994
002527.SZ,20251117,17.01,17.18,16.87,17.01,17.08,-0.07,-0.4098,60540.74,102843.872
002527.SZ,20251114,16.99,17.4,16.85,17.08,17.09,-0.01,-0.0585,81227.94,139241.206
002527.SZ,20251113,16.92,17.12,16.85,17.09,16.98,0.11,0.6478,76244.89,129678.046
002527.SZ,20251112,17.59,17.59,16.9,16.98,17.62,-0.64,-3.6322,110966.49,190158.239
002527.SZ,20251111,17.36,17.77,17.25,17.62,17.23,0.39,2.2635,129813.47,227240.687
002527.SZ,20251110,17.36,17.6,17.15,17.23,17.38,-0.15,-0.8631,117259.1,203225.683
002527.SZ,20251107,17.94,18.0,17.35,17.38,17.94,-0.56,-3.1215,143285.0,250417.638
002527.SZ,20251106,17.77,18.15,17.63,17.94,17.62,0.32,1.8161,105877.43,189469.84
002527.SZ,20251105,17.5,17.85,17.43,17.62,17.8,-0.18,-1.0112,103133.11,182085.47
002527.SZ,20251104,18.24,18.25,17.55,17.8,18.24,-0.44,-2.4123,153387.85,272508.507
002527.SZ,20251103,18.07,18.37,17.88,18.24,18.05,0.19,1.0526,148245.17,268963.406
002527.SZ,20251031,17.75,18.3,17.68,18.05,17.72,0.33,1.8623,138178.65,250123.088
002527.SZ,20251030,18.12,18.13,17.7,17.72,18.1,-0.38,-2.0994,124032.37,221430.365
002527.SZ,20251029,18.07,18.22,17.85,18.1,17.96,0.14,0.7795,117728.35,212322.712
002527.SZ,20251028,18.19,18.2,17.81,17.96,18.18,-0.22,-1.2101,140436.65,252367.441
002527.SZ,20251027,18.38,18.58,18.05,18.18,18.33,-0.15,-0.8183,183766.8,335022.973
002527.SZ,20251024,17.92,18.67,17.79,18.33,17.9,0.43,2.4022,217031.04,395154.228
002527.SZ,20251023,17.56,18.24,17.32,17.9,17.7,0.2,1.1299,224297.91,398428.793
002527.SZ,20251022,17.78,18.1,17.6,17.7,17.87,-0.17,-0.9513,137314.94,244627.402
002527.SZ,20251021,17.81,18.05,17.35,17.87,17.77,0.1,0.5627,171903.0,304989.076
002527.SZ,20251020,17.38,18.55,17.17,17.77,17.13,0.64,3.7361,278372.99,498724.082
002527.SZ,20251017,17.55,17.65,17.03,17.13,17.59,-0.46,-2.6151,213349.08,368272.748
002527.SZ,20251016,17.98,18.08,17.54,17.59,18.08,-0.49,-2.7102,154923.54,275603.404
002527.SZ,20251015,17.7,18.1,17.41,18.08,17.68,0.4,2.2624,200958.48,357069.57
002527.SZ,20251014,18.76,18.88,17.6,17.68,18.63,-0.95,-5.0993,278286.45,505109.444
002527.SZ,20251013,18.01,19.48,17.61,18.63,18.91,-0.28,-1.4807,337876.28,625275.989
002527.SZ,20251010,20.02,20.28,18.84,18.91,19.86,-0.95,-4.7835,308373.35,601786.425
002527.SZ,20251009,20.95,21.23,19.68,19.86,20.48,-0.62,-3.0273,374824.7,753769.278
002527.SZ,20250930,20.28,20.97,20.17,20.48,19.52,0.96,4.918,429467.36,882102.656
002527.SZ,20250929,19.57,19.76,19.09,19.52,19.74,-0.22,-1.1145,230822.67,448132.657
002527.SZ,20250926,19.93,20.44,19.74,19.74,20.33,-0.59,-2.9021,287051.04,573228.652
002527.SZ,20250925,20.3,20.68,20.01,20.33,19.73,0.6,3.0411,434626.57,882719.698
002527.SZ,20250924,19.54,19.94,19.18,19.73,19.58,0.15,0.7661,252949.99,496403.136
002527.SZ,20250923,20.09,20.57,19.01,19.58,19.89,-0.31,-1.5586,351827.44,689297.506
002527.SZ,20250922,20.05,20.47,19.6,19.89,19.88,0.01,0.0503,311783.88,620514.83
002527.SZ,20250919,20.5,20.5,19.65,19.88,20.39,-0.51,-2.5012,291461.94,582555.502
002527.SZ,20250918,20.91,21.25,20.11,20.39,20.9,-0.51,-2.4402,456228.28,946646.458
002527.SZ,20250917,20.9,21.86,20.79,20.9,21.03,-0.13,-0.6182,526132.14,1115055.288
002527.SZ,20250916,20.24,21.2,20.0,21.03,20.23,0.8,3.9545,600047.97,1241836.864
002527.SZ,20250915,19.98,20.66,19.78,20.23,20.14,0.09,0.4469,523596.49,1055810.864
002527.SZ,20250912,20.1,20.86,19.88,20.14,19.72,0.42,2.1298,876832.46,1776520.015
002527.SZ,20250911,18.51,19.72,18.51,19.72,17.93,1.79,9.9833,469067.15,908907.254
002527.SZ,20250910,17.51,18.45,17.41,17.93,17.6,0.33,1.875,387909.27,697536.66
002527.SZ,20250909,16.85,18.0,16.58,17.6,16.93,0.67,3.9575,467970.34,819847.38
002527.SZ,20250908,16.36,17.3,16.35,16.93,16.35,0.58,3.5474,262008.41,444469.416
002527.SZ,20250905,15.73,16.39,15.65,16.35,15.72,0.63,4.0076,199442.69,321483.389
002527.SZ,20250904,16.26,16.56,15.46,15.72,16.26,-0.54,-3.321,223582.17,358548.765
002527.SZ,20250903,16.93,17.33,16.22,16.26,16.68,-0.42,-2.518,249614.46,418746.534
002527.SZ,20250902,16.66,17.05,15.7,16.68,16.52,0.16,0.9685,416941.48,681007.157
002527.SZ,20250901,16.8,17.34,16.33,16.52,16.57,-0.05,-0.3018,233462.65,388816.581
002527.SZ,20250829,16.67,16.9,16.34,16.57,16.68,-0.11,-0.6595,170465.17,282913.33
002527.SZ,20250828,16.78,16.85,16.08,16.68,16.78,-0.1,-0.5959,276081.19,455545.788
002527.SZ,20250827,17.48,17.9,16.74,16.78,17.46,-0.68,-3.8946,232222.76,404221.25
002527.SZ,20250826,17.58,17.68,17.25,17.46,17.73,-0.27,-1.5228,176634.18,308282.971
002527.SZ,20250825,17.39,18.09,17.38,17.73,17.18,0.55,3.2014,358786.57,637933.267
002527.SZ,20250822,16.89,17.25,16.8,17.18,16.88,0.3,1.7773,212849.26,362116.232
002527.SZ,20250821,17.69,17.75,16.79,16.88,17.65,-0.77,-4.3626,271592.87,465635.303
002527.SZ,20250820,17.6,17.97,17.47,17.65,17.7,-0.05,-0.2825,208491.15,368889.653
002527.SZ,20250819,17.22,18.1,16.96,17.7,17.22,0.48,2.7875,391772.64,686748.479
002527.SZ,20250818,17.29,17.64,17.18,17.22,17.18,0.04,0.2328,196786.4,340865.672
002527.SZ,20250815,16.95,17.25,16.82,17.18,16.94,0.24,1.4168,145044.34,248023.974
002527.SZ,20250814,17.42,17.45,16.65,16.94,17.37,-0.43,-2.4755,185164.97,315335.751
002527.SZ,20250813,16.88,17.42,16.82,17.37,16.85,0.52,3.0861,223192.64,382893.407
002527.SZ,20250812,16.93,16.95,16.63,16.85,17.0,-0.15,-0.8824,137096.63,230111.93
002527.SZ,20250811,16.96,17.18,16.9,17.0,16.92,0.08,0.4728,157519.39,268365.056
002527.SZ,20250808,17.12,17.24,16.88,16.92,17.21,-0.29,-1.6851,161349.7,274458.176
002527.SZ,20250807,17.68,17.72,17.17,17.21,17.83,-0.62,-3.4773,270266.15,468493.825
002527.SZ,20250806,17.2,18.08,17.0,17.83,17.29,0.54,3.1232,398258.44,704392.61
002527.SZ,20250805,17.11,17.68,16.96,17.29,17.09,0.2,1.1703,249021.38,431226.397
002527.SZ,20250804,16.43,17.18,16.43,17.09,16.55,0.54,3.2628,200244.55,337163.978
002527.SZ,20250801,16.8,17.24,16.52,16.55,16.67,-0.12,-0.7199,204675.1,344465.436
002527.SZ,20250731,16.65,17.03,16.55,16.67,16.74,-0.07,-0.4182,155871.72,261697.767
002527.SZ,20250730,16.98,17.07,16.6,16.74,16.88,-0.14,-0.8294,154317.17,259471.08
002527.SZ,20250729,17.11,17.18,16.75,16.88,17.2,-0.32,-1.8605,158950.2,268542.748
002527.SZ,20250728,17.38,17.48,17.05,17.2,17.38,-0.18,-1.0357,253298.53,437685.429
002527.SZ,20250725,16.18,17.58,16.14,17.38,16.18,1.2,7.4166,476767.88,815312.348
002527.SZ,20250724,16.0,16.37,15.92,16.18,15.96,0.22,1.3784,154687.08,250917.561
002527.SZ,20250723,16.11,16.29,15.9,15.96,16.22,-0.26,-1.603,163522.34,262392.673
002527.SZ,20250722,16.5,16.55,16.17,16.22,16.47,-0.25,-1.5179,230868.01,376890.114
002527.SZ,20250721,16.02,16.48,15.95,16.47,15.81,0.66,4.1746,372562.12,605916.915
002527.SZ,20250718,16.5,16.77,15.7,15.81,16.12,-0.31,-1.9231,301621.23,482002.473
002527.SZ,20250717,16.16,16.3,15.94,16.12,16.25,-0.13,-0.8,296633.82,477791.279
002527.SZ,20250716,15.79,16.28,15.5,16.25,15.78,0.47,2.9785,448597.63,715720.682
002527.SZ,20250715,15.97,16.05,15.42,15.78,15.79,-0.01,-0.0633,553404.57,869977.209
002527.SZ,20250714,14.57,15.79,14.57,15.79,14.35,1.44,10.0348,592150.69,900073.53
002527.SZ,20250711,14.06,14.43,13.92,14.35,14.14,0.21,1.4851,153559.42,218186.066
002527.SZ,20250710,14.06,14.18,13.95,14.14,14.17,-0.03,-0.2117,119529.06,167951.813
002527.SZ,20250709,14.47,14.59,14.15,14.17,14.12,0.05,0.3541,184779.72,265504.297
002527.SZ,20250708,13.85,14.4,13.82,14.12,13.89,0.23,1.6559,120896.56,171067.989
002527.SZ,20250707,14.0,14.02,13.7,13.89,14.02,-0.13,-0.9272,97526.0,134933.98
002527.SZ,20250704,14.18,14.2,14.0,14.02,14.2,-0.18,-1.2676,112821.0,158944.169
002527.SZ,20250703,14.23,14.48,14.16,14.2,14.37,-0.17,-1.183,113393.86,161705.374
002527.SZ,20250702,14.4,14.8,14.09,14.37,14.41,-0.04,-0.2776,206415.1,297471.568
002527.SZ,20250701,14.67,14.67,14.35,14.41,14.59,-0.18,-1.2337,110690.02,160086.666
002527.SZ,20250630,14.5,14.66,14.42,14.59,14.46,0.13,0.899,124477.43,180931.404
002527.SZ,20250627,14.59,14.68,14.35,14.46,14.59,-0.13,-0.891,167810.82,242656.357
002527.SZ,20250626,15.36,15.36,14.58,14.59,15.06,-0.47,-3.1208,287417.38,426053.241
002527.SZ,20250625,14.92,15.1,14.85,15.06,15.02,0.04,0.2663,238768.19,358266.308
002527.SZ,20250624,14.48,15.05,14.42,15.02,14.48,0.54,3.7293,271041.28,403048.839
002527.SZ,20250623,14.0,14.68,13.92,14.48,14.16,0.32,2.2599,202031.47,290399.542
002527.SZ,20250620,13.98,14.87,13.93,14.16,13.93,0.23,1.6511,309510.06,442838.081
002527.SZ,20250619,14.13,14.37,13.91,13.93,14.19,-0.26,-1.8323,118258.02,167345.238
002527.SZ,20250618,14.06,14.25,13.88,14.19,14.12,0.07,0.4958,113198.79,159406.285
002527.SZ,20250617,14.23,14.28,14.0,14.12,14.25,-0.13,-0.9123,101472.48,143324.891
002527.SZ,20250616,14.25,14.46,14.16,14.25,14.34,-0.09,-0.6276,102181.0,145638.889
002527.SZ,20250613,14.44,14.7,14.27,14.34,14.58,-0.24,-1.6461,137450.5,198255.5
002527.SZ,20250612,14.76,14.9,14.5,14.58,14.75,-0.17,-1.1525,127116.0,186529.762
002527.SZ,20250611,14.68,14.87,14.67,14.75,14.7,0.05,0.3401,80531.72,118876.534
002527.SZ,20250610,14.8,14.91,14.48,14.7,14.8,-0.1,-0.6757,109237.3,160437.529
002527.SZ,20250609,14.75,15.01,14.73,14.8,14.76,0.04,0.271,99976.38,148467.222
002527.SZ,20250606,14.89,14.95,14.63,14.76,14.87,-0.11,-0.7397,101438.5,149980.339
002527.SZ,20250605,14.8,14.93,14.63,14.87,14.75,0.12,0.8136,111862.29,165684.559
002527.SZ,20250604,14.82,14.94,14.67,14.75,14.82,-0.07,-0.4723,92369.0,136596.347
002527.SZ,20250603,14.5,14.95,14.46,14.82,14.66,0.16,1.0914,120296.14,177447.276
002527.SZ,20250530,14.89,14.9,14.55,14.66,14.91,-0.25,-1.6767,121419.0,177757.08
002527.SZ,20250529,14.91,15.22,14.89,14.91,14.99,-0.08,-0.5337,158464.33,237827.413
002527.SZ,20250528,15.08,15.26,14.96,14.99,15.15,-0.16,-1.0561,110109.54,165908.638
002527.SZ,20250527,15.44,15.44,14.95,15.15,15.44,-0.29,-1.8782,159708.5,241002.86
002527.SZ,20250526,15.21,15.61,15.0,15.44,15.35,0.09,0.5863,170541.16,261306.608
002527.SZ,20250523,15.3,15.99,15.28,15.35,15.4,-0.05,-0.3247,263861.87,411228.415
002527.SZ,20250522,15.63,15.91,15.35,15.4,15.41,-0.01,-0.0649,193792.14,301263.301
002527.SZ,20250521,15.56,15.88,15.22,15.41,15.5,-0.09,-0.5806,203716.14,315527.319
002527.SZ,20250520,15.56,15.68,15.23,15.5,15.64,-0.14,-0.8951,165911.74,256453.535
002527.SZ,20250519,16.19,16.36,15.4,15.64,16.07,-0.43,-2.6758,232464.5,365306.187
002527.SZ,20250516,15.87,16.32,15.76,16.07,15.91,0.16,1.0057,242059.18,390642.968
002527.SZ,20250515,15.94,16.19,15.64,15.91,16.23,-0.32,-1.9717,268623.52,426518.5
002527.SZ,20250514,16.31,16.82,16.08,16.23,16.4,-0.17,-1.0366,308586.23,505159.764
002527.SZ,20250513,16.54,16.89,16.35,16.4,16.45,-0.05,-0.304,345531.0,572630.56
002527.SZ,20250512,16.25,16.53,15.81,16.45,15.9,0.55,3.4591,497502.5,804431.406
002527.SZ,20250509,16.61,16.83,15.78,15.9,16.52,-0.62,-3.753,594283.46,955250.998
002527.SZ,20250508,16.61,17.29,16.31,16.52,16.5,0.02,0.1212,835730.91,1398282.534
002527.SZ,20250507,15.57,16.79,15.31,16.5,15.28,1.22,7.9843,845591.23,1364878.936
002527.SZ,20250506,14.55,15.85,14.44,15.28,14.43,0.85,5.8905,549709.11,827939.492
002527.SZ,20250430,13.96,14.55,13.8,14.43,13.95,0.48,3.4409,448193.63,637353.543
002527.SZ,20250429,12.92,14.26,12.79,13.95,12.99,0.96,7.3903,523072.7,711770.08
002527.SZ,20250428,12.91,13.76,12.86,12.99,12.71,0.28,2.203,383986.3,505263.812
002527.SZ,20250425,12.73,12.9,12.58,12.71,12.73,-0.02,-0.1571,109547.0,139355.401
002527.SZ,20250424,12.97,13.2,12.7,12.73,12.96,-0.23,-1.7747,182672.76,236087.99
002527.SZ,20250423,12.8,13.13,12.8,12.96,12.71,0.25,1.967,249167.05,323481.099
002527.SZ,20250422,12.87,12.91,12.64,12.71,12.91,-0.2,-1.5492,161359.0,206011.332
002527.SZ,20250421,12.36,13.14,12.22,12.91,12.36,0.55,4.4498,252835.33,322429.458
002527.SZ,20250418,12.32,12.39,12.15,12.36,12.25,0.11,0.898,93673.53,114964.213
002527.SZ,20250417,12.26,12.51,12.24,12.25,12.29,-0.04,-0.3255,111955.0,138630.403
002527.SZ,20250416,12.62,12.9,12.18,12.29,12.63,-0.34,-2.692,171539.1,214114.994
002527.SZ,20250415,12.59,12.78,12.43,12.63,12.63,0.0,0.0,143817.0,181224.467
002527.SZ,20250414,12.66,12.85,12.55,12.63,12.44,0.19,1.5273,182756.0,231658.364
002527.SZ,20250411,12.02,12.59,12.02,12.44,12.21,0.23,1.8837,201389.7,250130.582
002527.SZ,20250410,12.15,12.65,12.06,12.21,11.95,0.26,2.1757,264107.21,326810.112
002527.SZ,20250409,11.52,12.06,10.66,11.95,11.74,0.21,1.7888,315904.41,362812.908
002527.SZ,20250408,12.23,12.37,11.3,11.74,12.3,-0.56,-4.5528,416530.34,490001.148
002527.SZ,20250407,12.5,12.93,12.3,12.3,13.67,-1.37,-10.0219,266850.0,330533.239
002527.SZ,20250403,13.83,14.25,13.66,13.67,13.84,-0.17,-1.2283,239933.0,333526.078
002527.SZ,20250402,14.1,14.23,13.83,13.84,14.0,-0.16,-1.1429,233562.72,326647.239
002527.SZ,20250401,14.13,14.28,13.89,14.0,14.05,-0.05,-0.3559,185857.03,260276.718
002527.SZ,20250331,13.98,14.29,13.5,14.05,14.1,-0.05,-0.3546,322352.8,444638.779
002527.SZ,20250328,14.43,14.77,14.1,14.1,14.42,-0.32,-2.2191,287406.0,411722.546
002527.SZ,20250327,15.07,15.28,14.38,14.42,15.08,-0.66,-4.3767,614399.0,909515.864
002527.SZ,20250326,14.0,15.59,14.0,15.08,14.17,0.91,6.422,991187.38,1503327.54
002527.SZ,20250325,14.2,14.82,14.03,14.17,13.96,0.21,1.5043,384514.0,550377.814
002527.SZ,20250324,14.3,14.35,13.61,13.96,14.33,-0.37,-2.582,350667.75,486903.499
002527.SZ,20250321,15.0,15.0,14.24,14.33,15.07,-0.74,-4.9104,451477.51,654014.282
002527.SZ,20250320,15.1,15.5,14.8,15.07,15.24,-0.17,-1.1155,669206.05,1012130.176
002527.SZ,20250319,15.17,15.61,14.73,15.24,14.66,0.58,3.9563,924706.59,1403958.337
002527.SZ,20250318,14.56,14.79,14.43,14.66,14.55,0.11,0.756,342545.0,500232.703
002527.SZ,20250317,14.5,14.68,14.33,14.55,14.48,0.07,0.4834,282582.62,410017.488
002527.SZ,20250314,14.45,14.58,14.16,14.48,14.38,0.1,0.6954,344536.0,495259.327
002527.SZ,20250313,15.37,15.46,14.24,14.38,15.46,-1.08,-6.9858,609863.24,890642.435
002527.SZ,20250312,15.59,15.74,15.37,15.46,15.5,-0.04,-0.2581,381405.29,592768.152
002527.SZ,20250311,15.42,15.79,15.22,15.5,15.77,-0.27,-1.7121,412506.52,637486.864
002527.SZ,20250310,15.66,15.99,15.56,15.77,15.79,-0.02,-0.1267,414719.67,653493.685
002527.SZ,20250307,15.62,16.29,15.62,15.79,15.74,0.05,0.3177,553589.62,879965.21
002527.SZ,20250306,15.8,16.16,15.65,15.74,15.63,0.11,0.7038,708085.18,1124910.556
002527.SZ,20250305,15.58,15.75,15.16,15.63,15.49,0.14,0.9038,614334.63,950641.561
002527.SZ,20250304,15.18,15.75,15.1,15.49,15.52,-0.03,-0.1933,733195.53,1136334.57
002527.SZ,20250303,16.93,17.19,15.52,15.52,17.24,-1.72,-9.9768,967181.9,1532474.696
002527.SZ,20250228,18.9,19.35,17.01,17.24,18.9,-1.66,-8.7831,1478633.81,2627460.975
002527.SZ,20250227,17.58,19.19,17.58,18.9,17.76,1.14,6.4189,1646909.64,3057551.803
002527.SZ,20250226,18.33,19.19,17.5,17.76,18.31,-0.55,-3.0038,1789971.38,3302429.632
002527.SZ,20250225,18.44,19.6,18.28,18.31,18.0,0.31,1.7222,2172136.02,4094288.115
002527.SZ,20250224,18.0,18.0,18.0,18.0,16.36,1.64,10.0244,83277.05,149898.69
002527.SZ,20250221,16.36,16.36,16.36,16.36,14.87,1.49,10.0202,83550.38,136688.422
002527.SZ,20250220,14.87,14.87,14.87,14.87,13.52,1.35,9.9852,38748.78,57619.436
002527.SZ,20250219,13.52,13.52,13.52,13.52,12.29,1.23,10.0081,29729.5,40194.284
002527.SZ,20250218,12.29,12.29,12.29,12.29,11.17,1.12,10.0269,26290.0,32310.41
002527.SZ,20250217,11.17,11.17,11.17,11.17,10.15,1.02,10.0493,38209.1,42679.565
002527.SZ,20250207,10.14,10.3,9.97,10.15,10.17,-0.02,-0.1967,418253.87,423623.311
002527.SZ,20250206,9.7,10.27,9.61,10.17,9.73,0.44,4.5221,399392.42,403124.973
002527.SZ,20250205,9.56,9.8,9.5,9.73,9.36,0.37,3.953,283573.4,273798.522
002527.SZ,20250127,9.86,9.94,9.31,9.36,9.85,-0.49,-4.9746,291610.46,277997.603
002527.SZ,20250124,9.61,9.92,9.46,9.85,9.73,0.12,1.2333,353339.37,343371.842
002527.SZ,20250123,9.63,9.89,9.46,9.73,9.53,0.2,2.0986,447878.13,435004.64
002527.SZ,20250122,9.64,9.96,9.42,9.53,9.64,-0.11,-1.1411,424468.0,411811.972
002527.SZ,20250121,9.52,9.74,9.35,9.64,9.5,0.14,1.4737,319223.31,305627.122
002527.SZ,20250120,9.3,9.8,9.3,9.5,9.34,0.16,1.7131,336882.0,321536.342
002527.SZ,20250117,9.31,9.59,9.24,9.34,9.33,0.01,0.1072,243804.0,229402.688
002527.SZ,20250116,9.46,9.65,9.21,9.33,9.46,-0.13,-1.3742,275705.0,259674.672
002527.SZ,20250115,9.63,9.66,9.35,9.46,9.45,0.01,0.1058,351004.0,333022.763
002527.SZ,20250114,8.7,9.55,8.66,9.45,8.72,0.73,8.3716,437988.0,403730.929
002527.SZ,20250113,8.43,8.92,8.33,8.72,8.67,0.05,0.5767,261736.0,227021.679
002527.SZ,20250110,8.85,9.21,8.65,8.67,8.84,-0.17,-1.9231,369322.03,330484.768
002527.SZ,20250109,8.4,8.92,8.4,8.84,8.51,0.33,3.8778,340834.97,299176.21
002747.SZ,20260702,42.81,42.81,39.05,40.7,41.06,-0.36,-0.8768,1756093.88,7230978.49105
002747.SZ,20260701,39.01,41.06,39.01,41.06,37.33,3.73,9.992,541481.17,2197218.33885
002747.SZ,20260630,34.63,37.33,33.48,37.33,33.94,3.39,9.9882,686299.91,2452028.78624
002747.SZ,20260629,35.02,36.23,32.93,33.94,34.67,-0.73,-2.1056,792023.26,2719871.7475
002747.SZ,20260626,35.8,36.88,34.58,34.67,36.87,-2.2,-5.9669,967451.7,3422097.38281
002747.SZ,20260625,37.41,39.8,35.45,36.87,37.62,-0.75,-1.9936,1233380.92,4639573.33138
002747.SZ,20260624,37.2,38.99,36.62,37.62,38.25,-0.63,-1.6471,1083085.38,4079035.4953
002747.SZ,20260623,36.45,38.99,35.01,38.25,37.19,1.06,2.8502,1326180.29,4997602.44908
002747.SZ,20260622,36.6,38.05,35.58,37.19,36.5,0.69,1.8904,1374104.76,5063448.918
002747.SZ,20260618,33.53,36.5,33.29,36.5,33.18,3.32,10.006,729034.84,2578064.70819
002747.SZ,20260617,33.68,34.28,32.8,33.18,33.9,-0.72,-2.1239,783462.18,2616954.46203
002747.SZ,20260616,33.12,34.83,32.3,33.9,33.23,0.67,2.0163,1082931.54,3650547.27313
002747.SZ,20260615,32.79,33.39,31.87,33.23,32.22,1.01,3.1347,891380.92,2931338.8655
002747.SZ,20260612,33.74,35.68,32.06,32.22,33.35,-1.13,-3.3883,1129969.56,3786313.31551
002747.SZ,20260611,35.0,35.64,32.9,33.35,35.8,-2.45,-6.8436,1165707.59,3935602.7798
002747.SZ,20260610,39.66,39.9,35.31,35.8,37.53,-1.73,-4.6096,1940058.19,7248661.8103
002747.SZ,20260609,36.01,37.53,35.2,37.53,34.12,3.41,9.9941,758853.54,2777157.76036
002747.SZ,20260608,30.4,34.12,30.36,34.12,31.02,3.1,9.9936,1128945.71,3679820.423
002747.SZ,20260605,29.47,32.0,28.11,31.02,29.49,1.53,5.1882,960222.9,2896509.134
002747.SZ,20260604,28.5,30.77,28.38,29.49,29.04,0.45,1.5496,915894.18,2723019.634
002747.SZ,20260603,26.98,29.66,26.54,29.04,26.96,2.08,7.7151,1073894.12,3098319.273
002747.SZ,20260602,27.26,28.17,26.92,26.96,26.77,0.19,0.7097,476597.44,1305929.68
002747.SZ,20260601,27.55,27.88,26.75,26.77,27.72,-0.95,-3.4271,540280.01,1470221.604
002747.SZ,20260529,28.32,29.87,27.54,27.72,28.32,-0.6,-2.1186,676894.43,1927100.849
002747.SZ,20260528,28.2,28.71,27.32,28.32,28.43,-0.11,-0.3869,844706.0,2365162.533
002747.SZ,20260527,28.9,30.18,28.25,28.43,30.03,-1.6,-5.328,940357.52,2723162.342
002747.SZ,20260526,28.61,30.45,28.46,30.03,28.61,1.42,4.9633,1197984.34,3521660.054
002747.SZ,20260525,28.86,30.5,28.15,28.61,29.07,-0.46,-1.5824,1023029.37,2966023.449
002747.SZ,20260522,28.35,29.33,27.5,29.07,28.7,0.37,1.2892,1216898.52,3478161.839
002747.SZ,20260521,26.39,28.71,26.16,28.7,26.1,2.6,9.9617,1117282.77,3142669.73
002747.SZ,20260520,26.6,26.79,26.0,26.1,26.86,-0.76,-2.8295,492775.97,1292486.45
002747.SZ,20260519,26.0,26.96,25.8,26.86,26.07,0.79,3.0303,599551.16,1594763.181
002747.SZ,20260518,25.43,26.56,25.15,26.07,25.43,0.64,2.5167,742759.77,1936535.654
002747.SZ,20260515,23.67,26.11,23.67,25.43,23.74,1.69,7.1188,881468.07,2236411.142
002747.SZ,20260514,24.18,24.45,23.72,23.74,24.2,-0.46,-1.9008,286303.02,687998.287
002747.SZ,20260513,24.43,24.51,24.02,24.2,24.57,-0.37,-1.5059,300116.61,725891.674
002747.SZ,20260512,24.19,24.74,24.03,24.57,24.23,0.34,1.4032,352522.29,863482.512
002747.SZ,20260511,24.09,24.41,23.62,24.23,24.08,0.15,0.6229,412442.51,991965.311
002747.SZ,20260508,23.25,24.51,23.12,24.08,23.46,0.62,2.6428,449539.0,1080288.696
002747.SZ,20260507,23.11,23.47,22.76,23.46,22.83,0.63,2.7595,294078.83,685348.792
002747.SZ,20260506,22.31,23.3,22.28,22.83,21.87,0.96,4.3896,379965.91,869547.617
002747.SZ,20260430,21.51,22.09,21.51,21.87,20.8,1.07,5.1442,331035.12,722574.65
002747.SZ,20260429,20.34,20.84,20.27,20.8,20.38,0.42,2.0608,101437.04,209388.785
002747.SZ,20260428,20.91,20.92,20.25,20.38,20.95,-0.57,-2.7208,99554.0,204296.837
002747.SZ,20260427,20.6,21.17,20.54,20.95,20.62,0.33,1.6004,96026.46,201223.601
002747.SZ,20260424,20.76,20.95,20.43,20.62,20.87,-0.25,-1.1979,90304.18,186249.277
002747.SZ,20260423,21.25,21.35,20.8,20.87,21.18,-0.31,-1.4636,100935.52,211832.024
002747.SZ,20260422,21.04,21.24,20.99,21.18,21.18,0.0,0.0,88920.07,188103.999
002747.SZ,20260421,21.35,21.41,20.97,21.18,21.43,-0.25,-1.1666,109960.65,232301.079
002747.SZ,20260420,21.37,21.58,21.25,21.43,21.37,0.06,0.2808,123882.13,265814.492
002747.SZ,20260417,21.0,21.42,20.81,21.37,20.97,0.4,1.9075,150475.09,319268.242
002747.SZ,20260416,20.81,21.02,20.81,20.97,20.72,0.25,1.2066,97517.31,204267.596
002747.SZ,20260415,21.12,21.16,20.69,20.72,20.91,-0.19,-0.9087,98157.56,205460.823
002747.SZ,20260414,20.77,20.93,20.69,20.91,20.63,0.28,1.3572,104134.69,216777.735
002747.SZ,20260413,20.35,20.75,20.28,20.63,20.47,0.16,0.7816,107096.98,220595.954
002747.SZ,20260410,20.28,20.72,20.23,20.47,20.04,0.43,2.1457,122891.73,252111.775
002747.SZ,20260409,20.27,20.28,20.01,20.04,20.5,-0.46,-2.2439,93129.56,187318.659
002747.SZ,20260408,19.91,20.5,19.88,20.5,19.41,1.09,5.6157,167378.49,338660.372
002747.SZ,20260407,19.54,19.6,19.21,19.41,19.49,-0.08,-0.4105,69680.08,135166.556
002747.SZ,20260403,19.84,19.98,19.48,19.49,19.78,-0.29,-1.4661,71454.94,140558.913
002747.SZ,20260402,20.19,20.21,19.7,19.78,20.25,-0.47,-2.321,92905.32,185170.147
002747.SZ,20260401,20.31,20.36,20.11,20.25,20.03,0.22,1.0984,82256.76,166324.69
002747.SZ,20260331,20.19,20.43,20.0,20.03,20.13,-0.1,-0.4968,97100.06,196417.691
002747.SZ,20260330,19.88,20.25,19.78,20.13,20.13,0.0,0.0,78594.64,157288.486
002747.SZ,20260327,19.78,20.28,19.7,20.13,20.09,0.04,0.1991,85972.72,172535.314
002747.SZ,20260326,20.3,20.48,19.98,20.09,20.28,-0.19,-0.9369,102023.26,206342.303
002747.SZ,20260325,20.01,20.33,20.01,20.28,20.01,0.27,1.3493,112333.74,226961.919
002747.SZ,20260324,20.15,20.2,19.46,20.01,19.78,0.23,1.1628,122690.84,242459.377
002747.SZ,20260323,20.2,20.66,19.62,19.78,20.42,-0.64,-3.1342,168759.61,340609.86
002747.SZ,20260320,20.99,21.2,20.41,20.42,21.0,-0.58,-2.7619,117466.0,243651.306
002747.SZ,20260319,21.4,21.44,20.91,21.0,21.71,-0.71,-3.2704,120703.44,255375.79
002747.SZ,20260318,21.82,21.97,21.45,21.71,21.82,-0.11,-0.5041,100120.35,216719.981
002747.SZ,20260317,22.05,22.24,21.8,21.82,21.94,-0.12,-0.5469,145482.99,320711.175
002747.SZ,20260316,21.73,21.94,21.5,21.94,21.94,0.0,0.0,136036.85,295565.93
002747.SZ,20260313,21.75,21.96,21.36,21.94,22.01,-0.07,-0.318,182648.56,396277.214
002747.SZ,20260312,22.33,22.39,21.87,22.01,22.35,-0.34,-1.5213,120151.59,265256.304
002747.SZ,20260311,22.37,22.75,22.35,22.35,22.34,0.01,0.0448,150306.14,338109.908
002747.SZ,20260310,22.1,22.41,22.08,22.34,21.88,0.46,2.1024,149816.32,333583.039
002747.SZ,20260309,21.9,22.0,21.25,21.88,22.23,-0.35,-1.5744,192217.93,414819.021
002747.SZ,20260306,21.86,22.4,21.76,22.23,21.99,0.24,1.0914,129558.0,287994.564
002747.SZ,20260305,22.26,22.3,21.82,21.99,21.55,0.44,2.0418,151981.0,334510.398
002747.SZ,20260304,21.55,21.9,21.4,21.55,21.74,-0.19,-0.874,156436.63,338779.937
002747.SZ,20260303,22.89,23.13,21.72,21.74,22.78,-1.04,-4.5654,224273.21,500277.741
002747.SZ,20260302,23.28,23.35,22.73,22.78,23.75,-0.97,-4.0842,239336.43,549404.775
002747.SZ,20260227,23.99,23.99,23.68,23.75,23.99,-0.24,-1.0004,155321.46,369287.648
002747.SZ,20260226,24.18,24.18,23.86,23.99,24.22,-0.23,-0.9496,158040.59,379501.251
002747.SZ,20260225,24.3,24.46,23.97,24.22,24.28,-0.06,-0.2471,200722.03,484790.441
002747.SZ,20260224,25.3,25.3,24.21,24.28,24.38,-0.1,-0.4102,315449.14,771799.66
002747.SZ,20260213,24.26,24.58,24.1,24.38,24.37,0.01,0.041,173497.73,423323.887
002747.SZ,20260212,24.25,24.4,24.16,24.37,24.25,0.12,0.4948,113632.56,276283.861
002747.SZ,20260211,24.34,24.5,24.11,24.25,24.38,-0.13,-0.5332,103041.54,250444.534
002747.SZ,20260210,24.08,24.55,23.92,24.38,24.01,0.37,1.541,185513.21,451455.056
002747.SZ,20260209,24.08,24.16,23.77,24.01,23.76,0.25,1.0522,119423.61,285929.689
002747.SZ,20260206,23.19,24.07,23.07,23.76,23.41,0.35,1.4951,153508.02,364135.055
002747.SZ,20260205,23.81,23.88,23.37,23.41,23.95,-0.54,-2.2547,118401.67,278951.45
002747.SZ,20260204,23.81,23.95,23.54,23.95,23.98,-0.03,-0.1251,131898.32,312952.846
002747.SZ,20260203,23.71,23.98,23.46,23.98,23.58,0.4,1.6964,154964.6,368667.855
002747.SZ,20260202,23.58,24.23,23.38,23.58,23.58,0.0,0.0,223923.23,534352.301
002747.SZ,20260130,23.72,23.9,22.92,23.58,23.85,-0.27,-1.1321,211676.14,495809.283
002747.SZ,20260129,24.25,24.44,23.74,23.85,24.36,-0.51,-2.0936,190999.48,459863.12
002747.SZ,20260128,25.0,25.09,24.22,24.36,25.15,-0.79,-3.1412,238903.99,584208.877
002747.SZ,20260127,25.19,25.29,24.5,25.15,25.37,-0.22,-0.8672,244683.87,610034.879
002747.SZ,20260126,25.87,26.47,25.2,25.37,25.73,-0.36,-1.3991,318980.42,817951.025
002747.SZ,20260123,25.71,25.99,25.44,25.73,25.47,0.26,1.0208,278618.49,714862.48
002747.SZ,20260122,25.58,25.96,25.27,25.47,25.13,0.34,1.353,291565.54,745784.63
002747.SZ,20260121,25.0,25.35,24.88,25.13,25.18,-0.05,-0.1986,189012.17,475415.052
002747.SZ,20260120,25.31,25.86,24.88,25.18,25.31,-0.13,-0.5136,233175.65,589132.708
002747.SZ,20260119,25.49,25.7,25.17,25.31,25.49,-0.18,-0.7062,235687.72,597805.703
002747.SZ,20260116,25.01,25.75,24.97,25.49,24.75,0.74,2.9899,366670.01,929447.785
002747.SZ,20260115,24.9,25.15,24.47,24.75,24.94,-0.19,-0.7618,231048.18,571983.121
002747.SZ,20260114,25.23,25.86,24.68,24.94,25.09,-0.15,-0.5978,402124.25,1016912.294
002747.SZ,20260113,25.88,26.08,24.9,25.09,25.67,-0.58,-2.2594,448889.96,1139977.098
002747.SZ,20260112,24.49,26.15,24.42,25.67,24.25,1.42,5.8557,580452.94,1467104.594
002747.SZ,20260109,23.9,24.53,23.88,24.25,24.07,0.18,0.7478,310828.93,753532.792
002747.SZ,20260108,23.96,24.35,23.81,24.07,23.82,0.25,1.0495,290138.23,698968.639
002747.SZ,20260107,23.73,23.99,23.54,23.82,23.73,0.09,0.3793,246453.64,586088.772
002747.SZ,20260106,23.7,23.9,23.47,23.73,23.68,0.05,0.2111,239282.9,566813.809
002747.SZ,20260105,23.65,23.71,23.36,23.68,23.7,-0.02,-0.0844,247302.15,582848.854
002747.SZ,20251231,23.74,23.95,23.41,23.7,23.66,0.04,0.1691,312044.22,738725.742
002747.SZ,20251230,22.61,23.8,22.6,23.66,22.84,0.82,3.5902,408693.05,956994.23
002747.SZ,20251229,22.74,22.95,22.55,22.84,22.58,0.26,1.1515,219967.83,501900.874
002747.SZ,20251226,22.55,22.76,22.26,22.58,22.51,0.07,0.311,191883.85,432305.176
002747.SZ,20251225,21.77,22.58,21.71,22.51,21.67,0.84,3.8763,230960.39,514267.105
002747.SZ,20251224,21.5,21.74,21.43,21.67,21.54,0.13,0.6035,75476.23,163378.695
002747.SZ,20251223,21.7,21.7,21.45,21.54,21.7,-0.16,-0.7373,83150.4,179200.726
002747.SZ,20251222,21.55,21.84,21.4,21.7,21.18,0.52,2.4551,141964.99,308017.82
002747.SZ,20251219,21.01,21.33,21.01,21.18,20.95,0.23,1.0979,95105.92,201671.382
002747.SZ,20251218,21.01,21.24,20.94,20.95,21.18,-0.23,-1.0859,80496.49,169707.666
002747.SZ,20251217,20.91,21.23,20.69,21.18,20.91,0.27,1.2912,101762.74,213215.786
002747.SZ,20251216,21.4,21.41,20.85,20.91,21.41,-0.5,-2.3354,120541.29,252986.091
002747.SZ,20251215,21.85,21.86,21.4,21.41,22.0,-0.59,-2.6818,126381.29,273007.846
002747.SZ,20251212,21.97,22.08,21.7,22.0,21.98,0.02,0.091,139342.42,305029.98
002747.SZ,20251211,22.48,22.54,21.95,21.98,22.48,-0.5,-2.2242,124538.0,276195.183
002747.SZ,20251210,22.42,22.63,22.22,22.48,22.36,0.12,0.5367,116182.23,260559.062
002747.SZ,20251209,22.61,22.77,22.34,22.36,22.73,-0.37,-1.6278,124991.65,281148.84
002747.SZ,20251208,22.65,22.76,22.45,22.73,22.55,0.18,0.7982,169551.13,383843.453
002747.SZ,20251205,22.53,22.56,22.15,22.55,22.44,0.11,0.4902,143531.31,321824.169
002747.SZ,20251204,22.34,22.65,22.03,22.44,21.88,0.56,2.5594,221738.65,496843.767
002747.SZ,20251203,22.02,22.19,21.72,21.88,22.01,-0.13,-0.5906,80790.81,176544.578
002747.SZ,20251202,22.4,22.4,21.95,22.01,22.43,-0.42,-1.8725,107637.09,237760.294
002747.SZ,20251201,21.91,22.43,21.91,22.43,21.93,0.5,2.28,160656.13,357930.664
002747.SZ,20251128,21.6,21.97,21.59,21.93,21.76,0.17,0.7813,85600.73,186731.038
002747.SZ,20251127,21.99,22.15,21.73,21.76,21.93,-0.17,-0.7752,101562.54,222905.626
002747.SZ,20251126,21.86,22.05,21.65,21.93,21.86,0.07,0.3202,104372.95,228410.159
002747.SZ,20251125,22.18,22.2,21.86,21.86,22.01,-0.15,-0.6815,140724.63,310010.97
002747.SZ,20251124,21.75,22.1,21.38,22.01,21.87,0.14,0.6401,145631.9,316536.523
002747.SZ,20251121,21.68,22.17,21.15,21.87,21.85,0.02,0.0915,197697.0,428983.149
002747.SZ,20251120,22.26,22.36,21.82,21.85,22.12,-0.27,-1.2206,92290.6,203122.384
002747.SZ,20251119,22.36,22.43,21.89,22.12,22.29,-0.17,-0.7627,107699.09,238358.111
002747.SZ,20251118,22.4,22.53,22.23,22.29,22.44,-0.15,-0.6684,107550.0,240615.619
002747.SZ,20251117,22.31,22.57,22.23,22.44,22.42,0.02,0.0892,94064.91,210861.708
002747.SZ,20251114,22.55,22.7,22.3,22.42,22.79,-0.37,-1.6235,120810.3,271751.595
002747.SZ,20251113,22.62,22.88,22.51,22.79,22.75,0.04,0.1758,133483.72,303484.735
002747.SZ,20251112,23.3,23.45,22.6,22.75,23.02,-0.27,-1.1729,174117.72,398391.512
002747.SZ,20251111,23.5,23.83,22.95,23.02,23.25,-0.23,-0.9892,149838.91,347642.025
002747.SZ,20251110,23.61,23.78,23.18,23.25,23.61,-0.36,-1.5248,158769.01,370441.548
002747.SZ,20251107,24.17,24.2,23.59,23.61,24.15,-0.54,-2.236,146841.55,347869.536
002747.SZ,20251106,23.82,24.45,23.68,24.15,23.75,0.4,1.6842,164872.21,396730.294
002747.SZ,20251105,23.58,23.94,23.3,23.75,24.01,-0.26,-1.0829,154258.75,364932.184
002747.SZ,20251104,24.67,24.68,23.8,24.01,24.77,-0.76,-3.0682,209940.73,505711.991
002747.SZ,20251103,25.19,25.34,24.38,24.77,25.16,-0.39,-1.5501,265130.74,656520.247
002747.SZ,20251031,24.7,25.79,24.62,25.16,24.4,0.76,3.1148,411461.21,1042783.528
002747.SZ,20251030,24.51,25.28,24.32,24.4,24.29,0.11,0.4529,294759.78,729767.523
002747.SZ,20251029,24.05,24.38,23.98,24.29,24.02,0.27,1.1241,153860.31,372745.6
002747.SZ,20251028,24.17,24.42,23.82,24.02,24.16,-0.14,-0.5795,182405.34,439392.309
002747.SZ,20251027,24.31,24.59,23.96,24.16,24.1,0.06,0.249,203622.28,492874.535
002747.SZ,20251024,23.52,24.28,23.46,24.1,23.28,0.82,3.5223,260689.11,626180.518
002747.SZ,20251023,23.4,23.4,22.83,23.28,23.37,-0.09,-0.3851,125717.49,289573.2
002747.SZ,20251022,23.26,23.75,23.03,23.37,23.48,-0.11,-0.4685,137185.36,320824.198
002747.SZ,20251021,23.5,23.59,23.16,23.48,23.36,0.12,0.5137,143622.86,336308.933
002747.SZ,20251020,22.94,23.91,22.86,23.36,22.52,0.84,3.73,319832.81,750616.378
002747.SZ,20251017,23.66,23.73,22.5,22.52,23.65,-1.13,-4.778,251176.11,575677.847
002747.SZ,20251016,24.3,24.38,23.51,23.65,24.65,-1.0,-4.0568,256540.95,612405.601
002747.SZ,20251015,23.99,24.96,23.45,24.65,23.87,0.78,3.2677,307025.31,745095.876
002747.SZ,20251014,25.26,25.78,23.78,23.87,24.81,-0.94,-3.7888,397746.35,983164.183
002747.SZ,20251013,23.9,24.93,23.51,24.81,25.42,-0.61,-2.3997,338298.62,821480.832
002747.SZ,20251010,26.28,26.67,25.31,25.42,26.33,-0.91,-3.4561,363376.8,939977.032
002747.SZ,20251009,25.62,26.8,24.92,26.33,25.6,0.73,2.8516,422452.5,1097759.638
002747.SZ,20250930,25.88,25.9,25.41,25.6,25.76,-0.16,-0.6211,255437.38,654405.797
002747.SZ,20250929,24.75,25.78,24.55,25.76,24.79,0.97,3.9129,353262.84,898109.284
002747.SZ,20250926,25.5,25.69,24.7,24.79,25.68,-0.89,-3.4657,278763.05,698779.528
002747.SZ,20250925,25.58,26.4,25.58,25.68,25.57,0.11,0.4302,378338.36,981938.878
002747.SZ,20250924,24.55,25.7,24.36,25.57,24.75,0.82,3.3131,338459.89,855937.893
002747.SZ,20250923,25.2,25.65,24.19,24.75,25.27,-0.52,-2.0578,340548.99,844621.848
002747.SZ,20250922,25.12,25.55,25.01,25.27,25.24,0.03,0.1189,264367.35,667967.71
002747.SZ,20250919,26.01,26.01,25.0,25.24,26.01,-0.77,-2.9604,442433.83,1125425.69
002747.SZ,20250918,26.43,27.2,25.6,26.01,26.39,-0.38,-1.4399,709172.69,1880661.614
002747.SZ,20250917,26.25,27.08,26.0,26.39,25.99,0.4,1.5391,615630.24,1627240.325
002747.SZ,20250916,25.01,26.24,24.83,25.99,25.03,0.96,3.8354,580766.13,1487319.068
002747.SZ,20250915,25.29,25.56,25.01,25.03,25.3,-0.27,-1.0672,336576.07,850073.668
002747.SZ,20250912,25.52,26.02,25.11,25.3,25.4,-0.1,-0.3937,504689.76,1288305.391
002747.SZ,20250911,24.2,25.4,24.08,25.4,24.35,1.05,4.3121,556738.87,1387454.896
002747.SZ,20250910,24.77,24.96,24.3,24.35,24.77,-0.42,-1.6956,293652.75,720858.84
002747.SZ,20250909,24.69,25.0,24.46,24.77,24.88,-0.11,-0.4421,400065.46,990175.282
002747.SZ,20250908,23.56,25.18,23.56,24.88,23.55,1.33,5.6476,580891.57,1434563.182
002747.SZ,20250905,22.52,23.58,22.5,23.55,22.51,1.04,4.6202,341320.87,790968.737
002747.SZ,20250904,23.7,24.25,22.1,22.51,23.76,-1.25,-5.2609,420518.63,972758.737
002747.SZ,20250903,24.46,24.68,23.5,23.76,24.43,-0.67,-2.7425,396407.92,951004.854
002747.SZ,20250902,23.7,24.98,22.75,24.43,23.63,0.8,3.3855,720745.33,1722070.246
002747.SZ,20250901,23.95,24.29,23.43,23.63,23.92,-0.29,-1.2124,308455.41,730640.871
002747.SZ,20250829,24.34,24.38,23.68,23.92,24.24,-0.32,-1.3201,335776.58,804620.034
002747.SZ,20250828,23.95,24.24,23.29,24.24,24.03,0.21,0.8739,435699.78,1040434.741
002747.SZ,20250827,24.46,25.1,24.02,24.03,24.36,-0.33,-1.3547,589111.46,1460026.083
002747.SZ,20250826,24.61,24.64,24.33,24.36,24.77,-0.41,-1.6552,266436.12,651733.01
002747.SZ,20250825,24.03,24.98,24.03,24.77,24.15,0.62,2.5673,489768.4,1207400.276
002747.SZ,20250822,23.88,24.18,23.8,24.15,23.88,0.27,1.1307,297697.35,715571.052
002747.SZ,20250821,24.35,24.43,23.77,23.88,24.34,-0.46,-1.8899,307567.16,738909.211
002747.SZ,20250820,24.54,24.54,23.9,24.34,24.54,-0.2,-0.815,369213.1,894177.606
002747.SZ,20250819,24.36,25.1,23.9,24.54,24.4,0.14,0.5738,586113.69,1435697.943
002747.SZ,20250818,24.25,24.54,23.77,24.4,24.15,0.25,1.0352,668439.16,1621237.16
002747.SZ,20250815,23.55,24.24,23.5,24.15,23.82,0.33,1.3854,581792.2,1397295.822
002747.SZ,20250814,23.2,24.24,22.56,23.82,23.17,0.65,2.8054,739690.56,1737184.828
002747.SZ,20250813,23.06,23.29,22.97,23.17,23.14,0.03,0.1296,302592.62,699505.179
002747.SZ,20250812,23.61,23.65,23.01,23.14,23.61,-0.47,-1.9907,363262.62,842477.035
002747.SZ,20250811,23.5,23.88,23.35,23.61,23.32,0.29,1.2436,372483.93,879295.321
002747.SZ,20250808,23.54,23.85,23.25,23.32,23.65,-0.33,-1.3953,379597.07,891618.812
002747.SZ,20250807,24.24,24.29,23.38,23.65,24.21,-0.56,-2.3131,576666.28,1363849.296
002747.SZ,20250806,23.55,24.38,22.91,24.21,23.24,0.97,4.1738,830463.28,1977640.863
002747.SZ,20250805,21.83,23.5,21.83,23.24,21.72,1.52,6.9982,748063.71,1702669.57
002747.SZ,20250804,21.02,21.78,21.02,21.72,21.03,0.69,3.281,349226.68,754270.926
002747.SZ,20250801,21.02,21.29,20.79,21.03,21.0,0.03,0.1429,155419.93,326283.381
002747.SZ,20250731,21.15,21.48,20.9,21.0,21.13,-0.13,-0.6152,191640.3,406803.71
002747.SZ,20250730,21.47,21.47,21.0,21.13,21.48,-0.35,-1.6294,178491.0,378859.598
002747.SZ,20250729,21.56,21.56,21.2,21.48,21.52,-0.04,-0.1859,170771.98,364552.447
002747.SZ,20250728,21.97,22.05,21.43,21.52,21.72,-0.2,-0.9208,268569.18,580690.693
002747.SZ,20250725,21.55,21.93,21.4,21.72,21.44,0.28,1.306,287552.71,623299.0
002747.SZ,20250724,21.1,21.67,21.1,21.44,20.91,0.53,2.5347,242985.0,519379.91
002747.SZ,20250723,21.12,21.17,20.84,20.91,21.14,-0.23,-1.088,189799.72,398752.458
002747.SZ,20250722,21.22,21.36,21.0,21.14,21.37,-0.23,-1.0763,279231.78,590772.548
002747.SZ,20250721,21.5,21.79,21.16,21.37,21.14,0.23,1.088,347391.8,744592.565
002747.SZ,20250718,21.12,21.2,20.88,21.14,21.03,0.11,0.5231,237594.13,500234.771
002747.SZ,20250717,20.5,21.13,20.4,21.03,20.56,0.47,2.286,295007.94,615325.435
002747.SZ,20250716,20.59,20.8,20.37,20.56,20.58,-0.02,-0.0972,236230.1,486951.344
002747.SZ,20250715,20.45,20.69,20.3,20.58,20.39,0.19,0.9318,257934.48,528972.445
002747.SZ,20250714,20.28,20.55,20.15,20.39,20.18,0.21,1.0406,242528.06,493939.547
002747.SZ,20250711,19.7,20.29,19.65,20.18,19.7,0.48,2.4365,213771.47,428744.77
002747.SZ,20250710,19.65,19.83,19.6,19.7,19.77,-0.07,-0.3541,96992.14,191107.625
002747.SZ,20250709,19.97,20.22,19.73,19.77,19.86,-0.09,-0.4532,147411.94,294630.772
002747.SZ,20250708,19.37,19.9,19.35,19.86,19.37,0.49,2.5297,137818.09,271772.394
002747.SZ,20250707,19.61,19.67,19.33,19.37,19.67,-0.3,-1.5252,95763.03,185913.384
002747.SZ,20250704,19.89,19.9,19.5,19.67,19.92,-0.25,-1.255,116484.02,229364.331
002747.SZ,20250703,19.8,20.05,19.71,19.92,19.89,0.03,0.1508,98638.01,195968.315
002747.SZ,20250702,20.15,20.22,19.74,19.89,20.16,-0.27,-1.3393,137708.79,274170.702
002747.SZ,20250701,20.24,20.25,20.0,20.16,20.24,-0.08,-0.3953,131510.16,264477.813
002747.SZ,20250630,20.16,20.33,20.08,20.24,20.06,0.18,0.8973,148295.66,299621.343
002747.SZ,20250627,20.08,20.25,19.95,20.06,20.05,0.01,0.0499,143369.99,288471.718
002747.SZ,20250626,20.32,20.48,20.03,20.05,20.35,-0.3,-1.4742,216267.5,438175.906
002747.SZ,20250625,20.06,20.35,19.94,20.35,19.99,0.36,1.8009,271019.85,546353.265
002747.SZ,20250624,19.05,19.99,19.05,19.99,19.01,0.98,5.1552,282805.35,556848.096
002747.SZ,20250623,18.55,19.04,18.35,19.01,18.82,0.19,1.0096,111200.74,210080.016
002747.SZ,20250620,19.26,19.39,18.76,18.82,19.29,-0.47,-2.4365,167027.46,316302.797
002747.SZ,20250619,19.37,19.73,19.21,19.29,19.45,-0.16,-0.8226,163088.61,317976.251
002747.SZ,20250618,19.38,19.49,19.23,19.45,19.46,-0.01,-0.0514,92576.88,179277.993
002747.SZ,20250617,19.5,19.79,19.35,19.46,19.47,-0.01,-0.0514,114657.25,223899.297
002747.SZ,20250616,19.25,19.54,19.24,19.47,19.46,0.01,0.0514,111556.04,216841.608
002747.SZ,20250613,20.11,20.11,19.44,19.46,20.18,-0.72,-3.5679,201810.72,397037.114
002747.SZ,20250612,20.09,20.59,19.91,20.18,20.31,-0.13,-0.6401,214526.24,431765.728
002747.SZ,20250611,20.5,20.53,20.25,20.31,20.64,-0.33,-1.5988,241226.0,491309.014
002747.SZ,20250610,20.3,20.83,19.74,20.64,20.04,0.6,2.994,393886.31,797800.343
002747.SZ,20250609,19.79,20.36,19.71,20.04,19.44,0.6,3.0864,243129.64,487971.809
002747.SZ,20250606,19.73,19.75,19.34,19.44,19.73,-0.29,-1.4698,117772.33,229279.876
002747.SZ,20250605,19.7,19.78,19.38,19.73,19.38,0.35,1.806,176583.5,345810.132
002747.SZ,20250604,19.21,19.46,19.21,19.38,19.21,0.17,0.885,105111.21,203640.576
002747.SZ,20250603,19.02,19.33,18.98,19.21,19.22,-0.01,-0.052,92207.0,177323.656
002747.SZ,20250530,19.6,19.6,19.05,19.22,19.63,-0.41,-2.0886,131833.2,253264.528
002747.SZ,20250529,19.29,19.7,19.29,19.63,19.27,0.36,1.8682,141309.09,276448.67
002747.SZ,20250528,19.44,19.66,19.24,19.27,19.45,-0.18,-0.9254,109366.51,211914.807
002747.SZ,20250527,19.83,19.87,19.37,19.45,19.9,-0.45,-2.2613,129273.71,252340.176
002747.SZ,20250526,19.86,19.99,19.7,19.9,19.86,0.04,0.2014,129340.8,256661.853
002747.SZ,20250523,19.97,20.38,19.79,19.86,20.06,-0.2,-0.997,171392.0,344244.656
002747.SZ,20250522,20.25,20.49,20.0,20.06,20.31,-0.25,-1.2309,144182.38,291490.399
002747.SZ,20250521,20.36,20.49,20.14,20.31,20.49,-0.18,-0.8785,137349.89,278696.037
002747.SZ,20250520,20.69,20.78,20.27,20.49,20.69,-0.2,-0.9667,178487.51,365826.876
002747.SZ,20250519,20.6,20.7,20.1,20.69,20.61,0.08,0.3882,203763.0,416048.629
002747.SZ,20250516,20.67,21.04,20.5,20.61,20.75,-0.14,-0.6747,212296.35,442128.653
002747.SZ,20250515,21.11,21.11,20.52,20.75,21.11,-0.36,-1.7054,177758.0,367836.861
002747.SZ,20250514,21.15,21.31,20.87,21.11,21.17,-0.06,-0.2834,233625.16,492243.282
002747.SZ,20250513,22.0,22.05,21.14,21.17,21.6,-0.43,-1.9907,316902.16,680555.929
002747.SZ,20250512,21.03,21.63,20.96,21.6,20.71,0.89,4.2974,386897.0,826349.565
002747.SZ,20250509,20.94,20.95,20.21,20.71,20.94,-0.23,-1.0984,244083.85,502374.422
002747.SZ,20250508,20.85,21.13,20.73,20.94,20.85,0.09,0.4317,233051.58,487976.029
002747.SZ,20250507,21.21,21.29,20.53,20.85,20.92,-0.07,-0.3346,349260.51,728776.701
002747.SZ,20250506,20.52,20.93,20.25,20.92,20.0,0.92,4.6,362229.05,749193.581
002747.SZ,20250430,19.39,20.13,19.21,20.0,19.17,0.83,4.3297,306792.27,607196.423
002747.SZ,20250429,18.73,19.35,18.68,19.17,18.49,0.68,3.6777,258938.21,495541.11
002747.SZ,20250428,18.84,18.95,18.48,18.49,18.85,-0.36,-1.9098,125068.1,232622.261
002747.SZ,20250425,18.93,19.08,18.73,18.85,18.86,-0.01,-0.053,144414.66,272799.746
002747.SZ,20250424,19.4,19.4,18.75,18.86,19.25,-0.39,-2.026,207840.2,395492.188
002747.SZ,20250423,18.73,19.53,18.73,19.25,18.58,0.67,3.606,307530.2,588388.868
002747.SZ,20250422,18.92,18.92,18.52,18.58,18.92,-0.34,-1.797,126214.07,235601.522
002747.SZ,20250421,18.28,18.95,18.06,18.92,18.34,0.58,3.1625,186231.48,347220.23
002747.SZ,20250418,18.3,18.44,18.06,18.34,18.31,0.03,0.1638,106274.0,193909.687
002747.SZ,20250417,18.3,18.66,18.2,18.31,18.48,-0.17,-0.9199,129599.0,239439.273
002747.SZ,20250416,18.67,18.84,18.18,18.48,18.82,-0.34,-1.8066,156357.14,288981.268
002747.SZ,20250415,18.85,19.1,18.58,18.82,18.91,-0.09,-0.4759,167012.0,313957.514
002747.SZ,20250414,19.05,19.26,18.81,18.91,18.66,0.25,1.3398,219490.09,418221.511
002747.SZ,20250411,18.01,18.99,18.0,18.66,18.33,0.33,1.8003,293651.64,546927.507
002747.SZ,20250410,18.45,18.9,18.27,18.33,17.99,0.34,1.8899,352539.7,654046.353
002747.SZ,20250409,16.8,18.17,15.8,17.99,17.32,0.67,3.8684,467463.94,803966.997
002747.SZ,20250408,18.22,18.55,16.92,17.32,18.8,-1.48,-7.8723,554995.62,968410.654
002747.SZ,20250407,19.17,19.54,18.8,18.8,20.89,-2.09,-10.0048,171717.9,325213.163
002747.SZ,20250403,21.0,21.54,20.84,20.89,21.32,-0.43,-2.0169,172677.0,364360.794
002747.SZ,20250402,20.9,21.46,20.9,21.32,21.01,0.31,1.4755,162571.2,345559.708
002747.SZ,20250401,21.5,21.6,21.0,21.01,21.4,-0.39,-1.8224,187646.8,397309.194
002747.SZ,20250331,21.9,22.03,20.9,21.4,22.25,-0.85,-3.8202,333684.34,709901.501
002747.SZ,20250328,22.28,22.72,22.05,22.25,22.25,0.0,0.0,190157.62,424567.031
002747.SZ,20250327,22.11,22.71,21.78,22.25,22.24,0.01,0.045,248616.71,553965.145
002747.SZ,20250326,21.88,22.79,21.88,22.24,22.05,0.19,0.8617,232435.3,520755.255
002747.SZ,20250325,22.41,22.87,21.9,22.05,22.5,-0.45,-2.0,252406.24,563356.25
002747.SZ,20250324,23.11,23.24,21.82,22.5,23.16,-0.66,-2.8497,424766.67,951058.349
002747.SZ,20250321,24.25,24.33,23.11,23.16,24.46,-1.3,-5.3148,472339.53,1106477.818
002747.SZ,20250320,23.7,25.25,23.3,24.46,23.86,0.6,2.5147,664837.7,1616084.224
002747.SZ,20250319,23.8,24.17,23.4,23.86,23.92,-0.06,-0.2508,327737.72,780111.06
002747.SZ,20250318,23.8,24.06,23.52,23.92,23.62,0.3,1.2701,380245.01,904579.037
002747.SZ,20250317,23.5,23.85,23.11,23.62,23.56,0.06,0.2547,344641.14,809159.845
002747.SZ,20250314,22.77,23.89,22.53,23.56,22.84,0.72,3.1524,455971.96,1057294.646
002747.SZ,20250313,24.11,24.11,22.54,22.84,24.19,-1.35,-5.5808,583047.38,1342288.185
002747.SZ,20250312,24.65,24.89,24.0,24.19,24.56,-0.37,-1.5065,413221.62,1010193.465
002747.SZ,20250311,24.58,25.12,24.0,24.56,25.13,-0.57,-2.2682,529255.77,1294296.646
002747.SZ,20250310,24.98,25.55,24.59,25.13,24.81,0.32,1.2898,552240.62,1390573.46
002747.SZ,20250307,24.73,25.48,24.5,24.81,25.05,-0.24,-0.9581,527617.52,1314441.217
002747.SZ,20250306,24.67,25.51,24.39,25.05,24.47,0.58,2.3702,642566.02,1614295.053
002747.SZ,20250305,23.66,24.7,23.56,24.47,23.62,0.85,3.5986,600625.99,1454839.435
002747.SZ,20250304,22.71,23.86,22.71,23.62,23.02,0.6,2.6064,556407.19,1308208.326
002747.SZ,20250303,23.68,24.45,22.78,23.02,24.73,-1.71,-6.9147,850750.22,1996174.084
002747.SZ,20250228,27.0,27.0,24.73,24.73,27.48,-2.75,-10.0073,956250.59,2427775.061
002747.SZ,20250227,25.61,28.0,24.97,27.48,25.6,1.88,7.3438,1183193.09,3075454.479
002747.SZ,20250226,24.32,26.79,24.03,25.6,24.44,1.16,4.7463,1047878.96,2669451.861
002747.SZ,20250225,23.8,25.02,23.61,24.44,24.98,-0.54,-2.1617,766419.0,1874706.873
002747.SZ,20250224,23.64,25.32,23.16,24.98,23.54,1.44,6.1172,1041107.48,2532641.395
002747.SZ,20250221,23.41,24.3,23.03,23.54,23.4,0.14,0.5983,966519.73,2274163.486
002747.SZ,20250220,22.31,24.48,22.12,23.4,22.3,1.1,4.9327,1178872.62,2762181.012
002747.SZ,20250219,20.97,22.57,20.93,22.3,20.93,1.37,6.5456,1048578.38,2307035.583
002747.SZ,20250218,21.25,21.44,20.69,20.93,21.2,-0.27,-1.2736,721558.43,1515421.684
002747.SZ,20250217,20.16,21.2,20.15,21.2,20.15,1.05,5.2109,796444.86,1659554.49
002747.SZ,20250214,19.88,21.21,19.72,20.15,19.94,0.21,1.0532,529435.54,1082378.315
002747.SZ,20250213,20.88,20.93,19.92,19.94,20.83,-0.89,-4.2727,522755.0,1061113.372
002747.SZ,20250212,20.32,21.04,20.09,20.83,20.52,0.31,1.5107,617861.57,1280062.768
002747.SZ,20250211,20.47,20.72,20.18,20.52,20.45,0.07,0.3423,489063.81,1001652.302
002747.SZ,20250210,20.73,21.04,20.28,20.45,20.57,-0.12,-0.5834,489768.91,1005073.71
002747.SZ,20250207,20.29,20.79,20.09,20.57,20.29,0.28,1.38,735547.61,1506639.78
002747.SZ,20250206,19.01,20.44,18.91,20.29,19.1,1.19,6.2304,617721.15,1238834.499
002747.SZ,20250205,18.5,19.35,18.4,19.1,18.15,0.95,5.2342,618589.64,1167352.241
002747.SZ,20250127,19.09,19.33,18.15,18.15,20.17,-2.02,-10.0149,621394.63,1152990.527
002747.SZ,20250124,19.52,20.41,19.4,20.17,19.73,0.44,2.2301,477073.8,952858.591
002747.SZ,20250123,19.8,20.38,19.5,19.73,19.53,0.2,1.0241,517654.82,1032827.098
002747.SZ,20250122,19.67,19.87,19.41,19.53,19.93,-0.4,-2.007,303869.17,595045.689
002747.SZ,20250121,19.68,20.08,19.5,19.93,19.4,0.53,2.732,477677.99,947121.737
002747.SZ,20250120,19.93,20.15,19.38,19.4,19.58,-0.18,-0.9193,354889.37,697710.464
002747.SZ,20250117,19.32,20.15,19.25,19.58,19.47,0.11,0.565,451424.35,893216.906
002747.SZ,20250116,19.7,20.04,19.28,19.47,19.47,0.0,0.0,389300.18,763571.056
002747.SZ,20250115,19.61,19.83,19.33,19.47,19.79,-0.32,-1.617,488362.8,954032.389
002747.SZ,20250114,18.52,19.79,18.52,19.79,18.78,1.01,5.3781,742345.52,1431449.947
002747.SZ,20250113,17.27,19.36,17.15,18.78,17.6,1.18,6.7045,766379.16,1438499.499
002747.SZ,20250110,17.58,18.41,17.46,17.6,17.66,-0.06,-0.3398,412408.46,742910.49
002747.SZ,20250109,17.16,17.85,17.16,17.66,17.43,0.23,1.3196,337065.6,592461.532
603662.SH,20260702,74.68,77.15,72.13,73.82,74.63,-0.81,-1.0854,235350.52,1762450.442
603662.SH,20260701,72.5,75.38,71.95,74.63,71.17,3.46,4.8616,226772.87,1684419.648
603662.SH,20260630,64.7,71.17,64.7,71.17,64.7,6.47,10.0,159129.04,1096026.697
603662.SH,20260629,65.03,65.55,61.4,64.7,65.03,-0.33,-0.5075,114358.95,727784.94
603662.SH,20260626,66.7,68.67,65.02,65.03,67.17,-2.14,-3.1859,109304.01,730608.112
603662.SH,20260625,68.67,70.38,65.54,67.17,68.67,-1.5,-2.1844,127185.04,859768.025
603662.SH,20260624,70.46,70.89,67.13,68.67,70.46,-1.79,-2.5404,118103.61,811881.096
603662.SH,20260623,68.54,72.35,66.51,70.46,69.6,0.86,1.2356,179062.72,1258069.861
603662.SH,20260622,69.47,71.55,67.2,69.6,70.09,-0.49,-0.6991,141225.19,978222.351
603662.SH,20260618,69.69,71.93,69.2,70.09,70.32,-0.23,-0.3271,121653.02,855106.169
603662.SH,20260617,68.5,72.22,68.0,70.32,69.16,1.16,1.6773,147540.3,1039926.816
603662.SH,20260616,66.58,71.43,65.75,69.16,66.6,2.56,3.8438,145710.96,1004257.697
603662.SH,20260615,64.34,67.25,63.9,66.6,64.34,2.26,3.5126,107117.97,699037.939
603662.SH,20260612,66.0,69.7,64.07,64.34,64.97,-0.63,-0.9697,164749.51,1099083.872
603662.SH,20260611,67.02,68.6,64.61,64.97,68.88,-3.91,-5.6765,165784.77,1094844.834
603662.SH,20260610,68.81,72.99,68.06,68.88,71.15,-2.27,-3.1904,174980.53,1230413.055
603662.SH,20260609,69.0,73.51,66.81,71.15,69.9,1.25,1.7883,229118.81,1618862.491
603662.SH,20260608,63.73,69.9,63.73,69.9,66.24,3.66,5.5254,226518.24,1549894.964
603662.SH,20260605,62.71,67.27,60.1,66.24,62.93,3.31,5.2598,149212.3,963472.224
603662.SH,20260604,61.6,64.59,60.91,62.93,62.17,0.76,1.2225,77494.65,491540.552
603662.SH,20260603,60.6,64.38,59.6,62.17,60.8,1.37,2.2533,95747.11,599504.265
603662.SH,20260602,60.1,62.18,59.87,60.8,58.66,2.14,3.6481,79710.31,486820.808
603662.SH,20260601,60.0,60.77,58.62,58.66,60.55,-1.89,-3.1214,58134.39,346429.652
603662.SH,20260529,64.08,64.43,59.7,60.55,63.73,-3.18,-4.9898,90137.97,555737.69
603662.SH,20260528,65.56,65.56,62.72,63.73,66.0,-2.27,-3.4394,94910.56,603383.919
603662.SH,20260527,67.8,68.5,65.91,66.0,69.19,-3.19,-4.6105,111188.09,742179.716
603662.SH,20260526,68.39,70.81,67.52,69.19,67.78,1.41,2.0803,142278.57,987060.359
603662.SH,20260525,67.75,68.43,66.02,67.78,67.43,0.35,0.5191,103620.27,694875.835
603662.SH,20260522,68.0,68.12,65.52,67.43,67.42,0.01,0.0148,104203.4,698308.334
603662.SH,20260521,66.86,69.5,66.85,67.42,66.28,1.14,1.72,161196.87,1101461.793
603662.SH,20260520,65.76,67.2,65.2,66.28,66.7,-0.42,-0.6297,80741.65,535672.288
603662.SH,20260519,68.0,68.3,66.25,66.7,67.85,-1.15,-1.6949,107994.54,724372.131
603662.SH,20260518,64.05,68.0,63.58,67.85,64.02,3.83,5.9825,168914.2,1114804.272
603662.SH,20260515,60.12,64.66,60.1,64.02,60.39,3.63,6.0109,131139.05,826360.036
603662.SH,20260514,61.43,61.9,60.1,60.39,61.2,-0.81,-1.3235,58593.16,357126.051
603662.SH,20260513,60.72,61.63,60.52,61.2,61.34,-0.14,-0.2282,46010.66,281008.779
603662.SH,20260512,61.25,62.57,60.79,61.34,61.24,0.1,0.1633,55962.5,344520.629
603662.SH,20260511,61.75,61.98,60.08,61.24,61.3,-0.06,-0.0979,73590.04,449529.002
603662.SH,20260508,58.98,61.84,58.72,61.3,58.95,2.35,3.9864,103552.86,628642.862
603662.SH,20260507,57.16,59.0,56.89,58.95,57.13,1.82,3.1857,58782.17,343360.605
603662.SH,20260506,56.35,57.57,56.35,57.13,56.2,0.93,1.6548,46925.06,268447.039
603662.SH,20260430,55.25,57.1,55.23,56.2,55.42,0.78,1.4074,37768.74,212857.62
603662.SH,20260429,54.72,56.1,54.56,55.42,54.73,0.69,1.2607,29704.47,164714.397
603662.SH,20260428,56.1,56.1,54.34,54.73,56.88,-2.15,-3.7799,47567.25,261646.459
603662.SH,20260427,55.5,57.77,55.28,56.88,55.81,1.07,1.9172,46313.85,263544.371
603662.SH,20260424,55.98,56.25,55.32,55.81,56.03,-0.22,-0.3926,23997.76,133935.812
603662.SH,20260423,56.99,56.99,55.56,56.03,57.07,-1.04,-1.8223,39565.11,221960.618
603662.SH,20260422,56.55,57.37,56.43,57.07,56.9,0.17,0.2988,30311.37,172795.72
603662.SH,20260421,57.09,57.46,56.34,56.9,57.29,-0.39,-0.6807,27059.43,153513.431
603662.SH,20260420,57.8,57.85,57.2,57.29,57.33,-0.04,-0.0698,32800.0,188527.7
603662.SH,20260417,56.61,57.58,56.33,57.33,56.9,0.43,0.7557,31420.71,179322.153
603662.SH,20260416,57.29,57.31,56.4,56.9,56.49,0.41,0.7258,25094.84,142560.089
603662.SH,20260415,57.47,57.8,56.35,56.49,56.89,-0.4,-0.7031,34195.28,195334.295
603662.SH,20260414,56.16,56.96,55.95,56.89,55.67,1.22,2.1915,30450.66,172141.115
603662.SH,20260413,55.68,56.2,55.3,55.67,56.01,-0.34,-0.607,23747.0,132564.166
603662.SH,20260410,55.12,56.74,55.12,56.01,54.7,1.31,2.3949,36403.81,204515.353
603662.SH,20260409,55.62,55.62,54.58,54.7,55.96,-1.26,-2.2516,25897.77,141993.803
603662.SH,20260408,54.1,55.96,54.1,55.96,53.05,2.91,5.4854,38021.07,210121.757
603662.SH,20260407,53.27,53.58,52.44,53.05,53.26,-0.21,-0.3943,17693.56,93867.397
603662.SH,20260403,54.25,54.78,53.1,53.26,54.24,-0.98,-1.8068,17669.2,94618.449
603662.SH,20260402,55.75,55.75,54.1,54.24,55.93,-1.69,-3.0216,21508.97,117904.655
603662.SH,20260401,56.0,56.29,55.51,55.93,55.29,0.64,1.1575,22190.0,123954.813
603662.SH,20260331,55.01,55.99,54.89,55.29,55.2,0.09,0.163,20412.37,113130.879
603662.SH,20260330,54.23,55.79,54.1,55.2,55.1,0.1,0.1815,20143.62,111047.196
603662.SH,20260327,53.51,55.36,53.51,55.1,54.59,0.51,0.9342,23893.66,130672.024
603662.SH,20260326,55.34,56.55,54.4,54.59,55.31,-0.72,-1.3018,28061.14,155736.586
603662.SH,20260325,55.13,55.88,55.1,55.31,54.85,0.46,0.8387,25701.11,142366.623
603662.SH,20260324,55.89,56.08,53.42,54.85,54.85,0.0,0.0,30017.63,163195.908
603662.SH,20260323,56.12,57.57,54.3,54.85,56.74,-1.89,-3.331,42778.31,240045.815
603662.SH,20260320,57.58,58.08,56.58,56.74,57.65,-0.91,-1.5785,28960.38,165394.65
603662.SH,20260319,59.13,59.45,57.4,57.65,59.92,-2.27,-3.7884,38193.58,221760.527
603662.SH,20260318,59.86,60.29,59.28,59.92,59.8,0.12,0.2007,19565.41,116780.17
603662.SH,20260317,60.72,60.93,59.71,59.8,60.58,-0.78,-1.2876,20652.22,124392.458
603662.SH,20260316,60.09,60.59,59.25,60.58,60.07,0.51,0.849,20851.33,125242.243
603662.SH,20260313,60.57,60.75,60.01,60.07,60.86,-0.79,-1.2981,17447.96,105266.244
603662.SH,20260312,61.57,61.86,60.59,60.86,61.72,-0.86,-1.3934,21170.88,129313.855
603662.SH,20260311,62.03,62.49,61.52,61.72,62.04,-0.32,-0.5158,21064.49,130237.11
603662.SH,20260310,61.3,62.3,61.2,62.04,60.67,1.37,2.2581,36694.6,226828.282
603662.SH,20260309,60.1,60.87,59.11,60.67,61.02,-0.35,-0.5736,30657.0,183115.731
603662.SH,20260306,60.31,61.25,60.27,61.02,60.6,0.42,0.6931,18417.53,112205.029
603662.SH,20260305,61.3,61.38,60.29,60.6,60.13,0.47,0.7816,28274.87,171804.546
603662.SH,20260304,59.8,60.8,59.5,60.13,60.35,-0.22,-0.3645,36785.65,221619.296
603662.SH,20260303,63.12,63.5,60.28,60.35,63.04,-2.69,-4.2671,55859.97,343488.813
603662.SH,20260302,64.18,64.18,62.9,63.04,65.15,-2.11,-3.2387,56388.56,357404.253
603662.SH,20260227,65.5,65.88,65.05,65.15,65.78,-0.63,-0.9577,35166.56,229823.849
603662.SH,20260226,66.75,66.75,65.28,65.78,66.48,-0.7,-1.0529,46142.82,303202.809
603662.SH,20260225,67.26,67.26,66.21,66.48,67.3,-0.82,-1.2184,41338.77,274907.313
603662.SH,20260224,69.51,69.51,66.66,67.3,67.39,-0.09,-0.1336,59414.33,400417.35
603662.SH,20260213,66.82,67.92,66.67,67.39,67.1,0.29,0.4322,41468.98,279857.048
603662.SH,20260212,66.03,67.2,66.03,67.1,66.2,0.9,1.3595,34771.62,232713.757
603662.SH,20260211,66.76,67.07,66.18,66.2,66.88,-0.68,-1.0167,24073.32,160156.611
603662.SH,20260210,66.35,67.38,66.2,66.88,66.35,0.53,0.7988,40877.27,273392.036
603662.SH,20260209,66.69,66.77,65.77,66.35,65.66,0.69,1.0509,30785.55,203733.875
603662.SH,20260206,64.0,66.66,63.68,65.66,64.72,0.94,1.4524,45129.21,296576.333
603662.SH,20260205,66.42,66.5,64.5,64.72,66.72,-2.0,-2.9976,44821.9,292080.338
603662.SH,20260204,66.83,66.83,66.0,66.72,67.08,-0.36,-0.5367,31084.1,206367.431
603662.SH,20260203,65.46,67.18,65.2,67.08,65.16,1.92,2.9466,44259.14,294695.736
603662.SH,20260202,67.45,67.47,65.15,65.16,66.75,-1.59,-2.382,42282.54,281522.526
603662.SH,20260130,65.86,67.48,65.01,66.75,65.88,0.87,1.3206,49201.45,326735.968
603662.SH,20260129,66.88,67.99,65.88,65.88,67.28,-1.4,-2.0809,48103.88,320703.451
603662.SH,20260128,68.5,68.51,66.95,67.28,69.06,-1.78,-2.5775,52868.39,356771.24
603662.SH,20260127,68.49,69.16,65.84,69.06,68.37,0.69,1.0092,76585.42,517069.887
603662.SH,20260126,72.4,72.96,68.34,68.37,72.0,-3.63,-5.0417,96024.39,669648.752
603662.SH,20260123,71.63,73.3,70.64,72.0,71.63,0.37,0.5165,92637.81,667871.184
603662.SH,20260122,71.79,73.28,71.25,71.63,71.95,-0.32,-0.4448,82612.97,596659.425
603662.SH,20260121,69.81,72.76,69.57,71.95,70.35,1.6,2.2743,107357.01,768787.497
603662.SH,20260120,72.07,72.56,69.76,70.35,72.19,-1.84,-2.5488,92845.98,657844.45
603662.SH,20260119,71.18,72.76,70.8,72.19,70.28,1.91,2.7177,137022.08,986066.947
603662.SH,20260116,68.6,71.47,68.59,70.28,68.14,2.14,3.1406,110618.7,775650.042
603662.SH,20260115,67.56,68.48,67.3,68.14,67.62,0.52,0.769,44221.86,300422.343
603662.SH,20260114,68.58,69.67,67.0,67.62,68.65,-1.03,-1.5004,90335.36,617411.571
603662.SH,20260113,70.4,71.0,68.43,68.65,70.44,-1.79,-2.5412,86698.06,604007.079
603662.SH,20260112,69.85,70.67,68.91,70.44,69.85,0.59,0.8447,98988.85,691932.097
603662.SH,20260109,69.0,70.29,68.72,69.85,69.2,0.65,0.9393,72022.63,502311.23
603662.SH,20260108,68.23,69.7,68.23,69.2,68.86,0.34,0.4938,54973.67,380204.777
603662.SH,20260107,70.34,70.34,68.51,68.86,70.66,-1.8,-2.5474,104461.14,724314.143
603662.SH,20260106,70.62,71.33,69.88,70.66,70.62,0.04,0.0566,84434.6,594112.751
603662.SH,20260105,71.0,71.01,69.56,70.62,72.0,-1.38,-1.9167,113645.81,798460.155
603662.SH,20251231,70.0,73.0,68.94,72.0,70.33,1.67,2.3745,164646.67,1174777.045
603662.SH,20251230,66.92,70.99,66.05,70.33,66.76,3.57,5.3475,163998.44,1132930.148
603662.SH,20251229,65.55,67.23,65.49,66.76,65.5,1.26,1.9237,77227.29,514103.693
603662.SH,20251226,66.3,66.66,64.82,65.5,66.15,-0.65,-0.9826,65177.74,428460.415
603662.SH,20251225,63.61,66.47,63.61,66.15,63.53,2.62,4.124,89037.05,582424.78
603662.SH,20251224,63.21,63.79,63.21,63.53,63.42,0.11,0.1734,25569.85,162407.828
603662.SH,20251223,64.34,64.34,63.21,63.42,64.42,-1.0,-1.5523,30641.59,195223.336
603662.SH,20251222,63.83,64.71,63.4,64.42,63.1,1.32,2.0919,47862.99,307223.879
603662.SH,20251219,62.84,63.82,62.51,63.1,62.22,0.88,1.4143,33027.55,208975.16
603662.SH,20251218,63.17,63.5,62.18,62.22,63.46,-1.24,-1.954,28277.0,177616.14
603662.SH,20251217,62.0,63.6,61.73,63.46,62.09,1.37,2.2065,35346.83,221396.946
603662.SH,20251216,63.14,63.38,62.03,62.09,63.2,-1.11,-1.7563,30113.71,188131.423
603662.SH,20251215,63.98,64.49,63.15,63.2,64.34,-1.14,-1.7718,30968.87,197204.627
603662.SH,20251212,64.21,64.66,63.32,64.34,64.41,-0.07,-0.1087,44705.19,285639.687
603662.SH,20251211,65.91,65.91,64.39,64.41,65.76,-1.35,-2.0529,45666.72,296639.289
603662.SH,20251210,64.81,66.09,64.81,65.76,65.25,0.51,0.7816,47401.2,311067.111
603662.SH,20251209,65.2,66.55,64.9,65.25,64.88,0.37,0.5703,72855.89,479338.385
603662.SH,20251208,64.66,65.5,64.02,64.88,64.33,0.55,0.855,62293.61,403441.721
603662.SH,20251205,62.89,64.46,62.25,64.33,63.35,0.98,1.547,67043.47,425853.491
603662.SH,20251204,61.93,63.88,61.62,63.35,60.42,2.93,4.8494,97222.43,611303.197
603662.SH,20251203,61.49,61.65,60.31,60.42,61.1,-0.68,-1.1129,20939.26,127313.641
603662.SH,20251202,62.48,62.48,61.05,61.1,62.52,-1.42,-2.2713,25284.55,155589.376
603662.SH,20251201,61.59,62.6,61.59,62.52,62.2,0.32,0.5145,33680.41,209569.964
603662.SH,20251128,61.15,62.98,60.62,62.2,61.22,0.98,1.6008,39640.95,244857.657
603662.SH,20251127,61.48,62.3,61.18,61.22,61.4,-0.18,-0.2932,29200.46,180108.4
603662.SH,20251126,60.82,61.88,60.18,61.4,60.83,0.57,0.937,32531.28,199590.921
603662.SH,20251125,60.82,61.5,60.75,60.83,60.65,0.18,0.2968,32103.17,196245.43
603662.SH,20251124,60.1,60.88,59.36,60.65,60.32,0.33,0.5471,34180.35,205245.215
603662.SH,20251121,59.8,61.27,59.0,60.32,60.35,-0.03,-0.0497,56524.7,339795.825
603662.SH,20251120,62.25,62.26,60.33,60.35,61.38,-1.03,-1.6781,27093.4,165080.466
603662.SH,20251119,62.35,62.68,61.27,61.38,62.28,-0.9,-1.4451,25104.34,155119.064
603662.SH,20251118,62.5,62.91,61.86,62.28,62.5,-0.22,-0.352,26480.94,165301.07
603662.SH,20251117,62.1,62.7,61.81,62.5,62.2,0.3,0.4823,23540.46,146840.942
603662.SH,20251114,63.11,63.27,62.2,62.2,63.63,-1.43,-2.2474,31283.77,196334.15
603662.SH,20251113,63.29,63.8,62.6,63.63,63.36,0.27,0.4261,32902.55,208309.801
603662.SH,20251112,64.8,64.86,62.69,63.36,64.27,-0.91,-1.4159,37855.95,240670.354
603662.SH,20251111,65.36,65.95,64.17,64.27,65.23,-0.96,-1.4717,36721.52,238309.768
603662.SH,20251110,67.0,67.48,65.01,65.23,66.99,-1.76,-2.6273,48417.74,317349.7
603662.SH,20251107,68.18,68.19,66.8,66.99,67.29,-0.3,-0.4458,52660.34,354851.345
603662.SH,20251106,65.09,67.96,65.03,67.29,64.69,2.6,4.0192,67099.82,446592.055
603662.SH,20251105,64.0,65.7,64.0,64.69,65.66,-0.97,-1.4773,40267.05,260935.098
603662.SH,20251104,68.05,68.16,65.22,65.66,68.0,-2.34,-3.4412,55802.16,369395.992
603662.SH,20251103,68.18,68.8,67.6,68.0,68.19,-0.19,-0.2786,46074.18,313806.001
603662.SH,20251031,67.6,68.96,66.8,68.19,67.55,0.64,0.9474,64005.7,436773.693
603662.SH,20251030,68.1,68.7,67.11,67.55,68.11,-0.56,-0.8222,50140.25,339665.441
603662.SH,20251029,67.5,68.18,67.2,68.11,67.44,0.67,0.9935,45572.08,309340.771
603662.SH,20251028,67.7,68.27,66.95,67.44,67.74,-0.3,-0.4429,49306.08,333872.725
603662.SH,20251027,68.44,68.5,67.12,67.74,67.39,0.35,0.5194,58300.05,395017.33
603662.SH,20251024,66.55,67.55,66.43,67.39,66.22,1.17,1.7668,58409.95,391783.389
603662.SH,20251023,66.93,66.93,64.75,66.22,66.68,-0.46,-0.6899,42224.49,276949.7
603662.SH,20251022,65.75,67.39,65.13,66.68,65.95,0.73,1.1069,59300.36,394566.985
603662.SH,20251021,65.65,65.98,64.52,65.95,65.05,0.9,1.3836,51952.08,339396.588
603662.SH,20251020,65.0,65.8,64.49,65.05,63.86,1.19,1.8635,49759.93,324102.028
603662.SH,20251017,66.13,66.4,63.81,63.86,66.12,-2.26,-3.418,62664.8,406901.395
603662.SH,20251016,66.55,67.08,66.01,66.12,68.72,-2.6,-3.7835,79737.37,529215.583
603662.SH,20251015,67.06,69.32,66.06,68.72,67.06,1.66,2.4754,75032.11,509026.145
603662.SH,20251014,71.84,71.85,67.0,67.06,70.68,-3.62,-5.1217,96562.65,663537.984
603662.SH,20251013,68.8,70.84,68.4,70.68,72.84,-2.16,-2.9654,86140.79,601370.11
603662.SH,20251010,75.81,76.89,72.22,72.84,75.98,-3.14,-4.1327,104290.47,776285.582
603662.SH,20251009,76.05,76.75,74.68,75.98,76.04,-0.06,-0.0789,89595.56,681290.925
603662.SH,20250930,77.24,77.25,75.83,76.04,76.58,-0.54,-0.7051,74391.81,567533.54
603662.SH,20250929,74.97,77.18,74.75,76.58,74.64,1.94,2.5991,89739.02,683397.007
603662.SH,20250926,76.9,76.9,74.6,74.64,77.77,-3.13,-4.0247,90472.38,684120.077
603662.SH,20250925,77.25,79.09,76.4,77.77,77.25,0.52,0.6731,125525.91,976196.308
603662.SH,20250924,75.04,77.4,73.7,77.25,75.56,1.69,2.2366,114811.09,873417.766
603662.SH,20250923,76.64,77.48,73.5,75.56,77.04,-1.48,-1.9211,136017.04,1022765.353
603662.SH,20250922,75.49,77.33,75.49,77.04,75.94,1.1,1.4485,103410.47,794548.011
603662.SH,20250919,79.9,79.9,75.27,75.94,81.44,-5.5,-6.7534,211467.85,1628451.183
603662.SH,20250918,82.09,84.49,78.48,81.44,80.49,0.95,1.1803,325780.75,2655653.886
603662.SH,20250917,78.41,83.97,77.9,80.49,79.2,1.29,1.6288,271088.21,2190967.769
603662.SH,20250916,75.14,80.2,73.9,79.2,73.98,5.22,7.056,277659.86,2140432.018
603662.SH,20250915,72.86,75.49,72.49,73.98,72.93,1.05,1.4397,162367.04,1207716.17
603662.SH,20250912,72.65,74.2,72.27,72.93,72.72,0.21,0.2888,134768.93,988348.917
603662.SH,20250911,70.0,72.93,69.21,72.72,70.13,2.59,3.6931,150675.91,1083047.305
603662.SH,20250910,71.01,71.71,69.74,70.13,71.11,-0.98,-1.3781,88771.71,626586.941
603662.SH,20250909,71.5,72.47,70.45,71.11,72.15,-1.04,-1.4414,98105.68,699950.28
603662.SH,20250908,69.08,72.87,68.83,72.15,68.7,3.45,5.0218,171801.92,1235215.29
603662.SH,20250905,66.29,68.94,66.12,68.7,66.32,2.38,3.5887,99774.3,679334.366
603662.SH,20250904,69.56,70.3,64.98,66.32,69.56,-3.24,-4.6578,130304.95,880449.785
603662.SH,20250903,73.25,73.65,69.37,69.56,73.16,-3.6,-4.9207,145396.42,1033366.241
603662.SH,20250902,72.4,74.87,68.03,73.16,71.64,1.52,2.1217,246788.41,1767256.195
603662.SH,20250901,72.88,73.94,70.58,71.64,72.19,-0.55,-0.7619,95315.17,684517.513
603662.SH,20250829,72.99,73.98,71.38,72.19,71.38,0.81,1.1348,130495.24,946919.2
603662.SH,20250828,70.8,71.86,69.1,71.38,71.0,0.38,0.5352,121282.04,855515.342
603662.SH,20250827,72.06,74.7,70.99,71.0,72.28,-1.28,-1.7709,162347.76,1184247.163
603662.SH,20250826,73.18,73.21,71.55,72.28,73.18,-0.9,-1.2298,111817.83,806409.882
603662.SH,20250825,72.48,74.33,72.2,73.18,71.54,1.64,2.2924,169487.12,1242444.74
603662.SH,20250822,69.7,71.76,69.53,71.54,70.19,1.35,1.9234,103288.16,733573.771
603662.SH,20250821,72.01,72.14,69.93,70.19,72.15,-1.96,-2.7166,108408.1,769276.623
603662.SH,20250820,70.51,73.08,70.05,72.15,70.5,1.65,2.3404,167969.4,1208198.541
603662.SH,20250819,70.0,72.3,68.3,70.5,69.91,0.59,0.8439,169338.8,1188487.032
603662.SH,20250818,70.68,70.93,68.96,69.91,69.56,0.35,0.5032,132187.72,923349.478
603662.SH,20250815,67.77,70.0,67.7,69.56,67.73,1.83,2.7019,141598.63,978071.78
603662.SH,20250814,68.3,68.94,66.5,67.73,68.3,-0.57,-0.8346,117357.75,797475.164
603662.SH,20250813,67.6,68.36,67.18,68.3,67.7,0.6,0.8863,81350.23,552963.016
603662.SH,20250812,68.18,68.35,66.79,67.7,68.11,-0.41,-0.602,72838.16,491383.124
603662.SH,20250811,67.2,70.0,67.2,68.11,66.89,1.22,1.8239,102570.56,702413.324
603662.SH,20250808,69.28,69.28,66.72,66.89,69.27,-2.38,-3.4358,93990.0,634776.054
603662.SH,20250807,69.07,69.49,67.98,69.27,69.49,-0.22,-0.3166,117220.37,805387.004
603662.SH,20250806,66.5,70.5,66.01,69.49,66.2,3.29,4.9698,188637.35,1293609.778
603662.SH,20250805,66.11,66.46,65.28,66.2,66.04,0.16,0.2423,69235.1,456250.628
603662.SH,20250804,63.14,66.15,63.01,66.04,63.4,2.64,4.164,91840.63,596422.203
603662.SH,20250801,64.09,64.77,62.88,63.4,63.98,-0.58,-0.9065,48815.3,310755.349
603662.SH,20250731,63.76,65.46,63.73,63.98,64.06,-0.08,-0.1249,63962.72,413588.271
603662.SH,20250730,65.01,65.03,63.63,64.06,65.25,-1.19,-1.8238,55713.73,358375.831
603662.SH,20250729,65.32,65.6,64.65,65.25,65.52,-0.27,-0.4121,53856.06,350581.95
603662.SH,20250728,65.8,66.88,65.36,65.52,65.78,-0.26,-0.3953,60958.68,402519.055
603662.SH,20250725,65.53,66.1,64.93,65.78,65.5,0.28,0.4275,62892.24,412129.239
603662.SH,20250724,65.41,66.38,65.3,65.5,65.51,-0.01,-0.0153,55970.0,367253.228
603662.SH,20250723,66.08,66.38,64.88,65.51,67.0,-1.49,-2.2239,75662.38,496555.692
603662.SH,20250722,66.93,68.65,66.0,67.0,67.39,-0.39,-0.5787,109596.96,735068.174
603662.SH,20250721,66.29,68.55,65.9,67.39,65.6,1.79,2.7287,140570.59,945891.058
603662.SH,20250718,65.8,65.96,64.8,65.6,65.52,0.08,0.1221,66733.14,435238.26
603662.SH,20250717,64.86,66.08,64.38,65.8,64.83,0.97,1.4962,106177.98,696359.209
603662.SH,20250716,64.05,65.76,63.79,64.83,64.03,0.8,1.2494,93474.92,606962.615
603662.SH,20250715,64.1,64.3,63.3,64.03,64.1,-0.07,-0.1092,62688.19,399796.662
603662.SH,20250714,62.9,64.6,62.3,64.1,62.52,1.58,2.5272,102045.3,650806.595
603662.SH,20250711,61.08,63.2,60.88,62.52,61.1,1.42,2.3241,73107.81,454902.636
603662.SH,20250710,61.2,61.34,60.72,61.1,61.75,-0.65,-1.0526,46594.83,284025.765
603662.SH,20250709,62.47,63.97,61.68,61.75,61.78,-0.03,-0.0486,81763.29,514399.077
603662.SH,20250708,61.09,62.08,60.9,61.78,61.09,0.69,1.1295,43663.98,268822.092
603662.SH,20250707,61.5,61.51,60.61,61.09,61.5,-0.41,-0.6667,28512.48,173937.855
603662.SH,20250704,62.41,62.43,61.43,61.5,62.17,-0.67,-1.0777,41248.0,254752.757
603662.SH,20250703,62.33,62.87,61.88,62.17,62.34,-0.17,-0.2727,32272.1,200814.113
603662.SH,20250702,63.59,63.59,61.9,62.34,63.73,-1.39,-2.1811,51779.1,324023.611
603662.SH,20250701,63.67,64.25,63.03,63.73,63.93,-0.2,-0.3128,44860.91,284915.647
603662.SH,20250630,63.88,64.46,63.15,63.93,63.56,0.37,0.5821,48934.01,313136.123
603662.SH,20250627,63.42,64.3,63.03,63.56,63.48,0.08,0.126,52199.72,332634.936
603662.SH,20250626,64.99,65.53,63.48,63.48,64.45,-0.97,-1.505,75885.2,489815.938
603662.SH,20250625,63.74,64.8,63.3,64.45,63.75,0.7,1.098,81571.75,523070.101
603662.SH,20250624,60.9,63.85,60.9,63.75,60.69,3.06,5.042,98466.08,622267.681
603662.SH,20250623,59.56,61.09,59.01,60.69,60.24,0.45,0.747,39531.34,238228.399
603662.SH,20250620,61.89,62.2,60.15,60.24,62.29,-2.05,-3.2911,57803.2,352251.836
603662.SH,20250619,62.85,64.1,62.0,62.29,63.18,-0.89,-1.4087,87376.4,553227.504
603662.SH,20250618,62.42,63.47,62.0,63.18,62.47,0.71,1.1365,46058.76,289548.586
603662.SH,20250617,63.08,63.41,62.06,62.47,63.2,-0.73,-1.1551,43567.0,272960.423
603662.SH,20250616,62.79,63.97,62.58,63.2,63.19,0.01,0.0158,48313.96,305645.711
603662.SH,20250613,63.8,64.97,62.4,63.19,64.86,-1.67,-2.5748,71852.06,456562.27
603662.SH,20250612,64.44,65.37,63.95,64.86,65.13,-0.27,-0.4146,58625.26,379685.543
603662.SH,20250611,65.65,66.08,64.83,65.13,66.19,-1.06,-1.6015,96888.69,632977.24
603662.SH,20250610,62.8,67.8,60.95,66.19,62.78,3.41,5.4317,173324.37,1116649.455
603662.SH,20250609,62.9,63.66,62.66,62.78,62.93,-0.15,-0.2384,49796.0,314150.366
603662.SH,20250606,63.37,63.66,62.7,62.93,63.47,-0.54,-0.8508,48596.99,306268.959
603662.SH,20250605,61.45,64.14,60.7,63.47,61.29,2.18,3.5569,87301.72,546536.408
603662.SH,20250604,61.02,61.62,60.68,61.29,60.79,0.5,0.8225,38163.41,233691.349
603662.SH,20250603,60.02,61.24,59.91,60.79,60.86,-0.07,-0.115,31959.0,194548.308
603662.SH,20250530,62.2,62.22,60.53,60.86,62.47,-1.61,-2.5772,47638.0,290868.807
603662.SH,20250529,61.73,63.21,61.73,62.47,61.91,0.56,0.9045,48461.4,303364.945
603662.SH,20250528,62.18,62.8,61.5,61.91,62.07,-0.16,-0.2578,41506.48,257737.589
603662.SH,20250527,63.68,63.68,61.9,62.07,63.68,-1.61,-2.5283,50926.58,317813.861
603662.SH,20250526,64.0,64.29,63.01,63.68,64.07,-0.39,-0.6087,45284.0,288333.811
603662.SH,20250523,64.36,65.83,63.68,64.07,64.6,-0.53,-0.8204,66883.58,433509.661
603662.SH,20250522,64.9,65.75,64.5,64.6,64.78,-0.18,-0.2779,47553.6,309470.605
603662.SH,20250521,65.47,65.57,64.36,64.78,65.85,-1.07,-1.6249,56745.6,367873.918
603662.SH,20250520,65.7,66.48,65.07,65.85,65.87,-0.02,-0.0304,54486.7,359340.775
603662.SH,20250519,67.83,67.83,64.98,65.87,67.83,-1.96,-2.8896,82822.0,544563.83
603662.SH,20250516,66.9,69.05,65.9,67.83,67.06,0.77,1.1482,94772.6,646527.983
603662.SH,20250515,68.66,68.7,67.01,67.06,68.65,-1.59,-2.3161,75607.4,510454.914
603662.SH,20250514,69.38,69.62,68.0,68.65,69.19,-0.54,-0.7805,89155.75,612660.638
603662.SH,20250513,71.5,71.5,68.68,69.19,70.45,-1.26,-1.7885,130910.2,911282.234
603662.SH,20250512,67.62,70.7,67.62,70.45,66.71,3.74,5.6064,210738.42,1471287.274
603662.SH,20250509,68.0,68.0,65.5,66.71,68.07,-1.36,-1.9979,88658.68,589858.945
603662.SH,20250508,67.75,68.8,67.33,68.07,67.82,0.25,0.3686,84340.52,573723.021
603662.SH,20250507,69.4,69.66,67.0,67.82,68.85,-1.03,-1.496,120994.34,825628.327
603662.SH,20250506,68.74,69.25,67.5,68.85,67.95,0.9,1.3245,154999.6,1059379.288
603662.SH,20250430,65.9,68.49,65.41,67.95,65.85,2.1,3.1891,145621.03,981765.975
603662.SH,20250429,63.96,66.8,63.07,65.85,63.19,2.66,4.2095,145603.2,951882.806
603662.SH,20250428,63.45,64.5,62.87,63.19,64.13,-0.94,-1.4658,62951.0,399320.165
603662.SH,20250425,64.16,65.01,63.35,64.13,64.12,0.01,0.0156,84358.88,542609.371
603662.SH,20250424,65.21,65.78,63.64,64.12,65.2,-1.08,-1.6564,108038.65,697970.622
603662.SH,20250423,63.0,66.2,62.7,65.2,62.22,2.98,4.7895,182922.08,1183553.081
603662.SH,20250422,63.92,63.92,62.15,62.22,63.92,-1.7,-2.6596,68294.98,429825.88
603662.SH,20250421,60.3,64.22,60.02,63.92,61.31,2.61,4.2571,110644.5,693010.479
603662.SH,20250418,61.38,62.5,60.8,61.31,61.78,-0.47,-0.7608,53547.0,328841.05
603662.SH,20250417,61.89,63.21,61.71,61.78,62.01,-0.23,-0.3709,68098.0,425082.089
603662.SH,20250416,63.36,63.6,61.45,62.01,63.55,-1.54,-2.4233,92303.88,576243.331
603662.SH,20250415,63.31,64.53,62.07,63.55,63.42,0.13,0.205,129333.56,821315.722
603662.SH,20250414,61.5,65.66,60.53,63.42,59.83,3.59,6.0003,186608.67,1189648.164
603662.SH,20250411,57.35,60.66,57.0,59.83,57.96,1.87,3.2264,111325.17,659233.297
603662.SH,20250410,57.75,59.7,57.03,57.96,56.0,1.96,3.5,129027.55,753982.58
603662.SH,20250409,52.1,56.65,49.5,56.0,53.52,2.48,4.6338,158641.06,860446.557
603662.SH,20250408,55.0,55.9,51.55,53.52,56.62,-3.1,-5.4751,148804.3,791642.725
603662.SH,20250407,57.0,59.9,56.62,56.62,62.91,-6.29,-9.9984,55644.51,317149.909
603662.SH,20250403,64.0,64.88,62.8,62.91,64.62,-1.71,-2.6462,56528.06,359320.337
603662.SH,20250402,64.9,65.48,64.4,64.62,64.52,0.1,0.155,52749.0,342602.376
603662.SH,20250401,65.65,66.0,64.0,64.52,65.24,-0.72,-1.1036,68774.25,444747.756
603662.SH,20250331,65.8,66.3,63.2,65.24,66.99,-1.75,-2.6123,130687.02,842116.881
603662.SH,20250328,67.77,68.66,66.99,66.99,68.13,-1.14,-1.6733,61351.21,413680.437
603662.SH,20250327,68.36,69.49,67.54,68.13,69.22,-1.09,-1.5747,66524.88,455858.704
603662.SH,20250326,68.26,70.44,68.26,69.22,67.95,1.27,1.869,91321.91,633612.808
603662.SH,20250325,70.4,70.68,67.76,67.95,69.95,-2.0,-2.8592,69370.56,479466.916
603662.SH,20250324,70.98,71.44,68.05,69.95,71.45,-1.5,-2.0994,98745.78,686374.92
603662.SH,20250321,73.39,73.8,70.4,71.45,73.33,-1.88,-2.5638,123813.37,885073.846
603662.SH,20250320,73.58,74.66,72.01,73.33,73.61,-0.28,-0.3804,105295.88,774511.402
603662.SH,20250319,73.73,74.48,72.12,73.61,74.06,-0.45,-0.6076,100271.17,737387.444
603662.SH,20250318,73.99,74.98,73.0,74.06,73.63,0.43,0.584,119344.16,882562.477
603662.SH,20250317,72.98,74.33,71.51,73.63,72.6,1.03,1.4187,128538.04,941671.743
603662.SH,20250314,70.54,73.86,69.88,72.6,70.54,2.06,2.9203,139634.96,1006263.808
603662.SH,20250313,74.0,74.28,69.7,70.54,74.66,-4.12,-5.5183,175031.63,1251525.773
603662.SH,20250312,75.19,75.7,74.0,74.66,75.05,-0.39,-0.5197,111460.79,835224.612
603662.SH,20250311,75.31,76.7,73.47,75.05,76.98,-1.93,-2.5071,155351.69,1164110.569
603662.SH,20250310,76.65,78.08,75.3,76.98,75.35,1.63,2.1632,172100.2,1322304.515
603662.SH,20250307,75.1,76.77,74.55,75.35,76.23,-0.88,-1.1544,147614.47,1114153.95
603662.SH,20250306,74.78,77.38,74.19,76.23,74.49,1.74,2.3359,182501.95,1391104.675
603662.SH,20250305,72.94,74.82,72.45,74.49,73.67,0.82,1.1131,156976.72,1157852.43
603662.SH,20250304,70.44,75.66,70.41,73.67,72.54,1.13,1.5578,200948.95,1480866.294
603662.SH,20250303,76.3,78.01,71.22,72.54,79.13,-6.59,-8.3281,297723.73,2191196.236
603662.SH,20250228,87.05,87.05,79.13,79.13,87.92,-8.79,-9.9977,306093.29,2470618.835
603662.SH,20250227,84.0,89.5,83.74,87.92,85.37,2.55,2.987,368091.66,3198232.622
603662.SH,20250226,83.83,90.89,82.24,85.37,83.3,2.07,2.485,469212.82,4063881.056
603662.SH,20250225,86.88,88.88,83.0,83.3,86.35,-3.05,-3.5321,445101.78,3825833.918
603662.SH,20250224,78.0,86.35,77.0,86.35,78.5,7.85,10.0,284961.92,2400517.791
603662.SH,20250221,77.2,79.86,76.91,78.5,78.85,-0.35,-0.4439,233281.9,1819376.051
603662.SH,20250220,78.5,80.77,76.66,78.85,79.13,-0.28,-0.3538,284863.87,2232402.703
603662.SH,20250219,73.62,80.0,73.55,79.13,73.6,5.53,7.5136,332100.95,2567955.642
603662.SH,20250218,75.42,76.0,73.5,73.6,75.41,-1.81,-2.4002,160413.42,1193894.354
603662.SH,20250217,72.97,76.0,72.63,75.41,72.96,2.45,3.358,207115.13,1542755.199
603662.SH,20250214,74.52,75.25,72.0,72.96,75.66,-2.7,-3.5686,235069.93,1723060.674
603662.SH,20250213,80.81,81.5,75.61,75.66,81.62,-5.96,-7.3021,284181.39,2209081.119
603662.SH,20250212,81.8,83.23,80.37,81.62,82.4,-0.78,-0.9466,210177.05,1718923.433
603662.SH,20250211,80.14,83.48,79.5,82.4,81.13,1.27,1.5654,242040.35,1976384.742
603662.SH,20250210,80.81,82.8,78.55,81.13,82.0,-0.87,-1.061,245743.69,1972492.691
603662.SH,20250207,80.48,85.68,79.1,82.0,81.75,0.25,0.3058,377642.81,3105866.438
603662.SH,20250206,76.21,83.98,76.01,81.75,77.77,3.98,5.1177,333275.85,2702177.6
603662.SH,20250205,76.8,80.0,75.29,77.77,76.21,1.56,2.047,244548.49,1909934.07
603662.SH,20250127,80.7,80.7,75.52,76.21,81.87,-5.66,-6.9134,283068.01,2188874.501
603662.SH,20250124,75.99,83.33,75.06,81.87,77.14,4.73,6.1317,398874.42,3196217.104
603662.SH,20250123,76.2,78.0,73.6,77.14,75.5,1.64,2.1722,322141.66,2463336.604
603662.SH,20250122,76.51,76.99,74.56,75.5,78.6,-3.1,-3.944,292355.7,2210705.491
603662.SH,20250121,72.5,79.0,71.38,78.6,72.18,6.42,8.8944,446694.04,3406187.47
603662.SH,20250120,74.75,74.93,71.7,72.18,73.74,-1.56,-2.1155,284037.56,2075894.515
603662.SH,20250117,72.51,76.8,72.35,73.74,73.27,0.47,0.6415,328647.06,2460793.535
603662.SH,20250116,72.11,77.0,72.0,73.27,72.38,0.89,1.2296,333125.47,2477889.599
603662.SH,20250115,72.5,74.01,70.9,72.38,72.59,-0.21,-0.2893,296412.27,2136033.682
603662.SH,20250114,66.12,72.67,66.12,72.59,66.9,5.69,8.5052,363186.86,2544106.244
603662.SH,20250113,71.0,73.76,66.2,66.9,73.55,-6.65,-9.0415,403524.46,2814100.322
603662.SH,20250110,75.49,80.99,73.5,73.55,77.49,-3.94,-5.0845,435026.63,3360395.372
603662.SH,20250109,75.0,81.83,74.12,77.49,77.5,-0.01,-0.0129,494574.25,3803070.235
300007.SZ,20260702,40.0,41.73,39.37,39.56,39.99,-0.43,-1.0753,238137.13,969570.74101
300007.SZ,20260701,38.38,40.5,38.0,39.99,38.2,1.79,4.6859,238544.4,946176.36863
300007.SZ,20260630,34.65,38.38,34.58,38.2,34.36,3.84,11.1758,210799.2,774460.40763
300007.SZ,20260629,34.41,34.89,33.16,34.36,34.79,-0.43,-1.236,140202.69,478078.18602
300007.SZ,20260626,36.04,36.4,34.75,34.79,36.1,-1.31,-3.6288,116550.0,412045.54816
300007.SZ,20260625,37.01,37.58,35.8,36.1,37.14,-1.04,-2.8002,142976.49,520332.54444
300007.SZ,20260624,38.17,38.54,37.0,37.14,37.77,-0.63,-1.668,117410.03,439778.95092
300007.SZ,20260623,38.23,39.23,37.58,37.77,38.51,-0.74,-1.9216,128139.49,490752.80025
300007.SZ,20260622,39.72,39.92,36.92,38.51,39.93,-1.42,-3.5562,185245.35,705652.98865
300007.SZ,20260618,38.72,40.16,38.26,39.93,39.05,0.88,2.2535,139407.17,551650.99797
300007.SZ,20260617,39.81,40.0,38.76,39.05,40.19,-1.14,-2.8365,130727.55,513285.23645
300007.SZ,20260616,40.04,40.6,39.38,40.19,40.16,0.03,0.0747,126225.66,505760.55174
300007.SZ,20260615,39.26,40.26,39.25,40.16,39.21,0.95,2.4229,107668.22,430767.25095
300007.SZ,20260612,40.34,41.27,39.13,39.21,39.68,-0.47,-1.1845,138372.17,554977.28468
300007.SZ,20260611,41.5,41.96,39.56,39.68,42.12,-2.44,-5.793,159776.99,642548.49577
300007.SZ,20260610,44.5,45.16,41.85,42.17,45.22,-3.05,-6.7448,181051.21,784835.74598
300007.SZ,20260609,43.56,45.49,42.2,45.22,43.36,1.86,4.2897,242392.73,1071635.23204
300007.SZ,20260608,41.8,44.32,41.3,43.36,42.82,0.54,1.2611,231091.84,1002347.559
300007.SZ,20260605,41.14,44.43,38.62,42.82,41.43,1.39,3.3551,274355.18,1136798.864
300007.SZ,20260604,40.8,42.97,40.6,41.43,41.26,0.17,0.412,141256.99,593221.287
300007.SZ,20260603,41.1,42.47,40.82,41.26,41.7,-0.44,-1.0552,127802.71,533443.448
300007.SZ,20260602,42.5,43.26,41.6,41.7,41.59,0.11,0.2645,131762.35,556364.371
300007.SZ,20260601,41.76,42.88,41.54,41.59,42.03,-0.44,-1.0469,127293.14,535930.825
300007.SZ,20260529,45.88,46.44,41.7,42.03,46.01,-3.98,-8.6503,220549.91,957215.821
300007.SZ,20260528,47.18,47.18,44.72,46.01,47.52,-1.51,-3.1776,198831.85,910081.272
300007.SZ,20260527,50.0,50.11,47.0,47.52,50.98,-3.46,-6.787,262427.13,1273408.622
300007.SZ,20260526,49.8,52.5,49.55,50.98,49.95,1.03,2.0621,280203.56,1437053.699
300007.SZ,20260525,51.69,51.83,49.55,49.95,50.81,-0.86,-1.6926,215020.71,1081686.116
300007.SZ,20260522,50.21,51.48,48.95,50.81,50.68,0.13,0.2565,273714.49,1383577.586
300007.SZ,20260521,49.01,52.46,49.01,50.68,48.98,1.7,3.4708,415452.27,2118259.803
300007.SZ,20260520,49.86,49.97,48.48,48.98,50.66,-1.68,-3.3162,238556.61,1168620.202
300007.SZ,20260519,48.23,51.45,48.23,50.66,48.5,2.16,4.4536,297275.55,1489337.557
300007.SZ,20260518,46.5,48.82,46.44,48.5,47.05,1.45,3.0818,266733.87,1284317.534
300007.SZ,20260515,44.21,47.99,44.2,47.05,44.18,2.87,6.4962,289231.08,1348884.574
300007.SZ,20260514,46.08,46.18,44.18,44.18,45.87,-1.69,-3.6843,116837.99,524443.214
300007.SZ,20260513,45.71,46.03,45.02,45.87,45.67,0.2,0.4379,108058.35,492164.264
300007.SZ,20260512,46.41,47.29,45.52,45.67,46.41,-0.74,-1.5945,130611.63,602784.172
300007.SZ,20260511,47.31,47.32,46.17,46.41,47.3,-0.89,-1.8816,181123.25,842709.232
300007.SZ,20260508,45.69,47.88,45.21,47.3,45.7,1.6,3.5011,272229.76,1278795.197
300007.SZ,20260507,44.62,45.89,44.07,45.7,44.38,1.32,2.9743,189389.75,859637.713
300007.SZ,20260506,43.2,45.75,43.08,44.38,42.95,1.43,3.3295,172852.75,768364.937
300007.SZ,20260430,41.88,43.27,41.78,42.95,42.13,0.82,1.9464,95076.98,405815.519
300007.SZ,20260429,41.5,42.39,41.5,42.13,41.0,1.13,2.7561,97644.66,410663.464
300007.SZ,20260428,42.75,42.8,40.75,41.0,42.98,-1.98,-4.6068,115291.59,477692.354
300007.SZ,20260427,42.17,43.23,41.72,42.98,42.19,0.79,1.8725,86087.77,368592.94
300007.SZ,20260424,42.99,43.11,41.92,42.19,43.04,-0.85,-1.9749,83539.17,353789.698
300007.SZ,20260423,44.25,44.58,42.62,43.04,44.48,-1.44,-3.2374,116325.81,503747.93
300007.SZ,20260422,44.0,44.5,43.82,44.48,44.26,0.22,0.4971,85691.06,379379.992
300007.SZ,20260421,44.69,44.75,43.66,44.26,44.86,-0.6,-1.3375,101086.82,446118.411
300007.SZ,20260420,44.33,45.13,44.33,44.86,44.29,0.57,1.287,114210.84,512462.928
300007.SZ,20260417,44.02,44.6,43.75,44.29,44.24,0.05,0.113,83676.98,368923.206
300007.SZ,20260416,44.02,44.55,43.67,44.24,43.47,0.77,1.7713,90927.16,400776.203
300007.SZ,20260415,44.81,44.87,43.41,43.47,44.36,-0.89,-2.0063,81051.3,357679.371
300007.SZ,20260414,44.0,44.4,43.62,44.36,43.47,0.89,2.0474,81699.49,360119.903
300007.SZ,20260413,43.04,43.86,43.04,43.47,43.55,-0.08,-0.1837,58517.92,254347.886
300007.SZ,20260410,43.4,44.55,43.4,43.55,42.85,0.7,1.6336,94723.23,416120.694
300007.SZ,20260409,43.2,43.4,42.75,42.85,43.88,-1.03,-2.3473,71648.21,308130.536
300007.SZ,20260408,42.51,43.9,42.51,43.88,41.39,2.49,6.0159,102635.36,444373.765
300007.SZ,20260407,41.43,41.88,40.95,41.39,41.36,0.03,0.0725,46434.02,192488.035
300007.SZ,20260403,41.97,42.24,41.31,41.36,41.83,-0.47,-1.1236,49543.95,206340.319
300007.SZ,20260402,43.01,43.2,41.66,41.83,43.29,-1.46,-3.3726,68035.36,288252.318
300007.SZ,20260401,43.29,43.8,42.95,43.29,42.28,1.01,2.3888,74396.0,321554.244
300007.SZ,20260331,42.6,43.6,42.26,42.28,42.63,-0.35,-0.821,79654.95,341357.494
300007.SZ,20260330,42.1,42.66,41.9,42.63,42.75,-0.12,-0.2807,59035.38,249688.315
300007.SZ,20260327,41.68,43.2,41.5,42.75,42.53,0.22,0.5173,79812.84,339616.989
300007.SZ,20260326,43.23,43.97,42.44,42.53,43.05,-0.52,-1.2079,93514.99,403751.99
300007.SZ,20260325,42.44,43.47,42.44,43.05,42.43,0.62,1.4612,88007.4,378849.84
300007.SZ,20260324,43.0,43.25,41.2,42.43,42.22,0.21,0.4974,104387.68,438995.721
300007.SZ,20260323,42.7,45.16,41.88,42.22,43.62,-1.4,-3.2095,144087.77,626662.922
300007.SZ,20260320,45.4,45.79,43.6,43.62,45.23,-1.61,-3.5596,86751.8,386754.788
300007.SZ,20260319,46.1,46.36,45.06,45.23,46.95,-1.72,-3.6635,86047.34,392624.988
300007.SZ,20260318,46.65,47.08,46.06,46.95,46.38,0.57,1.229,63731.52,296985.029
300007.SZ,20260317,48.3,48.4,46.35,46.38,48.06,-1.68,-3.4956,80651.2,380540.008
300007.SZ,20260316,47.77,48.26,47.29,48.06,47.63,0.43,0.9028,75448.48,360502.284
300007.SZ,20260313,48.04,48.8,47.53,47.63,48.49,-0.86,-1.7736,98551.99,473230.267
300007.SZ,20260312,48.86,49.33,48.1,48.49,49.3,-0.81,-1.643,87167.35,423642.829
300007.SZ,20260311,49.68,50.3,49.3,49.3,49.51,-0.21,-0.4242,116010.8,576472.044
300007.SZ,20260310,49.09,49.59,48.74,49.51,48.28,1.23,2.5476,109852.78,540976.728
300007.SZ,20260309,47.8,48.6,46.75,48.28,48.95,-0.67,-1.3687,112675.15,535677.7
300007.SZ,20260306,48.01,49.44,47.89,48.95,48.28,0.67,1.3877,102280.56,500539.17
300007.SZ,20260305,48.01,48.9,47.81,48.28,47.13,1.15,2.4401,117347.95,567400.613
300007.SZ,20260304,47.31,48.22,46.91,47.13,47.68,-0.55,-1.1535,104310.65,496161.478
300007.SZ,20260303,50.79,51.39,47.61,47.68,50.72,-3.04,-5.9937,150206.02,736828.353
300007.SZ,20260302,50.81,51.93,50.45,50.72,52.42,-1.7,-3.243,123477.63,628881.382
300007.SZ,20260227,53.29,53.48,52.02,52.42,53.48,-1.06,-1.982,138101.07,724875.016
300007.SZ,20260226,54.0,54.0,53.13,53.48,54.06,-0.58,-1.0729,107255.81,574550.287
300007.SZ,20260225,53.78,54.66,53.7,54.06,54.4,-0.34,-0.625,113181.76,611650.258
300007.SZ,20260224,57.1,57.5,54.1,54.4,55.59,-1.19,-2.1407,168417.52,927977.642
300007.SZ,20260213,55.01,56.23,54.89,55.59,55.35,0.24,0.4336,128926.41,719002.62
300007.SZ,20260212,54.45,55.7,54.45,55.35,54.41,0.94,1.7276,109914.06,607810.228
300007.SZ,20260211,55.02,55.6,54.41,54.41,55.35,-0.94,-1.6983,80469.99,441180.312
300007.SZ,20260210,55.2,55.99,54.85,55.35,55.27,0.08,0.1447,125634.52,696546.419
300007.SZ,20260209,55.05,55.76,54.5,55.27,54.5,0.77,1.4128,109304.94,602827.729
300007.SZ,20260206,52.8,55.55,52.33,54.5,53.14,1.36,2.5593,156431.39,854377.116
300007.SZ,20260205,54.67,54.82,52.9,53.14,55.17,-2.03,-3.6795,126306.11,675516.077
300007.SZ,20260204,55.3,55.74,54.6,55.17,55.74,-0.57,-1.0226,102784.19,565630.884
300007.SZ,20260203,54.56,55.94,54.2,55.74,54.5,1.24,2.2752,140774.42,780403.917
300007.SZ,20260202,55.8,56.34,54.5,54.5,55.32,-0.82,-1.4823,149388.59,826283.354
300007.SZ,20260130,54.38,56.48,54.06,55.32,54.4,0.92,1.6912,168803.67,934040.051
300007.SZ,20260129,55.22,56.35,54.32,54.4,55.87,-1.47,-2.6311,160493.64,887476.36
300007.SZ,20260128,55.71,56.44,55.08,55.87,56.36,-0.49,-0.8694,123687.89,688492.783
300007.SZ,20260127,56.54,56.77,54.0,56.36,56.88,-0.52,-0.9142,219842.86,1215974.82
300007.SZ,20260126,61.9,61.9,56.84,56.88,59.42,-2.54,-4.2747,269337.55,1577997.894
300007.SZ,20260123,58.89,60.35,58.56,59.42,57.96,1.46,2.519,239057.22,1421889.665
300007.SZ,20260122,58.74,59.72,57.66,57.96,58.74,-0.78,-1.3279,164760.0,960651.156
300007.SZ,20260121,57.08,60.12,57.01,58.74,57.68,1.06,1.8377,230128.61,1358037.091
300007.SZ,20260120,59.7,60.0,57.04,57.68,60.3,-2.62,-4.3449,244784.63,1429425.92
300007.SZ,20260119,58.18,60.78,57.37,60.3,58.43,1.87,3.2004,327312.29,1945465.473
300007.SZ,20260116,58.19,59.0,56.58,58.43,56.97,1.46,2.5628,297359.85,1725725.902
300007.SZ,20260115,57.03,58.2,56.4,56.97,58.04,-1.07,-1.8436,199991.51,1142772.796
300007.SZ,20260114,59.3,60.47,57.01,58.04,59.41,-1.37,-2.306,342547.62,2016851.24
300007.SZ,20260113,62.12,62.77,59.05,59.41,62.1,-2.69,-4.3317,346607.57,2098776.694
300007.SZ,20260112,60.0,62.51,59.81,62.1,59.28,2.82,4.7571,432866.61,2651208.454
300007.SZ,20260109,59.01,60.85,58.51,59.28,60.34,-1.06,-1.7567,368409.28,2196342.752
300007.SZ,20260108,59.79,61.87,59.18,60.34,59.63,0.71,1.1907,465517.74,2813705.277
300007.SZ,20260107,60.09,62.3,59.03,59.63,62.01,-2.38,-3.8381,533589.73,3227759.401
300007.SZ,20260106,65.36,67.88,61.8,62.01,63.48,-1.47,-2.3157,859476.47,5541642.72
300007.SZ,20260105,55.0,63.74,55.0,63.48,53.6,9.88,18.4328,691241.41,4150269.457
300007.SZ,20251231,53.77,54.85,52.6,53.6,54.02,-0.42,-0.7775,267646.08,1437616.927
300007.SZ,20251230,50.21,56.24,49.85,54.02,51.02,3.0,5.88,427289.39,2273579.424
300007.SZ,20251229,49.66,51.81,49.55,51.02,49.89,1.13,2.265,258663.32,1317577.067
300007.SZ,20251226,49.29,50.48,49.02,49.89,49.81,0.08,0.1606,194880.66,970038.255
300007.SZ,20251225,47.55,50.5,47.34,49.81,47.16,2.65,5.6192,268019.5,1316414.179
300007.SZ,20251224,46.08,47.29,46.05,47.16,46.36,0.8,1.7256,94428.29,442848.864
300007.SZ,20251223,47.5,47.5,46.05,46.36,47.62,-1.26,-2.6459,114678.81,535910.411
300007.SZ,20251222,46.5,48.15,46.28,47.62,45.83,1.79,3.9057,173446.45,822763.999
300007.SZ,20251219,45.41,46.6,45.41,45.83,45.29,0.54,1.1923,101335.38,467680.542
300007.SZ,20251218,46.0,46.86,45.17,45.29,46.4,-1.11,-2.3922,104994.36,482160.169
300007.SZ,20251217,46.5,46.88,45.07,46.4,46.33,0.07,0.1511,130192.31,598625.186
300007.SZ,20251216,47.44,47.57,45.55,46.33,47.46,-1.13,-2.381,126412.97,586104.049
300007.SZ,20251215,49.01,49.03,47.4,47.46,49.65,-2.19,-4.4109,147630.02,709298.958
300007.SZ,20251212,48.98,49.65,48.25,49.65,49.01,0.64,1.3059,160979.47,788470.823
300007.SZ,20251211,50.36,50.59,49.01,49.01,50.36,-1.35,-2.6807,119929.06,596095.606
300007.SZ,20251210,50.61,50.93,49.85,50.36,51.01,-0.65,-1.2743,141860.8,713721.873
300007.SZ,20251209,51.59,52.3,50.61,51.01,52.13,-1.12,-2.1485,181943.83,934016.512
300007.SZ,20251208,51.0,52.5,50.22,52.13,50.95,1.18,2.316,265599.69,1366934.245
300007.SZ,20251205,48.78,51.29,48.1,50.95,49.38,1.57,3.1794,284535.19,1422682.717
300007.SZ,20251204,49.01,50.35,48.16,49.38,47.41,1.97,4.1552,308497.0,1522991.137
300007.SZ,20251203,48.29,48.62,47.22,47.41,48.15,-0.74,-1.5369,100260.74,477997.902
300007.SZ,20251202,49.4,49.44,47.94,48.15,49.7,-1.55,-3.1187,131836.8,638010.387
300007.SZ,20251201,48.75,49.71,48.65,49.7,48.92,0.78,1.5944,142263.2,702569.563
300007.SZ,20251128,47.9,49.4,47.51,48.92,48.28,0.64,1.3256,146799.56,713299.999
300007.SZ,20251127,48.5,49.44,48.1,48.28,48.41,-0.13,-0.2685,143562.31,698983.996
300007.SZ,20251126,47.3,49.36,46.9,48.41,47.77,0.64,1.3398,179580.16,871813.459
300007.SZ,20251125,47.46,48.65,47.46,47.77,47.18,0.59,1.2505,139077.48,668951.452
300007.SZ,20251124,46.43,47.52,45.87,47.18,46.7,0.48,1.0278,121194.11,567394.824
300007.SZ,20251121,46.0,47.79,45.51,46.7,46.63,0.07,0.1501,210971.83,986370.52
300007.SZ,20251120,47.78,47.97,46.58,46.63,47.35,-0.72,-1.5206,86278.11,405450.267
300007.SZ,20251119,48.01,48.37,47.02,47.35,48.09,-0.74,-1.5388,108430.62,515915.346
300007.SZ,20251118,48.05,48.78,47.58,48.09,48.4,-0.31,-0.6405,91910.89,442792.662
300007.SZ,20251117,48.12,49.21,48.02,48.4,48.3,0.1,0.207,91024.37,442329.091
300007.SZ,20251114,49.04,49.28,48.21,48.3,49.85,-1.55,-3.1093,97710.74,476371.485
300007.SZ,20251113,49.13,50.17,48.69,49.85,49.1,0.75,1.5275,108462.24,537138.226
300007.SZ,20251112,50.0,50.82,48.71,49.1,50.46,-1.36,-2.6952,139202.58,688392.883
300007.SZ,20251111,50.63,51.08,49.79,50.46,50.42,0.04,0.0793,142341.91,718670.94
300007.SZ,20251110,53.0,53.22,49.72,50.42,53.17,-2.75,-5.1721,268032.53,1362190.203
300007.SZ,20251107,56.03,56.9,53.17,53.17,55.03,-1.86,-3.38,197361.05,1069287.571
300007.SZ,20251106,54.02,56.3,52.41,55.03,52.21,2.82,5.4013,271111.98,1478151.87
300007.SZ,20251105,51.0,52.6,50.78,52.21,52.88,-0.67,-1.267,145630.02,754550.14
300007.SZ,20251104,56.02,56.2,52.68,52.88,56.68,-3.8,-6.7043,237041.77,1276431.505
300007.SZ,20251103,56.28,57.95,55.6,56.68,56.28,0.4,0.7107,199862.17,1134643.85
300007.SZ,20251031,54.97,57.78,54.75,56.28,55.02,1.26,2.2901,221267.22,1253269.507
300007.SZ,20251030,56.03,56.87,54.08,55.02,57.54,-2.52,-4.3796,257793.25,1426587.732
300007.SZ,20251029,55.58,58.2,55.58,57.54,56.04,1.5,2.6767,244539.62,1402497.349
300007.SZ,20251028,55.88,57.29,55.41,56.04,56.37,-0.33,-0.5854,225553.78,1269636.656
300007.SZ,20251027,56.29,57.3,55.06,56.37,55.78,0.59,1.0577,235134.94,1322223.21
300007.SZ,20251024,54.49,56.1,53.93,55.78,53.75,2.03,3.7767,205422.46,1135086.62
300007.SZ,20251023,54.01,54.29,52.78,53.75,54.51,-0.76,-1.3942,114233.69,609947.638
300007.SZ,20251022,54.8,55.74,54.31,54.51,55.31,-0.8,-1.4464,161671.47,887720.957
300007.SZ,20251021,54.97,55.48,54.02,55.31,54.3,1.01,1.86,207588.57,1137160.748
300007.SZ,20251020,54.87,55.72,53.85,54.3,52.51,1.79,3.4089,225759.58,1238875.123
300007.SZ,20251017,54.56,55.24,52.35,52.51,54.62,-2.11,-3.8631,139553.3,744612.755
300007.SZ,20251016,55.26,55.58,54.39,54.62,55.9,-1.28,-2.2898,145608.27,798342.446
300007.SZ,20251015,53.51,56.28,52.62,55.9,53.32,2.58,4.8387,277145.4,1515137.033
300007.SZ,20251014,58.0,58.15,52.92,53.32,57.03,-3.71,-6.5053,253454.02,1399105.309
300007.SZ,20251013,54.99,57.69,54.33,57.03,59.31,-2.28,-3.8442,252585.93,1421775.165
300007.SZ,20251010,63.0,63.96,59.0,59.31,62.16,-2.85,-4.5849,304634.51,1868611.166
300007.SZ,20251009,63.4,63.4,61.1,62.16,63.57,-1.41,-2.218,241012.46,1504853.989
300007.SZ,20250930,64.37,64.85,63.46,63.57,64.87,-1.3,-2.004,213600.3,1367061.211
300007.SZ,20250929,62.29,65.3,62.28,64.87,61.32,3.55,5.7893,289320.06,1850191.192
300007.SZ,20250926,64.38,65.0,61.18,61.32,65.24,-3.92,-6.0086,291669.74,1839343.041
300007.SZ,20250925,67.21,67.33,64.4,65.24,67.21,-1.97,-2.9311,370135.94,2429269.54
300007.SZ,20250924,63.97,67.5,62.41,67.21,64.7,2.51,3.8794,480141.73,3134110.128
300007.SZ,20250923,64.0,66.98,61.91,64.7,63.29,1.41,2.2278,497994.78,3215019.765
300007.SZ,20250922,64.13,64.49,62.41,63.29,62.9,0.39,0.62,350672.23,2218816.434
300007.SZ,20250919,67.87,68.14,62.83,62.9,69.79,-6.89,-9.8725,615373.08,3970977.252
300007.SZ,20250918,71.0,72.86,67.9,69.79,68.75,1.04,1.5127,796893.46,5591885.503
300007.SZ,20250917,70.12,73.0,67.51,68.75,64.92,3.83,5.8996,866080.79,6072952.881
300007.SZ,20250916,55.19,64.92,55.19,64.92,54.1,10.82,20.0,723815.26,4479011.368
300007.SZ,20250915,52.69,55.48,52.37,54.1,52.7,1.4,2.6565,419898.43,2281934.645
300007.SZ,20250912,53.82,55.14,52.58,52.7,53.52,-0.82,-1.5321,355741.53,1907869.237
300007.SZ,20250911,52.69,53.58,51.06,53.52,51.83,1.69,3.2607,376000.13,1978855.823
300007.SZ,20250910,52.88,55.81,51.8,51.83,53.4,-1.57,-2.9401,421025.28,2246022.468
300007.SZ,20250909,53.28,54.93,52.0,53.4,53.97,-0.57,-1.0561,444635.11,2374261.473
300007.SZ,20250908,53.56,56.5,53.29,53.97,53.5,0.47,0.8785,605416.88,3304743.584
300007.SZ,20250905,49.06,54.23,47.74,53.5,49.55,3.95,7.9717,645697.51,3370120.701
300007.SZ,20250904,51.01,52.97,47.74,49.55,50.6,-1.05,-2.0751,633714.95,3228652.01
300007.SZ,20250903,52.0,53.16,49.94,50.6,51.95,-1.35,-2.5987,580576.69,2987405.124
300007.SZ,20250902,47.42,55.58,46.15,51.95,46.59,5.36,11.5046,864414.65,4282520.224
300007.SZ,20250901,45.85,47.5,45.8,46.59,45.1,1.49,3.3038,301059.43,1406273.675
300007.SZ,20250829,45.59,46.5,44.67,45.1,43.8,1.3,2.968,309958.29,1410217.857
300007.SZ,20250828,44.27,44.65,42.24,43.8,44.26,-0.46,-1.0393,309956.27,1347114.09
300007.SZ,20250827,47.23,47.63,44.2,44.26,47.17,-2.91,-6.1692,355700.32,1643352.012
300007.SZ,20250826,48.17,48.17,46.99,47.17,48.65,-1.48,-3.0421,265035.69,1256631.252
300007.SZ,20250825,47.18,49.46,47.17,48.65,47.3,1.35,2.8541,348970.36,1690266.762
300007.SZ,20250822,46.5,47.6,46.36,47.3,46.61,0.69,1.4804,192298.1,904515.54
300007.SZ,20250821,47.81,48.75,46.58,46.61,48.0,-1.39,-2.8958,229769.09,1094068.283
300007.SZ,20250820,48.03,48.96,47.36,48.0,48.6,-0.6,-1.2346,273802.71,1314338.3
300007.SZ,20250819,46.73,49.29,45.88,48.6,46.93,1.67,3.5585,466767.86,2228594.914
300007.SZ,20250818,47.22,47.51,46.39,46.93,46.88,0.05,0.1067,341191.83,1599436.005
300007.SZ,20250815,45.68,47.15,45.68,46.88,45.68,1.2,2.627,274228.62,1280913.589
300007.SZ,20250814,47.2,47.2,45.17,45.68,47.45,-1.77,-3.7302,333599.16,1538332.206
300007.SZ,20250813,46.92,47.73,45.71,47.45,47.25,0.2,0.4233,353922.35,1654715.693
300007.SZ,20250812,47.14,47.89,46.51,47.25,47.15,0.1,0.2121,269053.99,1271246.425
300007.SZ,20250811,48.43,48.6,46.78,47.15,47.56,-0.41,-0.8621,309170.15,1467352.256
300007.SZ,20250808,50.6,51.88,46.88,47.56,50.25,-2.69,-5.3532,492129.6,2440921.212
300007.SZ,20250807,47.25,50.86,45.9,50.25,47.59,2.66,5.5894,511100.39,2454690.418
300007.SZ,20250806,47.0,49.5,46.46,47.59,47.99,-0.4,-0.8335,475919.6,2289681.696
300007.SZ,20250805,46.72,48.0,46.02,47.99,46.89,1.1,2.3459,449436.39,2113790.044
300007.SZ,20250804,43.3,47.28,43.0,46.89,43.35,3.54,8.1661,485713.69,2203478.818
300007.SZ,20250801,43.22,44.68,41.8,43.35,43.27,0.08,0.1849,306812.4,1317965.768
300007.SZ,20250731,42.99,44.44,42.64,43.27,43.64,-0.37,-0.8478,335626.74,1469379.627
300007.SZ,20250730,42.39,44.68,41.15,43.64,42.33,1.31,3.0947,454417.32,1966718.768
300007.SZ,20250729,41.45,42.34,41.17,42.33,41.75,0.58,1.3892,188631.2,789658.703
300007.SZ,20250728,42.57,42.97,41.65,41.75,42.14,-0.39,-0.9255,182094.39,766833.721
300007.SZ,20250725,41.69,42.33,41.45,42.14,41.88,0.26,0.6208,162122.61,679012.173
300007.SZ,20250724,42.4,42.77,41.45,41.88,41.77,0.11,0.2633,167893.28,703323.11
300007.SZ,20250723,42.06,42.49,41.64,41.77,42.04,-0.27,-0.6422,182150.28,764250.072
300007.SZ,20250722,43.31,43.45,42.0,42.04,43.87,-1.83,-4.1714,332486.49,1411854.33
300007.SZ,20250721,43.62,45.64,43.17,43.87,42.91,0.96,2.2372,418187.69,1842623.845
300007.SZ,20250718,43.8,43.99,42.84,42.91,43.72,-0.81,-1.8527,268622.8,1161345.691
300007.SZ,20250717,43.63,44.53,43.37,43.72,44.38,-0.66,-1.4872,396691.05,1740708.796
300007.SZ,20250716,41.7,45.69,41.01,44.38,41.7,2.68,6.4269,594268.49,2602534.052
300007.SZ,20250715,40.3,41.99,39.76,41.7,40.35,1.35,3.3457,489950.65,2015230.373
300007.SZ,20250714,39.2,41.77,38.81,40.35,38.93,1.42,3.6476,448306.03,1812304.334
300007.SZ,20250711,37.83,39.4,37.32,38.93,37.9,1.03,2.7177,244601.99,939001.229
300007.SZ,20250710,38.36,38.64,37.6,37.9,38.9,-1.0,-2.5707,177505.0,673960.754
300007.SZ,20250709,39.15,40.75,38.42,38.9,38.61,0.29,0.7511,322741.01,1279753.689
300007.SZ,20250708,37.8,39.05,37.6,38.61,37.57,1.04,2.7682,244688.0,939064.013
300007.SZ,20250707,37.74,38.36,36.92,37.57,37.88,-0.31,-0.8184,161834.0,608839.236
300007.SZ,20250704,38.89,39.0,37.8,37.88,38.36,-0.48,-1.2513,182201.62,697364.087
300007.SZ,20250703,38.21,39.12,38.0,38.36,38.42,-0.06,-0.1562,161736.0,622063.645
300007.SZ,20250702,39.51,39.81,38.13,38.42,40.0,-1.58,-3.95,260549.2,1010681.308
300007.SZ,20250701,40.6,42.22,39.61,40.0,40.6,-0.6,-1.4778,375896.71,1532537.934
300007.SZ,20250630,40.17,40.99,39.67,40.6,39.58,1.02,2.5771,347097.6,1400822.992
300007.SZ,20250627,39.6,40.19,39.11,39.58,39.48,0.1,0.2533,233215.09,926268.777
300007.SZ,20250626,40.23,40.8,39.44,39.48,40.3,-0.82,-2.0347,335403.4,1344218.232
300007.SZ,20250625,39.79,40.38,39.01,40.3,39.7,0.6,1.5113,457943.5,1816311.36
300007.SZ,20250624,35.38,41.6,35.35,39.7,34.98,4.72,13.4934,702656.76,2736517.389
300007.SZ,20250623,34.0,35.14,33.66,34.98,35.02,-0.04,-0.1142,180403.91,625488.014
300007.SZ,20250620,37.01,37.01,34.71,35.02,37.49,-2.47,-6.5884,366384.41,1308330.163
300007.SZ,20250619,35.2,38.2,35.08,37.49,35.59,1.9,5.3386,560607.39,2084140.132
300007.SZ,20250618,35.51,36.09,34.79,35.59,35.89,-0.3,-0.8359,231819.52,819560.596
300007.SZ,20250617,34.12,36.89,34.12,35.89,34.38,1.51,4.3921,422164.5,1518423.954
300007.SZ,20250616,33.9,34.67,33.9,34.38,34.17,0.21,0.6146,105361.0,362393.725
300007.SZ,20250613,35.1,35.36,34.12,34.17,35.45,-1.28,-3.6107,163595.0,565184.697
300007.SZ,20250612,35.66,36.03,35.36,35.45,35.88,-0.43,-1.1984,117058.49,417437.702
300007.SZ,20250611,35.9,36.47,35.62,35.88,35.79,0.09,0.2515,127110.02,456760.582
300007.SZ,20250610,36.27,36.45,34.75,35.79,36.17,-0.38,-1.0506,231456.5,823112.168
300007.SZ,20250609,36.39,37.5,36.03,36.17,36.34,-0.17,-0.4678,201582.0,738930.87
300007.SZ,20250606,37.17,37.17,36.23,36.34,37.17,-0.83,-2.233,166193.0,606857.719
300007.SZ,20250605,36.5,37.49,35.75,37.17,36.5,0.67,1.8356,281956.91,1039058.227
300007.SZ,20250604,36.1,36.8,35.75,36.5,36.3,0.2,0.551,185266.24,673453.115
300007.SZ,20250603,34.51,37.37,34.51,36.3,34.88,1.42,4.0711,269033.82,972574.858
300007.SZ,20250530,36.2,36.2,34.73,34.88,36.22,-1.34,-3.6996,179731.0,632969.74
300007.SZ,20250529,35.82,36.75,35.82,36.22,35.9,0.32,0.8914,166018.0,601920.808
300007.SZ,20250528,37.16,37.3,35.79,35.9,36.78,-0.88,-2.3926,175379.96,637179.564
300007.SZ,20250527,37.68,37.77,36.51,36.82,37.9,-1.08,-2.8496,159460.0,590251.467
300007.SZ,20250526,37.48,38.1,37.13,37.9,37.66,0.24,0.6373,147791.08,554949.727
300007.SZ,20250523,38.33,39.06,37.55,37.66,38.3,-0.64,-1.671,195258.08,747133.323
300007.SZ,20250522,39.14,39.42,38.25,38.3,39.03,-0.73,-1.8704,159169.96,616413.621
300007.SZ,20250521,39.0,39.49,38.57,39.03,39.36,-0.33,-0.8384,163828.48,638029.272
300007.SZ,20250520,40.05,40.1,39.13,39.36,40.01,-0.65,-1.6246,212751.65,841844.993
300007.SZ,20250519,41.8,41.8,38.8,40.01,42.22,-2.21,-5.2345,327950.14,1308704.123
300007.SZ,20250516,41.0,42.99,40.95,42.22,41.32,0.9,2.1781,335722.0,1423178.785
300007.SZ,20250515,42.02,42.44,40.65,41.32,41.9,-0.58,-1.3842,218481.58,906789.859
300007.SZ,20250514,42.0,42.58,41.27,41.9,42.2,-0.3,-0.7109,219906.16,921603.979
300007.SZ,20250513,43.0,43.8,41.95,42.2,42.92,-0.72,-1.6775,272829.8,1165398.367
300007.SZ,20250512,42.33,43.38,42.28,42.92,41.46,1.46,3.5215,316710.48,1355067.813
300007.SZ,20250509,42.25,42.67,40.78,41.46,42.88,-1.42,-3.3116,330536.0,1373647.705
300007.SZ,20250508,42.8,44.04,42.33,42.88,43.4,-0.52,-1.1982,368813.05,1587217.001
300007.SZ,20250507,43.04,45.95,42.07,43.4,42.99,0.41,0.9537,533474.09,2333794.979
300007.SZ,20250506,41.43,44.38,40.9,42.99,41.27,1.72,4.1677,452212.79,1923751.296
300007.SZ,20250430,40.9,42.68,39.8,41.27,41.05,0.22,0.5359,509505.88,2093883.84
300007.SZ,20250429,39.0,41.6,37.96,41.05,37.93,3.12,8.2257,468634.64,1880894.475
300007.SZ,20250428,40.21,40.26,37.8,37.93,40.15,-2.22,-5.5293,373818.62,1438854.032
300007.SZ,20250425,39.89,41.1,39.0,40.15,39.9,0.25,0.6266,408386.25,1642900.042
300007.SZ,20250424,39.37,42.37,38.58,39.9,39.15,0.75,1.9157,607413.97,2445933.732
300007.SZ,20250423,36.15,40.5,35.4,39.15,35.41,3.74,10.562,666484.06,2505175.814
300007.SZ,20250422,35.08,36.54,34.77,35.41,35.03,0.38,1.0848,445461.1,1590864.752
300007.SZ,20250421,32.85,35.66,32.14,35.03,32.65,2.38,7.2894,387470.65,1330177.525
300007.SZ,20250418,33.01,33.56,32.4,32.65,33.17,-0.52,-1.5677,158529.0,520180.591
300007.SZ,20250417,33.6,34.87,33.15,33.17,33.59,-0.42,-1.2504,203744.2,690127.321
300007.SZ,20250416,34.03,34.65,32.94,33.59,34.45,-0.86,-2.4964,243089.0,818805.32
300007.SZ,20250415,35.29,35.39,33.6,34.45,34.52,-0.07,-0.2028,275404.0,944112.444
300007.SZ,20250414,35.0,35.77,34.3,34.52,33.89,0.63,1.859,397998.0,1389789.828
300007.SZ,20250411,32.88,34.71,32.51,33.89,32.8,1.09,3.3232,457246.0,1551588.923
300007.SZ,20250410,31.95,34.35,31.95,32.8,30.41,2.39,7.8593,494105.0,1639059.986
300007.SZ,20250409,29.0,30.89,26.01,30.41,29.4,1.01,3.4354,385668.18,1124705.498
300007.SZ,20250408,28.98,30.5,28.19,29.4,29.02,0.38,1.3094,351980.44,1030759.229
300007.SZ,20250407,32.3,33.31,29.02,29.02,36.28,-7.26,-20.011,303382.8,931479.539
300007.SZ,20250403,36.78,37.73,36.07,36.28,37.35,-1.07,-2.8648,193509.42,710367.514
300007.SZ,20250402,37.2,38.38,37.2,37.35,36.96,0.39,1.0552,218471.07,821599.76
300007.SZ,20250401,37.96,38.23,36.7,36.96,37.56,-0.6,-1.5974,272798.63,1013554.399
300007.SZ,20250331,38.3,39.0,35.38,37.56,41.47,-3.91,-9.4285,544309.74,1996827.162
300007.SZ,20250328,41.99,43.09,41.02,41.47,43.26,-1.79,-4.1378,278348.8,1169227.383
300007.SZ,20250327,42.05,44.86,41.0,43.26,42.56,0.7,1.6447,443444.2,1936800.49
300007.SZ,20250326,41.5,44.44,41.5,42.56,41.94,0.62,1.4783,329336.84,1422994.596
300007.SZ,20250325,42.22,43.78,41.36,41.94,42.66,-0.72,-1.6878,310642.09,1320333.887
300007.SZ,20250324,43.18,43.27,40.59,42.66,43.05,-0.39,-0.9059,343057.07,1435853.524
300007.SZ,20250321,45.65,46.52,42.66,43.05,46.45,-3.4,-7.3197,416064.95,1815630.669
300007.SZ,20250320,47.3,47.8,45.47,46.45,47.48,-1.03,-2.1693,337723.05,1579180.082
300007.SZ,20250319,49.0,49.7,46.99,47.48,49.51,-2.03,-4.1002,478396.46,2308574.54
300007.SZ,20250318,49.21,49.55,46.88,49.51,47.99,1.52,3.1673,587975.56,2833198.5
300007.SZ,20250317,43.86,49.74,42.83,47.99,43.73,4.26,9.7416,711532.46,3316515.114
300007.SZ,20250314,42.68,44.37,42.3,43.73,42.48,1.25,2.9426,386044.45,1670273.777
300007.SZ,20250313,45.41,45.44,41.79,42.48,46.1,-3.62,-7.8525,472845.5,2034116.392
300007.SZ,20250312,46.89,47.69,45.71,46.1,46.92,-0.82,-1.7477,388742.88,1811523.756
300007.SZ,20250311,47.09,47.61,44.98,46.92,48.82,-1.9,-3.8918,543086.05,2515713.583
300007.SZ,20250310,48.5,51.48,46.78,48.82,48.05,0.77,1.6025,594535.23,2920470.281
300007.SZ,20250307,45.07,49.0,44.51,48.05,45.46,2.59,5.6973,702462.19,3308702.953
300007.SZ,20250306,45.6,46.79,44.82,45.46,45.44,0.02,0.044,589837.79,2694625.446
300007.SZ,20250305,44.26,46.3,43.86,45.44,43.86,1.58,3.6024,562182.2,2527618.173
300007.SZ,20250304,41.36,45.02,41.21,43.86,41.14,2.72,6.6116,584945.87,2540082.934
300007.SZ,20250303,43.92,44.5,40.68,41.14,43.2,-2.06,-4.7685,555011.84,2325379.296
300007.SZ,20250228,48.06,48.99,42.71,43.2,50.9,-7.7,-15.1277,813897.34,3647272.385
300007.SZ,20250227,45.9,52.49,44.8,50.9,45.45,5.45,11.9912,931360.52,4452867.103
300007.SZ,20250226,44.88,49.28,44.12,45.45,44.9,0.55,1.2249,908222.25,4260184.138
300007.SZ,20250225,42.49,46.95,42.49,44.9,43.09,1.81,4.2005,738943.11,3349330.236
300007.SZ,20250224,42.87,45.05,42.43,43.09,44.59,-1.5,-3.364,643923.24,2796219.088
300007.SZ,20250221,43.0,48.0,42.42,44.59,44.5,0.09,0.2022,1006593.27,4511736.026
300007.SZ,20250220,41.59,45.37,40.8,44.5,37.81,6.69,17.6937,1115502.09,4833390.899
300007.SZ,20250219,32.0,37.81,32.0,37.81,31.51,6.3,19.9937,451457.23,1635137.569
300007.SZ,20250218,32.99,33.03,31.36,31.51,33.0,-1.49,-4.5152,535514.01,1708042.178
300007.SZ,20250217,28.5,33.33,27.88,33.0,28.64,4.36,15.2235,762913.12,2397296.018
300007.SZ,20250214,28.4,29.39,27.7,28.64,29.92,-1.28,-4.2781,490605.4,1397161.678
300007.SZ,20250213,28.97,31.2,28.8,29.92,29.1,0.82,2.8179,718413.78,2172713.079
300007.SZ,20250212,28.0,29.3,27.6,29.1,28.44,0.66,2.3207,404145.13,1157970.473
300007.SZ,20250211,28.79,29.48,27.96,28.44,28.83,-0.39,-1.3528,457131.63,1307968.721
300007.SZ,20250210,28.96,29.17,28.2,28.83,29.18,-0.35,-1.1995,391545.0,1122598.696
300007.SZ,20250207,29.64,30.0,28.61,29.18,29.52,-0.34,-1.1518,588040.71,1724558.405
300007.SZ,20250206,27.56,30.33,27.56,29.52,27.87,1.65,5.9203,621104.13,1817408.421
300007.SZ,20250205,27.02,28.38,27.02,27.87,26.76,1.11,4.148,441975.95,1228024.73
300007.SZ,20250127,28.74,28.99,26.72,26.76,29.2,-2.44,-8.3562,457705.23,1256456.81
300007.SZ,20250124,27.6,29.48,27.6,29.2,27.81,1.39,4.9982,656561.28,1889740.366
300007.SZ,20250123,27.54,28.36,27.03,27.81,26.96,0.85,3.1528,633981.61,1767488.136
300007.SZ,20250122,27.7,27.85,26.81,26.96,28.74,-1.78,-6.1935,559641.7,1524900.862
300007.SZ,20250121,27.53,29.88,27.0,28.74,27.18,1.56,5.7395,869288.21,2446506.007
300007.SZ,20250120,27.19,27.85,26.68,27.18,27.15,0.03,0.1105,495018.82,1344473.239
300007.SZ,20250117,27.83,28.69,26.82,27.15,27.73,-0.58,-2.0916,614824.39,1701791.481
300007.SZ,20250116,28.84,29.29,27.03,27.73,28.4,-0.67,-2.3592,803588.8,2246579.283
300007.SZ,20250115,28.0,29.29,26.72,28.4,26.62,1.78,6.6867,1111620.33,3116759.517
300007.SZ,20250114,22.55,26.62,22.16,26.62,22.18,4.44,20.018,791294.91,1984932.655
300007.SZ,20250113,21.95,23.1,21.95,22.18,22.17,0.01,0.0451,427179.56,963182.59
300007.SZ,20250110,21.85,23.32,21.85,22.17,21.86,0.31,1.4181,508396.75,1152713.556
300007.SZ,20250109,21.87,22.17,21.33,21.86,21.78,0.08,0.3673,372320.87,810619.151
688322.SH,20260702,134.75,142.42,129.7,130.01,135.0,-4.99,-3.6963,290039.81,3938605.81
688322.SH,20260701,132.5,137.69,129.3,135.0,130.55,4.45,3.4087,257707.35,3435843.395
688322.SH,20260630,119.99,132.88,119.82,130.55,117.51,13.04,11.0969,236098.16,2999603.107
688322.SH,20260629,119.84,121.3,113.31,117.51,119.85,-2.34,-1.9524,181405.43,2119774.362
688322.SH,20260626,122.37,124.68,117.3,119.85,123.0,-3.15,-2.561,155223.35,1885403.148
688322.SH,20260625,125.3,130.5,122.01,123.0,125.8,-2.8,-2.2258,184284.79,2317028.733
688322.SH,20260624,122.8,127.15,119.38,125.8,122.88,2.92,2.3763,177727.07,2202924.602
688322.SH,20260623,125.01,126.63,118.64,122.88,128.04,-5.16,-4.03,197347.11,2423114.082
688322.SH,20260622,132.34,139.9,125.49,128.04,133.73,-5.69,-4.2548,278238.58,3649569.835
688322.SH,20260618,130.5,136.77,128.69,133.73,130.68,3.05,2.3339,254885.37,3385280.86
688322.SH,20260617,130.0,133.2,127.2,130.68,132.18,-1.5,-1.1348,212821.08,2762008.655
688322.SH,20260616,125.5,136.5,125.38,132.18,127.8,4.38,3.4272,236456.95,3118822.201
688322.SH,20260615,122.98,128.8,120.5,127.8,122.98,4.82,3.9193,238408.75,2999384.826
688322.SH,20260612,125.9,135.6,121.33,122.98,124.5,-1.52,-1.2209,349189.12,4447919.737
688322.SH,20260611,130.0,130.79,123.22,124.5,134.51,-10.01,-7.4418,294237.0,3696463.195
688322.SH,20260610,144.0,148.28,133.97,134.51,148.4,-13.89,-9.3598,297602.06,4155908.488
688322.SH,20260609,136.0,150.0,130.0,148.4,144.17,4.23,2.934,367890.77,5196589.77
688322.SH,20260608,122.27,150.0,122.2,144.17,126.06,18.11,14.3662,423467.09,5743088.376
688322.SH,20260605,117.0,133.28,110.2,126.06,114.55,11.51,10.048,358170.18,4341085.772
688322.SH,20260604,111.14,118.0,109.3,114.55,112.26,2.29,2.0399,201823.89,2325591.795
688322.SH,20260603,104.28,116.54,103.5,112.26,103.23,9.03,8.7475,259131.56,2894445.819
688322.SH,20260602,106.0,107.36,102.98,103.23,103.04,0.19,0.1844,170909.3,1795500.384
688322.SH,20260601,110.0,110.94,102.89,103.04,111.47,-8.43,-7.5626,252231.75,2671834.552
688322.SH,20260529,112.44,117.5,110.04,111.47,111.24,0.23,0.2068,230284.39,2612222.997
688322.SH,20260528,112.6,113.0,108.55,111.24,112.5,-1.26,-1.12,186322.47,2066458.245
688322.SH,20260527,115.26,119.36,111.11,112.5,116.99,-4.49,-3.8379,244702.37,2787008.734
688322.SH,20260526,119.0,124.2,114.01,116.99,118.29,-1.3,-1.099,293326.23,3461506.059
688322.SH,20260525,118.0,126.96,116.5,118.29,118.15,0.14,0.1185,322849.13,3871218.33
688322.SH,20260522,110.0,121.21,107.48,118.15,109.6,8.55,7.8011,283459.23,3275705.253
688322.SH,20260521,103.02,116.35,101.0,109.6,102.68,6.92,6.7394,283022.81,3080268.46
688322.SH,20260520,98.98,107.21,97.0,102.68,100.71,1.97,1.9561,232258.21,2365520.252
688322.SH,20260519,94.93,102.68,94.05,100.71,95.4,5.31,5.566,236957.05,2358432.292
688322.SH,20260518,88.6,96.72,87.0,95.4,89.0,6.4,7.191,264091.94,2472961.535
688322.SH,20260515,84.6,92.0,83.8,89.0,84.91,4.09,4.8169,182853.75,1619543.849
688322.SH,20260514,87.87,88.51,84.89,84.91,87.65,-2.74,-3.1261,88850.55,765420.369
688322.SH,20260513,86.0,88.13,84.91,87.65,87.03,0.62,0.7124,87286.92,756768.099
688322.SH,20260512,88.05,88.59,86.21,87.03,87.18,-0.15,-0.1721,87875.54,766436.819
688322.SH,20260511,87.89,88.23,85.99,87.18,87.92,-0.74,-0.8417,111920.82,975585.11
688322.SH,20260508,86.5,90.02,85.45,87.92,86.5,1.42,1.6416,145875.9,1286588.245
688322.SH,20260507,82.17,87.0,81.4,86.5,81.42,5.08,6.2393,128999.47,1096727.706
688322.SH,20260506,80.01,84.16,79.6,81.42,79.58,1.84,2.3121,92773.74,759834.572
688322.SH,20260430,78.29,80.37,77.54,79.58,78.01,1.57,2.0126,54361.07,431565.113
688322.SH,20260429,76.03,78.57,76.01,78.01,76.66,1.35,1.761,48490.73,376588.346
688322.SH,20260428,78.3,78.82,76.25,76.66,79.0,-2.34,-2.962,62445.44,481380.387
688322.SH,20260427,77.07,80.1,77.07,79.0,77.18,1.82,2.3581,61939.25,489968.788
688322.SH,20260424,79.21,80.48,76.01,77.18,79.81,-2.63,-3.2953,70650.16,546954.478
688322.SH,20260423,82.5,82.91,79.21,79.81,82.65,-2.84,-3.4362,74880.8,603678.745
688322.SH,20260422,81.91,83.63,81.7,82.65,82.3,0.35,0.4253,57028.56,470530.061
688322.SH,20260421,83.6,83.8,81.01,82.3,84.16,-1.86,-2.2101,67864.14,557525.897
688322.SH,20260420,85.98,86.22,83.33,84.16,84.74,-0.58,-0.6844,74471.1,628269.418
688322.SH,20260417,83.0,85.51,82.87,84.74,83.54,1.2,1.4364,67978.32,573778.117
688322.SH,20260416,82.69,84.49,81.82,83.54,81.3,2.24,2.7552,71287.85,593802.853
688322.SH,20260415,82.81,83.49,80.88,81.3,82.22,-0.92,-1.1189,60064.27,493166.355
688322.SH,20260414,83.08,83.22,80.51,82.22,82.41,-0.19,-0.2306,71516.09,585478.977
688322.SH,20260413,79.52,83.99,79.23,82.41,80.68,1.73,2.1443,90237.5,735743.185
688322.SH,20260410,79.24,82.79,79.01,80.68,77.64,3.04,3.9155,73700.62,596217.827
688322.SH,20260409,78.45,79.0,77.04,77.64,79.9,-2.26,-2.8285,43857.74,342132.758
688322.SH,20260408,77.56,79.98,77.56,79.9,74.6,5.3,7.1046,67876.77,535361.267
688322.SH,20260407,76.39,76.4,73.8,74.6,76.13,-1.53,-2.0097,35776.47,268319.797
688322.SH,20260403,75.54,76.28,74.41,76.13,75.53,0.6,0.7944,32414.82,244607.058
688322.SH,20260402,77.8,78.5,75.05,75.53,77.98,-2.45,-3.1418,44465.64,340449.946
688322.SH,20260401,76.5,78.19,76.2,77.98,75.0,2.98,3.9733,52629.87,406739.908
688322.SH,20260331,75.62,77.49,75.0,75.0,75.87,-0.87,-1.1467,38954.84,295928.245
688322.SH,20260330,73.5,76.97,73.43,75.87,75.65,0.22,0.2908,42828.08,322231.82
688322.SH,20260327,74.0,76.38,73.89,75.65,75.49,0.16,0.2119,42042.12,316403.762
688322.SH,20260326,77.05,78.48,75.15,75.49,76.69,-1.2,-1.5647,58012.42,445685.708
688322.SH,20260325,74.98,77.3,73.52,76.69,74.66,2.03,2.719,58546.3,447351.058
688322.SH,20260324,76.21,76.63,72.45,74.66,74.7,-0.04,-0.0535,70323.55,519733.28
688322.SH,20260323,74.0,78.58,73.63,74.7,73.85,0.85,1.151,113038.04,863742.369
688322.SH,20260320,76.23,76.89,73.66,73.85,75.65,-1.8,-2.3794,48915.19,368634.072
688322.SH,20260319,76.88,77.8,75.21,75.65,78.99,-3.34,-4.2284,49349.54,377064.875
688322.SH,20260318,78.42,79.2,78.0,78.99,77.99,1.0,1.2822,34276.31,269493.726
688322.SH,20260317,80.9,81.48,77.91,77.99,80.0,-2.01,-2.5125,41535.72,328740.302
688322.SH,20260316,80.68,80.68,78.51,80.0,80.68,-0.68,-0.8428,47946.71,381501.5
688322.SH,20260313,80.98,82.6,80.45,80.68,81.97,-1.29,-1.5737,33598.79,272923.145
688322.SH,20260312,83.0,83.93,81.01,81.97,83.16,-1.19,-1.431,38461.05,315987.081
688322.SH,20260311,84.02,85.46,82.89,83.16,84.2,-1.04,-1.2352,38683.95,324487.695
688322.SH,20260310,83.05,84.5,82.39,84.2,81.66,2.54,3.1105,52205.6,436361.66
688322.SH,20260309,79.9,82.49,78.7,81.66,83.0,-1.34,-1.6145,58676.27,469890.174
688322.SH,20260306,84.0,84.55,82.82,83.0,84.38,-1.38,-1.6355,42169.57,352374.473
688322.SH,20260305,83.88,85.22,83.27,84.38,82.17,2.21,2.6895,54442.96,459164.582
688322.SH,20260304,81.5,83.73,81.12,82.17,82.27,-0.1,-0.1216,54455.77,449104.675
688322.SH,20260303,88.57,89.83,82.26,82.27,88.52,-6.25,-7.0606,94600.3,802588.31
688322.SH,20260302,89.0,89.92,88.0,88.52,91.07,-2.55,-2.8,62879.61,557872.818
688322.SH,20260227,90.7,92.88,90.33,91.07,91.55,-0.48,-0.5243,53246.95,487911.764
688322.SH,20260226,91.0,92.03,89.65,91.55,91.35,0.2,0.2189,58339.15,531233.412
688322.SH,20260225,91.92,92.7,89.59,91.35,92.1,-0.75,-0.8143,68065.17,616908.088
688322.SH,20260224,99.99,99.99,91.2,92.1,96.77,-4.67,-4.8259,112473.98,1049295.59
688322.SH,20260213,93.51,97.7,92.6,96.77,94.54,2.23,2.3588,71490.21,687926.003
688322.SH,20260212,93.33,96.24,93.1,94.54,93.26,1.28,1.3725,52910.83,503008.806
688322.SH,20260211,94.5,94.64,92.6,93.26,94.1,-0.84,-0.8927,42394.83,395870.202
688322.SH,20260210,93.1,95.16,92.51,94.1,93.11,0.99,1.0633,63760.78,599078.085
688322.SH,20260209,94.64,94.64,91.52,93.11,92.95,0.16,0.1721,63420.61,588249.811
688322.SH,20260206,88.3,96.3,87.75,92.95,89.06,3.89,4.3678,97090.44,898876.348
688322.SH,20260205,90.48,90.48,88.21,89.06,90.93,-1.87,-2.0565,41553.19,369876.448
688322.SH,20260204,91.76,92.3,89.86,90.93,92.52,-1.59,-1.7185,48563.92,440102.31
688322.SH,20260203,91.5,92.7,89.36,92.52,90.1,2.42,2.6859,68801.4,628508.295
688322.SH,20260202,92.38,94.3,90.01,90.1,95.7,-5.6,-5.8516,100479.07,920077.204
688322.SH,20260130,94.54,97.36,92.06,95.7,94.46,1.24,1.3127,77792.22,736699.374
688322.SH,20260129,97.8,99.48,94.0,94.46,98.39,-3.93,-3.9943,69964.75,674694.604
688322.SH,20260128,99.62,99.89,97.0,98.39,100.52,-2.13,-2.119,63001.01,619311.533
688322.SH,20260127,97.97,101.28,94.58,100.52,98.18,2.34,2.3834,92584.47,906248.404
688322.SH,20260126,104.03,106.0,97.72,98.18,104.35,-6.17,-5.9128,105367.84,1052866.873
688322.SH,20260123,103.0,108.88,102.33,104.35,103.35,1.0,0.9676,105253.48,1106926.831
688322.SH,20260122,101.5,106.8,100.88,103.35,101.5,1.85,1.8227,91569.57,951069.603
688322.SH,20260121,99.6,104.87,98.88,101.5,99.99,1.51,1.5102,83717.05,854234.149
688322.SH,20260120,102.0,105.0,99.03,99.99,102.46,-2.47,-2.4107,99108.79,1007328.136
688322.SH,20260119,99.98,105.74,98.36,102.46,98.3,4.16,4.2319,141466.93,1454524.12
688322.SH,20260116,90.71,100.79,90.71,98.3,90.86,7.44,8.1884,151594.27,1464212.666
688322.SH,20260115,89.88,92.18,89.84,90.86,91.2,-0.34,-0.3728,52873.59,480392.089
688322.SH,20260114,92.94,94.0,89.27,91.2,92.51,-1.31,-1.4161,112763.36,1032965.27
688322.SH,20260113,93.2,98.8,92.0,92.51,93.2,-0.69,-0.7403,133123.6,1270230.576
688322.SH,20260112,94.08,95.5,90.75,93.2,94.08,-0.88,-0.9354,94498.96,873090.367
688322.SH,20260109,91.53,95.55,91.04,94.08,92.0,2.08,2.2609,81859.1,769443.935
688322.SH,20260108,93.1,94.22,90.62,92.0,93.2,-1.2,-1.2876,69757.18,641943.25
688322.SH,20260107,91.45,94.24,90.29,93.2,91.45,1.75,1.9136,100967.72,936797.514
688322.SH,20260106,90.5,93.5,88.8,91.45,89.63,1.82,2.0306,100413.12,914415.403
688322.SH,20260105,88.9,91.08,87.9,89.63,89.67,-0.04,-0.0446,83115.29,745426.089
688322.SH,20251231,90.11,91.38,88.83,89.67,90.58,-0.91,-1.0046,80787.38,725899.135
688322.SH,20251230,86.53,91.75,86.16,90.58,87.05,3.53,4.0551,116344.97,1036578.905
688322.SH,20251229,86.2,88.63,84.98,87.05,86.5,0.55,0.6358,80964.17,704938.487
688322.SH,20251226,85.28,88.27,84.78,86.5,85.29,1.21,1.4187,77444.36,671852.929
688322.SH,20251225,81.86,85.7,81.4,85.29,81.16,4.13,5.0887,94890.95,792941.336
688322.SH,20251224,81.5,81.9,80.9,81.16,81.2,-0.04,-0.0493,39420.41,320627.929
688322.SH,20251223,81.88,82.0,80.83,81.2,81.67,-0.47,-0.5755,34015.74,276521.538
688322.SH,20251222,80.8,82.17,80.8,81.67,80.24,1.43,1.7822,51422.46,419920.959
688322.SH,20251219,81.8,81.8,79.87,80.24,81.2,-0.96,-1.1823,48981.15,395138.327
688322.SH,20251218,79.0,82.75,78.38,81.2,79.61,1.59,1.9972,81299.3,662517.672
688322.SH,20251217,78.48,79.86,77.55,79.61,78.07,1.54,1.9726,42613.45,335234.432
688322.SH,20251216,78.3,79.91,78.07,78.07,78.8,-0.73,-0.9264,54559.34,431240.247
688322.SH,20251215,81.77,83.2,78.69,78.8,83.43,-4.63,-5.5496,96766.52,778552.56
688322.SH,20251212,81.6,83.74,78.83,83.43,82.0,1.43,1.7439,164147.06,1329751.701
688322.SH,20251211,82.6,83.91,80.93,82.0,82.91,-0.91,-1.0976,59613.62,489390.982
688322.SH,20251210,82.5,83.06,81.17,82.91,82.67,0.24,0.2903,42599.79,349674.31
688322.SH,20251209,83.65,84.39,82.3,82.67,84.27,-1.6,-1.8987,46629.51,388080.326
688322.SH,20251208,84.24,84.83,83.15,84.27,84.0,0.27,0.3214,62240.85,522952.29
688322.SH,20251205,82.16,84.0,81.28,84.0,81.48,2.52,3.0928,69134.57,574919.729
688322.SH,20251204,81.07,82.98,80.71,81.48,79.35,2.13,2.6843,75462.6,618073.096
688322.SH,20251203,80.0,80.95,79.08,79.35,80.22,-0.87,-1.0845,28410.77,226574.545
688322.SH,20251202,82.3,82.3,79.47,80.22,82.02,-1.8,-2.1946,45050.36,363207.262
688322.SH,20251201,82.5,82.5,81.12,82.02,82.59,-0.57,-0.6902,61017.72,498307.406
688322.SH,20251128,81.4,82.9,80.81,82.59,82.0,0.59,0.7195,35711.85,293101.342
688322.SH,20251127,82.0,83.6,81.11,82.0,81.76,0.24,0.2935,39871.27,329578.97
688322.SH,20251126,80.43,83.24,79.98,81.76,80.43,1.33,1.6536,50216.69,411754.013
688322.SH,20251125,80.0,82.4,79.9,80.43,79.08,1.35,1.7071,64537.21,523981.846
688322.SH,20251124,81.0,81.84,78.24,79.08,80.86,-1.78,-2.2013,72846.55,579554.089
688322.SH,20251121,78.13,82.25,78.0,80.86,79.81,1.05,1.3156,84451.77,677127.964
688322.SH,20251120,80.4,80.68,78.23,79.81,79.57,0.24,0.3016,44226.55,352205.221
688322.SH,20251119,79.16,79.99,78.53,79.57,78.92,0.65,0.8236,38455.52,305872.774
688322.SH,20251118,77.98,79.65,77.59,78.92,78.19,0.73,0.9336,42525.8,335903.746
688322.SH,20251117,76.02,78.71,76.0,78.19,76.09,2.1,2.7599,60605.68,471709.64
688322.SH,20251114,78.3,78.98,75.82,76.09,79.66,-3.57,-4.4815,74322.33,571993.705
688322.SH,20251113,79.19,80.17,78.17,79.66,79.55,0.11,0.1383,42580.22,338033.129
688322.SH,20251112,79.25,80.32,77.92,79.55,79.65,-0.1,-0.1255,47213.02,372496.341
688322.SH,20251111,80.18,81.2,78.7,79.65,79.42,0.23,0.2896,51590.1,411821.437
688322.SH,20251110,83.58,83.99,78.48,79.42,83.46,-4.04,-4.8406,91177.96,729833.696
688322.SH,20251107,84.3,84.3,82.18,83.46,85.2,-1.74,-2.0423,53089.35,441510.518
688322.SH,20251106,81.86,85.6,81.27,85.2,81.6,3.6,4.4118,80508.43,671902.18
688322.SH,20251105,80.2,82.6,80.1,81.6,83.6,-2.0,-2.3923,63067.34,513368.128
688322.SH,20251104,90.0,90.0,82.66,83.6,89.94,-6.34,-7.0491,121353.95,1034404.647
688322.SH,20251103,88.42,92.5,88.28,89.94,87.37,2.57,2.9415,136640.56,1234452.412
688322.SH,20251031,86.53,90.2,86.33,87.37,86.46,0.91,1.0525,93276.06,824212.603
688322.SH,20251030,87.9,89.76,86.18,86.46,88.06,-1.6,-1.8169,75196.44,659445.384
688322.SH,20251029,88.39,88.99,86.45,88.06,88.35,-0.29,-0.3282,68491.71,598766.254
688322.SH,20251028,86.19,89.49,85.2,88.35,86.6,1.75,2.0208,124073.21,1084759.511
688322.SH,20251027,87.3,89.18,84.93,86.6,85.83,0.77,0.8971,95035.22,825794.563
688322.SH,20251024,84.73,86.13,84.02,85.83,83.9,1.93,2.3004,71513.02,608787.457
688322.SH,20251023,85.3,85.3,82.0,83.9,85.32,-1.42,-1.6643,61057.41,508195.758
688322.SH,20251022,83.0,86.45,82.5,85.32,83.55,1.77,2.1185,93519.49,792224.619
688322.SH,20251021,83.0,84.27,82.0,83.55,82.21,1.34,1.63,75001.77,623552.906
688322.SH,20251020,82.37,84.08,80.89,82.21,81.02,1.19,1.4688,87698.06,723761.596
688322.SH,20251017,82.31,84.5,80.81,81.02,81.09,-0.07,-0.0863,113021.95,932714.856
688322.SH,20251016,83.29,83.54,80.68,81.09,83.89,-2.8,-3.3377,75681.39,619959.278
688322.SH,20251015,81.2,84.2,78.6,83.89,80.7,3.19,3.9529,104962.27,854899.452
688322.SH,20251014,84.5,86.86,80.15,80.7,82.51,-1.81,-2.1937,106952.36,895843.519
688322.SH,20251013,80.45,82.68,79.29,82.51,86.96,-4.45,-5.1173,149170.9,1212482.696
688322.SH,20251010,90.22,90.93,86.93,86.96,90.0,-3.04,-3.3778,101248.24,896918.158
688322.SH,20251009,91.75,91.88,89.13,90.0,91.1,-1.1,-1.2075,99054.6,897636.153
688322.SH,20250930,90.0,91.48,89.12,91.1,89.59,1.51,1.6855,85052.77,769959.725
688322.SH,20250929,86.02,90.63,86.02,89.59,85.88,3.71,4.32,98880.42,879100.513
688322.SH,20250926,88.66,89.27,85.55,85.88,89.48,-3.6,-4.0232,92051.77,801990.002
688322.SH,20250925,91.59,91.82,88.88,89.48,90.1,-0.62,-0.6881,97569.4,881119.125
688322.SH,20250924,88.0,90.5,86.91,90.1,89.1,1.0,1.1223,110716.71,987543.364
688322.SH,20250923,91.61,93.5,85.48,89.1,91.61,-2.51,-2.7399,161051.65,1431014.843
688322.SH,20250922,89.97,91.78,89.61,91.61,90.1,1.51,1.6759,98945.72,898476.94
688322.SH,20250919,92.33,93.87,89.58,90.1,91.98,-1.88,-2.0439,129517.1,1181532.774
688322.SH,20250918,95.63,98.47,90.01,91.98,95.29,-3.31,-3.4736,247328.58,2343125.067
688322.SH,20250917,96.37,98.5,94.15,95.29,96.4,-1.11,-1.1515,171684.56,1647926.668
688322.SH,20250916,88.3,98.0,88.03,96.4,88.49,7.91,8.9389,220133.82,2069596.63
688322.SH,20250915,87.74,90.66,86.56,88.49,87.75,0.74,0.8433,139465.5,1243128.327
688322.SH,20250912,88.97,90.2,87.67,87.75,89.41,-1.66,-1.8566,127577.41,1130713.579
688322.SH,20250911,84.66,89.8,83.17,89.41,84.67,4.74,5.5982,172545.8,1515893.622
688322.SH,20250910,85.0,87.35,83.97,84.67,85.42,-0.75,-0.878,107869.11,921651.98
688322.SH,20250909,85.3,87.8,83.85,85.42,85.28,0.14,0.1642,134425.71,1154615.251
688322.SH,20250908,81.27,86.59,81.04,85.28,81.43,3.85,4.728,168375.2,1430338.004
688322.SH,20250905,77.56,81.89,77.07,81.43,77.56,3.87,4.9897,140387.13,1125582.076
688322.SH,20250904,82.36,84.18,76.62,77.56,82.65,-5.09,-6.1585,167693.3,1342366.931
688322.SH,20250903,82.8,87.75,82.01,82.65,82.77,-0.12,-0.145,215305.27,1828906.322
688322.SH,20250902,85.72,85.72,78.01,82.77,85.7,-2.93,-3.4189,245486.83,2004816.982
688322.SH,20250901,83.95,86.56,82.61,85.7,84.33,1.37,1.6246,156014.73,1325083.319
688322.SH,20250829,87.47,87.94,83.18,84.33,85.1,-0.77,-0.9048,165330.38,1404343.827
688322.SH,20250828,84.51,87.25,82.03,85.1,85.19,-0.09,-0.1056,203756.0,1721615.389
688322.SH,20250827,86.08,91.6,85.0,85.19,85.8,-0.61,-0.711,205239.47,1807905.794
688322.SH,20250826,88.0,88.7,85.49,85.8,88.8,-3.0,-3.3784,142659.19,1238176.543
688322.SH,20250825,86.3,94.94,86.3,88.8,83.28,5.52,6.6282,255196.38,2307901.237
688322.SH,20250822,78.38,83.56,78.21,83.28,79.03,4.25,5.3777,152430.68,1241145.385
688322.SH,20250821,80.34,81.99,78.5,79.03,80.94,-1.91,-2.3598,97733.25,781367.528
688322.SH,20250820,81.55,81.67,78.49,80.94,82.66,-1.72,-2.0808,126446.77,1011357.243
688322.SH,20250819,80.1,85.5,78.59,82.66,80.55,2.11,2.6195,170373.86,1391764.187
688322.SH,20250818,81.34,84.3,79.83,80.55,80.25,0.3,0.3738,171251.81,1400808.229
688322.SH,20250815,79.0,80.42,78.15,80.25,79.24,1.01,1.2746,114823.4,912609.43
688322.SH,20250814,80.4,80.98,78.01,79.24,80.45,-1.21,-1.504,121331.0,966472.289
688322.SH,20250813,80.21,81.43,79.3,80.45,79.98,0.47,0.5876,122057.59,980581.316
688322.SH,20250812,83.0,83.2,79.01,79.98,84.9,-4.92,-5.7951,172341.02,1385403.169
688322.SH,20250811,84.09,87.83,83.25,84.9,83.24,1.66,1.9942,119036.65,1013903.895
688322.SH,20250808,85.23,86.65,83.0,83.24,84.8,-1.56,-1.8396,109650.72,926842.128
688322.SH,20250807,84.8,87.98,84.11,84.8,85.47,-0.67,-0.7839,143912.17,1229030.414
688322.SH,20250806,75.69,87.6,74.58,85.47,74.65,10.82,14.4943,190487.55,1521039.678
688322.SH,20250805,73.83,75.23,72.76,74.65,73.79,0.86,1.1655,77379.22,572706.443
688322.SH,20250804,72.25,73.9,71.39,73.79,72.38,1.41,1.9481,84205.18,610649.402
688322.SH,20250801,73.01,74.8,72.27,72.38,73.87,-1.49,-2.0171,79708.78,583992.907
688322.SH,20250731,70.16,76.6,69.8,73.87,69.69,4.18,5.998,161293.34,1202868.832
688322.SH,20250730,71.15,72.37,69.32,69.69,71.85,-2.16,-3.0063,80514.8,567842.673
688322.SH,20250729,71.23,73.5,71.13,71.85,71.78,0.07,0.0975,73822.26,532703.767
688322.SH,20250728,72.3,72.77,70.5,71.78,71.5,0.28,0.3916,75279.23,538931.857
688322.SH,20250725,68.8,72.08,68.33,71.5,68.49,3.01,4.3948,99604.62,698180.512
688322.SH,20250724,69.05,70.6,68.01,68.49,69.41,-0.92,-1.3255,83300.29,575124.211
688322.SH,20250723,69.4,71.5,68.07,69.41,69.66,-0.25,-0.3589,85530.05,595650.97
688322.SH,20250722,71.38,71.97,69.5,69.66,72.4,-2.74,-3.7845,109172.57,768544.126
688322.SH,20250721,70.0,72.6,68.35,72.4,68.11,4.29,6.2986,152958.67,1082902.223
688322.SH,20250718,67.57,68.4,66.65,68.11,66.9,1.21,1.8087,92700.55,625211.267
688322.SH,20250717,66.98,69.55,66.48,66.9,66.66,0.24,0.36,118969.94,806864.801
688322.SH,20250716,64.38,67.5,63.52,66.66,64.39,2.27,3.5254,97954.95,644459.952
688322.SH,20250715,63.8,65.23,63.34,64.39,63.56,0.83,1.3059,87217.25,561088.216
688322.SH,20250714,61.62,63.95,60.78,63.56,61.01,2.55,4.1796,92821.69,582843.174
688322.SH,20250711,60.0,61.61,59.15,61.01,60.06,0.95,1.5818,59783.94,361300.41
688322.SH,20250710,59.93,61.17,59.41,60.06,60.26,-0.2,-0.3319,53416.73,321187.436
688322.SH,20250709,62.39,63.5,60.22,60.26,60.81,-0.55,-0.9045,84089.07,519490.317
688322.SH,20250708,58.06,61.3,57.88,60.81,58.34,2.47,4.2338,82841.59,499533.795
688322.SH,20250707,57.97,60.39,57.35,58.34,58.06,0.28,0.4823,54259.89,317982.142
688322.SH,20250704,57.33,59.13,57.25,58.06,57.65,0.41,0.7112,68323.06,399881.504
688322.SH,20250703,60.01,60.53,56.74,57.65,60.57,-2.92,-4.8209,99182.61,577657.8
688322.SH,20250702,59.3,61.59,58.15,60.57,59.48,1.09,1.8325,91740.58,551945.89
688322.SH,20250701,58.71,60.5,58.2,59.48,59.01,0.47,0.7965,70373.02,418038.42
688322.SH,20250630,58.0,59.77,57.91,59.01,58.15,0.86,1.4789,74673.82,440953.543
688322.SH,20250627,58.0,58.44,57.11,58.15,57.72,0.43,0.745,65989.44,381459.848
688322.SH,20250626,58.8,60.16,57.67,57.72,59.1,-1.38,-2.335,80944.61,476047.329
688322.SH,20250625,57.82,59.76,57.24,59.1,57.79,1.31,2.2668,116909.63,685094.119
688322.SH,20250624,55.98,58.36,55.61,57.79,55.49,2.3,4.1449,118946.38,682985.76
688322.SH,20250623,54.0,56.37,53.86,55.49,55.0,0.49,0.8909,83803.81,463413.634
688322.SH,20250620,56.81,57.13,54.85,55.0,56.85,-1.85,-3.2542,105063.66,585092.818
688322.SH,20250619,56.78,58.9,55.51,56.85,54.69,2.16,3.9495,180302.35,1024003.004
688322.SH,20250618,50.5,54.89,50.43,54.69,50.6,4.09,8.083,133696.01,709467.645
688322.SH,20250617,52.41,52.41,50.28,50.6,52.4,-1.8,-3.4351,71517.81,364816.504
688322.SH,20250616,49.89,53.18,49.8,52.4,50.13,2.27,4.5282,95782.74,494554.716
688322.SH,20250613,50.98,51.28,49.51,50.13,51.27,-1.14,-2.2235,61514.23,308567.257
688322.SH,20250612,50.86,51.88,50.4,51.27,51.01,0.26,0.5097,38886.78,199654.543
688322.SH,20250611,51.6,51.93,51.0,51.01,51.45,-0.44,-0.8552,34335.61,176572.232
688322.SH,20250610,52.5,52.75,50.0,51.45,52.29,-0.84,-1.6064,54669.0,280661.766
688322.SH,20250609,52.83,53.55,52.14,52.29,52.83,-0.54,-1.0221,54150.75,285704.501
688322.SH,20250606,52.38,53.38,52.11,52.83,52.73,0.1,0.1896,54705.62,288471.47
688322.SH,20250605,50.92,53.08,50.53,52.73,51.11,1.62,3.1696,87464.08,456199.963
688322.SH,20250604,50.75,51.64,50.3,51.11,50.89,0.22,0.4323,42352.39,216568.239
688322.SH,20250603,51.67,52.32,50.78,50.89,51.68,-0.79,-1.5286,48022.24,247037.21
688322.SH,20250530,52.45,52.45,51.34,51.68,52.62,-0.94,-1.7864,44437.83,229909.966
688322.SH,20250529,52.96,53.54,52.52,52.62,53.0,-0.38,-0.717,57152.66,302672.206
688322.SH,20250528,53.2,53.6,52.06,53.0,52.93,0.07,0.1323,42477.05,224625.862
688322.SH,20250527,54.4,54.5,52.58,52.93,54.14,-1.21,-2.2349,46648.67,248196.181
688322.SH,20250526,54.81,55.55,53.63,54.14,55.34,-1.2,-2.1684,61096.88,330663.558
688322.SH,20250523,54.4,56.54,54.4,55.34,54.5,0.84,1.5413,99770.53,555716.893
688322.SH,20250522,55.02,55.83,54.38,54.5,55.55,-1.05,-1.8902,64345.47,353835.758
688322.SH,20250521,53.8,56.54,53.35,55.55,54.07,1.48,2.7372,102386.73,562483.406
688322.SH,20250520,53.97,54.92,53.65,54.07,54.13,-0.06,-0.1108,51137.35,277768.472
688322.SH,20250519,55.77,56.16,53.8,54.13,56.05,-1.92,-3.4255,72015.79,391946.125
688322.SH,20250516,56.4,57.38,56.01,56.05,56.38,-0.33,-0.5853,59925.35,339482.635
688322.SH,20250515,57.27,57.6,56.08,56.38,57.48,-1.1,-1.9137,58253.97,329476.797
688322.SH,20250514,57.98,58.5,56.36,57.48,57.9,-0.42,-0.7254,76598.95,440380.701
688322.SH,20250513,60.66,61.08,57.68,57.9,59.28,-1.38,-2.3279,81499.46,478690.121
688322.SH,20250512,58.68,59.67,57.82,59.28,57.77,1.51,2.6138,85971.35,506593.483
688322.SH,20250509,59.06,59.34,56.8,57.77,59.39,-1.62,-2.7277,69619.57,401882.482
688322.SH,20250508,58.37,60.28,58.37,59.39,58.77,0.62,1.055,79610.49,472552.489
688322.SH,20250507,60.66,62.3,57.6,58.77,59.73,-0.96,-1.6072,119369.96,715319.57
688322.SH,20250506,60.66,60.93,59.3,59.73,59.26,0.47,0.7931,90429.86,542412.813
688322.SH,20250430,59.58,60.66,58.6,59.26,59.98,-0.72,-1.2004,101964.81,608891.82
688322.SH,20250429,58.49,60.5,55.7,59.98,60.33,-0.35,-0.5801,129480.43,752367.047
688322.SH,20250428,61.25,62.2,60.0,60.33,61.86,-1.53,-2.4733,85065.19,516486.531
688322.SH,20250425,62.68,62.99,61.52,61.86,62.8,-0.94,-1.4968,86795.81,539731.032
688322.SH,20250424,62.16,63.98,61.42,62.8,62.5,0.3,0.48,94069.62,589188.453
688322.SH,20250423,60.09,63.5,59.4,62.5,59.35,3.15,5.3075,131844.53,815036.144
688322.SH,20250422,58.61,61.33,57.76,59.35,58.61,0.74,1.2626,125115.15,744146.289
688322.SH,20250421,53.68,58.99,53.68,58.61,52.72,5.89,11.1722,158786.54,892463.223
688322.SH,20250418,51.46,54.3,50.93,52.72,51.46,1.26,2.4485,73436.63,385263.702
688322.SH,20250417,51.98,53.18,51.4,51.46,52.38,-0.92,-1.7564,54685.97,285165.423
688322.SH,20250416,53.42,53.43,51.37,52.38,53.44,-1.06,-1.9835,60319.92,315982.375
688322.SH,20250415,53.6,54.8,52.83,53.44,53.67,-0.23,-0.4285,72525.78,389734.668
688322.SH,20250414,52.99,54.48,52.15,53.67,51.92,1.75,3.3706,111365.45,596040.076
688322.SH,20250411,49.01,52.87,48.99,51.92,49.32,2.6,5.2717,105150.04,537608.111
688322.SH,20250410,50.0,51.55,48.5,49.32,46.53,2.79,5.9961,136515.55,683949.376
688322.SH,20250409,43.85,46.97,41.53,46.53,44.65,1.88,4.2105,125055.84,565859.744
688322.SH,20250408,43.31,45.96,43.31,44.65,43.18,1.47,3.4044,123695.42,551566.429
688322.SH,20250407,48.88,50.73,43.18,43.18,53.97,-10.79,-19.9926,136856.86,632954.975
688322.SH,20250403,55.12,56.37,53.4,53.97,55.7,-1.73,-3.1059,60802.98,332129.539
688322.SH,20250402,54.98,56.4,54.75,55.7,55.07,0.63,1.144,50934.09,284060.893
688322.SH,20250401,56.5,56.98,54.55,55.07,55.35,-0.28,-0.5059,52969.46,293363.393
688322.SH,20250331,55.0,55.67,53.2,55.35,55.81,-0.46,-0.8242,89928.48,487009.815
688322.SH,20250328,56.5,57.36,55.78,55.81,57.01,-1.2,-2.1049,49695.88,280119.946
688322.SH,20250327,56.27,58.05,55.79,57.01,56.68,0.33,0.5822,74680.17,425902.938
688322.SH,20250326,57.79,59.29,56.4,56.68,57.67,-0.99,-1.7167,105885.1,610827.315
688322.SH,20250325,59.3,60.78,57.52,57.67,59.42,-1.75,-2.9451,72228.67,425911.234
688322.SH,20250324,58.9,59.85,57.9,59.42,58.3,1.12,1.9211,85833.92,505544.71
688322.SH,20250321,60.7,60.99,58.0,58.3,62.0,-3.7,-5.9677,140866.79,832039.176
688322.SH,20250320,63.69,64.72,61.57,62.0,63.58,-1.58,-2.4851,96983.68,612871.509
688322.SH,20250319,63.83,64.47,62.3,63.58,63.83,-0.25,-0.3917,75366.36,477996.557
688322.SH,20250318,63.9,64.89,63.4,63.83,63.88,-0.05,-0.0783,89091.3,571032.467
688322.SH,20250317,62.88,64.76,61.57,63.88,62.9,0.98,1.558,106202.41,674202.334
688322.SH,20250314,61.0,63.9,60.15,62.9,61.11,1.79,2.9291,167329.5,1035214.659
688322.SH,20250313,68.02,68.47,59.95,61.11,68.0,-6.89,-10.1324,227872.89,1434795.117
688322.SH,20250312,69.66,72.48,68.0,68.0,68.1,-0.1,-0.1468,146613.44,1031974.056
688322.SH,20250311,67.35,69.67,66.83,68.1,69.13,-1.03,-1.4899,115849.44,787898.601
688322.SH,20250310,71.55,72.92,69.0,69.13,70.46,-1.33,-1.8876,121024.21,854756.51
688322.SH,20250307,71.27,73.8,70.0,70.46,72.4,-1.94,-2.6796,120706.63,860973.546
688322.SH,20250306,72.22,75.49,71.37,72.4,70.85,1.55,2.1877,161678.37,1182656.835
688322.SH,20250305,69.0,72.0,68.68,70.85,69.99,0.86,1.2287,125791.9,885910.828
688322.SH,20250304,65.4,72.3,65.4,69.99,65.81,4.18,6.3516,164142.75,1148392.209
688322.SH,20250303,66.0,67.76,63.84,65.81,65.96,-0.15,-0.2274,112309.92,742595.842
688322.SH,20250228,70.0,71.8,65.38,65.96,70.63,-4.67,-6.6119,160910.63,1075300.473
688322.SH,20250227,68.6,72.08,67.7,70.63,69.8,0.83,1.1891,169021.55,1184409.828
688322.SH,20250226,70.54,74.76,69.53,69.8,69.83,-0.03,-0.043,186676.97,1348813.813
688322.SH,20250225,68.94,73.75,68.54,69.83,71.58,-1.75,-2.4448,149977.85,1068457.922
688322.SH,20250224,70.0,75.49,66.1,71.58,70.5,1.08,1.5319,191541.45,1356744.839
688322.SH,20250221,68.7,71.0,67.29,70.5,69.7,0.8,1.1478,184667.94,1269459.2
688322.SH,20250220,67.1,75.5,64.56,69.7,68.1,1.6,2.3495,260745.86,1803129.11
688322.SH,20250219,57.48,69.49,57.48,68.1,57.91,10.19,17.5963,272002.13,1759087.851
688322.SH,20250218,57.21,59.5,56.07,57.91,57.0,0.91,1.5965,166304.3,959938.946
688322.SH,20250217,56.66,57.49,55.1,57.0,56.29,0.71,1.2613,183892.31,1035362.114
688322.SH,20250214,56.5,57.59,55.52,56.29,57.23,-0.94,-1.6425,135783.41,765615.235
688322.SH,20250213,59.2,59.88,56.26,57.23,59.08,-1.85,-3.1313,118237.9,683406.88
688322.SH,20250212,60.2,62.9,57.51,59.08,61.52,-2.44,-3.9662,164626.82,990416.685
688322.SH,20250211,58.59,63.83,58.3,61.52,59.1,2.42,4.0948,155574.45,958849.398
688322.SH,20250210,59.0,60.95,57.6,59.1,60.0,-0.9,-1.5,126887.0,748206.017
688322.SH,20250207,56.0,60.44,55.39,60.0,56.67,3.33,5.8761,158281.53,924200.924
688322.SH,20250206,54.05,58.42,54.05,56.67,55.16,1.51,2.7375,148314.17,839429.215
688322.SH,20250205,52.23,56.33,51.68,55.16,52.18,2.98,5.711,124120.99,679670.509
688322.SH,20250127,53.99,54.45,50.52,52.18,54.99,-2.81,-5.11,102081.81,532531.33
688322.SH,20250124,51.11,55.14,50.8,54.99,51.4,3.59,6.9844,179127.48,960735.847
688322.SH,20250123,52.3,53.86,50.38,51.4,51.18,0.22,0.4299,140814.87,734681.348
688322.SH,20250122,51.45,52.29,50.5,51.18,52.47,-1.29,-2.4585,84526.48,433070.123
688322.SH,20250121,49.06,52.55,48.6,52.47,47.92,4.55,9.495,165092.79,837909.84
688322.SH,20250120,49.65,49.78,47.28,47.92,49.0,-1.08,-2.2041,88901.06,428922.444
688322.SH,20250117,48.18,51.0,48.1,49.0,48.3,0.7,1.4493,103002.52,509187.354
688322.SH,20250116,48.83,49.26,47.68,48.3,48.85,-0.55,-1.1259,93963.39,454738.025
688322.SH,20250115,50.95,50.95,47.58,48.85,51.0,-2.15,-4.2157,151969.52,737199.366
688322.SH,20250114,49.61,52.62,48.5,51.0,50.11,0.89,1.7761,172675.2,878676.508
688322.SH,20250113,48.65,52.5,48.28,50.11,49.81,0.3,0.6023,138241.01,694969.067
688322.SH,20250110,47.0,52.8,46.79,49.81,47.41,2.4,5.0622,168577.08,855468.475
688322.SH,20250109,46.12,48.41,46.05,47.41,46.97,0.44,0.9368,110111.69,519169.584
003021.SZ,20260702,93.5,95.49,91.43,91.64,93.06,-1.42,-1.5259,68166.86,636657.13615
003021.SZ,20260701,88.5,94.58,87.96,93.06,87.35,5.71,6.5369,64220.28,593804.93176
003021.SZ,20260630,83.12,88.27,83.0,87.35,82.27,5.08,6.1748,63115.55,545013.06081
003021.SZ,20260629,81.88,82.49,78.86,82.27,81.55,0.72,0.8829,49367.53,398385.4228
003021.SZ,20260626,87.0,87.5,81.51,81.55,87.66,-6.11,-6.9701,56601.09,473144.16552
003021.SZ,20260625,90.82,92.0,87.39,87.66,91.16,-3.5,-3.8394,53492.42,477366.27308
003021.SZ,20260624,92.92,93.97,90.81,91.16,92.96,-1.8,-1.9363,38657.11,355109.85847
003021.SZ,20260623,93.6,95.58,92.24,92.96,94.35,-1.39,-1.4732,37930.91,355642.74998
003021.SZ,20260622,97.25,98.18,92.14,94.35,98.23,-3.88,-3.9499,66502.41,626260.79988
003021.SZ,20260618,95.92,99.49,95.36,98.23,96.75,1.48,1.5297,52566.67,514992.40629
003021.SZ,20260617,96.81,97.83,95.6,96.75,97.93,-1.18,-1.2049,36462.46,351543.28586
003021.SZ,20260616,98.85,99.15,96.81,97.93,99.15,-1.22,-1.2305,42733.44,418233.21906
003021.SZ,20260615,97.77,99.79,97.23,99.15,97.23,1.92,1.9747,36068.61,355528.10915
003021.SZ,20260612,100.07,103.0,96.79,97.23,97.61,-0.38,-0.3893,53447.37,532587.18121
003021.SZ,20260611,100.61,102.0,96.72,97.61,101.5,-3.89,-3.8325,48656.02,478039.15777
003021.SZ,20260610,105.87,107.8,100.29,101.5,106.87,-5.37,-5.0248,60548.86,625072.17742
003021.SZ,20260609,107.0,107.5,103.94,106.87,107.98,-1.11,-1.028,70593.57,744826.59203
003021.SZ,20260608,101.01,108.15,100.18,107.98,104.69,3.29,3.1426,106310.56,1124694.565
003021.SZ,20260605,97.8,106.51,94.55,105.07,98.58,6.49,6.5835,115546.35,1171962.995
003021.SZ,20260604,96.0,100.0,94.06,98.58,96.61,1.97,2.0391,47100.8,464099.204
003021.SZ,20260603,96.59,99.22,95.66,96.61,97.25,-0.64,-0.6581,41741.95,407813.844
003021.SZ,20260602,96.89,99.35,96.3,97.25,95.89,1.36,1.4183,40545.91,395826.689
003021.SZ,20260601,96.0,97.92,95.0,95.89,96.83,-0.94,-0.9708,43947.19,423560.114
003021.SZ,20260529,102.29,103.46,95.92,96.83,102.77,-5.94,-5.7799,66555.75,656892.328
003021.SZ,20260528,105.87,106.0,100.03,102.77,106.09,-3.32,-3.1294,71108.57,727100.201
003021.SZ,20260527,111.6,112.21,106.06,106.09,114.4,-8.31,-7.264,84864.89,922255.577
003021.SZ,20260526,112.36,116.59,110.7,114.4,112.3,2.1,1.87,103035.78,1177868.031
003021.SZ,20260525,111.99,114.28,110.7,112.3,111.68,0.62,0.5552,72639.25,815044.361
003021.SZ,20260522,111.79,112.99,108.77,111.68,111.47,0.21,0.1884,86695.15,961125.321
003021.SZ,20260521,109.6,117.5,109.6,111.47,109.6,1.87,1.7062,121649.95,1375529.055
003021.SZ,20260520,111.96,111.96,107.84,109.6,111.97,-2.37,-2.1166,83134.57,906212.238
003021.SZ,20260519,112.89,115.99,110.0,111.97,111.89,0.08,0.0715,107312.71,1208366.479
003021.SZ,20260518,106.82,113.66,106.11,111.89,105.99,5.9,5.5666,137701.21,1506439.656
003021.SZ,20260515,99.6,109.47,98.82,105.99,99.52,6.47,6.5012,146133.15,1545413.2
003021.SZ,20260514,103.0,103.3,99.52,99.52,102.24,-2.72,-2.6604,46467.07,469724.487
003021.SZ,20260513,100.8,102.61,99.7,102.24,101.23,1.01,0.9977,36627.72,370892.706
003021.SZ,20260512,102.77,105.0,100.6,101.23,102.45,-1.22,-1.1908,46361.4,473324.746
003021.SZ,20260511,103.8,103.88,102.12,102.45,103.35,-0.9,-0.8708,61667.87,633168.571
003021.SZ,20260508,100.4,105.2,98.8,103.35,100.6,2.75,2.7336,78760.69,813781.26
003021.SZ,20260507,98.04,100.88,97.01,100.6,97.53,3.07,3.1477,49056.43,489252.33
003021.SZ,20260506,97.1,98.47,96.1,97.53,96.59,0.94,0.9732,38609.98,376993.031
003021.SZ,20260430,93.5,97.28,93.0,96.59,93.9,2.69,2.8647,39891.8,384678.238
003021.SZ,20260429,92.6,94.45,92.2,93.9,92.75,1.15,1.2399,33038.78,309214.33
003021.SZ,20260428,98.0,98.0,92.0,92.75,100.18,-7.43,-7.4167,79465.64,745670.876
003021.SZ,20260427,96.05,101.88,95.81,100.18,96.3,3.88,4.0291,55834.23,555083.702
003021.SZ,20260424,97.55,98.4,95.5,96.3,97.54,-1.24,-1.2713,28833.01,278443.518
003021.SZ,20260423,100.68,100.74,96.46,97.54,100.68,-3.14,-3.1188,47017.06,461056.619
003021.SZ,20260422,99.59,100.85,99.23,100.68,100.28,0.4,0.3989,28577.17,286715.447
003021.SZ,20260421,100.87,101.83,99.5,100.28,101.55,-1.27,-1.2506,29844.43,299004.629
003021.SZ,20260420,102.45,102.96,101.2,101.55,101.71,-0.16,-0.1573,31141.71,316962.467
003021.SZ,20260417,101.4,102.23,100.0,101.71,101.89,-0.18,-0.1767,33572.45,339364.348
003021.SZ,20260416,101.65,102.96,99.96,101.89,99.91,1.98,1.9818,39056.46,395153.342
003021.SZ,20260415,102.57,102.87,99.45,99.91,101.08,-1.17,-1.1575,33830.18,341854.014
003021.SZ,20260414,100.49,101.13,99.58,101.08,99.63,1.45,1.4554,29290.12,294119.272
003021.SZ,20260413,98.59,100.45,98.59,99.63,99.8,-0.17,-0.1703,26287.0,261832.7
003021.SZ,20260410,98.58,101.77,98.58,99.8,97.47,2.33,2.3905,37807.67,379869.394
003021.SZ,20260409,98.0,98.6,96.79,97.47,99.12,-1.65,-1.6646,24620.62,240396.58
003021.SZ,20260408,96.5,99.2,96.33,99.12,93.74,5.38,5.7393,42032.39,411611.027
003021.SZ,20260407,94.11,94.76,92.81,93.74,93.78,-0.04,-0.0427,16070.0,150769.834
003021.SZ,20260403,95.43,95.75,93.7,93.78,95.75,-1.97,-2.0574,22111.08,208828.666
003021.SZ,20260402,98.02,98.55,95.21,95.75,98.55,-2.8,-2.8412,27364.0,264133.523
003021.SZ,20260401,97.9,98.9,97.23,98.55,96.0,2.55,2.6563,31978.65,314233.147
003021.SZ,20260331,97.95,99.7,96.0,96.0,97.39,-1.39,-1.4273,32495.92,317055.841
003021.SZ,20260330,98.0,98.93,96.06,97.39,99.46,-2.07,-2.0812,32503.47,316047.694
003021.SZ,20260327,95.9,100.1,95.7,99.46,97.9,1.56,1.5935,33398.59,329347.735
003021.SZ,20260326,99.99,101.33,97.71,97.9,99.16,-1.26,-1.2707,37686.84,375023.326
003021.SZ,20260325,98.11,100.36,97.47,99.16,97.4,1.76,1.807,41088.27,406756.415
003021.SZ,20260324,99.9,99.91,94.5,97.4,97.8,-0.4,-0.409,40471.59,390324.915
003021.SZ,20260323,102.19,105.3,97.0,97.8,103.53,-5.73,-5.5346,61152.43,620334.466
003021.SZ,20260320,104.85,105.3,102.29,103.53,103.66,-0.13,-0.1254,34086.72,353933.124
003021.SZ,20260319,106.0,106.96,103.35,103.66,108.28,-4.62,-4.2667,37389.8,390678.948
003021.SZ,20260318,108.0,108.93,107.0,108.28,108.0,0.28,0.2593,25000.12,269719.039
003021.SZ,20260317,113.59,113.8,107.96,108.0,111.9,-3.9,-3.4853,43172.84,474284.375
003021.SZ,20260316,113.99,114.6,110.88,111.9,114.22,-2.32,-2.0312,39788.72,445135.007
003021.SZ,20260313,117.88,118.0,114.05,114.22,119.0,-4.78,-4.0168,42782.99,494268.453
003021.SZ,20260312,124.4,125.47,118.0,119.0,123.4,-4.4,-3.5656,58099.97,697330.561
003021.SZ,20260311,125.0,127.08,122.45,123.4,124.38,-0.98,-0.7879,86803.68,1081509.337
003021.SZ,20260310,115.01,124.38,114.99,124.38,113.07,11.31,10.0027,103120.27,1250558.007
003021.SZ,20260309,115.0,115.5,110.01,113.07,117.72,-4.65,-3.9501,49040.24,549744.951
003021.SZ,20260306,116.42,120.88,116.0,117.72,117.22,0.5,0.4265,50708.53,599780.05
003021.SZ,20260305,116.0,118.8,113.56,117.22,114.21,3.01,2.6355,57589.72,671208.031
003021.SZ,20260304,109.68,116.5,109.68,114.21,111.97,2.24,2.0005,50397.83,575946.609
003021.SZ,20260303,115.31,118.68,111.86,111.97,115.62,-3.65,-3.1569,61869.93,714201.984
003021.SZ,20260302,115.8,117.48,113.08,115.62,118.85,-3.23,-2.7177,55762.61,640636.404
003021.SZ,20260227,120.0,120.29,118.25,118.85,120.75,-1.9,-1.5735,32296.99,384184.131
003021.SZ,20260226,120.36,122.0,119.01,120.75,120.75,0.0,0.0,32732.04,393656.311
003021.SZ,20260225,121.0,122.21,119.4,120.75,121.78,-1.03,-0.8458,36427.85,439552.181
003021.SZ,20260224,128.18,128.8,121.03,121.78,126.71,-4.93,-3.8908,62258.39,763913.338
003021.SZ,20260213,124.28,127.51,123.38,126.71,124.7,2.01,1.6119,51400.77,649628.817
003021.SZ,20260212,122.98,125.55,122.38,124.7,123.28,1.42,1.1518,39828.93,495895.471
003021.SZ,20260211,124.36,124.8,122.7,123.28,125.56,-2.28,-1.8159,32237.58,397978.105
003021.SZ,20260210,121.98,126.63,121.08,125.56,121.72,3.84,3.1548,68082.06,849513.67
003021.SZ,20260209,123.36,123.46,120.51,121.72,121.69,0.03,0.0247,45266.78,550378.356
003021.SZ,20260206,116.33,124.49,115.62,121.69,118.22,3.47,2.9352,60923.37,740933.919
003021.SZ,20260205,122.99,123.99,118.0,118.22,123.24,-5.02,-4.0734,51584.16,619026.115
003021.SZ,20260204,119.5,128.05,119.0,123.24,119.68,3.56,2.9746,84324.69,1038134.01
003021.SZ,20260203,116.01,120.0,113.0,119.68,115.05,4.63,4.0243,47172.17,558030.177
003021.SZ,20260202,117.06,119.29,115.0,115.05,117.06,-2.01,-1.7171,42318.32,494880.366
003021.SZ,20260130,118.0,120.67,115.4,117.06,118.47,-1.41,-1.1902,46870.96,552170.818
003021.SZ,20260129,121.5,123.6,118.47,118.47,123.04,-4.57,-3.7142,41650.74,502810.418
003021.SZ,20260128,122.0,123.29,120.66,123.04,123.15,-0.11,-0.0893,41665.22,508834.927
003021.SZ,20260127,121.04,123.95,118.01,123.15,121.89,1.26,1.0337,56497.65,682969.714
003021.SZ,20260126,132.74,134.0,121.4,121.89,129.5,-7.61,-5.8764,90696.19,1139556.517
003021.SZ,20260123,129.25,132.0,127.46,129.5,129.21,0.29,0.2244,66479.47,863222.251
003021.SZ,20260122,130.68,132.0,127.02,129.21,130.6,-1.39,-1.0643,55508.28,718340.676
003021.SZ,20260121,129.0,131.94,128.22,130.6,129.75,0.85,0.6551,64556.03,841121.318
003021.SZ,20260120,133.01,133.9,129.02,129.75,132.6,-2.85,-2.1493,66654.45,872843.246
003021.SZ,20260119,126.8,137.2,124.8,132.6,125.47,7.13,5.6826,145703.39,1913363.917
003021.SZ,20260116,123.0,127.38,122.5,125.47,122.99,2.48,2.0164,73568.99,922335.429
003021.SZ,20260115,121.68,123.84,121.51,122.99,122.48,0.51,0.4164,44202.0,542350.55
003021.SZ,20260114,124.54,126.58,119.68,122.48,124.28,-1.8,-1.4483,87953.22,1080102.727
003021.SZ,20260113,127.0,130.18,123.12,124.28,128.0,-3.72,-2.9063,86266.49,1089391.986
003021.SZ,20260112,128.0,129.59,126.0,128.0,128.94,-0.94,-0.729,92604.3,1182538.898
003021.SZ,20260109,125.12,132.96,125.12,128.94,124.29,4.65,3.7413,114541.61,1493259.666
003021.SZ,20260108,120.96,127.44,120.8,124.29,122.66,1.63,1.3289,76846.18,954331.716
003021.SZ,20260107,121.3,127.8,121.2,122.66,122.07,0.59,0.4833,83841.99,1040802.304
003021.SZ,20260106,122.18,125.0,121.2,122.07,122.16,-0.09,-0.0737,68358.05,837570.804
003021.SZ,20260105,121.0,124.48,119.8,122.16,124.18,-2.02,-1.6267,79660.84,971804.897
003021.SZ,20251231,126.5,128.18,123.6,124.18,128.91,-4.73,-3.6692,88430.62,1107562.918
003021.SZ,20251230,120.01,128.96,119.3,128.91,121.88,7.03,5.768,149997.52,1862822.885
003021.SZ,20251229,117.0,126.2,116.1,121.88,116.52,5.36,4.6001,119929.41,1450677.346
003021.SZ,20251226,118.06,119.33,115.13,116.52,119.23,-2.71,-2.2729,88674.89,1036387.193
003021.SZ,20251225,115.54,121.18,115.42,119.23,115.55,3.68,3.1848,115999.99,1378758.037
003021.SZ,20251224,114.2,117.19,113.31,115.55,114.2,1.35,1.1821,72391.39,835847.496
003021.SZ,20251223,115.7,117.45,113.54,114.2,112.19,2.01,1.7916,134392.55,1547992.985
003021.SZ,20251222,103.55,112.19,102.6,112.19,101.99,10.2,10.001,112540.66,1219937.057
003021.SZ,20251219,101.87,103.15,101.6,101.99,101.21,0.78,0.7707,26217.81,268378.475
003021.SZ,20251218,101.5,103.91,101.19,101.21,102.58,-1.37,-1.3355,27892.48,285794.404
003021.SZ,20251217,101.0,103.3,100.04,102.58,101.12,1.46,1.4438,32652.07,331402.708
003021.SZ,20251216,103.01,103.7,100.88,101.12,103.29,-2.17,-2.1009,31992.2,324911.141
003021.SZ,20251215,106.0,106.74,103.1,103.29,108.1,-4.81,-4.4496,42328.0,443392.042
003021.SZ,20251212,105.49,108.1,102.58,108.1,105.82,2.28,2.1546,63829.8,670137.496
003021.SZ,20251211,109.05,109.36,105.67,105.82,109.04,-3.22,-2.953,39492.11,422401.628
003021.SZ,20251210,108.55,109.31,107.21,109.04,108.6,0.44,0.4052,30812.85,334509.402
003021.SZ,20251209,108.2,110.87,108.0,108.6,109.7,-1.1,-1.0027,37337.01,408072.951
003021.SZ,20251208,110.0,110.26,107.68,109.7,109.17,0.53,0.4855,53696.69,585094.202
003021.SZ,20251205,106.0,110.37,105.11,109.17,106.8,2.37,2.2191,63835.6,690062.225
003021.SZ,20251204,105.06,107.5,104.03,106.8,102.48,4.32,4.2155,74354.03,789076.265
003021.SZ,20251203,104.44,104.89,102.1,102.48,103.95,-1.47,-1.4141,20836.62,214300.763
003021.SZ,20251202,105.9,106.05,103.88,103.95,106.04,-2.09,-1.971,25416.0,265858.717
003021.SZ,20251201,104.34,106.59,104.34,106.04,104.96,1.08,1.029,35967.9,380210.933
003021.SZ,20251128,105.02,105.32,103.01,104.96,104.73,0.23,0.2196,27042.5,282061.742
003021.SZ,20251127,105.04,106.36,104.47,104.73,105.01,-0.28,-0.2666,28544.37,300430.258
003021.SZ,20251126,104.4,106.86,103.45,105.01,104.39,0.62,0.5939,38260.69,403355.949
003021.SZ,20251125,105.95,106.6,104.0,104.39,105.5,-1.11,-1.0521,43518.66,458576.126
003021.SZ,20251124,102.61,105.7,101.6,105.5,102.46,3.04,2.967,48542.74,506416.995
003021.SZ,20251121,101.33,104.42,100.88,102.46,102.35,0.11,0.1075,47656.82,488995.967
003021.SZ,20251120,105.03,105.03,102.29,102.35,103.95,-1.6,-1.5392,22762.24,234953.596
003021.SZ,20251119,104.88,105.3,103.62,103.95,104.8,-0.85,-0.8111,21589.7,225546.564
003021.SZ,20251118,104.78,105.5,103.88,104.8,104.75,0.05,0.0477,24581.99,257633.981
003021.SZ,20251117,104.0,105.51,103.0,104.75,104.45,0.3,0.2872,25283.4,264207.847
003021.SZ,20251114,106.02,106.52,104.0,104.45,107.35,-2.9,-2.7014,34411.64,362035.52
003021.SZ,20251113,106.74,108.0,106.01,107.35,107.3,0.05,0.0466,30115.16,322186.658
003021.SZ,20251112,108.77,109.92,106.1,107.3,109.46,-2.16,-1.9733,36315.74,391406.12
003021.SZ,20251111,112.79,112.8,108.01,109.46,111.25,-1.79,-1.609,40682.5,449043.746
003021.SZ,20251110,113.8,113.91,110.88,111.25,113.78,-2.53,-2.2236,42168.59,471054.656
003021.SZ,20251107,119.5,119.5,113.66,113.78,117.48,-3.7,-3.1495,64910.4,745552.521
003021.SZ,20251106,113.5,117.99,112.3,117.48,111.7,5.78,5.1746,72977.55,844764.815
003021.SZ,20251105,110.71,112.8,110.0,111.7,113.25,-1.55,-1.3687,34563.66,386175.9
003021.SZ,20251104,115.88,116.31,112.37,113.25,116.6,-3.35,-2.8731,47834.86,544521.725
003021.SZ,20251103,119.0,119.8,115.3,116.6,118.56,-1.96,-1.6532,47993.25,561402.119
003021.SZ,20251031,117.3,121.3,117.01,118.56,117.3,1.26,1.0742,59967.71,717034.451
003021.SZ,20251030,119.48,120.4,117.1,117.3,119.47,-2.17,-1.8164,51229.52,606498.671
003021.SZ,20251029,118.11,119.9,117.63,119.47,118.18,1.29,1.0916,42823.6,509537.082
003021.SZ,20251028,119.3,120.18,117.61,118.18,119.05,-0.87,-0.7308,48682.49,578811.572
003021.SZ,20251027,119.98,120.8,117.68,119.05,118.01,1.04,0.8813,52321.14,623341.309
003021.SZ,20251024,115.89,118.5,115.35,118.01,114.99,3.02,2.6263,52917.84,619699.788
003021.SZ,20251023,115.13,115.79,112.71,114.99,116.29,-1.3,-1.1179,35593.81,405826.386
003021.SZ,20251022,115.3,117.99,114.6,116.29,115.61,0.68,0.5882,46779.16,544124.573
003021.SZ,20251021,115.59,115.99,113.6,115.61,115.06,0.55,0.478,40059.39,461319.0
003021.SZ,20251020,115.41,117.0,114.13,115.06,113.37,1.69,1.4907,44222.48,511685.818
003021.SZ,20251017,119.57,119.57,113.0,113.37,119.14,-5.77,-4.843,61250.61,705370.079
003021.SZ,20251016,119.41,120.95,118.37,119.14,121.97,-2.83,-2.3202,42803.8,512595.123
003021.SZ,20251015,117.6,122.45,115.51,121.97,116.67,5.3,4.5427,73805.64,881335.432
003021.SZ,20251014,127.0,127.49,116.01,116.67,126.42,-9.75,-7.7124,109052.05,1318994.838
003021.SZ,20251013,125.0,129.99,123.59,126.42,132.7,-6.28,-4.7325,84440.86,1066251.821
003021.SZ,20251010,138.01,141.55,132.0,132.7,137.98,-5.28,-3.8266,76704.63,1046031.125
003021.SZ,20251009,138.0,139.85,135.18,137.98,137.15,0.83,0.6052,63003.86,869867.239
003021.SZ,20250930,139.25,140.28,136.8,137.15,138.7,-1.55,-1.1175,56898.2,784057.596
003021.SZ,20250929,135.69,139.7,135.63,138.7,135.18,3.52,2.6039,63777.84,880243.155
003021.SZ,20250926,139.21,139.95,134.83,135.18,141.89,-6.71,-4.729,70401.39,967177.748
003021.SZ,20250925,142.0,144.0,139.5,141.89,141.56,0.33,0.2331,81650.3,1161089.865
003021.SZ,20250924,138.0,142.13,136.0,141.56,139.3,2.26,1.6224,93498.08,1302465.162
003021.SZ,20250923,140.59,142.79,136.13,139.3,141.46,-2.16,-1.5269,83278.53,1165179.394
003021.SZ,20250922,138.56,142.5,138.0,141.46,137.44,4.02,2.9249,92850.22,1303089.264
003021.SZ,20250919,142.14,143.99,136.32,137.44,146.84,-9.4,-6.4015,146106.42,2034618.861
003021.SZ,20250918,149.18,155.53,142.63,146.84,149.5,-2.66,-1.7793,214582.71,3198966.819
003021.SZ,20250917,143.88,156.72,143.06,149.5,142.47,7.03,4.9344,184701.68,2781401.263
003021.SZ,20250916,139.66,146.3,137.45,142.47,137.19,5.28,3.8487,173110.43,2456148.808
003021.SZ,20250915,135.95,140.93,133.1,137.19,135.96,1.23,0.9047,148998.13,2054158.914
003021.SZ,20250912,133.23,140.5,131.87,135.96,130.38,5.58,4.2798,230714.65,3131701.865
003021.SZ,20250911,119.0,130.38,118.54,130.38,118.53,11.85,9.9975,176282.56,2218814.951
003021.SZ,20250910,118.8,123.5,117.53,118.53,119.4,-0.87,-0.7286,82810.67,992934.152
003021.SZ,20250909,121.5,121.89,118.5,119.4,122.22,-2.82,-2.3073,74308.94,889667.689
003021.SZ,20250908,116.0,124.65,116.0,122.22,116.48,5.74,4.9279,108999.71,1325653.162
003021.SZ,20250905,112.0,117.5,110.58,116.48,112.0,4.48,4.0,81273.58,936755.873
003021.SZ,20250904,118.87,120.77,111.14,112.0,119.2,-7.2,-6.0403,105755.29,1223773.839
003021.SZ,20250903,123.5,125.26,118.5,119.2,123.31,-4.11,-3.3331,95267.67,1161010.741
003021.SZ,20250902,121.01,126.11,114.44,123.31,121.2,2.11,1.7409,159537.15,1924362.061
003021.SZ,20250901,121.5,123.55,118.62,121.2,122.34,-1.14,-0.9318,70600.93,852944.762
003021.SZ,20250829,121.69,126.0,118.76,122.34,121.79,0.55,0.4516,87383.33,1064918.756
003021.SZ,20250828,121.16,123.0,117.51,121.79,121.69,0.1,0.0822,84679.66,1019158.527
003021.SZ,20250827,124.0,126.56,121.68,121.69,123.45,-1.76,-1.4257,93180.71,1164132.051
003021.SZ,20250826,126.7,126.7,123.41,123.45,127.2,-3.75,-2.9481,83339.77,1037827.955
003021.SZ,20250825,126.19,130.0,125.48,127.2,125.56,1.64,1.3061,98742.79,1261636.605
003021.SZ,20250822,121.11,125.99,120.23,125.56,121.77,3.79,3.1124,94862.26,1176899.331
003021.SZ,20250821,124.3,126.99,121.43,121.77,124.34,-2.57,-2.0669,91679.61,1135387.115
003021.SZ,20250820,122.0,125.0,121.0,124.34,123.15,1.19,0.9663,77823.92,961625.661
003021.SZ,20250819,121.48,126.0,118.08,123.15,121.48,1.67,1.3747,111227.69,1359229.048
003021.SZ,20250818,120.0,123.89,118.0,121.48,118.94,2.54,2.1355,102157.19,1242433.817
003021.SZ,20250815,117.64,119.86,116.9,118.94,117.1,1.84,1.5713,74119.06,879403.656
003021.SZ,20250814,120.0,120.5,115.0,117.1,119.64,-2.54,-2.123,86176.96,1017169.861
003021.SZ,20250813,117.36,120.16,116.3,119.64,117.62,2.02,1.7174,75871.9,899921.62
003021.SZ,20250812,117.24,118.5,115.76,117.62,117.13,0.49,0.4183,55632.79,651434.828
003021.SZ,20250811,117.5,119.5,116.08,117.13,117.28,-0.15,-0.1279,61583.09,725718.836
003021.SZ,20250808,120.0,120.66,117.01,117.28,120.68,-3.4,-2.8174,60743.95,718530.668
003021.SZ,20250807,121.95,123.32,119.71,120.68,121.91,-1.23,-1.0089,84885.82,1025644.542
003021.SZ,20250806,115.8,126.76,114.57,121.91,115.68,6.23,5.3855,145971.28,1756855.917
003021.SZ,20250805,115.99,116.48,113.73,115.68,115.3,0.38,0.3296,57572.94,662626.853
003021.SZ,20250804,108.55,115.3,108.43,115.3,109.5,5.8,5.2968,81992.15,928640.435
003021.SZ,20250801,111.99,113.28,108.48,109.5,112.55,-3.05,-2.7099,56693.03,625262.812
003021.SZ,20250731,111.79,115.43,111.56,112.55,112.21,0.34,0.303,62354.61,710236.895
003021.SZ,20250730,114.06,114.13,111.51,112.21,114.48,-2.27,-1.9829,52737.34,593738.871
003021.SZ,20250729,113.99,115.63,113.12,114.48,114.81,-0.33,-0.2874,50804.15,581168.572
003021.SZ,20250728,117.0,117.48,114.2,114.81,115.61,-0.8,-0.692,47975.03,553629.108
003021.SZ,20250725,116.68,116.85,113.8,115.61,116.7,-1.09,-0.934,63064.75,725020.076
003021.SZ,20250724,116.62,118.2,115.6,116.7,115.83,0.87,0.7511,47375.28,551886.956
003021.SZ,20250723,120.0,120.0,115.35,115.83,120.1,-4.27,-3.5554,79519.18,930820.871
003021.SZ,20250722,120.0,123.73,119.17,120.1,121.75,-1.65,-1.3552,79858.08,965821.113
003021.SZ,20250721,116.8,122.99,115.3,121.75,114.18,7.57,6.6299,120100.55,1440544.958
003021.SZ,20250718,114.7,115.9,112.88,114.18,114.85,-0.67,-0.5834,70158.31,800247.517
003021.SZ,20250717,113.88,118.52,113.46,114.85,114.98,-0.13,-0.1131,106318.38,1235496.113
003021.SZ,20250716,113.1,117.57,111.55,114.98,112.13,2.85,2.5417,105689.51,1212618.475
003021.SZ,20250715,112.15,112.26,110.0,112.13,111.99,0.14,0.125,78450.2,871774.516
003021.SZ,20250714,108.87,114.44,108.0,111.99,107.99,4.0,3.704,123410.59,1379509.301
003021.SZ,20250711,103.47,110.0,102.36,107.99,103.48,4.51,4.3583,111986.74,1195427.274
003021.SZ,20250710,104.0,104.7,102.59,103.48,105.12,-1.64,-1.5601,43975.85,455203.858
003021.SZ,20250709,108.0,108.2,104.66,105.12,105.17,-0.05,-0.0475,80172.33,855545.495
003021.SZ,20250708,100.81,108.55,100.61,105.17,100.8,4.37,4.3353,92537.01,970003.622
003021.SZ,20250707,103.49,103.68,100.5,100.8,103.0,-2.2,-2.1359,38254.1,387609.396
003021.SZ,20250704,103.88,104.99,102.22,103.0,104.19,-1.19,-1.1421,42376.2,438634.196
003021.SZ,20250703,104.1,105.48,103.2,104.19,104.33,-0.14,-0.1342,39834.71,414465.796
003021.SZ,20250702,106.76,107.14,103.7,104.33,107.61,-3.28,-3.048,52305.72,548963.649
003021.SZ,20250701,107.84,109.79,107.03,107.61,108.15,-0.54,-0.4993,51522.05,557023.674
003021.SZ,20250630,106.98,110.29,106.64,108.15,106.74,1.41,1.321,72345.6,781948.97
003021.SZ,20250627,106.9,107.78,105.01,106.74,107.15,-0.41,-0.3826,53219.65,568033.889
003021.SZ,20250626,110.36,110.55,106.83,107.15,109.08,-1.93,-1.7693,86403.04,937622.056
003021.SZ,20250625,105.24,109.6,104.36,109.08,105.24,3.84,3.6488,127270.44,1373453.129
003021.SZ,20250624,99.2,106.5,99.02,105.24,98.12,7.12,7.2564,134250.48,1393227.321
003021.SZ,20250623,96.0,99.17,95.59,98.12,98.4,-0.28,-0.2846,42733.01,418178.047
003021.SZ,20250620,102.62,102.62,98.3,98.4,103.08,-4.68,-4.5402,78922.51,786925.19
003021.SZ,20250619,100.05,105.84,99.11,103.08,100.22,2.86,2.8537,134138.56,1385081.967
003021.SZ,20250618,98.78,101.0,98.33,100.22,99.01,1.21,1.2221,50965.67,508693.731
003021.SZ,20250617,99.98,100.8,98.26,99.01,99.53,-0.52,-0.5225,36845.71,365813.552
003021.SZ,20250616,99.42,100.48,99.36,99.53,100.09,-0.56,-0.5595,41519.14,414684.995
003021.SZ,20250613,101.01,103.69,99.49,100.09,102.08,-1.99,-1.9495,59335.77,599264.828
003021.SZ,20250612,101.01,102.37,100.6,102.08,101.96,0.12,0.1177,42069.72,427361.008
003021.SZ,20250611,101.22,102.5,100.23,101.96,101.23,0.73,0.7211,60667.36,616825.409
003021.SZ,20250610,104.5,105.0,98.58,101.23,104.5,-3.27,-3.1292,118878.93,1197040.733
003021.SZ,20250609,103.87,109.3,103.82,104.5,103.09,1.41,1.3677,121821.58,1294470.974
003021.SZ,20250606,104.66,104.69,102.07,103.09,104.31,-1.22,-1.1696,58462.39,603491.73
003021.SZ,20250605,103.4,105.7,102.33,104.31,103.4,0.91,0.8801,74932.36,779324.78
003021.SZ,20250604,102.9,103.92,101.8,103.4,102.9,0.5,0.4859,57965.41,596062.156
003021.SZ,20250603,102.0,104.38,101.1,102.9,103.06,-0.16,-0.1552,46715.35,483417.644
003021.SZ,20250530,107.0,107.0,102.68,103.06,107.28,-4.22,-3.9336,60843.03,631078.696
003021.SZ,20250529,106.65,108.5,106.65,107.28,106.34,0.94,0.884,42541.13,457260.704
003021.SZ,20250528,107.58,108.89,106.16,106.62,107.72,-1.1,-1.0212,44235.47,474680.732
003021.SZ,20250527,110.9,111.26,107.31,107.72,110.85,-3.13,-2.8236,50477.38,546295.239
003021.SZ,20250526,111.12,112.3,110.0,110.85,111.74,-0.89,-0.7965,48585.43,538157.875
003021.SZ,20250523,111.8,114.8,111.21,111.74,112.6,-0.86,-0.7638,61084.42,689135.15
003021.SZ,20250522,113.74,114.89,112.11,112.6,113.77,-1.17,-1.0284,47668.19,540477.661
003021.SZ,20250521,114.15,115.38,113.01,113.77,115.05,-1.28,-1.1126,47174.52,537513.683
003021.SZ,20250520,115.99,116.37,114.13,115.05,115.35,-0.3,-0.2601,48481.24,559452.043
003021.SZ,20250519,119.71,120.0,113.5,115.35,120.92,-5.57,-4.6064,88773.89,1025901.559
003021.SZ,20250516,118.97,123.34,118.2,120.92,120.13,0.79,0.6576,64823.23,788149.599
003021.SZ,20250515,124.2,124.2,120.0,120.13,124.64,-4.51,-3.6184,64016.57,774897.072
003021.SZ,20250514,124.36,125.8,123.0,124.64,125.6,-0.96,-0.7643,65816.55,817688.011
003021.SZ,20250513,130.0,131.0,125.0,125.6,133.5,-7.9,-5.9176,149418.18,1906821.244
003021.SZ,20250512,126.0,135.98,125.0,133.5,124.0,9.5,7.6613,149423.79,1945470.516
003021.SZ,20250509,127.0,127.0,122.22,124.0,126.99,-2.99,-2.3545,60646.22,752110.157
003021.SZ,20250508,126.81,129.0,125.67,126.99,128.05,-1.06,-0.8278,64230.64,816014.373
003021.SZ,20250507,132.14,132.62,125.25,128.05,130.51,-2.46,-1.8849,100065.27,1287814.006
003021.SZ,20250506,128.97,132.74,126.0,130.51,127.06,3.45,2.7153,105567.18,1365850.434
003021.SZ,20250430,124.57,128.97,123.08,127.06,125.0,2.06,1.648,119646.16,1508169.27
003021.SZ,20250429,122.11,127.39,120.01,125.0,123.54,1.46,1.1818,91548.45,1138592.246
003021.SZ,20250428,127.35,128.98,123.25,123.54,127.35,-3.81,-2.9918,63098.14,788950.374
003021.SZ,20250425,127.49,130.68,123.44,127.35,125.32,2.03,1.6199,93931.7,1197770.871
003021.SZ,20250424,127.5,131.48,124.62,125.32,125.39,-0.07,-0.0558,152114.97,1946745.359
003021.SZ,20250423,117.76,125.39,116.51,125.39,113.99,11.4,10.0009,108886.4,1324845.215
003021.SZ,20250422,116.0,118.1,113.91,113.99,116.0,-2.01,-1.7328,78778.7,913951.56
003021.SZ,20250421,108.11,116.83,106.69,116.0,109.55,6.45,5.8877,108097.42,1215715.465
003021.SZ,20250418,111.11,112.39,108.7,109.55,111.33,-1.78,-1.5989,54170.74,595014.807
003021.SZ,20250417,111.61,115.86,111.08,111.33,112.77,-1.44,-1.2769,72120.16,812852.449
003021.SZ,20250416,112.51,116.47,111.6,112.77,113.41,-0.64,-0.5643,90517.64,1029364.135
003021.SZ,20250415,115.0,116.29,111.7,113.41,114.25,-0.84,-0.7352,80529.66,917443.296
003021.SZ,20250414,116.88,118.72,113.5,114.25,113.54,0.71,0.6253,136390.46,1582261.29
003021.SZ,20250411,101.07,113.54,100.11,113.54,103.22,10.32,9.9981,134566.27,1455664.96
003021.SZ,20250410,104.0,107.28,101.0,103.22,99.0,4.22,4.2626,147950.03,1543217.889
003021.SZ,20250409,93.49,103.0,89.08,99.0,98.98,0.02,0.0202,197598.28,1872422.511
003021.SZ,20250408,98.98,103.5,98.98,98.98,109.98,-11.0,-10.0018,47746.4,474850.41
003021.SZ,20250407,109.98,109.98,109.98,109.98,122.2,-12.22,-10.0,6849.0,75325.302
003021.SZ,20250403,124.7,127.5,121.72,122.2,126.7,-4.5,-3.5517,49863.76,617702.765
003021.SZ,20250402,125.88,129.28,125.28,126.7,126.55,0.15,0.1185,54583.4,692748.725
003021.SZ,20250401,128.88,129.76,124.32,126.55,127.83,-1.28,-1.0013,64915.51,819495.512
003021.SZ,20250331,127.0,129.0,121.83,127.83,130.73,-2.9,-2.2183,83632.18,1042544.438
003021.SZ,20250328,129.51,133.17,127.9,130.73,130.79,-0.06,-0.0459,67531.55,882044.827
003021.SZ,20250327,132.66,134.7,130.6,130.79,132.55,-1.76,-1.3278,56140.18,740800.5
003021.SZ,20250326,130.7,137.23,130.54,132.55,131.14,1.41,1.0752,79294.16,1065416.043
003021.SZ,20250325,135.0,137.98,130.89,131.14,134.59,-3.45,-2.5633,66495.67,885102.616
003021.SZ,20250324,135.25,137.1,130.39,134.59,135.25,-0.66,-0.488,86659.03,1154985.998
003021.SZ,20250321,141.87,142.74,133.06,135.25,144.61,-9.36,-6.4726,121718.13,1654818.854
003021.SZ,20250320,142.6,149.7,140.74,144.61,142.91,1.7,1.1896,113485.65,1643171.041
003021.SZ,20250319,144.55,146.93,142.2,142.91,145.95,-3.04,-2.0829,76878.01,1103739.738
003021.SZ,20250318,148.83,150.61,144.01,145.95,149.65,-3.7,-2.4724,92534.19,1360527.824
003021.SZ,20250317,146.0,152.02,143.15,149.65,147.66,1.99,1.3477,96989.41,1437574.619
003021.SZ,20250314,147.5,150.27,143.1,147.66,144.63,3.03,2.095,110717.89,1623893.336
003021.SZ,20250313,154.31,155.15,142.88,144.63,156.16,-11.53,-7.3835,123803.31,1812698.8
003021.SZ,20250312,156.21,158.29,154.5,156.16,157.1,-0.94,-0.5983,77873.69,1217186.148
003021.SZ,20250311,157.0,162.29,150.0,157.1,161.17,-4.07,-2.5253,139084.98,2158647.088
003021.SZ,20250310,160.0,164.95,155.3,161.17,158.8,2.37,1.4924,123246.93,1968743.528
003021.SZ,20250307,160.25,165.0,156.26,158.8,160.2,-1.4,-0.8739,112357.12,1790466.643
003021.SZ,20250306,162.3,168.77,158.1,160.2,162.58,-2.38,-1.4639,173808.83,2832964.766
003021.SZ,20250305,146.03,162.58,144.31,162.58,147.8,14.78,10.0,168036.46,2572574.396
003021.SZ,20250304,135.99,147.9,135.93,147.8,134.45,13.35,9.9293,162130.78,2351712.837
003021.SZ,20250303,140.0,141.22,132.92,134.45,141.3,-6.85,-4.8478,141214.04,1919694.511
003021.SZ,20250228,155.0,155.39,141.3,141.3,157.0,-15.7,-10.0,122731.64,1761041.528
003021.SZ,20250227,156.98,163.99,150.01,157.0,157.94,-0.94,-0.5952,161518.98,2527572.05
003021.SZ,20250226,141.71,157.94,141.33,157.94,143.58,14.36,10.0014,161169.11,2463125.25
003021.SZ,20250225,126.0,143.81,126.0,143.58,130.74,12.84,9.821,155714.57,2174397.673
003021.SZ,20250224,130.09,138.18,123.0,130.74,132.6,-1.86,-1.4027,95998.54,1250370.058
003021.SZ,20250221,128.0,135.25,127.6,132.6,131.46,1.14,0.8672,107252.94,1408396.199
003021.SZ,20250220,125.58,137.0,122.0,131.46,126.06,5.4,4.2837,148843.02,1899572.818
003021.SZ,20250219,115.0,127.0,114.8,126.06,116.6,9.46,8.1132,143753.52,1768176.605
003021.SZ,20250218,118.04,122.57,115.16,116.6,120.32,-3.72,-3.0918,112464.74,1319907.812
003021.SZ,20250217,112.0,121.42,112.0,120.32,113.2,7.12,6.2898,140697.64,1646562.822
003021.SZ,20250214,113.0,116.98,112.0,113.2,116.98,-3.78,-3.2313,124896.08,1424778.641
003021.SZ,20250213,126.08,127.42,116.98,116.98,129.98,-13.0,-10.0015,188240.32,2265854.081
003021.SZ,20250212,116.86,130.12,115.5,129.98,118.29,11.69,9.8825,161910.1,2029355.723
003021.SZ,20250211,111.46,122.68,111.0,118.29,113.82,4.47,3.9273,151032.63,1771713.269
003021.SZ,20250210,109.22,116.13,107.33,113.82,111.73,2.09,1.8706,135460.15,1527800.608
003021.SZ,20250207,110.0,115.13,108.0,111.73,111.08,0.65,0.5852,175615.96,1953078.754
003021.SZ,20250206,99.99,111.08,99.88,111.08,100.98,10.1,10.002,161071.37,1741771.96
003021.SZ,20250205,96.16,102.58,96.16,100.98,93.25,7.73,8.2895,177119.09,1777267.206
003021.SZ,20250127,100.8,100.86,92.91,93.25,100.87,-7.62,-7.5543,125219.57,1192193.901
003021.SZ,20250124,95.8,101.49,94.9,100.87,97.62,3.25,3.3292,128282.91,1262092.76
003021.SZ,20250123,100.8,103.5,96.97,97.62,100.72,-3.1,-3.0778,123332.85,1232879.215
003021.SZ,20250122,104.0,104.76,99.43,100.72,104.96,-4.24,-4.0396,125056.71,1269407.289
003021.SZ,20250121,95.51,104.96,94.15,104.96,95.42,9.54,9.9979,182097.15,1821961.148
003021.SZ,20250120,95.0,96.37,93.34,95.42,94.5,0.92,0.9735,107260.28,1017209.638
003021.SZ,20250117,95.15,96.41,92.3,94.5,96.11,-1.61,-1.6752,134113.64,1261565.757
003021.SZ,20250116,97.0,102.3,94.3,96.11,97.92,-1.81,-1.8484,174870.55,1707934.937
003021.SZ,20250115,89.99,99.47,89.15,97.92,93.53,4.39,4.6937,196477.96,1824693.371
003021.SZ,20250114,84.56,93.53,84.1,93.53,85.99,7.54,8.7685,220259.11,1959619.961
003021.SZ,20250113,90.5,92.0,83.2,85.99,92.0,-6.01,-6.5326,225137.67,1970747.624
003021.SZ,20250110,87.5,94.77,86.67,92.0,86.15,5.85,6.7905,264621.14,2423135.074
003021.SZ,20250109,78.43,86.15,77.92,86.15,78.32,7.83,9.9974,252140.62,2066644.736
002050.SZ,20260702,44.78,46.5,43.88,44.92,44.21,0.71,1.606,1799867.29,8160538.14573
002050.SZ,20260701,43.83,45.4,43.33,44.21,43.83,0.38,0.867,1253677.72,5570153.40332
002050.SZ,20260630,42.01,44.29,41.69,43.83,41.27,2.56,6.2031,1304645.31,5630490.44632
002050.SZ,20260629,41.48,42.1,40.35,41.27,41.5,-0.23,-0.5542,912018.33,3754259.24535
002050.SZ,20260626,43.68,43.68,41.5,41.5,43.94,-2.44,-5.553,1099026.6,4645658.25797
002050.SZ,20260625,43.8,45.67,43.58,43.94,43.9,0.04,0.0911,1136107.26,5050146.62443
002050.SZ,20260624,43.18,44.56,42.7,43.9,43.19,0.71,1.6439,880203.09,3855765.81592
002050.SZ,20260623,44.8,44.98,42.85,43.19,45.23,-2.04,-4.5103,1063572.45,4676254.12559
002050.SZ,20260622,45.68,46.0,43.68,45.23,45.74,-0.51,-1.115,1288797.83,5764347.53484
002050.SZ,20260618,44.3,46.23,44.18,45.74,44.6,1.14,2.5561,1248589.34,5678369.60955
002050.SZ,20260617,44.7,45.15,44.11,44.6,45.12,-0.52,-1.1525,930614.57,4142558.0796
002050.SZ,20260616,45.76,45.94,44.9,45.12,45.75,-0.63,-1.377,960810.96,4350049.7804
002050.SZ,20260615,45.31,45.81,44.73,45.75,44.81,0.94,2.0977,772222.84,3511047.25281
002050.SZ,20260612,46.15,47.3,44.81,44.81,45.69,-0.88,-1.926,1237364.33,5721472.44725
002050.SZ,20260611,44.5,46.17,43.5,45.69,45.36,0.33,0.7275,1047378.14,4725497.66673
002050.SZ,20260610,46.98,47.31,45.18,45.36,47.49,-2.13,-4.4852,1113482.91,5117904.88342
002050.SZ,20260609,47.37,47.85,45.7,47.49,47.38,0.11,0.2322,1351384.25,6277778.65883
002050.SZ,20260608,45.5,48.63,45.5,47.38,47.51,-0.13,-0.2736,1599773.94,7617251.45
002050.SZ,20260605,46.61,49.36,45.17,47.51,47.01,0.5,1.0636,2016417.61,9503739.218
002050.SZ,20260604,44.6,48.0,44.48,47.01,45.08,1.93,4.2813,1670492.65,7837805.836
002050.SZ,20260603,44.54,46.5,44.24,45.08,45.17,-0.09,-0.1992,1202121.97,5491193.589
002050.SZ,20260602,45.22,45.88,44.5,45.17,44.57,0.6,1.3462,1138316.81,5147205.754
002050.SZ,20260601,46.34,47.0,44.54,44.57,46.34,-1.77,-3.8196,1411432.37,6433059.087
002050.SZ,20260529,48.47,49.29,45.73,46.34,48.61,-2.27,-4.6698,1636325.65,7716653.561
002050.SZ,20260528,50.7,50.8,47.28,48.61,51.02,-2.41,-4.7236,2168338.75,10518986.921
002050.SZ,20260527,53.03,53.48,50.9,51.02,54.44,-3.42,-6.2821,2188465.73,11407670.101
002050.SZ,20260526,53.95,56.0,53.17,54.44,53.91,0.53,0.9831,2539357.24,13927527.757
002050.SZ,20260525,54.4,54.98,53.35,53.91,54.05,-0.14,-0.259,2034776.86,10975922.831
002050.SZ,20260522,52.51,54.15,51.7,54.05,52.83,1.22,2.3093,2324288.32,12369099.25
002050.SZ,20260521,51.09,54.48,50.7,52.83,50.55,2.28,4.5104,3075762.0,16231014.146
002050.SZ,20260520,51.7,51.72,50.22,50.55,52.33,-1.78,-3.4015,1570083.55,7967857.257
002050.SZ,20260519,53.0,53.8,51.82,52.33,52.92,-0.59,-1.1149,1465681.55,7701529.532
002050.SZ,20260518,52.0,53.83,51.3,52.92,52.06,0.86,1.6519,2198828.25,11603956.142
002050.SZ,20260515,49.28,53.77,49.25,52.06,49.43,2.63,5.3207,2886054.38,14956474.241
002050.SZ,20260514,51.7,52.06,49.38,49.43,51.5,-2.07,-4.0194,1523612.22,7721883.485
002050.SZ,20260513,50.4,51.67,49.6,51.5,50.92,0.58,1.139,1437170.14,7277939.385
002050.SZ,20260512,51.45,52.1,50.45,50.92,51.21,-0.29,-0.5663,1325642.17,6775326.452
002050.SZ,20260511,51.74,51.89,50.93,51.21,51.69,-0.48,-0.9286,1805482.71,9265318.213
002050.SZ,20260508,50.0,53.88,49.71,51.69,50.32,1.37,2.7226,2735313.9,14198905.867
002050.SZ,20260507,48.17,50.4,47.88,50.32,48.16,2.16,4.485,1957613.4,9730789.945
002050.SZ,20260506,46.92,48.6,46.6,48.16,46.92,1.24,2.6428,1590111.52,7628197.752
002050.SZ,20260430,44.69,47.37,44.58,46.92,44.82,2.1,4.6854,1644679.85,7670256.266
002050.SZ,20260429,43.9,45.08,43.78,44.82,44.16,0.66,1.4946,684562.8,3054568.789
002050.SZ,20260428,45.86,45.86,44.11,44.16,45.91,-1.75,-3.8118,876431.51,3923957.202
002050.SZ,20260427,44.87,46.23,44.6,45.91,44.94,0.97,2.1584,965683.44,4422983.974
002050.SZ,20260424,44.83,45.3,44.31,44.94,45.16,-0.22,-0.4872,699287.36,3132572.646
002050.SZ,20260423,46.09,46.1,44.44,45.16,46.09,-0.93,-2.0178,1142349.23,5161798.232
002050.SZ,20260422,45.8,46.16,45.48,46.09,46.11,-0.02,-0.0434,799533.23,3666857.107
002050.SZ,20260421,45.9,46.87,45.2,46.11,45.94,0.17,0.37,898007.47,4123020.362
002050.SZ,20260420,45.8,46.45,45.3,45.94,45.54,0.4,0.8783,820082.12,3770805.454
002050.SZ,20260417,45.4,45.93,45.03,45.54,45.78,-0.24,-0.5242,718523.32,3263459.711
002050.SZ,20260416,46.5,46.66,45.41,45.78,45.11,0.67,1.4853,924923.17,4243891.531
002050.SZ,20260415,46.18,46.48,44.82,45.11,45.54,-0.43,-0.9442,923333.83,4215295.419
002050.SZ,20260414,44.8,45.8,44.56,45.54,44.45,1.09,2.4522,902245.81,4084161.205
002050.SZ,20260413,44.2,44.74,44.01,44.45,44.87,-0.42,-0.936,605135.77,2686132.407
002050.SZ,20260410,44.21,45.85,44.2,44.87,43.78,1.09,2.4897,1043669.99,4704049.094
002050.SZ,20260409,43.67,44.16,43.2,43.78,44.28,-0.5,-1.1292,643807.12,2815482.171
002050.SZ,20260408,43.0,44.3,43.0,44.28,41.77,2.51,6.0091,1017518.49,4450094.241
002050.SZ,20260407,41.9,42.25,41.4,41.77,41.9,-0.13,-0.3103,399293.2,1670578.981
002050.SZ,20260403,43.0,43.42,41.88,41.9,42.81,-0.91,-2.1257,456836.79,1931114.288
002050.SZ,20260402,43.3,43.83,42.69,42.81,43.59,-0.78,-1.7894,579386.41,2505347.307
002050.SZ,20260401,43.34,44.0,43.05,43.59,42.53,1.06,2.4924,779857.6,3393458.358
002050.SZ,20260331,43.06,43.76,42.46,42.53,43.03,-0.5,-1.162,584809.63,2519371.033
002050.SZ,20260330,42.63,43.25,42.38,43.03,43.35,-0.32,-0.7382,537122.76,2301365.852
002050.SZ,20260327,43.0,43.75,42.7,43.35,43.87,-0.52,-1.1853,675599.3,2921087.647
002050.SZ,20260326,44.0,44.97,43.66,43.87,43.49,0.38,0.8738,1064730.18,4717158.434
002050.SZ,20260325,42.87,43.94,42.7,43.49,42.57,0.92,2.1611,834379.77,3621125.126
002050.SZ,20260324,43.55,43.68,41.14,42.57,43.0,-0.43,-1.0,959206.53,4042117.987
002050.SZ,20260323,43.8,44.95,42.72,43.0,44.23,-1.23,-2.7809,979048.4,4297983.577
002050.SZ,20260320,45.44,45.45,44.2,44.23,44.98,-0.75,-1.6674,576536.52,2585564.392
002050.SZ,20260319,45.6,45.7,44.69,44.98,46.41,-1.43,-3.0812,728155.93,3287793.666
002050.SZ,20260318,45.99,46.46,45.6,46.41,45.89,0.52,1.1331,518477.77,2387766.284
002050.SZ,20260317,47.0,47.4,45.87,45.89,46.67,-0.78,-1.6713,602055.38,2810410.571
002050.SZ,20260316,47.0,47.01,46.07,46.67,47.3,-0.63,-1.3319,551784.33,2564808.948
002050.SZ,20260313,48.21,48.35,47.18,47.3,48.78,-1.48,-3.034,709775.41,3382233.733
002050.SZ,20260312,48.18,48.97,47.81,48.78,48.21,0.57,1.1823,900299.32,4363157.54
002050.SZ,20260311,48.16,48.68,47.91,48.21,48.44,-0.23,-0.4748,671201.8,3243162.212
002050.SZ,20260310,47.64,48.75,47.55,48.44,46.99,1.45,3.0858,962013.51,4638541.371
002050.SZ,20260309,46.23,47.28,45.5,46.99,47.71,-0.72,-1.5091,905068.87,4179996.287
002050.SZ,20260306,47.34,48.09,47.11,47.71,47.59,0.12,0.2522,558878.25,2670556.478
002050.SZ,20260305,48.37,48.45,47.36,47.59,47.5,0.09,0.1895,755432.72,3611104.046
002050.SZ,20260304,45.95,47.97,45.8,47.5,46.58,0.92,1.9751,1090411.48,5124019.743
002050.SZ,20260303,49.39,49.88,46.49,46.58,49.4,-2.82,-5.7085,1474787.71,7052847.059
002050.SZ,20260302,49.9,50.46,49.36,49.4,51.21,-1.81,-3.5345,1302208.73,6472251.738
002050.SZ,20260227,51.68,51.93,51.12,51.21,51.94,-0.73,-1.4055,915694.84,4698511.778
002050.SZ,20260226,51.8,52.5,51.37,51.94,52.15,-0.21,-0.4027,981067.6,5089017.298
002050.SZ,20260225,52.74,52.8,51.3,52.15,52.73,-0.58,-1.0999,1306545.84,6770428.826
002050.SZ,20260224,55.02,55.02,52.36,52.73,53.48,-0.75,-1.4024,1426444.07,7576283.108
002050.SZ,20260213,52.15,53.9,51.91,53.48,52.67,0.81,1.5379,1307069.67,6977349.027
002050.SZ,20260212,52.0,53.1,51.77,52.67,52.16,0.51,0.9778,858743.66,4521258.483
002050.SZ,20260211,52.6,53.2,52.0,52.16,53.3,-1.14,-2.1388,972987.14,5102572.654
002050.SZ,20260210,51.58,53.9,51.15,53.3,51.58,1.72,3.3346,1851899.52,9752072.388
002050.SZ,20260209,51.7,51.79,51.01,51.58,51.12,0.46,0.8998,965102.39,4958475.649
002050.SZ,20260206,49.36,52.17,49.08,51.12,50.09,1.03,2.0563,1308063.27,6691040.679
002050.SZ,20260205,50.51,50.89,49.86,50.09,51.66,-1.57,-3.0391,919934.21,4625737.85
002050.SZ,20260204,51.9,51.99,51.06,51.66,52.33,-0.67,-1.2803,1106918.04,5694679.424
002050.SZ,20260203,50.94,52.33,50.11,52.33,50.74,1.59,3.1336,1627587.85,8399772.966
002050.SZ,20260202,50.42,52.69,50.37,50.74,50.94,-0.2,-0.3926,1818787.33,9358079.003
002050.SZ,20260130,50.09,51.98,49.3,50.94,50.07,0.87,1.7376,1787981.55,9054455.986
002050.SZ,20260129,51.5,51.75,50.01,50.07,51.41,-1.34,-2.6065,1364594.8,6905879.589
002050.SZ,20260128,51.95,52.2,51.1,51.41,52.27,-0.86,-1.6453,1220878.17,6287210.455
002050.SZ,20260127,51.99,52.67,50.78,52.27,51.94,0.33,0.6353,1646089.1,8533862.642
002050.SZ,20260126,54.04,54.89,51.8,51.94,54.04,-2.1,-3.886,2176727.57,11495842.189
002050.SZ,20260123,55.06,55.65,53.77,54.04,56.03,-1.99,-3.5517,2828333.98,15368857.612
002050.SZ,20260122,58.1,58.6,56.0,56.03,57.95,-1.92,-3.3132,2042848.8,11604960.718
002050.SZ,20260121,57.06,59.27,57.06,57.95,57.87,0.08,0.1382,1732829.6,10087492.32
002050.SZ,20260120,58.8,60.12,57.11,57.87,58.56,-0.69,-1.1783,2264147.62,13234869.334
002050.SZ,20260119,58.22,60.77,57.33,58.56,57.46,1.1,1.9144,2734994.06,16103344.492
002050.SZ,20260116,55.1,58.86,55.09,57.46,54.59,2.87,5.2574,2840671.39,16284917.316
002050.SZ,20260115,54.47,55.3,54.03,54.59,54.74,-0.15,-0.274,1484150.32,8100785.563
002050.SZ,20260114,56.31,57.64,54.35,54.86,57.15,-2.29,-4.007,3087789.1,17298989.993
002050.SZ,20260113,56.69,60.15,56.3,57.15,57.0,0.15,0.2632,2929986.38,17033868.714
002050.SZ,20260112,57.6,58.23,55.76,57.0,57.14,-0.14,-0.245,2779437.55,15827514.843
002050.SZ,20260109,54.21,57.88,54.18,57.14,54.37,2.77,5.0947,2799071.41,15843319.381
002050.SZ,20260108,55.3,55.88,54.0,54.37,55.75,-1.38,-2.4753,2138388.05,11739907.063
002050.SZ,20260107,55.8,57.6,54.3,55.75,56.84,-1.09,-1.9177,3314545.92,18491344.799
002050.SZ,20260106,55.99,58.88,55.58,56.84,56.28,0.56,0.995,3185183.75,18138552.018
002050.SZ,20260105,54.5,57.99,54.05,56.28,55.31,0.97,1.7538,3413471.09,19212148.092
002050.SZ,20251231,54.18,56.49,52.4,55.31,52.5,2.81,5.3524,4130749.87,22472647.843
002050.SZ,20251230,47.0,52.5,46.88,52.5,47.73,4.77,9.9937,2811100.83,14133714.654
002050.SZ,20251229,47.4,49.13,47.09,47.73,47.3,0.43,0.9091,2016341.95,9683861.719
002050.SZ,20251226,47.09,47.82,46.44,47.3,47.56,-0.26,-0.5467,1720363.11,8096430.505
002050.SZ,20251225,45.49,48.0,45.26,47.56,45.08,2.48,5.5013,2217163.97,10382557.564
002050.SZ,20251224,44.88,45.39,44.65,45.08,44.88,0.2,0.4456,889128.17,4010597.73
002050.SZ,20251223,45.79,45.79,44.7,44.88,45.42,-0.54,-1.1889,1331302.41,6002618.072
002050.SZ,20251222,44.05,45.92,43.8,45.42,43.47,1.95,4.4859,1801219.11,8100184.634
002050.SZ,20251219,43.35,44.18,43.34,43.47,42.88,0.59,1.3759,898476.91,3929064.536
002050.SZ,20251218,43.28,44.23,42.79,42.88,44.02,-1.14,-2.5897,928176.47,4027898.457
002050.SZ,20251217,43.13,44.16,43.07,44.02,42.87,1.15,2.6825,1094049.54,4781633.616
002050.SZ,20251216,43.51,44.06,42.71,42.87,43.54,-0.67,-1.5388,883805.37,3824940.526
002050.SZ,20251215,44.5,44.76,43.52,43.54,45.04,-1.5,-3.3304,1044105.13,4594101.491
002050.SZ,20251212,44.9,45.48,44.01,45.04,45.17,-0.13,-0.2878,1335925.54,5983037.126
002050.SZ,20251211,46.88,47.27,45.16,45.17,46.6,-1.43,-3.0687,1536219.3,7067701.535
002050.SZ,20251210,45.98,46.95,45.41,46.6,45.96,0.64,1.3925,1508337.95,6996366.778
002050.SZ,20251209,45.81,46.97,45.58,45.96,46.8,-0.84,-1.7949,1695814.45,7835680.866
002050.SZ,20251208,45.15,47.0,44.5,46.8,45.1,1.7,3.7694,2568680.79,11770969.462
002050.SZ,20251205,43.8,45.28,43.77,45.1,44.79,0.31,0.6921,2193634.93,9786379.536
002050.SZ,20251204,43.35,45.83,42.82,44.79,41.66,3.13,7.5132,3263720.79,14481556.409
002050.SZ,20251203,42.0,42.65,41.4,41.66,42.03,-0.37,-0.8803,762339.22,3186368.109
002050.SZ,20251202,43.36,43.37,41.77,42.03,43.79,-1.76,-4.0192,1357757.89,5765361.559
002050.SZ,20251201,43.1,44.17,42.99,43.79,42.98,0.81,1.8846,1306196.86,5711522.418
002050.SZ,20251128,42.36,43.42,42.0,42.98,42.79,0.19,0.444,1137915.48,4867661.775
002050.SZ,20251127,43.2,44.19,42.71,42.79,43.19,-0.4,-0.9261,1614517.09,7003745.594
002050.SZ,20251126,41.59,43.84,40.99,43.19,42.17,1.02,2.4188,2064341.65,8854635.476
002050.SZ,20251125,42.16,42.8,41.9,42.17,41.39,0.78,1.8845,1374282.79,5813677.757
002050.SZ,20251124,41.6,41.87,39.83,41.39,41.9,-0.51,-1.2172,1481396.4,6064777.126
002050.SZ,20251121,40.51,42.88,40.33,41.9,41.17,0.73,1.7731,2123859.83,8865881.839
002050.SZ,20251120,42.34,42.47,41.08,41.17,42.03,-0.86,-2.0462,1034844.79,4302588.814
002050.SZ,20251119,42.01,42.8,41.68,42.03,42.14,-0.11,-0.261,1033502.64,4355483.139
002050.SZ,20251118,41.93,42.6,41.5,42.14,41.85,0.29,0.693,1146175.36,4828623.866
002050.SZ,20251117,41.66,42.88,41.5,41.85,42.48,-0.63,-1.4831,1379428.16,5796973.485
002050.SZ,20251114,43.14,43.47,42.25,42.48,44.29,-1.81,-4.0867,1432178.91,6132791.7
002050.SZ,20251113,43.3,44.94,43.0,44.29,43.88,0.41,0.9344,1698686.38,7452680.458
002050.SZ,20251112,44.3,45.23,43.6,43.88,43.9,-0.02,-0.0456,1577205.79,6990763.427
002050.SZ,20251111,45.92,46.1,43.73,43.9,45.51,-1.61,-3.5377,2156745.07,9591868.412
002050.SZ,20251110,47.82,48.35,45.0,45.51,48.42,-2.91,-6.0099,2528674.13,11675561.541
002050.SZ,20251107,49.0,49.88,48.01,48.42,50.36,-1.94,-3.8523,2043134.86,9991363.347
002050.SZ,20251106,46.99,51.11,46.43,50.36,46.62,3.74,8.0223,2904362.86,14070360.347
002050.SZ,20251105,45.72,47.37,45.34,46.62,46.95,-0.33,-0.7029,1625670.43,7514152.755
002050.SZ,20251104,48.8,49.14,46.27,46.95,48.79,-1.84,-3.7713,1903613.71,8992197.942
002050.SZ,20251103,49.41,50.19,47.72,48.79,49.93,-1.14,-2.2832,2108252.67,10242353.796
002050.SZ,20251031,50.82,52.5,49.8,49.93,51.22,-1.29,-2.5185,2223244.25,11369306.685
002050.SZ,20251030,53.0,53.25,51.07,51.22,52.99,-1.77,-3.3403,2146064.62,11131161.104
002050.SZ,20251029,51.9,53.38,51.7,52.99,52.61,0.38,0.7223,2420215.49,12713249.001
002050.SZ,20251028,49.0,53.48,48.73,52.61,48.62,3.99,8.2065,3543885.86,18084854.309
002050.SZ,20251027,49.02,49.44,47.8,48.62,48.63,-0.01,-0.0206,2368096.09,11494807.453
002050.SZ,20251024,48.1,50.0,46.96,48.63,47.96,0.67,1.397,2598793.8,12570980.865
002050.SZ,20251023,46.99,48.34,46.4,47.96,48.1,-0.14,-0.2911,2013408.84,9551111.287
002050.SZ,20251022,46.08,48.7,45.92,48.1,46.93,1.17,2.4931,2487342.49,11801051.936
002050.SZ,20251021,46.0,47.44,45.3,46.93,46.1,0.83,1.8004,2484081.71,11580092.453
002050.SZ,20251020,45.0,47.44,44.05,46.1,43.32,2.78,6.4174,2860961.83,13186362.719
002050.SZ,20251017,43.68,44.89,42.01,43.32,42.92,0.4,0.932,2367881.84,10307481.528
002050.SZ,20251016,42.0,43.97,41.85,42.92,44.18,-1.26,-2.852,2343642.54,10060467.806
002050.SZ,20251015,40.39,44.18,39.7,44.18,40.16,4.02,10.01,2813527.97,11979556.742
002050.SZ,20251014,44.02,44.28,40.0,40.16,43.16,-3.0,-6.9509,2292316.05,9576922.022
002050.SZ,20251013,42.4,43.95,41.6,43.16,45.54,-2.38,-5.2262,2182789.29,9357956.9
002050.SZ,20251010,48.5,49.59,45.0,45.54,49.39,-3.85,-7.7951,2821653.03,13172376.501
002050.SZ,20251009,47.0,50.43,45.6,49.39,48.43,0.96,1.9822,2696672.9,13009009.113
002050.SZ,20250930,46.29,48.9,46.19,48.43,46.6,1.83,3.927,2390819.35,11410335.975
002050.SZ,20250929,43.58,47.39,43.55,46.6,43.12,3.48,8.0705,2827964.7,12894257.859
002050.SZ,20250926,43.13,45.15,43.0,43.12,44.05,-0.93,-2.1112,2032796.77,8954687.749
002050.SZ,20250925,44.99,45.4,42.82,44.05,44.55,-0.5,-1.1223,2129901.43,9375430.766
002050.SZ,20250924,44.0,44.78,42.77,44.55,45.03,-0.48,-1.066,2599258.48,11370714.196
002050.SZ,20250923,42.8,45.71,42.5,45.03,42.97,2.06,4.794,3322881.38,14718508.896
002050.SZ,20250922,41.87,43.46,41.71,42.97,41.65,1.32,3.1693,2631978.13,11211059.683
002050.SZ,20250919,43.4,43.9,41.0,41.65,45.55,-3.9,-8.562,3815907.84,16069807.392
002050.SZ,20250918,43.01,46.09,42.73,45.55,41.9,3.65,8.7112,4864579.15,21610523.782
002050.SZ,20250917,40.99,42.18,40.31,41.9,39.23,2.67,6.806,3681606.13,15151664.849
002050.SZ,20250916,36.18,39.23,35.96,39.23,35.66,3.57,10.0112,2380192.88,8960440.857
002050.SZ,20250915,34.8,36.88,34.45,35.66,34.5,1.16,3.3623,2290509.88,8213318.039
002050.SZ,20250912,35.01,35.75,34.5,34.5,34.76,-0.26,-0.748,1907029.04,6684477.989
002050.SZ,20250911,33.33,34.91,32.8,34.76,33.5,1.26,3.7612,2082405.7,7099437.416
002050.SZ,20250910,33.56,34.58,32.82,33.5,34.04,-0.54,-1.5864,2220986.28,7482643.241
002050.SZ,20250909,34.15,34.88,33.52,34.04,33.77,0.27,0.7995,3297950.27,11268115.591
002050.SZ,20250908,31.48,33.77,31.32,33.77,30.7,3.07,10.0,1110602.36,3699593.2
002050.SZ,20250905,29.7,30.84,29.4,30.7,29.79,0.91,3.0547,983197.38,2974872.905
002050.SZ,20250904,31.31,31.62,29.18,29.79,31.25,-1.46,-4.672,1456124.22,4404522.531
002050.SZ,20250903,32.88,32.97,30.88,31.25,33.0,-1.75,-5.303,1825256.57,5789739.714
002050.SZ,20250902,32.1,34.0,30.74,33.0,31.89,1.11,3.4807,2557175.88,8301432.215
002050.SZ,20250901,32.04,32.64,31.31,31.89,31.88,0.01,0.0314,1014271.31,3221433.557
002050.SZ,20250829,32.2,33.14,30.9,31.88,31.68,0.2,0.6313,1899429.23,6081170.724
002050.SZ,20250828,30.3,31.68,30.26,31.68,30.44,1.24,4.0736,1346834.31,4184424.46
002050.SZ,20250827,30.62,31.68,30.43,30.44,30.66,-0.22,-0.7175,1383016.86,4307877.438
002050.SZ,20250826,30.7,31.12,30.41,30.66,31.01,-0.35,-1.1287,975568.45,2995295.276
002050.SZ,20250825,31.14,31.57,30.56,31.01,30.88,0.13,0.421,1311663.91,4067227.833
002050.SZ,20250822,30.49,31.12,30.31,30.88,30.81,0.07,0.2272,1194525.66,3674401.509
002050.SZ,20250821,30.47,31.36,29.92,30.81,30.36,0.45,1.4822,1472475.14,4512674.418
002050.SZ,20250820,30.0,30.4,29.58,30.36,30.46,-0.1,-0.3283,1184540.11,3568888.123
002050.SZ,20250819,28.93,31.52,28.51,30.46,28.92,1.54,5.325,2247966.76,6747014.912
002050.SZ,20250818,28.77,29.22,28.3,28.92,28.53,0.39,1.367,1393984.73,4021840.962
002050.SZ,20250815,27.11,28.74,27.08,28.53,27.17,1.36,5.0055,1592534.6,4488057.44
002050.SZ,20250814,27.63,27.65,26.92,27.17,27.63,-0.46,-1.6649,739108.44,2021716.924
002050.SZ,20250813,26.93,27.68,26.8,27.63,26.91,0.72,2.6756,944371.84,2578035.467
002050.SZ,20250812,27.1,27.25,26.82,26.91,27.01,-0.1,-0.3702,496161.32,1339332.935
002050.SZ,20250811,26.89,27.26,26.85,27.01,26.85,0.16,0.5959,468430.87,1266446.422
002050.SZ,20250808,27.3,27.3,26.82,26.85,27.37,-0.52,-1.8999,471184.46,1270577.527
002050.SZ,20250807,27.7,27.78,27.15,27.37,27.65,-0.28,-1.0127,619436.51,1696376.581
002050.SZ,20250806,26.97,27.73,26.75,27.65,26.92,0.73,2.7117,981327.5,2686242.469
002050.SZ,20250805,26.9,27.0,26.64,26.92,26.86,0.06,0.2234,494882.96,1327717.174
002050.SZ,20250804,26.12,26.86,26.05,26.86,26.31,0.55,2.0905,498132.53,1322826.766
002050.SZ,20250801,26.46,26.85,26.12,26.31,26.45,-0.14,-0.5293,500225.47,1321260.75
002050.SZ,20250731,26.63,27.14,26.34,26.45,26.62,-0.17,-0.6386,625749.7,1675560.293
002050.SZ,20250730,27.1,27.11,26.49,26.62,27.16,-0.54,-1.9882,564584.42,1513255.639
002050.SZ,20250729,27.19,27.32,26.96,27.16,27.34,-0.18,-0.6584,458179.79,1242389.143
002050.SZ,20250728,27.48,27.87,27.21,27.34,27.07,0.27,0.9974,652270.66,1794736.265
002050.SZ,20250725,27.72,27.74,26.96,27.07,27.79,-0.72,-2.5909,830422.63,2259805.301
002050.SZ,20250724,27.28,27.91,27.28,27.79,27.46,0.33,1.2017,635150.46,1761800.605
002050.SZ,20250723,27.5,27.73,27.35,27.46,27.62,-0.16,-0.5793,565876.49,1555298.356
002050.SZ,20250722,27.57,27.95,27.31,27.62,27.8,-0.18,-0.6475,714800.18,1972366.158
002050.SZ,20250721,27.75,28.3,27.43,27.8,27.68,0.12,0.4335,845785.61,2352975.462
002050.SZ,20250718,27.9,27.91,27.47,27.68,27.9,-0.22,-0.7885,654970.14,1809365.25
002050.SZ,20250717,27.3,27.93,27.23,27.9,27.53,0.37,1.344,1019388.76,2822501.495
002050.SZ,20250716,26.6,28.17,26.57,27.53,26.7,0.83,3.1086,1609092.1,4418392.633
002050.SZ,20250715,25.98,26.7,25.78,26.7,25.87,0.83,3.2083,1270749.5,3340933.472
002050.SZ,20250714,25.7,26.08,25.56,25.87,25.75,0.12,0.466,588119.26,1520124.9
002050.SZ,20250711,25.45,25.98,25.3,25.75,25.42,0.33,1.2982,582379.27,1497211.162
002050.SZ,20250710,25.36,25.62,25.25,25.42,25.47,-0.05,-0.1963,311360.02,790100.888
002050.SZ,20250709,25.57,25.9,25.45,25.47,25.47,0.0,0.0,442476.92,1133849.23
002050.SZ,20250708,25.17,25.51,25.06,25.47,25.17,0.3,1.1919,365397.59,927955.022
002050.SZ,20250707,25.52,25.52,25.11,25.17,25.67,-0.5,-1.9478,476531.76,1201288.253
002050.SZ,20250704,25.87,25.99,25.52,25.67,25.96,-0.29,-1.1171,466026.59,1198996.763
002050.SZ,20250703,25.71,26.11,25.71,25.96,25.76,0.2,0.7764,355920.79,921548.083
002050.SZ,20250702,26.03,26.11,25.7,25.76,26.26,-0.5,-1.904,447409.48,1155921.563
002050.SZ,20250701,26.39,26.43,26.08,26.26,26.38,-0.12,-0.4549,378758.87,992745.372
002050.SZ,20250630,26.16,26.45,26.05,26.38,26.04,0.34,1.3057,502023.17,1320819.486
002050.SZ,20250627,26.25,26.34,25.98,26.04,26.12,-0.08,-0.3063,562881.54,1470714.197
002050.SZ,20250626,26.48,26.67,26.1,26.12,26.49,-0.37,-1.3968,823313.06,2165962.977
002050.SZ,20250625,26.15,26.5,25.82,26.49,25.7,0.79,3.0739,1068610.04,2807524.691
002050.SZ,20250624,24.8,25.72,24.79,25.7,24.5,1.2,4.898,1068793.71,2717474.77
002050.SZ,20250623,24.2,24.62,23.8,24.5,24.95,-0.45,-1.8036,757515.69,1843148.431
002050.SZ,20250620,25.8,25.85,24.74,24.95,26.12,-1.17,-4.4793,1073630.01,2702371.466
002050.SZ,20250619,25.49,26.84,25.36,26.12,25.48,0.64,2.5118,1395184.25,3676437.353
002050.SZ,20250618,25.14,25.58,25.02,25.48,25.22,0.26,1.0309,369060.93,935150.373
002050.SZ,20250617,25.4,25.66,25.18,25.22,25.38,-0.16,-0.6304,298446.95,755912.288
002050.SZ,20250616,25.15,25.41,25.08,25.38,25.26,0.12,0.4751,291465.95,737703.239
002050.SZ,20250613,25.6,25.77,25.2,25.26,25.88,-0.62,-2.3957,564789.04,1433422.701
002050.SZ,20250612,26.12,26.19,25.83,25.88,26.21,-0.33,-1.2591,437538.3,1136736.729
002050.SZ,20250611,26.08,26.56,26.0,26.21,25.93,0.28,1.0798,620379.9,1629961.567
002050.SZ,20250610,26.02,26.1,25.55,25.93,25.92,0.01,0.0386,479023.4,1236985.672
002050.SZ,20250609,26.14,26.14,25.8,25.92,26.15,-0.23,-0.8795,709824.53,1839570.106
002050.SZ,20250606,26.54,26.6,25.88,26.15,27.09,-0.94,-3.4699,947224.68,2471942.091
002050.SZ,20250605,26.48,27.25,25.92,27.09,26.18,0.91,3.4759,876765.3,2350056.862
002050.SZ,20250604,25.83,26.48,25.74,26.18,25.76,0.42,1.6304,420288.5,1097712.181
002050.SZ,20250603,25.58,25.91,25.46,25.76,25.85,-0.09,-0.3482,343391.14,883502.892
002050.SZ,20250530,26.34,26.39,25.64,25.85,26.57,-0.72,-2.7098,575410.8,1489992.884
002050.SZ,20250529,25.65,26.72,25.6,26.57,25.72,0.85,3.3048,782845.94,2069905.952
002050.SZ,20250528,25.68,26.19,25.5,25.72,25.63,0.09,0.3512,412165.18,1060884.782
002050.SZ,20250527,26.4,26.48,25.48,25.63,26.54,-0.91,-3.4288,799122.39,2056673.796
002050.SZ,20250526,26.9,27.08,26.3,26.54,27.09,-0.55,-2.0303,810364.26,2157065.877
002050.SZ,20250523,26.27,27.94,26.16,27.09,26.32,0.77,2.9255,1390183.54,3791304.178
002050.SZ,20250522,26.5,26.64,26.29,26.32,26.64,-0.32,-1.2012,365278.15,964775.522
002050.SZ,20250521,26.66,27.03,26.18,26.89,26.69,0.2,0.7493,517208.48,1376472.279
002050.SZ,20250520,26.54,26.97,26.27,26.69,26.66,0.03,0.1125,462666.79,1233301.657
002050.SZ,20250519,26.9,26.96,26.13,26.66,27.0,-0.34,-1.2593,490754.78,1299569.564
002050.SZ,20250516,26.58,27.4,26.52,27.0,26.71,0.29,1.0857,551254.16,1494755.599
002050.SZ,20250515,27.49,27.57,26.7,26.71,27.56,-0.85,-3.0842,560973.3,1509401.354
002050.SZ,20250514,27.5,27.95,27.16,27.56,27.57,-0.01,-0.0363,649593.39,1786379.435
002050.SZ,20250513,28.19,28.2,27.5,27.57,27.9,-0.33,-1.1828,753511.35,2099000.952
002050.SZ,20250512,27.39,28.1,27.35,27.9,26.59,1.31,4.9267,1087591.24,3015663.371
002050.SZ,20250509,27.12,27.5,26.42,26.59,27.05,-0.46,-1.7006,529228.13,1414172.368
002050.SZ,20250508,26.89,27.33,26.79,27.05,26.94,0.11,0.4083,572150.64,1545865.04
002050.SZ,20250507,27.98,28.05,26.66,26.94,27.32,-0.38,-1.3909,875582.67,2382803.703
002050.SZ,20250506,27.0,27.54,26.87,27.32,26.8,0.52,1.9403,982153.52,2673981.492
002050.SZ,20250430,26.58,27.08,26.01,26.8,26.04,0.76,2.9186,1185083.03,3159168.061
002050.SZ,20250429,25.56,26.29,25.4,26.04,25.56,0.48,1.8779,837129.99,2173340.056
002050.SZ,20250428,25.58,26.0,25.34,25.56,25.45,0.11,0.4322,639289.5,1639217.085
002050.SZ,20250425,25.31,25.95,25.3,25.45,25.21,0.24,0.952,606358.91,1554081.428
002050.SZ,20250424,25.83,25.99,25.13,25.21,25.83,-0.62,-2.4003,623487.42,1590025.559
002050.SZ,20250423,25.65,26.16,25.51,25.83,24.91,0.92,3.6933,1151047.98,2969291.283
002050.SZ,20250422,25.6,25.7,24.86,24.91,25.72,-0.81,-3.1493,758551.4,1904284.512
002050.SZ,20250421,24.01,26.09,23.77,25.72,24.08,1.64,6.8106,1113477.4,2801395.588
002050.SZ,20250418,23.96,24.16,23.7,24.08,23.98,0.1,0.417,351166.09,840603.68
002050.SZ,20250417,23.95,24.38,23.8,23.98,24.0,-0.02,-0.0833,393433.52,948666.393
002050.SZ,20250416,24.5,24.57,23.64,24.0,24.75,-0.75,-3.0303,757467.12,1821283.277
002050.SZ,20250415,25.05,25.8,24.6,24.75,24.81,-0.06,-0.2418,715690.69,1790628.356
002050.SZ,20250414,25.44,25.58,24.75,24.81,25.05,-0.24,-0.9581,900168.49,2255094.291
002050.SZ,20250411,23.98,25.35,23.8,25.05,24.4,0.65,2.6639,952185.8,2363266.906
002050.SZ,20250410,24.98,25.45,24.33,24.4,23.15,1.25,5.3996,1441631.81,3572761.853
002050.SZ,20250409,22.06,23.68,21.26,23.15,22.86,0.29,1.2686,1604445.91,3645813.153
002050.SZ,20250408,24.55,24.8,22.69,22.86,25.21,-2.35,-9.3217,1886004.36,4360752.695
002050.SZ,20250407,25.21,25.74,25.21,25.21,28.01,-2.8,-9.9964,454786.0,1151334.652
002050.SZ,20250403,28.17,28.86,27.94,28.01,28.84,-0.83,-2.8779,656633.11,1858099.864
002050.SZ,20250402,28.67,29.16,28.47,28.84,28.57,0.27,0.945,555691.09,1601720.378
002050.SZ,20250401,28.93,29.12,28.49,28.57,28.83,-0.26,-0.9018,515302.72,1480517.419
002050.SZ,20250331,29.45,29.55,28.37,28.83,29.67,-0.84,-2.8311,963376.48,2770758.122
002050.SZ,20250328,30.0,30.4,29.55,29.67,30.29,-0.62,-2.0469,801303.38,2390166.721
002050.SZ,20250327,29.31,31.1,29.03,30.29,29.48,0.81,2.7476,1542206.28,4694602.678
002050.SZ,20250326,29.0,30.23,29.0,29.48,29.22,0.26,0.8898,689926.89,2049976.852
002050.SZ,20250325,30.03,30.25,29.1,29.22,29.67,-0.45,-1.5167,531211.47,1571886.252
002050.SZ,20250324,29.7,29.77,29.0,29.67,29.48,0.19,0.6445,673622.31,1980191.955
002050.SZ,20250321,30.45,30.73,29.4,29.48,30.73,-1.25,-4.0677,990279.36,2949176.836
002050.SZ,20250320,30.5,31.33,30.06,30.73,30.32,0.41,1.3522,861816.39,2648310.407
002050.SZ,20250319,30.82,30.87,30.09,30.32,30.92,-0.6,-1.9405,742939.75,2256890.185
002050.SZ,20250318,31.4,31.48,30.66,30.92,31.31,-0.39,-1.2456,750670.26,2322835.922
002050.SZ,20250317,31.2,31.48,30.58,31.31,31.57,-0.26,-0.8236,862177.5,2682286.164
002050.SZ,20250314,29.4,32.2,29.27,31.57,29.47,2.1,7.1259,1816144.99,5667530.896
002050.SZ,20250313,30.45,30.55,29.19,29.47,30.35,-0.88,-2.8995,943937.63,2798331.871
002050.SZ,20250312,30.8,30.9,30.33,30.35,30.49,-0.14,-0.4592,686645.76,2099641.358
002050.SZ,20250311,30.49,31.12,30.09,30.49,31.6,-1.11,-3.5127,1222739.65,3730342.659
002050.SZ,20250310,32.09,32.15,31.34,31.6,31.7,-0.1,-0.3155,739549.77,2340511.113
002050.SZ,20250307,31.55,32.12,31.07,31.7,31.7,0.0,0.0,1017305.47,3222969.001
002050.SZ,20250306,31.53,32.57,31.4,31.7,31.25,0.45,1.44,1166341.44,3728047.718
002050.SZ,20250305,31.0,31.75,30.8,31.25,31.02,0.23,0.7415,846080.56,2638937.373
002050.SZ,20250304,30.1,31.88,30.1,31.02,30.52,0.5,1.6383,1400393.95,4339961.939
002050.SZ,20250303,30.5,31.1,29.62,30.52,30.32,0.2,0.6596,1211683.66,3683921.567
002050.SZ,20250228,31.83,31.83,30.16,30.32,32.42,-2.1,-6.4775,1748932.65,5399630.095
002050.SZ,20250227,34.24,34.46,31.51,32.42,34.72,-2.3,-6.6244,2276997.96,7475188.516
002050.SZ,20250226,33.7,35.97,33.63,34.72,34.0,0.72,2.1176,2008466.56,7038921.364
002050.SZ,20250225,32.8,34.5,32.6,34.0,33.57,0.43,1.2809,1453491.19,4897620.461
002050.SZ,20250224,34.3,35.29,32.89,33.57,34.35,-0.78,-2.2707,1693420.58,5731702.479
002050.SZ,20250221,33.74,35.18,33.65,34.35,34.03,0.32,0.9403,1523112.91,5220066.29
002050.SZ,20250220,34.45,34.87,33.8,34.03,34.59,-0.56,-1.619,1423697.29,4874710.437
002050.SZ,20250219,32.45,34.98,32.31,34.59,32.67,1.92,5.877,2022033.85,6879445.689
002050.SZ,20250218,33.06,33.88,32.41,32.67,33.37,-0.7,-2.0977,1396402.48,4612168.639
002050.SZ,20250217,32.05,33.4,32.05,33.37,31.97,1.4,4.3791,1815652.85,5962544.257
002050.SZ,20250214,32.31,32.5,31.67,31.97,32.4,-0.43,-1.3272,1173585.46,3753561.254
002050.SZ,20250213,33.0,33.62,32.24,32.4,33.23,-0.83,-2.4977,1442022.01,4730253.013
002050.SZ,20250212,32.21,33.56,31.34,33.23,33.9,-0.67,-1.9764,2038063.51,6658550.559
002050.SZ,20250211,33.78,35.1,33.54,33.9,34.14,-0.24,-0.703,1417439.81,4848153.513
002050.SZ,20250210,34.87,35.1,33.47,34.14,35.32,-1.18,-3.3409,1875920.87,6362410.977
002050.SZ,20250207,34.48,36.96,34.12,35.32,35.22,0.1,0.2839,2195269.4,7726750.463
002050.SZ,20250206,32.5,35.82,32.29,35.22,32.56,2.66,8.1695,2014045.91,6911092.512
002050.SZ,20250205,31.44,33.59,30.87,32.56,30.57,1.99,6.5096,1673002.41,5402117.588
002050.SZ,20250127,31.13,31.41,30.3,30.57,31.53,-0.96,-3.0447,1045779.44,3220127.513
002050.SZ,20250124,29.5,32.06,29.42,31.53,29.78,1.75,5.8764,1718694.25,5320087.836
002050.SZ,20250123,30.4,31.36,29.42,29.78,30.2,-0.42,-1.3907,1537928.24,4653134.871
002050.SZ,20250122,30.0,30.63,29.65,30.2,30.38,-0.18,-0.5925,1655235.44,4981239.381
002050.SZ,20250121,28.61,31.22,28.3,30.38,28.59,1.79,6.2609,2573342.31,7616230.314
002050.SZ,20250120,28.82,29.08,28.2,28.59,28.44,0.15,0.5274,1491574.19,4274621.099
002050.SZ,20250117,28.0,29.25,27.52,28.44,28.2,0.24,0.8511,1741764.34,4929489.642
002050.SZ,20250116,29.0,29.67,27.68,28.2,29.22,-1.02,-3.4908,2422718.82,6936167.891
002050.SZ,20250115,29.45,29.95,28.55,29.22,28.6,0.62,2.1678,2937542.16,8577200.136
002050.SZ,20250114,26.3,28.6,25.75,28.6,26.0,2.6,10.0,1814072.27,4948698.876
002050.SZ,20250113,27.2,27.71,25.76,26.0,26.7,-0.7,-2.6217,2612139.49,6970778.66
002050.SZ,20250110,25.66,27.59,25.66,26.7,25.08,1.62,6.4593,3390900.74,9039385.299
002050.SZ,20250109,22.67,25.08,22.61,25.08,22.8,2.28,10.0,1318165.25,3171948.401
601689.SH,20260702,57.7,59.8,56.66,56.75,56.98,-0.23,-0.4037,635094.85,3695975.46
601689.SH,20260701,56.42,57.88,55.88,56.98,56.42,0.56,0.9926,486902.53,2771594.378
601689.SH,20260630,53.08,57.1,52.35,56.42,52.35,4.07,7.7746,650114.32,3569921.035
601689.SH,20260629,52.45,53.27,51.16,52.35,52.75,-0.4,-0.7583,381231.76,1986368.395
601689.SH,20260626,56.1,56.1,52.72,52.75,56.31,-3.56,-6.3221,433079.83,2338599.841
601689.SH,20260625,57.8,59.28,56.0,56.31,58.2,-1.89,-3.2474,488949.98,2794143.309
601689.SH,20260624,58.51,59.65,57.0,58.2,58.02,0.18,0.3102,312755.8,1826242.615
601689.SH,20260623,59.5,60.28,58.0,58.02,60.19,-2.17,-3.6053,334098.49,1963215.828
601689.SH,20260622,61.78,61.88,58.11,60.19,62.3,-2.11,-3.3868,510234.02,3049616.209
601689.SH,20260618,59.84,62.86,59.84,62.3,60.11,2.19,3.6433,438987.05,2705768.016
601689.SH,20260617,60.77,61.7,59.9,60.11,60.73,-0.62,-1.0209,334720.19,2025055.928
601689.SH,20260616,61.5,61.87,60.22,60.73,61.7,-0.97,-1.5721,356421.97,2170925.928
601689.SH,20260615,60.88,61.7,60.26,61.7,60.62,1.08,1.7816,294869.67,1807024.231
601689.SH,20260612,62.3,63.29,60.18,60.62,61.38,-0.76,-1.2382,402931.69,2480571.151
601689.SH,20260611,62.11,63.35,60.95,61.38,63.21,-1.83,-2.8951,366751.49,2261793.097
601689.SH,20260610,66.48,67.38,62.85,63.21,67.75,-4.54,-6.7011,459079.54,2970490.503
601689.SH,20260609,68.7,68.7,65.8,67.75,68.1,-0.35,-0.514,488047.04,3251505.463
601689.SH,20260608,64.96,70.0,64.96,68.1,68.0,0.1,0.1471,667117.02,4556807.931
601689.SH,20260605,67.02,70.37,64.41,68.0,67.6,0.4,0.5917,759516.83,5090190.508
601689.SH,20260604,62.0,68.74,61.9,67.6,62.63,4.97,7.9355,694778.4,4636617.688
601689.SH,20260603,62.96,65.11,62.0,62.63,62.96,-0.33,-0.5241,400749.97,2553207.894
601689.SH,20260602,62.5,64.19,61.6,62.96,61.18,1.78,2.9094,407208.29,2561465.826
601689.SH,20260601,62.4,63.45,61.1,61.18,62.4,-1.22,-1.9551,316736.33,1970852.229
601689.SH,20260529,65.81,66.48,62.0,62.4,65.82,-3.42,-5.196,447259.11,2848135.743
601689.SH,20260528,67.98,68.2,64.44,65.82,67.45,-1.63,-2.4166,472125.24,3094617.189
601689.SH,20260527,69.3,69.88,67.09,67.45,71.09,-3.64,-5.1203,609495.44,4168592.004
601689.SH,20260526,71.88,74.85,69.83,71.09,71.89,-0.8,-1.1128,590697.54,4277707.684
601689.SH,20260525,73.0,73.1,71.2,71.89,72.05,-0.16,-0.2221,433600.45,3120765.889
601689.SH,20260522,72.0,72.57,70.4,72.05,72.12,-0.07,-0.0971,521466.24,3735908.669
601689.SH,20260521,70.8,74.68,69.91,72.61,70.2,2.41,3.433,812278.31,5916298.555
601689.SH,20260520,70.26,71.38,68.68,70.2,71.21,-1.01,-1.4183,435492.81,3047391.018
601689.SH,20260519,71.61,72.12,70.01,71.21,71.42,-0.21,-0.294,458660.59,3254797.484
601689.SH,20260518,70.0,72.88,69.49,71.42,69.93,1.49,2.1307,774581.4,5527074.106
601689.SH,20260515,65.08,71.59,64.7,69.93,65.08,4.85,7.4524,945203.92,6547783.677
601689.SH,20260514,67.55,67.8,65.03,65.08,67.09,-2.01,-2.996,368949.41,2451785.821
601689.SH,20260513,66.33,67.29,65.34,67.09,67.05,0.04,0.0597,369700.01,2449869.285
601689.SH,20260512,67.5,68.36,66.22,67.05,66.96,0.09,0.1344,385131.75,2588784.772
601689.SH,20260511,67.6,67.93,65.99,66.96,66.89,0.07,0.1046,486959.8,3246744.574
601689.SH,20260508,64.2,68.83,63.88,66.89,64.47,2.42,3.7537,721030.5,4838889.385
601689.SH,20260507,62.45,64.64,61.68,64.47,62.04,2.43,3.9168,496047.08,3165187.482
601689.SH,20260506,60.68,62.87,60.5,62.04,60.14,1.9,3.1593,436908.35,2707961.132
601689.SH,20260430,57.51,60.88,57.5,60.14,57.58,2.56,4.446,500977.73,3008513.672
601689.SH,20260429,56.05,57.87,56.02,57.58,56.67,0.91,1.6058,184844.62,1059337.01
601689.SH,20260428,58.33,58.5,56.51,56.67,58.81,-2.14,-3.6388,255586.32,1463718.346
601689.SH,20260427,56.7,59.5,56.56,58.81,56.76,2.05,3.6117,341476.65,1995121.083
601689.SH,20260424,57.6,57.81,56.0,56.76,57.97,-1.21,-2.0873,258758.18,1470979.106
601689.SH,20260423,59.5,59.5,57.29,57.97,59.67,-1.7,-2.849,384393.99,2233429.461
601689.SH,20260422,59.17,59.99,59.01,59.67,59.77,-0.1,-0.1673,254673.47,1513484.269
601689.SH,20260421,60.2,61.18,59.0,59.77,60.57,-0.8,-1.3208,315333.38,1883205.12
601689.SH,20260420,61.41,61.43,60.0,60.57,60.97,-0.4,-0.6561,277120.72,1681117.746
601689.SH,20260417,60.09,61.07,59.6,60.97,61.16,-0.19,-0.3107,277250.0,1675122.93
601689.SH,20260416,61.0,61.68,60.37,61.16,59.12,2.04,3.4506,433251.51,2645078.183
601689.SH,20260415,60.67,60.76,58.74,59.12,60.04,-0.92,-1.5323,267660.34,1601262.338
601689.SH,20260414,60.22,60.72,59.22,60.04,59.49,0.55,0.9245,275899.0,1652269.499
601689.SH,20260413,59.53,60.28,59.16,59.49,60.4,-0.91,-1.5066,215694.65,1286938.99
601689.SH,20260410,59.09,61.49,58.8,60.4,58.33,2.07,3.5488,351389.57,2126004.234
601689.SH,20260409,58.74,58.85,57.76,58.33,59.59,-1.26,-2.1144,215998.69,1259525.49
601689.SH,20260408,57.63,59.59,57.63,59.59,56.27,3.32,5.9001,345551.0,2035496.686
601689.SH,20260407,57.58,57.65,55.95,56.27,57.65,-1.38,-2.3938,202629.23,1147615.749
601689.SH,20260403,59.2,59.29,57.33,57.65,58.66,-1.01,-1.7218,162578.03,941461.217
601689.SH,20260402,59.21,60.4,58.35,58.66,58.68,-0.02,-0.0341,305269.89,1814453.457
601689.SH,20260401,57.97,59.19,57.9,58.68,56.8,1.88,3.3099,269166.4,1576025.549
601689.SH,20260331,57.49,58.97,56.8,56.8,57.4,-0.6,-1.0453,185230.35,1070661.45
601689.SH,20260330,56.71,57.67,56.41,57.4,57.79,-0.39,-0.6749,173234.88,989240.116
601689.SH,20260327,57.12,58.3,56.9,57.79,58.16,-0.37,-0.6362,206488.0,1190750.978
601689.SH,20260326,57.99,59.96,57.95,58.16,57.8,0.36,0.6228,365330.76,2151354.171
601689.SH,20260325,57.08,58.38,56.76,57.8,57.07,0.73,1.2791,347255.32,1997883.36
601689.SH,20260324,58.0,58.12,55.3,57.07,57.05,0.02,0.0351,264393.49,1488756.628
601689.SH,20260323,57.15,59.05,56.0,57.05,58.25,-1.2,-2.0601,280004.08,1611586.536
601689.SH,20260320,60.15,60.16,58.03,58.25,59.56,-1.31,-2.1995,225945.7,1332379.963
601689.SH,20260319,60.77,60.77,59.35,59.56,61.6,-2.04,-3.3117,198958.82,1194020.111
601689.SH,20260318,61.4,61.88,60.55,61.6,61.5,0.1,0.1626,186449.32,1139562.481
601689.SH,20260317,63.2,63.37,61.3,61.5,62.49,-0.99,-1.5843,166606.77,1038597.261
601689.SH,20260316,62.92,63.03,61.76,62.49,63.12,-0.63,-0.9981,170924.42,1063273.985
601689.SH,20260313,63.8,64.19,63.0,63.12,64.41,-1.29,-2.0028,147792.11,940164.252
601689.SH,20260312,64.6,65.53,63.93,64.41,64.85,-0.44,-0.6785,164545.0,1063576.311
601689.SH,20260311,65.18,65.85,64.47,64.85,65.16,-0.31,-0.4758,202270.6,1317111.189
601689.SH,20260310,64.1,65.49,64.1,65.16,63.21,1.95,3.085,253055.83,1640299.845
601689.SH,20260309,62.84,63.58,61.52,63.21,64.11,-0.9,-1.4038,220090.18,1369939.323
601689.SH,20260306,63.9,64.69,63.7,64.11,64.23,-0.12,-0.1868,140335.7,902399.001
601689.SH,20260305,64.8,64.96,63.88,64.23,63.67,0.56,0.8795,165251.06,1063948.297
601689.SH,20260304,63.23,64.41,63.0,63.67,63.99,-0.32,-0.5001,193777.01,1233857.108
601689.SH,20260303,66.63,67.58,63.79,63.99,66.69,-2.7,-4.0486,290404.64,1890786.238
601689.SH,20260302,66.0,67.36,65.85,66.69,67.82,-1.13,-1.6662,287002.27,1912393.414
601689.SH,20260227,69.0,69.2,67.44,67.82,69.27,-1.45,-2.0933,276120.6,1878088.965
601689.SH,20260226,70.0,70.12,68.86,69.27,69.99,-0.72,-1.0287,231649.99,1606192.061
601689.SH,20260225,70.31,70.89,69.33,69.99,70.38,-0.39,-0.5541,222922.99,1559167.411
601689.SH,20260224,73.29,73.38,70.0,70.38,72.01,-1.63,-2.2636,279228.72,1974420.041
601689.SH,20260213,71.85,73.23,71.5,72.01,72.52,-0.51,-0.7033,216968.53,1571952.268
601689.SH,20260212,70.95,73.48,70.18,72.52,71.6,0.92,1.2849,238491.68,1726579.552
601689.SH,20260211,72.25,72.25,71.36,71.6,72.54,-0.94,-1.2958,158554.3,1136704.413
601689.SH,20260210,72.71,73.55,71.35,72.54,72.7,-0.16,-0.2201,345902.83,2506567.996
601689.SH,20260209,73.56,73.59,72.05,72.7,72.6,0.1,0.1377,272152.1,1975130.821
601689.SH,20260206,69.0,74.48,68.81,72.6,69.44,3.16,4.5507,442956.33,3208856.149
601689.SH,20260205,70.81,70.85,69.0,69.44,71.45,-2.01,-2.8132,220491.28,1535374.277
601689.SH,20260204,72.0,72.5,70.8,71.45,72.46,-1.01,-1.3939,206569.61,1475002.594
601689.SH,20260203,70.96,72.46,69.3,72.46,70.09,2.37,3.3814,312061.99,2224201.149
601689.SH,20260202,71.71,73.33,70.0,70.09,72.18,-2.09,-2.8955,393049.09,2809762.174
601689.SH,20260130,71.51,73.74,70.41,72.18,72.07,0.11,0.1526,351498.02,2528433.703
601689.SH,20260129,75.08,75.35,72.02,72.07,74.24,-2.17,-2.923,320241.16,2336783.767
601689.SH,20260128,75.37,75.47,72.97,74.24,75.35,-1.11,-1.4731,316499.96,2343936.763
601689.SH,20260127,76.85,76.89,74.1,75.35,76.99,-1.64,-2.1301,426687.32,3222791.058
601689.SH,20260126,83.7,84.6,76.72,76.99,83.13,-6.14,-7.386,550307.46,4354096.963
601689.SH,20260123,82.4,84.59,80.01,83.13,81.94,1.19,1.4523,434155.35,3602535.178
601689.SH,20260122,83.05,83.62,81.23,81.94,83.42,-1.48,-1.7742,371280.85,3052274.129
601689.SH,20260121,81.64,85.5,81.4,83.42,82.09,1.33,1.6202,582917.48,4862233.428
601689.SH,20260120,79.8,84.11,79.64,82.09,78.57,3.52,4.4801,731004.49,6017000.554
601689.SH,20260119,76.0,80.9,74.66,78.57,74.69,3.88,5.1948,626497.02,4886691.016
601689.SH,20260116,72.79,75.88,72.77,74.69,72.4,2.29,3.163,456072.05,3402733.908
601689.SH,20260115,71.71,73.2,71.6,72.4,72.1,0.3,0.4161,223335.13,1619247.248
601689.SH,20260114,73.3,74.38,71.4,72.1,73.58,-1.48,-2.0114,449687.22,3274913.482
601689.SH,20260113,74.07,77.07,73.15,73.58,74.08,-0.5,-0.6749,458123.52,3433576.511
601689.SH,20260112,75.96,76.1,72.99,74.08,75.35,-1.27,-1.6855,499925.37,3708434.689
601689.SH,20260109,74.64,77.11,74.23,75.35,74.64,0.71,0.9512,403862.38,3064717.287
601689.SH,20260108,74.5,76.03,73.85,74.64,74.8,-0.16,-0.2139,295744.96,2214918.766
601689.SH,20260107,75.48,76.56,73.83,74.8,76.4,-1.6,-2.0942,397504.84,2985701.159
601689.SH,20260106,77.67,78.02,75.32,76.4,77.01,-0.61,-0.7921,399889.92,3065866.139
601689.SH,20260105,76.65,78.8,75.82,77.01,77.18,-0.17,-0.2203,399577.65,3096176.905
601689.SH,20251231,77.89,80.8,76.01,77.18,77.88,-0.7,-0.8988,485114.5,3771364.863
601689.SH,20251230,71.5,78.78,71.12,77.88,71.95,5.93,8.2418,535165.65,4030400.834
601689.SH,20251229,71.32,73.5,70.81,71.95,71.29,0.66,0.9258,312433.04,2256544.015
601689.SH,20251226,71.49,72.22,70.56,71.29,71.83,-0.54,-0.7518,257842.47,1838303.217
601689.SH,20251225,69.22,72.45,69.22,71.83,69.18,2.65,3.8306,361711.68,2567618.671
601689.SH,20251224,69.4,69.49,68.2,69.18,69.44,-0.26,-0.3744,175438.03,1212125.001
601689.SH,20251223,70.26,70.26,69.03,69.44,70.35,-0.91,-1.2935,198675.91,1381370.504
601689.SH,20251222,70.0,71.0,68.66,70.35,69.27,1.08,1.5591,373811.6,2611628.896
601689.SH,20251219,69.0,71.1,69.0,69.27,68.45,0.82,1.198,317691.3,2223098.563
601689.SH,20251218,68.14,70.98,67.17,68.45,69.15,-0.7,-1.0123,275614.31,1912911.443
601689.SH,20251217,67.4,70.48,67.3,69.15,67.0,2.15,3.209,315430.28,2187169.985
601689.SH,20251216,68.71,69.51,67.0,67.0,68.28,-1.28,-1.8746,230838.36,1571995.403
601689.SH,20251215,68.35,69.34,67.9,68.28,69.1,-0.82,-1.1867,229238.32,1570214.792
601689.SH,20251212,69.01,69.96,68.0,69.1,69.59,-0.49,-0.7041,435470.1,3006900.942
601689.SH,20251211,68.46,70.83,68.28,69.59,68.46,1.13,1.6506,446172.26,3114299.239
601689.SH,20251210,67.52,68.88,67.05,68.46,67.48,0.98,1.4523,268553.08,1825772.095
601689.SH,20251209,67.0,68.35,66.58,67.48,68.7,-1.22,-1.7758,277992.33,1873599.031
601689.SH,20251208,67.76,68.98,66.85,68.7,68.0,0.7,1.0294,358444.56,2439157.795
601689.SH,20251205,66.87,68.0,66.12,68.0,66.7,1.3,1.949,302655.86,2039124.366
601689.SH,20251204,67.99,68.5,65.77,66.7,64.53,2.17,3.3628,575075.72,3867088.684
601689.SH,20251203,64.7,65.66,64.24,64.53,64.28,0.25,0.3889,208486.17,1351370.473
601689.SH,20251202,65.6,65.9,63.72,64.28,65.9,-1.62,-2.4583,263482.05,1703263.565
601689.SH,20251201,63.8,66.27,63.27,65.9,63.01,2.89,4.5866,462795.42,3024736.176
601689.SH,20251128,62.35,63.4,61.33,63.01,62.27,0.74,1.1884,265523.46,1659711.744
601689.SH,20251127,62.8,63.85,62.06,62.27,62.81,-0.54,-0.8597,255761.93,1608622.694
601689.SH,20251126,61.2,63.69,60.6,62.81,61.58,1.23,1.9974,342075.0,2146712.07
601689.SH,20251125,62.25,62.94,61.3,61.58,61.35,0.23,0.3749,279185.52,1736499.32
601689.SH,20251124,60.34,61.99,59.09,61.35,60.32,1.03,1.7076,290730.42,1762709.082
601689.SH,20251121,58.3,61.68,58.3,60.32,59.82,0.5,0.8358,391484.8,2362397.996
601689.SH,20251120,60.8,61.1,59.68,59.82,60.47,-0.65,-1.0749,168570.11,1011884.211
601689.SH,20251119,60.92,61.27,60.18,60.47,60.94,-0.47,-0.7713,149179.55,904506.654
601689.SH,20251118,61.06,61.66,60.6,60.94,61.21,-0.27,-0.4411,184942.34,1130647.125
601689.SH,20251117,60.66,62.0,60.11,61.21,61.17,0.04,0.0654,208356.52,1273857.147
601689.SH,20251114,61.0,62.99,60.51,61.17,62.28,-1.11,-1.7823,255616.35,1571021.717
601689.SH,20251113,61.83,63.18,61.66,62.28,62.13,0.15,0.2414,258040.38,1608234.417
601689.SH,20251112,63.58,64.01,61.8,62.13,63.43,-1.3,-2.0495,297337.75,1864869.529
601689.SH,20251111,63.81,64.34,62.02,63.43,63.58,-0.15,-0.2359,384558.52,2429376.123
601689.SH,20251110,67.5,67.5,62.98,63.58,68.1,-4.52,-6.6373,624448.6,4016613.839
601689.SH,20251107,70.5,70.84,67.07,68.1,72.04,-3.94,-5.4692,637953.52,4353937.379
601689.SH,20251106,70.0,72.24,69.58,72.04,68.87,3.17,4.6029,465409.66,3313270.356
601689.SH,20251105,67.0,69.5,67.0,68.87,69.15,-0.28,-0.4049,303169.73,2075742.799
601689.SH,20251104,74.0,74.5,68.49,69.15,74.05,-4.9,-6.6172,623036.97,4387198.878
601689.SH,20251103,75.0,75.78,72.71,74.05,73.78,0.27,0.366,554514.86,4118649.947
601689.SH,20251031,69.0,75.88,68.79,73.78,70.26,3.52,5.01,868536.25,6394615.989
601689.SH,20251030,74.0,74.29,70.09,70.26,73.76,-3.5,-4.7451,527621.48,3766735.143
601689.SH,20251029,70.2,75.0,70.15,73.76,71.45,2.31,3.233,617322.62,4543181.516
601689.SH,20251028,70.21,72.83,69.5,71.45,70.05,1.4,1.9986,778354.44,5539901.913
601689.SH,20251027,71.4,71.63,67.81,70.05,70.65,-0.6,-0.8493,549426.73,3824057.025
601689.SH,20251024,69.89,71.79,67.99,70.65,68.71,1.94,2.8235,449621.59,3142963.649
601689.SH,20251023,68.5,69.5,67.51,68.71,71.1,-2.39,-3.3615,432025.23,2956023.597
601689.SH,20251022,69.25,74.0,69.25,71.1,70.02,1.08,1.5424,578119.02,4140077.095
601689.SH,20251021,68.2,71.4,66.86,70.02,68.07,1.95,2.8647,480313.19,3326966.629
601689.SH,20251020,67.37,69.2,66.18,68.07,65.68,2.39,3.6389,393607.39,2677580.422
601689.SH,20251017,67.8,68.2,65.38,65.68,68.24,-2.56,-3.7515,322403.98,2139934.162
601689.SH,20251016,65.72,69.2,65.6,68.24,68.16,0.08,0.1174,439479.26,2975239.425
601689.SH,20251015,64.94,69.64,63.77,68.16,64.94,3.22,4.9584,632545.99,4245438.164
601689.SH,20251014,70.5,70.9,64.45,64.94,69.18,-4.24,-6.1289,486420.61,3262013.666
601689.SH,20251013,68.0,69.93,67.1,69.18,72.8,-3.62,-4.9725,588600.09,4030089.243
601689.SH,20251010,78.7,79.98,72.23,72.8,79.5,-6.7,-8.4277,627256.41,4723643.741
601689.SH,20251009,78.0,81.3,76.28,79.5,80.99,-1.49,-1.8397,518002.69,4109267.958
601689.SH,20250930,79.68,81.7,79.05,80.99,80.52,0.47,0.5837,509345.39,4097836.9
601689.SH,20250929,75.5,81.63,75.4,80.52,74.68,5.84,7.82,762473.97,6038396.124
601689.SH,20250926,75.99,78.12,74.47,74.68,77.86,-3.18,-4.0843,482511.41,3677846.771
601689.SH,20250925,77.8,78.6,75.0,77.86,76.18,1.68,2.2053,564801.41,4354904.027
601689.SH,20250924,75.0,76.55,73.5,76.18,76.84,-0.66,-0.8589,535236.75,4018182.167
601689.SH,20250923,76.0,77.95,74.39,76.84,76.33,0.51,0.6682,631298.9,4825662.184
601689.SH,20250922,75.14,77.38,74.94,76.33,74.71,1.62,2.1684,572456.35,4359992.852
601689.SH,20250919,78.0,78.41,74.0,74.71,81.55,-6.84,-8.3875,1002113.75,7621665.441
601689.SH,20250918,81.7,86.88,78.25,81.55,79.0,2.55,3.2278,1206707.78,9954489.126
601689.SH,20250917,76.59,81.66,76.1,79.0,77.18,1.82,2.3581,1001545.23,7872253.212
601689.SH,20250916,73.2,78.72,71.73,77.18,71.68,5.5,7.673,1202125.98,8972660.147
601689.SH,20250915,67.5,73.87,66.8,71.68,67.15,4.53,6.7461,1189513.33,8544874.169
601689.SH,20250912,69.78,71.21,66.58,67.15,68.31,-1.16,-1.6981,761030.32,5229653.862
601689.SH,20250911,68.0,68.34,65.56,68.31,69.14,-0.83,-1.2005,1006457.63,6753087.323
601689.SH,20250910,70.0,73.37,68.77,69.14,69.65,-0.51,-0.7322,992527.41,7039989.533
601689.SH,20250909,66.0,72.45,65.47,69.65,68.19,1.46,2.1411,881490.78,6066964.841
601689.SH,20250908,65.98,69.73,65.9,68.19,63.39,4.8,7.5722,867324.01,5924433.992
601689.SH,20250905,61.0,63.94,60.8,63.39,61.78,1.61,2.606,521149.97,3275535.928
601689.SH,20250904,64.9,65.72,60.5,61.78,65.0,-3.22,-4.9538,743972.47,4655731.523
601689.SH,20250903,70.98,70.98,62.99,65.0,67.66,-2.66,-3.9314,1024478.77,6778720.97
601689.SH,20250902,62.08,67.66,60.82,67.66,61.51,6.15,9.9984,880702.0,5685415.082
601689.SH,20250901,63.3,64.5,61.11,61.51,62.61,-1.1,-1.7569,494034.72,3068080.155
601689.SH,20250829,59.94,64.56,58.69,62.61,58.69,3.92,6.6792,858782.81,5304377.99
601689.SH,20250828,57.8,59.25,56.75,58.69,58.01,0.68,1.1722,552950.26,3202859.618
601689.SH,20250827,59.29,61.95,58.0,58.01,59.26,-1.25,-2.1093,553805.46,3325889.656
601689.SH,20250826,58.0,60.23,57.8,59.26,58.58,0.68,1.1608,437528.92,2581695.694
601689.SH,20250825,59.2,61.2,58.0,58.58,58.8,-0.22,-0.3741,615249.9,3645732.53
601689.SH,20250822,56.0,59.28,56.0,58.8,55.95,2.85,5.0938,651275.56,3776455.164
601689.SH,20250821,55.0,58.04,53.72,55.95,54.9,1.05,1.9126,790986.19,4413554.753
601689.SH,20250820,54.22,54.9,53.69,54.9,54.79,0.11,0.2008,754923.07,4090750.889
601689.SH,20250819,49.88,54.79,49.27,54.79,49.81,4.98,9.998,1102592.05,5858276.236
601689.SH,20250818,49.1,50.35,48.4,49.81,48.85,0.96,1.9652,562360.09,2790949.477
601689.SH,20250815,46.61,49.07,46.58,48.85,46.81,2.04,4.358,592334.13,2864611.819
601689.SH,20250814,47.98,48.25,46.41,46.81,47.95,-1.14,-2.3775,376751.89,1779456.983
601689.SH,20250813,47.35,48.11,46.88,47.95,47.31,0.64,1.3528,356065.36,1693046.616
601689.SH,20250812,47.04,48.1,47.04,47.31,46.68,0.63,1.3496,308485.31,1464394.816
601689.SH,20250811,46.64,47.16,46.6,46.68,46.61,0.07,0.1502,222875.18,1044368.097
601689.SH,20250808,47.54,47.62,46.58,46.61,47.8,-1.19,-2.4895,226662.12,1062608.345
601689.SH,20250807,48.2,48.55,47.18,47.8,48.02,-0.22,-0.4581,271715.8,1297729.3
601689.SH,20250806,47.11,48.66,46.8,48.02,47.06,0.96,2.0399,407558.8,1949178.134
601689.SH,20250805,47.5,47.57,46.56,47.06,47.32,-0.26,-0.5495,213395.82,1001503.159
601689.SH,20250804,45.4,47.33,45.2,47.32,45.7,1.62,3.5449,295584.44,1367547.922
601689.SH,20250801,46.04,46.87,45.31,45.7,46.04,-0.34,-0.7385,209840.6,964095.633
601689.SH,20250731,46.56,47.37,45.9,46.04,46.56,-0.52,-1.1168,273739.34,1280485.274
601689.SH,20250730,47.39,47.48,46.3,46.56,47.59,-1.03,-2.1643,251255.93,1175675.987
601689.SH,20250729,47.82,48.28,47.39,47.59,47.66,-0.07,-0.1469,213063.82,1017114.621
601689.SH,20250728,47.58,48.91,47.5,47.66,47.16,0.5,1.0602,294537.84,1415728.49
601689.SH,20250725,48.41,48.44,46.8,47.16,48.9,-1.74,-3.5583,426799.96,2019771.786
601689.SH,20250724,47.9,49.48,47.8,48.9,48.12,0.78,1.6209,272653.12,1336788.186
601689.SH,20250723,48.08,48.62,47.77,48.12,48.4,-0.28,-0.5785,188888.16,910493.637
601689.SH,20250722,48.88,49.13,48.16,48.4,49.16,-0.76,-1.546,269612.99,1308442.035
601689.SH,20250721,49.41,50.3,48.68,49.16,48.95,0.21,0.429,342629.66,1688911.585
601689.SH,20250718,49.28,49.3,48.59,48.95,49.12,-0.17,-0.3461,276715.91,1353517.379
601689.SH,20250717,48.15,49.25,48.03,49.12,48.35,0.77,1.5926,407699.35,1990504.664
601689.SH,20250716,46.8,49.8,46.75,48.35,46.71,1.64,3.511,632238.5,3048417.442
601689.SH,20250715,44.76,47.18,44.61,46.71,44.61,2.1,4.7075,515360.14,2360933.823
601689.SH,20250714,44.4,44.76,44.0,44.61,44.16,0.45,1.019,233579.43,1038168.182
601689.SH,20250711,43.51,44.81,43.45,44.16,43.33,0.83,1.9155,305469.73,1351864.061
601689.SH,20250710,43.9,44.07,43.3,43.33,43.91,-0.58,-1.3209,215785.2,938900.128
601689.SH,20250709,44.67,45.18,43.88,43.91,44.32,-0.41,-0.9251,185380.98,824547.984
601689.SH,20250708,43.64,44.43,43.44,44.32,43.81,0.51,1.1641,169215.45,746352.029
601689.SH,20250707,44.58,44.6,43.56,43.81,44.89,-1.08,-2.4059,225258.4,988261.478
601689.SH,20250704,45.35,45.57,44.73,44.89,45.26,-0.37,-0.8175,169314.19,762720.869
601689.SH,20250703,45.53,46.17,45.12,45.26,45.32,-0.06,-0.1324,191713.93,870922.609
601689.SH,20250702,46.0,46.15,45.05,45.32,46.5,-1.18,-2.5376,235631.45,1072822.217
601689.SH,20250701,47.0,47.19,46.38,46.5,47.25,-0.75,-1.5873,172011.42,801711.638
601689.SH,20250630,46.84,47.7,46.58,47.25,46.72,0.53,1.1344,187681.06,886631.538
601689.SH,20250627,48.1,48.29,46.61,46.72,47.01,-0.29,-0.6169,233941.75,1102382.696
601689.SH,20250626,47.78,48.04,46.88,47.01,47.86,-0.85,-1.776,209257.82,991519.02
601689.SH,20250625,47.13,47.89,46.57,47.86,47.1,0.76,1.6136,238549.99,1129120.66
601689.SH,20250624,44.98,47.19,44.98,47.1,44.13,2.97,6.7301,386007.05,1792048.646
601689.SH,20250623,44.66,45.14,43.69,44.13,45.35,-1.22,-2.6902,272568.47,1204090.326
601689.SH,20250620,46.47,46.81,45.18,45.35,46.82,-1.47,-3.1397,171809.55,790329.931
601689.SH,20250619,46.41,48.14,46.2,46.82,46.31,0.51,1.1013,341988.85,1622439.444
601689.SH,20250618,45.1,47.0,44.52,46.31,45.29,1.02,2.2522,271640.43,1244343.453
601689.SH,20250617,45.8,46.13,45.12,45.29,46.41,-1.12,-2.4133,204714.54,932468.265
601689.SH,20250616,46.29,46.75,46.04,46.41,46.4,0.01,0.0216,147612.86,683514.974
601689.SH,20250613,47.1,47.55,46.22,46.4,47.47,-1.07,-2.2541,244427.3,1142486.78
601689.SH,20250612,47.8,48.55,47.53,47.99,48.0,-0.01,-0.0208,164584.75,792922.561
601689.SH,20250611,47.75,48.25,47.51,48.0,47.15,0.85,1.8028,212932.49,1021782.292
601689.SH,20250610,48.0,48.15,46.66,47.15,47.58,-0.43,-0.9037,191945.75,909823.534
601689.SH,20250609,47.96,48.14,47.36,47.58,48.15,-0.57,-1.1838,282809.72,1349741.934
601689.SH,20250606,48.8,48.8,45.5,48.15,50.0,-1.85,-3.7,361634.54,1723657.903
601689.SH,20250605,49.15,50.16,48.54,50.0,49.03,0.97,1.9784,193274.97,956702.671
601689.SH,20250604,48.48,49.35,48.24,49.03,48.46,0.57,1.1762,132973.98,649861.307
601689.SH,20250603,49.31,49.49,48.36,48.46,49.3,-0.84,-1.7039,200902.54,977940.675
601689.SH,20250530,50.39,50.41,49.27,49.3,50.6,-1.3,-2.5692,150850.74,748165.607
601689.SH,20250529,49.4,51.28,49.22,50.6,48.94,1.66,3.3919,259485.65,1313519.335
601689.SH,20250528,49.48,49.7,48.88,48.94,49.08,-0.14,-0.2852,133508.53,656874.369
601689.SH,20250527,50.05,50.23,49.01,49.08,50.25,-1.17,-2.3284,172950.59,852601.824
601689.SH,20250526,51.4,51.59,50.1,50.25,51.33,-1.08,-2.104,221070.28,1119637.139
601689.SH,20250523,50.75,53.19,50.61,51.33,50.85,0.48,0.944,375918.47,1958123.363
601689.SH,20250522,50.8,51.66,50.53,50.85,51.07,-0.22,-0.4308,149761.44,765241.944
601689.SH,20250521,51.34,51.61,50.35,51.07,51.53,-0.46,-0.8927,191710.42,975218.998
601689.SH,20250520,51.1,51.97,49.9,51.53,51.11,0.42,0.8218,205209.17,1045906.624
601689.SH,20250519,52.5,52.6,50.71,51.11,52.62,-1.51,-2.8696,238893.87,1224034.963
601689.SH,20250516,51.01,53.84,51.0,52.62,51.44,1.18,2.2939,350338.85,1854964.573
601689.SH,20250515,53.23,53.36,51.18,51.44,53.36,-1.92,-3.5982,241154.06,1246936.225
601689.SH,20250514,53.78,53.8,52.57,53.36,53.28,0.08,0.1502,229626.75,1221846.216
601689.SH,20250513,54.6,54.99,53.11,53.28,53.53,-0.25,-0.467,379521.42,2048157.571
601689.SH,20250512,53.0,53.66,52.42,53.53,50.88,2.65,5.2083,436078.7,2312077.782
601689.SH,20250509,52.4,52.47,50.5,50.88,52.38,-1.5,-2.8637,231109.71,1181575.899
601689.SH,20250508,52.01,52.78,51.67,52.38,52.45,-0.07,-0.1335,216198.33,1128870.212
601689.SH,20250507,55.0,55.55,51.85,52.45,53.41,-0.96,-1.7974,325977.87,1725939.481
601689.SH,20250506,53.0,54.16,52.84,53.41,52.25,1.16,2.2201,355915.24,1903981.338
601689.SH,20250430,49.72,52.54,49.5,52.25,51.39,0.86,1.6735,486251.54,2505876.698
601689.SH,20250429,50.66,51.9,50.33,51.39,50.62,0.77,1.5211,211677.31,1086636.244
601689.SH,20250428,51.31,52.1,50.51,50.62,51.31,-0.69,-1.3448,221658.03,1132709.993
601689.SH,20250425,51.2,52.2,50.5,51.31,50.96,0.35,0.6868,278168.77,1427426.372
601689.SH,20250424,51.8,52.07,50.76,50.96,51.79,-0.83,-1.6026,280329.36,1440556.525
601689.SH,20250423,51.0,52.11,50.35,51.79,48.96,2.83,5.7802,497408.94,2549328.397
601689.SH,20250422,49.9,50.12,48.93,48.96,50.13,-1.17,-2.3339,215630.96,1062962.622
601689.SH,20250421,46.6,50.55,46.4,50.13,46.95,3.18,6.7732,357411.06,1749217.729
601689.SH,20250418,47.1,47.28,46.48,46.95,46.92,0.03,0.0639,117487.35,551209.873
601689.SH,20250417,46.76,47.79,46.65,46.92,46.87,0.05,0.1067,189541.73,893947.579
601689.SH,20250416,48.94,48.94,46.02,46.87,48.56,-1.69,-3.4802,350379.32,1645572.915
601689.SH,20250415,50.0,51.22,48.31,48.56,49.07,-0.51,-1.0393,308703.13,1519092.153
601689.SH,20250414,50.72,50.74,48.86,49.07,49.54,-0.47,-0.9487,292595.42,1448778.587
601689.SH,20250411,47.9,50.38,47.47,49.54,48.19,1.35,2.8014,405300.4,1982438.462
601689.SH,20250410,48.9,50.11,48.16,48.19,45.55,2.64,5.7958,575476.27,2831926.187
601689.SH,20250409,43.5,46.18,42.43,45.55,45.86,-0.31,-0.676,751275.62,3344958.952
601689.SH,20250408,48.4,48.9,45.86,45.86,50.95,-5.09,-9.9902,508778.61,2369775.64
601689.SH,20250407,51.0,52.02,50.95,50.95,56.61,-5.66,-9.9982,127935.0,652512.55
601689.SH,20250403,57.6,59.19,56.5,56.61,58.44,-1.83,-3.1314,261106.07,1504883.247
601689.SH,20250402,57.42,58.79,57.42,58.44,57.38,1.06,1.8473,239517.48,1397037.152
601689.SH,20250401,58.08,58.57,57.25,57.38,57.77,-0.39,-0.6751,176017.57,1017140.999
601689.SH,20250331,58.43,59.21,56.33,57.77,59.03,-1.26,-2.1345,324949.75,1861322.016
601689.SH,20250328,59.4,59.85,58.77,59.03,59.59,-0.56,-0.9398,208283.78,1232925.959
601689.SH,20250327,58.01,60.78,57.6,59.59,58.68,0.91,1.5508,405372.07,2423561.618
601689.SH,20250326,57.54,60.0,57.53,58.68,57.93,0.75,1.2947,278576.38,1642759.338
601689.SH,20250325,60.33,60.67,57.58,57.93,59.15,-1.22,-2.0626,331914.33,1951829.504
601689.SH,20250324,58.51,59.85,57.8,59.15,58.5,0.65,1.1111,309002.45,1815069.008
601689.SH,20250321,60.51,61.47,58.15,58.5,61.33,-2.83,-4.6144,434008.77,2565673.266
601689.SH,20250320,60.23,63.03,59.31,61.33,59.97,1.36,2.2678,570190.22,3499575.564
601689.SH,20250319,60.4,61.23,59.27,59.97,60.8,-0.83,-1.3651,325686.49,1955981.839
601689.SH,20250318,62.05,62.15,60.4,60.8,61.91,-1.11,-1.7929,360324.27,2197139.954
601689.SH,20250317,64.1,64.1,61.5,61.91,63.78,-1.87,-2.932,541386.0,3384564.861
601689.SH,20250314,57.6,63.78,57.31,63.78,57.98,5.8,10.0034,581843.06,3572770.14
601689.SH,20250313,59.8,60.09,57.51,57.98,59.58,-1.6,-2.6855,286062.71,1670637.391
601689.SH,20250312,60.36,60.44,59.09,59.58,59.93,-0.35,-0.584,292544.26,1745827.603
601689.SH,20250311,60.82,61.64,59.0,59.93,63.09,-3.16,-5.0087,578866.24,3477400.433
601689.SH,20250310,64.7,65.16,62.54,63.09,63.93,-0.84,-1.3139,319072.85,2022166.65
601689.SH,20250307,63.3,65.34,62.86,63.93,63.53,0.4,0.6296,490446.54,3147592.039
601689.SH,20250306,62.96,64.04,62.7,63.53,62.26,1.27,2.0398,373915.15,2373896.281
601689.SH,20250305,62.0,63.1,61.57,62.26,62.28,-0.02,-0.0321,249273.08,1551456.483
601689.SH,20250304,61.99,63.77,61.21,62.28,62.04,0.24,0.3868,298918.74,1872473.629
601689.SH,20250303,63.16,64.0,61.48,62.04,63.16,-1.12,-1.7733,356243.8,2220843.647
601689.SH,20250228,67.01,67.01,63.0,63.16,67.01,-3.85,-5.7454,529197.21,3400151.303
601689.SH,20250227,71.55,72.36,65.67,67.01,72.5,-5.49,-7.5724,700047.66,4769240.556
601689.SH,20250226,70.65,76.2,70.36,72.5,72.09,0.41,0.5687,439122.17,3227408.102
601689.SH,20250225,69.8,72.68,69.2,72.09,71.38,0.71,0.9947,294202.18,2097237.465
601689.SH,20250224,73.2,74.26,70.3,71.38,73.15,-1.77,-2.4197,360944.36,2585870.874
601689.SH,20250221,71.97,74.95,71.43,73.15,72.2,0.95,1.3158,369066.43,2686340.72
601689.SH,20250220,72.0,74.75,71.16,72.2,73.19,-0.99,-1.3526,360607.28,2614861.336
601689.SH,20250219,69.3,73.86,68.89,73.19,69.19,4.0,5.7812,467277.29,3353827.191
601689.SH,20250218,70.55,70.87,68.88,69.19,70.59,-1.4,-1.9833,274815.17,1913750.967
601689.SH,20250217,68.72,70.83,67.86,70.59,68.72,1.87,2.7212,418687.7,2921581.485
601689.SH,20250214,69.74,69.74,67.24,68.72,68.9,-0.18,-0.2612,360552.91,2465022.22
601689.SH,20250213,69.62,71.6,68.7,68.9,69.5,-0.6,-0.8633,414005.94,2900215.551
601689.SH,20250212,68.0,70.33,66.03,69.5,69.69,-0.19,-0.2726,372523.28,2557300.754
601689.SH,20250211,68.73,70.8,68.16,69.69,69.89,-0.2,-0.2862,355888.73,2473728.088
601689.SH,20250210,71.99,72.5,68.0,69.89,73.21,-3.32,-4.5349,587635.52,4074812.526
601689.SH,20250207,74.9,76.21,71.46,73.21,74.73,-1.52,-2.034,531404.93,3918576.584
601689.SH,20250206,67.0,74.73,66.7,74.73,67.94,6.79,9.9941,496030.36,3557742.412
601689.SH,20250205,67.0,70.39,65.18,67.94,65.67,2.27,3.4567,455587.02,3085721.998
601689.SH,20250127,66.51,67.69,65.0,65.67,65.53,0.14,0.2136,311915.88,2062207.702
601689.SH,20250124,63.66,68.0,62.8,65.53,63.82,1.71,2.6794,425261.33,2782500.713
601689.SH,20250123,64.99,66.1,63.0,63.82,64.43,-0.61,-0.9468,384714.58,2475947.785
601689.SH,20250122,63.42,66.66,62.38,64.43,62.18,2.25,3.6185,645204.88,4155031.485
601689.SH,20250121,57.51,62.18,56.68,62.18,56.53,5.65,9.9947,394604.73,2349646.372
601689.SH,20250120,56.5,57.77,55.96,56.53,55.37,1.16,2.095,234433.08,1330130.135
601689.SH,20250117,56.25,56.25,54.25,55.37,55.88,-0.51,-0.9127,237220.9,1310118.475
601689.SH,20250116,56.97,57.04,55.12,55.88,56.25,-0.37,-0.6578,283577.25,1586926.842
601689.SH,20250115,57.05,57.5,55.71,56.25,58.0,-1.75,-3.0172,357232.88,2016814.624
601689.SH,20250114,52.43,58.0,52.18,58.0,53.1,4.9,9.2279,465946.84,2604651.997
601689.SH,20250113,52.0,55.5,51.88,53.1,53.0,0.1,0.1887,464227.62,2505707.843
601689.SH,20250110,51.38,56.49,51.12,53.0,51.38,1.62,3.153,616040.58,3316500.496
601689.SH,20250109,47.9,52.16,47.41,51.38,47.94,3.44,7.1756,375174.05,1879623.025
688698.SH,20260702,54.0,57.26,53.66,55.3,54.13,1.17,2.1615,94256.43,527759.563
688698.SH,20260701,52.57,55.44,51.89,54.13,52.45,1.68,3.2031,73219.64,396385.435
688698.SH,20260630,49.82,53.2,49.82,52.45,48.85,3.6,7.3695,66502.61,343147.811
688698.SH,20260629,49.6,49.86,47.55,48.85,49.19,-0.34,-0.6912,61872.91,301157.213
688698.SH,20260626,52.25,52.25,49.19,49.19,52.25,-3.06,-5.8565,72977.84,367011.031
688698.SH,20260625,54.0,54.63,52.0,52.25,54.13,-1.88,-3.4731,63330.03,334345.476
688698.SH,20260624,54.08,55.23,52.9,54.13,54.68,-0.55,-1.0059,64694.79,348711.937
688698.SH,20260623,57.32,57.32,54.23,54.68,56.95,-2.27,-3.986,63900.45,353626.154
688698.SH,20260622,59.47,59.75,55.37,56.95,59.73,-2.78,-4.6543,63522.26,362569.407
688698.SH,20260618,59.0,60.73,57.56,59.73,58.3,1.43,2.4528,66337.75,393181.861
688698.SH,20260617,59.36,60.0,58.06,58.3,59.33,-1.03,-1.7361,42183.19,247399.87
688698.SH,20260616,59.52,60.28,58.81,59.33,59.44,-0.11,-0.1851,47057.64,279880.238
688698.SH,20260615,59.14,59.99,58.13,59.44,59.2,0.24,0.4054,49242.02,290746.839
688698.SH,20260612,58.12,61.18,57.67,59.2,57.7,1.5,2.5997,77725.31,459853.652
688698.SH,20260611,59.1,59.51,56.34,57.7,59.75,-2.05,-3.431,64087.25,369466.216
688698.SH,20260610,64.0,64.51,59.06,59.75,64.67,-4.92,-7.6079,70684.61,430668.949
688698.SH,20260609,65.75,65.79,63.01,64.67,65.44,-0.77,-1.1767,49342.58,317901.236
688698.SH,20260608,63.66,68.5,63.38,65.44,66.16,-0.72,-1.0883,69880.41,464181.94
688698.SH,20260605,64.38,69.88,60.69,66.51,64.38,2.13,3.3085,101843.13,664334.798
688698.SH,20260604,63.83,66.88,63.01,64.38,64.54,-0.16,-0.2479,47436.32,309154.77
688698.SH,20260603,64.4,67.27,63.83,64.54,64.91,-0.37,-0.57,52637.77,345719.327
688698.SH,20260602,65.48,67.0,64.09,64.91,64.79,0.12,0.1852,54142.46,354010.139
688698.SH,20260601,67.49,69.36,64.57,64.79,67.5,-2.71,-4.0148,61660.48,410936.422
688698.SH,20260529,73.3,73.79,67.01,67.5,73.17,-5.67,-7.7491,70840.42,492015.936
688698.SH,20260528,76.0,76.12,71.72,73.17,75.89,-2.72,-3.5841,73673.14,539182.329
688698.SH,20260527,79.0,80.24,75.28,75.89,80.47,-4.58,-5.6916,85633.19,663526.962
688698.SH,20260526,80.48,82.75,79.3,80.47,78.96,1.51,1.9124,86274.9,699695.2
688698.SH,20260525,83.16,83.26,78.51,78.96,85.4,-6.44,-7.541,127828.96,1027352.374
688698.SH,20260522,83.54,85.68,81.7,85.4,84.24,1.16,1.377,106510.34,891186.008
688698.SH,20260521,81.0,87.25,79.18,84.24,81.59,2.65,3.2479,142877.09,1194264.613
688698.SH,20260520,76.6,82.42,75.88,81.59,78.1,3.49,4.4686,117486.7,936182.975
688698.SH,20260519,76.59,80.36,76.52,78.1,76.94,1.16,1.5077,97775.76,768336.931
688698.SH,20260518,75.57,78.41,74.5,76.94,75.56,1.38,1.8264,108023.51,830575.199
688698.SH,20260515,69.0,78.9,68.52,75.56,68.88,6.68,9.698,149554.13,1117439.926
688698.SH,20260514,72.09,72.9,68.88,68.88,71.71,-2.83,-3.9465,45471.64,320138.658
688698.SH,20260513,71.76,72.53,70.66,71.71,72.48,-0.77,-1.0624,50999.13,366371.294
688698.SH,20260512,73.66,74.35,72.01,72.48,73.23,-0.75,-1.0242,50622.18,369412.29
688698.SH,20260511,73.95,74.24,72.21,73.23,74.24,-1.01,-1.3605,65749.56,480609.824
688698.SH,20260508,72.57,75.84,72.21,74.24,72.98,1.26,1.7265,91632.89,682255.503
688698.SH,20260507,70.78,73.73,69.91,72.98,70.7,2.28,3.2249,70900.01,514707.436
688698.SH,20260506,68.0,71.88,67.6,70.7,68.24,2.46,3.6049,63898.32,448128.027
688698.SH,20260430,65.88,69.0,65.3,68.24,65.73,2.51,3.8187,53497.52,362110.226
688698.SH,20260429,63.8,66.5,63.67,65.73,64.21,1.52,2.3672,29939.41,196195.412
688698.SH,20260428,66.28,66.28,63.86,64.21,66.84,-2.63,-3.9348,36975.32,239633.428
688698.SH,20260427,65.98,67.6,64.51,66.84,65.92,0.92,1.3956,41244.81,274071.687
688698.SH,20260424,65.5,66.99,65.15,65.92,66.62,-0.7,-1.0507,36884.81,243450.923
688698.SH,20260423,69.15,69.29,65.7,66.62,69.43,-2.81,-4.0472,63296.61,422815.756
688698.SH,20260422,68.2,69.69,67.5,69.43,69.05,0.38,0.5503,44742.86,307605.254
688698.SH,20260421,68.47,70.88,67.29,69.05,68.7,0.35,0.5095,62056.42,425202.765
688698.SH,20260420,69.25,70.4,67.91,68.7,69.13,-0.43,-0.622,45883.72,317202.825
688698.SH,20260417,69.5,69.99,68.38,69.13,70.61,-1.48,-2.096,52101.69,360007.146
688698.SH,20260416,72.94,73.0,69.64,70.61,70.28,0.33,0.4696,78385.21,555908.996
688698.SH,20260415,71.77,73.18,70.12,70.28,70.88,-0.6,-0.8465,63871.3,458677.472
688698.SH,20260414,68.87,72.57,68.12,70.88,68.1,2.78,4.0822,63175.64,446003.89
688698.SH,20260413,68.0,69.49,67.81,68.1,68.69,-0.59,-0.8589,32546.1,222694.818
688698.SH,20260410,68.54,70.9,67.8,68.69,67.1,1.59,2.3696,44605.34,309417.634
688698.SH,20260409,68.49,68.49,66.98,67.1,69.33,-2.23,-3.2165,38053.51,257111.498
688698.SH,20260408,66.2,69.41,66.07,69.33,63.78,5.55,8.7018,49586.52,338626.739
688698.SH,20260407,62.7,65.72,62.7,63.78,63.28,0.5,0.7901,31729.32,204133.512
688698.SH,20260403,65.0,65.26,63.0,63.28,64.65,-1.37,-2.1191,31941.91,204645.561
688698.SH,20260402,67.72,67.8,64.21,64.65,68.07,-3.42,-5.0242,50724.2,332237.267
688698.SH,20260401,68.26,69.1,67.68,68.07,66.67,1.4,2.0999,39896.48,272371.774
688698.SH,20260331,68.02,69.59,66.67,66.67,68.0,-1.33,-1.9559,34097.38,231254.607
688698.SH,20260330,68.0,68.8,67.1,68.0,69.28,-1.28,-1.8476,41881.12,284290.657
688698.SH,20260327,66.47,70.45,65.56,69.28,67.38,1.9,2.8198,53242.62,365250.016
688698.SH,20260326,68.1,69.8,67.01,67.38,68.27,-0.89,-1.3036,45988.77,314336.614
688698.SH,20260325,64.65,68.66,64.65,68.27,64.4,3.87,6.0093,70608.3,474366.14
688698.SH,20260324,65.65,65.98,62.62,64.4,64.41,-0.01,-0.0155,35200.29,225397.193
688698.SH,20260323,65.8,68.49,63.7,64.41,66.69,-2.28,-3.4188,49926.3,330363.892
688698.SH,20260320,68.34,69.15,66.69,66.69,67.89,-1.2,-1.7676,37600.25,256088.412
688698.SH,20260319,69.26,69.89,67.7,67.89,70.62,-2.73,-3.8658,27817.47,190725.494
688698.SH,20260318,70.0,70.78,69.5,70.62,69.92,0.7,1.0011,20971.41,146993.471
688698.SH,20260317,71.35,71.77,69.81,69.92,70.98,-1.06,-1.4934,24444.22,173231.276
688698.SH,20260316,71.5,71.87,69.02,70.98,71.36,-0.38,-0.5325,32305.41,227193.444
688698.SH,20260313,72.39,73.53,71.35,71.36,72.9,-1.54,-2.1125,32237.93,233052.051
688698.SH,20260312,74.9,75.3,72.52,72.9,74.54,-1.64,-2.2002,31557.76,232215.019
688698.SH,20260311,76.91,77.0,74.38,74.54,76.52,-1.98,-2.5876,45770.41,345604.936
688698.SH,20260310,76.76,76.88,75.12,76.52,74.7,1.82,2.4364,52993.18,403087.813
688698.SH,20260309,73.5,75.81,72.0,74.7,75.81,-1.11,-1.4642,53225.73,392742.16
688698.SH,20260306,74.2,77.05,74.08,75.81,74.8,1.01,1.3503,50963.51,386682.636
688698.SH,20260305,76.0,76.5,73.7,74.8,74.84,-0.04,-0.0534,58246.02,436721.489
688698.SH,20260304,75.8,77.28,74.61,74.84,76.88,-2.04,-2.6535,51435.16,389335.126
688698.SH,20260303,82.14,82.14,76.8,76.88,81.61,-4.73,-5.7959,61949.6,485940.135
688698.SH,20260302,83.5,84.0,80.38,81.61,85.12,-3.51,-4.1236,72720.11,593603.644
688698.SH,20260227,84.51,86.4,84.2,85.12,85.52,-0.4,-0.4677,27631.09,235493.075
688698.SH,20260226,86.0,86.86,84.2,85.52,85.5,0.02,0.0234,31008.14,265339.623
688698.SH,20260225,83.6,86.36,83.03,85.5,83.75,1.75,2.0896,37860.44,321806.898
688698.SH,20260224,88.88,88.98,82.71,83.75,87.69,-3.94,-4.4931,57293.45,481332.573
688698.SH,20260213,88.68,89.68,86.8,87.69,90.2,-2.51,-2.7827,40408.21,356203.709
688698.SH,20260212,86.7,92.66,86.6,90.2,86.88,3.32,3.8214,48840.42,439646.37
688698.SH,20260211,93.8,93.8,86.87,86.88,94.15,-7.27,-7.7217,71159.27,634361.706
688698.SH,20260210,91.96,95.5,91.67,94.15,92.46,1.69,1.8278,48969.56,460439.774
688698.SH,20260209,92.97,92.98,90.26,92.46,91.46,1.0,1.0934,38351.64,352358.054
688698.SH,20260206,88.37,94.6,87.0,91.46,89.03,2.43,2.7294,54956.94,502458.988
688698.SH,20260205,88.88,90.2,87.5,89.03,89.21,-0.18,-0.2018,34867.74,309627.431
688698.SH,20260204,90.5,91.59,87.52,89.21,90.7,-1.49,-1.6428,42273.5,377263.163
688698.SH,20260203,92.45,92.98,87.53,90.7,90.17,0.53,0.5878,58010.8,518965.75
688698.SH,20260202,94.0,96.45,90.17,90.17,94.68,-4.51,-4.7634,54535.94,506773.553
688698.SH,20260130,89.97,96.5,89.2,94.68,90.19,4.49,4.9784,67792.01,631510.912
688698.SH,20260129,93.18,94.29,90.02,90.19,93.2,-3.01,-3.2296,51574.81,474859.59
688698.SH,20260128,100.95,100.98,92.12,93.2,100.67,-7.47,-7.4203,78598.54,742708.748
688698.SH,20260127,98.98,101.2,95.88,100.67,100.6,0.07,0.0696,68495.34,672974.301
688698.SH,20260126,110.0,111.08,99.66,100.6,111.0,-10.4,-9.3694,82215.66,852338.764
688698.SH,20260123,107.69,113.58,105.69,111.0,106.64,4.36,4.0885,70713.91,780223.012
688698.SH,20260122,108.0,108.88,104.0,106.64,108.28,-1.64,-1.5146,62593.4,661626.694
688698.SH,20260121,100.18,109.45,99.19,108.28,99.85,8.43,8.4427,109311.55,1153805.087
688698.SH,20260120,104.0,105.88,98.01,99.85,103.2,-3.35,-3.2461,61610.36,618559.36
688698.SH,20260119,99.96,108.0,96.8,103.2,98.83,4.37,4.4217,77332.49,791454.14
688698.SH,20260116,96.89,103.0,96.89,98.83,96.18,2.65,2.7553,71853.89,718709.992
688698.SH,20260115,97.34,99.61,94.61,96.18,99.22,-3.04,-3.0639,50810.45,490428.868
688698.SH,20260114,105.0,106.44,98.1,99.22,106.03,-6.81,-6.4227,84574.05,860375.604
688698.SH,20260113,103.89,106.61,101.12,106.03,103.85,2.18,2.0992,92470.62,965158.561
688698.SH,20260112,97.58,107.38,93.0,103.85,98.57,5.28,5.3566,107056.61,1068317.241
688698.SH,20260109,95.86,100.0,94.5,98.57,94.57,4.0,4.2297,82579.92,806601.392
688698.SH,20260108,95.4,96.82,93.5,94.57,96.06,-1.49,-1.5511,53049.89,502272.163
688698.SH,20260107,92.51,99.0,92.51,96.06,95.8,0.26,0.2714,67465.72,645221.911
688698.SH,20260106,98.31,99.99,94.36,95.8,98.05,-2.25,-2.2947,63233.71,607632.39
688698.SH,20260105,97.89,99.8,97.0,98.05,98.88,-0.83,-0.8394,61919.28,608205.649
688698.SH,20251231,100.07,101.0,97.12,98.88,103.55,-4.67,-4.5099,87024.57,860912.063
688698.SH,20251230,92.75,103.55,92.0,103.55,93.45,10.1,10.8079,123945.63,1196177.842
688698.SH,20251229,90.0,95.7,88.3,93.45,90.5,2.95,3.2597,101423.59,935841.279
688698.SH,20251226,84.7,95.3,84.55,90.5,83.68,6.82,8.1501,105169.32,951717.317
688698.SH,20251225,77.91,85.68,77.8,83.68,78.08,5.6,7.1721,81667.63,671310.527
688698.SH,20251224,76.26,78.23,74.66,78.08,75.66,2.42,3.1985,50333.86,388623.412
688698.SH,20251223,76.0,77.12,75.36,75.66,76.25,-0.59,-0.7738,38310.94,291200.138
688698.SH,20251222,78.64,79.74,75.57,76.25,78.64,-2.39,-3.0392,73199.84,560110.275
688698.SH,20251219,79.9,80.49,78.36,78.64,79.0,-0.36,-0.4557,29377.12,232634.009
688698.SH,20251218,82.0,83.94,79.0,79.0,82.69,-3.69,-4.4625,40321.96,326553.163
688698.SH,20251217,81.69,83.2,80.69,82.69,81.79,0.9,1.1004,32466.0,265956.808
688698.SH,20251216,83.8,84.47,80.62,81.79,83.6,-1.81,-2.1651,36967.77,302944.146
688698.SH,20251215,87.3,89.1,83.0,83.6,87.31,-3.71,-4.2492,46659.83,398151.399
688698.SH,20251212,89.03,91.5,85.01,87.31,90.0,-2.69,-2.9889,56357.23,497773.368
688698.SH,20251211,92.01,93.6,88.88,90.0,91.68,-1.68,-1.8325,40152.61,363039.883
688698.SH,20251210,88.0,92.98,86.02,91.68,88.25,3.43,3.8867,63031.11,567755.706
688698.SH,20251209,86.9,91.8,84.88,88.25,87.98,0.27,0.3069,64907.31,578054.679
688698.SH,20251208,86.12,89.22,82.43,87.98,88.25,-0.27,-0.3059,64614.21,552352.631
688698.SH,20251205,86.01,90.3,85.0,88.25,86.6,1.65,1.9053,71045.71,618646.552
688698.SH,20251204,87.0,91.98,86.11,86.6,83.25,3.35,4.024,84505.47,747892.241
688698.SH,20251203,85.48,86.66,83.0,83.25,85.91,-2.66,-3.0963,32870.69,275621.861
688698.SH,20251202,87.09,88.4,84.62,85.91,88.5,-2.59,-2.9266,44643.77,382983.553
688698.SH,20251201,85.5,90.68,85.5,88.5,86.4,2.1,2.4306,61807.89,545916.841
688698.SH,20251128,85.0,89.5,82.21,86.4,85.5,0.9,1.0526,61642.22,531515.775
688698.SH,20251127,86.06,87.33,84.01,85.5,86.68,-1.18,-1.3613,49510.19,422651.985
688698.SH,20251126,80.99,87.98,78.11,86.68,81.64,5.04,6.1734,75952.53,640738.7
688698.SH,20251125,85.02,86.15,81.06,81.64,83.78,-2.14,-2.5543,59138.6,494398.301
688698.SH,20251124,83.5,84.5,81.08,83.78,84.25,-0.47,-0.5579,53783.07,446157.202
688698.SH,20251121,76.0,86.9,75.19,84.25,77.2,7.05,9.1321,101079.02,824862.679
688698.SH,20251120,77.21,78.89,75.6,77.2,77.16,0.04,0.0518,32344.14,249350.98
688698.SH,20251119,76.66,78.0,75.66,77.16,76.1,1.06,1.3929,35756.49,275186.621
688698.SH,20251118,74.01,77.23,74.01,76.1,75.44,0.66,0.8749,39774.67,302587.87
688698.SH,20251117,70.8,76.78,69.5,75.44,71.06,4.38,6.1638,65332.24,491010.304
688698.SH,20251114,70.66,72.94,69.39,71.06,71.94,-0.88,-1.2232,37786.98,269012.846
688698.SH,20251113,71.0,72.79,70.6,71.94,71.19,0.75,1.0535,27640.57,198522.119
688698.SH,20251112,72.9,73.68,70.6,71.19,72.51,-1.32,-1.8204,27653.34,198706.004
688698.SH,20251111,73.51,74.51,71.67,72.51,73.0,-0.49,-0.6712,43840.45,318617.993
688698.SH,20251110,77.34,78.42,72.15,73.0,77.03,-4.03,-5.2317,65530.01,485763.925
688698.SH,20251107,80.8,81.61,76.4,77.03,82.3,-5.27,-6.4034,59961.47,466263.995
688698.SH,20251106,82.0,85.5,80.68,82.3,81.13,1.17,1.4421,62408.41,517618.818
688698.SH,20251105,77.6,82.58,77.6,81.13,79.51,1.62,2.0375,55533.45,450674.608
688698.SH,20251104,85.11,85.95,79.5,79.51,86.24,-6.73,-7.8038,67922.21,554261.9
688698.SH,20251103,86.5,89.48,84.57,86.24,86.22,0.02,0.0232,55603.5,483597.463
688698.SH,20251031,88.0,90.8,85.03,86.22,87.63,-1.41,-1.609,60618.28,534496.337
688698.SH,20251030,92.5,93.99,87.5,87.63,94.33,-6.7,-7.1027,67882.81,610496.57
688698.SH,20251029,86.01,95.5,85.28,94.33,88.75,5.58,6.2873,92798.98,837794.49
688698.SH,20251028,81.52,89.75,80.68,88.75,81.07,7.68,9.4733,100418.55,850424.395
688698.SH,20251027,82.33,85.0,79.02,81.07,82.33,-1.26,-1.5304,77249.66,626152.57
688698.SH,20251024,80.22,83.46,78.72,82.33,78.65,3.68,4.679,79593.95,646902.915
688698.SH,20251023,78.6,80.66,76.1,78.65,80.19,-1.54,-1.9204,76777.98,601227.918
688698.SH,20251022,77.84,81.08,76.01,80.19,77.0,3.19,4.1429,103811.98,820712.877
688698.SH,20251021,76.53,77.0,73.63,77.0,75.76,1.24,1.6367,49827.06,376608.467
688698.SH,20251020,76.68,77.77,74.97,75.76,74.29,1.47,1.9787,33425.19,255279.543
688698.SH,20251017,79.0,79.5,74.07,74.29,78.5,-4.21,-5.3631,45690.13,346355.016
688698.SH,20251016,79.2,79.9,77.58,78.5,80.45,-1.95,-2.4239,41264.33,324035.61
688698.SH,20251015,78.59,80.9,77.33,80.45,78.5,1.95,2.4841,60616.41,480678.098
688698.SH,20251014,85.0,85.5,78.1,78.5,84.01,-5.51,-6.5587,70429.34,570284.309
688698.SH,20251013,83.39,88.67,81.8,84.01,90.48,-6.47,-7.1508,99443.65,838645.403
688698.SH,20251010,91.28,94.84,89.49,90.48,91.21,-0.73,-0.8004,56717.09,519381.299
688698.SH,20251009,97.1,98.35,90.83,91.21,95.2,-3.99,-4.1912,65298.28,615190.724
688698.SH,20250930,88.03,97.22,88.03,95.35,88.78,6.57,7.4003,83095.68,771688.422
688698.SH,20250929,85.3,90.5,84.23,88.78,84.88,3.9,4.5947,61902.91,541973.35
688698.SH,20250926,90.5,91.5,84.88,84.88,90.3,-5.42,-6.0022,83199.99,725879.812
688698.SH,20250925,91.5,94.69,88.2,90.3,92.36,-2.06,-2.2304,64583.31,585998.944
688698.SH,20250924,85.59,93.58,84.3,92.36,86.0,6.36,7.3953,98167.8,880907.886
688698.SH,20250923,85.65,87.78,83.5,86.0,86.51,-0.51,-0.5895,75006.14,641998.635
688698.SH,20250922,75.9,86.72,75.9,86.51,75.82,10.69,14.0992,114495.85,945944.978
688698.SH,20250919,75.97,79.5,74.0,75.82,77.8,-1.98,-2.545,106980.89,823538.089
688698.SH,20250918,75.0,81.61,74.5,77.8,72.2,5.6,7.7562,170573.1,1321934.274
688698.SH,20250917,70.27,74.95,69.17,72.2,69.08,3.12,4.5165,119030.78,862650.576
688698.SH,20250916,63.43,70.74,62.91,69.08,62.7,6.38,10.1754,134730.37,906131.964
688698.SH,20250915,62.5,64.99,62.1,62.7,62.28,0.42,0.6744,71077.77,450931.41
688698.SH,20250912,64.0,64.69,61.92,62.28,64.07,-1.79,-2.7938,76322.63,482318.147
688698.SH,20250911,62.45,64.9,61.1,64.07,62.7,1.37,2.185,102674.23,648403.533
688698.SH,20250910,57.1,65.9,57.1,62.7,58.05,4.65,8.0103,160615.21,996327.102
688698.SH,20250909,56.4,58.85,55.3,58.05,56.0,2.05,3.6607,106228.05,607917.997
688698.SH,20250908,52.8,56.66,52.8,56.0,52.98,3.02,5.7003,85497.84,472384.397
688698.SH,20250905,51.51,53.19,50.66,52.98,51.39,1.59,3.094,48146.55,252027.785
688698.SH,20250904,54.42,55.5,50.41,51.39,54.4,-3.01,-5.5331,67705.45,357556.149
688698.SH,20250903,56.41,57.93,53.68,54.4,55.63,-1.23,-2.211,77351.67,430654.605
688698.SH,20250902,54.65,58.2,51.03,55.63,54.65,0.98,1.7932,113103.41,613548.271
688698.SH,20250901,55.33,56.97,54.23,54.65,55.81,-1.16,-2.0785,51198.93,281209.599
688698.SH,20250829,55.82,58.07,54.2,55.81,55.81,0.0,0.0,59850.09,334741.264
688698.SH,20250828,57.51,57.81,54.01,55.81,58.0,-2.19,-3.7759,85424.58,475776.622
688698.SH,20250827,58.65,60.8,58.0,58.0,58.99,-0.99,-1.6783,79047.31,471352.204
688698.SH,20250826,58.5,61.66,58.2,58.99,59.0,-0.01,-0.0169,117431.09,706487.853
688698.SH,20250825,58.5,62.18,57.45,59.0,55.8,3.2,5.7348,130180.07,770445.466
688698.SH,20250822,52.54,57.5,52.27,55.8,52.22,3.58,6.8556,108840.83,596352.727
688698.SH,20250821,54.19,54.88,52.1,52.22,54.6,-2.38,-4.359,79631.41,422209.389
688698.SH,20250820,55.0,56.6,53.6,54.6,57.0,-2.4,-4.2105,83197.94,455300.993
688698.SH,20250819,55.0,57.99,52.76,57.0,55.4,1.6,2.8881,125584.92,691221.758
688698.SH,20250818,58.43,58.43,55.2,55.4,56.83,-1.43,-2.5163,59940.26,337184.409
688698.SH,20250815,55.0,57.16,54.9,56.83,55.4,1.43,2.5812,45251.8,255145.84
688698.SH,20250814,55.0,56.49,53.9,55.4,55.2,0.2,0.3623,48464.18,267541.555
688698.SH,20250813,54.1,55.75,53.5,55.2,54.3,0.9,1.6575,36045.3,197138.571
688698.SH,20250812,54.94,55.0,53.33,54.3,54.97,-0.67,-1.2188,32053.56,173324.084
688698.SH,20250811,55.01,55.85,54.41,54.97,55.35,-0.38,-0.6865,35261.43,193276.928
688698.SH,20250808,57.55,57.55,54.5,55.35,57.21,-1.86,-3.2512,45612.11,252463.684
688698.SH,20250807,57.25,57.5,56.23,57.21,57.21,0.0,0.0,48812.85,277931.193
688698.SH,20250806,53.99,57.35,53.53,57.21,54.29,2.92,5.3785,68536.47,383384.328
688698.SH,20250805,55.15,55.6,53.62,54.29,54.46,-0.17,-0.3122,36367.38,197899.41
688698.SH,20250804,52.64,54.66,52.37,54.46,52.62,1.84,3.4968,34867.72,186720.439
688698.SH,20250801,53.99,54.5,52.01,52.62,53.37,-0.75,-1.4053,26085.74,138108.048
688698.SH,20250731,53.63,54.89,52.85,53.37,53.79,-0.42,-0.7808,30893.17,166962.683
688698.SH,20250730,54.0,54.36,53.44,53.79,54.17,-0.38,-0.7015,30575.54,164884.384
688698.SH,20250729,55.05,55.82,53.62,54.17,55.23,-1.06,-1.9192,44124.22,240061.949
688698.SH,20250728,56.11,57.5,55.18,55.23,56.0,-0.77,-1.375,28792.28,160432.21
688698.SH,20250725,56.0,57.0,54.68,56.0,56.35,-0.35,-0.6211,35164.42,194733.089
688698.SH,20250724,55.6,58.57,55.51,56.35,55.6,0.75,1.3489,63233.44,361312.887
688698.SH,20250723,53.32,56.7,52.75,55.6,53.72,1.88,3.4996,69854.51,385990.921
688698.SH,20250722,54.0,54.85,52.67,53.72,55.18,-1.46,-2.6459,56822.74,306012.803
688698.SH,20250721,54.62,57.03,53.89,55.18,54.87,0.31,0.565,83885.54,464107.753
688698.SH,20250718,54.3,54.95,53.15,54.87,54.21,0.66,1.2175,84281.88,455600.516
688698.SH,20250717,53.0,56.14,52.4,54.21,52.28,1.93,3.6917,146419.01,794876.692
688698.SH,20250716,46.09,53.8,45.88,52.28,45.87,6.41,13.9743,125157.31,636246.725
688698.SH,20250715,46.55,46.55,45.08,45.87,46.3,-0.43,-0.9287,30081.05,137670.986
688698.SH,20250714,45.92,46.74,45.5,46.3,45.51,0.79,1.7359,26359.31,121826.123
688698.SH,20250711,44.75,46.1,44.3,45.51,44.69,0.82,1.8349,25886.93,117168.374
688698.SH,20250710,44.56,44.99,44.15,44.69,44.41,0.28,0.6305,16819.69,74963.528
688698.SH,20250709,45.7,46.5,44.4,44.41,45.31,-0.9,-1.9863,38880.65,176169.278
688698.SH,20250708,44.42,45.58,44.3,45.31,44.56,0.75,1.6831,14813.13,66813.445
688698.SH,20250707,45.3,45.3,44.32,44.56,44.92,-0.36,-0.8014,9711.52,43276.181
688698.SH,20250704,45.41,45.76,44.83,44.92,45.51,-0.59,-1.2964,18779.78,84776.773
688698.SH,20250703,45.42,45.95,45.28,45.51,45.43,0.08,0.1761,9634.39,43896.076
688698.SH,20250702,46.41,46.5,45.1,45.43,46.57,-1.14,-2.4479,19097.95,87200.188
688698.SH,20250701,46.95,47.43,46.44,46.57,47.2,-0.63,-1.3347,16561.57,77446.496
688698.SH,20250630,46.27,47.47,46.06,47.2,46.22,0.98,2.1203,21615.95,101526.894
688698.SH,20250627,46.55,46.94,45.9,46.22,46.55,-0.33,-0.7089,17175.61,79695.548
688698.SH,20250626,47.19,47.78,46.41,46.55,47.19,-0.64,-1.3562,22643.01,106664.74
688698.SH,20250625,46.63,47.67,46.08,47.19,46.3,0.89,1.9222,27973.79,131619.355
688698.SH,20250624,43.02,46.37,43.01,46.3,43.3,3.0,6.9284,38582.93,175493.885
688698.SH,20250623,42.63,43.47,42.3,43.3,42.8,0.5,1.1682,14738.54,63678.818
688698.SH,20250620,46.27,46.38,42.71,42.8,46.24,-3.44,-7.4394,49064.44,215804.947
688698.SH,20250619,46.5,47.78,46.02,46.24,46.79,-0.55,-1.1755,30804.86,144746.039
688698.SH,20250618,45.74,46.9,45.11,46.79,46.08,0.71,1.5408,24614.48,113419.721
688698.SH,20250617,45.89,47.22,44.95,46.08,45.37,0.71,1.5649,34074.17,156717.939
688698.SH,20250616,45.8,46.39,45.25,45.37,46.1,-0.73,-1.5835,22240.39,101560.564
688698.SH,20250613,47.01,47.45,46.0,46.1,47.3,-1.2,-2.537,31630.65,147563.656
688698.SH,20250612,46.71,47.84,46.22,47.3,45.89,1.41,3.0726,44348.59,209471.391
688698.SH,20250611,45.8,46.34,45.29,45.89,45.52,0.37,0.8128,14855.05,68235.411
688698.SH,20250610,46.46,46.46,44.7,45.52,46.29,-0.77,-1.6634,26337.47,119697.118
688698.SH,20250609,46.75,47.47,46.11,46.29,46.48,-0.19,-0.4088,20027.78,93535.581
688698.SH,20250606,47.35,47.47,46.2,46.48,47.29,-0.81,-1.7128,17142.91,79852.652
688698.SH,20250605,46.18,47.92,45.77,47.56,46.12,1.44,3.1223,31282.99,146789.518
688698.SH,20250604,46.39,46.54,45.81,46.12,46.24,-0.12,-0.2595,18581.66,85741.169
688698.SH,20250603,46.05,47.08,45.78,46.24,46.5,-0.26,-0.5591,23649.73,109653.275
688698.SH,20250530,46.66,46.84,45.82,46.5,47.1,-0.6,-1.2739,20750.48,96097.873
688698.SH,20250529,45.72,47.22,45.45,47.1,45.74,1.36,2.9733,31534.62,146323.112
688698.SH,20250528,46.13,46.77,45.49,45.74,46.13,-0.39,-0.8454,20631.41,94837.452
688698.SH,20250527,46.68,46.9,45.7,46.13,46.42,-0.29,-0.6247,32333.39,149546.786
688698.SH,20250526,46.87,46.87,45.72,46.42,46.86,-0.44,-0.939,22260.32,102669.342
688698.SH,20250523,47.08,48.67,46.71,46.86,47.57,-0.71,-1.4925,32806.8,156252.846
688698.SH,20250522,48.9,49.8,47.17,47.57,47.91,-0.34,-0.7097,28289.68,136250.614
688698.SH,20250521,48.47,48.55,47.32,47.91,49.0,-1.09,-2.2245,25998.48,124536.517
688698.SH,20250520,46.66,49.87,46.21,49.0,46.66,2.34,5.015,61437.69,299227.21
688698.SH,20250519,47.9,48.15,45.68,46.66,48.15,-1.49,-3.0945,39174.77,181935.562
688698.SH,20250516,47.3,49.35,47.18,48.15,47.3,0.85,1.797,52205.35,253630.946
688698.SH,20250515,49.28,49.31,47.08,47.3,49.34,-2.04,-4.1346,42634.98,203178.12
688698.SH,20250514,50.19,50.7,48.95,49.34,50.22,-0.88,-1.7523,41129.51,204418.996
688698.SH,20250513,51.66,51.88,50.03,50.22,50.98,-0.76,-1.4908,34862.45,176781.175
688698.SH,20250512,49.9,50.99,49.9,50.98,49.12,1.86,3.7866,50720.97,256048.722
688698.SH,20250509,50.61,50.7,48.5,49.12,51.05,-1.93,-3.7806,42094.48,207381.501
688698.SH,20250508,50.08,52.27,49.86,51.05,51.03,0.02,0.0392,59137.71,301024.342
688698.SH,20250507,51.95,53.03,49.89,51.03,50.71,0.32,0.631,72933.52,376189.795
688698.SH,20250506,50.99,51.38,49.64,50.71,50.4,0.31,0.6151,64688.93,326551.251
688698.SH,20250430,48.4,50.97,48.4,50.4,48.47,1.93,3.9818,40314.92,201243.822
688698.SH,20250429,47.65,49.25,46.75,48.47,48.18,0.29,0.6019,41270.01,199545.009
688698.SH,20250428,48.98,49.39,48.0,48.18,48.98,-0.8,-1.6333,21702.78,105218.807
688698.SH,20250425,49.18,49.79,48.21,48.98,48.86,0.12,0.2456,30497.77,149750.395
688698.SH,20250424,50.0,50.28,48.56,48.86,50.26,-1.4,-2.7855,37024.48,182804.253
688698.SH,20250423,48.15,50.94,48.15,50.26,47.63,2.63,5.5217,69841.78,346111.386
688698.SH,20250422,48.15,49.11,47.5,47.63,49.0,-1.37,-2.7959,42177.8,203684.461
688698.SH,20250421,45.0,49.2,44.9,49.0,45.3,3.7,8.1678,50836.98,240889.385
688698.SH,20250418,45.83,46.18,45.04,45.3,45.8,-0.5,-1.0917,17408.49,79093.387
688698.SH,20250417,45.8,47.09,45.8,45.8,46.07,-0.27,-0.5861,25251.18,117156.51
688698.SH,20250416,47.45,47.49,45.16,46.07,47.45,-1.38,-2.9083,33519.86,155097.766
688698.SH,20250415,47.66,48.47,46.78,47.45,47.83,-0.38,-0.7945,32269.61,153746.023
688698.SH,20250414,47.74,48.73,47.08,47.83,46.98,0.85,1.8093,47126.27,225558.143
688698.SH,20250411,45.0,47.9,44.98,46.98,45.55,1.43,3.1394,60142.45,281329.743
688698.SH,20250410,45.0,47.66,44.5,45.55,43.15,2.4,5.562,71796.69,331273.304
688698.SH,20250409,40.22,43.26,37.23,43.15,41.8,1.35,3.2297,81173.73,334260.276
688698.SH,20250408,41.07,42.98,40.18,41.8,41.12,0.68,1.6537,69148.64,286130.892
688698.SH,20250407,47.65,47.73,41.12,41.12,51.4,-10.28,-20.0,60432.58,264237.87
688698.SH,20250403,52.7,53.74,51.19,51.4,53.28,-1.88,-3.5285,26546.56,138474.37
688698.SH,20250402,52.71,54.1,52.66,53.28,53.01,0.27,0.5093,24967.63,133625.699
688698.SH,20250401,53.64,53.91,52.71,53.01,53.59,-0.58,-1.0823,25124.86,133524.895
688698.SH,20250331,54.08,54.5,51.81,53.59,54.8,-1.21,-2.208,60150.76,317723.076
688698.SH,20250328,56.22,57.28,54.8,54.8,56.62,-1.82,-3.2144,33174.9,184785.149
688698.SH,20250327,56.56,58.15,55.82,56.62,56.72,-0.1,-0.1763,33173.06,189943.553
688698.SH,20250326,55.71,58.27,55.22,56.72,55.73,0.99,1.7764,35474.87,203018.448
688698.SH,20250325,56.84,58.08,55.47,55.73,56.51,-0.78,-1.3803,38348.57,217388.826
688698.SH,20250324,57.09,57.09,54.59,56.51,56.31,0.2,0.3552,53628.08,297811.638
688698.SH,20250321,58.73,58.98,55.8,56.31,59.24,-2.93,-4.946,46326.8,263064.474
688698.SH,20250320,59.93,60.25,57.7,59.24,60.25,-1.01,-1.6763,48737.47,287552.544
688698.SH,20250319,60.37,61.83,58.37,60.25,60.64,-0.39,-0.6431,55116.31,330912.49
688698.SH,20250318,63.0,63.1,59.43,60.64,61.88,-1.24,-2.0039,49446.72,300672.084
688698.SH,20250317,61.0,62.5,59.56,61.88,61.07,0.81,1.3263,46167.23,281685.267
688698.SH,20250314,58.59,61.6,57.0,61.07,58.7,2.37,4.0375,74589.55,444257.928
688698.SH,20250313,63.96,64.39,57.5,58.7,63.98,-5.28,-8.2526,91174.35,543769.395
688698.SH,20250312,64.5,66.81,63.51,63.98,63.87,0.11,0.1722,80267.23,522206.586
688698.SH,20250311,63.81,66.23,61.26,63.87,65.41,-1.54,-2.3544,77329.39,489077.528
688698.SH,20250310,66.47,68.1,64.79,65.41,66.89,-1.48,-2.2126,54101.36,358156.238
688698.SH,20250307,64.99,68.77,64.49,66.89,65.99,0.9,1.3638,76630.71,508300.732
688698.SH,20250306,63.39,68.15,63.39,65.99,63.37,2.62,4.1344,99672.3,661613.173
688698.SH,20250305,61.04,63.69,60.1,63.37,61.04,2.33,3.8172,87180.67,542698.538
688698.SH,20250304,56.02,62.97,56.02,61.04,56.89,4.15,7.2948,113532.61,684821.006
688698.SH,20250303,59.7,61.2,55.9,56.89,60.5,-3.61,-5.9669,111855.51,652027.113
688698.SH,20250228,68.0,68.4,60.07,60.5,70.47,-9.97,-14.1479,129377.51,807804.609
688698.SH,20250227,67.02,70.77,65.6,70.47,67.3,3.17,4.7103,135167.53,926624.933
688698.SH,20250226,60.77,72.63,59.89,67.3,60.53,6.77,11.1845,159604.21,1065735.281
688698.SH,20250225,59.0,61.75,59.0,60.53,60.7,-0.17,-0.2801,58850.61,355917.32
688698.SH,20250224,62.39,62.48,58.01,60.7,62.81,-2.11,-3.3593,81664.7,488889.596
688698.SH,20250221,60.3,63.5,60.0,62.81,61.07,1.74,2.8492,80522.11,496867.103
688698.SH,20250220,60.77,62.8,58.51,61.07,61.85,-0.78,-1.2611,85039.86,517105.137
688698.SH,20250219,56.64,63.3,56.64,61.85,57.76,4.09,7.081,122824.73,748202.632
688698.SH,20250218,57.89,59.93,55.52,57.76,56.87,0.89,1.565,92567.04,536692.7
688698.SH,20250217,53.51,57.95,53.51,56.87,51.5,5.37,10.4272,113899.18,640828.297
688698.SH,20250214,49.5,52.19,49.37,51.5,50.08,1.42,2.8355,79052.98,401768.9
688698.SH,20250213,54.09,54.5,49.3,50.08,54.55,-4.47,-8.1943,84920.24,435359.396
688698.SH,20250212,53.8,55.36,52.6,54.55,54.03,0.52,0.9624,50181.45,270474.622
688698.SH,20250211,54.39,55.36,53.5,54.03,54.46,-0.43,-0.7896,50599.84,273984.104
688698.SH,20250210,55.1,55.2,53.0,54.46,55.8,-1.34,-2.4014,77855.5,420152.488
688698.SH,20250207,55.55,57.93,53.67,55.8,55.84,-0.04,-0.0716,95402.29,532335.558
688698.SH,20250206,51.0,58.1,50.5,55.84,51.91,3.93,7.5708,91018.45,501755.109
688698.SH,20250205,51.0,53.82,50.89,51.91,50.8,1.11,2.185,64481.09,337729.053
688698.SH,20250127,52.51,52.9,50.01,50.8,53.44,-2.64,-4.9401,59031.95,300754.106
688698.SH,20250124,49.77,53.64,49.3,53.44,50.38,3.06,6.0738,89595.72,465540.254
688698.SH,20250123,49.8,53.17,48.6,50.38,49.39,0.99,2.0045,95647.77,487563.551
688698.SH,20250122,50.9,50.9,49.28,49.39,51.4,-2.01,-3.9105,75459.51,376219.81
688698.SH,20250121,48.48,51.4,48.18,51.4,48.29,3.11,6.4403,97353.71,488479.396
688698.SH,20250120,50.0,50.4,47.78,48.29,49.1,-0.81,-1.6497,66329.79,325421.29
688698.SH,20250117,48.07,50.26,47.81,49.1,48.0,1.1,2.2917,63527.05,313370.002
688698.SH,20250116,48.91,50.2,47.77,48.0,48.77,-0.77,-1.5788,61452.35,300208.008
688698.SH,20250115,49.49,50.48,48.7,48.77,49.8,-1.03,-2.0683,67308.98,331370.582
688698.SH,20250114,46.29,49.97,45.92,49.8,46.21,3.59,7.7689,83810.68,406701.413
688698.SH,20250113,46.7,49.25,45.81,46.21,47.78,-1.57,-3.2859,73606.23,348578.029
688698.SH,20250110,47.4,52.56,47.05,47.78,47.77,0.01,0.0209,104901.82,514369.7
688698.SH,20250109,44.0,49.98,43.81,47.77,45.06,2.71,6.0142,109433.01,508484.628
002965.SZ,20260702,50.01,52.57,49.3,51.18,50.92,0.26,0.5106,195855.67,1010911.25567
002965.SZ,20260701,53.5,54.51,50.66,50.92,50.95,-0.03,-0.0589,216680.34,1139480.06158
002965.SZ,20260630,49.52,52.18,47.95,50.95,49.51,1.44,2.9085,254844.18,1280677.37377
002965.SZ,20260629,50.0,53.38,49.29,49.51,51.88,-2.37,-4.5682,391212.13,1983182.85378
002965.SZ,20260626,48.52,51.88,48.52,51.88,47.16,4.72,10.0085,230811.0,1181189.35221
002965.SZ,20260625,46.66,47.16,42.12,47.16,42.87,4.29,10.007,269103.16,1227737.74548
002965.SZ,20260624,42.45,43.3,41.5,42.87,42.86,0.01,0.0233,121833.05,517798.29857
002965.SZ,20260623,43.59,44.6,42.64,42.86,43.47,-0.61,-1.4033,130669.97,570784.7422
002965.SZ,20260622,45.0,45.58,42.32,43.47,43.92,-0.45,-1.0246,152018.07,663817.52964
002965.SZ,20260618,42.2,44.27,41.79,43.92,42.5,1.42,3.3412,176279.92,760908.02815
002965.SZ,20260617,42.47,43.63,42.03,42.5,42.92,-0.42,-0.9786,137056.74,582989.95059
002965.SZ,20260616,40.44,43.49,40.2,42.92,40.47,2.45,6.0539,230640.15,984167.93446
002965.SZ,20260615,39.71,40.7,39.01,40.47,39.58,0.89,2.2486,188337.45,757506.10422
002965.SZ,20260612,40.47,41.99,38.92,39.58,38.54,1.04,2.6985,344916.23,1391253.28562
002965.SZ,20260611,35.04,38.54,34.93,38.54,35.04,3.5,9.9886,154169.33,588486.45836
002965.SZ,20260610,36.51,36.7,34.9,35.04,36.83,-1.79,-4.8602,108933.98,386732.48637
002965.SZ,20260609,37.3,37.59,36.38,37.03,37.12,-0.09,-0.2425,85245.75,314100.06913
002965.SZ,20260608,37.0,38.09,36.7,37.12,37.82,-0.7,-1.8509,117535.92,438556.135
002965.SZ,20260605,36.67,38.46,36.07,37.82,36.67,1.15,3.1361,179733.12,673103.494
002965.SZ,20260604,36.0,37.25,35.56,36.67,35.5,1.17,3.2958,178487.92,651169.375
002965.SZ,20260603,32.28,35.5,32.23,35.5,32.27,3.23,10.0093,77865.48,271268.715
002965.SZ,20260602,32.33,32.6,31.35,32.27,32.2,0.07,0.2174,54306.99,174158.544
002965.SZ,20260601,32.42,33.33,32.1,32.2,32.6,-0.4,-1.227,56756.25,185637.874
002965.SZ,20260529,34.73,34.81,32.1,32.6,34.49,-1.89,-5.4798,94474.73,311629.166
002965.SZ,20260528,34.0,35.28,33.88,34.49,34.08,0.41,1.2031,70675.7,244104.272
002965.SZ,20260527,35.37,35.65,33.88,34.08,35.37,-1.29,-3.6472,86817.53,300098.932
002965.SZ,20260526,36.3,36.3,35.0,35.37,36.79,-1.42,-3.8597,120001.96,426122.14
002965.SZ,20260525,37.8,37.85,36.4,36.79,37.48,-0.69,-1.841,92861.99,343098.714
002965.SZ,20260522,38.02,38.18,37.01,37.48,38.07,-0.59,-1.5498,137503.61,515897.499
002965.SZ,20260521,36.33,38.59,36.33,38.07,36.29,1.78,4.9049,206576.8,780196.086
002965.SZ,20260520,36.18,36.95,35.78,36.29,36.78,-0.49,-1.3322,81550.91,296583.886
002965.SZ,20260519,35.13,37.37,34.6,36.78,35.07,1.71,4.876,150956.59,545172.033
002965.SZ,20260518,35.37,35.47,34.75,35.07,35.82,-0.75,-2.0938,99382.41,348207.338
002965.SZ,20260515,34.69,36.5,34.69,35.82,34.69,1.13,3.2574,164462.99,590247.041
002965.SZ,20260514,35.6,35.94,34.29,34.69,35.55,-0.86,-2.4191,109311.97,381118.726
002965.SZ,20260513,35.14,35.72,34.88,35.55,35.29,0.26,0.7368,109069.41,386173.512
002965.SZ,20260512,35.11,36.09,34.66,35.29,35.17,0.12,0.3412,137422.93,485489.057
002965.SZ,20260511,34.44,35.46,33.6,35.17,34.93,0.24,0.6871,200243.84,694035.981
002965.SZ,20260508,31.76,34.93,31.44,34.93,31.75,3.18,10.0157,177359.77,605434.171
002965.SZ,20260507,30.91,31.9,30.67,31.75,30.82,0.93,3.0175,68670.3,216423.411
002965.SZ,20260506,29.72,31.6,29.55,30.82,29.43,1.39,4.7231,91139.82,279101.57
002965.SZ,20260430,29.58,29.68,29.28,29.43,29.64,-0.21,-0.7085,42673.49,125560.045
002965.SZ,20260429,29.14,29.88,28.86,29.64,30.76,-1.12,-3.6411,101927.41,298735.359
002965.SZ,20260428,30.47,31.4,30.16,30.76,30.46,0.3,0.9849,67874.8,209914.288
002965.SZ,20260427,29.8,31.26,29.59,30.46,29.81,0.65,2.1805,72845.4,223598.206
002965.SZ,20260424,29.9,30.12,29.75,29.81,30.0,-0.19,-0.6333,45160.57,135214.02
002965.SZ,20260423,31.01,31.09,29.9,30.0,31.23,-1.23,-3.9385,70984.22,214716.936
002965.SZ,20260422,31.02,31.35,30.76,31.23,31.02,0.21,0.677,39721.59,123566.443
002965.SZ,20260421,30.95,31.22,30.67,31.02,30.95,0.07,0.2262,41645.84,128722.009
002965.SZ,20260420,31.0,31.24,30.8,30.95,31.02,-0.07,-0.2257,40320.41,125141.556
002965.SZ,20260417,31.07,31.17,30.75,31.02,31.07,-0.05,-0.1609,32479.86,100475.481
002965.SZ,20260416,30.75,31.23,30.54,31.07,30.5,0.57,1.8689,51355.5,159031.549
002965.SZ,20260415,31.01,31.13,30.42,30.5,30.97,-0.47,-1.5176,35906.1,110460.745
002965.SZ,20260414,30.86,31.07,30.3,30.97,30.55,0.42,1.3748,50115.38,153888.469
002965.SZ,20260413,30.35,31.19,30.23,30.55,30.48,0.07,0.2297,58292.46,179196.123
002965.SZ,20260410,29.8,30.88,29.7,30.48,29.42,1.06,3.603,75464.75,229970.298
002965.SZ,20260409,29.12,29.75,28.76,29.42,29.37,0.05,0.1702,54111.81,158279.11
002965.SZ,20260408,28.62,29.4,28.62,29.37,28.0,1.37,4.8929,51323.16,148935.528
002965.SZ,20260407,27.65,28.34,27.65,28.0,27.71,0.29,1.0466,25674.1,72033.318
002965.SZ,20260403,28.68,28.69,27.71,27.71,28.56,-0.85,-2.9762,33383.0,93570.035
002965.SZ,20260402,29.36,29.36,28.35,28.56,29.41,-0.85,-2.8902,39682.1,114061.983
002965.SZ,20260401,28.99,29.45,28.9,29.41,28.53,0.88,3.0845,48687.2,142226.555
002965.SZ,20260331,28.64,29.14,28.51,28.53,28.63,-0.1,-0.3493,33224.67,95596.93
002965.SZ,20260330,28.7,29.0,28.25,28.63,29.04,-0.41,-1.4118,38531.13,109867.378
002965.SZ,20260327,28.53,29.25,28.3,29.04,28.97,0.07,0.2416,27710.5,80191.661
002965.SZ,20260326,29.44,29.73,28.84,28.97,29.44,-0.47,-1.5965,33047.27,96615.274
002965.SZ,20260325,28.85,29.59,28.8,29.44,28.76,0.68,2.3644,39356.34,115404.874
002965.SZ,20260324,29.0,29.13,28.13,28.76,28.43,0.33,1.1607,45681.3,130464.375
002965.SZ,20260323,29.71,30.0,28.06,28.43,30.2,-1.77,-5.8609,61299.75,177913.776
002965.SZ,20260320,30.73,31.1,30.2,30.2,30.73,-0.53,-1.7247,42507.67,130632.366
002965.SZ,20260319,31.41,31.41,30.46,30.73,31.68,-0.95,-2.9987,59192.44,182366.913
002965.SZ,20260318,31.74,31.99,31.19,31.68,31.81,-0.13,-0.4087,35350.3,111196.708
002965.SZ,20260317,32.53,32.75,31.75,31.81,32.4,-0.59,-1.821,32664.07,105421.724
002965.SZ,20260316,32.98,32.98,32.28,32.4,33.05,-0.65,-1.9667,33401.86,108308.864
002965.SZ,20260313,32.79,33.35,32.62,33.05,32.99,0.06,0.1819,33685.76,111012.231
002965.SZ,20260312,33.57,33.74,32.88,32.99,33.74,-0.75,-2.2229,39239.91,130078.285
002965.SZ,20260311,33.89,34.02,33.61,33.74,33.78,-0.04,-0.1184,36181.77,122135.653
002965.SZ,20260310,33.52,33.85,33.4,33.78,33.1,0.68,2.0544,36461.04,122723.545
002965.SZ,20260309,33.39,33.39,32.23,33.1,33.72,-0.62,-1.8387,50126.38,164126.198
002965.SZ,20260306,33.05,33.79,33.0,33.72,33.18,0.54,1.6275,31094.32,104204.554
002965.SZ,20260305,33.41,33.78,32.92,33.18,32.9,0.28,0.8511,31952.64,106402.089
002965.SZ,20260304,32.7,33.68,32.52,32.9,33.13,-0.23,-0.6942,39783.32,131728.877
002965.SZ,20260303,34.8,34.96,33.1,33.13,34.96,-1.83,-5.2346,68133.76,231886.398
002965.SZ,20260302,35.2,35.8,34.69,34.96,36.19,-1.23,-3.3987,66581.64,233550.45
002965.SZ,20260227,36.21,36.34,35.64,36.19,36.49,-0.3,-0.8221,56258.08,202339.048
002965.SZ,20260226,34.95,36.6,34.63,36.49,34.95,1.54,4.4063,115979.82,415058.159
002965.SZ,20260225,34.72,35.13,34.58,34.95,34.79,0.16,0.4599,46696.53,163168.484
002965.SZ,20260224,35.0,35.15,34.72,34.79,34.7,0.09,0.2594,45248.62,157692.14
002965.SZ,20260213,34.68,35.1,34.58,34.7,34.81,-0.11,-0.316,39269.8,136851.81
002965.SZ,20260212,34.68,35.0,34.61,34.81,34.68,0.13,0.3749,46751.79,162850.166
002965.SZ,20260211,34.8,34.92,34.5,34.68,34.83,-0.15,-0.4307,35615.3,123936.305
002965.SZ,20260210,34.56,35.0,34.37,34.83,34.6,0.23,0.6647,44164.32,153531.421
002965.SZ,20260209,34.7,34.79,34.3,34.6,34.43,0.17,0.4938,51490.92,177927.226
002965.SZ,20260206,33.91,34.78,33.73,34.43,34.16,0.27,0.7904,51682.15,177774.519
002965.SZ,20260205,34.5,34.62,34.08,34.16,34.63,-0.47,-1.3572,48608.2,166603.602
002965.SZ,20260204,34.53,34.77,34.16,34.63,34.7,-0.07,-0.2017,47107.0,162159.11
002965.SZ,20260203,34.33,34.7,33.88,34.7,34.01,0.69,2.0288,51066.33,175684.997
002965.SZ,20260202,34.98,35.13,33.98,34.01,34.99,-0.98,-2.8008,71331.2,245920.34
002965.SZ,20260130,34.79,35.35,33.9,34.99,34.79,0.2,0.5749,86879.1,300778.771
002965.SZ,20260129,35.8,35.95,34.76,34.79,36.03,-1.24,-3.4416,103899.4,366115.366
002965.SZ,20260128,36.8,36.93,35.9,36.03,37.36,-1.33,-3.56,108507.25,392943.067
002965.SZ,20260127,37.95,38.06,36.62,37.36,37.95,-0.59,-1.5547,85122.7,316619.832
002965.SZ,20260126,40.28,40.66,37.7,37.95,40.28,-2.33,-5.7845,147003.14,568333.62
002965.SZ,20260123,40.26,40.71,39.98,40.28,40.11,0.17,0.4238,74384.65,299555.81
002965.SZ,20260122,40.88,41.17,40.0,40.11,40.76,-0.65,-1.5947,66892.19,270202.048
002965.SZ,20260121,40.02,41.2,39.8,40.76,40.42,0.34,0.8412,81697.79,333467.697
002965.SZ,20260120,41.1,41.66,40.0,40.42,41.17,-0.75,-1.8217,80335.89,326339.135
002965.SZ,20260119,41.77,41.84,41.0,41.17,41.64,-0.47,-1.1287,72171.43,298842.078
002965.SZ,20260116,40.92,41.9,40.8,41.64,40.55,1.09,2.688,97627.59,404515.398
002965.SZ,20260115,40.86,41.42,39.78,40.55,40.93,-0.38,-0.9284,93502.25,377895.433
002965.SZ,20260114,41.69,42.28,40.5,40.93,41.69,-0.76,-1.823,126509.9,523831.705
002965.SZ,20260113,42.67,43.58,41.52,41.69,42.66,-0.97,-2.2738,121558.03,516320.674
002965.SZ,20260112,42.5,42.87,41.84,42.66,42.27,0.39,0.9226,114803.5,487142.407
002965.SZ,20260109,41.7,43.25,41.51,42.27,41.8,0.47,1.1244,126265.1,536349.797
002965.SZ,20260108,41.36,41.8,41.08,41.8,41.36,0.44,1.0638,95447.35,396260.892
002965.SZ,20260107,41.4,42.08,40.88,41.36,41.06,0.3,0.7306,107605.19,446299.184
002965.SZ,20260106,41.0,41.53,40.8,41.06,41.15,-0.09,-0.2187,76037.22,312429.584
002965.SZ,20260105,40.76,41.28,40.39,41.15,40.68,0.47,1.1554,97762.41,398919.118
002965.SZ,20251231,41.3,41.55,40.63,40.68,41.37,-0.69,-1.6679,97851.15,401555.034
002965.SZ,20251230,41.0,41.88,40.5,41.37,40.81,0.56,1.3722,172665.23,715090.743
002965.SZ,20251229,38.0,41.44,38.0,40.81,38.14,2.67,7.0005,210555.69,845108.175
002965.SZ,20251226,38.7,38.9,38.01,38.14,38.78,-0.64,-1.6503,66546.64,255376.804
002965.SZ,20251225,38.19,38.88,37.96,38.78,37.86,0.92,2.43,86969.86,334974.491
002965.SZ,20251224,37.08,37.97,36.92,37.86,37.06,0.8,2.1587,62464.9,235267.613
002965.SZ,20251223,37.46,37.49,36.9,37.06,37.39,-0.33,-0.8826,43216.68,160441.742
002965.SZ,20251222,36.89,37.69,36.73,37.39,36.62,0.77,2.1027,50124.71,187497.149
002965.SZ,20251219,36.05,36.89,36.05,36.62,36.03,0.59,1.6375,51171.15,187421.023
002965.SZ,20251218,36.02,36.9,35.9,36.03,36.33,-0.3,-0.8258,49112.75,178927.131
002965.SZ,20251217,36.09,36.5,35.43,36.33,36.09,0.24,0.665,60493.18,217448.239
002965.SZ,20251216,37.35,37.39,36.08,36.09,37.26,-1.17,-3.1401,56465.27,205720.445
002965.SZ,20251215,38.01,38.19,37.22,37.26,38.32,-1.06,-2.7662,58524.99,220539.138
002965.SZ,20251212,38.2,38.88,37.92,38.32,38.39,-0.07,-0.1823,86143.24,329697.923
002965.SZ,20251211,38.88,38.91,38.28,38.39,38.62,-0.23,-0.5955,66623.71,256765.176
002965.SZ,20251210,37.73,38.98,37.45,38.62,37.72,0.9,2.386,91521.81,351501.016
002965.SZ,20251209,37.82,38.46,37.58,37.72,37.8,-0.08,-0.2116,55242.8,209547.39
002965.SZ,20251208,37.65,37.96,37.55,37.8,37.71,0.09,0.2387,60286.6,227731.266
002965.SZ,20251205,36.77,37.71,36.5,37.71,36.8,0.91,2.4728,72374.88,270175.087
002965.SZ,20251204,37.48,37.48,36.36,36.8,37.02,-0.22,-0.5943,56600.3,208971.477
002965.SZ,20251203,37.32,37.77,36.87,37.02,37.31,-0.29,-0.7773,48617.2,180566.756
002965.SZ,20251202,37.43,38.16,37.12,37.31,37.42,-0.11,-0.294,44420.62,166771.946
002965.SZ,20251201,36.88,37.54,36.7,37.42,36.82,0.6,1.6295,67087.9,249986.436
002965.SZ,20251128,36.48,37.05,36.13,36.82,36.48,0.34,0.932,52717.8,193487.18
002965.SZ,20251127,36.85,37.4,36.45,36.48,36.88,-0.4,-1.0846,65033.22,239914.171
002965.SZ,20251126,37.05,37.84,36.82,36.88,37.14,-0.26,-0.7001,60404.4,225574.215
002965.SZ,20251125,37.33,37.79,37.0,37.14,37.24,-0.1,-0.2685,56841.59,212417.748
002965.SZ,20251124,36.42,37.65,35.95,37.24,36.42,0.82,2.2515,63499.24,233751.192
002965.SZ,20251121,37.0,37.5,36.15,36.42,37.59,-1.17,-3.1125,69270.99,254905.159
002965.SZ,20251120,38.02,39.2,37.51,37.59,38.01,-0.42,-1.105,76142.6,290962.776
002965.SZ,20251119,38.19,38.77,37.75,38.01,38.29,-0.28,-0.7313,42286.2,161570.523
002965.SZ,20251118,38.78,39.0,38.06,38.29,38.78,-0.49,-1.2635,51112.26,196982.734
002965.SZ,20251117,38.19,38.95,38.04,38.78,38.19,0.59,1.5449,68724.4,265716.39
002965.SZ,20251114,36.97,39.2,36.81,38.19,37.3,0.89,2.3861,123125.62,474094.165
002965.SZ,20251113,37.0,37.66,36.59,37.3,37.24,0.06,0.1611,58559.87,217777.104
002965.SZ,20251112,38.1,38.2,37.0,37.24,38.23,-0.99,-2.5896,59548.3,222630.287
002965.SZ,20251111,37.64,38.68,37.63,38.23,37.64,0.59,1.5675,71327.5,271879.03
002965.SZ,20251110,38.49,38.64,37.09,37.64,38.38,-0.74,-1.9281,90477.6,340218.125
002965.SZ,20251107,39.64,39.64,38.32,38.38,39.65,-1.27,-3.203,88682.0,343773.485
002965.SZ,20251106,39.27,39.88,39.25,39.65,39.24,0.41,1.0449,61164.8,242303.733
002965.SZ,20251105,38.9,39.45,38.5,39.24,39.36,-0.12,-0.3049,47161.91,184668.732
002965.SZ,20251104,39.99,40.55,39.05,39.36,40.16,-0.8,-1.992,85084.64,337177.788
002965.SZ,20251103,40.75,40.85,39.03,40.16,40.25,-0.09,-0.2236,103142.41,410720.198
002965.SZ,20251031,39.99,40.94,39.78,40.25,39.97,0.28,0.7005,106021.08,428989.305
002965.SZ,20251030,40.5,40.74,39.8,39.97,40.68,-0.71,-1.7453,98815.42,396979.033
002965.SZ,20251029,39.9,40.88,39.7,40.68,39.7,0.98,2.4685,97734.34,394522.18
002965.SZ,20251028,39.46,40.1,39.1,39.7,39.54,0.16,0.4047,90845.97,361050.614
002965.SZ,20251027,39.92,40.1,39.05,39.54,39.43,0.11,0.279,87455.67,346097.022
002965.SZ,20251024,38.75,39.66,38.73,39.43,38.64,0.79,2.0445,70103.92,275183.384
002965.SZ,20251023,39.21,39.21,38.0,38.64,39.22,-0.58,-1.4788,71182.15,273391.219
002965.SZ,20251022,39.44,39.8,38.77,39.22,39.5,-0.28,-0.7089,71470.13,279793.979
002965.SZ,20251021,39.24,39.55,38.63,39.5,39.19,0.31,0.791,75702.29,296517.265
002965.SZ,20251020,39.46,40.07,38.9,39.19,38.69,0.5,1.2923,80414.92,317368.37
002965.SZ,20251017,40.45,40.6,38.6,38.69,40.68,-1.99,-4.8918,100174.63,395502.99
002965.SZ,20251016,41.5,42.15,40.4,40.68,41.98,-1.3,-3.0967,82903.52,340908.651
002965.SZ,20251015,40.5,42.15,39.91,41.98,40.29,1.69,4.1946,121433.24,497932.779
002965.SZ,20251014,42.4,43.3,40.1,40.29,42.31,-2.02,-4.7743,133569.39,556101.116
002965.SZ,20251013,41.5,42.71,41.21,42.31,44.28,-1.97,-4.449,139639.05,585514.729
002965.SZ,20251010,44.92,45.6,44.18,44.28,45.08,-0.8,-1.7746,118851.81,533138.255
002965.SZ,20251009,45.2,45.85,44.86,45.08,45.49,-0.41,-0.9013,106545.58,481544.39
002965.SZ,20250930,46.08,46.3,45.37,45.49,46.16,-0.67,-1.4515,126453.32,577915.648
002965.SZ,20250929,47.0,47.65,45.55,46.16,46.87,-0.71,-1.5148,148394.0,687977.773
002965.SZ,20250926,47.2,48.98,46.8,46.87,47.47,-0.6,-1.264,185391.8,886428.591
002965.SZ,20250925,46.48,48.5,46.25,47.47,46.51,0.96,2.0641,225516.05,1076467.102
002965.SZ,20250924,46.19,47.47,45.35,46.51,46.11,0.4,0.8675,148915.1,693082.024
002965.SZ,20250923,47.84,48.35,45.18,46.11,47.98,-1.87,-3.8975,201751.77,938015.478
002965.SZ,20250922,46.87,48.98,46.86,47.98,45.97,2.01,4.3724,259180.23,1244865.481
002965.SZ,20250919,46.08,47.0,45.5,45.97,46.37,-0.4,-0.8626,163924.68,755942.171
002965.SZ,20250918,47.0,48.25,45.64,46.37,47.33,-0.96,-2.0283,350487.18,1657013.043
002965.SZ,20250917,45.48,47.74,44.9,47.33,45.48,1.85,4.0677,337609.61,1572291.344
002965.SZ,20250916,44.31,45.5,44.1,45.48,43.64,1.84,4.2163,346760.79,1561853.042
002965.SZ,20250915,43.9,44.41,43.04,43.64,43.66,-0.02,-0.0458,156205.39,682480.338
002965.SZ,20250912,44.6,44.8,43.43,43.66,44.58,-0.92,-2.0637,160468.81,705877.389
002965.SZ,20250911,43.15,44.99,42.63,44.58,43.4,1.18,2.7189,204093.56,898791.334
002965.SZ,20250910,43.9,44.37,42.86,43.4,43.69,-0.29,-0.6638,135741.45,591836.785
002965.SZ,20250909,43.74,44.99,43.28,43.69,43.75,-0.06,-0.1371,191180.51,842385.728
002965.SZ,20250908,42.96,44.19,42.96,43.75,42.91,0.84,1.9576,142434.65,622812.198
002965.SZ,20250905,41.39,43.05,41.15,42.91,41.29,1.62,3.9235,121847.58,515887.073
002965.SZ,20250904,42.61,43.55,40.24,41.29,42.52,-1.23,-2.8928,137668.7,579761.929
002965.SZ,20250903,43.65,43.85,42.23,42.52,43.55,-1.03,-2.3651,128302.62,552014.44
002965.SZ,20250902,43.09,44.11,41.19,43.55,43.31,0.24,0.5541,232205.69,994402.254
002965.SZ,20250901,43.75,44.72,43.03,43.31,43.84,-0.53,-1.2089,139195.77,606617.214
002965.SZ,20250829,43.58,45.09,43.01,43.84,43.6,0.24,0.5505,187369.33,824181.501
002965.SZ,20250828,43.51,44.14,42.0,43.6,43.58,0.02,0.0459,202529.34,875404.857
002965.SZ,20250827,44.0,45.46,43.4,43.58,45.45,-1.87,-4.1144,227015.51,1008919.223
002965.SZ,20250826,46.8,46.8,45.26,45.45,46.8,-1.35,-2.8846,189041.26,866488.753
002965.SZ,20250825,46.0,48.05,45.98,46.8,45.97,0.83,1.8055,240932.91,1135789.138
002965.SZ,20250822,46.03,46.6,45.8,45.97,46.24,-0.27,-0.5839,183192.21,844072.963
002965.SZ,20250821,48.2,49.15,46.1,46.24,48.54,-2.3,-4.7384,256002.63,1205153.133
002965.SZ,20250820,46.93,49.28,46.75,48.54,47.17,1.37,2.9044,277097.57,1329997.429
002965.SZ,20250819,48.09,48.8,46.23,47.17,48.1,-0.93,-1.9335,292086.73,1380098.826
002965.SZ,20250818,49.08,49.82,47.38,48.1,47.1,1.0,2.1231,303128.8,1462376.673
002965.SZ,20250815,45.6,48.0,45.19,47.1,45.8,1.3,2.8384,311223.0,1450550.173
002965.SZ,20250814,44.89,46.28,44.01,45.8,44.65,1.15,2.5756,420913.94,1907493.12
002965.SZ,20250813,41.46,45.86,40.89,44.65,41.69,2.96,7.1,534274.97,2345794.444
002965.SZ,20250812,42.4,43.23,41.42,41.69,42.89,-1.2,-2.7979,234186.93,982987.153
002965.SZ,20250811,43.5,43.98,42.53,42.89,42.93,-0.04,-0.0932,244894.01,1054872.874
002965.SZ,20250808,42.5,44.2,42.3,42.93,43.39,-0.46,-1.0602,276832.05,1195661.263
002965.SZ,20250807,42.25,44.5,41.21,43.39,42.24,1.15,2.7225,365298.11,1559953.624
002965.SZ,20250806,41.69,42.93,41.02,42.24,41.88,0.36,0.8596,300397.05,1265103.911
002965.SZ,20250805,40.36,41.9,40.2,41.88,40.36,1.52,3.7661,352961.73,1454846.357
002965.SZ,20250804,39.61,40.36,39.02,40.36,40.15,0.21,0.523,201482.59,804152.067
002965.SZ,20250801,40.99,40.99,39.93,40.15,41.04,-0.89,-2.1686,233936.94,943386.975
002965.SZ,20250731,39.04,42.01,39.04,41.04,39.0,2.04,5.2308,438788.1,1789347.744
002965.SZ,20250730,40.28,40.97,39.0,39.0,39.89,-0.89,-2.2311,381734.02,1517695.157
002965.SZ,20250729,36.25,39.89,36.25,39.89,36.26,3.63,10.011,554004.82,2162453.278
002965.SZ,20250728,37.03,37.06,36.13,36.26,36.75,-0.49,-1.3333,120227.1,438625.015
002965.SZ,20250725,36.61,36.9,35.91,36.75,36.6,0.15,0.4098,140747.9,510718.906
002965.SZ,20250724,35.3,37.5,35.2,36.6,35.24,1.36,3.8593,235951.3,865888.131
002965.SZ,20250723,35.75,35.77,35.15,35.24,35.93,-0.69,-1.9204,97251.69,344654.96
002965.SZ,20250722,36.5,36.5,35.7,35.93,36.44,-0.51,-1.3996,139655.4,501778.601
002965.SZ,20250721,36.06,36.93,35.76,36.44,35.75,0.69,1.9301,183804.75,670170.109
002965.SZ,20250718,36.64,36.75,35.55,35.75,36.43,-0.68,-1.8666,130393.1,467749.609
002965.SZ,20250717,34.94,36.6,34.57,36.43,35.03,1.4,3.9966,221083.3,795099.739
002965.SZ,20250716,35.7,36.85,34.81,35.03,35.85,-0.82,-2.2873,226777.21,810141.739
002965.SZ,20250715,35.95,35.99,35.16,35.85,35.88,-0.03,-0.0836,87500.43,311522.279
002965.SZ,20250714,35.45,36.39,35.38,35.88,35.47,0.41,1.1559,103719.8,373086.925
002965.SZ,20250711,35.3,35.8,34.86,35.47,35.3,0.17,0.4816,70246.23,248401.325
002965.SZ,20250710,35.46,35.56,34.75,35.3,35.66,-0.36,-1.0095,80982.1,284008.918
002965.SZ,20250709,35.58,36.6,35.41,35.66,35.45,0.21,0.5924,109104.91,392443.925
002965.SZ,20250708,33.99,35.69,33.91,35.45,34.15,1.3,3.8067,139307.51,487863.204
002965.SZ,20250707,35.0,35.1,33.6,34.15,37.25,-3.1,-8.3221,205838.18,702365.402
002965.SZ,20250704,37.6,38.3,36.85,37.25,37.7,-0.45,-1.1936,98480.03,368160.236
002965.SZ,20250703,37.73,38.07,37.2,37.7,37.82,-0.12,-0.3173,57432.3,216018.129
002965.SZ,20250702,38.21,38.36,37.52,37.82,38.47,-0.65,-1.6896,64295.4,243364.247
002965.SZ,20250701,39.27,39.27,38.2,38.47,39.22,-0.75,-1.9123,78623.4,303131.955
002965.SZ,20250630,39.06,39.74,38.85,39.22,38.89,0.33,0.8485,86884.1,341307.513
002965.SZ,20250627,39.96,39.96,38.56,38.89,39.13,-0.24,-0.6133,94994.6,371485.667
002965.SZ,20250626,39.35,40.56,39.05,39.13,39.39,-0.26,-0.6601,110154.24,437339.216
002965.SZ,20250625,38.5,40.03,38.41,39.39,38.72,0.67,1.7304,119567.25,470151.79
002965.SZ,20250624,37.26,39.0,37.18,38.72,36.8,1.92,5.2174,129609.91,496957.873
002965.SZ,20250623,36.28,37.1,36.08,36.8,36.93,-0.13,-0.352,71567.05,262703.724
002965.SZ,20250620,38.62,38.9,36.93,36.93,38.92,-1.99,-5.1131,98489.3,369406.446
002965.SZ,20250619,38.5,39.68,38.4,38.92,38.69,0.23,0.5945,110214.45,430844.361
002965.SZ,20250618,38.1,38.85,37.8,38.69,38.36,0.33,0.8603,69834.49,267500.369
002965.SZ,20250617,38.42,39.0,38.1,38.36,38.41,-0.05,-0.1302,65477.01,251721.004
002965.SZ,20250616,38.1,38.68,38.1,38.41,38.51,-0.1,-0.2597,58447.05,224488.092
002965.SZ,20250613,39.37,39.88,38.18,38.51,39.98,-1.47,-3.6768,101632.77,394373.321
002965.SZ,20250612,40.13,40.7,39.71,39.98,40.77,-0.79,-1.9377,86508.09,346609.033
002965.SZ,20250611,41.84,41.9,40.37,40.77,41.05,-0.28,-0.6821,114946.3,473189.374
002965.SZ,20250610,41.78,41.99,39.87,41.05,41.78,-0.73,-1.7472,133053.96,542281.95
002965.SZ,20250609,41.55,43.0,41.45,41.78,41.69,0.09,0.2159,120462.82,507552.374
002965.SZ,20250606,42.51,42.86,41.5,41.69,42.6,-0.91,-2.1362,105195.47,440630.158
002965.SZ,20250605,42.07,43.15,40.33,42.6,42.13,0.47,1.1156,207223.59,866459.3
002965.SZ,20250604,39.08,42.8,38.91,42.13,38.97,3.16,8.1088,213984.98,879000.997
002965.SZ,20250603,39.29,40.18,38.95,38.97,39.76,-0.79,-1.9869,99514.69,391295.851
002965.SZ,20250530,41.58,41.73,39.5,39.76,41.82,-2.06,-4.9259,142799.84,576039.129
002965.SZ,20250529,41.7,42.46,41.11,41.82,41.72,0.1,0.2397,86961.62,364610.765
002965.SZ,20250528,55.6,56.37,54.67,54.77,55.8,-1.03,-1.8459,80613.01,446847.594
002965.SZ,20250527,55.05,56.5,53.42,55.8,55.37,0.43,0.7766,107124.18,591490.509
002965.SZ,20250526,54.44,56.52,53.3,55.37,55.69,-0.32,-0.5746,112380.08,615502.743
002965.SZ,20250523,55.2,57.7,55.03,55.69,55.61,0.08,0.1439,113856.0,642009.394
002965.SZ,20250522,55.9,56.69,55.51,55.61,56.12,-0.51,-0.9088,62410.0,348910.714
002965.SZ,20250521,56.39,57.16,55.62,56.12,56.56,-0.44,-0.7779,100563.49,566466.34
002965.SZ,20250520,59.09,59.14,56.41,56.56,59.07,-2.51,-4.2492,148685.9,849346.908
002965.SZ,20250519,59.8,59.99,57.12,59.07,60.42,-1.35,-2.2344,185746.09,1080616.496
002965.SZ,20250516,58.0,62.57,57.99,60.42,58.02,2.4,4.1365,239825.9,1456769.812
002965.SZ,20250515,58.89,59.44,56.08,58.02,58.94,-0.92,-1.5609,152421.0,877404.248
002965.SZ,20250514,57.31,60.8,57.12,58.94,57.85,1.09,1.8842,184629.33,1091164.992
002965.SZ,20250513,59.7,60.57,57.56,57.85,59.02,-1.17,-1.9824,166308.33,979215.643
002965.SZ,20250512,59.13,60.95,57.89,59.02,56.78,2.24,3.9451,235961.0,1399286.421
002965.SZ,20250509,55.6,58.92,53.6,56.78,55.51,1.27,2.2879,249717.99,1393538.589
002965.SZ,20250508,56.0,58.5,55.28,55.51,56.46,-0.95,-1.6826,179752.0,1017917.21
002965.SZ,20250507,55.98,58.61,54.96,56.46,55.1,1.36,2.4682,225080.63,1272975.732
002965.SZ,20250506,54.7,56.6,54.2,55.1,53.91,1.19,2.2074,208551.01,1154522.15
002965.SZ,20250430,49.94,53.91,49.1,53.91,49.01,4.9,9.998,183819.63,945451.933
002965.SZ,20250429,46.18,50.58,45.83,49.01,46.48,2.53,5.4432,168428.11,818728.255
002965.SZ,20250428,47.7,47.9,46.14,46.48,48.06,-1.58,-3.2876,82854.0,387108.243
002965.SZ,20250425,46.93,48.5,46.1,48.06,46.85,1.21,2.5827,137489.0,655837.081
002965.SZ,20250424,47.88,48.7,46.39,46.85,47.71,-0.86,-1.8026,124140.0,589240.152
002965.SZ,20250423,45.4,48.33,45.2,47.71,44.45,3.26,7.3341,190991.54,895110.572
002965.SZ,20250422,45.28,45.6,44.35,44.45,45.62,-1.17,-2.5647,70091.9,314381.67
002965.SZ,20250421,42.8,45.76,42.65,45.62,43.55,2.07,4.7532,91707.9,407519.673
002965.SZ,20250418,43.75,44.27,43.3,43.55,43.72,-0.17,-0.3888,52591.0,229949.144
002965.SZ,20250417,44.22,45.18,43.66,43.72,43.98,-0.26,-0.5912,73111.35,324537.252
002965.SZ,20250416,45.82,46.0,43.38,43.98,46.23,-2.25,-4.867,112462.11,500189.51
002965.SZ,20250415,46.58,47.1,45.43,46.23,46.6,-0.37,-0.794,94881.33,438504.178
002965.SZ,20250414,46.49,48.1,45.5,46.6,45.45,1.15,2.5303,138917.64,648202.704
002965.SZ,20250411,42.94,46.12,42.68,45.45,43.72,1.73,3.957,150446.0,674900.194
002965.SZ,20250410,44.0,45.54,43.21,43.72,42.31,1.41,3.3325,208404.9,924706.418
002965.SZ,20250409,38.38,42.86,36.35,42.31,40.3,2.01,4.9876,249098.82,989805.847
002965.SZ,20250408,42.22,42.86,40.3,40.3,44.78,-4.48,-10.0045,124707.7,512558.613
002965.SZ,20250407,44.78,45.44,44.78,44.78,49.75,-4.97,-9.9899,26101.0,117025.238
002965.SZ,20250403,50.6,52.15,48.83,49.75,52.17,-2.42,-4.6387,131386.51,659243.897
002965.SZ,20250402,50.6,53.17,50.6,52.17,50.96,1.21,2.3744,124764.0,651280.992
002965.SZ,20250401,52.0,52.88,50.65,50.96,51.78,-0.82,-1.5836,97582.32,499764.83
002965.SZ,20250331,52.83,53.7,49.85,51.78,54.6,-2.82,-5.1648,179679.91,919768.944
002965.SZ,20250328,56.68,57.88,54.5,54.6,56.82,-2.22,-3.9071,133872.0,745634.228
002965.SZ,20250327,57.0,59.12,55.55,56.82,57.8,-0.98,-1.6955,112016.73,644351.588
002965.SZ,20250326,57.25,60.1,57.13,57.8,57.66,0.14,0.2428,127587.0,746273.742
002965.SZ,20250325,60.88,61.95,57.66,57.66,60.84,-3.18,-5.2268,145464.25,863289.513
002965.SZ,20250324,63.04,63.04,58.88,60.84,61.99,-1.15,-1.8551,154353.24,931407.483
002965.SZ,20250321,66.89,68.33,60.49,61.99,67.11,-5.12,-7.6293,291846.0,1842535.083
002965.SZ,20250320,61.19,67.12,60.13,67.11,61.02,6.09,9.9803,306066.47,1978639.51
002965.SZ,20250319,60.41,62.9,59.19,61.02,60.09,0.93,1.5477,202939.67,1241587.357
002965.SZ,20250318,59.91,61.1,58.5,60.09,59.96,0.13,0.2168,182786.78,1089985.802
002965.SZ,20250317,58.33,61.8,56.08,59.96,56.18,3.78,6.7284,265307.69,1587048.003
002965.SZ,20250314,52.0,56.53,51.55,56.18,52.0,4.18,8.0385,168900.1,916530.398
002965.SZ,20250313,55.0,55.49,51.6,52.0,55.51,-3.51,-6.3232,144959.08,765294.297
002965.SZ,20250312,57.21,57.48,55.4,55.51,57.23,-1.72,-3.0054,127860.93,719149.734
002965.SZ,20250311,55.4,57.88,54.5,57.23,56.28,0.95,1.688,152945.97,860455.052
002965.SZ,20250310,58.3,60.0,55.81,56.28,58.43,-2.15,-3.6796,168635.41,971997.663
002965.SZ,20250307,57.41,60.26,56.38,58.43,56.85,1.58,2.7792,179581.97,1051371.536
002965.SZ,20250306,57.59,58.6,56.64,56.85,56.13,0.72,1.2827,197330.01,1135209.527
002965.SZ,20250305,52.02,56.45,52.01,56.13,52.39,3.74,7.1388,173692.67,954584.641
002965.SZ,20250304,49.47,54.58,49.47,52.39,50.17,2.22,4.425,169864.8,892653.037
002965.SZ,20250303,51.15,51.48,49.16,50.17,50.7,-0.53,-1.0454,119966.82,604442.301
002965.SZ,20250228,55.8,55.8,50.3,50.7,55.89,-5.19,-9.2861,217473.05,1142564.194
002965.SZ,20250227,58.0,59.24,54.5,55.89,59.36,-3.47,-5.8457,241680.14,1372918.445
002965.SZ,20250226,57.5,61.88,57.31,59.36,56.25,3.11,5.5289,261932.31,1569460.319
002965.SZ,20250225,55.0,58.6,54.42,56.25,56.97,-0.72,-1.2638,163312.32,923071.749
002965.SZ,20250224,56.14,59.99,55.0,56.97,56.14,0.83,1.4784,213536.11,1228458.407
002965.SZ,20250221,53.0,57.69,52.75,56.14,53.72,2.42,4.5048,226005.59,1255140.62
002965.SZ,20250220,54.28,55.31,52.22,53.72,54.34,-0.62,-1.141,238441.0,1280149.527
002965.SZ,20250219,49.06,54.34,48.8,54.34,49.4,4.94,10.0,291178.14,1534446.381
002965.SZ,20250218,49.9,51.27,49.32,49.4,50.4,-1.0,-1.9841,166699.89,834687.344
002965.SZ,20250217,48.35,50.44,47.05,50.4,48.4,2.0,4.1322,181495.6,889464.15
002965.SZ,20250214,48.7,50.4,47.9,48.4,49.57,-1.17,-2.3603,181214.28,887856.916
002965.SZ,20250213,52.02,53.69,49.39,49.57,52.55,-2.98,-5.6708,195644.75,999278.014
002965.SZ,20250212,49.52,54.22,48.62,52.55,50.2,2.35,4.6813,211082.35,1094086.018
002965.SZ,20250211,48.5,51.5,48.5,50.2,49.21,0.99,2.0118,190775.9,951098.324
002965.SZ,20250210,49.98,49.98,47.8,49.21,50.6,-1.39,-2.747,229490.9,1116577.261
002965.SZ,20250207,50.04,53.68,48.32,50.6,48.8,1.8,3.6885,351032.99,1780588.817
002965.SZ,20250206,44.0,48.8,43.66,48.8,44.36,4.44,10.009,241575.55,1147999.887
002965.SZ,20250205,43.1,45.28,42.3,44.36,43.1,1.26,2.9234,260053.02,1137008.819
002965.SZ,20250127,46.5,46.5,42.34,43.1,47.04,-3.94,-8.3759,322614.28,1394007.248
002965.SZ,20250124,42.88,47.04,42.5,47.04,42.76,4.28,10.0094,373154.04,1707477.63
002965.SZ,20250123,43.75,45.33,42.2,42.76,43.02,-0.26,-0.6044,246056.03,1076257.119
002965.SZ,20250122,41.1,45.15,40.21,43.02,41.2,1.82,4.4175,322343.68,1378332.18
002965.SZ,20250121,40.77,41.35,39.42,41.2,40.35,0.85,2.1066,352469.3,1427193.723
002965.SZ,20250120,40.35,40.35,40.34,40.35,36.68,3.67,10.0055,126213.31,509270.402
002965.SZ,20250117,36.78,37.78,35.65,36.68,37.27,-0.59,-1.583,231555.95,846420.747
002965.SZ,20250116,37.5,39.89,37.02,37.27,36.26,1.01,2.7854,373646.1,1444841.795
002965.SZ,20250115,34.99,36.98,34.8,36.26,34.56,1.7,4.919,245426.14,882058.92
002965.SZ,20250114,32.95,34.56,32.34,34.56,32.5,2.06,6.3385,145426.17,490195.092
002965.SZ,20250113,32.1,34.2,31.75,32.5,32.49,0.01,0.0308,113560.26,373207.192
002965.SZ,20250110,32.49,33.55,32.35,32.49,32.5,-0.01,-0.0308,132695.78,437149.873
002965.SZ,20250109,30.45,33.4,30.36,32.5,30.89,1.61,5.212,148385.0,481154.105
