ts_code,trade_date,close,turnover_rate,volume_ratio,pe,pe_ttm,pb,ps,total_mv,circ_mv
002708.SZ,20260702,12.97,6.846,1.27,72.198,67.7593,4.1215,2.6839,729041.106,670103.6102
002708.SZ,20260701,12.87,4.8792,0.91,71.6413,67.2369,4.0897,2.6632,723420.126,664937.0442
002708.SZ,20260630,13.19,4.917,0.9,73.4226,68.9087,4.1914,2.7294,741407.262,681470.0554
002708.SZ,20260629,12.65,6.4506,1.11,70.4167,66.0876,4.0198,2.6177,711053.97,653570.599
002708.SZ,20260626,13.37,5.2384,0.8,74.4246,69.8491,4.2486,2.7666,751525.026,690769.8742
002708.SZ,20260625,14.0,5.5322,0.84,77.9315,73.1404,4.4488,2.897,786937.2,723319.24
002708.SZ,20260624,14.83,4.5796,0.67,82.5518,77.4766,4.7126,3.0688,833591.334,766201.7378
002708.SZ,20260623,14.92,5.6526,0.82,83.0527,77.9468,4.7412,3.0874,838650.216,770851.6472
002708.SZ,20260622,14.98,7.993,1.2,83.3867,78.2602,4.7602,3.0998,842022.804,773951.5868
002708.SZ,20260618,15.18,8.9137,1.47,84.5,79.3051,4.8238,3.1412,853264.764,784284.7188
002708.SZ,20260617,14.13,5.6891,0.91,78.6552,73.8195,4.4901,2.9239,794244.474,730035.7758
002708.SZ,20260616,13.94,6.1054,0.91,77.5975,72.8269,4.4298,2.8846,783564.612,720219.3004
002708.SZ,20260615,13.41,5.7301,0.73,74.6473,70.058,4.2613,2.7749,753773.418,692836.5006
002708.SZ,20260612,13.1,6.8675,0.78,72.9216,68.4385,4.1628,2.7108,736348.38,676820.146
002708.SZ,20260611,13.79,5.8839,0.66,76.7625,72.0433,4.3821,2.8536,775133.0965,712469.3838
002708.SZ,20260610,14.24,6.6415,0.76,79.2675,74.3942,4.5251,2.9467,800427.505,735718.9286
002708.SZ,20260609,14.7,8.5134,1.12,81.8281,76.7974,4.6713,3.0419,826284.0115,759485.13
002708.SZ,20260608,15.09,11.3336,1.86,83.999,78.8349,4.7952,3.1226,848205.8322,779634.7355
002708.SZ,20260605,15.86,11.9082,2.5,88.2853,82.8576,5.0399,3.2819,891487.3757,819417.2899
002708.SZ,20260604,14.42,5.8565,1.31,80.2695,75.3346,4.5823,2.9839,810545.2684,745018.7465
002708.SZ,20260603,14.08,5.9157,1.43,78.3768,73.5583,4.4743,2.9136,791433.9375,727452.4238
002708.SZ,20260602,13.39,3.1211,0.69,74.5359,69.9536,4.255,2.7708,752649.1778,691803.1218
002708.SZ,20260601,13.6,3.6611,0.76,75.7049,71.0507,4.3217,2.8142,764453.2351,702652.9094
002708.SZ,20260529,13.7,5.2468,1.06,76.2616,71.5731,4.3535,2.8349,770074.2148,707819.4749
002708.SZ,20260528,14.87,4.4253,0.83,82.7744,77.6855,4.7253,3.077,835839.6769,768268.2913
002708.SZ,20260527,15.12,4.297,0.78,84.166,78.9916,4.8047,3.1288,849892.1261,781184.7051
002708.SZ,20260526,15.75,5.098,0.88,87.673,82.2829,5.0049,3.2591,885304.298,813734.0678
002708.SZ,20260525,15.6,4.9838,0.85,86.838,81.4993,4.9573,3.2281,876872.8285,805984.2196
002708.SZ,20260522,15.98,5.9696,1.0,88.9533,83.4845,5.078,3.3067,898232.5513,825617.1685
002708.SZ,20260521,15.28,6.3355,1.11,85.0567,79.8275,4.8556,3.1619,858885.6936,789451.2099
002708.SZ,20260520,15.38,5.1441,0.88,85.6133,80.3499,4.8874,3.1826,864506.6732,794617.7754
002708.SZ,20260519,15.71,6.5632,1.07,87.4503,82.074,4.9922,3.2509,883055.9062,811667.4416
002708.SZ,20260518,15.82,5.319,0.72,88.0626,82.6486,5.0272,3.2736,889238.9838,817350.6637
002708.SZ,20260515,15.53,6.5362,0.92,86.4483,81.1336,4.935,3.2136,872938.1428,802367.6237
002708.SZ,20260514,15.41,4.863,0.69,85.7803,80.5067,4.8969,3.1888,866192.9671,796167.7451
002708.SZ,20260513,15.85,5.977,0.92,88.2296,82.8054,5.0367,3.2798,890925.2777,818900.6333
002708.SZ,20260512,15.67,8.0971,1.51,87.2276,81.865,4.9795,3.2426,880807.5143,809600.8154
002708.SZ,20260511,15.32,11.2596,3.1,85.2793,80.0365,4.8683,3.1702,861134.0854,791517.8361
002708.SZ,20260508,14.33,5.2809,1.7,79.7685,74.8644,4.5537,2.9653,805486.3867,740368.8376
002708.SZ,20260507,13.95,4.7587,1.64,77.6532,72.8792,4.4329,2.8867,784126.664,720735.8886
002708.SZ,20260506,13.51,3.0244,1.06,75.2039,70.5805,4.2931,2.7956,759394.3534,698003.0004
002708.SZ,20260430,13.34,2.5719,0.85,74.2576,69.6923,4.2391,2.7604,749838.688,689219.839
002708.SZ,20260429,13.17,2.5479,0.78,73.3113,68.8042,4.1851,2.7253,740283.0225,680436.6777
002708.SZ,20260428,13.17,2.6272,0.66,145.1217,99.473,4.3721,3.2053,740283.0225,680436.6777
002708.SZ,20260427,13.51,3.7248,0.67,148.8682,102.041,4.485,3.288,759394.3534,698003.0004
002708.SZ,20260424,13.01,2.7298,0.38,143.3586,98.2645,4.319,3.1663,731289.4551,672170.1729
002708.SZ,20260423,13.22,3.4271,0.45,145.6727,99.8506,4.3887,3.2174,743093.5124,683019.9604
002708.SZ,20260422,13.57,3.7581,0.51,149.5293,102.4942,4.5049,3.3026,762766.9412,701102.9397
002708.SZ,20260421,13.57,6.1779,0.92,149.5293,102.4942,4.5049,3.3026,762766.9412,701102.9397
002708.SZ,20260420,13.69,11.6744,2.28,150.8516,103.4005,4.5447,3.3318,769512.1168,707302.8183
002708.SZ,20260417,14.72,10.6709,2.53,162.2013,111.1801,4.8866,3.5825,827408.2074,760518.4431
002708.SZ,20260416,13.78,6.182,1.28,151.8434,104.0803,4.5746,3.3537,774570.9985,711952.7273
002708.SZ,20260415,13.12,2.4717,0.48,144.5707,99.0953,4.3555,3.1931,737472.5327,677853.3949
002708.SZ,20260414,13.26,2.4029,0.48,146.1134,100.1527,4.402,3.2272,745341.9042,685086.5866
002708.SZ,20260413,13.2,3.8377,0.87,145.4523,99.6995,4.382,3.2126,741969.3164,681986.6473
002708.SZ,20260410,13.43,6.1992,1.8,147.9867,101.4367,4.4584,3.2686,754897.5697,693869.748
002708.SZ,20260409,13.49,9.1804,4.86,148.6478,101.8899,4.4783,3.2832,758270.1575,696969.6873
002708.SZ,20260408,12.79,3.9091,2.86,140.9344,96.6028,4.2459,3.1128,718923.2998,660803.7287
002708.SZ,20260407,11.63,1.7442,1.44,128.1523,87.8413,3.8608,2.8305,653719.9356,600871.5688
002708.SZ,20260403,11.23,1.1476,0.93,123.7446,84.8201,3.7281,2.7331,631236.0169,580205.3068
002708.SZ,20260402,11.61,1.1926,0.98,127.9319,87.6903,3.8542,2.8256,652595.7397,599838.2557
002708.SZ,20260401,11.93,1.4497,1.21,131.458,90.1072,3.9604,2.9035,670582.8746,616371.2653
002708.SZ,20260331,11.72,1.2902,1.02,129.144,88.5211,3.8907,2.8524,658778.8173,605521.4778
002708.SZ,20260330,11.9,0.9553,0.59,131.1274,89.8807,3.9505,2.8962,668896.5807,614821.2957
002708.SZ,20260327,11.93,1.2651,0.75,131.458,90.1072,3.9604,2.9035,670582.8746,616371.2653
002708.SZ,20260326,11.64,1.1353,0.65,128.2625,87.9169,3.8642,2.8329,654282.0336,601388.2254
002708.SZ,20260325,11.82,1.3525,0.81,130.2459,89.2764,3.9239,2.8767,664399.797,610688.0433
002708.SZ,20260324,11.56,1.6449,1.01,127.3809,87.3126,3.8376,2.8134,649785.2499,597254.973
002708.SZ,20260323,11.36,2.6509,1.95,125.1771,85.802,3.7712,2.7648,638543.2905,586921.8419
002708.SZ,20260320,12.04,1.6884,1.27,132.6701,90.9381,3.997,2.9303,676765.9523,622054.4874
002708.SZ,20260319,12.45,1.4003,0.96,137.1879,94.0348,4.1331,3.03,699811.9689,643237.406
002708.SZ,20260318,12.78,0.9446,0.58,140.8242,96.5273,4.2426,3.1104,718361.2018,660287.0722
002708.SZ,20260317,12.62,1.4216,0.76,139.0612,95.3188,4.1895,3.0714,709367.6344,652020.5674
002708.SZ,20260316,12.94,1.3419,0.68,142.5873,97.7358,4.2957,3.1493,727354.7693,668553.577
002708.SZ,20260313,12.71,1.56,0.8,140.0529,95.9986,4.2194,3.0933,714426.5161,656670.4763
002708.SZ,20260312,12.95,2.0086,1.0,142.6975,97.8113,4.2991,3.1517,727916.8673,669070.2335
002708.SZ,20260311,13.39,1.7904,0.86,147.5459,101.1346,4.4451,3.2588,752649.1778,691803.1218
002708.SZ,20260310,13.32,2.6716,1.17,146.7746,100.6059,4.4219,3.2418,748714.492,688186.5259
002708.SZ,20260309,12.69,1.8882,0.75,139.8325,95.8475,4.2127,3.0885,713302.3201,655637.1632
002708.SZ,20260306,12.95,1.3487,0.48,142.6975,97.8113,4.2991,3.1517,727916.8673,669070.2335
002708.SZ,20260305,12.92,2.3594,0.84,142.3669,97.5847,4.2891,3.1444,726230.5734,667520.2639
002708.SZ,20260304,12.55,2.1132,0.72,138.2899,94.7901,4.1663,3.0544,705432.9486,648403.9715
002708.SZ,20260303,12.51,3.7308,1.37,137.8491,94.488,4.153,3.0446,703184.5567,646337.3453
002708.SZ,20260302,13.33,3.0864,1.22,146.8848,100.6814,4.4252,3.2442,749276.59,688703.1825
002708.SZ,20260227,13.74,2.7151,1.16,151.4026,103.7782,4.5613,3.344,772322.6067,709886.1011
002708.SZ,20260226,14.03,2.3818,1.05,154.5981,105.9685,4.6576,3.4146,788623.4477,724869.1411
002708.SZ,20260225,14.11,2.8304,1.32,155.4797,106.5728,4.6841,3.4341,793120.2314,729002.3935
002708.SZ,20260224,13.95,2.5741,1.25,153.7166,105.3643,4.631,3.3951,784126.664,720735.8886
002708.SZ,20260213,13.94,2.109,0.97,153.6064,105.2888,4.6277,3.3927,783564.566,720219.2321
002708.SZ,20260212,13.86,1.8226,0.78,152.7249,104.6845,4.6011,3.3732,779067.7823,716085.9797
002708.SZ,20260211,13.77,1.9694,0.84,151.7332,104.0048,4.5713,3.3513,774008.9006,711436.0707
002708.SZ,20260210,13.89,2.2752,0.99,153.0555,104.9111,4.6111,3.3805,780754.0762,717635.9493
002708.SZ,20260209,13.75,2.1007,0.89,151.5128,103.8537,4.5646,3.3464,772884.7046,710402.7576
002708.SZ,20260206,13.6,2.6611,1.15,149.8599,102.7207,4.5148,3.3099,764453.2351,702652.9094
002708.SZ,20260205,13.45,2.6589,1.03,148.2071,101.5878,4.465,3.2734,756021.7656,694903.0611
002708.SZ,20260204,13.53,2.0892,0.78,149.0886,102.192,4.4916,3.2929,760518.5494,699036.3135
002708.SZ,20260203,13.61,2.0062,0.71,149.9701,102.7963,4.5182,3.3124,765015.3331,703169.5659
002708.SZ,20260202,13.3,2.4221,0.76,146.5542,100.4548,4.4152,3.2369,747590.2961,687153.2128
002708.SZ,20260130,13.64,2.3902,0.71,150.3007,103.0229,4.5281,3.3197,766701.627,704719.5356
002708.SZ,20260129,13.75,3.9544,1.26,151.5128,103.8537,4.5646,3.3464,772884.7046,710402.7576
002708.SZ,20260128,13.7,2.5356,0.81,150.9618,103.476,4.548,3.3343,770074.2148,707819.4749
002708.SZ,20260127,13.98,2.812,0.87,154.0472,105.5909,4.641,3.4024,785812.9579,722285.8583
002708.SZ,20260126,13.9,4.3176,1.37,153.1657,104.9866,4.6144,3.3829,781316.1741,718152.6059
002708.SZ,20260123,14.25,3.3008,0.98,157.0223,107.6302,4.7306,3.4681,800989.603,736235.5852
002708.SZ,20260122,14.13,2.7374,0.76,155.7,106.7238,4.6908,3.4389,794244.4274,730035.7066
002708.SZ,20260121,13.98,2.5691,0.57,154.0472,105.5909,4.641,3.4024,785812.9579,722285.8583
002708.SZ,20260120,13.85,3.2834,0.55,152.6147,104.609,4.5978,3.3708,778505.6843,715091.4981
002708.SZ,20260119,14.13,3.8797,0.62,155.7,106.7238,4.6908,3.4389,794244.4274,726275.1074
002708.SZ,20260116,13.73,4.4417,0.72,151.2924,103.7026,4.558,3.3416,771760.5087,705715.3025
002708.SZ,20260115,13.99,3.8808,0.65,154.1574,105.6664,4.6443,3.4048,786375.0558,719079.1757
002708.SZ,20260114,14.17,7.2539,1.38,156.1408,107.026,4.7041,3.4487,796492.8192,728331.0879
002708.SZ,20260113,14.19,10.6813,2.83,156.3612,107.177,4.7107,3.4535,797617.0152,729359.0781
002708.SZ,20260112,13.73,5.0446,1.51,151.2924,103.7026,4.558,3.3416,771760.5087,705715.3025
002708.SZ,20260109,13.46,4.0134,1.3,148.3172,101.6633,4.4684,3.2759,756583.8636,691837.4342
002708.SZ,20260108,13.19,2.7373,0.82,145.3421,99.624,4.3787,3.2101,741407.2185,677959.5659
002708.SZ,20260107,13.15,3.7479,1.15,144.9013,99.3219,4.3654,3.2004,739158.8266,675903.5854
002708.SZ,20260106,13.37,3.3357,1.05,147.3255,100.9836,4.4385,3.254,751524.9819,687211.4781
002708.SZ,20260105,13.27,2.9026,0.79,146.2236,100.2283,4.4053,3.2296,745904.0022,682071.5269
002708.SZ,20251231,13.28,2.6769,0.76,146.3338,100.3038,4.4086,3.232,746466.1002,682585.522
002708.SZ,20251230,13.42,4.0637,1.32,147.8765,101.3612,4.4551,3.2661,754335.4717,689781.4537
002708.SZ,20251229,13.24,3.2636,1.13,145.893,100.0017,4.3953,3.2223,744217.7083,680529.5415
002708.SZ,20251226,12.99,2.9557,1.09,143.1383,98.1134,4.3123,3.1615,730165.2591,667679.6635
002708.SZ,20251225,13.12,5.3537,2.78,144.5707,99.0953,4.3555,3.1931,737472.5327,674361.6001
002708.SZ,20251224,12.69,2.0463,1.12,139.8325,95.8475,4.2127,3.0885,713302.3201,652259.8098
002708.SZ,20251223,12.45,1.7836,1.01,137.1879,94.0348,4.1331,3.03,699811.9689,639923.9269
002708.SZ,20251222,12.64,2.2603,1.34,139.2816,95.4699,4.1961,3.0763,710491.8303,649689.8342
002708.SZ,20251219,12.47,2.0703,1.18,137.4083,94.1859,4.1397,3.0349,700936.1648,640951.9171
002708.SZ,20251218,12.2,1.4808,0.83,134.4332,92.1466,4.0501,2.9692,685759.5197,627074.0488
002708.SZ,20251217,12.32,1.5331,0.81,135.7555,93.0529,4.0899,2.9984,692504.6953,633241.9903
002708.SZ,20251216,12.21,1.4898,0.77,134.5434,92.2221,4.0534,2.9716,686321.6177,627588.044
002708.SZ,20251215,12.28,1.8433,0.95,135.3147,92.7508,4.0766,2.9887,690256.3035,631186.0098
002708.SZ,20251212,12.56,2.4239,1.27,138.4,94.8656,4.1696,3.0568,705995.0466,645577.8732
002708.SZ,20251211,12.21,1.6208,0.85,134.5434,92.2221,4.0534,2.9716,686321.6177,627588.044
002708.SZ,20251210,12.5,2.0917,1.17,137.7389,94.4124,4.1497,3.0422,702622.4588,642493.9025
002708.SZ,20251209,12.35,1.7209,0.92,136.086,93.2795,4.0999,3.0057,694190.9892,634783.9757
002708.SZ,20251208,12.39,1.831,0.97,136.5268,93.5816,4.1131,3.0154,696439.3811,636839.9562
002708.SZ,20251205,12.37,2.2914,1.2,136.3064,93.4306,4.1065,3.0106,695315.1852,635811.9659
002708.SZ,20251204,12.02,1.5827,0.84,132.4497,90.787,3.9903,2.9254,675641.7563,617822.1366
002708.SZ,20251203,12.0,1.5236,0.78,132.2293,90.636,3.9837,2.9205,674517.5604,616794.1464
002708.SZ,20251202,12.17,2.1686,1.18,134.1026,91.92,4.0401,2.9619,684073.2258,625532.0635
002708.SZ,20251201,12.44,1.8528,1.0,137.0778,93.9593,4.1297,3.0276,699249.8709,639409.9318
002708.SZ,20251128,12.35,2.3958,1.28,136.086,93.2795,4.0999,3.0057,694190.9892,634783.9757
002708.SZ,20251127,12.03,1.4896,0.82,132.5599,90.8625,3.9936,2.9278,676203.8543,618336.1318
002708.SZ,20251126,12.13,1.9019,1.06,133.6618,91.6178,4.0268,2.9522,681824.834,623476.083
002708.SZ,20251125,12.33,1.5579,0.82,135.8656,93.1284,4.0932,3.0008,693066.7933,633755.9854
002708.SZ,20251124,12.16,1.9555,0.95,133.9924,91.8444,4.0368,2.9595,683511.1279,625018.0684
002708.SZ,20251121,12.06,2.474,1.13,132.8905,91.0891,4.0036,2.9351,677890.1482,619878.1171
002708.SZ,20251120,12.45,1.1554,0.42,137.1879,94.0348,4.1331,3.03,699811.9689,639923.9269
002708.SZ,20251119,12.45,1.8103,0.52,137.1879,94.0348,4.1331,3.03,699811.9689,639923.9269
002708.SZ,20251118,12.79,2.0933,0.45,140.9344,96.6028,4.2459,3.1128,718923.2998,657399.761
002708.SZ,20251117,12.72,2.7316,0.54,140.1631,96.0741,4.2227,3.0958,714988.614,653801.7952
002708.SZ,20251114,13.01,3.1348,0.53,143.3586,98.2645,4.319,3.1663,731289.4551,668707.6537
002708.SZ,20251113,13.31,3.901,0.59,146.6644,100.5304,4.4186,3.2393,748152.3941,684127.5074
002708.SZ,20251112,13.52,5.4798,0.9,148.9784,102.1165,4.4883,3.2905,759956.4514,694921.4049
002708.SZ,20251111,13.65,8.1626,1.55,150.4109,103.0984,4.5314,3.3221,767263.725,701603.3415
002708.SZ,20251110,13.05,4.8359,0.93,143.7994,98.5666,4.3322,3.1761,733537.8469,670763.6342
002708.SZ,20251107,13.43,7.4418,1.51,147.9867,101.4367,4.4584,3.2686,754897.5697,690295.4488
002708.SZ,20251106,13.95,7.3054,1.73,153.7166,105.3643,4.631,3.3951,784126.664,717023.1952
002708.SZ,20251105,13.41,2.6123,0.63,147.7663,101.2857,4.4518,3.2637,753773.3737,689267.4586
002708.SZ,20251104,13.56,4.1717,1.08,149.4192,102.4186,4.5016,3.3002,762204.8433,696977.3854
002708.SZ,20251103,13.66,4.3351,1.21,150.5211,103.1739,4.5348,3.3245,767825.8229,702117.3367
002708.SZ,20251031,13.87,6.2581,2.02,152.8351,104.7601,4.6045,3.3756,779629.8802,712911.2342
002708.SZ,20251030,13.75,3.748,1.35,151.5128,127.7305,4.603,3.3464,772884.7046,706743.2928
002708.SZ,20251029,13.73,2.2772,0.78,151.2924,127.5447,4.5963,3.3416,771760.5087,705715.3025
002708.SZ,20251028,13.73,2.7064,0.81,151.2924,127.5447,4.5963,3.3416,771760.5087,705715.3025
002708.SZ,20251027,13.59,2.997,0.88,149.7497,126.2442,4.5495,3.3075,763891.1372,698519.3708
002708.SZ,20251024,13.73,3.7905,1.13,151.2924,127.5447,4.5963,3.3416,771760.5087,705715.3025
002708.SZ,20251023,13.31,2.1054,0.61,146.6644,123.6431,4.4557,3.2393,748152.3941,684127.5074
002708.SZ,20251022,13.5,2.9252,0.83,148.758,125.4081,4.5193,3.2856,758832.2555,693893.4147
002708.SZ,20251021,13.89,4.9363,1.41,153.0555,129.031,4.6499,3.3805,780754.0762,713939.2245
002708.SZ,20251020,13.36,3.1876,0.8,147.2153,124.1076,4.4725,3.2515,750962.8839,686697.483
002708.SZ,20251017,12.85,3.5605,0.77,141.5956,119.3699,4.3017,3.1274,722295.8876,660483.7318
002708.SZ,20251016,13.37,2.7024,0.51,147.3255,124.2005,4.4758,3.254,751524.9819,687211.4781
002708.SZ,20251015,13.66,3.2708,0.47,150.5211,126.8944,4.5729,3.3245,767825.8229,702117.3367
002708.SZ,20251014,13.6,4.7439,0.67,149.8599,126.3371,4.5528,3.3099,764453.2351,699033.3659
002708.SZ,20251013,13.91,5.6021,0.73,153.2758,129.2168,4.6566,3.3854,781878.2721,714967.2147
002708.SZ,20251010,13.98,6.6803,0.72,154.0472,129.8671,4.68,3.4024,785812.9579,718565.1806
002708.SZ,20251009,13.95,6.2483,0.57,153.7166,129.5884,4.67,3.3951,784126.664,717023.1952
002708.SZ,20250930,13.95,11.3798,1.08,153.7166,129.5884,4.67,3.3951,784126.664,717023.1952
002708.SZ,20250929,13.89,5.5225,0.46,153.0555,129.031,4.6499,3.3805,780754.0762,713939.2245
002708.SZ,20250926,14.03,8.2848,0.64,154.5981,130.3315,4.6968,3.4146,788623.4477,721135.1562
002708.SZ,20250925,14.47,15.175,1.17,159.4465,134.4189,4.8441,3.5217,813355.7582,743750.9415
002708.SZ,20250924,15.33,14.5554,1.34,168.923,142.4079,5.132,3.731,861696.1834,787954.522
002708.SZ,20250923,13.94,9.1858,0.92,153.6064,129.4955,4.6666,3.3927,783564.566,716509.2001
002708.SZ,20250922,14.31,12.3344,1.52,157.6835,132.9326,4.7905,3.4827,804362.1908,735527.0196
002708.SZ,20250919,13.82,13.9414,2.29,152.2841,128.3807,4.6265,3.3635,776819.3904,710341.2586
002708.SZ,20250918,13.32,14.9718,3.52,146.7746,123.736,4.4591,3.2418,748714.492,684641.5025
002708.SZ,20250917,12.95,3.8013,0.84,142.6975,120.2989,4.3352,3.1517,727916.8673,665623.683
002708.SZ,20250916,12.93,4.7158,0.94,142.4771,120.1131,4.3285,3.1469,726792.6713,664595.6927
002708.SZ,20250915,12.49,3.0921,0.56,137.6287,116.0257,4.1812,3.0398,702060.3608,641979.9074
002708.SZ,20250912,12.63,3.8738,0.73,139.1714,117.3263,4.2281,3.0739,709929.7323,649175.8391
002708.SZ,20250911,12.86,5.7841,1.18,141.7058,119.4628,4.3051,3.1298,722857.9856,660997.7269
002708.SZ,20250910,12.56,5.1322,1.14,138.4,116.676,4.2047,3.0568,705995.0466,645577.8732
002708.SZ,20250909,12.39,7.242,1.79,136.5268,115.0968,4.1477,3.0154,696439.3811,636839.9562
002708.SZ,20250908,12.2,5.666,1.6,134.4332,113.3318,4.0841,2.9692,685759.5197,627074.0488
002708.SZ,20250905,11.79,2.8233,0.8,129.9153,109.5231,3.9469,2.8694,662713.5031,606000.2488
002708.SZ,20250904,11.44,3.6403,0.98,126.0586,106.2718,3.8297,2.7842,643040.0742,588010.4196
002708.SZ,20250903,11.7,3.1435,0.71,128.9236,108.687,3.9168,2.8475,657654.6214,601374.2927
002708.SZ,20250902,12.14,4.9152,1.06,133.772,112.7744,4.0641,2.9546,682386.9319,623990.0781
002708.SZ,20250901,12.25,3.136,0.54,134.9841,113.7962,4.1009,2.9814,688570.0096,629644.0245
002708.SZ,20250829,12.34,2.8486,0.44,135.9758,114.6323,4.131,3.0033,693628.8913,634269.9805
002708.SZ,20250828,12.56,4.6218,0.68,138.4,116.676,4.2047,3.0568,705995.0466,645577.8732
002708.SZ,20250827,12.56,6.7439,0.9,138.4,116.676,4.2047,3.0568,705995.0466,645577.8732
002708.SZ,20250826,13.14,5.7917,0.61,144.7911,122.0639,4.3988,3.198,738596.7286,675389.5903
002708.SZ,20250825,13.31,8.951,1.0,146.6644,123.6431,4.4557,3.2393,748152.3941,684127.5074
002708.SZ,20250822,13.06,6.3699,0.76,143.9096,139.5582,4.4509,3.1785,734099.9449,671277.6293
002708.SZ,20250821,12.82,5.8848,0.74,141.265,136.9936,4.3691,3.1201,720609.5937,658941.7464
002708.SZ,20250820,13.1,10.6382,1.67,144.3504,139.9857,4.4646,3.1882,736348.3368,673333.6098
002708.SZ,20250819,12.8,15.9049,4.11,141.0446,136.7799,4.3623,3.1152,719485.3978,657913.7562
002708.SZ,20250818,12.46,5.8511,1.78,137.2981,133.1467,4.2465,3.0325,700374.0669,640437.922
002708.SZ,20250815,11.33,3.7713,1.18,124.8465,121.0716,3.8613,2.7575,636856.9966,582356.4732
002708.SZ,20250814,11.1,3.5229,1.12,122.3121,118.6138,3.783,2.7015,623928.7434,570534.5854
002708.SZ,20250813,11.35,2.8924,0.87,125.0669,121.2853,3.8682,2.7623,637981.1925,583384.4635
002708.SZ,20250812,11.37,3.3269,0.91,125.2873,121.499,3.875,2.7672,639105.3885,584412.4537
002708.SZ,20250811,11.3,2.9684,0.79,124.516,120.751,3.8511,2.7502,635170.7027,580814.4879
002708.SZ,20250808,11.17,3.3141,0.95,123.0835,119.3618,3.8068,2.7185,627863.4291,574132.5513
002708.SZ,20250807,11.18,3.2234,0.9,123.1937,119.4687,3.8102,2.721,628425.5271,574646.5464
002708.SZ,20250806,11.24,3.8479,1.15,123.8548,120.1098,3.8307,2.7356,631798.1149,577730.5171
002708.SZ,20250805,11.19,4.9391,1.71,123.3039,119.5755,3.8136,2.7234,628987.6251,575160.5415
002708.SZ,20250804,10.97,3.5112,1.15,120.8797,117.2246,3.7387,2.6698,616621.4698,563852.6488
002708.SZ,20250801,10.68,1.9715,0.62,117.6841,114.1257,3.6398,2.5993,600320.6288,548946.7903
002708.SZ,20250731,10.7,3.6045,1.25,117.9045,114.3394,3.6466,2.6041,601444.8247,549974.7805
002708.SZ,20250730,10.74,2.6719,0.96,118.3453,114.7669,3.6603,2.6139,603693.2166,552030.761
002708.SZ,20250729,10.89,2.7185,0.95,119.9981,116.3698,3.7114,2.6504,612124.6861,559740.6879
002708.SZ,20250728,10.94,4.2936,1.64,120.5491,116.9041,3.7284,2.6625,614935.1759,562310.6635
002708.SZ,20250725,10.81,2.6534,1.03,119.1166,115.5149,3.6841,2.6309,607627.9023,555628.7269
002708.SZ,20250724,10.79,2.0836,0.73,118.8962,115.3012,3.6773,2.626,606503.7064,554600.7366
002708.SZ,20250723,10.7,2.1434,0.69,117.9045,114.3394,3.6466,2.6041,601444.8247,549974.7805
002708.SZ,20250722,10.75,3.1879,1.05,118.4555,114.8737,3.6637,2.6163,604255.3145,552544.7562
002708.SZ,20250721,10.93,3.0324,0.96,120.4389,116.7972,3.725,2.6601,614373.0779,561796.6683
002708.SZ,20250718,10.81,2.4549,0.79,119.1166,115.5149,3.6841,2.6309,607627.9023,555628.7269
002708.SZ,20250717,10.9,3.3889,1.22,120.1083,116.4766,3.7148,2.6528,612686.784,560254.683
002708.SZ,20250716,10.76,3.4991,1.34,118.5656,114.9806,3.6671,2.6187,604817.4125,553058.7513
002708.SZ,20250715,10.6,2.7781,1.12,116.8026,113.2708,3.6126,2.5798,595823.845,544834.8293
002708.SZ,20250714,10.68,3.7087,1.83,117.6841,114.1257,3.6398,2.5993,600320.6288,548946.7903
002708.SZ,20250711,10.45,2.1672,1.09,115.1497,111.668,3.5614,2.5433,587392.3755,537124.9025
002708.SZ,20250710,10.37,1.7468,0.68,114.2682,110.8131,3.5342,2.5238,582895.5918,533012.9415
002708.SZ,20250709,10.42,2.6634,1.1,114.8191,111.3474,3.5512,2.536,585706.0816,535582.9171
002708.SZ,20250708,10.5,2.1162,0.86,115.7007,112.2022,3.5785,2.5555,590202.8654,539694.8781
002708.SZ,20250707,10.39,1.4645,0.54,114.4886,111.0268,3.541,2.5287,584019.7877,534040.9318
002708.SZ,20250704,10.39,1.9749,0.69,114.4886,111.0268,3.541,2.5287,584019.7877,534040.9318
002708.SZ,20250703,10.49,4.657,1.67,115.5905,112.0954,3.5751,2.553,589640.7674,539180.883
002708.SZ,20250702,10.83,1.9187,0.53,119.337,115.7286,3.6909,2.6358,608752.0983,556656.7171
002708.SZ,20250701,10.97,2.3271,0.59,120.8797,117.2246,3.7387,2.6698,616621.4698,563852.6488
002708.SZ,20250630,11.03,2.7916,0.72,121.5408,117.8658,3.7591,2.6844,619994.0576,566936.6196
002708.SZ,20250627,10.85,2.5858,0.7,119.5574,115.9423,3.6978,2.6406,609876.2942,557684.7074
002708.SZ,20250626,10.88,4.2929,1.23,119.8879,116.2629,3.708,2.6479,611562.5881,559226.6927
002708.SZ,20250625,11.07,5.9873,2.18,121.9816,118.2932,3.7727,2.6942,622242.4495,568992.6001
002708.SZ,20250624,10.75,4.2014,1.7,118.4555,114.8737,3.6637,2.6163,604255.3145,552544.7562
002708.SZ,20250623,10.32,2.2485,0.91,113.7172,110.2788,3.5171,2.5117,580085.1019,530442.9659
002708.SZ,20250620,10.29,1.8717,0.63,113.3867,109.9582,3.5069,2.5044,578398.808,528900.9805
002708.SZ,20250619,10.4,3.1072,1.02,114.5988,111.1337,3.5444,2.5311,584581.8857,534554.9269
002708.SZ,20250618,10.56,2.2851,0.67,116.3618,112.8434,3.5989,2.5701,593575.4532,542778.8488
002708.SZ,20250617,10.52,2.8598,0.73,115.9211,112.416,3.5853,2.5603,591327.0613,540722.8683
002708.SZ,20250616,10.65,2.2336,0.54,117.3535,113.8051,3.6296,2.592,598634.3349,547404.8049
002708.SZ,20250613,10.7,4.3454,1.11,117.9045,114.3394,3.6466,2.6041,601444.8247,549974.7805
002708.SZ,20250612,10.85,3.4813,0.83,119.5574,115.9423,3.6978,2.6406,609876.2942,557684.7074
002708.SZ,20250611,11.07,4.0302,0.91,121.9816,118.2932,3.7727,2.6942,622242.4495,568992.6001
002708.SZ,20250610,11.13,5.4572,1.2,122.6427,118.9344,3.7932,2.7088,625615.0373,572076.5708
002708.SZ,20250609,11.14,3.4078,0.54,122.7529,119.0412,3.7966,2.7112,626177.1352,572590.5659
002708.SZ,20250606,10.98,3.2512,0.45,120.9898,117.3315,3.7421,2.6723,617183.5678,564366.644
002708.SZ,20250605,11.12,4.7601,0.64,122.5325,118.8275,3.7898,2.7064,625052.9393,571562.5757
002708.SZ,20250604,11.09,5.1922,0.71,122.2019,118.5069,3.7796,2.6991,623366.6454,570020.5903
002708.SZ,20250603,11.07,6.119,0.89,121.9816,118.2932,3.7727,2.6942,622242.4495,568992.6001
002708.SZ,20250530,11.2,12.3285,2.28,123.4141,119.6824,3.817,2.7258,629549.723,575674.5366
002708.SZ,20250516,12.43,7.5515,1.41,136.9676,132.8261,4.2362,3.0252,698687.773,638895.9366
002708.SZ,20250515,12.17,5.9964,1.17,134.1026,130.0477,4.1476,2.9619,684073.2258,625532.0635
002708.SZ,20250514,12.09,4.3282,0.78,133.2211,129.1929,4.1204,2.9424,679576.4421,621420.1025
002708.SZ,20250513,12.17,4.3251,0.71,134.1026,130.0477,4.1476,2.9619,684073.2258,625532.0635
002708.SZ,20250512,12.39,4.8509,0.74,136.5268,132.3987,4.2226,3.0154,696439.3811,636839.9562
002708.SZ,20250509,12.31,7.2545,1.11,135.6453,131.5438,4.1953,2.996,691942.5974,632727.9952
002708.SZ,20250508,12.34,4.906,0.73,135.9758,131.8644,4.2056,3.0033,693628.8913,634269.9805
002708.SZ,20250507,12.3,6.5686,0.92,135.5351,131.4369,4.1919,2.9935,691380.4994,632214.0001
002708.SZ,20250506,12.27,6.7939,0.83,135.2045,131.1163,4.1817,2.9862,689694.2055,630672.0147
002708.SZ,20250430,12.09,7.0605,0.86,133.2211,129.1929,4.1204,2.9424,679576.4421,621420.1025
002708.SZ,20250429,11.89,7.271,0.98,131.0172,127.0557,4.0522,2.8938,668334.4828,611140.2001
002708.SZ,20250428,11.52,5.8754,0.84,126.9402,123.1019,3.9261,2.8037,647536.858,592122.3805
002708.SZ,20250425,11.48,8.7472,1.46,,,3.6908,3.5396,645288.4661,590066.4001
002708.SZ,20250424,11.2,11.9957,2.69,,,3.6008,3.4532,629549.723,575674.5366
002708.SZ,20250423,11.24,6.9272,1.72,,,3.6136,3.4656,631798.1149,577730.5171
002708.SZ,20250422,10.22,3.417,0.81,,,3.2857,3.1511,574464.1223,525303.0147
002708.SZ,20250421,10.4,3.7843,0.85,,,3.3436,3.2066,584581.8857,534554.9269
002708.SZ,20250418,10.15,3.912,0.8,,,3.2632,3.1295,570529.4365,521705.0488
002708.SZ,20250417,9.96,4.271,0.77,,,3.2021,3.0709,559849.5751,511939.1415
002708.SZ,20250416,10.18,4.8034,0.74,,,3.2728,3.1387,572215.7304,523247.0342
002708.SZ,20250415,10.62,4.2284,0.58,,,3.4143,3.2744,596948.041,545862.8196
002708.SZ,20250414,10.69,5.1257,0.77,,,3.4368,3.296,600882.7267,549460.7854
002708.SZ,20250411,10.5,6.0276,0.86,,,3.3757,3.2374,590202.8654,539694.8781
002708.SZ,20250410,10.34,7.6156,1.02,,,3.3243,3.1881,581209.2979,531470.9561
002708.SZ,20250409,10.12,9.5787,1.28,,,3.2536,3.1202,568843.1426,520163.0635
002708.SZ,20250408,10.1,8.1475,0.96,,,3.2471,3.1141,567718.9467,519135.0732
002708.SZ,20250407,11.21,2.015,0.2,,,3.604,3.4563,630111.821,576188.5318
002708.SZ,20250403,12.46,7.5422,0.67,,,4.0059,3.8417,700374.0669,640437.922
002708.SZ,20250402,12.91,10.0522,0.96,,,4.1505,3.9805,725668.4754,663567.7025
002708.SZ,20250401,12.66,9.6706,0.92,,,4.0702,3.9034,711616.0262,650717.8245
002708.SZ,20250331,13.21,13.2622,1.25,,,4.247,4.073,742531.4144,678987.5562
002708.SZ,20250328,12.65,10.2445,0.83,,,4.0669,3.9003,711053.9283,650203.8293
002708.SZ,20250327,12.72,13.4113,0.93,,,4.0894,3.9219,714988.614,653801.7952
002708.SZ,20250326,13.22,5.6786,0.32,,,4.2502,4.076,743093.5124,679501.5513
002708.SZ,20250325,12.02,9.8431,0.5,,,3.8644,3.7061,675641.7563,617822.1366
002708.SZ,20250324,12.07,14.0662,0.74,,,3.8805,3.7215,678452.2462,620392.1123
002708.SZ,20250321,13.35,18.9058,1.17,,,4.292,4.1161,750400.7859,686183.4879
002708.SZ,20250320,14.09,23.9743,1.9,,,4.5299,4.3443,791996.0355,724219.1269
002708.SZ,20250319,13.4,20.6199,2.16,,,4.3081,4.1315,753211.2758,688753.4635
002708.SZ,20250318,12.78,20.916,3.25,,,4.1087,3.9404,718361.2018,656885.7659
002708.SZ,20250317,12.56,11.0361,2.15,,,4.038,3.8726,705995.0466,645577.8732
002708.SZ,20250314,11.42,4.238,0.76,,,3.6715,3.5211,641915.8783,586982.4293
002708.SZ,20250313,11.33,6.3453,1.17,,,3.6426,3.4933,636856.9966,582356.4732
002708.SZ,20250312,11.83,5.2376,0.95,,,3.8033,3.6475,664961.895,608056.2293
002708.SZ,20250311,11.64,5.2791,0.92,,,3.7422,3.5889,654282.0336,598290.322
002708.SZ,20250310,11.73,4.5726,0.76,,,3.7712,3.6166,659340.9153,602916.2781
002708.SZ,20250307,11.73,6.5823,1.03,,,3.7712,3.6166,659340.9153,602916.2781
002708.SZ,20250306,11.62,5.5482,0.75,,,3.7358,3.5827,653157.8377,597262.3318
002708.SZ,20250305,11.56,5.6028,0.61,,,3.7165,3.5642,649785.2499,594178.361
002708.SZ,20250304,11.42,6.3198,0.64,,,3.6715,3.5211,641915.8783,586982.4293
002708.SZ,20250303,11.06,6.0772,0.54,,,3.5558,3.4101,621680.3515,568478.6049
002708.SZ,20250228,11.44,8.4318,0.75,,,3.6779,3.5272,643040.0742,588010.4196
002708.SZ,20250227,12.3,10.5192,0.95,,,3.9544,3.7924,691380.4994,632214.0001
002708.SZ,20250226,12.15,14.6274,1.43,,,3.9062,3.7461,682949.0299,624504.0732
002708.SZ,20250225,11.95,9.7671,1.04,,,3.8419,3.6845,671707.0706,614224.1708
002708.SZ,20250224,11.78,12.7151,1.55,,,3.7872,3.6321,662151.4051,605486.2537
002708.SZ,20250221,11.7,8.4483,1.08,,,3.7615,3.6074,657654.6214,601374.2927
002708.SZ,20250220,11.48,9.8097,1.28,,,3.6908,3.5396,645288.4661,590066.4001
002708.SZ,20250219,11.22,10.3858,1.55,,,3.6072,3.4594,630673.919,576702.5269
002708.SZ,20250218,10.61,5.7422,0.86,,,3.4111,3.2713,596385.943,545348.8244
002708.SZ,20250217,11.1,6.7382,1.02,,,3.5686,3.4224,623928.7434,570534.5854
002708.SZ,20250214,10.87,6.4334,0.89,,,3.4947,3.3515,611000.4901,558712.6976
002708.SZ,20250213,10.81,9.1313,1.32,,,3.4754,3.333,607627.9023,555628.7269
002708.SZ,20250212,11.04,5.4683,0.76,,,3.5493,3.4039,620556.1556,567450.6147
002708.SZ,20250211,10.94,5.5483,0.79,,,3.5172,3.3731,614935.1759,562310.6635
002708.SZ,20250210,11.0,6.3649,0.89,,,3.5365,3.3916,618307.7637,565394.6342
002708.SZ,20250207,11.03,9.5788,1.54,,,3.5461,3.4008,619994.0576,566936.6196
002708.SZ,20250206,10.95,7.5523,1.31,,,3.5204,3.3761,615497.2739,562824.6586
002708.SZ,20250205,10.54,6.8625,1.11,,,3.3886,3.2497,592451.2572,541750.8586
002708.SZ,20250127,10.05,4.8744,0.83,,,3.231,3.0987,564908.4568,516565.0976
002708.SZ,20250124,10.48,6.7166,1.23,,,3.3693,3.2312,589078.6694,538666.8879
002708.SZ,20250123,10.12,5.1468,0.98,,,3.2536,3.1202,568843.1426,520163.0635
002708.SZ,20250122,10.02,5.1639,0.99,,,3.2214,3.0894,563222.1629,515023.1122
002708.SZ,20250121,10.44,8.9701,1.91,,,3.3564,3.2189,586830.2775,536610.9074
002708.SZ,20250120,9.92,3.5041,0.7,,,3.1893,3.0586,557601.1833,494892.5183
002708.SZ,20250117,9.86,4.7014,0.92,,,3.17,3.0401,554228.5955,491899.2168
002708.SZ,20250116,10.21,4.1875,0.79,,,3.2825,3.148,573902.0243,505053.3346
002708.SZ,20250115,10.23,5.3705,0.99,,,3.2889,3.1542,575026.2202,506042.6653
002708.SZ,20250114,10.19,6.5216,1.29,,,3.2761,3.1418,572777.8284,504064.0039
002708.SZ,20250113,9.47,4.4569,0.79,,,3.0446,2.9198,532306.7747,468448.0978
002708.SZ,20250110,9.49,5.308,0.83,,,3.051,2.926,533430.9707,469437.4285
002708.SZ,20250109,9.71,4.8801,0.68,,,3.1217,2.9938,545797.126,480320.0665
300421.SZ,20260702,19.5,7.5919,2.02,82.8354,96.9461,4.4364,5.1698,573359.475,449090.46
300421.SZ,20260701,18.9,4.6356,1.32,80.2866,93.9632,4.2999,5.0107,555717.645,435272.292
300421.SZ,20260630,18.51,3.644,1.02,78.6299,92.0242,4.2112,4.9073,544250.4555,426290.4828
300421.SZ,20260629,17.81,3.4559,0.83,75.6563,88.5441,4.0519,4.7217,523668.3205,410169.2868
300421.SZ,20260626,17.95,3.2544,0.78,76.2511,89.2401,4.0838,4.7588,527784.7475,413393.526
300421.SZ,20260625,18.65,3.8389,0.95,79.2246,92.7203,4.243,4.9444,548366.8825,429514.722
300421.SZ,20260624,19.36,3.3257,0.84,82.2407,96.2501,4.4046,5.1326,569243.048,445866.2208
300421.SZ,20260623,19.9,3.9145,1.05,84.5346,98.9347,4.5274,5.2758,585120.695,458302.572
300421.SZ,20260622,19.8,6.3638,2.05,84.1098,98.4376,4.5047,5.2493,582180.39,455999.544
300421.SZ,20260618,20.29,3.4824,1.1,86.1913,100.8737,4.6162,5.3792,596587.8845,467284.3812
300421.SZ,20260617,20.17,3.0227,0.9,85.6815,100.2771,4.5889,5.3474,593059.5185,464520.7476
300421.SZ,20260616,20.49,2.9939,0.85,87.0409,101.868,4.6617,5.4322,602468.4945,471890.4372
300421.SZ,20260615,20.41,2.7562,0.7,86.7011,101.4703,4.6435,5.411,600116.2505,470048.0148
300421.SZ,20260612,20.17,3.3005,0.7,85.6815,100.2771,4.5889,5.3474,593059.5185,464520.7476
300421.SZ,20260611,20.42,3.753,0.79,86.7435,101.52,4.8099,5.4137,600410.2483,470278.3625
300421.SZ,20260610,20.43,4.0619,0.86,86.786,101.5697,4.8122,5.4163,600704.2788,470508.6653
300421.SZ,20260609,21.81,3.7321,0.74,92.6482,108.4305,5.1373,5.7822,641280.4856,502290.4548
300421.SZ,20260608,21.89,4.74,0.99,92.988,108.8282,5.1561,5.8034,643632.7295,504132.8774
300421.SZ,20260605,22.26,7.2598,1.61,94.5598,110.6677,5.2433,5.9015,654511.8574,512654.0818
300421.SZ,20260604,21.87,3.9251,0.78,92.9031,108.7288,4.9756,5.7981,643044.6685,503672.2717
300421.SZ,20260603,21.81,4.0298,0.66,92.6482,108.4305,4.962,5.7822,641280.4856,502290.4548
300421.SZ,20260602,22.29,5.1226,0.76,94.6872,110.8169,5.0712,5.9094,655393.9488,513344.9902
300421.SZ,20260601,22.41,3.6887,0.48,95.197,111.4134,5.0985,5.9412,658922.3146,516108.6241
300421.SZ,20260529,22.39,5.8245,0.64,95.112,111.314,5.0939,5.9359,658334.2537,515648.0185
300421.SZ,20260528,23.88,6.4697,0.6,101.4415,118.7217,5.4329,6.331,702144.7958,549963.1389
300421.SZ,20260527,24.22,9.2781,0.87,102.8858,120.412,5.5103,6.4211,712141.8322,557793.4349
300421.SZ,20260526,26.38,8.3134,0.73,112.0614,131.1507,6.0017,6.9938,775652.4168,607538.8444
300421.SZ,20260525,27.12,8.8519,0.73,115.2049,134.8297,6.17,7.1899,797410.6726,624581.2533
300421.SZ,20260522,27.96,12.6692,1.07,118.7732,139.0058,6.3611,7.4126,822109.2333,643926.6903
300421.SZ,20260521,27.47,14.9366,1.49,116.6917,136.5697,6.2497,7.2827,807701.7395,632641.852
300421.SZ,20260520,26.87,8.5679,0.92,114.1429,133.5868,6.1132,7.1237,790059.9105,618823.6827
300421.SZ,20260519,27.67,11.6854,1.41,117.5413,137.564,6.2952,7.3357,813582.3492,637247.9085
300421.SZ,20260518,27.45,13.0901,1.73,116.6068,136.4703,6.2451,7.2774,807113.6786,632181.2464
300421.SZ,20260515,26.72,10.9147,1.3,113.5057,132.841,6.079,7.0839,785649.4532,615369.1404
300421.SZ,20260514,25.35,5.9724,0.67,107.686,126.0299,5.7674,6.7207,745367.2769,583817.6538
300421.SZ,20260513,26.19,4.8077,0.56,111.2543,130.2061,5.9585,6.9434,770065.8376,603163.0908
300421.SZ,20260512,26.44,6.6537,0.82,112.3163,131.449,6.0153,7.0097,777416.5997,608920.6614
300421.SZ,20260511,27.01,9.4791,1.4,114.7376,134.2828,6.145,7.1608,794176.3373,622047.9222
300421.SZ,20260508,27.25,15.0688,3.31,115.7572,135.476,6.1996,7.2244,801233.0689,627575.19
300421.SZ,20260507,25.55,8.335,2.34,108.5356,127.0243,5.8129,6.7737,751247.8866,588423.7102
300421.SZ,20260506,24.18,3.6518,1.06,102.7159,120.2132,5.5012,6.4105,710965.7103,556872.2236
300421.SZ,20260430,23.78,4.2402,1.2,101.0167,118.2245,5.4102,6.3044,699204.491,547660.1107
300421.SZ,20260429,22.92,2.63,0.72,97.3635,113.949,5.2145,6.0765,673917.8693,527854.068
300421.SZ,20260428,22.86,3.917,1.06,121.693,119.6813,5.2966,6.4347,672153.6864,526566.5486
300421.SZ,20260427,23.83,3.406,0.9,126.8567,124.7596,5.5213,6.7078,700674.6434,548909.9236
300421.SZ,20260424,24.0,3.0588,0.75,127.7617,125.6496,5.5607,6.7556,705673.1616,552825.7728
300421.SZ,20260423,24.14,4.6234,1.11,128.507,126.3826,5.5932,6.795,709789.5884,556050.5898
300421.SZ,20260422,25.08,3.3272,0.72,133.511,131.3039,5.811,7.0596,737428.4539,577702.9326
300421.SZ,20260421,25.0,4.1247,0.77,133.0851,130.885,5.7924,7.0371,735076.21,575860.18
300421.SZ,20260420,25.24,3.8537,0.69,134.3627,132.1415,5.848,7.1047,742132.9416,581388.4377
300421.SZ,20260417,25.13,4.4864,0.77,133.7772,131.5656,5.8226,7.0737,738898.6063,578854.6529
300421.SZ,20260416,25.12,4.9438,0.85,133.7239,131.5133,5.8202,7.0709,738604.5758,578624.3089
300421.SZ,20260415,25.05,5.5585,0.86,133.3513,131.1468,5.804,7.0512,736546.3624,577011.9004
300421.SZ,20260414,25.52,7.9123,1.45,135.8533,133.6074,5.9129,7.1835,750365.7952,587838.0717
300421.SZ,20260413,24.7,5.1529,0.95,131.4881,129.3144,5.7229,6.9527,726255.2955,568949.8578
300421.SZ,20260410,24.57,5.6901,0.98,130.796,128.6338,5.6928,6.9161,722432.8992,565955.3849
300421.SZ,20260409,24.15,4.6281,0.85,128.5602,126.4349,5.5955,6.7979,710083.6189,556280.9339
300421.SZ,20260408,24.66,8.7714,2.06,131.2752,129.105,5.7137,6.9414,725079.1735,568028.4816
300421.SZ,20260407,22.64,3.1039,0.77,120.5219,118.5295,5.2456,6.3728,665685.0158,521498.979
300421.SZ,20260403,22.62,4.917,1.35,120.4154,118.4248,5.241,6.3672,665096.9548,521038.2909
300421.SZ,20260402,23.28,7.5051,2.62,123.9289,121.8801,5.3939,6.553,684502.9668,536240.9996
300421.SZ,20260401,23.22,2.891,0.96,123.6095,121.566,5.38,6.5361,682738.7838,534858.9352
300421.SZ,20260331,23.01,2.904,0.9,122.4915,120.4666,5.3314,6.477,676564.1437,530021.7097
300421.SZ,20260330,23.26,1.9857,0.52,123.8224,121.7754,5.3893,6.5473,683914.9058,535780.3115
300421.SZ,20260327,23.23,2.9215,0.74,123.6627,121.6184,5.3823,6.5389,683032.8143,535089.2793
300421.SZ,20260326,22.86,3.645,0.93,121.693,119.6813,5.2966,6.4347,672153.6864,526566.5486
300421.SZ,20260325,23.47,3.5235,0.96,124.9403,122.8749,5.4379,6.6064,690089.5459,540617.537
300421.SZ,20260324,22.7,4.0142,1.17,120.8413,118.8436,5.2595,6.3897,667449.1987,522881.0434
300421.SZ,20260323,22.36,5.0417,1.71,119.0313,117.0636,5.1808,6.294,657452.1622,515049.345
300421.SZ,20260320,23.33,3.5425,1.27,124.195,122.1419,5.4055,6.567,685973.1192,537392.72
300421.SZ,20260319,23.96,3.4108,1.28,127.5488,125.4402,5.5515,6.7444,704497.0397,551904.3965
300421.SZ,20260318,24.91,2.4108,0.78,132.606,130.4138,5.7716,7.0118,732429.9356,573787.0834
300421.SZ,20260317,24.47,2.6844,0.74,130.2637,128.1103,5.6696,6.8879,719492.5943,563651.9442
300421.SZ,20260316,25.36,2.7053,0.72,135.0015,132.7698,5.8758,7.1385,745661.3074,584152.5666
300421.SZ,20260313,25.19,2.729,0.72,134.0966,131.8798,5.8365,7.0906,740662.7892,580236.7174
300421.SZ,20260312,25.89,2.781,0.7,137.8229,135.5445,5.9986,7.2876,761244.9231,596360.8024
300421.SZ,20260311,26.26,4.4936,1.14,139.7926,137.4816,6.0844,7.3918,772124.051,604883.5331
300421.SZ,20260310,26.67,5.4388,1.27,141.9752,139.6281,6.1794,7.5072,784179.3008,614327.64
300421.SZ,20260309,25.77,3.4257,0.74,137.1841,134.9163,5.9708,7.2539,757716.5573,593596.6735
300421.SZ,20260306,26.0,2.7677,0.57,138.4085,136.1204,6.0241,7.3186,764479.2584,598894.5872
300421.SZ,20260305,25.74,3.7919,0.76,137.0244,134.7592,5.9639,7.2454,756834.4658,592905.6413
300421.SZ,20260304,25.25,4.3485,0.85,134.416,132.1939,5.8504,7.1075,742426.9721,581618.7818
300421.SZ,20260303,24.93,7.0714,1.4,132.7125,130.5185,5.7762,7.0174,733017.9966,574247.7715
300421.SZ,20260302,26.8,5.2965,1.03,142.6672,140.3087,6.2095,7.5438,788001.6971,617322.113
300421.SZ,20260227,27.58,3.9624,0.74,146.8195,144.3924,6.3902,7.7634,810936.0749,635288.9506
300421.SZ,20260226,27.69,4.373,0.76,147.4051,144.9683,6.4157,7.7943,814170.4102,637822.7354
300421.SZ,20260225,27.76,4.8704,0.71,147.7777,145.3347,6.4319,7.814,816228.6236,639435.1439
300421.SZ,20260224,27.9,6.7337,0.99,148.523,146.0677,6.4644,7.8534,820345.0504,642659.9609
300421.SZ,20260213,28.73,5.8951,0.78,152.9414,150.4131,6.6567,8.0871,844749.5805,661778.5189
300421.SZ,20260212,28.33,4.9929,0.64,150.812,148.3189,6.564,7.9745,832988.3612,652564.756
300421.SZ,20260211,28.35,6.0957,0.77,150.9185,148.4236,6.5686,7.9801,833576.4221,653025.4441
300421.SZ,20260210,29.2,10.5438,1.37,155.4434,152.8737,6.7656,8.2194,858569.0133,672604.6902
300421.SZ,20260209,28.57,6.4921,0.77,152.0897,149.5754,6.6196,8.042,840045.0928,658093.0137
300421.SZ,20260206,28.06,9.6814,1.23,149.3747,146.9054,6.5014,7.8985,825049.5381,646345.466
300421.SZ,20260205,27.12,5.9467,0.73,144.3707,141.9841,6.2836,7.6339,797410.6726,624693.1233
300421.SZ,20260204,28.05,6.9561,0.83,149.3215,146.853,6.4991,7.8956,824755.5076,646115.122
300421.SZ,20260203,28.78,9.3927,1.14,153.2076,150.6748,6.6683,8.1011,846219.733,662930.2392
300421.SZ,20260202,28.62,10.0203,0.99,152.3558,149.8372,6.6312,8.0561,841515.2452,659244.7341
300421.SZ,20260130,28.53,6.9516,0.6,151.8767,149.366,6.6103,8.0308,838868.9709,657171.6374
300421.SZ,20260129,28.58,7.3473,0.58,152.1429,149.6278,6.6219,8.0448,840339.1233,658323.3578
300421.SZ,20260128,29.52,8.1704,0.58,157.1469,154.549,6.8397,8.3094,867977.9888,679975.7005
300421.SZ,20260127,30.32,8.6141,0.55,161.4056,158.7374,7.0251,8.5346,891500.4275,698403.2263
300421.SZ,20260126,30.2,19.3721,1.29,160.7668,158.1091,6.9973,8.5008,887972.0617,695639.0974
300421.SZ,20260123,34.82,14.1761,0.91,185.3609,182.2967,8.0677,9.8013,1023814.1453,802058.0587
300421.SZ,20260122,33.83,12.9037,0.88,180.0908,177.1136,7.8383,9.5226,994705.1274,779253.9956
300421.SZ,20260121,33.95,15.3678,1.02,180.7296,177.7419,7.8661,9.5564,998233.4932,782018.1244
300421.SZ,20260120,34.85,16.4566,1.02,185.5206,182.4537,8.0747,9.8097,1024696.2367,802749.0909
300421.SZ,20260119,34.72,16.0139,0.92,184.8286,181.7731,8.0445,9.7732,1020873.8404,799754.618
300421.SZ,20260116,34.64,17.0773,0.92,184.4027,181.3543,8.026,9.7506,1018521.5966,797911.8654
300421.SZ,20260115,32.36,8.5295,0.42,172.2654,169.4176,7.4977,9.1088,951482.6462,745393.417
300421.SZ,20260114,32.39,17.4005,0.85,172.4251,169.5746,7.5047,9.1173,952364.7377,746084.4492
300421.SZ,20260113,33.32,21.4028,1.03,177.3758,174.4436,7.7202,9.3791,979709.5727,767506.4479
300421.SZ,20260112,37.15,22.8773,1.13,197.7645,194.4951,8.6076,10.4572,1092323.2481,855728.2275
300421.SZ,20260109,36.4,22.4148,1.07,193.7719,190.5686,8.4338,10.246,1070270.9618,838452.4221
300421.SZ,20260108,35.0,17.466,0.73,186.3192,183.239,8.1094,9.852,1029106.694,806204.252
300421.SZ,20260107,34.32,18.7956,0.74,182.6992,179.679,7.9519,9.6606,1009112.6211,790540.8551
300421.SZ,20260106,33.95,22.2451,0.87,180.7296,177.7419,7.8661,9.5564,998233.4932,782018.1244
300421.SZ,20260105,34.9,20.098,0.75,185.7868,182.7155,8.0862,9.8238,1026166.3892,803900.8113
300421.SZ,20251231,36.78,26.084,1.04,195.7948,192.5581,8.5218,10.353,1081444.1202,847205.4968
300421.SZ,20251230,35.95,33.1845,1.47,191.3764,188.2127,8.3295,10.1194,1057039.59,828086.9388
300421.SZ,20251229,32.51,25.9008,1.21,173.0639,170.2029,7.5325,9.1511,955893.1035,748848.5781
300421.SZ,20251226,29.64,22.7858,1.17,157.7857,155.1773,6.8675,8.3432,871506.3546,682739.8294
300421.SZ,20251225,30.99,26.3904,1.48,164.9723,162.2451,7.1803,8.7232,911200.4699,713836.2791
300421.SZ,20251224,27.57,17.2762,1.02,146.7663,144.34,6.3879,7.7605,810642.0444,635058.6065
300421.SZ,20251223,28.79,20.8583,1.36,153.2608,150.7272,6.6706,8.1039,846513.7634,663160.5833
300421.SZ,20251222,27.79,20.097,1.43,147.9374,145.4918,6.4389,7.8225,817110.715,640126.1761
300421.SZ,20251219,27.16,13.0037,0.88,144.5837,142.1935,6.2929,7.6451,798586.7945,625614.4996
300421.SZ,20251218,27.21,17.7214,1.15,144.8498,142.4553,6.3045,7.6592,800056.947,626766.2199
300421.SZ,20251217,28.3,12.9747,0.71,150.6523,148.1618,6.557,7.966,832106.2697,651873.7238
300421.SZ,20251216,27.25,12.6124,0.6,145.0628,142.6647,6.3138,7.6705,801233.0689,627687.5962
300421.SZ,20251215,28.9,13.7726,0.53,153.8464,151.3031,6.6961,8.1349,849748.0988,665694.3681
300421.SZ,20251212,29.79,16.4709,0.55,158.5842,155.9626,6.9023,8.3854,875916.8118,686194.9905
300421.SZ,20251211,30.26,21.1349,0.67,161.0862,158.4232,7.0112,8.5177,889736.2446,697021.1619
300421.SZ,20251210,32.02,27.9123,0.97,170.4554,167.6375,7.419,9.0131,941485.6098,737561.7185
300421.SZ,20251209,30.78,25.8946,0.95,163.8544,161.1456,7.1316,8.6641,905025.8298,708999.0536
300421.SZ,20251208,32.61,38.6561,1.6,173.5962,170.7264,7.5557,9.1792,958833.4083,751152.0188
300421.SZ,20251205,28.78,37.428,1.61,153.2076,150.6748,6.6683,8.1011,846219.733,662930.2392
300421.SZ,20251204,23.98,28.5912,1.3,127.6552,125.5449,5.5561,6.75,705085.1006,552365.0847
300421.SZ,20251203,23.8,13.1394,0.59,126.697,124.6025,5.5144,6.6993,699792.5519,548218.8914
300421.SZ,20251202,24.32,17.9215,0.9,129.4652,127.325,5.6349,6.8457,715082.1371,560196.7831
300421.SZ,20251201,25.65,23.6513,1.41,136.5453,134.288,5.943,7.2201,754188.1915,590832.5447
300421.SZ,20251128,25.13,32.8554,2.54,133.7772,131.5656,5.8226,7.0737,738898.6063,578854.6529
300421.SZ,20251127,22.36,22.6713,2.41,119.0313,117.0636,5.1808,6.294,657452.1622,515049.345
300421.SZ,20251126,20.02,13.5412,1.7,106.5746,104.8127,4.6386,5.6353,588649.029,461148.8321
300421.SZ,20251125,19.13,7.0354,0.84,101.8367,100.1532,4.4324,5.3848,562480.3159,440648.2097
300421.SZ,20251124,18.97,7.7752,0.96,100.985,99.3156,4.3953,5.3398,557775.8281,436962.7046
300421.SZ,20251121,18.96,13.5271,2.01,100.9317,99.2632,4.393,5.337,557481.7977,436732.3605
300421.SZ,20251120,18.37,5.1169,0.71,97.7909,96.1743,4.2563,5.1709,540133.9991,423142.0603
300421.SZ,20251119,18.75,6.4038,0.86,99.8138,98.1638,4.3443,5.2778,551307.1575,431895.135
300421.SZ,20251118,19.35,9.1472,1.21,103.0079,101.305,4.4833,5.4467,568948.9865,445715.7793
300421.SZ,20251117,19.24,6.419,0.66,102.4223,100.7291,4.4579,5.4158,565714.6512,443181.9945
300421.SZ,20251114,19.24,6.5806,0.51,102.4223,100.7291,4.4579,5.4158,565714.6512,443181.9945
300421.SZ,20251113,19.57,7.3089,0.47,104.179,102.4568,4.5343,5.5087,575417.6572,450783.3489
300421.SZ,20251112,19.7,7.6918,0.46,104.8711,103.1374,4.5644,5.5453,579240.0535,453777.8218
300421.SZ,20251111,20.15,9.7903,0.54,107.2666,105.4933,4.6687,5.6719,592471.4253,464143.3051
300421.SZ,20251110,20.32,17.1458,0.92,108.1716,106.3833,4.7081,5.7198,597469.9435,468059.1543
300421.SZ,20251107,21.59,22.3525,1.28,114.9323,113.0323,5.0023,6.0773,634811.815,497312.8514
300421.SZ,20251106,23.99,19.9587,1.22,127.7085,125.5973,5.5584,6.7528,705379.1311,552595.4287
300421.SZ,20251105,22.87,13.6125,0.83,121.7463,119.7336,5.2989,6.4376,672447.7169,526796.8927
300421.SZ,20251104,22.36,18.1554,1.1,119.0313,117.0636,5.1808,6.294,657452.1622,515049.345
300421.SZ,20251103,24.2,19.1492,1.05,128.8264,126.6967,5.6071,6.8119,711553.7713,557432.6542
300421.SZ,20251031,23.7,16.4318,0.83,126.1647,124.079,5.4912,6.6712,696852.2471,545915.4506
300421.SZ,20251030,22.85,14.6447,0.74,121.6398,119.6289,5.2943,6.4319,671859.6559,526336.2045
300421.SZ,20251029,23.85,13.743,0.68,126.9632,124.8643,5.526,6.7134,701262.7043,549370.6117
300421.SZ,20251028,24.1,18.5639,0.9,128.294,126.1732,5.5839,6.7838,708613.4664,555129.2135
300421.SZ,20251027,24.15,27.9941,1.4,128.5602,126.4349,5.5955,6.7979,710083.6189,556280.9339
300421.SZ,20251024,21.64,24.4538,1.36,115.1985,110.9695,5.0665,6.0913,636281.9674,498464.5718
300421.SZ,20251023,19.81,14.2006,0.76,105.4566,101.5853,4.638,5.5762,582474.3888,456311.6066
300421.SZ,20251022,20.32,15.2755,0.76,108.1716,104.2006,4.7574,5.7198,597469.9435,468059.1543
300421.SZ,20251021,21.18,21.5776,1.1,112.7497,108.6106,4.9588,5.9618,622756.5651,487868.7445
300421.SZ,20251020,20.73,24.4715,1.32,110.3542,106.3031,4.8534,5.8352,609525.1933,477503.2613
300421.SZ,20251017,18.96,14.1974,0.71,100.9317,97.2265,4.439,5.337,557481.7977,436732.3605
300421.SZ,20251016,19.88,18.1946,0.95,105.8293,101.9443,4.6544,5.5959,584532.6022,457924.0151
300421.SZ,20251015,20.59,22.0863,1.24,109.6089,105.5851,4.8206,5.7958,605408.7666,474278.4442
300421.SZ,20251014,19.99,19.0353,1.05,106.4149,102.5084,4.6801,5.6269,587766.9375,460457.7999
300421.SZ,20251013,19.66,19.0988,0.98,104.6581,100.8161,4.6029,5.534,578063.9315,452856.4456
300421.SZ,20251010,18.99,21.7854,0.95,101.0914,97.3804,4.446,5.3454,558363.8891,437423.3927
300421.SZ,20251009,18.55,14.216,0.5,98.7492,95.1241,4.343,5.2215,545426.5478,427288.2536
300421.SZ,20250930,19.03,15.1509,0.56,101.3044,97.5855,4.4554,5.3567,559540.0111,438344.769
300421.SZ,20250929,19.21,20.2475,0.84,102.2626,98.5085,4.4975,5.4073,564832.5598,442490.9623
300421.SZ,20250926,19.73,26.0572,1.26,105.0308,101.1751,4.6193,5.5537,580122.1449,454468.8541
300421.SZ,20250925,19.29,38.6855,2.45,102.6885,98.9188,4.5163,5.4298,567184.8036,444333.7149
300421.SZ,20250924,18.02,42.7933,4.27,95.9277,92.4062,4.2189,5.0724,529842.9322,415080.0177
300421.SZ,20250923,15.7,7.8891,0.64,83.5774,80.5093,3.6758,4.4193,461627.8599,361640.193
300421.SZ,20250922,15.63,5.3336,0.4,83.2048,80.1504,3.6594,4.3996,459569.6465,360027.7845
300421.SZ,20250919,15.54,8.4736,0.67,82.7257,79.6888,3.6383,4.3743,456923.3721,357954.6879
300421.SZ,20250918,16.26,14.3137,1.35,86.5586,83.381,3.8069,4.5769,478093.567,374539.4611
300421.SZ,20250917,16.5,14.0826,1.66,87.8362,84.6117,3.8631,4.6445,485150.2986,380067.7188
300421.SZ,20250916,17.0,19.8659,3.68,90.4979,87.1757,3.9801,4.7852,499851.8228,391584.9224
300421.SZ,20250915,15.78,10.7668,2.36,84.0033,80.9195,3.6945,4.4418,463980.1038,363482.9456
300421.SZ,20250912,15.16,4.2137,0.95,80.7028,77.7402,3.5493,4.2673,445750.2137,349201.6132
300421.SZ,20250911,15.38,4.2567,0.93,81.874,78.8684,3.6008,4.3292,452218.8844,354269.1827
300421.SZ,20250910,15.12,3.4196,0.67,80.4899,77.5351,3.54,4.256,444574.0918,348280.2369
300421.SZ,20250909,15.29,4.3524,0.71,81.3949,78.4068,3.5798,4.3039,449572.61,352196.0861
300421.SZ,20250908,15.51,6.5237,1.09,82.566,79.535,3.6313,4.3658,456041.2807,357263.6557
300421.SZ,20250905,14.98,3.7195,0.6,79.7446,76.8172,3.5072,4.2166,440457.665,345055.4199
300421.SZ,20250904,14.66,4.8004,0.71,78.0411,75.1762,3.4323,4.1266,431048.6895,337684.4096
300421.SZ,20250903,14.84,6.3039,0.89,78.9993,76.0992,3.4744,4.1772,436341.2383,341830.6028
300421.SZ,20250902,15.66,9.4457,1.49,83.3645,80.3042,3.6664,4.4081,460451.7379,360718.8168
300421.SZ,20250901,15.39,5.6235,0.8,81.9272,78.9196,3.6032,4.3321,452512.9149,354499.5268
300421.SZ,20250829,15.6,4.7943,0.57,83.0451,79.9965,3.6523,4.3912,458687.555,359336.7523
300421.SZ,20250828,15.84,7.4157,0.9,84.3227,81.2272,3.7085,4.4587,465744.2867,364865.01
300421.SZ,20250827,16.01,8.1378,1.04,85.2277,82.099,3.7483,4.5066,470742.8049,368780.8593
300421.SZ,20250826,16.78,5.6304,0.63,89.3267,86.0475,3.9286,4.7233,493383.1522,386517.3528
300421.SZ,20250825,17.06,9.1531,1.08,90.8173,87.4834,3.9942,4.8021,501616.0057,392966.9868
300421.SZ,20250822,17.0,11.4137,1.51,90.4979,87.1757,3.9801,4.7852,499851.8228,391584.9224
300421.SZ,20250821,16.53,6.7385,0.89,87.9959,84.7655,3.8701,4.6529,486032.3901,380758.751
300421.SZ,20250820,16.89,6.2072,0.81,89.9123,86.6116,3.9544,4.7543,496617.4875,389051.1376
300421.SZ,20250819,16.92,10.9549,1.51,90.072,86.7654,3.9614,4.7627,497499.5789,389742.1698
300421.SZ,20250818,16.51,7.1411,0.93,87.8894,84.663,3.8654,4.6473,485444.3291,380298.0629
300421.SZ,20250815,16.54,6.7401,0.82,88.0491,84.8168,3.8724,4.6558,486326.4205,380989.0951
300421.SZ,20250814,16.23,6.9942,0.79,86.3989,83.2271,3.7998,4.5685,477211.4755,373848.4289
300421.SZ,20250813,16.69,6.6158,0.61,88.8476,85.586,3.9075,4.698,490736.8778,384444.2562
300421.SZ,20250812,16.68,8.7075,0.85,88.7944,85.5347,3.9052,4.6952,490442.8473,384213.9121
300421.SZ,20250811,17.15,9.4322,0.97,91.2964,87.9449,4.0152,4.8275,504262.2801,395040.0835
300421.SZ,20250808,16.97,9.288,1.08,90.3382,87.5848,4.0376,4.7768,498969.7313,390893.8902
300421.SZ,20250807,17.01,10.3655,1.42,90.5511,87.7912,4.0471,4.7881,500145.8533,391815.2665
300421.SZ,20250806,17.23,16.6477,3.19,91.7223,88.9267,4.0995,4.85,506614.5239,396882.8361
300421.SZ,20250805,16.17,5.6468,1.1,86.0794,83.4558,3.8473,4.5516,475447.2926,372466.3644
300421.SZ,20250804,16.11,6.6462,1.12,85.76,83.1462,3.833,4.5347,473683.1097,371084.3
300421.SZ,20250801,15.65,3.6316,0.54,83.3113,80.772,3.7235,4.4052,460157.7075,360488.4727
300421.SZ,20250731,15.4,3.8992,0.52,81.9804,79.4818,3.6641,4.3349,452806.9454,354729.8709
300421.SZ,20250730,15.55,6.2944,0.72,82.7789,80.2559,3.6997,4.3771,457217.4026,358185.032
300421.SZ,20250729,15.96,5.2101,0.48,84.9615,82.372,3.7973,4.4925,469272.6525,367629.1389
300421.SZ,20250728,15.87,10.5037,0.97,84.4824,81.9075,3.7759,4.4672,466626.3781,365556.0423
300421.SZ,20250725,16.0,7.669,0.68,85.1745,82.5784,3.8068,4.5038,470448.7744,368550.5152
300421.SZ,20250724,16.24,7.7479,0.6,86.4521,83.8171,3.8639,4.5713,477505.506,374078.7729
300421.SZ,20250723,16.19,12.5202,0.92,86.1859,83.5591,3.852,4.5572,476035.3536,372927.0526
300421.SZ,20250722,17.06,15.5295,1.23,90.8173,88.0493,4.059,4.8021,501616.0057,392966.9868
300421.SZ,20250721,16.59,10.8015,0.87,88.3153,85.6235,3.9472,4.6698,487796.573,382140.8154
300421.SZ,20250718,16.27,9.5584,0.82,86.6118,83.972,3.8711,4.5798,478387.5975,374769.8051
300421.SZ,20250717,16.19,15.6714,1.57,86.1859,83.5591,3.852,4.5572,476035.3536,372927.0526
300421.SZ,20250716,16.45,16.6642,1.78,87.57,84.901,3.9139,4.6304,483680.1462,378915.9984
300421.SZ,20250715,15.93,10.1802,1.29,84.8018,82.2172,3.7902,4.4841,468390.561,366938.1067
300421.SZ,20250714,15.63,10.1074,1.6,83.2048,80.6688,3.7188,4.3996,459569.6465,360027.7845
300421.SZ,20250711,15.03,5.9434,1.02,80.0108,77.5721,3.576,4.2307,441927.8175,346207.1402
300421.SZ,20250710,14.97,6.9709,1.4,79.6914,77.2625,3.5617,4.2138,440163.6345,344825.0758
300421.SZ,20250709,15.25,13.5254,4.65,81.1819,78.7076,3.6284,4.2926,448396.4881,351274.7098
300421.SZ,20250708,14.77,3.0512,1.01,78.6267,76.2302,3.5142,4.1575,434283.0249,340218.1943
300421.SZ,20250707,14.54,2.165,0.66,77.4023,75.0432,3.4594,4.0928,427520.3237,334920.2807
300421.SZ,20250704,14.54,3.3232,1.0,77.4023,75.0432,3.4594,4.0928,427520.3237,334920.2807
300421.SZ,20250703,14.8,2.8842,0.71,78.7864,76.3851,3.5213,4.166,435165.1163,340909.2266
300421.SZ,20250702,14.64,3.1181,0.59,77.9346,75.5593,3.4832,4.1209,430460.6286,337223.7214
300421.SZ,20250701,14.91,3.6778,0.63,79.372,76.9528,3.5475,4.1969,438399.4516,343443.0114
300421.SZ,20250630,14.98,3.309,0.58,79.7446,77.3141,3.5641,4.2166,440457.665,345055.4199
300421.SZ,20250627,14.85,3.6009,0.63,79.0526,76.6431,3.5332,4.18,436635.2687,342060.9469
300421.SZ,20250626,14.77,6.7045,1.25,78.6267,76.2302,3.5142,4.1575,434283.0249,340218.1943
300421.SZ,20250625,14.92,9.0462,2.04,79.4252,77.0044,3.5499,4.1998,438693.4821,343673.3554
300421.SZ,20250624,14.48,6.4827,1.74,77.0829,74.7335,3.4452,4.0759,425756.1408,333538.2163
300421.SZ,20250623,13.79,2.7625,0.7,73.4097,71.1723,3.281,3.8817,405468.0374,317644.4753
300421.SZ,20250620,13.67,3.5637,0.85,72.7709,70.553,3.2524,3.8479,401939.6716,314880.3464
300421.SZ,20250619,13.95,4.8605,1.22,74.2615,71.9981,3.3191,3.9267,410172.5252,321329.9804
300421.SZ,20250618,14.2,4.5217,1.16,75.5923,73.2884,3.3785,3.9971,417523.2873,327088.5822
300421.SZ,20250617,14.48,2.8867,0.66,77.0829,74.7335,3.4452,4.0759,425756.1408,333538.2163
300421.SZ,20250616,14.55,3.9798,0.92,77.4555,75.0948,3.4618,4.0956,427814.3542,335150.6248
300421.SZ,20250613,14.23,4.7249,1.11,75.752,73.4432,3.3857,4.0055,418405.3787,327779.6145
300421.SZ,20250612,14.72,3.7339,0.75,78.3605,75.9722,3.5023,4.1435,432812.8724,339066.474
300421.SZ,20250611,14.84,4.2358,0.84,78.9993,76.5915,3.5308,4.1772,436341.2383,341830.6028
300421.SZ,20250610,14.83,5.0324,1.06,78.9461,76.5399,3.5284,4.1744,436047.2078,341600.2588
300421.SZ,20250609,14.98,3.9192,0.78,79.7446,77.3141,3.5641,4.2166,440457.665,345055.4199
300421.SZ,20250606,14.83,4.2808,0.82,78.9461,76.5399,3.5284,4.1744,436047.2078,341600.2588
300421.SZ,20250605,15.04,7.2792,1.5,80.064,77.6237,3.5784,4.2335,442221.8479,346437.4843
300421.SZ,20250604,14.81,4.5535,0.9,78.8396,76.4367,3.5237,4.1688,435459.1468,341139.5706
300421.SZ,20250603,14.64,3.7776,0.65,77.9346,75.5593,3.4832,4.1209,430460.6286,337223.7214
300421.SZ,20250530,14.62,5.3272,0.85,77.8282,75.4561,3.4785,4.1153,429872.5676,336763.0333
300421.SZ,20250529,15.12,5.0624,0.74,80.4899,78.0366,3.5974,4.256,444574.0918,348280.2369
300421.SZ,20250528,14.99,5.5432,0.76,79.7978,77.3657,3.5665,4.2195,440751.6955,345285.7639
300421.SZ,20250527,15.22,5.6603,0.75,81.0222,78.5527,3.5207,4.2842,447514.3966,350583.6776
300421.SZ,20250526,15.45,7.6153,0.98,82.2466,79.7398,3.5739,4.3489,454277.0978,355881.5912
300421.SZ,20250523,15.77,7.5188,0.89,83.9501,81.3914,3.6479,4.439,463686.0733,363252.6015
300421.SZ,20250522,16.18,7.8069,0.91,86.1327,83.5075,3.7428,4.5544,475741.3231,372696.7085
300421.SZ,20250521,16.28,7.7172,0.85,86.665,84.0236,3.7659,4.5826,478681.628,375000.1492
300421.SZ,20250520,16.72,7.232,0.7,89.0073,86.2945,3.8677,4.7064,491618.9692,385135.2884
300421.SZ,20250519,16.89,8.7535,0.73,89.9123,87.1719,3.907,4.7543,496617.4875,389051.1376
300421.SZ,20250516,16.97,10.7722,0.88,90.3382,87.5848,3.9255,4.7768,498969.7313,390893.8902
300421.SZ,20250515,16.59,8.3571,0.6,88.3153,85.6235,3.8376,4.6698,487796.573,382140.8154
300421.SZ,20250514,17.09,10.084,0.61,90.977,88.2041,3.9533,4.8106,502498.0972,393658.019
300421.SZ,20250513,17.27,13.9031,0.7,91.9352,89.1331,3.9949,4.8612,507790.6459,397804.2123
300421.SZ,20250512,17.5,16.6379,0.84,93.1596,90.3202,4.0481,4.926,514553.347,403102.126
300421.SZ,20250509,16.86,12.329,0.6,89.7526,87.017,3.9001,4.7458,495735.396,388360.1054
300421.SZ,20250508,17.53,16.4515,0.87,93.3193,90.475,4.0551,4.9344,515435.4385,403793.1582
300421.SZ,20250507,17.57,23.6651,1.39,93.5322,90.6815,4.0643,4.9457,516611.5604,404714.5345
300421.SZ,20250506,18.11,30.3117,2.3,96.4069,93.4685,4.1892,5.0977,532489.2065,417153.1144
300421.SZ,20250430,15.59,16.4722,1.26,82.9919,80.4624,3.6063,4.3883,458393.5246,359106.4082
300421.SZ,20250429,15.12,15.3388,1.36,80.4899,78.0366,3.4976,4.256,444574.0918,348280.2369
300421.SZ,20250428,14.44,8.8003,0.8,76.87,74.527,3.3403,4.0646,424580.0189,332616.84
300421.SZ,20250425,14.82,14.0867,1.47,78.8929,76.4883,3.4282,4.1716,435753.1773,341369.9147
300421.SZ,20250424,14.25,11.3306,1.28,69.9683,78.2324,3.355,4.183,418993.4397,328240.3026
300421.SZ,20250423,14.5,15.7196,2.05,71.1958,79.6049,3.4138,4.2564,426344.2018,333998.9044
300421.SZ,20250422,13.58,6.4169,0.75,66.6786,74.5541,3.1972,3.9864,399293.3973,312807.2498
300421.SZ,20250421,13.95,7.4452,0.8,68.4953,76.5854,3.2843,4.095,410172.5252,321329.9804
300421.SZ,20250418,13.62,6.9586,0.67,66.875,74.7737,3.2066,3.9981,400469.5192,313728.6261
300421.SZ,20250417,13.75,7.8429,0.61,67.5133,75.4874,3.2372,4.0363,404291.9155,316723.099
300421.SZ,20250416,14.12,9.6084,0.63,69.33,77.5187,3.3243,4.1449,415171.0434,325245.8297
300421.SZ,20250415,14.74,10.7731,0.62,72.3743,80.9225,3.4703,4.3269,433400.9334,339527.1621
300421.SZ,20250414,14.72,11.2337,0.6,72.2761,80.8127,3.4656,4.321,432812.8724,339066.474
300421.SZ,20250411,14.4,12.6782,0.62,70.7048,79.0559,3.3903,4.2271,423403.897,331695.4637
300421.SZ,20250410,14.43,20.1358,0.94,70.8521,79.2206,3.3973,4.2359,424285.9884,332386.4959
300421.SZ,20250409,13.64,21.5726,0.89,66.9732,74.8835,3.2113,4.004,401057.5802,314189.3142
300421.SZ,20250408,13.39,21.9624,0.86,65.7457,73.511,3.1525,3.9306,393706.8181,308430.7124
300421.SZ,20250407,13.58,17.5681,0.61,66.6786,74.5541,3.1972,3.9864,399293.3973,312807.2498
300421.SZ,20250403,16.97,21.0479,0.65,83.3237,93.1651,3.9953,4.9815,498969.7313,390893.8902
300421.SZ,20250402,17.6,25.4358,0.81,86.417,96.6238,4.1437,5.1664,517493.6518,405405.5667
300421.SZ,20250401,18.71,34.6784,1.18,91.8672,102.7177,4.405,5.4923,550131.0356,430973.7587
300421.SZ,20250331,18.23,29.4949,1.12,89.5104,100.0825,4.292,5.3514,536017.5723,419917.2433
300421.SZ,20250328,17.77,33.9452,1.47,87.2517,97.5571,4.1837,5.2163,522492.1701,409321.4159
300421.SZ,20250327,17.08,37.6763,1.79,83.8638,93.769,4.0212,5.0138,502204.0667,393427.675
300421.SZ,20250326,18.89,20.642,0.96,92.751,103.7059,4.4474,5.5451,555423.5843,435119.952
300421.SZ,20250325,15.74,25.3572,1.27,77.2843,86.4124,3.7058,4.6204,462803.9818,362561.5693
300421.SZ,20250324,14.88,13.6512,0.72,73.0617,81.6911,3.5033,4.368,437517.3602,342751.9791
300421.SZ,20250321,15.8,18.3568,1.08,77.5789,86.7418,3.7199,4.638,464568.1647,363943.6338
300421.SZ,20250320,16.93,27.083,1.95,83.1273,92.9455,3.9859,4.9697,497793.6094,389972.5139
300421.SZ,20250319,16.76,23.4296,2.1,82.2926,92.0122,3.9459,4.9198,492795.0912,386056.6647
300421.SZ,20250318,15.85,17.3214,1.75,77.8244,87.0163,3.7317,4.6527,466038.3171,365095.3541
300421.SZ,20250317,15.07,8.6599,0.82,73.9946,82.7342,3.548,4.4238,443103.9394,347128.5165
300421.SZ,20250314,14.68,8.5077,0.76,72.0797,80.5931,3.4562,4.3093,431636.7505,338145.0977
300421.SZ,20250313,14.23,11.6951,0.95,69.8701,78.1226,3.3502,4.1772,418405.3787,327779.6145
300421.SZ,20250312,14.98,9.684,0.73,73.5527,82.2401,3.5268,4.3973,440457.665,345055.4199
300421.SZ,20250311,15.1,10.8554,0.8,74.1419,82.8989,3.5551,4.4326,443986.0308,347819.5487
300421.SZ,20250310,15.51,11.7687,0.82,76.155,85.1497,3.6516,4.5529,456041.2807,357263.6557
300421.SZ,20250307,15.35,12.3225,0.77,75.3694,84.2713,3.6139,4.5059,451336.7929,353578.1505
300421.SZ,20250306,15.33,17.1588,0.89,75.2712,84.1615,3.6092,4.5001,450748.732,353117.4624
300421.SZ,20250305,15.05,13.8674,0.56,73.8964,82.6244,3.5433,4.4179,442515.8784,346667.8284
300421.SZ,20250304,14.72,13.1379,0.51,72.2761,80.8127,3.4656,4.321,432812.8724,339066.474
300421.SZ,20250303,14.52,14.9248,0.59,71.294,79.7147,3.4185,4.2623,426932.2628,334459.5925
300421.SZ,20250228,15.07,20.7673,0.86,73.9946,82.7342,3.548,4.4238,443103.9394,347128.5165
300421.SZ,20250227,16.51,33.8794,1.58,81.0651,90.6397,3.887,4.8465,485444.3291,380298.0629
300421.SZ,20250226,17.8,41.1028,2.54,87.399,97.7218,4.1908,5.2251,523374.2615,410012.4482
300421.SZ,20250225,14.83,18.4499,1.32,72.8162,81.4166,3.4915,4.3533,436047.2078,341600.2588
300421.SZ,20250224,14.44,13.357,1.01,70.9012,79.2755,3.3997,4.2388,424580.0189,332616.84
300421.SZ,20250221,14.31,14.3239,1.18,70.2629,78.5618,3.3691,4.2007,420757.6226,329622.367
300421.SZ,20250220,14.51,20.129,1.93,71.2449,79.6598,3.4162,4.2594,426638.2323,334229.2485
300421.SZ,20250219,13.72,14.7913,1.31,67.366,75.3227,3.2302,4.0275,403409.824,316032.0668
300421.SZ,20250218,12.88,7.5155,0.67,63.2415,70.7111,3.0324,3.7809,378711.2634,296683.1647
300421.SZ,20250217,13.2,9.07,0.82,64.8128,72.4679,3.1077,3.8748,388120.2389,304054.175
300421.SZ,20250214,12.75,9.1547,0.78,62.6032,69.9974,3.0018,3.7427,374888.8671,293688.6918
300421.SZ,20250213,13.19,11.5748,0.99,64.7637,72.413,3.1054,3.8719,387826.2084,303823.831
300421.SZ,20250212,13.93,19.0577,2.09,68.3971,76.4756,3.2796,4.0891,409584.4642,320869.2923
300421.SZ,20250211,13.04,7.5095,0.84,64.0272,71.5895,3.0701,3.8279,383415.7511,300368.6699
300421.SZ,20250210,13.0,8.2996,0.93,63.8308,71.3699,3.0607,3.8161,382239.6292,299447.2936
300421.SZ,20250207,13.15,12.0426,1.42,64.5673,72.1934,3.096,3.8601,386650.0865,302902.4547
300421.SZ,20250206,13.33,11.2937,1.47,65.4511,73.1816,3.1384,3.913,391942.6352,307048.648
300421.SZ,20250205,12.6,6.4748,0.75,61.8667,69.1739,2.9665,3.6987,370478.4098,290233.5307
300421.SZ,20250127,12.41,6.6926,0.76,60.9338,68.1308,2.9218,3.6429,364891.8306,285856.9934
300421.SZ,20250124,12.89,8.1079,0.92,63.2906,70.766,3.0348,3.7838,379005.2939,296913.5088
300421.SZ,20250123,12.65,9.9609,1.2,62.1122,69.4484,2.9783,3.7134,371948.5623,291385.2511
300421.SZ,20250122,12.63,7.1672,0.83,62.014,69.3386,2.9736,3.7075,371360.5013,290924.5629
300421.SZ,20250121,12.8,10.9547,1.22,62.8487,70.2719,3.0136,3.7574,376359.0195,294840.4122
300421.SZ,20250120,12.44,7.7606,0.82,61.0811,68.2955,2.9288,3.6517,365773.9221,286548.0256
300421.SZ,20250117,12.27,8.3687,0.88,60.2464,67.3622,2.8888,3.6018,360775.4039,282632.1763
300421.SZ,20250116,12.16,7.3512,0.76,59.7063,66.7583,2.8629,3.5695,357541.0685,280098.3916
300421.SZ,20250115,12.24,8.8662,0.97,60.0991,67.1975,2.8817,3.593,359893.3124,281941.1441
300421.SZ,20250114,12.4,12.3877,1.61,60.8847,68.0759,2.9194,3.64,364597.8002,285626.6493
300421.SZ,20250113,11.59,10.4239,1.65,56.9076,63.629,2.7287,3.4022,340781.331,266968.7794
300421.SZ,20250110,11.23,8.2992,1.47,55.14,61.6526,2.6439,3.2965,330196.2335,258676.3929
300421.SZ,20250109,11.46,8.4481,1.74,56.2693,62.9153,2.6981,3.364,336958.9347,263974.3065
688017.SH,20260702,413.05,11.3837,1.3,608.8798,553.7334,21.2183,132.6838,7572449.7805,7572449.7805
688017.SH,20260701,423.98,10.4291,1.3,624.9918,568.3861,21.7798,136.1948,7772829.5798,7772829.5798
688017.SH,20260630,417.86,11.4546,1.61,615.9702,560.1817,21.4654,134.2289,7660631.5586,7660631.5586
688017.SH,20260629,361.62,7.4473,0.96,533.0665,484.7865,18.5764,116.163,6629583.0762,6629583.0762
688017.SH,20260626,369.46,6.6168,0.78,544.6235,495.2968,18.9791,118.6814,6773313.8746,6773313.8746
688017.SH,20260625,391.0,7.9971,0.96,576.3757,524.1732,20.0856,125.6007,7168206.91,7168206.91
688017.SH,20260624,383.18,6.6064,0.77,564.8482,513.6898,19.6839,123.0887,7024842.7718,7024842.7718
688017.SH,20260623,378.53,6.9684,0.79,557.9936,507.456,19.445,121.5949,6939594.2753,6939594.2753
688017.SH,20260622,393.31,10.6015,1.15,579.7809,527.27,20.2043,126.3427,7210556.1631,7210556.1631
688017.SH,20260618,408.01,10.4738,1.11,601.4503,546.9768,20.9594,131.0648,7480051.4101,7480051.4101
688017.SH,20260617,381.6,7.0912,0.7,562.5191,511.5716,19.6027,122.5811,6995876.616,6995876.616
688017.SH,20260616,376.22,7.8427,0.73,554.5884,504.3592,19.3264,120.8529,6897245.0222,6897245.0222
688017.SH,20260615,372.62,8.2274,0.67,549.2816,499.5331,19.1414,119.6965,6831246.1862,6831246.1862
688017.SH,20260612,351.0,12.2667,1.0,517.4115,470.5494,18.0308,112.7515,6434886.51,6434886.51
688017.SH,20260611,367.0,11.8778,1.03,540.9972,491.999,18.8527,117.8912,6728215.5875,6728215.5875
688017.SH,20260610,424.0,10.5369,0.97,625.0213,568.413,21.7808,136.2013,7773197.3,7773197.3
688017.SH,20260609,420.17,11.0888,1.1,619.3755,563.2785,21.5841,134.971,7702981.8621,7702981.8621
688017.SH,20260608,428.25,15.8407,1.93,631.2863,574.1105,21.9992,137.5665,7851112.6031,7851112.6031
688017.SH,20260605,393.0,12.215,1.73,579.324,526.8545,20.1884,126.2432,7204873.9125,7204873.9125
688017.SH,20260604,327.5,7.8872,1.14,482.77,439.0454,16.8236,105.2026,6004061.5938,6004061.5938
688017.SH,20260603,314.88,7.5379,1.03,464.1668,422.1271,16.1754,101.1487,5772698.976,5772698.976
688017.SH,20260602,306.0,7.0171,0.88,451.0767,410.2226,15.7192,98.2962,5609901.825,5609901.825
688017.SH,20260601,287.3,6.3767,0.8,423.5109,385.1534,14.7586,92.2892,5267074.4913,5267074.4913
688017.SH,20260529,306.0,6.5369,0.8,451.0767,410.2226,15.7192,98.2962,5609901.825,5609901.825
688017.SH,20260528,316.13,7.0075,0.8,466.0094,423.8028,16.2396,101.5503,5795615.2416,5795615.2416
688017.SH,20260527,321.0,9.5265,1.2,473.1883,430.3315,16.4897,103.1146,5884897.0125,5884897.0125
688017.SH,20260526,338.47,10.2132,1.37,498.941,453.7518,17.3872,108.7265,6205174.7409,6205174.7409
688017.SH,20260525,349.0,6.6841,0.85,514.4633,467.8683,17.9281,112.1091,6398221.3625,6398221.3625
688017.SH,20260522,342.0,7.2181,0.83,504.1446,458.4841,17.5685,109.8605,6269890.275,6269890.275
688017.SH,20260521,335.0,10.0389,1.26,493.8258,449.0999,17.2089,107.6118,6141559.1875,6141559.1875
688017.SH,20260520,323.66,5.6203,0.7,477.1094,433.8975,16.6264,103.9691,5933662.8258,5933662.8258
688017.SH,20260519,326.17,7.5833,0.98,480.8094,437.2624,16.7553,104.7754,5979678.6871,5979678.6871
688017.SH,20260518,322.88,9.0647,1.2,475.9596,432.8519,16.5863,103.7185,5919363.076,5919363.076
688017.SH,20260515,305.5,10.9772,1.54,450.3397,409.5523,15.6935,98.1356,5600735.3188,5600735.3188
688017.SH,20260514,265.0,6.608,1.01,390.6383,355.2581,13.613,85.1258,4858248.3125,4858248.3125
688017.SH,20260513,279.65,5.7528,0.92,412.234,374.8979,14.3656,89.8318,5126826.9456,5126826.9456
688017.SH,20260512,273.87,6.2762,1.06,403.7137,367.1492,14.0687,87.9751,5020862.1334,5020862.1334
688017.SH,20260511,271.0,8.0381,1.61,399.483,363.3017,13.9212,87.0532,4968246.3875,4968246.3875
688017.SH,20260508,262.99,8.9893,2.33,387.6754,352.5635,13.5098,84.4801,4821398.9574,4821398.9574
688017.SH,20260507,230.48,3.734,0.96,339.7522,308.9807,11.8397,74.037,4225392.721,4225392.721
688017.SH,20260506,226.81,4.1758,1.15,334.3422,304.0607,11.6512,72.858,4158110.5651,4158110.5651
688017.SH,20260430,224.12,4.5514,1.2,330.3768,300.4545,11.513,71.9939,4108794.7615,4108794.7615
688017.SH,20260429,215.01,3.4966,0.91,316.9477,288.2417,11.045,69.0675,3941781.0176,3941781.0176
688017.SH,20260428,207.65,3.3207,0.89,306.0983,278.3749,10.667,66.7033,3806850.0456,3806850.0456
688017.SH,20260427,213.8,3.8837,1.07,315.1641,286.6196,10.9829,68.6788,3919598.0725,3919598.0725
688017.SH,20260424,205.26,2.8904,0.79,302.5752,275.1709,10.5442,65.9355,3763034.1458,3763034.1458
688017.SH,20260423,203.77,5.3818,1.71,300.3788,273.1734,10.4676,65.4569,3735717.9571,3735717.9571
688017.SH,20260422,219.99,3.7095,1.22,718.0367,322.862,11.4024,104.1033,4033079.4199,4033079.4199
688017.SH,20260421,213.32,2.7776,0.93,696.2662,313.073,11.0567,100.9469,3910798.2265,3910798.2265
688017.SH,20260420,210.77,3.3257,1.21,687.9431,309.3305,10.9245,99.7402,3864049.0446,3864049.0446
688017.SH,20260417,213.0,3.1719,1.19,695.2217,312.6033,11.0401,100.7955,3904931.6625,3904931.6625
688017.SH,20260416,207.98,2.7303,1.07,678.8367,305.2359,10.7799,98.4199,3812899.9398,3812899.9398
688017.SH,20260415,206.5,3.2593,1.22,674.006,303.0638,10.7032,97.7196,3785767.0813,3785767.0813
688017.SH,20260414,206.9,2.4133,0.95,675.3116,303.6508,10.7239,97.9089,3793100.2863,3793100.2863
688017.SH,20260413,202.98,2.1565,0.83,662.5169,297.8978,10.5207,96.0539,3721234.8773,3721234.8773
688017.SH,20260410,204.0,2.7512,1.09,665.8461,299.3947,10.5736,96.5365,3739934.55,3739934.55
688017.SH,20260409,199.28,2.1709,0.7,650.4403,292.4676,10.329,94.3029,3653402.731,3653402.731
688017.SH,20260408,203.45,3.9103,1.41,664.051,298.5875,10.5451,96.2763,3729851.3931,3729851.3931
688017.SH,20260407,185.66,1.6631,0.57,605.9853,272.4786,9.623,87.8577,3403707.1008,3403707.1008
688017.SH,20260403,187.3,2.4416,0.86,611.3381,274.8855,9.708,88.6338,3433773.2413,3433773.2413
688017.SH,20260402,193.5,2.4908,0.86,631.5746,283.9847,10.0294,91.5677,3547437.9188,3547437.9188
688017.SH,20260401,201.99,5.0415,2.08,659.2856,296.4448,10.4694,95.5854,3703085.1949,3703085.1949
688017.SH,20260331,187.16,2.2598,0.92,610.8812,274.68,9.7008,88.5675,3431206.6195,3431206.6195
688017.SH,20260330,191.26,2.254,0.82,624.2634,280.6972,9.9133,90.5077,3506371.9708,3506371.9708
688017.SH,20260327,187.66,2.1591,0.8,612.5132,275.4138,9.7267,88.8041,3440373.1258,3440373.1258
688017.SH,20260326,188.3,2.79,1.1,614.6021,276.3531,9.7599,89.107,3452106.2538,3452106.2538
688017.SH,20260325,187.97,2.6798,1.13,613.525,275.8688,9.7428,88.9508,3446056.3596,3446056.3596
688017.SH,20260324,181.99,2.4312,1.07,594.0066,267.0924,9.4328,86.121,3336424.9449,3336424.9449
688017.SH,20260323,180.88,3.6637,1.75,590.3836,265.4633,9.3753,85.5957,3316075.301,3316075.301
688017.SH,20260320,186.02,1.972,0.89,607.1603,273.0069,9.6417,88.0281,3410306.9853,3410306.9853
688017.SH,20260319,189.65,1.9823,0.89,619.0084,278.3344,9.8298,89.7459,3476855.8206,3476855.8206
688017.SH,20260318,194.8,1.8536,0.78,635.8178,285.8926,10.0968,92.1829,3571270.835,3571270.835
688017.SH,20260317,190.51,1.9278,0.75,621.8154,279.5965,9.8744,90.1528,3492622.2114,3492622.2114
688017.SH,20260316,196.25,2.7563,1.03,640.5505,288.0207,10.1719,92.8691,3597853.7031,3597853.7031
688017.SH,20260313,198.0,2.51,0.98,646.2624,290.589,10.2626,93.6972,3629936.475,3629936.475
688017.SH,20260312,204.71,2.0798,0.79,668.1635,300.4367,10.6104,96.8725,3752950.9889,3752950.9889
688017.SH,20260311,208.7,2.5482,0.93,681.1867,306.2925,10.8172,98.7607,3826099.7088,3826099.7088
688017.SH,20260310,215.8,2.9681,0.9,704.3608,316.7127,11.1852,102.1205,3956264.0975,3956264.0975
688017.SH,20260309,208.34,3.2414,0.91,680.0117,305.7642,10.7986,98.5903,3819499.8243,3819499.8243
688017.SH,20260306,212.45,1.954,0.51,693.4265,311.7961,11.0116,100.5352,3894848.5056,3894848.5056
688017.SH,20260305,212.99,2.4015,0.56,695.1891,312.5886,11.0396,100.7908,3904748.3324,3904748.3324
688017.SH,20260304,211.2,3.1873,0.68,689.3466,309.9616,10.9468,99.9437,3871932.24,3871932.24
688017.SH,20260303,209.58,5.6901,1.15,684.059,307.5841,10.8628,99.1771,3842232.7598,3842232.7598
688017.SH,20260302,227.55,4.5905,0.9,742.7122,333.9572,11.7942,107.6808,4171676.9944,4171676.9944
688017.SH,20260227,232.37,3.1208,0.59,758.4444,341.0311,12.0441,109.9617,4260042.1146,4260042.1146
688017.SH,20260226,237.03,4.7876,0.95,773.6545,477.511,12.3937,112.1669,4345473.9529,4345473.9529
688017.SH,20260225,236.6,5.1277,1.05,772.251,476.6448,12.3712,111.9635,4337590.7575,4337590.7575
688017.SH,20260224,232.7,7.1429,1.61,759.5215,468.788,12.1673,110.1179,4266092.0088,4266092.0088
688017.SH,20260213,242.38,5.4502,1.16,791.1166,488.2889,12.6734,114.6987,4443555.5698,4443555.5698
688017.SH,20260212,234.48,4.0126,0.84,765.3314,472.3739,12.2603,110.9602,4298724.771,4298724.771
688017.SH,20260211,228.8,3.3563,0.67,746.7921,460.9312,11.9633,108.2724,4194593.26,4194593.26
688017.SH,20260210,229.0,4.5197,0.85,747.4449,461.3341,11.9738,108.367,4198259.8625,4198259.8625
688017.SH,20260209,226.12,4.85,0.87,738.0447,455.5322,11.8232,107.0041,4145460.7865,4145460.7865
688017.SH,20260206,217.4,6.6662,1.13,709.5831,437.9652,11.3673,102.8777,3985596.9175,3985596.9175
688017.SH,20260205,205.12,4.3878,0.73,669.5018,413.2264,10.7252,97.0665,3760467.524,3760467.524
688017.SH,20260204,216.51,4.761,0.8,706.6782,436.1723,11.3207,102.4565,3969280.5364,3969280.5364
688017.SH,20260203,224.99,6.0189,0.99,734.3565,453.2557,11.7641,106.4694,4124744.4824,4124744.4824
688017.SH,20260202,219.28,6.1968,1.01,715.7193,441.7526,11.4656,103.7673,4020062.981,4020062.981
688017.SH,20260130,229.0,8.0342,1.49,747.4449,461.3341,11.9738,108.367,4198259.8625,4198259.8625
688017.SH,20260129,212.46,4.9771,0.94,693.4592,428.0133,11.109,100.54,3895031.8358,3895031.8358
688017.SH,20260128,210.54,4.3809,0.83,687.1924,424.1453,11.0086,99.6314,3859832.4518,3859832.4518
688017.SH,20260127,221.0,6.8506,1.4,721.3333,445.2176,11.5555,104.5812,4051595.7625,4051595.7625
688017.SH,20260126,204.4,6.3018,1.28,667.1517,411.7759,10.6875,96.7258,3747267.755,3747267.755
688017.SH,20260123,216.21,4.3833,0.76,705.699,435.5679,11.305,102.3145,3963780.6326,3963780.6326
688017.SH,20260122,211.7,4.4641,0.75,690.9786,426.4822,11.0692,100.1803,3881098.7463,3881098.7463
688017.SH,20260121,215.0,4.2783,0.64,701.7496,433.1303,11.2418,101.7419,3941597.6875,3941597.6875
688017.SH,20260120,216.44,5.0126,0.69,706.4497,436.0312,11.3171,102.4234,3967997.2255,3967997.2255
688017.SH,20260119,214.35,6.3842,0.91,699.628,431.8208,11.2078,101.4343,3929681.2294,3929681.2294
688017.SH,20260116,220.5,8.539,1.37,719.7013,444.2104,11.5294,104.3446,4042429.2563,4042429.2563
688017.SH,20260115,200.87,5.4408,0.92,655.63,404.6646,10.503,95.0554,3682552.2209,3682552.2209
688017.SH,20260114,200.0,7.9287,1.44,652.7903,402.9119,10.4575,94.6437,3666602.5,3666602.5
688017.SH,20260113,205.0,7.8213,1.51,669.1101,412.9847,10.7189,97.0098,3758267.5625,3758267.5625
688017.SH,20260112,198.0,5.1741,0.99,646.2624,398.8828,10.3529,93.6972,3629936.475,3629936.475
688017.SH,20260109,195.7,4.7906,0.87,638.7553,394.2493,10.2326,92.6088,3587770.5463,3587770.5463
688017.SH,20260108,191.0,3.8132,0.6,623.4148,384.7809,9.9869,90.3847,3501605.3875,3501605.3875
688017.SH,20260107,190.88,5.9006,0.97,623.0231,384.5391,9.9806,90.3279,3499405.426,3499405.426
688017.SH,20260106,199.8,6.1556,1.11,652.1375,402.509,10.447,94.549,3662935.8975,3662935.8975
688017.SH,20260105,191.06,5.4648,1.05,623.6106,384.9017,9.99,90.4131,3502705.3683,3502705.3683
688017.SH,20251231,192.1,6.1177,1.4,627.0051,386.9969,10.0444,90.9052,3521771.7013,3521771.7013
688017.SH,20251230,191.1,8.1652,2.63,623.7412,384.9823,9.9921,90.432,3503438.6888,3503438.6888
688017.SH,20251229,175.01,4.5409,1.64,571.2242,352.568,9.1508,82.8179,3208460.5176,3208460.5176
688017.SH,20251226,169.48,3.3475,1.39,553.1745,341.4275,8.8617,80.201,3107078.9585,3107078.9585
688017.SH,20251225,167.24,3.9289,2.06,545.8633,336.9149,8.7445,79.141,3066013.0105,3066013.0105
688017.SH,20251224,159.75,1.8667,1.01,521.4163,321.8259,8.3529,75.5966,2928698.7469,2928698.7469
688017.SH,20251223,156.35,1.8223,1.02,510.3188,314.9764,8.1751,73.9877,2866366.5044,2866366.5044
688017.SH,20251222,159.35,2.8819,1.73,520.1107,321.02,8.332,75.4073,2921365.5419,2921365.5419
688017.SH,20251219,154.14,1.5355,0.8,503.1055,310.5242,8.0596,72.9419,2825850.5468,2825850.5468
688017.SH,20251218,151.76,1.4227,0.69,495.3373,305.7295,7.9351,71.8156,2782217.977,2782217.977
688017.SH,20251217,154.66,1.5964,0.76,504.8028,311.5718,8.0868,73.1879,2835383.7133,2835383.7133
688017.SH,20251216,150.68,1.4576,0.65,491.8122,303.5538,7.8787,71.3045,2762418.3235,2762418.3235
688017.SH,20251215,153.67,2.2943,0.95,501.5714,309.5773,8.035,72.7195,2817234.0309,2817234.0309
688017.SH,20251212,153.5,2.7884,1.1,501.0166,309.2349,8.0261,72.639,2814117.4188,2814117.4188
688017.SH,20251211,153.84,2.2165,0.71,502.1263,309.9198,8.0439,72.7999,2820350.643,2820350.643
688017.SH,20251210,158.27,1.7744,0.6,516.5856,318.8443,8.2755,74.8963,2901565.8884,2901565.8884
688017.SH,20251209,157.79,2.1505,0.74,515.0189,317.8773,8.2504,74.6691,2892766.0424,2892766.0424
688017.SH,20251208,158.92,3.2044,1.2,518.7072,320.1538,8.3095,75.2039,2913482.3465,2913482.3465
688017.SH,20251205,157.49,3.3181,1.41,514.0397,317.273,8.2347,74.5272,2887266.1386,2887266.1386
688017.SH,20251204,153.21,5.089,3.1,500.07,308.6507,8.0109,72.5018,2808800.8451,2808800.8451
688017.SH,20251203,145.45,1.0838,0.6,474.7418,293.0177,7.6052,68.8296,2666536.6681,2666536.6681
688017.SH,20251202,144.39,1.8829,1.0,471.282,290.8822,7.5498,68.328,2647103.6749,2647103.6749
688017.SH,20251201,149.9,1.9465,1.03,489.2664,301.9825,7.8379,70.9354,2748118.5738,2748118.5738
688017.SH,20251128,146.93,1.779,0.89,479.5724,295.9992,7.6826,69.53,2693669.5266,2693669.5266
688017.SH,20251127,144.8,1.5251,0.79,472.6202,291.7082,7.5712,68.522,2654620.21,2654620.21
688017.SH,20251126,145.31,1.8237,1.02,474.2848,292.7356,7.5979,68.7634,2663970.0464,2663970.0464
688017.SH,20251125,143.71,2.3222,1.47,469.0625,289.5123,7.5142,68.0062,2634637.2264,2634637.2264
688017.SH,20251124,145.51,1.9666,1.4,474.9376,293.1385,7.6083,68.858,2667636.6489,2667636.6489
688017.SH,20251121,143.35,2.3347,1.93,467.8875,288.7871,7.4954,67.8358,2628037.3419,2628037.3419
688017.SH,20251120,141.92,1.2151,0.96,463.22,285.9063,7.4206,67.1591,2601821.134,2601821.134
688017.SH,20251119,143.88,1.1201,0.77,469.6174,289.8548,7.5231,68.0867,2637753.8385,2637753.8385
688017.SH,20251118,146.12,1.2755,0.83,476.9286,294.3674,7.6402,69.1467,2678819.7865,2678819.7865
688017.SH,20251117,144.77,1.0691,0.63,472.5223,291.6478,7.5696,68.5078,2654070.2196,2654070.2196
688017.SH,20251114,143.79,1.3797,0.74,469.3236,289.6735,7.5184,68.0441,2636103.8674,2636103.8674
688017.SH,20251113,147.8,1.4783,0.64,482.4121,297.7519,7.7281,69.9417,2709619.2475,2709619.2475
688017.SH,20251112,146.92,2.1042,0.93,479.5398,295.9791,7.6821,69.5252,2693486.1965,2693486.1965
688017.SH,20251111,150.05,1.6628,0.71,489.7559,302.2846,7.8457,71.0064,2750868.5256,2750868.5256
688017.SH,20251110,152.52,1.9217,0.77,497.8179,307.2606,7.9749,72.1753,2796151.0665,2796151.0665
688017.SH,20251107,156.53,2.1885,0.79,510.9064,315.339,8.1845,74.0729,2869666.4466,2869666.4466
688017.SH,20251106,160.9,3.6533,1.45,525.1698,324.1426,8.413,76.1408,2949781.7113,2949781.7113
688017.SH,20251105,150.5,1.8273,0.71,491.2247,303.1912,7.8692,71.2194,2759118.3813,2759118.3813
688017.SH,20251104,154.6,2.1919,0.8,504.6069,311.4509,8.0836,73.1596,2834283.7325,2834283.7325
688017.SH,20251103,159.5,2.6094,0.96,520.6003,321.3222,8.3398,75.4783,2924115.4938,2924115.4938
688017.SH,20251031,163.24,3.504,1.42,532.8075,328.8567,8.5354,77.2482,2992680.9605,2992680.9605
688017.SH,20251030,159.92,2.4726,1.06,521.9711,401.8055,8.4584,75.6771,2931815.359,2931815.359
688017.SH,20251029,161.91,2.1619,0.96,528.4664,406.8055,8.5636,76.6188,2968298.0539,2968298.0539
688017.SH,20251028,159.92,2.8678,1.31,521.9711,401.8055,8.4584,75.6771,2931815.359,2931815.359
688017.SH,20251027,160.36,2.609,1.2,523.4073,402.911,8.4816,75.8853,2939881.8845,2939881.8845
688017.SH,20251024,159.5,2.264,1.06,520.6003,400.7502,8.4362,75.4783,2924115.4938,2924115.4938
688017.SH,20251023,154.51,1.7111,0.8,504.3132,388.2127,8.1722,73.117,2832633.7614,2832633.7614
688017.SH,20251022,155.7,1.7935,0.74,508.1973,391.2026,8.2352,73.6801,2854450.0463,2854450.0463
688017.SH,20251021,156.4,2.5545,0.95,510.482,392.9614,8.2722,74.0113,2867283.155,2867283.155
688017.SH,20251020,155.68,2.5249,0.85,508.132,391.1523,8.2341,73.6706,2854083.386,2854083.386
688017.SH,20251017,152.6,2.0923,0.63,498.079,383.4137,8.0712,72.2131,2797617.7075,2797617.7075
688017.SH,20251016,156.65,1.7476,0.47,511.298,393.5895,8.2854,74.1296,2871866.4081,2871866.4081
688017.SH,20251015,160.95,3.1866,0.85,525.333,404.3934,8.5129,76.1645,2950698.3619,2950698.3619
688017.SH,20251014,153.27,3.895,1.05,500.2659,385.0971,8.1066,72.5302,2809900.8259,2809900.8259
688017.SH,20251013,164.89,3.878,1.13,538.193,414.2928,8.7212,78.029,3022930.4311,3022930.4311
688017.SH,20251010,173.0,3.9171,1.17,564.6636,434.6695,9.1502,81.8668,3171611.1625,3171611.1625
688017.SH,20251009,180.12,3.8476,1.09,587.903,452.5588,9.5268,85.2361,3302142.2115,3302142.2115
688017.SH,20250930,180.78,3.1547,0.85,590.0572,454.2171,9.5617,85.5484,3314241.9998,3314241.9998
688017.SH,20250929,178.7,3.6657,0.99,583.2682,448.991,9.4517,84.5641,3276109.3338,3276109.3338
688017.SH,20250926,171.79,2.5264,0.57,560.7143,431.6294,9.0862,81.2942,3149428.2174,3149428.2174
688017.SH,20250925,177.51,3.4942,0.63,579.3841,446.0011,9.3887,84.001,3254293.0489,3254293.0489
688017.SH,20250924,178.02,4.8347,0.8,581.0487,447.2825,9.4157,84.2423,3263642.8853,3263642.8853
688017.SH,20250923,170.54,3.9383,0.59,556.6343,428.4887,9.0201,80.7027,3126511.9518,3126511.9518
688017.SH,20250922,172.39,3.6535,0.5,562.6726,433.1369,9.1179,81.5781,3160428.0249,3160428.0249
688017.SH,20250919,169.92,6.1248,0.85,554.6107,426.9309,8.9873,80.4093,3115145.484,3115145.484
688017.SH,20250918,182.19,9.2493,1.44,594.6593,457.7598,9.6363,86.2156,3340091.5474,3340091.5474
688017.SH,20250917,179.38,7.1061,1.21,585.4876,450.6996,9.4876,84.8859,3288575.7823,3288575.7823
688017.SH,20250916,180.39,7.2398,1.32,588.7842,453.2372,9.5411,85.3639,3307092.1249,3307092.1249
688017.SH,20250915,171.8,6.7314,1.1,560.7469,431.6545,9.0867,81.2989,3149611.5475,3149611.5475
688017.SH,20250912,166.03,5.5796,0.97,541.9139,417.1571,8.7815,78.5684,3043830.0654,3043830.0654
688017.SH,20250911,165.88,5.4078,0.92,541.4243,416.7803,8.7736,78.4975,3041080.1135,3041080.1135
688017.SH,20250910,161.48,4.4409,0.74,527.0629,405.7251,8.5409,76.4153,2960414.8585,2960414.8585
688017.SH,20250909,162.5,5.2774,0.78,530.3921,408.2879,8.5948,76.898,2979114.5313,2979114.5313
688017.SH,20250908,168.7,9.7734,1.73,550.6286,423.8656,8.9228,79.8319,3092779.2088,3092779.2088
688017.SH,20250905,147.15,3.9714,0.71,480.2905,369.7204,7.783,69.6341,2697702.7894,2697702.7894
688017.SH,20250904,144.05,5.8485,1.09,470.1722,361.9315,7.619,68.1671,2640870.4506,2640870.4506
688017.SH,20250903,154.45,5.2643,0.97,504.1173,388.0619,8.1691,73.0886,2831533.7806,2831533.7806
688017.SH,20250902,159.69,9.038,2.17,521.2204,401.2276,8.4462,75.5682,2927598.7661,2927598.7661
688017.SH,20250901,151.35,4.067,0.9,493.9991,380.273,8.0051,71.6216,2774701.4419,2774701.4419
688017.SH,20250829,150.76,3.923,0.87,492.0733,378.7906,7.9739,71.3424,2763884.9645,2763884.9645
688017.SH,20250828,150.89,4.5511,1.08,492.4977,379.1173,7.9808,71.4039,2766268.2561,2766268.2561
688017.SH,20250827,148.66,5.5071,1.4,485.2191,373.5143,7.8628,70.3486,2725385.6383,2725385.6383
688017.SH,20250826,151.75,2.8087,0.63,495.3047,381.2781,8.0263,71.8109,2782034.6469,2782034.6469
688017.SH,20250825,154.7,5.7114,1.31,504.9333,388.6901,8.1823,73.2069,2836117.0338,2836117.0338
688017.SH,20250822,150.01,3.8438,0.79,489.6254,376.9062,7.9342,70.9875,2750135.2051,2750135.2051
688017.SH,20250821,145.96,3.212,0.64,476.4064,366.7304,7.72,69.0709,2675886.5045,2675886.5045
688017.SH,20250820,149.01,4.0707,0.85,486.3614,374.3937,7.8813,70.5143,2731802.1926,2731802.1926
688017.SH,20250819,151.18,5.4078,1.32,493.4442,379.8459,7.9961,71.5411,2771584.8298,2771584.8298
688017.SH,20250818,147.46,5.3054,1.49,481.3023,370.4993,7.7993,69.7808,2703386.0233,2703386.0233
688017.SH,20250815,148.31,6.4808,2.36,484.0767,482.9364,7.922,70.183,2718969.0839,2718969.0839
688017.SH,20250814,137.64,3.9123,1.49,449.2503,448.1921,7.352,65.1338,2523355.8405,2523355.8405
688017.SH,20250813,138.51,2.7448,0.85,452.0899,451.025,7.3985,65.5455,2539305.5614,2539305.5614
688017.SH,20250812,137.11,2.0382,0.62,447.5204,446.4663,7.3342,64.883,2513639.3439,2512029.8096
688017.SH,20250811,137.0,2.5773,0.72,447.1614,446.1081,7.3284,64.8309,2511622.7125,2510014.4695
688017.SH,20250808,134.2,2.4662,0.7,438.0223,436.9905,7.1786,63.5059,2460290.2775,2458714.9037
688017.SH,20250807,138.6,3.3258,0.93,452.094,451.0291,7.4092,65.5461,2539328.5071,2539328.5071
688017.SH,20250806,140.13,5.6818,1.97,457.0847,456.008,7.491,66.2696,2567360.0556,2567360.0556
688017.SH,20250805,133.99,2.3805,0.86,437.0568,436.0274,7.1628,63.3659,2454867.4363,2454867.4363
688017.SH,20250804,133.98,3.9239,1.62,437.0242,435.9948,7.1622,63.3612,2454684.2235,2454684.2235
688017.SH,20250801,127.51,2.237,0.96,415.92,414.9403,6.8164,60.3014,2336145.584,2336145.584
688017.SH,20250731,129.66,3.7509,1.87,422.933,421.9368,6.9313,61.3182,2375536.322,2375536.322
688017.SH,20250730,127.8,2.1037,1.03,416.8659,415.884,6.8319,60.4386,2341458.7533,2341458.7533
688017.SH,20250729,130.4,1.9052,0.82,425.3468,424.3449,6.9709,61.6682,2389094.0644,2389094.0644
688017.SH,20250728,129.83,2.1144,0.76,423.4875,422.49,6.9404,61.3986,2378650.9385,2378650.9385
688017.SH,20250725,130.45,1.7884,0.62,425.5099,424.5076,6.9735,61.6918,2390010.1281,2390010.1281
688017.SH,20250724,130.29,2.128,0.68,424.988,423.9869,6.965,61.6161,2387078.7243,2387078.7243
688017.SH,20250723,128.8,2.2992,0.7,420.1278,419.1382,6.8853,60.9115,2359780.0268,2359780.0268
688017.SH,20250722,130.4,3.2357,1.04,425.3468,424.3449,6.9709,61.6682,2389094.0644,2389094.0644
688017.SH,20250721,134.67,4.4997,1.61,439.2749,438.2402,7.1991,63.6875,2467325.9022,2467325.9022
688017.SH,20250718,128.89,2.152,0.73,420.4214,419.431,6.8901,60.9541,2361428.9414,2361428.9414
688017.SH,20250717,129.01,3.4817,1.36,420.8128,419.8215,6.8965,61.0108,2363627.4942,2363627.4942
688017.SH,20250716,126.39,3.1501,1.28,412.2667,411.2956,6.7565,59.7718,2315625.7577,2315625.7577
688017.SH,20250715,124.4,2.2158,0.92,405.7756,404.8198,6.6501,58.8307,2279166.4234,2279166.4234
688017.SH,20250714,124.72,2.9767,1.3,406.8194,405.8611,6.6672,58.982,2285029.2309,2285029.2309
688017.SH,20250711,121.89,2.9219,1.49,397.5883,396.6518,6.5159,57.6436,2233180.0269,2233180.0269
688017.SH,20250710,118.86,1.5703,0.85,387.7049,386.7916,6.354,56.2107,2177666.5682,2177666.5682
688017.SH,20250709,118.09,2.6662,1.68,385.1932,384.2859,6.3128,55.8466,2163559.1876,2163559.1876
688017.SH,20250708,118.79,1.9291,1.33,387.4765,386.5638,6.3502,56.1776,2176384.0791,2176384.0791
688017.SH,20250707,115.12,2.3395,1.83,375.5055,374.621,6.154,54.442,2109145.0053,2109145.0053
688017.SH,20250704,119.06,1.4265,1.03,388.3573,387.4425,6.3646,56.3053,2181330.8229,2009302.6124
688017.SH,20250703,120.1,1.0505,0.66,391.7496,390.8268,6.4202,56.7971,2200384.9474,2026854.0547
688017.SH,20250702,120.05,1.5066,0.82,391.5865,390.6641,6.4176,56.7735,2199468.8837,2026010.2353
688017.SH,20250701,123.14,1.3299,0.58,401.6656,400.7195,6.5827,58.2348,2256081.6188,2078158.2706
688017.SH,20250630,124.89,1.6404,0.73,407.3739,406.4143,6.6763,59.0624,2288143.8474,2107691.9475
688017.SH,20250627,124.1,1.4304,0.6,404.797,403.8435,6.6341,58.6888,2273670.0414,2094359.6019
688017.SH,20250626,124.11,2.059,0.84,404.8297,403.8761,6.6346,58.6935,2273853.2541,2094528.3657
688017.SH,20250625,126.93,2.6973,1.19,414.0281,413.0529,6.7854,60.0271,2325519.2454,2142119.7765
688017.SH,20250624,125.7,3.6946,2.09,410.016,409.0502,6.7196,59.4455,2302984.079,2121361.8208
688017.SH,20250623,118.42,1.3012,0.74,386.2697,385.3598,6.3304,56.0026,2169605.2079,1998501.7249
688017.SH,20250620,116.32,2.1482,1.3,379.4197,378.526,6.2182,55.0095,2131130.5335,1963061.3126
688017.SH,20250619,121.48,2.448,1.71,396.251,395.3176,6.494,57.4498,2225668.3048,2050143.4685
688017.SH,20250618,121.5,1.7068,1.24,396.3162,395.3827,6.4605,57.4592,2226034.7303,2050480.9962
688017.SH,20250617,120.63,1.2376,0.76,393.4784,392.5515,6.4143,57.0478,2210095.2223,2035798.5397
688017.SH,20250616,119.68,1.2517,0.68,390.3796,389.4601,6.3638,56.5985,2192690.0125,2019765.9722
688017.SH,20250613,118.62,1.63,0.77,386.922,386.0106,6.3074,56.0972,2173269.4626,2001877.0022
688017.SH,20250612,120.8,1.3293,0.47,394.0329,393.1047,6.4233,57.1282,2213209.8388,2038667.5254
688017.SH,20250611,121.31,1.4548,0.44,395.6964,394.7644,6.4504,57.3694,2222553.6883,2047274.4827
688017.SH,20250610,122.1,2.4314,0.76,398.2733,397.3352,6.4924,57.743,2237027.4944,2060606.8283
688017.SH,20250609,123.93,2.3695,0.78,404.2425,403.2903,6.5898,58.6084,2270555.4249,2091490.6161
688017.SH,20250606,126.09,2.9985,1.02,411.2881,410.3193,6.7046,59.6299,2310129.3756,2127943.6116
688017.SH,20250605,130.29,4.811,1.88,424.988,423.9869,6.9279,61.6161,2387078.7243,2198824.4362
688017.SH,20250604,122.9,4.0512,1.55,400.8828,399.9385,6.535,58.1213,2251684.5132,2074107.9377
688017.SH,20250603,117.48,1.8221,0.72,383.2035,382.3009,6.2468,55.5581,2152383.2108,1982637.9213
688017.SH,20250530,116.0,1.5104,0.55,378.376,377.4847,6.1681,54.8582,2125267.726,1957660.8688
688017.SH,20250529,118.02,2.458,0.97,384.9649,384.0581,6.2755,55.8135,2162276.6985,1991751.1701
688017.SH,20250528,115.55,2.9516,1.32,376.9081,376.0203,6.1442,54.6454,2117023.1529,1950066.4947
688017.SH,20250527,117.99,4.3571,2.67,384.8671,383.9605,6.2739,55.7993,2161727.0603,1991244.8785
688017.SH,20250526,128.79,1.426,0.84,420.0952,419.1056,6.8482,60.9068,2359596.8141,2173509.856
688017.SH,20250523,128.55,2.5152,1.66,419.3123,418.3246,6.8354,60.7933,2355199.7084,2169459.5231
688017.SH,20250522,132.6,1.4032,0.88,432.5229,431.504,7.0508,62.7086,2429400.8661,2237808.8897
688017.SH,20250521,134.45,1.4911,0.84,438.5573,437.5243,7.1491,63.5835,2463295.2221,2269030.2053
688017.SH,20250520,136.02,1.3232,0.69,443.6784,442.6333,7.2326,64.3259,2492059.6215,2295526.1325
688017.SH,20250519,136.22,1.7773,0.88,444.3308,443.2842,7.2433,64.4205,2495723.8762,2298901.4099
688017.SH,20250516,140.68,1.5944,0.77,458.8787,457.7978,7.4804,66.5297,2577436.756,2374170.095
688017.SH,20250515,140.02,1.7435,0.84,456.7259,455.65,7.4453,66.2176,2565344.7155,2363031.6797
688017.SH,20250514,145.48,2.3935,1.13,474.5356,473.4179,7.7356,68.7997,2665378.8688,2455176.7517
688017.SH,20250513,146.06,2.0626,0.93,476.4275,475.3053,7.7665,69.074,2676005.2074,2464965.056
688017.SH,20250512,146.6,2.2865,0.99,478.1889,477.0625,7.7952,69.3294,2685898.6951,2474078.3049
688017.SH,20250509,141.99,1.8737,0.83,463.1517,462.0608,7.5501,67.1492,2601437.6243,2396278.1617
688017.SH,20250508,146.9,1.8014,0.81,479.1675,478.0388,7.8111,69.4713,2691395.0772,2479141.2209
688017.SH,20250507,146.07,2.6063,1.24,476.4601,475.3378,7.767,69.0787,2676188.4201,2465133.8199
688017.SH,20250506,148.58,2.496,1.2,484.6474,483.5058,7.9005,70.2658,2722174.8166,2507493.5507
688017.SH,20250430,147.45,2.7505,1.15,480.9615,479.8286,7.8404,69.7314,2701471.7776,2488423.2337
688017.SH,20250429,140.63,1.6368,0.66,306.1626,452.1954,7.5158,72.3405,2576520.6923,2373326.2757
688017.SH,20250428,140.88,1.5892,0.57,306.7068,452.9993,7.5291,72.4691,2581101.0107,2377545.3724
688017.SH,20250425,143.06,2.0352,0.78,311.4529,460.0091,7.6456,73.5905,2621041.3869,2414335.8956
688017.SH,20250424,142.66,2.3907,0.99,310.582,458.7229,7.6243,73.3847,2613712.8775,2407585.3409
688017.SH,20250423,146.0,4.2651,2.11,317.8535,469.4627,7.8028,75.1028,2674905.931,2463952.4728
688017.SH,20250422,140.01,2.131,1.08,304.8128,450.2018,7.4826,72.0216,2565161.5027,2362862.9159
688017.SH,20250421,142.98,3.2308,1.81,311.2787,459.7519,7.6414,73.5493,2619575.685,2412985.7847
688017.SH,20250418,133.43,0.947,0.42,290.4876,429.0439,7.131,68.6368,2444607.5231,2251816.2907
688017.SH,20250417,133.68,1.4712,0.53,291.0319,429.8477,7.1443,68.7654,2449187.8415,2256035.3874
688017.SH,20250416,135.46,2.3124,0.72,294.9071,435.5713,7.2395,69.681,2481799.7083,2286075.3559
688017.SH,20250415,135.08,1.8768,0.52,294.0798,434.3494,7.2192,69.4856,2474837.6244,2279662.3289
688017.SH,20250414,135.86,2.3264,0.57,295.7779,436.8575,7.2608,69.8868,2489128.2177,2292825.9106
688017.SH,20250411,134.85,3.1761,0.84,293.579,433.6099,7.2069,69.3672,2470623.7315,2275780.76
688017.SH,20250410,131.52,4.2436,1.31,286.3294,422.9023,7.0289,67.6543,2409613.8907,2219582.3919
688017.SH,20250409,125.57,4.5319,1.62,273.3758,403.77,6.7109,64.5936,2300602.3134,2119167.8905
688017.SH,20250408,119.44,3.8259,1.36,260.0303,384.059,6.3833,61.4403,2188292.9068,2015715.6394
688017.SH,20250407,117.2,4.7601,2.22,255.1536,376.8563,6.2636,60.288,2147253.2542,1977912.533
688017.SH,20250403,145.9,1.4653,0.65,317.6358,469.1411,7.7974,75.0514,2673073.8037,2462264.8341
688017.SH,20250402,146.9,1.6591,0.7,319.8128,472.3566,7.8509,75.5658,2691395.0772,2479141.2209
688017.SH,20250401,144.45,2.2489,0.89,314.479,464.4786,7.7199,74.3055,2646507.9571,2437794.0733
688017.SH,20250331,149.1,3.8817,1.68,324.6024,479.4307,7.9684,76.6975,2731701.8789,2516269.2719
688017.SH,20250328,153.2,1.4605,0.49,333.5284,492.6142,8.1875,78.8065,2806819.1002,2585462.4578
688017.SH,20250327,153.5,1.9713,0.55,334.1816,493.5789,8.2036,78.9609,2812315.4823,2590525.3738
688017.SH,20250326,155.45,2.2857,0.61,338.4269,499.8491,8.3078,79.9639,2848041.9656,2623434.3281
688017.SH,20250325,157.0,3.0235,0.84,341.8013,504.8331,8.3906,80.7613,2876439.9395,2649592.7276
688017.SH,20250324,157.6,2.7801,0.75,343.1076,506.7624,8.4227,81.0699,2887432.7036,2659718.5597
688017.SH,20250321,155.17,4.984,1.26,337.8173,498.9488,8.2928,79.8199,2842912.009,2618708.9398
688017.SH,20250320,166.39,4.8104,1.27,362.2441,535.0267,8.8925,85.5915,3048476.6977,2808061.9997
688017.SH,20250319,167.58,3.2278,0.86,364.8348,538.8531,8.9561,86.2037,3070279.0131,2828144.8999
688017.SH,20250318,169.71,2.2474,0.54,369.472,545.7021,9.0699,87.2993,3109303.3257,2864091.6038
688017.SH,20250317,170.33,3.343,0.78,370.8218,547.6957,9.103,87.6183,3120662.5153,2874554.9636
688017.SH,20250314,171.09,6.133,1.57,372.4764,550.1395,9.1437,88.0092,3134586.6831,2887381.0176
688017.SH,20250313,154.61,4.036,1.05,336.5981,497.1481,8.2629,79.5318,2832652.0958,2609258.1631
688017.SH,20250312,165.72,2.9023,0.72,360.7855,532.8723,8.8567,85.2469,3036201.4444,2796754.8205
688017.SH,20250311,167.83,4.476,1.12,365.3791,539.657,8.9694,86.3323,3074859.3315,2832363.9966
688017.SH,20250310,169.4,3.8333,0.96,368.7971,544.7053,9.0533,87.1399,3103623.7309,2858859.9239
688017.SH,20250307,166.69,4.3399,0.94,362.8972,535.9913,8.9085,85.7458,3053973.0797,2813124.9157
688017.SH,20250306,164.0,3.6187,0.68,357.0409,527.3416,8.7647,84.3621,3004688.854,2767727.4352
688017.SH,20250305,163.0,3.9265,0.63,354.8638,524.1261,8.7113,83.8477,2986367.5805,2750851.0484
688017.SH,20250304,160.03,4.1928,0.65,348.3979,514.5761,8.5526,82.3199,2931953.3982,2700728.1796
688017.SH,20250303,152.97,3.8208,0.56,333.0277,491.8747,8.1753,78.6882,2802605.2073,2581580.8888
688017.SH,20250228,153.7,7.6085,1.14,334.617,494.222,8.2143,79.0637,2815979.737,2593900.6512
688017.SH,20250227,174.5,7.0109,1.08,379.9002,453.5574,9.3259,89.7633,3197062.2258,2944929.4966
688017.SH,20250226,178.4,8.4582,1.35,388.3908,463.6942,9.5343,91.7695,3268515.1924,3010747.4051
688017.SH,20250225,171.25,5.1799,0.83,372.8247,445.1101,9.1522,88.0915,3137518.0869,2890081.2395
688017.SH,20250224,172.85,6.0255,0.97,376.308,449.2688,9.2377,88.9146,3166832.1245,2917083.4584
688017.SH,20250221,176.0,6.5517,1.15,383.1658,457.4562,9.4061,90.5349,3224544.136,2970244.0768
688017.SH,20250220,169.83,6.236,1.15,369.7332,441.4192,9.0763,87.3611,3111501.8785,2866116.7702
688017.SH,20250219,173.24,7.4388,1.6,377.1571,450.2825,9.2586,89.1152,3173977.4211,2923665.2492
688017.SH,20250218,157.4,4.8624,1.03,342.6722,409.1114,8.412,80.967,2883768.4489,2656343.2823
688017.SH,20250217,167.0,5.8794,1.26,363.5721,434.0636,8.9251,85.9053,3059652.6745,2818356.5956
688017.SH,20250214,156.81,4.153,0.79,341.3877,407.5779,8.3805,80.6635,2872958.8975,2646386.2141
688017.SH,20250213,159.8,4.7122,0.84,347.8971,415.3494,8.5403,82.2016,2927739.5053,2696846.6106
688017.SH,20250212,168.8,3.5796,0.57,367.4909,438.7421,9.0213,86.8312,3092630.9668,2848734.0918
688017.SH,20250211,167.0,5.2855,0.86,363.5721,434.0636,8.9251,85.9053,3059652.6745,2818356.5956
688017.SH,20250210,168.53,5.6225,0.9,366.903,438.0403,9.0068,86.6923,3087684.223,2844177.4674
688017.SH,20250207,170.4,7.037,1.14,370.9742,442.9008,9.1068,87.6543,3121945.0044,2875736.3107
688017.SH,20250206,176.37,6.5831,1.13,383.9713,458.4179,9.4258,90.7253,3231323.0072,2976488.3399
688017.SH,20250205,163.12,6.659,1.16,355.125,423.9787,8.7177,83.9094,2988566.1333,2752876.2148
688017.SH,20250127,145.0,4.9984,0.86,315.6764,376.8815,7.7493,74.5884,2656584.6575,2447076.086
688017.SH,20250124,157.85,5.8281,1.05,343.6518,410.281,8.4361,81.1985,2892013.022,2663937.6564
688017.SH,20250123,149.84,6.8372,1.25,326.2134,389.4616,8.008,77.0781,2745259.6212,2528757.7981
688017.SH,20250122,145.99,4.7253,0.82,317.8317,379.4547,7.8022,75.0977,2674722.7183,2463783.7089
688017.SH,20250121,147.1,6.3047,0.98,320.2483,382.3398,7.8615,75.6687,2695059.3319,2482516.4983
688017.SH,20250120,138.88,5.2257,0.7,302.3527,360.9745,7.4222,71.4403,2544458.4637,2343792.5988
688017.SH,20250117,142.6,4.5354,0.55,310.4514,370.6435,7.621,73.3539,2612613.6011,2406572.7577
688017.SH,20250116,142.82,6.5237,0.82,310.9304,371.2153,7.6328,73.467,2616644.2813,2410285.5628
688017.SH,20250115,145.99,6.0981,0.81,317.8317,379.4547,7.8022,75.0977,2674722.7183,2463783.7089
688017.SH,20250114,149.0,9.7801,1.64,324.3847,387.2783,7.9631,76.646,2729869.7515,2514581.6332
688017.SH,20250113,129.62,10.6296,2.47,282.1929,336.9061,6.9274,66.6769,2374803.4711,2187517.257
688017.SH,20250110,120.04,8.0714,2.45,261.3365,312.0059,6.4154,61.7489,2199285.6709,2025841.4715
688017.SH,20250109,111.7,5.2921,1.95,243.1797,290.3287,5.9696,57.4588,2046486.25,1885092.4056
300503.SZ,20260702,94.88,15.4201,1.23,245.2313,150.2777,19.8435,18.3382,2924455.8784,2286371.7488
300503.SZ,20260701,101.48,21.4023,2.19,262.29,160.7312,21.2238,19.6138,3127885.5664,2445415.3148
300503.SZ,20260630,92.3,17.0308,2.06,238.5629,146.1913,19.3039,17.8395,2844933.364,2224200.173
300503.SZ,20260629,76.92,6.7458,0.7,198.8111,121.8314,16.0873,14.8669,2370880.5456,1853580.4692
300503.SZ,20260626,77.15,9.1312,0.85,199.4055,122.1957,16.1354,14.9114,2377969.762,1859122.8965
300503.SZ,20260625,79.68,8.1487,0.75,205.9447,126.2029,16.6645,15.4004,2455951.1424,1920089.5968
300503.SZ,20260624,78.71,7.7316,0.69,203.4376,124.6665,16.4616,15.2129,2426053.1428,1896715.0121
300503.SZ,20260623,81.03,9.64,0.88,209.434,128.3411,16.9468,15.6613,2497561.7604,1952621.2353
300503.SZ,20260622,88.3,13.7593,1.34,228.2244,139.8558,18.4673,17.0664,2721642.644,2127810.133
300503.SZ,20260618,88.28,14.5255,1.54,228.1727,139.8241,18.4631,17.0626,2721026.1904,2127328.1828
300503.SZ,20260617,80.99,8.8567,0.89,209.3306,128.2777,16.9385,15.6536,2496328.8532,1951657.3349
300503.SZ,20260616,82.89,9.1721,0.86,214.2414,131.2871,17.3358,16.0208,2554891.9452,1997442.6039
300503.SZ,20260615,81.1,8.4922,0.67,209.6149,128.4519,16.9615,15.6748,2499719.348,1954308.061
300503.SZ,20260612,78.9,10.3425,0.74,203.9287,124.9674,16.5014,15.2496,2431909.452,1901293.539
300503.SZ,20260611,79.81,10.362,0.76,206.2807,126.4087,17.0482,15.4255,2459957.9711,1923222.2651
300503.SZ,20260610,79.0,11.2366,0.84,204.1871,125.1258,16.8752,15.2689,2434991.6015,1903703.2821
300503.SZ,20260609,86.59,12.8608,1.0,223.8046,137.1474,18.4965,16.7359,2668935.7313,2086603.3822
300503.SZ,20260608,87.01,18.6758,1.76,224.8901,137.8126,18.5862,16.8171,2681881.2563,2096724.3364
300503.SZ,20260605,81.77,16.8666,1.8,211.3466,129.5131,17.4669,15.8043,2520370.4209,1970453.3845
300503.SZ,20260604,75.09,8.441,0.84,194.0812,118.9329,16.04,14.5132,2314474.9286,1809482.0184
300503.SZ,20260603,74.98,10.0799,0.93,193.7968,118.7587,16.0165,14.492,2311084.4339,1806831.2923
300503.SZ,20260602,74.37,10.1492,0.82,192.2202,117.7925,15.8862,14.3741,2292282.6,1792131.8113
300503.SZ,20260601,72.37,7.3918,0.52,187.0509,114.6247,15.459,13.9875,2230637.243,1743936.7915
300503.SZ,20260529,73.5,10.6625,0.67,189.9716,116.4145,15.7004,14.2059,2265466.8698,1771166.9777
300503.SZ,20260528,78.61,12.2481,0.66,203.1791,124.5081,16.7919,15.1936,2422970.7569,1894305.2532
300503.SZ,20260527,79.79,13.6189,0.76,206.229,126.3771,17.044,15.4216,2459341.5175,1922740.3149
300503.SZ,20260526,84.5,17.6301,1.0,218.4027,133.8371,17.6726,16.332,2604516.3333,2036239.5866
300503.SZ,20260525,88.1,16.8127,1.06,227.7074,139.539,18.4255,17.0278,2715477.9759,2122990.6222
300503.SZ,20260522,89.34,18.9123,1.29,230.9124,141.503,18.6848,17.2674,2753698.0972,2152871.5345
300503.SZ,20260521,86.97,25.4655,2.26,224.7868,137.7493,18.1891,16.8094,2680648.3491,2095760.436
300503.SZ,20260520,75.84,11.2229,1.06,196.0196,120.1208,15.8614,14.6582,2337591.9374,1827555.1508
300503.SZ,20260519,78.98,15.3644,1.61,204.1354,125.0941,16.5181,15.2651,2434375.1479,1903221.3319
300503.SZ,20260518,69.93,8.0529,0.77,180.7444,110.7601,14.6254,13.5159,2155429.9075,1685138.8673
300503.SZ,20260515,71.14,13.4369,1.3,183.8718,112.6766,14.8784,13.7498,2192725.3485,1714296.8543
300503.SZ,20260514,68.4,8.3375,0.79,176.7899,108.3368,14.3054,13.2202,2108271.2094,1648269.6772
300503.SZ,20260513,69.08,7.639,0.69,178.5474,109.4138,14.4476,13.3516,2129230.6308,1664655.9839
300503.SZ,20260512,69.33,10.3643,1.0,179.1936,109.8098,14.4999,13.3999,2136936.3004,1670680.3614
300503.SZ,20260511,72.8,12.4988,1.33,188.1623,115.3058,15.2256,14.0706,2243890.9948,1754298.7207
300503.SZ,20260508,68.49,12.8688,1.5,177.0225,108.4793,14.3242,13.2376,2111045.2505,1650438.4531
300503.SZ,20260507,67.07,9.6815,1.13,173.3523,106.2302,14.0272,12.9631,2067277.047,1616219.989
300503.SZ,20260506,65.99,9.745,1.11,170.5609,104.5197,13.8013,12.7544,2033988.5542,1590194.6783
300503.SZ,20260430,62.65,7.2687,0.78,161.9281,99.2295,13.1028,12.1088,1931040.808,1509708.9952
300503.SZ,20260429,64.4,7.2795,0.7,166.4513,102.0013,13.4688,12.4471,1984980.4954,1551879.6376
300503.SZ,20260428,65.0,9.053,0.73,168.0021,102.9516,13.5943,12.5631,2003474.1025,1566338.1435
300503.SZ,20260427,62.93,9.6136,0.75,162.6518,99.673,13.1614,12.163,1939671.158,1516456.298
300503.SZ,20260424,63.62,10.8191,0.85,164.4352,100.7659,13.3057,12.2963,1960938.8062,1533083.5798
300503.SZ,20260423,60.75,9.8418,0.79,157.0173,96.2202,12.7054,11.7416,1872477.7189,1463923.7264
300503.SZ,20260422,62.98,12.9897,1.15,162.7811,99.7522,13.1718,12.1726,1941212.2919,1517661.1735
300503.SZ,20260421,61.14,18.6728,2.04,158.0253,96.8379,12.787,11.817,1884498.5635,1473321.7553
300503.SZ,20260420,62.44,11.6034,1.4,232.1542,155.6553,14.3161,14.7286,1924568.0455,1504648.5182
300503.SZ,20260417,59.29,10.8699,1.51,220.4424,147.8027,13.5939,13.9855,1827476.6083,1428741.362
300503.SZ,20260416,56.37,8.2161,1.28,209.5858,140.5235,12.9244,13.2967,1737474.387,1358376.6331
300503.SZ,20260415,55.1,7.1457,1.17,204.8638,137.3576,12.6332,12.9972,1698329.5854,1327772.7955
300503.SZ,20260414,56.49,7.9721,1.49,210.0319,140.8227,12.9519,13.325,1741173.1085,1361268.3343
300503.SZ,20260413,54.67,7.1537,1.46,203.2651,136.2856,12.5346,12.8957,1685075.8336,1317410.8662
300503.SZ,20260410,52.5,5.4969,1.0,195.197,130.8761,12.0371,12.3839,1618190.6213,1265119.2698
300503.SZ,20260409,53.22,4.3759,0.63,197.8739,132.671,12.2022,12.5537,1640382.9498,1282469.4769
300503.SZ,20260408,54.95,5.4497,0.67,204.3061,136.9836,12.5988,12.9618,1693706.1836,1324158.169
300503.SZ,20260407,52.31,4.3312,0.51,194.4905,130.4024,11.9935,12.3391,1612334.3123,1260540.7429
300503.SZ,20260403,53.06,4.8952,0.61,197.2791,132.2721,12.1655,12.516,1635451.3212,1278613.8753
300503.SZ,20260402,54.3,8.3032,1.11,201.8894,135.3633,12.4498,12.8085,1673671.4426,1308494.7876
300503.SZ,20260401,55.33,11.9626,2.01,205.719,137.9309,12.6859,13.0514,1705418.8014,1333315.2228
300503.SZ,20260331,52.03,10.9021,2.22,193.4495,129.7044,11.9293,12.273,1603703.9624,1253793.4401
300503.SZ,20260330,49.62,6.1364,1.24,184.489,123.6966,11.3768,11.7045,1529421.3072,1195718.4412
300503.SZ,20260327,46.75,3.1107,0.59,173.8182,116.542,10.7187,11.0275,1440960.2199,1126558.5878
300503.SZ,20260326,46.73,5.217,0.95,173.7439,116.4922,10.7142,11.0228,1440343.7663,1126076.6376
300503.SZ,20260325,46.96,4.423,0.68,174.599,117.0655,10.7669,11.0771,1447432.9824,1131619.0649
300503.SZ,20260324,46.42,5.6272,0.77,172.5913,115.7194,10.6431,10.9497,1430788.736,1118606.4096
300503.SZ,20260323,46.78,6.3241,0.88,173.9298,116.6168,10.7256,11.0346,1441884.9002,1127281.5131
300503.SZ,20260320,49.73,4.9118,0.73,184.898,123.9708,11.402,11.7305,1532811.8018,1198369.1673
300503.SZ,20260319,50.13,6.2582,1.0,186.3852,124.968,11.4937,11.8248,1545140.8732,1208008.1713
300503.SZ,20260318,53.18,9.2561,1.63,197.7252,132.5712,12.193,12.5443,1639150.0426,1281505.5765
300503.SZ,20260317,51.69,9.6035,1.95,192.1853,128.8568,11.8514,12.1928,1593224.2517,1245600.2867
300503.SZ,20260316,50.54,5.9468,1.29,187.9096,125.99,11.5877,11.9215,1557778.1714,1217888.1503
300503.SZ,20260313,48.12,2.489,0.53,178.9119,119.9573,11.0329,11.3507,1483187.2894,1159572.1764
300503.SZ,20260312,49.39,3.8997,0.84,183.6339,123.1232,11.324,11.6503,1522332.0911,1190176.014
300503.SZ,20260311,50.79,6.4311,1.55,188.8391,126.6133,11.645,11.9805,1565483.841,1223912.5278
300503.SZ,20260310,50.8,5.8336,1.34,188.8763,126.6382,11.6473,11.9829,1565792.0678,1224153.5029
300503.SZ,20260309,49.06,4.4827,0.98,182.4069,122.3006,11.2484,11.5724,1512160.6072,1182223.8357
300503.SZ,20260306,49.4,2.664,0.51,183.671,123.1482,11.3263,11.6526,1522640.3179,1190416.9891
300503.SZ,20260305,49.59,3.7976,0.71,184.3775,123.6218,11.3699,11.6975,1528496.6268,1194995.5159
300503.SZ,20260304,48.46,3.9664,0.67,180.1761,120.8049,11.1108,11.4309,1493667.0001,1167765.3298
300503.SZ,20260303,48.44,6.925,1.16,180.1017,120.755,11.1062,11.4262,1493050.5465,1167283.3796
300503.SZ,20260302,52.15,5.5935,0.96,193.8956,130.0036,11.9568,12.3013,1607402.6838,1256685.1413
300503.SZ,20260227,53.16,5.5892,0.97,197.6509,132.5214,12.1884,12.5396,1638533.5891,1281023.6263
300503.SZ,20260226,54.69,4.4828,0.69,203.3395,136.3355,12.5392,12.9005,1685692.2872,1317892.8164
300503.SZ,20260225,55.13,6.9663,0.97,204.9754,137.4323,12.6401,13.0042,1699254.2657,1328495.7208
300503.SZ,20260224,53.24,7.2074,1.0,197.9483,132.7208,12.2068,12.5584,1640999.4033,1282951.4271
300503.SZ,20260213,55.23,4.9,0.61,205.3472,137.6816,12.663,13.0278,1702336.5336,1330905.4718
300503.SZ,20260212,55.01,5.3883,0.67,204.5292,137.1332,12.6126,12.9759,1695555.5443,1325604.0196
300503.SZ,20260211,55.0,7.8514,0.95,204.492,137.1083,12.6103,12.9736,1695247.3175,1325363.0445
300503.SZ,20260210,57.3,10.4415,1.24,213.0435,142.8419,13.1376,13.5161,1766139.4781,1380787.3173
300503.SZ,20260209,56.35,7.6092,0.79,209.5114,140.4737,12.9198,13.292,1736857.9335,1357894.6829
300503.SZ,20260206,55.56,8.6226,0.86,206.5741,138.5043,12.7387,13.1057,1712508.0175,1338857.65
300503.SZ,20260205,54.69,5.6899,0.54,203.3395,136.3355,12.5392,12.9005,1685692.2872,1317892.8164
300503.SZ,20260204,56.61,8.7561,0.79,210.4781,141.1218,12.9794,13.3534,1744871.8299,1364160.0354
300503.SZ,20260203,58.35,11.5793,1.01,216.9475,145.4594,13.3784,13.7638,1798503.2905,1406089.7027
300503.SZ,20260202,57.15,13.3889,1.06,212.4858,142.468,13.1032,13.4807,1761516.0763,1377172.6908
300503.SZ,20260130,55.57,10.5043,0.72,206.6113,138.5292,12.741,13.108,1712816.2442,1339098.6251
300503.SZ,20260129,56.0,8.4861,0.53,208.2101,139.6012,12.8396,13.2095,1726069.996,1349460.5544
300503.SZ,20260128,57.71,11.1795,0.65,214.5679,143.864,13.2316,13.6128,1778776.7762,1390667.2963
300503.SZ,20260127,59.4,13.5944,0.76,220.8514,148.0769,13.6191,14.0115,1830867.1029,1431392.0881
300503.SZ,20260126,61.7,19.5633,1.07,229.4029,153.8106,14.1464,14.554,1901759.2635,1486816.3608
300503.SZ,20260123,71.65,19.8581,1.08,266.3974,178.6147,16.4278,16.901,2208444.9145,1726586.5843
300503.SZ,20260122,67.26,16.0297,0.92,250.0752,167.671,15.4212,15.8655,2073133.3559,1620798.5159
300503.SZ,20260121,65.88,17.0419,0.95,244.9443,164.2308,15.1048,15.54,2030598.0596,1587543.9522
300503.SZ,20260120,64.01,16.7354,0.88,237.9916,159.5691,14.6761,15.0989,1972959.6508,1542481.6087
300503.SZ,20260119,67.5,22.1046,1.11,250.9675,168.2692,15.4763,15.9221,2080530.7988,1626581.9183
300503.SZ,20260116,62.92,20.1949,0.94,233.9389,156.8519,14.4262,14.8418,1939362.9312,1516215.3229
300503.SZ,20260115,60.22,10.6717,0.46,223.9002,150.1211,13.8071,14.2049,1856141.6993,1451152.0462
300503.SZ,20260114,61.44,19.7698,0.84,228.4362,153.1624,14.0868,14.4927,1893745.367,1480551.0083
300503.SZ,20260113,62.9,22.28,0.91,233.8645,156.802,14.4216,14.8371,1938746.4777,1515733.3727
300503.SZ,20260112,69.27,26.3223,1.11,257.5484,172.6816,15.8821,16.3396,2135086.9397,1669234.5108
300503.SZ,20260109,64.91,28.6064,1.18,241.3378,161.8127,14.8824,15.3112,2000700.0614,1564169.3676
300503.SZ,20260108,60.8,19.0258,0.7,226.0567,151.567,13.9401,14.3417,1874018.8528,1465128.6019
300503.SZ,20260107,59.62,21.1079,0.72,221.6694,148.6254,13.6695,14.0634,1837648.0922,1436693.5402
300503.SZ,20260106,61.91,26.7073,0.89,230.1837,154.3341,14.1946,14.6035,1908232.0259,1491876.8379
300503.SZ,20260105,60.66,23.5467,0.8,225.5361,151.218,13.908,14.3087,1869703.6778,1461754.9505
300503.SZ,20251231,63.72,30.3684,1.22,236.9133,158.8462,14.6096,15.0305,1964021.074,1535493.3308
300503.SZ,20251230,63.8,33.8015,1.73,237.2108,159.0456,14.6279,15.0494,1966486.8883,1537421.1316
300503.SZ,20251229,53.8,31.5148,2.13,200.0304,134.1168,12.3351,12.6905,1658260.1033,1296446.0326
300503.SZ,20251226,46.72,30.1394,2.91,173.7067,116.4672,10.7119,11.0205,1440035.5395,1125835.6625
300503.SZ,20251225,43.42,21.7643,2.68,161.4372,108.2408,9.9552,10.2421,1338320.7005,1046313.8799
300503.SZ,20251224,36.18,7.0828,0.85,134.5186,90.1923,8.2953,8.5343,1115164.5081,871847.9082
300503.SZ,20251223,34.98,7.1795,0.81,130.0569,87.2009,8.0201,8.2512,1078177.2939,842930.8963
300503.SZ,20251222,35.66,7.8614,0.78,132.5852,88.896,8.176,8.4116,1099136.7153,859317.203
300503.SZ,20251219,35.93,7.928,0.65,133.5891,89.5691,8.238,8.4753,1107458.8385,865823.5307
300503.SZ,20251218,36.06,10.6046,0.85,134.0724,89.8932,8.2678,8.506,1111465.7867,868956.207
300503.SZ,20251217,36.0,7.9542,0.54,133.8493,89.7436,8.254,8.4918,1109616.426,867510.3564
300503.SZ,20251216,35.91,9.8743,0.65,133.5147,89.5192,8.2334,8.4706,1106842.3849,865341.5805
300503.SZ,20251215,37.66,14.2889,0.83,140.0213,93.8818,8.6346,8.8834,1160782.0723,907512.2228
300503.SZ,20251212,38.6,17.9516,0.93,143.5162,96.2251,8.8501,9.1051,1189755.3901,930163.8821
300503.SZ,20251211,36.3,11.9695,0.63,134.9647,90.4915,8.3228,8.5626,1118863.2296,874739.6094
300503.SZ,20251210,36.88,19.3934,1.21,137.1212,91.9373,8.4558,8.6994,1136740.3831,888716.1651
300503.SZ,20251209,34.95,12.7932,0.87,129.9454,87.1261,8.0133,8.2441,1077252.6136,842207.971
300503.SZ,20251208,35.8,23.6405,1.93,133.1057,89.245,8.2081,8.4446,1103451.8903,862690.8544
300503.SZ,20251205,34.47,28.4028,3.37,128.1607,85.9295,7.9032,8.1309,1062457.7279,830641.1663
300503.SZ,20251204,30.46,11.2193,1.55,113.2514,75.9331,6.9838,7.185,938858.7871,734010.1516
300503.SZ,20251203,28.94,4.161,0.52,107.6,72.1439,6.6353,6.8265,892008.3158,697381.9365
300503.SZ,20251202,29.46,6.0344,0.8,109.5334,73.4402,6.7545,6.9491,908036.1086,709912.6417
300503.SZ,20251201,30.68,11.3192,1.95,114.0694,76.4815,7.0342,7.2369,945639.7764,739311.6037
300503.SZ,20251128,29.25,9.4181,1.98,108.7526,72.9167,6.7064,6.8996,901563.3461,704852.1646
300503.SZ,20251127,27.51,5.3023,1.29,102.2832,68.5791,6.3074,6.4891,847931.8855,662922.4973
300503.SZ,20251126,28.15,8.2509,2.84,104.6627,70.1745,6.4542,6.6401,867658.3998,678344.9037
300503.SZ,20251125,27.5,3.4775,1.31,102.246,68.5541,6.3051,6.4868,847623.6588,662681.5223
300503.SZ,20251124,26.77,2.56,0.96,99.5319,66.7343,6.1378,6.3146,825123.1034,645090.34
300503.SZ,20251121,26.33,4.2502,1.66,97.8959,65.6375,6.0369,6.2108,811561.1249,634487.4357
300503.SZ,20251120,26.86,2.0117,0.63,99.8665,66.9587,6.1584,6.3358,827897.1445,647259.1159
300503.SZ,20251119,27.16,2.2315,0.6,100.9819,67.7066,6.2272,6.4066,837143.9481,654488.3689
300503.SZ,20251118,27.69,2.2568,0.5,102.9524,69.0278,6.3487,6.5316,853479.9677,667260.0491
300503.SZ,20251117,27.81,2.6426,0.55,103.3986,69.3269,6.3762,6.5599,857178.6891,670151.7503
300503.SZ,20251114,27.71,3.6947,0.67,103.0268,69.0776,6.3533,6.5363,854096.4212,667741.9993
300503.SZ,20251113,28.65,5.1494,0.76,106.5218,71.4209,6.5688,6.7581,883069.739,690393.6586
300503.SZ,20251112,29.19,4.9001,0.75,108.5295,72.7671,6.6926,6.8854,899713.9854,703406.314
300503.SZ,20251111,30.48,6.2065,0.98,113.3258,75.9829,6.9884,7.1897,939475.2407,734492.1018
300503.SZ,20251110,29.86,4.0428,0.59,111.0206,74.4373,6.8462,7.0435,920365.18,719551.6456
300503.SZ,20251107,30.16,7.1019,0.98,112.136,75.1852,6.915,7.1142,929611.9836,726780.8986
300503.SZ,20251106,31.23,11.4933,1.49,116.1143,77.8526,7.1603,7.3666,962592.2496,752565.2342
300503.SZ,20251105,28.94,4.0308,0.47,107.6,72.1439,6.6353,6.8265,892008.3158,697381.9365
300503.SZ,20251104,29.37,5.1464,0.62,109.1988,73.2158,6.7339,6.9279,905262.0675,707743.8658
300503.SZ,20251103,30.17,6.2701,0.75,112.1732,75.2101,6.9173,7.1166,929920.2103,727021.8737
300503.SZ,20251031,31.14,9.1918,1.08,115.7797,77.6282,7.1397,7.3454,959818.2085,750396.4583
300503.SZ,20251030,30.84,13.8716,2.22,114.6643,76.8803,7.0709,7.2746,950571.4049,743167.2053
300503.SZ,20251029,29.86,8.1464,1.54,111.0206,100.7351,7.2912,7.0435,920365.18,719551.6456
300503.SZ,20251028,28.87,4.0719,0.82,107.3397,97.3953,7.0495,6.81,889850.7283,695695.1108
300503.SZ,20251027,29.03,6.6734,1.59,107.9346,97.9351,7.0885,6.8477,894782.3569,699550.7124
300503.SZ,20251024,28.8,9.7407,3.46,107.0795,97.1591,7.0324,6.7934,887693.1408,694008.2851
300503.SZ,20251023,27.33,2.6294,0.92,101.614,92.2,6.6734,6.4467,842383.8034,658584.9456
300503.SZ,20251022,27.71,3.4071,1.12,103.0268,93.4819,6.7662,6.5363,854096.4212,667741.9993
300503.SZ,20251021,27.44,2.4116,0.69,102.0229,92.5711,6.7003,6.4726,845774.298,661235.6717
300503.SZ,20251020,27.32,2.7317,0.7,101.5768,92.1662,6.671,6.4443,842075.5766,658343.9705
300503.SZ,20251017,26.77,2.8807,0.68,99.5319,90.3108,6.5367,6.3146,825123.1034,645090.34
300503.SZ,20251016,28.04,2.9037,0.62,104.2538,94.5952,6.8468,6.6142,864267.9051,675694.1776
300503.SZ,20251015,28.8,4.3293,0.95,107.0795,97.1591,7.0324,6.7934,887693.1408,694008.2851
300503.SZ,20251014,27.7,4.6191,1.04,102.9828,93.442,6.764,6.5335,853731.6865,667486.8972
300503.SZ,20251013,29.16,4.6675,1.04,108.4108,98.3671,7.1205,6.8779,898729.8187,702668.5142
300503.SZ,20251010,29.58,4.7331,0.99,109.9723,99.7839,7.2231,6.977,911674.4868,712789.2541
300503.SZ,20251009,30.21,5.2285,1.07,112.3145,101.9091,7.3769,7.1256,931091.4891,727970.364
300503.SZ,20250930,30.97,3.5635,0.64,115.14,104.4729,7.5625,7.3048,954515.1743,746284.0838
300503.SZ,20250929,31.03,4.0037,0.68,115.3631,104.6753,7.5772,7.319,956364.4127,747729.9038
300503.SZ,20250926,30.63,4.9158,0.72,113.8759,103.3259,7.4795,7.2246,944036.1573,738091.1039
300503.SZ,20250925,31.97,6.1829,0.69,118.8578,107.8462,7.8067,7.5407,985335.8128,770381.0836
300503.SZ,20250924,31.9,5.8055,0.54,118.5975,107.6101,7.7896,7.5242,983178.3682,768694.2936
300503.SZ,20250923,31.37,6.7847,0.58,116.6271,105.8222,7.6602,7.3992,966843.4297,755922.8837
300503.SZ,20250922,31.93,5.7865,0.47,118.7091,107.7113,7.797,7.5313,984102.9873,769417.2036
300503.SZ,20250919,31.39,9.7195,0.8,116.7015,105.8897,7.6651,7.4039,967459.8425,756404.8237
300503.SZ,20250918,32.88,16.6207,1.54,122.241,110.916,8.0289,7.7553,1013382.5939,792309.3534
300503.SZ,20250917,34.18,14.8759,1.6,127.0741,115.3014,8.3464,8.062,1053449.4239,823635.4532
300503.SZ,20250916,32.26,11.9827,1.5,119.9359,108.8245,7.8775,7.6091,994273.798,777369.2135
300503.SZ,20250915,30.99,7.8637,0.95,115.2143,104.5404,7.5674,7.3095,955131.5871,746766.0238
300503.SZ,20250912,30.92,9.7691,1.29,114.9541,104.3042,7.5503,7.293,952974.1424,745079.2338
300503.SZ,20250911,30.85,9.4665,1.26,114.6939,104.0681,7.5332,7.2765,950816.6977,743392.4438
300503.SZ,20250910,29.69,7.3369,0.93,110.3812,100.155,7.25,7.0029,915064.7571,715439.9241
300503.SZ,20250909,29.4,5.4254,0.53,109.3031,99.1767,7.1792,6.9345,906126.7719,708451.7941
300503.SZ,20250908,30.02,9.3829,0.83,111.6081,101.2682,7.3306,7.0807,925235.5678,723391.934
300503.SZ,20250905,28.97,6.3223,0.51,107.7044,97.7262,7.0742,6.8331,892873.8973,698090.0842
300503.SZ,20250904,28.1,8.9751,0.69,104.4699,94.7914,6.8617,6.6279,866059.9419,677125.6944
300503.SZ,20250903,29.28,9.421,0.66,108.8569,98.7719,7.1499,6.9062,902428.2953,705560.1541
300503.SZ,20250902,30.83,16.9326,1.08,114.6195,104.0006,7.5283,7.2718,950200.285,742910.5038
300503.SZ,20250901,31.15,15.1066,0.81,115.8092,105.0801,7.6065,7.3473,960062.8893,750621.5438
300503.SZ,20250829,30.42,11.9244,0.64,113.0952,102.6175,7.4282,7.1751,937563.8232,733030.7339
300503.SZ,20250828,30.45,11.8604,0.61,113.2067,102.7187,7.4356,7.1822,938488.4423,733753.6439
300503.SZ,20250827,30.37,15.4643,0.84,112.9093,102.4489,7.416,7.1633,936022.7912,731825.8839
300503.SZ,20250826,31.27,23.9188,1.49,116.2553,105.4849,7.6358,7.3756,963761.3659,753513.1837
300503.SZ,20250825,33.54,29.8006,2.47,124.6947,113.1424,8.1901,7.911,1033724.2153,808213.3733
300503.SZ,20250822,27.95,11.4186,1.01,103.9123,94.2854,6.8251,6.5925,861436.8461,673511.1444
300503.SZ,20250821,27.74,16.2608,1.79,103.1315,93.5769,6.7738,6.543,854964.512,668450.7745
300503.SZ,20250820,26.82,10.8554,1.39,99.7112,90.4735,6.5491,6.326,826609.5246,646281.5346
300503.SZ,20250819,26.52,12.1665,1.97,98.5958,89.4614,6.4759,6.2552,817363.333,639052.4347
300503.SZ,20250818,25.85,9.6054,1.88,95.4396,86.5977,6.3377,6.055,791198.2811,618040.6757
300503.SZ,20250815,25.05,7.9455,1.78,92.486,83.9176,6.1415,5.8676,766712.4542,598913.6915
300503.SZ,20250814,24.04,5.1142,1.08,88.757,80.5341,5.8939,5.631,735799.0977,574765.874
300503.SZ,20250813,24.5,4.4241,0.78,90.4553,82.0751,6.0067,5.7388,749878.4482,585763.8899
300503.SZ,20250812,24.3,4.0371,0.63,89.7169,81.4051,5.9577,5.6919,743756.9915,580982.1439
300503.SZ,20250811,24.58,4.0249,0.61,90.7507,82.3431,6.0263,5.7575,752327.0309,587676.5883
300503.SZ,20250808,24.44,4.7036,0.75,90.2338,81.8741,5.992,5.7247,748042.0112,584329.3661
300503.SZ,20250807,24.99,6.5462,1.1,92.2644,83.7166,6.1268,5.8535,764876.0172,597479.1677
300503.SZ,20250806,25.2,8.9715,1.81,93.0398,84.4201,6.1783,5.9027,771303.5467,602500.001
300503.SZ,20250805,24.7,7.8036,1.74,91.1938,82.7451,6.0557,5.7856,755999.9049,590545.6359
300503.SZ,20250804,24.1,5.2226,1.06,88.9785,80.7351,5.9086,5.6451,737635.5348,576200.3978
300503.SZ,20250801,23.05,2.9981,0.56,85.1019,77.2176,5.6512,5.3991,705497.887,551096.2311
300503.SZ,20250731,23.24,4.7041,0.94,85.8034,77.8541,5.6978,5.4436,711313.2709,555638.8898
300503.SZ,20250730,23.52,4.0955,0.81,86.8371,85.7925,5.7664,5.5092,719883.3103,562333.3343
300503.SZ,20250729,23.97,5.3857,1.07,88.4986,87.434,5.8768,5.6146,733656.5879,573092.2629
300503.SZ,20250728,24.08,7.376,1.51,88.9047,87.8352,6.1467,5.6404,737023.3891,575722.2232
300503.SZ,20250725,23.47,5.1032,1.06,86.6525,85.6101,5.991,5.4975,718352.9461,561137.8978
300503.SZ,20250724,23.09,3.1864,0.54,85.2495,84.224,5.894,5.4085,706722.1783,552052.5803
300503.SZ,20250723,22.81,4.0954,0.66,84.2158,83.2027,5.8225,5.3429,698152.1389,545358.1359
300503.SZ,20250722,23.19,5.4245,0.86,85.6188,84.5888,5.9195,5.4319,709782.9067,554443.4533
300503.SZ,20250721,23.42,6.6556,1.01,86.4679,85.4278,5.9782,5.4858,716822.5819,559942.4613
300503.SZ,20250718,23.19,4.751,0.75,85.6188,84.5888,5.9195,5.4319,709782.9067,554443.4533
300503.SZ,20250717,23.4,8.4907,1.65,86.3941,85.3548,5.9731,5.4811,716210.4362,559464.2867
300503.SZ,20250716,22.72,5.9133,1.2,83.8835,82.8744,5.7996,5.3218,695397.4834,543206.3501
300503.SZ,20250715,22.64,5.7416,1.34,83.5881,82.5826,5.7791,5.3031,692948.9007,541293.6517
300503.SZ,20250714,22.61,8.0857,2.66,83.4774,82.4732,5.6944,5.2961,692030.6822,540576.3898
300503.SZ,20250711,21.74,3.5391,1.22,80.2653,79.2997,5.4753,5.0923,665402.3455,519775.7945
300503.SZ,20250710,21.28,2.3736,0.84,78.5669,77.6218,5.3595,4.9845,651322.995,508777.7787
300503.SZ,20250709,21.5,4.806,2.0,79.3792,78.4243,5.4149,5.036,658056.5974,514037.6993
300503.SZ,20250708,21.58,2.5777,1.07,79.6745,78.7161,5.435,5.0548,660505.1801,515950.3977
300503.SZ,20250707,21.08,1.8847,0.73,77.8285,76.8923,5.3091,4.9377,645201.5383,503996.0326
300503.SZ,20250704,21.28,2.8132,1.08,78.5669,77.6218,5.3595,4.9845,651322.995,508777.7787
300503.SZ,20250703,21.75,2.0086,0.66,80.3022,79.3362,5.4778,5.0946,665708.4183,520014.8819
300503.SZ,20250702,21.63,2.7078,0.76,79.8591,78.8985,5.4476,5.0665,662035.5443,517145.8342
300503.SZ,20250701,22.0,2.6476,0.6,81.2252,80.2481,5.5408,5.1532,673360.2392,525992.0644
300503.SZ,20250630,22.13,2.7915,0.65,81.7052,80.7223,5.5735,5.1836,677339.1861,529100.1993
300503.SZ,20250627,21.85,2.8746,0.66,80.6714,79.701,5.503,5.118,668769.1467,522405.7549
300503.SZ,20250626,21.84,4.1451,0.9,80.6345,79.6645,5.5005,5.1157,668463.0738,522166.6676
300503.SZ,20250625,22.2,5.4506,1.36,81.9636,80.9776,5.5912,5.2,679481.6959,530773.8104
300503.SZ,20250624,22.0,6.7285,2.15,81.2252,80.2481,5.5408,5.1532,673360.2392,525992.0644
300503.SZ,20250623,20.78,2.2932,0.75,76.7209,75.798,5.2335,4.8674,636019.3532,496823.4136
300503.SZ,20250620,20.36,3.311,1.11,75.1702,74.266,5.1278,4.769,623164.2941,486781.7469
300503.SZ,20250619,21.2,5.2921,2.23,78.2716,77.33,5.3393,4.9658,648874.4123,506865.0802
300503.SZ,20250618,21.1,2.4108,0.99,77.9024,76.9652,5.3141,4.9424,645813.684,504474.2072
300503.SZ,20250617,20.89,2.3654,0.88,77.127,76.1992,5.2612,4.8932,639386.1544,499453.3739
300503.SZ,20250616,20.68,1.9479,0.67,76.3517,75.4332,5.2084,4.844,632958.6248,494432.5405
300503.SZ,20250613,20.57,2.9249,1.01,75.9456,75.032,5.1807,4.8182,629591.8237,491802.5802
300503.SZ,20250612,21.17,2.2182,0.67,78.1608,77.2206,5.3318,4.9588,647956.1938,506147.8183
300503.SZ,20250611,21.45,2.7464,0.84,79.1946,78.2419,5.4023,5.0243,656526.2332,512842.2628
300503.SZ,20250610,21.33,3.6518,1.23,78.7515,77.8042,5.3721,4.9962,652853.3592,509973.2152
300503.SZ,20250609,21.41,3.0862,1.01,79.0469,78.096,5.3922,5.015,655301.9419,511885.9136
300503.SZ,20250606,21.18,2.8157,0.9,78.1977,77.257,5.3343,4.9611,648262.2666,506386.9056
300503.SZ,20250605,21.48,4.2662,1.5,79.3053,78.3513,5.4098,5.0314,657444.4517,513559.5247
300503.SZ,20250604,20.99,2.4596,0.84,77.4962,76.564,5.2864,4.9166,642446.8828,501844.2469
300503.SZ,20250603,20.97,2.2256,0.74,77.4224,76.491,5.2814,4.9119,641834.7371,501366.0723
300503.SZ,20250530,21.01,3.4431,1.1,77.5701,76.6369,5.2915,4.9213,643059.0284,502322.4215
300503.SZ,20250529,21.65,3.2279,1.02,79.933,78.9714,5.4527,5.0712,662647.6899,517624.0088
300503.SZ,20250528,21.32,2.8474,0.82,78.7146,77.7677,5.3695,4.9939,652547.2864,509734.1279
300503.SZ,20250527,21.5,2.968,0.83,79.3792,78.4243,5.4149,5.036,658056.5974,514037.6993
300503.SZ,20250526,22.03,2.6174,0.61,81.336,80.3575,5.5484,5.1602,674278.4577,526709.3263
300503.SZ,20250523,21.81,4.0,0.86,80.5237,79.5551,5.493,5.1087,667544.8553,521449.4057
300503.SZ,20250522,22.08,3.3898,0.68,81.5206,80.5399,5.561,5.1719,675808.8219,527904.7628
300503.SZ,20250521,22.2,4.2974,0.77,81.9636,80.9776,5.5912,5.2,679481.6959,530773.8104
300503.SZ,20250520,22.71,3.6217,0.58,83.8466,82.8379,5.7196,5.3195,695091.4106,542967.2628
300503.SZ,20250519,22.78,6.3097,0.97,84.105,83.0933,5.7373,5.3359,697233.9204,544640.874
300503.SZ,20250516,23.4,5.5242,0.85,86.3941,85.3548,5.8934,5.4811,716210.4362,559464.2867
300503.SZ,20250515,23.34,5.0484,0.78,86.1726,85.1359,5.8783,5.467,714373.9992,558029.7629
300503.SZ,20250514,24.05,7.2718,1.12,88.7939,87.7258,6.0571,5.6333,736105.1706,575004.9613
300503.SZ,20250513,24.11,7.2218,1.13,89.0154,87.9446,6.0722,5.6474,737941.6076,576439.4851
300503.SZ,20250512,24.34,7.3618,1.18,89.8646,88.7836,6.1301,5.7013,744981.2828,581938.4931
300503.SZ,20250509,23.4,5.4415,0.89,86.3941,85.3548,5.8934,5.4811,716210.4362,559464.2867
300503.SZ,20250508,24.08,5.0082,0.87,88.9047,87.8352,6.0647,5.6404,737023.3891,575722.2232
300503.SZ,20250507,23.83,7.562,1.43,87.9817,86.9233,6.0017,5.5818,729371.5682,569745.0407
300503.SZ,20250506,24.19,6.595,1.25,89.3108,88.2364,6.0924,5.6661,740390.1903,578352.1835
300503.SZ,20250430,23.52,6.5703,1.1,86.8371,85.7925,5.9236,5.5092,719883.3103,562333.3343
300503.SZ,20250429,22.85,4.7722,0.76,84.3635,83.3486,5.7549,5.3523,699376.4303,546314.4851
300503.SZ,20250428,22.4,3.4047,0.48,82.702,81.7072,5.6415,5.2469,685603.1526,535555.5565
300503.SZ,20250425,22.87,5.0684,0.77,84.4373,83.4216,5.7599,5.357,699988.5759,546792.6597
300503.SZ,20250424,22.95,6.5536,1.09,84.7327,83.7134,5.7801,5.3757,702437.1586,548705.3581
300503.SZ,20250423,23.24,9.9491,2.01,85.8034,84.7712,5.8531,5.4436,711313.2709,555638.8898
300503.SZ,20250422,22.08,6.2424,1.28,81.5206,80.5399,5.561,5.1719,675808.8219,527904.7628
300503.SZ,20250421,22.93,7.3098,1.57,,,5.9168,7.0163,701825.0129,548227.1835
300503.SZ,20250418,21.46,2.9147,0.52,,,5.5375,6.5665,656832.3061,513081.3501
300503.SZ,20250417,21.54,3.631,0.54,,,5.5582,6.591,659280.8887,514994.0485
300503.SZ,20250416,21.78,4.679,0.62,,,5.6201,6.6644,666626.6368,520732.1438
300503.SZ,20250415,22.35,5.8258,0.72,,,5.7672,6.8388,684072.7885,534360.12
300503.SZ,20250414,22.16,6.1726,0.72,,,5.7181,6.7807,678257.4046,529817.4612
300503.SZ,20250411,21.98,7.7908,0.99,,,5.6717,6.7256,672748.0935,525513.8898
300503.SZ,20250410,21.45,8.9709,1.27,,,5.5349,6.5634,656526.2332,512842.2628
300503.SZ,20250409,20.4,9.1019,1.5,,,5.264,6.2421,624388.5854,487738.0961
300503.SZ,20250408,19.63,8.3153,1.43,,,5.0653,6.0065,600820.9771,469328.3738
300503.SZ,20250407,19.54,8.4619,1.68,,,5.0421,5.979,598066.3215,467176.5881
300503.SZ,20250403,24.43,4.3077,0.8,,,6.3039,7.4753,747735.9383,584090.2788
300503.SZ,20250402,24.99,4.997,0.86,,,6.4484,7.6466,764876.0172,597479.1677
300503.SZ,20250401,24.56,4.1735,0.66,,,6.3374,7.515,751714.8852,587198.4137
300503.SZ,20250331,24.98,7.1715,1.07,,,6.4458,7.6436,764569.9443,597240.0804
300503.SZ,20250328,25.5,4.4639,0.54,,,6.58,7.8027,780485.7318,609672.6201
300503.SZ,20250327,25.93,5.9518,0.57,,,6.6909,7.9342,793646.8637,619953.3741
300503.SZ,20250326,26.06,7.1826,0.58,,,6.7245,7.974,797625.8106,623061.509
300503.SZ,20250325,25.32,6.7458,0.51,,,6.5335,7.7476,774976.4208,605369.0487
300503.SZ,20250324,26.45,9.3211,0.7,,,6.8251,8.0934,809562.6512,632385.9138
300503.SZ,20250321,27.17,12.1618,0.95,,,7.0109,8.3137,831599.8954,649600.1995
300503.SZ,20250320,29.36,17.1864,1.42,,,7.576,8.9838,898629.8465,701960.3187
300503.SZ,20250319,29.12,16.0009,1.42,,,7.5141,8.9103,891284.0984,696222.2234
300503.SZ,20250318,28.18,11.2395,0.95,,,7.2715,8.6227,862513.2518,673748.017
300503.SZ,20250317,27.9,9.6391,0.76,,,7.1993,8.537,853943.2124,667053.5726
300503.SZ,20250314,27.61,10.0732,0.67,,,7.1245,8.4483,845067.1002,660120.0408
300503.SZ,20250313,26.57,13.7293,0.93,,,6.8561,8.1301,813235.5253,635254.9614
300503.SZ,20250312,28.58,11.5376,0.78,,,7.3748,8.7451,874756.1653,683311.5091
300503.SZ,20250311,29.08,14.0459,0.98,,,7.5038,8.8981,890059.8071,695265.8742
300503.SZ,20250310,28.63,14.0162,1.02,,,7.3877,8.7604,876286.5295,684506.9456
300503.SZ,20250307,29.78,21.7504,1.74,,,7.6844,9.1123,911484.9056,712001.9854
300503.SZ,20250306,27.54,12.1657,0.87,,,7.1064,8.4269,842924.5903,658446.4297
300503.SZ,20250305,27.28,12.0961,0.73,,,7.0393,8.3473,834966.6966,652230.1599
300503.SZ,20250304,26.66,11.4511,0.61,,,6.8793,8.1576,815990.1808,637406.7471
300503.SZ,20250303,25.99,11.0,0.5,,,6.7064,7.9526,795483.3008,621387.8979
300503.SZ,20250228,26.63,15.9495,0.68,,,6.8716,8.1484,815071.9623,636689.4852
300503.SZ,20250227,28.79,19.3588,0.81,,,7.4289,8.8094,881183.6948,688332.3425
300503.SZ,20250226,28.92,25.6255,1.1,,,7.4625,8.8491,885162.6417,691440.4774
300503.SZ,20250225,29.3,21.4981,0.92,,,7.5605,8.9654,896793.4095,700525.7949
300503.SZ,20250224,30.0,27.2017,1.34,,,7.7412,9.1796,918218.508,717261.906
300503.SZ,20250221,27.38,22.8736,1.3,,,7.0651,8.3779,838027.425,654621.0329
300503.SZ,20250220,25.62,21.6652,1.42,,,6.611,7.8394,784158.6058,612541.6677
300503.SZ,20250219,25.17,23.0138,1.75,,,6.4948,7.7017,770385.3282,601782.7391
300503.SZ,20250218,24.02,21.9936,2.01,,,6.1981,7.3498,735186.9521,574287.6994
300503.SZ,20250217,23.09,12.0289,1.07,,,5.9581,7.0652,706722.1783,552052.5803
300503.SZ,20250214,22.0,9.2269,0.71,,,5.6769,6.7317,673360.2392,525992.0644
300503.SZ,20250213,22.27,10.2151,0.73,,,5.7465,6.8143,681624.2058,532447.4216
300503.SZ,20250212,23.2,12.4075,0.89,,,5.9865,7.0989,710088.9795,554682.5406
300503.SZ,20250211,22.43,10.7504,0.77,,,5.7878,6.8633,686521.3711,536272.8184
300503.SZ,20250210,22.94,13.4329,0.94,,,5.9194,7.0193,702131.0858,548466.2708
300503.SZ,20250207,23.38,18.22,1.34,,,6.0329,7.154,715598.2906,558986.1121
300503.SZ,20250206,23.6,15.5399,1.26,,,6.0897,7.2213,722331.893,564246.0327
300503.SZ,20250205,22.46,11.72,0.91,,,5.7956,6.8725,687439.5897,536990.0803
300503.SZ,20250127,21.89,10.5637,0.82,,,5.6485,6.6981,669993.438,523362.1041
300503.SZ,20250124,23.31,15.3114,1.29,,,6.0149,7.1326,713455.7807,557312.501
300503.SZ,20250123,22.17,14.6938,1.33,,,5.7207,6.7837,678563.4774,530056.5485
300503.SZ,20250122,21.82,9.4235,0.81,,,5.6304,6.6766,667850.9282,521688.493
300503.SZ,20250121,22.27,14.4707,1.22,,,5.7465,6.8143,681624.2058,532447.4216
300503.SZ,20250120,21.63,10.1731,0.83,,,5.5814,6.6185,662035.5443,517145.8342
300503.SZ,20250117,21.16,10.5746,0.84,,,5.4601,6.4747,647650.121,505908.731
300503.SZ,20250116,21.09,10.6032,0.86,,,5.442,6.4533,645507.6111,504235.1199
300503.SZ,20250115,21.24,12.267,1.05,,,5.4807,6.4992,650098.7037,507821.4294
300503.SZ,20250114,21.14,15.6829,1.63,,,5.4549,6.4686,647037.9753,505430.5564
300503.SZ,20250113,19.11,12.5018,1.5,,,4.9311,5.8474,584905.1896,456895.8341
300503.SZ,20250110,18.57,11.8674,1.52,,,4.7918,5.6822,568377.2565,443985.1198
300503.SZ,20250109,18.64,9.5054,1.23,,,4.8098,5.7036,570519.7663,445658.7309
002896.SZ,20260702,77.84,8.4891,1.33,243.9532,271.3745,12.6968,14.6964,1529732.6968,1529732.6968
002896.SZ,20260701,76.36,6.5339,1.05,239.3148,266.2148,12.4554,14.4169,1500647.3372,1500647.3372
002896.SZ,20260630,76.38,7.2786,1.18,239.3775,266.2845,12.4587,14.4207,1501040.3826,1501040.3826
002896.SZ,20260629,71.76,5.7566,0.88,224.8982,250.1777,11.7051,13.5484,1410246.8952,1410246.8952
002896.SZ,20260626,70.3,4.7632,0.64,220.3226,245.0877,11.4669,13.2728,1381554.581,1381554.581
002896.SZ,20260625,73.04,7.491,1.07,228.9098,254.6402,11.9139,13.7901,1435401.8008,1435401.8008
002896.SZ,20260624,76.87,5.7628,0.79,240.9132,267.9928,12.5386,14.5132,1510669.9949,1510669.9949
002896.SZ,20260623,79.29,6.9957,0.95,248.4975,276.4297,12.9333,14.9701,1558228.4883,1558228.4883
002896.SZ,20260622,79.67,7.7202,0.98,249.6885,277.7545,12.9953,15.0419,1565696.3509,1565696.3509
002896.SZ,20260618,82.3,8.9869,1.11,257.931,286.9235,13.4243,15.5384,1617381.821,1617381.821
002896.SZ,20260617,79.69,5.6935,0.6,249.7511,277.8242,12.9986,15.0456,1566089.3963,1566089.3963
002896.SZ,20260616,80.51,7.2285,0.65,252.321,280.683,13.1323,15.2005,1582204.2577,1582204.2577
002896.SZ,20260615,80.41,7.353,0.52,252.0076,280.3343,13.116,15.1816,1580239.0307,1580239.0307
002896.SZ,20260612,78.28,10.1902,0.68,245.3321,272.9085,12.7686,14.7794,1538379.6956,1538379.6956
002896.SZ,20260611,81.56,10.1906,0.7,255.6117,284.3436,13.3036,15.3987,1602838.8965,1602838.8965
002896.SZ,20260610,90.62,12.5701,0.85,284.0061,315.9295,14.7814,17.1092,1780888.4355,1780888.4355
002896.SZ,20260609,90.69,15.5263,1.15,284.2255,316.1736,14.7928,17.1225,1782264.0942,1782264.0942
002896.SZ,20260608,95.2,21.8571,2.13,298.3599,331.8968,15.5285,17.974,1870895.8184,1870895.8184
002896.SZ,20260605,86.77,14.6117,1.61,271.9401,302.5072,14.1534,16.3824,1705227.2076,1705227.2076
002896.SZ,20260604,78.88,8.7266,0.94,247.2125,275.0002,12.8665,14.8927,1550170.821,1550170.821
002896.SZ,20260603,78.9,13.5432,1.44,247.2752,275.07,12.8697,14.8965,1550563.8663,1550563.8663
002896.SZ,20260602,81.7,8.4976,0.79,256.0505,284.8316,13.3264,15.4251,1605590.2139,1605590.2139
002896.SZ,20260601,74.27,5.8244,0.54,232.7646,258.9283,12.1145,14.0223,1459573.8701,1459573.8701
002896.SZ,20260529,75.82,8.6976,0.85,237.6224,264.3321,12.3673,14.315,1490034.8839,1490034.8839
002896.SZ,20260528,82.24,9.9457,0.98,257.7429,286.7142,13.4145,15.5271,1616202.4381,1616202.4381
002896.SZ,20260527,86.11,14.0296,1.69,269.8716,300.2063,14.0458,16.2577,1692256.7114,1692256.7114
002896.SZ,20260526,89.68,15.4865,2.51,281.0601,312.6524,14.6281,16.9318,1762415.3046,1762415.3046
002896.SZ,20260525,81.53,5.9743,0.94,255.5177,284.239,13.2987,15.393,1602249.3285,1602249.3285
002896.SZ,20260522,80.36,5.5329,0.78,251.8509,280.16,13.1079,15.1721,1579256.1761,1579256.1761
002896.SZ,20260521,79.93,9.5798,1.46,250.5033,278.6609,13.0377,15.091,1570805.7013,1570805.7013
002896.SZ,20260520,76.73,4.824,0.68,240.4744,267.5047,12.5158,14.4868,1507918.4469,1507918.4469
002896.SZ,20260519,79.65,4.8921,0.58,249.6257,277.6847,12.9921,15.0381,1565303.0666,1565303.0666
002896.SZ,20260518,80.78,7.1127,0.9,253.1672,281.6242,13.1764,15.2514,1587510.1283,1587510.1283
002896.SZ,20260515,80.6,9.2469,1.19,252.6031,280.9967,13.147,15.2175,1583972.7202,1583972.7202
002896.SZ,20260514,77.56,6.7654,0.94,243.0756,270.3983,12.6512,14.6435,1524229.8285,1524229.8285
002896.SZ,20260513,78.63,7.244,1.17,246.429,274.1287,12.8257,14.8455,1545257.7542,1545257.7542
002896.SZ,20260512,80.4,11.4492,2.6,251.9763,280.2994,13.1144,15.1797,1580042.2668,1580042.2668
002896.SZ,20260511,75.56,4.7949,1.28,236.8075,263.4257,12.3249,14.2659,1484925.2945,1484925.2945
002896.SZ,20260508,76.0,8.614,3.29,238.1865,264.9597,12.3967,14.349,1493572.292,1493572.292
002896.SZ,20260507,73.2,3.7459,1.72,229.4112,255.198,11.94,13.8203,1438545.9444,1438545.9444
002896.SZ,20260506,70.9,2.3131,1.17,222.2029,247.1795,11.5648,13.3861,1393345.7303,1393345.7303
002896.SZ,20260430,70.28,2.5597,1.32,220.2598,245.018,11.4637,13.269,1381161.3248,1381161.3248
002896.SZ,20260429,68.31,1.4821,0.73,214.0858,238.1499,11.1423,12.8971,1342446.3588,1342446.3588
002896.SZ,20260428,68.12,2.9722,1.58,213.4903,237.4875,11.1114,12.8612,1338712.428,1338712.428
002896.SZ,20260427,71.36,1.5835,0.69,223.6446,223.6446,11.669,13.4729,1402385.7731,1402385.7731
002896.SZ,20260424,71.29,1.2931,0.51,223.4252,223.4252,11.6576,13.4597,1401010.1144,1401010.1144
002896.SZ,20260423,71.1,2.382,0.94,222.8298,222.8298,11.6265,13.4238,1397276.1837,1397276.1837
002896.SZ,20260422,72.27,1.9482,0.76,226.4966,226.4966,11.8178,13.6447,1420269.3361,1420269.3361
002896.SZ,20260421,72.6,2.2033,0.85,227.5308,227.5308,11.8718,13.707,1426754.5842,1426754.5842
002896.SZ,20260420,72.88,3.5794,1.54,228.4083,228.4083,11.9176,13.7599,1432257.219,1432257.219
002896.SZ,20260417,74.59,2.4703,0.96,233.7675,233.7675,12.1972,14.0827,1465862.5955,1465862.5955
002896.SZ,20260416,73.83,2.498,0.99,231.3857,231.3857,12.0729,13.9393,1450926.8726,1450926.8726
002896.SZ,20260415,73.96,2.0139,0.72,200.3411,199.5935,12.1613,14.887,1453481.6673,1453481.6673
002896.SZ,20260414,75.1,2.3586,0.91,203.4291,202.67,12.3487,15.1165,1475885.2517,1475885.2517
002896.SZ,20260413,74.14,2.2556,0.91,200.8287,200.0792,12.1909,14.9232,1457019.0754,1457019.0754
002896.SZ,20260410,73.89,3.771,1.68,200.1515,199.4046,12.1498,14.8729,1452106.0086,1452106.0086
002896.SZ,20260409,72.0,2.238,0.96,195.0319,194.3041,11.839,14.4925,1414963.224,1414963.224
002896.SZ,20260408,74.24,3.3043,1.37,201.0995,200.3491,12.2073,14.9434,1458984.3021,1458984.3021
002896.SZ,20260407,70.86,1.4144,0.52,191.9439,191.2276,11.6515,14.263,1392559.6396,1392559.6396
002896.SZ,20260403,71.06,1.6813,0.53,192.4856,191.7673,11.6844,14.3033,1396490.093,1396490.093
002896.SZ,20260402,72.45,2.6106,0.66,196.2508,195.5185,11.913,14.5831,1423806.7442,1423806.7442
002896.SZ,20260401,75.5,2.6458,0.62,204.5126,203.7494,12.4145,15.197,1483746.1585,1483746.1585
002896.SZ,20260331,74.95,3.7323,0.74,203.0228,202.2652,12.324,15.0863,1472937.4117,1472937.4117
002896.SZ,20260330,75.52,2.8809,0.5,204.5668,203.8034,12.4178,15.201,1484139.2038,1484139.2038
002896.SZ,20260327,77.1,3.964,0.75,208.8466,208.0673,12.6776,15.519,1515189.7857,1515189.7857
002896.SZ,20260326,78.29,6.6624,1.55,212.0701,211.2787,12.8732,15.7586,1538575.9834,1538575.9834
002896.SZ,20260325,74.44,4.2331,1.14,201.6413,200.8888,12.2402,14.9836,1462914.7555,1462914.7555
002896.SZ,20260324,74.44,7.4272,3.01,201.6413,200.8888,12.2402,14.9836,1462914.7555,1462914.7555
002896.SZ,20260323,77.0,6.4229,4.51,208.5758,207.7974,12.6611,15.4989,1513224.559,1513224.559
002896.SZ,20260320,70.0,1.7828,1.33,189.6143,188.9068,11.5101,14.0899,1375658.69,1375658.69
002896.SZ,20260319,72.2,1.6622,1.2,195.5736,194.8438,11.8719,14.5327,1418893.6774,1418893.6774
002896.SZ,20260318,74.87,1.2257,0.67,202.8061,202.0493,12.3109,15.0702,1471365.2303,1471365.2303
002896.SZ,20260317,74.6,1.2348,0.58,202.0747,201.3206,12.2665,15.0158,1466059.1182,1466059.1182
002896.SZ,20260316,76.32,1.2127,0.52,206.7338,205.9623,12.5493,15.362,1499861.0174,1499861.0174
002896.SZ,20260313,76.91,1.3594,0.6,208.332,207.5545,12.6463,15.4808,1511455.855,1511455.855
002896.SZ,20260312,78.7,1.8985,0.86,213.1807,212.3852,12.9407,15.8411,1546633.4129,1546633.4129
002896.SZ,20260311,80.5,3.4074,1.81,218.0565,217.2428,13.2366,16.2034,1582007.4935,1582007.4935
002896.SZ,20260310,78.75,2.8429,1.48,213.3161,212.5201,12.9489,15.8512,1547616.0263,1547616.0263
002896.SZ,20260309,75.68,2.1926,1.05,205.0002,204.2352,12.4441,15.2332,1487283.5666,1487283.5666
002896.SZ,20260306,77.68,1.0728,0.45,210.4177,209.6325,12.7729,15.6358,1526588.1006,1526588.1006
002896.SZ,20260305,77.55,1.4682,0.56,210.0656,209.2817,12.7516,15.6096,1524033.3059,1524033.3059
002896.SZ,20260304,77.16,1.8183,0.61,209.0092,208.2292,12.6874,15.5311,1516368.9217,1516368.9217
002896.SZ,20260303,77.77,3.0326,0.82,210.6615,209.8754,12.7877,15.6539,1528356.8046,1528356.8046
002896.SZ,20260302,80.41,3.0832,0.74,217.8127,216.9999,13.2218,16.1853,1580238.7895,1580238.7895
002896.SZ,20260227,83.76,2.4695,0.62,226.8871,226.0404,13.7727,16.8596,1646073.8839,1646073.8839
002896.SZ,20260226,83.65,2.7847,0.75,226.5891,225.7436,13.7546,16.8374,1643912.1346,1643912.1346
002896.SZ,20260225,85.18,3.5379,0.97,230.7336,229.8725,14.0062,17.1454,1673980.1031,1673980.1031
002896.SZ,20260224,87.16,6.5833,2.48,236.0969,235.2159,14.3317,17.544,1712891.5917,1712891.5917
002896.SZ,20260213,86.19,5.3627,2.67,233.4694,232.5982,14.1722,17.3487,1693828.8927,1693828.8927
002896.SZ,20260212,82.53,1.6457,0.84,223.5553,222.7211,13.5704,16.612,1621901.5955,1621901.5955
002896.SZ,20260211,81.73,1.5019,0.74,221.3883,220.5621,13.4389,16.451,1606179.7819,1606179.7819
002896.SZ,20260210,82.8,3.1076,1.75,224.2867,223.4497,13.6148,16.6664,1627207.7076,1627207.7076
002896.SZ,20260209,81.1,1.6424,0.87,219.6817,218.862,13.3353,16.3242,1593798.8537,1593798.8537
002896.SZ,20260206,80.64,2.1292,1.06,218.4357,217.6206,13.2597,16.2316,1584758.8109,1584758.8109
002896.SZ,20260205,80.04,1.3846,0.63,216.8104,216.0014,13.161,16.1108,1572967.4507,1572967.4507
002896.SZ,20260204,81.47,1.8594,0.81,220.684,219.8605,13.3961,16.3986,1601070.1925,1601070.1925
002896.SZ,20260203,81.35,1.8479,0.71,220.3589,219.5366,13.3764,16.3745,1598711.9205,1598711.9205
002896.SZ,20260202,80.48,2.2246,0.66,218.0023,217.1888,13.2333,16.1994,1581614.4482,1581614.4482
002896.SZ,20260130,81.63,2.6812,0.7,221.1174,220.2923,13.4224,16.4309,1604214.5552,1604214.5552
002896.SZ,20260129,80.5,2.3946,0.59,218.0565,217.2428,13.2366,16.2034,1582007.4935,1582007.4935
002896.SZ,20260128,81.71,2.3011,0.54,221.3341,220.5082,13.4356,16.447,1605786.7366,1605786.7366
002896.SZ,20260127,82.99,3.4487,0.8,224.8013,223.9624,13.6461,16.7046,1630941.6383,1630941.6383
002896.SZ,20260126,83.35,5.9359,1.39,225.7765,224.934,13.7053,16.7771,1638016.4545,1638016.4545
002896.SZ,20260123,88.16,5.207,1.19,238.8057,237.9146,14.4962,17.7452,1732543.8587,1732543.8587
002896.SZ,20260122,86.94,3.2509,0.75,235.501,234.6222,14.2956,17.4997,1708568.093,1708568.093
002896.SZ,20260121,88.14,3.5254,0.75,238.7515,237.8606,14.4929,17.7412,1732150.8134,1732150.8134
002896.SZ,20260120,87.79,3.7107,0.73,237.8035,236.9161,14.4353,17.6708,1725272.5199,1725272.5199
002896.SZ,20260119,89.86,5.5936,1.09,243.4106,242.5023,14.7757,18.0874,1765952.7126,1765952.7126
002896.SZ,20260116,89.33,5.7659,1.13,241.975,241.072,14.6886,17.9807,1755537.0111,1755537.0111
002896.SZ,20260115,86.7,2.9516,0.54,234.8509,233.9745,14.2561,17.4514,1703851.5489,1703851.5489
002896.SZ,20260114,87.35,5.4088,1.04,236.6116,235.7286,14.363,17.5822,1716625.5225,1716625.5225
002896.SZ,20260113,87.26,5.7949,1.18,236.3678,235.4858,14.3482,17.5641,1714856.8184,1714856.8184
002896.SZ,20260112,89.99,5.7107,1.2,243.7628,242.8531,14.7971,18.1136,1768507.5073,1768507.5073
002896.SZ,20260109,89.04,5.6996,1.13,241.1894,240.2894,14.6409,17.9224,1749837.8537,1749837.8537
002896.SZ,20260108,89.0,4.8089,0.76,241.0811,240.1814,14.6343,17.9143,1749051.763,1749051.763
002896.SZ,20260107,87.98,3.9364,0.61,238.3181,237.4288,14.4666,17.709,1729006.4507,1729006.4507
002896.SZ,20260106,88.22,4.3548,0.68,238.9682,238.0765,14.506,17.7573,1733722.9947,1733722.9947
002896.SZ,20260105,88.48,4.9145,0.75,239.6725,238.7781,14.5488,17.8096,1738832.5842,1738832.5842
002896.SZ,20251231,89.36,7.3001,1.35,242.0562,241.153,14.6935,17.9868,1756126.5791,1756126.5791
002896.SZ,20251230,92.15,11.1912,2.91,249.6137,248.6822,15.1522,18.5484,1810956.4041,1810956.4041
002896.SZ,20251229,85.54,4.497,1.07,231.7087,230.8441,14.0654,17.2179,1681054.9192,1681054.9192
002896.SZ,20251226,84.96,3.9745,1.05,230.1376,229.2788,13.97,17.1011,1669656.6043,1669656.6043
002896.SZ,20251225,85.48,5.7444,1.9,231.5462,230.6821,14.0555,17.2058,1679875.7832,1679875.7832
002896.SZ,20251224,82.49,1.6997,0.54,223.4469,222.6131,13.5639,16.604,1621115.5048,1621115.5048
002896.SZ,20251223,81.95,3.3374,1.11,221.9842,221.1558,13.4751,16.4953,1610503.2807,1610503.2807
002896.SZ,20251222,84.0,6.3558,2.88,227.5372,226.6881,13.8121,16.9079,1650790.428,1650790.428
002896.SZ,20251219,79.6,1.7168,0.67,215.6186,214.814,13.0886,16.0222,1564320.4532,1564320.4532
002896.SZ,20251218,78.57,2.03,0.74,212.8285,212.0343,12.9193,15.8149,1544078.6182,1544078.6182
002896.SZ,20251217,80.11,2.3846,0.89,217.0001,216.1903,13.1725,16.1249,1574343.1094,1574343.1094
002896.SZ,20251216,78.92,2.5308,0.93,213.7766,212.9789,12.9768,15.8854,1550956.9116,1550956.9116
002896.SZ,20251215,81.77,2.387,0.79,221.4966,220.6701,13.4455,16.459,1606965.8726,1606965.8726
002896.SZ,20251212,83.38,3.5177,1.12,225.8578,225.0149,13.7102,16.7831,1638606.0225,1638606.0225
002896.SZ,20251211,82.09,2.8118,0.81,222.3634,221.5336,13.4981,16.5234,1613254.598,1613254.598
002896.SZ,20251210,84.79,2.1752,0.63,229.6771,228.8201,13.942,17.0669,1666315.7189,1666315.7189
002896.SZ,20251209,84.45,2.6434,0.77,228.7561,227.9025,13.8861,16.9985,1659633.9482,1659633.9482
002896.SZ,20251208,85.8,3.8907,1.21,232.413,231.5457,14.1081,17.2702,1686164.5086,1686164.5086
002896.SZ,20251205,84.73,4.2446,1.43,229.5146,228.6581,13.9322,17.0548,1665136.5829,1665136.5829
002896.SZ,20251204,83.46,4.3655,1.7,226.0745,225.2308,13.7234,16.7992,1640178.2038,1640178.2038
002896.SZ,20251203,81.41,2.1538,0.79,220.5215,219.6986,13.3863,16.3866,1599891.0565,1599891.0565
002896.SZ,20251202,83.3,2.4762,0.87,225.6411,224.799,13.697,16.767,1637033.8411,1637033.8411
002896.SZ,20251201,85.29,2.8031,0.87,231.0315,230.1694,14.0243,17.1676,1676141.8524,1676141.8524
002896.SZ,20251128,84.45,3.0122,0.78,228.7561,227.9025,13.8861,16.9985,1659633.9482,1659633.9482
002896.SZ,20251127,83.47,2.4061,0.63,226.1015,225.2578,13.725,16.8012,1640374.7265,1640374.7265
002896.SZ,20251126,83.48,2.8647,0.73,226.1286,225.2848,13.7266,16.8032,1640571.2492,1640571.2492
002896.SZ,20251125,83.35,3.1379,0.8,225.7765,224.934,13.7053,16.7771,1638016.4545,1638016.4545
002896.SZ,20251124,83.48,4.7052,1.25,226.1286,225.2848,13.7266,16.8032,1640571.2492,1640571.2492
002896.SZ,20251121,86.74,6.1865,2.07,234.9592,234.0825,14.2627,17.4594,1704637.6396,1704637.6396
002896.SZ,20251120,84.5,2.3464,0.8,228.8916,228.0374,13.8944,17.0085,1660616.5615,1660616.5615
002896.SZ,20251119,84.27,3.2233,1.2,228.2686,227.4167,13.8565,16.9622,1656096.5401,1656096.5401
002896.SZ,20251118,84.13,3.2283,1.22,227.8893,227.0389,13.8335,16.9341,1653345.2227,1653345.2227
002896.SZ,20251117,83.15,3.8589,1.68,225.2347,224.3942,13.6724,16.7368,1634086.0011,1634086.0011
002896.SZ,20251114,80.43,2.3224,0.98,217.8669,217.0539,13.2251,16.1893,1580631.8348,1580631.8348
002896.SZ,20251113,82.65,1.9846,0.75,223.8804,223.0449,13.5902,16.6362,1624259.8676,1624259.8676
002896.SZ,20251112,81.89,2.0574,0.76,221.8217,220.9939,13.4652,16.4832,1609324.1446,1609324.1446
002896.SZ,20251111,82.8,2.9921,1.06,224.2867,223.4497,13.6148,16.6664,1627207.7076,1627207.7076
002896.SZ,20251110,85.42,2.1201,0.63,231.3837,230.5202,14.0456,17.1937,1678696.6471,1678696.6471
002896.SZ,20251107,86.84,2.7238,0.75,235.2301,234.3523,14.2791,17.4795,1706602.8663,1706602.8663
002896.SZ,20251106,88.85,3.2815,0.88,240.6748,239.7766,14.6096,17.8841,1746103.923,1746103.923
002896.SZ,20251105,86.27,2.4796,0.63,233.6861,232.8141,14.1854,17.3648,1695401.0741,1695401.0741
002896.SZ,20251104,87.58,3.5108,0.85,237.2346,236.3493,14.4008,17.6285,1721145.5439,1721145.5439
002896.SZ,20251103,90.64,4.9375,1.21,245.5235,244.6073,14.904,18.2444,1781281.4809,1781281.4809
002896.SZ,20251031,90.29,3.9292,0.97,244.5754,243.6627,14.8464,18.174,1774403.1874,1774403.1874
002896.SZ,20251030,89.09,3.6996,0.95,241.3249,240.4243,14.6491,17.9324,1750820.467,1750820.467
002896.SZ,20251029,91.11,3.5936,0.94,246.7966,245.8756,14.9812,18.339,1790518.0464,1790518.0464
002896.SZ,20251028,90.32,4.5642,1.25,244.6567,243.7437,14.8513,18.18,1774992.7554,1774992.7554
002896.SZ,20251027,90.24,4.6164,1.31,244.44,243.5278,14.8382,18.1639,1773420.5741,1773420.5741
002896.SZ,20251024,89.55,3.7988,1.1,242.5709,233.4653,14.8684,18.025,1759860.5099,1759860.5099
002896.SZ,20251023,87.58,2.8847,0.77,237.2346,228.3293,14.5413,17.6285,1721145.5439,1721145.5439
002896.SZ,20251022,89.0,3.1582,0.71,241.0811,232.0314,14.7771,17.9143,1749051.763,1749051.763
002896.SZ,20251021,89.08,3.7288,0.82,241.2978,232.24,14.7904,17.9304,1750623.9444,1750623.9444
002896.SZ,20251020,88.7,4.0354,0.86,240.2684,231.2493,14.7273,17.8539,1743156.0829,1743156.0829
002896.SZ,20251017,87.51,3.4103,0.68,237.045,228.1468,14.5297,17.6144,1719769.8852,1719769.8852
002896.SZ,20251016,88.88,4.3012,0.83,240.756,231.7185,14.7571,17.8902,1746693.491,1746693.491
002896.SZ,20251015,92.51,6.6878,1.34,250.5889,241.1823,15.3599,18.6208,1818031.2202,1818031.2202
002896.SZ,20251014,87.2,4.3714,0.88,236.2053,227.3386,14.4782,17.552,1713677.6824,1713677.6824
002896.SZ,20251013,89.87,4.6539,0.92,243.4377,234.2996,14.9215,18.0894,1766149.2353,1766149.2353
002896.SZ,20251010,93.5,5.1564,1.0,253.2706,243.7633,15.5242,18.8201,1837486.9645,1837486.9645
002896.SZ,20251009,96.5,5.1051,0.96,261.3969,251.5846,16.0223,19.424,1896443.7655,1896443.7655
002896.SZ,20250930,96.53,5.7285,1.03,261.4782,251.6628,16.0273,19.43,1897033.3335,1897033.3335
002896.SZ,20250929,95.0,4.1948,0.7,257.3337,247.674,15.7733,19.122,1866965.365,1866965.365
002896.SZ,20250926,93.72,4.979,0.7,253.8665,244.3369,15.5608,18.8644,1841810.4632,1841810.4632
002896.SZ,20250925,97.19,5.7197,0.6,263.266,253.3835,16.1369,19.5628,1910003.8297,1910003.8297
002896.SZ,20250924,97.98,5.9288,0.52,265.4059,255.4431,16.2681,19.7219,1925529.1207,1925529.1207
002896.SZ,20250923,96.43,7.0936,0.5,261.2073,251.4021,16.0107,19.4099,1895068.1068,1895068.1068
002896.SZ,20250922,97.91,6.197,0.41,265.2163,255.2606,16.2564,19.7078,1924153.462,1924153.462
002896.SZ,20250919,97.13,10.6745,0.73,263.1034,253.2271,16.1269,19.5508,1908824.6937,1908824.6937
002896.SZ,20250918,102.8,17.4423,1.39,278.4622,268.0093,17.0683,20.692,2020253.0476,2020253.0476
002896.SZ,20250917,105.47,15.229,1.46,285.6946,274.9702,17.5117,21.2295,2072724.6005,2072724.6005
002896.SZ,20250916,105.6,21.5061,2.92,286.0468,275.3092,17.5332,21.2556,2075279.3952,2075279.3952
002896.SZ,20250915,103.02,11.0173,1.57,279.0581,268.5828,17.1049,20.7363,2024576.5463,2024576.5463
002896.SZ,20250912,93.65,7.48,1.07,253.6769,244.1544,15.5491,18.8503,1840434.8046,1840434.8046
002896.SZ,20250911,93.6,7.3641,1.0,253.5415,244.024,15.5408,18.8402,1839452.1912,1839452.1912
002896.SZ,20250910,91.05,4.784,0.55,246.6341,237.3759,15.1174,18.3269,1789338.9104,1789338.9104
002896.SZ,20250909,91.65,6.1697,0.57,248.2593,238.9402,15.2171,18.4477,1801130.2706,1801130.2706
002896.SZ,20250908,94.66,9.2908,0.92,256.4128,246.7875,15.7168,19.0536,1860283.5942,1860283.5942
002896.SZ,20250905,90.67,7.5013,0.76,245.6047,236.3852,15.0543,18.2505,1781871.0489,1781871.0489
002896.SZ,20250904,86.55,9.1993,0.9,234.4446,225.644,14.3703,17.4212,1700903.7089,1700903.7089
002896.SZ,20250903,92.91,11.0325,1.15,251.6724,242.2251,15.4263,18.7013,1825892.127,1825892.127
002896.SZ,20250902,97.95,17.3269,2.23,265.3246,255.3649,16.2631,19.7158,1924939.5527,1924939.5527
002896.SZ,20250901,91.85,5.2543,0.61,248.8011,239.4616,15.2503,18.488,1805060.724,1805060.724
002896.SZ,20250829,92.77,6.8286,0.75,251.2932,241.8601,15.403,18.6732,1823140.8096,1823140.8096
002896.SZ,20250828,92.23,10.5104,1.14,249.8304,240.4523,15.3134,18.5645,1812528.5854,1812528.5854
002896.SZ,20250827,93.99,8.1911,0.85,254.5979,245.0408,15.6056,18.9187,1847116.5753,1847116.5753
002896.SZ,20250826,95.74,8.0445,0.76,259.3382,249.6032,15.8961,19.271,1881508.0426,1881508.0426
002896.SZ,20250825,98.85,9.7353,0.86,267.7625,264.0527,16.8615,19.897,1942626.593,1942626.593
002896.SZ,20250822,96.66,9.0468,0.77,261.8303,258.2027,16.488,19.4562,1899588.1282,1899588.1282
002896.SZ,20250821,93.43,10.9813,0.85,253.081,249.5746,15.937,18.806,1836111.3058,1836111.3058
002896.SZ,20250820,99.02,10.5891,0.74,268.223,264.5069,16.8905,19.9312,1945967.4783,1945967.4783
002896.SZ,20250819,98.63,12.5617,0.87,267.1666,263.4651,16.824,19.8527,1938303.0942,1938303.0942
002896.SZ,20250818,101.66,13.5344,0.93,275.3742,271.5589,17.3409,20.4626,1997849.4632,1997849.4632
002896.SZ,20250815,99.59,11.2195,0.72,269.767,266.0295,16.9878,20.0459,1957169.2705,1957169.2705
002896.SZ,20250814,99.58,16.5757,1.0,269.7399,266.0027,16.9861,20.0439,1956972.7479,1956972.7479
002896.SZ,20250813,102.4,17.7654,1.12,277.3787,273.5357,17.4671,20.6115,2012392.1408,2012392.1408
002896.SZ,20250812,96.66,13.4535,0.82,261.8303,258.2027,16.488,19.4562,1899588.1282,1899588.1282
002896.SZ,20250811,97.07,13.686,0.86,262.9409,259.2979,16.5579,19.5387,1907645.5577,1907645.5577
002896.SZ,20250808,96.02,16.9141,1.2,260.0967,256.4931,16.3788,19.3273,1887010.6773,1887010.6773
002896.SZ,20250807,102.97,21.1845,1.79,278.9227,275.0583,17.5643,20.7263,2023593.933,2023593.933
002896.SZ,20250806,94.38,14.1819,1.15,255.6543,252.1123,16.0991,18.9972,1854780.9595,1854780.9595
002896.SZ,20250805,85.8,16.0121,1.28,232.413,229.193,14.6355,17.2702,1686164.5086,1686164.5086
002896.SZ,20250804,82.49,11.6657,0.93,223.4469,220.3511,14.0709,16.604,1621115.5048,1621115.5048
002896.SZ,20250801,78.4,7.2889,0.55,212.3681,209.4257,13.3732,15.7807,1540737.7328,1540737.7328
002896.SZ,20250731,79.77,10.0277,0.73,216.0791,213.0854,13.6069,16.0565,1567661.3386,1567661.3386
002896.SZ,20250730,79.53,16.7205,1.22,215.429,212.4443,13.566,16.0082,1562944.7945,1562944.7945
002896.SZ,20250729,87.7,16.9271,1.17,237.5597,234.2683,14.9596,17.6526,1723503.8159,1723503.8159
002896.SZ,20250728,84.45,11.7816,0.75,228.7561,225.5868,14.4052,16.9985,1659633.9482,1659633.9482
002896.SZ,20250725,82.61,10.9736,0.64,223.772,220.6717,14.0914,16.6281,1623473.7769,1623473.7769
002896.SZ,20250724,83.67,12.4649,0.65,226.6433,223.5032,14.2722,16.8415,1644305.1799,1644305.1799
002896.SZ,20250723,84.41,16.2933,0.82,228.6478,225.4799,14.3984,16.9904,1658847.8575,1658847.8575
002896.SZ,20250722,88.35,20.9066,1.03,239.3204,236.0046,15.0705,17.7835,1736277.7895,1736277.7895
002896.SZ,20250721,88.28,17.7431,0.91,239.1308,235.8177,15.0585,17.7694,1734902.1308,1734902.1308
002896.SZ,20250718,80.25,18.8599,1.0,217.3793,214.3676,13.6888,16.1531,1577094.4268,1577094.4268
002896.SZ,20250717,76.4,22.7902,1.43,206.9505,204.0833,13.0321,15.3781,1501433.1988,1501433.1988
002896.SZ,20250716,70.9,19.2379,1.28,192.0522,189.3914,12.0939,14.2711,1393345.7303,1393345.7303
002896.SZ,20250715,67.8,22.7636,2.02,183.655,181.1105,11.5651,13.6471,1332423.7026,1332423.7026
002896.SZ,20250714,67.58,14.2711,1.6,183.0591,180.5229,11.5276,13.6028,1328100.2039,1328100.2039
002896.SZ,20250711,61.44,15.3445,2.41,166.4272,164.1214,10.4803,12.3669,1207435.2845,1207435.2845
002896.SZ,20250710,55.85,8.1086,1.54,151.2852,149.1891,9.5267,11.2417,1097579.112,1097579.112
002896.SZ,20250709,58.17,14.4569,4.65,157.5695,155.3864,9.9225,11.7087,1143172.3714,1143172.3714
002896.SZ,20250708,55.28,4.1021,1.41,149.7411,147.6665,9.4295,11.127,1086377.3198,1086377.3198
002896.SZ,20250707,54.12,2.4592,0.78,146.599,144.5679,9.2316,10.8935,1063580.69,1063580.69
002896.SZ,20250704,55.09,2.6523,0.76,149.2265,147.159,9.3971,11.0888,1082643.389,1082643.389
002896.SZ,20250703,55.5,2.6812,0.71,150.3371,148.2542,9.467,11.1713,1090700.8185,1090700.8185
002896.SZ,20250702,55.74,3.6508,0.87,150.9872,148.8953,9.508,11.2196,1095417.3626,1095417.3626
002896.SZ,20250701,57.54,3.09,0.63,155.863,153.7035,9.815,11.5819,1130791.4432,1130791.4432
002896.SZ,20250630,57.91,3.6964,0.81,156.8652,154.6919,9.8781,11.6564,1138062.782,1138062.782
002896.SZ,20250627,57.11,4.2559,0.98,154.6982,152.5549,9.7417,11.4954,1122340.9684,1122340.9684
002896.SZ,20250626,74.2,5.5837,0.94,154.6086,152.4665,9.4148,11.4887,1121690.9347,1121690.9347
002896.SZ,20250625,75.48,7.4478,1.49,157.2757,155.0967,9.5772,11.6869,1141040.8592,1141040.8592
002896.SZ,20250624,74.05,8.3014,2.17,154.2961,152.1583,9.3958,11.4655,1119423.3654,1119423.3654
002896.SZ,20250623,70.02,2.9589,0.78,145.8989,143.8775,8.8844,10.8415,1058501.3376,1058501.3376
002896.SZ,20250620,69.77,4.0605,1.08,145.3779,143.3638,8.8527,10.8028,1054722.0554,1054722.0554
002896.SZ,20250619,71.57,6.7796,2.3,149.1285,147.0624,9.0811,11.0815,1081932.8867,1081932.8867
002896.SZ,20250618,71.98,2.8395,0.9,149.9829,147.9049,9.1331,11.145,1088130.9094,1088130.9094
002896.SZ,20250617,71.53,2.4579,0.67,149.0452,146.9802,9.076,11.0753,1081328.2016,1081328.2016
002896.SZ,20250616,72.37,2.7474,0.69,150.7955,148.7063,9.1826,11.2054,1094026.5895,1094026.5895
002896.SZ,20250613,71.9,4.0333,1.07,149.8162,147.7405,9.123,11.1326,1086921.5392,1086921.5392
002896.SZ,20250612,74.29,2.676,0.62,154.7961,152.6515,9.4262,11.5026,1123051.4763,1123051.4763
002896.SZ,20250611,74.86,3.7908,0.88,155.9838,153.8227,9.4986,11.5909,1131668.2395,1131668.2395
002896.SZ,20250610,74.23,5.2296,1.34,154.6711,152.5282,9.4186,11.4933,1122144.4486,1122144.4486
002896.SZ,20250609,75.12,4.1705,1.09,156.5256,154.357,9.5316,11.6311,1135598.6929,1135598.6929
002896.SZ,20250606,75.02,2.9802,0.74,156.3172,154.1515,9.5189,11.6157,1134086.9801,1134086.9801
002896.SZ,20250605,76.22,5.5245,1.48,158.8176,156.6173,9.6711,11.8015,1152227.5343,1152227.5343
002896.SZ,20250604,75.36,3.7524,0.92,157.0257,154.8501,9.562,11.6683,1139226.8038,1139226.8038
002896.SZ,20250603,74.37,3.0203,0.68,154.9628,152.8159,9.4364,11.515,1124260.8465,1124260.8465
002896.SZ,20250530,74.29,3.7929,0.82,154.7961,152.6515,9.4262,11.5026,1123051.4763,1123051.4763
002896.SZ,20250529,75.96,4.0837,0.87,158.2759,156.083,9.6381,11.7612,1148297.0809,1148297.0809
002896.SZ,20250528,75.9,3.962,0.88,158.1509,155.9597,9.6305,11.7519,1147390.0532,1147390.0532
002896.SZ,20250527,76.63,5.4541,1.36,159.6719,157.4597,9.7232,11.8649,1158425.557,1158425.557
002896.SZ,20250526,79.19,4.7615,1.21,165.0061,162.72,10.048,12.2613,1197125.4059,1197125.4059
002896.SZ,20250523,80.3,4.8017,1.19,167.319,165.0009,10.1888,12.4332,1213905.4186,1213905.4186
002896.SZ,20250522,82.4,4.3802,1.1,171.6947,169.3159,10.4553,12.7583,1245651.3884,1245651.3884
002896.SZ,20250521,82.32,3.1106,0.73,171.528,169.1516,10.4451,12.746,1244442.0181,1244442.0181
002896.SZ,20250520,83.35,2.9902,0.64,173.6742,171.268,10.5758,12.9054,1260012.6605,1260012.6605
002896.SZ,20250519,82.9,4.431,0.88,172.7366,170.3433,10.5187,12.8358,1253209.9527,1253209.9527
002896.SZ,20250516,84.45,5.185,0.99,175.9663,173.5283,10.7154,13.0757,1276641.5018,1276641.5018
002896.SZ,20250515,85.11,4.2837,0.76,177.3415,174.8845,10.7991,13.1779,1286618.8066,1286618.8066
002896.SZ,20250514,88.28,4.4472,0.69,183.9467,181.3982,11.2014,13.6688,1334540.104,1334540.104
002896.SZ,20250513,89.73,5.1858,0.74,186.9681,184.3777,11.3853,13.8933,1356459.9403,1356459.9403
002896.SZ,20250512,91.6,6.1732,0.82,190.8645,188.2202,11.6226,14.1828,1384728.9706,1384728.9706
002896.SZ,20250509,88.86,6.0846,0.82,185.1553,182.59,11.2749,13.7586,1343308.0385,1343308.0385
002896.SZ,20250508,92.4,6.1836,0.84,192.5315,189.864,11.7241,14.3067,1396822.6734,1396822.6734
002896.SZ,20250507,92.35,8.8159,1.31,192.4273,189.7613,11.7178,14.2989,1396066.817,1396066.817
002896.SZ,20250506,92.05,7.7394,1.1,191.8022,189.1448,11.6797,14.2525,1391531.6784,1391531.6784
002896.SZ,20250430,91.1,8.9136,1.16,189.8227,187.1928,11.5592,14.1054,1377170.4064,1377170.4064
002896.SZ,20250429,87.55,5.6739,0.72,182.4257,179.8982,11.1087,13.5557,1323504.6002,1323504.6002
002896.SZ,20250428,85.77,5.6079,0.66,178.7167,178.7167,11.0424,13.2801,1296596.1114,1296596.1114
002896.SZ,20250425,89.12,5.7354,0.65,185.697,185.697,11.4737,13.7988,1347238.4919,1347238.4919
002896.SZ,20250424,90.4,9.1457,1.03,188.3641,188.3641,11.6385,13.997,1366588.4164,1366588.4164
002896.SZ,20250423,93.67,12.1235,1.37,195.1777,195.1777,12.0595,14.5033,1416021.4266,1416021.4266
002896.SZ,20250422,86.32,6.8047,0.76,179.8627,179.8627,11.1132,13.3653,1304910.5321,1304910.5321
002896.SZ,20250421,88.0,8.8477,0.95,183.3633,183.3633,11.3295,13.6254,1330307.308,1330307.308
002896.SZ,20250418,84.77,7.0769,0.65,176.633,176.633,10.9136,13.1253,1281478.9829,1281478.9829
002896.SZ,20250417,87.69,9.4663,0.81,181.2246,182.1892,11.4411,12.2066,1325620.9982,1325620.9982
002896.SZ,20250416,87.13,12.0657,1.0,180.0673,181.0257,11.3681,12.1287,1317155.4062,1317155.4062
002896.SZ,20250415,85.35,7.2248,0.57,176.3887,177.3275,11.1358,11.8809,1290246.9175,1290246.9175
002896.SZ,20250414,85.75,10.6367,0.97,177.2153,178.1586,11.188,11.9366,1296293.7689,1296293.7689
002896.SZ,20250411,86.22,15.4234,1.69,178.1866,179.135,11.2494,12.002,1303398.8193,1303398.8193
002896.SZ,20250410,79.55,13.1759,1.77,164.4021,165.2771,10.3791,11.0735,1202567.5722,1202567.5722
002896.SZ,20250409,74.06,14.0919,2.42,153.0562,153.8708,9.6628,10.3093,1119574.5367,1119574.5367
002896.SZ,20250408,67.33,10.0521,1.78,139.1476,139.8882,8.7847,9.3725,1017836.2619,1017836.2619
002896.SZ,20250407,74.75,2.0679,0.3,154.4822,155.3044,9.7528,10.4054,1130005.3554,1130005.3554
002896.SZ,20250403,83.05,6.1624,0.82,171.6354,172.5489,10.8358,11.5607,1255477.5219,1255477.5219
002896.SZ,20250402,86.65,4.9284,0.61,179.0753,180.0284,11.3055,12.0619,1309899.1845,1309899.1845
002896.SZ,20250401,86.6,5.9493,0.71,178.972,179.9246,11.2989,12.0549,1309143.3281,1309143.3281
002896.SZ,20250331,86.94,9.0546,1.1,179.6746,180.631,11.3433,12.1022,1314283.1518,1314283.1518
002896.SZ,20250328,88.03,8.9411,0.97,181.9273,182.8956,11.4855,12.254,1330760.8219,1330760.8219
002896.SZ,20250327,92.35,8.6779,0.91,190.8552,191.871,12.0492,12.8553,1396066.817,1396066.817
002896.SZ,20250326,92.56,7.7294,0.74,191.2892,192.3074,12.0766,12.8845,1399241.414,1399241.414
002896.SZ,20250325,94.3,7.4476,0.62,194.8852,195.9225,12.3036,13.1268,1425545.2176,1425545.2176
002896.SZ,20250324,96.77,8.213,0.6,199.9898,201.0543,12.6258,13.4706,1462884.5249,1462884.5249
002896.SZ,20250321,100.47,13.9787,1.07,207.6364,208.7416,13.1086,13.9856,1518817.9004,1518817.9004
002896.SZ,20250320,102.7,10.0596,0.76,212.2451,213.3747,13.3995,14.2961,1552529.097,1552529.097
002896.SZ,20250319,108.15,12.1873,0.9,223.5083,224.6979,14.1106,15.0547,1634917.4473,1634917.4473
002896.SZ,20250318,106.6,15.5671,1.23,220.305,221.4776,13.9084,14.8389,1611485.8981,1611485.8981
002896.SZ,20250317,108.46,17.0635,1.48,224.149,225.342,14.1511,15.0979,1639603.7571,1639603.7571
002896.SZ,20250314,98.6,10.6359,0.9,203.7718,204.8564,12.8646,13.7253,1490548.8701,1490548.8701
002896.SZ,20250313,98.69,10.4863,0.85,203.9578,205.0434,12.8763,13.7379,1491909.4117,1491909.4117
002896.SZ,20250312,105.28,14.317,1.18,217.577,218.7351,13.7362,14.6552,1591531.2885,1591531.2885
002896.SZ,20250311,99.0,10.9764,0.84,204.5984,205.6874,12.9168,13.781,1496595.7215,1496595.7215
002896.SZ,20250310,96.82,11.2545,0.84,200.0931,201.1581,12.6324,13.4775,1463640.3814,1463640.3814
002896.SZ,20250307,93.7,12.3435,1.0,193.6452,194.6759,12.2253,13.0432,1416474.9405,1416474.9405
002896.SZ,20250306,99.28,12.4625,0.93,205.1771,206.2692,12.9533,13.82,1500828.5175,1500828.5175
002896.SZ,20250305,99.6,13.3899,0.93,205.8384,206.934,12.9951,13.8645,1505665.9986,1505665.9986
002896.SZ,20250304,96.72,15.5452,1.05,199.8865,200.9504,12.6193,13.4636,1462128.6685,1462128.6685
002896.SZ,20250303,94.18,13.6396,0.87,194.6372,195.6731,12.2879,13.11,1423731.1621,1423731.1621
002896.SZ,20250228,104.64,6.801,0.39,216.2544,217.4054,13.6527,14.5661,1581856.3262,1581856.3262
002896.SZ,20250227,116.27,17.4589,1.03,240.2895,241.5685,15.1701,16.185,1757668.5307,1757668.5307
002896.SZ,20250226,105.7,18.5894,1.16,218.445,219.6077,13.791,14.7137,1597880.4825,1597880.4825
002896.SZ,20250225,96.09,17.6307,1.14,198.5845,199.6415,12.5371,13.3759,1452604.8776,1452604.8776
002896.SZ,20250224,87.89,18.0941,1.21,181.638,182.6047,11.4672,12.2345,1328644.4239,1328644.4239
002896.SZ,20250221,97.57,16.4682,1.22,201.6431,202.7164,12.7302,13.5819,1474978.2277,1474978.2277
002896.SZ,20250220,88.7,13.8884,1.08,183.3119,184.2876,11.5729,12.3472,1340889.298,1340889.298
002896.SZ,20250219,80.64,13.9129,1.13,166.6547,167.5418,10.5213,11.2253,1219045.2422,1219045.2422
002896.SZ,20250218,73.31,15.1408,1.23,151.5062,152.3126,9.565,10.2049,1108236.6903,1108236.6903
002896.SZ,20250217,71.01,15.1953,1.34,146.7529,147.534,9.2649,9.8847,1073467.2948,1073467.2948
002896.SZ,20250214,64.56,9.5482,0.75,133.423,134.1331,8.4233,8.9869,975961.816,975961.816
002896.SZ,20250213,64.22,10.7257,0.77,132.7203,133.4267,8.379,8.9396,970821.9923,970821.9923
002896.SZ,20250212,66.5,11.1177,0.71,137.4323,138.1638,8.6764,9.2569,1005289.0453,1005289.0453
002896.SZ,20250211,67.39,14.9315,0.91,139.2716,140.0129,8.7926,9.3808,1018743.2896,1018743.2896
002896.SZ,20250210,63.02,10.5849,0.62,130.2403,130.9336,8.2224,8.7725,952681.4381,952681.4381
002896.SZ,20250207,64.13,16.0104,0.9,132.5343,133.2397,8.3672,8.927,969461.4507,969461.4507
002896.SZ,20250206,64.84,17.2747,1.02,134.0016,134.7149,8.4598,9.0259,980194.6119,980194.6119
002896.SZ,20250205,59.3,18.9772,1.19,122.5524,123.2047,7.737,8.2547,896445.7201,896445.7201
002896.SZ,20250127,57.52,19.6295,1.31,118.8738,119.5065,7.5048,8.0069,869537.2313,869537.2313
002896.SZ,20250124,54.21,13.3768,0.84,112.0331,112.6294,7.0729,7.5461,819499.536,819499.536
002896.SZ,20250123,49.28,19.2077,1.34,101.8446,102.3866,6.4297,6.8599,744972.0925,744972.0925
002896.SZ,20250122,44.8,13.165,0.93,92.586,93.0788,5.8452,6.2363,677247.3568,677247.3568
002896.SZ,20250121,44.07,14.2852,1.0,91.0773,91.5621,5.7499,6.1346,666211.853,666211.853
002896.SZ,20250120,43.31,15.0185,1.11,89.5067,89.9831,5.6508,6.0288,654722.8353,654722.8353
002896.SZ,20250117,43.64,17.6382,1.41,90.1886,90.6687,5.6938,6.0748,659711.4877,659711.4877
002896.SZ,20250116,41.41,11.6084,0.94,85.58,86.0355,5.4029,5.7644,626000.2912,626000.2912
002896.SZ,20250115,42.52,12.5402,1.06,87.874,88.3417,5.5477,5.9189,642780.3038,642780.3038
002896.SZ,20250114,41.84,14.5127,1.43,86.4687,86.9289,5.459,5.8242,632500.6564,632500.6564
002896.SZ,20250113,38.63,11.2998,1.26,79.8347,80.2596,5.0402,5.3774,583974.674,583974.674
002896.SZ,20250110,38.69,12.4747,1.53,79.9587,80.3843,5.048,5.3857,584881.7017,584881.7017
002896.SZ,20250109,38.35,11.2146,1.45,79.2561,79.6779,5.0036,5.3384,579741.878,579741.878
603270.SH,20260702,34.88,24.4869,1.63,51.9253,50.8319,3.3265,3.7825,764244.1696,246659.8496
603270.SH,20260701,33.0,16.9507,1.31,49.1266,48.0921,3.1472,3.5786,723052.11,233365.11
603270.SH,20260630,33.51,20.597,2.0,49.8858,48.8354,3.1959,3.6339,734226.5517,236971.6617
603270.SH,20260629,32.0,19.5096,2.17,47.6379,46.6348,3.0519,3.4702,701141.44,226293.44
603270.SH,20260626,31.59,9.962,1.01,47.0276,46.0373,3.0128,3.4257,692158.0653,223394.0553
603270.SH,20260625,28.72,7.9828,0.75,42.755,41.8547,2.7391,3.1145,629274.4424,203098.3624
603270.SH,20260624,29.75,6.597,0.61,44.2884,43.3558,2.8373,3.2262,651842.4325,210382.1825
603270.SH,20260623,30.49,7.5657,0.66,45.39,44.4342,2.9079,3.3064,668056.3283,215615.2183
603270.SH,20260622,31.06,12.8997,1.12,46.2386,45.2649,2.9622,3.3683,680545.4102,219646.0702
603270.SH,20260618,31.73,14.1912,1.3,47.236,46.2413,3.0261,3.4409,695225.5591,224384.0891
603270.SH,20260617,30.2,11.6726,1.08,44.9583,44.0116,2.8802,3.275,661702.234,213564.434
603270.SH,20260616,28.66,7.8953,0.68,42.6657,41.7673,2.7333,3.108,627959.8022,202674.0622
603270.SH,20260615,28.75,11.0388,0.82,42.7997,41.8985,2.7419,3.1178,629931.7625,203310.5125
603270.SH,20260612,28.9,12.546,0.96,43.023,42.1171,2.7562,3.134,633218.363,204371.263
603270.SH,20260611,30.1,11.5655,0.97,44.8094,43.8659,2.9039,3.2642,659511.0677,212857.1677
603270.SH,20260610,30.08,10.7891,1.0,44.7797,43.8367,2.902,3.262,659072.8543,212715.7343
603270.SH,20260609,30.88,12.5289,1.38,45.9706,45.0026,2.9791,3.3487,676601.3877,218373.0677
603270.SH,20260608,30.08,19.6695,3.12,44.7797,43.8367,2.902,3.262,659072.8543,212715.7343
603270.SH,20260605,29.77,10.7401,1.83,44.3182,43.3849,2.8721,3.2284,652280.5477,210523.5177
603270.SH,20260604,27.06,5.7351,0.99,40.2838,39.4356,2.6106,2.9345,592902.6409,191359.3009
603270.SH,20260603,27.52,5.0244,0.83,40.9686,40.1059,2.6246,2.9844,602981.5476,194612.2676
603270.SH,20260602,27.91,4.2665,0.64,41.5492,40.6743,2.6618,3.0267,611526.7076,197370.2176
603270.SH,20260601,28.12,5.7784,0.78,41.8618,40.9803,2.6818,3.0494,616127.9476,198855.2676
603270.SH,20260529,27.6,8.5622,1.13,41.0877,40.2225,2.6322,2.993,604734.4009,195178.0009
603270.SH,20260528,29.5,5.1968,0.58,43.9162,42.9915,2.8134,3.1991,646364.6677,208614.1677
603270.SH,20260527,29.27,6.6287,0.64,43.5738,42.6563,2.7915,3.1741,641325.2143,206987.6843
603270.SH,20260526,30.36,7.3548,0.66,45.1965,44.2448,2.8955,3.2923,665207.841,214695.801
603270.SH,20260525,30.8,9.1957,0.86,45.8515,44.886,2.9374,3.3401,674848.5344,217807.3344
603270.SH,20260522,31.74,9.4556,0.88,47.2509,46.2559,3.0271,3.442,695444.5611,224454.7011
603270.SH,20260521,31.1,12.3503,1.32,46.2981,45.3232,2.966,3.3726,681421.7344,219928.8344
603270.SH,20260520,31.47,13.2016,1.7,46.8489,45.8624,3.0013,3.4127,689528.681,222545.351
603270.SH,20260519,30.45,11.0998,1.73,45.3305,44.3759,2.904,3.3021,667179.801,215332.251
603270.SH,20260518,29.19,7.6146,1.28,43.4547,42.5397,2.7839,3.1655,639572.361,206421.951
603270.SH,20260515,29.14,9.3679,1.78,43.3803,42.4668,2.7791,3.16,638476.8276,206068.3676
603270.SH,20260514,28.33,5.4447,0.99,42.1745,41.2864,2.7019,3.0722,620729.1876,200340.3176
603270.SH,20260513,28.52,5.2969,0.88,42.4573,41.5633,2.72,3.0928,624892.2143,201683.9343
603270.SH,20260512,27.97,4.4023,0.62,41.6385,40.7617,2.6675,3.0332,612841.3476,197794.5176
603270.SH,20260511,28.67,5.1412,0.6,42.6806,41.7819,2.7343,3.1091,628178.8143,202744.6843
603270.SH,20260508,28.56,6.0943,0.77,42.5169,41.6216,2.7238,3.0971,625768.641,201966.801
603270.SH,20260507,28.21,6.4528,0.89,41.9958,41.1115,2.6904,3.0592,618099.9076,199491.7176
603270.SH,20260506,28.4,7.98,1.27,42.2787,41.3884,2.7085,3.0798,622262.9343,200835.3343
603270.SH,20260430,28.13,9.8868,1.91,41.8767,40.9949,2.6828,3.0505,616347.0543,198925.9843
603270.SH,20260429,27.32,12.1825,3.49,40.6709,39.8145,2.6055,2.9627,598599.4142,193197.9342
603270.SH,20260428,25.91,3.0461,0.88,38.5718,38.5718,2.5121,2.8098,567705.3742,183226.8842
603270.SH,20260427,26.51,3.0294,0.86,39.465,39.465,2.5703,2.8748,580851.7742,187469.8842
603270.SH,20260424,26.27,3.36,0.96,39.1078,39.1078,2.547,2.8488,575593.2142,185772.6842
603270.SH,20260423,26.04,4.3062,1.26,38.7654,38.7654,2.5247,2.8239,570553.7609,184146.2009
603270.SH,20260422,26.85,3.6995,0.81,39.9712,39.9712,2.6033,2.9117,588301.4009,189874.2509
603270.SH,20260421,26.44,2.9406,0.66,39.3608,39.3608,2.5635,2.8672,579318.0275,186974.8675
603270.SH,20260420,26.41,3.2274,0.75,39.3162,39.3162,2.5606,2.864,578660.7075,186762.7175
603270.SH,20260417,26.19,3.2439,0.76,38.9887,38.9887,2.5393,2.8401,573840.3609,185206.9509
603270.SH,20260416,25.98,3.9754,0.99,38.676,38.676,2.5189,2.8174,569239.1209,183721.9009
603270.SH,20260415,26.01,9.4176,3.23,38.7207,38.7207,2.5218,2.8206,569896.4409,183934.0509
603270.SH,20260414,25.3,2.4426,0.78,37.6637,37.6637,2.453,2.7436,554339.8675,178913.1675
603270.SH,20260413,25.19,2.3996,0.74,37.5,37.5,2.4423,2.7317,551929.6942,178135.2842
603270.SH,20260410,25.5,3.1114,0.92,37.9615,37.9615,2.4724,2.7653,558722.0009,180327.5009
603270.SH,20260409,25.09,2.7268,0.74,37.3511,37.3511,2.4326,2.7208,549738.6275,177428.1175
603270.SH,20260408,25.35,3.8762,0.97,37.7382,37.7382,2.4578,2.749,555435.4008,179266.7508
603270.SH,20260407,24.96,3.5071,0.88,37.1576,37.1576,2.42,2.7068,546890.2408,176508.8008
603270.SH,20260403,24.39,2.972,0.72,36.309,36.309,2.3648,2.6449,534401.1608,172477.9508
603270.SH,20260402,24.78,3.8184,0.96,36.8896,36.8896,2.4026,2.6872,542946.3208,175235.9008
603270.SH,20260401,24.95,4.1512,1.07,37.1427,37.1427,2.419,2.7057,546671.1342,176438.0842
603270.SH,20260331,24.55,5.5724,1.35,36.5472,36.5472,2.3803,2.6623,537906.8675,173609.4175
603270.SH,20260330,24.15,3.5025,0.62,53.1574,35.9518,2.3415,3.9041,529142.6008,170780.7508
603270.SH,20260327,23.94,3.479,0.63,52.6952,35.6391,2.3211,3.8702,524541.3608,169295.7008
603270.SH,20260326,23.49,3.0993,0.57,51.7046,34.9692,2.2775,3.7974,514681.5608,166113.4508
603270.SH,20260325,23.81,3.7443,0.73,52.409,35.4456,2.3085,3.8492,521692.9741,168376.3841
603270.SH,20260324,23.52,6.8819,1.64,51.7707,35.0139,2.2804,3.8023,515338.8808,166325.6008
603270.SH,20260323,23.08,11.209,4.43,50.8022,34.3589,2.2377,3.7311,505698.1874,163214.0674
603270.SH,20260320,23.55,2.7458,1.08,51.8367,41.4025,2.3419,3.8071,515996.2008,166537.7508
603270.SH,20260319,24.1,2.7964,1.06,53.0473,42.3694,2.3966,3.896,528047.0675,170427.1675
603270.SH,20260318,24.68,1.8622,0.66,54.324,43.3891,2.4543,3.9898,540755.2542,174528.7342
603270.SH,20260317,24.51,2.3938,0.79,53.9498,43.0902,2.4374,3.9623,537030.4408,173326.5508
603270.SH,20260316,24.86,2.8594,0.89,54.7202,43.7056,2.4722,4.0189,544699.1742,175801.6342
603270.SH,20260313,25.13,2.7615,0.86,55.3145,44.1803,2.499,4.0626,550615.0542,177710.9842
603270.SH,20260312,25.08,3.2554,1.03,55.2045,44.0923,2.4941,4.0545,549519.5208,177357.4008
603270.SH,20260311,25.68,2.9003,0.8,56.5251,45.1472,2.5537,4.1515,562665.9209,181600.4009
603270.SH,20260310,25.8,3.3424,0.81,56.7893,45.3582,2.5657,4.1709,565295.2009,182449.0009
603270.SH,20260309,25.16,3.7529,0.86,55.3805,44.233,2.502,4.0674,551272.3742,177923.1342
603270.SH,20260306,25.58,2.752,0.6,56.305,44.9714,2.5438,4.1353,560474.8542,180893.2342
603270.SH,20260305,25.47,2.9999,0.6,56.0629,44.778,2.5329,4.1175,558064.6808,180115.3508
603270.SH,20260304,25.13,5.3304,1.11,55.3145,44.1803,2.499,4.0626,550615.0542,177710.9842
603270.SH,20260303,25.63,5.9211,1.31,56.4151,45.0593,2.5488,4.1434,561570.3875,181246.8175
603270.SH,20260302,27.06,4.9022,1.09,59.5627,47.5733,2.691,4.3746,592902.6409,191359.3009
603270.SH,20260227,27.9,3.6864,0.8,61.4117,49.0501,2.7745,4.5104,611307.6009,197299.5009
603270.SH,20260226,28.07,5.2572,1.26,61.7858,49.349,2.7914,4.5378,615032.4143,198501.6843
603270.SH,20260225,27.6,4.1607,1.03,60.7513,48.5227,2.7447,4.4619,604734.4009,195178.0009
603270.SH,20260224,27.5,4.6113,1.09,60.5312,48.3469,2.7347,4.4457,602543.3343,194470.8343
603270.SH,20260213,27.65,4.8709,1.25,60.8614,48.6106,2.7497,4.4699,605829.9343,195531.5843
603270.SH,20260212,27.48,4.1438,1.09,60.4872,48.3117,2.7327,4.4425,602105.1209,194329.4009
603270.SH,20260211,27.27,3.0711,0.74,60.0249,47.9425,2.7119,4.4085,597503.8809,192844.3509
603270.SH,20260210,27.31,3.4271,0.76,60.113,48.0128,2.7158,4.415,598380.3076,193127.2176
603270.SH,20260209,27.36,5.6854,1.37,60.223,48.1007,2.7208,4.4231,599475.8409,193480.8009
603270.SH,20260206,26.83,3.1112,0.69,59.0564,47.169,2.6681,4.3374,587863.1876,189732.8176
603270.SH,20260205,26.69,3.6605,0.75,58.7483,46.9228,2.6542,4.3147,584795.6942,188742.7842
603270.SH,20260204,27.28,4.7372,0.94,60.0469,47.9601,2.7129,4.4101,597722.9876,192915.0676
603270.SH,20260203,27.08,5.4274,1.04,59.6067,47.6085,2.693,4.3778,593340.8542,191500.7342
603270.SH,20260202,26.14,3.7389,0.66,57.5377,45.9559,2.5995,4.2258,572744.8275,184853.3675
603270.SH,20260130,26.5,4.8814,0.79,58.3301,46.5888,2.6353,4.284,580632.6676,187399.1676
603270.SH,20260129,26.35,5.5131,0.84,57.9999,46.3251,2.6204,4.2598,577346.0675,186338.4175
603270.SH,20260128,27.13,5.632,0.84,59.7168,47.6964,2.6979,4.3859,594436.3876,191854.3176
603270.SH,20260127,27.83,6.3422,0.93,61.2576,48.927,2.7676,4.499,609773.8543,196804.4843
603270.SH,20260126,27.56,6.1348,0.88,60.6633,48.4524,2.7407,4.4554,603857.9743,194895.1343
603270.SH,20260123,28.19,7.1431,0.89,62.05,49.5599,2.8034,4.5572,617661.6943,199350.2843
603270.SH,20260122,27.93,7.3703,0.92,61.4777,49.1028,2.7775,4.5152,611964.9209,197511.6509
603270.SH,20260121,27.88,6.5241,0.79,61.3676,49.0149,2.7725,4.5071,610869.3876,197158.0676
603270.SH,20260120,27.53,6.7669,0.78,60.5972,48.3996,2.7377,4.4505,603200.6543,194682.9843
603270.SH,20260119,27.51,7.2433,0.82,60.5532,48.3645,2.7357,4.4473,602762.4409,194541.5509
603270.SH,20260116,27.77,12.0274,1.45,61.1255,48.8215,2.7616,4.4893,608459.2143,196380.1843
603270.SH,20260115,26.87,7.4093,0.9,59.1445,47.2393,2.6721,4.3438,588739.6142,190015.6842
603270.SH,20260114,26.39,8.056,1.0,58.0879,46.3954,2.6244,4.2662,578222.4942,186621.2842
603270.SH,20260113,26.56,8.4771,1.03,58.4621,46.6943,2.6413,4.2937,581947.3076,187823.4676
603270.SH,20260112,26.92,8.2819,0.94,59.2545,47.3272,2.6771,4.3519,589835.1476,190369.2676
603270.SH,20260109,26.91,9.132,0.87,59.2325,47.3096,2.6761,4.3503,589616.0409,190298.5509
603270.SH,20260108,26.54,7.4383,0.54,58.4181,46.6591,2.6393,4.2905,581509.0942,187682.0342
603270.SH,20260107,26.36,6.9435,0.46,58.0219,46.3427,2.6214,4.2614,577565.1742,186409.1342
603270.SH,20260106,26.3,9.5252,0.62,57.8898,46.2372,2.6154,4.2517,576250.5342,185984.8342
603270.SH,20260105,26.69,10.886,0.73,58.7483,46.9228,2.6542,4.3147,584795.6942,188742.7842
603270.SH,20251231,27.03,17.9071,1.54,59.4967,47.5206,2.688,4.3697,592245.3209,191147.1509
603270.SH,20251230,26.67,23.8566,3.35,58.7043,46.8877,2.6522,4.3115,584357.4809,188601.3509
603270.SH,20251229,25.83,13.8312,2.92,56.8553,45.4109,2.5687,4.1757,565952.5209,182661.1509
603270.SH,20251226,25.76,10.9065,3.72,56.7012,45.2878,2.5617,4.1644,564418.7742,182166.1342
603270.SH,20251225,25.23,8.0235,4.73,55.5346,44.3561,2.509,4.0787,552806.1208,178418.1508
603270.SH,20251224,24.12,1.5396,0.87,53.0914,42.4046,2.3986,3.8993,528485.2808,170568.6008
603270.SH,20251223,23.84,1.356,0.73,52.475,41.9123,2.3708,3.854,522350.2941,168588.5341
603270.SH,20251222,24.1,1.8275,1.0,53.0473,42.3694,2.3966,3.896,528047.0675,170427.1675
603270.SH,20251219,23.83,1.9151,1.03,52.453,41.8948,2.3698,3.8524,522131.1875,168517.8175
603270.SH,20251218,23.45,1.8386,0.9,51.6166,41.2267,2.332,3.791,513805.1341,165830.5841
603270.SH,20251217,23.42,1.9103,0.93,51.5506,41.174,2.329,3.7861,513147.8141,165618.4341
603270.SH,20251216,23.48,1.8523,0.9,51.6826,41.2794,2.335,3.7958,514462.4541,166042.7341
603270.SH,20251215,23.91,1.6237,0.72,52.6291,42.0354,2.3777,3.8653,523884.0408,169083.5508
603270.SH,20251212,24.06,2.077,0.91,52.9593,42.2991,2.3926,3.8896,527170.6408,170144.3008
603270.SH,20251211,23.89,2.7135,1.14,52.5851,42.0002,2.3757,3.8621,523445.8275,168942.1175
603270.SH,20251210,24.36,1.9697,0.83,53.6196,42.8265,2.4225,3.9381,533743.8408,172265.8008
603270.SH,20251209,24.39,1.9092,0.81,53.6857,42.8793,2.4255,3.9429,534401.1608,172477.9508
603270.SH,20251208,24.54,2.6139,1.02,54.0158,43.143,2.4404,3.9672,537687.7608,173538.7008
603270.SH,20251205,24.47,2.2551,0.79,53.8618,43.0199,2.4334,3.9559,536154.0141,173043.6841
603270.SH,20251204,24.39,3.159,1.26,53.6857,42.8793,2.3898,3.9429,534401.1608,172477.9508
603270.SH,20251203,24.42,1.8971,0.73,53.7517,42.932,2.3928,3.9478,535058.4808,172690.1008
603270.SH,20251202,24.47,1.8506,0.64,53.8618,43.0199,2.3977,3.9559,536154.0141,173043.6841
603270.SH,20251201,24.64,3.6169,1.22,54.236,43.3188,2.4143,3.9833,539878.8275,174245.8675
603270.SH,20251128,24.3,3.6776,1.12,53.4876,42.7211,2.381,3.9284,532429.2008,171841.5008
603270.SH,20251127,23.86,1.5325,0.45,52.5191,41.9475,2.3379,3.8572,522788.5075,168729.9675
603270.SH,20251126,23.81,2.4048,0.65,52.409,41.8596,2.333,3.8492,521692.9741,168376.3841
603270.SH,20251125,24.1,3.2484,0.89,53.0473,42.3694,2.3614,3.896,528047.0675,170427.1675
603270.SH,20251124,24.27,3.9477,1.1,53.4215,42.6683,2.3781,3.9235,531771.8808,171629.3508
603270.SH,20251121,23.59,5.2822,1.46,51.9248,41.4728,2.3114,3.8136,516872.6275,166820.6175
603270.SH,20251120,23.95,2.3156,0.63,52.7172,42.1057,2.3467,3.8718,524760.4675,169366.4175
603270.SH,20251119,24.31,3.6282,1.03,53.5096,42.7386,2.382,3.93,532648.3075,171912.2175
603270.SH,20251118,24.92,3.112,0.92,54.8523,43.8111,2.4417,4.0286,546013.8142,176225.9342
603270.SH,20251117,24.92,3.5406,1.1,54.8523,43.8111,2.4417,4.0286,546013.8142,176225.9342
603270.SH,20251114,25.28,5.5536,2.08,55.6447,44.444,2.477,4.0868,553901.6542,178771.7342
603270.SH,20251113,25.07,2.4265,0.8,55.1824,44.0748,2.4564,4.0529,549300.4142,177286.6842
603270.SH,20251112,24.73,2.9086,0.98,54.4341,43.477,2.4231,3.9979,541850.7875,174882.3175
603270.SH,20251111,25.05,2.4341,0.81,55.1384,44.0396,2.4545,4.0496,548862.2008,177145.2508
603270.SH,20251110,25.08,2.7119,0.89,55.2045,44.0923,2.4574,4.0545,549519.5208,177357.4008
603270.SH,20251107,25.24,2.8668,0.89,55.5566,44.3736,2.4731,4.0803,553025.2275,178488.8675
603270.SH,20251106,25.35,4.1969,1.32,55.7988,44.567,2.4839,4.0981,555435.4008,179266.7508
603270.SH,20251105,24.93,2.5837,0.83,54.8743,43.8286,2.4427,4.0302,546232.9208,176296.6508
603270.SH,20251104,24.83,2.7168,0.88,54.6542,43.6528,2.4329,4.0141,544041.8542,175589.4842
603270.SH,20251103,25.27,2.9291,0.92,55.6227,44.4264,2.476,4.0852,553682.5475,178701.0175
603270.SH,20251031,25.25,3.7682,1.3,55.5786,44.3912,2.4741,4.082,553244.3342,178559.5842
603270.SH,20251030,24.95,3.9384,1.57,54.9183,43.8638,2.4447,4.0335,546671.1342,176438.0842
603270.SH,20251029,24.98,2.1259,0.8,54.9843,46.2579,2.4723,4.0383,547328.4542,176650.2342
603270.SH,20251028,24.99,2.5881,0.99,55.0063,46.2764,2.4733,4.0399,547547.5608,176720.9508
603270.SH,20251027,24.94,3.4405,1.43,54.8963,46.1838,2.4683,4.0318,546452.0275,176367.3675
603270.SH,20251024,24.6,2.3734,0.9,54.1479,45.5542,2.4347,3.9769,539002.4008,173963.0008
603270.SH,20251023,24.63,1.9782,0.71,54.2139,45.6097,2.4256,3.9817,539659.7208,174175.1508
603270.SH,20251022,24.61,2.9682,1.05,54.1699,45.5727,2.4237,3.9785,539221.5075,174033.7175
603270.SH,20251021,24.48,2.3208,0.68,53.8838,45.332,2.4109,3.9575,536373.1208,173114.4008
603270.SH,20251020,24.35,2.398,0.61,53.5976,45.0912,2.3981,3.9365,533524.7341,172195.0841
603270.SH,20251017,23.9,3.522,0.85,52.6071,44.2579,2.3537,3.8637,523664.9341,169012.8341
603270.SH,20251016,24.52,2.7804,0.58,53.9718,45.406,2.4148,3.9639,537249.5475,173397.2675
603270.SH,20251015,24.7,3.0709,0.59,54.368,45.7394,2.4325,3.993,541193.4675,174670.1675
603270.SH,20251014,24.42,5.3079,1.06,53.7517,45.2209,2.4049,3.9478,535058.4808,172690.1008
603270.SH,20251013,24.86,5.0005,0.99,54.7202,46.0356,2.4483,4.0189,544699.1742,175801.6342
603270.SH,20251010,25.62,4.6777,0.85,56.3931,47.443,2.5231,4.1418,561351.2809,181176.1009
603270.SH,20251009,25.8,6.1101,1.03,56.7893,47.7763,2.5409,4.1709,565295.2009,182449.0009
603270.SH,20250930,26.13,4.7649,0.72,57.5156,48.3874,2.5734,4.2242,572525.7209,184782.6509
603270.SH,20250929,26.35,4.4158,0.6,57.9999,48.7948,2.595,4.2598,577346.0675,186338.4175
603270.SH,20250926,26.21,5.2429,0.65,57.6917,48.5356,2.5812,4.2371,574278.5742,185348.3842
603270.SH,20250925,26.77,7.026,0.73,58.9244,49.5726,2.6364,4.3277,586548.5476,189308.5176
603270.SH,20250924,27.0,8.3113,0.92,59.4306,49.9985,2.659,4.3649,591588.0009,190935.0009
603270.SH,20250923,26.64,8.0904,0.95,58.6382,49.3318,2.6236,4.3067,583700.1609,188389.2009
603270.SH,20250922,26.41,8.1955,1.07,58.132,48.9059,2.6009,4.2695,578660.7075,186762.7175
603270.SH,20250919,26.2,8.4626,1.25,57.6697,48.5171,2.5802,4.2355,574059.4675,185277.6675
603270.SH,20250918,27.13,15.1377,3.32,59.7168,50.2392,2.6718,4.3859,594436.3876,191854.3176
603270.SH,20250917,26.83,5.4594,1.32,59.0564,49.6837,2.6423,4.3374,587863.1876,189732.8176
603270.SH,20250916,26.52,5.2084,1.28,58.3741,49.1096,2.6118,4.2873,581070.8809,187540.6009
603270.SH,20250915,26.02,4.1621,0.97,57.2735,48.1837,2.5625,4.2064,570115.5475,184004.7675
603270.SH,20250912,26.24,3.8954,0.87,57.7578,48.5911,2.5842,4.242,574935.8942,185560.5342
603270.SH,20250911,26.25,4.0898,0.83,57.7798,48.6096,2.5852,4.2436,575155.0009,185631.2509
603270.SH,20250910,25.91,3.3733,0.61,57.0314,47.98,2.5517,4.1887,567705.3742,183226.8842
603270.SH,20250909,26.2,4.793,0.76,57.6697,48.5171,2.5802,4.2355,574059.4675,185277.6675
603270.SH,20250908,26.75,5.2666,0.71,58.8803,49.5355,2.6344,4.3244,586110.3342,189167.0842
603270.SH,20250905,26.43,4.9124,0.65,58.176,48.943,2.6029,4.2727,579098.9209,186904.1509
603270.SH,20250904,25.87,6.159,0.78,56.9433,47.906,2.5477,4.1822,566828.9475,182944.0175
603270.SH,20250903,26.37,6.7417,0.85,58.0439,48.8319,2.597,4.263,577784.2809,186479.8509
603270.SH,20250902,26.89,8.3732,1.14,59.1885,49.7948,2.6482,4.3471,589177.8276,190157.1176
603270.SH,20250901,27.38,10.6739,1.53,60.2671,50.7022,2.6965,4.4263,599914.0542,193622.2342
603270.SH,20250829,26.7,5.9697,0.84,58.7703,49.443,2.6829,4.3164,585014.8009,188813.5009
603270.SH,20250828,27.09,7.6958,0.95,59.6287,54.2087,2.7221,4.3794,593559.9609,191571.4509
603270.SH,20250827,27.13,7.1544,0.81,59.7168,54.2887,2.7261,4.3859,594436.3876,191854.3176
603270.SH,20250826,27.98,5.1414,0.55,61.5877,55.9896,2.8116,4.5233,613060.4543,197865.2343
603270.SH,20250825,28.11,8.8869,1.01,61.8739,56.2498,2.8246,4.5443,615908.8409,198784.5509
603270.SH,20250822,28.22,6.5202,0.77,62.116,56.4699,2.8357,4.5621,618319.0143,199562.4343
603270.SH,20250821,28.23,12.8377,1.83,62.138,56.4899,2.8367,4.5637,618538.1209,199633.1509
603270.SH,20250820,28.47,10.7051,1.84,62.6663,56.9701,2.8608,4.6025,623796.6809,201330.3509
603270.SH,20250819,27.82,7.8424,1.51,61.2356,55.6695,2.7955,4.4974,609554.7476,196733.7676
603270.SH,20250818,27.6,6.2192,1.24,60.7513,55.2292,2.7734,4.4619,604734.4009,195178.0009
603270.SH,20250815,27.31,4.5672,0.88,60.113,54.6489,2.7442,4.415,598380.3076,193127.2176
603270.SH,20250814,26.84,5.8009,1.06,59.0784,53.7084,2.697,4.339,588082.2942,189803.5342
603270.SH,20250813,27.43,4.6106,0.7,60.3771,54.889,2.7563,4.4344,601009.5876,193975.8176
603270.SH,20250812,27.4,4.7572,0.7,60.3111,54.829,2.7533,4.4295,600352.2676,193763.6676
603270.SH,20250811,27.61,5.2533,0.69,60.7733,55.2492,2.7744,4.4635,604953.5076,195248.7176
603270.SH,20250808,27.59,5.5975,0.75,60.7293,55.2092,2.7724,4.4602,604515.2943,195107.2843
603270.SH,20250807,27.53,7.2505,1.05,60.5972,55.0892,2.7663,4.4505,603200.6543,194682.9843
603270.SH,20250806,27.72,10.2043,1.73,61.0154,55.4694,2.7854,4.4813,607363.6809,196026.6009
603270.SH,20250805,27.26,5.8858,1.07,60.0029,54.5489,2.7392,4.4069,597284.7742,192773.6342
603270.SH,20250804,27.2,9.1263,1.9,59.8709,54.4288,2.7332,4.3972,595970.1342,192349.3342
603270.SH,20250801,26.55,4.7385,0.96,58.4401,53.1281,2.6679,4.2921,581728.2009,187752.7509
603270.SH,20250731,26.26,4.4781,0.91,57.8018,52.5478,2.6387,4.2452,575374.1075,185701.9675
603270.SH,20250730,26.43,5.2607,1.01,58.176,52.888,2.6558,4.2727,579098.9209,186904.1509
603270.SH,20250729,26.75,3.9173,0.61,58.8803,53.5283,2.688,4.3244,586110.3342,189167.0842
603270.SH,20250728,26.79,5.5683,0.86,58.9684,53.6084,2.692,4.3309,586986.7609,189449.9509
603270.SH,20250725,26.68,5.4326,0.76,58.7263,53.3883,2.6809,4.3131,584576.5876,188672.0676
603270.SH,20250724,26.48,4.3627,0.49,58.286,52.988,2.6608,4.2808,580194.4542,187257.7342
603270.SH,20250723,26.4,6.844,0.78,58.1099,52.828,2.6528,4.2679,578441.6009,186692.0009
603270.SH,20250722,26.49,9.7197,1.24,58.3081,53.0081,2.6618,4.2824,580413.5609,187328.4509
603270.SH,20250721,26.52,6.0551,0.77,58.3741,53.0681,2.6649,4.2873,581070.8809,187540.6009
603270.SH,20250718,26.51,8.7337,1.26,58.3521,53.0481,2.6638,4.2856,580851.7742,187469.8842
603270.SH,20250717,26.45,12.7436,2.54,58.22,52.928,2.6578,4.2759,579537.1342,187045.5842
603270.SH,20250716,25.92,6.4717,1.41,57.0534,51.8674,2.6046,4.1903,567924.4809,183297.6009
603270.SH,20250715,25.62,5.1989,1.25,56.3931,51.2671,2.5744,4.1418,561351.2809,181176.1009
603270.SH,20250714,25.59,6.4259,1.93,56.327,51.2071,2.5714,4.1369,560693.9609,180963.9509
603270.SH,20250711,24.89,3.9228,1.17,54.7862,49.8064,2.5011,4.0238,545356.4942,176013.7842
603270.SH,20250710,24.72,3.0447,0.93,54.412,49.4662,2.484,3.9963,541631.6808,174811.6008
603270.SH,20250709,24.95,4.3761,1.35,54.9183,49.9264,2.4946,4.0335,546671.1342,176438.0842
603270.SH,20250708,24.95,2.9546,0.88,54.9183,49.9264,2.4946,4.0335,546671.1342,176438.0842
603270.SH,20250707,24.77,2.3417,0.61,54.5221,49.5662,2.4766,4.0044,542727.2142,175165.1842
603270.SH,20250704,24.66,4.0723,1.06,54.28,49.3461,2.4656,3.9866,540317.0408,174387.3008
603270.SH,20250703,25.16,2.6558,0.61,55.3805,50.3466,2.5156,4.0674,551272.3742,177923.1342
603270.SH,20250702,25.14,4.1588,0.91,55.3365,50.3066,2.5136,4.0642,550834.1608,177781.7008
603270.SH,20250701,25.52,3.4963,0.71,56.173,51.067,2.5515,4.1256,559160.2142,180468.9342
603270.SH,20250630,25.69,4.7564,0.94,56.5471,51.4072,2.5685,4.1531,562885.0275,181671.1175
603270.SH,20250627,25.46,4.1041,0.81,56.0409,50.947,2.5455,4.1159,557845.5742,180044.6342
603270.SH,20250626,25.15,5.0851,1.02,55.3585,50.3266,2.5146,4.0658,551053.2675,177852.4175
603270.SH,20250625,25.72,5.4658,1.2,56.6132,51.4672,2.5715,4.1579,563542.3475,181883.2675
603270.SH,20250624,25.52,5.2684,1.23,56.173,51.067,2.5515,4.1256,559160.2142,180468.9342
603270.SH,20250623,25.04,5.3748,1.33,55.1164,50.1065,2.5036,4.048,548643.0942,177074.5342
603270.SH,20250620,24.28,4.0607,0.8,53.4435,48.5857,2.4276,3.9251,531990.9875,171700.0675
603270.SH,20250619,24.73,4.6812,0.78,54.4341,49.4862,2.4726,3.9979,541850.7875,174882.3175
603270.SH,20250618,25.08,3.3981,0.47,55.2045,50.1866,2.5076,4.0545,549519.5208,177357.4008
603270.SH,20250617,25.29,3.8965,0.46,55.6667,50.6068,2.5286,4.0884,554120.7608,178842.4508
603270.SH,20250616,25.22,4.1468,0.44,55.5126,50.4667,2.5216,4.0771,552587.0142,178347.4342
603270.SH,20250613,25.02,9.2493,1.0,55.0724,50.0665,2.5016,4.0448,548204.8808,176933.1008
603270.SH,20250612,26.09,9.137,0.91,57.4276,52.2076,2.6085,4.2178,571649.2942,184499.7842
603270.SH,20250611,26.64,9.9451,1.07,58.6382,53.3082,2.6635,4.3067,583700.1609,188389.2009
603270.SH,20250610,26.19,9.6246,1.11,57.6477,52.4077,2.6185,4.2339,573840.3609,185206.9509
603270.SH,20250609,26.99,9.3002,1.04,59.4086,54.0086,2.6985,4.3632,591368.8942,190864.2842
603270.SH,20250606,27.24,8.4584,0.86,59.9589,54.5088,2.7235,4.4037,596846.5609,192632.2009
603270.SH,20250605,27.33,12.9985,1.42,60.157,54.6889,2.7325,4.4182,598818.5209,193268.6509
603270.SH,20250604,26.53,6.2525,0.61,58.3961,53.0881,2.6525,4.2889,581289.9876,187611.3176
603270.SH,20250603,26.47,6.2121,0.52,58.264,52.968,2.6465,4.2792,579975.3475,187187.0175
603270.SH,20250530,26.17,10.9599,0.81,57.6037,52.3677,2.6165,4.2307,573402.1475,185065.5175
603270.SH,20250529,27.01,12.6113,1.05,59.4526,54.0486,2.7005,4.3665,591807.1076,191005.7176
603270.SH,20250528,26.05,9.7994,0.84,57.3396,52.1276,2.6045,4.2113,570772.8675,184216.9175
603270.SH,20250527,26.87,11.7435,1.1,59.1445,53.7685,2.6865,4.3438,588739.6142,190015.6842
603270.SH,20250526,27.35,14.6275,1.56,60.201,54.729,2.7345,4.4214,599256.7342,193410.0842
603270.SH,20250523,27.13,18.8225,2.32,59.7168,54.2887,2.7125,4.3859,594436.3876,191854.3176
603270.SH,20250522,26.31,5.1586,0.61,57.9118,52.6479,2.6305,4.2533,576469.6409,186055.5509
603270.SH,20250521,26.3,7.854,0.9,57.8898,52.6279,2.6295,4.2517,576250.5342,185984.8342
603270.SH,20250520,27.08,6.8771,0.76,59.6067,54.1887,2.7075,4.3778,593340.8542,191500.7342
603270.SH,20250519,26.98,8.2705,0.81,59.3866,53.9886,2.6975,4.3616,591149.7876,190793.5676
603270.SH,20250516,27.08,12.3927,1.27,59.6067,54.1887,2.7075,4.3778,593340.8542,191500.7342
603270.SH,20250515,26.47,6.9658,0.64,58.264,52.968,2.6465,4.2792,579975.3475,187187.0175
603270.SH,20250514,26.89,9.0589,0.68,59.1885,53.8085,2.6885,4.3471,589177.8276,190157.1176
603270.SH,20250513,27.3,8.4328,0.57,60.091,54.6289,2.7295,4.4134,598161.2009,193056.5009
603270.SH,20250512,27.62,14.1343,1.0,60.7953,55.2692,2.7615,4.4651,605172.6143,195319.4343
603270.SH,20250509,27.25,10.1477,0.69,59.9809,54.5289,2.7245,4.4053,597065.6676,192702.9176
603270.SH,20250508,27.66,12.2963,0.91,60.8834,55.3493,2.7655,4.4716,606049.0409,195602.3009
603270.SH,20250507,27.48,21.8004,2.11,60.4872,54.9891,2.7475,4.4425,602105.1209,194329.4009
603270.SH,20250506,27.34,15.302,1.76,60.179,54.709,2.7335,4.4198,599037.6276,193339.3676
603270.SH,20250430,24.85,11.4605,1.28,54.6982,49.7263,2.4846,4.0173,544480.0675,175730.9175
603270.SH,20250429,23.83,12.8382,1.76,52.453,47.6852,2.3826,3.8524,522131.1875,168517.8175
603270.SH,20250428,22.63,6.4693,0.9,37.4352,54.3195,2.3326,4.3631,495838.3874,160031.8174
603270.SH,20250425,23.27,5.708,0.81,38.494,55.8558,2.3986,4.4865,509861.2141,164557.6841
603270.SH,20250424,23.06,6.9405,1.05,38.1466,55.3517,2.377,4.446,505259.9741,163072.6341
603270.SH,20250423,23.51,12.9553,2.09,38.891,56.4318,2.4233,4.5328,515119.7741,166254.8841
603270.SH,20250422,22.32,4.4477,0.69,36.9224,53.5754,2.3007,4.3034,489046.0807,157839.6007
603270.SH,20250421,22.58,5.9113,0.86,37.3525,54.1995,2.3275,4.3535,494742.8541,159678.2341
603270.SH,20250418,21.74,4.9779,0.66,35.963,52.1833,2.2409,4.1915,476337.8941,153738.0341
603270.SH,20250417,21.92,4.8957,0.55,36.2607,52.6153,2.2595,4.2263,480281.8141,155010.9341
603270.SH,20250416,22.01,10.7308,1.17,36.4096,52.8313,2.2687,4.2436,482253.7741,155647.3841
603270.SH,20250415,22.96,5.5787,0.51,37.9811,55.1117,2.3667,4.4268,503068.9074,162365.4674
603270.SH,20250414,22.92,8.1893,0.84,37.915,55.0156,2.3625,4.4191,502192.4808,162082.6008
603270.SH,20250411,22.87,8.4218,0.82,37.8323,54.8956,2.3574,4.4094,501096.9474,161729.0174
603270.SH,20250410,22.23,11.2281,1.19,36.7736,53.3594,2.2914,4.286,487074.1207,157203.1507
603270.SH,20250409,21.32,12.3924,1.41,35.2682,51.1751,2.1976,4.1106,467135.414,150767.934
603270.SH,20250408,20.08,14.2393,1.61,33.217,48.1987,2.0698,3.8715,439966.1873,141999.0673
603270.SH,20250407,21.59,2.7432,0.26,35.7148,51.8232,2.2254,4.1626,473051.2941,152677.2841
603270.SH,20250403,23.99,10.6506,0.93,39.685,57.584,2.4728,4.6254,525636.8941,169649.2841
603270.SH,20250402,25.6,7.1951,0.5,42.3483,61.4485,2.6388,4.9358,560913.0675,181034.6675
603270.SH,20250401,25.44,9.1681,0.58,42.0836,61.0645,2.6223,4.9049,557407.3608,179903.2008
603270.SH,20250331,26.41,14.5145,0.91,43.6882,63.3928,2.7223,5.0919,578660.7075,186762.7175
603270.SH,20250328,29.34,11.6471,0.67,48.5351,70.4258,3.0243,5.6569,642858.961,207482.701
603270.SH,20250327,28.65,14.9417,0.71,47.3937,68.7696,2.9532,5.5238,627740.601,202603.251
603270.SH,20250326,30.35,21.1994,1.0,50.2059,72.8501,3.1284,5.8516,664988.7343,214625.0843
603270.SH,20250325,28.6,16.5167,0.77,47.311,68.6495,2.948,5.5142,626645.0676,202249.6676
603270.SH,20250324,27.74,15.2401,0.73,45.8884,66.5853,2.8594,5.3484,607801.8943,196168.0343
603270.SH,20250321,29.3,19.2078,0.97,48.469,70.3298,3.0202,5.6491,641982.5343,207199.8343
603270.SH,20250320,31.29,32.9829,1.89,51.7609,75.1064,3.2253,6.0328,685584.761,221272.451
603270.SH,20250319,31.08,22.5238,1.23,51.4135,74.6024,3.2036,5.9923,680983.521,219787.401
603270.SH,20250318,28.25,16.7948,0.82,46.732,67.8094,2.9119,5.4467,618976.3343,199774.5843
603270.SH,20250317,27.27,12.2234,0.49,45.1109,65.4571,2.8109,5.2578,597503.8809,192844.3509
603270.SH,20250314,26.79,14.3928,0.44,44.3168,64.3049,2.7614,5.1652,586986.7609,189449.9509
603270.SH,20250313,27.24,21.2965,0.66,45.0612,65.3851,2.8078,5.252,596846.5609,192632.2009
603270.SH,20250312,29.07,27.0922,0.93,48.0885,69.7777,2.9965,5.6048,636943.081,205573.351
603270.SH,20250311,28.7,27.6994,1.09,47.4764,68.8896,2.9583,5.5335,628836.1343,202956.8343
603270.SH,20250310,28.02,33.0583,1.59,46.3515,67.2573,2.8882,5.4024,613936.8809,198148.1009
603270.SH,20250307,28.27,53.8916,3.89,46.7651,67.8574,2.914,5.4506,619414.5476,199916.0176
603270.SH,20250306,27.24,19.8282,1.49,45.0612,65.3851,2.8078,5.252,596846.5609,192632.2009
603270.SH,20250305,24.76,11.4778,0.75,40.9588,59.4323,2.5522,4.7738,542508.1075,175094.4675
603270.SH,20250304,24.37,8.8267,0.58,40.3136,58.4961,2.512,4.6986,533962.9475,172336.5175
603270.SH,20250303,23.83,9.9042,0.62,39.4203,57.2,2.4563,4.5945,522131.1875,168517.8175
603270.SH,20250228,24.15,19.1604,1.21,39.9497,57.9681,2.4893,4.6562,529142.6008,170780.7508
603270.SH,20250227,25.1,17.3823,0.93,41.5212,60.2484,2.5872,4.8394,549957.7342,177498.8342
603270.SH,20250226,24.73,21.11,1.19,40.9091,59.3603,2.5491,4.768,541850.7875,174882.3175
603270.SH,20250225,24.26,9.0939,0.5,40.1316,58.2321,2.5007,4.6774,531552.7741,171558.6341
603270.SH,20250224,24.53,13.516,0.75,40.5783,58.8802,2.5285,4.7295,537468.6542,173467.9842
603270.SH,20250221,24.83,18.353,1.07,41.0746,59.6003,2.5594,4.7873,544041.8542,175589.4842
603270.SH,20250220,25.27,30.927,1.99,41.8024,60.6564,2.6048,4.8721,553682.5475,178701.0175
603270.SH,20250219,24.6,16.6207,0.86,40.6941,59.0482,2.5357,4.743,539002.4008,173963.0008
603270.SH,20250218,22.36,11.4895,0.51,36.9886,53.6715,2.3048,4.3111,489922.5074,158122.4674
603270.SH,20250217,23.22,13.1411,0.55,38.4112,55.7357,2.3935,4.4769,508765.6808,164204.1008
603270.SH,20250214,22.98,13.6025,0.58,38.0142,55.1597,2.3687,4.4306,503507.1208,162506.9008
603270.SH,20250213,23.43,22.9002,1.11,38.7586,56.2398,2.4151,4.5174,513366.9208,165689.1508
603270.SH,20250212,25.19,35.833,2.48,41.6701,60.4644,2.5965,4.8567,551929.6942,178135.2842
603270.SH,20250211,26.41,26.9059,2.58,43.6882,63.3928,2.7223,5.0919,578660.7075,186762.7175
603270.SH,20250210,24.01,21.0463,2.6,39.7181,57.632,2.4749,4.6292,526075.1075,169790.7175
603270.SH,20250207,21.83,9.6174,1.0,36.1119,52.3993,2.2502,4.2089,478309.8541,154374.4841
603270.SH,20250206,21.69,9.401,0.8,35.8803,52.0632,2.2357,4.1819,475242.3607,153384.4507
603270.SH,20250205,20.69,5.3497,0.44,34.226,49.6629,2.1327,3.9891,453331.694,146312.784
603270.SH,20250127,20.31,6.6708,0.54,33.5974,48.7508,2.0935,3.9158,445005.6407,143625.5507
603270.SH,20250124,21.1,9.5044,0.77,34.9043,50.647,2.1749,4.0682,462315.0674,149212.1674
603270.SH,20250123,21.58,16.9288,1.33,35.6983,51.7992,2.2244,4.1607,472832.1874,152606.5674
603270.SH,20250122,21.79,20.5082,1.89,36.0457,52.3033,2.2461,4.2012,477433.4274,154091.6174
603270.SH,20250121,21.26,6.8508,0.65,35.1689,51.0311,2.1914,4.099,465820.774,150343.634
603270.SH,20250120,21.14,7.783,0.8,34.9704,50.7431,2.1791,4.0759,463191.494,149495.034
603270.SH,20250117,20.92,9.8748,1.15,34.6065,50.215,2.1564,4.0334,458371.1474,147939.2674
603270.SH,20250116,20.98,18.4204,3.28,34.7058,50.359,2.1626,4.045,459685.7874,148363.5674
603270.SH,20250115,21.54,11.2969,2.73,35.6321,51.7032,2.2203,4.153,471955.7607,152323.7007
603270.SH,20250114,19.58,5.4144,1.44,32.3898,46.9985,2.0183,3.7751,429010.854,138463.234
603270.SH,20250113,18.75,3.7602,1.03,31.0168,45.0063,1.9327,3.6151,410825.0006,132593.7506
603270.SH,20250110,18.57,3.9329,1.04,30.7191,44.5742,1.9141,3.5804,406881.0806,131320.8506
603270.SH,20250109,19.25,3.6772,0.95,31.8439,46.2064,1.964,3.7115,421780.334,136129.584
603667.SH,20260702,70.18,11.7858,1.63,294.2294,318.8141,8.9622,8.0428,2688960.736,2570011.2504
603667.SH,20260701,68.06,9.8034,1.46,285.3413,309.1834,8.6915,7.7999,2607732.512,2492376.2568
603667.SH,20260630,65.52,7.4518,1.18,274.6924,297.6446,8.3671,7.5088,2510411.904,2399360.7456
603667.SH,20260629,61.23,6.3342,0.96,256.7066,278.156,7.8193,7.0171,2346039.696,2242259.7444
603667.SH,20260626,60.66,5.9117,0.88,254.3169,275.5666,7.7465,6.9518,2324200.032,2221386.1848
603667.SH,20260625,64.07,6.5546,1.03,268.6133,291.0576,8.182,7.3426,2454854.864,2346261.3396
603667.SH,20260624,66.1,7.2431,1.19,277.124,300.2795,8.4412,7.5753,2532634.72,2420600.508
603667.SH,20260623,63.51,5.4718,0.89,266.2655,288.5136,8.1105,7.2784,2433398.352,2325753.9828
603667.SH,20260622,65.77,7.8094,1.38,275.7405,298.7803,8.3991,7.5374,2519990.704,2408515.8156
603667.SH,20260618,67.73,6.3453,1.11,283.9578,307.6842,8.6494,7.7621,2595088.496,2480291.5644
603667.SH,20260617,66.52,4.9294,0.8,278.8849,302.1874,8.4948,7.6234,2548727.104,2435981.0256
603667.SH,20260616,66.38,5.7768,0.86,278.2979,301.5514,8.477,7.6074,2543362.976,2430854.1864
603667.SH,20260615,67.0,6.0026,0.79,280.8973,304.368,8.5561,7.6784,2567118.4,2453558.76
603667.SH,20260612,63.93,5.3242,0.58,268.0263,290.4216,8.1641,7.3266,2449490.736,2341134.5004
603667.SH,20260611,65.01,6.4649,0.67,272.5542,295.3277,6.2417,7.4503,2490870.6449,2380684.2078
603667.SH,20260610,67.08,7.2542,0.72,281.2326,304.7313,6.4404,7.6876,2570183.0928,2456488.1812
603667.SH,20260609,73.08,8.5486,0.86,306.3876,331.9882,7.0165,8.3752,2800074.246,2676209.8432
603667.SH,20260608,74.59,10.4045,1.12,312.7183,338.8478,7.1615,8.5482,2857930.1862,2731506.4614
603667.SH,20260605,74.34,13.2247,1.58,311.6701,337.7121,7.1375,8.5196,2848351.3881,2722351.3922
603667.SH,20260604,71.84,8.8955,1.02,301.1889,326.3551,6.8974,8.2331,2752563.4076,2630800.6997
603667.SH,20260603,70.27,9.4161,0.99,294.6067,319.2229,6.7467,8.0532,2692408.5559,2573306.8648
603667.SH,20260602,69.03,7.817,0.75,289.408,313.5898,6.6276,7.9111,2644897.7176,2527897.7213
603667.SH,20260601,68.33,7.1152,0.63,286.4732,310.4099,6.5604,7.8308,2618077.083,2502263.5274
603667.SH,20260529,71.76,8.5249,0.67,300.8535,325.9917,6.8897,8.2239,2749498.1923,2627871.0775
603667.SH,20260528,74.74,10.8741,0.78,313.3471,339.5292,7.1759,8.5654,2863677.465,2736999.503
603667.SH,20260527,78.05,13.2354,0.98,327.2243,354.5659,7.4937,8.9448,2990500.7512,2858212.6199
603667.SH,20260526,86.72,12.0788,0.91,363.5732,393.952,8.3261,9.9384,3322693.4676,3175710.4214
603667.SH,20260525,87.08,11.7705,0.81,365.0825,395.5874,8.3606,9.9796,3336486.9368,3188893.7212
603667.SH,20260522,88.17,15.7781,1.0,369.6524,400.5391,8.4653,10.1046,3378250.4963,3228809.8231
603667.SH,20260521,84.74,17.1353,1.13,355.2721,384.9573,8.136,9.7115,3246829.387,3103202.273
603667.SH,20260520,80.0,10.9759,0.73,335.3997,363.4244,7.6809,9.1682,3065215.376,2929622.16
603667.SH,20260519,83.88,10.6655,0.69,351.6666,381.0505,8.0534,9.6129,3213878.3217,3071708.8348
603667.SH,20260518,85.0,18.3791,1.21,356.3621,386.1384,8.1609,9.7413,3256791.337,3112723.545
603667.SH,20260515,84.43,21.8816,1.7,353.9724,383.549,8.1062,9.6759,3234951.6774,3091849.9871
603667.SH,20260514,76.95,14.1876,1.23,322.6126,349.5688,7.388,8.8187,2948354.0398,2817930.3152
603667.SH,20260513,81.4,10.5258,1.02,341.2692,369.7843,7.8153,9.3287,3118856.6451,2980890.5478
603667.SH,20260512,79.94,12.4693,1.42,335.1481,363.1518,7.6751,9.1614,3062916.4645,2927424.9434
603667.SH,20260511,79.18,16.6149,2.7,331.9618,359.6993,7.6021,9.0743,3033796.9184,2899593.5329
603667.SH,20260508,78.17,10.4177,2.05,327.7274,355.111,7.5052,8.9585,2995098.5743,2862607.0531
603667.SH,20260507,71.06,7.8119,1.82,297.9188,322.8117,6.8225,8.1437,2722677.5577,2602236.8836
603667.SH,20260506,67.19,4.3371,1.03,281.6938,305.2311,6.451,7.7002,2574397.7639,2460516.4116
603667.SH,20260430,66.38,4.6234,0.95,278.2979,301.5514,6.3732,7.6074,2543362.4582,2430853.9873
603667.SH,20260429,64.15,3.5826,0.69,268.9486,268.9486,6.181,7.3518,2457919.5796,2349190.7696
603667.SH,20260428,63.07,4.9964,0.9,264.4207,264.4207,6.077,7.228,2416539.1721,2309640.8704
603667.SH,20260427,66.69,3.889,0.66,267.2871,266.5579,8.188,7.481,2442206.2731,2442206.2731
603667.SH,20260424,67.03,4.0266,0.66,268.6498,267.9169,8.2297,7.5191,2454657.1673,2454657.1673
603667.SH,20260423,68.3,7.7743,1.31,273.7398,272.9931,8.3856,7.6616,2501164.9191,2501164.9191
603667.SH,20260422,71.22,5.1443,0.85,285.4429,284.6642,8.7441,7.9891,2608096.1279,2608096.1279
603667.SH,20260421,71.16,7.0212,1.18,285.2024,284.4244,8.7368,7.9824,2605898.9113,2605898.9113
603667.SH,20260420,70.16,5.407,0.95,281.1945,280.4274,8.614,7.8702,2569278.6343,2569278.6343
603667.SH,20260417,70.55,5.235,0.84,282.7576,281.9862,8.6619,7.914,2583560.5424,2583560.5424
603667.SH,20260416,70.95,6.9217,1.22,284.3608,283.585,8.711,7.9589,2598208.6532,2598208.6532
603667.SH,20260415,70.19,5.7465,1.03,281.3148,280.5473,8.6177,7.8736,2570377.2426,2570377.2426
603667.SH,20260414,71.25,6.341,1.33,285.5631,284.7841,8.7478,7.9925,2609194.7363,2609194.7363
603667.SH,20260413,69.35,4.3598,0.96,277.9481,277.1899,8.5145,7.7794,2539616.21,2539616.21
603667.SH,20260410,70.47,7.7064,2.05,282.437,281.6665,8.652,7.905,2580630.9202,2580630.9202
603667.SH,20260409,67.61,4.1063,1.0,270.9744,270.2351,8.3009,7.5842,2475896.928,2475896.928
603667.SH,20260408,69.78,5.3023,1.38,279.6715,278.9086,8.5673,7.8276,2555362.9291,2555362.9291
603667.SH,20260407,65.65,2.4369,0.61,263.1189,262.4011,8.0603,7.3643,2404121.1851,2404121.1851
603667.SH,20260403,66.28,3.153,0.76,265.6439,264.9192,8.1376,7.435,2427191.9596,2427191.9596
603667.SH,20260402,66.57,3.8432,0.82,266.8062,266.0783,8.1732,7.4675,2437811.8399,2437811.8399
603667.SH,20260401,68.42,5.7968,1.2,274.2208,273.4727,8.4004,7.6751,2505559.3523,2505559.3523
603667.SH,20260331,66.33,4.0015,0.81,265.8443,265.119,8.1438,7.4406,2429022.9734,2429022.9734
603667.SH,20260330,67.02,3.1891,0.59,268.6097,267.8769,8.2285,7.518,2454290.9645,2454290.9645
603667.SH,20260327,66.71,3.8948,0.73,267.3673,266.6379,8.1904,7.4832,2442938.6787,2442938.6787
603667.SH,20260326,66.72,6.6298,1.34,267.4073,266.6778,8.1916,7.4844,2443304.8814,2443304.8814
603667.SH,20260325,67.0,6.4854,1.5,268.5296,267.797,8.226,7.5158,2453558.559,2453558.559
603667.SH,20260324,64.02,4.413,1.04,256.586,255.886,7.8601,7.1815,2344430.1335,2344430.1335
603667.SH,20260323,63.53,5.5285,1.44,254.6221,253.9275,7.8,7.1265,2326486.1978,2326486.1978
603667.SH,20260320,65.49,3.7616,0.89,262.4776,261.7616,8.0406,7.3464,2398261.9407,2398261.9407
603667.SH,20260319,66.92,4.491,0.96,268.2089,267.4772,8.2162,7.5068,2450628.9368,2450628.9368
603667.SH,20260318,69.95,3.4651,0.65,280.3529,279.5881,8.5882,7.8467,2561588.3762,2561588.3762
603667.SH,20260317,69.01,4.0305,0.63,276.5854,275.8309,8.4728,7.7412,2527165.3158,2527165.3158
603667.SH,20260316,71.61,3.4045,0.49,287.006,286.223,8.792,8.0329,2622378.036,2622378.036
603667.SH,20260313,72.19,5.6984,0.86,289.3306,288.5413,8.8632,8.098,2643617.7966,2643617.7966
603667.SH,20260312,76.14,6.7716,1.05,305.1618,304.3293,9.3482,8.5411,2788267.8908,2788267.8908
603667.SH,20260311,75.38,6.7138,1.07,302.1158,301.2916,9.2549,8.4558,2760436.4803,2760436.4803
603667.SH,20260310,76.48,9.2113,1.5,306.5245,305.6883,9.3899,8.5792,2800718.785,2800718.785
603667.SH,20260309,72.05,6.4874,0.99,288.7695,287.9817,8.846,8.0823,2638490.9579,2638490.9579
603667.SH,20260306,72.57,3.8679,0.56,290.8536,290.0601,8.9099,8.1406,2657533.5019,2657533.5019
603667.SH,20260305,72.95,5.8283,0.8,292.3766,291.579,8.9565,8.1832,2671449.2072,2671449.2072
603667.SH,20260304,72.15,5.9555,0.7,289.1703,288.3814,8.8583,8.0935,2642152.9856,2642152.9856
603667.SH,20260303,71.55,8.5537,0.9,286.7655,285.9832,8.7846,8.0262,2620180.8194,2620180.8194
603667.SH,20260302,76.9,8.4395,0.78,308.2078,307.367,9.4415,8.6263,2816099.3013,2816099.3013
603667.SH,20260227,80.01,5.7239,0.49,320.6724,319.7976,9.8233,8.9752,2929988.3628,2929988.3628
603667.SH,20260226,80.31,7.9803,0.64,321.8748,320.9967,9.8602,9.0088,2940974.4459,2940974.4459
603667.SH,20260225,80.18,11.8876,0.83,321.3537,320.4771,9.8442,8.9942,2936213.8099,2936213.8099
603667.SH,20260224,84.39,13.5497,0.92,338.227,337.3043,10.3611,9.4665,3090385.176,3090385.176
603667.SH,20260213,90.64,14.753,1.03,363.2764,362.2854,11.1284,10.1676,3319261.9073,3319261.9073
603667.SH,20260212,86.34,9.8111,0.69,346.0424,345.0984,10.6005,9.6852,3161794.7162,3161794.7162
603667.SH,20260211,87.45,12.6027,0.87,350.4912,349.535,10.7368,9.8098,3202443.2237,3202443.2237
603667.SH,20260210,91.18,20.7498,1.61,365.4407,364.4437,11.1947,10.2282,3339036.8569,3339036.8569
603667.SH,20260209,88.02,15.8275,1.23,352.7757,351.8133,10.8068,9.8737,3223316.7815,3223316.7815
603667.SH,20260206,85.65,12.8466,1.0,343.277,342.3405,10.5158,9.6078,3136526.7251,3136526.7251
603667.SH,20260205,77.86,9.577,0.73,312.0554,311.2041,9.5594,8.734,2851254.7672,2851254.7672
603667.SH,20260204,81.93,13.7234,1.07,328.3676,327.4718,10.0591,9.1905,3000299.2946,3000299.2946
603667.SH,20260203,80.39,12.4609,1.0,322.1954,321.3164,9.87,9.0178,2943904.068,2943904.068
603667.SH,20260202,79.66,15.4919,1.34,319.2696,318.3986,9.7804,8.9359,2917171.2658,2917171.2658
603667.SH,20260130,75.84,13.1818,1.09,303.9594,303.1302,9.3114,8.5074,2777281.8077,2777281.8077
603667.SH,20260129,76.0,10.5763,0.8,304.6007,303.7697,9.331,8.5253,2783141.052,2783141.052
603667.SH,20260128,78.88,12.5153,0.88,316.1434,315.281,9.6846,8.8484,2888607.4498,2888607.4498
603667.SH,20260127,82.3,10.3191,0.66,329.8505,328.9506,10.1045,9.2321,3013848.7971,3013848.7971
603667.SH,20260126,83.31,11.2484,0.67,333.8985,332.9876,10.2285,9.3453,3050835.2769,3050835.2769
603667.SH,20260123,87.13,15.891,0.94,349.2087,348.256,10.6975,9.7739,3190724.735,3190724.735
603667.SH,20260122,90.83,16.496,1.04,364.0379,363.0448,11.1518,10.1889,3326219.7599,3326219.7599
603667.SH,20260121,89.11,17.2999,1.06,357.1443,356.17,10.9406,9.996,3263232.8835,3263232.8835
603667.SH,20260120,85.5,17.4303,1.04,342.6758,341.7409,10.4974,9.591,3131033.6835,3131033.6835
603667.SH,20260119,89.2,16.7107,0.97,357.505,356.5297,10.9517,10.0061,3266528.7084,3266528.7084
603667.SH,20260116,81.09,16.1537,0.92,325.0009,324.1143,9.9559,9.0963,2969538.2619,2969538.2619
603667.SH,20260115,73.72,11.9532,0.65,295.4627,294.6566,9.0511,8.2696,2699646.8204,2699646.8204
603667.SH,20260114,76.54,19.464,1.03,306.765,305.9281,9.3973,8.5859,2802916.0016,2802916.0016
603667.SH,20260113,82.65,19.7535,1.01,331.2532,330.3496,10.1475,9.2713,3026665.8941,3026665.8941
603667.SH,20260112,80.3,18.9517,0.89,321.8347,320.9567,9.8589,9.0077,2940608.2431,2940608.2431
603667.SH,20260109,78.11,17.2724,0.87,313.0574,312.2033,9.5901,8.762,2860409.8365,2860409.8365
603667.SH,20260108,75.94,16.0211,0.85,304.3602,303.5299,9.3236,8.5186,2780943.8354,2780943.8354
603667.SH,20260107,75.6,22.085,1.29,302.9975,302.1709,9.2819,8.4805,2768492.9412,2768492.9412
603667.SH,20260106,77.49,23.016,1.6,310.5725,309.7252,9.5139,8.6925,2837705.2647,2837705.2647
603667.SH,20260105,74.2,28.187,2.54,297.3865,296.5752,9.11,8.3234,2717224.5534,2717224.5534
603667.SH,20251231,69.98,10.0585,1.0,280.4731,279.708,8.5919,7.85,2562686.9845,2562686.9845
603667.SH,20251230,63.62,11.2347,1.25,254.9828,254.2872,7.811,7.1366,2329782.0227,2329782.0227
603667.SH,20251229,57.84,13.0762,1.61,231.8172,231.1847,7.1014,6.4882,2118116.8217,2118116.8217
603667.SH,20251226,52.58,9.5088,1.27,210.7356,210.1607,6.4556,5.8982,1925494.1647,1925494.1647
603667.SH,20251225,52.95,11.6959,1.73,212.2185,211.6396,6.501,5.9397,1939043.6672,1939043.6672
603667.SH,20251224,49.72,4.7759,0.62,199.273,198.7294,6.1044,5.5774,1820760.1724,1820760.1724
603667.SH,20251223,49.79,5.7932,0.77,199.5535,199.0091,6.113,5.5852,1823323.5918,1823323.5918
603667.SH,20251222,50.65,8.88,1.2,203.0003,202.4465,6.2186,5.6817,1854817.0301,1854817.0301
603667.SH,20251219,50.31,6.153,0.7,201.6376,201.0876,6.1769,5.6436,1842366.1359,1842366.1359
603667.SH,20251218,51.29,8.1874,0.86,205.5654,205.0046,6.2972,5.7535,1878254.0073,1878254.0073
603667.SH,20251217,51.09,9.4809,0.94,204.7638,204.2052,6.2726,5.7311,1870929.9519,1870929.9519
603667.SH,20251216,47.72,5.057,0.39,191.2572,190.7354,5.8589,5.353,1747519.6184,1747519.6184
603667.SH,20251215,49.11,7.9827,0.55,196.8282,196.2912,6.0295,5.5089,1798421.8035,1798421.8035
603667.SH,20251212,50.98,13.3326,0.91,204.3229,203.7655,6.2591,5.7187,1866901.7215,1866901.7215
603667.SH,20251211,54.62,11.9941,0.84,218.9117,218.3145,6.706,6.127,2000199.5297,2000199.5297
603667.SH,20251210,53.46,11.9124,0.9,214.2625,213.678,6.5636,5.9969,1957720.0084,1957720.0084
603667.SH,20251209,53.52,18.9716,1.83,214.503,213.9178,6.571,6.0036,1959917.225,1959917.225
603667.SH,20251208,53.97,16.7716,2.03,216.3066,215.7165,6.6262,6.0541,1976396.3497,1976396.3497
603667.SH,20251205,49.06,13.2778,1.95,196.6278,196.0914,6.0234,5.5033,1796590.7896,1796590.7896
603667.SH,20251204,45.9,10.5889,1.95,183.9628,183.4609,5.6354,5.1489,1680870.7143,1680870.7143
603667.SH,20251203,46.22,6.892,1.41,185.2453,184.74,5.6747,5.1848,1692589.2029,1692589.2029
603667.SH,20251202,44.78,4.2483,0.88,179.4739,178.9843,5.4979,5.0232,1639856.0041,1639856.0041
603667.SH,20251201,46.28,6.2433,1.42,185.4858,184.9798,5.6821,5.1915,1694786.4196,1694786.4196
603667.SH,20251128,44.91,6.1271,1.44,179.995,179.5039,5.5139,5.0378,1644616.6401,1644616.6401
603667.SH,20251127,43.29,3.696,0.87,173.5022,173.0288,5.315,4.8561,1585291.7913,1585291.7913
603667.SH,20251126,43.74,4.1154,1.02,175.3057,174.8275,5.3702,4.9066,1601770.916,1601770.916
603667.SH,20251125,43.36,4.0746,1.0,173.7827,173.3086,5.3236,4.8639,1587855.2107,1587855.2107
603667.SH,20251124,43.57,4.0412,1.03,174.6244,174.148,5.3494,4.8875,1595545.4689,1595545.4689
603667.SH,20251121,42.88,5.4116,1.41,171.8589,171.3901,5.2646,4.8101,1570277.4778,1570277.4778
603667.SH,20251120,41.9,3.5558,0.83,167.9312,167.473,5.1443,4.7002,1534389.6063,1534389.6063
603667.SH,20251119,44.01,3.1189,0.6,176.3878,175.9067,5.4034,4.9368,1611658.3908,1611658.3908
603667.SH,20251118,43.7,4.1751,0.63,175.1454,174.6676,5.3653,4.9021,1600306.1049,1600306.1049
603667.SH,20251117,43.13,3.3518,0.45,172.8609,172.3893,5.2953,4.8381,1579432.547,1579432.547
603667.SH,20251114,43.42,4.9799,0.53,174.0232,173.5484,5.3309,4.8707,1590052.4273,1590052.4273
603667.SH,20251113,45.55,5.9062,0.52,182.56,182.062,5.5925,5.1096,1668053.6174,1668053.6174
603667.SH,20251112,46.92,7.7438,0.7,188.0508,187.5378,5.7607,5.2633,1718223.3968,1718223.3968
603667.SH,20251111,48.37,11.1821,1.12,193.8623,193.3334,5.9387,5.4259,1771322.7985,1771322.7985
603667.SH,20251110,45.89,7.8309,0.77,183.9227,183.421,5.6342,5.1477,1680504.5115,1680504.5115
603667.SH,20251107,47.1,14.1834,1.46,188.7723,188.2573,5.7828,5.2835,1724815.0467,1724815.0467
603667.SH,20251106,47.84,15.8629,1.96,191.7381,191.215,5.8736,5.3665,1751914.0517,1751914.0517
603667.SH,20251105,44.29,6.0959,0.8,177.5101,177.0258,5.4378,4.9683,1621912.0683,1621912.0683
603667.SH,20251104,43.58,5.8033,0.76,174.6644,174.188,5.3506,4.8886,1595911.6717,1595911.6717
603667.SH,20251103,45.96,8.7287,1.17,184.2033,183.7007,5.6428,5.1556,1683067.9309,1683067.9309
603667.SH,20251031,45.9,12.2167,2.04,183.9628,183.4609,5.6354,5.1489,1680870.7143,1680870.7143
603667.SH,20251030,44.05,7.636,1.41,176.5482,176.0665,5.4083,4.9413,1613123.2019,1613123.2019
603667.SH,20251029,43.29,3.7083,0.66,173.5022,173.0288,5.315,4.8561,1585291.7913,1585291.7913
603667.SH,20251028,43.53,5.6972,1.05,174.4641,173.9881,5.3445,4.883,1594080.6578,1594080.6578
603667.SH,20251027,43.69,7.9828,1.63,175.1053,174.6569,5.4024,4.901,1599939.9021,1599939.9021
603667.SH,20251024,41.78,4.9167,1.0,167.4502,167.0214,5.1662,4.6867,1529995.1731,1529995.1731
603667.SH,20251023,40.6,4.82,0.81,162.7209,162.3042,5.0203,4.5543,1486783.2462,1486783.2462
603667.SH,20251022,42.19,4.8806,0.61,169.0935,168.6604,5.2169,4.7327,1545009.4866,1545009.4866
603667.SH,20251021,42.08,4.6563,0.58,168.6526,168.2207,5.2033,4.7203,1540981.2562,1540981.2562
603667.SH,20251020,42.14,5.1792,0.61,168.8931,168.4605,5.2107,4.7271,1543178.4728,1543178.4728
603667.SH,20251017,41.43,5.0349,0.59,166.0475,165.6222,5.1229,4.6474,1517178.0761,1517178.0761
603667.SH,20251016,42.8,10.0459,1.32,171.5383,171.099,5.2923,4.8011,1567347.8556,1567347.8556
603667.SH,20251015,45.55,15.3428,2.72,182.56,182.0925,5.6323,5.1096,1668053.6174,1668053.6174
603667.SH,20251014,41.41,4.8139,0.81,165.9673,165.5422,5.1204,4.6452,1516445.6706,1516445.6706
603667.SH,20251013,43.63,7.3239,1.25,174.8648,174.417,5.3949,4.8942,1597742.6855,1597742.6855
603667.SH,20251010,44.12,5.4811,0.92,176.8287,176.3758,5.4555,4.9492,1615686.6212,1615686.6212
603667.SH,20251009,46.1,5.208,0.76,184.7644,184.2912,5.7004,5.1713,1688194.7697,1688194.7697
603667.SH,20250930,46.15,5.3625,0.68,184.9648,184.491,5.7065,5.1769,1690025.7836,1690025.7836
603667.SH,20250929,46.55,6.38,0.69,186.5679,186.0901,5.756,5.2218,1704673.8944,1704673.8944
603667.SH,20250926,45.21,6.894,0.67,181.1973,180.7333,5.5903,5.0715,1655602.7232,1655602.7232
603667.SH,20250925,46.47,6.1049,0.45,186.2473,185.7703,5.7461,5.2128,1701744.2722,1701744.2722
603667.SH,20250924,47.07,9.6313,0.66,188.652,188.1689,5.8203,5.2801,1723716.4384,1723716.4384
603667.SH,20250923,47.35,10.4158,0.67,189.7742,189.2882,5.8549,5.3115,1733970.116,1733970.116
603667.SH,20250922,49.25,13.2969,0.85,197.3893,196.8837,6.0899,5.5246,1803548.6423,1803548.6423
603667.SH,20250919,46.62,12.3536,0.77,186.8485,186.3699,5.7647,5.2296,1707237.3137,1707237.3137
603667.SH,20250918,51.8,22.5513,1.76,207.6094,207.0777,6.4052,5.8107,1896930.3486,1896930.3486
603667.SH,20250917,47.73,14.5642,1.31,191.2972,190.8073,5.9019,5.3541,1747885.8212,1747885.8212
603667.SH,20250916,46.66,14.8949,1.55,187.0088,186.5298,5.7696,5.2341,1708702.1248,1708702.1248
603667.SH,20250915,45.2,13.8458,1.6,181.1573,180.6933,5.5891,5.0703,1655236.5204,1655236.5204
603667.SH,20250912,43.6,13.9561,1.93,174.7446,174.2971,5.3912,4.8909,1596644.0772,1596644.0772
603667.SH,20250911,41.6,6.9292,0.9,166.7288,166.3018,5.1439,4.6665,1523403.5232,1523403.5232
603667.SH,20250910,40.58,5.9294,0.66,162.6407,162.2242,5.0178,4.5521,1486050.8407,1486050.8407
603667.SH,20250909,41.03,7.3685,0.65,164.4443,164.0231,5.0734,4.6026,1502529.9653,1502529.9653
603667.SH,20250908,40.75,9.1376,0.88,163.3221,162.9038,5.0388,4.5712,1492276.2878,1492276.2878
603667.SH,20250905,38.88,6.8344,0.68,155.8273,155.4282,4.8076,4.3614,1423796.3698,1423796.3698
603667.SH,20250904,37.3,9.0332,0.96,149.4948,149.1119,4.6122,4.1841,1365936.3321,1365936.3321
603667.SH,20250903,39.99,12.4296,1.54,160.2761,159.8656,4.9448,4.4859,1464444.8772,1464444.8772
603667.SH,20250902,42.03,19.3921,3.82,168.4522,168.0208,5.1971,4.7147,1539150.2423,1539150.2423
603667.SH,20250901,39.13,3.9425,0.71,156.8293,156.4276,4.8385,4.3894,1432951.439,1432951.439
603667.SH,20250829,39.47,5.4506,1.01,158.192,157.7868,4.8805,4.4276,1445402.3332,1445402.3332
603667.SH,20250828,38.98,6.0519,1.09,156.2281,155.828,4.82,4.3726,1427458.3975,1427458.3975
603667.SH,20250827,39.03,5.4442,0.91,156.4285,156.3944,4.9117,4.3782,1429289.4113,1429289.4113
603667.SH,20250826,39.88,4.5137,0.62,159.8352,159.8004,5.0187,4.4736,1460416.6468,1460416.6468
603667.SH,20250825,40.43,6.4509,0.8,162.0395,162.0043,5.0879,4.5353,1480557.7991,1480557.7991
603667.SH,20250822,40.41,4.4971,0.48,161.9594,161.9241,5.0854,4.533,1479825.3936,1479825.3936
603667.SH,20250821,39.98,6.9606,0.67,160.236,160.2011,5.0313,4.4848,1464078.6745,1464078.6745
603667.SH,20250820,41.9,7.3637,0.73,167.9312,167.8946,5.2729,4.7002,1534389.6063,1534389.6063
603667.SH,20250819,42.33,11.0958,1.25,169.6546,169.6176,5.327,4.7484,1550136.3254,1550136.3254
603667.SH,20250818,41.32,10.6146,1.35,165.6066,165.5705,5.1999,4.6351,1513149.8456,1513149.8456
603667.SH,20250815,40.74,10.6991,1.51,163.282,163.2464,5.1269,4.57,1491910.085,1491910.085
603667.SH,20250814,39.89,12.5409,1.95,159.8753,159.8405,5.02,4.4747,1460782.8495,1460782.8495
603667.SH,20250813,38.62,5.5686,0.65,154.7852,154.7515,4.8601,4.3322,1414275.0977,1414275.0977
603667.SH,20250812,38.22,4.8112,0.46,153.1821,153.1487,4.8098,4.2874,1399626.9869,1399626.9869
603667.SH,20250811,38.45,5.6401,0.49,154.1039,154.0703,4.8387,4.3132,1408049.6507,1408049.6507
603667.SH,20250808,38.4,6.7633,0.63,153.9035,153.87,4.8324,4.3075,1406218.6368,1406218.6368
603667.SH,20250807,39.16,9.4509,0.98,156.9495,156.9153,4.9281,4.3928,1434050.0473,1434050.0473
603667.SH,20250806,40.22,15.9393,2.26,161.1979,161.1628,5.0615,4.5117,1472867.5409,1472867.5409
603667.SH,20250805,38.07,15.015,3.27,152.5809,152.5477,4.7909,4.2705,1394133.9454,1394133.9454
603667.SH,20250804,37.29,10.4852,3.46,149.4547,149.4222,4.6928,4.183,1365570.1293,1365570.1293
603667.SH,20250801,33.9,2.699,0.86,135.8679,135.8384,4.2661,3.8028,1241427.3903,1241427.3903
603667.SH,20250731,34.29,3.8495,1.29,137.431,137.4011,4.3152,3.8465,1255709.2983,1255709.2983
603667.SH,20250730,34.28,3.2068,1.07,137.3909,137.361,4.314,3.8454,1255343.0956,1255343.0956
603667.SH,20250729,35.22,2.6878,0.76,141.1584,141.1276,4.4323,3.9508,1289766.1559,1289766.1559
603667.SH,20250728,35.43,2.7154,0.64,142.0,141.9691,4.4587,3.9744,1297456.4141,1297456.4141
603667.SH,20250725,35.43,3.2911,0.72,142.0,141.9691,4.4587,3.9744,1297456.4141,1297456.4141
603667.SH,20250724,35.63,3.0181,0.54,142.8016,142.7705,4.4839,3.9968,1304780.4695,1304780.4695
603667.SH,20250723,35.39,3.3192,0.5,141.8397,141.8088,4.4537,3.9699,1295991.603,1295991.603
603667.SH,20250722,35.65,5.3686,0.79,142.8818,142.8507,4.4864,3.9991,1305512.8751,1305512.8751
603667.SH,20250721,36.77,6.2604,0.83,147.3706,147.3385,4.6273,4.1247,1346527.5853,1346527.5853
603667.SH,20250718,35.96,4.8251,0.64,144.1242,144.0928,4.5254,4.0338,1316865.1609,1316865.1609
603667.SH,20250717,36.31,8.3503,1.33,145.527,145.4953,4.5694,4.0731,1329682.2579,1329682.2579
603667.SH,20250716,35.7,8.5845,1.58,143.0822,143.051,4.4927,4.0047,1307343.8889,1307343.8889
603667.SH,20250715,34.58,6.0174,1.29,138.5933,138.5631,4.3517,3.879,1266329.1787,1266329.1787
603667.SH,20250714,34.93,9.9838,3.34,139.9961,139.9656,4.3958,3.9183,1279146.2756,1279146.2756
603667.SH,20250711,33.0,4.6731,1.91,132.2608,132.232,4.1529,3.7018,1208469.141,1208469.141
603667.SH,20250710,31.94,2.1081,0.88,128.0124,127.9846,4.0195,3.5829,1169651.6474,1169651.6474
603667.SH,20250709,32.22,4.3734,2.16,129.1347,129.1065,4.0547,3.6143,1179905.3249,1179905.3249
603667.SH,20250708,32.2,2.2626,1.1,129.0545,129.0264,4.0522,3.6121,1179172.9194,1179172.9194
603667.SH,20250707,31.97,1.5275,0.67,128.1327,128.1048,4.0233,3.5863,1170750.2557,1170750.2557
603667.SH,20250704,32.13,1.9861,0.82,128.7739,128.7459,4.0434,3.6042,1176609.5,1176609.5
603667.SH,20250703,32.55,1.8827,0.67,130.4573,130.4289,4.0963,3.6513,1191990.0164,1191990.0164
603667.SH,20250702,32.71,2.4461,0.75,131.1478,131.1193,4.1166,3.6706,1198299.7755,1197849.2607
603667.SH,20250701,33.38,2.468,0.63,133.8341,133.805,4.2009,3.7458,1222844.589,1222384.8463
603667.SH,20250630,33.51,2.5822,0.65,134.3554,134.3261,4.2172,3.7604,1227607.0155,1227145.4823
603667.SH,20250627,33.18,2.6728,0.63,133.0323,133.0033,4.1757,3.7234,1215517.779,1215060.7909
603667.SH,20250626,33.31,3.9032,0.89,133.5535,133.5244,4.1921,3.738,1220280.2055,1219821.4269
603667.SH,20250625,33.75,4.7438,1.1,135.3176,135.2882,4.2474,3.7874,1236399.1875,1235934.3488
603667.SH,20250624,33.16,5.7221,1.27,132.9521,132.9231,4.1732,3.7211,1214785.098,1214328.3853
603667.SH,20250623,31.81,2.8016,0.63,127.5394,127.5116,4.0033,3.5696,1165329.1305,1164891.0114
603667.SH,20250620,31.91,3.9458,0.91,127.9403,127.9125,4.0159,3.5809,1168992.5355,1168553.0391
603667.SH,20250619,32.95,4.8067,1.22,132.1101,132.0813,4.1468,3.6976,1207091.9475,1206638.1272
603667.SH,20250618,33.47,4.259,1.2,134.195,134.1658,4.2122,3.7559,1226141.6535,1225680.6712
603667.SH,20250617,32.92,6.7099,2.19,131.9898,131.9611,4.143,3.6942,1205992.926,1205539.5188
603667.SH,20250616,34.99,2.6839,0.85,140.2893,140.2588,4.4035,3.9265,1281825.4095,1281343.4922
603667.SH,20250613,35.4,3.1996,1.01,141.9332,141.9023,4.4551,3.9725,1296845.37,1296357.8058
603667.SH,20250612,36.01,2.7873,0.79,144.3789,144.3475,4.4644,4.041,1319192.1405,1318696.1748
603667.SH,20250611,35.96,2.4039,0.64,144.1784,144.147,4.4582,4.0354,1317360.438,1316865.1609
603667.SH,20250610,35.89,4.2718,1.1,143.8978,143.8664,4.4496,4.0275,1314796.0545,1314301.7415
603667.SH,20250609,36.23,3.1432,0.69,145.261,145.2293,4.4917,4.0657,1327251.6315,1326752.6357
603667.SH,20250606,35.99,3.1748,0.62,144.2987,144.2673,4.462,4.0387,1318459.4595,1317963.7692
603667.SH,20250605,36.81,4.6392,0.82,147.5864,147.5543,4.5636,4.1307,1348499.3805,1347992.3964
603667.SH,20250604,36.26,3.5222,0.58,145.3812,145.3496,4.4954,4.069,1328350.653,1327851.244
603667.SH,20250603,36.24,4.9043,0.82,145.3011,145.2694,4.493,4.0668,1327617.972,1327118.8385
603667.SH,20250530,37.07,6.6703,1.09,148.6289,148.5965,4.5959,4.1599,1358024.2335,1357513.6684
603667.SH,20250529,39.87,6.0378,0.99,159.8552,159.8204,4.943,4.4741,1460599.5735,1460050.444
603667.SH,20250528,40.73,7.269,1.12,163.3033,163.2678,5.0496,4.5706,1492104.8565,1491543.8822
603667.SH,20250527,39.82,5.2391,0.64,159.6548,159.62,4.9368,4.4685,1458767.871,1458219.4301
603667.SH,20250526,40.0,4.628,0.48,160.3764,160.3415,4.9591,4.4887,1465362.0,1464811.08
603667.SH,20250523,40.01,7.3708,0.74,160.4165,160.3816,4.9604,4.4898,1465728.3405,1465177.2828
603667.SH,20250522,39.51,5.8648,0.61,158.4118,158.3773,4.8984,4.4337,1447411.3155,1446867.1443
603667.SH,20250521,41.0,9.4296,1.04,164.3859,164.3501,5.0831,4.6009,1501996.05,1501431.357
603667.SH,20250520,41.06,13.6232,1.75,164.6264,164.5906,5.0905,4.6077,1504194.093,1503628.5736
603667.SH,20250519,40.61,11.4599,1.47,162.8222,162.7867,5.0347,4.5572,1487708.7705,1487149.449
603667.SH,20250516,38.87,9.6888,1.37,155.8458,155.8119,4.819,4.3619,1423965.5235,1423430.167
603667.SH,20250515,37.1,4.1751,0.53,148.7492,148.7168,4.5996,4.1633,1359123.255,1358612.2767
603667.SH,20250514,38.11,6.5574,0.83,152.7987,152.7654,4.7248,4.2766,1396123.6455,1395598.7565
603667.SH,20250513,38.99,7.1244,0.88,156.3269,156.2929,4.8339,4.3754,1428361.6095,1427824.6002
603667.SH,20250512,39.59,11.3244,1.54,158.7326,158.698,4.9083,4.4427,1450342.0395,1449796.7664
603667.SH,20250509,36.96,6.2769,0.87,148.1878,148.1556,4.5822,4.1476,1353994.488,1353485.4379
603667.SH,20250508,38.25,8.0664,1.26,153.36,153.3266,4.7422,4.2923,1401252.4125,1400725.5953
603667.SH,20250507,37.5,6.8897,1.12,150.3529,150.3202,4.6492,4.2082,1373776.875,1373260.3875
603667.SH,20250506,38.0,7.7255,1.21,152.3576,152.3245,4.7112,4.2643,1392093.9,1391570.526
603667.SH,20250430,37.39,7.8516,1.09,149.9119,149.8792,4.6355,4.1958,1369747.1295,1369232.157
603667.SH,20250429,35.49,5.4292,0.75,142.294,142.294,4.4636,3.9826,1300142.4345,1299653.6307
603667.SH,20250428,34.6,4.019,0.49,91.732,111.5343,4.3174,4.0808,1267538.13,1267061.5842
603667.SH,20250425,35.66,5.8647,0.77,94.5423,114.9512,4.4496,4.2058,1306370.223,1305879.0778
603667.SH,20250424,35.73,8.6453,1.26,94.7279,115.1768,4.4584,4.2141,1308934.6065,1308442.4972
603667.SH,20250423,36.43,12.1405,2.25,96.5838,117.4333,4.5457,4.2967,1334578.4415,1334076.6911
603667.SH,20250422,33.84,5.5745,1.03,89.7171,109.0844,4.2225,3.9912,1239696.252,1239230.1737
603667.SH,20250421,34.99,8.4044,1.72,92.766,112.7914,4.366,4.1268,1281825.4095,1281343.4922
603667.SH,20250418,32.8,3.1167,0.54,86.9599,105.7319,4.0928,3.8685,1201596.84,1201145.0856
603667.SH,20250417,33.03,5.0052,0.76,87.5696,106.4733,4.1215,3.8957,1210022.6715,1209567.7493
603667.SH,20250416,33.1,4.8693,0.62,87.7552,106.699,4.1302,3.9039,1212587.055,1212131.1687
603667.SH,20250415,33.88,5.7056,0.77,89.8232,109.2133,4.2275,3.9959,1241161.614,1240694.9848
603667.SH,20250414,33.61,5.67,0.87,89.1073,108.343,4.1938,3.9641,1231270.4205,1230807.51
603667.SH,20250411,33.25,7.3992,1.32,88.1529,107.1825,4.1489,3.9216,1218082.1625,1217624.2103
603667.SH,20250410,32.24,9.1896,1.99,85.4752,103.9267,4.0229,3.8025,1181081.772,1180637.7305
603667.SH,20250409,31.33,11.0218,3.65,83.0626,100.9933,3.9093,3.6952,1147744.7865,1147313.2784
603667.SH,20250408,30.81,3.9211,1.17,81.6839,99.3171,3.8444,3.6338,1128695.0805,1128270.7344
603667.SH,20250407,34.23,0.9089,0.21,90.7511,110.3415,4.2712,4.0372,1253983.5315,1253512.0817
603667.SH,20250403,38.03,3.0529,0.66,100.8257,122.591,4.7454,4.4854,1393192.9215,1392669.1343
603667.SH,20250402,38.85,4.1325,0.86,102.9997,125.2343,4.8477,4.5821,1423232.8425,1422697.7615
603667.SH,20250401,38.38,3.0801,0.57,101.7536,123.7192,4.789,4.5267,1406014.839,1405486.2313
603667.SH,20250331,38.72,5.6196,1.01,102.655,124.8152,4.8315,4.5668,1418470.416,1417937.1254
603667.SH,20250328,38.98,5.4784,0.88,103.3444,125.6533,4.8639,4.5974,1427995.269,1427458.3975
603667.SH,20250327,40.47,4.7001,0.66,107.2947,130.4564,5.0498,4.7732,1482580.0035,1482022.6102
603667.SH,20250326,41.58,5.2502,0.65,110.2375,134.0345,5.1883,4.9041,1523243.799,1522671.1177
603667.SH,20250325,41.89,6.0859,0.72,111.0594,135.0338,5.227,4.9406,1534600.3545,1534023.4035
603667.SH,20250324,42.14,6.2478,0.63,111.7222,135.8397,5.2582,4.9701,1543758.867,1543178.4728
603667.SH,20250321,43.04,8.676,0.75,114.1083,138.7409,5.3705,5.0763,1576729.512,1576136.7221
603667.SH,20250320,44.48,9.4398,0.82,117.926,143.3828,5.5502,5.2461,1629482.544,1628869.921
603667.SH,20250319,44.36,9.6547,0.82,117.6079,142.9959,5.5352,5.232,1625086.458,1624475.4877
603667.SH,20250318,45.31,8.054,0.66,120.1266,146.0583,5.6537,5.344,1659888.8055,1659264.7509
603667.SH,20250317,45.9,13.7462,1.18,121.6908,147.9602,5.7274,5.4136,1681502.895,1680870.7143
603667.SH,20250314,46.04,16.5663,1.41,122.0619,148.4115,5.7448,5.4301,1686631.662,1685997.5531
603667.SH,20250313,41.85,9.6737,0.77,110.9534,134.9049,5.222,4.9359,1533134.9925,1532558.5925
603667.SH,20250312,45.05,11.0975,0.88,119.4372,145.2202,5.6213,5.3133,1650363.9525,1649743.4789
603667.SH,20250311,44.66,9.9684,0.79,118.4033,143.963,5.5726,5.2673,1636076.673,1635461.5708
603667.SH,20250310,46.25,10.7801,0.84,122.6187,149.0884,5.771,5.4549,1694324.8125,1693687.8113
603667.SH,20250307,47.12,17.1697,1.36,124.9253,151.8929,5.8796,5.5575,1726196.436,1725547.4522
603667.SH,20250306,45.0,13.4174,0.93,119.3047,145.059,5.6151,5.3074,1648532.25,1647912.465
603667.SH,20250305,44.96,11.5173,0.74,119.1986,144.9301,5.6101,5.3027,1647066.888,1646447.6539
603667.SH,20250304,44.94,10.2626,0.56,119.1456,144.8656,5.6076,5.3004,1646334.207,1645715.2484
603667.SH,20250303,43.29,11.9373,0.6,114.7711,139.5468,5.4017,5.1058,1585888.0245,1585291.7913
603667.SH,20250228,46.58,16.1187,0.83,123.4936,150.1522,5.8122,5.4938,1706414.049,1705772.5027
603667.SH,20250227,49.1,22.6108,1.24,130.1747,158.2755,6.1267,5.791,1798731.855,1798055.6007
603667.SH,20250226,53.2,16.8106,0.95,141.0446,171.492,6.6383,6.2746,1948931.46,1948198.7364
603667.SH,20250225,48.36,23.3881,1.58,128.2128,155.8901,6.0343,5.7037,1771622.658,1770956.5957
603667.SH,20250224,45.13,21.0744,1.59,119.6493,145.4781,5.6313,5.3228,1653294.6765,1652673.101
603667.SH,20250221,43.05,12.8715,0.91,114.1348,138.7731,5.3717,5.0774,1577095.8525,1576502.9249
603667.SH,20250220,43.76,16.9732,1.23,116.0172,141.0618,5.4603,5.1612,1603106.028,1602503.3215
603667.SH,20250219,43.35,13.9239,0.96,114.9302,139.7402,5.4092,5.1128,1588086.0675,1587489.008
603667.SH,20250218,40.81,9.3619,0.59,108.1961,131.5524,5.0922,4.8133,1495035.5805,1494473.5044
603667.SH,20250217,41.92,12.9342,0.74,111.1389,135.1305,5.2307,4.9442,1535699.376,1535122.0118
603667.SH,20250214,39.8,17.6641,0.9,105.5184,128.2966,4.9662,4.6941,1458035.19,1457487.0246
603667.SH,20250213,42.9,15.3203,0.73,113.7371,138.2896,5.353,5.0598,1571600.745,1571009.8833
603667.SH,20250212,44.89,17.0235,0.75,119.013,144.7044,5.6013,5.2945,1644502.5045,1643884.2345
603667.SH,20250211,43.0,15.8166,0.68,114.0023,138.6119,5.3655,5.0716,1575264.15,1574671.911
603667.SH,20250210,44.12,21.0332,0.87,116.9716,142.2223,5.5053,5.2036,1616294.286,1615686.6212
603667.SH,20250207,46.5,28.9004,1.23,123.2815,149.8943,5.8022,5.4844,1703483.325,1702842.8805
603667.SH,20250206,44.15,22.7047,0.99,117.0511,142.319,5.509,5.2072,1617393.3075,1616785.2296
603667.SH,20250205,42.06,24.4544,1.02,111.5101,135.5818,5.2482,4.9607,1540828.143,1540248.8506
603667.SH,20250127,43.46,19.1465,0.75,115.2218,140.0948,5.4229,5.1258,1592115.813,1591517.2384
603667.SH,20250124,48.29,25.8256,0.99,128.0272,155.6644,6.0256,5.6955,1769058.2745,1768393.1763
603667.SH,20250123,43.9,25.0329,0.88,116.3883,141.5131,5.4778,5.1777,1608234.795,1607630.1603
603667.SH,20250122,43.86,20.0138,0.79,116.2823,141.3842,5.4728,5.173,1606769.433,1606165.3492
603667.SH,20250121,45.9,30.2653,1.32,121.6908,147.9602,5.7274,5.4136,1681502.895,1680870.7143
603667.SH,20250120,43.1,27.0939,1.12,114.2674,138.9343,5.378,5.0833,1578927.555,1578333.9387
603667.SH,20250117,42.01,28.4746,1.41,111.3775,135.4206,5.242,4.9548,1538996.4405,1538417.8368
603667.SH,20250116,40.3,36.888,2.32,106.844,129.9084,5.0286,4.7531,1476352.215,1475797.1631
603667.SH,20250115,37.99,3.8779,0.21,100.7197,122.462,4.7404,4.4807,1391727.5595,1391204.3232
603667.SH,20250114,34.54,18.0439,1.11,91.573,111.3408,4.3099,4.0738,1265340.087,1264864.3676
603667.SH,20250113,31.4,33.3065,3.07,83.2482,101.2189,3.9181,3.7034,1150309.17,1149876.6978
603667.SH,20250110,31.1,9.077,0.82,82.4528,100.2519,3.8806,3.668,1139318.955,1138890.6147
603667.SH,20250109,28.27,15.2177,1.49,74.9499,91.1293,3.5275,3.3342,1035644.5935,1035255.2308
000551.SZ,20260702,19.76,9.3945,0.73,32.4728,28.1971,3.1455,2.2692,957832.408,957465.2672
000551.SZ,20260701,21.0,12.0296,0.98,34.5105,29.9665,3.3429,2.4116,1017939.3,1017549.12
000551.SZ,20260630,20.63,15.5922,1.58,33.9025,29.4386,3.284,2.3691,1000004.179,999620.8736
000551.SZ,20260629,20.08,12.8856,1.56,32.9986,28.6537,3.1965,2.3059,973343.864,972970.7776
000551.SZ,20260626,18.25,13.8192,2.15,29.9913,26.0424,2.9052,2.0958,884637.725,884298.64
000551.SZ,20260625,17.18,10.0737,1.93,28.2329,24.5155,2.7348,1.9729,832771.294,832452.0896
000551.SZ,20260624,16.81,8.9689,2.11,27.6248,23.9875,2.6759,1.9304,814836.173,814523.8432
000551.SZ,20260623,16.84,3.6214,0.8,27.6741,24.0303,2.6807,1.9339,816290.372,815977.4848
000551.SZ,20260622,15.31,4.9184,1.13,25.1598,21.847,2.4372,1.7582,742126.223,741841.7632
000551.SZ,20260618,15.63,4.5686,1.15,25.6857,22.3037,2.4881,1.7949,757637.679,757347.2736
000551.SZ,20260617,15.21,4.0318,1.07,24.9955,21.7043,2.4212,1.7467,737278.893,736996.2912
000551.SZ,20260616,15.39,4.1098,1.18,25.2913,21.9612,2.4499,1.7673,746004.087,745718.1408
000551.SZ,20260615,15.72,4.9044,1.64,25.8336,22.4321,2.5024,1.8052,762000.276,761708.1984
000551.SZ,20260612,14.89,4.1226,1.53,24.4696,21.2477,2.3703,1.7099,721767.437,721490.7808
000551.SZ,20260611,14.99,2.6317,1.01,24.6339,21.3904,2.3862,1.7214,726614.836,726336.2558
000551.SZ,20260610,15.09,3.1142,1.24,24.7983,21.5331,2.4021,1.7329,731462.1664,731181.7278
000551.SZ,20260609,15.03,2.6867,1.09,24.6997,21.4475,2.3926,1.726,728553.7681,728274.4446
000551.SZ,20260608,14.45,2.4157,0.97,23.7465,20.6198,2.3003,1.6594,700439.2515,700170.7069
000551.SZ,20260605,15.12,2.634,1.02,24.8476,21.5759,2.4069,1.7363,732916.3656,732635.3694
000551.SZ,20260604,15.11,2.1367,0.79,24.8311,21.5616,2.4053,1.7352,732431.6325,732150.8222
000551.SZ,20260603,15.32,2.6785,0.94,25.1762,21.8613,2.4387,1.7593,742611.0265,742326.3135
000551.SZ,20260602,15.45,2.4743,0.77,25.3899,22.0468,2.4594,1.7742,748912.5561,748625.4271
000551.SZ,20260601,15.64,2.5027,0.67,25.7021,22.3179,2.4897,1.7961,758122.4839,757831.8239
000551.SZ,20260529,15.82,3.0986,0.71,25.9979,22.5748,2.5183,1.8167,766847.6788,766553.6736
000551.SZ,20260528,16.32,2.7466,0.49,26.8196,23.2883,2.5979,1.8741,791084.3311,790781.0337
000551.SZ,20260527,16.17,3.4527,0.59,26.5731,23.0742,2.5741,1.8569,783813.3354,783512.8256
000551.SZ,20260526,16.45,4.2181,0.71,27.0332,23.4738,2.6186,1.8891,797385.8607,797080.1473
000551.SZ,20260525,17.11,5.2689,0.85,28.1179,24.4156,2.7237,1.9649,829378.2417,829060.2626
000551.SZ,20260522,17.34,6.2055,0.99,28.4958,24.7438,2.7603,1.9913,840527.1018,840204.8483
000551.SZ,20260521,17.34,8.8455,1.45,28.4958,24.7438,2.7603,1.9913,840527.1018,840204.8483
000551.SZ,20260520,17.74,4.502,0.74,29.1532,25.3146,2.824,2.0372,859916.4236,859586.7363
000551.SZ,20260519,17.59,4.8797,0.81,28.9067,25.1006,2.8001,2.02,852645.4279,852318.5283
000551.SZ,20260518,17.48,6.5035,1.12,28.7259,24.9436,2.7826,2.0074,847313.3644,846988.5091
000551.SZ,20260515,17.09,6.4809,1.13,28.085,24.3871,2.7205,1.9626,828408.7756,828091.1682
000551.SZ,20260514,16.41,8.1081,1.52,26.9675,23.4167,2.6123,1.8845,795446.9285,795141.9585
000551.SZ,20260513,17.5,4.5983,0.74,28.7588,24.9721,2.7858,2.0096,848282.8305,847957.6035
000551.SZ,20260512,17.08,4.4883,0.57,28.0686,24.3728,2.7189,1.9614,827924.0426,827606.621
000551.SZ,20260511,17.12,5.3639,0.7,28.1343,24.4299,2.7253,1.966,829862.9748,829544.8098
000551.SZ,20260508,16.99,6.2359,0.91,27.9207,24.2444,2.7046,1.9511,823561.4452,823245.6962
000551.SZ,20260507,16.62,6.0035,0.96,27.3126,23.7164,2.6457,1.9086,805626.3225,805317.4497
000551.SZ,20260506,16.42,9.1856,1.76,26.9839,23.431,2.6139,1.8856,795931.6615,795626.5057
000551.SZ,20260430,16.28,12.3374,3.09,26.7539,23.2312,2.5916,1.8695,789145.3989,788842.8449
000551.SZ,20260429,15.76,4.4257,1.13,25.8993,22.4892,2.5088,1.8098,763939.2805,763646.3904
000551.SZ,20260428,14.33,2.3256,0.61,23.5493,23.5493,2.3912,1.6456,694622.4549,694356.1405
000551.SZ,20260427,14.53,2.8508,0.77,23.878,23.878,2.4246,1.6686,704317.1158,704047.0845
000551.SZ,20260424,14.64,4.223,1.31,24.0588,24.0588,2.4429,1.6812,709649.1793,709377.1037
000551.SZ,20260423,14.98,6.127,2.6,24.6175,24.6175,2.4997,1.7203,726130.1029,725851.7086
000551.SZ,20260422,14.76,4.0047,1.98,24.256,24.256,2.463,1.695,715465.9759,715191.6702
000551.SZ,20260421,14.46,1.7077,0.76,23.763,23.763,2.4129,1.6605,700923.9845,700655.2541
000551.SZ,20260420,14.45,2.389,0.98,23.7465,23.7465,2.4112,1.6594,700439.2515,700170.7069
000551.SZ,20260417,14.24,1.9361,0.7,23.4014,23.4014,2.3762,1.6353,690259.8575,689995.2156
000551.SZ,20260416,14.26,1.7338,0.49,23.4343,23.4343,2.3795,1.6376,691229.3236,690964.3101
000551.SZ,20260415,14.18,2.3497,0.67,23.3028,23.3028,2.3662,1.6284,687351.4592,687087.9324
000551.SZ,20260414,14.31,2.8057,0.89,23.5165,23.5165,2.3879,1.6433,693652.9888,693387.0461
000551.SZ,20260413,14.2,3.3895,1.24,23.3357,23.3357,2.3695,1.6307,688320.9253,688057.0268
000551.SZ,20260410,14.03,3.5495,1.55,23.0563,23.0563,2.3412,1.6112,680080.4635,679819.7244
000551.SZ,20260409,13.94,5.4423,3.54,22.9084,22.9084,2.3261,1.6008,675717.8661,675458.7996
000551.SZ,20260408,13.94,2.3465,1.66,22.9084,22.9084,2.3261,1.6008,675717.8661,675458.7996
000551.SZ,20260407,12.67,1.017,0.66,24.5046,23.8507,2.1827,1.465,614156.7693,613921.3049
000551.SZ,20260403,12.72,1.3235,0.85,24.6013,23.9448,2.1913,1.4708,616580.4345,616344.0409
000551.SZ,20260402,13.07,1.3299,0.86,25.2782,24.6037,2.2516,1.5113,633546.0911,633303.193
000551.SZ,20260401,13.45,1.6739,0.96,26.0131,25.319,2.317,1.5552,651965.9469,651715.9867
000551.SZ,20260331,13.24,1.7102,0.96,25.607,24.9237,2.2809,1.531,641786.5529,641540.4954
000551.SZ,20260330,13.34,1.6296,0.82,25.8004,25.112,2.2981,1.5425,646633.8834,646385.9675
000551.SZ,20260327,13.25,1.4095,0.7,25.6263,24.9425,2.2826,1.5321,642271.286,642025.0427
000551.SZ,20260326,13.18,1.3487,0.64,25.4909,24.8108,2.2705,1.524,638878.1546,638633.2122
000551.SZ,20260325,13.4,2.5853,1.37,25.9164,25.2249,2.3084,1.5495,649542.2816,649293.2507
000551.SZ,20260324,13.14,1.9385,0.99,25.4136,24.7355,2.2636,1.5194,636939.2224,636695.0234
000551.SZ,20260323,12.59,2.6101,1.39,24.3498,23.7001,2.1689,1.4558,610278.9049,610044.9273
000551.SZ,20260320,13.33,1.6194,0.85,25.781,25.0931,2.2964,1.5414,646149.1503,645901.4203
000551.SZ,20260319,13.56,1.7621,0.91,26.2259,25.5261,2.336,1.568,657298.0104,654961.2563
000551.SZ,20260318,13.94,1.5504,0.78,26.9608,26.2414,2.4015,1.6119,675717.8661,673315.6277
000551.SZ,20260317,13.86,2.2959,1.22,26.8061,26.0908,2.3877,1.6026,671840.0018,669451.5495
000551.SZ,20260316,14.0,2.1653,1.14,27.0769,26.3544,2.4118,1.6188,678626.2644,676175.297
000551.SZ,20260313,14.15,1.8276,0.93,27.367,26.6367,2.4376,1.6362,685897.2601,683420.0323
000551.SZ,20260312,14.28,1.8398,0.82,27.6184,26.8815,2.46,1.6512,692198.7897,689698.8029
000551.SZ,20260311,14.57,1.7649,0.74,28.1793,27.4274,2.51,1.6847,706256.048,703705.2912
000551.SZ,20260310,14.72,1.8486,0.64,28.4694,27.7097,2.5358,1.7021,713527.0437,710950.0266
000551.SZ,20260309,14.38,2.2199,0.7,27.8118,27.0697,2.4773,1.6628,697046.1201,694528.6265
000551.SZ,20260306,14.57,2.2046,0.68,28.1793,27.4274,2.51,1.6847,706256.048,703705.2912
000551.SZ,20260305,14.37,3.2097,0.98,27.7925,27.0509,2.4755,1.6616,696561.3871,694045.6441
000551.SZ,20260304,13.88,2.5007,0.73,26.8448,26.1285,2.3911,1.605,672809.4678,670379.5087
000551.SZ,20260303,14.0,4.4145,1.44,27.0769,26.3544,2.4118,1.6188,678626.2644,676175.297
000551.SZ,20260302,14.8,3.5542,1.3,28.6241,27.8603,2.5496,1.7113,717404.9081,714813.8854
000551.SZ,20260227,15.36,2.5557,0.96,29.7072,28.9145,2.6461,1.7761,744549.9587,741860.8973
000551.SZ,20260226,15.45,3.3205,1.33,29.8813,29.0839,2.6616,1.7865,748912.5561,746207.7385
000551.SZ,20260225,15.39,3.3178,1.35,29.7652,28.971,2.6512,1.7796,746004.1578,743309.8443
000551.SZ,20260224,15.19,2.5932,0.98,29.3784,28.5945,2.6168,1.7564,736309.4969,733650.1972
000551.SZ,20260213,14.88,1.8365,0.61,28.7788,28.0109,2.5634,1.7206,721282.7724,718677.7442
000551.SZ,20260212,14.99,2.2113,0.68,28.9916,28.218,2.5823,1.7333,726614.836,723990.5501
000551.SZ,20260211,14.9,2.5571,0.61,28.8175,28.0486,2.5668,1.7229,722252.2385,719643.709
000551.SZ,20260210,15.25,3.1135,0.75,29.4944,28.7074,2.6271,1.7634,739217.8952,736548.0914
000551.SZ,20260209,15.26,3.5432,0.87,29.5138,28.7263,2.6289,1.7645,739702.6282,737031.0737
000551.SZ,20260206,15.03,3.5186,0.83,29.069,28.2933,2.5892,1.7379,728553.7681,725922.4796
000551.SZ,20260205,15.29,3.4663,0.76,29.5718,28.7827,2.634,1.768,741156.8273,738480.0208
000551.SZ,20260204,15.48,7.1972,1.64,29.9393,29.1404,2.6668,1.79,750366.7552,747656.6855
000551.SZ,20260203,14.92,2.9522,0.56,28.8562,28.0862,2.5703,1.7252,723221.7046,720609.6737
000551.SZ,20260202,14.51,3.2449,0.53,28.0632,27.3144,2.4997,1.6778,703347.6497,700807.3971
000551.SZ,20260130,14.68,4.3942,0.61,28.392,27.6344,2.5289,1.6975,711588.1115,709018.0971
000551.SZ,20260129,14.5,4.9243,0.56,28.0439,27.2956,2.4979,1.6767,702862.9167,700324.4148
000551.SZ,20260128,14.85,6.4814,0.72,28.7208,27.9545,2.5582,1.7171,719828.5733,717228.7972
000551.SZ,20260127,15.52,7.3586,0.79,30.0166,29.2157,2.6736,1.7946,752305.6874,749588.615
000551.SZ,20260126,15.24,7.5844,0.75,29.4751,28.6886,2.6254,1.7622,738733.1621,736065.109
000551.SZ,20260123,15.98,9.9575,0.9,30.9063,30.0816,2.7529,1.8478,774603.4075,771805.8033
000551.SZ,20260122,16.0,12.7609,1.23,30.945,30.1193,2.7563,1.8501,775572.8736,772771.768
000551.SZ,20260121,15.24,7.189,0.59,29.4751,28.6886,2.6254,1.7622,738733.1621,736065.109
000551.SZ,20260120,15.37,9.3547,0.74,29.7265,28.9333,2.6478,1.7772,745034.6917,742343.8796
000551.SZ,20260119,15.78,10.9991,0.83,30.5195,29.7052,2.7184,1.8247,764908.7466,762146.1562
000551.SZ,20260116,15.97,14.8269,1.17,30.887,30.0628,2.7512,1.8466,774118.6745,771322.8209
000551.SZ,20260115,15.14,9.4571,0.74,29.2817,28.5004,2.6082,1.7507,733885.8316,731235.2855
000551.SZ,20260114,15.6,16.7984,1.42,30.1714,29.3663,2.6874,1.8038,756183.5518,753452.4738
000551.SZ,20260113,14.28,11.2764,0.9,27.6184,26.8815,2.46,1.6512,692198.7897,689698.8029
000551.SZ,20260112,15.42,13.6841,1.08,29.8232,29.0275,2.6564,1.783,747458.3569,744758.7914
000551.SZ,20260109,14.9,11.9117,0.82,28.8175,28.0486,2.5668,1.7229,722252.2385,719643.709
000551.SZ,20260108,14.93,10.4128,0.62,28.8755,28.1051,2.572,1.7264,723706.4377,721092.656
000551.SZ,20260107,14.59,11.9674,0.73,28.218,27.465,2.5134,1.6871,707225.5141,704671.2559
000551.SZ,20260106,15.17,14.3472,0.72,29.3397,28.5569,2.6133,1.7541,735340.0308,732684.2325
000551.SZ,20260105,14.72,14.8021,0.66,28.4694,27.7097,2.5358,1.7021,713527.0437,710950.0266
000551.SZ,20251231,14.7,21.1182,1.14,28.4307,27.6721,2.5324,1.6998,712557.5776,709984.0619
000551.SZ,20251230,14.15,21.5298,1.28,27.367,26.6367,2.4376,1.6362,685897.2601,683420.0323
000551.SZ,20251229,15.27,10.5407,0.6,29.5331,28.7451,2.6306,1.7657,740187.3612,737514.0561
000551.SZ,20251226,16.97,31.0592,2.67,32.821,31.9453,2.9234,1.9623,822591.9791,819621.0564
000551.SZ,20251225,16.68,27.3804,4.25,32.2602,31.3994,2.8735,1.9287,808534.7207,805614.5681
000551.SZ,20251224,15.16,2.0979,0.32,29.3204,28.538,2.6116,1.753,734855.2977,732201.2502
000551.SZ,20251223,13.78,13.1794,3.1,26.6514,25.9402,2.3739,1.5934,667962.1374,665549.6852
000551.SZ,20251222,12.53,14.1896,6.93,24.2338,23.5872,2.1586,1.4489,607370.5066,605176.8908
000551.SZ,20251219,11.39,1.253,0.5,22.029,21.4412,1.9622,1.317,552110.9394,550116.9023
000551.SZ,20251218,11.26,1.5199,0.58,21.7775,21.1965,1.9398,1.302,545809.4098,543838.1317
000551.SZ,20251217,11.17,2.3008,0.98,21.6035,21.027,1.9243,1.2916,541446.8124,539491.2905
000551.SZ,20251216,11.35,1.9986,0.91,21.9516,21.3659,1.9553,1.3124,550172.0072,548184.9729
000551.SZ,20251215,11.61,3.159,1.71,22.4545,21.8553,2.0001,1.3425,562775.0664,560742.5142
000551.SZ,20251212,11.5,3.4718,2.44,22.2417,21.6482,1.9811,1.3298,557443.0029,555429.7083
000551.SZ,20251211,11.1,2.2172,1.69,21.4681,20.8953,1.9122,1.2835,538053.6811,536110.4141
000551.SZ,20251210,11.07,0.8392,0.52,21.4101,20.8388,1.907,1.28,536599.4819,534661.467
000551.SZ,20251209,11.07,1.2354,0.77,21.4101,20.8388,1.907,1.28,536599.4819,534661.467
000551.SZ,20251208,11.17,1.4504,0.94,21.6035,21.027,1.9243,1.2916,541446.8124,539491.2905
000551.SZ,20251205,11.15,1.362,0.97,21.5648,20.9894,1.9208,1.2893,540477.3463,538525.3258
000551.SZ,20251204,11.05,1.665,1.32,21.3714,20.8011,1.9036,1.2777,535630.0158,533695.5023
000551.SZ,20251203,11.06,2.3923,2.5,21.3907,20.82,1.9053,1.2789,536114.7489,534178.4846
000551.SZ,20251202,10.92,1.1806,1.36,21.12,20.5564,1.8812,1.2627,529328.4862,527416.7317
000551.SZ,20251201,10.78,1.0763,1.33,20.8492,20.2929,1.8571,1.2465,522542.2236,520654.9787
000551.SZ,20251128,10.81,0.7335,0.74,20.9072,20.3493,1.8622,1.25,523996.4227,522103.9258
000551.SZ,20251127,10.69,0.9061,0.88,20.6751,20.1235,1.8416,1.2361,518179.6262,516308.1375
000551.SZ,20251126,10.59,0.8802,0.8,20.4817,19.9352,1.8243,1.2245,513332.2957,511478.3139
000551.SZ,20251125,10.74,0.747,0.56,20.7718,20.2176,1.8502,1.2419,520603.2914,518723.0493
000551.SZ,20251124,10.67,0.793,0.51,20.6364,20.0858,1.8381,1.2338,517210.1601,515342.1728
000551.SZ,20251121,10.64,1.6131,1.05,20.5784,20.0293,1.833,1.2303,515755.9609,513893.2257
000551.SZ,20251120,11.02,1.0889,0.69,21.3134,20.7447,1.8984,1.2743,534175.8167,532246.5552
000551.SZ,20251119,11.08,1.255,0.73,21.4294,20.8576,1.9088,1.2812,537084.215,535144.4493
000551.SZ,20251118,11.25,1.8669,1.15,21.7582,21.1776,1.938,1.3008,545324.6768,543355.1494
000551.SZ,20251117,11.19,1.946,1.3,21.6422,21.0647,1.9277,1.2939,542416.2785,540457.2552
000551.SZ,20251114,11.41,1.5551,1.05,22.0676,21.4788,1.9656,1.3194,553080.4055,551082.8671
000551.SZ,20251113,11.43,1.2994,0.78,22.1063,21.5165,1.9691,1.3217,554049.8716,552048.8318
000551.SZ,20251112,11.44,1.9267,1.2,22.1257,21.5353,1.9708,1.3228,554534.6046,552531.8141
000551.SZ,20251111,11.38,1.4106,0.91,22.0096,21.4223,1.9604,1.3159,551626.2063,549633.92
000551.SZ,20251110,11.37,1.2671,0.84,21.9903,21.4035,1.9587,1.3147,551141.4733,549150.9376
000551.SZ,20251107,11.36,1.4832,1.06,21.9709,21.3847,1.957,1.3136,550656.7403,548667.9553
000551.SZ,20251106,11.43,2.2301,1.62,22.1063,21.5165,1.9691,1.3217,554049.8716,552048.8318
000551.SZ,20251105,11.36,1.6219,1.2,21.9709,21.3847,1.957,1.3136,550656.7403,548667.9553
000551.SZ,20251104,11.13,1.1136,0.8,21.5261,20.9517,1.9174,1.287,539507.8802,537559.3611
000551.SZ,20251103,11.27,1.0678,0.73,21.7969,21.2153,1.9415,1.3032,546294.1428,544321.1141
000551.SZ,20251031,11.19,0.9752,0.67,21.6422,21.0647,1.9277,1.2939,542416.2785,540457.2552
000551.SZ,20251030,11.15,2.1139,1.73,21.5648,20.9894,1.9208,1.2893,540477.3463,538525.3258
000551.SZ,20251029,11.48,1.4895,1.32,22.203,20.8576,1.9738,1.3274,556473.5368,554463.7435
000551.SZ,20251028,11.43,1.3107,1.15,22.1063,20.7667,1.9652,1.3217,554049.8716,552048.8318
000551.SZ,20251027,11.42,1.4294,1.29,22.087,20.7486,1.9635,1.3205,553565.1385,551565.8494
000551.SZ,20251024,11.29,0.9517,0.71,21.8356,20.5124,1.9412,1.3055,547263.6089,545287.0788
000551.SZ,20251023,11.27,0.92,0.65,21.7969,20.476,1.9377,1.3032,546294.1428,544321.1141
000551.SZ,20251022,11.21,1.017,0.65,21.6808,20.367,1.9274,1.2962,543385.7446,541423.22
000551.SZ,20251021,11.29,1.3761,0.85,21.8356,20.5124,1.9412,1.3055,547263.6089,545287.0788
000551.SZ,20251020,11.07,1.2592,0.73,21.4101,20.1127,1.9033,1.28,536599.4819,534661.467
000551.SZ,20251017,10.86,2.0857,1.18,21.0039,19.7311,1.8672,1.2558,526420.088,524518.8375
000551.SZ,20251016,11.3,1.3501,0.73,21.8549,20.5305,1.9429,1.3066,547748.342,545770.0612
000551.SZ,20251015,11.57,1.7659,0.93,22.3771,21.0211,1.9893,1.3379,560836.1342,558810.5847
000551.SZ,20251014,11.35,1.6618,0.85,21.9516,20.6214,1.9515,1.3124,550172.0072,548184.9729
000551.SZ,20251013,11.5,1.7827,0.85,22.2417,20.8939,1.9773,1.3298,557443.0029,555429.7083
000551.SZ,20251010,11.63,2.2701,0.97,22.4931,21.1301,1.9996,1.3448,563744.5325,561708.4789
000551.SZ,20251009,11.46,1.7863,0.57,22.1643,20.8212,1.9704,1.3251,555504.0707,553497.7788
000551.SZ,20250930,11.3,2.0183,0.6,21.8549,20.5305,1.9429,1.3066,547748.342,545770.0612
000551.SZ,20250929,11.47,1.9188,0.59,22.1837,20.8394,1.9721,1.3263,555988.8038,553980.7612
000551.SZ,20250926,11.61,2.4634,0.79,22.4545,21.0938,1.9962,1.3425,562775.0664,560742.5142
000551.SZ,20250925,11.61,3.5737,1.19,22.4545,21.0938,1.9962,1.3425,562775.0664,560742.5142
000551.SZ,20250924,11.79,5.7664,2.74,22.8026,21.4208,2.0271,1.3633,571500.2612,569436.1965
000551.SZ,20250923,11.52,3.0497,1.75,22.2804,20.9302,1.9807,1.3321,558412.469,556395.673
000551.SZ,20250922,11.22,1.3744,0.81,21.7002,20.3852,1.9291,1.2974,543870.4776,541906.2023
000551.SZ,20250919,11.3,1.8665,1.15,21.8549,20.5305,1.9429,1.3066,547748.342,545770.0612
000551.SZ,20250918,11.48,2.9015,2.01,22.203,20.8576,1.9738,1.3274,556473.5368,554463.7435
000551.SZ,20250917,11.49,1.3144,0.96,22.2224,20.8757,1.9756,1.3286,556958.2699,554946.7259
000551.SZ,20250916,11.41,1.2321,0.9,22.0676,20.7304,1.9618,1.3194,553080.4055,551082.8671
000551.SZ,20250915,11.35,1.2118,0.86,21.9516,20.6214,1.9515,1.3124,550172.0072,548184.9729
000551.SZ,20250912,11.45,1.4873,1.06,22.145,20.8031,1.9687,1.324,555019.3377,553014.7965
000551.SZ,20250911,11.57,1.9655,1.42,22.3771,21.0211,1.9893,1.3379,560836.1342,558810.5847
000551.SZ,20250910,11.28,0.9404,0.61,21.8162,20.4942,1.9395,1.3043,546778.8759,544804.0964
000551.SZ,20250909,11.3,1.2026,0.66,21.8549,20.5305,1.9429,1.3066,547748.342,545770.0612
000551.SZ,20250908,11.43,1.4803,0.8,22.1063,20.7667,1.9652,1.3217,554049.8716,552048.8318
000551.SZ,20250905,11.36,1.4483,0.75,21.9709,20.6395,1.9532,1.3136,550656.7403,548667.9553
000551.SZ,20250904,11.13,1.8435,0.84,21.5261,20.2217,1.9137,1.287,539507.8802,537559.3611
000551.SZ,20250903,11.18,1.7297,0.67,21.6228,20.3125,1.9223,1.2928,541931.5454,539974.2729
000551.SZ,20250902,11.42,2.65,1.03,22.087,20.7486,1.9635,1.3205,553565.1385,551565.8494
000551.SZ,20250901,11.67,1.5875,0.48,22.5705,21.2028,2.0065,1.3494,565683.4647,563640.4083
000551.SZ,20250829,11.67,1.8167,0.52,22.5705,21.2028,2.0065,1.3494,565683.4647,563640.4083
000551.SZ,20250828,11.8,3.1346,0.86,22.8219,21.439,2.0289,1.3644,571984.9943,569919.1789
000551.SZ,20250827,11.68,3.6317,0.87,22.5898,21.2209,2.0082,1.3506,566168.1977,564123.3906
000551.SZ,20250826,12.09,2.6531,0.59,23.3828,21.9659,2.0787,1.398,586042.2526,583925.6672
000551.SZ,20250825,12.01,5.2855,1.25,23.2281,21.8205,2.065,1.3887,582164.3882,580061.8084
000551.SZ,20250822,12.22,2.7916,0.61,23.6342,22.202,2.1011,1.413,592343.7822,590204.4378
000551.SZ,20250821,12.26,3.9075,0.89,23.7116,22.2747,2.1079,1.4176,594282.7144,592136.3672
000551.SZ,20250820,12.61,6.3516,1.75,24.3885,22.9106,2.1681,1.4581,611248.371,609040.7497
000551.SZ,20250819,12.13,4.3181,1.27,23.4602,22.0385,2.0856,1.4026,587981.1848,585857.5966
000551.SZ,20250818,12.33,3.8053,1.09,23.847,22.3349,2.2554,1.4257,597675.8457,595517.2437
000551.SZ,20250815,12.28,4.4762,1.35,23.7503,22.2443,2.2462,1.4199,595252.1805,593102.3319
000551.SZ,20250814,11.77,3.0432,0.9,22.7639,21.3205,2.1529,1.361,570530.7951,568470.2318
000551.SZ,20250813,12.08,2.5299,0.69,23.3635,21.882,2.2096,1.3968,585557.5196,583442.6848
000551.SZ,20250812,12.09,3.2104,0.76,23.3828,21.9001,2.2115,1.398,586042.2526,583925.6672
000551.SZ,20250811,12.12,4.1706,1.15,23.4408,21.9545,2.2169,1.4014,587496.4518,585374.6143
000551.SZ,20250808,11.91,3.6256,1.14,23.0347,21.5741,2.1785,1.3772,577317.0578,575231.9848
000551.SZ,20250807,11.68,3.4003,1.18,22.5898,21.1574,2.1365,1.3506,566168.1977,564123.3906
000551.SZ,20250806,11.65,3.8349,1.53,22.5318,21.1031,2.131,1.3471,564713.9986,562674.4436
000551.SZ,20250805,11.59,6.1038,3.39,22.4158,20.9944,2.12,1.3402,561805.6003,559776.5494
000551.SZ,20250804,11.05,1.2044,0.51,21.3714,20.0162,2.0212,1.2777,535630.0158,533695.5023
000551.SZ,20250801,11.06,1.4175,0.53,21.3907,20.0344,2.023,1.2789,536114.7489,534178.4846
000551.SZ,20250731,10.96,1.7884,0.67,21.1973,19.8532,2.0048,1.2673,531267.4184,529348.6611
000551.SZ,20250730,11.02,1.9964,0.73,21.3134,19.9619,2.0157,1.2743,534175.8167,532246.5552
000551.SZ,20250729,11.16,2.6004,0.97,21.5841,20.2155,2.0413,1.2904,540962.0793,539008.3082
000551.SZ,20250728,11.3,4.0809,1.69,21.8549,20.4691,2.0669,1.3066,547748.342,545770.0612
000551.SZ,20250725,11.19,2.8527,1.37,21.6422,20.2698,2.0468,1.2939,542416.2785,540457.2552
000551.SZ,20250724,10.99,1.7202,0.89,21.2553,19.9076,2.0102,1.2708,532721.6176,530797.6081
000551.SZ,20250723,10.98,2.3346,1.35,21.236,19.8894,2.0084,1.2696,532236.8845,530314.6258
000551.SZ,20250722,11.05,2.4297,1.45,21.3714,20.0162,2.0212,1.2777,535630.0158,533695.5023
000551.SZ,20250721,11.07,2.7682,1.78,21.4101,20.0525,2.0249,1.28,536599.4819,534661.467
000551.SZ,20250718,10.72,1.1402,0.67,20.7331,19.4185,1.9609,1.2396,519633.8253,517757.0846
000551.SZ,20250717,10.74,0.9546,0.54,20.7718,19.4547,1.9645,1.2419,520603.2914,518723.0493
000551.SZ,20250716,10.77,1.3269,0.75,20.8298,19.509,1.97,1.2453,522057.4905,520171.9963
000551.SZ,20250715,10.59,2.161,1.33,20.4817,19.183,1.9371,1.2245,513332.2957,511478.3139
000551.SZ,20250714,10.78,2.1929,1.45,20.8492,19.5272,1.9718,1.2465,522542.2236,520654.9787
000551.SZ,20250711,10.73,1.8205,1.23,20.7525,19.4366,1.9627,1.2407,520118.5584,518240.0669
000551.SZ,20250710,10.86,1.3774,0.98,21.0039,19.6721,1.9865,1.2558,526420.088,524518.8375
000551.SZ,20250709,10.73,1.2444,0.92,20.7525,19.4366,1.9627,1.2407,520118.5584,518240.0669
000551.SZ,20250708,10.7,1.5167,1.17,20.6945,19.3822,1.9572,1.2373,518664.3592,516791.1199
000551.SZ,20250707,10.61,1.5989,1.33,20.5204,19.2192,1.9407,1.2268,514301.7618,512444.2787
000551.SZ,20250704,10.53,1.665,1.61,20.3657,19.0743,1.9261,1.2176,510423.8974,508580.4198
000551.SZ,20250703,12.9,1.1757,0.96,20.7912,19.4728,1.9368,1.243,521088.0245,519206.0318
000551.SZ,20250702,12.92,1.2075,0.96,20.8234,19.503,1.9398,1.245,521895.9129,520011.0024
000551.SZ,20250701,13.04,1.4835,1.2,21.0168,19.6842,1.9578,1.2565,526743.2433,524840.826
000551.SZ,20250630,12.85,1.3269,1.18,20.7106,19.3973,1.9293,1.2382,519068.3034,517193.6054
000551.SZ,20250627,12.73,1.0186,0.93,20.5172,19.2162,1.9113,1.2267,514220.973,512363.7818
000551.SZ,20250626,12.65,1.1073,0.98,20.3882,19.0954,1.8993,1.2189,510989.4193,509329.5357
000551.SZ,20250625,12.68,1.3458,1.31,20.4366,19.1407,1.9038,1.2218,512201.2519,510537.4318
000551.SZ,20250624,12.46,1.3633,1.37,20.082,18.8086,1.8708,1.2006,503314.4794,501679.5268
000551.SZ,20250623,12.08,0.8072,0.78,19.4696,18.235,1.8137,1.164,487964.5996,486379.5092
000551.SZ,20250620,12.0,0.8304,0.75,19.3406,18.1142,1.8017,1.1563,484733.046,483158.4528
000551.SZ,20250619,11.98,1.3039,1.13,19.3084,18.0841,1.7987,1.1544,483925.1576,482353.1887
000551.SZ,20250618,12.31,0.8389,0.65,19.8403,18.5822,1.8482,1.1862,497255.3164,495640.0462
000551.SZ,20250617,12.3,1.1961,0.84,19.8241,18.5671,1.8467,1.1852,496851.3722,495237.4141
000551.SZ,20250616,12.41,0.9839,0.58,20.0014,18.7332,1.8633,1.1958,501294.7584,499666.3666
000551.SZ,20250613,12.37,1.2381,0.78,19.937,18.6728,1.8572,1.192,499678.9816,498055.8384
000551.SZ,20250612,12.63,1.5024,0.97,20.356,19.0652,1.8963,1.217,510181.5309,508524.2716
000551.SZ,20250611,12.76,1.513,1.04,20.5655,19.2615,1.9158,1.2295,515432.8056,513758.4881
000551.SZ,20250610,12.71,1.8661,1.43,20.4849,19.186,1.9083,1.2247,513413.0846,511745.3279
000551.SZ,20250609,12.67,2.4116,2.22,20.4205,19.1256,1.9023,1.2209,511797.3077,510134.7997
000551.SZ,20250606,12.34,0.6841,0.53,19.8886,18.6275,1.8527,1.1891,498467.149,496847.9423
000551.SZ,20250605,12.4,1.234,0.99,19.9853,18.7181,1.8618,1.1949,500890.8142,499263.7346
000551.SZ,20250604,12.28,1.0691,0.9,19.7919,18.5369,1.8437,1.1833,496043.4837,494432.15
000551.SZ,20250603,12.3,1.1284,1.01,19.8241,18.5671,1.8467,1.1852,496851.3722,495237.4141
000551.SZ,20250530,12.36,1.3258,1.24,19.9208,18.6577,1.8557,1.191,499275.0374,497653.2064
000551.SZ,20250529,12.6,1.6925,1.82,20.3077,19.02,1.8918,1.2141,508969.6983,507316.3754
000551.SZ,20250528,12.41,1.024,1.13,20.0014,18.7332,1.8633,1.1958,501294.7584,499666.3666
000551.SZ,20250527,12.31,0.7828,0.82,19.8403,18.5822,1.8482,1.1862,497255.3164,495640.0462
000551.SZ,20250526,12.36,0.7594,0.78,19.9208,18.6577,1.8557,1.191,499275.0374,497653.2064
000551.SZ,20250523,12.23,1.0803,1.12,19.7113,18.4614,1.8362,1.1785,494023.7627,492418.9898
000551.SZ,20250522,12.22,0.999,1.04,19.6952,18.4463,1.8347,1.1775,493619.8185,492016.3578
000551.SZ,20250521,12.37,0.9008,0.83,19.937,18.6728,1.8572,1.192,499678.9816,498055.8384
000551.SZ,20250520,12.51,1.0278,0.92,20.1626,18.8841,1.8783,1.2055,505334.2005,503692.687
000551.SZ,20250519,12.37,0.8314,0.73,19.937,18.6728,1.8572,1.192,499678.9816,498055.8384
000551.SZ,20250516,12.33,1.079,0.94,19.8725,18.6124,1.8512,1.1881,498063.2048,496445.3103
000551.SZ,20250515,12.26,0.9852,0.79,19.7597,18.5067,1.8407,1.1814,495235.5953,493626.8859
000551.SZ,20250514,12.4,1.504,1.17,19.9853,18.7181,1.8618,1.1949,500890.8142,499263.7346
000551.SZ,20250513,12.4,1.1638,0.8,19.9853,18.7181,1.8618,1.1949,500890.8142,499263.7346
000551.SZ,20250512,12.4,0.9833,0.55,19.9853,18.7181,1.8618,1.1949,500890.8142,499263.7346
000551.SZ,20250509,12.37,1.0846,0.55,19.937,18.6728,1.8572,1.192,499678.9816,498055.8384
000551.SZ,20250508,12.5,1.4996,0.78,20.1465,18.869,1.8768,1.2045,504930.2563,503290.055
000551.SZ,20250507,12.34,1.7126,0.95,19.8886,18.6275,1.8527,1.1891,498467.149,496847.9423
000551.SZ,20250506,12.39,2.0213,1.2,19.9692,18.703,1.8602,1.1939,500486.87,498861.1025
000551.SZ,20250430,12.08,2.6699,1.78,19.4696,18.235,1.8137,1.164,487964.5996,486379.5092
000551.SZ,20250429,11.59,1.9143,1.37,18.6798,17.4953,1.7401,1.1168,468171.3336,466650.539
000551.SZ,20250428,11.28,1.2491,0.9,18.1802,18.1802,1.7389,1.0869,455649.0632,454168.9456
000551.SZ,20250425,11.52,1.198,0.87,18.567,18.567,1.7759,1.1101,465343.7242,463832.1147
000551.SZ,20250424,11.39,1.4057,0.96,18.3575,18.3575,1.7559,1.0975,460092.4495,458597.8981
000551.SZ,20250423,11.47,1.7274,1.22,18.4864,18.4864,1.7682,1.1052,463324.0031,461818.9545
000551.SZ,20250422,11.28,1.4064,0.99,18.1802,18.1802,1.7389,1.0869,455649.0632,454168.9456
000551.SZ,20250421,11.11,1.1672,0.76,17.9062,17.9062,1.7127,1.0706,448782.0118,447324.2009
000551.SZ,20250418,10.9,1.2027,0.7,17.5677,17.5677,1.6803,1.0503,440299.1835,438868.928
000551.SZ,20250417,10.86,1.8514,0.99,17.5033,17.5033,1.6742,1.0465,438683.4066,437258.3998
000551.SZ,20250416,10.75,1.4578,0.63,17.326,17.326,1.6572,1.0359,434240.0204,432829.4473
000551.SZ,20250415,10.9,1.4275,0.46,17.5677,17.5677,1.6803,1.0503,440299.1835,438868.928
000551.SZ,20250414,10.96,1.7828,0.59,17.6644,17.6644,1.6896,1.0561,442722.8487,441284.7202
000551.SZ,20250411,10.86,2.0426,0.7,17.5033,17.5033,1.6742,1.0465,438683.4066,437258.3998
000551.SZ,20250410,10.7,2.5998,0.95,17.2454,17.2454,1.6495,1.031,432220.2994,430816.2871
000551.SZ,20250409,10.51,3.804,1.7,16.9392,16.9392,1.6202,1.0127,424545.3595,423166.2782
000551.SZ,20250408,10.41,5.3226,3.36,16.778,16.778,1.6048,1.0031,420505.9174,419139.9578
000551.SZ,20250407,11.1,1.3991,0.84,28.8726,19.5004,1.7744,1.0372,448378.0676,446921.5688
000551.SZ,20250403,12.33,1.5615,0.9,32.072,21.6613,1.9711,1.1521,498063.2048,496445.3103
000551.SZ,20250402,12.63,1.5564,0.85,32.8523,22.1883,2.019,1.1801,510181.5309,508524.2716
000551.SZ,20250401,12.49,1.3738,0.67,32.4881,21.9424,1.9966,1.167,504526.312,502887.423
000551.SZ,20250331,12.49,2.0337,0.83,32.4881,21.9424,1.9966,1.167,504526.312,502887.423
000551.SZ,20250328,12.7,1.8172,0.57,33.0344,22.3113,2.0302,1.1867,513009.1404,511342.6959
000551.SZ,20250327,12.95,1.8545,0.43,33.6847,22.7505,2.0702,1.21,523107.7455,521408.497
000551.SZ,20250326,13.26,2.103,0.48,34.491,23.2951,2.1197,1.239,535630.0158,533890.0903
000551.SZ,20250325,13.02,2.4563,0.57,33.8667,22.8735,2.0814,1.2166,525935.3549,524226.9213
000551.SZ,20250324,13.2,4.055,1.04,34.3349,23.1897,2.1101,1.2334,533206.3506,531474.2981
000551.SZ,20250321,13.6,5.4963,1.74,35.3754,23.8924,2.1741,1.2707,549364.1188,547579.5798
000551.SZ,20250320,13.8,7.4296,3.48,35.8956,24.2438,2.2061,1.2894,557443.0029,555632.2207
000551.SZ,20250319,13.44,2.3077,1.09,34.9592,23.6113,2.1485,1.2558,542901.0115,541137.4671
000551.SZ,20250318,13.37,2.1671,1.02,34.7771,23.4884,2.1373,1.2493,540073.4021,538319.0428
000551.SZ,20250317,13.25,2.0962,0.83,34.465,23.2775,2.1181,1.238,535226.0716,533487.4583
000551.SZ,20250314,13.07,1.8331,0.65,33.9968,22.9613,2.0894,1.2212,527955.0759,526240.0815
000551.SZ,20250313,12.84,2.2769,0.78,33.3985,22.5573,2.0526,1.1997,518664.3592,516979.5445
000551.SZ,20250312,13.16,2.2177,0.76,34.2309,23.1194,2.1038,1.2296,531590.5738,529863.7699
000551.SZ,20250311,13.16,2.2574,0.7,34.2309,23.1194,2.1038,1.2296,531590.5738,528177.7686
000551.SZ,20250310,13.35,4.079,1.35,34.7251,23.4532,2.1341,1.2474,539265.5137,535803.4355
000551.SZ,20250307,13.2,3.3134,1.08,34.3349,23.1897,2.1101,1.2334,533206.3506,529783.1722
000551.SZ,20250306,13.13,2.8409,0.86,34.1529,23.0667,2.099,1.2268,530378.7412,526953.7163
000551.SZ,20250305,12.97,2.1172,0.56,33.7367,22.7856,2.0734,1.2119,523915.6339,520532.3458
000551.SZ,20250304,13.0,3.7953,1.1,33.8147,22.8383,2.0782,1.2147,525127.4665,521736.3528
000551.SZ,20250303,12.55,3.0766,0.95,32.6442,22.0478,2.0062,1.1726,506949.9773,503676.2483
000551.SZ,20250228,12.83,3.4929,1.09,33.3725,22.5397,2.051,1.1988,518260.415,514913.6466
000551.SZ,20250227,13.08,3.9686,1.19,34.0228,22.9789,2.091,1.2222,528359.0201,524947.038
000551.SZ,20250226,13.14,4.4292,1.59,34.1789,23.0843,2.1006,1.2278,530782.6854,527355.052
000551.SZ,20250225,12.69,2.2109,0.83,33.0084,22.2937,2.0286,1.1857,512605.1961,509294.9475
000551.SZ,20250224,12.6,2.1647,0.81,32.7743,22.1356,2.0142,1.1773,508969.6983,505682.9266
000551.SZ,20250221,12.76,3.2233,1.42,33.1904,22.4167,2.0398,1.1923,515432.8056,512104.2971
000551.SZ,20250220,12.82,4.6417,2.85,33.3465,22.5221,2.0494,1.1979,517856.4708,514512.311
000551.SZ,20250219,12.2,1.662,1.09,31.7338,21.4329,1.9503,1.1399,492811.9301,489629.5003
000551.SZ,20250218,11.85,1.6823,1.2,30.8234,20.818,1.8943,1.1072,478673.8829,475582.7524
000551.SZ,20250217,12.2,2.145,1.7,31.7338,21.4329,1.9503,1.1399,492811.9301,489629.5003
000551.SZ,20250214,11.82,1.2384,0.89,30.7454,20.7653,1.8895,1.1044,477462.0503,474378.7454
000551.SZ,20250213,11.92,1.4019,1.03,31.0055,20.941,1.9055,1.1138,481501.4924,478392.102
000551.SZ,20250212,12.17,1.161,0.85,31.6558,21.3802,1.9455,1.1371,491600.0975,488425.4934
000551.SZ,20250211,12.12,1.0901,0.76,31.5257,21.2924,1.9375,1.1325,489580.3765,486418.8151
000551.SZ,20250210,12.12,1.4113,1.0,31.5257,21.2924,1.9375,1.1325,489580.3765,486418.8151
000551.SZ,20250207,12.14,1.8724,1.42,31.5777,21.3275,1.9407,1.1343,490388.2649,487221.4864
000551.SZ,20250206,11.96,1.2953,1.0,31.1095,21.0113,1.9119,1.1175,483117.2692,479997.4446
000551.SZ,20250205,11.66,1.142,0.83,30.3292,20.4842,1.864,1.0895,470998.943,467957.3749
000551.SZ,20250127,11.68,1.421,0.89,30.3812,20.5194,1.8672,1.0913,471806.8314,468760.0462
000551.SZ,20250124,11.85,1.329,0.8,30.8234,20.818,1.8943,1.1072,478673.8829,475582.7524
000551.SZ,20250123,11.81,1.4235,0.72,30.7194,20.7478,1.8879,1.1035,477058.1061,473977.4097
000551.SZ,20250122,11.9,1.1487,0.58,30.9535,20.9059,1.9023,1.1119,480693.604,477589.4306
000551.SZ,20250121,12.0,1.5197,0.77,31.2136,21.0816,1.9183,1.1212,484733.046,481602.7872
000551.SZ,20250120,11.96,2.5265,1.53,31.1095,21.0113,1.9119,1.1175,483117.2692,479997.4446
000551.SZ,20250117,11.73,1.6366,1.08,30.5113,20.6072,1.8752,1.096,473826.5525,470766.7245
000551.SZ,20250116,11.61,3.0018,2.74,30.1991,20.3964,1.856,1.0848,468979.222,465950.6966
000551.SZ,20250115,11.3,1.2727,1.15,29.3928,19.8518,1.8064,1.0558,456456.9517,453509.2913
000551.SZ,20250114,11.36,1.4472,1.41,29.5489,19.9572,1.816,1.0614,458880.6169,455917.3052
000551.SZ,20250113,10.92,0.8789,0.79,28.4044,19.1842,1.7457,1.0203,441107.0719,438258.5364
000551.SZ,20250110,10.97,0.9946,0.83,28.5344,19.2721,1.7537,1.025,443126.7929,440265.2146
000551.SZ,20250109,11.27,0.8879,0.68,29.3148,19.7991,1.8016,1.053,455245.119,452305.2843
300718.SZ,20260702,64.36,6.5635,1.73,75.9021,73.5771,10.6647,15.1678,1922941.644,1265686.3828
300718.SZ,20260701,62.49,4.1678,1.19,73.6967,71.4393,10.3549,14.7271,1867069.971,1228911.4677
300718.SZ,20260630,60.97,4.1121,1.24,71.9041,69.7016,10.103,14.3689,1821655.563,1199019.5581
300718.SZ,20260629,57.4,3.5885,0.96,67.6939,65.6203,9.5114,13.5275,1714991.46,1128812.902
300718.SZ,20260626,58.15,3.3352,0.87,68.5784,66.4777,9.6357,13.7043,1737399.885,1143562.1995
300718.SZ,20260625,60.95,3.749,1.0,71.8805,69.6787,10.0997,14.3642,1821058.005,1198626.2435
300718.SZ,20260624,63.12,2.6967,0.69,74.4397,72.1595,10.4593,14.8756,1885893.048,1241300.8776
300718.SZ,20260623,63.72,3.2771,0.84,75.1473,72.8454,10.5587,15.017,1903819.788,1253100.3156
300718.SZ,20260622,64.89,5.6257,1.66,76.5271,74.183,10.7526,15.2927,1938776.931,1276109.2197
300718.SZ,20260618,67.65,3.8356,1.06,79.7821,77.3382,11.2099,15.9432,2021239.935,1330386.6345
300718.SZ,20260617,66.66,3.393,0.88,78.6145,76.2065,11.0459,15.7099,1991660.814,1310917.5618
300718.SZ,20260616,67.94,3.3354,0.77,80.1241,77.6698,11.258,16.0115,2029904.526,1336089.6962
300718.SZ,20260615,68.16,3.2266,0.61,80.3835,77.9213,11.2944,16.0634,2036477.664,1340416.1568
300718.SZ,20260612,66.5,3.1765,0.48,78.4258,76.0235,11.0194,15.6721,1986880.35,1307771.045
300718.SZ,20260611,66.01,4.9018,0.74,77.848,75.4634,11.4278,15.5567,1972240.377,1298134.7647
300718.SZ,20260610,71.0,4.6907,0.68,83.7329,81.168,12.2917,16.7327,2121331.113,1396266.7519
300718.SZ,20260609,75.37,5.657,0.8,88.8866,86.1638,13.0482,17.7626,2251897.5491,1482205.9872
300718.SZ,20260608,77.0,8.2067,1.27,90.8089,88.0273,13.3304,18.1467,2300598.531,1514261.1253
300718.SZ,20260605,76.5,9.458,1.61,90.2192,87.4557,13.2439,18.0289,2285659.5795,1504428.2609
300718.SZ,20260604,73.8,5.2032,0.79,87.035,84.369,12.7764,17.3925,2204989.2414,1451330.7928
300718.SZ,20260603,72.94,5.7601,0.74,86.0208,83.3858,12.6275,17.1899,2179294.2448,1434418.266
300718.SZ,20260602,74.4,6.6525,0.66,87.7426,85.0549,12.8803,17.534,2222915.9832,1463130.2302
300718.SZ,20260601,71.97,5.1416,0.51,84.8768,82.2769,12.4596,16.9613,2150312.6789,1415342.5089
300718.SZ,20260529,72.38,6.6612,0.69,85.3603,82.7456,12.5306,17.0579,2162562.6191,1423405.4578
300718.SZ,20260528,77.52,8.8404,0.93,91.4221,88.6217,12.8454,18.2692,2316135.0406,1524487.3043
300718.SZ,20260527,81.32,11.7725,1.46,95.9036,92.9659,13.4751,19.1648,2429671.072,1599217.0741
300718.SZ,20260526,86.49,18.0931,3.41,102.0008,98.8763,14.3318,20.3832,2584139.8305,1700888.8926
300718.SZ,20260525,79.01,4.6342,0.85,93.1793,90.3251,13.0923,18.6204,2360653.116,1553789.2404
300718.SZ,20260522,79.89,5.2127,0.87,94.2172,91.3311,13.2381,18.8278,2386945.6707,1571095.0818
300718.SZ,20260521,78.56,7.5914,1.41,92.6486,89.8107,13.0177,18.5143,2347208.0597,1544939.6624
300718.SZ,20260520,77.11,4.7056,0.88,90.9386,88.153,12.7775,18.1726,2303885.1003,1516424.3555
300718.SZ,20260519,80.01,4.4131,0.77,94.3587,91.4683,13.258,18.8561,2390531.019,1573454.9693
300718.SZ,20260518,80.0,5.3281,0.93,94.3469,91.4569,13.2564,18.8537,2390232.24,1573258.312
300718.SZ,20260515,79.35,7.8299,1.31,93.5803,90.7138,13.1487,18.7005,2370811.6031,1560475.5882
300718.SZ,20260514,76.87,4.6997,0.79,90.6556,87.8786,12.7377,18.1161,2296714.4036,1511704.5805
300718.SZ,20260513,78.93,4.3976,0.79,93.085,90.2337,13.0791,18.6015,2358262.8838,1552215.9821
300718.SZ,20260512,79.63,6.2855,1.32,93.9105,91.0339,13.1951,18.7665,2379177.4159,1565981.9923
300718.SZ,20260511,77.68,5.5104,1.37,91.6108,88.8046,12.8719,18.307,2320915.505,1527633.821
300718.SZ,20260508,79.01,8.9196,3.43,93.1793,90.3251,13.0923,18.6204,2360653.116,1553789.2404
300718.SZ,20260507,74.08,4.471,2.23,87.3652,84.6891,12.2754,17.4585,2213355.0542,1456837.1969
300718.SZ,20260506,71.42,2.6441,1.51,84.2282,81.6481,11.8346,16.8317,2133879.8323,1404526.358
300718.SZ,20260430,70.52,2.2475,1.31,83.1668,80.6193,11.6855,16.6195,2106989.7196,1386827.202
300718.SZ,20260429,69.53,1.8609,1.14,81.9992,79.4875,11.5214,16.3862,2077410.5956,1367358.1304
300718.SZ,20260428,68.04,1.7832,1.07,80.242,77.7841,11.2745,16.0351,2032892.5201,1338056.1944
300718.SZ,20260427,68.44,1.5295,0.83,89.2574,82.5479,12.2081,17.9774,2044843.6813,1326654.8739
300718.SZ,20260424,69.01,1.3687,0.68,90.0007,83.2353,12.3097,18.1271,2061874.086,1337703.8697
300718.SZ,20260423,69.1,2.103,1.08,90.1181,83.3439,12.3258,18.1508,2064563.0973,1339448.448
300718.SZ,20260422,70.71,1.4749,0.72,92.2178,85.2858,12.613,18.5737,2112666.5211,1370657.0153
300718.SZ,20260421,70.61,1.9749,0.95,92.0874,85.1652,12.5951,18.5474,2109678.7308,1368718.595
300718.SZ,20260420,71.45,2.2946,1.07,93.1829,86.1783,12.745,18.7681,2134776.1694,1385001.3258
300718.SZ,20260417,72.45,2.213,0.97,94.4871,87.3845,12.9233,19.0307,2164654.0724,1404385.5291
300718.SZ,20260416,71.92,1.7917,0.77,93.7959,86.7452,12.8288,18.8915,2148818.7838,1394111.9013
300718.SZ,20260415,71.6,2.0268,0.8,93.3785,86.3592,12.7717,18.8075,2139257.8548,1387908.9563
300718.SZ,20260414,72.77,2.06,0.88,94.9044,87.7704,12.9804,19.1148,2174215.0013,1410588.4741
300718.SZ,20260413,72.32,2.6312,1.26,94.3175,87.2277,12.9002,18.9966,2160769.945,1401865.5827
300718.SZ,20260410,71.17,2.8513,1.49,92.8177,85.8406,12.695,18.6945,2126410.3565,1379573.7489
300718.SZ,20260409,70.33,2.0545,1.0,91.7222,84.8274,12.5452,18.4739,2101312.918,1363291.0181
300718.SZ,20260408,71.94,3.0275,1.42,93.8219,86.7693,12.8324,18.8968,2149416.3418,1394499.5854
300718.SZ,20260407,68.96,1.1081,0.5,89.9355,83.175,12.3008,18.114,2060380.1909,1336734.6596
300718.SZ,20260403,68.39,1.4314,0.61,89.1921,82.4875,12.1991,17.9643,2043349.7862,1325685.6637
300718.SZ,20260402,69.94,1.921,0.74,91.2136,84.3571,12.4756,18.3714,2089660.5358,1355731.1788
300718.SZ,20260401,70.79,2.7697,1.05,92.3222,85.3823,12.6272,18.5947,2115056.7534,1372207.7516
300718.SZ,20260331,69.79,3.4271,1.15,91.018,84.1761,12.4489,18.332,2085178.8504,1352823.5483
300718.SZ,20260330,68.35,1.6394,0.41,89.14,82.4393,12.192,17.9538,2042154.6701,1324910.2956
300718.SZ,20260327,69.23,2.0084,0.49,90.2876,83.5007,12.349,18.1849,2068447.2247,1341968.3945
300718.SZ,20260326,69.82,3.2152,0.86,91.0571,84.2123,12.4542,18.3399,2086075.1875,1353405.0744
300718.SZ,20260325,69.14,2.9048,0.85,90.1703,83.3921,12.3329,18.1613,2065758.2134,1340223.8162
300718.SZ,20260324,69.4,5.0719,1.9,90.5094,83.7057,12.3793,18.2296,2073526.4682,1345263.709
300718.SZ,20260323,71.49,7.0363,4.62,93.2351,86.2266,12.7521,18.7786,2135971.2855,1385776.6939
300718.SZ,20260320,68.7,2.0855,1.54,89.5964,82.8614,12.2544,18.0457,2052611.9361,1331694.7667
300718.SZ,20260319,69.7,1.6823,1.22,90.9006,84.0676,12.4328,18.3084,2082489.8391,1351078.97
300718.SZ,20260318,71.87,1.3117,0.77,93.7307,86.6849,12.8199,18.8784,2147324.8886,1393142.6912
300718.SZ,20260317,72.0,1.2373,0.52,93.9002,86.8417,12.8431,18.9125,2151209.016,1395662.6376
300718.SZ,20260316,73.49,1.2993,0.51,95.8434,88.6388,13.1089,19.3039,2195727.0915,1424545.1005
300718.SZ,20260313,73.15,1.2294,0.49,95.4,88.2287,13.0482,19.2146,2185568.6045,1417954.4714
300718.SZ,20260312,73.98,1.8231,0.73,96.4825,89.2298,13.1963,19.4326,2210367.2639,1434043.3601
300718.SZ,20260311,75.17,2.8742,1.26,98.0344,90.6651,13.4085,19.7452,2245921.9685,1457110.5621
300718.SZ,20260310,76.84,4.583,2.25,100.2124,92.6794,13.7064,20.1839,2295818.0665,1489482.1816
300718.SZ,20260309,72.44,2.1251,0.96,94.474,87.3724,12.9216,19.0281,2164355.2933,1404191.6871
300718.SZ,20260306,74.25,1.1657,0.47,96.8346,89.5555,13.2444,19.5036,2218434.2978,1439277.095
300718.SZ,20260305,74.1,1.6822,0.64,96.639,89.3746,13.2177,19.4642,2213952.6123,1436369.4645
300718.SZ,20260304,73.23,1.8846,0.64,95.5043,88.3252,13.0625,19.2356,2187958.8367,1419505.2077
300718.SZ,20260303,74.27,3.3438,0.93,96.8607,89.5796,13.248,19.5088,2219031.8558,1439664.7791
300718.SZ,20260302,78.01,2.9377,0.68,101.7383,94.0906,13.9151,20.4912,2330775.213,1512161.6994
300718.SZ,20260227,80.6,2.4299,0.58,105.1161,97.2144,14.3771,21.1715,2408158.9818,1562366.786
300718.SZ,20260226,80.38,2.4465,0.6,104.8291,96.9491,14.3379,21.1137,2401585.8431,1558102.2613
300718.SZ,20260225,81.28,3.5085,0.87,106.0029,98.0346,14.4984,21.3502,2428475.9558,1575548.0442
300718.SZ,20260224,82.99,6.6834,1.96,108.233,100.0971,14.8034,21.7993,2479567.17,1608695.0319
300718.SZ,20260213,82.81,6.4546,2.65,107.9983,99.88,14.7713,21.752,2474189.1474,1605205.8753
300718.SZ,20260212,78.66,1.8441,0.79,102.586,94.8745,14.0311,20.6619,2350195.85,1524761.4316
300718.SZ,20260211,79.01,1.8736,0.82,103.0424,95.2967,14.0935,20.7539,2360653.116,1531545.9027
300718.SZ,20260210,80.59,3.3667,1.74,105.103,97.2024,14.3753,21.1689,2407860.2028,1562172.9439
300718.SZ,20260209,79.9,3.5288,2.16,104.2031,96.3702,14.2522,20.9877,2387244.4497,1548797.8437
300718.SZ,20260206,78.78,1.5771,0.87,102.7425,95.0193,14.0525,20.6935,2353781.1983,1527087.536
300718.SZ,20260205,78.0,1.3909,0.7,101.7252,94.0785,13.9133,20.4886,2330476.434,1511967.8574
300718.SZ,20260204,79.32,1.5167,0.69,103.4467,95.6706,14.1488,20.8353,2369915.266,1537555.0058
300718.SZ,20260203,79.8,1.6662,0.63,104.0727,96.2495,14.2344,20.9614,2384256.6594,1546859.4233
300718.SZ,20260202,78.98,1.9993,0.57,103.0033,95.2605,14.0881,20.746,2359756.7789,1530964.3766
300718.SZ,20260130,79.94,2.5239,0.55,104.2553,96.4184,14.2594,20.9982,2388439.5658,1549573.2118
300718.SZ,20260129,79.15,2.2292,0.47,103.225,95.4656,14.1185,20.7907,2364836.0225,1534259.6912
300718.SZ,20260128,80.02,2.6241,0.54,104.3596,96.5149,14.2737,21.0192,2390829.7981,1551123.9481
300718.SZ,20260127,81.65,3.9435,0.81,106.4854,98.4809,14.5644,21.4473,2439530.78,1582720.1994
300718.SZ,20260126,82.15,6.1476,1.27,107.1375,99.084,14.6536,21.5787,2454469.7315,1592412.3011
300718.SZ,20260123,86.39,7.9403,1.86,112.6672,104.198,15.4099,22.6924,2581152.0402,1674601.3231
300718.SZ,20260122,82.96,3.2549,0.75,108.1939,100.0609,14.7981,21.7914,2478670.8329,1608113.5058
300718.SZ,20260121,84.09,2.9174,0.6,109.6676,101.4239,14.9996,22.0883,2512432.8633,1630017.6555
300718.SZ,20260120,84.15,4.0161,0.77,109.7459,101.4962,15.0103,22.104,2514225.5375,1631180.7077
300718.SZ,20260119,85.59,6.0163,1.13,111.6239,103.2331,15.2672,22.4823,2557249.7178,1659093.9604
300718.SZ,20260116,83.91,5.1598,0.98,109.4329,101.2068,14.9675,22.041,2507054.8407,1626528.4989
300718.SZ,20260115,82.0,3.5822,0.69,106.9419,98.903,14.6268,21.5393,2449988.046,1589504.6706
300718.SZ,20260114,83.2,5.3831,1.08,108.5069,100.3504,14.8409,21.8545,2485841.5296,1612765.7146
300718.SZ,20260113,83.51,6.0979,1.3,108.9112,100.7243,14.8962,21.9359,2495103.6795,1618774.8176
300718.SZ,20260112,86.11,6.5003,1.49,112.302,103.8603,15.36,22.6189,2572786.2273,1669173.7462
300718.SZ,20260109,84.28,4.6488,0.93,109.9154,101.653,15.0335,22.1382,2518109.6648,1633700.6541
300718.SZ,20260108,83.88,3.4234,0.52,109.3937,101.1706,14.9622,22.0331,2506158.5036,1625946.9728
300718.SZ,20260107,83.58,4.2785,0.62,109.0025,100.8087,14.9087,21.9543,2497195.1327,1620131.7118
300718.SZ,20260106,84.39,4.661,0.66,110.0589,101.7857,15.0532,22.1671,2521396.2342,1635832.9165
300718.SZ,20260105,84.92,4.8681,0.63,110.7501,102.4249,15.1477,22.3063,2537231.5228,1646106.5442
300718.SZ,20251231,85.36,7.7186,1.16,111.3239,102.9556,15.2262,22.4219,2550377.8001,1654635.5937
300718.SZ,20251230,88.83,11.5655,2.14,115.8494,107.1409,15.8451,23.3333,2654054.1235,1721898.7791
300718.SZ,20251229,84.84,5.6681,0.96,110.6457,102.3285,15.1334,22.2853,2534841.2905,1644555.808
300718.SZ,20251226,83.78,5.6946,1.11,109.2633,101.05,14.9443,22.0068,2503170.7133,1624008.5525
300718.SZ,20251225,84.35,8.1856,2.14,110.0067,101.7375,15.046,22.1566,2520201.1181,1635057.5484
300718.SZ,20251224,80.33,2.2329,0.59,104.7639,96.8888,14.329,21.1006,2400091.948,1557133.0511
300718.SZ,20251223,79.98,5.1911,1.6,104.3075,96.4666,14.2665,21.0087,2389634.6819,1550348.5799
300718.SZ,20251222,83.24,8.2475,3.74,108.5591,100.3986,14.848,21.865,2487036.6457,1613541.0827
300718.SZ,20251219,78.35,1.6861,0.56,102.1817,94.5006,13.9758,20.5805,2340933.7001,1518752.3286
300718.SZ,20251218,77.72,1.7517,0.55,101.36,93.7408,13.8634,20.415,2322110.6212,1506540.2805
300718.SZ,20251217,78.8,2.0934,0.66,102.7685,95.0434,14.056,20.6987,2354378.7564,1527475.22
300718.SZ,20251216,77.73,2.4358,0.76,101.3731,93.7528,13.8652,20.4177,2322409.4002,1506734.1225
300718.SZ,20251215,79.94,3.0722,0.88,104.2553,96.4184,14.2594,20.9982,2388439.5658,1549573.2118
300718.SZ,20251212,82.17,5.6198,1.57,107.1636,99.1081,14.6572,21.5839,2455067.2895,1592799.9852
300718.SZ,20251211,80.25,2.613,0.66,104.6596,96.7923,14.3147,21.0796,2397701.7158,1555582.3148
300718.SZ,20251210,82.38,2.0485,0.51,107.4375,99.3614,14.6946,21.6391,2461341.6491,1596870.6679
300718.SZ,20251209,82.86,2.7385,0.69,108.0635,99.9403,14.7802,21.7652,2475683.0426,1606175.0854
300718.SZ,20251208,84.43,4.4485,1.12,110.111,101.8339,15.0603,22.1776,2522591.3503,1636608.2846
300718.SZ,20251205,83.92,6.0983,1.73,109.4459,101.2188,14.9693,22.0436,2507353.6198,1626722.3409
300718.SZ,20251204,80.82,4.4079,1.42,105.403,97.4798,14.4164,21.2293,2414732.1205,1566631.3107
300718.SZ,20251203,80.12,2.2049,0.68,104.4901,96.6355,14.2915,21.0455,2393817.5884,1553062.3684
300718.SZ,20251202,81.65,2.6345,0.77,106.4854,98.4809,14.5644,21.4473,2439530.78,1582720.1994
300718.SZ,20251201,84.15,4.5387,1.35,109.7459,101.4962,15.0103,22.104,2514225.5375,1631180.7077
300718.SZ,20251128,82.62,3.8464,1.02,107.7505,99.6508,14.7374,21.7021,2468512.3459,1601522.8766
300718.SZ,20251127,81.19,2.3271,0.53,105.8855,97.9261,14.4824,21.3265,2425786.9446,1573803.4659
300718.SZ,20251126,80.87,2.9801,0.71,105.4682,97.5401,14.4253,21.2425,2416226.0156,1567600.5209
300718.SZ,20251125,81.46,3.4541,0.89,106.2376,98.2517,14.5305,21.3974,2433853.9784,1579037.2008
300718.SZ,20251124,81.72,4.154,1.13,106.5767,98.5653,14.5769,21.4657,2441622.2332,1584077.0937
300718.SZ,20251121,82.84,6.0105,2.01,108.0374,99.9162,14.7767,21.7599,2475085.4845,1605787.4014
300718.SZ,20251120,81.65,5.3424,2.09,106.4854,98.4809,14.5644,21.4473,2439530.78,1582720.1994
300718.SZ,20251119,80.58,1.9043,0.72,105.09,97.1903,14.3735,21.1663,2407561.4237,1561979.1019
300718.SZ,20251118,80.47,2.081,0.77,104.9465,97.0577,14.3539,21.1374,2404274.8544,1559846.8396
300718.SZ,20251117,80.22,2.9756,1.17,104.6205,96.7561,14.3093,21.0717,2396805.3787,1555000.7887
300718.SZ,20251114,78.11,2.6143,1.03,101.8687,94.2112,13.933,20.5175,2333763.0033,1514100.1198
300718.SZ,20251113,81.16,3.1881,1.22,105.8464,97.8899,14.477,21.3186,2424890.6075,1573221.9398
300718.SZ,20251112,78.64,2.2952,0.91,102.5599,94.8504,14.0275,20.6567,2349598.2919,1524373.7475
300718.SZ,20251111,80.7,2.4998,0.93,105.2465,97.3351,14.3949,21.1978,2411146.7721,1564305.2063
300718.SZ,20251110,82.31,2.1105,0.74,107.3462,99.2769,14.6821,21.6207,2459250.1959,1595513.7736
300718.SZ,20251107,83.34,2.6544,0.85,108.6895,100.5193,14.8659,21.8913,2490024.436,1615479.503
300718.SZ,20251106,86.28,3.4722,1.06,112.5237,104.0653,15.3903,22.6635,2577865.4708,1672469.0607
300718.SZ,20251105,83.41,1.9099,0.55,108.7808,100.6037,14.8783,21.9097,2492115.8892,1616836.3973
300718.SZ,20251104,84.36,3.3593,0.94,110.0197,101.7495,15.0478,22.1592,2520499.8971,1635251.3904
300718.SZ,20251103,87.38,2.9542,0.8,113.9583,105.392,15.5865,22.9525,2610731.1641,1693791.6844
300718.SZ,20251031,87.58,3.9034,1.09,114.2192,105.6333,15.6222,23.005,2616706.7447,1697668.525
300718.SZ,20251030,86.36,4.2667,1.19,112.6281,104.1618,15.4046,22.6845,2580255.7031,1674019.797
300718.SZ,20251029,87.2,2.819,0.62,113.7236,105.1749,15.5544,22.9052,2605353.1416,1690302.5278
300718.SZ,20251028,86.93,3.8399,0.84,113.3714,104.8493,15.5062,22.8343,2597286.1078,1685068.7929
300718.SZ,20251027,87.7,3.5618,0.72,114.3757,109.2966,16.2455,23.0365,2620292.0931,1699994.6294
300718.SZ,20251024,86.6,3.45,0.72,112.9411,107.9257,16.0418,22.7476,2587426.3998,1678672.0058
300718.SZ,20251023,85.5,4.1845,0.92,111.5065,106.5548,15.838,22.4586,2554560.7065,1657349.3822
300718.SZ,20251022,88.3,7.7979,2.02,115.1582,110.0443,16.3567,23.1941,2638218.8349,1711625.1514
300718.SZ,20251021,85.8,3.742,0.98,111.8977,106.9287,15.8936,22.5374,2563524.0774,1663164.6431
300718.SZ,20251020,85.88,5.5338,1.59,112.0021,107.0284,15.9084,22.5585,2565914.3096,1664715.3794
300718.SZ,20251017,81.52,2.6679,0.72,106.3159,101.5947,15.1007,21.4132,2435646.6526,1580200.253
300718.SZ,20251016,84.19,3.0125,0.77,109.798,104.9222,15.5953,22.1145,2515420.6536,1631956.0758
300718.SZ,20251015,86.66,4.3638,1.18,113.0193,108.0005,16.0529,22.7633,2589219.074,1679835.058
300718.SZ,20251014,83.33,3.5832,0.97,108.6764,103.8504,15.436,21.8886,2489725.657,1615285.661
300718.SZ,20251013,85.79,3.7861,1.01,111.8847,106.9162,15.8917,22.5348,2563225.2984,1662970.8011
300718.SZ,20251010,88.7,3.7527,0.94,115.6798,110.5428,16.4308,23.2992,2650169.9961,1719378.8327
300718.SZ,20251009,91.08,4.0853,0.97,118.7838,113.5089,16.8716,23.9244,2721279.4052,1765513.2366
300718.SZ,20250930,90.54,3.3494,0.73,118.0795,112.8359,16.7716,23.7825,2705145.3376,1755045.7668
300718.SZ,20250929,90.59,3.4524,0.7,118.1447,112.8982,16.2771,23.7957,2706639.2328,1756014.9769
300718.SZ,20250926,89.75,4.1404,0.63,117.0492,111.8514,16.1262,23.575,2681541.7943,1739732.2462
300718.SZ,20250925,93.18,4.8976,0.54,121.5225,116.1261,16.7425,24.476,2784023.0015,1806220.0635
300718.SZ,20250924,93.0,5.1369,0.5,121.2878,115.9017,16.7101,24.4287,2778644.979,1802730.9069
300718.SZ,20250923,91.8,5.2834,0.43,119.7228,114.4062,16.4945,24.1135,2742791.4954,1779469.8629
300718.SZ,20250922,93.81,5.3455,0.39,122.3441,116.9112,16.8557,24.6415,2802846.0804,1818432.1116
300718.SZ,20250919,93.69,12.3288,0.97,122.1876,116.7616,16.8341,24.6099,2799260.7321,1816106.0072
300718.SZ,20250918,101.18,17.1265,1.62,131.9559,126.0961,18.1799,26.5774,3023046.2255,1961293.6899
300718.SZ,20250917,99.06,11.7315,1.29,129.191,123.454,17.799,26.0205,2959705.0712,1920199.1789
300718.SZ,20250916,102.0,15.3745,2.14,133.0253,127.118,18.3272,26.7928,3047546.106,1977188.7366
300718.SZ,20250915,96.81,11.7738,1.76,126.2566,120.65,17.3947,25.4295,2892479.7894,1876584.7215
300718.SZ,20250912,94.07,7.606,1.17,122.6832,117.2352,16.9024,24.7098,2810614.3352,1823472.0044
300718.SZ,20250911,93.4,6.4886,0.97,121.8094,116.4002,16.782,24.5338,2790596.1402,1810484.5882
300718.SZ,20250910,90.78,4.1545,0.54,118.3925,113.135,16.3112,23.8456,2712316.0343,1759697.9756
300718.SZ,20250909,91.66,5.9727,0.63,119.5402,114.2317,16.4694,24.0767,2738608.589,1776756.0745
300718.SZ,20250908,95.38,9.1768,1.06,124.3917,118.8678,17.1378,25.0539,2849754.3881,1848865.3108
300718.SZ,20250905,91.94,6.7856,0.79,119.9053,114.5807,16.5197,24.1503,2746974.4018,1782183.6514
300718.SZ,20250904,90.23,7.4197,0.83,117.6752,112.4496,16.2124,23.7011,2695883.1877,1749036.6638
300718.SZ,20250903,92.41,9.3236,1.07,120.5183,115.1664,16.6041,24.2737,2761017.0162,1791294.227
300718.SZ,20250902,96.92,14.9722,2.08,126.4001,120.787,17.4145,25.4584,2895766.3588,1878716.9838
300718.SZ,20250901,92.05,4.8345,0.59,120.0488,114.7178,16.5394,24.1792,2750260.9712,1784315.9138
300718.SZ,20250829,91.7,6.4902,0.78,119.5923,114.2816,16.4765,24.0872,2739803.7051,1777531.4426
300718.SZ,20250828,92.58,8.9675,1.04,120.74,115.3783,16.6347,24.3184,2766096.2597,1794589.5415
300718.SZ,20250827,93.05,8.2149,0.84,121.353,115.964,16.7191,24.4418,2780138.8742,1803700.1171
300718.SZ,20250826,96.23,7.4324,0.69,125.5002,125.0605,18.0864,25.2771,2875150.6057,1865555.5142
300718.SZ,20250825,98.7,9.5689,0.81,128.7215,128.2705,18.5506,25.9259,2948949.0261,1913439.9797
300718.SZ,20250822,97.36,7.2396,0.57,126.9739,126.529,18.2988,25.574,2908912.6361,1887462.1725
300718.SZ,20250821,96.53,10.6049,0.8,125.8915,125.4503,18.1428,25.3559,2884113.9766,1871371.4411
300718.SZ,20250820,101.3,13.888,1.04,132.1124,131.6494,19.0393,26.6089,3026631.5739,1963844.6803
300718.SZ,20250819,99.5,12.7761,1.03,129.7649,129.3101,18.701,26.1361,2972851.3485,1928949.1184
300718.SZ,20250818,101.65,14.3672,1.27,132.5688,132.1043,19.1051,26.7008,3037088.84,1970629.9284
300718.SZ,20250815,99.63,11.467,1.0,129.9344,129.4791,18.7254,26.1702,2976735.4759,1931469.3534
300718.SZ,20250814,98.15,14.1364,1.21,128.0042,127.5557,18.4472,25.7815,2932516.1795,1902777.4469
300718.SZ,20250813,99.15,13.8297,1.09,129.3084,128.8553,18.6352,26.0441,2962394.0825,1922163.8702
300718.SZ,20250812,96.45,8.4279,0.62,125.7871,125.3464,18.1277,25.3349,2881723.7444,1869820.5273
300718.SZ,20250811,96.69,8.5856,0.58,126.1001,125.6583,18.1728,25.398,2888894.4411,1874473.2689
300718.SZ,20250808,96.32,12.2744,0.89,125.6176,125.1774,18.1033,25.3008,2877839.617,1867300.2923
300718.SZ,20250807,102.8,15.2746,1.22,134.0686,133.5988,19.3212,27.0029,3071448.4284,1992924.3152
300718.SZ,20250806,102.0,18.8168,1.7,133.0253,132.5591,19.1708,26.7928,3047546.106,1977415.1766
300718.SZ,20250805,94.71,12.5166,1.13,123.5179,123.0851,17.8007,24.8779,2829736.1931,1836088.1507
300718.SZ,20250804,93.82,15.4861,1.52,122.3572,121.9284,17.6334,24.6441,2803144.8595,1818834.234
300718.SZ,20250801,86.17,6.8355,0.62,112.3803,111.9865,16.1956,22.6346,2574578.9015,1670528.0958
300718.SZ,20250731,88.3,9.1448,0.78,115.1582,114.7546,16.5959,23.1941,2638218.8349,1711821.1774
300718.SZ,20250730,90.62,11.2374,0.89,118.1838,117.7697,17.032,23.8035,2707535.5699,1756797.6794
300718.SZ,20250729,94.3,12.8875,0.84,122.9832,122.5522,17.7236,24.7702,2817486.2529,1828139.7172
300718.SZ,20250728,93.29,10.8563,0.6,121.666,121.2396,17.5338,24.5049,2787309.5709,1808559.4297
300718.SZ,20250725,91.57,11.3882,0.64,119.4228,119.0043,17.2105,24.0531,2735919.5777,1775214.7816
300718.SZ,20250724,95.56,12.1592,0.65,124.6264,124.1897,17.9605,25.1011,2855132.4107,1852566.6105
300718.SZ,20250723,93.53,16.0162,0.87,121.979,121.5515,17.5789,24.5679,2794480.2676,1813212.1712
300718.SZ,20250722,97.82,26.5953,1.62,127.5739,127.1268,18.3852,25.6948,2922656.4715,1896379.9272
300718.SZ,20250721,95.28,23.6358,1.56,124.2613,123.8258,17.9078,25.0276,2846766.5978,1847138.412
300718.SZ,20250718,79.4,10.7053,0.76,103.5511,103.1882,14.9232,20.8563,2372305.4982,1539282.01
300718.SZ,20250717,80.21,17.0536,1.48,104.6074,104.2409,15.0754,21.0691,2396506.5996,1554985.0129
300718.SZ,20250716,76.38,14.1926,1.38,99.6125,99.2634,14.3556,20.0631,2282074.2311,1480735.0117
300718.SZ,20250715,77.25,16.3887,2.16,100.7471,100.3941,14.5191,20.2916,2308068.0068,1497601.1999
300718.SZ,20250714,75.56,17.2495,3.77,98.543,98.1977,14.2015,19.8477,2257574.3507,1464838.1445
300718.SZ,20250711,67.99,5.716,1.44,88.6705,88.3598,12.7787,17.8592,2031398.625,1318082.9202
300718.SZ,20250710,66.27,4.0602,1.13,86.4273,86.1245,12.4554,17.4074,1980008.6318,1284738.2721
300718.SZ,20250709,68.0,7.8245,2.99,88.6835,88.3728,12.7806,17.8618,2031697.404,1318276.7844
300718.SZ,20250708,67.4,3.1534,1.19,87.901,87.593,12.6678,17.7042,2013770.6622,1306644.9304
300718.SZ,20250707,66.42,2.1004,0.73,86.6229,86.3194,12.4836,17.4468,1984490.3173,1287646.2356
300718.SZ,20250704,66.37,2.7603,0.82,86.5577,86.2544,12.4742,17.4337,1982996.4221,1286676.9144
300718.SZ,20250703,66.92,2.1247,0.45,87.275,86.9692,12.5776,17.5782,1999429.2688,1297339.4472
300718.SZ,20250702,67.26,2.9318,0.52,87.7184,87.4111,12.6415,17.6675,2009587.7558,1303930.8312
300718.SZ,20250701,68.59,3.3006,0.49,89.453,89.1395,12.8915,18.0168,2049325.3668,1329714.7741
300718.SZ,20250630,69.49,3.2675,0.49,90.6267,90.3092,13.0606,18.2532,2076215.4795,1347162.5551
300718.SZ,20250627,69.41,5.2215,0.79,90.5224,90.2052,13.0456,18.2322,2073825.2472,1345611.6413
300718.SZ,20250626,70.5,9.113,1.47,91.9439,91.6218,13.2504,18.5185,2106392.1615,1366742.8427
300718.SZ,20250625,70.8,7.1445,1.33,92.3352,92.0116,13.3068,18.5973,2115355.5324,1372558.7696
300718.SZ,20250624,69.48,8.9337,2.17,90.6137,90.2962,13.0587,18.2506,2075916.7004,1346968.6909
300718.SZ,20250623,65.41,2.6218,0.64,85.3057,85.0068,12.2938,17.1815,1954313.6352,1268065.9481
300718.SZ,20250620,65.3,5.2216,1.34,85.1623,84.8638,12.2731,17.1526,1951027.0659,1265933.4415
300718.SZ,20250619,68.47,6.9848,2.22,89.2965,88.9836,12.8689,17.9853,2045740.0184,1327388.4034
300718.SZ,20250618,67.73,3.1822,0.92,88.3314,88.0219,12.7298,17.7909,2023630.3702,1313042.4501
300718.SZ,20250617,67.64,2.5481,0.61,88.214,87.9049,12.7129,17.7673,2020941.3589,1311297.672
300718.SZ,20250616,68.2,2.4386,0.54,88.9444,88.6327,12.8182,17.9144,2037672.9846,1322154.0691
300718.SZ,20250613,68.19,4.3316,1.0,88.9313,88.6197,12.8163,17.9118,2037374.2056,1321960.2048
300718.SZ,20250612,70.02,3.2491,0.69,91.3179,90.998,13.1602,18.3924,2092050.7681,1357437.3595
300718.SZ,20250611,70.91,4.702,1.08,92.4787,92.1546,13.3275,18.6262,2118642.1017,1374691.2762
300718.SZ,20250610,70.87,6.1669,1.66,92.4265,92.1026,13.32,18.6157,2117446.9856,1373915.8193
300718.SZ,20250609,70.32,3.9252,1.04,91.7092,91.3878,13.2166,18.4712,2101014.139,1363253.2865
300718.SZ,20250606,69.97,3.6152,0.96,91.2527,90.933,13.1508,18.3793,2090556.8729,1356468.0383
300718.SZ,20250605,71.0,5.107,1.44,92.596,92.2716,13.3444,18.6499,2121331.113,1376436.0543
300718.SZ,20250604,69.89,3.025,0.77,91.1484,90.829,13.1358,18.3583,2088166.6407,1354917.1244
300718.SZ,20250603,69.18,2.8567,0.64,90.2224,89.9063,12.4552,18.1718,2066953.3295,1341152.7639
300718.SZ,20250530,69.14,4.2466,0.85,90.1703,89.8543,12.448,18.1613,2065758.2134,1340377.307
300718.SZ,20250529,70.57,3.5009,0.56,92.0352,91.7127,12.7055,18.5369,2108483.6147,1368099.8923
300718.SZ,20250528,70.4,4.0591,0.63,91.8135,91.4918,12.6749,18.4923,2103404.3712,1364804.2003
300718.SZ,20250527,70.56,4.8618,0.77,92.0222,91.6997,12.7037,18.5343,2108184.8357,1367906.028
300718.SZ,20250526,72.72,5.8086,0.9,94.8392,94.5069,13.0926,19.1017,2172721.1062,1409780.7024
300718.SZ,20250523,74.5,6.8235,1.07,97.1606,96.8202,13.4131,19.5692,2225903.7735,1444288.5359
300718.SZ,20250522,76.94,9.9422,1.77,100.3428,99.9912,13.8524,20.2102,2298805.8568,1491591.4087
300718.SZ,20250521,74.3,4.6854,0.75,96.8998,96.5602,13.377,19.5167,2219928.1929,1440411.2512
300718.SZ,20250520,75.05,4.3663,0.62,97.8779,97.5349,13.5121,19.7137,2242336.6202,1454951.0687
300718.SZ,20250519,74.62,6.3576,0.78,97.3171,96.9761,13.4347,19.6007,2229489.1219,1446614.9066
300718.SZ,20250516,77.64,6.5074,0.78,101.2557,100.9009,13.9784,20.394,2319720.3889,1505161.905
300718.SZ,20250515,76.8,6.2415,0.72,100.1602,99.8092,13.8271,20.1734,2294622.9504,1488877.3094
300718.SZ,20250514,80.13,7.8777,0.83,104.5031,104.1369,14.4267,21.0481,2394116.3674,1553434.099
300718.SZ,20250513,79.71,8.1396,0.82,103.9553,103.5911,14.3511,20.9378,2381567.6481,1545291.8012
300718.SZ,20250512,82.0,12.0447,1.27,106.9419,106.5672,14.7634,21.5393,2449988.046,1589686.7106
300718.SZ,20250509,77.9,7.5468,0.8,101.5948,101.2388,14.0252,20.4623,2327488.6437,1510202.3751
300718.SZ,20250508,80.21,7.9365,0.89,104.6074,104.2409,14.4411,21.0691,2396506.5996,1554985.0129
300718.SZ,20250507,80.96,11.9464,1.51,105.5856,105.2156,14.5761,21.2661,2418915.0269,1569524.8304
300718.SZ,20250506,81.63,9.8812,1.16,106.4593,106.0863,14.6967,21.4421,2438933.2219,1582513.734
300718.SZ,20250430,79.95,9.9889,0.97,104.2683,103.903,14.3943,21.0008,2388738.3449,1549944.5428
300718.SZ,20250429,76.9,7.4578,0.75,100.2906,99.9392,13.8451,20.1996,2297610.7407,1490815.9518
300718.SZ,20250428,75.63,5.2362,0.5,98.6343,98.2887,13.6165,19.866,2259665.8039,1466195.1942
300718.SZ,20250425,78.02,7.1004,0.73,101.7513,101.3947,14.0468,20.4938,2331073.9921,1512528.7459
300718.SZ,20250424,79.66,12.9606,1.53,103.8901,103.5261,14.3421,20.9246,2380073.753,1544322.4801
300718.SZ,20250423,82.8,18.9899,3.15,107.9852,107.6068,14.9074,21.7494,2473890.3684,1605195.8492
300718.SZ,20250422,73.54,5.2242,0.74,90.7048,94.3851,14.0263,19.8762,2197220.9866,1425677.5695
300718.SZ,20250421,76.25,7.6009,1.06,94.0473,97.8632,14.5432,20.6086,2278190.1038,1478214.7766
300718.SZ,20250418,73.72,3.9804,0.46,90.9268,94.6161,14.0606,19.9248,2202599.0092,1429167.1257
300718.SZ,20250417,74.74,6.4762,0.63,92.1849,95.9252,14.2552,20.2005,2233074.4702,1448941.2774
300718.SZ,20250416,74.81,6.8236,0.58,92.2712,96.015,14.2685,20.2194,2235165.9234,1450298.3271
300718.SZ,20250415,77.5,10.6555,0.92,95.5891,99.4675,14.7816,20.9465,2315537.4825,1502447.8058
300718.SZ,20250414,75.97,7.8288,0.62,93.7019,97.5038,14.4898,20.5329,2269824.2909,1472786.5781
300718.SZ,20250411,76.58,11.0779,0.94,94.4543,98.2868,14.6061,20.6978,2288049.8117,1484612.2963
300718.SZ,20250410,76.07,14.9319,1.47,93.8253,97.6322,14.5088,20.56,2272812.0812,1474725.2204
300718.SZ,20250409,73.25,13.9658,1.49,90.3471,94.0129,13.971,19.7978,2188556.3948,1420055.5067
300718.SZ,20250408,68.55,10.2005,1.0,84.5501,87.9806,13.0745,18.5275,2048130.2507,1328939.3172
300718.SZ,20250407,65.36,13.12,1.49,80.6155,83.8864,12.4661,17.6653,1952819.7401,1267096.6269
300718.SZ,20250403,79.84,6.8466,0.77,98.4752,102.4708,15.2279,21.5789,2385451.7755,1547812.0363
300718.SZ,20250402,81.89,6.5031,0.72,101.0037,105.1019,15.6189,22.133,2446701.4767,1587554.204
300718.SZ,20250401,81.92,10.2806,1.19,101.0407,105.1404,15.6246,22.1411,2447597.8138,1588135.7967
300718.SZ,20250331,84.9,14.2239,1.82,104.7163,108.9651,16.193,22.9465,2536633.9647,1645907.3382
300718.SZ,20250328,81.54,6.2143,0.69,100.572,104.6527,15.5521,22.0384,2436244.2106,1580768.9559
300718.SZ,20250327,82.57,7.3222,0.74,101.8424,105.9746,15.7486,22.3168,2467018.4507,1600736.9719
300718.SZ,20250326,83.76,6.8312,0.64,103.3102,107.5019,15.9756,22.6384,2502573.1553,1623806.8156
300718.SZ,20250325,83.41,8.735,0.73,102.8785,107.0527,15.9088,22.5438,2492115.8892,1617021.5675
300718.SZ,20250324,87.4,9.9239,0.8,107.7998,112.1737,16.6698,23.6222,2611328.7222,1694373.3964
300718.SZ,20250321,89.39,12.427,0.98,110.2543,114.7278,17.0494,24.1601,2670785.7492,1732952.3788
300718.SZ,20250320,95.55,11.7998,0.9,117.8521,122.6338,18.2243,25.825,2854833.6317,1852372.7463
300718.SZ,20250319,95.2,10.6976,0.79,117.4204,122.1846,18.1575,25.7304,2844376.3656,1845587.4982
300718.SZ,20250318,96.92,14.6049,1.04,119.5418,124.3922,18.4856,26.1952,2895766.3588,1878932.1462
300718.SZ,20250317,95.44,12.397,0.87,117.7164,122.4927,18.2033,25.7952,2851547.0623,1850240.2398
300718.SZ,20250314,95.06,14.124,0.96,117.2477,122.0049,18.1308,25.6925,2840193.4592,1842873.3989
300718.SZ,20250313,92.71,13.401,0.82,114.3492,118.9888,17.6826,25.0574,2769980.3871,1797315.3041
300718.SZ,20250312,99.71,13.5941,0.75,122.983,127.973,19.0177,26.9493,2979125.7081,1933020.2672
300718.SZ,20250311,103.48,16.9116,0.87,127.633,132.8116,19.7367,27.9683,3091765.4024,2006107.0831
300718.SZ,20250310,98.23,12.85,0.63,121.1576,126.0735,18.7354,26.5493,2934906.4117,1904328.3608
300718.SZ,20250307,102.3,16.6015,0.8,126.1776,131.2971,19.5117,27.6493,3056509.4769,1983231.1036
300718.SZ,20250306,108.34,21.5299,1.1,133.6273,139.0492,20.6637,29.2818,3236972.011,2100325.1003
300718.SZ,20250305,108.38,22.6146,1.14,133.6767,139.1005,20.6713,29.2926,3238167.1271,2101100.5573
300718.SZ,20250304,105.0,23.1195,1.16,129.5078,134.7625,20.0267,28.3791,3137179.815,2035574.4465
300718.SZ,20250303,95.0,18.193,0.91,117.1737,121.9279,18.1194,25.6763,2838400.785,1841710.2135
300718.SZ,20250228,92.9,17.7921,0.83,114.5835,119.2327,17.7188,25.1087,2775657.1887,1800998.7246
300718.SZ,20250227,101.51,16.4075,0.67,125.2032,130.2832,19.361,27.4358,3032905.9335,1967915.8292
300718.SZ,20250226,106.67,23.588,0.93,131.5675,136.9058,20.3452,28.8304,3187075.913,2067949.7734
300718.SZ,20250225,107.5,23.7662,0.87,132.5913,137.9711,20.5035,29.0548,3211874.5725,2084040.5048
300718.SZ,20250224,101.1,18.2838,0.62,124.6975,129.757,19.2828,27.325,3020655.9933,1959967.3956
300718.SZ,20250221,108.1,25.2282,0.87,133.3313,138.7412,20.6179,29.2169,3229801.3143,2095672.3587
300718.SZ,20250220,107.0,31.9448,1.2,131.9746,137.3294,20.4081,28.9196,3196935.621,2074347.2931
300718.SZ,20250219,98.77,27.7503,1.12,121.8236,126.7666,18.8384,26.6953,2951040.4793,1914797.0293
300718.SZ,20250218,82.31,33.2873,1.44,101.5217,105.6409,15.699,22.2465,2459250.1959,1595696.5018
300718.SZ,20250217,77.6,30.4333,1.43,95.7124,99.5959,14.8007,20.9735,2318525.2728,1504386.4481
300718.SZ,20250214,64.67,21.232,0.91,79.7644,83.0008,12.3345,17.4788,1932203.987,1253719.9948
300718.SZ,20250213,67.85,20.3276,0.81,83.6867,87.0822,12.941,18.3383,2027215.7186,1315368.8209
300718.SZ,20250212,71.78,18.9637,0.73,88.534,92.1262,13.6906,19.4005,2144635.8773,1391557.4645
300718.SZ,20250211,72.5,24.806,0.99,89.422,93.0503,13.8279,19.5951,2166147.9675,1405515.6893
300718.SZ,20250210,68.0,20.838,0.81,83.8717,87.2747,12.9696,18.3788,2031697.404,1318276.7844
300718.SZ,20250207,69.85,31.4384,1.29,86.1535,89.6491,13.3225,18.8788,2086971.5246,1354141.6675
300718.SZ,20250206,64.67,29.7678,1.27,79.7644,83.0008,12.3345,17.4788,1932203.987,1253719.9948
300718.SZ,20250205,53.89,23.199,0.93,66.4683,69.1652,10.2784,14.5652,1610120.1927,1044734.3516
300718.SZ,20250127,54.09,19.4396,0.72,66.715,69.4219,10.3166,14.6193,1616095.7733,1048611.6363
300718.SZ,20250124,57.29,24.8692,0.92,70.6619,73.529,10.9269,15.4842,1711705.0629,1110648.1909
300718.SZ,20250123,53.0,25.0443,0.94,65.3706,68.023,10.1087,14.3247,1583528.859,1027480.4349
300718.SZ,20250122,54.03,24.1867,0.88,66.641,69.3449,10.3051,14.6031,1614303.0991,1047448.4509
300718.SZ,20250121,53.78,31.4737,1.2,66.3326,69.024,10.2575,14.5355,1606833.6233,1042601.8451
300718.SZ,20250120,47.75,28.593,1.13,58.8952,61.2848,9.1074,12.9057,1426669.8683,925701.7126
300718.SZ,20250117,39.79,25.7033,0.99,49.0773,51.0686,7.5892,10.7543,1188841.7604,771385.7831
300718.SZ,20250116,40.09,23.9271,0.93,49.4473,51.4536,7.6464,10.8354,1197805.1313,777201.7101
300718.SZ,20250115,39.0,27.1657,1.05,48.1029,50.0546,7.4385,10.5408,1165238.217,756070.5087
300718.SZ,20250114,37.4,26.2398,1.02,46.1294,48.0011,7.1333,10.1084,1117433.5722,725052.2314
300718.SZ,20250113,32.37,23.5169,0.92,39.9254,41.5453,6.1739,8.7489,967147.7201,627538.5222
300718.SZ,20250110,33.63,28.8507,1.08,41.4795,43.1625,6.4143,9.0894,1004793.8779,651965.4156
300718.SZ,20250109,31.61,23.2799,0.82,38.988,40.5699,6.029,8.5435,944440.5138,612804.8405
002046.SZ,20260702,72.4,4.764,0.85,149.1119,238.4829,8.9001,12.8595,3882022.116,3838488.72
002046.SZ,20260701,70.45,3.3978,0.56,145.0958,232.0597,8.6604,12.5132,3777464.8905,3735104.01
002046.SZ,20260630,73.65,3.7064,0.58,151.6864,242.6004,9.0538,13.0815,3949045.9785,3904760.97
002046.SZ,20260629,73.8,5.538,0.87,151.9953,243.0945,9.0722,13.1082,3957088.842,3912713.64
002046.SZ,20260626,74.32,5.4004,0.86,153.0663,244.8073,9.1361,13.2005,3984970.7688,3940282.896
002046.SZ,20260625,75.41,10.0913,2.06,155.3112,248.3978,9.2701,13.3941,4043415.5769,3998072.298
002046.SZ,20260624,69.95,5.7669,1.27,144.066,230.4127,8.5989,12.4244,3750655.3455,3708595.11
002046.SZ,20260623,63.59,5.1238,1.2,130.9672,209.4631,7.8171,11.2947,3409637.9331,3371401.902
002046.SZ,20260622,68.65,5.5899,1.4,141.3886,226.1306,8.4391,12.1935,3680950.5285,3639671.97
002046.SZ,20260618,63.69,4.9028,1.3,131.1732,209.7925,7.8294,11.3125,3414999.8421,3376703.682
002046.SZ,20260617,62.01,3.132,0.7,127.7131,204.2586,7.6229,11.0141,3324919.7709,3287633.778
002046.SZ,20260616,62.59,3.982,0.74,128.9077,206.1691,7.6942,11.1171,3356018.8431,3318384.102
002046.SZ,20260615,62.7,3.727,0.6,129.1342,206.5315,7.7077,11.1366,3361916.943,3324216.06
002046.SZ,20260612,59.19,4.213,0.69,121.9052,194.9697,7.2762,10.5132,3173713.9371,3138123.582
002046.SZ,20260611,57.73,3.7773,0.59,118.8982,190.1605,7.0967,10.2539,3095429.8001,3060717.4728
002046.SZ,20260610,59.18,6.6334,1.07,121.8846,194.9367,7.275,10.5114,3173177.474,3137593.2797
002046.SZ,20260609,65.03,8.3888,1.58,133.933,214.2064,7.9941,11.5505,3486849.1236,3447747.3974
002046.SZ,20260608,60.37,8.1588,1.89,124.3354,198.8565,7.4213,10.7228,3236984.1856,3200684.4592
002046.SZ,20260605,54.88,3.4841,0.79,113.0285,180.7727,6.7464,9.7477,2942615.4068,2909616.7488
002046.SZ,20260604,56.18,5.4812,1.29,115.7059,185.0548,6.9062,9.9786,3012320.2178,2978539.886
002046.SZ,20260603,56.98,5.4535,1.43,117.3536,187.69,7.0045,10.1207,3055215.4861,3020954.1243
002046.SZ,20260602,51.8,3.8991,1.06,106.685,170.6273,6.3678,9.2006,2777468.6237,2746321.9312
002046.SZ,20260601,50.11,3.2162,0.8,103.2044,165.0605,6.16,8.9004,2686852.3694,2656721.8528
002046.SZ,20260529,53.0,3.9901,0.99,109.1565,174.58,6.5153,9.4137,2841811.5262,2809943.2887
002046.SZ,20260528,55.75,4.7027,1.24,114.8203,183.6384,6.8533,9.9022,2989264.0111,2955742.2329
002046.SZ,20260527,51.61,3.247,0.92,106.2937,170.0014,6.3444,9.1668,2767280.9975,2736248.5496
002046.SZ,20260526,54.66,3.2215,0.92,112.5754,180.048,6.7193,9.7086,2930819.208,2897952.8332
002046.SZ,20260525,56.33,4.9122,1.53,116.0148,185.5489,6.9246,10.0052,3020363.0806,2986492.5557
002046.SZ,20260522,54.99,4.0363,1.29,113.255,181.135,6.7599,9.7672,2948513.5061,2915448.7065
002046.SZ,20260521,49.99,3.5335,1.11,102.9572,164.6652,6.1453,8.8791,2680418.0791,2650359.717
002046.SZ,20260520,51.07,1.9448,0.52,105.1816,168.2227,6.278,9.0709,2738326.6914,2707618.9388
002046.SZ,20260519,51.46,3.0112,0.79,105.9848,169.5073,6.326,9.1402,2759238.1347,2728295.8799
002046.SZ,20260518,52.48,3.4931,0.88,108.0855,172.8672,6.4514,9.3214,2813929.6018,2782374.0338
002046.SZ,20260515,54.36,3.7093,0.94,111.9575,179.0598,6.6825,9.6553,2914733.4823,2874573.9343
002046.SZ,20260514,57.18,3.7208,0.92,117.7655,188.3488,7.0291,10.1562,3065939.3032,3023696.4231
002046.SZ,20260513,59.49,4.7688,1.18,122.523,195.9578,7.3131,10.5665,3189799.3904,3145849.9512
002046.SZ,20260512,57.43,3.3175,0.84,118.2804,189.1723,7.0599,10.2006,3079344.0745,3036916.5019
002046.SZ,20260511,58.51,4.3538,1.27,120.5047,192.7298,7.1926,10.3924,3137252.6868,3094027.2424
002046.SZ,20260508,57.47,3.6254,1.12,118.3627,189.304,7.0648,10.2077,3081488.8379,3039031.7145
002046.SZ,20260507,56.27,4.1497,1.48,115.8913,185.3513,6.9173,9.9945,3017145.9355,2975575.3363
002046.SZ,20260506,55.89,4.6827,2.0,115.1086,184.0996,6.8705,9.927,2996770.683,2955480.8165
002046.SZ,20260430,52.21,2.9415,1.29,107.5295,171.9778,6.4182,9.2734,2799452.4487,2760881.2566
002046.SZ,20260429,50.14,1.6886,0.69,103.2662,165.1593,6.1637,8.9057,2688460.942,2651419.0041
002046.SZ,20260428,50.1,2.6679,0.99,103.1838,165.0275,6.1588,8.8986,2686316.1785,2649303.7915
002046.SZ,20260427,51.8,2.0676,0.66,106.685,106.685,6.3562,9.2006,2777468.6237,2739200.3274
002046.SZ,20260424,51.98,2.3156,0.73,107.0558,107.0558,6.3783,9.2326,2787120.0591,2748718.7841
002046.SZ,20260423,53.31,2.6358,0.82,109.795,109.795,6.5415,9.4688,2858433.4427,2819049.6033
002046.SZ,20260422,54.2,2.4956,0.73,111.628,111.628,6.6507,9.6269,2906154.4287,2866113.0838
002046.SZ,20260421,53.27,4.014,1.09,109.7126,109.7126,6.5366,9.4617,2856288.6793,2816934.3907
002046.SZ,20260420,54.04,4.2382,1.27,111.2985,111.2985,6.631,9.5985,2897575.375,2857652.2334
002046.SZ,20260417,50.1,2.4585,0.73,103.1838,103.1838,6.1476,8.8986,2686316.1785,2649303.7915
002046.SZ,20260416,49.55,2.8509,0.8,102.051,102.051,6.0801,8.801,2656825.6816,2620219.6182
002046.SZ,20260415,48.37,3.5694,1.07,99.6208,99.6208,5.9353,8.5914,2593555.1608,2557820.8462
002046.SZ,20260414,48.95,5.3255,2.11,100.8153,100.8153,6.0065,8.6944,2624654.2303,2588491.429
002046.SZ,20260413,46.26,2.5156,1.11,88.6485,88.1417,5.7316,9.3334,2480418.8906,2446243.3812
002046.SZ,20260410,47.53,2.5398,1.24,91.0822,90.5614,5.8889,9.5897,2548515.1291,2513401.3815
002046.SZ,20260409,46.67,3.8559,2.5,89.4342,88.9228,5.7824,9.4161,2502402.7156,2467924.3104
002046.SZ,20260408,45.97,2.4992,1.77,88.0927,87.5891,5.6956,9.2749,2464869.3558,2430908.0897
002046.SZ,20260407,41.79,1.2071,0.8,80.0826,79.6247,5.1777,8.4316,2240741.5789,2209868.3722
002046.SZ,20260403,42.51,1.2453,0.81,81.4623,80.9966,5.2669,8.5768,2279347.3204,2247942.1992
002046.SZ,20260402,42.8,1.4131,0.92,82.018,81.5491,5.3029,8.6353,2294896.8551,2263277.4906
002046.SZ,20260401,44.16,1.3604,0.83,84.6242,84.1404,5.4714,8.9097,2367818.8113,2335194.7192
002046.SZ,20260331,43.76,1.8463,1.03,83.8577,83.3783,5.4218,8.829,2346371.1771,2314042.5932
002046.SZ,20260330,44.12,1.6423,0.78,84.5476,84.0642,5.4664,8.9017,2365674.0478,2333079.5066
002046.SZ,20260327,43.2,1.4359,0.66,82.7846,82.3113,5.3524,8.716,2316344.4893,2284429.6166
002046.SZ,20260326,43.16,1.4361,0.62,82.7079,82.2351,5.3475,8.708,2314199.7259,2282314.404
002046.SZ,20260325,44.01,1.8463,0.79,84.3368,83.8546,5.4528,8.8795,2359775.9485,2327262.672
002046.SZ,20260324,43.98,2.5899,1.11,84.2793,83.7974,5.4491,8.8734,2358167.3759,2325676.2625
002046.SZ,20260323,42.28,3.2157,1.41,81.0216,80.5583,5.2385,8.5304,2267014.9307,2235779.7267
002046.SZ,20260320,45.94,1.8723,0.7,88.0353,87.5319,5.6919,9.2689,2463260.7833,2429321.6803
002046.SZ,20260319,46.32,2.1297,0.71,88.776,88.2685,5.7389,9.3468,2483987.9797,2449340.5132
002046.SZ,20260318,47.98,1.8356,0.54,91.9576,91.4318,5.9446,9.6818,2573008.2743,2537119.124
002046.SZ,20260317,47.71,2.591,0.72,91.4401,90.9173,5.9112,9.6273,2558529.0698,2522841.8801
002046.SZ,20260316,48.16,2.9833,0.79,92.3025,91.7748,5.9669,9.7181,2582661.0774,2546637.2866
002046.SZ,20260313,47.2,3.9108,1.02,90.4626,89.9454,5.848,9.5244,2531179.4612,2495873.7526
002046.SZ,20260312,50.04,3.5783,0.81,95.9057,95.3574,6.1998,10.0975,2683479.2423,2646049.2072
002046.SZ,20260311,52.02,3.9069,0.91,99.7005,99.1305,6.4452,10.497,2789660.0757,2750748.996
002046.SZ,20260310,52.6,3.6164,0.77,100.8122,100.2358,6.517,10.6141,2820763.5521,2781418.6311
002046.SZ,20260309,50.45,3.9777,0.72,96.6915,96.1387,6.2506,10.1802,2705466.1826,2667729.4665
002046.SZ,20260306,52.06,4.1387,0.68,99.7772,99.2068,6.4501,10.5051,2791805.143,2752864.1433
002046.SZ,20260305,52.17,6.4886,1.2,99.988,99.4164,6.4637,10.5273,2797704.0782,2758680.7982
002046.SZ,20260304,48.32,3.34,0.61,92.6092,92.0797,5.9867,9.7504,2591241.3467,2555097.8756
002046.SZ,20260303,49.59,5.6499,1.11,95.0433,94.4999,6.1441,10.0067,2659347.2348,2622253.8007
002046.SZ,20260302,54.0,8.1572,2.11,103.4954,102.9037,6.6905,10.8966,2895840.909,2855448.7848
002046.SZ,20260227,52.57,6.9442,2.14,100.7547,100.1786,6.5133,10.608,2819154.7516,2779832.2707
002046.SZ,20260226,47.79,3.0482,0.99,91.5934,91.0697,5.9211,9.6435,2562819.2045,2527072.1745
002046.SZ,20260225,47.67,3.6517,1.3,91.3634,90.8411,5.9062,9.6193,2556384.0024,2520726.7328
002046.SZ,20260224,46.93,3.5408,1.35,89.9451,89.4309,5.8145,9.4699,2516700.2567,2481596.5087
002046.SZ,20260213,45.09,2.1278,0.77,86.4186,85.9246,5.5865,9.0986,2418027.159,2384299.7353
002046.SZ,20260212,45.22,3.8553,1.61,86.6678,86.1723,5.6027,9.1249,2424998.6279,2391173.9639
002046.SZ,20260211,45.43,2.1728,0.84,87.0703,86.5725,5.6287,9.1673,2436260.2314,2402278.4869
002046.SZ,20260210,45.75,2.3957,0.82,87.6836,87.1823,5.6683,9.2318,2453420.7701,2419199.6649
002046.SZ,20260209,46.01,2.5321,0.76,88.1819,87.6777,5.7005,9.2843,2467363.7078,2432948.122
002046.SZ,20260206,46.12,2.9242,0.88,88.3927,87.8874,5.7142,9.3065,2473262.643,2438764.7769
002046.SZ,20260205,46.91,1.9702,0.54,89.9068,89.3928,5.812,9.4659,2515627.723,2480538.9351
002046.SZ,20260204,47.44,3.1301,0.78,90.9226,90.4028,5.8777,9.5729,2544049.8652,2508564.6361
002046.SZ,20260203,48.72,4.1008,0.97,93.3758,92.842,6.0363,9.8311,2612692.0201,2576249.3481
002046.SZ,20260202,46.7,4.6419,1.0,89.5043,88.9926,5.786,9.4235,2504366.1195,2469434.412
002046.SZ,20260130,44.99,2.685,0.49,86.227,85.734,5.5742,9.0785,2412664.4907,2379011.8672
002046.SZ,20260129,45.87,3.6856,0.66,87.9136,87.4109,5.6832,9.256,2459855.9721,2425545.1066
002046.SZ,20260128,47.51,4.8909,0.95,91.0568,90.5362,5.8864,9.587,2547803.7331,2512266.1438
002046.SZ,20260127,46.9,5.2709,1.08,89.8876,89.3737,5.8108,9.4639,2515091.4562,2480010.1483
002046.SZ,20260126,44.35,6.6444,1.51,85.0004,84.5144,5.4949,8.9493,2378343.4132,2345169.5112
002046.SZ,20260123,48.97,6.7532,1.73,93.855,93.3184,6.0673,9.8816,2626098.691,2589469.0184
002046.SZ,20260122,47.35,4.354,1.02,90.7501,90.2313,5.8666,9.5547,2539223.4637,2503805.5548
002046.SZ,20260121,46.44,2.7469,0.47,89.006,88.4972,5.7538,9.3711,2490423.1817,2455685.9549
002046.SZ,20260120,46.28,3.9774,0.5,88.6994,88.1923,5.734,9.3388,2481842.9124,2447225.3659
002046.SZ,20260119,47.15,4.1152,0.47,90.3668,89.8501,5.8418,9.5143,2528498.127,2493229.8186
002046.SZ,20260116,46.81,4.2716,0.46,89.7152,89.2022,5.7997,9.4457,2510265.0546,2475251.067
002046.SZ,20260115,47.9,6.2799,0.68,91.8042,91.2794,5.9347,9.6657,2568718.1397,2532888.8295
002046.SZ,20260114,49.76,10.6439,1.31,95.3691,94.8238,6.1652,10.041,2668463.771,2631243.1765
002046.SZ,20260113,51.77,14.6231,2.32,99.2214,98.6541,6.4142,10.4466,2776253.4048,2737529.3257
002046.SZ,20260112,51.03,7.7052,1.27,97.8031,97.244,6.3225,10.2973,2736569.659,2698399.1016
002046.SZ,20260109,46.39,7.6508,1.27,88.9102,88.4019,5.7476,9.361,2487741.8476,2453042.0209
002046.SZ,20260108,42.17,5.2715,0.87,80.8222,80.3601,5.2248,8.5094,2261437.2432,2229893.9862
002046.SZ,20260107,41.55,5.426,0.88,79.6339,79.1787,5.148,8.3843,2228188.6994,2197109.2039
002046.SZ,20260106,42.68,5.5254,0.78,81.7997,81.332,5.288,8.6123,2288786.8518,2256862.1136
002046.SZ,20260105,42.3,6.5219,0.82,81.0714,80.6079,5.2409,8.5357,2268408.7121,2236768.2148
002046.SZ,20251231,43.18,7.4103,0.9,82.758,82.2848,5.3499,8.7132,2315600.1935,2283301.4542
002046.SZ,20251230,41.7,5.4055,0.51,79.9214,79.4645,5.1665,8.4146,2236232.702,2205041.006
002046.SZ,20251229,42.69,6.0802,0.57,81.8188,81.3511,5.2892,8.6144,2289323.1186,2257390.9004
002046.SZ,20251226,44.0,9.8415,0.95,84.3296,83.8474,5.4515,8.8787,2359574.074,2326661.9728
002046.SZ,20251225,44.55,11.1602,1.25,85.3837,84.8955,5.5196,8.9897,2389068.7499,2355745.2475
002046.SZ,20251224,44.91,8.5937,1.06,86.0737,85.5815,5.5642,9.0623,2408374.356,2374781.5727
002046.SZ,20251223,40.83,16.8983,2.93,78.254,77.8066,5.0587,8.239,2189577.4873,2159036.5534
002046.SZ,20251222,43.59,6.7285,1.19,83.5438,83.0661,5.4007,8.796,2337587.1338,2304981.7135
002046.SZ,20251219,39.63,8.384,1.61,75.9541,75.5199,4.9101,7.9969,2125225.4671,2095582.136
002046.SZ,20251218,36.03,4.0434,0.7,69.0544,68.6596,4.464,7.2704,1932169.4065,1905218.8836
002046.SZ,20251217,35.33,4.3193,0.68,67.7128,67.3257,4.3773,7.1292,1894630.7281,1868203.8068
002046.SZ,20251216,35.81,5.3529,0.83,68.6328,68.2404,4.4368,7.2261,1920371.5361,1893585.5738
002046.SZ,20251215,37.72,6.1029,0.89,72.2934,71.8801,4.6734,7.6115,2022798.5016,1994583.8549
002046.SZ,20251212,37.39,6.1665,0.9,71.661,71.2513,4.6325,7.5449,2005101.6961,1977133.8901
002046.SZ,20251211,37.01,6.8472,0.99,70.9327,70.5271,4.5855,7.4682,1984723.5563,1957039.9912
002046.SZ,20251210,35.97,7.0822,0.98,68.9394,68.5453,4.4566,7.2583,1928951.8055,1902046.1628
002046.SZ,20251209,36.09,6.0082,0.83,69.1694,68.774,4.4715,7.2826,1935387.0075,1908391.6045
002046.SZ,20251208,35.45,8.2969,1.15,67.9428,67.5544,4.3922,7.1534,1901065.9301,1874549.2485
002046.SZ,20251205,33.58,6.1736,0.75,64.3588,63.9908,4.1605,6.7761,1800784.0319,1775666.1147
002046.SZ,20251204,32.66,6.8884,0.88,62.5955,62.2377,4.0465,6.5904,1751447.4831,1727017.728
002046.SZ,20251203,32.81,8.7308,1.23,62.883,62.5235,4.0651,6.6207,1759491.4856,1734949.5302
002046.SZ,20251202,32.66,6.1198,0.82,62.5955,62.2377,4.0465,6.5904,1751447.4831,1727017.728
002046.SZ,20251201,32.93,8.2091,1.08,63.113,62.7522,4.08,6.6449,1765926.6877,1741294.9719
002046.SZ,20251128,32.95,11.4231,1.91,63.1513,62.7903,4.0824,6.6489,1766999.2213,1742352.5455
002046.SZ,20251127,30.46,4.5779,0.78,58.3791,58.0453,3.7739,6.1465,1633468.7794,1610684.6294
002046.SZ,20251126,31.45,5.0465,0.81,60.2765,59.9319,3.8966,6.3463,1686559.1961,1663034.5237
002046.SZ,20251125,31.77,8.2744,1.58,60.8898,60.5417,3.9362,6.4108,1703719.7348,1679955.7017
002046.SZ,20251124,31.54,8.7055,2.02,60.449,60.1034,3.9077,6.3644,1691385.5976,1667793.605
002046.SZ,20251121,28.67,3.3475,0.77,54.9484,54.6342,3.5521,5.7853,1537477.0159,1516031.79
002046.SZ,20251120,28.94,4.0012,0.94,55.4659,55.1487,3.5856,5.8398,1551956.2205,1530309.0339
002046.SZ,20251119,29.45,6.664,1.68,56.4433,56.1206,3.6488,5.9427,1579305.8291,1557277.1613
002046.SZ,20251118,28.34,3.5346,0.77,54.3159,54.0054,3.5113,5.7187,1519780.2104,1498581.8252
002046.SZ,20251117,28.26,3.9641,0.94,54.1626,53.8529,3.5014,5.7025,1515490.0757,1494351.5307
002046.SZ,20251114,27.31,3.6114,0.88,52.3418,52.0426,3.3836,5.5108,1464544.7264,1444116.7836
002046.SZ,20251113,26.84,3.4099,0.9,51.441,51.1469,3.3254,5.416,1439340.1851,1419263.8034
002046.SZ,20251112,27.15,5.2952,1.7,52.0352,51.7377,3.3638,5.4786,1455964.457,1435656.1946
002046.SZ,20251111,29.23,6.7224,2.95,56.0217,55.7014,3.6215,5.8983,1567507.9587,1545643.8515
002046.SZ,20251110,27.97,2.0944,0.89,53.6068,53.3003,3.4654,5.644,1499938.3375,1479016.7132
002046.SZ,20251107,28.1,2.9145,1.28,53.8559,53.548,3.4815,5.6703,1506909.8064,1485890.9417
002046.SZ,20251106,27.85,1.9181,0.7,53.3768,53.0716,3.4506,5.6198,1493503.1355,1472671.2714
002046.SZ,20251105,27.97,1.9462,0.62,53.6068,53.3003,3.4654,5.644,1499938.3375,1479016.7132
002046.SZ,20251104,28.29,2.5292,0.66,54.2201,53.9101,3.5051,5.7086,1517098.8762,1495937.8911
002046.SZ,20251103,28.81,2.4629,0.49,55.2167,54.901,3.5695,5.8135,1544984.7516,1523434.8054
002046.SZ,20251031,28.63,2.566,0.45,54.8717,54.558,3.5472,5.7772,1535331.9486,1513916.6428
002046.SZ,20251030,28.76,4.1078,0.73,55.1209,54.8057,3.5633,5.8034,1542303.4175,1520790.8713
002046.SZ,20251029,29.56,4.0215,0.7,56.6541,56.3302,3.6624,5.9649,1585204.7643,1563093.8163
002046.SZ,20251028,30.01,5.8963,1.05,57.5166,58.1402,3.7467,6.0557,1609336.7718,1586889.2228
002046.SZ,20251027,29.83,8.6657,1.75,57.1716,57.7914,3.7242,6.0194,1599683.9688,1577371.0602
002046.SZ,20251024,30.16,5.9034,1.29,57.8041,58.4308,3.7654,6.0859,1617380.7744,1594821.025
002046.SZ,20251023,27.42,3.52,0.71,52.5527,53.1224,3.4234,5.533,1470443.6616,1449933.4385
002046.SZ,20251022,28.17,4.8302,0.88,53.9901,54.5754,3.517,5.6844,1510663.6742,1489592.4494
002046.SZ,20251021,28.11,5.0608,0.87,53.8751,54.4592,3.5095,5.6723,1507446.0732,1486419.7285
002046.SZ,20251020,27.86,5.4912,0.97,53.3959,53.9748,3.4783,5.6218,1494039.4023,1473200.0582
002046.SZ,20251017,27.02,4.0122,0.64,51.786,52.3475,3.3734,5.4523,1448992.9882,1428781.966
002046.SZ,20251016,27.01,5.4606,0.92,51.7669,52.3281,3.3722,5.4503,1448456.7213,1428253.1792
002046.SZ,20251015,28.58,7.3621,1.36,54.7759,55.3697,3.5682,5.7671,1532650.6144,1511272.7087
002046.SZ,20251014,27.37,6.6837,1.19,52.4568,53.0255,3.4171,5.523,1467762.3274,1447289.5044
002046.SZ,20251013,26.84,4.7174,0.72,51.441,51.9987,3.3509,5.416,1439340.1851,1419263.8034
002046.SZ,20251010,26.55,7.1642,1.14,50.8852,51.4369,3.3147,5.3575,1423788.4469,1403928.9859
002046.SZ,20251009,26.51,3.7409,0.54,50.8086,51.3594,3.3097,5.3494,1421643.3796,1401813.8386
002046.SZ,20250930,26.51,4.7218,0.66,50.8086,51.3594,3.3097,5.3494,1421643.3796,1401813.8386
002046.SZ,20250929,26.81,7.7822,1.18,51.3835,51.9406,3.3472,5.41,1437731.3846,1417677.443
002046.SZ,20250926,27.81,9.4181,1.42,53.3001,53.878,3.472,5.6117,1491358.0681,1470556.1242
002046.SZ,20250925,30.9,5.8736,0.82,59.2224,59.8644,3.8578,6.2353,1657064.5202,1633951.2491
002046.SZ,20250924,32.49,6.7944,0.9,62.2697,62.9448,4.0563,6.5561,1742330.9469,1718028.3522
002046.SZ,20250923,32.69,6.1722,0.86,62.653,63.3323,4.0813,6.5965,1753056.2836,1728604.0884
002046.SZ,20250922,34.4,4.849,0.67,65.9304,66.6452,4.2948,6.9415,1844757.9124,1819026.6333
002046.SZ,20250919,33.77,9.3615,1.44,64.7229,65.4246,4.2161,6.8144,1810973.1018,1785713.0641
002046.SZ,20250918,33.5,8.4749,1.45,64.2055,64.9016,4.1824,6.7599,1796493.8973,1766015.1115
002046.SZ,20250917,33.24,9.0869,1.82,63.7072,64.3978,4.15,6.7075,1782550.9595,1752308.7256
002046.SZ,20250916,33.39,4.0865,0.8,63.9946,64.6884,4.1687,6.7377,1790594.9621,1760216.2559
002046.SZ,20250915,32.65,5.1311,0.87,62.5764,63.2548,4.0763,6.5884,1750911.2163,1721205.7729
002046.SZ,20250912,33.49,5.9082,1.05,64.1863,64.8822,4.1812,6.7579,1795957.6304,1765487.9428
002046.SZ,20250911,33.16,5.0168,0.93,63.5538,64.2429,4.14,6.6913,1778260.8249,1748091.376
002046.SZ,20250910,33.37,4.8538,0.93,63.9563,64.6497,4.1662,6.7337,1789522.4284,1759161.9185
002046.SZ,20250909,33.38,4.6793,0.8,63.9755,64.6691,4.1675,6.7357,1790058.6952,1759689.0872
002046.SZ,20250908,34.24,8.9009,1.76,65.6237,66.3352,4.2748,6.9092,1836177.643,1805025.5946
002046.SZ,20250905,34.1,4.7572,0.94,65.3554,66.064,4.2573,6.881,1828669.9074,1797645.2329
002046.SZ,20250904,31.0,3.7145,0.64,59.414,60.0582,3.8703,6.2554,1662427.1885,1634222.939
002046.SZ,20250903,32.1,4.0985,0.65,61.5223,62.1893,4.0076,6.4774,1721416.5404,1692211.4949
002046.SZ,20250902,32.78,7.7834,1.19,62.8255,63.5067,4.0925,6.6146,1757882.6851,1728058.9658
002046.SZ,20250901,33.1,4.885,0.64,63.4388,64.1266,4.1325,6.6792,1775043.2239,1744928.3639
002046.SZ,20250829,33.38,4.8456,0.52,63.9755,64.6691,4.1675,6.7357,1790058.6952,1759689.0872
002046.SZ,20250828,33.4,7.2071,0.65,64.0138,64.7078,4.17,6.7397,1791131.2289,1760743.4246
002046.SZ,20250827,33.3,7.0029,0.53,63.8221,63.1544,4.2781,6.7196,1785768.5606,1755849.7293
002046.SZ,20250826,34.22,8.8909,0.66,65.5854,64.8992,4.3963,6.9052,1835105.1094,1804359.6918
002046.SZ,20250825,34.37,10.2254,0.74,65.8729,65.1837,4.4155,6.9355,1843149.1119,1812268.9248
002046.SZ,20250822,34.11,13.693,0.94,65.3746,64.6906,4.3821,6.883,1829206.1742,1798559.5876
002046.SZ,20250821,37.07,15.3333,1.02,71.0477,70.3043,4.7624,7.4803,1987941.1573,1954635.1191
002046.SZ,20250820,39.05,18.3882,1.23,74.8425,74.0594,5.0168,7.8798,2094121.9907,2059036.9949
002046.SZ,20250819,36.81,9.2925,0.57,70.5493,69.8112,4.729,7.4278,1973998.2196,1940925.7819
002046.SZ,20250818,33.46,12.7446,0.71,64.1288,63.4578,4.2986,6.7518,1794348.8299,1764286.2445
002046.SZ,20250815,30.42,16.8062,0.86,58.3024,57.6924,3.9081,6.1384,1631323.7121,1603992.4554
002046.SZ,20250814,30.86,18.1472,1.04,59.1457,58.5269,3.9646,6.2272,1654919.4528,1627192.8723
002046.SZ,20250813,32.1,17.4772,1.13,61.5223,60.8786,4.1239,6.4774,1721416.5404,1692575.8652
002046.SZ,20250812,31.35,15.6829,1.04,60.0848,59.4562,4.0276,6.3261,1681196.5277,1653029.7001
002046.SZ,20250811,31.95,21.8584,1.88,61.2348,60.5941,4.1046,6.4471,1713372.5378,1684666.6322
002046.SZ,20250808,31.05,24.7657,3.39,59.5098,58.8872,3.989,6.2655,1665108.5227,1637211.2341
002046.SZ,20250807,28.23,7.8808,1.21,54.1051,53.539,3.6267,5.6965,1513881.2752,1488517.6534
002046.SZ,20250806,25.66,7.074,1.13,49.1795,48.6649,3.2966,5.1779,1376060.6986,1353006.1278
002046.SZ,20250805,23.33,13.485,2.93,44.7138,44.246,2.9972,4.7077,1251110.5261,1230149.3749
002046.SZ,20250804,21.21,4.9668,1.08,40.6507,40.2254,2.7249,4.2799,1137421.957,1118365.5483
002046.SZ,20250801,19.28,3.1706,0.59,36.9517,36.5651,2.4769,3.8905,1033922.4579,1016600.0835
002046.SZ,20250731,19.38,3.9233,0.76,37.1433,36.7547,2.4898,3.9107,1039285.1262,1021872.9055
002046.SZ,20250730,19.45,5.6891,1.19,37.2775,36.8875,2.4988,3.9248,1043038.9941,1025563.8809
002046.SZ,20250729,19.2,5.2998,1.08,36.7984,36.4133,2.4666,3.8743,1029632.3232,1012381.8259
002046.SZ,20250728,18.81,4.9809,0.93,36.0509,35.6737,2.4165,3.7956,1008717.9166,991817.8201
002046.SZ,20250725,18.49,6.7933,1.36,35.4376,35.0668,2.3754,3.7311,991557.3779,974944.7896
002046.SZ,20250724,17.7,2.9703,0.59,33.9235,33.5686,2.2739,3.5717,949192.298,933289.4958
002046.SZ,20250723,17.69,3.8756,0.69,33.9043,33.5496,2.2726,3.5696,948656.0311,932762.2136
002046.SZ,20250722,17.98,5.8648,1.19,34.4601,34.0996,2.3099,3.6282,964207.7693,948053.3974
002046.SZ,20250721,17.92,7.3833,1.92,34.3451,33.9858,2.3022,3.6161,960990.1683,944889.7042
002046.SZ,20250718,16.9,4.8881,1.52,32.3902,32.0513,2.1712,3.4102,906290.9512,891106.9197
002046.SZ,20250717,16.64,3.29,1.14,31.8919,31.5582,2.1378,3.3578,892348.0134,877397.5825
002046.SZ,20250716,16.52,6.5782,3.29,31.6619,31.3307,2.1223,3.3335,885912.8114,871070.1961
002046.SZ,20250715,15.87,2.4432,1.33,30.4161,30.0979,2.0388,3.2024,851055.4671,836796.853
002046.SZ,20250714,16.12,2.0376,1.22,30.8953,30.572,2.0709,3.2528,864462.138,849978.908
002046.SZ,20250711,15.93,1.7501,0.94,30.5311,30.2117,2.0465,3.2145,854273.0682,839960.5462
002046.SZ,20250710,15.89,1.6692,0.82,30.4545,30.1358,2.0414,3.2064,852128.0008,837851.4174
002046.SZ,20250709,15.91,2.1111,0.96,30.4928,30.1738,2.044,3.2105,853200.5345,838905.9818
002046.SZ,20250708,16.1,1.6345,0.69,30.857,30.5341,2.0684,3.2488,863389.6044,848924.3436
002046.SZ,20250707,15.96,1.2068,0.44,30.5886,30.2686,2.0504,3.2205,855881.8687,841542.3928
002046.SZ,20250704,16.06,2.6716,1.0,30.7803,30.4582,2.0632,3.2407,861244.537,846815.2148
002046.SZ,20250703,16.37,2.5263,0.86,31.3744,31.0462,2.1031,3.3033,877868.8089,863160.963
002046.SZ,20250702,16.19,3.0047,1.01,31.0294,30.7048,2.0799,3.267,868216.0059,853669.8834
002046.SZ,20250701,16.65,2.506,0.84,31.9111,31.5772,2.139,3.3598,892884.2803,877924.8647
002046.SZ,20250630,16.68,2.8512,1.04,31.9686,31.6341,2.1429,3.3658,894493.0808,879506.7113
002046.SZ,20250627,16.36,2.4792,0.9,31.3553,31.0272,2.1018,3.3013,877332.5421,862633.6808
002046.SZ,20250626,16.34,3.768,1.36,31.3169,30.9893,2.0992,3.2972,876260.0084,861579.1164
002046.SZ,20250625,16.52,3.2513,1.18,31.6619,31.3307,2.1223,3.3335,885912.8114,871070.1961
002046.SZ,20250624,16.31,2.6201,0.75,31.2594,30.9324,2.0954,3.2912,874651.2079,859997.2698
002046.SZ,20250623,15.86,1.6117,0.44,30.397,30.0789,2.0375,3.2004,850519.2003,836269.5708
002046.SZ,20250620,15.66,2.5683,0.65,30.0137,29.6996,2.0119,3.16,839793.8636,825723.9268
002046.SZ,20250619,16.06,3.832,1.03,30.7803,30.4582,2.0632,3.2407,861244.537,846815.2148
002046.SZ,20250618,16.79,3.1188,0.78,32.1794,31.8427,2.157,3.388,900392.016,885306.8155
002046.SZ,20250617,16.93,6.3393,1.83,32.4477,32.1082,2.175,3.4163,907899.7517,892688.7663
002046.SZ,20250616,16.35,2.5653,0.7,31.3361,31.0082,2.1005,3.2992,876796.2752,862106.3986
002046.SZ,20250613,16.31,4.0501,1.12,31.2594,30.9324,2.0954,3.2912,874651.2079,859997.2698
002046.SZ,20250612,16.39,2.567,0.56,31.4128,31.0841,2.0503,3.3073,878941.3426,864215.5274
002046.SZ,20250611,16.54,4.5645,1.09,31.7003,31.3686,2.0691,3.3376,886985.3451,872124.7605
002046.SZ,20250610,16.08,3.5653,0.87,30.8186,30.4962,2.0115,3.2448,862317.0707,847869.7792
002046.SZ,20250609,16.37,3.495,0.88,31.3744,31.0462,2.0478,3.3033,877868.8089,863160.963
002046.SZ,20250606,16.07,3.8363,1.03,30.7995,30.4772,2.0103,3.2427,861780.8038,847342.497
002046.SZ,20250605,16.48,7.3731,2.55,31.5853,31.2548,2.0616,3.3255,883767.7441,868961.0672
002046.SZ,20250604,15.73,2.6638,0.86,30.1478,29.8324,1.9678,3.1741,843547.7315,829414.9022
002046.SZ,20250603,15.53,3.0105,0.98,29.7645,29.4531,1.9427,3.1338,832822.3948,818869.2582
002046.SZ,20250530,15.39,3.0534,0.94,29.4962,29.1876,1.9252,3.1055,825314.6591,811487.3073
002046.SZ,20250529,15.7,2.4973,0.7,30.0903,29.7755,1.964,3.1681,841938.931,827833.0556
002046.SZ,20250528,15.62,3.2063,0.7,29.937,29.6238,1.954,3.1519,837648.7963,823614.798
002046.SZ,20250527,15.99,3.7592,0.61,30.6461,30.3255,2.0003,3.2266,857490.6692,843124.2394
002046.SZ,20250526,15.75,2.8027,0.44,30.1862,29.8703,1.9703,3.1782,844620.2651,830469.4666
002046.SZ,20250523,15.71,4.0133,0.61,30.1095,29.7945,1.9653,3.1701,842475.1978,828360.3378
002046.SZ,20250522,16.02,3.9509,0.63,30.7036,30.3824,2.004,3.2327,859099.4697,844706.086
002046.SZ,20250521,16.26,8.4171,1.62,31.1636,30.8376,2.0341,3.2811,871969.8737,857360.8588
002046.SZ,20250520,16.98,11.8099,3.32,32.5435,32.2031,2.1241,3.4264,910581.0858,895325.1773
002046.SZ,20250519,16.2,3.3153,0.87,31.0486,30.7238,2.0266,3.269,868752.2727,854197.1656
002046.SZ,20250516,16.3,5.3007,1.47,31.2403,30.9134,2.0391,3.2892,874114.9411,859469.9876
002046.SZ,20250515,15.83,2.5383,0.61,30.3395,30.022,1.9803,3.1943,848910.3998,832405.4767
002046.SZ,20250514,16.04,3.057,0.63,30.742,30.4203,2.0065,3.2367,860172.0033,843448.1267
002046.SZ,20250513,16.14,3.5929,0.68,30.9336,30.61,2.019,3.2569,865534.6717,848706.5315
002046.SZ,20250512,16.55,4.5796,0.84,31.7194,31.3875,2.0703,3.3396,887521.6119,870265.9911
002046.SZ,20250509,16.08,4.3537,0.77,30.8186,30.4962,2.0115,3.2448,862317.0707,845551.4886
002046.SZ,20250508,16.36,5.3714,1.09,31.3553,31.0272,2.0466,3.3013,877332.5421,860275.022
002046.SZ,20250507,16.17,6.5495,1.62,30.9911,30.6669,2.0228,3.2629,867143.4722,850284.0529
002046.SZ,20250506,15.89,5.6608,1.64,30.4545,30.1358,1.9878,3.2064,852128.0008,835560.5195
002046.SZ,20250430,15.33,5.4515,1.68,29.3812,29.0738,1.9177,3.0934,822097.0581,806113.4528
002046.SZ,20250429,15.05,5.3263,2.0,28.8445,28.8445,2.2488,3.0369,807081.5867,791389.9194
002046.SZ,20250428,14.27,1.7507,0.63,27.3496,27.3496,2.1323,2.8795,765252.7735,750374.3621
002046.SZ,20250425,14.54,2.0519,0.74,27.8671,27.8671,2.1726,2.934,779731.9781,764572.055
002046.SZ,20250424,14.62,2.7092,0.96,28.0204,28.0204,2.1845,2.9501,784022.1128,768778.7788
002046.SZ,20250423,14.9,4.3595,1.69,28.5571,28.5571,2.2264,3.0067,799037.5842,783502.3122
002046.SZ,20250422,14.48,2.4702,0.93,27.7521,27.7521,2.1636,2.9219,776514.3771,761417.0121
002046.SZ,20250421,14.77,2.3463,0.74,28.3079,28.3079,2.207,2.9804,792066.1153,776666.386
002046.SZ,20250418,14.41,1.8983,0.52,27.6179,27.6179,2.1532,2.9078,772760.5092,757736.1288
002046.SZ,20250417,14.38,2.9856,0.74,27.5604,27.5604,2.1487,2.9017,771151.7087,756158.6074
002046.SZ,20250416,14.25,3.1844,0.7,27.3113,27.3113,2.1293,2.8755,764180.2399,749322.6812
002046.SZ,20250415,14.75,2.8275,0.53,28.2696,28.2696,2.204,2.9764,790993.5816,775614.7051
002046.SZ,20250414,14.83,4.9948,1.03,28.4229,28.4229,2.2159,2.9925,795283.7163,779821.4289
002046.SZ,20250411,14.26,4.2883,0.92,29.548,34.3867,2.1858,2.7471,764716.5067,749890.5958
002046.SZ,20250410,13.93,4.8149,1.13,28.8642,33.591,2.1352,2.6835,747019.7012,732536.8863
002046.SZ,20250409,13.51,5.7779,1.59,27.9939,32.5782,2.0708,2.6026,724496.4941,710450.347
002046.SZ,20250408,12.85,6.8971,2.17,26.6264,30.9866,1.9697,2.4755,689102.883,675742.9282
002046.SZ,20250407,13.84,2.3739,0.68,28.6777,33.3739,2.1214,2.6662,742193.2996,727804.0565
002046.SZ,20250403,15.38,3.361,0.87,31.8687,37.0875,2.3575,2.9629,824778.3922,808788.0339
002046.SZ,20250402,15.62,2.9536,0.66,32.366,37.6662,2.3943,3.0091,837648.7963,821408.9134
002046.SZ,20250401,15.48,2.587,0.5,32.076,37.3286,2.3728,2.9821,830141.0606,814046.7337
002046.SZ,20250331,15.6,4.5939,0.79,32.3246,37.618,2.3912,3.0052,836576.2626,820357.1735
002046.SZ,20250328,16.11,3.8325,0.52,33.3814,38.8478,2.4694,3.1035,863925.8712,847176.5426
002046.SZ,20250327,16.24,5.3273,0.57,33.6507,39.1613,2.4893,3.1285,870897.34,854012.8524
002046.SZ,20250326,16.93,6.1824,0.68,35.0805,40.8252,2.5951,3.2615,907899.7517,890297.8812
002046.SZ,20250325,16.45,5.801,0.61,34.0859,39.6677,2.5215,3.169,882158.9436,865056.122
002046.SZ,20250324,16.59,7.946,0.92,34.376,40.0053,2.5429,3.196,889666.6793,872418.3018
002046.SZ,20250321,17.53,11.3801,1.55,36.3237,42.272,2.687,3.377,940075.7618,921850.0802
002046.SZ,20250320,18.74,15.0265,2.71,38.831,45.1898,2.8725,3.6101,1004964.0488,985480.3481
002046.SZ,20250319,17.35,5.1009,0.84,35.9508,41.838,2.6594,3.3424,930422.9587,912384.4205
002046.SZ,20250318,17.39,7.8833,1.23,35.5294,41.3476,2.7156,3.3032,919518.0118,914487.9004
002046.SZ,20250317,16.74,3.8465,0.58,34.2014,39.8021,2.6141,3.1797,885148.4484,880306.3515
002046.SZ,20250314,16.88,4.8099,0.71,34.4874,40.135,2.636,3.2063,892551.1236,887668.5313
002046.SZ,20250313,16.92,6.047,0.85,34.5692,40.2301,2.6422,3.2139,894666.1737,889772.0112
002046.SZ,20250312,17.8,7.948,1.2,36.3671,42.3225,2.7797,3.3811,941197.2749,936048.5697
002046.SZ,20250311,17.62,9.4205,1.67,35.9993,41.8945,2.7515,3.3469,931679.5497,926582.91
002046.SZ,20250310,18.07,5.0545,0.87,36.9187,42.9644,2.8218,3.4324,955473.8628,950247.0593
002046.SZ,20250307,16.43,5.5029,0.84,33.568,39.0651,2.5657,3.1208,868756.8105,864004.3821
002046.SZ,20250306,16.49,7.4512,0.98,33.6906,39.2077,2.5751,3.1322,871929.3856,867159.602
002046.SZ,20250305,16.25,5.5554,0.68,33.2003,38.6371,2.5376,3.0867,859239.0853,854538.7224
002046.SZ,20250304,15.87,4.6783,0.53,32.4239,37.7336,2.4783,3.0145,839146.1097,834555.663
002046.SZ,20250303,15.57,5.8435,0.63,31.811,37.0203,2.4314,2.9575,823283.2343,818779.5635
002046.SZ,20250228,15.81,9.3538,1.03,32.3013,37.5909,2.4689,3.0031,835973.5346,831400.4431
002046.SZ,20250227,17.0,12.7534,1.36,34.7326,40.4203,2.6547,3.2291,898896.2738,893978.9711
002046.SZ,20250226,17.52,8.1972,0.88,35.795,41.6567,2.7359,3.3279,926391.9245,921324.2102
002046.SZ,20250225,15.93,7.8589,0.86,32.5465,37.8762,2.4876,3.0259,842318.6848,837710.8829
002046.SZ,20250224,15.5,8.076,0.99,31.668,36.8538,2.4205,2.9442,819581.8967,815098.4737
002046.SZ,20250221,15.39,8.6116,1.2,31.4432,36.5923,2.4033,2.9233,813765.509,809313.9038
002046.SZ,20250220,15.71,14.0682,2.68,32.097,37.3531,2.4533,2.9841,830685.9095,826141.7433
002046.SZ,20250219,15.13,7.8737,1.74,30.912,35.9741,2.3627,2.8739,800017.6837,795641.2843
002046.SZ,20250218,13.75,6.8779,1.83,28.0925,32.6929,2.1472,2.6118,727048.4568,723071.2266
002046.SZ,20250217,13.59,3.3587,0.86,27.7656,32.3125,2.1222,2.5814,718588.2565,714657.3069
002046.SZ,20250214,13.45,3.7116,0.85,27.4796,31.9796,2.1004,2.5548,711185.5813,707295.1271
002046.SZ,20250213,13.72,4.4021,0.94,28.0313,32.6216,2.1425,2.6061,725462.1692,721493.6167
002046.SZ,20250212,14.03,4.2991,0.96,28.6646,33.3587,2.1909,2.665,741853.8071,737795.5861
002046.SZ,20250211,13.75,3.0383,0.68,28.0925,32.6929,2.1472,2.6118,727048.4568,723071.2266
002046.SZ,20250210,13.94,4.067,0.9,28.4807,33.1447,2.1769,2.6479,737094.9445,733062.7563
002046.SZ,20250207,13.79,6.0414,1.37,28.1743,32.788,2.1535,2.6194,729163.5068,725174.7066
002046.SZ,20250206,13.83,6.0866,1.51,28.256,32.8831,2.1597,2.627,731278.5569,727278.1865
002046.SZ,20250205,13.18,3.2107,0.81,26.928,31.3376,2.0582,2.5035,696908.9935,693096.6376
002046.SZ,20250127,13.06,2.977,0.75,26.6828,31.0523,2.0395,2.4807,690563.8433,686786.1978
002046.SZ,20250124,13.53,4.2411,1.06,27.6431,32.1698,2.1128,2.57,715415.6814,711502.087
002046.SZ,20250123,13.33,5.5824,1.54,27.2344,31.6943,2.0816,2.532,704840.4312,700984.6873
002046.SZ,20250122,13.16,4.0932,1.21,26.8971,31.3016,2.0548,2.5006,696108.5503,692044.8976
002046.SZ,20250121,13.06,2.9133,0.79,26.6927,31.0638,2.0392,2.4816,690818.9717,686786.1978
002046.SZ,20250120,13.06,3.1378,0.88,26.6927,31.0638,2.0392,2.4816,690818.9717,686786.1978
002046.SZ,20250117,12.92,4.2662,1.16,26.4065,30.7308,2.0173,2.455,683413.5616,679424.018
002046.SZ,20250116,12.9,3.7344,1.07,26.3657,30.6832,2.0142,2.4512,682355.6459,678372.2781
002046.SZ,20250115,12.71,2.9301,0.79,25.9773,30.2313,1.9846,2.4151,672305.4464,668380.7484
002046.SZ,20250114,13.0,4.2552,1.19,26.57,30.9211,2.0298,2.4702,687645.2245,683630.9779
002046.SZ,20250113,12.19,2.7107,0.71,24.9145,28.9945,1.9034,2.3163,644799.6374,641035.5093
002046.SZ,20250110,12.32,4.8231,1.12,25.1802,29.3037,1.9237,2.341,651676.0897,647871.8191
002046.SZ,20250109,12.34,2.7146,0.59,25.2211,29.3512,1.9268,2.3448,652734.0054,648923.559
002472.SZ,20260702,42.74,6.4195,1.12,28.7978,28.6144,3.5253,3.9869,3632890.1698,3199496.7396
002472.SZ,20260701,42.7,8.0466,1.59,28.7708,28.5876,3.522,3.9831,3629490.179,3196502.358
002472.SZ,20260630,41.51,6.821,1.45,27.969,27.7909,3.4238,3.8721,3528340.4527,3107419.5054
002472.SZ,20260629,37.74,3.9714,0.77,25.4288,25.2669,3.1129,3.5204,3207891.3198,2825199.0396
002472.SZ,20260626,37.15,4.5309,0.8,25.0313,24.8719,3.0642,3.4654,3157741.4555,2781031.911
002472.SZ,20260625,39.42,5.299,1.0,26.5588,26.3897,3.2512,3.6769,3350441.7675,2950713.7984
002472.SZ,20260624,40.05,4.7234,0.92,26.9833,26.8115,3.3032,3.7356,3403987.6405,2997871.3248
002472.SZ,20260623,40.56,4.9896,1.0,27.3269,27.1529,3.3452,3.7832,3447334.2996,3036046.4653
002472.SZ,20260622,42.11,6.0849,1.22,28.3712,28.1905,3.4731,3.9278,3579074.1458,3152068.951
002472.SZ,20260618,43.78,7.1444,1.56,29.4963,29.3085,3.6108,4.0836,3721013.206,3277073.8227
002472.SZ,20260617,41.76,3.6609,0.73,28.1354,27.9562,3.4442,3.8951,3549326.4386,3125870.3252
002472.SZ,20260616,42.31,3.6632,0.64,28.5059,28.3244,3.4896,3.9464,3596072.8357,3167039.5943
002472.SZ,20260615,42.81,4.4641,0.64,28.8428,28.6591,3.5308,3.9931,3638569.5603,3204466.2026
002472.SZ,20260612,41.0,6.0136,0.83,27.6233,27.4474,3.3815,3.8243,3484731.4172,3068981.8806
002472.SZ,20260611,41.08,5.1392,0.7,27.6772,27.501,3.3881,3.8317,3491530.8931,3074970.1379
002472.SZ,20260610,42.69,5.9303,0.85,28.7619,28.5788,3.5209,3.9819,3628370.3463,3195483.8167
002472.SZ,20260609,44.87,7.1091,1.1,30.2307,30.0382,3.7007,4.1852,3813656.0656,3358663.8288
002472.SZ,20260608,45.03,10.6802,2.19,30.3385,30.1453,3.7139,4.2002,3827255.0175,3370640.3435
002472.SZ,20260605,42.86,7.4993,1.78,28.8765,28.6926,3.5349,3.9978,3642819.2327,3208208.8635
002472.SZ,20260604,41.39,5.6603,1.37,27.8861,27.7085,3.4137,3.8606,3517878.8624,3098174.6351
002472.SZ,20260603,40.24,4.0833,0.92,27.1113,26.9387,3.3188,3.7534,3420136.3958,3012093.436
002472.SZ,20260602,39.98,4.2539,0.83,26.9361,26.7646,3.2974,3.7291,3398038.099,2992631.5997
002472.SZ,20260601,38.78,2.9246,0.54,26.1276,25.9613,3.1984,3.6172,3296045.96,2902807.7397
002472.SZ,20260529,39.23,4.1864,0.72,26.4308,26.2625,3.2355,3.6592,3334293.0121,2936491.6872
002472.SZ,20260528,41.39,5.2852,0.83,27.8861,27.7085,3.4137,3.8606,3517878.8624,3098174.6351
002472.SZ,20260527,42.5,5.6239,0.93,28.6339,28.4516,3.5052,3.9642,3612221.591,3181261.7055
002472.SZ,20260526,44.72,7.691,1.36,30.1296,29.9378,3.6883,4.1712,3800907.0482,3347435.8464
002472.SZ,20260525,43.63,4.5355,0.74,29.3953,29.2081,3.5984,4.0696,3708264.1886,3265845.8403
002472.SZ,20260522,44.4,5.7808,0.93,29.914,29.7236,3.6619,4.1414,3773709.1445,3323482.817
002472.SZ,20260521,44.46,8.3088,1.58,29.9545,29.7637,3.6669,4.147,3778808.7514,3327974.01
002472.SZ,20260520,43.08,3.878,0.76,29.0247,28.8399,3.5531,4.0183,3661517.7915,3224676.5711
002472.SZ,20260519,44.01,5.6818,1.21,29.6513,29.4625,3.6298,4.105,3740561.6993,3294290.0626
002472.SZ,20260518,44.11,6.9396,1.66,29.7187,29.5294,3.638,4.1143,3749061.0442,3301775.3842
002472.SZ,20260515,42.5,6.3756,1.58,28.6339,28.4516,3.5052,3.9642,3612221.591,3181261.7055
002472.SZ,20260514,40.73,3.4518,0.87,27.4414,27.2667,3.3592,3.7991,3461783.1859,3048771.5121
002472.SZ,20260513,42.23,3.1835,0.81,28.452,28.2709,3.483,3.939,3589273.3597,3161051.337
002472.SZ,20260512,42.33,3.6082,0.97,28.5194,28.3378,3.4912,3.9483,3597772.7046,3168536.6587
002472.SZ,20260511,42.43,4.3095,1.39,28.5868,28.4048,3.4995,3.9576,3606272.0496,3176021.9803
002472.SZ,20260508,42.45,5.6833,2.43,28.6002,28.4181,3.5011,3.9595,3607971.9185,3177519.0447
002472.SZ,20260507,40.61,3.0649,1.34,27.3606,27.1864,3.3493,3.7879,3451583.972,3039789.1261
002472.SZ,20260506,39.81,2.9227,1.32,26.8216,26.6508,3.2834,3.7133,3383589.2127,2979906.5528
002472.SZ,20260430,39.27,2.5485,1.22,26.4578,26.2893,3.2388,3.6629,3337692.7501,2939485.8159
002472.SZ,20260429,38.3,1.3364,0.64,25.8042,25.6399,3.1588,3.5724,3255249.1044,2866878.1958
002472.SZ,20260428,38.27,1.8221,0.9,25.784,25.6198,3.1564,3.5696,3252699.3009,2864632.5993
002472.SZ,20260427,38.48,2.7724,1.51,25.9255,25.7604,3.1737,3.5892,3270547.9252,2880351.7748
002472.SZ,20260424,36.63,2.5629,1.57,24.6791,24.5219,3.0211,3.4166,3113310.0442,2741873.3241
002472.SZ,20260423,38.03,1.9338,1.25,31.5549,27.2819,3.4109,3.6793,3230943.0119,2872033.1832
002472.SZ,20260422,38.91,1.3083,0.81,32.2851,27.9132,3.4899,3.7644,3305705.8268,2938490.9587
002472.SZ,20260421,38.9,1.5175,0.93,32.2768,27.906,3.489,3.7635,3304856.2494,2937735.7567
002472.SZ,20260420,39.08,1.8028,1.17,32.4261,28.0351,3.5051,3.7809,3320148.6433,2951329.3926
002472.SZ,20260417,39.19,1.5134,0.93,32.5174,28.114,3.515,3.7915,3329493.9952,2959636.6145
002472.SZ,20260416,38.79,1.6002,1.01,32.1855,27.8271,3.4791,3.7528,3295510.8975,2929428.5347
002472.SZ,20260415,38.4,1.6508,0.97,31.8619,27.5473,3.4441,3.7151,3262377.3773,2899975.657
002472.SZ,20260414,38.35,1.5896,1.01,31.8204,27.5114,3.4396,3.7103,3258129.4901,2896199.647
002472.SZ,20260413,37.96,1.3406,0.89,31.4968,27.2317,3.4047,3.6725,3224995.9698,2866746.7692
002472.SZ,20260410,38.14,1.9276,1.43,31.6462,27.3608,3.4208,3.6899,3240288.3638,2880340.4051
002472.SZ,20260409,37.04,1.4296,1.07,30.7335,26.5717,3.3221,3.5835,3146834.8452,2797268.1858
002472.SZ,20260408,37.13,2.1805,1.85,30.8082,26.6362,3.3302,3.5922,3154481.0421,2804065.0037
002472.SZ,20260407,35.08,1.0143,0.79,29.1072,25.1656,3.1464,3.3939,2980317.6665,2649248.595
002472.SZ,20260403,35.18,0.988,0.71,29.1902,25.2374,3.1553,3.4036,2988813.441,2656800.6149
002472.SZ,20260402,35.9,1.1116,0.73,29.7876,25.7539,3.2199,3.4732,3049983.0168,2711175.1585
002472.SZ,20260401,36.71,1.3585,0.83,30.4597,26.3349,3.2926,3.5516,3118798.7896,2772346.52
002472.SZ,20260331,36.01,1.4073,0.72,29.8788,25.8328,3.2298,3.4839,3059328.3686,2719482.3804
002472.SZ,20260330,35.93,1.5183,0.67,29.8125,25.7754,3.2226,3.4761,3052531.7491,2713440.7644
002472.SZ,20260327,36.58,1.5299,0.67,30.3518,26.2417,3.2809,3.539,3107754.2828,2762528.8941
002472.SZ,20260326,36.27,1.8344,0.82,30.0946,26.0193,3.2531,3.509,3081417.3821,2739117.6322
002472.SZ,20260325,36.67,1.8696,0.86,30.4265,26.3062,3.289,3.5477,3115400.4798,2769325.712
002472.SZ,20260324,36.45,3.0049,1.6,30.2439,26.1484,3.2692,3.5264,3096709.7761,2752711.2681
002472.SZ,20260323,37.26,3.0671,1.93,30.916,26.7295,3.3419,3.6048,3165525.5489,2813882.6296
002472.SZ,20260320,38.47,1.7022,1.13,31.92,27.5975,3.4504,3.7219,3268324.4194,2905262.0709
002472.SZ,20260319,38.47,1.5193,1.01,31.92,27.5975,3.4504,3.7219,3268324.4194,2905262.0709
002472.SZ,20260318,38.85,1.5431,0.95,32.2353,27.8701,3.4845,3.7586,3300608.3622,2933959.7467
002472.SZ,20260317,39.05,1.5581,0.89,32.4012,28.0136,3.5024,3.778,3317599.911,2949063.7866
002472.SZ,20260316,38.88,1.6234,0.84,32.2602,27.8917,3.4872,3.7615,3303157.0945,2936225.3527
002472.SZ,20260313,38.2,1.3071,0.65,31.696,27.4038,3.4262,3.6958,3245385.8284,2884871.6171
002472.SZ,20260312,38.87,1.516,0.72,32.2519,27.8845,3.4863,3.7606,3302307.5171,2935470.1507
002472.SZ,20260311,39.59,2.1035,0.98,32.8493,28.401,3.5509,3.8302,3363477.0929,2989844.6942
002472.SZ,20260310,39.56,2.1635,0.9,32.8244,28.3795,3.5482,3.8273,3360928.3606,2987579.0883
002472.SZ,20260309,38.61,2.5546,1.01,32.0362,27.698,3.463,3.7354,3280218.5036,2915834.8988
002472.SZ,20260306,39.17,1.757,0.7,32.5008,28.0997,3.5132,3.7896,3327794.8403,2958126.2105
002472.SZ,20260305,38.5,1.939,0.72,31.9449,27.6191,3.4531,3.7248,3270873.1517,2907527.6769
002472.SZ,20260304,38.31,2.3028,0.87,31.7872,27.4827,3.4361,3.7064,3254731.1803,2893178.839
002472.SZ,20260303,38.32,3.4245,1.27,31.7955,27.4899,3.437,3.7074,3255580.7577,2893934.041
002472.SZ,20260302,40.52,3.2359,1.3,33.621,29.0682,3.6343,3.9202,3442487.795,3060078.4797
002472.SZ,20260227,41.42,1.7146,0.69,34.3677,29.7138,3.715,4.0073,3518949.7648,3128046.6591
002472.SZ,20260226,41.75,2.7832,1.21,34.6415,29.9505,3.7446,4.0392,3546985.8204,3152968.325
002472.SZ,20260225,42.46,2.1387,0.86,35.2307,30.4599,3.8083,4.1079,3607305.8187,3206587.6665
002472.SZ,20260224,42.89,3.5694,1.63,35.5874,30.7683,3.8468,4.1495,3643837.6487,3239061.3523
002472.SZ,20260213,42.92,2.2225,1.0,35.6123,30.7899,3.8495,4.1524,3646386.3811,3241326.9582
002472.SZ,20260212,42.72,1.7753,0.78,35.4464,30.6464,3.8316,4.133,3629394.8322,3226222.9184
002472.SZ,20260211,42.23,1.8398,0.8,35.0398,30.2949,3.7876,4.0856,3587765.5376,3189218.0207
002472.SZ,20260210,42.85,3.0591,1.34,35.5543,30.7396,3.8433,4.1456,3640439.339,3236040.5443
002472.SZ,20260209,41.99,2.0275,0.8,34.8407,30.1227,3.7661,4.0624,3567375.679,3171093.1728
002472.SZ,20260206,41.23,2.4575,0.95,34.2101,29.5775,3.698,3.9889,3502807.7934,3113697.8213
002472.SZ,20260205,40.6,2.0115,0.71,33.6873,29.1255,3.6414,3.9279,3449284.4145,3066120.0956
002472.SZ,20260204,41.51,1.9889,0.64,34.4424,29.7784,3.7231,4.016,3526595.9617,3134843.4771
002472.SZ,20260203,41.28,2.9321,0.92,34.2516,29.6134,3.7024,3.9937,3507055.6806,3117473.8312
002472.SZ,20260202,40.6,3.2231,0.93,33.6873,29.1255,3.6414,3.9279,3449284.4145,3066120.0956
002472.SZ,20260130,41.53,2.7798,0.78,34.459,29.7927,3.7249,4.0179,3528295.1166,3136353.8811
002472.SZ,20260129,41.65,3.2212,0.9,34.5586,29.8788,3.7356,4.0295,3538490.0459,3145416.305
002472.SZ,20260128,43.14,3.3082,0.94,35.7949,30.9477,3.8693,4.1737,3665077.0848,3257941.4021
002472.SZ,20260127,44.35,3.4292,0.96,36.7989,31.8157,3.9778,4.2907,3767875.9553,3349320.8434
002472.SZ,20260126,44.95,4.6186,1.36,37.2967,32.2461,4.0316,4.3488,3818850.6018,3394632.963
002472.SZ,20260123,47.46,3.3426,0.93,39.3793,34.0468,4.2567,4.5916,4032094.5397,3584188.6635
002472.SZ,20260122,46.44,3.1457,0.93,38.533,33.315,4.1652,4.4929,3945437.6406,3507158.0601
002472.SZ,20260121,47.66,3.0272,0.81,39.5453,34.1902,4.2747,4.611,4049086.0886,3599292.7034
002472.SZ,20260120,46.89,3.7003,0.98,38.9064,33.6379,4.2056,4.5365,3983668.6255,3541142.1499
002472.SZ,20260119,47.0,3.7406,0.98,38.9977,33.7168,4.2155,4.5471,3993013.9774,3549449.3718
002472.SZ,20260116,46.25,4.3044,1.18,38.3754,33.1787,4.1482,4.4746,3929295.6693,3492809.2223
002472.SZ,20260115,44.62,2.0971,0.55,37.0229,32.0094,4.002,4.3169,3790814.5462,3369711.2972
002472.SZ,20260114,44.47,4.7942,1.36,36.8984,31.9018,3.9886,4.3024,3778070.8846,3358383.2673
002472.SZ,20260113,45.65,3.9074,1.07,37.8775,32.7483,4.0944,4.4165,3878321.0227,3447497.1026
002472.SZ,20260112,46.26,3.9367,1.1,38.3837,33.1859,4.1491,4.4755,3930145.2467,3493564.4242
002472.SZ,20260109,46.33,3.4613,0.91,38.4417,33.2361,4.1554,4.4823,3936092.2888,3498850.8382
002472.SZ,20260108,45.76,3.0782,0.71,37.9688,32.8272,4.1043,4.4272,3887666.3746,3455804.3245
002472.SZ,20260107,45.79,3.2835,0.76,37.9937,32.8487,4.1069,4.4301,3890215.1069,3458069.9305
002472.SZ,20260106,46.31,4.4984,1.11,38.4251,33.2218,4.1536,4.4804,3934393.1339,3497340.4342
002472.SZ,20260105,47.0,3.5409,0.87,38.9977,33.7168,4.2155,4.5471,3993013.9774,3549449.3718
002472.SZ,20251231,47.41,4.5648,1.25,39.3379,34.0109,4.2522,4.5868,4027846.6525,3580412.6536
002472.SZ,20251230,47.25,5.6605,1.98,39.2051,33.8961,4.2379,4.5713,4014253.4135,3568329.4217
002472.SZ,20251229,44.33,3.4214,1.23,36.7823,31.8014,3.976,4.2888,3766176.8004,3347810.4394
002472.SZ,20251226,44.39,3.0817,1.07,36.832,31.8444,3.9814,4.2946,3771274.265,3352341.6514
002472.SZ,20251225,44.6,3.6623,1.5,37.0063,31.9951,4.0002,4.3149,3789115.3913,3368200.8932
002472.SZ,20251224,42.65,2.469,1.07,35.3883,30.5962,3.8253,4.1263,3623447.7901,3220936.5044
002472.SZ,20251223,41.63,1.6502,0.71,34.542,29.8644,3.7338,4.0276,3536790.891,3143905.901
002472.SZ,20251222,42.03,3.0825,1.52,34.8739,30.1514,3.7697,4.0663,3570773.9887,3174113.9808
002472.SZ,20251219,41.44,3.5974,2.03,34.3843,29.7281,3.7168,4.0092,3520648.9196,3129557.0631
002472.SZ,20251218,39.82,1.4152,0.75,33.0401,28.566,3.5715,3.8525,3383017.374,3007214.3401
002472.SZ,20251217,40.41,1.7572,0.86,33.5297,28.9892,3.6244,3.9096,3433142.4431,3051771.2578
002472.SZ,20251216,40.07,1.6916,0.76,33.2476,28.7453,3.5939,3.8767,3404256.8101,3026094.39
002472.SZ,20251215,40.37,1.6653,0.64,33.4965,28.9605,3.6208,3.9057,3429744.1334,3048750.4498
002472.SZ,20251212,41.18,2.3185,0.83,34.1686,29.5416,3.6935,3.9841,3498559.9062,3109921.8113
002472.SZ,20251211,40.84,1.9717,0.59,33.8865,29.2977,3.663,3.9512,3469674.2731,3084244.9435
002472.SZ,20251210,41.61,2.5703,0.81,34.5254,29.8501,3.732,4.0257,3535091.7362,3142395.497
002472.SZ,20251209,40.92,2.5555,0.84,33.9529,29.3551,3.6701,3.9589,3476470.8927,3090286.5594
002472.SZ,20251208,41.76,3.6681,1.33,34.6498,29.9577,3.7455,4.0402,3547835.3978,3153723.5269
002472.SZ,20251205,41.1,3.1248,1.27,34.1022,29.4842,3.6863,3.9763,3491763.2866,3103880.1953
002472.SZ,20251204,41.02,4.9018,2.64,34.0358,29.4268,3.6791,3.9686,3484966.6671,3097838.5794
002472.SZ,20251203,38.65,1.5852,0.77,32.0694,27.7267,3.4666,3.7393,3283616.8133,2918855.7068
002472.SZ,20251202,39.03,1.9098,0.9,32.3847,27.9993,3.5006,3.7761,3315900.7561,2947553.3826
002472.SZ,20251201,40.44,2.2963,1.12,33.5546,29.0108,3.6271,3.9125,3435691.1754,3054036.8637
002472.SZ,20251128,39.88,1.6475,0.71,33.0899,28.609,3.5769,3.8583,3388114.8387,3011745.5521
002472.SZ,20251127,39.66,1.8622,0.81,32.9074,28.4512,3.5571,3.837,3369424.135,2995131.1082
002472.SZ,20251126,39.8,2.5336,1.19,33.0236,28.5516,3.5697,3.8505,3381318.2192,3005703.9361
002472.SZ,20251125,39.11,2.2193,1.13,32.451,28.0567,3.5078,3.7838,3322697.3757,2953594.9985
002472.SZ,20251124,38.6,1.9546,1.02,32.0279,27.6908,3.4621,3.7344,3279368.9261,2915079.6968
002472.SZ,20251121,37.99,3.052,1.82,31.5217,27.2532,3.4074,3.6754,3227544.7022,2869012.3752
002472.SZ,20251120,38.09,1.7592,1.08,31.6047,27.3249,3.4163,3.6851,3236040.4766,2876564.3951
002472.SZ,20251119,38.8,1.65,0.99,32.1938,27.8343,3.48,3.7538,3296360.475,2930183.7367
002472.SZ,20251118,38.75,1.4462,0.83,32.1523,27.7984,3.4755,3.749,3292112.5878,2926407.7268
002472.SZ,20251117,38.9,1.669,0.89,32.2768,27.906,3.489,3.7635,3304856.2494,2937735.7567
002472.SZ,20251114,38.51,1.8584,0.91,31.9532,27.6262,3.454,3.7257,3271722.7291,2908282.8789
002472.SZ,20251113,39.47,1.5055,0.67,32.7497,28.3149,3.5401,3.8186,3353282.1636,2980782.2703
002472.SZ,20251112,39.31,1.866,0.81,32.617,28.2001,3.5257,3.8031,3339688.9245,2968699.0384
002472.SZ,20251111,39.64,1.8378,0.72,32.8908,28.4369,3.5553,3.8351,3367724.9801,2993620.7042
002472.SZ,20251110,39.7,2.2571,0.84,32.9406,28.4799,3.5607,3.8409,3372822.4447,2998151.9162
002472.SZ,20251107,40.13,2.6903,0.94,33.297,28.788,3.5993,3.8824,3409314.1447,3030796.1464
002472.SZ,20251106,41.33,2.5872,0.84,34.2926,29.6489,3.7069,3.9985,3511262.2378,3121425.4854
002472.SZ,20251105,40.56,2.1762,0.66,33.6538,29.0965,3.6379,3.924,3445845.5448,3063271.6596
002472.SZ,20251104,41.42,3.1127,0.92,34.3673,29.7134,3.715,4.0072,3518908.3448,3128222.6859
002472.SZ,20251103,42.83,2.8013,0.79,35.5372,30.7249,3.8415,4.1436,3638697.3541,3234712.1592
002472.SZ,20251031,43.63,3.68,1.08,36.201,31.2988,3.9132,4.221,3706662.7494,3295131.7186
002472.SZ,20251030,43.26,3.7051,1.22,35.894,31.0334,3.88,4.1852,3675228.7541,3267187.6724
002472.SZ,20251029,44.49,3.2267,1.11,36.9146,31.9158,3.9904,4.3042,3779725.5495,3360082.7449
002472.SZ,20251028,43.58,3.5595,1.27,36.1595,32.8212,4.0621,4.2162,3702414.9122,3291355.4961
002472.SZ,20251027,43.68,3.575,1.3,36.2425,32.8965,4.0714,4.2259,3710910.5867,3298907.9411
002472.SZ,20251024,43.5,3.0468,1.13,36.0932,32.7609,3.9877,4.2085,3695618.3727,3285313.5402
002472.SZ,20251023,42.77,1.7601,0.61,35.4875,32.2112,3.9208,4.1378,3633599.9494,3230180.6923
002472.SZ,20251022,42.94,2.5602,0.75,35.6285,32.3392,3.9364,4.1543,3648042.5959,3243019.8486
002472.SZ,20251021,42.96,3.0891,0.81,35.6451,32.3543,3.9382,4.1562,3649741.7308,3244530.3376
002472.SZ,20251020,42.58,3.2992,0.8,35.3298,32.0681,3.9034,4.1195,3617458.168,3215831.0469
002472.SZ,20251017,41.2,2.7502,0.62,34.1848,31.0288,3.7769,3.9859,3500217.861,3111607.307
002472.SZ,20251016,42.69,2.8389,0.6,35.4099,32.1408,3.9141,4.1288,3625660.9828,3222996.3093
002472.SZ,20251015,43.81,5.0702,1.13,36.3389,32.984,4.0168,4.2371,3720782.564,3307553.72
002472.SZ,20251014,41.78,5.1953,1.18,34.6551,31.4557,3.8307,4.0408,3548374.6981,3154293.413
002472.SZ,20251013,45.19,4.7953,1.06,37.4836,34.023,4.1433,4.3706,3837985.9408,3411740.5298
002472.SZ,20251010,46.86,4.2057,0.86,38.8688,35.2803,4.2964,4.5321,3979819.0128,3537821.6691
002472.SZ,20251009,49.2,4.2645,0.76,40.8097,37.0421,4.511,4.7584,4178555.1734,3714486.2594
002472.SZ,20250930,49.81,3.9932,0.61,41.3157,37.5014,4.5669,4.8174,4230362.4632,3760539.8492
002472.SZ,20250929,50.03,4.6752,0.64,41.4982,37.667,4.5871,4.8387,4249047.0595,3777149.3406
002472.SZ,20250926,49.01,5.4662,0.7,40.6521,36.899,4.4935,4.74,4162418.4766,3700141.6987
002472.SZ,20250925,51.33,5.9572,0.65,42.5765,38.6457,4.7063,4.9644,4359456.0377,3875296.3353
002472.SZ,20250924,51.31,7.843,0.77,42.5599,38.6307,4.7044,4.9625,4357757.438,3873786.3815
002472.SZ,20250923,51.69,8.7551,0.89,42.8751,38.9168,4.7393,4.9992,4390030.8316,3902475.5031
002472.SZ,20250922,50.48,8.3125,0.9,41.8715,38.0058,4.6283,4.8822,4287265.5519,3811123.3003
002472.SZ,20250919,46.69,7.911,0.93,38.7278,35.1523,4.2808,4.5157,3965380.9156,3524987.0621
002472.SZ,20250918,50.89,13.2898,1.98,42.2115,38.3145,4.6659,4.9219,4322086.845,3842077.3525
002472.SZ,20250917,48.45,12.5583,2.54,40.1876,36.4774,4.4422,4.6859,4114857.686,3657862.9933
002472.SZ,20250916,44.76,7.262,1.62,37.1269,33.6993,4.1039,4.329,3801466.048,3379276.5238
002472.SZ,20250915,40.69,5.0644,1.02,33.751,30.635,3.7307,3.9354,3455801.0164,3072000.9329
002472.SZ,20250912,39.36,4.5557,1.01,32.6478,29.6337,3.6088,3.8067,3342844.1388,2971589.0076
002472.SZ,20250911,39.26,4.2046,0.94,32.5649,29.5584,3.5996,3.7971,3334351.1404,2964039.2387
002472.SZ,20250910,38.46,3.6092,0.73,31.9013,28.9561,3.5263,3.7197,3266407.1539,2903641.0882
002472.SZ,20250909,39.15,4.9783,0.97,32.4736,29.4756,3.5895,3.7864,3325008.8423,2955734.493
002472.SZ,20250908,39.11,7.4014,1.73,32.4404,29.4454,3.5859,3.7826,3321611.643,2952714.5855
002472.SZ,20250905,36.79,2.4033,0.54,30.5161,27.6987,3.3731,3.5582,3124574.0819,2777559.9489
002472.SZ,20250904,35.7,4.0699,0.94,29.6119,26.8781,3.2732,3.4528,3032000.4002,2695267.4687
002472.SZ,20250903,37.49,5.7233,1.47,31.0967,28.2258,3.4373,3.6259,3184025.0702,2830408.3306
002472.SZ,20250902,37.68,6.0011,1.84,31.2543,28.3688,3.4547,3.6443,3200161.767,2844752.8914
002472.SZ,20250901,36.6,3.2301,0.99,30.3585,27.5557,3.3557,3.5398,3108437.3851,2763215.3881
002472.SZ,20250829,37.26,3.3139,1.04,30.9059,28.0526,3.4162,3.6036,3164491.174,2813043.8623
002472.SZ,20250828,37.11,3.3484,1.09,30.7815,27.9397,3.4025,3.5891,3151751.6766,2801719.2091
002472.SZ,20250827,36.51,3.6306,1.24,30.2838,27.4879,3.3475,3.5311,3100793.6866,2756420.5962
002472.SZ,20250826,37.5,2.826,0.87,31.0469,29.473,3.568,3.6201,3178925.0325,2825213.97
002472.SZ,20250825,37.99,3.2248,0.95,31.4526,29.8581,3.6146,3.6674,3220462.9863,2862130.0992
002472.SZ,20250822,37.95,2.9214,0.84,31.4194,29.8267,3.6108,3.6635,3217072.1329,2859116.5376
002472.SZ,20250821,37.2,2.7793,0.79,30.7985,29.2372,3.5394,3.5911,3153493.6322,2802612.2582
002472.SZ,20250820,37.97,2.8703,0.81,31.436,29.8424,3.6127,3.6654,3218767.5596,2860623.3184
002472.SZ,20250819,37.64,4.4641,1.46,31.1628,29.583,3.5813,3.6336,3190793.0193,2835761.4355
002472.SZ,20250818,37.31,3.8884,1.42,30.8896,29.3237,3.5499,3.6017,3162818.479,2810899.5526
002472.SZ,20250815,36.87,3.3241,1.29,30.5253,28.9779,3.508,3.5592,3125519.092,2777750.3753
002472.SZ,20250814,35.9,3.1251,1.25,29.7222,28.2155,3.4157,3.4656,3043290.8978,2704671.5073
002472.SZ,20250813,36.13,2.8335,0.94,29.9126,28.3963,3.4376,3.4878,3062788.3046,2721999.4863
002472.SZ,20250812,35.82,2.0845,0.69,29.656,28.1526,3.4081,3.4579,3036509.191,2698644.3841
002472.SZ,20250811,35.6,2.3089,0.78,29.4738,27.9797,3.3872,3.4367,3017859.4975,2682069.7955
002472.SZ,20250808,35.05,2.5599,0.88,29.0185,27.5474,3.3349,3.3836,2971235.2637,2640633.324
002472.SZ,20250807,35.99,2.7064,0.98,29.7967,28.2862,3.4243,3.4743,3050920.3179,2711452.0208
002472.SZ,20250806,36.35,5.455,2.59,30.0948,28.5692,3.4585,3.5091,3081437.9982,2738574.0749
002472.SZ,20250805,34.6,2.0868,1.0,28.6459,27.1938,3.292,3.3401,2933088.1633,2606730.7563
002472.SZ,20250804,34.33,2.0475,0.97,28.4224,26.9816,3.2664,3.3141,2910199.9031,2586389.2157
002472.SZ,20250801,33.7,2.2298,1.12,27.9008,26.4864,3.2064,3.2532,2856793.9625,2538925.621
002472.SZ,20250731,33.01,1.9856,0.96,27.3295,25.9441,3.1408,3.1866,2798301.7419,2486941.684
002472.SZ,20250730,33.24,2.1996,1.13,27.52,26.1249,3.1626,3.2088,2817799.1488,2504269.663
002472.SZ,20250729,33.99,1.9484,0.98,28.1409,26.7143,3.234,3.2812,2881377.6495,2560773.9424
002472.SZ,20250728,34.38,2.1893,1.01,28.4638,27.0209,3.2711,3.3189,2914438.4698,2590156.1677
002472.SZ,20250725,34.64,1.6447,0.75,28.679,27.2252,3.2958,3.344,2936479.0167,2609744.3179
002472.SZ,20250724,34.74,2.4065,1.11,28.7618,27.3038,3.3054,3.3536,2944956.1501,2617278.2218
002472.SZ,20250723,33.75,1.5764,0.63,27.9422,26.5257,3.2112,3.2581,2861032.5293,2542692.573
002472.SZ,20250722,33.92,2.1515,0.77,28.0829,26.6593,3.2273,3.2745,2875443.6561,2555500.2097
002472.SZ,20250721,34.26,3.1117,1.17,28.3644,26.9265,3.2597,3.3073,2904265.9097,2581115.483
002472.SZ,20250718,34.05,1.7369,0.63,28.1906,26.7615,3.2397,3.287,2886463.9295,2565294.2848
002472.SZ,20250717,34.0,2.2544,0.85,28.1492,26.7222,3.235,3.2822,2882225.3628,2561527.3328
002472.SZ,20250716,34.23,3.3248,1.43,28.3396,26.903,3.2568,3.3044,2901722.7697,2576510.5568
002472.SZ,20250715,33.25,3.4921,1.84,27.5282,26.1327,3.1636,3.2098,2818646.8622,2502745.4284
002472.SZ,20250714,32.52,2.5459,1.53,26.9239,25.559,3.0941,3.1393,2756763.7882,2447797.9348
002472.SZ,20250711,31.73,2.2327,1.52,26.2698,24.9381,3.019,3.0631,2689794.4342,2388334.2088
002472.SZ,20250710,31.02,1.7144,1.23,25.682,24.3801,2.9514,2.9945,2629606.7869,2334892.126
002472.SZ,20250709,31.28,1.666,1.27,25.8972,24.5844,2.9762,3.0196,2651647.3338,2354462.4662
002472.SZ,20250708,31.41,1.3333,0.98,26.0049,24.6866,2.9885,3.0322,2662667.6072,2364247.6363
002472.SZ,20250707,31.1,1.3523,0.81,25.7482,24.443,2.959,3.0022,2636388.4936,2340913.7691
002472.SZ,20250704,31.8,1.2861,0.79,26.3278,24.9931,3.0256,3.0698,2695728.4276,2393603.1466
002472.SZ,20250703,32.23,1.3346,0.8,26.6838,25.3311,3.0665,3.1113,2732180.1013,2425969.4784
002472.SZ,20250702,32.27,1.2561,0.69,26.7169,25.3625,3.0704,3.1152,2735570.9546,2428980.3
002472.SZ,20250701,32.88,1.5809,0.84,27.2219,25.8419,3.1284,3.1741,2787281.4685,2474895.3289
002472.SZ,20250630,33.49,2.8945,1.89,27.7269,26.3214,3.1864,3.233,2838991.9824,2520810.3578
002472.SZ,20250627,31.73,1.0784,0.71,26.2698,24.9381,3.019,3.0631,2689794.4342,2388334.2088
002472.SZ,20250626,31.81,1.5068,0.99,26.336,25.001,3.0266,3.0708,2696576.1409,2394355.852
002472.SZ,20250625,32.18,2.0596,1.59,26.6424,25.2918,3.0618,3.1065,2727941.5346,2422205.9515
002472.SZ,20250624,31.27,1.8407,1.6,25.889,24.5766,2.9752,3.0187,2650799.6204,2353709.7608
002472.SZ,20250623,30.05,1.1595,1.09,24.8789,23.6177,2.8591,2.9009,2547378.5927,2261879.703
002472.SZ,20250620,30.27,1.0267,0.95,25.061,23.7906,2.8801,2.9221,2566028.2862,2278439.2216
002472.SZ,20250619,30.76,1.5299,1.55,25.4667,24.1757,2.9267,2.9694,2607566.24,2315321.7858
002472.SZ,20250618,30.78,0.9402,0.87,25.4833,24.1915,2.9286,2.9714,2609261.6667,2316827.1966
002472.SZ,20250617,30.33,1.0927,0.95,25.1107,23.8378,2.8858,2.9279,2571114.5663,2282955.4539
002472.SZ,20250616,30.83,0.7263,0.59,25.5247,24.2307,2.9333,2.9762,2613500.2334,2320590.7235
002472.SZ,20250613,30.83,1.1169,0.96,25.5247,24.2307,2.9333,2.9762,2613500.2334,2320590.7235
002472.SZ,20250612,31.51,1.0534,0.91,26.0877,24.7652,2.9357,3.0418,2671144.7406,2371774.6902
002472.SZ,20250611,31.36,1.4307,1.28,25.9635,24.6473,2.9217,3.0273,2658429.0405,2360484.1093
002472.SZ,20250610,31.15,1.4134,1.36,25.7896,24.4823,2.9021,3.0071,2640627.0603,2344677.2961
002472.SZ,20250609,31.91,1.0962,0.99,26.4188,25.0796,2.973,3.0804,2705053.2743,2401882.9059
002472.SZ,20250606,32.11,0.8057,0.67,26.5844,25.2368,2.9916,3.0997,2722007.5412,2416937.0137
002472.SZ,20250605,32.35,1.052,0.9,26.7791,25.4216,3.0142,3.1224,2741940.5224,2434589.8041
002472.SZ,20250604,31.96,1.2048,1.0,26.4562,25.1151,2.9779,3.0848,2708884.6706,2405239.2624
002472.SZ,20250603,31.61,1.0363,0.86,26.1665,24.8401,2.9452,3.051,2679219.1627,2378899.0327
002472.SZ,20250530,31.83,1.4468,1.13,26.3486,25.0129,2.9657,3.0723,2697866.0534,2395455.7485
002472.SZ,20250529,32.6,1.3011,1.09,26.986,25.618,3.0375,3.1466,2763130.1709,2453404.2539
002472.SZ,20250528,32.3,0.8751,0.65,26.7377,25.3823,3.0095,3.1176,2737702.5927,2430826.9142
002472.SZ,20250527,32.28,1.3633,1.01,26.7211,25.3666,3.0077,3.1157,2736007.4208,2429321.7582
002472.SZ,20250526,32.87,1.0733,0.71,27.2095,25.8302,3.0626,3.1726,2786014.9914,2473723.8597
002472.SZ,20250523,33.08,1.7614,1.18,27.3834,25.9952,3.0822,3.1929,2803814.2961,2489527.9975
002472.SZ,20250522,33.53,0.8717,0.54,27.7559,26.3488,3.1241,3.2363,2841955.6635,2523394.0072
002472.SZ,20250521,33.73,1.6294,0.99,27.9214,26.506,3.1428,3.2556,2858907.3824,2538445.567
002472.SZ,20250520,33.54,1.4129,0.79,27.7642,26.3567,3.1251,3.2373,2842803.2495,2524146.5852
002472.SZ,20250519,33.64,1.8455,0.98,27.8469,26.4353,3.1344,3.247,2851279.1089,2531672.3651
002472.SZ,20250516,34.33,1.7191,0.87,28.4181,26.9775,3.1987,3.3136,2909762.5389,2583600.2465
002472.SZ,20250515,34.59,1.4447,0.68,28.6333,27.1818,3.2229,3.3386,2931799.7734,2603167.2743
002472.SZ,20250514,35.09,1.8239,0.81,29.0472,27.5747,3.2695,3.3869,2974179.0705,2640796.1739
002472.SZ,20250513,34.7,2.1497,0.92,28.7244,27.2683,3.2332,3.3493,2941123.2187,2611445.6322
002472.SZ,20250512,34.79,2.2781,0.95,28.7989,27.339,3.2415,3.358,2948751.4922,2618218.8342
002472.SZ,20250509,34.05,2.1734,0.94,28.1863,26.7575,3.1726,3.2865,2886030.1325,2562528.0628
002472.SZ,20250508,34.46,2.1692,1.03,28.5257,27.0797,3.2108,3.3261,2920781.1561,2593383.7604
002472.SZ,20250507,34.32,2.4468,1.24,28.4098,26.9697,3.1978,3.3126,2908914.9529,2582847.6685
002472.SZ,20250506,34.68,2.6326,1.46,28.7078,27.2525,3.2313,3.3473,2939428.0469,2609940.4763
002472.SZ,20250430,33.7,2.5376,1.25,27.8966,26.4824,3.14,3.2527,2856364.6245,2536187.833
002472.SZ,20250429,32.41,1.7273,0.89,26.8288,25.4687,3.1157,3.1282,2747026.038,2439105.2721
002472.SZ,20250428,31.85,1.193,0.56,26.3652,26.3652,3.0618,3.0742,2699561.2253,2396960.9045
002472.SZ,20250425,32.23,1.7904,0.9,26.6798,26.6798,3.0984,3.1109,2731769.4911,2425558.8682
002472.SZ,20250424,32.07,1.7821,0.95,33.2943,28.1678,3.1865,3.3665,2718174.1218,2413483.6261
002472.SZ,20250423,32.39,3.6591,2.37,33.6266,28.4489,3.2183,3.4001,2745296.5327,2437565.7827
002472.SZ,20250422,30.88,1.2529,0.78,32.0589,27.1226,3.0683,3.2416,2617312.6561,2323928.1065
002472.SZ,20250421,31.3,2.1912,1.35,32.4949,27.4915,3.11,3.2857,2652910.8205,2355535.937
002472.SZ,20250418,29.95,1.0658,0.53,31.0934,26.3057,2.9759,3.144,2538488.1493,2253939.339
002472.SZ,20250417,29.9,1.1895,0.49,31.0415,26.2618,2.9709,3.1387,2534250.2726,2250176.5021
002472.SZ,20250416,30.22,2.029,0.7,31.3737,26.5429,3.0027,3.1723,2561372.6835,2274258.6586
002472.SZ,20250415,31.14,1.5573,0.43,32.3288,27.351,3.0941,3.2689,2639349.615,2343494.8587
002472.SZ,20250414,31.09,2.2691,0.66,32.2769,27.307,3.0892,3.2636,2635111.7383,2339732.0217
002472.SZ,20250411,31.28,2.9353,0.91,32.4742,27.4739,3.108,3.2836,2651215.6698,2354030.8022
002472.SZ,20250410,30.45,3.4575,1.18,31.6125,26.7449,3.0256,3.1964,2580866.9164,2291567.7086
002472.SZ,20250409,28.94,4.2495,1.61,30.0448,25.4186,2.8755,3.0379,2452883.0397,2177930.0324
002472.SZ,20250408,27.82,5.2296,2.38,28.8821,24.4349,2.7643,2.9204,2357954.6014,2093642.4845
002472.SZ,20250407,30.24,1.4293,0.65,31.3945,26.5605,3.0047,3.1744,2563067.8342,2275763.7934
002472.SZ,20250403,33.6,1.8424,0.81,34.8827,29.5116,3.3386,3.5271,2847853.1491,2528626.4371
002472.SZ,20250402,34.64,1.9547,0.86,35.9625,30.4251,3.4419,3.6363,2936000.9847,2606893.4459
002472.SZ,20250401,34.07,2.7721,1.25,35.3707,29.9244,3.3853,3.5764,2887689.1902,2563997.1045
002472.SZ,20250331,35.45,2.9801,1.44,36.8034,31.1365,3.5224,3.7213,3004654.5874,2667851.4046
002472.SZ,20250328,36.58,1.3824,0.55,37.9765,32.129,3.6347,3.8399,3100430.601,2752891.5199
002472.SZ,20250327,36.68,2.2658,0.82,38.0803,32.2169,3.6446,3.8504,3108906.3545,2760417.1939
002472.SZ,20250326,36.22,1.9389,0.62,37.6028,31.8128,3.5989,3.8021,3069917.8887,2725799.0938
002472.SZ,20250325,35.92,2.4798,0.78,37.2913,31.5493,3.5691,3.7706,3044490.6285,2703222.0721
002472.SZ,20250324,37.18,2.2923,0.69,38.5945,32.6519,3.6946,3.9024,3150887.2956,2797647.7375
002472.SZ,20250321,36.61,3.5273,0.97,38.0029,32.1513,3.6379,3.8426,3102581.6001,2754757.4951
002472.SZ,20250320,38.56,3.5732,0.9,40.0271,33.8638,3.8317,4.0473,3267837.9268,2901487.2716
002472.SZ,20250319,38.45,3.7691,0.9,39.9129,33.7672,3.8208,4.0357,3258515.775,2893210.2072
002472.SZ,20250318,37.86,2.7604,0.55,39.3004,33.2491,3.7622,3.9738,3208515.1428,2848815.0441
002472.SZ,20250317,37.74,3.0091,0.48,39.1759,33.1437,3.7502,3.9612,3198345.5227,2839785.5194
002472.SZ,20250314,37.49,4.9937,0.84,38.9163,32.9241,3.7254,3.935,3177158.8142,2820974.0096
002472.SZ,20250313,35.81,5.3677,0.94,37.1724,31.4487,3.5584,3.7586,3034784.1327,2694560.6638
002472.SZ,20250312,38.15,4.6996,0.87,39.6015,33.5038,3.791,4.0042,3233091.7247,2870636.3955
002472.SZ,20250311,38.21,7.0907,1.5,39.6637,33.5565,3.7969,4.0105,3238176.5348,2875151.1578
002472.SZ,20250310,40.55,9.1043,2.57,42.0928,35.6115,4.0295,4.2561,3436484.1268,3051226.8896
002472.SZ,20250307,38.07,3.3222,0.84,39.5184,33.4335,3.783,3.9958,3226311.978,2864616.7123
002472.SZ,20250306,38.1,4.1865,1.05,39.5496,33.4598,3.786,3.999,3228854.383,2866874.0935
002472.SZ,20250305,37.42,3.3414,0.73,38.8437,32.8627,3.7184,3.9276,3171226.5358,2815706.7869
002472.SZ,20250304,36.79,3.7011,0.78,38.1897,32.3094,3.6558,3.8615,3117836.0302,2768301.7822
002472.SZ,20250303,36.63,3.1313,0.6,38.0236,32.1689,3.6399,3.8447,3104276.5367,2756262.4159
002472.SZ,20250228,37.18,5.3882,1.01,38.5945,32.6519,3.6946,3.9024,3150887.2956,2797647.7375
002472.SZ,20250227,39.85,4.4043,0.78,41.3661,34.9967,3.9599,4.1827,3377161.3429,2998554.6621
002472.SZ,20250226,40.3,6.1167,1.06,41.8333,35.3919,4.0046,4.2299,3415297.4183,3032415.3798
002472.SZ,20250225,40.46,4.7115,0.82,41.9993,35.5324,4.0205,4.2467,3428856.9117,3044454.746
002472.SZ,20250224,41.14,5.3114,0.98,42.7052,36.1296,4.0881,4.3181,3486484.759,3095622.0527
002472.SZ,20250221,41.79,6.2281,1.29,43.3799,36.7004,4.1527,4.3863,3541570.2012,3144531.9782
002472.SZ,20250220,39.18,5.7838,1.31,40.6706,34.4083,3.8933,4.1123,3320380.964,2948139.8159
002472.SZ,20250219,38.9,6.7351,1.76,40.38,34.1624,3.8655,4.0829,3296651.8504,2927070.9249
002472.SZ,20250218,36.55,4.5216,1.24,37.9406,32.0986,3.632,3.8363,3097496.79,2750242.7328
002472.SZ,20250217,36.38,3.9392,1.03,37.7641,31.9493,3.6151,3.8185,3083089.8282,2737450.9061
002472.SZ,20250214,35.35,3.0728,0.7,36.6949,31.0448,3.5127,3.7103,2995800.589,2659947.4857
002472.SZ,20250213,35.55,3.8829,0.81,36.9025,31.2204,3.5326,3.7313,3012749.9558,2674996.6936
002472.SZ,20250212,36.39,3.672,0.72,37.7745,31.9581,3.6161,3.8195,3083937.2965,2738203.3665
002472.SZ,20250211,36.24,3.6637,0.74,37.6188,31.8264,3.6012,3.8038,3071225.2714,2726916.4606
002472.SZ,20250210,36.73,4.9156,1.01,38.1274,32.2567,3.6499,3.8552,3112751.2202,2763787.0198
002472.SZ,20250207,37.67,5.7589,1.19,39.1032,33.0822,3.7433,3.9538,3192413.2443,2834518.2967
002472.SZ,20250206,37.96,5.9358,1.36,39.4042,33.3369,3.7721,3.9843,3216989.8262,2856339.648
002472.SZ,20250205,35.85,5.1015,1.09,37.2139,31.4839,3.5624,3.7628,3038174.0061,2697570.5053
002472.SZ,20250127,34.9,3.1318,0.67,36.2278,30.6496,3.468,3.6631,2957664.5136,2626086.7681
002472.SZ,20250124,35.33,4.4631,1.0,36.6742,31.0272,3.5107,3.7082,2994105.6523,2658442.5649
002472.SZ,20250123,34.28,5.5541,1.22,35.5842,30.1051,3.4064,3.598,2905121.4764,2579434.2238
002472.SZ,20250122,35.43,3.5549,0.66,36.778,31.115,3.5207,3.7187,3002580.3357,2665967.1689
002472.SZ,20250121,35.65,6.7418,1.29,37.0063,31.3082,3.5425,3.7418,3021224.6392,2682521.2975
002472.SZ,20250120,33.21,2.9357,0.51,34.4735,29.1654,3.3001,3.4857,2814442.3638,2498920.9618
002472.SZ,20250117,33.46,3.5265,0.59,34.733,29.3849,3.3249,3.512,2835629.0723,2517732.4716
002472.SZ,20250116,33.64,6.0689,1.15,34.9199,29.543,3.3428,3.5309,2850883.5025,2531276.7587
002472.SZ,20250115,33.94,7.5453,1.73,35.2313,29.8065,3.3726,3.5623,2876307.5527,2553850.5704
002472.SZ,20250114,32.8,6.1541,1.75,34.0479,28.8053,3.2593,3.4427,2779696.1618,2468070.0858
002472.SZ,20250113,30.67,5.7227,2.09,31.8369,26.9347,3.0477,3.2191,2599185.4049,2307796.0223
002472.SZ,20250110,29.61,4.2636,1.82,30.7365,26.0038,2.9423,3.1079,2509353.7607,2228035.2207
002472.SZ,20250109,29.5,2.7335,1.2,30.6129,25.8992,2.932,3.0954,2499259.5644,2218986.1119
301596.SZ,20260702,53.31,5.9672,1.16,54.8831,56.644,6.4357,8.914,575915.9265,233728.6323
301596.SZ,20260701,51.78,4.8402,0.94,53.3079,55.0183,6.251,8.6582,559387.107,227020.6074
301596.SZ,20260630,50.4,4.1237,0.77,51.8872,53.552,6.0844,8.4275,544478.76,220970.232
301596.SZ,20260629,47.68,4.6057,0.75,49.0869,50.6619,5.7561,7.9726,515094.192,209044.8544
301596.SZ,20260626,48.12,6.0564,0.89,49.5399,51.1294,5.8092,8.0462,519847.578,210973.9596
301596.SZ,20260625,51.57,6.0979,0.9,53.0917,54.7952,6.2257,8.6231,557118.4455,226099.8981
301596.SZ,20260624,54.66,4.9229,0.7,56.2729,58.0785,6.5987,9.1398,590500.179,239647.4778
301596.SZ,20260623,55.1,5.0473,0.71,56.7259,58.546,6.6518,9.2133,595253.565,241576.583
301596.SZ,20260622,56.6,8.6354,1.3,58.2701,60.1398,6.8329,9.4642,611458.29,248153.078
301596.SZ,20260618,59.74,9.373,1.55,61.5028,63.4762,7.212,9.9892,645380.181,261919.8742
301596.SZ,20260617,56.38,5.9033,1.01,58.0437,59.906,6.8064,9.4274,609081.597,247188.5254
301596.SZ,20260616,58.73,6.0009,1.06,60.463,62.403,7.0901,9.8203,634468.9995,257491.7009
301596.SZ,20260615,57.2,5.5275,0.97,58.8878,60.7773,6.9054,9.5645,617940.18,250783.676
301596.SZ,20260612,55.38,6.5173,1.07,57.0141,58.8435,6.6856,9.2602,598278.447,242804.1954
301596.SZ,20260611,57.66,6.328,1.11,59.3614,61.266,7.083,9.6414,622909.1677,252800.2256
301596.SZ,20260610,79.0,6.6914,0.84,58.0936,59.9576,6.8122,9.4355,609605.87,247401.2427
301596.SZ,20260609,81.2,7.0409,0.9,59.7114,61.6273,7.0019,9.6983,626582.236,254290.8976
301596.SZ,20260608,79.8,8.2671,1.15,58.6819,60.5648,6.8812,9.531,615779.094,249906.5717
301596.SZ,20260605,80.75,11.6182,1.8,59.3805,61.2858,6.9631,9.6445,623109.7975,252881.65
301596.SZ,20260604,75.5,6.2232,0.96,55.5198,57.3012,6.5104,9.0175,582598.015,236440.4282
301596.SZ,20260603,73.61,6.8432,0.98,54.13,55.8668,6.3474,8.7917,568013.7733,230521.5883
301596.SZ,20260602,72.3,6.0133,0.76,53.1667,54.8726,6.2345,8.6353,557905.119,226419.112
301596.SZ,20260601,73.12,5.3684,0.62,53.7697,55.4949,6.3052,8.7332,564232.6736,228987.0743
301596.SZ,20260529,76.2,7.8993,0.82,56.0346,57.8325,6.5708,9.1011,587999.586,238632.5911
301596.SZ,20260528,81.74,6.1997,0.53,60.1085,62.0371,7.0485,9.7628,630749.1622,255981.9947
301596.SZ,20260527,81.87,9.5091,0.82,60.2041,62.1358,7.0597,9.7783,631752.3111,256389.1106
301596.SZ,20260526,87.0,10.817,0.91,63.9765,66.0292,7.5021,10.391,671338.11,272454.5331
301596.SZ,20260525,89.46,9.0416,0.71,65.7855,67.8963,7.7142,10.6848,690320.7738,280158.4199
301596.SZ,20260522,89.5,12.5614,0.94,65.8149,67.9266,7.7176,10.6896,690629.435,280283.6864
301596.SZ,20260521,87.2,16.8759,1.54,64.1236,66.181,7.5193,10.4149,672881.416,273080.8654
301596.SZ,20260520,81.79,8.3778,0.84,60.1453,62.0751,7.0528,9.7687,631134.9887,256138.5777
301596.SZ,20260519,84.46,12.3026,1.53,62.1087,64.1015,7.283,10.0876,651738.1238,264500.1134
301596.SZ,20260518,82.92,13.983,2.25,60.9762,62.9327,7.1502,9.9037,639854.6676,259677.355
301596.SZ,20260515,81.5,15.2101,3.6,59.932,61.855,7.0278,9.7341,628897.195,255230.396
301596.SZ,20260514,72.82,4.8765,1.18,53.5491,55.2672,6.2793,8.6974,561917.7146,228047.5759
301596.SZ,20260513,72.4,3.2279,0.73,53.2402,54.9485,6.2431,8.6472,558676.772,226732.2781
301596.SZ,20260512,72.53,2.8967,0.69,53.3358,55.0471,6.2543,8.6627,559679.9209,227139.3941
301596.SZ,20260511,73.14,4.8041,1.36,53.7844,55.5101,6.3069,8.7356,564387.0042,229049.7075
301596.SZ,20260508,72.57,5.3344,1.82,53.3652,55.0775,6.2578,8.6675,559988.5821,227264.6605
301596.SZ,20260507,70.49,4.4536,1.52,51.8357,53.4989,6.0784,8.4191,543938.1997,220750.805
301596.SZ,20260506,68.36,4.705,1.88,50.2694,51.8823,5.8947,8.1647,527501.9908,214080.3665
301596.SZ,20260430,68.54,1.6411,0.46,50.4017,52.0189,5.9102,8.1862,528890.9662,214644.0655
301596.SZ,20260429,67.68,1.5598,0.39,49.7693,51.3662,5.8361,8.0835,522254.7504,211950.8368
301596.SZ,20260428,67.31,2.2899,0.45,49.4972,51.0854,5.8042,8.0393,519399.6343,210792.1221
301596.SZ,20260427,69.09,4.414,0.94,50.8062,52.4363,5.9577,8.2519,533135.0577,216366.4792
301596.SZ,20260424,66.41,2.6392,0.58,48.8354,50.4023,5.7266,7.9318,512454.7573,207973.6269
301596.SZ,20260423,67.29,6.7967,1.85,49.4825,51.0702,5.8025,8.0369,519245.3037,210729.4889
301596.SZ,20260422,73.46,3.8506,1.15,56.1857,53.087,6.6776,9.2044,566856.2938,230051.8391
301596.SZ,20260421,74.2,7.5307,3.17,56.7517,53.6218,6.7448,9.2972,572566.526,232369.2685
301596.SZ,20260420,70.84,2.7859,1.23,54.1818,51.1936,6.4394,8.8762,546638.9852,221846.8865
301596.SZ,20260417,69.91,1.8769,0.77,53.4705,50.5215,6.3549,8.7596,539462.6123,218934.4415
301596.SZ,20260416,70.25,2.2976,0.88,53.7306,50.7672,6.3858,8.8022,542086.2325,219999.2063
301596.SZ,20260415,69.01,2.22,0.74,52.7822,49.8711,6.2731,8.6469,532517.7353,216115.9463
301596.SZ,20260414,69.96,2.71,0.9,53.5088,50.5577,6.3594,8.7659,539848.4388,219091.0245
301596.SZ,20260413,68.43,2.2122,0.66,52.3385,49.452,6.2203,8.5742,528042.1479,214299.5828
301596.SZ,20260410,68.64,2.7449,0.72,52.4992,49.6037,6.2394,8.6005,529662.6192,214957.2316
301596.SZ,20260409,68.3,3.2105,0.64,52.2391,49.358,6.2085,8.5579,527038.999,213892.4668
301596.SZ,20260408,70.24,4.201,0.95,53.7229,50.76,6.3849,8.801,542009.0672,219967.8897
301596.SZ,20260407,67.54,2.6403,0.64,51.6578,48.8088,6.1394,8.4627,521174.4362,211512.4042
301596.SZ,20260403,67.79,4.0008,1.14,51.849,48.9895,6.1622,8.494,523103.5687,212295.3195
301596.SZ,20260402,70.03,5.1037,1.87,53.5623,50.6083,6.3658,8.7747,540388.5959,219310.2408
301596.SZ,20260401,72.16,9.1979,6.97,55.1914,52.1475,6.5594,9.0415,556824.8048,225980.6794
301596.SZ,20260331,64.18,1.1742,0.79,49.0879,46.3807,5.834,8.0417,495246.8954,200990.0222
301596.SZ,20260330,64.87,1.0877,0.57,49.6157,46.8793,5.8967,8.1281,500571.3011,203150.8685
301596.SZ,20260327,64.94,1.0554,0.52,49.6692,46.9299,5.9031,8.1369,501111.4582,203370.0848
301596.SZ,20260326,65.26,1.1116,0.49,49.914,47.1611,5.9322,8.177,503580.7478,204372.2164
301596.SZ,20260325,66.66,2.1663,1.03,50.9848,48.1729,6.0595,8.3524,514383.8898,208756.5423
301596.SZ,20260324,64.24,1.9684,0.98,49.1338,46.424,5.8395,8.0492,495709.8872,201177.9219
301596.SZ,20260323,62.5,3.1744,1.97,47.803,45.1666,5.6813,7.8312,482283.125,195728.8313
301596.SZ,20260320,66.0,1.8227,1.2,50.48,47.6959,5.9995,8.2697,509290.98,206689.6458
301596.SZ,20260319,67.04,2.278,1.67,51.2754,48.4475,6.094,8.4,517316.1712,209946.5736
301596.SZ,20260318,69.59,1.2558,0.87,53.2258,50.2903,6.3258,8.7195,536993.3227,217932.3099
301596.SZ,20260317,68.51,1.4855,0.88,52.3997,49.5098,6.2276,8.5842,528659.4703,214550.1157
301596.SZ,20260316,69.16,1.2048,0.64,52.8969,49.9795,6.2867,8.6657,533675.2148,216585.6955
301596.SZ,20260313,69.03,1.3781,0.66,52.7975,49.8856,6.2749,8.6494,532672.0659,216178.5795
301596.SZ,20260312,69.9,1.5145,0.66,53.4629,50.5143,6.354,8.7584,539385.447,218903.1249
301596.SZ,20260311,71.29,1.6603,0.69,54.526,51.5188,6.4803,8.9325,550111.4237,223256.1341
301596.SZ,20260310,72.5,2.7267,1.08,55.4515,52.3932,6.5903,9.0842,559448.425,227045.4443
301596.SZ,20260309,70.41,2.1634,0.73,53.8529,50.8829,6.4003,8.8223,543320.8773,220500.2721
301596.SZ,20260306,70.88,2.3807,0.86,54.2124,51.2225,6.4431,8.8812,546947.6464,221972.1529
301596.SZ,20260305,69.82,2.525,0.94,53.4017,50.4565,6.3467,8.7484,538768.1246,218652.592
301596.SZ,20260304,68.12,2.2236,0.84,52.1014,49.228,6.1922,8.5353,525650.0236,213328.7678
301596.SZ,20260303,68.53,3.3139,1.3,52.415,49.5243,6.2294,8.5867,528813.8009,214612.7489
301596.SZ,20260302,70.74,4.4346,2.15,54.1053,51.1213,6.4303,8.8636,545867.3322,221533.7204
301596.SZ,20260227,74.44,1.3575,0.63,56.9353,53.7952,6.7667,9.3272,574418.4932,233120.8672
301596.SZ,20260226,75.18,2.0809,1.05,57.5013,54.33,6.8339,9.42,580128.7254,235438.2965
301596.SZ,20260225,74.33,2.1094,0.93,56.8511,53.7157,6.7567,9.3134,573569.6749,232776.3844
301596.SZ,20260224,74.76,2.7587,1.38,57.18,54.0265,6.7957,9.3673,576887.7828,234122.9988
301596.SZ,20260213,75.16,2.0002,1.0,57.486,54.3155,6.8321,9.4174,579974.3948,235375.6633
301596.SZ,20260212,74.32,1.7934,0.92,56.8435,53.7085,6.7558,9.3122,573492.5096,232745.0678
301596.SZ,20260211,74.2,1.2124,0.58,56.7517,53.6218,6.7448,9.2972,572566.526,232369.2685
301596.SZ,20260210,74.82,3.5496,1.97,57.2259,54.0698,6.8012,9.3748,577350.7746,234310.8985
301596.SZ,20260209,73.32,1.4215,0.66,56.0787,52.9858,6.6649,9.1869,565775.9796,229613.4065
301596.SZ,20260206,72.97,1.9825,0.86,55.811,52.7329,6.633,9.143,563075.1941,228517.3251
301596.SZ,20260205,71.96,1.5888,0.61,55.0385,52.003,6.5412,9.0165,555281.4988,225354.3471
301596.SZ,20260204,72.43,1.8937,0.63,55.3979,52.3427,6.584,9.0754,558908.2679,226826.228
301596.SZ,20260203,73.3,2.1436,0.65,56.0634,52.9714,6.663,9.1844,565621.649,229550.7733
301596.SZ,20260202,71.82,3.1353,0.89,54.9314,51.9018,6.5285,8.9989,554201.1846,224915.9146
301596.SZ,20260130,74.41,2.7024,0.76,56.9123,53.7735,6.7639,9.3235,574186.9973,233026.9173
301596.SZ,20260129,73.15,3.0985,0.87,55.9486,52.863,6.6494,9.1656,564464.1695,229081.0241
301596.SZ,20260128,75.6,3.9798,1.18,57.8225,54.6335,6.8721,9.4726,583369.668,236753.5943
301596.SZ,20260127,77.4,3.6337,1.05,59.1992,55.9343,7.0357,9.6981,597259.422,242390.5846
301596.SZ,20260126,77.0,4.278,1.31,58.8933,55.6452,6.9994,9.648,594172.81,241137.9201
301596.SZ,20260123,79.9,2.8862,0.73,61.1113,57.741,7.263,10.0114,616550.747,250219.7379
301596.SZ,20260122,79.44,3.0533,0.78,60.7595,57.4085,7.2212,9.9537,613001.1432,248779.1737
301596.SZ,20260121,81.02,2.9763,0.68,61.968,58.5503,7.3648,10.1517,625193.2606,253727.1985
301596.SZ,20260120,80.16,4.1008,0.92,61.3102,57.9289,7.2866,10.0439,618557.0448,251033.9698
301596.SZ,20260119,81.47,3.3609,0.66,62.3122,58.8755,7.4057,10.2081,628665.6991,255136.4461
301596.SZ,20260116,81.28,6.26,1.36,62.1668,58.7382,7.3884,10.1843,627199.5584,254541.4305
301596.SZ,20260115,78.88,2.9233,0.63,60.3312,57.0038,7.1703,9.8836,608679.8864,247025.4433
301596.SZ,20260114,78.43,5.1633,1.16,59.987,56.6786,7.1294,9.8272,605207.4479,245616.1958
301596.SZ,20260113,79.01,4.5321,1.03,60.4306,57.0978,7.1821,9.8998,609683.0353,247432.5593
301596.SZ,20260112,80.92,6.4244,1.62,61.8915,58.4781,7.3557,10.1392,624421.6076,253414.0324
301596.SZ,20260109,78.73,3.9557,0.96,60.2165,56.8954,7.1566,9.8648,607522.4069,246555.6941
301596.SZ,20260108,78.39,3.2907,0.67,59.9564,56.6497,7.1257,9.8222,604898.7867,245490.9293
301596.SZ,20260107,77.66,4.047,0.85,59.3981,56.1222,7.0594,9.7307,599265.7198,243204.8166
301596.SZ,20260106,79.0,4.2191,0.94,60.423,57.0906,7.1812,9.8986,609605.87,247401.2427
301596.SZ,20260105,78.64,4.351,1.02,60.1476,56.8304,7.1484,9.8535,606827.9192,246273.8446
301596.SZ,20251231,78.62,4.7927,1.34,60.1323,56.8159,7.1466,9.851,606673.5886,246211.2114
301596.SZ,20251230,78.9,6.9665,2.68,60.3465,57.0183,7.1721,9.8861,608834.217,247088.0766
301596.SZ,20251229,75.76,3.54,1.34,57.9449,54.7491,6.8867,9.4926,584604.3128,237254.6601
301596.SZ,20251226,74.28,2.6781,1.14,56.8129,53.6796,6.7521,9.3072,573183.8484,232619.8014
301596.SZ,20251225,74.84,3.4044,1.78,57.2412,54.0843,6.803,9.3774,577505.1052,234373.5317
301596.SZ,20251224,72.66,1.3223,0.68,55.5739,52.5089,6.6049,9.1042,560683.0698,227546.5101
301596.SZ,20251223,72.61,2.0379,1.06,55.5356,52.4727,6.6003,9.0979,560297.2433,227389.927
301596.SZ,20251222,73.98,3.7755,2.54,56.5835,53.4628,6.7248,9.2696,570868.8894,231680.303
301596.SZ,20251219,70.32,1.1687,0.71,53.7841,50.8178,6.3921,8.811,542626.3896,220218.4226
301596.SZ,20251218,69.6,1.2456,0.71,53.2334,50.2975,6.3267,8.7208,537070.488,217963.6265
301596.SZ,20251217,69.88,1.5344,0.84,53.4476,50.4999,6.3522,8.7559,539231.1164,218840.4916
301596.SZ,20251216,69.32,1.86,1.06,53.0193,50.0952,6.3012,8.6857,534909.8596,217086.7613
301596.SZ,20251215,71.15,1.6274,0.9,54.4189,51.4176,6.4676,8.915,549031.1095,222817.7015
301596.SZ,20251212,72.86,1.9054,1.09,55.7268,52.6534,6.623,9.1293,562226.3758,228172.8423
301596.SZ,20251211,72.71,1.8994,1.11,55.6121,52.545,6.6094,9.1105,561068.8963,227703.0931
301596.SZ,20251210,74.49,1.8301,1.13,56.9735,53.8313,6.7712,9.3335,574804.3197,233277.4502
301596.SZ,20251209,74.3,1.551,1.0,56.8282,53.694,6.7539,9.3097,573338.179,232682.4346
301596.SZ,20251208,75.14,1.8462,1.18,57.4707,54.3011,6.8303,9.4149,579820.0642,235313.0301
301596.SZ,20251205,74.36,1.6287,1.08,56.8741,53.7374,6.7594,9.3172,573801.1708,232870.3343
301596.SZ,20251204,73.08,1.6854,1.18,55.8951,52.8124,6.643,9.1568,563924.0124,228861.8078
301596.SZ,20251203,72.54,1.3529,0.93,55.4821,52.4221,6.5939,9.0892,559757.0862,227170.7107
301596.SZ,20251202,73.77,1.2068,0.79,56.4228,53.311,6.7058,9.2433,569248.4181,231022.6541
301596.SZ,20251201,74.7,1.9411,1.25,57.1341,53.9831,6.7903,9.3598,576424.791,233935.0991
301596.SZ,20251128,73.36,1.3512,0.75,56.1092,53.0147,6.6685,9.1919,566084.6408,229738.673
301596.SZ,20251127,72.54,1.3092,0.71,55.4821,52.4221,6.5939,9.0892,559757.0862,227170.7107
301596.SZ,20251126,71.84,1.4534,0.78,54.9467,51.9163,6.5303,9.0015,554355.5152,224978.5478
301596.SZ,20251125,72.3,1.5493,0.81,55.2985,52.2487,6.5721,9.0591,557905.119,226419.112
301596.SZ,20251124,72.16,2.0943,1.16,55.1914,52.1475,6.5594,9.0415,556824.8048,225980.6794
301596.SZ,20251121,70.5,2.6434,1.56,53.9218,50.9479,6.4085,8.8336,544015.365,220782.1217
301596.SZ,20251120,72.26,1.4377,0.79,55.2679,52.2198,6.5685,9.0541,557596.4578,226293.8455
301596.SZ,20251119,73.37,1.647,0.88,56.1169,53.022,6.6694,9.1932,566161.8061,229769.9896
301596.SZ,20251118,74.58,1.7349,0.93,57.0424,53.8964,6.7794,9.3448,575498.8074,233559.2998
301596.SZ,20251117,75.64,1.591,0.83,57.8531,54.6624,6.8757,9.4776,583678.3292,236878.8607
301596.SZ,20251114,75.14,2.069,1.0,57.4707,54.3011,6.8303,9.4149,579820.0642,235313.0301
301596.SZ,20251113,75.28,2.0078,0.92,57.5778,54.4022,6.843,9.4325,580900.3784,235751.4627
301596.SZ,20251112,75.31,1.913,0.9,57.6007,54.4239,6.8457,9.4362,581131.8743,235845.4125
301596.SZ,20251111,76.3,1.7951,0.79,58.3579,55.1394,6.9357,9.5603,588771.239,238945.7572
301596.SZ,20251110,76.88,1.8369,0.82,58.8015,55.5585,6.9885,9.633,593246.8264,240762.1207
301596.SZ,20251107,77.7,2.804,1.31,59.4287,56.1511,7.063,9.7357,599574.381,243330.083
301596.SZ,20251106,79.5,2.5153,1.17,60.8054,57.4519,7.2266,9.9612,613464.135,248967.0734
301596.SZ,20251105,78.77,1.7356,0.77,60.2471,56.9243,7.1603,9.8698,607831.0681,246680.9606
301596.SZ,20251104,78.62,2.4305,1.07,60.1323,56.8159,7.1466,9.851,606673.5886,246211.2114
301596.SZ,20251103,80.96,1.7582,0.68,61.9221,58.507,7.3593,10.1442,624730.2688,253539.2988
301596.SZ,20251031,81.35,2.3015,0.85,62.2204,58.7888,7.3948,10.193,627739.7155,254760.6468
301596.SZ,20251030,80.46,2.4996,0.96,61.5397,58.1457,7.3139,10.0815,620872.0038,251973.4682
301596.SZ,20251029,82.44,2.2646,0.9,63.0541,59.5765,7.4939,10.3296,636150.7332,258174.1576
301596.SZ,20251028,82.05,2.5013,1.04,62.7558,59.2947,7.4584,10.2808,633141.2865,256952.8097
301596.SZ,20251027,82.46,3.2914,1.35,63.0694,59.591,7.4957,10.3321,636305.0638,258236.7908
301596.SZ,20251024,80.67,2.9741,1.15,61.7003,61.3724,7.5856,10.1078,622492.4751,252631.1171
301596.SZ,20251023,78.88,1.9471,0.7,60.3312,60.0106,7.4173,9.8836,608679.8864,247025.4433
301596.SZ,20251022,78.87,1.8259,0.57,60.3236,60.003,7.4163,9.8823,608602.7211,246994.1267
301596.SZ,20251021,79.4,2.0215,0.52,60.7289,60.4062,7.4662,9.9487,612692.482,248653.9072
301596.SZ,20251020,79.3,3.3786,0.75,60.6524,60.3301,7.4568,9.9362,611920.829,248340.7411
301596.SZ,20251017,77.11,3.7123,0.68,58.9774,58.664,7.2508,9.6618,595021.6283,241482.4028
301596.SZ,20251016,80.26,2.9889,0.53,61.3867,61.0604,7.547,10.0565,619328.6978,251347.1359
301596.SZ,20251015,82.21,3.8388,0.66,62.8781,62.544,7.7304,10.3008,634375.9313,257453.8755
301596.SZ,20251014,81.08,5.3343,0.96,62.0139,61.6843,7.6241,10.1592,625656.2524,253915.0982
301596.SZ,20251013,84.3,6.5288,1.3,64.4767,64.134,7.9269,10.5627,650503.479,263999.0476
301596.SZ,20251010,88.0,8.4444,2.0,67.3066,66.9489,8.2748,11.0263,679054.64,275586.1944
301596.SZ,20251009,89.09,4.1015,0.93,68.1403,67.7782,8.3773,11.1629,687465.6577,278999.7052
301596.SZ,20250930,89.28,4.7694,1.06,68.2856,67.9227,8.3952,11.1867,688931.7984,279594.7209
301596.SZ,20250929,88.43,3.8412,0.86,67.6355,67.276,8.3153,11.0802,682372.7479,276932.8088
301596.SZ,20250926,89.25,3.9831,0.82,68.2627,67.8999,8.3924,11.1829,688700.3025,279500.771
301596.SZ,20250925,92.48,4.4126,0.75,70.7331,70.3572,8.6961,11.5876,713624.6944,289616.037
301596.SZ,20250924,92.39,5.01,0.82,70.6643,70.2887,8.6876,11.5763,712930.2067,289334.1875
301596.SZ,20250923,89.58,5.1568,0.73,68.5151,68.1509,8.4234,11.2243,691246.7574,280534.2193
301596.SZ,20250922,92.39,3.7826,0.52,70.6643,70.2887,8.3727,11.5763,712930.2067,289334.1875
301596.SZ,20250919,91.48,5.936,0.83,69.9683,69.5964,8.2903,11.4623,705908.1644,286484.3757
301596.SZ,20250918,93.86,9.4585,1.33,71.7886,71.4071,8.5059,11.7605,724273.5058,293937.7296
301596.SZ,20250917,94.9,6.1636,0.95,72.5841,72.1983,8.6002,11.8908,732298.697,297194.6574
301596.SZ,20250916,95.1,9.8995,1.83,72.737,72.3505,8.6183,11.9159,733842.003,297820.9896
301596.SZ,20250915,91.23,4.9704,0.86,69.7771,69.4062,8.2676,11.431,703979.0319,285701.4604
301596.SZ,20250912,91.14,5.1475,0.94,69.7082,69.3378,8.2594,11.4197,703284.5442,285419.6109
301596.SZ,20250911,92.66,9.2605,1.97,70.8708,70.4942,8.3972,11.6102,715013.6698,290179.7361
301596.SZ,20250910,87.4,3.3017,0.65,66.8477,66.4924,7.9205,10.9511,674424.722,273707.1976
301596.SZ,20250909,88.18,4.4015,0.71,67.4443,67.0858,7.9912,11.0488,680443.6154,276149.8934
301596.SZ,20250908,90.73,6.7403,1.15,69.3947,69.0258,8.2223,11.3683,700120.7669,284135.6297
301596.SZ,20250905,86.96,3.5806,0.54,66.5112,66.1577,7.8806,10.896,671029.4488,272329.2666
301596.SZ,20250904,84.38,5.5145,0.76,64.5379,64.1949,7.6468,10.5727,651120.8014,264249.5805
301596.SZ,20250903,87.22,5.3074,0.61,66.71,66.3555,7.9042,10.9285,673035.7466,273143.4986
301596.SZ,20250902,90.84,9.6519,1.23,69.4788,69.1095,8.2323,11.3821,700969.5852,284480.1125
301596.SZ,20250901,92.58,5.1447,0.62,70.8096,70.4333,8.3899,11.6001,714396.3474,289929.2032
301596.SZ,20250829,91.21,7.4999,0.91,69.7618,69.391,8.2658,11.4285,703824.7013,285638.8272
301596.SZ,20250828,93.27,8.4747,0.99,71.3374,70.9582,8.4525,11.6866,719720.7531,292090.0495
301596.SZ,20250827,93.98,12.5781,1.73,71.8804,71.4984,8.5168,11.7756,725199.4894,294313.529
301596.SZ,20250826,93.05,4.9627,0.66,71.1691,71.9933,8.7195,11.659,718023.1165,322399.64
301596.SZ,20250825,95.39,6.8475,0.91,72.9588,73.8038,8.9387,11.9522,736079.7967,330507.272
301596.SZ,20250822,94.55,6.4301,0.87,72.3164,73.1538,8.86,11.847,729597.9115,327596.84
301596.SZ,20250821,93.92,8.9784,1.29,71.8345,72.6664,8.801,11.768,724736.4976,325414.016
301596.SZ,20250820,94.29,5.6913,0.77,72.1175,72.9527,8.8357,11.8144,727591.6137,326695.992
301596.SZ,20250819,94.9,9.6383,1.44,72.5841,73.4246,8.8928,11.8908,732298.697,328809.52
301596.SZ,20250818,93.27,6.9157,1.13,71.3374,72.1635,8.7401,11.6866,719720.7531,323161.896
301596.SZ,20250815,92.18,5.7186,0.98,70.5037,71.3202,8.6379,11.55,711309.7354,319385.264
301596.SZ,20250814,90.83,6.8808,1.22,69.4711,70.2757,8.5114,11.3809,700892.4199,314707.784
301596.SZ,20250813,92.28,7.8104,1.35,70.5802,71.3975,8.6473,11.5626,712081.3884,319731.744
301596.SZ,20250812,90.18,6.0671,1.08,68.974,69.7728,8.4505,11.2994,695876.6754,312455.664
301596.SZ,20250811,89.05,3.9962,0.61,68.1097,68.8985,8.3446,11.1578,687156.9965,308540.44
301596.SZ,20250808,88.8,4.3173,0.64,67.9185,68.705,8.3212,11.1265,685227.864,307674.24
301596.SZ,20250807,91.54,6.0131,0.92,70.0142,70.825,8.578,11.4698,706371.1562,317167.792
301596.SZ,20250806,91.24,8.5727,1.55,69.7847,70.5929,8.5499,11.4322,704056.1972,316128.352
301596.SZ,20250805,90.66,5.1861,1.03,69.3411,70.1441,8.4955,11.3596,699580.6098,314118.768
301596.SZ,20250804,91.6,8.799,2.35,70.0601,70.8714,8.5836,11.4774,706834.148,317375.68
301596.SZ,20250801,86.98,4.9555,1.45,66.5265,67.2969,8.1507,10.8985,671183.7794,301368.304
301596.SZ,20250731,85.41,5.3114,1.77,65.3257,66.0822,8.0035,10.7018,659068.8273,295928.568
301596.SZ,20250730,84.48,3.3323,1.17,64.6144,65.3626,7.9164,10.5852,651892.4544,292706.304
301596.SZ,20250729,86.46,2.6844,0.88,66.1288,66.8946,8.1019,10.8333,667171.1838,299566.608
301596.SZ,20250728,86.8,2.4314,0.68,66.3888,67.1576,8.1338,10.8759,669794.804,300744.64
301596.SZ,20250725,87.08,3.3399,0.98,66.603,67.3743,8.16,10.911,671955.4324,301714.784
301596.SZ,20250724,86.36,3.1944,0.88,66.0523,66.8172,8.0926,10.8208,666399.5308,299220.128
301596.SZ,20250723,85.4,2.6316,0.65,65.318,66.0744,8.0026,10.7005,658991.662,295893.92
301596.SZ,20250722,86.28,3.6361,0.92,65.9911,66.7553,8.0851,10.8108,665782.2084,298942.944
301596.SZ,20250721,87.66,5.1077,1.36,67.0466,67.823,8.2144,10.9837,676431.0198,303724.368
301596.SZ,20250718,85.75,2.5158,0.66,65.5857,66.3452,8.0354,10.7444,661692.4475,297106.6
301596.SZ,20250717,85.93,4.1781,1.18,65.7234,66.4845,8.0523,10.7669,663081.4229,297730.264
301596.SZ,20250716,86.08,4.7302,1.46,65.8381,66.6006,8.0663,10.7857,664238.9024,298249.984
301596.SZ,20250715,83.77,3.264,1.08,64.0713,64.8133,7.8499,10.4963,646413.7181,290246.296
301596.SZ,20250714,84.51,4.0266,1.59,64.6373,65.3858,7.9192,10.589,652123.9503,292810.248
301596.SZ,20250711,82.59,2.8387,1.13,63.1688,63.9003,7.7393,10.3484,637308.2127,286157.832
301596.SZ,20250710,80.99,2.7775,1.2,61.945,62.6624,7.5894,10.1479,624961.7647,280614.152
301596.SZ,20250709,82.68,3.3228,1.51,63.2376,63.97,7.7477,10.3597,638002.7004,286469.664
301596.SZ,20250708,82.15,2.0939,0.93,62.8323,63.5599,7.6981,10.2933,633912.9395,284633.32
301596.SZ,20250707,81.16,1.6585,0.65,62.0751,62.7939,7.6053,10.1692,626273.5748,281203.168
301596.SZ,20250704,82.5,2.6569,1.05,63.1,63.8307,7.7309,10.3371,636613.725,285846.0
301596.SZ,20250703,83.08,1.8861,0.69,63.5436,64.2794,7.7852,10.4098,641089.3124,287855.584
301596.SZ,20250702,83.32,2.7042,0.89,63.7271,64.4651,7.8077,10.4399,642941.2796,288687.136
301596.SZ,20250701,86.09,2.3289,0.67,65.8458,66.6083,8.0673,10.787,664316.0677,298284.632
301596.SZ,20250630,87.42,3.2423,0.93,66.863,67.6373,8.1919,10.9536,674579.0526,302892.816
301596.SZ,20250627,85.69,2.5347,0.73,65.5398,66.2988,8.0298,10.7368,661229.4557,296898.712
301596.SZ,20250626,86.06,2.8977,0.87,65.8228,66.5851,8.0645,10.7832,664084.5718,298180.688
301596.SZ,20250625,87.41,4.1951,1.47,66.8554,67.6296,8.191,10.9524,674501.8873,302858.168
301596.SZ,20250624,86.99,4.4897,2.03,66.5341,67.3046,8.1516,10.8997,671260.9447,301402.952
301596.SZ,20250623,83.72,3.2483,1.81,64.0331,64.7746,7.8452,10.49,646027.8916,290073.056
301596.SZ,20250620,79.6,2.5474,1.63,60.8819,61.587,7.4591,9.9738,614235.788,275798.08
301596.SZ,20250619,116.84,3.0587,1.54,63.832,64.5712,7.538,10.4571,643999.5532,289162.3152
301596.SZ,20250618,120.13,2.5395,1.42,65.6294,66.3895,7.7503,10.7515,662133.3989,297304.5954
301596.SZ,20250617,117.79,1.8041,0.88,64.351,65.0963,7.5993,10.5421,649235.7701,291513.4296
301596.SZ,20250616,117.16,1.6159,0.7,64.0068,64.7481,7.5586,10.4857,645763.3316,289954.2696
301596.SZ,20250613,117.4,1.8991,0.81,64.138,64.8807,7.5741,10.5072,647086.1653,290548.2353
301596.SZ,20250612,118.95,2.0975,0.85,64.9848,65.7373,7.6741,10.6459,655629.4664,294384.2639
301596.SZ,20250611,118.21,1.5241,0.6,64.5805,65.3284,7.6264,10.5797,651550.7291,292552.8696
301596.SZ,20250610,118.01,3.1085,1.39,64.4712,65.2178,7.6135,10.5618,650448.3677,292057.8982
301596.SZ,20250609,120.12,2.921,1.28,65.624,66.3839,7.7496,10.7506,662078.2809,297279.8469
301596.SZ,20250606,121.45,2.0842,0.81,66.3506,67.1189,7.8354,10.8697,669408.9844,300571.4069
301596.SZ,20250605,123.1,2.744,1.02,67.252,68.0308,7.9419,11.0173,678503.4663,304654.9213
301596.SZ,20250604,120.86,1.7932,0.61,66.0282,66.7929,7.7974,10.8169,666157.0182,299111.2412
301596.SZ,20250603,120.08,1.6175,0.49,65.6021,66.3618,7.747,10.747,661857.8086,297180.8526
301596.SZ,20250530,119.8,3.1646,0.82,65.4491,66.2071,7.729,10.722,660314.5026,296487.8926
301596.SZ,20250529,123.67,3.4863,0.96,67.5634,68.3458,7.9786,11.0683,681645.1964,306065.5899
301596.SZ,20250528,120.86,3.3885,0.95,66.0282,66.7929,7.7974,10.8169,666157.0182,299111.2412
301596.SZ,20250527,123.8,2.9872,0.81,67.6344,68.4177,7.987,11.08,682361.7314,306387.3214
301596.SZ,20250526,125.89,3.3618,0.77,68.7762,69.5727,8.1219,11.267,693881.4084,311559.7729
301596.SZ,20250523,127.4,6.1819,1.29,69.6012,70.4072,8.2193,11.4022,702204.2373,315296.8073
301596.SZ,20250522,125.03,2.3219,0.39,68.3064,69.0974,8.0664,11.1901,689141.2542,309431.3957
301596.SZ,20250521,126.3,3.0345,0.49,69.0002,69.7993,8.1483,11.3037,696141.2494,312574.4644
301596.SZ,20250520,128.09,3.4305,0.52,69.9781,70.7885,8.2638,11.4639,706007.3842,317004.4587
301596.SZ,20250519,129.92,6.8747,1.06,70.9779,71.7999,8.3819,11.6277,716093.9914,321533.4474
301596.SZ,20250516,136.52,8.337,1.32,74.5836,75.4473,8.8077,12.2184,752471.9189,337867.5049
301596.SZ,20250515,132.43,8.2158,1.31,72.3492,73.187,8.5438,11.8524,729928.6275,327745.339
301596.SZ,20250514,129.01,4.2778,0.63,70.4807,71.297,8.3232,11.5463,711078.2469,319281.3274
301596.SZ,20250513,127.85,4.9764,0.67,69.847,70.6559,8.2483,11.4425,704684.5505,316410.493
301596.SZ,20250512,127.85,11.8887,0.87,69.847,70.6559,8.2483,11.4425,704684.5505,176171.1376
301596.SZ,20250509,123.98,13.5752,1.09,67.7327,68.5171,7.9986,11.0961,683353.8567,170838.4642
301596.SZ,20250508,132.08,14.3394,1.34,72.1579,72.9936,8.5212,11.821,727999.495,181999.8737
301596.SZ,20250507,127.8,12.2914,1.29,69.8197,70.6283,8.2451,11.438,704408.9602,176102.24
301596.SZ,20250506,128.28,14.3909,1.72,70.0819,70.8935,8.2761,11.4809,707054.6276,176763.6569
301596.SZ,20250430,123.82,13.7312,1.67,67.6453,68.4287,7.9883,11.0818,682471.9675,170617.9919
301596.SZ,20250429,116.68,7.7593,1.0,63.7446,64.4828,7.5277,10.4427,643117.6641,160779.416
301596.SZ,20250428,114.14,5.1352,0.62,62.357,63.0791,7.3638,10.2154,629117.6738,157279.4185
301596.SZ,20250425,114.3,6.4451,0.82,62.4444,63.1675,7.3741,10.2297,629999.563,157499.8907
301596.SZ,20250424,115.53,8.7144,1.2,63.1163,63.8473,7.4535,10.3398,636779.0858,159194.7715
301596.SZ,20250423,118.7,13.1572,2.25,64.8482,65.5992,7.658,10.6235,654251.5146,163562.8787
301596.SZ,20250422,113.16,5.2143,0.84,61.8216,62.5375,7.3006,10.1277,623716.1028,155929.0257
301596.SZ,20250421,115.85,7.6171,1.16,63.2912,64.0241,7.4741,10.3685,638542.8641,159635.716
301596.SZ,20250418,111.69,4.7614,0.63,63.7386,61.8344,7.659,10.52,615613.7462,153903.4365
301596.SZ,20250417,113.51,5.4871,0.61,64.7773,62.842,7.7838,10.6914,625645.2353,156411.3088
301596.SZ,20250416,114.83,6.1214,0.59,65.5306,63.5728,7.8743,10.8158,632920.8208,158230.2052
301596.SZ,20250415,116.46,7.1998,0.63,66.4608,64.4752,7.9861,10.9693,641905.0665,160476.2666
301596.SZ,20250414,118.28,9.324,0.77,67.4994,65.4828,8.1109,11.1407,651936.5556,162984.1389
301596.SZ,20250411,114.02,9.9133,0.82,65.0683,63.1244,7.8187,10.7395,628456.2569,157114.0642
301596.SZ,20250410,111.82,12.4721,1.01,63.8128,61.9064,7.6679,10.5323,616330.2811,154082.5703
301596.SZ,20250409,107.17,13.3386,1.21,61.1592,59.3321,7.349,10.0943,590700.3776,147675.0944
301596.SZ,20250408,102.98,12.1717,1.13,58.7681,57.0124,7.0617,9.6996,567605.9055,141901.4764
301596.SZ,20250407,100.8,12.7196,1.34,57.524,55.8055,6.9122,9.4943,555590.1658,138897.5414
301596.SZ,20250403,126.0,9.5318,1.08,71.905,69.7568,8.6402,11.8679,694487.7072,173621.9268
301596.SZ,20250402,132.33,13.9185,1.88,75.5174,73.2613,9.0743,12.4641,729377.4468,182344.3617
301596.SZ,20250401,126.22,6.7404,0.88,72.0306,69.8786,8.6553,11.8886,695700.3048,173925.0762
301596.SZ,20250331,128.98,10.734,1.39,73.6056,71.4066,8.8446,12.1485,710912.8927,177728.2232
301596.SZ,20250328,134.2,6.5278,0.68,76.5845,74.2966,9.2025,12.6402,739684.5262,184921.1316
301596.SZ,20250327,136.28,6.152,0.54,77.7715,75.4481,9.3452,12.8361,751149.0852,187787.2713
301596.SZ,20250326,139.15,6.8675,0.49,79.4094,77.037,9.542,13.1064,766967.9719,191741.993
301596.SZ,20250325,138.6,8.1788,0.51,79.0955,76.7325,9.5043,13.0546,763936.4779,190984.1195
301596.SZ,20250324,142.18,10.9196,0.55,81.1385,78.7145,9.7498,13.3918,783668.7477,195917.1869
301596.SZ,20250321,143.79,16.1958,0.82,82.0573,79.6058,9.8602,13.5435,792542.7573,198135.6893
301596.SZ,20250320,155.67,15.1404,0.73,88.8369,86.1829,10.6748,14.6625,858023.0268,214505.7567
301596.SZ,20250319,162.78,20.2402,0.95,92.8944,90.1192,11.1624,15.3321,897211.976,224302.994
301596.SZ,20250318,161.66,18.026,0.9,92.2553,89.4991,11.0856,15.2266,891038.752,222759.688
301596.SZ,20250317,164.98,30.4909,1.88,94.1499,91.3372,11.3132,15.5394,909337.9519,227334.488
301596.SZ,20250314,144.35,14.917,0.9,82.3769,79.9159,9.8986,13.5962,795629.3693,198907.3423
301596.SZ,20250313,138.46,20.5007,1.33,79.0156,76.655,9.4947,13.0415,763164.8249,190791.2062
301596.SZ,20250312,153.55,23.1351,1.73,87.6271,85.0092,10.5294,14.4628,846337.9956,211584.4989
301596.SZ,20250311,146.22,10.8138,0.72,83.444,80.9511,10.0268,13.7724,805936.4488,201484.1122
301596.SZ,20250310,146.0,11.774,0.77,83.3185,80.8293,10.0117,13.7516,804723.8512,201180.9628
301596.SZ,20250307,148.8,16.8968,1.03,84.9164,82.3795,10.2037,14.0154,820156.9114,205039.2278
301596.SZ,20250306,145.6,14.6465,0.8,83.0902,80.6079,9.9843,13.714,802519.1283,200629.7821
301596.SZ,20250305,143.99,12.6964,0.57,82.1714,79.7166,9.8739,13.5623,793645.1187,198411.2797
301596.SZ,20250304,143.17,19.0369,0.88,81.7035,79.2626,9.8176,13.4851,789125.4368,197281.3592
301596.SZ,20250303,133.73,13.5168,0.59,76.3163,74.0364,9.1703,12.5959,737093.9769,184273.4942
301596.SZ,20250228,135.56,22.2407,0.98,77.3607,75.0495,9.2958,12.7683,747180.584,186795.146
301596.SZ,20250227,152.31,23.6225,1.03,86.9195,84.3227,10.4444,14.346,839503.3546,209875.8387
301596.SZ,20250226,153.0,32.809,1.46,87.3132,84.7047,10.4917,14.411,843306.5016,210826.6254
301596.SZ,20250225,144.85,16.1181,0.69,82.6622,80.1927,9.9329,13.6433,798385.2729,199596.3182
301596.SZ,20250224,147.47,19.5908,0.78,84.1574,81.6432,10.1125,13.8901,812826.2078,203206.5519
301596.SZ,20250221,151.45,21.3562,0.81,86.4287,83.8466,10.3854,14.265,834763.2004,208690.8001
301596.SZ,20250220,149.73,24.794,0.88,85.4471,82.8944,10.2675,14.103,825282.8921,206320.723
301596.SZ,20250219,156.2,30.2326,0.99,89.1394,86.4763,10.7112,14.7124,860944.2846,215236.0712
301596.SZ,20250218,143.2,20.4949,0.6,81.7206,79.2792,9.8197,13.4879,789290.791,197322.6978
301596.SZ,20250217,153.0,28.2275,0.71,87.3132,84.7047,10.4917,14.411,843306.5016,210826.6254
301596.SZ,20250214,145.57,27.4232,0.61,83.0731,80.5913,9.9822,13.7111,802353.7741,200588.4435
301596.SZ,20250213,151.13,35.0453,0.8,86.2461,83.6694,10.3635,14.2348,832999.4221,208249.8555
301596.SZ,20250212,163.03,41.0869,1.05,93.0371,90.2576,11.1795,15.3557,898589.9278,224647.482
301596.SZ,20250211,153.68,38.5884,1.11,87.7013,85.0812,10.5384,14.475,847054.5305,211763.6326
301596.SZ,20250210,159.01,55.5348,2.01,90.743,88.032,10.9039,14.977,876432.4629,219108.1157
301596.SZ,20250207,139.08,53.0921,2.51,79.3694,76.9983,9.5372,13.0999,766582.1454,191645.5363
301596.SZ,20250206,121.92,30.6849,1.73,69.5767,67.498,8.3605,11.4836,671999.5338,167999.8835
301596.SZ,20250205,109.88,18.5188,1.04,62.7057,60.8324,7.5348,10.3495,605637.3751,151409.3438
301596.SZ,20250127,104.21,15.4926,0.83,59.47,57.6933,7.146,9.8155,574385.4283,143596.3571
301596.SZ,20250124,109.99,20.3747,1.0,62.7685,60.8933,7.5424,10.3599,606243.6739,151560.9185
301596.SZ,20250123,107.41,20.5711,1.09,61.2962,59.4649,7.3655,10.1169,592023.2114,148005.8028
301596.SZ,20250122,103.75,13.867,0.72,59.2075,57.4387,7.1145,9.7721,571849.997,142962.4993
301596.SZ,20250121,108.1,19.0362,0.92,61.6899,59.8469,7.4128,10.1819,595826.3583,148956.5896
301596.SZ,20250120,105.38,19.6629,0.95,60.1377,58.3411,7.2263,9.9257,580834.2427,145208.5607
301596.SZ,20250117,109.48,28.2559,1.43,62.4775,60.6109,7.5074,10.3118,603432.6523,150858.1631
301596.SZ,20250116,102.5,13.6326,0.7,58.4941,56.7466,7.0288,9.6544,564960.238,141240.0595
301596.SZ,20250115,104.96,16.2284,0.89,59.898,58.1085,7.1975,9.8861,578519.2837,144629.8209
301596.SZ,20250114,106.44,25.3862,1.75,60.7426,58.9279,7.2989,10.0255,586676.7584,146669.1896
301596.SZ,20250113,99.05,20.4367,1.69,56.5253,54.8366,6.7922,9.3295,545944.5032,136486.1258
301596.SZ,20250110,100.91,22.9375,2.45,57.5868,55.8664,6.9197,9.5046,556196.4646,139049.1161
301596.SZ,20250109,96.3,12.0011,1.43,54.956,53.3141,6.6036,9.0704,530787.0334,132696.7583
301368.SZ,20260702,43.81,3.9414,1.41,,,5.582,10.4816,526158.1,526158.1
301368.SZ,20260701,43.43,3.9002,1.58,,,5.5336,10.3907,521594.3,521594.3
301368.SZ,20260630,41.63,2.7933,1.19,,,5.3043,9.96,499976.3,499976.3
301368.SZ,20260629,39.37,2.251,0.9,,,5.0163,9.4193,472833.7,472833.7
301368.SZ,20260626,39.08,2.1085,0.82,,,4.9794,9.35,469350.8,469350.8
301368.SZ,20260625,40.53,2.9612,1.24,,,5.1641,9.6969,486765.3,486765.3
301368.SZ,20260624,41.73,2.2232,0.89,,,5.317,9.984,501177.3,501177.3
301368.SZ,20260623,42.35,2.2075,0.89,,,5.396,10.1323,508623.5,508623.5
301368.SZ,20260622,42.47,3.0326,1.2,,,5.4113,10.161,510064.7,510064.7
301368.SZ,20260618,44.4,2.4111,0.95,,,5.6572,10.6228,533244.0,533244.0
301368.SZ,20260617,44.11,2.1014,0.78,,,5.6203,10.5534,529761.1,529761.1
301368.SZ,20260616,45.51,2.6975,0.94,,,5.7986,10.8883,546575.1,546575.1
301368.SZ,20260615,44.29,2.0922,0.59,,,5.6432,10.5965,531922.9,531922.9
301368.SZ,20260612,43.54,3.3211,0.73,,,5.5476,10.417,522915.4,279184.5756
301368.SZ,20260611,44.58,4.5497,0.53,,,5.6801,10.6658,535405.8,285853.3795
301368.SZ,20260610,46.41,5.3469,0.62,,,5.9133,11.1037,557384.1,297587.603
301368.SZ,20260609,48.8,6.7928,0.85,,,6.2178,11.6755,586088.0,312912.6272
301368.SZ,20260608,49.48,10.4969,1.63,,,6.3045,11.8382,594254.8,317272.8851
301368.SZ,20260605,48.63,15.2507,3.48,,,6.1962,11.6348,584046.3,311822.5627
301368.SZ,20260604,43.95,4.7497,1.11,,,5.5999,10.5151,527839.5,281813.7288
301368.SZ,20260603,45.02,5.7007,1.3,,,5.7362,10.7711,540690.2,288674.7229
301368.SZ,20260602,46.87,3.552,0.66,,,5.9719,11.2137,562908.7,300537.1893
301368.SZ,20260601,47.31,2.9637,0.51,,,6.028,11.319,568193.1,303358.5326
301368.SZ,20260529,46.73,4.9148,0.79,,,5.9541,11.1802,561227.3,299639.4891
301368.SZ,20260528,50.68,4.3534,0.59,,,6.4574,12.1253,608666.8,324967.4579
301368.SZ,20260527,51.39,6.0685,0.83,,,6.5478,12.2951,617193.9,329520.0802
301368.SZ,20260526,54.0,8.5418,1.19,,,6.8804,12.9196,648540.0,346255.776
301368.SZ,20260525,53.86,5.1239,0.68,,,6.8625,12.8861,646858.6,345358.0758
301368.SZ,20260522,55.04,7.0541,0.87,,,7.0129,13.1684,661030.4,352924.4058
301368.SZ,20260521,56.18,10.3611,1.53,,,7.1581,13.4412,674721.8,360234.2499
301368.SZ,20260520,54.62,5.5941,0.89,,,6.9594,13.0679,655986.2,350231.3053
301368.SZ,20260519,56.49,7.8221,1.41,,,7.1976,13.5153,678444.9,362222.0146
301368.SZ,20260518,55.16,7.0029,1.33,,,7.0282,13.1971,662471.6,353693.863
301368.SZ,20260515,54.55,9.7029,1.92,,,6.9505,13.0512,655145.5,349782.4552
301368.SZ,20260514,51.75,3.7652,0.74,,,6.5937,12.3813,621517.5,331828.452
301368.SZ,20260513,53.38,3.1899,0.64,,,6.8014,12.7712,641093.8,342280.2467
301368.SZ,20260512,53.61,4.0731,0.85,,,6.8307,12.8263,643856.1,343755.0398
301368.SZ,20260511,54.27,5.6366,1.32,,,6.9148,12.9842,651782.7,347987.0549
301368.SZ,20260508,54.53,8.6199,2.68,,,6.9479,13.0464,654905.3,349654.2123
301368.SZ,20260507,51.81,3.8476,1.2,,,6.6013,12.3956,622238.1,332213.1806
301368.SZ,20260506,50.28,2.894,0.91,,,6.4064,12.0296,603862.8,322402.6003
301368.SZ,20260430,49.4,3.0453,0.93,,,6.2943,11.819,593294.0,316759.9136
301368.SZ,20260429,48.68,2.8963,0.72,,,6.2025,11.6468,584646.8,312143.1699
301368.SZ,20260428,48.1,3.411,0.76,,,6.1286,11.508,577681.0,308424.1264
301368.SZ,20260427,48.8,3.8064,0.9,,,6.2164,11.6755,586088.0,312912.6272
301368.SZ,20260424,47.75,2.6748,0.64,,,6.0826,11.4243,573477.5,306179.876
301368.SZ,20260423,48.0,3.5006,0.84,,,6.1145,11.4841,576480.0,307782.912
301368.SZ,20260422,49.3,6.8076,2.01,,,6.2801,11.7951,592093.0,316118.6992
301368.SZ,20260421,51.1,5.6254,2.1,365.4054,3053.6725,6.3255,12.1602,613711.0,327660.5584
301368.SZ,20260420,53.07,2.461,0.98,379.4925,3171.3973,6.5694,12.629,637370.7,340292.4821
301368.SZ,20260417,53.48,2.4421,0.97,382.4243,3195.8984,6.6201,12.7266,642294.8,342921.4611
301368.SZ,20260416,53.83,3.5647,1.61,384.9271,3216.814,6.6634,12.8098,646498.3,345165.7115
301368.SZ,20260415,53.14,2.8673,1.31,379.993,3175.5804,6.578,12.6456,638211.4,340741.3322
301368.SZ,20260414,53.4,2.0472,0.99,381.8522,3191.1177,6.6102,12.7075,641334.0,342408.4896
301368.SZ,20260413,52.45,1.6221,0.77,375.059,3134.3469,6.4926,12.4814,629924.5,336316.9528
301368.SZ,20260410,52.31,2.4639,1.16,374.0579,3125.9806,6.4753,12.4481,628243.1,335419.2526
301368.SZ,20260409,51.42,2.0524,0.89,367.6937,3072.7953,6.3651,12.2363,617554.2,329712.4445
301368.SZ,20260408,52.98,2.7801,1.18,378.8489,3166.019,6.5582,12.6076,636289.8,339715.3891
301368.SZ,20260407,50.15,1.4554,0.55,358.6122,2996.9017,6.2079,11.9341,602301.5,321569.0216
301368.SZ,20260403,49.83,1.8021,0.67,356.3239,2977.7789,6.1683,11.858,598458.3,319517.1355
301368.SZ,20260402,51.11,2.5398,0.97,365.4769,3054.2701,6.3267,12.1626,613831.1,327724.6798
301368.SZ,20260401,53.03,2.9454,1.18,379.2065,3169.0069,6.5644,12.6195,636890.3,340035.9963
301368.SZ,20260331,52.2,3.0288,1.22,373.2713,3119.4072,6.4617,12.422,626922.0,334713.9168
301368.SZ,20260330,52.03,2.9634,1.12,372.0557,3109.2482,6.4406,12.3815,624880.3,333623.8523
301368.SZ,20260327,51.63,1.9128,0.7,369.1953,3085.3447,6.3911,12.2863,620076.3,331058.9947
301368.SZ,20260326,51.43,2.2114,0.8,367.7652,3073.3929,6.3664,12.2387,617674.3,329776.5659
301368.SZ,20260325,52.47,2.4092,0.95,375.202,3135.542,6.4951,12.4862,630164.7,336445.1957
301368.SZ,20260324,51.56,2.9442,1.29,368.6948,3081.1616,6.3825,12.2697,619235.6,330610.1446
301368.SZ,20260323,51.88,3.7683,2.08,370.983,3100.2844,6.4221,12.3458,623078.8,332662.0307
301368.SZ,20260320,52.61,2.3699,1.44,376.2031,3143.9083,6.5124,12.5195,631846.1,337342.8958
301368.SZ,20260319,54.68,2.3512,1.47,391.0053,3267.6089,6.7687,13.0121,656706.8,350616.0339
301368.SZ,20260318,56.4,1.2802,0.68,403.3046,3370.394,6.9816,13.4214,677364.0,361644.9216
301368.SZ,20260317,55.88,1.6102,0.7,399.5862,3339.3194,6.9172,13.2977,671118.8,358310.6067
301368.SZ,20260316,57.01,1.4663,0.58,407.6666,3406.8468,7.0571,13.5666,684690.1,365556.3294
301368.SZ,20260313,56.64,1.5017,0.56,405.0208,3384.7361,7.0113,13.4785,680246.4,363183.8362
301368.SZ,20260312,57.62,2.1489,0.75,412.0286,3443.2996,7.1326,13.7117,692016.2,369467.7373
301368.SZ,20260311,58.65,2.6193,0.81,419.3939,3504.8512,7.2601,13.9568,704386.5,376072.2456
301368.SZ,20260310,59.71,3.6914,1.11,426.9737,3568.1955,7.3913,14.2091,717117.1,382869.1182
301368.SZ,20260309,57.99,2.6327,0.68,414.6744,3465.4104,7.1784,13.7998,696459.9,371840.2306
301368.SZ,20260306,57.96,2.2833,0.57,414.4599,3463.6176,7.1747,13.7927,696099.6,371647.8662
301368.SZ,20260305,57.59,3.1844,0.8,411.8141,3441.5069,7.1289,13.7046,691655.9,369275.373
301368.SZ,20260304,57.4,4.3038,1.15,410.4554,3430.1527,7.1054,13.6594,689374.0,368057.0656
301368.SZ,20260303,56.27,4.2456,1.11,402.375,3362.6253,6.9655,13.3905,675802.7,360811.3429
301368.SZ,20260302,59.23,5.4059,1.5,423.5414,3539.5112,7.3319,14.0949,711352.3,379791.2891
301368.SZ,20260227,63.32,2.8923,0.68,452.7881,3783.9246,7.8382,15.0682,760473.2,406016.9581
301368.SZ,20260226,63.16,2.9649,0.71,451.644,3774.3632,7.8184,15.0301,758551.6,404991.015
301368.SZ,20260225,63.4,3.1663,0.71,453.3602,3788.7053,7.8481,15.0872,761434.0,406529.9296
301368.SZ,20260224,63.99,4.6536,1.03,457.5791,3823.9629,7.9211,15.2276,768519.9,410313.0946
301368.SZ,20260213,65.61,4.3769,0.94,469.1634,3920.7721,8.1217,15.6131,787976.1,420700.7678
301368.SZ,20260212,65.11,6.0234,1.51,465.588,3890.8927,8.0598,15.4941,781971.1,417494.6958
301368.SZ,20260211,63.56,2.6731,0.63,454.5043,3798.2667,7.8679,15.1253,763355.6,407555.8726
301368.SZ,20260210,63.89,4.5328,0.94,456.864,3817.9871,7.9087,15.2038,767318.9,409671.8802
301368.SZ,20260209,64.0,5.0749,1.11,457.6506,3824.5605,7.9224,15.23,768640.0,410377.216
301368.SZ,20260206,63.71,4.8951,1.04,455.5769,3807.2305,7.8865,15.161,765157.1,408517.6942
301368.SZ,20260205,62.39,2.7563,0.46,446.1379,3728.3489,7.7231,14.8469,749303.9,400053.6642
301368.SZ,20260204,63.73,4.0356,0.62,455.7199,3808.4257,7.8889,15.1657,765397.3,408645.9371
301368.SZ,20260203,65.13,7.4194,1.11,465.731,3892.0879,8.0622,15.4989,782211.3,417622.9387
301368.SZ,20260202,61.23,3.8084,0.47,437.8429,3659.0288,7.5795,14.5708,735372.3,392615.5771
301368.SZ,20260130,63.07,5.5844,0.57,451.0004,3768.9849,7.8072,15.0087,757470.7,404413.9221
301368.SZ,20260129,64.45,8.7921,0.92,460.8685,3851.452,7.9781,15.3371,774044.5,413262.6808
301368.SZ,20260128,67.84,6.8255,0.69,485.1097,4054.0342,8.3977,16.1438,814758.4,434999.849
301368.SZ,20260127,67.16,8.4115,0.84,480.2471,4013.3982,8.3135,15.982,806591.6,430639.591
301368.SZ,20260126,67.3,11.0886,1.04,481.2482,4021.7644,8.3309,16.0153,808273.0,431537.2912
301368.SZ,20260123,71.68,14.0336,1.23,512.5687,4283.5078,8.873,17.0576,860876.8,459622.4819
301368.SZ,20260122,68.89,7.5524,0.65,492.618,4116.7809,8.5277,16.3936,827368.9,441732.6002
301368.SZ,20260121,70.49,8.3007,0.63,504.0593,4212.3949,8.7257,16.7744,846584.9,451992.0306
301368.SZ,20260120,69.29,8.8409,0.56,495.4783,4140.6844,8.5772,16.4888,832172.9,444297.4578
301368.SZ,20260119,71.27,14.6234,0.9,509.6369,4259.0067,8.8223,16.96,855952.7,456993.5029
301368.SZ,20260116,71.25,17.6264,1.01,509.4939,4257.8115,8.8198,16.9553,855712.5,456865.26
301368.SZ,20260115,68.0,8.7877,0.41,486.2538,4063.5956,8.4175,16.1819,816680.0,436025.792
301368.SZ,20260114,68.68,16.338,0.84,491.1163,4104.2315,8.5017,16.3437,824846.8,440386.0499
301368.SZ,20260113,69.9,22.1404,1.37,499.8403,4177.1372,8.6527,16.634,839499.0,448208.8656
301368.SZ,20260112,70.09,16.6605,1.17,501.1989,4188.4914,8.6762,16.6792,841780.9,449427.173
301368.SZ,20260109,69.8,23.3202,2.1,499.1252,4171.1613,8.6403,16.6102,838298.0,447567.6512
301368.SZ,20260108,73.46,29.8945,3.8,525.2971,4389.8784,9.0934,17.4812,882254.6,471036.0982
301368.SZ,20260107,61.22,5.2542,0.6,437.7714,3658.4312,7.5782,14.5684,735252.2,392551.4557
301368.SZ,20260106,61.91,5.7781,0.65,442.7055,3699.6647,7.6636,14.7326,743539.1,396975.835
301368.SZ,20260105,62.23,6.6887,0.73,444.9937,3718.7875,7.7033,14.8088,747382.3,399027.7211
301368.SZ,20251231,62.67,7.9816,1.0,448.1401,3745.0814,7.7577,14.9135,752666.7,401849.0645
301368.SZ,20251230,63.98,13.5862,2.37,457.5076,3823.3654,7.9199,15.2252,768399.8,410248.9731
301368.SZ,20251229,61.69,9.8879,2.19,441.1323,3686.5178,7.6364,14.6803,740896.9,395565.1634
301368.SZ,20251226,58.83,6.0054,1.59,420.681,3515.6077,7.2824,13.9997,706548.3,377226.4315
301368.SZ,20251225,59.42,8.5027,3.36,424.9,3550.8654,7.3554,14.1401,713634.2,381009.5965
301368.SZ,20251224,56.19,1.7377,0.62,401.803,3357.8446,6.9556,13.3714,674841.9,360298.3714
301368.SZ,20251223,55.6,2.5113,0.87,397.584,3322.587,6.8825,13.231,667756.0,356515.2064
301368.SZ,20251222,56.8,3.793,1.44,406.1649,3394.2975,7.0311,13.5166,682168.0,364209.7792
301368.SZ,20251219,55.5,2.2875,0.78,396.8689,3316.6111,6.8702,13.2072,666555.0,355873.992
301368.SZ,20251218,54.91,2.3092,0.72,392.6499,3281.3534,6.7971,13.0668,659469.1,352090.827
301368.SZ,20251217,55.22,3.1425,0.96,394.8667,3299.8786,6.8355,13.1406,663192.2,354078.5917
301368.SZ,20251216,54.21,2.8395,0.8,387.6444,3239.5223,6.7105,12.9003,651062.1,347602.3262
301368.SZ,20251215,55.84,2.6101,0.6,399.3002,3336.9291,6.9123,13.2882,670638.4,358054.121
301368.SZ,20251212,57.45,3.725,0.69,410.8129,3433.1407,7.1116,13.6713,689974.5,368377.6728
301368.SZ,20251211,57.43,3.8048,0.58,410.6699,3431.9455,7.1091,13.6665,689734.3,368249.4299
301368.SZ,20251210,59.39,3.4093,0.53,424.6855,3549.0727,7.3517,14.1329,713273.9,380817.2322
301368.SZ,20251209,59.0,4.0882,0.67,421.8967,3525.7667,7.3034,14.0401,708590.0,378316.496
301368.SZ,20251208,60.22,6.8756,1.27,430.6206,3598.6724,7.4544,14.3305,723242.2,386139.3117
301368.SZ,20251205,60.3,8.9913,2.08,431.1927,3603.4531,7.4643,14.3495,724203.0,386652.2832
301368.SZ,20251204,58.4,9.5828,3.29,417.6062,3489.9115,7.2292,13.8974,701384.0,374469.2096
301368.SZ,20251203,55.63,2.7122,0.91,397.7985,3324.3797,6.8863,13.2382,668116.3,356707.5707
301368.SZ,20251202,57.09,2.4914,0.78,408.2387,3411.6275,7.067,13.5856,685650.9,366069.301
301368.SZ,20251201,58.15,3.2749,1.04,415.8185,3474.9718,7.1982,13.8379,698381.5,372866.1736
301368.SZ,20251128,57.34,3.5305,1.06,410.0264,3426.5672,7.0979,13.6451,688653.4,367672.337
301368.SZ,20251127,56.51,2.5525,0.78,404.0912,3376.9674,6.9952,13.4476,678685.1,362350.2574
301368.SZ,20251126,56.85,3.0551,0.99,406.5225,3397.2854,7.0373,13.5285,682768.5,364530.3864
301368.SZ,20251125,57.29,3.6153,1.33,409.6688,3423.5793,7.0917,13.6332,688052.9,367351.7298
301368.SZ,20251124,56.12,3.0578,1.2,401.3024,3353.6615,6.9469,13.3548,674001.2,359849.5213
301368.SZ,20251121,55.62,4.4471,1.92,397.727,3323.7821,6.885,13.2358,667996.2,356643.4493
301368.SZ,20251120,55.85,2.2511,0.95,399.3717,3337.5266,6.9135,13.2905,670758.5,358118.2424
301368.SZ,20251119,56.88,2.0385,0.76,406.737,3399.0782,7.041,13.5356,683128.8,364722.7507
301368.SZ,20251118,57.8,1.8305,0.64,413.3157,3454.0562,7.1549,13.7546,694178.0,370621.9232
301368.SZ,20251117,58.03,2.1885,0.68,414.9604,3467.8007,7.1834,13.8093,696940.3,372096.7163
301368.SZ,20251114,57.5,3.2941,0.92,411.1705,3436.1286,7.1177,13.6832,690575.0,368698.28
301368.SZ,20251113,59.1,2.45,0.54,422.6118,3531.7426,7.3158,14.0639,709791.0,378957.7104
301368.SZ,20251112,59.19,3.572,0.77,423.2553,3537.1209,7.3269,14.0854,710871.9,379534.8034
301368.SZ,20251111,61.11,2.8261,0.58,436.9848,3651.8577,7.5646,14.5423,733931.1,391846.1198
301368.SZ,20251110,60.48,3.982,0.77,432.4798,3614.2097,7.4866,14.3923,726364.8,387806.4691
301368.SZ,20251107,61.85,5.0972,0.91,442.2764,3696.0792,7.6562,14.7183,742818.5,396591.1064
301368.SZ,20251106,63.77,7.2303,1.23,456.0059,3810.816,7.8939,15.1752,765877.7,408902.4229
301368.SZ,20251105,62.4,4.0181,0.7,446.2094,3728.9465,7.7243,14.8492,749424.0,400117.7856
301368.SZ,20251104,63.2,4.1056,0.72,451.93,3776.7535,7.8233,15.0396,759032.0,405247.5008
301368.SZ,20251103,64.88,5.3674,0.99,463.9433,3877.1482,8.0313,15.4394,779208.8,416019.9027
301368.SZ,20251031,63.28,7.2622,1.48,452.5021,3781.5342,7.8332,15.0586,759992.8,405760.4723
301368.SZ,20251030,61.0,8.698,2.28,436.1983,3645.2843,7.551,14.5161,732610.0,391140.784
301368.SZ,20251029,64.53,3.2629,0.86,461.4405,800.0429,7.9685,15.3561,775005.3,413775.6523
301368.SZ,20251028,64.82,3.8242,1.06,463.5143,803.6383,8.0043,15.4251,778488.2,415635.1741
301368.SZ,20251027,65.55,4.0832,1.15,468.7344,812.6889,8.0944,15.5988,787255.5,420316.0392
301368.SZ,20251024,65.61,4.7267,1.42,469.1634,813.4328,8.1018,15.6131,787976.1,420700.7678
301368.SZ,20251023,63.82,3.184,0.93,456.3635,791.2403,7.8808,15.1871,766478.2,409223.0301
301368.SZ,20251022,64.41,3.1593,0.8,460.5825,798.5552,7.9536,15.3275,773564.1,413006.195
301368.SZ,20251021,64.74,2.9246,0.65,462.9422,802.6465,7.9944,15.4061,777527.4,415122.2026
301368.SZ,20251020,64.18,3.7923,0.77,458.9378,795.7036,7.9252,15.2728,770801.8,411531.4019
301368.SZ,20251017,62.71,3.6374,0.63,448.4261,777.4786,7.7437,14.923,753147.1,402105.5502
301368.SZ,20251016,65.03,3.5596,0.56,465.0159,806.2419,8.0302,15.4751,781010.3,416981.7243
301368.SZ,20251015,65.99,5.8188,0.92,471.8807,818.144,8.1487,15.7035,792539.9,423137.3826
301368.SZ,20251014,63.7,5.615,0.86,455.5054,789.7526,7.866,15.1586,765037.0,408453.5728
301368.SZ,20251013,66.64,6.1253,0.91,476.5287,826.2027,8.229,15.8582,800346.4,427305.2762
301368.SZ,20251010,68.77,7.7582,1.05,491.7599,852.6104,8.492,16.3651,825927.7,440963.1429
301368.SZ,20251009,72.12,6.1946,0.76,515.7151,894.1437,8.9057,17.1623,866161.2,462443.8253
301368.SZ,20250930,72.31,5.9117,0.64,517.0737,896.4994,8.9292,17.2075,868443.1,463662.1326
301368.SZ,20250929,72.96,6.7416,0.67,521.7217,904.5581,9.0094,17.3622,876249.6,467830.0262
301368.SZ,20250926,72.23,7.0275,0.63,516.5016,895.5075,8.9193,17.1885,867482.3,463149.1611
301368.SZ,20250925,74.91,11.0322,0.76,535.6658,928.7342,9.2502,17.8262,899669.1,480333.707
301368.SZ,20250924,75.18,10.1888,0.52,537.5965,932.0816,9.2836,17.8905,902911.8,482064.9859
301368.SZ,20250923,73.5,10.8561,0.49,525.5831,911.253,9.0761,17.4907,882735.0,471292.584
301368.SZ,20250922,74.52,11.0118,0.51,532.877,923.8989,9.2021,17.7334,894985.2,477832.9709
301368.SZ,20250919,74.32,13.0576,0.61,531.4468,921.4193,9.1774,17.6858,892583.2,476550.5421
301368.SZ,20250918,77.38,27.4675,1.5,553.3282,959.3572,9.5552,18.414,929333.8,496171.7027
301368.SZ,20250917,82.11,35.2202,2.55,587.1515,1017.9998,10.1393,19.5396,986141.1,526501.1438
301368.SZ,20250916,75.66,23.8909,2.31,541.0289,938.0327,9.3428,18.0047,908676.6,485142.815
301368.SZ,20250915,71.0,9.3063,0.88,507.7062,880.258,8.7674,16.8958,852710.0,455262.224
301368.SZ,20250912,70.78,11.6609,1.23,506.133,877.5304,8.7402,16.8434,850067.8,453851.5523
301368.SZ,20250911,72.5,11.3404,1.25,518.4324,898.855,8.9526,17.2527,870725.0,464880.44
301368.SZ,20250910,71.6,12.8439,1.44,511.9966,887.6968,8.8415,17.0385,859916.0,459109.5104
301368.SZ,20250909,69.01,6.5659,0.55,493.4761,855.586,8.5217,16.4222,828810.1,442502.0574
301368.SZ,20250908,70.41,10.5856,0.93,503.4872,872.9432,8.6945,16.7554,845624.1,451479.059
301368.SZ,20250905,68.02,6.2014,0.52,486.3968,843.3119,8.3994,16.1866,816920.2,436154.0349
301368.SZ,20250904,66.77,9.3005,0.76,477.4583,827.8144,8.2451,15.8892,801907.7,428138.8549
301368.SZ,20250903,69.98,12.0287,0.98,500.4124,867.612,8.6415,16.653,840459.8,448721.8371
301368.SZ,20250902,74.07,21.8679,2.2,529.6591,918.3198,9.1465,17.6263,889580.7,474947.5061
301368.SZ,20250901,71.11,7.7978,0.67,508.4928,881.6218,8.781,16.9219,854031.1,455967.5598
301368.SZ,20250829,70.42,8.7233,0.72,503.5587,873.0671,8.6958,16.7577,845744.2,451543.1805
301368.SZ,20250828,70.3,10.7172,0.84,502.7006,871.5794,8.681,16.7292,844303.0,450773.7232
301368.SZ,20250827,69.01,12.0494,0.82,493.4761,855.586,8.5217,16.4222,828810.1,442502.0574
301368.SZ,20250826,71.12,10.3402,0.53,508.5643,881.7457,8.7822,16.9243,854151.2,456031.6813
301368.SZ,20250825,73.4,16.3728,0.87,524.8681,910.0132,9.0638,17.4669,881534.0,470651.3696
301368.SZ,20250822,71.59,11.0827,0.6,511.9251,887.5728,8.8403,17.0362,859795.9,459045.389
301368.SZ,20250821,71.47,14.0802,0.8,511.067,886.085,8.8254,17.0076,858354.7,458275.9317
301368.SZ,20250820,74.19,21.8075,1.44,530.5172,919.8076,9.1613,17.6549,891021.9,475716.9634
301368.SZ,20250819,76.39,33.9856,3.53,546.2489,947.0832,9.433,18.1784,917443.9,489823.6802
301368.SZ,20250818,67.42,12.9568,1.53,482.1063,835.8731,8.3253,16.0438,809714.2,432306.7485
301368.SZ,20250815,65.86,9.1639,1.07,470.9511,816.5323,8.1327,15.6726,790978.6,422303.8038
301368.SZ,20250814,64.27,10.0632,0.96,459.5813,796.8194,7.9364,15.2942,771882.7,412108.4949
301368.SZ,20250813,66.19,9.7343,0.81,473.3109,820.6236,8.1734,15.7511,794941.9,424419.8114
301368.SZ,20250812,65.26,6.2772,0.48,466.6606,809.0935,8.0586,15.5298,783772.6,418456.5174
301368.SZ,20250811,65.58,7.0392,0.52,468.9489,813.0608,8.0981,15.606,787615.8,420508.4035
301368.SZ,20250808,64.7,9.6781,0.76,462.6562,802.1506,7.9895,15.3966,777047.0,414865.7168
301368.SZ,20250807,66.86,19.4328,1.95,478.1019,828.9303,8.2562,15.9106,802988.6,428715.9478
301368.SZ,20250806,65.66,18.02,2.4,469.5209,814.0527,8.108,15.625,788576.6,421021.375
301368.SZ,20250805,63.15,11.7661,1.87,451.5725,782.9337,7.7981,15.0277,758431.5,404926.8936
301368.SZ,20250804,64.39,9.0743,1.6,460.4394,510.6538,7.9575,15.3228,773323.9,412877.9522
301368.SZ,20250801,61.88,4.9653,0.85,442.491,490.7479,7.6473,14.7255,743178.8,396783.4707
301368.SZ,20250731,62.38,5.9637,1.05,446.0663,494.7132,7.7091,14.8445,749183.8,399989.5427
301368.SZ,20250730,62.38,5.8273,0.98,446.0663,494.7132,7.7091,14.8445,749183.8,399989.5427
301368.SZ,20250729,63.5,5.5587,0.78,454.0752,503.5955,7.8475,15.111,762635.0,407171.144
301368.SZ,20250728,64.12,5.9621,0.6,458.5087,508.5125,7.9241,15.2585,770081.2,411146.6733
301368.SZ,20250725,64.68,6.0242,0.58,462.5132,512.9537,7.9933,15.3918,776806.8,414737.4739
301368.SZ,20250724,64.18,5.0231,0.44,458.9378,508.9884,7.9315,15.2728,770801.8,411531.4019
301368.SZ,20250723,63.95,7.086,0.59,457.2931,507.1643,7.9031,15.2181,768039.5,410056.6088
301368.SZ,20250722,64.5,11.6061,1.02,461.226,511.5262,7.9711,15.349,774645.0,413583.288
301368.SZ,20250721,66.49,19.9279,2.03,475.4561,527.3082,8.217,15.8225,798544.9,426343.4546
301368.SZ,20250718,63.47,8.1881,0.81,453.8607,503.3576,7.8438,15.1039,762274.7,406978.7797
301368.SZ,20250717,63.3,10.5769,1.14,452.6451,502.0094,7.8228,15.0634,760233.0,405888.7152
301368.SZ,20250716,62.45,10.0488,1.04,446.5669,495.2684,7.7177,14.8611,750024.5,400438.3928
301368.SZ,20250715,61.88,8.053,0.89,442.491,490.7479,7.6473,14.7255,743178.8,396783.4707
301368.SZ,20250714,62.16,12.3041,1.64,444.4932,492.9685,7.6819,14.7921,746541.6,398578.871
301368.SZ,20250711,60.87,9.3637,1.3,435.2687,482.738,7.5224,14.4851,731048.7,390307.2053
301368.SZ,20250710,58.95,6.6048,0.96,421.5391,467.5111,7.2852,14.0282,707989.5,377995.8888
301368.SZ,20250709,60.16,12.0565,2.2,430.1916,477.1072,7.4347,14.3162,722521.6,385754.583
301368.SZ,20250708,60.06,4.8952,0.85,429.4765,476.3141,7.4223,14.2924,721320.6,385113.3686
301368.SZ,20250707,59.12,4.5461,0.76,422.7548,468.8593,7.3062,14.0687,710031.2,379085.9533
301368.SZ,20250704,60.13,7.9268,1.42,429.9771,476.8693,7.431,14.309,722161.3,385562.2187
301368.SZ,20250703,60.1,5.0955,0.79,429.7625,476.6314,7.4273,14.3019,721801.0,385369.8544
301368.SZ,20250702,59.81,4.8956,0.62,427.6888,474.3315,7.3915,14.2329,718318.1,383510.3326
301368.SZ,20250701,61.08,6.1679,0.64,436.7703,484.4034,7.5484,14.5351,733570.8,391653.7555
301368.SZ,20250630,61.83,5.9113,0.61,442.1334,490.3514,7.6411,14.7136,742578.3,396462.8635
301368.SZ,20250627,61.1,5.8009,0.57,436.9133,484.562,7.5509,14.5399,733811.0,391781.9984
301368.SZ,20250626,61.45,9.3949,0.82,439.4161,487.3377,7.5941,14.6232,738014.5,394026.2488
301368.SZ,20250625,62.17,12.2265,1.23,444.5647,493.0478,7.6831,14.7945,746661.7,398642.9925
301368.SZ,20250624,61.2,14.8173,1.91,437.6284,485.3551,7.5632,14.5637,735012.0,392423.2128
301368.SZ,20250623,56.79,5.9841,0.8,406.0934,450.381,7.0182,13.5142,682047.9,364145.6578
301368.SZ,20250620,57.48,8.6049,1.29,411.0275,455.8531,7.1035,13.6784,690334.8,368570.0371
301368.SZ,20250619,60.25,15.5497,3.59,430.8352,477.821,7.4458,14.3376,723602.5,386331.676
301368.SZ,20250618,58.14,4.853,1.1,415.747,461.0873,7.1851,13.8355,698261.4,372802.0522
301368.SZ,20250617,57.33,3.8471,0.74,409.9549,454.6635,7.085,13.6427,688533.3,367608.2155
301368.SZ,20250616,57.33,4.4548,0.81,409.9549,454.6635,7.085,13.6427,688533.3,367608.2155
301368.SZ,20250613,57.1,4.72,0.85,408.3102,452.8395,7.0565,13.588,685771.0,366133.4224
301368.SZ,20250612,58.73,3.788,0.59,419.966,465.7664,7.258,13.9759,705347.3,376585.2171
301368.SZ,20250611,59.34,5.1619,0.8,424.3279,470.6041,7.2731,14.121,712673.4,380496.625
301368.SZ,20250610,58.95,7.8464,1.4,421.5391,467.5111,7.2253,14.0282,707989.5,377995.8888
301368.SZ,20250609,59.92,5.8889,1.06,428.4754,475.2039,7.3442,14.2591,719639.2,384215.6685
301368.SZ,20250606,59.54,5.0697,0.89,425.7581,472.1902,7.2977,14.1686,715075.4,381779.0538
301368.SZ,20250605,60.16,8.3869,1.58,430.1916,477.1072,7.3737,14.3162,722521.6,385754.583
301368.SZ,20250604,59.18,5.0169,0.94,423.1838,469.3352,7.2535,14.083,710751.8,379470.6819
301368.SZ,20250603,59.06,3.7545,0.66,422.3257,468.3835,7.2388,14.0544,709310.6,378701.2246
301368.SZ,20250530,59.0,5.6058,0.95,421.8967,467.9077,7.2315,14.0401,708590.0,378316.496
301368.SZ,20250529,61.27,5.8252,1.02,438.129,485.9102,7.5097,14.5803,735852.7,392872.0629
301368.SZ,20250528,60.85,6.389,1.17,435.1256,482.5794,7.4582,14.4804,730808.5,390178.9624
301368.SZ,20250527,62.38,5.102,0.9,446.0663,494.7132,7.6457,14.8445,749183.8,399989.5427
301368.SZ,20250526,64.52,5.4238,0.92,461.369,511.6848,7.908,15.3537,774885.2,413711.5309
301368.SZ,20250523,63.72,6.708,1.15,455.6484,505.3403,7.81,15.1633,765277.2,408581.8157
301368.SZ,20250522,64.88,4.9901,0.8,463.9433,514.5398,7.9522,15.4394,779208.8,416019.9027
301368.SZ,20250521,66.24,4.9794,0.73,473.6684,525.3255,8.1189,15.763,795542.4,424740.4186
301368.SZ,20250520,67.4,6.2066,0.81,481.9633,534.525,8.261,16.0391,809474.0,432178.5056
301368.SZ,20250519,67.17,6.6914,0.81,480.3186,532.701,8.2328,15.9843,806711.7,430703.7125
301368.SZ,20250516,68.19,6.2204,0.71,487.6124,540.7902,8.3579,16.2271,818961.9,437244.0994
301368.SZ,20250515,68.4,7.2168,0.8,489.1141,542.4557,8.3836,16.277,821484.0,438590.6496
301368.SZ,20250514,70.88,7.5561,0.77,506.8481,562.1237,8.6876,16.8672,851268.8,454492.7667
301368.SZ,20250513,71.5,10.7562,1.06,511.2816,567.0406,8.7636,17.0147,858715.0,458468.296
301368.SZ,20250512,72.32,9.6702,0.92,517.1452,573.5438,8.8641,17.2099,868563.2,463726.2541
301368.SZ,20250509,69.53,8.5177,0.77,497.1945,551.4173,8.5221,16.5459,835055.3,445836.3723
301368.SZ,20250508,72.1,8.4357,0.78,515.572,571.799,8.8371,17.1575,865921.0,462315.5824
301368.SZ,20250507,71.86,11.7376,1.14,513.8558,569.8957,8.8077,17.1004,863038.6,460776.6678
301368.SZ,20250506,72.89,12.5618,1.2,521.2212,578.0642,8.9339,17.3455,875408.9,467381.1762
301368.SZ,20250430,71.43,11.5791,0.98,510.781,566.4855,8.755,16.9981,857874.3,458019.4459
301368.SZ,20250429,69.3,11.3252,0.96,495.5498,549.5932,8.4939,16.4912,832293.0,444361.5792
301368.SZ,20250428,66.13,6.8755,0.57,472.8818,524.4531,8.1054,15.7369,794221.3,424035.0827
301368.SZ,20250425,68.5,9.3309,0.85,489.8292,543.2487,8.3959,16.3008,822685.0,439231.864
301368.SZ,20250424,68.3,13.1057,1.39,488.399,541.6626,8.3713,16.2532,820283.0,437949.4352
301368.SZ,20250423,70.6,18.2936,2.62,351.9635,822.7008,8.69,19.7499,847906.0,452697.3664
301368.SZ,20250422,65.4,11.2457,1.79,326.0398,762.1053,8.0499,18.2953,785454.0,419354.2176
301368.SZ,20250421,65.87,8.7677,1.43,328.3829,767.5822,8.1078,18.4267,791098.7,422367.9253
301368.SZ,20250418,63.31,3.6022,0.47,315.6205,737.7505,7.7927,17.7106,760353.1,405952.8366
301368.SZ,20250417,64.08,5.1998,0.55,319.4592,746.7233,7.8875,17.926,769600.8,410890.1875
301368.SZ,20250416,64.52,6.1026,0.54,321.6527,751.8506,7.9416,18.0491,774885.2,413711.5309
301368.SZ,20250415,66.57,7.8021,0.65,331.8726,775.7393,8.1939,18.6226,799505.7,426856.4261
301368.SZ,20250414,66.94,7.8685,0.62,333.7172,780.0509,8.2395,18.7261,803949.4,429228.9194
301368.SZ,20250411,65.75,10.9533,0.92,327.7847,766.1838,8.093,18.3932,789657.5,421598.468
301368.SZ,20250410,64.3,14.3195,1.26,320.556,749.287,7.9145,17.9875,772243.0,412300.8592
301368.SZ,20250409,61.16,15.4564,1.67,304.9021,712.6966,7.528,17.1091,734531.6,392166.727
301368.SZ,20250408,56.9,11.4297,1.23,283.6646,663.0549,7.0037,15.9174,683369.0,364850.9936
301368.SZ,20250407,56.7,11.616,1.36,282.6676,660.7243,6.9791,15.8615,680967.0,363568.5648
301368.SZ,20250403,70.87,7.0291,0.79,353.3095,825.8471,8.7232,19.8255,851148.7,454428.6453
301368.SZ,20250402,73.31,11.088,1.29,365.4737,854.2804,9.0236,20.508,880453.1,470074.2766
301368.SZ,20250401,71.2,5.2381,0.57,354.9547,829.6926,8.7638,19.9178,855112.0,456544.6528
301368.SZ,20250331,72.78,11.5043,1.27,362.8315,848.1043,8.9583,20.3598,874087.8,466675.8403
301368.SZ,20250328,73.36,8.0028,0.81,365.723,854.863,9.0297,20.522,881053.6,470394.8838
301368.SZ,20250327,75.91,8.6813,0.78,378.4355,884.5781,9.3436,21.2354,911679.1,486745.851
301368.SZ,20250326,76.41,9.4914,0.75,380.9282,890.4046,9.4051,21.3752,917684.1,489951.923
301368.SZ,20250325,75.23,7.878,0.6,375.0455,876.6541,9.2599,21.0451,903512.3,482385.5931
301368.SZ,20250324,78.0,11.3456,0.83,388.8548,908.9329,9.6008,21.82,936780.0,500147.232
301368.SZ,20250321,79.0,12.0406,0.81,393.8402,920.5859,9.7239,22.0998,948790.0,506559.376
301368.SZ,20250320,84.49,14.9114,0.94,421.2096,984.5608,10.3997,23.6356,1014724.9,541762.0466
301368.SZ,20250319,87.08,17.1744,1.06,434.1215,1014.742,10.7185,24.3601,1045830.8,558369.4995
301368.SZ,20250318,86.24,10.6671,0.58,429.9339,1004.9535,10.6151,24.1251,1035742.4,552983.2986
301368.SZ,20250317,87.6,13.6121,0.67,436.7139,1020.8015,10.7825,24.5056,1052076.0,561703.8144
301368.SZ,20250314,85.9,17.6729,0.74,428.2389,1000.9915,10.5732,24.03,1031659.0,550803.1696
301368.SZ,20250313,82.99,19.7826,0.83,413.7316,967.0813,10.215,23.216,996709.9,532143.8306
301368.SZ,20250312,89.3,19.3947,0.79,445.1889,1040.6116,10.9917,24.9811,1072493.0,572604.4592
301368.SZ,20250311,88.0,20.7489,0.78,438.708,1025.4627,10.8317,24.6175,1056880.0,564268.672
301368.SZ,20250310,89.2,24.3592,0.84,444.6904,1039.4463,10.9794,24.9532,1071292.0,571963.2448
301368.SZ,20250307,97.0,35.2533,1.33,483.5759,1130.3396,11.9395,27.1352,1164970.0,621977.968
301368.SZ,20250306,84.2,19.242,0.67,419.7638,981.1814,10.364,23.5545,1011242.0,539902.5248
301368.SZ,20250305,85.38,22.8403,0.79,425.6465,994.9319,10.5092,23.8846,1025413.8,547468.8547
301368.SZ,20250304,84.38,30.8847,1.17,420.6612,983.2789,10.3861,23.6048,1013403.8,541056.7107
301368.SZ,20250303,80.0,36.0422,1.57,398.8255,932.2389,9.847,22.3795,960800.0,512971.52
301368.SZ,20250228,69.99,23.2828,1.03,348.9224,815.5925,8.6149,19.5793,840579.9,448785.9586
301368.SZ,20250227,78.64,31.3692,1.41,392.0454,916.3908,9.6796,21.9991,944466.4,504251.0042
301368.SZ,20250226,78.55,22.8636,0.95,391.5968,915.342,9.6685,21.9739,943385.5,503673.9112
301368.SZ,20250225,77.4,18.2214,0.79,385.8636,901.9411,9.527,21.6522,929574.0,496299.9456
301368.SZ,20250224,78.1,19.3864,0.86,389.3534,910.0982,9.6131,21.848,937981.0,500788.4464
301368.SZ,20250221,77.23,20.9177,0.98,385.0161,899.9601,9.5061,21.6046,927532.3,495209.8811
301368.SZ,20250220,78.15,30.2412,1.62,389.6026,910.6808,9.6193,21.862,938581.5,501109.0536
301368.SZ,20250219,76.63,31.0532,1.95,382.025,892.9683,9.4322,21.4368,920326.3,491362.5947
301368.SZ,20250218,63.86,13.7495,0.77,318.3624,744.1597,7.8604,17.8645,766958.6,409479.5158
301368.SZ,20250217,65.96,16.4906,0.92,328.8316,768.6309,8.1189,18.4519,792179.6,422945.0182
301368.SZ,20250214,62.37,15.6146,0.8,310.9343,726.7967,7.677,17.4476,749063.7,399925.4213
301368.SZ,20250213,64.16,16.7075,0.77,319.858,747.6556,7.8973,17.9484,770561.6,411403.159
301368.SZ,20250212,65.94,17.1627,0.74,328.7319,768.3979,8.1164,18.4463,791939.4,422816.7754
301368.SZ,20250211,67.31,23.1838,1.04,335.5618,784.3625,8.285,18.8296,808393.1,431601.4126
301368.SZ,20250210,64.58,16.4907,0.65,321.9519,752.5498,7.949,18.0659,775605.8,414096.2595
301368.SZ,20250207,66.16,23.8687,0.93,329.8287,770.9615,8.1435,18.5079,794581.6,424227.447
301368.SZ,20250206,66.84,27.7668,1.18,333.2187,778.8856,8.2272,18.6981,802748.4,428587.705
301368.SZ,20250205,63.96,25.3299,1.11,318.861,745.325,7.8727,17.8924,768159.6,410120.7302
301368.SZ,20250127,57.14,18.3431,0.77,284.8611,665.8516,7.0332,15.9846,686251.4,366389.9082
301368.SZ,20250124,61.95,30.8223,1.37,308.8405,721.9025,7.6253,17.3301,744019.5,397232.3208
301368.SZ,20250123,57.07,26.0022,1.25,284.5121,665.0359,7.0246,15.965,685410.7,365941.0581
301368.SZ,20250122,55.45,16.7011,0.75,276.4359,646.1581,6.8252,15.5118,665954.5,355553.3848
301368.SZ,20250121,56.45,22.2047,0.97,281.4212,657.811,6.9483,15.7916,677964.5,361965.5288
301368.SZ,20250120,55.19,22.8295,1.02,275.1397,643.1283,6.7932,15.4391,662831.9,353886.2274
301368.SZ,20250117,54.34,24.8232,1.18,270.9022,633.2232,6.6886,15.2013,652623.4,348435.905
301368.SZ,20250116,52.98,17.7807,0.89,264.1222,617.3752,6.5212,14.8208,636289.8,339715.3891
301368.SZ,20250115,53.38,23.6683,1.35,266.1163,622.0364,6.5704,14.9327,641093.8,342280.2467
301368.SZ,20250114,52.44,25.7361,1.89,261.4301,611.0826,6.4547,14.6698,629804.4,336252.8314
301368.SZ,20250113,47.93,19.9777,1.85,238.9463,558.5276,5.8996,13.4081,575639.3,307334.0619
301368.SZ,20250110,46.77,18.2848,2.06,233.1633,545.0101,5.7568,13.0836,561707.7,299895.9749
301368.SZ,20250109,46.06,12.2652,1.52,229.6238,536.7365,5.6694,12.885,553180.6,295343.3526
000837.SZ,20260702,11.92,6.4959,2.06,230.5733,245.5164,2.4761,2.982,1219589.7936,1200824.7336
000837.SZ,20260701,11.4,3.1114,1.0,220.5147,234.8059,2.368,2.8519,1166386.212,1148439.762
000837.SZ,20260630,11.11,3.0501,0.94,214.9051,228.8328,2.3078,2.7793,1136714.9838,1119225.0663
000837.SZ,20260629,10.51,3.6697,1.12,203.2991,216.4746,2.1832,2.6292,1075326.2358,1058780.8683
000837.SZ,20260626,10.75,2.6477,0.77,207.9415,221.4179,2.233,2.6893,1099881.735,1082958.5475
000837.SZ,20260625,11.06,3.2615,0.95,213.9379,227.8029,2.2974,2.7668,1131599.2548,1114188.0498
000837.SZ,20260624,11.58,2.9391,0.83,223.9965,238.5134,2.4054,2.8969,1184802.8364,1166573.0214
000837.SZ,20260623,11.93,3.6968,1.06,230.7667,245.7223,2.4781,2.9845,1220612.9394,1201832.1369
000837.SZ,20260622,11.75,3.8303,1.08,227.2849,242.0149,2.4407,2.9394,1202196.315,1183698.8775
000837.SZ,20260618,12.2,3.3644,0.92,235.9894,251.2835,2.5342,3.052,1248237.876,1229032.026
000837.SZ,20260617,12.03,3.3168,0.81,232.701,247.782,2.4989,3.0095,1230844.3974,1211906.1699
000837.SZ,20260616,12.48,3.3954,0.66,241.4056,257.0507,2.5924,3.1221,1276885.9584,1257239.3184
000837.SZ,20260615,12.35,3.4902,0.6,238.8909,254.3731,2.5654,3.0895,1263585.063,1244143.0755
000837.SZ,20260612,12.2,4.2305,0.72,235.9894,251.2835,2.5342,3.052,1248237.876,1229032.026
000837.SZ,20260611,12.26,3.819,0.68,237.15,252.5194,2.5467,3.067,1254376.7962,1235076.4912
000837.SZ,20260610,12.55,5.535,1.14,242.7596,258.4925,2.6069,3.1396,1284048.0254,1264291.1879
000837.SZ,20260609,13.25,8.5982,2.49,256.3,272.9104,2.7523,3.3147,1355668.234,1334809.4215
000837.SZ,20260608,12.67,6.944,2.93,245.0808,260.9641,2.6319,3.1696,1296325.7755,1276380.028
000837.SZ,20260605,12.02,4.5693,2.4,232.5076,247.5761,2.4968,3.007,1229821.2961,1210898.8111
000837.SZ,20260604,11.47,2.3472,1.26,221.8687,236.2477,2.3826,2.8694,1173548.275,1155491.6275
000837.SZ,20260603,11.43,1.8303,0.86,221.095,235.4238,2.3743,2.8594,1169455.6917,1151462.0142
000837.SZ,20260602,11.35,1.5977,0.64,219.5475,233.7761,2.3577,2.8394,1161270.525,1143402.7875
000837.SZ,20260601,11.45,1.4881,0.52,221.4819,235.8358,2.3784,2.8644,1171501.9834,1153476.8209
000837.SZ,20260529,11.6,2.2416,0.71,224.3834,238.9253,2.4096,2.9019,1186849.1709,1168587.8709
000837.SZ,20260528,12.15,2.1303,0.55,235.0223,250.2537,2.5238,3.0395,1243122.192,1223995.0545
000837.SZ,20260527,12.05,3.2154,0.84,233.0879,248.194,2.5031,3.0145,1232890.7336,1213921.0211
000837.SZ,20260526,12.52,3.489,0.84,242.1793,257.8746,2.6007,3.1321,1280978.5879,1261268.9779
000837.SZ,20260525,12.46,3.1524,0.75,241.0187,256.6388,2.5882,3.1171,1274839.7129,1255224.5579
000837.SZ,20260522,12.65,3.83,0.87,244.6939,260.5522,2.6277,3.1646,1294279.4838,1274365.2213
000837.SZ,20260521,12.68,5.6736,1.48,245.2743,261.1701,2.6339,3.1721,1297348.9213,1277387.4313
000837.SZ,20260520,12.39,2.9921,0.77,239.6647,255.197,2.5737,3.0996,1267677.692,1248172.7345
000837.SZ,20260519,12.77,5.201,1.28,247.0152,263.0238,2.6526,3.1946,1306557.2338,1286454.0613
000837.SZ,20260518,12.32,3.2012,0.81,238.3106,253.7552,2.5591,3.082,1260515.6712,1241120.9112
000837.SZ,20260515,12.35,5.0536,1.42,238.8909,254.3731,2.5654,3.0895,1263585.1087,1244143.1212
000837.SZ,20260514,11.87,2.6824,0.73,229.6061,244.4865,2.4657,2.9695,1214474.1085,1195787.761
000837.SZ,20260513,12.13,3.2164,0.96,234.6354,249.8417,2.5197,3.0345,1241075.9003,1221980.2478
000837.SZ,20260512,12.22,6.2357,2.58,236.3763,251.6955,2.5384,3.057,1250284.2128,1231046.8778
000837.SZ,20260511,11.78,2.5772,1.16,227.8652,242.6328,2.447,2.947,1205265.796,1186721.131
000837.SZ,20260508,11.8,3.1244,1.74,228.2521,243.0447,2.4511,2.952,1207312.0877,1188735.9377
000837.SZ,20260507,11.56,3.1726,2.25,223.6096,238.1015,2.4013,2.8919,1182756.5876,1164558.2576
000837.SZ,20260506,11.15,1.6184,1.29,215.6789,229.6567,2.3161,2.7893,1140807.6083,1123254.7208
000837.SZ,20260430,11.11,1.5888,1.38,214.9051,228.8328,2.3078,2.7793,1136715.0249,1119225.1074
000837.SZ,20260429,10.95,1.579,1.56,211.8102,211.8102,2.2955,2.7393,1120344.6915,1103106.654
000837.SZ,20260428,10.68,1.0393,1.05,206.5875,206.5875,2.2389,2.6718,1092719.7539,1075906.7639
000837.SZ,20260427,10.89,1.2377,1.29,210.6496,210.6496,2.2829,2.7243,1114205.8165,1097062.234
000837.SZ,20260424,10.71,0.8165,0.76,207.1678,207.1678,2.2451,2.6793,1095789.1914,1078928.9739
000837.SZ,20260423,10.77,1.0793,1.04,208.3284,208.3284,2.2577,2.6943,1101928.0664,1084973.3939
000837.SZ,20260422,10.97,0.9041,0.84,212.197,212.197,2.2996,2.7443,1122390.9832,1105121.4607
000837.SZ,20260421,10.95,0.9113,0.8,211.8102,211.8102,2.2955,2.7393,1120344.6915,1103106.654
000837.SZ,20260420,11.02,1.099,1.03,213.1642,213.1642,2.3101,2.7568,1127506.7124,1110158.4774
000837.SZ,20260417,11.0,1.3497,1.33,212.7773,212.7773,2.3059,2.7518,1125460.4207,1108143.6707
000837.SZ,20260416,10.91,0.9198,0.87,211.0364,211.0364,2.2871,2.7293,1116252.1082,1099077.0407
000837.SZ,20260415,10.85,1.0758,0.9,209.8758,209.8758,2.2745,2.7143,1110113.2331,1093032.6206
000837.SZ,20260414,10.96,1.2275,1.12,212.0036,212.0036,2.2975,2.7418,1121367.8374,1104114.0574
000837.SZ,20260413,10.78,0.7462,0.66,208.5218,208.5218,2.2598,2.6968,1102951.2123,1085980.7973
000837.SZ,20260410,10.73,1.1213,0.99,207.5546,207.5546,2.2493,2.6843,1097835.4831,1080943.7806
000837.SZ,20260409,10.6,1.1402,1.0,205.04,205.04,2.2221,2.6518,1084534.5872,1067847.5372
000837.SZ,20260408,10.8,1.7238,1.61,208.9087,208.9087,2.264,2.7018,1104997.504,1087995.604
000837.SZ,20260407,10.26,0.7485,0.64,198.4632,198.4632,2.1508,2.5667,1049747.6288,1033595.8238
000837.SZ,20260403,10.11,0.9558,0.78,195.5617,195.5617,2.1194,2.5292,1034400.4412,1018484.7737
000837.SZ,20260402,10.41,1.0872,0.84,201.3647,201.3647,2.1823,2.6042,1065094.8163,1048706.8738
000837.SZ,20260401,10.67,1.1596,0.86,206.394,206.394,2.2368,2.6693,1091696.6081,1074899.3606
000837.SZ,20260331,10.53,1.3986,1.03,203.686,203.686,2.2074,2.6342,1077372.5664,1060795.7139
000837.SZ,20260330,10.58,1.2428,0.8,204.6531,204.6531,2.2179,2.6468,1082488.2955,1065832.7305
000837.SZ,20260327,10.57,1.2445,0.74,204.4597,204.4597,2.2158,2.6443,1081465.1497,1064825.3272
000837.SZ,20260326,10.57,1.4506,0.81,201.0819,239.4245,2.2251,2.8019,1081465.1497,1064825.3272
000837.SZ,20260325,10.64,1.4182,0.79,202.4136,241.0101,2.2398,2.8204,1088627.1706,1071877.1506
000837.SZ,20260324,10.44,1.4631,0.76,198.6088,236.4798,2.1977,2.7674,1068164.2538,1051729.0838
000837.SZ,20260323,10.26,2.218,1.16,195.1845,232.4026,2.1598,2.7197,1049747.6288,1033595.8238
000837.SZ,20260320,10.85,1.8811,0.88,206.4086,245.7668,2.284,2.8761,1110113.2331,1093032.6206
000837.SZ,20260319,11.29,1.9933,0.67,214.779,255.7334,2.3766,2.9927,1155131.65,1137358.3675
000837.SZ,20260318,11.73,1.4459,0.34,223.1495,265.7,2.4692,3.1093,1200150.0668,1181684.1143
000837.SZ,20260317,11.68,2.0844,0.51,222.1983,264.5674,2.4587,3.0961,1195034.3376,1176647.0976
000837.SZ,20260316,11.96,2.1516,0.55,227.525,270.9098,2.5177,3.1703,1223682.4211,1204854.3911
000837.SZ,20260313,12.13,2.9668,0.84,230.7591,274.7605,2.5534,3.2154,1241075.9003,1221980.2478
000837.SZ,20260312,12.44,6.1257,2.29,236.6564,281.7824,2.6187,3.2975,1272793.4212,1253209.7512
000837.SZ,20260311,12.57,7.9141,5.6,239.1295,284.7271,2.6461,3.332,1286094.3171,1266305.9946
000837.SZ,20260310,11.92,1.1262,0.63,226.7641,270.0038,2.5092,3.1597,1219589.8377,1200824.7777
000837.SZ,20260309,11.73,1.4568,0.77,223.1495,265.7,2.4692,3.1093,1200150.0668,1181684.1143
000837.SZ,20260306,11.86,1.0749,0.56,225.6226,268.6447,2.4966,3.1438,1213450.9627,1194780.3577
000837.SZ,20260305,11.77,1.7771,0.94,223.9105,266.6061,2.4777,3.1199,1204242.6501,1185713.7276
000837.SZ,20260304,11.41,1.6299,0.88,217.0619,258.4516,2.4019,3.0245,1167409.4,1149447.2075
000837.SZ,20260303,11.51,2.9851,1.82,218.9643,260.7167,2.4229,3.051,1177640.8584,1159521.2409
000837.SZ,20260302,12.27,1.9557,1.29,233.4224,277.9317,2.5829,3.2525,1255399.942,1236083.8945
000837.SZ,20260227,12.47,1.3309,0.87,237.2272,282.462,2.625,3.3055,1275862.8587,1256231.9612
000837.SZ,20260226,12.6,1.5989,1.15,239.7003,285.4067,2.6524,3.34,1289163.7546,1269328.2046
000837.SZ,20260225,12.61,1.3826,0.98,239.8905,285.6332,2.6545,3.3426,1290186.9005,1270335.608
000837.SZ,20260224,12.53,1.9503,1.55,238.3686,283.8211,2.6377,3.3214,1282001.7338,1262276.3813
000837.SZ,20260213,12.45,1.3106,1.04,236.8467,282.009,2.6208,3.3002,1273816.5671,1254217.1546
000837.SZ,20260212,12.49,1.3634,1.04,237.6076,282.915,2.6292,3.3108,1277909.1504,1258246.7679
000837.SZ,20260211,12.31,0.9593,0.69,234.1834,278.8378,2.5913,3.2631,1259492.5253,1240113.5078
000837.SZ,20260210,12.38,1.4389,1.02,235.515,280.4234,2.6061,3.2816,1266654.5462,1247165.3312
000837.SZ,20260209,12.25,1.2247,0.82,233.0419,277.4787,2.5787,3.2472,1253353.6503,1234069.0878
000837.SZ,20260206,12.06,1.3332,0.83,229.4274,273.1749,2.5387,3.1968,1233913.8794,1214928.4244
000837.SZ,20260205,11.96,1.6278,0.95,227.525,270.9098,2.5177,3.1703,1223682.4211,1204854.3911
000837.SZ,20260204,12.27,1.3747,0.76,233.4224,277.9317,2.5829,3.2525,1255399.942,1236083.8945
000837.SZ,20260203,12.28,1.4774,0.77,233.6126,278.1582,2.585,3.2551,1256423.0878,1237091.2978
000837.SZ,20260202,12.02,1.6428,0.78,228.6664,272.2689,2.5303,3.1862,1229821.2961,1210898.8111
000837.SZ,20260130,12.27,1.9119,0.88,233.4224,277.9317,2.5829,3.2525,1255399.942,1236083.8945
000837.SZ,20260129,12.47,2.1527,1.04,237.2272,282.462,2.625,3.3055,1275862.8587,1256231.9612
000837.SZ,20260128,12.82,1.8419,0.91,243.8855,290.3899,2.6987,3.3983,1311672.963,1291491.078
000837.SZ,20260127,13.13,2.0881,1.06,249.7829,297.4119,2.764,3.4804,1343390.484,1322720.5815
000837.SZ,20260126,13.18,2.5267,1.36,250.7341,298.5444,2.7745,3.4937,1348506.2132,1327757.5982
000837.SZ,20260123,13.52,2.3146,1.2,257.2022,306.2459,2.8461,3.5838,1383293.1716,1362009.3116
000837.SZ,20260122,13.33,1.6224,0.83,253.5877,301.9421,2.8061,3.5335,1363853.4007,1342868.6482
000837.SZ,20260121,13.36,1.5735,0.68,254.1584,302.6217,2.8124,3.5414,1366922.8382,1345890.8582
000837.SZ,20260120,13.27,1.8359,0.72,252.4462,300.583,2.7934,3.5176,1357714.5257,1336824.2282
000837.SZ,20260119,13.4,1.9489,0.7,254.9193,303.5277,2.8208,3.552,1371015.4216,1349920.4716
000837.SZ,20260116,13.35,2.6941,0.95,253.9681,302.3951,2.8103,3.5388,1365899.6924,1344883.4549
000837.SZ,20260115,13.08,1.7629,0.57,248.8317,296.2793,2.7534,3.4672,1338274.7548,1317683.5648
000837.SZ,20260114,13.13,3.3179,1.11,249.7829,297.4119,2.764,3.4804,1343390.484,1322720.5815
000837.SZ,20260113,13.31,3.099,1.06,253.2072,301.4891,2.8018,3.5282,1361807.109,1340853.8415
000837.SZ,20260112,13.52,3.1279,1.08,257.2022,306.2459,2.8461,3.5838,1383293.1716,1362009.3116
000837.SZ,20260109,13.32,2.8094,1.0,253.3974,301.7156,2.804,3.5308,1362830.2549,1341861.2449
000837.SZ,20260108,13.28,3.0552,1.03,252.6365,300.8096,2.7955,3.5202,1358737.6715,1337831.6315
000837.SZ,20260107,13.04,2.8207,0.99,248.0707,295.3732,2.745,3.4566,1334182.1714,1313653.9514
000837.SZ,20260106,13.1,2.7394,1.03,249.2122,296.7323,2.7576,3.4725,1340321.0465,1319698.3715
000837.SZ,20260105,13.13,3.0811,1.25,249.7829,297.4119,2.764,3.4804,1343390.484,1322720.5815
000837.SZ,20251231,12.88,2.4095,1.12,245.0269,291.749,2.7113,3.4142,1317811.8381,1297535.4981
000837.SZ,20251230,12.99,3.7805,2.39,247.1196,294.2407,2.7345,3.4433,1329066.4423,1308616.9348
000837.SZ,20251229,12.69,2.3048,1.69,241.4124,287.4453,2.6713,3.3638,1298372.0672,1278394.8347
000837.SZ,20251226,12.48,1.7266,1.36,237.4174,282.6885,2.6271,3.3081,1276886.0046,1257239.3646
000837.SZ,20251225,12.48,2.0671,2.01,237.4174,282.6885,2.6271,3.3081,1276886.0046,1257239.3646
000837.SZ,20251224,12.13,0.833,0.75,230.7591,274.7605,2.5534,3.2154,1241075.9003,1221980.2478
000837.SZ,20251223,12.07,0.9887,0.79,229.6176,273.4015,2.5408,3.1995,1234937.0253,1215935.8278
000837.SZ,20251222,12.23,1.2077,0.97,232.6614,277.0257,2.5745,3.2419,1251307.3587,1232054.2812
000837.SZ,20251219,12.05,1.2427,1.0,229.2372,272.9484,2.5366,3.1942,1232890.7336,1213921.0211
000837.SZ,20251218,11.84,0.8783,0.65,225.2422,268.1917,2.4768,3.1385,1211404.671,1192765.551
000837.SZ,20251217,11.85,1.2416,0.92,225.4324,268.4182,2.4789,3.1411,1212427.8168,1193772.9543
000837.SZ,20251216,11.82,1.6652,1.21,224.8617,267.7386,2.4726,3.1332,1209358.3793,1190750.7443
000837.SZ,20251215,12.2,1.1817,0.82,232.0907,276.3461,2.5521,3.2339,1248237.9211,1229032.0711
000837.SZ,20251212,12.3,1.277,0.84,233.9931,278.6113,2.573,3.2604,1258469.3795,1239106.1045
000837.SZ,20251211,12.31,1.4252,0.8,234.1834,278.8378,2.5751,3.2631,1259492.5253,1240113.5078
000837.SZ,20251210,12.52,1.1703,0.64,238.1784,283.5945,2.619,3.3187,1280978.5879,1261268.9779
000837.SZ,20251209,12.55,1.8314,1.11,238.7491,284.2741,2.6253,3.3267,1284048.0254,1264291.1879
000837.SZ,20251208,12.51,1.5191,0.97,237.9881,283.368,2.6169,3.3161,1279955.4421,1260261.5746
000837.SZ,20251205,12.53,1.6721,1.14,238.3686,283.8211,2.6211,3.3214,1282001.7338,1262276.3813
000837.SZ,20251204,12.48,2.6925,2.44,237.4174,282.6885,2.6106,3.3081,1276886.0046,1257239.3646
000837.SZ,20251203,12.26,1.3938,1.33,233.2322,277.7052,2.5646,3.2498,1254376.7962,1235076.4912
000837.SZ,20251202,12.21,0.9352,0.77,232.281,276.5726,2.5542,3.2366,1249261.067,1230039.4745
000837.SZ,20251201,12.41,1.1488,0.91,236.0857,281.1029,2.596,3.2896,1269723.9837,1250187.5412
000837.SZ,20251128,12.28,1.1344,0.79,233.6126,278.1582,2.5688,3.2551,1256423.0878,1237091.2978
000837.SZ,20251127,12.17,0.9133,0.61,231.52,275.6666,2.5458,3.226,1245168.4836,1226009.8611
000837.SZ,20251126,12.16,1.1113,0.74,231.3298,275.4401,2.5437,3.2233,1244145.3378,1225002.4578
000837.SZ,20251125,12.21,1.7946,1.29,232.281,276.5726,2.5542,3.2366,1249261.067,1230039.4745
000837.SZ,20251124,12.31,1.3366,1.01,234.1834,278.8378,2.5751,3.2631,1259492.5253,1240113.5078
000837.SZ,20251121,12.05,2.0597,1.76,229.2372,272.9484,2.5207,3.1942,1232890.7336,1213921.0211
000837.SZ,20251120,12.28,1.1307,0.94,233.6126,278.1582,2.5688,3.2551,1256423.0878,1237091.2978
000837.SZ,20251119,12.4,1.2303,0.9,235.8955,280.8764,2.5939,3.2869,1268700.8379,1249180.1379
000837.SZ,20251118,12.62,1.1769,0.84,240.0807,285.8597,2.6399,3.3453,1291210.0463,1271343.0113
000837.SZ,20251117,12.78,1.0091,0.64,243.1246,289.4839,2.6734,3.3877,1307580.3797,1287461.4647
000837.SZ,20251114,12.78,1.3153,0.74,243.1246,289.4839,2.6734,3.3877,1307580.3797,1287461.4647
000837.SZ,20251113,13.03,1.2782,0.64,247.8805,295.1467,2.7257,3.4539,1333159.0256,1312646.5481
000837.SZ,20251112,12.89,2.0552,0.98,245.2172,291.9755,2.6964,3.4168,1318834.9839,1298542.9014
000837.SZ,20251111,13.18,1.3486,0.58,250.7341,298.5444,2.7571,3.4937,1348506.2132,1327757.5982
000837.SZ,20251110,13.23,1.9258,0.77,251.6853,299.677,2.7675,3.507,1353621.9424,1332794.6149
000837.SZ,20251107,13.18,2.3203,0.8,250.7341,298.5444,2.7571,3.4937,1348506.2132,1327757.5982
000837.SZ,20251106,13.54,2.379,0.7,257.5827,306.6989,2.8324,3.5891,1385339.4633,1364024.1183
000837.SZ,20251105,13.33,2.4901,0.71,253.5877,301.9421,2.7884,3.5335,1363853.4007,1342868.6482
000837.SZ,20251104,13.5,2.5372,0.73,256.8217,305.7928,2.824,3.5785,1381246.88,1359994.505
000837.SZ,20251103,13.5,2.8481,0.83,256.8217,305.7928,2.824,3.5785,1381246.88,1359994.505
000837.SZ,20251031,13.73,4.2469,1.29,261.1972,311.0026,2.8721,3.6395,1404779.2342,1383164.7817
000837.SZ,20251030,13.53,4.8529,1.66,257.3924,306.4724,2.8303,3.5865,1384316.3175,1363016.715
000837.SZ,20251029,13.41,3.1398,0.97,255.1096,303.7542,2.8052,3.5547,1372038.5674,1350927.8749
000837.SZ,20251028,13.23,2.2433,0.72,250.9129,298.7573,2.7672,3.4962,1349467.7224,1332794.6149
000837.SZ,20251027,13.38,2.5986,0.87,253.7577,302.1446,2.7986,3.5358,1364767.8099,1347902.9889
000837.SZ,20251024,13.35,3.5678,1.28,253.1887,301.4671,2.7923,3.5279,1361707.7924,1344880.7849
000837.SZ,20251023,12.98,3.0446,1.13,246.1715,293.1118,2.7149,3.4301,1323967.5764,1307606.9354
000837.SZ,20251022,13.27,4.6714,2.05,251.6715,246.7642,2.7871,3.5068,1353547.7457,1336821.5742
000837.SZ,20251021,13.02,1.793,0.71,246.9301,242.1153,2.7346,3.4407,1328047.5998,1311636.5408
000837.SZ,20251020,12.82,1.9109,0.69,243.137,238.3962,2.6926,3.3878,1307647.483,1291488.514
000837.SZ,20251017,12.53,2.4638,0.84,237.637,233.0034,2.6317,3.3112,1278067.3138,1262273.8753
000837.SZ,20251016,12.99,2.6383,0.84,246.3612,241.5574,2.7283,3.4328,1324987.5823,1308614.3368
000837.SZ,20251015,13.46,2.5863,0.81,255.2749,250.2974,2.8271,3.557,1372927.8566,1355962.1996
000837.SZ,20251014,13.15,3.1168,1.0,249.3956,244.5327,2.7619,3.475,1341307.6757,1324732.7582
000837.SZ,20251013,13.49,3.0829,0.96,255.8439,250.8553,2.8334,3.5649,1375987.8741,1358984.4036
000837.SZ,20251010,13.77,3.3049,1.02,261.1542,256.062,2.8922,3.6389,1404548.0375,1387191.641
000837.SZ,20251009,14.2,3.528,1.06,269.3093,264.0582,2.9825,3.7525,1448408.2885,1430509.8985
000837.SZ,20250930,14.02,2.8925,0.76,265.8956,260.711,2.9447,3.705,1430048.1835,1412376.6745
000837.SZ,20250929,13.87,2.8425,0.68,263.0507,257.9216,2.9132,3.6653,1414748.0959,1397265.6544
000837.SZ,20250926,13.6,3.4561,0.7,257.9301,252.9008,2.8565,3.594,1387207.9383,1370065.8183
000837.SZ,20250925,14.11,3.4076,0.5,267.6025,262.3846,2.9636,3.7287,1439228.236,1421443.2865
000837.SZ,20250924,14.32,3.9837,0.45,271.5852,266.2897,3.0077,3.7842,1460648.3586,1442598.7146
000837.SZ,20250923,14.08,5.4022,0.55,267.0335,261.8267,2.9573,3.7208,1436168.2185,1418421.0825
000837.SZ,20250922,14.5,4.5024,0.44,274.999,269.6369,3.0455,3.8318,1479008.4637,1460731.9387
000837.SZ,20250919,14.4,7.231,0.69,273.1024,267.7773,3.0245,3.8054,1468808.4053,1450657.9253
000837.SZ,20250918,15.21,13.1319,1.39,288.4644,282.8398,3.1946,4.0194,1551428.8781,1532257.4336
000837.SZ,20250917,15.73,13.6475,1.67,298.3265,292.5095,3.3038,4.1568,1604469.1816,1584642.3031
000837.SZ,20250916,14.87,10.6414,1.33,282.0162,276.5173,3.1232,3.9296,1516748.6796,1498005.7881
000837.SZ,20250915,14.27,6.8756,0.64,270.6369,265.3599,2.9972,3.771,1455548.3294,1437561.7079
000837.SZ,20250912,14.25,8.4081,0.72,270.2576,264.988,2.993,3.7657,1453508.3177,1435546.9052
000837.SZ,20250911,14.52,7.7202,0.57,275.3783,270.0088,3.0497,3.8371,1481048.4753,1462746.7413
000837.SZ,20250910,14.45,7.2736,0.45,274.0507,268.7071,3.035,3.8186,1473908.4345,1455694.932
000837.SZ,20250909,14.47,9.8229,0.54,274.43,269.079,3.0392,3.8239,1475948.4461,1457709.7346
000837.SZ,20250908,14.9,20.5426,1.42,282.5852,277.0751,3.1295,3.9375,1519808.6971,1501027.9921
000837.SZ,20250905,14.31,13.122,1.06,271.3955,266.1037,3.0056,3.7816,1459628.3527,1441591.3132
000837.SZ,20250904,13.01,16.6378,1.68,246.7405,241.9294,2.7325,3.4381,1327027.5939,1310629.1394
000837.SZ,20250903,14.14,21.5744,3.27,268.1714,262.9424,2.9699,3.7367,1442288.2535,1424465.4905
000837.SZ,20250902,13.95,18.3746,5.32,264.568,259.4093,2.93,3.6865,1422908.1426,1405324.8651
000837.SZ,20250901,12.68,2.7524,0.71,240.4819,235.7928,2.6632,3.3508,1293367.4013,1277384.8953
000837.SZ,20250829,12.8,2.6635,0.68,242.7577,234.092,2.6687,3.3826,1305607.4714,1289473.7114
000837.SZ,20250828,12.96,4.0599,1.08,245.7922,237.0182,2.702,3.4248,1321927.5648,1305592.1328
000837.SZ,20250827,12.95,5.0959,1.49,245.6025,236.8353,2.6999,3.4222,1320907.5589,1304584.7314
000837.SZ,20250826,13.16,2.7062,0.68,249.5853,240.6759,2.7437,3.4777,1342327.6815,1325740.1595
000837.SZ,20250825,13.31,4.9681,1.31,252.4301,243.4191,2.775,3.5173,1357627.769,1340851.1795
000837.SZ,20250822,13.03,2.8417,0.75,247.1198,238.2984,2.7166,3.4433,1329067.6056,1312643.9421
000837.SZ,20250821,12.98,3.2161,0.84,246.1715,237.384,2.7062,3.4301,1323967.5764,1307606.9354
000837.SZ,20250820,13.21,3.3463,0.89,250.5336,241.5903,2.7541,3.4909,1347427.7107,1330777.1662
000837.SZ,20250819,13.19,5.5452,1.59,250.1542,241.2245,2.75,3.4856,1345387.699,1328762.3635
000837.SZ,20250818,12.98,3.9993,1.16,246.1715,237.384,2.7062,3.4301,1323967.5764,1307606.9354
000837.SZ,20250815,12.95,2.8663,0.74,245.6025,236.8353,2.6999,3.4222,1320907.5589,1304584.7314
000837.SZ,20250814,12.78,3.3768,0.7,242.3784,233.7263,2.6645,3.3773,1303567.4597,1287458.9087
000837.SZ,20250813,13.0,3.0272,0.49,246.5508,237.7497,2.7104,3.4354,1326007.5881,1309621.7381
000837.SZ,20250812,12.97,4.1209,0.69,245.9818,237.2011,2.7041,3.4275,1322947.5706,1306599.5341
000837.SZ,20250811,13.04,3.9025,0.67,247.3094,238.4813,2.7187,3.446,1330087.6114,1313651.3434
000837.SZ,20250808,13.0,4.9542,0.94,246.5508,237.7497,2.7104,3.4354,1326007.5881,1309621.7381
000837.SZ,20250807,13.12,8.1214,2.01,248.8267,239.9443,2.7354,3.4671,1338247.6581,1321710.5541
000837.SZ,20250806,12.94,10.0024,4.04,245.4129,236.6524,2.6978,3.4196,1319887.5531,1303577.3301
000837.SZ,20250805,12.44,2.9226,1.3,235.9302,227.5082,2.5936,3.2874,1268887.2612,1253207.2632
000837.SZ,20250804,12.4,3.3048,1.64,235.1715,226.7767,2.5853,3.2769,1264807.2379,1249177.6579
000837.SZ,20250801,11.92,1.8807,0.91,226.0681,217.9982,2.4852,3.15,1215846.9577,1200822.3937
000837.SZ,20250731,12.06,2.1069,0.96,228.7233,220.5586,2.5144,3.187,1230127.0394,1214926.0124
000837.SZ,20250730,12.17,2.1566,0.95,230.8095,222.5703,2.5373,3.2161,1241347.1036,1226007.4271
000837.SZ,20250729,12.4,1.8084,0.7,235.1715,226.7767,2.5853,3.2769,1264807.2379,1249177.6579
000837.SZ,20250728,12.4,2.1032,0.71,235.1715,226.7767,2.5853,3.2769,1264807.2379,1249177.6579
000837.SZ,20250725,12.46,2.162,0.71,236.3095,227.874,2.5978,3.2927,1270927.2729,1255222.0659
000837.SZ,20250724,12.44,2.7167,0.82,235.9302,227.5082,2.5936,3.2874,1268887.2612,1253207.2632
000837.SZ,20250723,12.25,2.5289,0.65,232.3267,224.0334,2.554,3.2372,1249507.1503,1234066.6378
000837.SZ,20250722,12.4,3.4524,0.92,235.1715,226.7767,2.5853,3.2769,1264807.2379,1249177.6579
000837.SZ,20250721,12.5,4.0202,1.06,237.0681,228.6055,2.6061,3.3033,1275007.2963,1259251.6713
000837.SZ,20250718,12.36,2.5068,0.64,234.4129,226.0451,2.5769,3.2663,1260727.2145,1245148.0525
000837.SZ,20250717,12.46,3.9796,1.15,236.3095,227.874,2.5978,3.2927,1270927.2729,1255222.0659
000837.SZ,20250716,12.43,5.5088,1.9,235.7405,227.3253,2.5915,3.2848,1267867.2554,1252199.8619
000837.SZ,20250715,12.02,2.7321,1.04,227.9647,219.8271,2.506,3.1764,1226047.0161,1210896.4071
000837.SZ,20250714,12.19,4.2334,2.1,231.1888,222.9361,2.5415,3.2214,1243387.1153,1228022.2298
000837.SZ,20250711,11.97,3.1603,1.75,227.0164,218.9126,2.4956,3.1632,1220946.9869,1205859.4004
000837.SZ,20250710,11.65,1.6122,0.92,220.9475,213.0603,2.4289,3.0787,1188306.8001,1173622.5576
000837.SZ,20250709,11.75,2.7634,1.77,222.844,214.8892,2.4497,3.1051,1198506.8585,1183696.571
000837.SZ,20250708,11.7,1.3994,0.88,221.8957,213.9748,2.4393,3.0919,1193406.8293,1178659.5643
000837.SZ,20250707,11.58,1.1312,0.65,219.6199,211.7801,2.4143,3.0602,1181166.7592,1166570.7482
000837.SZ,20250704,11.62,2.1111,1.27,220.3785,212.5117,2.4226,3.0707,1185246.7826,1170600.3536
000837.SZ,20250703,11.85,1.3838,0.7,224.7405,216.718,2.4706,3.1315,1208706.9168,1193770.5843
000837.SZ,20250702,11.87,1.7831,0.76,225.1199,217.0838,2.4748,3.1368,1210746.9285,1195785.387
000837.SZ,20250701,11.99,1.5102,0.53,227.3957,219.2784,2.4998,3.1685,1222986.9986,1207874.2031
000837.SZ,20250630,12.02,1.8923,0.67,227.9647,219.8271,2.506,3.1764,1226047.0161,1210896.4071
000837.SZ,20250627,11.89,1.7581,0.6,225.4992,217.4496,2.4789,3.1421,1212786.9402,1197800.1897
000837.SZ,20250626,11.91,2.9334,1.04,225.8785,217.8153,2.4831,3.1474,1214826.9519,1199814.9924
000837.SZ,20250625,12.0,3.599,1.46,227.5854,219.4613,2.5019,3.1711,1224007.0044,1208881.6044
000837.SZ,20250624,11.89,4.1034,2.13,225.4992,217.4496,2.4789,3.1421,1212786.9402,1197800.1897
000837.SZ,20250623,11.37,1.6812,0.89,215.6371,207.9396,2.3705,3.0047,1159746.6367,1145415.3202
000837.SZ,20250620,11.22,2.2837,1.19,212.7923,205.1963,2.3392,2.965,1144446.5491,1130304.3001
000837.SZ,20250619,11.51,2.4603,1.27,218.2923,210.5,2.3997,3.0417,1174026.7184,1159518.9389
000837.SZ,20250618,11.63,1.8065,0.81,220.5681,212.6946,2.4247,3.0734,1186266.7884,1171607.7549
000837.SZ,20250617,11.6,1.396,0.54,219.9992,212.1459,2.4185,3.0654,1183206.7709,1168585.5509
000837.SZ,20250616,11.68,1.4487,0.55,221.5164,213.609,2.4351,3.0866,1191366.8176,1176644.7616
000837.SZ,20250613,11.61,2.4827,0.98,220.1888,212.3288,2.4206,3.0681,1184226.7768,1169592.9523
000837.SZ,20250612,11.92,2.5808,1.0,226.0681,217.9982,2.4852,3.15,1215846.9577,1200822.3937
000837.SZ,20250611,12.18,3.2443,1.25,230.9991,222.7532,2.5394,3.2187,1242367.1095,1227014.8285
000837.SZ,20250610,12.09,3.1711,1.35,229.2923,221.1072,2.5206,3.1949,1233187.0569,1217948.2164
000837.SZ,20250609,12.02,1.657,0.61,227.9647,219.8271,2.506,3.1764,1226047.0161,1210896.4071
000837.SZ,20250606,11.97,1.9932,0.67,227.0164,218.9126,2.4956,3.1632,1220946.9869,1205859.4004
000837.SZ,20250605,12.16,2.7777,0.92,230.6198,222.3874,2.5352,3.2134,1240327.0978,1225000.0258
000837.SZ,20250604,12.12,3.337,1.15,229.8612,221.6559,2.5269,3.2029,1236247.0744,1220970.4204
000837.SZ,20250603,11.81,2.0069,0.64,223.9819,215.9865,2.4622,3.1209,1204626.8935,1189740.979
000837.SZ,20250530,11.81,3.5738,1.06,221.2188,213.322,2.4609,3.0824,1189766.3705,1189740.979
000837.SZ,20250529,12.29,3.2192,0.91,230.21,221.9922,2.5609,3.2077,1238122.6667,1238096.2432
000837.SZ,20250528,12.18,2.949,0.72,228.1495,220.0053,2.538,3.179,1227041.0155,1227017.2645
000837.SZ,20250527,12.3,2.7111,0.54,230.3973,222.1728,2.563,3.2103,1239130.0895,1239106.1045
000837.SZ,20250526,12.48,3.2311,0.56,233.7689,225.4241,2.6005,3.2573,1257263.7006,1257239.3646
000837.SZ,20250523,12.38,4.8165,0.71,231.8958,223.6178,2.5797,3.2312,1247189.4722,1247165.3312
000837.SZ,20250522,12.81,3.9285,0.46,239.9503,231.3849,2.6693,3.3434,1290508.6542,1290483.6747
000837.SZ,20250521,12.97,5.7862,0.66,242.9474,234.2749,2.7026,3.3852,1306627.4196,1306602.1281
000837.SZ,20250520,13.49,7.2889,0.8,252.6877,243.6676,2.811,3.5209,1359013.4071,1358987.1016
000837.SZ,20250519,13.22,6.7991,0.74,247.6302,238.7906,2.7547,3.4504,1331812.9905,1331787.2115
000837.SZ,20250516,13.5,9.9125,1.19,252.8751,243.8482,2.8131,3.5235,1360020.83,1359994.505
000837.SZ,20250515,13.78,12.5771,1.75,258.1199,248.9058,2.8714,3.5966,1388228.6694,1388201.7984
000837.SZ,20250514,13.23,6.9658,0.92,247.8175,238.9713,2.7568,3.4531,1332820.4134,1332794.6149
000837.SZ,20250513,13.38,9.145,1.22,250.6273,241.6807,2.7881,3.4922,1347931.7559,1347905.6649
000837.SZ,20250512,13.27,7.1877,0.9,248.5668,239.6938,2.7652,3.4635,1336850.1047,1336824.2282
000837.SZ,20250509,12.86,5.8536,0.74,240.8869,232.288,2.6797,3.3565,1295545.7684,1295520.6914
000837.SZ,20250508,13.09,6.6918,0.89,245.1951,236.4425,2.7276,3.4165,1318716.4936,1318690.9681
000837.SZ,20250507,13.05,8.821,1.24,244.4459,235.7199,2.7193,3.4061,1314686.8023,1314661.3548
000837.SZ,20250506,13.04,8.8949,1.12,244.2586,235.5393,2.7172,3.4035,1313679.3794,1313653.9514
000837.SZ,20250430,12.7,9.5919,1.3,237.8899,229.398,2.6464,3.3147,1279427.003,1279402.238
000837.SZ,20250429,11.92,5.3834,0.74,223.2793,223.2793,2.4993,3.1111,1200848.0217,1200824.7777
000837.SZ,20250428,11.73,5.0236,0.68,219.7203,219.7203,2.4595,3.0616,1181706.9878,1181684.1143
000837.SZ,20250425,12.25,6.6228,0.94,229.4607,229.4607,2.5685,3.1973,1234092.9753,1234069.0878
000837.SZ,20250424,12.37,13.0758,2.46,231.7085,231.7085,2.5937,3.2286,1246182.0494,1246157.9279
000837.SZ,20250423,12.17,6.7081,1.3,227.9622,227.9622,2.5518,3.1764,1226033.5926,1226009.8611
000837.SZ,20250422,11.06,4.7552,0.86,207.1702,207.1702,2.319,2.8867,1114209.6577,1114188.0907
000837.SZ,20250421,11.45,5.5669,0.96,214.4755,214.4755,2.4008,2.9885,1153499.1484,1153476.8209
000837.SZ,20250418,11.18,5.1824,0.77,209.418,209.418,2.3442,2.918,1126298.7318,1126276.9308
000837.SZ,20250417,11.16,4.3233,0.56,209.0434,209.0434,2.34,2.9128,1124283.8861,1124262.1241
000837.SZ,20250416,11.46,5.9549,0.67,214.6628,214.6628,2.4029,2.9911,1154506.5712,1154484.2242
000837.SZ,20250415,12.19,6.5479,0.7,228.3368,228.3368,2.556,3.1816,1228048.4383,1228024.6678
000837.SZ,20250414,12.24,7.0193,0.78,235.9597,537.9166,2.5768,3.2785,1233085.5525,1233061.6845
000837.SZ,20250411,12.17,9.7659,1.02,234.6103,534.8403,2.5621,3.2598,1226033.5926,1226009.8611
000837.SZ,20250410,11.52,9.617,0.89,222.0797,506.2745,2.4252,3.0857,1160551.1082,1160528.6442
000837.SZ,20250409,11.23,11.4917,1.08,216.4892,493.5297,2.3642,3.008,1131335.846,1131313.9475
000837.SZ,20250408,11.22,9.0429,0.79,216.2964,493.0902,2.3621,3.0053,1130328.4231,1130306.5441
000837.SZ,20250407,12.47,4.8436,0.34,240.3936,548.0245,2.6252,3.3401,1256256.2777,1256231.9612
000837.SZ,20250403,13.85,12.6653,0.82,266.9969,608.672,2.9158,3.7098,1395280.6292,1395253.6217
000837.SZ,20250402,14.5,15.9465,1.16,279.5274,637.2378,3.0526,3.8839,1460763.1137,1460734.8387
000837.SZ,20250401,13.41,10.5176,0.81,258.5147,589.3351,2.8231,3.5919,1350954.0244,1350927.8749
000837.SZ,20250331,14.0,13.1809,1.15,269.8886,615.2641,2.9473,3.7499,1410391.9718,1410364.6718
000837.SZ,20250328,14.82,17.942,1.89,285.6963,651.301,3.12,3.9696,1493000.6444,1492971.7454
000837.SZ,20250327,13.99,19.8367,2.59,269.6958,614.8246,2.9452,3.7473,1409384.549,1409357.2685
000837.SZ,20250326,13.68,7.2355,0.98,263.7197,601.2009,2.88,3.6642,1378154.441,1378127.765
000837.SZ,20250325,12.44,6.4605,0.92,239.8153,546.7061,2.6189,3.3321,1253234.0092,1253209.7512
000837.SZ,20250324,12.3,5.9664,0.88,237.1164,540.5535,2.5895,3.2946,1239130.0895,1239106.1045
000837.SZ,20250321,12.8,7.9199,1.26,246.7553,562.5272,2.6947,3.4285,1289501.2314,1289476.2714
000837.SZ,20250320,13.2,10.6978,1.91,254.4664,580.1061,2.7789,3.5357,1329798.1448,1329772.4048
000837.SZ,20250319,12.79,5.9747,0.94,246.5625,562.0877,2.6926,3.4258,1288493.8085,1288468.868
000837.SZ,20250318,12.64,4.6213,0.59,243.6708,555.4956,2.661,3.3857,1273382.466,1273357.818
000837.SZ,20250317,12.55,4.7214,0.51,241.9358,551.5403,2.6421,3.3616,1264315.6604,1264291.1879
000837.SZ,20250314,12.39,5.4203,0.57,238.8514,544.5087,2.6084,3.3187,1248196.895,1248172.7345
000837.SZ,20250313,12.08,7.3294,0.72,232.8753,530.885,2.5431,3.2357,1216966.7871,1216943.2311
000837.SZ,20250312,12.96,9.5859,1.07,249.8397,569.5588,2.7284,3.4714,1305619.9968,1305594.7248
000837.SZ,20250311,13.47,12.3853,1.73,259.6713,591.972,2.8358,3.608,1356998.5614,1356972.2949
000837.SZ,20250310,13.05,11.1694,1.96,251.5747,573.514,2.7473,3.4955,1314686.8023,1314661.3548
000837.SZ,20250307,12.23,6.6788,1.24,235.7669,537.4771,2.5747,3.2758,1232078.1297,1232054.2812
000837.SZ,20250306,12.15,10.8491,2.34,234.2247,533.9613,2.5579,3.2544,1224018.747,1223995.0545
000837.SZ,20250305,12.34,3.5174,0.56,237.8875,542.3114,2.5979,3.3053,1243159.7809,1243135.7179
000837.SZ,20250304,11.22,3.5071,0.48,216.2964,493.0902,2.3621,3.0053,1130328.4231,1130306.5441
000837.SZ,20250303,10.91,3.9582,0.53,210.3203,479.4665,2.2968,2.9223,1099098.3152,1099077.0407
000837.SZ,20250228,11.12,5.1956,0.66,214.3686,488.6955,2.341,2.9785,1120254.1947,1120232.5107
000837.SZ,20250227,11.77,6.9758,0.83,226.8992,517.2613,2.4779,3.1526,1185736.6791,1185713.7276
000837.SZ,20250226,11.95,11.4971,1.46,230.3692,525.1719,2.5158,3.2008,1203870.2902,1203846.9877
000837.SZ,20250225,11.92,8.7064,1.23,229.7908,523.8534,2.5095,3.1928,1200848.0217,1200824.7777
000837.SZ,20250224,11.5,5.2127,0.78,221.6942,505.3955,2.421,3.0803,1158536.2626,1158513.8376
000837.SZ,20250221,11.64,7.1402,1.19,224.3931,511.5481,2.4505,3.1178,1172640.1823,1172617.4843
000837.SZ,20250220,11.65,9.2699,1.82,224.5858,511.9876,2.4526,3.1205,1173647.6051,1173624.8876
000837.SZ,20250219,11.28,8.9984,2.03,217.4531,495.7271,2.3747,3.0214,1136372.9601,1136350.9641
000837.SZ,20250218,10.68,4.9104,1.08,205.8864,469.3586,2.2484,2.8607,1075927.5899,1075906.7639
000837.SZ,20250217,10.6,3.1677,0.65,204.3442,465.8428,2.2316,2.8392,1067868.2072,1067847.5372
000837.SZ,20250214,10.46,3.6421,0.65,201.6453,459.6902,2.2021,2.8017,1053764.2875,1053743.8905
000837.SZ,20250213,10.61,4.731,0.73,204.537,466.2823,2.2337,2.8419,1068875.6301,1068854.9406
000837.SZ,20250212,10.87,5.6655,0.88,209.5492,477.7086,2.2884,2.9116,1095068.6238,1095047.4273
000837.SZ,20250211,10.79,5.6083,0.92,208.007,474.1928,2.2716,2.8901,1087009.2411,1086988.2006
000837.SZ,20250210,10.66,4.6257,0.72,205.5009,468.4797,2.2442,2.8553,1073912.7442,1073891.9572
000837.SZ,20250207,10.76,7.227,0.99,207.4286,472.8744,2.2652,2.8821,1083986.9726,1083965.9906
000837.SZ,20250206,10.79,9.1172,1.34,208.007,474.1928,2.2716,2.8901,1087009.2411,1086988.2006
000837.SZ,20250205,10.32,5.6376,0.92,198.9464,453.5375,2.1726,2.7642,1039660.3678,1039640.2438
000837.SZ,20250127,9.93,3.8048,0.66,191.4281,436.398,2.0905,2.6598,1000370.8771,1000351.5136
000837.SZ,20250124,10.27,6.4686,1.34,197.9825,451.3402,2.1621,2.7509,1034623.2536,1034603.2271
000837.SZ,20250123,10.25,11.65,3.98,197.597,450.4612,2.1579,2.7455,1032608.4079,1032588.4204
000837.SZ,20250122,10.47,6.4171,3.0,201.8381,460.1296,2.2042,2.8044,1054771.7103,1054751.2938
000837.SZ,20250121,9.52,2.3326,0.93,183.5242,418.3796,2.0042,2.55,959066.5408,959047.9768
000837.SZ,20250120,9.36,1.7782,0.67,180.4398,411.348,1.9705,2.5071,942947.7754,942929.5234
000837.SZ,20250117,9.4,1.8768,0.67,181.2109,413.1059,1.9789,2.5178,946977.4668,946959.1368
000837.SZ,20250116,9.43,2.2277,0.75,181.7892,414.4243,1.9852,2.5259,949999.7353,949981.3468
000837.SZ,20250115,9.45,2.4655,0.85,182.1748,415.3033,1.9895,2.5312,952014.581,951996.1535
000837.SZ,20250114,9.5,4.2033,1.8,183.1387,417.5006,2.0,2.5446,957051.6952,957033.1702
000837.SZ,20250113,8.78,2.4901,1.15,169.2587,385.8585,1.8484,2.3517,884517.2509,884500.1299
000837.SZ,20250110,8.61,2.5194,1.23,165.9815,378.3874,1.8126,2.3062,867391.0627,867374.2732
000837.SZ,20250109,8.68,3.1503,1.73,167.3309,381.4637,1.8274,2.325,874443.0225,874426.0965
603728.SH,20260702,63.37,3.7802,1.32,434.246,391.7682,8.9269,9.6107,2654458.4025,2654458.4025
603728.SH,20260701,63.14,3.6068,1.35,432.6699,390.3463,8.8945,9.5758,2644824.105,2644824.105
603728.SH,20260630,60.92,2.9598,1.15,417.4572,376.6217,8.5818,9.2391,2551832.19,2551832.19
603728.SH,20260629,55.38,2.392,0.87,379.4941,342.3722,7.8014,8.3989,2319771.285,2319771.285
603728.SH,20260626,55.84,2.4341,0.85,382.6463,345.216,7.8662,8.4687,2339039.88,2339039.88
603728.SH,20260625,58.83,2.9716,1.15,403.1354,363.7009,8.2874,8.9222,2464285.7475,2464285.7475
603728.SH,20260624,59.69,2.5861,1.05,409.0286,369.0176,8.4085,9.0526,2500309.6425,2500309.6425
603728.SH,20260623,59.42,2.5377,1.06,407.1784,367.3484,8.3705,9.0117,2488999.815,2488999.815
603728.SH,20260622,60.3,3.208,1.35,413.2087,372.7888,8.4944,9.1451,2525861.475,2525861.475
603728.SH,20260618,63.86,3.0464,1.35,437.6037,394.7975,8.9959,9.685,2674983.645,2674983.645
603728.SH,20260617,61.33,1.5415,0.62,420.2668,379.1565,8.6395,9.3013,2569006.3725,2569006.3725
603728.SH,20260616,62.2,2.0375,0.74,426.2285,384.535,8.7621,9.4333,2605449.15,2605449.15
603728.SH,20260615,62.27,2.117,0.66,426.7082,384.9678,8.772,9.4439,2608381.3275,2608381.3275
603728.SH,20260612,60.7,3.1315,0.89,415.9497,375.2616,8.5508,9.2058,2542616.775,2542616.775
603728.SH,20260611,61.22,2.4272,0.68,419.513,378.4764,8.624,9.2846,2564398.665,2564398.665
603728.SH,20260610,62.69,2.7868,0.79,429.5863,387.5643,8.8311,9.5076,2625974.3925,2625974.3925
603728.SH,20260609,66.12,3.2859,0.94,453.0905,408.7694,9.3143,10.0278,2769651.09,2769651.09
603728.SH,20260608,67.45,4.4826,1.46,462.2044,416.9917,9.5017,10.2295,2825362.4625,2825362.4625
603728.SH,20260605,65.82,4.5673,1.7,451.0347,406.9147,9.272,9.9823,2757084.615,2757084.615
603728.SH,20260604,63.52,2.712,0.99,435.2739,392.6956,8.948,9.6335,2660741.64,2660741.64
603728.SH,20260603,62.28,2.6529,0.93,426.7767,385.0296,8.7734,9.4454,2608800.21,2608800.21
603728.SH,20260602,62.51,3.1139,1.01,428.3528,386.4515,8.8058,9.4803,2618434.5075,2618434.5075
603728.SH,20260601,59.77,2.3088,0.72,409.5768,369.5122,8.4198,9.0647,2503660.7025,2503660.7025
603728.SH,20260529,61.32,2.6175,0.79,420.1983,379.0946,8.6381,9.2998,2568587.49,2568587.49
603728.SH,20260528,64.74,3.0188,0.86,443.634,400.2379,9.1199,9.8185,2711845.305,2711845.305
603728.SH,20260527,66.55,3.2483,0.97,456.0371,411.4277,9.3749,10.093,2787663.0375,2787663.0375
603728.SH,20260526,70.0,4.2427,1.32,479.6784,432.7564,9.8609,10.6162,2932177.5,2932177.5
603728.SH,20260525,68.99,2.906,0.84,472.7573,426.5124,9.7186,10.463,2889870.3675,2889870.3675
603728.SH,20260522,68.19,3.087,0.84,467.2753,421.5666,9.6059,10.3417,2856359.7675,2856359.7675
603728.SH,20260521,67.4,4.1636,1.31,461.8618,416.6826,9.4946,10.2219,2823268.05,2823268.05
603728.SH,20260520,66.47,2.4208,0.8,455.4889,410.9331,9.3636,10.0809,2784311.9775,2784311.9775
603728.SH,20260519,67.71,3.5308,1.32,463.986,418.5991,9.5383,10.2689,2836253.4075,2836253.4075
603728.SH,20260518,67.15,4.1131,1.72,460.1486,415.1371,9.4594,10.184,2812795.9875,2812795.9875
603728.SH,20260515,64.99,4.154,1.87,445.3471,401.7834,9.1551,9.8564,2722317.3675,2722317.3675
603728.SH,20260514,61.74,1.6638,0.74,423.0763,381.6912,8.6973,9.3635,2586180.555,2586180.555
603728.SH,20260513,63.45,1.5879,0.7,434.7942,392.2628,8.9382,9.6228,2657809.4625,2657809.4625
603728.SH,20260512,63.43,1.8547,0.85,434.6571,392.1392,8.9354,9.6198,2656971.6975,2656971.6975
603728.SH,20260511,63.91,2.6872,1.43,437.9464,395.1066,9.003,9.6926,2677078.0575,2677078.0575
603728.SH,20260508,63.48,3.3397,2.31,434.9998,392.4483,8.9424,9.6274,2659066.11,2659066.11
603728.SH,20260507,61.34,1.7097,1.26,420.3353,379.2183,8.6409,9.3028,2569425.255,2569425.255
603728.SH,20260506,60.03,1.6827,1.38,411.3585,371.1196,8.4564,9.1042,2514551.6475,2514551.6475
603728.SH,20260430,59.35,1.4645,1.24,406.6987,366.9156,8.3606,9.001,2486067.6375,2486067.6375
603728.SH,20260429,58.45,1.1678,1.03,400.5314,361.3516,8.2338,8.8645,2448368.2125,2448368.2125
603728.SH,20260428,56.95,1.19,1.08,390.2526,352.0783,8.0225,8.6371,2385535.8375,2385535.8375
603728.SH,20260427,57.72,1.2848,1.2,395.5291,395.5291,8.1222,8.7538,2417789.79,2417789.79
603728.SH,20260424,57.07,0.9828,0.91,306.8484,297.0602,8.0641,9.895,2390562.4275,2390562.4275
603728.SH,20260423,57.48,1.2929,1.24,309.0528,299.1943,8.122,9.9661,2407736.61,2407736.61
603728.SH,20260422,58.97,0.9155,0.84,317.0641,306.9501,8.3326,10.2244,2470150.1025,2470150.1025
603728.SH,20260421,58.59,1.0122,0.93,315.021,304.9721,8.2789,10.1586,2454232.5675,2454232.5675
603728.SH,20260420,59.18,1.168,1.17,318.1932,308.0431,8.3623,10.2609,2478946.635,2478946.635
603728.SH,20260417,59.66,1.0269,1.02,320.774,310.5416,8.4301,10.3441,2499052.995,2499052.995
603728.SH,20260416,59.3,1.0701,1.14,318.8384,308.6678,8.3792,10.2817,2483973.225,2483973.225
603728.SH,20260415,58.57,1.1712,1.15,314.9134,304.868,8.2761,10.1551,2453394.8025,2453394.8025
603728.SH,20260414,58.87,1.0038,1.08,316.5264,306.4295,8.3185,10.2071,2465961.2775,2465961.2775
603728.SH,20260413,58.01,0.7116,0.79,311.9025,301.9531,8.1969,10.058,2429937.3825,2429937.3825
603728.SH,20260410,58.54,1.0534,1.25,314.7521,304.7118,8.2718,10.1499,2452138.155,2452138.155
603728.SH,20260409,57.31,0.7592,0.87,308.1388,298.3094,8.098,9.9366,2400615.6075,2400615.6075
603728.SH,20260408,58.57,1.5464,2.11,314.9134,304.868,8.2761,10.1551,2453394.8025,2453394.8025
603728.SH,20260407,55.07,0.5645,0.74,296.095,286.6498,7.7815,9.5483,2306785.9275,2306785.9275
603728.SH,20260403,55.62,0.5768,0.65,299.0522,289.5127,7.8592,9.6436,2329824.465,2329824.465
603728.SH,20260402,56.52,0.778,0.8,303.8912,294.1973,7.9864,9.7997,2367523.89,2367523.89
603728.SH,20260401,58.25,0.9167,0.88,313.1929,303.2023,8.2308,10.0996,2439990.5625,2439990.5625
603728.SH,20260331,56.98,0.8313,0.67,306.3645,296.5917,8.0514,9.8794,2386792.485,2386792.485
603728.SH,20260330,57.66,0.7156,0.46,310.0206,300.1313,8.1475,9.9973,2415276.495,2415276.495
603728.SH,20260327,57.78,1.1682,0.78,310.6658,300.7559,8.1644,10.0181,2420303.085,2420303.085
603728.SH,20260326,57.18,1.229,0.86,307.4398,297.6328,8.0797,9.9141,2395170.135,2395170.135
603728.SH,20260325,57.38,1.2925,0.95,308.5151,298.6738,8.1079,9.9488,2403547.785,2403547.785
603728.SH,20260324,56.7,1.7814,1.43,304.859,295.1343,8.0118,9.8309,2375063.775,2375063.775
603728.SH,20260323,57.54,2.3314,2.48,309.3754,299.5066,8.1305,9.9765,2410249.905,2410249.905
603728.SH,20260320,57.18,0.8891,0.98,307.4398,297.6328,8.0797,9.9141,2395170.135,2395170.135
603728.SH,20260319,58.18,0.8821,0.97,312.8165,302.838,8.221,10.0875,2437058.385,2437058.385
603728.SH,20260318,59.75,0.926,1.0,321.2579,311.0101,8.4428,10.3597,2502822.9375,2502822.9375
603728.SH,20260317,59.12,1.2091,1.25,317.8706,307.7308,8.3538,10.2505,2476433.34,2476433.34
603728.SH,20260316,60.96,0.793,0.73,327.7637,317.3084,8.6138,10.5695,2553507.72,2553507.72
603728.SH,20260313,61.52,0.7133,0.66,330.7747,320.2233,8.6929,10.6666,2576965.14,2576965.14
603728.SH,20260312,62.57,0.8882,0.79,336.4202,325.6887,8.8413,10.8486,2620947.8025,2620947.8025
603728.SH,20260311,63.12,1.0374,0.9,339.3774,328.5516,8.919,10.944,2643986.34,2643986.34
603728.SH,20260310,63.98,1.3864,1.12,344.0014,333.0281,9.0405,11.0931,2680010.235,2680010.235
603728.SH,20260309,62.3,1.4006,1.09,334.9685,324.2833,8.8031,10.8018,2609637.975,2609637.975
603728.SH,20260306,62.74,0.6843,0.5,337.3343,326.5736,8.8653,10.8781,2628068.805,2628068.805
603728.SH,20260305,62.47,1.0819,0.74,335.8826,325.1682,8.8271,10.8313,2616758.9775,2616758.9775
603728.SH,20260304,62.04,1.2073,0.79,333.5706,322.93,8.7664,10.7567,2598747.03,2598747.03
603728.SH,20260303,62.61,1.8042,1.09,336.6353,325.8969,8.8469,10.8556,2622623.3325,2622623.3325
603728.SH,20260302,66.55,1.6548,1.02,357.8195,346.4054,9.4037,11.5387,2787663.0375,2787663.0375
603728.SH,20260227,69.13,1.156,0.72,371.6914,359.8348,9.7682,11.986,2895734.7225,2895734.7225
603728.SH,20260226,69.3,1.5109,1.01,372.6054,360.7197,9.7922,12.0155,2902855.725,2902855.725
603728.SH,20260225,70.47,1.4781,1.0,378.8962,366.8097,9.9576,12.2184,2951864.9775,2951864.9775
603728.SH,20260224,71.97,2.4869,2.01,386.9612,374.6175,10.1695,12.4784,3014697.3525,3014697.3525
603728.SH,20260213,72.46,1.4843,1.08,389.5958,377.1681,10.2388,12.5634,3035222.595,3035222.595
603728.SH,20260212,71.69,1.0839,0.76,385.4558,373.1601,10.13,12.4299,3002968.6425,3002968.6425
603728.SH,20260211,70.39,0.9639,0.66,378.466,366.3933,9.9463,12.2045,2948513.9175,2948513.9175
603728.SH,20260210,71.92,1.3508,0.93,386.6924,374.3573,10.1624,12.4698,3012602.94,3012602.94
603728.SH,20260209,71.17,1.2996,0.86,382.6599,370.4534,10.0565,12.3397,2981186.7525,2981186.7525
603728.SH,20260206,70.14,2.1523,1.5,377.1219,365.092,9.9109,12.1611,2938041.855,2938041.855
603728.SH,20260205,67.64,1.3615,0.89,363.6801,352.0791,9.5577,11.7277,2833321.23,2833321.23
603728.SH,20260204,70.49,1.1082,0.67,379.0037,366.9138,9.9604,12.2218,2952702.7425,2952702.7425
603728.SH,20260203,70.39,1.3431,0.72,378.466,366.3933,9.9463,12.2045,2948513.9175,2948513.9175
603728.SH,20260202,68.36,1.6174,0.76,367.5513,355.8268,9.6594,11.8525,2863480.77,2863480.77
603728.SH,20260130,69.72,1.7327,0.75,374.8636,362.9058,9.8516,12.0883,2920448.79,2920448.79
603728.SH,20260129,70.08,1.89,0.76,376.7993,364.7797,9.9025,12.1507,2935528.56,2935528.56
603728.SH,20260128,71.37,1.7236,0.63,383.7352,371.4944,10.0847,12.3744,2989564.4025,2989564.4025
603728.SH,20260127,73.56,2.3946,0.81,395.5102,382.8938,10.3942,12.7541,3081299.67,3081299.67
603728.SH,20260126,72.94,2.841,0.91,392.1766,379.6666,10.3066,12.6466,3055328.955,3055328.955
603728.SH,20260123,75.51,2.7772,0.86,405.9948,393.0439,10.6697,13.0922,3162981.7575,3162981.7575
603728.SH,20260122,74.61,2.6311,0.86,401.1557,388.3592,10.5426,12.9362,3125282.3325,3125282.3325
603728.SH,20260121,76.31,2.9565,0.95,410.2961,397.2081,10.7828,13.2309,3196492.3575,3196492.3575
603728.SH,20260120,74.98,3.6059,1.17,403.1451,390.2851,10.5948,13.0003,3140780.985,3140780.985
603728.SH,20260119,75.26,3.7135,1.27,404.6506,391.7426,10.6344,13.0489,3152509.695,3152509.695
603728.SH,20260116,73.65,3.2319,1.14,395.9941,383.3622,10.4069,12.7697,3085069.6125,3085069.6125
603728.SH,20260115,71.19,1.7895,0.62,382.7674,370.5575,10.0593,12.3432,2982024.5175,2982024.5175
603728.SH,20260114,71.87,3.2884,1.19,386.4236,374.097,10.1554,12.4611,3010508.5275,3010508.5275
603728.SH,20260113,72.97,3.3451,1.29,392.3379,379.8227,10.3108,12.6518,3056585.6025,3056585.6025
603728.SH,20260112,73.9,2.9633,1.17,397.3383,384.6635,10.4422,12.8131,3095541.675,3095541.675
603728.SH,20260109,73.26,2.7968,1.06,393.8972,381.3322,10.3518,12.7021,3068733.195,3068733.195
603728.SH,20260108,71.98,2.0107,0.62,387.015,374.6696,10.1709,12.4802,3015116.235,3015116.235
603728.SH,20260107,72.33,2.7335,0.85,388.8968,376.4914,10.2204,12.5409,3029777.1225,3029777.1225
603728.SH,20260106,72.66,2.4936,0.81,390.6712,378.2091,10.267,12.5981,3043600.245,3043600.245
603728.SH,20260105,71.64,2.584,0.87,385.1869,372.8998,10.1229,12.4212,3000874.23,3000874.23
603728.SH,20251231,72.35,3.3848,1.36,389.0044,376.5955,10.2232,12.5443,3030614.8875,3030614.8875
603728.SH,20251230,72.98,5.1343,3.09,392.3917,379.8748,10.3122,12.6536,3057004.485,3057004.485
603728.SH,20251229,67.43,2.414,1.57,362.551,350.986,9.528,11.6913,2824524.6975,2824524.6975
603728.SH,20251226,66.28,1.8467,1.38,356.3678,345.0,9.3655,11.4919,2776353.21,2776353.21
603728.SH,20251225,66.68,2.142,1.91,358.5185,347.0821,9.422,11.5612,2793108.51,2793108.51
603728.SH,20251224,63.8,0.9343,0.77,343.0336,332.0911,9.0151,11.0619,2672470.35,2672470.35
603728.SH,20251223,63.75,0.9826,0.78,342.7647,331.8309,9.008,11.0532,2670375.9375,2670375.9375
603728.SH,20251222,64.41,1.8068,1.52,346.3134,335.2663,9.1013,11.1677,2698022.1825,2698022.1825
603728.SH,20251219,62.12,0.8472,0.65,334.0007,323.3464,8.7777,10.7706,2602098.09,2602098.09
603728.SH,20251218,61.78,1.033,0.78,332.1726,321.5766,8.7296,10.7117,2587856.085,2587856.085
603728.SH,20251217,62.61,1.3725,1.08,336.6353,325.8969,8.8469,10.8556,2622623.3325,2622623.3325
603728.SH,20251216,61.82,1.2782,0.94,332.3877,321.7848,8.7353,10.7186,2589531.615,2589531.615
603728.SH,20251215,64.35,1.4259,0.96,345.9908,334.954,9.0928,11.1573,2695508.8875,2695508.8875
603728.SH,20251212,67.0,1.38,0.84,360.239,348.7477,9.4672,11.6167,2806512.75,2806512.75
603728.SH,20251211,66.84,1.1639,0.61,359.3787,347.9149,9.4446,11.589,2799810.63,2799810.63
603728.SH,20251210,68.5,1.0952,0.59,368.3041,356.5555,9.6792,11.8768,2869345.125,2869345.125
603728.SH,20251209,68.43,1.7508,1.02,367.9277,356.1912,9.6693,11.8647,2866412.9475,2866412.9475
603728.SH,20251208,69.51,2.0175,1.26,373.7345,361.8128,9.8219,12.0519,2911652.2575,2911652.2575
603728.SH,20251205,68.65,2.1603,1.57,369.1106,357.3363,9.7004,11.9028,2875628.3625,2875628.3625
603728.SH,20251204,67.35,2.5723,2.45,362.1209,350.5695,9.5167,11.6774,2821173.6375,2821173.6375
603728.SH,20251203,64.51,0.7137,0.62,346.851,335.7868,9.1154,11.185,2702211.0075,2702211.0075
603728.SH,20251202,65.44,1.1157,0.93,351.8514,340.6276,9.2468,11.3462,2741167.08,2741167.08
603728.SH,20251201,67.62,1.4367,1.27,363.5726,351.975,9.5549,11.7242,2832483.465,2832483.465
603728.SH,20251128,66.29,1.0427,0.81,356.4216,345.052,9.3669,11.4936,2776772.0925,2776772.0925
603728.SH,20251127,65.65,0.9464,0.74,352.9805,341.7207,9.2765,11.3827,2749963.6125,2749963.6125
603728.SH,20251126,66.29,1.256,1.06,356.4216,345.052,9.3669,11.4936,2776772.0925,2776772.0925
603728.SH,20251125,65.63,1.3051,1.16,352.8729,341.6166,9.2737,11.3792,2749125.8475,2749125.8475
603728.SH,20251124,66.04,1.1232,0.99,355.0774,343.7508,9.3316,11.4503,2766300.03,2766300.03
603728.SH,20251121,64.64,1.8187,1.71,347.55,336.4635,9.1338,11.2075,2707656.48,2707656.48
603728.SH,20251120,63.73,0.9307,0.88,342.6572,331.7268,9.0052,11.0498,2669538.1725,2669538.1725
603728.SH,20251119,65.2,0.727,0.63,350.561,339.3784,9.2129,11.3046,2731113.9,2731113.9
603728.SH,20251118,66.54,1.0166,0.88,357.7657,346.3533,9.4022,11.537,2787244.155,2787244.155
603728.SH,20251117,66.83,1.1608,0.96,359.325,347.8629,9.4432,11.5872,2799391.7475,2799391.7475
603728.SH,20251114,66.32,1.4729,1.21,356.5829,345.2082,9.3712,11.4988,2778028.74,2778028.74
603728.SH,20251113,66.0,0.8992,0.58,354.8623,343.5425,9.3259,11.4433,2764624.5,2764624.5
603728.SH,20251112,65.42,1.2083,0.78,351.7438,340.5235,9.244,11.3428,2740329.315,2740329.315
603728.SH,20251111,67.51,1.0602,0.63,362.9811,351.4024,9.5393,11.7051,2827875.7575,2827875.7575
603728.SH,20251110,68.14,1.4068,0.78,366.3685,354.6816,9.6283,11.8144,2854265.355,2854265.355
603728.SH,20251107,70.16,1.4909,0.72,377.2294,365.1961,9.9138,12.1646,2938879.62,2938879.62
603728.SH,20251106,71.52,2.5794,1.25,384.5417,372.2752,10.1059,12.4004,2995847.64,2995847.64
603728.SH,20251105,68.16,1.1947,0.53,366.476,354.7858,9.6312,11.8178,2855103.12,2855103.12
603728.SH,20251104,69.36,1.7292,0.72,372.928,361.032,9.8007,12.0259,2905369.02,2905369.02
603728.SH,20251103,71.75,1.995,0.8,385.7784,373.4724,10.1384,12.4403,3005481.9375,3005481.9375
603728.SH,20251031,73.35,2.8952,1.24,394.3811,381.8007,10.3645,12.7177,3072503.1375,3072503.1375
603728.SH,20251030,71.59,2.4765,1.17,384.9181,372.6396,10.1158,12.4126,2998779.8175,2998779.8175
603728.SH,20251029,72.22,2.1107,1.02,388.3054,375.9188,10.2048,12.5218,3025169.415,3025169.415
603728.SH,20251028,71.98,2.5768,1.29,387.015,465.0597,10.2316,12.4802,3015116.235,3015116.235
603728.SH,20251027,71.4,2.4313,1.16,383.8965,461.3124,10.1491,12.3796,2990821.05,2990821.05
603728.SH,20251024,70.72,2.0967,1.02,380.2403,456.9189,10.0524,12.2617,2962337.04,2962337.04
603728.SH,20251023,69.36,1.3333,0.63,372.928,448.132,9.8591,12.0259,2905369.02,2905369.02
603728.SH,20251022,70.08,1.9098,0.8,376.7993,452.7839,9.9615,12.1507,2935528.56,2935528.56
603728.SH,20251021,69.67,2.1826,0.8,374.5948,450.1349,9.9032,12.0797,2918354.3775,2918354.3775
603728.SH,20251020,69.81,2.9859,1.02,375.3476,451.0394,9.9231,12.1039,2924218.7325,2924218.7325
603728.SH,20251017,67.04,1.8503,0.53,360.4541,433.1426,9.5294,11.6237,2808188.28,2808188.28
603728.SH,20251016,70.08,1.7075,0.43,376.7993,452.7839,9.9615,12.1507,2935528.56,2935528.56
603728.SH,20251015,71.25,3.2759,0.74,383.09,460.3432,10.1278,12.3536,2984537.8125,2984537.8125
603728.SH,20251014,68.12,3.8541,0.85,366.2609,440.1204,9.6829,11.8109,2853427.59,2853427.59
603728.SH,20251013,73.53,4.0172,0.86,395.3489,475.0742,10.4519,12.7489,3080043.0225,3080043.0225
603728.SH,20251010,78.52,4.721,0.87,422.1786,507.3144,11.1612,13.6141,3289065.39,3289065.39
603728.SH,20251009,82.28,3.9181,0.66,442.395,531.6076,11.6956,14.266,3446565.21,3446565.21
603728.SH,20250930,84.64,5.4908,1.0,455.084,546.8554,12.0311,14.6752,3545421.48,3545421.48
603728.SH,20250929,81.8,4.6349,0.9,439.8142,528.5063,11.6274,14.1828,3426458.85,3426458.85
603728.SH,20250926,79.49,4.6602,0.9,427.394,513.5815,11.2991,13.7823,3329696.9925,3329696.9925
603728.SH,20250925,83.67,8.286,1.67,449.8686,540.5883,11.8932,14.507,3504789.8775,3504789.8775
603728.SH,20250924,80.31,6.709,1.35,431.8029,518.8795,11.4156,13.9245,3364045.3575,3364045.3575
603728.SH,20250923,73.01,3.0803,0.55,392.553,471.7145,10.378,12.6588,3058261.1325,3058261.1325
603728.SH,20250922,73.49,2.8892,0.48,395.1338,474.8158,10.4462,12.742,3078367.4925,3078367.4925
603728.SH,20250919,72.37,4.8256,0.77,389.1119,467.5795,10.287,12.5478,3031452.6525,3031452.6525
603728.SH,20250918,77.06,7.3556,1.2,414.3286,497.8814,10.9536,13.361,3227908.545,3227908.545
603728.SH,20250917,78.14,6.6667,1.14,420.1355,504.8592,11.1072,13.5482,3273147.855,3273147.855
603728.SH,20250916,78.15,6.0878,0.96,420.1892,504.9238,11.1086,13.55,3273566.7375,3273566.7375
603728.SH,20250915,73.69,5.3028,0.83,396.2092,476.108,10.4746,12.7767,3086745.1425,3086745.1425
603728.SH,20250912,71.9,5.8349,1.03,386.5849,464.5428,10.2202,12.4663,3011765.175,3011765.175
603728.SH,20250911,72.26,6.7886,1.39,388.5205,466.8688,10.2714,12.5287,3026844.945,3026844.945
603728.SH,20250910,68.89,5.239,1.16,370.401,445.0954,9.7923,11.9444,2885681.5425,2885681.5425
603728.SH,20250909,68.33,8.516,2.14,367.39,441.4772,9.7127,11.8473,2862224.1225,2862224.1225
603728.SH,20250908,68.85,5.3987,1.57,370.1859,444.8369,9.7866,11.9375,2884006.0125,2884006.0125
603728.SH,20250905,62.59,2.2772,0.66,336.5278,404.3913,8.8968,10.8521,2621785.5675,2621785.5675
603728.SH,20250904,60.58,2.9112,0.85,325.7206,391.4048,8.6111,10.5036,2537590.185,2537590.185
603728.SH,20250903,63.72,3.4357,1.02,342.6034,411.6922,9.0574,11.048,2669119.29,2669119.29
603728.SH,20250902,65.74,5.8488,2.12,353.4644,424.7433,9.3446,11.3983,2753733.555,2753733.555
603728.SH,20250901,63.39,2.6949,0.94,340.8291,409.5601,9.0105,10.9908,2655296.1675,2655296.1675
603728.SH,20250829,64.43,2.2504,0.75,346.4209,343.3281,9.2633,11.1711,2698859.9475,2698859.9475
603728.SH,20250828,64.5,2.8718,0.96,346.7973,343.7011,9.2734,11.1833,2701792.125,2701792.125
603728.SH,20250827,63.78,3.1915,1.06,342.926,339.8644,9.1699,11.0584,2671632.585,2671632.585
603728.SH,20250826,65.2,2.7641,0.8,350.561,347.4312,9.3741,11.3046,2731113.9,2731113.9
603728.SH,20250825,66.74,3.2348,0.92,358.8411,355.6374,9.5955,11.5716,2795621.805,2795621.805
603728.SH,20250822,65.82,2.8692,0.78,353.8945,350.735,9.4632,11.4121,2757084.615,2757084.615
603728.SH,20250821,64.97,2.8763,0.73,349.3243,346.2056,9.341,11.2648,2721479.6025,2721479.6025
603728.SH,20250820,65.38,3.2487,0.88,351.5288,348.3903,9.3999,11.3358,2738653.785,2738653.785
603728.SH,20250819,65.19,5.0961,1.59,350.5072,347.3779,9.3726,11.3029,2730695.0175,2730695.0175
603728.SH,20250818,63.34,3.5331,1.23,340.5603,337.5198,9.1066,10.9821,2653201.755,2653201.755
603728.SH,20250815,62.68,3.641,1.48,337.0117,334.0028,9.0117,10.8677,2625555.51,2625555.51
603728.SH,20250814,61.73,4.1772,2.01,331.9038,328.9406,8.8752,10.703,2585761.6725,2585761.6725
603728.SH,20250813,60.21,2.0707,0.84,323.7312,320.841,8.6566,10.4394,2522091.5325,2522091.5325
603728.SH,20250812,59.61,2.6284,1.16,320.5052,317.6437,8.5704,10.3354,2496958.5825,2496958.5825
603728.SH,20250811,60.45,1.8868,0.82,325.0216,322.1198,8.6911,10.4811,2532144.7125,2532144.7125
603728.SH,20250808,60.4,1.5462,0.67,324.7528,321.8534,8.6839,10.4724,2530050.3,2530050.3
603728.SH,20250807,61.98,2.2416,0.97,333.248,330.2728,8.9111,10.7463,2596233.735,2596233.735
603728.SH,20250806,62.75,3.977,2.2,337.388,334.3759,9.0218,10.8798,2628487.6875,2628487.6875
603728.SH,20250805,60.38,1.7008,0.91,324.6453,321.7468,8.6811,10.4689,2529212.535,2529212.535
603728.SH,20250804,60.18,2.0447,1.16,323.5699,320.6811,8.6523,10.4342,2520834.885,2520834.885
603728.SH,20250801,58.04,1.5372,0.86,312.0638,309.2777,8.3446,10.0632,2431194.03,2431194.03
603728.SH,20250731,58.9,2.2547,1.31,316.6877,313.8604,8.4683,10.2123,2467217.925,2467217.925
603728.SH,20250730,58.57,1.5059,0.79,314.9134,312.1019,8.4208,10.1551,2453394.8025,2453394.8025
603728.SH,20250729,59.38,2.0388,0.99,319.2686,316.4181,8.5373,10.2955,2487324.285,2487324.285
603728.SH,20250728,60.12,1.5115,0.57,323.2473,320.3614,8.6437,10.4238,2518321.59,2518321.59
603728.SH,20250725,60.35,1.6479,0.62,324.484,321.587,8.6767,10.4637,2527955.8875,2527955.8875
603728.SH,20250724,60.27,1.8783,0.67,324.0538,321.1607,8.6652,10.4498,2524604.8275,2524604.8275
603728.SH,20250723,60.15,2.4061,0.8,323.4086,320.5212,8.648,10.429,2519578.2375,2519578.2375
603728.SH,20250722,61.92,2.8658,1.02,332.9254,329.953,8.9025,10.7359,2593720.44,2593720.44
603728.SH,20250721,62.99,4.4363,1.78,338.6784,335.6547,9.0563,10.9215,2638540.8675,2638540.8675
603728.SH,20250718,59.03,1.7451,0.67,317.3867,314.5531,8.487,10.2349,2472663.3975,2472663.3975
603728.SH,20250717,58.86,2.6272,1.14,316.4727,313.6472,8.4625,10.2054,2465542.395,2465542.395
603728.SH,20250716,58.89,3.4329,1.7,316.634,313.8071,8.4668,10.2106,2466799.0425,2466799.0425
603728.SH,20250715,57.2,1.8681,0.99,307.5473,304.8016,8.2239,9.9176,2396007.9,2396007.9
603728.SH,20250714,57.24,2.7757,1.81,307.7624,305.0147,8.2296,9.9245,2397683.43,2397683.43
603728.SH,20250711,55.71,2.3368,1.67,299.5361,296.8618,8.0096,9.6592,2333594.4075,2333594.4075
603728.SH,20250710,54.04,1.0855,0.77,290.557,287.9629,7.7695,9.3697,2263641.03,2263641.03
603728.SH,20250709,54.44,2.043,1.6,292.7076,290.0944,7.827,9.439,2280396.33,2280396.33
603728.SH,20250708,54.75,1.1888,0.92,294.3744,291.7463,7.8716,9.4928,2293381.6875,2293381.6875
603728.SH,20250707,53.94,1.0299,0.77,290.0193,287.43,7.7552,9.3523,2259452.205,2259452.205
603728.SH,20250704,55.0,1.6305,1.28,295.7186,293.0784,7.9076,9.5361,2303853.75,2303853.75
603728.SH,20250703,55.66,1.1892,0.84,299.2672,296.5954,8.0024,9.6505,2331499.995,2331499.995
603728.SH,20250702,56.01,1.3636,0.84,301.1491,298.4604,8.0528,9.7112,2346160.8825,2346160.8825
603728.SH,20250701,57.46,1.2827,0.63,308.9453,306.187,8.2612,9.9626,2406898.845,2406898.845
603728.SH,20250630,57.47,1.2279,0.61,308.9991,306.2403,8.2627,9.9644,2407317.7275,2407317.7275
603728.SH,20250627,57.12,1.292,0.61,307.1172,304.3753,8.2124,9.9037,2392656.84,2392656.84
603728.SH,20250626,57.11,1.9479,0.83,307.0634,304.322,8.2109,9.902,2392237.9575,2392237.9575
603728.SH,20250625,58.1,2.3406,1.08,312.3864,309.5974,8.3533,10.0736,2433707.325,2433707.325
603728.SH,20250624,57.49,3.3403,1.99,309.1066,306.3469,8.2656,9.9678,2408155.4925,2408155.4925
603728.SH,20250623,54.24,1.1032,0.68,291.6323,289.0286,7.7983,9.4043,2272018.68,2272018.68
603728.SH,20250620,54.01,1.8596,1.22,290.3957,287.803,7.7652,9.3645,2262384.3825,2262384.3825
603728.SH,20250619,56.29,3.0873,2.8,302.6545,299.9525,8.093,9.7598,2357889.5925,2357889.5925
603728.SH,20250618,55.53,1.4645,1.33,298.5682,295.9026,7.9838,9.628,2326054.5225,2326054.5225
603728.SH,20250617,54.5,0.894,0.68,293.0302,290.4141,7.8087,9.4494,2282909.625,2282909.625
603728.SH,20250616,54.7,0.8609,0.6,294.1056,291.4798,7.8374,9.4841,2291287.275,2291287.275
603728.SH,20250613,54.36,1.3148,0.94,292.2775,289.6681,7.7887,9.4251,2277045.27,2277045.27
603728.SH,20250612,55.84,0.9824,0.62,300.235,297.5545,8.0007,9.6818,2339039.88,2339039.88
603728.SH,20250611,56.26,1.4713,0.89,302.4932,299.7926,8.0609,9.7546,2356632.945,2356632.945
603728.SH,20250610,55.57,1.8995,1.3,298.7833,296.1158,7.962,9.6349,2327730.0525,2327730.0525
603728.SH,20250609,56.92,1.4521,1.02,306.0419,303.3095,8.1555,9.869,2384279.19,2384279.19
603728.SH,20250606,56.68,1.2182,0.83,304.7515,302.0307,8.1211,9.8274,2374226.01,2374226.01
603728.SH,20250605,57.5,1.8777,1.43,309.1604,306.4002,8.2386,9.9696,2408574.375,2408574.375
603728.SH,20250604,56.7,1.8329,1.55,304.859,302.1372,8.1239,9.8309,2375063.775,2375063.775
603728.SH,20250603,55.56,0.9526,0.77,298.7296,296.0625,7.9606,9.6332,2327311.17,2327311.17
603728.SH,20250530,55.48,1.2342,0.94,298.2994,295.6362,7.9491,9.6193,2323960.11,2323960.11
603728.SH,20250529,57.15,1.458,1.12,307.2785,304.5351,8.1884,9.9089,2393913.4875,2393913.4875
603728.SH,20250528,56.58,1.0965,0.75,304.2138,301.4978,8.1067,9.8101,2370037.185,2370037.185
603728.SH,20250527,56.95,1.1778,0.79,306.2032,303.4694,8.1598,9.8742,2385535.8375,2385535.8375
603728.SH,20250526,58.19,1.2542,0.8,312.8703,310.077,8.3374,10.0892,2437477.2675,2437477.2675
603728.SH,20250523,58.46,1.5993,0.94,314.322,311.5157,8.3761,10.136,2448787.095,2448787.095
603728.SH,20250522,59.2,1.3965,0.77,318.3007,315.459,8.4821,10.2643,2479784.4,2479784.4
603728.SH,20250521,59.45,1.8555,1.03,319.6449,316.7911,8.518,10.3077,2490256.4625,2490256.4625
603728.SH,20250520,60.85,1.3797,0.72,327.1723,324.2513,8.7186,10.5504,2548900.0125,2548900.0125
603728.SH,20250519,60.89,1.6112,0.77,327.3874,324.4645,8.7243,10.5573,2550575.5425,2550575.5425
603728.SH,20250516,61.99,2.2386,1.1,333.3017,330.326,8.8819,10.7481,2596652.6175,2596652.6175
603728.SH,20250515,62.06,1.9263,0.93,333.6781,330.6991,8.8919,10.7602,2599584.795,2599584.795
603728.SH,20250514,64.8,1.8323,0.79,348.4103,345.2997,9.2845,11.2353,2714358.6,2714358.6
603728.SH,20250513,65.29,1.9725,0.74,351.0449,347.9107,9.3547,11.3202,2734883.8425,2734883.8425
603728.SH,20250512,66.36,2.5598,0.94,356.7979,353.6125,9.508,11.5058,2779704.27,2779704.27
603728.SH,20250509,64.16,1.9162,0.71,344.9692,341.8893,9.1928,11.1243,2687550.12,2687550.12
603728.SH,20250508,66.09,2.0995,0.79,355.3462,352.1737,9.4693,11.4589,2768394.4425,2768394.4425
603728.SH,20250507,65.72,3.0142,1.21,353.3568,350.2021,9.4163,11.3948,2752895.79,2752895.79
603728.SH,20250506,67.15,3.6496,1.52,361.0455,357.8221,9.6212,11.6427,2812795.9875,2812795.9875
603728.SH,20250430,65.87,2.9302,1.01,354.1633,351.0014,9.4378,11.4208,2759179.0275,2759179.0275
603728.SH,20250429,62.86,1.7943,0.51,337.9795,337.9795,9.0389,10.8989,2633095.395,2633095.395
603728.SH,20250428,62.3,1.9542,0.49,334.9685,334.9685,8.9584,10.8018,2609637.975,2609637.975
603728.SH,20250425,64.09,2.1323,0.57,191.1528,258.7183,9.357,10.5578,2684617.9425,2684617.9425
603728.SH,20250424,64.61,3.1764,0.96,192.7038,260.8174,9.4329,10.6434,2706399.8325,2706399.8325
603728.SH,20250423,66.44,5.5006,2.19,198.1619,268.2048,9.7001,10.9449,2783055.33,2783055.33
603728.SH,20250422,62.12,4.8694,2.63,185.2772,250.7658,9.0694,10.2332,2602098.09,2602098.09
603728.SH,20250421,61.47,4.2946,2.95,183.3385,248.1419,8.9745,10.1262,2574870.7275,2574870.7275
603728.SH,20250418,56.58,0.7649,0.42,168.7537,228.4019,8.2606,9.3206,2370037.185,2370037.185
603728.SH,20250417,57.0,1.0943,0.51,170.0064,230.0974,8.3219,9.3898,2387630.25,2387630.25
603728.SH,20250416,57.38,1.5477,0.59,171.1398,231.6314,8.3774,9.4524,2403547.785,2403547.785
603728.SH,20250415,58.76,1.5633,0.53,175.2557,237.2022,8.5788,9.6797,2461353.57,2461353.57
603728.SH,20250414,59.27,2.3117,0.89,176.7769,239.2609,8.6533,9.7637,2482716.5775,2482716.5775
603728.SH,20250411,59.19,2.5592,1.09,176.5382,238.938,8.6416,9.7506,2479365.5175,2479365.5175
603728.SH,20250410,57.3,2.8094,1.35,170.9012,231.3084,8.3657,9.4392,2400196.725,2400196.725
603728.SH,20250409,55.03,3.977,2.56,164.1308,222.1449,8.0343,9.0653,2305110.3975,2305110.3975
603728.SH,20250408,53.49,3.0676,2.05,159.5376,215.9282,7.8094,8.8116,2240602.4925,2240602.4925
603728.SH,20250407,59.43,0.6029,0.37,177.2541,239.9068,8.6767,9.7901,2489418.6975,2489418.6975
603728.SH,20250403,66.03,1.26,0.71,196.939,266.5497,9.6403,10.8773,2765881.1475,2765881.1475
603728.SH,20250402,68.01,1.5105,0.76,202.8445,274.5425,9.9293,11.2035,2848819.8825,2848819.8825
603728.SH,20250401,67.19,1.3386,0.62,200.3988,271.2324,9.8096,11.0684,2814471.5175,2814471.5175
603728.SH,20250331,67.5,2.7533,1.42,201.3234,272.4838,9.8549,11.1195,2827456.875,2827456.875
603728.SH,20250328,69.3,1.3141,0.61,206.692,279.75,10.1177,11.416,2902855.725,2902855.725
603728.SH,20250327,70.81,1.974,0.85,211.1957,285.8456,10.3381,11.6648,2966106.9825,2966106.9825
603728.SH,20250326,71.8,2.501,1.15,214.1484,289.842,10.4827,11.8279,3007576.35,3007576.35
603728.SH,20250325,70.16,2.1849,1.06,209.257,283.2216,10.2432,11.5577,2938879.62,2938879.62
603728.SH,20250324,71.45,1.7251,0.79,213.1045,288.4291,10.4316,11.7702,2992915.4625,2992915.4625
603728.SH,20250321,71.23,2.3184,0.97,212.4484,287.541,10.3994,11.734,2983700.0475,2983700.0475
603728.SH,20250320,75.08,2.9314,1.15,223.9313,303.0827,10.9615,12.3682,3144969.81,3144969.81
603728.SH,20250319,74.96,1.7117,0.66,223.5734,302.5983,10.944,12.3484,3139943.22,3139943.22
603728.SH,20250318,75.8,1.5919,0.52,226.0787,305.9892,11.0667,12.4868,3175129.35,3175129.35
603728.SH,20250317,76.3,2.3594,0.74,227.57,308.0076,11.1397,12.5692,3196073.475,3196073.475
603728.SH,20250314,75.72,3.3449,1.06,225.8401,305.6662,11.055,12.4736,3171778.29,3171778.29
603728.SH,20250313,72.13,3.7708,1.23,215.1327,291.1741,10.5308,11.8822,3021399.4725,3021399.4725
603728.SH,20250312,76.96,1.9975,0.58,229.5385,310.6719,11.236,12.6779,3223719.72,3223719.72
603728.SH,20250311,78.32,3.9592,1.17,233.5948,316.1619,11.4346,12.9019,3280687.74,3280687.74
603728.SH,20250310,81.66,2.9137,0.82,243.5566,329.6448,11.9222,13.4521,3420594.495,3420594.495
603728.SH,20250307,80.6,3.1484,0.88,240.395,325.3658,11.7674,13.2775,3376192.95,3376192.95
603728.SH,20250306,80.2,3.3471,0.91,239.202,323.7511,11.709,13.2116,3359437.65,3359437.65
603728.SH,20250305,80.48,3.7826,0.94,240.0371,324.8814,11.7499,13.2577,3371166.36,3371166.36
603728.SH,20250304,77.94,3.7818,0.89,232.4614,314.6279,11.3791,12.8393,3264770.205,3264770.205
603728.SH,20250303,74.11,3.6656,0.8,221.0382,299.167,10.8199,12.2084,3104338.2075,3104338.2075
603728.SH,20250228,77.14,3.3266,0.64,230.0754,311.3985,11.2623,12.7075,3231259.605,3231259.605
603728.SH,20250227,85.71,3.8209,0.68,255.636,345.9938,12.5135,14.1193,3590241.9075,3590241.9075
603728.SH,20250226,86.3,5.6269,1.03,257.3957,348.3755,12.5996,14.2165,3614955.975,3614955.975
603728.SH,20250225,86.3,4.7998,0.94,257.3957,348.3755,12.5996,14.2165,3614955.975,3614955.975
603728.SH,20250224,84.68,5.3859,1.13,252.5639,341.8359,12.3631,13.9496,3547097.01,3547097.01
603728.SH,20250221,90.74,6.1991,1.53,270.6383,366.2989,13.2479,14.9479,3800939.805,3800939.805
603728.SH,20250220,82.49,5.8808,1.62,246.0321,332.9953,12.0434,13.5889,3455361.7425,3455361.7425
603728.SH,20250219,77.85,5.0481,1.44,232.193,314.2646,11.3659,12.8245,3261000.2625,3261000.2625
603728.SH,20250218,72.64,3.0477,0.76,216.6538,293.2329,10.6053,11.9662,3042762.48,3042762.48
603728.SH,20250217,74.8,3.6907,0.82,223.0961,301.9524,10.9207,12.3221,3133241.1,3133241.1
603728.SH,20250214,72.4,2.6059,0.48,215.938,292.2641,10.5703,11.9267,3032709.3,3032709.3
603728.SH,20250213,72.65,3.7691,0.75,216.6836,293.2733,10.6068,11.9679,3043181.3625,3043181.3625
603728.SH,20250212,75.78,4.4353,0.94,226.0191,305.9084,11.0637,12.4835,3174291.585,3174291.585
603728.SH,20250211,75.29,5.5095,1.3,224.5576,303.9304,10.9922,12.4028,3153766.3425,3153766.3425
603728.SH,20250210,75.6,6.161,1.64,225.4822,305.1818,11.0375,12.4538,3166751.7,3166751.7
603728.SH,20250207,78.6,7.1718,2.16,234.4299,317.2922,11.4754,12.948,3292416.45,3292416.45
603728.SH,20250206,75.41,2.0107,0.57,224.9155,304.4148,11.0097,12.4225,3158792.9325,3158792.9325
603728.SH,20250205,68.55,2.7146,0.7,204.4551,276.7224,10.0082,11.2925,2871439.5375,2871439.5375
603728.SH,20250127,62.32,3.186,0.83,185.8737,251.5732,9.0986,10.2662,2610475.74,2610475.74
603728.SH,20250124,66.8,3.747,1.04,199.2356,269.658,9.7527,11.0042,2798135.1,2798135.1
603728.SH,20250123,64.67,4.911,1.42,192.8827,261.0596,9.4417,10.6533,2708913.1275,2708913.1275
603728.SH,20250122,64.05,3.1995,0.77,191.0335,258.5568,9.3512,10.5512,2682942.4125,2682942.4125
603728.SH,20250121,64.51,4.485,0.98,192.4055,260.4137,9.4183,10.6269,2702211.0075,2702211.0075
603728.SH,20250120,61.0,2.7881,0.58,181.9367,246.2446,8.9059,10.0487,2555183.25,2555183.25
603728.SH,20250117,60.5,2.6507,0.52,180.4454,244.2262,8.8329,9.9664,2534239.125,2534239.125
603728.SH,20250116,61.05,4.1608,0.82,182.0858,246.4464,8.9132,10.057,2557277.6625,2557277.6625
603728.SH,20250115,61.62,6.5975,1.51,183.7859,248.7474,8.9964,10.1509,2581153.965,2581153.965
603728.SH,20250114,59.51,6.7348,1.98,177.4927,240.2298,8.6883,9.8033,2492769.7575,2492769.7575
603728.SH,20250113,54.1,3.7748,1.25,161.357,218.3907,7.8985,8.9121,2266154.325,2266154.325
603728.SH,20250110,53.97,4.224,1.58,160.9692,217.8659,7.8795,8.8907,2260708.8525,2260708.8525
603728.SH,20250109,54.45,4.1757,1.75,162.4009,219.8036,7.9496,8.9697,2280815.2125,2280815.2125
300660.SZ,20260702,29.11,3.6793,1.96,56.6017,62.4242,4.726,4.0484,1692098.8025,1691081.1169
300660.SZ,20260701,28.45,2.2973,1.37,55.3184,61.0088,4.6189,3.9566,1653734.4875,1652739.8755
300660.SZ,20260630,27.86,1.8851,1.18,54.1712,59.7436,4.5231,3.8745,1619439.115,1618465.1294
300660.SZ,20260629,26.23,1.7494,0.98,51.0018,56.2482,4.2584,3.6478,1524690.8825,1523773.8817
300660.SZ,20260626,25.98,1.5828,0.89,50.5157,55.7121,4.2179,3.6131,1510158.945,1509250.6842
300660.SZ,20260625,27.18,1.8486,1.09,52.849,58.2854,4.4127,3.7799,1579912.245,1578962.0322
300660.SZ,20260624,28.01,1.3429,0.78,54.4629,60.0653,4.5474,3.8954,1628158.2775,1627179.0479
300660.SZ,20260623,28.6,1.4878,0.87,55.6101,61.3305,4.6432,3.9774,1662453.65,1661453.794
300660.SZ,20260622,28.93,2.658,1.71,56.2518,62.0382,4.6968,4.0233,1681635.8075,1680624.4147
300660.SZ,20260618,30.49,1.5131,0.89,59.285,65.3835,4.9501,4.2403,1772315.0975,1771249.1671
300660.SZ,20260617,30.04,1.4598,0.83,58.41,64.4185,4.877,4.1777,1746157.61,1745107.4116
300660.SZ,20260616,30.85,1.5167,0.8,59.985,66.1555,5.0085,4.2903,1793241.0875,1792162.5715
300660.SZ,20260615,30.29,1.3618,0.61,58.8961,64.9546,4.9176,4.2125,1760689.5475,1759630.6091
300660.SZ,20260612,29.46,1.905,0.79,57.2823,63.1747,4.7828,4.097,1712443.515,1711413.5934
300660.SZ,20260611,29.72,2.2367,0.99,57.7878,63.7323,4.9486,4.1332,1727556.7657,1726517.6891
300660.SZ,20260610,32.0,1.807,0.82,62.2211,68.6216,5.3283,4.4503,1860088.0384,1858969.248
300660.SZ,20260609,33.97,2.1968,1.12,66.0516,72.8461,5.6563,4.7242,1974599.7083,1973412.0423
300660.SZ,20260608,34.66,3.0294,1.97,67.3932,74.3257,5.7712,4.8202,2014707.8566,2013496.0667
300660.SZ,20260605,33.84,2.8354,2.16,65.7988,72.5673,5.6347,4.7062,1967043.1006,1965859.9798
300660.SZ,20260604,32.43,1.4611,1.06,63.0572,69.5437,5.3999,4.5101,1885082.9714,1883949.1473
300660.SZ,20260603,31.99,1.453,0.96,62.2016,68.6001,5.3266,4.4489,1859506.7609,1858388.3201
300660.SZ,20260602,42.87,1.2865,0.49,64.1206,70.7165,5.3538,4.5861,1916874.3813,1915721.4355
300660.SZ,20260601,42.69,1.2146,0.42,63.8514,70.4196,5.3313,4.5669,1908825.9234,1907677.8186
300660.SZ,20260529,42.49,2.2496,0.74,63.5523,70.0897,5.3064,4.5455,1899883.1925,1898740.4664
300660.SZ,20260528,45.36,2.3558,0.67,67.8449,74.8239,5.6648,4.8525,2028211.3817,2026991.4699
300660.SZ,20260527,47.0,2.7188,0.8,70.2979,77.5292,5.8696,5.0279,2101541.7756,2100277.7576
300660.SZ,20260526,48.54,4.7112,1.54,72.6012,80.0695,6.0619,5.1927,2170400.804,2168663.1642
300660.SZ,20260525,47.14,2.477,0.73,70.5073,77.7601,5.8871,5.0429,2107801.6873,2106114.1648
300660.SZ,20260522,48.06,3.0217,0.81,71.8833,79.2777,6.002,5.1413,2148938.2497,2147217.793
300660.SZ,20260521,47.58,4.6068,1.44,71.1654,78.4859,5.942,5.09,2127475.6954,2125772.4218
300660.SZ,20260520,46.46,2.2039,0.73,69.4902,76.6384,5.8021,4.9702,2077396.402,2075733.2223
300660.SZ,20260519,47.6,2.9644,1.07,71.1953,78.5189,5.9445,5.0921,2128369.9685,2126665.9789
300660.SZ,20260518,47.74,4.2511,1.79,71.4047,78.7498,5.962,5.1071,2134629.8802,2132920.8789
300660.SZ,20260515,46.27,4.5792,2.12,69.206,76.325,5.7784,4.9499,2068900.8076,2067244.4295
300660.SZ,20260514,43.71,2.0262,0.94,65.377,72.1021,5.4587,4.676,1954433.8513,1952869.1164
300660.SZ,20260513,44.56,1.2787,0.59,66.6484,73.5042,5.5649,4.7669,1992440.4579,1990845.2946
300660.SZ,20260512,44.41,1.7709,0.86,66.424,73.2568,5.5461,4.7509,1985733.4097,1984143.616
300660.SZ,20260511,44.97,2.247,1.18,67.2616,74.1806,5.6161,4.8108,2010773.0564,2009163.2158
300660.SZ,20260508,45.52,3.4987,2.35,68.0842,75.0878,5.6848,4.8696,2035365.5665,2033736.037
300660.SZ,20260507,44.3,1.9621,1.46,66.2595,73.0754,5.5324,4.7391,1980814.9076,1979229.0518
300660.SZ,20260506,43.34,1.4314,1.15,64.8236,71.4918,5.4125,4.6364,1937889.799,1936338.3094
300660.SZ,20260430,42.53,1.1003,0.85,63.6121,70.1556,5.3113,4.5498,1901671.7386,1900149.2455
300660.SZ,20260429,42.22,1.496,1.26,63.1484,69.6443,5.2726,4.5166,1887810.5057,1886299.1099
300660.SZ,20260428,41.13,1.4594,1.3,62.4487,57.7638,5.3023,5.2257,1839072.6219,1837600.2461
300660.SZ,20260427,43.02,1.2537,1.13,65.3183,60.4182,5.5459,5.4659,1923581.4295,1922041.3952
300660.SZ,20260424,42.03,0.894,0.76,63.8152,59.0278,5.4183,5.3401,1879314.9112,1877810.3171
300660.SZ,20260423,42.46,1.3881,1.27,64.4681,59.6317,5.4738,5.3947,1898541.7828,1897021.7955
300660.SZ,20260422,43.86,0.9538,0.84,66.5937,61.5979,5.6542,5.5726,1961140.8995,1959570.7949
300660.SZ,20260421,43.63,1.1404,1.01,66.2445,61.2749,5.6246,5.5434,1950856.7589,1949294.8878
300660.SZ,20260420,44.0,1.1658,1.09,66.8063,61.7945,5.6723,5.5904,1967400.8112,1965825.6948
300660.SZ,20260417,44.0,1.2287,1.14,66.8063,61.7945,5.6723,5.5904,1967400.8112,1965825.6948
300660.SZ,20260416,43.77,0.9978,0.94,66.4571,61.4715,5.6426,5.5612,1957116.6706,1955549.7878
300660.SZ,20260415,43.2,1.1563,1.03,65.5916,60.671,5.5692,5.4887,1931629.8874,1930083.4094
300660.SZ,20260414,43.84,1.0909,1.08,66.5634,61.5698,5.6517,5.5701,1960246.6264,1958677.2377
300660.SZ,20260413,43.29,0.8762,0.9,65.7283,60.7974,5.5808,5.5002,1935654.1163,1934104.4165
300660.SZ,20260410,43.21,1.2846,1.46,65.6068,60.685,5.5704,5.49,1932077.0239,1930530.188
300660.SZ,20260409,42.22,0.8975,1.0,64.1037,59.2946,5.4428,5.3642,1887810.5057,1886299.1099
300660.SZ,20260408,43.21,1.4774,1.83,65.6068,60.685,5.5704,5.49,1932077.0239,1930530.188
300660.SZ,20260407,40.66,0.5359,0.61,61.7351,57.1037,5.2417,5.166,1818057.2042,1816601.6534
300660.SZ,20260403,40.82,0.6703,0.72,61.978,57.3285,5.2623,5.1864,1825211.3889,1823750.1105
300660.SZ,20260402,41.83,0.8105,0.82,63.5115,58.7469,5.3925,5.3147,1870372.1803,1868874.7458
300660.SZ,20260401,43.09,0.9847,0.94,65.4246,60.5165,5.555,5.4748,1926711.3853,1925168.8452
300660.SZ,20260331,42.25,1.0404,0.91,64.1492,59.3368,5.4467,5.368,1889151.9153,1887639.4456
300660.SZ,20260330,42.66,0.9046,0.68,64.7717,59.9126,5.4995,5.4201,1907484.5138,1905957.3668
300660.SZ,20260327,42.51,0.9187,0.68,64.544,59.7019,5.4802,5.4011,1900777.4655,1899255.6883
300660.SZ,20260326,42.07,1.0915,0.79,63.8759,59.084,5.4235,5.3452,1881103.4574,1879597.4314
300660.SZ,20260325,42.71,1.2736,0.97,64.8477,59.9828,5.506,5.4265,1909720.1965,1908191.2597
300660.SZ,20260324,41.95,1.5207,1.31,63.6937,58.9154,5.408,5.3299,1875737.8189,1874236.0886
300660.SZ,20260323,42.0,1.8776,1.95,63.7697,58.9857,5.4145,5.3363,1877973.5016,1876469.9814
300660.SZ,20260320,42.85,1.0377,1.16,65.0602,60.1794,5.524,5.4443,1915980.1082,1914446.1596
300660.SZ,20260319,43.75,1.2014,1.43,66.4267,61.4434,5.6401,5.5586,1956222.3975,1954656.2306
300660.SZ,20260318,45.4,0.8959,1.04,68.932,63.7607,5.8528,5.7683,2029999.9279,2028374.6942
300660.SZ,20260317,45.34,0.81,0.83,68.8409,63.6764,5.845,5.7606,2027317.1086,2025694.0228
300660.SZ,20260316,46.34,0.8603,0.79,70.3592,65.0809,5.9739,5.8877,2072030.7634,2070371.8795
300660.SZ,20260313,46.02,0.7083,0.65,69.8733,64.6314,5.9327,5.847,2057722.3939,2056074.9653
300660.SZ,20260312,46.85,0.92,0.84,71.1335,65.7971,6.0397,5.9525,2094834.7274,2093157.5864
300660.SZ,20260311,47.71,1.0073,0.91,72.4393,67.0049,6.1506,6.0618,2133288.4705,2131580.5432
300660.SZ,20260310,48.05,1.3571,1.16,72.9555,67.4824,6.1944,6.105,2148491.1131,2146771.0144
300660.SZ,20260309,46.53,1.4251,1.17,70.6477,65.3477,5.9984,5.9118,2080526.3578,2078860.6723
300660.SZ,20260306,47.33,0.7501,0.57,71.8623,66.4712,6.1016,6.0135,2116297.2817,2114602.9576
300660.SZ,20260305,47.14,0.966,0.68,71.5738,66.2044,6.0771,5.9893,2107801.6873,2106114.1648
300660.SZ,20260304,46.94,1.007,0.64,71.2702,65.9235,6.0513,5.9639,2098858.9563,2097178.5935
300660.SZ,20260303,47.13,1.7082,1.05,71.5587,66.1903,6.0758,5.9881,2107354.5507,2105667.3863
300660.SZ,20260302,49.9,1.6409,1.01,75.7644,70.0806,6.4329,6.34,2231211.3745,2229425.0493
300660.SZ,20260227,51.94,1.2417,0.78,78.8618,72.9456,6.6959,6.5992,2322427.2303,2320567.877
300660.SZ,20260226,52.3,1.5192,1.02,79.4084,73.4512,6.7423,6.6449,2338524.146,2336651.9054
300660.SZ,20260225,53.29,1.7639,1.13,80.9115,74.8416,6.8699,6.7707,2382790.6643,2380882.9835
300660.SZ,20260224,53.89,1.9681,1.43,81.8225,75.6842,6.9473,6.847,2409618.8572,2407689.6976
300660.SZ,20260213,53.85,1.6615,1.23,81.7618,75.6281,6.9421,6.8419,2407830.311,2405902.5833
300660.SZ,20260212,53.1,1.0321,0.74,80.6231,74.5747,6.8454,6.7466,2374295.0699,2372394.1908
300660.SZ,20260211,52.91,1.0417,0.73,80.3346,74.3079,6.8209,6.7224,2365799.4755,2363905.398
300660.SZ,20260210,53.68,2.1038,1.54,81.5037,75.3893,6.9202,6.8203,2400228.9897,2398307.3477
300660.SZ,20260209,52.61,1.0537,0.7,79.8791,73.8866,6.7823,6.6843,2352385.379,2350502.041
300660.SZ,20260206,51.9,1.5015,0.95,78.8011,72.8894,6.6907,6.5941,2320638.6841,2318780.7627
300660.SZ,20260205,51.21,1.2563,0.73,77.7534,71.9204,6.6018,6.5064,2289786.2623,2287953.0416
300660.SZ,20260204,53.05,1.2525,0.69,80.5471,74.5045,6.839,6.7402,2372059.3871,2370160.2979
300660.SZ,20260203,53.29,1.7474,0.87,80.9115,74.8416,6.8699,6.7707,2382790.6643,2380882.9835
300660.SZ,20260202,51.81,1.7654,0.74,78.6644,72.763,6.6791,6.5827,2316614.4552,2314759.7556
300660.SZ,20260130,52.41,1.9025,0.7,79.5754,73.6057,6.7565,6.6589,2343442.6481,2341566.4696
300660.SZ,20260129,51.83,1.9008,0.58,78.6948,72.7911,6.6817,6.5852,2317508.7283,2315653.3128
300660.SZ,20260128,53.08,1.7514,0.45,80.5927,74.5467,6.8428,6.744,2373400.7968,2371500.6336
300660.SZ,20260127,54.43,2.7274,0.6,82.6424,76.4426,7.0169,6.9156,2433764.2308,2431815.7402
300660.SZ,20260126,54.0,3.6929,0.74,81.9896,75.8387,6.9614,6.8609,2414537.3592,2412604.2618
300660.SZ,20260123,56.61,3.5573,0.69,85.9524,79.5043,7.2979,7.1925,2531239.9982,2529213.4678
300660.SZ,20260122,56.96,4.527,0.98,86.4838,79.9958,7.343,7.237,2546889.7774,2544850.7176
300660.SZ,20260121,57.48,4.9914,1.16,87.2733,80.7261,7.4101,7.3031,2570140.8779,2568083.2031
300660.SZ,20260120,57.21,5.8147,1.5,86.8634,80.3469,7.3753,7.2688,2558068.1911,2556020.1818
300660.SZ,20260119,56.32,6.0573,1.72,85.5121,79.097,7.2605,7.1557,2518273.0383,2516256.8893
300660.SZ,20260116,55.43,4.2551,1.27,84.1608,77.847,7.1458,7.0426,2478477.8856,2476493.5969
300660.SZ,20260115,53.6,1.9342,0.57,81.3822,75.2769,6.9099,6.8101,2396651.8973,2394733.1191
300660.SZ,20260114,53.48,3.524,1.09,81.2,75.1084,6.8944,6.7949,2391286.2587,2389371.7763
300660.SZ,20260113,54.95,3.5595,1.14,83.432,77.1729,7.0839,6.9816,2457015.3313,2455048.2257
300660.SZ,20260112,56.98,4.3595,1.52,86.5142,80.0239,7.3456,7.2395,2547784.0505,2545744.2748
300660.SZ,20260109,55.31,3.3459,1.09,83.9786,77.6785,7.1303,7.0274,2473112.247,2471132.2541
300660.SZ,20260108,54.02,2.1552,0.56,82.0199,75.8668,6.964,6.8635,2415431.6323,2413497.8189
300660.SZ,20260107,54.18,2.698,0.64,82.2629,76.0915,6.9846,6.8838,2422585.8171,2420646.276
300660.SZ,20260106,54.3,2.9862,0.65,82.4451,76.26,7.0001,6.899,2427951.4556,2426007.6188
300660.SZ,20260105,54.25,3.1827,0.65,82.3691,76.1898,6.9937,6.8927,2425715.7729,2423773.726
300660.SZ,20251231,54.82,4.262,1.01,83.2346,76.9903,7.0672,6.9651,2451202.5561,2449240.1043
300660.SZ,20251230,56.45,6.2021,1.87,85.7095,79.2795,7.2773,7.1722,2524085.8135,2522065.0107
300660.SZ,20251229,53.94,4.5562,1.53,81.8985,75.7545,6.9537,6.8533,2411854.5399,2409923.5904
300660.SZ,20251226,53.14,4.8589,2.07,80.6838,74.6309,6.8506,6.7517,2376083.6161,2374181.305
300660.SZ,20251225,52.11,4.4379,2.67,79.1199,73.1844,6.7178,6.6208,2330028.5516,2328163.1126
300660.SZ,20251224,48.85,1.1008,0.65,74.1702,68.606,6.2975,6.2066,2184262.037,2182513.2998
300660.SZ,20251223,48.63,1.6277,0.98,73.8361,68.297,6.2692,6.1786,2174425.0329,2172684.1713
300660.SZ,20251222,49.7,2.8544,2.07,75.4608,69.7997,6.4071,6.3146,2222268.6436,2220489.478
300660.SZ,20251219,47.47,1.7041,1.24,72.0749,66.6679,6.1196,6.0313,2122557.1934,2120857.8575
300660.SZ,20251218,46.23,1.0123,0.69,70.1922,64.9264,5.9598,5.8737,2067112.2614,2065457.3152
300660.SZ,20251217,46.86,1.2658,0.82,71.1487,65.8112,6.041,5.9538,2095281.8639,2093604.365
300660.SZ,20251216,46.06,1.4354,0.83,69.9341,64.6876,5.9379,5.8521,2059510.9401,2057862.0796
300660.SZ,20251215,47.86,1.469,0.69,72.667,67.2156,6.1699,6.0808,2139995.5187,2138282.2217
300660.SZ,20251212,49.65,1.6635,0.62,75.3848,69.7295,6.4007,6.3082,2220032.9608,2218255.5852
300660.SZ,20251211,49.46,1.5206,0.43,75.0964,69.4626,6.3762,6.2841,2211537.3664,2209766.7924
300660.SZ,20251210,50.25,1.6229,0.47,76.2958,70.5721,6.478,6.3845,2246861.1537,2245062.2992
300660.SZ,20251209,50.44,2.3304,0.72,76.5843,70.839,6.5025,6.4086,2255356.7481,2253551.0919
300660.SZ,20251208,51.77,3.5067,1.24,78.6037,72.7069,6.674,6.5776,2314825.909,2312972.6414
300660.SZ,20251205,50.94,4.4322,1.96,77.3435,71.5412,6.567,6.4721,2277713.5755,2275890.0203
300660.SZ,20251204,50.1,5.9577,4.46,76.0681,70.3615,6.4587,6.3654,2240154.1055,2238360.6207
300660.SZ,20251203,46.04,0.884,0.58,69.9037,64.6595,5.9353,5.8496,2058616.667,2056968.5225
300660.SZ,20251202,46.17,1.345,0.86,70.1011,64.8421,5.952,5.8661,2064429.4421,2062776.6438
300660.SZ,20251201,47.89,1.4727,0.97,72.7126,67.2577,6.1738,6.0846,2141336.9284,2139622.5574
300660.SZ,20251128,46.81,1.6333,1.05,71.0728,65.7409,6.0345,5.9474,2093046.1812,2091370.4721
300660.SZ,20251127,47.17,1.3461,0.92,71.6194,66.2465,6.0809,5.9931,2109143.0969,2107454.5005
300660.SZ,20251126,47.66,1.8115,1.41,72.3634,66.9347,6.1441,6.0554,2131052.7878,2129346.6503
300660.SZ,20251125,47.13,1.5199,1.33,71.5587,66.1903,6.0758,5.9881,2107354.5507,2105667.3863
300660.SZ,20251124,47.05,1.2881,1.18,71.4372,66.078,6.0655,5.9779,2103777.4583,2102093.1577
300660.SZ,20251121,46.36,1.8318,1.95,70.3896,65.1089,5.9765,5.8902,2072925.0365,2071265.4366
300660.SZ,20251120,46.4,0.8281,0.85,70.4503,65.1651,5.9817,5.8953,2074713.5827,2073052.5509
300660.SZ,20251119,47.11,0.945,0.92,71.5283,66.1623,6.0732,5.9855,2106460.2776,2104773.8291
300660.SZ,20251118,47.38,0.8346,0.77,71.9382,66.5415,6.108,6.0198,2118532.9644,2116836.8504
300660.SZ,20251117,47.71,1.0329,0.9,72.4393,67.0049,6.1506,6.0618,2133288.4705,2131580.5432
300660.SZ,20251114,47.25,1.0526,0.88,71.7409,66.3589,6.0913,6.0033,2112720.1893,2111028.7291
300660.SZ,20251113,48.47,1.0112,0.76,73.5932,68.0723,6.2485,6.1583,2167270.8482,2165535.7142
300660.SZ,20251112,48.19,1.1792,0.88,73.1681,67.679,6.2124,6.1227,2154751.0248,2153025.9144
300660.SZ,20251111,48.95,1.1347,0.71,74.322,68.7464,6.3104,6.2193,2188733.4025,2186981.0855
300660.SZ,20251110,49.65,1.3519,0.85,75.3848,69.7295,6.4007,6.3082,2220032.9608,2218255.5852
300660.SZ,20251107,50.5,1.3265,0.79,76.6754,70.9232,6.5102,6.4162,2258039.5674,2256231.7634
300660.SZ,20251106,52.32,1.7006,0.99,79.4388,73.4793,6.7449,6.6475,2339418.4191,2337545.4625
300660.SZ,20251105,50.69,1.1865,0.64,76.9639,71.1901,6.5347,6.4404,2266535.1618,2264720.5561
300660.SZ,20251104,51.01,2.3767,1.24,77.4498,71.6395,6.576,6.481,2280843.5313,2279017.4703
300660.SZ,20251103,54.11,1.3863,0.68,82.1566,75.9932,6.9756,6.8749,2419455.8612,2417518.826
300660.SZ,20251031,54.84,1.7309,0.85,83.2649,77.0184,7.0697,6.9677,2452096.8292,2450133.6614
300660.SZ,20251030,54.43,1.8991,0.94,82.6424,76.4426,7.0169,6.9156,2433764.2308,2431815.7402
300660.SZ,20251029,55.77,1.8815,0.95,84.677,80.7007,7.36,7.0858,2493680.5282,2491684.0682
300660.SZ,20251028,56.26,2.6886,1.51,85.421,81.4097,7.4247,7.1481,2515590.219,2513576.2179
300660.SZ,20251027,55.33,2.0166,1.17,84.0089,80.064,7.302,7.0299,2474006.5201,2472025.8112
300660.SZ,20251024,54.25,1.7295,1.0,82.3691,78.5012,7.1594,6.8927,2425715.7729,2423773.726
300660.SZ,20251023,52.5,1.8144,1.04,79.7121,75.9689,6.9285,6.6703,2347466.877,2345587.4768
300660.SZ,20251022,54.29,1.6021,0.81,82.4299,78.5591,7.1647,6.8978,2427504.3191,2425560.8402
300660.SZ,20251021,55.16,1.7151,0.81,83.7508,79.818,7.2795,7.0083,2466405.1988,2464430.5756
300660.SZ,20251020,54.49,1.7791,0.77,82.7335,78.8485,7.1911,6.9232,2436447.0501,2434496.4116
300660.SZ,20251017,52.95,1.7404,0.67,80.3953,76.6201,6.9879,6.7275,2367588.0217,2365692.5123
300660.SZ,20251016,54.95,1.8784,0.68,83.432,79.5141,7.2518,6.9816,2457015.3313,2455048.2257
300660.SZ,20251015,57.12,2.7727,1.04,86.7267,82.6542,7.5382,7.2573,2554043.9622,2551999.1747
300660.SZ,20251014,53.8,2.4308,0.91,81.6859,77.8501,7.1,6.8355,2405594.6282,2403668.6905
300660.SZ,20251013,56.12,2.6948,0.94,85.2084,81.2072,7.4062,7.1303,2509330.3074,2507321.318
300660.SZ,20251010,58.58,3.1431,1.04,88.9435,84.7668,7.7309,7.4428,2619325.8982,2617228.8455
300660.SZ,20251009,58.99,2.7558,0.76,89.566,85.3601,7.785,7.4949,2637658.4967,2635546.7667
300660.SZ,20250930,57.9,2.3422,0.59,87.911,83.7829,7.6411,7.3564,2588920.6129,2586847.9029
300660.SZ,20250929,58.3,2.4716,0.59,88.5184,84.3617,7.6939,7.4073,2606806.0748,2604719.0456
300660.SZ,20250926,56.79,3.5676,0.74,86.2257,82.1767,7.4946,7.2154,2539288.4561,2537255.482
300660.SZ,20250925,60.18,3.9532,0.66,91.3728,87.0821,7.942,7.6461,2690867.7459,2688713.4162
300660.SZ,20250924,62.21,5.8508,0.86,94.455,90.0195,8.2099,7.904,2781636.4651,2779409.4653
300660.SZ,20250923,59.6,3.9683,0.49,90.4922,86.2428,7.8655,7.5724,2664933.8261,2662800.2593
300660.SZ,20250922,59.41,3.4389,0.41,90.2037,85.9679,7.6882,7.5483,2656438.2317,2654311.4665
300660.SZ,20250919,59.0,6.9673,0.87,89.5812,85.3746,7.6352,7.4962,2638105.6332,2635993.5453
300660.SZ,20250918,64.13,9.8048,1.39,97.3702,92.7978,8.299,8.148,2867486.6823,2865190.9502
300660.SZ,20250917,62.61,9.7001,1.66,95.0623,90.5984,8.1023,7.9549,2799521.927,2797280.608
300660.SZ,20250916,61.99,10.1808,2.27,94.121,89.7012,8.0221,7.8761,2771799.4611,2769580.3368
300660.SZ,20250915,54.3,5.3321,1.17,82.4451,78.5736,7.0269,6.899,2427951.4556,2426007.6188
300660.SZ,20250912,53.29,5.1022,1.25,80.9115,77.1121,6.8962,6.7707,2382790.6643,2380882.9835
300660.SZ,20250911,53.23,5.0581,1.35,80.8204,77.0252,6.8885,6.7631,2380107.845,2378202.3121
300660.SZ,20250910,51.5,3.6177,0.96,78.1937,74.5219,6.6646,6.5433,2302753.2222,2300909.6201
300660.SZ,20250909,51.58,3.3569,0.75,78.3152,74.6377,6.6749,6.5535,2306330.3146,2304483.8486
300660.SZ,20250908,52.74,5.6357,1.39,80.0765,76.3162,6.825,6.7008,2358198.1542,2356310.1624
300660.SZ,20250905,49.82,2.7433,0.65,75.643,72.0909,6.4472,6.3298,2227634.2821,2225850.8208
300660.SZ,20250904,48.21,3.3935,0.79,73.1985,69.7612,6.2388,6.1253,2155645.2979,2153919.4715
300660.SZ,20250903,49.93,3.7191,0.82,75.81,72.2501,6.4614,6.3438,2232552.7842,2230765.385
300660.SZ,20250902,52.47,6.7937,1.67,79.6665,75.9255,6.7901,6.6665,2346125.4674,2344247.141
300660.SZ,20250901,50.9,3.5627,0.77,77.2827,73.6537,6.5869,6.4671,2275925.0293,2274102.906
300660.SZ,20250829,51.5,3.4945,0.76,78.1937,74.5219,6.6646,6.5433,2302753.2222,2300909.6201
300660.SZ,20250828,52.21,3.9837,0.82,79.2718,74.0989,6.929,6.6335,2334499.9171,2332630.8879
300660.SZ,20250827,51.66,4.714,0.87,78.4367,73.3183,6.856,6.5636,2309907.407,2308058.0668
300660.SZ,20250826,53.75,4.5493,0.74,81.61,76.2845,7.1334,6.8292,2403358.9455,2401434.7869
300660.SZ,20250825,56.3,6.2934,1.04,85.4817,79.9036,7.4718,7.1532,2517378.7652,2515363.321
300660.SZ,20250822,52.96,3.5202,0.55,80.4105,75.1633,7.0285,6.7288,2368035.1582,2366139.2802
300660.SZ,20250821,52.71,5.2143,0.81,80.0309,74.8085,6.9953,6.697,2356856.7445,2354969.8161
300660.SZ,20250820,54.63,7.3619,1.28,82.9461,77.5335,7.2502,6.941,2442706.9617,2440751.3006
300660.SZ,20250819,54.3,8.5282,1.87,82.4451,77.0651,7.2064,6.899,2427951.4556,2426007.608
300660.SZ,20250818,50.24,5.616,1.42,76.2807,71.303,6.6675,6.3832,2246414.0172,2244615.5106
300660.SZ,20250815,49.51,5.2924,1.53,75.1723,70.2669,6.5707,6.2905,2213773.0491,2212000.6753
300660.SZ,20250814,48.32,5.4711,1.71,73.3655,68.578,6.4127,6.1393,2160563.7999,2158834.0261
300660.SZ,20250813,48.32,3.757,1.05,73.3655,68.578,6.4127,6.1393,2160563.7999,2158834.0261
300660.SZ,20250812,47.43,2.6138,0.65,72.0142,67.3149,6.2946,6.0262,2120768.6472,2119070.7338
300660.SZ,20250811,47.83,2.5951,0.62,72.6215,67.8826,6.3477,6.077,2138654.1091,2136941.8764
300660.SZ,20250808,47.71,2.8814,0.68,72.4393,67.7123,6.3318,6.0618,2133288.4705,2131580.5336
300660.SZ,20250807,48.66,4.177,0.98,73.8817,69.0606,6.4579,6.1825,2175766.4426,2174024.4973
300660.SZ,20250806,49.63,5.7036,1.55,75.3545,70.4372,6.5866,6.3057,2219138.6877,2217362.0181
300660.SZ,20250805,48.15,4.6926,1.36,73.1074,68.3367,6.3902,6.1177,2152962.4786,2151238.7905
300660.SZ,20250804,46.76,3.3659,0.96,70.9969,66.364,6.2057,5.9411,2090810.4984,2089136.5699
300660.SZ,20250801,44.72,3.3813,1.01,67.8995,63.4687,5.935,5.6819,1999594.6427,1997993.7427
300660.SZ,20250731,46.19,4.1782,1.38,70.1314,65.555,6.13,5.8686,2065323.7152,2063670.1917
300660.SZ,20250730,45.7,2.8341,0.8,69.3875,64.8596,6.065,5.8064,2043414.0244,2041778.0421
300660.SZ,20250729,46.61,3.4665,0.88,70.7691,66.1511,6.1858,5.922,2084103.4502,2082434.8915
300660.SZ,20250728,46.9,3.5992,0.77,71.2094,66.5627,6.2243,5.9588,2097070.4101,2095391.4699
300660.SZ,20250725,47.04,2.5834,0.51,71.422,66.7614,6.2429,5.9766,2103330.3218,2101646.3698
300660.SZ,20250724,46.95,2.6835,0.45,71.2854,66.6336,6.2309,5.9652,2099306.0929,2097625.3627
300660.SZ,20250723,46.86,5.29,0.83,71.1487,66.5059,6.219,5.9538,2095281.8639,2093604.3556
300660.SZ,20250722,49.46,5.6193,0.92,75.0964,70.196,6.564,6.2841,2211537.3664,2209766.7825
300660.SZ,20250721,49.4,7.2014,1.19,75.0053,70.1108,6.5561,6.2765,2208854.5471,2207086.1111
300660.SZ,20250718,47.33,4.502,0.72,71.8623,67.173,6.2813,6.0135,2116297.2817,2114602.9481
300660.SZ,20250717,46.92,7.4806,1.36,71.2398,66.5911,6.2269,5.9614,2097964.6832,2096285.027
300660.SZ,20250716,47.56,6.9841,1.3,72.2115,67.4994,6.3119,6.0427,2126581.4223,2124878.8551
300660.SZ,20250715,45.22,4.4417,0.85,68.6587,64.1783,6.0013,5.7454,2021951.4701,2020332.6709
300660.SZ,20250714,46.27,6.748,1.59,70.2529,65.6686,6.1407,5.8788,2068900.8076,2067244.4203
300660.SZ,20250711,44.59,5.4271,1.51,67.7021,63.2842,5.9177,5.6653,1993781.8675,1992185.6213
300660.SZ,20250710,42.23,3.8578,1.16,64.1189,59.9348,5.6045,5.3655,1888257.6422,1886745.88
300660.SZ,20250709,43.5,6.323,2.16,66.0471,61.7372,5.773,5.5269,1945043.9838,1943486.7578
300660.SZ,20250708,42.99,3.9121,1.28,65.2728,61.0134,5.7054,5.4621,1922240.0199,1920701.0509
300660.SZ,20250707,42.11,1.7044,0.49,63.9367,59.7645,5.5886,5.3503,1882892.0036,1881384.5372
300660.SZ,20250704,42.39,2.1902,0.56,64.3618,60.1619,5.6257,5.3858,1895411.827,1893894.337
300660.SZ,20250703,42.8,2.5456,0.53,64.9843,60.7438,5.6801,5.4379,1913744.4254,1912212.2582
300660.SZ,20250702,42.22,4.2961,0.77,64.1037,59.9206,5.6032,5.3642,1887810.5057,1886299.1014
300660.SZ,20250701,44.61,4.5265,0.66,67.7325,63.3126,5.9204,5.6679,1994676.1406,1993079.1785
300660.SZ,20250630,44.24,3.7418,0.55,67.1707,62.7875,5.8713,5.6209,1978132.0884,1976548.3716
300660.SZ,20250627,44.8,4.4699,0.66,68.021,63.5823,5.9456,5.692,2003171.735,2001567.9712
300660.SZ,20250626,45.66,6.9334,1.01,69.3267,64.8028,6.0597,5.8013,2041625.4782,2039990.9278
300660.SZ,20250625,45.41,8.3437,1.51,68.9471,64.448,6.0265,5.7695,2030447.0645,2028821.4637
300660.SZ,20250624,45.52,10.9572,2.95,69.1142,64.6041,6.0411,5.7835,2035365.5665,2033736.0279
300660.SZ,20250623,38.83,3.085,0.94,58.9566,55.1094,5.1533,4.9335,1736231.2159,1734841.1679
300660.SZ,20250620,38.69,4.4303,1.67,58.744,54.9107,5.1347,4.9157,1729971.3042,1728586.268
300660.SZ,20250619,40.2,7.6575,5.61,61.0367,57.0537,5.3351,5.1076,1797488.923,1796049.8313
300660.SZ,20250618,35.97,1.5092,1.14,54.6142,51.0503,4.7737,4.5701,1608350.1632,1607062.4983
300660.SZ,20250617,35.54,1.9041,1.43,53.9613,50.44,4.7166,4.5155,1589123.2916,1587851.02
300660.SZ,20250616,35.24,0.988,0.66,53.5058,50.0143,4.6768,4.4774,1575709.1952,1574447.6631
300660.SZ,20250613,35.34,1.2401,0.8,53.6576,50.1562,4.6901,4.4901,1580180.5606,1578915.4487
300660.SZ,20250612,35.96,1.1788,0.63,54.599,51.0361,4.7724,4.5689,1607903.0266,1606615.7197
300660.SZ,20250611,36.31,1.2965,0.69,55.1304,51.5329,4.8188,4.6133,1623552.8058,1622252.9695
300660.SZ,20250610,36.06,1.9725,1.11,54.7508,51.178,4.7857,4.5816,1612374.3921,1611083.5054
300660.SZ,20250609,36.76,1.7626,0.98,55.8136,52.1715,4.8786,4.6705,1643673.9504,1642358.0049
300660.SZ,20250606,36.98,1.5173,0.84,56.1477,52.4838,4.9078,4.6985,1653510.9545,1652187.1334
300660.SZ,20250605,37.55,2.7833,1.78,57.0131,53.2927,4.9834,4.7709,1678997.7377,1677653.5116
300660.SZ,20250604,36.62,1.3746,0.74,55.6011,51.9728,4.86,4.6527,1637414.0388,1636103.105
300660.SZ,20250603,36.37,1.4703,0.82,55.2215,51.618,4.8268,4.621,1626235.6251,1624933.6409
300660.SZ,20250530,36.48,1.8029,1.04,55.3885,51.7741,4.8414,4.6349,1631154.1271,1629848.2051
300660.SZ,20250529,52.97,2.1877,0.94,57.4469,53.6982,4.8735,4.8072,1691773.07,1690418.6165
300660.SZ,20250528,53.25,2.2456,0.97,57.7506,53.9821,4.8992,4.8326,1700715.8009,1699354.1878
300660.SZ,20250527,52.52,3.9357,2.0,56.9589,53.242,4.8321,4.7663,1677400.8237,1676057.8768
300660.SZ,20250526,56.93,1.6003,0.69,61.7416,57.7127,5.2378,5.1666,1818248.8366,1816793.1251
300660.SZ,20250523,56.7,2.2227,0.85,61.4922,57.4795,5.2167,5.1457,1810903.0218,1809453.1915
300660.SZ,20250522,57.4,1.6806,0.59,62.2513,58.1891,5.2811,5.2092,1833259.8493,1831792.1198
300660.SZ,20250521,58.35,2.1275,0.71,63.2816,59.1522,5.3685,5.2954,1863601.2579,1862109.2367
300660.SZ,20250520,58.45,2.2223,0.66,63.3901,59.2536,5.3777,5.3045,1866795.0904,1865300.5122
300660.SZ,20250519,58.39,3.3907,1.0,63.325,59.1927,5.3721,5.2991,1864878.7909,1863385.7469
300660.SZ,20250516,60.04,3.7151,1.14,65.1145,60.8654,5.524,5.4488,1917577.027,1916041.7922
300660.SZ,20250515,60.29,2.7288,0.79,65.3856,61.1189,5.547,5.4715,1925561.6082,1924019.9809
300660.SZ,20250514,60.77,2.892,0.78,65.9062,61.6055,5.5911,5.5151,1940892.0042,1939338.1031
300660.SZ,20250513,61.2,4.1254,1.06,66.3725,62.0414,5.6307,5.5541,1954625.4839,1953060.5876
300660.SZ,20250512,61.65,3.5695,0.82,66.8605,62.4976,5.6721,5.5949,1968997.7301,1967421.3273
300660.SZ,20250509,59.9,2.9539,0.6,64.9626,60.7235,5.5111,5.4361,1913105.6615,1911574.0065
300660.SZ,20250508,61.29,3.776,0.78,66.4701,62.1326,5.639,5.5623,1957499.9331,1955932.7356
300660.SZ,20250507,60.45,4.0569,0.88,65.5591,61.2811,5.5617,5.486,1930671.7402,1929126.0216
300660.SZ,20250506,61.19,5.0924,1.09,66.3617,62.0312,5.6298,5.5532,1954306.1006,1952741.4601
300660.SZ,20250430,60.0,5.905,1.26,65.0711,60.8249,5.5203,5.4452,1916299.494,1914765.282
300660.SZ,20250429,57.65,5.7273,1.47,62.5225,58.4426,5.3041,5.2319,1841244.4305,1839770.3085
300660.SZ,20250428,53.86,3.3819,0.9,58.4121,54.6005,4.9554,4.888,1720198.1791,1718820.9681
300660.SZ,20250425,53.17,3.0497,0.9,57.6638,57.6638,5.0398,4.8253,1698160.7349,1696801.1674
300660.SZ,20250424,53.7,5.2006,1.95,58.2386,58.2386,5.09,4.8734,1715088.0471,1713714.9274
300660.SZ,20250423,53.12,6.1317,3.39,57.6096,57.6096,5.0351,4.8208,1696563.8187,1695205.5297
300660.SZ,20250422,48.29,1.7825,0.91,48.6335,50.4045,4.6491,5.0128,1542301.7094,1541135.6508
300660.SZ,20250421,49.4,2.6246,1.31,49.7514,51.5631,4.756,5.1281,1577753.2501,1576560.3883
300660.SZ,20250418,47.78,1.1774,0.48,48.1199,49.8722,4.6,4.9599,1526013.1637,1524859.4201
300660.SZ,20250417,47.83,1.6398,0.55,48.1702,49.9244,4.6048,4.9651,1527610.08,1526455.129
300660.SZ,20250416,48.46,1.8298,0.53,48.8047,50.5819,4.6655,5.0305,1547731.2247,1546561.061
300660.SZ,20250415,49.29,2.5607,0.69,49.6406,51.4483,4.7454,5.1166,1574240.0343,1573049.8287
300660.SZ,20250414,49.03,2.7846,0.73,49.3788,51.1769,4.7203,5.0896,1565936.0698,1564752.1424
300660.SZ,20250411,48.67,3.4134,0.97,49.0162,50.8011,4.6857,5.0523,1554438.2729,1553263.0384
300660.SZ,20250410,47.5,4.3301,1.45,47.8379,49.5799,4.573,4.9308,1517070.4328,1515923.4503
300660.SZ,20250409,45.56,4.1738,1.67,45.8841,47.555,4.3863,4.7294,1455110.0824,1454009.9451
300660.SZ,20250408,43.3,3.8322,1.69,43.608,45.196,4.1687,4.4948,1382929.4682,1381883.9031
300660.SZ,20250407,42.29,3.4479,1.83,42.5908,44.1418,4.0714,4.39,1350671.76,1349650.5834
300660.SZ,20250403,52.86,1.8059,0.91,53.236,55.1746,5.0891,5.4872,1688259.8542,1686983.4438
300660.SZ,20250402,54.97,1.7087,0.76,55.361,57.377,5.2922,5.7063,1755649.7198,1754322.3592
300660.SZ,20250401,54.4,1.7368,0.67,54.787,56.782,5.2373,5.6471,1737444.8746,1736131.2778
300660.SZ,20250331,55.51,2.6219,0.99,55.9049,57.9407,5.3442,5.7623,1772896.4152,1771556.0152
300660.SZ,20250328,56.15,1.5299,0.49,56.5494,58.6087,5.4058,5.8288,1793336.9431,1791981.0891
300660.SZ,20250327,56.83,2.2921,0.63,57.2342,59.3185,5.4713,5.8993,1815055.0041,1813682.7301
300660.SZ,20250326,57.31,3.1204,0.75,57.7177,59.8195,5.5175,5.9492,1830385.4,1829001.5354
300660.SZ,20250325,55.81,3.3968,0.8,56.207,58.2538,5.3731,5.7935,1782477.9127,1781130.2686
300660.SZ,20250324,58.4,2.947,0.66,58.8154,60.9572,5.6224,6.0623,1865198.1742,1863787.9894
300660.SZ,20250321,59.44,3.9306,0.85,59.8628,62.0427,5.7226,6.1703,1898414.0321,1896978.7344
300660.SZ,20250320,62.69,4.8372,1.03,63.1359,65.435,6.0354,6.5077,2002213.588,2000699.8126
300660.SZ,20250319,63.7,5.7752,1.27,64.1531,66.4893,6.1327,6.6125,2034471.2961,2032933.1322
300660.SZ,20250318,62.08,3.6353,0.73,62.5216,64.7983,5.9767,6.4443,1982731.2098,1981232.164
300660.SZ,20250317,61.6,4.0414,0.7,62.0382,64.2973,5.9305,6.3945,1967400.8138,1965913.3586
300660.SZ,20250314,61.33,4.7346,0.74,61.7663,64.0155,5.9045,6.3665,1958777.4661,1957296.5306
300660.SZ,20250313,58.53,5.3106,0.79,58.9463,61.0929,5.6349,6.0758,1869350.1564,1867936.8325
300660.SZ,20250312,63.28,4.9817,0.7,63.7301,66.0509,6.0922,6.5689,2021057.1997,2019529.1775
300660.SZ,20250311,64.46,5.9188,0.8,64.9185,67.2826,6.2058,6.6914,2058744.4231,2057187.9074
300660.SZ,20250310,67.17,7.9472,1.18,67.6478,70.1112,6.4668,6.9727,2145297.2835,2143675.3295
300660.SZ,20250307,65.23,7.917,1.2,65.694,68.0863,6.28,6.7713,2083336.9332,2081761.8244
300660.SZ,20250306,63.24,6.8647,1.0,63.6898,66.0091,6.0884,6.5647,2019779.6667,2018252.6104
300660.SZ,20250305,62.9,6.8023,0.83,63.3474,65.6542,6.0557,6.5294,2008920.6362,2007401.7899
300660.SZ,20250304,62.35,7.3181,0.85,62.7935,65.0802,6.0027,6.4724,1991354.5575,1989848.9921
300660.SZ,20250303,60.13,4.6401,0.46,60.5577,62.7629,5.789,6.2419,1920451.4762,1918999.5171
300660.SZ,20250228,61.0,7.3518,0.63,61.4339,63.671,5.8727,6.3322,1948237.8189,1946764.8519
300660.SZ,20250227,66.51,8.0556,0.64,66.9831,69.4223,6.4032,6.9042,2124217.9891,2122611.9721
300660.SZ,20250226,68.47,13.7819,1.13,68.957,71.4681,6.5919,7.1077,2186817.1059,2185163.7608
300660.SZ,20250225,71.37,9.344,0.76,71.8777,74.4951,6.8711,7.4087,2279438.2481,2277714.8767
300660.SZ,20250224,71.05,11.8991,1.06,71.5554,74.1611,6.8403,7.3755,2269217.9841,2267502.3398
300660.SZ,20250221,74.8,15.0116,1.66,75.3321,78.0753,7.2013,7.7648,2388986.7025,2387180.5069
300660.SZ,20250220,62.33,12.9087,1.66,62.7734,65.0593,6.0008,6.4703,1990715.791,1989210.7085
300660.SZ,20250219,58.34,12.0397,1.8,58.755,60.8946,5.6167,6.0561,1863281.8747,1861873.1387
300660.SZ,20250218,51.0,9.938,1.65,51.3628,53.2332,4.91,5.2941,1628854.5699,1627623.0729
300660.SZ,20250217,49.67,6.2515,1.05,50.0233,51.8449,4.782,5.1561,1586376.5978,1585177.2163
300660.SZ,20250214,46.34,4.0878,0.58,46.6696,48.3691,4.4614,4.8104,1480021.9759,1478903.0039
300660.SZ,20250213,47.17,6.6797,0.89,47.5055,49.2355,4.5413,4.8966,1506530.7855,1505391.7715
300660.SZ,20250212,50.0,6.4593,0.86,50.3557,52.1894,4.8137,5.1903,1596916.245,1595708.895
300660.SZ,20250211,49.66,6.7123,0.91,50.0132,51.8345,4.781,5.155,1586057.2145,1584858.0745
300660.SZ,20250210,48.8,5.9565,0.75,49.1471,50.9368,4.6982,5.0658,1558590.2551,1557411.8815
300660.SZ,20250207,49.68,9.5544,1.15,50.0334,51.8554,4.7829,5.1571,1586695.981,1585496.3581
300660.SZ,20250206,49.41,8.9715,1.2,49.7615,51.5735,4.7569,5.1291,1578072.6333,1576879.53
300660.SZ,20250205,45.24,6.396,0.82,45.5618,47.221,4.3555,4.6962,1444889.8185,1443797.4082
300660.SZ,20250127,43.99,6.1449,0.85,44.3029,45.9162,4.2351,4.5665,1404966.9124,1403904.6858
300660.SZ,20250124,47.0,8.5258,1.35,47.3343,49.058,4.5249,4.8789,1501101.2703,1499966.3613
300660.SZ,20250123,46.58,11.4774,2.2,46.9113,48.6196,4.4845,4.8353,1487687.1738,1486562.4066
300660.SZ,20250122,42.3,4.9292,0.87,42.6009,44.1522,4.0724,4.391,1350991.1433,1349969.7252
300660.SZ,20250121,43.84,7.9489,1.38,44.1518,45.7596,4.2207,4.5509,1400176.1636,1399117.5591
300660.SZ,20250120,42.03,3.3327,0.52,42.329,43.8704,4.0464,4.363,1342367.7955,1341352.8971
300660.SZ,20250117,42.23,3.8673,0.55,42.5304,44.0792,4.0657,4.3838,1348755.4605,1347735.7327
300660.SZ,20250116,42.38,6.0572,0.87,42.6815,44.2357,4.0801,4.3993,1353546.2093,1352522.8594
300660.SZ,20250115,43.65,7.2327,1.08,43.9605,45.5613,4.2024,4.5312,1394107.8819,1393053.8653
300660.SZ,20250114,43.54,8.276,1.48,43.8497,45.4465,4.1918,4.5197,1390594.6661,1389543.3058
300660.SZ,20250113,40.59,6.4962,1.34,40.8787,42.3673,3.9078,4.2135,1296376.6077,1295396.481
300660.SZ,20250110,39.85,7.1035,1.65,40.1335,41.5949,3.8365,4.1367,1272742.2473,1271779.9893
300660.SZ,20250109,40.07,5.8094,1.4,40.355,41.8246,3.8577,4.1595,1279768.6787,1278801.1085
002979.SZ,20260702,63.23,1.5945,0.24,88.6554,82.6756,10.6657,10.6629,1998047.7664,1408405.8859
002979.SZ,20260701,57.48,9.7514,1.78,80.5933,75.1573,9.6957,9.6932,1816349.6064,1280328.4884
002979.SZ,20260630,55.78,7.4355,1.48,78.2097,72.9345,9.409,9.4065,1762630.1504,1242462.1274
002979.SZ,20260629,52.06,5.6024,1.08,72.9939,68.0704,8.7815,8.7792,1645079.3408,1159601.6198
002979.SZ,20260626,51.65,5.7589,1.11,72.419,67.5343,8.7123,8.7101,1632123.472,1150469.1445
002979.SZ,20260625,52.33,4.1518,0.69,73.3724,68.4235,8.827,8.8247,1653611.2544,1165615.6889
002979.SZ,20260624,53.14,4.4065,0.74,74.2651,69.256,8.9344,8.9321,1673730.3868,1178432.64
002979.SZ,20260623,53.89,5.2491,0.9,75.3133,70.2334,9.0605,9.0582,1697352.8518,1195064.64
002979.SZ,20260622,53.43,6.3618,1.1,74.6704,69.6339,8.9832,8.9808,1682864.4066,1184863.68
002979.SZ,20260618,55.33,5.9287,1.0,77.3257,72.1101,9.3026,9.3002,1742707.9846,1226998.08
002979.SZ,20260617,55.96,8.0856,1.4,78.2062,72.9312,9.4086,9.4061,1762550.8552,1240968.96
002979.SZ,20260616,52.95,4.2664,0.64,73.9996,69.0083,8.9025,8.9002,1667746.029,1174219.2
002979.SZ,20260615,51.39,4.5753,0.58,71.8195,66.9752,8.6402,8.6379,1618611.3018,1139624.64
002979.SZ,20260612,50.51,6.0553,0.69,70.5896,65.8284,8.4923,8.49,1590894.2762,1120109.76
002979.SZ,20260611,51.11,6.5278,0.76,71.4282,66.6103,8.5619,8.5909,1609792.4884,1133415.3958
002979.SZ,20260610,52.52,7.5362,0.89,73.3987,68.4479,8.7981,8.8279,1654202.7292,1164683.5568
002979.SZ,20260609,54.86,8.8124,1.13,76.6689,71.4976,9.1901,9.2212,1727904.831,1216575.3984
002979.SZ,20260608,54.7,10.6644,1.55,76.4453,71.2891,9.1633,9.1943,1722865.3711,1213027.2383
002979.SZ,20260605,55.69,10.1811,1.62,77.8289,72.5793,9.3292,9.3607,1754047.0295,1234981.479
002979.SZ,20260604,53.16,5.7161,0.83,74.2931,69.282,8.9054,8.9355,1674360.5691,1178876.1972
002979.SZ,20260603,52.5,7.1646,0.9,73.3707,68.4219,8.7948,8.8245,1653572.7968,1164240.0368
002979.SZ,20260602,51.32,5.313,0.53,71.7216,66.884,8.5971,8.6262,1616406.7796,1138072.3559
002979.SZ,20260601,51.79,6.0309,0.56,72.3785,67.4966,8.6758,8.7052,1631210.1932,1148495.0763
002979.SZ,20260529,54.52,7.1203,0.6,76.1938,71.0545,9.1332,9.1641,1717195.9786,1209035.5582
002979.SZ,20260528,56.99,8.7442,0.66,79.6457,74.2736,9.547,9.5792,1794992.6417,1263810.2799
002979.SZ,20260527,56.35,12.5643,0.92,78.7512,73.4395,9.4397,9.4717,1774834.8018,1249617.6394
002979.SZ,20260526,59.24,15.376,1.11,82.7901,77.2059,9.9239,9.9574,1865860.0472,1313706.2815
002979.SZ,20260525,61.1,9.8706,0.63,85.3896,79.63,10.2355,10.2701,1924443.7692,1354953.6428
002979.SZ,20260522,61.03,13.0406,0.87,85.2917,79.5388,10.2237,10.2583,1922239.0054,1353401.3227
002979.SZ,20260521,62.81,15.6851,1.12,87.7793,81.8586,10.5219,10.5575,1978302.9974,1392874.604
002979.SZ,20260520,63.15,14.4411,1.14,88.2545,82.3017,10.5789,10.6146,1989011.8498,1400414.4442
002979.SZ,20260519,66.39,16.1789,1.35,92.7825,86.5243,11.1216,11.1592,2091060.9138,1472264.6865
002979.SZ,20260518,65.09,19.647,1.54,91.011,84.8723,10.949,10.9462,2051135.8413,1438162.2222
002979.SZ,20260515,59.8,9.3853,0.68,83.6144,77.9746,10.0592,10.0566,1884435.7553,1321279.7801
002979.SZ,20260514,54.36,10.4121,0.83,76.008,70.8812,9.1441,9.1417,1713008.8237,1201083.0911
002979.SZ,20260513,52.96,7.6364,0.64,74.0504,69.0557,8.9086,8.9063,1668891.5987,1170150.1196
002979.SZ,20260512,53.61,13.0541,1.32,74.9593,69.9033,9.018,9.0156,1689374.596,1184511.8564
002979.SZ,20260511,53.91,23.2615,3.99,75.3788,70.2945,9.0684,9.066,1698828.2871,1191140.3502
002979.SZ,20260508,49.51,14.6951,4.04,69.2265,64.5572,8.3283,8.3261,1560174.1512,1093922.44
002979.SZ,20260507,45.01,3.8877,0.96,62.9345,58.6896,7.5713,7.5693,1418368.785,994495.0318
002979.SZ,20260506,44.39,4.4348,1.13,62.0676,57.8811,7.467,7.4651,1398831.1568,980796.1444
002979.SZ,20260430,43.88,3.3011,0.72,61.3545,57.2161,7.3812,7.3793,1382759.882,969527.7048
002979.SZ,20260429,43.47,2.8468,0.64,60.7812,56.6815,7.3123,7.3103,1369839.8375,960468.7632
002979.SZ,20260428,42.89,3.7263,0.9,59.9702,55.9252,7.2147,7.2128,1351562.7014,947653.675
002979.SZ,20260427,44.47,5.9156,1.77,62.1794,57.9854,7.4805,7.4785,1401352.1411,982563.7428
002979.SZ,20260424,42.27,3.8984,1.31,59.1033,55.1168,7.1104,7.1085,1332025.0732,933954.7877
002979.SZ,20260423,41.85,6.407,3.15,58.5161,54.5692,7.0398,7.0379,1318789.9057,924674.8963
002979.SZ,20260422,41.21,2.1754,1.1,64.5787,59.8388,7.877,8.1714,1294574.4305,909589.8193
002979.SZ,20260421,40.47,2.4072,1.21,63.4191,58.7643,7.7356,8.0246,1271328.0078,893256.4908
002979.SZ,20260420,39.67,1.8206,0.9,62.1654,57.6026,7.5827,7.866,1246196.74,875598.8384
002979.SZ,20260417,39.89,2.034,0.86,62.5102,57.9221,7.6247,7.9096,1253107.8387,880454.6928
002979.SZ,20260416,39.65,1.7329,0.75,62.1341,57.5736,7.5789,7.862,1245568.4584,875157.3971
002979.SZ,20260415,39.21,1.9218,0.76,61.4446,56.9347,7.4948,7.7748,1231746.2611,865445.6883
002979.SZ,20260414,39.85,2.4546,1.04,62.4475,57.864,7.6171,7.9017,1251851.2753,879571.8102
002979.SZ,20260413,39.3,2.0213,0.87,61.5856,57.0654,7.512,7.7926,1234573.5287,867432.1742
002979.SZ,20260410,39.25,3.724,1.98,61.5073,56.9928,7.5024,7.7827,1233002.8245,866328.5709
002979.SZ,20260409,37.68,1.4789,0.76,59.047,54.713,7.2023,7.4714,1183682.7115,831675.428
002979.SZ,20260408,38.29,2.9971,1.9,60.0029,55.5988,7.3189,7.5924,1202845.3032,845139.388
002979.SZ,20260407,36.58,1.5424,1.06,57.3232,53.1158,6.992,7.2533,1149127.2183,807396.156
002979.SZ,20260403,37.06,1.82,1.39,58.0754,53.8128,7.0838,7.3485,1164205.979,817990.7474
002979.SZ,20260402,36.44,1.5567,1.17,57.1038,52.9125,6.9653,7.2255,1144729.2465,804306.0668
002979.SZ,20260401,36.5,1.7995,1.46,57.1978,52.9996,6.9768,7.2374,1146614.0916,805630.3908
002979.SZ,20260331,35.6,1.1747,0.88,55.7875,51.6928,6.8047,7.059,1118341.4153,785765.5318
002979.SZ,20260330,35.31,0.9573,0.6,55.333,51.2717,6.7493,7.0015,1109231.3308,779364.6328
002979.SZ,20260327,35.67,1.0658,0.62,55.8972,51.7944,6.8181,7.0729,1120540.4012,787310.5764
002979.SZ,20260326,35.69,1.6356,0.98,55.9285,51.8235,6.8219,7.0768,1121168.6829,787752.0177
002979.SZ,20260325,35.58,1.3202,0.81,55.7561,51.6638,6.8009,7.055,1117713.1336,785324.0905
002979.SZ,20260324,35.39,1.729,1.14,55.4584,51.3879,6.7646,7.0173,1111744.4575,781130.398
002979.SZ,20260323,34.87,2.1784,1.59,54.6435,50.6328,6.6652,6.9142,1095409.1335,769652.924
002979.SZ,20260320,35.58,1.6835,1.03,55.7561,51.6638,6.8009,7.055,1117713.1336,785324.0905
002979.SZ,20260319,36.7,1.4228,0.88,57.5113,53.29,7.015,7.2771,1152896.9085,810044.8039
002979.SZ,20260318,37.63,1.1049,0.65,58.9686,54.6404,7.1927,7.4615,1182112.0073,830571.8248
002979.SZ,20260317,37.29,1.171,0.63,58.4358,54.1467,7.1278,7.3941,1171431.2185,823067.3225
002979.SZ,20260316,37.93,1.4527,0.74,59.4387,55.0761,7.2501,7.521,1191536.2327,837193.4444
002979.SZ,20260313,38.53,3.0275,1.69,60.379,55.9473,7.3648,7.64,1210384.6835,850436.6837
002979.SZ,20260312,37.87,1.3348,0.59,59.3447,54.9889,7.2386,7.5091,1189651.3876,835869.1205
002979.SZ,20260311,38.58,1.5635,0.67,60.4573,56.0199,7.3743,7.6499,1211955.3877,852545.296
002979.SZ,20260310,38.55,1.9504,0.78,60.4103,55.9763,7.3686,7.6439,1211012.9652,851882.3525
002979.SZ,20260309,37.58,1.8755,0.66,58.8903,54.5678,7.1832,7.4516,1180541.303,830447.1805
002979.SZ,20260306,37.9,2.2205,0.75,59.3917,55.0325,7.2444,7.515,1190593.8101,837518.5775
002979.SZ,20260305,38.55,3.6111,1.4,60.4103,55.9763,7.3686,7.6439,1211012.9652,851882.3525
002979.SZ,20260304,36.3,1.9255,0.74,56.8844,52.7092,6.9385,7.1978,1140331.2746,802161.5927
002979.SZ,20260303,36.42,2.9013,1.07,57.0725,52.8835,6.9615,7.2216,1144100.9648,804813.3665
002979.SZ,20260302,37.89,3.5962,1.47,59.3761,55.018,7.2424,7.513,1190279.6693,837297.5963
002979.SZ,20260227,39.45,2.7449,1.26,61.8207,57.2832,7.5406,7.8224,1239285.6414,871770.6565
002979.SZ,20260226,40.13,1.6915,0.79,62.8863,58.2706,7.6706,7.9572,1260647.219,886797.375
002979.SZ,20260225,40.25,2.062,0.88,63.0743,58.4448,7.6935,7.981,1264416.9092,889449.1489
002979.SZ,20260224,40.56,3.5174,1.82,63.5601,58.8949,7.7528,8.0425,1274155.2754,896299.5647
002979.SZ,20260213,41.61,2.2245,1.15,65.2055,60.4196,7.9535,8.2507,1307140.0644,919502.586
002979.SZ,20260212,41.15,1.3841,0.71,64.4847,59.7516,7.8656,8.1595,1292689.5854,909337.4528
002979.SZ,20260211,41.06,1.5562,0.76,64.3437,59.621,7.8484,8.1416,1289862.3178,907348.6224
002979.SZ,20260210,41.22,3.0475,1.69,64.5944,59.8533,7.8789,8.1733,1294888.5713,910884.3209
002979.SZ,20260209,39.97,1.4555,0.77,62.6356,58.0382,7.64,7.9255,1255620.9655,883261.6765
002979.SZ,20260206,39.48,2.2161,1.15,61.8677,57.3267,7.5464,7.8283,1240228.064,872433.5999
002979.SZ,20260205,38.95,1.5235,0.72,61.0372,56.5571,7.4451,7.7232,1223578.5991,860721.5987
002979.SZ,20260204,39.44,2.0483,0.91,61.805,57.2686,7.5387,7.8204,1238971.5006,871549.6753
002979.SZ,20260203,40.2,1.7658,0.7,62.996,58.3722,7.684,7.9711,1262846.2049,888344.2431
002979.SZ,20260202,39.48,1.9049,0.6,61.8677,57.3267,7.5464,7.8283,1240228.064,872433.5999
002979.SZ,20260130,40.14,2.3693,0.73,62.902,58.2851,7.6725,7.9592,1260961.3599,887018.3562
002979.SZ,20260129,40.07,2.528,0.78,62.7923,58.1834,7.6591,7.9453,1258762.3739,885471.4881
002979.SZ,20260128,41.36,2.6829,0.8,64.8138,60.0566,7.9057,8.2011,1299286.5432,913978.0571
002979.SZ,20260127,42.5,3.1851,0.95,66.6002,61.7119,8.1236,8.4271,1335098.5998,939169.9088
002979.SZ,20260126,42.27,5.059,1.66,66.2398,61.3779,8.0797,8.3815,1327873.3603,934087.3422
002979.SZ,20260123,44.29,2.8517,0.82,69.4053,64.3111,8.4658,8.7821,1391329.8114,978725.5355
002979.SZ,20260122,43.88,2.5009,0.71,68.7628,63.7157,8.3874,8.7008,1378450.0366,969665.3081
002979.SZ,20260121,44.25,3.1405,0.79,69.3426,64.253,8.4581,8.7741,1390073.248,977841.6109
002979.SZ,20260120,44.24,3.2835,0.71,69.3269,64.2385,8.4562,8.7722,1389759.1071,977620.6297
002979.SZ,20260119,44.46,3.4671,0.64,69.6717,64.5579,8.4983,8.8158,1396670.2058,982482.2151
002979.SZ,20260116,44.68,5.0382,0.99,70.0164,64.8774,8.5403,8.8594,1403581.3044,987343.8005
002979.SZ,20260115,43.4,2.8035,0.55,68.0106,63.0187,8.2956,8.6056,1363371.276,959058.2127
002979.SZ,20260114,44.18,5.3125,1.17,69.2329,64.1513,8.4447,8.7603,1387874.262,976294.7428
002979.SZ,20260113,44.78,6.4603,1.68,70.1731,65.0226,8.5594,8.8792,1406722.7129,989553.6121
002979.SZ,20260112,44.99,7.2632,2.32,70.5022,65.3275,8.5996,8.9209,1413319.6707,994194.2163
002979.SZ,20260109,42.95,3.4826,1.09,67.3054,62.3653,8.2096,8.5164,1349234.9379,949114.0607
002979.SZ,20260108,42.28,2.8014,0.76,66.2555,61.3925,8.0816,8.3835,1328187.5011,934308.3233
002979.SZ,20260107,41.85,2.6481,0.67,65.5816,60.7681,7.9994,8.2983,1314679.4447,924806.1337
002979.SZ,20260106,42.0,3.0317,0.8,65.8167,60.9859,8.028,8.328,1319391.5574,928120.851
002979.SZ,20260105,42.09,3.678,1.02,65.9577,61.1166,8.0452,8.3458,1322218.825,930109.6814
002979.SZ,20251231,42.07,3.8222,1.24,65.9264,61.0875,8.0414,8.3419,1321590.5433,929667.7191
002979.SZ,20251230,43.03,5.3029,2.37,67.4308,62.4815,8.2249,8.5322,1351748.0646,950881.91
002979.SZ,20251229,41.62,4.0591,2.3,65.2212,60.4341,7.9554,8.2527,1307454.2052,919723.5671
002979.SZ,20251226,40.2,2.0417,1.21,62.996,58.3722,7.684,7.9711,1262846.2049,888344.2431
002979.SZ,20251225,40.54,2.8036,2.01,63.5288,58.8659,7.749,8.0385,1273526.9937,895857.6024
002979.SZ,20251224,39.03,1.1868,0.78,61.1625,56.6733,7.4603,7.7391,1226091.7258,862489.448
002979.SZ,20251223,39.03,1.1092,0.65,61.1625,56.6733,7.4603,7.7391,1226091.7258,862489.448
002979.SZ,20251222,39.3,1.6641,0.91,61.5856,57.0654,7.512,7.7926,1234573.5287,868455.9392
002979.SZ,20251219,38.66,1.6551,0.85,60.5827,56.136,7.3896,7.6657,1214468.5145,854313.1452
002979.SZ,20251218,37.97,1.359,0.69,59.5014,55.1341,7.2577,7.5289,1192792.7961,839065.4455
002979.SZ,20251217,37.84,1.8432,1.0,59.2977,54.9454,7.2329,7.5031,1188708.965,836192.6905
002979.SZ,20251216,37.33,2.047,1.13,58.4985,54.2048,7.1354,7.402,1172687.7819,824922.6516
002979.SZ,20251215,38.65,2.2227,1.17,60.567,56.1215,7.3877,7.6637,1214154.3737,854092.1641
002979.SZ,20251212,40.0,2.2426,1.04,62.6826,58.0818,7.6458,7.9314,1256563.388,883924.62
002979.SZ,20251211,40.16,1.4315,0.6,62.9333,58.3141,7.6763,7.9632,1261589.6416,887460.3185
002979.SZ,20251210,40.91,1.2938,0.55,64.1086,59.4032,7.8197,8.1119,1285150.2051,904033.9051
002979.SZ,20251209,41.1,1.8615,0.82,64.4063,59.679,7.856,8.1495,1291118.8812,908232.5471
002979.SZ,20251208,41.84,2.6732,1.32,65.566,60.7536,7.9975,8.2963,1314365.3038,924585.1525
002979.SZ,20251205,41.42,3.5142,2.24,64.9078,60.1437,7.9172,8.213,1301171.3883,915303.944
002979.SZ,20251204,40.08,2.6348,1.97,62.8079,58.198,7.661,7.9473,1259076.5148,885692.4692
002979.SZ,20251203,39.2,1.0517,0.68,61.4289,56.9202,7.4928,7.7728,1231432.1202,866246.1276
002979.SZ,20251202,39.15,1.4459,0.9,61.3506,56.8476,7.4833,7.7629,1229861.416,865141.2218
002979.SZ,20251201,40.03,1.5139,0.9,62.7296,58.1254,7.6515,7.9374,1257505.8105,884587.5635
002979.SZ,20251128,39.68,1.2056,0.6,62.1811,57.6171,7.5846,7.868,1246510.8809,876853.223
002979.SZ,20251127,39.54,1.4809,0.73,61.9617,57.4138,7.5578,7.8402,1242112.909,873759.4869
002979.SZ,20251126,40.08,2.0994,1.08,62.8079,58.198,7.661,7.9473,1259076.5148,885692.4692
002979.SZ,20251125,39.35,1.7247,0.94,61.664,57.138,7.5215,7.8025,1236144.2329,869560.8449
002979.SZ,20251124,39.46,1.9372,1.14,61.8364,57.2977,7.5425,7.8244,1239599.7823,871991.6376
002979.SZ,20251121,38.67,2.8073,1.94,60.5984,56.1506,7.3915,7.6677,1214782.6553,854534.1264
002979.SZ,20251120,38.3,1.5645,1.07,60.0186,55.6133,7.3208,7.5943,1203159.444,846357.8237
002979.SZ,20251119,39.1,1.6498,1.08,61.2722,56.7749,7.4737,7.753,1228290.7118,864036.3161
002979.SZ,20251118,40.1,1.2345,0.8,62.8393,58.227,7.6649,7.9513,1259704.7965,886134.4316
002979.SZ,20251117,39.96,1.2206,0.67,62.6199,58.0237,7.6381,7.9235,1255306.8246,883040.6954
002979.SZ,20251114,39.8,1.5549,0.85,62.3692,57.7914,7.6075,7.8918,1250280.5711,879504.9969
002979.SZ,20251113,40.36,1.6304,0.83,63.2467,58.6045,7.7146,8.0028,1267872.4585,891879.9416
002979.SZ,20251112,40.35,2.0034,1.07,63.231,58.59,7.7127,8.0008,1267558.3176,891658.9604
002979.SZ,20251111,41.51,1.3199,0.66,65.0488,60.2744,7.9344,8.2308,1303998.6559,917292.7744
002979.SZ,20251110,41.42,2.5777,1.43,64.9078,60.1437,7.9172,8.213,1301171.3883,915303.944
002979.SZ,20251107,42.38,1.5621,0.83,66.4122,61.5377,8.1007,8.4034,1331328.9096,936518.1349
002979.SZ,20251106,43.28,2.309,1.24,67.8225,62.8445,8.2727,8.5818,1359601.5858,956406.4388
002979.SZ,20251105,42.16,1.5951,0.81,66.0674,61.2182,8.0586,8.3597,1324417.811,931656.5495
002979.SZ,20251104,42.65,1.9172,0.8,66.8353,61.9297,8.1523,8.4569,1339810.7125,942484.6261
002979.SZ,20251103,43.85,1.6018,0.58,68.7158,63.6722,8.3817,8.6948,1377507.6141,969002.3647
002979.SZ,20251031,44.14,1.9534,0.69,69.1702,64.0933,8.4371,8.7523,1386617.6987,975410.8182
002979.SZ,20251030,43.86,2.2694,0.83,68.7314,63.6867,8.3836,8.6968,1377821.7549,969223.3458
002979.SZ,20251029,44.64,2.1496,0.8,69.9537,64.8193,8.5327,8.8515,1402324.741,986459.8759
002979.SZ,20251028,44.44,4.0285,1.72,69.6403,64.5289,8.4944,8.8118,1396041.9241,982040.2528
002979.SZ,20251027,43.66,3.3243,1.6,68.418,67.5474,8.6933,8.6572,1371538.938,964803.7227
002979.SZ,20251024,43.35,2.4409,1.2,67.9322,67.0678,8.6315,8.5957,1361800.5717,957953.3069
002979.SZ,20251023,42.65,1.6665,0.75,66.8353,65.9848,8.4922,8.4569,1339810.7125,942484.6261
002979.SZ,20251022,42.44,1.9215,0.74,66.5062,65.6599,8.4503,8.4152,1333213.7547,937844.0218
002979.SZ,20251021,42.88,2.3761,0.77,67.1957,66.3407,8.538,8.5025,1347035.9519,947567.1926
002979.SZ,20251020,41.96,1.9764,0.56,65.754,64.9173,8.3548,8.3201,1318134.994,927236.9264
002979.SZ,20251017,41.5,2.1939,0.57,65.0332,64.2056,8.2632,8.2289,1303684.5151,917071.7933
002979.SZ,20251016,42.28,2.6735,0.67,66.2555,65.4124,8.4185,8.3835,1328187.5011,934308.3233
002979.SZ,20251015,43.57,3.6883,0.92,68.277,67.4082,8.6753,8.6393,1368711.6704,962814.8923
002979.SZ,20251014,42.3,4.9599,1.37,66.2868,65.4433,8.4225,8.3875,1328815.7828,934750.2857
002979.SZ,20251013,44.7,4.1486,1.17,70.0478,69.1564,8.9003,8.8634,1404209.5861,987785.7629
002979.SZ,20251010,46.09,3.9127,1.07,72.226,71.3069,9.1771,9.139,1447875.1638,1018502.1434
002979.SZ,20251009,47.23,3.3899,0.88,74.0124,73.0706,9.4041,9.365,1483687.2204,1043693.9951
002979.SZ,20250930,47.22,3.5382,0.83,73.9968,73.0552,9.4021,9.3631,1483373.0795,1043473.0139
002979.SZ,20250929,47.69,3.0819,0.68,74.7333,73.7823,9.4957,9.4562,1498137.6993,1053859.1282
002979.SZ,20250926,47.43,3.8271,0.75,74.3259,73.3801,9.4439,9.4047,1489970.0373,1048113.6182
002979.SZ,20250925,49.17,4.5281,0.7,77.0525,76.0721,9.7904,9.7497,1544630.5447,1086564.3391
002979.SZ,20250924,48.93,4.3298,0.56,76.6765,75.7008,9.7426,9.7021,1537091.1644,1081260.7914
002979.SZ,20250923,48.24,5.533,0.64,75.5952,74.6332,9.6052,9.5653,1515415.4459,1066013.0917
002979.SZ,20250922,49.63,4.3221,0.48,77.7734,76.7837,9.882,9.8409,1559081.0237,1096729.4723
002979.SZ,20250919,49.4,6.9031,0.78,77.413,76.4279,9.8362,9.7953,1551855.7842,1091646.9057
002979.SZ,20250918,51.53,11.2008,1.4,80.7508,79.7233,10.2603,10.2177,1618767.7846,1138715.8917
002979.SZ,20250917,52.87,10.6704,1.36,82.8507,81.7964,10.5271,10.4834,1660862.6581,1168327.3665
002979.SZ,20250916,50.65,10.2071,1.44,79.3718,78.3618,10.0851,10.0432,1591123.3901,1119269.5501
002979.SZ,20250915,48.64,5.9476,0.78,76.222,75.2521,9.6848,9.6446,1527981.0798,1074852.3379
002979.SZ,20250912,48.29,6.0197,0.78,75.6735,74.7106,9.6152,9.5752,1516986.1502,1067117.9975
002979.SZ,20250911,49.19,7.3939,0.93,77.0839,76.103,9.7944,9.7537,1545258.8264,1073390.5094
002979.SZ,20250910,48.85,9.7576,1.34,76.5511,75.577,9.7267,9.6863,1534578.0376,1065971.2622
002979.SZ,20250909,47.72,6.6755,0.79,74.7803,73.8287,9.5017,9.4622,1499080.1219,1041313.1757
002979.SZ,20250908,47.29,8.5044,1.06,74.1065,73.1635,9.416,9.3769,1485572.0655,1031930.01
002979.SZ,20250905,45.5,6.5031,0.82,71.3014,70.3941,9.0596,9.022,1429340.8539,992869.8553
002979.SZ,20250904,43.96,8.4571,1.04,68.8881,68.0116,8.753,8.7166,1380963.1634,959265.0294
002979.SZ,20250903,45.35,6.3342,0.76,71.0664,70.1621,9.0298,8.9923,1424628.7411,989596.6579
002979.SZ,20250902,47.75,12.2192,1.79,74.8273,73.8752,9.5076,9.4681,1500022.5444,1041967.8151
002979.SZ,20250901,46.58,6.4228,0.92,72.9939,72.065,9.2747,9.2362,1463268.0653,1016436.876
002979.SZ,20250829,45.77,6.2146,0.86,71.7245,70.8118,9.1134,9.0755,1437822.6567,998761.6104
002979.SZ,20250828,46.41,9.3085,1.44,72.7274,71.802,9.2408,9.2024,1457927.6709,1012727.2524
002979.SZ,20250827,47.26,7.57,1.27,74.0595,73.6081,9.2123,9.371,1484629.6429,1031275.3705
002979.SZ,20250826,47.35,4.6412,0.71,74.2005,73.7483,9.2299,9.3888,1487456.9105,1033239.2889
002979.SZ,20250825,48.16,7.0602,1.13,75.4698,75.0098,9.3878,9.5494,1512902.3192,1050914.5545
002979.SZ,20250822,48.0,7.632,1.34,75.2191,74.7606,9.3566,9.5177,1507876.0656,1047423.144
002979.SZ,20250821,46.12,5.4402,0.93,72.273,71.8325,8.9901,9.1449,1448817.5864,1006399.0709
002979.SZ,20250820,47.18,4.9452,0.86,73.9341,73.4835,9.1968,9.3551,1482116.5161,1029529.6653
002979.SZ,20250819,47.86,7.692,1.48,74.9997,74.5426,9.3293,9.49,1503478.0937,1044368.1598
002979.SZ,20250818,47.6,5.6627,1.11,74.5923,74.1376,9.2786,9.4384,1495310.4317,1038694.6178
002979.SZ,20250815,47.31,4.6985,0.9,74.1378,73.686,9.2221,9.3809,1486200.3472,1032366.4363
002979.SZ,20250814,46.84,6.3962,1.22,73.4013,72.9539,9.1305,9.2877,1471435.7273,1022110.418
002979.SZ,20250813,47.72,4.3425,0.73,74.7803,74.3245,9.302,9.4622,1499080.1219,1041313.1757
002979.SZ,20250812,47.1,4.8824,0.78,73.8087,73.3589,9.1812,9.3393,1479603.3894,1027783.9601
002979.SZ,20250811,47.4,5.1043,0.76,74.2788,73.8261,9.2396,9.3987,1489027.6148,1034330.3547
002979.SZ,20250808,47.97,5.2872,0.82,75.1721,74.7139,9.3507,9.5118,1506933.6431,1046768.5045
002979.SZ,20250807,48.85,6.6669,1.08,76.5511,76.0845,9.5223,9.6863,1534578.0376,1065971.2622
002979.SZ,20250806,48.8,7.7047,1.19,76.4727,76.0067,9.5125,9.6763,1533007.3334,1064880.1964
002979.SZ,20250805,46.9,6.574,1.12,73.4953,73.0474,9.1422,9.2996,1473320.5724,1023419.697
002979.SZ,20250804,46.27,7.4979,1.34,72.5081,72.0661,9.0194,9.1747,1453529.6991,1009672.2682
002979.SZ,20250801,43.65,3.877,0.71,68.4024,67.9855,8.5087,8.6552,1371224.7972,952500.4216
002979.SZ,20250731,44.8,5.3432,1.08,70.2045,69.7766,8.7328,8.8832,1407350.9946,977594.9344
002979.SZ,20250730,45.14,8.9809,2.39,70.7373,70.3062,8.7991,8.9506,1418031.7834,985014.1817
002979.SZ,20250729,44.17,3.6651,0.94,69.2172,68.7954,8.61,8.7583,1387560.1212,963847.5056
002979.SZ,20250728,44.78,6.152,1.56,70.1731,69.7455,8.7289,8.8792,1406722.7129,977158.5081
002979.SZ,20250725,43.3,2.977,0.71,67.8539,67.4403,8.4404,8.5858,1360229.8675,944862.9612
002979.SZ,20250724,43.11,2.9383,0.59,67.5561,67.1444,8.4034,8.5481,1354261.1914,940716.9112
002979.SZ,20250723,42.95,3.0859,0.61,67.3054,66.8952,8.3722,8.5164,1349234.9379,937225.5007
002979.SZ,20250722,43.5,4.3663,0.91,68.1673,67.7518,8.4794,8.6254,1366512.6845,949227.2243
002979.SZ,20250721,44.49,6.3645,1.49,69.7187,69.2938,8.6724,8.8217,1397612.6283,970830.3266
002979.SZ,20250718,43.37,4.0666,0.97,67.9636,67.5494,8.4541,8.5997,1362428.8534,946390.4532
002979.SZ,20250717,43.96,6.8091,2.02,68.8881,68.4683,8.5691,8.7166,1380963.1634,959265.0294
002979.SZ,20250716,42.27,3.837,1.14,66.2398,65.8361,8.2397,8.3815,1327873.3603,922387.0062
002979.SZ,20250715,41.7,2.7991,0.82,65.3466,64.9483,8.1285,8.2685,1309967.332,909948.8564
002979.SZ,20250714,42.02,3.8996,1.28,65.848,65.4467,8.1909,8.332,1320019.8391,916931.6773
002979.SZ,20250711,41.26,3.7034,1.32,64.6571,64.263,8.0428,8.1813,1296145.1347,900347.4775
002979.SZ,20250710,40.28,2.6402,0.87,63.1213,62.7366,7.8517,7.987,1265359.3317,878962.5883
002979.SZ,20250709,40.96,3.761,1.18,64.1869,63.7957,7.9843,8.1218,1286720.9093,893801.0829
002979.SZ,20250708,41.18,3.1271,1.06,64.5317,64.1384,8.0272,8.1654,1293632.0079,898601.7723
002979.SZ,20250707,40.37,2.0144,0.64,63.2624,62.8768,7.8693,8.0048,1268186.5993,880926.5067
002979.SZ,20250704,41.12,2.4782,0.77,64.4377,64.045,8.0155,8.1535,1291747.1629,897292.4934
002979.SZ,20250703,41.26,3.8343,1.21,64.6571,64.263,8.0428,8.1813,1296145.1347,900347.4775
002979.SZ,20250702,41.79,4.5042,1.5,65.4876,65.0885,8.1461,8.2864,1312794.5996,911912.7747
002979.SZ,20250701,43.86,1.9473,0.54,68.7314,68.3125,8.5496,8.6968,1377821.7549,957082.8978
002979.SZ,20250630,44.28,2.888,0.84,69.3896,68.9667,8.6315,8.7801,1391015.6705,966247.8503
002979.SZ,20250627,43.3,2.9043,0.84,66.4499,66.0449,9.1919,8.4081,1332084.8675,944862.9612
002979.SZ,20250626,43.84,3.5571,1.03,67.2786,66.8686,9.3065,8.513,1348697.4732,956646.4715
002979.SZ,20250625,44.72,3.6742,1.14,68.6291,68.2108,9.4933,8.6839,1375769.8678,975849.2292
002979.SZ,20250624,44.32,4.9827,1.87,68.0152,67.6007,9.4084,8.6062,1363464.2339,964622.163
002979.SZ,20250623,41.74,1.9981,0.74,64.0559,63.6655,8.8607,8.1052,1284092.8954,908468.6165
002979.SZ,20250620,41.77,3.0398,1.08,64.1019,63.7112,8.8671,8.111,1285015.8179,909121.5647
002979.SZ,20250619,42.91,3.6065,1.29,65.8514,65.45,9.1091,8.3324,1320086.8745,933933.5969
002979.SZ,20250618,43.38,2.599,0.89,66.5727,66.1669,9.2089,8.4237,1334545.9943,944163.1189
002979.SZ,20250617,43.2,2.0709,0.63,66.2964,65.8924,9.1707,8.3887,1329008.459,940245.4296
002979.SZ,20250616,43.65,2.1351,0.62,66.987,66.5787,9.2662,8.4761,1342852.2972,950039.6528
002979.SZ,20250613,44.04,3.7234,1.15,67.5855,67.1736,9.349,8.5518,1354850.2902,958527.9796
002979.SZ,20250612,45.38,3.4958,1.03,69.6419,69.2175,9.6334,8.812,1396074.1637,987692.9999
002979.SZ,20250611,44.78,3.1709,0.96,68.7212,68.3023,9.5061,8.6955,1377615.7129,974634.0356
002979.SZ,20250610,44.01,3.9299,1.28,67.5395,67.1279,9.3426,8.546,1353927.3676,957875.0314
002979.SZ,20250609,45.13,2.7707,0.86,69.2583,68.8362,9.5804,8.7635,1388383.1425,982251.7648
002979.SZ,20250606,45.09,2.8173,0.88,69.1969,68.7752,9.5719,8.7557,1387152.5791,981381.1671
002979.SZ,20250605,45.69,4.3129,1.48,70.1177,69.6903,9.6993,8.8722,1405611.0299,994440.1314
002979.SZ,20250604,44.62,2.6839,0.89,68.4756,68.0583,9.4721,8.6644,1372693.4593,971151.6451
002979.SZ,20250603,44.27,2.7577,0.88,67.9385,67.5244,9.3978,8.5965,1361926.0297,963533.9159
002979.SZ,20250530,44.76,3.4765,1.03,68.6905,68.2718,9.5018,8.6916,1377000.4312,974198.7368
002979.SZ,20250529,46.06,2.7103,0.72,70.6855,70.2547,9.7778,8.9441,1416993.7413,1002493.1594
002979.SZ,20250528,46.03,2.9239,0.75,70.6395,70.2089,9.1555,8.9382,1416070.8187,1001840.2112
002979.SZ,20250527,46.43,3.246,0.78,71.2533,70.819,9.235,9.0159,1428376.4526,1010546.1874
002979.SZ,20250526,47.79,3.3175,0.74,73.3404,72.8934,9.5056,9.28,1470215.6078,1040146.5065
002979.SZ,20250523,47.79,4.7416,1.0,73.3404,72.8934,9.5056,9.28,1470215.6078,1040146.5065
002979.SZ,20250522,47.56,4.516,0.89,72.9875,72.5426,9.4598,9.2353,1463139.8683,1035140.5702
002979.SZ,20250521,48.78,3.6148,0.68,74.8597,74.4035,9.7025,9.4722,1500672.0517,1061693.7976
002979.SZ,20250520,49.54,4.5848,0.77,76.026,75.5627,9.8536,9.6198,1524052.756,1078235.1524
002979.SZ,20250519,49.16,4.948,0.76,75.4429,74.9831,9.7781,9.546,1512362.4039,1069964.475
002979.SZ,20250516,50.56,6.0699,0.9,77.5914,77.1185,10.0565,9.8179,1555432.1224,1100435.3917
002979.SZ,20250515,50.55,6.2195,0.9,77.576,77.1032,10.0545,9.8159,1555124.4816,1100217.7423
002979.SZ,20250514,51.13,4.8869,0.69,78.4661,77.9879,10.1699,9.9286,1572967.6507,1112841.4078
002979.SZ,20250513,52.14,7.4639,1.08,80.0161,79.5284,10.3708,10.1247,1604039.3763,1134823.9977
002979.SZ,20250512,52.4,8.1023,1.23,80.4151,79.925,10.4225,10.1752,1612038.0383,1140482.8822
002979.SZ,20250509,49.4,7.2198,1.13,75.8112,75.3491,9.8258,9.5926,1519745.7842,1075188.0607
002979.SZ,20250508,49.23,6.947,1.18,75.5503,75.0898,9.792,9.5596,1514515.8898,1071488.0208
002979.SZ,20250507,48.15,5.837,0.96,73.8929,73.4425,9.5772,9.3499,1481290.6783,1047981.8851
002979.SZ,20250506,49.02,6.3683,1.02,75.228,74.7695,9.7502,9.5188,1508055.432,1066917.3833
002979.SZ,20250430,47.77,6.5315,0.98,73.3097,72.8629,9.5016,9.2761,1469600.3261,1039711.2077
002979.SZ,20250429,46.49,6.3073,1.02,71.3454,70.9106,9.247,9.0276,1430222.2977,1011852.0838
002979.SZ,20250428,44.8,4.3806,0.67,68.7519,68.3328,8.9108,8.6994,1378230.9946,975069.3344
002979.SZ,20250425,45.68,6.8149,1.22,70.1023,69.6751,9.0859,8.8703,1405303.3891,994222.482
002979.SZ,20250424,45.49,7.062,1.45,100.6885,73.212,9.8597,9.8577,1395229.2488,986021.9431
002979.SZ,20250423,45.91,8.7404,2.12,101.6181,73.888,9.9508,9.9487,1408111.1192,995125.685
002979.SZ,20250422,42.76,3.93,0.91,94.6458,68.8183,9.268,9.2661,1311497.0912,926847.6212
002979.SZ,20250421,43.5,6.0803,1.44,96.2837,70.0093,9.4284,9.4265,1334193.72,942887.5473
002979.SZ,20250418,41.01,2.2848,0.41,90.7723,66.0019,8.8887,8.8869,1257822.6312,888915.3636
002979.SZ,20250417,40.96,3.372,0.5,90.6617,65.9214,8.8779,8.8761,1256289.0752,887831.5848
002979.SZ,20250416,41.2,4.9136,0.6,91.1929,66.3077,8.9299,8.9281,1263650.144,893033.723
002979.SZ,20250415,42.62,4.8662,0.57,94.3359,68.593,9.2377,9.2358,1307203.1344,923813.0406
002979.SZ,20250414,42.58,5.7362,0.74,94.2474,68.5286,9.229,9.2271,1305976.2896,922946.0176
002979.SZ,20250411,42.36,8.8802,1.22,93.7605,68.1746,9.1813,9.1794,1299228.6432,918177.3909
002979.SZ,20250410,39.95,9.5982,1.46,88.4261,64.2959,8.659,8.6572,1225311.244,865939.2532
002979.SZ,20250409,38.27,11.5885,2.09,84.7076,61.5921,8.2948,8.2931,1173783.7624,829524.2859
002979.SZ,20250408,37.11,7.2102,1.16,82.14,59.7252,8.0434,8.0418,1138205.2632,804380.6179
002979.SZ,20250407,41.23,1.6248,0.21,91.2593,66.3559,8.9364,8.9346,1264570.2776,893683.9902
002979.SZ,20250403,45.81,6.2483,0.63,101.3967,73.727,9.9291,9.9271,1405044.0072,992958.1274
002979.SZ,20250402,47.93,6.2982,0.62,106.0892,77.139,10.3886,10.3865,1470066.7816,1038910.3481
002979.SZ,20250401,46.76,6.3512,0.56,103.4995,75.256,10.135,10.1329,1434181.5712,1013549.9244
002979.SZ,20250331,48.6,10.4927,0.95,107.5722,78.2173,10.5338,10.5317,1490616.432,1053432.9839
002979.SZ,20250328,52.13,10.1742,0.92,115.3856,83.8985,11.2989,11.2966,1598885.4856,1129947.7665
002979.SZ,20250327,53.55,15.9959,1.56,118.5286,86.1839,11.6067,11.6043,1642438.476,1160727.0841
002979.SZ,20250326,51.26,7.9197,0.79,113.4599,82.4983,11.1103,11.1081,1572201.6112,1111090.0155
002979.SZ,20250325,51.2,12.5003,1.36,113.3271,82.4017,11.0973,11.0951,1570361.344,1109789.481
002979.SZ,20250324,50.94,8.6688,0.85,112.7516,81.9833,11.041,11.0387,1562386.8528,1104153.8313
002979.SZ,20250321,48.77,10.1722,0.95,107.9485,78.4909,10.5706,10.5685,1495830.5224,1057117.8318
002979.SZ,20250320,52.24,11.9596,1.08,115.629,84.0755,11.3227,11.3204,1602259.3088,1132332.0798
002979.SZ,20250319,51.04,6.7431,0.62,112.9729,82.1442,11.0627,11.0604,1565453.9648,1106321.3888
002979.SZ,20250318,51.23,8.4777,0.79,113.3935,82.45,11.1038,11.1016,1571281.4776,1110439.7482
002979.SZ,20250317,51.7,13.723,1.43,114.4338,83.2065,11.2057,11.2034,1585696.904,1120627.2689
002979.SZ,20250314,49.59,12.8897,1.43,109.7635,79.8106,10.7484,10.7462,1520980.8408,1074891.8039
002979.SZ,20250313,45.08,13.6785,1.55,99.781,72.5522,9.7709,9.7689,1382654.0896,977134.9571
002979.SZ,20250312,50.05,5.1941,0.53,110.7816,80.5509,10.8481,10.8459,1535089.556,1084862.5688
002979.SZ,20250311,50.21,7.8995,0.75,111.1358,80.8084,10.8828,10.8805,1539996.9352,1088330.6609
002979.SZ,20250310,50.83,8.2897,0.77,112.5081,81.8063,11.0171,11.0149,1559013.0296,1101769.5179
002979.SZ,20250307,52.6,10.1508,0.87,116.4259,84.6549,11.4008,11.3985,1613300.912,1140135.2871
002979.SZ,20250306,52.05,12.7145,1.09,115.2085,83.7697,11.2816,11.2793,1596431.796,1128213.7204
002979.SZ,20250305,50.3,10.176,0.79,111.335,80.9533,10.9023,10.9,1542757.336,1090281.4627
002979.SZ,20250304,48.99,11.625,0.89,108.4354,78.845,10.6183,10.6162,1502578.1688,1061886.4584
002979.SZ,20250303,47.31,9.1018,0.62,104.7169,76.1411,10.2542,10.2521,1451050.6872,1025471.4911
002979.SZ,20250228,48.71,14.784,0.99,107.8157,78.3943,10.5576,10.5555,1493990.2552,1055817.2972
002979.SZ,20250227,51.19,12.722,0.8,113.3049,82.3857,11.0952,11.0929,1570054.6328,1109572.7252
002979.SZ,20250226,51.78,16.0668,1.02,114.6109,83.3352,11.223,11.2208,1588150.5936,1122361.3149
002979.SZ,20250225,53.46,12.5586,0.79,118.3294,86.039,11.5872,11.5848,1639678.0752,1158776.2823
002979.SZ,20250224,52.63,17.8156,1.21,116.4923,84.7032,11.4073,11.405,1614221.0456,1140785.5544
002979.SZ,20250221,53.86,15.2029,1.06,119.2148,86.6828,11.6739,11.6715,1651946.5232,1167446.5126
002979.SZ,20250220,48.96,18.2402,1.45,108.369,78.7967,10.6118,10.6097,1501658.0352,1061236.1912
002979.SZ,20250219,46.97,14.8068,1.25,103.9643,75.5939,10.1805,10.1784,1440622.5064,1018101.7953
002979.SZ,20250218,42.7,13.9159,1.26,94.513,68.7218,9.255,9.2531,1309656.824,925547.0867
002979.SZ,20250217,42.11,11.7368,1.11,93.2071,67.7722,9.1271,9.1253,1291560.8632,912758.4969
002979.SZ,20250214,40.69,13.3233,1.22,90.064,65.4869,8.8193,8.8176,1248007.8728,881979.1793
002979.SZ,20250213,39.5,9.3267,0.86,87.4301,63.5717,8.5614,8.5597,1211509.24,856185.2441
002979.SZ,20250212,40.89,10.8788,1.0,90.5067,65.8087,8.8627,8.8609,1254142.0968,886314.2945
002979.SZ,20250211,39.2,9.7429,0.94,86.766,63.0888,8.4964,8.4947,1202307.904,849682.5714
002979.SZ,20250210,39.58,9.6432,0.92,87.6071,63.7004,8.5788,8.577,1213962.9296,857919.2902
002979.SZ,20250207,39.66,14.8572,1.52,87.7842,63.8292,8.5961,8.5944,1216416.6192,859653.3362
002979.SZ,20250206,39.95,9.0849,0.97,88.4261,64.2959,8.659,8.6572,1225311.244,865939.2532
002979.SZ,20250205,36.32,10.8463,1.14,80.3914,58.4537,7.8722,7.8706,1113975.0784,787256.9131
002979.SZ,20250127,34.21,7.6657,0.84,75.7211,55.0579,7.4148,7.4133,1049259.0152,741521.4481
002979.SZ,20250124,35.65,10.2372,1.26,78.9084,57.3754,7.727,7.7254,1093425.428,772734.2773
002979.SZ,20250123,34.7,11.1276,1.53,76.8057,55.8465,7.521,7.5195,1064287.864,752142.4803
002979.SZ,20250122,34.32,6.8542,0.81,75.9646,55.2349,7.4387,7.4372,1052632.8384,743905.7615
002979.SZ,20250121,34.74,11.6691,1.47,76.8942,55.9109,7.5297,7.5282,1065514.7088,753009.5033
002979.SZ,20250120,32.84,5.8033,0.72,72.6887,52.853,7.1179,7.1165,1007239.5808,711825.9093
002979.SZ,20250117,32.38,5.2991,0.62,71.6705,52.1127,7.0182,7.0168,993130.8656,701855.1444
002979.SZ,20250116,32.54,6.6491,0.76,72.0247,52.3702,7.0529,7.0514,998038.2448,705323.2365
002979.SZ,20250115,32.58,13.069,1.72,72.1132,52.4346,7.0615,7.0601,999265.0896,706190.2596
002979.SZ,20250114,31.47,8.8554,1.32,69.6563,50.6481,6.821,6.8196,965220.1464,682130.3704
002979.SZ,20250113,29.35,6.376,1.02,64.9639,47.2362,6.3615,6.3602,900197.372,636178.1497
002979.SZ,20250110,29.78,8.0263,1.31,65.9156,47.9282,6.4547,6.4533,913385.9536,645498.6473
002979.SZ,20250109,30.08,7.6096,1.32,66.5797,48.411,6.5197,6.5184,922587.2896,652001.3201
688320.SH,20260702,41.31,5.6457,1.06,,,5.141,6.1323,623837.5947,623837.5947
688320.SH,20260701,41.81,6.0394,1.12,,,5.2032,6.2066,631388.2797,631388.2797
688320.SH,20260630,41.45,5.5005,1.1,,,5.1584,6.1531,625951.7865,625951.7865
688320.SH,20260629,39.48,6.7088,1.49,,,4.9132,5.8607,596202.0876,596202.0876
688320.SH,20260626,36.83,3.7892,0.87,,,4.5835,5.4673,556183.4571,556183.4571
688320.SH,20260625,38.25,4.6191,1.19,,,4.7602,5.6781,577627.4025,577627.4025
688320.SH,20260624,39.15,6.3467,1.99,,,4.8722,5.8117,591218.6355,591218.6355
688320.SH,20260623,37.28,3.4906,1.1,,,4.6395,5.5341,562979.0736,562979.0736
688320.SH,20260622,36.92,4.2245,1.22,,,4.5947,5.4806,557542.5804,557542.5804
688320.SH,20260618,38.65,3.0084,0.84,,,4.81,5.7375,583667.9505,583667.9505
688320.SH,20260617,37.67,2.2647,0.6,,,4.688,5.592,568868.6079,568868.6079
688320.SH,20260616,38.4,2.9763,0.76,,,4.7788,5.7003,579892.608,579892.608
688320.SH,20260615,37.2,3.4608,0.82,,,4.6295,5.5222,561770.964,561770.964
688320.SH,20260612,36.12,5.5418,1.36,,,4.4951,5.3619,545461.4844,545461.4844
688320.SH,20260611,35.93,3.6611,0.95,,,4.4715,5.3337,542592.1091,542592.1091
688320.SH,20260610,37.3,3.3414,0.84,,,4.6419,5.5371,563280.9816,563280.9816
688320.SH,20260609,38.77,3.5192,0.9,,,4.8249,5.7553,585479.9908,585479.9908
688320.SH,20260608,38.14,4.9416,1.33,,,4.7465,5.6618,575966.1298,575966.1298
688320.SH,20260605,38.55,4.8497,1.38,,,4.7975,5.7226,582157.6901,582157.6901
688320.SH,20260604,37.05,2.6512,0.74,,,4.6108,5.4999,559505.6399,559505.6399
688320.SH,20260603,37.59,3.912,1.0,,,4.678,5.5801,567660.378,567660.378
688320.SH,20260602,37.2,3.1609,0.73,,,4.6295,5.5222,561770.845,561770.845
688320.SH,20260601,36.83,4.0447,0.88,,,4.5835,5.4673,556183.3392,556183.3392
688320.SH,20260529,36.2,3.7905,0.8,,,4.5051,5.3738,546669.4782,546669.4782
688320.SH,20260528,38.59,3.1051,0.58,,,4.8025,5.7286,582761.7448,582761.7448
688320.SH,20260527,38.38,5.3787,1.07,,,4.7764,5.6974,579590.4578,579590.4578
688320.SH,20260526,40.1,5.4281,1.11,,,4.9904,5.9527,605564.8087,605564.8087
688320.SH,20260525,41.28,5.2776,1.05,,,5.1373,6.1279,623384.4215,623384.4215
688320.SH,20260522,40.54,4.5621,0.74,,,5.0452,6.018,612209.4101,612209.4101
688320.SH,20260521,40.19,6.3095,1.1,,,5.0016,5.9661,606923.9317,606923.9317
688320.SH,20260520,40.18,3.5783,0.62,,,5.0004,5.9646,606772.918,606772.918
688320.SH,20260519,41.02,4.6139,0.84,,,5.1049,6.0893,619458.0661,619458.0661
688320.SH,20260518,40.75,5.9779,1.17,,,5.0713,6.0492,615380.6971,615380.6971
688320.SH,20260515,42.0,10.1791,2.26,,,5.2269,6.2348,634257.4056,634257.4056
688320.SH,20260514,37.41,4.4591,0.88,,,4.6556,5.5534,564942.132,564942.132
688320.SH,20260513,37.15,3.6359,0.74,,,4.6233,5.5148,561015.7766,561015.7766
688320.SH,20260512,37.8,3.1706,0.67,,,4.7042,5.6113,570831.665,570831.665
688320.SH,20260511,38.37,4.2017,0.91,,,4.7751,5.6959,579439.4441,579439.4441
688320.SH,20260508,38.39,7.0678,2.01,,,4.7776,5.6989,579741.4715,579741.4715
688320.SH,20260507,37.42,7.2138,2.79,,,4.6569,5.5549,565093.1457,565093.1457
688320.SH,20260506,34.47,2.841,1.28,,,4.2898,5.117,520544.1136,520544.1136
688320.SH,20260430,33.73,2.501,1.28,,,4.1977,5.0071,509369.1022,509369.1022
688320.SH,20260429,33.32,3.4205,2.26,,,4.1466,4.9462,503177.5418,503177.5418
688320.SH,20260428,31.18,1.6363,1.14,,,3.8427,5.8083,470860.6168,470860.6168
688320.SH,20260427,32.49,2.524,2.17,,,4.0042,6.0523,490643.4073,490643.4073
688320.SH,20260424,30.76,1.0375,0.89,,,3.791,5.7301,464518.0428,464518.0428
688320.SH,20260423,30.83,1.1612,0.98,,,3.7996,5.7431,465575.1384,465575.1384
688320.SH,20260422,31.48,1.2042,1.02,,,3.8797,5.8642,475391.0269,475391.0269
688320.SH,20260421,30.96,1.2471,1.05,,,3.8156,5.7673,467538.3161,467538.3161
688320.SH,20260420,31.26,1.1749,0.87,,,3.8526,5.8232,472068.7262,472068.7262
688320.SH,20260417,31.44,1.0594,0.72,,,3.8748,5.8567,474786.9722,474786.9722
688320.SH,20260416,31.55,1.2279,0.82,,,3.8883,5.8772,476448.1225,476448.1225
688320.SH,20260415,31.2,1.2055,0.72,,,3.8452,5.812,471162.6442,471162.6442
688320.SH,20260414,31.54,1.2464,0.8,,,3.8871,5.8754,476297.1089,476297.1089
688320.SH,20260413,31.26,2.0435,1.48,,,3.8526,5.8232,472068.7262,472068.7262
688320.SH,20260410,31.0,1.6528,1.29,,,3.8205,5.7748,468142.3708,468142.3708
688320.SH,20260409,30.1,1.3319,1.14,,,3.7096,5.6071,454551.1407,454551.1407
688320.SH,20260408,31.05,2.0527,2.12,,,3.8267,5.7841,468897.4391,468897.4391
688320.SH,20260407,29.05,0.7219,0.71,,,3.5802,5.4115,438694.7055,438694.7055
688320.SH,20260403,28.92,1.1407,1.19,,,3.5642,5.3873,436731.5279,436731.5279
688320.SH,20260402,29.74,1.1627,1.09,,,3.6652,5.5401,449114.6486,449114.6486
688320.SH,20260401,30.7,0.7598,0.64,,,3.7836,5.7189,463611.9608,463611.9608
688320.SH,20260331,30.16,1.055,0.85,,,3.717,5.6183,455457.2227,455457.2227
688320.SH,20260330,30.23,0.9789,0.66,,,3.7256,5.6313,456514.3184,456514.3184
688320.SH,20260327,30.85,0.8517,0.55,,,3.802,5.7468,465877.1658,465877.1658
688320.SH,20260326,30.73,1.6659,1.15,,,3.7873,5.7245,464065.0018,464065.0018
688320.SH,20260325,30.51,1.3946,1.01,,,3.7601,5.6835,460742.7011,460742.7011
688320.SH,20260324,29.86,1.3084,0.97,,,3.68,5.5624,450926.8126,450926.8126
688320.SH,20260323,29.57,2.1646,1.87,,,3.6443,5.5084,446547.4163,446547.4163
688320.SH,20260320,30.01,1.2081,1.07,,,3.6985,5.5903,453192.0177,453192.0177
688320.SH,20260319,30.95,1.1867,1.0,,,3.8144,5.7655,467387.3025,467387.3025
688320.SH,20260318,31.89,1.0694,0.8,,,3.9302,5.9406,481582.5873,481582.5873
688320.SH,20260317,31.86,1.1102,0.79,,,3.9265,5.935,481129.5462,481129.5462
688320.SH,20260316,32.56,1.2145,0.72,,,4.0128,6.0654,491700.503,491700.503
688320.SH,20260313,32.73,1.0718,0.62,,,4.0337,6.097,494267.7354,494267.7354
688320.SH,20260312,33.09,1.4799,0.85,,,4.0781,6.1641,499704.2274,499704.2274
688320.SH,20260311,33.8,1.8482,1.06,,,4.1656,6.2964,510426.1978,510426.1978
688320.SH,20260310,33.97,1.43,0.73,,,4.1866,6.328,512993.4302,512993.4302
688320.SH,20260309,33.62,2.6255,1.41,,,4.1434,6.2628,507707.9518,507707.9518
688320.SH,20260306,33.54,1.2644,0.64,,,4.1336,6.2479,506499.8425,506499.8425
688320.SH,20260305,32.97,1.5844,0.76,,,4.0633,6.1417,497892.0634,497892.0634
688320.SH,20260304,32.34,1.839,0.8,,,3.9857,6.0244,488378.2023,488378.2023
688320.SH,20260303,32.77,2.4405,1.0,,,4.0387,6.1045,494871.79,494871.79
688320.SH,20260302,35.01,2.1916,0.9,,,4.3147,6.5218,528698.8517,528698.8517
688320.SH,20260227,36.09,1.8301,0.73,,,4.4478,6.7229,545008.3278,545008.3278
688320.SH,20260226,36.77,2.0704,0.86,,,4.5316,6.8496,555277.2572,555277.2572
688320.SH,20260225,37.14,2.9437,1.3,,,4.4867,6.9185,560864.763,560864.763
688320.SH,20260224,36.08,3.1786,1.63,,,4.3587,6.7211,544857.3141,544857.3141
688320.SH,20260213,36.96,2.1222,1.14,,,4.465,6.885,558146.5169,558146.5169
688320.SH,20260212,36.48,2.3015,1.4,,,4.407,6.7956,550897.8609,550897.8609
688320.SH,20260211,35.67,1.4962,0.91,,,4.3091,6.6447,538665.7538,538665.7538
688320.SH,20260210,36.08,2.21,1.33,,,4.3587,6.7211,544857.3141,544857.3141
688320.SH,20260209,35.52,1.6165,0.95,,,4.291,6.6168,536400.5487,536400.5487
688320.SH,20260206,34.94,1.6471,0.93,,,4.2209,6.5087,527641.756,527641.756
688320.SH,20260205,34.5,1.2297,0.62,,,4.1678,6.4268,520997.1546,520997.1546
688320.SH,20260204,35.37,1.4824,0.67,,,4.2729,6.5888,534135.3437,534135.3437
688320.SH,20260203,35.14,2.3546,0.88,,,4.2451,6.546,530662.0294,530662.0294
688320.SH,20260202,33.55,1.7737,0.56,,,4.053,6.2498,506650.8561,506650.8561
688320.SH,20260130,34.09,2.0016,0.58,,,4.1183,6.3504,514805.5942,514805.5942
688320.SH,20260129,34.0,2.2784,0.66,,,4.1074,6.3336,513446.4712,513446.4712
688320.SH,20260128,34.98,2.7245,0.81,,,4.2258,6.5162,528245.8107,528245.8107
688320.SH,20260127,36.69,4.5536,1.46,,,4.4324,6.8347,554069.1479,554069.1479
688320.SH,20260126,35.99,4.3816,1.48,,,4.3478,6.7043,543498.1911,543498.1911
688320.SH,20260123,38.22,3.2091,1.0,,,4.6172,7.1197,577174.2391,577174.2391
688320.SH,20260122,37.35,2.2795,0.7,,,4.5121,6.9577,564036.05,564036.05
688320.SH,20260121,37.68,2.4284,0.67,,,4.5519,7.0191,569019.501,569019.501
688320.SH,20260120,37.7,3.2879,0.86,,,4.5544,7.0229,569321.5284,569321.5284
688320.SH,20260119,37.72,3.6146,0.91,,,4.5568,7.0266,569623.5557,569623.5557
688320.SH,20260116,37.48,4.4863,1.18,,,4.5278,6.9819,565999.2277,565999.2277
688320.SH,20260115,35.93,2.4889,0.64,,,4.3405,6.6931,542592.1091,542592.1091
688320.SH,20260114,36.58,4.3726,1.23,,,4.4191,6.8142,552407.9975,552407.9975
688320.SH,20260113,36.67,4.253,1.26,,,4.4299,6.831,553767.1206,553767.1206
688320.SH,20260112,38.08,4.2951,1.3,,,4.6003,7.0937,575060.0477,575060.0477
688320.SH,20260109,36.91,3.6127,1.01,,,4.4589,6.8757,557391.4486,557391.4486
688320.SH,20260108,36.58,2.7657,0.63,,,4.4191,6.8142,552407.9975,552407.9975
688320.SH,20260107,36.1,2.8345,0.58,,,4.3611,6.7248,545159.3415,545159.3415
688320.SH,20260106,36.62,3.3646,0.68,,,4.4239,6.8217,553012.0522,553012.0522
688320.SH,20260105,36.61,3.9579,0.77,,,4.4227,6.8198,552861.0385,552861.0385
688320.SH,20251231,37.32,5.0191,1.14,,,4.5085,6.9521,563583.009,563583.009
688320.SH,20251230,37.68,6.9168,2.06,,,4.5519,7.0191,569019.501,569019.501
688320.SH,20251229,36.16,5.0065,1.81,,,4.3683,6.736,546065.4235,546065.4235
688320.SH,20251226,34.65,3.9527,1.78,,,4.1859,6.4547,523262.3596,523262.3596
688320.SH,20251225,34.98,4.7305,3.04,,,4.2258,6.5162,528245.8107,528245.8107
688320.SH,20251224,32.43,1.3987,0.82,,,3.9177,6.0412,489737.3253,489737.3253
688320.SH,20251223,31.83,1.7256,1.01,,,3.8452,5.9294,480676.5052,480676.5052
688320.SH,20251222,32.55,1.9934,1.19,,,3.9322,6.0635,491549.4893,491549.4893
688320.SH,20251219,31.7,1.2486,0.67,,,3.8295,5.9052,478713.3276,478713.3276
688320.SH,20251218,31.77,1.4106,0.7,,,3.838,5.9182,479770.4232,479770.4232
688320.SH,20251217,31.99,2.115,1.01,,,3.8646,5.9592,483092.7239,483092.7239
688320.SH,20251216,31.69,1.7836,0.78,,,3.8283,5.9033,478562.3139,478562.3139
688320.SH,20251215,32.63,1.8525,0.71,,,3.9419,6.0784,492757.5987,492757.5987
688320.SH,20251212,33.32,2.1788,0.67,,,4.0252,6.2069,503177.5418,503177.5418
688320.SH,20251211,33.65,2.2139,0.64,,,4.0651,6.2684,508160.9928,508160.9928
688320.SH,20251210,34.91,2.4843,0.74,,,4.2173,6.5031,527188.715,527188.715
688320.SH,20251209,34.66,2.7077,0.87,,,4.1871,6.4566,523413.3733,523413.3733
688320.SH,20251208,35.42,3.3963,1.24,,,4.2789,6.5981,534890.4121,534890.4121
688320.SH,20251205,35.69,5.3415,2.69,,,4.3115,6.6484,538967.7811,538967.7811
688320.SH,20251204,33.24,3.4164,2.26,,,4.0156,6.192,501969.4324,501969.4324
688320.SH,20251203,32.11,1.8859,1.37,,,3.8791,5.9815,484904.8879,484904.8879
688320.SH,20251202,33.21,1.4937,1.09,,,4.0119,6.1865,501516.3914,501516.3914
688320.SH,20251201,33.95,1.522,1.05,,,4.1013,6.3243,512691.4029,512691.4029
688320.SH,20251128,33.56,1.6176,0.96,,,4.0542,6.2517,506801.8698,506801.8698
688320.SH,20251127,33.65,1.0447,0.51,,,4.0651,6.2684,508160.9928,508160.9928
688320.SH,20251126,33.59,1.2053,0.5,,,4.0579,6.2572,507254.9108,507254.9108
688320.SH,20251125,33.71,1.4864,0.62,,,4.0724,6.2796,509067.0748,509067.0748
688320.SH,20251124,33.6,1.8757,0.82,,,4.0591,6.2591,507405.9245,507405.9245
688320.SH,20251121,32.93,2.8174,1.4,,,3.9781,6.1343,497288.0087,497288.0087
688320.SH,20251120,33.65,2.8632,1.67,,,4.0651,6.2684,508160.9928,508160.9928
688320.SH,20251119,34.73,2.9594,2.03,,,4.1956,6.4696,524470.469,524470.469
688320.SH,20251118,36.88,1.4208,0.91,,,4.4553,6.8701,556938.4076,556938.4076
688320.SH,20251117,36.97,1.3794,0.75,,,4.4662,6.8869,558297.5306,558297.5306
688320.SH,20251114,36.4,1.4538,0.74,,,4.3973,6.7807,549689.7515,549689.7515
688320.SH,20251113,36.66,1.3445,0.62,,,4.4287,6.8291,553616.1069,553616.1069
688320.SH,20251112,36.45,1.6765,0.73,,,4.4034,6.79,550444.8199,550444.8199
688320.SH,20251111,37.2,1.985,0.83,,,4.494,6.9297,561770.845,561770.845
688320.SH,20251110,37.58,2.7001,1.18,,,4.5399,7.0005,567509.3643,567509.3643
688320.SH,20251107,38.89,2.0609,0.8,,,4.6981,7.2445,587292.1549,587292.1549
688320.SH,20251106,39.05,2.4632,0.85,,,4.7175,7.2743,589708.3735,589708.3735
688320.SH,20251105,38.03,2.2263,0.74,,,4.5942,7.0843,574304.9794,574304.9794
688320.SH,20251104,38.75,2.4844,0.79,,,4.6812,7.2185,585177.9635,585177.9635
688320.SH,20251103,40.36,2.2235,0.68,,,4.8757,7.5184,609491.164,609491.164
688320.SH,20251031,40.36,3.4598,1.15,,,4.8757,7.5184,609491.164,609491.164
688320.SH,20251030,38.86,4.1164,1.69,,,4.6945,7.239,586839.1138,586839.1138
688320.SH,20251029,39.71,2.7322,1.23,,,4.6389,7.3973,599675.2756,599675.2756
688320.SH,20251028,40.0,3.2126,1.67,,,4.6728,7.4513,604054.672,604054.672
688320.SH,20251027,40.79,4.0077,1.66,,,4.7651,7.5985,615984.7518,452264.7826
688320.SH,20251024,41.65,2.7228,1.09,,,4.8655,7.7587,628971.9272,461800.1519
688320.SH,20251023,40.92,1.7866,0.59,,,4.7802,7.6227,617947.9295,453706.1756
688320.SH,20251022,40.66,2.2698,0.71,,,4.7499,7.5743,614021.5741,450823.3895
688320.SH,20251021,41.05,2.3305,0.61,,,4.7954,7.6469,619911.1071,455147.5686
688320.SH,20251020,40.36,2.9506,0.71,,,4.7148,7.5184,609491.164,447497.0979
688320.SH,20251017,39.8,3.1666,0.66,,,4.6494,7.4141,601034.3986,441288.0203
688320.SH,20251016,41.0,4.3271,0.9,,,4.7896,7.6376,619156.0388,454593.1867
688320.SH,20251015,42.76,3.1804,0.63,,,4.9952,7.9655,645734.4444,474107.4308
688320.SH,20251014,41.8,5.361,0.97,,,4.883,7.7866,631237.1322,463463.2977
688320.SH,20251013,44.67,4.6073,0.79,,,5.2183,8.3213,674578.055,495284.8207
688320.SH,20251010,45.33,6.4975,1.18,,,5.2954,8.4442,684544.957,502602.6623
688320.SH,20251009,47.89,4.3989,0.76,,,5.5945,8.9211,723204.4561,530987.0173
688320.SH,20250930,46.99,4.2865,0.69,,,5.4893,8.7534,709613.2259,521008.1425
688320.SH,20250929,47.65,7.7429,1.4,,,5.5664,8.8764,719580.128,528325.9841
688320.SH,20250926,46.3,6.306,1.16,,,5.4087,8.6249,699193.2828,513357.6718
688320.SH,20250925,49.06,4.6822,0.69,,,5.7312,9.139,740873.0552,543959.5546
688320.SH,20250924,50.1,6.1027,0.8,,,5.8526,9.3328,756578.4767,555490.6989
688320.SH,20250923,47.82,6.036,0.73,,,5.5863,8.908,722147.3604,530210.8826
688320.SH,20250922,49.56,4.4863,0.55,,,5.7896,9.2322,748423.7386,549503.374
688320.SH,20250919,49.3,5.8585,0.72,,,5.7592,9.1837,744497.3832,546620.5879
688320.SH,20250918,51.12,11.2725,1.63,,,5.9718,9.5228,771981.8708,566800.0903
688320.SH,20250917,51.79,10.4629,1.94,,,6.0501,9.6476,782099.7866,574228.8083
688320.SH,20250916,49.48,9.1459,2.15,,,5.7802,9.2173,747215.6293,548616.3629
688320.SH,20250915,47.06,4.1984,0.92,,,5.4975,8.7665,710670.3216,521784.2772
688320.SH,20250912,47.0,5.5859,1.31,,,5.4905,8.7553,709764.2396,521119.0189
688320.SH,20250911,47.58,5.1669,1.21,,,5.5583,8.8633,718523.0323,527549.8493
688320.SH,20250910,46.45,2.9287,0.62,,,5.4263,8.6528,701458.4879,515020.8176
688320.SH,20250909,46.85,3.4077,0.58,,,5.473,8.7274,707499.0346,519455.8731
688320.SH,20250908,47.8,5.6106,1.01,,,5.584,8.9043,721845.333,529989.1299
688320.SH,20250905,46.26,4.1535,0.72,,,5.4041,8.6174,698589.2282,512914.1663
688320.SH,20250904,45.09,5.259,0.82,,,5.2674,8.3995,680920.629,499941.629
688320.SH,20250903,46.34,5.1728,0.73,,,5.4134,8.6323,699797.3375,513801.1774
688320.SH,20250902,48.67,9.043,1.39,,,5.6856,9.0664,734983.5222,539635.3755
688320.SH,20250901,48.42,4.0799,0.57,,,5.6564,9.0198,731208.1805,536863.4659
688320.SH,20250829,48.61,5.3022,0.71,,,5.6786,9.0552,734077.4401,538970.1172
688320.SH,20250828,48.91,8.6088,1.18,,,5.7136,9.1111,738607.8502,542296.4088
688320.SH,20250827,49.65,8.2736,1.07,,,5.801,9.2489,749782.8616,550501.2615
688320.SH,20250826,51.26,6.2517,0.59,,,5.9891,9.5489,774096.0622,568352.3598
688320.SH,20250825,51.42,7.3889,0.72,,,6.0078,9.5787,776512.2809,570126.382
688320.SH,20250822,51.26,6.9988,0.7,,,5.9891,9.5489,774096.0622,568352.3598
688320.SH,20250821,49.8,7.4485,0.78,,,5.8185,9.2769,752048.0666,552164.4073
688320.SH,20250820,51.8,10.4968,1.25,,,6.0522,9.6495,782250.8002,574339.6847
688320.SH,20250819,54.02,20.433,4.1,,,6.3116,10.063,815775.8345,598954.2426
688320.SH,20250818,47.18,6.1724,1.37,,,5.5124,8.7888,712482.4856,523114.7939
688320.SH,20250815,47.14,5.2892,1.22,,,5.5078,8.7814,711878.431,522671.2883
688320.SH,20250814,46.84,5.603,1.28,,,5.4727,8.7255,707348.0209,519344.9967
688320.SH,20250813,47.53,4.3379,0.84,,,5.5533,8.854,717767.964,526995.4674
688320.SH,20250812,47.11,3.4883,0.67,,,5.5043,8.7758,711425.3899,522338.6592
688320.SH,20250811,47.46,3.7616,0.73,,,5.5451,8.841,716710.8683,526219.3327
688320.SH,20250808,47.11,4.4781,0.93,,,5.5043,8.7758,711425.3899,522338.6592
688320.SH,20250807,49.0,5.8418,1.36,,,5.7251,9.1279,739966.9732,543294.2963
688320.SH,20250806,50.52,8.1162,2.27,,,5.9027,9.411,762921.0507,560147.5071
688320.SH,20250805,48.7,3.7521,1.11,,,5.69,9.072,735436.5632,539968.0047
688320.SH,20250804,48.45,3.4516,0.97,,,5.6608,9.0254,731661.2215,537196.095
688320.SH,20250801,46.56,2.9446,0.78,,,5.44,8.6733,703119.6382,516240.4579
688320.SH,20250731,47.24,3.2035,0.82,,,5.5194,8.8,713388.5676,523780.0522
688320.SH,20250730,47.2,4.4995,1.15,,,5.5148,8.7925,712784.513,523336.5466
688320.SH,20250729,48.81,2.7648,0.66,,,5.7029,9.0925,737097.7135,541187.6449
688320.SH,20250728,48.89,4.4521,1.0,,,5.7122,9.1074,738305.8229,542074.656
688320.SH,20250725,50.14,3.8523,0.84,,,5.8583,9.3402,757182.5314,555934.2044
688320.SH,20250724,49.82,3.9225,0.75,,,5.8209,9.2806,752350.094,552386.16
688320.SH,20250723,49.4,4.4889,0.75,,,5.7718,9.2024,746007.5199,547729.3518
688320.SH,20250722,49.43,4.2919,0.73,,,5.7753,9.208,746460.5609,548061.9809
688320.SH,20250721,50.75,5.6785,1.03,,,5.9295,9.4539,766394.3651,562697.664
688320.SH,20250718,50.42,4.4934,0.88,,,5.891,9.3924,761410.9141,559038.7433
688320.SH,20250717,50.22,7.3148,1.68,,,5.8676,9.3551,758390.6407,556821.2155
688320.SH,20250716,49.77,8.1841,2.28,,,5.815,9.2713,751595.0256,551831.7781
688320.SH,20250715,47.51,3.6751,1.07,,,5.551,8.8503,717465.9367,526773.7146
688320.SH,20250714,47.76,3.9031,1.17,,,5.5802,8.8969,721241.2784,529545.6243
688320.SH,20250711,46.6,2.5578,0.63,,,5.4447,8.6808,703723.6929,516683.9634
688320.SH,20250710,46.08,3.4605,0.62,,,5.3839,8.5839,695870.9821,510918.3913
688320.SH,20250709,47.2,4.3481,0.66,,,5.5148,8.7925,712784.513,523336.5466
688320.SH,20250708,47.8,2.8876,0.43,,,5.5849,8.9043,721845.333,529989.1299
688320.SH,20250707,47.59,3.4827,0.49,,,5.5603,8.8652,718674.046,527660.7257
688320.SH,20250704,47.7,6.2625,0.94,,,5.5732,8.8857,720335.1964,528880.366
688320.SH,20250703,49.81,10.9926,2.06,,,5.8197,9.2787,752199.0803,552275.2836
688320.SH,20250702,48.6,9.1598,2.02,,,5.6783,9.0533,733926.4265,538859.2408
688320.SH,20250701,47.05,3.7967,0.72,,,5.4972,8.7646,710519.3079,521673.4008
688320.SH,20250630,47.29,5.6595,1.2,,,5.5253,8.8093,714143.636,524334.4341
688320.SH,20250627,45.77,3.5802,0.72,,,5.3477,8.5262,691189.5584,507481.2233
688320.SH,20250626,46.73,4.5338,0.84,,,5.4599,8.705,705686.8706,518125.3565
688320.SH,20250625,48.22,5.0494,0.94,,,5.6339,8.9826,728187.9071,534645.9381
688320.SH,20250624,47.99,7.6559,1.61,,,5.6071,8.9397,724714.5927,532095.7812
688320.SH,20250623,44.39,2.8086,0.59,,,5.1865,8.2691,670349.6723,492180.2819
688320.SH,20250620,44.76,4.8863,1.04,,,5.2297,8.338,675937.178,496282.7082
688320.SH,20250619,46.4,6.545,1.34,,,5.4213,8.6435,700703.4195,514466.4357
688320.SH,20250618,47.25,4.9803,1.09,,,5.5206,8.8019,713539.5813,523890.9286
688320.SH,20250617,45.99,4.5787,0.95,,,5.3734,8.5671,694511.8591,509920.5038
688320.SH,20250616,45.44,2.9162,0.55,,,5.3091,8.4647,686206.1074,503822.3025
688320.SH,20250613,45.65,4.4192,0.79,,,5.3337,8.5038,689377.3944,506150.7067
688320.SH,20250612,46.9,7.4941,1.44,,,5.4797,8.7367,708254.1029,520010.255
688320.SH,20250611,45.47,3.5368,0.7,,,5.3126,8.4703,686659.1484,504154.9317
688320.SH,20250610,45.69,5.7669,1.25,,,5.3383,8.5113,689981.4491,506594.2122
688320.SH,20250609,46.27,5.4434,1.32,,,5.4061,8.6193,698740.2418,513025.0426
688320.SH,20250606,44.45,5.6575,1.54,,,5.1935,8.2803,671255.7543,492845.5402
688320.SH,20250605,43.98,5.7031,1.64,,,5.1385,8.1927,664158.1119,487634.35
688320.SH,20250604,42.05,2.6686,0.72,,,4.9131,7.8332,635012.4739,466235.2073
688320.SH,20250603,41.92,3.6009,0.99,,,4.8979,7.809,633049.2963,464793.8143
688320.SH,20250530,42.37,2.9799,0.64,,,4.9504,7.8928,639844.9113,469783.2517
688320.SH,20250529,43.58,3.3736,0.72,,,5.0918,8.1182,658117.5651,483199.2945
688320.SH,20250528,42.99,4.7782,1.06,,,5.0229,8.0083,649207.7587,476657.5877
688320.SH,20250527,43.54,3.7384,0.77,,,5.0871,8.1108,657513.5105,482755.789
688320.SH,20250526,44.58,3.3369,0.63,,,5.2087,8.3045,673218.9319,494286.9332
688320.SH,20250523,44.97,7.9898,1.38,,,5.2542,8.3771,679108.465,498611.1123
688320.SH,20250522,43.78,3.7377,0.66,,,5.1152,8.1555,661137.8385,485416.8223
688320.SH,20250521,44.65,3.8289,0.67,,,5.2168,8.3175,674276.0276,495063.068
688320.SH,20250520,45.13,5.2451,0.86,,,5.2729,8.4069,681524.6837,500385.1345
688320.SH,20250519,46.72,5.8297,0.85,,,5.4587,8.7031,705535.8569,518014.4801
688320.SH,20250516,48.3,10.2309,1.55,,,5.6433,8.9975,729396.0164,535532.9492
688320.SH,20250515,45.46,3.1909,0.37,,,5.3115,8.4684,686508.1347,504044.0553
688320.SH,20250514,46.14,4.249,0.44,,,5.3909,8.5951,696777.0642,511583.6496
688320.SH,20250513,46.82,7.0888,0.71,,,5.4704,8.7218,707045.9936,519123.2439
688320.SH,20250512,48.9,9.4574,0.97,,,5.7134,9.1092,738456.8365,542185.5324
688320.SH,20250509,45.99,9.111,0.97,,,5.3734,8.5671,694511.8591,509920.5038
688320.SH,20250508,48.03,13.7496,1.75,,,5.6117,8.9472,725318.6474,532539.2868
688320.SH,20250507,46.63,8.7258,1.11,,,5.4482,8.6864,704176.7339,517016.5926
688320.SH,20250506,47.27,8.9823,1.13,,,5.5229,8.8056,713841.6086,524112.6813
688320.SH,20250430,45.46,7.9764,1.04,,,5.3115,8.4684,686508.1347,504044.0553
688320.SH,20250429,43.63,7.6598,1.13,,,5.0977,8.1275,658872.6335,483753.6765
688320.SH,20250428,41.1,6.03,0.96,,,4.8021,7.6562,620666.1755,455701.9506
688320.SH,20250425,41.85,8.9334,1.69,118.0073,,4.7699,5.6606,631992.2006,441855.2546
688320.SH,20250424,39.82,9.9942,2.7,112.2832,,4.5385,5.386,601336.426,420422.3713
688320.SH,20250423,37.9,7.0416,2.42,106.8692,,4.3197,5.1263,572341.8017,400150.8757
688320.SH,20250422,35.27,3.3072,1.16,99.4532,,4.0199,4.7706,532625.207,372383.1501
688320.SH,20250421,35.29,3.8155,1.3,99.5096,,4.0222,4.7733,532927.2344,372594.3115
688320.SH,20250418,34.53,2.3497,0.61,97.3666,,3.9356,4.6705,521450.1956,364570.1778
688320.SH,20250417,35.13,1.9941,0.4,99.0585,,4.0039,4.7516,530511.0157,370905.0202
688320.SH,20250416,35.35,3.0837,0.54,99.6788,,4.029,4.7814,533833.3164,373227.7957
688320.SH,20250415,36.47,3.048,0.47,102.837,,4.1567,4.9329,550746.8472,385052.8348
688320.SH,20250414,36.75,4.2478,0.61,103.6265,,4.1886,4.9708,554975.2299,388009.0946
688320.SH,20250411,36.38,6.7549,1.06,102.5832,,4.1464,4.9207,549387.7242,384102.6084
688320.SH,20250410,34.5,7.6332,1.37,97.282,,3.9321,4.6664,520997.1546,364253.4357
688320.SH,20250409,32.0,6.9751,1.48,90.2326,,3.6472,4.3283,483243.7376,337858.2592
688320.SH,20250408,30.73,6.8517,1.6,86.6515,,3.5025,4.1565,464065.0018,324449.5095
688320.SH,20250407,30.68,6.8368,2.05,86.5105,,3.4968,4.1497,463309.9334,323921.606
688320.SH,20250403,38.35,3.6309,1.18,108.1381,,4.3709,5.1872,579137.4168,404902.0075
688320.SH,20250402,39.83,3.5736,1.23,112.3114,,4.5396,5.3874,601487.4396,420527.952
688320.SH,20250401,39.25,2.6487,0.89,110.6759,,4.4735,5.3089,592728.6469,414404.2711
688320.SH,20250331,39.34,4.6866,1.6,110.9297,,4.4838,5.3211,594087.7699,415354.4974
688320.SH,20250328,40.37,2.1564,0.61,113.834,,4.6012,5.4604,609642.1777,426229.3101
688320.SH,20250327,41.71,2.301,0.56,117.6125,,4.7539,5.6416,629878.0092,440377.1247
688320.SH,20250326,42.2,2.6766,0.58,118.9942,,4.8097,5.7079,637277.679,445550.5793
688320.SH,20250325,41.24,3.0496,0.62,116.2872,,4.7003,5.5781,622780.3668,435414.8315
688320.SH,20250324,42.81,4.4189,0.87,120.7143,,4.8793,5.7904,646489.5127,451991.0024
688320.SH,20250321,44.33,5.3039,1.01,125.0003,,5.0525,5.996,669443.5902,468039.2697
688320.SH,20250320,46.07,5.1554,0.81,129.9067,,5.2508,6.2314,695719.9685,486410.3125
688320.SH,20250319,45.73,5.0424,0.7,128.948,,5.2121,6.1854,690585.5038,482820.5685
688320.SH,20250318,46.03,4.6372,0.6,129.7939,,5.2463,6.226,695115.9138,485987.9897
688320.SH,20250317,46.0,5.1173,0.62,129.7093,,5.2428,6.2219,694662.8728,485671.2476
688320.SH,20250314,45.45,6.3936,0.79,128.1585,,5.1802,6.1475,686357.1211,479864.3088
688320.SH,20250313,44.66,10.5412,1.4,125.9309,,5.0901,6.0407,674427.0413,471523.433
688320.SH,20250312,48.9,9.5442,1.29,137.8867,,5.5734,6.6142,738456.8365,516289.6523
688320.SH,20250311,49.1,7.3236,0.97,138.4506,,5.5962,6.6412,741477.1099,518401.2665
688320.SH,20250310,50.18,7.6453,0.98,141.496,,5.7193,6.7873,757786.586,529803.9827
688320.SH,20250307,49.0,5.5963,0.59,138.1686,,5.5848,6.6277,739966.9732,517345.4594
688320.SH,20250306,48.82,7.5229,0.72,137.6611,,5.5643,6.6033,737248.7272,515445.0067
688320.SH,20250305,48.14,8.9708,0.74,135.7436,,5.4868,6.5114,726979.7978,508265.5187
688320.SH,20250304,46.45,7.8833,0.62,130.9782,,5.2941,6.2828,701458.4879,490422.3794
688320.SH,20250303,44.62,9.0299,0.62,125.8181,,5.0856,6.0352,673822.9866,471101.1102
688320.SH,20250228,46.46,13.8185,0.96,131.0064,,5.2953,6.2841,701609.5015,490527.9601
688320.SH,20250227,54.11,12.2693,0.85,152.5777,,5.8282,7.3189,817134.9575,571297.2002
688320.SH,20250226,53.03,17.8221,1.26,149.5323,,5.7119,7.1728,800825.4814,559894.4839
688320.SH,20250225,54.91,11.0515,0.82,154.8335,,5.9144,7.4271,829216.051,579743.6566
688320.SH,20250224,56.45,17.7326,1.55,159.1759,,6.0803,7.6354,852472.1559,596003.0854
688320.SH,20250221,53.6,12.9412,1.23,151.1396,,5.7733,7.2499,809433.2605,565912.5842
688320.SH,20250220,52.4,12.273,1.22,147.7559,,5.6441,7.0876,791311.6203,553242.8994
688320.SH,20250219,53.19,16.8418,1.9,149.9835,,5.7291,7.1944,803241.7001,561583.7752
688320.SH,20250218,47.6,7.7869,0.81,134.221,,5.127,6.4383,718825.0597,502564.1606
688320.SH,20250217,48.27,7.3624,0.75,136.1102,,5.1992,6.5289,728942.9754,509638.0679
688320.SH,20250214,46.11,8.5254,0.8,130.0195,,4.9666,6.2368,696324.0231,486832.6354
688320.SH,20250213,48.45,9.7409,0.88,136.6178,,5.2186,6.5533,731661.2215,511538.5206
688320.SH,20250212,52.09,10.8188,0.98,146.8817,,5.6107,7.0456,786630.1966,549969.8976
688320.SH,20250211,52.33,11.581,1.1,147.5585,,5.6365,7.0781,790254.5246,552503.8345
688320.SH,20250210,49.78,8.6439,0.76,140.3681,,5.3619,6.7332,751746.0393,525580.7545
688320.SH,20250207,49.78,12.6293,1.05,140.3681,,5.3619,6.7332,751746.0393,525580.7545
688320.SH,20250206,50.4,11.9061,1.03,142.1163,,5.4286,6.817,761108.8867,532126.7582
688320.SH,20250205,47.22,10.2167,0.87,133.1495,,5.0861,6.3869,713086.5403,498552.0937
688320.SH,20250127,44.2,9.3966,0.78,124.6338,,4.7608,5.9784,667480.4126,466666.7205
688320.SH,20250124,47.63,13.045,1.2,134.3056,,5.1303,6.4424,719278.1007,502880.9027
688320.SH,20250123,46.01,15.6297,1.58,129.7375,,4.9558,6.2233,694813.8865,485776.8283
688320.SH,20250122,43.38,9.3911,0.9,122.3215,,4.6725,5.8675,655097.2918,458009.1026
688320.SH,20250121,46.37,11.5802,1.05,130.7527,,4.9946,6.272,700250.3785,489577.7337
688320.SH,20250120,43.84,10.3849,0.95,123.6186,,4.722,5.9297,662043.9205,462865.8151
688320.SH,20250117,44.97,7.5732,0.62,126.805,,4.8438,6.0826,679108.465,474796.4349
688320.SH,20250116,45.82,10.533,0.83,129.2018,,4.9353,6.1976,691944.6268,483770.7949
688320.SH,20250115,47.32,11.9108,0.92,133.4314,,5.0969,6.4004,714596.677,499607.9008
688320.SH,20250114,46.48,14.6921,1.32,131.0628,,5.0064,6.2868,701911.5289,490739.1215
688320.SH,20250113,41.47,10.144,0.97,116.9358,,4.4668,5.6092,626253.6812,437843.1878
688320.SH,20250110,43.0,13.7887,1.51,121.25,,4.6316,5.8161,649358.7724,453997.0358
688320.SH,20250109,42.55,12.856,1.54,119.9811,,4.5831,5.7553,642563.1573,449245.904
688160.SH,20260702,134.0,8.494,2.0,168.6351,163.6873,9.3052,16.8904,1222283.68,1222283.68
688160.SH,20260701,124.0,7.6031,2.04,155.3952,150.8358,8.5746,15.5643,1126319.28,1126319.28
688160.SH,20260630,108.77,3.4197,0.96,136.3091,132.3098,7.5215,13.6527,987981.8394,987981.8394
688160.SH,20260629,100.13,3.3072,0.89,125.4816,121.7999,6.924,12.5682,909502.8186,909502.8186
688160.SH,20260626,102.9,3.5468,0.94,128.9529,125.1694,7.1155,12.9159,934663.338,934663.338
688160.SH,20260625,109.33,3.3838,0.93,137.0109,132.991,7.5602,13.723,993068.4426,993068.4426
688160.SH,20260624,114.84,5.03,1.57,143.916,139.6935,7.9412,14.4146,1043116.9848,1043116.9848
688160.SH,20260623,108.66,2.6324,0.82,136.1713,132.176,7.5138,13.6389,986982.6852,986982.6852
688160.SH,20260622,109.03,3.9908,1.34,136.635,132.6261,7.5394,13.6853,990343.4766,990343.4766
688160.SH,20260618,112.09,3.8709,1.39,140.4697,136.3483,7.751,14.0694,1018138.1298,1018138.1298
688160.SH,20260617,109.3,2.6257,0.88,136.9733,132.9545,7.5581,13.7192,992795.946,992795.946
688160.SH,20260616,112.27,2.9425,0.88,140.6953,136.5673,7.7635,14.092,1019773.1094,1019773.1094
688160.SH,20260615,111.15,2.5744,0.62,139.2917,135.2049,7.686,13.9514,1009599.903,1009599.903
688160.SH,20260612,108.02,2.8327,0.58,135.3692,131.3975,7.4696,13.5585,981169.4244,981169.4244
688160.SH,20260611,107.0,2.9506,0.59,134.091,130.1567,7.5558,13.4305,971904.6042,971904.6042
688160.SH,20260610,111.48,3.5495,0.7,139.7053,135.6063,7.8722,13.9928,1012597.4325,1012597.4325
688160.SH,20260609,118.77,4.7868,1.0,148.841,144.474,8.3869,14.9079,1078814.1107,1078814.1107
688160.SH,20260608,123.8,6.5333,1.59,155.1445,150.5926,8.7421,15.5392,1124502.7103,1124502.7103
688160.SH,20260605,122.0,6.594,1.81,152.8888,148.403,8.615,15.3133,1108152.9132,1108152.9132
688160.SH,20260604,109.56,3.5581,0.95,137.2991,133.2708,7.7366,13.7518,995157.6489,995157.6489
688160.SH,20260603,106.45,3.7754,0.92,133.4017,129.4877,7.517,13.3615,966908.8329,966908.8329
688160.SH,20260602,106.32,3.5446,0.75,133.2388,129.3296,7.5078,13.3451,965728.0142,965728.0142
688160.SH,20260601,105.5,3.0807,0.61,132.2112,128.3321,7.4499,13.2422,958279.7733,958279.7733
688160.SH,20260529,110.93,4.2352,0.78,139.016,134.9373,7.8333,13.9238,1007601.6612,1007601.6612
688160.SH,20260528,119.73,4.0363,0.63,150.0441,145.6418,8.4547,15.0284,1087534.0024,1087534.0024
688160.SH,20260527,123.93,5.6943,0.94,155.3074,150.7507,8.7513,15.5555,1125683.529,1125683.529
688160.SH,20260526,134.53,6.6274,1.12,168.5912,163.6447,9.4998,16.886,1221965.6673,1221965.6673
688160.SH,20260525,141.45,4.8482,0.8,177.2633,172.0624,9.9885,17.7546,1284821.5539,1284821.5539
688160.SH,20260522,142.0,6.0851,0.98,177.9525,172.7314,10.0273,17.8237,1289817.3252,1289817.3252
688160.SH,20260521,138.69,8.5529,1.64,173.8045,168.705,9.7936,17.4082,1259751.865,1259751.865
688160.SH,20260520,128.9,4.2871,0.86,161.5358,156.7963,9.1023,16.1794,1170827.1353,1170827.1353
688160.SH,20260519,133.7,5.7078,1.18,167.5511,162.6351,9.4412,16.7819,1214426.5942,1214426.5942
688160.SH,20260518,128.74,5.7877,1.28,161.3353,156.6017,9.091,16.1593,1169373.82,1169373.82
688160.SH,20260515,128.0,6.5908,1.5,160.4079,155.7015,9.0387,16.0664,1162652.2368,1162652.2368
688160.SH,20260514,118.07,3.65,0.8,147.9638,143.6225,8.1646,14.82,1072455.8562,1072455.8562
688160.SH,20260513,121.9,3.2081,0.73,152.7635,148.2814,8.4294,15.3007,1107244.5911,1107244.5911
688160.SH,20260512,123.6,4.8891,1.24,154.8939,150.3493,8.547,15.5141,1122686.0662,1122686.0662
688160.SH,20260511,120.85,4.2047,1.22,151.4476,147.0041,8.3568,15.1689,1097707.2095,1097707.2095
688160.SH,20260508,122.31,6.0731,2.21,153.2773,148.7801,8.4577,15.3522,1110968.7116,1110968.7116
688160.SH,20260507,116.8,4.3352,1.87,146.3722,142.0776,8.0767,14.6606,1060920.1661,1060920.1661
688160.SH,20260506,110.3,2.4969,1.15,138.2265,134.1709,7.6273,13.8447,1001879.2322,1001879.2322
688160.SH,20260430,107.42,2.5747,1.19,134.6173,130.6676,7.4281,13.4832,975719.5569,975719.5569
688160.SH,20260429,102.6,1.764,0.78,128.577,124.8045,7.0948,12.8782,931938.4336,931938.4336
688160.SH,20260428,101.4,2.5391,1.17,127.0731,123.3448,7.0118,12.7276,921038.5688,921038.5688
688160.SH,20260427,107.26,2.24,1.05,134.4168,134.4168,7.5185,13.4631,974266.2416,974266.2416
688160.SH,20260424,104.78,1.7043,0.75,131.3089,131.3089,7.3447,13.1518,951739.8545,951739.8545
688160.SH,20260423,105.0,2.5505,1.12,131.5846,131.5846,7.3601,13.1795,953738.163,953738.163
688160.SH,20260422,109.55,2.2985,0.99,137.2866,137.2866,7.679,13.7506,995066.8167,995066.8167
688160.SH,20260421,108.04,2.0636,0.9,135.3943,135.3943,7.5732,13.561,981351.1536,981351.1536
688160.SH,20260420,107.89,2.0899,0.93,135.2063,135.2063,7.5627,13.5422,979988.6705,979988.6705
688160.SH,20260417,110.1,2.3166,1.04,137.9759,137.9759,7.7176,13.8196,1000062.5881,1000062.5881
688160.SH,20260416,109.0,2.5872,1.24,136.5974,136.5974,7.6405,13.6815,990071.0454,990071.0454
688160.SH,20260415,107.59,2.5038,1.2,134.8304,134.8304,7.5416,13.5046,977263.7044,977263.7044
688160.SH,20260414,109.29,2.0031,1.05,136.9608,136.9608,7.6608,13.7179,992705.1794,992705.1794
688160.SH,20260413,106.2,1.7737,0.94,133.0884,133.0884,7.4442,13.3301,964638.0277,964638.0277
688160.SH,20260410,106.81,2.2475,1.27,133.8529,133.8529,7.487,13.4067,970178.7923,970178.7923
688160.SH,20260409,104.9,1.938,1.13,131.4593,131.4593,7.3531,13.1669,952829.8409,952829.8409
688160.SH,20260408,108.48,2.4432,1.6,135.9457,135.9457,7.604,13.6163,985347.7707,985347.7707
688160.SH,20260407,101.36,1.1115,0.71,127.023,127.023,7.1049,12.7226,920675.24,920675.24
688160.SH,20260403,102.55,1.6906,1.14,128.5143,128.5143,7.1884,12.8719,931484.2725,931484.2725
688160.SH,20260402,102.3,1.6653,1.16,190.056,127.4505,7.1685,16.9729,929213.4674,929213.4674
688160.SH,20260401,106.96,1.6883,1.19,198.7135,133.2562,7.495,17.7461,971541.2754,971541.2754
688160.SH,20260331,103.8,1.4857,1.03,192.8427,129.3193,7.2736,17.2218,942838.2983,942838.2983
688160.SH,20260330,105.5,1.26,0.77,196.001,131.4372,7.3927,17.5038,958279.7733,958279.7733
688160.SH,20260327,104.81,1.3062,0.81,194.7191,130.5776,7.3443,17.3894,952012.3511,952012.3511
688160.SH,20260326,103.25,1.4144,0.9,191.8209,128.634,7.235,17.1305,937842.527,937842.527
688160.SH,20260325,104.76,1.6271,1.13,194.6262,130.5153,7.3408,17.3811,951558.1901,951558.1901
688160.SH,20260324,101.64,1.5695,1.22,188.8298,126.6282,7.1222,16.8634,923218.5418,923218.5418
688160.SH,20260323,101.0,2.2622,2.21,187.6408,125.8309,7.0774,16.7572,917405.2806,917405.2806
688160.SH,20260320,105.81,1.2175,1.24,196.577,131.8234,7.4144,17.5553,961095.5717,961095.5717
688160.SH,20260319,108.89,1.151,1.17,202.2991,135.6606,7.6302,18.0663,989071.8911,989071.8911
688160.SH,20260318,112.99,0.9746,0.89,209.9162,140.7686,7.9175,18.7465,1026313.0956,1026313.0956
688160.SH,20260317,111.13,0.8048,0.59,206.4606,138.4513,7.7872,18.4379,1009418.3053,1009418.3053
688160.SH,20260316,114.4,0.9612,0.64,212.5357,142.5253,8.0163,18.9805,1039120.4366,1039120.4366
688160.SH,20260313,113.9,1.0037,0.67,211.6068,141.9024,7.9813,18.8975,1034578.8263,1034578.8263
688160.SH,20260312,115.68,1.1694,0.75,214.9137,144.12,8.106,19.1928,1050746.959,1050746.959
688160.SH,20260311,117.99,1.5407,0.98,219.2053,146.9979,8.2679,19.5761,1071729.1986,1071729.1986
688160.SH,20260310,119.2,2.1805,1.37,221.4533,148.5054,8.3527,19.7768,1082719.8955,1082719.8955
688160.SH,20260309,114.35,1.5651,0.93,212.4428,142.463,8.0128,18.9722,1038666.2756,1038666.2756
688160.SH,20260306,115.87,1.0184,0.58,215.2667,144.3567,8.1194,19.2244,1052472.7709,1052472.7709
688160.SH,20260305,115.2,1.541,0.87,214.022,143.522,8.0724,19.1132,1046387.0131,1046387.0131
688160.SH,20260304,114.7,1.5921,0.82,213.0931,142.899,8.0374,19.0302,1041845.4028,1041845.4028
688160.SH,20260303,115.25,2.2515,1.0,214.1149,143.5842,8.0759,19.1215,1046841.1742,1046841.1742
688160.SH,20260302,121.51,2.0075,0.89,225.7449,151.3833,8.5146,20.1601,1103702.1351,1103702.1351
688160.SH,20260227,125.3,1.3792,0.59,232.7861,186.441,8.9869,20.7889,1138127.5412,1138127.5412
688160.SH,20260226,124.69,1.5873,0.67,231.6528,185.5333,8.9432,20.6877,1132586.7766,1132586.7766
688160.SH,20260225,124.19,2.4901,0.99,230.7239,184.7893,8.9073,20.6048,1128045.1663,1128045.1663
688160.SH,20260224,122.16,3.7512,1.63,226.9525,181.7688,8.7617,20.2679,1109606.2285,1109606.2285
688160.SH,20260213,130.45,2.0387,0.74,242.3539,194.104,9.3563,21.6434,1184906.1273,1184906.1273
688160.SH,20260212,130.31,1.8293,0.67,242.0938,193.8956,9.3463,21.6201,1183634.4764,1183634.4764
688160.SH,20260211,128.48,1.7707,0.63,238.694,191.1727,9.215,21.3165,1167012.1827,1167012.1827
688160.SH,20260210,129.93,3.2315,1.15,241.3878,193.3302,9.319,21.5571,1180182.8526,1180182.8526
688160.SH,20260209,130.6,2.6299,0.88,242.6325,194.3271,9.3671,21.6683,1186268.6104,1186268.6104
688160.SH,20260206,129.8,4.2942,1.51,241.1463,193.1368,9.3097,21.5355,1179002.0339,1179002.0339
688160.SH,20260205,125.62,1.7171,0.57,233.3806,186.9171,9.0099,20.842,1141034.1718,1141034.1718
688160.SH,20260204,130.0,2.2306,0.74,241.5179,193.4344,9.324,21.5687,1180818.678,1180818.678
688160.SH,20260203,131.85,3.1609,1.02,244.9548,196.1871,9.4567,21.8756,1197622.6361,1197622.6361
688160.SH,20260202,125.52,3.5032,1.04,233.1948,186.7683,9.0027,20.8254,1140125.8497,1140125.8497
688160.SH,20260130,130.45,3.6485,1.03,242.3539,194.104,9.3563,21.6434,1184906.1273,1184906.1273
688160.SH,20260129,130.0,2.4436,0.66,241.5179,193.4344,9.324,21.5687,1180818.678,1180818.678
688160.SH,20260128,135.17,2.3768,0.55,251.1228,201.1271,9.6949,22.4265,1227778.9285,1227778.9285
688160.SH,20260127,139.01,3.4616,0.78,258.2569,206.8409,9.9703,23.0636,1262658.4956,1262658.4956
688160.SH,20260126,134.7,4.9196,1.11,250.2497,200.4278,9.6611,22.3485,1223509.8148,1223509.8148
688160.SH,20260123,147.39,4.4437,0.96,273.8255,219.3099,10.5713,24.4539,1338775.8842,1338775.8842
688160.SH,20260122,143.7,3.2889,0.72,266.9701,213.8194,10.3067,23.8417,1305258.8002,1305258.8002
688160.SH,20260121,143.04,5.4841,1.17,265.744,212.8373,10.2593,23.7322,1299263.8746,1299263.8746
688160.SH,20260120,148.99,4.5364,0.81,276.798,221.6907,10.6861,24.7194,1353309.0372,1251516.0
688160.SH,20260119,159.98,5.0712,0.86,297.2156,238.0433,11.4743,26.5428,1453133.6316,1343832.0
688160.SH,20260116,155.62,5.9937,1.0,289.1154,231.5558,11.1616,25.8194,1413530.7898,1307208.0
688160.SH,20260115,145.28,3.187,0.52,269.9055,216.1703,10.42,24.1039,1319610.2888,1220352.0
688160.SH,20260114,150.0,6.4982,1.14,278.6744,223.1935,10.7585,24.887,1362483.09,1260000.0
688160.SH,20260113,162.5,7.2691,1.34,301.8973,241.793,11.6551,26.9609,1476023.3475,1365000.0
688160.SH,20260112,147.45,6.6334,1.17,273.937,219.3992,10.5756,24.4639,1339320.8775,1238580.0
688160.SH,20260109,147.13,6.5281,1.02,273.3425,218.9231,10.5527,24.4108,1336414.2469,1235892.0
688160.SH,20260108,139.15,3.8489,0.55,258.517,207.0492,9.9803,23.0868,1263930.1465,1168860.0
688160.SH,20260107,140.0,4.3213,0.58,260.0961,208.3139,10.0413,23.2278,1271650.884,1176000.0
688160.SH,20260106,144.1,5.8592,0.87,267.7132,214.4146,10.3353,23.9081,1308892.0885,1210440.0
688160.SH,20260105,147.0,7.8373,1.35,273.101,218.7296,10.5433,24.3892,1335233.4282,1234800.0
688160.SH,20251231,152.5,9.9928,2.45,283.319,226.9134,10.9378,25.3018,1385191.1415,1281000.0
688160.SH,20251230,145.99,7.1583,2.37,271.2245,217.2268,10.4709,24.2217,1326059.3754,1226316.0
688160.SH,20251229,121.66,6.1983,2.55,226.0236,181.0248,8.7259,20.185,1105064.6182,1021944.0
688160.SH,20251226,101.38,2.5439,1.14,188.3468,150.849,7.2713,16.8203,920856.9044,851592.0
688160.SH,20251225,102.98,3.2162,1.71,191.3193,153.2298,7.3861,17.0857,935390.0574,865032.0
688160.SH,20251224,96.65,1.254,0.65,179.5592,143.811,6.9321,16.0355,877893.271,811860.0
688160.SH,20251223,96.34,1.8717,0.97,178.9833,143.3497,6.9098,15.9841,875077.4726,809256.0
688160.SH,20251222,100.0,3.2851,2.09,185.783,148.7957,7.1723,16.5913,908322.06,840000.0
688160.SH,20251219,94.82,1.5696,0.92,176.1594,141.0881,6.8008,15.7319,861270.9773,796488.0
688160.SH,20251218,95.13,1.4202,0.77,176.7353,141.5493,6.8231,15.7833,864086.7757,799092.0
688160.SH,20251217,97.92,1.5555,0.72,181.9187,145.7007,7.0232,16.2462,889428.9612,822528.0
688160.SH,20251216,96.91,1.7898,0.77,180.0423,144.1979,6.9507,16.0786,880254.9083,814044.0
688160.SH,20251215,100.68,1.507,0.52,187.0463,149.8075,7.2211,16.7041,914498.65,845712.0
688160.SH,20251212,103.55,2.2139,0.57,192.3783,154.0779,7.427,17.1803,940567.4931,869820.0
688160.SH,20251211,104.61,2.1919,0.51,194.3476,155.6551,7.503,17.3562,950195.707,878724.0
688160.SH,20251210,108.5,3.1731,0.8,201.5745,161.4433,7.782,18.0016,985529.4351,911400.0
688160.SH,20251209,105.08,2.5846,0.7,195.2207,156.3545,7.5367,17.4342,954464.8206,882672.0
688160.SH,20251208,108.78,4.4541,1.36,202.0947,161.8599,7.8021,18.048,988072.7369,913752.0
688160.SH,20251205,107.88,7.0621,2.52,200.4227,160.5208,7.7375,17.8987,979897.8383,906192.0
688160.SH,20251204,96.16,4.3001,2.0,178.6489,143.0819,6.8969,15.9542,873442.4929,807744.0
688160.SH,20251203,91.16,1.5062,0.68,169.3597,135.6421,6.5383,15.1246,828026.3899,765744.0
688160.SH,20251202,94.19,1.2303,0.52,174.989,140.1506,6.7556,15.6274,855548.5483,791196.0
688160.SH,20251201,96.25,2.3086,1.06,178.8161,143.2158,6.9034,15.9691,874259.9828,808500.0
688160.SH,20251128,98.81,4.6484,2.72,183.5721,147.025,7.087,16.3939,897513.0275,830004.0
688160.SH,20251127,87.95,1.0432,0.6,163.3961,130.8658,6.3081,14.5921,798869.2518,738780.0
688160.SH,20251126,88.0,1.8689,1.19,163.489,130.9402,6.3117,14.6004,799323.4128,739200.0
688160.SH,20251125,86.91,2.0003,1.46,161.464,129.3183,6.2335,14.4195,789422.7023,730044.0
688160.SH,20251124,84.42,1.348,0.99,156.838,125.6133,6.0549,14.0064,766805.4831,709128.0
688160.SH,20251121,84.0,2.294,1.99,156.0577,124.9884,6.0248,13.9367,762990.5304,705600.0
688160.SH,20251120,83.74,1.1195,0.86,155.5747,124.6015,6.0061,13.8936,760628.893,703416.0
688160.SH,20251119,85.54,1.0748,0.69,158.9187,127.2798,6.1352,14.1922,776978.6901,718536.0
688160.SH,20251118,87.15,1.0039,0.55,161.9099,129.6754,6.2507,14.4593,791602.6753,732060.0
688160.SH,20251117,88.26,1.3168,0.72,163.972,131.3271,6.3303,14.6435,801685.0502,741384.0
688160.SH,20251114,87.7,1.25,0.64,162.9317,130.4938,6.2901,14.5506,796598.4466,736680.0
688160.SH,20251113,91.58,1.8258,0.86,170.14,136.2671,6.5684,15.1943,831841.3425,769272.0
688160.SH,20251112,93.16,2.41,1.09,173.0754,138.618,6.6818,15.4565,846192.8311,782544.0
688160.SH,20251111,94.02,2.33,1.04,174.6731,139.8977,6.7434,15.5992,854004.4008,789768.0
688160.SH,20251110,92.09,1.3347,0.47,171.0875,137.0259,6.605,15.2789,836473.7851,773556.0
688160.SH,20251107,95.0,1.8863,0.54,176.4938,141.3559,6.8137,15.7617,862905.957,798000.0
688160.SH,20251106,99.73,2.6801,0.58,185.2813,148.3939,7.153,16.5465,905869.5904,837732.0
688160.SH,20251105,97.81,2.8443,0.66,181.7143,145.537,7.0153,16.228,888429.8069,821604.0
688160.SH,20251104,95.99,2.487,0.59,178.3331,142.829,6.8847,15.926,871898.3454,806316.0
688160.SH,20251103,97.61,4.3856,1.23,181.3428,145.2395,7.0009,16.1948,886613.1628,819924.0
688160.SH,20251031,102.92,5.1863,1.88,191.2078,153.1405,7.3818,17.0758,934845.0642,864528.0
688160.SH,20251030,101.31,8.0148,5.91,188.2167,150.7449,7.2663,16.8087,920221.079,851004.0
688160.SH,20251029,88.79,1.4258,1.06,164.9567,155.0569,6.497,14.7314,806499.1571,745836.0
688160.SH,20251028,88.2,1.9315,1.66,163.8606,154.0266,6.4539,14.6335,801140.0569,740880.0
688160.SH,20251027,85.88,1.2693,1.08,159.5504,149.9751,6.2841,14.2486,780066.9851,721392.0
688160.SH,20251024,85.4,1.1641,0.96,158.6587,149.1368,6.249,14.169,775707.0392,717360.0
688160.SH,20251023,83.3,0.9883,0.79,154.7572,145.4695,6.0953,13.8206,756632.276,699720.0
688160.SH,20251022,84.39,1.3449,0.94,156.7822,147.373,6.1751,14.0014,766532.9864,708876.0
688160.SH,20251021,84.87,1.0471,0.64,157.674,148.2113,6.2102,14.081,770892.9323,712908.0
688160.SH,20251020,83.52,1.3138,0.67,155.1659,145.8537,6.1114,13.8571,758630.5845,701568.0
688160.SH,20251017,81.97,1.3624,0.62,152.2863,143.1469,5.998,13.5999,744551.5926,688548.0
688160.SH,20251016,85.33,1.2088,0.5,158.5286,149.0146,6.2439,14.1574,775071.2138,716772.0
688160.SH,20251015,87.55,2.1897,0.89,162.653,152.8915,6.4063,14.5257,795235.9635,735420.0
688160.SH,20251014,84.56,2.1283,0.85,157.0981,147.6699,6.1875,14.0296,768077.1339,710304.0
688160.SH,20251013,89.5,2.8898,1.2,166.2758,156.2968,6.549,14.8492,812948.2437,751800.0
688160.SH,20251010,95.31,2.484,0.96,177.0697,166.443,6.9741,15.8132,865721.7554,800604.0
688160.SH,20251009,100.7,2.4908,0.77,187.0834,175.8557,7.3685,16.7075,914680.3144,845880.0
688160.SH,20250930,103.55,2.3332,0.72,192.3783,180.8328,7.5771,17.1803,940567.4931,869820.0
688160.SH,20250929,102.8,2.2839,0.69,190.9849,179.523,7.5222,17.0559,933755.0777,863520.0
688160.SH,20250926,100.31,2.4294,0.67,186.3589,175.1747,7.34,16.6427,911137.8584,842604.0
688160.SH,20250925,104.9,3.3792,0.84,194.8863,183.1903,7.6759,17.4043,952829.8409,881160.0
688160.SH,20250924,109.1,5.7384,1.43,202.6892,190.5249,7.9832,18.1011,990979.3675,916440.0
688160.SH,20250923,95.64,2.4378,0.5,177.6828,167.0193,6.9983,15.8679,868719.2182,803376.0
688160.SH,20250922,97.54,2.5574,0.51,181.2127,170.3373,7.1373,16.1832,885977.3373,819336.0
688160.SH,20250919,95.33,3.959,0.84,177.1069,166.4779,6.9756,15.8165,865903.4198,800772.0
688160.SH,20250918,101.38,5.4428,1.33,188.3468,177.0432,7.4183,16.8203,920856.9044,851592.0
688160.SH,20250917,104.56,5.7162,1.7,194.2547,182.5966,7.651,17.3479,949741.5459,878304.0
688160.SH,20250916,102.78,6.8383,2.51,190.9477,179.4881,7.5207,17.0526,933573.4133,863352.0
688160.SH,20250915,91.18,3.3156,1.25,169.3969,159.2306,6.6719,15.128,828208.0543,765912.0
688160.SH,20250912,89.6,2.2995,0.91,166.4615,156.4714,6.5563,14.8658,813856.5658,752640.0
688160.SH,20250911,90.77,2.3231,0.89,168.6352,158.5147,6.6419,15.0599,824483.9339,762468.0
688160.SH,20250910,89.0,2.0051,0.74,165.3468,155.4236,6.5124,14.7663,808406.6334,747600.0
688160.SH,20250909,92.1,3.6952,1.25,171.1061,160.8373,6.7392,15.2806,836564.6173,773640.0
688160.SH,20250908,90.06,2.9849,1.05,167.3161,157.2748,6.59,14.9421,818034.8472,756504.0
688160.SH,20250905,86.11,1.6082,0.54,159.9777,150.3767,6.3009,14.2868,782156.1259,723324.0
688160.SH,20250904,83.76,2.7792,0.89,155.6118,146.2729,6.129,13.8969,760810.5575,703584.0
688160.SH,20250903,89.2,2.5271,0.78,165.7184,155.7729,6.527,14.7995,810223.2775,749280.0
688160.SH,20250902,93.75,4.8368,1.72,174.1715,163.7187,6.86,15.5544,851551.9313,787500.0
688160.SH,20250901,90.3,2.4104,0.81,167.762,157.6939,6.6075,14.982,820214.8202,758520.0
688160.SH,20250829,89.21,2.4014,0.78,165.737,155.7904,6.5278,14.8011,810314.1097,749364.0
688160.SH,20250828,89.81,3.3847,1.18,166.8517,166.732,6.6912,14.9007,815764.0421,754404.0
688160.SH,20250827,91.02,3.0934,1.12,169.0997,168.9784,6.7814,15.1014,826754.739,764568.0
688160.SH,20250826,93.88,2.7501,0.96,174.413,174.288,6.9944,15.5759,852732.7499,788592.0
688160.SH,20250825,97.67,3.1885,1.19,181.4542,181.3241,7.2768,16.2047,887158.156,820428.0
688160.SH,20250822,94.86,2.9583,1.16,176.2337,176.1073,7.0675,15.7385,861634.3061,796824.0
688160.SH,20250821,92.9,2.3395,0.98,172.5924,172.4686,6.9214,15.4133,843831.1937,780360.0
688160.SH,20250820,95.47,2.5419,1.19,177.367,177.2398,7.1129,15.8397,867175.0707,801948.0
688160.SH,20250819,97.59,3.307,1.94,181.3056,181.1756,7.2709,16.1915,886431.4984,819756.0
688160.SH,20250818,95.24,2.282,1.4,176.9397,176.8128,7.0958,15.8016,865085.9299,800016.0
688160.SH,20250815,93.55,2.3066,1.59,173.8,173.6753,6.9699,15.5212,849735.2871,785820.0
688160.SH,20250814,93.0,1.4979,1.01,172.7782,172.6543,6.9289,15.4299,844739.5158,781200.0
688160.SH,20250813,95.11,1.2911,0.73,176.6982,176.5715,7.0861,15.78,863905.1113,798924.0
688160.SH,20250812,93.91,1.146,0.6,174.4688,174.3437,6.9967,15.5809,853005.2465,788844.0
688160.SH,20250811,93.76,1.9184,1.02,174.1901,174.0652,6.9855,15.556,851642.7635,787584.0
688160.SH,20250808,94.3,1.4108,0.75,175.1933,175.0677,7.0257,15.6456,856547.7026,792120.0
688160.SH,20250807,97.97,1.6268,0.88,182.0116,181.881,7.2992,16.2545,889883.1222,822948.0
688160.SH,20250806,100.5,2.7978,1.78,186.7119,186.578,7.4877,16.6743,912863.6703,844200.0
688160.SH,20250805,96.47,1.7777,1.19,179.2248,179.0963,7.1874,16.0056,876258.2913,810348.0
688160.SH,20250804,98.85,1.785,1.23,183.6465,183.5148,7.3647,16.4005,897876.3563,830340.0
688160.SH,20250801,93.6,1.3837,0.92,173.8929,173.7682,6.9736,15.5295,850189.4482,786240.0
688160.SH,20250731,95.2,1.4832,1.07,176.8654,176.7386,7.0928,15.7949,864722.6011,799680.0
688160.SH,20250730,94.2,1.4401,1.05,175.0076,174.8821,7.0183,15.629,855639.3805,791280.0
688160.SH,20250729,96.8,1.3947,0.91,179.8379,179.7089,7.212,16.0604,879255.7541,813120.0
688160.SH,20250728,97.2,1.5288,0.9,180.581,180.4515,7.2418,16.1268,882889.0423,816480.0
688160.SH,20250725,99.41,1.6805,0.98,184.6868,184.5544,7.4064,16.4934,902962.9598,835044.0
688160.SH,20250724,96.8,0.8902,0.45,179.8379,179.7089,7.212,16.0604,879255.7541,813120.0
688160.SH,20250723,95.88,1.3527,0.55,164.7302,164.6121,10.5618,14.7112,805392.0,805392.0
688160.SH,20250722,98.3,2.1705,0.84,168.888,168.7669,10.8284,15.0825,825720.0,825720.0
688160.SH,20250721,100.18,2.4232,0.79,172.118,171.9946,11.0355,15.371,841512.0,841512.0
688160.SH,20250718,96.55,1.7188,0.56,165.8814,165.7624,10.6357,14.814,811020.0,811020.0
688160.SH,20250717,96.06,2.3275,0.82,165.0395,164.9211,10.5817,14.7388,806904.0,806904.0
688160.SH,20250716,96.61,3.5545,1.32,165.9844,165.8654,10.6423,14.8232,811524.0,811524.0
688160.SH,20250715,91.83,2.9403,1.25,157.772,157.6588,10.1157,14.0898,771372.0,771372.0
688160.SH,20250714,93.51,4.7378,2.79,160.6584,160.5432,10.3008,14.3476,785484.0,785484.0
688160.SH,20250711,83.85,1.7259,1.0,144.0616,143.9583,9.2367,12.8654,704340.0,704340.0
688160.SH,20250710,82.12,1.2091,0.58,141.0894,140.9882,9.0461,12.6,689808.0,689808.0
688160.SH,20250709,83.0,2.8456,1.58,142.6013,142.499,9.143,12.735,697200.0,697200.0
688160.SH,20250708,81.94,1.2565,0.71,140.7801,140.6791,9.0263,12.5723,688296.0,688296.0
688160.SH,20250707,79.91,1.4524,0.88,137.2924,137.1939,8.8026,12.2609,671244.0,671244.0
688160.SH,20250704,82.41,1.8958,1.3,141.5876,141.4861,9.078,12.6445,692244.0,692244.0
688160.SH,20250703,85.81,3.0231,2.61,147.4291,147.3234,9.4526,13.1661,720804.0,720804.0
688160.SH,20250702,85.05,1.4054,1.08,146.1234,146.0186,9.3688,13.0495,714420.0,714420.0
688160.SH,20250701,84.7,1.0625,0.68,145.522,145.4177,9.3303,12.9958,711480.0,711480.0
688160.SH,20250630,85.7,0.8613,0.55,147.2401,147.1345,9.4405,13.1493,719880.0,719880.0
688160.SH,20250627,84.77,0.9428,0.57,145.6423,145.5378,9.338,13.0066,712068.0,712068.0
688160.SH,20250626,85.52,1.5301,0.86,146.9309,146.8255,9.4206,13.1216,718368.0,718368.0
688160.SH,20250625,86.71,2.1364,1.34,148.9754,148.8685,9.5517,13.3042,728364.0,728364.0
688160.SH,20250624,84.83,2.3717,1.69,145.7454,145.6409,9.3446,13.0158,712572.0,712572.0
688160.SH,20250623,80.01,0.8231,0.49,137.4642,137.3656,8.8137,12.2762,672084.0,672084.0
688160.SH,20250620,79.61,1.3693,0.85,136.777,136.6789,8.7696,12.2148,668724.0,668724.0
688160.SH,20250619,82.85,2.1933,1.62,142.3436,142.2415,9.1265,12.712,695940.0,695940.0
688160.SH,20250618,81.78,1.219,0.92,140.5052,140.4044,9.0086,12.5478,686952.0,686952.0
688160.SH,20250617,80.45,1.4231,0.99,138.2201,138.121,8.8621,12.3437,675780.0,675780.0
688160.SH,20250616,82.82,2.2733,1.81,142.292,142.19,9.1232,12.7074,695688.0,695688.0
688160.SH,20250613,86.0,0.9238,0.64,147.7555,147.6496,9.4735,13.1953,722400.0,722400.0
688160.SH,20250612,86.9,0.9291,0.49,149.3018,149.1948,9.5726,13.3334,729960.0,729960.0
688160.SH,20250611,85.9,1.0469,0.55,147.5837,147.4779,9.4625,13.1799,721560.0,721560.0
688160.SH,20250610,85.17,2.0416,1.2,146.3295,146.2246,9.3821,13.0679,715428.0,715428.0
688160.SH,20250609,88.3,1.3302,0.79,151.7071,151.5983,9.7269,13.5482,741720.0,741720.0
688160.SH,20250606,89.38,1.8828,1.17,153.5627,153.4526,9.8458,13.7139,750792.0,750792.0
688160.SH,20250605,90.6,3.1594,2.58,155.6587,155.5471,9.9802,13.9011,761040.0,761040.0
688160.SH,20250604,83.55,1.0579,0.83,143.5462,143.4433,9.2036,12.8194,701820.0,701820.0
688160.SH,20250603,83.23,1.1021,0.78,142.9964,142.8939,9.1684,12.7703,699132.0,699132.0
688160.SH,20250530,83.23,1.2497,0.84,142.9964,142.8939,9.1684,12.7703,699132.0,699132.0
688160.SH,20250529,86.78,1.4455,0.97,149.0956,148.9887,9.2536,13.315,728952.0,728952.0
688160.SH,20250528,85.3,1.2601,0.87,146.5529,146.4478,9.0958,13.0879,716520.0,716520.0
688160.SH,20250527,86.0,1.296,0.93,147.7555,147.6496,9.1704,13.1953,722400.0,722400.0
688160.SH,20250526,88.31,1.7845,1.24,151.7243,151.6155,9.4168,13.5497,741804.0,741804.0
688160.SH,20250523,89.34,1.6935,1.13,153.4939,153.3839,9.5266,13.7077,750456.0,750456.0
688160.SH,20250522,89.82,1.4173,0.92,154.3186,154.208,9.5778,13.7814,754488.0,754488.0
688160.SH,20250521,92.25,1.0455,0.62,158.4936,158.3799,9.8369,14.1542,774900.0,774900.0
688160.SH,20250520,92.8,1.0218,0.58,159.4385,159.3242,9.8955,14.2386,779520.0,779520.0
688160.SH,20250519,92.8,1.9948,1.14,159.4385,159.3242,9.8955,14.2386,779520.0,779520.0
688160.SH,20250516,93.68,1.9941,1.2,160.9504,160.835,9.9894,14.3736,786912.0,786912.0
688160.SH,20250515,96.67,1.6619,1.01,166.0875,165.9684,10.3082,14.8324,812028.0,812028.0
688160.SH,20250514,96.95,1.7694,0.97,166.5686,166.4491,10.3381,14.8754,814380.0,814380.0
688160.SH,20250513,99.62,1.391,0.72,171.1559,171.0332,10.6228,15.285,836808.0,836808.0
688160.SH,20250512,102.85,1.9029,0.96,176.7053,176.5786,10.9672,15.7806,863940.0,863940.0
688160.SH,20250509,99.66,1.5643,0.8,171.2246,171.1018,10.627,15.2912,837144.0,837144.0
688160.SH,20250508,102.99,1.5984,0.83,176.9458,176.819,10.9821,15.8021,865116.0,865116.0
688160.SH,20250507,103.9,2.6735,1.54,178.5093,178.3813,11.0792,15.9417,872760.0,872760.0
688160.SH,20250506,105.82,1.9473,1.13,181.808,181.6777,11.2839,16.2363,888888.0,888888.0
688160.SH,20250430,104.35,2.166,1.1,179.2824,179.1539,11.1272,16.0108,876540.0,876540.0
688160.SH,20250429,99.5,1.4339,0.73,170.9497,170.8271,10.61,15.2666,835800.0,835800.0
688160.SH,20250428,99.28,1.4036,0.67,170.5717,170.4494,10.5865,15.2329,833952.0,833952.0
688160.SH,20250425,101.47,1.7344,0.86,174.3344,174.2093,10.8201,15.5689,852348.0,852348.0
688160.SH,20250424,104.35,1.891,0.92,144.4448,177.7236,11.3244,17.3065,876540.0,876540.0
688160.SH,20250423,108.65,3.3735,1.9,150.397,185.0472,11.791,18.0197,912660.0,912660.0
688160.SH,20250422,97.78,1.4047,0.67,135.3504,166.5339,10.6114,16.2169,821352.0,821352.0
688160.SH,20250421,99.11,2.0225,0.89,137.1914,168.7991,10.7557,16.4374,832524.0,832524.0
688160.SH,20250418,97.91,1.4346,0.53,135.5303,166.7553,10.6255,16.2384,822444.0,822444.0
688160.SH,20250417,99.0,2.0668,0.68,137.0391,168.6118,10.7438,16.4192,831600.0,831600.0
688160.SH,20250416,102.27,1.9515,0.58,141.5656,174.1811,11.0986,16.9615,859068.0,859068.0
688160.SH,20250415,104.88,3.0022,0.84,145.1784,178.6263,11.3819,17.3944,880992.0,880992.0
688160.SH,20250414,98.57,2.9071,0.83,136.4439,167.8794,10.6971,16.3479,827988.0,827988.0
688160.SH,20250411,91.81,3.6594,1.15,127.0865,156.3661,9.9635,15.2267,771204.0,771204.0
688160.SH,20250410,83.8,3.6295,1.27,115.9988,142.7239,9.0942,13.8983,703920.0,703920.0
688160.SH,20250409,74.7,3.542,1.48,103.4022,127.2252,8.1067,12.389,627480.0,627480.0
688160.SH,20250408,72.14,4.2364,2.17,99.8586,122.8652,7.8289,11.9645,605976.0,605976.0
688160.SH,20250407,76.46,2.4818,1.44,105.8385,130.2228,8.2977,12.6809,642264.0,642264.0
688160.SH,20250403,95.58,1.9845,1.28,132.305,162.787,10.3726,15.852,802872.0,802872.0
688160.SH,20250402,95.61,2.031,1.41,132.3466,162.8381,10.3759,15.857,803124.0,803124.0
688160.SH,20250401,91.45,1.2597,0.74,126.5882,155.753,9.9244,15.167,768180.0,768180.0
688160.SH,20250331,93.11,1.9839,1.07,128.886,158.5802,10.1046,15.4423,782124.0,782124.0
688160.SH,20250328,92.96,1.3556,0.63,128.6784,158.3248,10.0883,15.4175,780864.0,780864.0
688160.SH,20250327,95.32,1.1195,0.47,131.9451,162.3442,10.3444,15.8089,800688.0,800688.0
688160.SH,20250326,96.6,1.4948,0.58,133.717,164.5242,10.4833,16.0212,811440.0,811440.0
688160.SH,20250325,96.32,2.6052,1.06,133.3294,164.0473,10.4529,15.9747,809088.0,809088.0
688160.SH,20250324,96.0,2.7058,1.12,132.8864,163.5023,10.4182,15.9216,806400.0,806400.0
688160.SH,20250321,98.2,2.817,1.06,135.9317,167.2493,10.657,16.2865,824880.0,824880.0
688160.SH,20250320,105.7,2.3162,0.74,146.3135,180.0229,11.4709,17.5304,887880.0,887880.0
688160.SH,20250319,110.53,2.4001,0.64,152.9993,188.2491,11.995,18.3315,928452.0,928452.0
688160.SH,20250318,109.95,2.0401,0.46,152.1965,187.2613,11.9321,18.2353,923580.0,923580.0
688160.SH,20250317,113.08,2.5058,0.48,156.5291,192.5921,12.2718,18.7544,949872.0,949872.0
688160.SH,20250314,115.47,4.0325,0.79,159.8375,196.6626,12.5312,19.1508,969948.0,969948.0
688160.SH,20250313,109.69,4.6112,0.95,151.8366,186.8184,11.9039,18.1921,921396.0,921396.0
688160.SH,20250312,113.39,5.489,1.26,156.9582,193.1201,12.3054,18.8058,952476.0,952476.0
688160.SH,20250311,107.1,5.3633,1.35,148.2514,182.4073,11.6228,17.7626,899640.0,899640.0
688160.SH,20250310,105.1,6.3998,1.92,145.4829,179.001,11.4058,17.4309,882840.0,882840.0
688160.SH,20250307,97.6,3.6684,1.0,135.1012,166.2274,10.5918,16.187,819840.0,819840.0
688160.SH,20250306,96.21,3.2899,0.84,133.1771,163.86,10.441,15.9565,808164.0,808164.0
688160.SH,20250305,98.06,3.0876,0.71,135.7379,167.0108,10.6418,16.2633,823704.0,823704.0
688160.SH,20250304,99.08,3.3529,0.76,137.1499,168.748,10.7525,16.4325,832272.0,832272.0
688160.SH,20250303,94.0,3.3084,0.7,130.118,160.096,10.2012,15.5899,789600.0,789600.0
688160.SH,20250228,92.79,5.2592,1.16,128.443,158.0352,10.0699,15.3893,779436.0,779436.0
688160.SH,20250227,105.88,4.6468,1.02,146.5627,180.3294,11.4904,17.5602,889392.0,889392.0
688160.SH,20250226,96.85,5.0637,1.11,134.063,164.95,10.5105,16.0626,813540.0,813540.0
688160.SH,20250225,94.5,3.8595,0.88,130.8101,160.9476,10.2554,15.6729,793800.0,793800.0
688160.SH,20250224,92.88,4.894,1.21,128.5676,158.1885,10.0796,15.4042,780192.0,780192.0
688160.SH,20250221,89.5,4.2249,1.1,123.8889,152.4319,9.7128,14.8436,751800.0,751800.0
688160.SH,20250220,88.82,4.6854,1.31,122.9476,151.2737,9.639,14.7308,746088.0,746088.0
688160.SH,20250219,87.54,5.0902,1.48,121.1758,149.0937,9.5001,14.5186,735336.0,735336.0
688160.SH,20250218,80.5,3.1403,0.84,111.4308,137.1035,8.7361,13.351,676200.0,676200.0
688160.SH,20250217,82.8,3.1374,0.75,114.6145,141.0208,8.9857,13.7324,695520.0,695520.0
688160.SH,20250214,78.8,3.0775,0.66,109.0776,134.2082,8.5516,13.069,661920.0,661920.0
688160.SH,20250213,81.78,3.4465,0.68,113.2026,138.5652,9.0422,13.5633,686952.0,686952.0
688160.SH,20250212,86.15,4.3552,0.84,119.2517,145.9696,9.5254,14.288,723660.0,723660.0
688160.SH,20250211,83.02,4.7259,0.94,114.9191,140.6663,9.1793,13.7689,697368.0,697368.0
688160.SH,20250210,84.2,5.2964,1.02,116.5525,142.6656,9.3098,13.9646,707280.0,707280.0
688160.SH,20250207,79.41,5.6163,0.95,109.922,134.5496,8.7802,13.1702,667044.0,667044.0
688160.SH,20250206,82.04,5.2768,0.88,113.5625,139.0058,9.071,13.6064,689136.0,689136.0
688160.SH,20250205,77.04,4.8653,0.85,106.6414,130.534,8.5181,12.7771,647136.0,647136.0
688160.SH,20250127,75.81,4.1156,0.74,104.9387,128.4499,8.3821,12.5731,636804.0,636804.0
688160.SH,20250124,79.74,6.1886,1.14,110.3788,135.1087,8.8167,13.2249,669816.0,669816.0
688160.SH,20250123,80.6,8.9708,1.92,111.5692,136.5659,8.9118,13.3675,677040.0,677040.0
688160.SH,20250122,71.01,5.7372,1.28,98.2944,120.3169,7.8514,11.777,596484.0,596484.0
688160.SH,20250121,68.3,3.6692,0.74,94.5432,115.7252,7.5518,11.3276,573720.0,573720.0
688160.SH,20250120,66.66,3.3088,0.64,92.273,112.9464,7.3704,11.0556,559944.0,559944.0
688160.SH,20250117,67.5,5.3909,1.04,93.4358,114.3697,7.4633,11.1949,567000.0,567000.0
688160.SH,20250116,64.98,5.2671,1.03,89.9475,110.0999,7.1847,10.777,545832.0,545832.0
688160.SH,20250115,66.18,4.8253,0.99,91.6086,112.1331,7.3174,10.976,555912.0,555912.0
688160.SH,20250114,67.06,5.895,1.42,92.8267,113.6242,7.4147,11.1219,563304.0,563304.0
688160.SH,20250113,60.84,4.3107,1.15,84.2168,103.0852,6.7269,10.0903,511056.0,511056.0
688160.SH,20250110,61.7,5.4968,1.64,85.4072,104.5424,6.822,10.233,518280.0,518280.0
688160.SH,20250109,60.0,5.156,1.7,83.054,101.662,6.6341,9.951,504000.0,504000.0
300124.SZ,20260702,68.4,2.9181,1.51,36.6733,39.0666,5.0904,4.106,18520010.676,16486552.548
300124.SZ,20260701,68.2,1.9586,1.09,36.566,38.9523,5.0755,4.094,18465858.598,16438346.254
300124.SZ,20260630,66.33,1.7564,1.01,35.5634,37.8843,4.9364,3.9817,17959536.6687,15987617.4051
300124.SZ,20260629,65.23,2.0038,1.13,34.9736,37.256,4.8545,3.9157,17661700.2397,15722482.7881
300124.SZ,20260626,63.28,1.7869,1.03,33.9281,36.1423,4.7094,3.7986,17133717.4792,15252471.4216
300124.SZ,20260625,66.84,2.1454,1.37,35.8369,38.1756,4.9743,4.0123,18097624.4676,16110543.4548
300124.SZ,20260624,66.31,1.2829,0.81,35.5527,37.8729,4.9349,3.9805,17954121.4609,15982796.7757
300124.SZ,20260623,66.82,1.5133,0.97,35.8261,38.1642,4.9728,4.0111,18092209.2598,16105722.8254
300124.SZ,20260622,68.95,2.1157,1.35,36.9682,39.3807,5.1313,4.139,18668928.8905,16619119.8565
300124.SZ,20260618,71.18,1.6188,1.07,38.1638,40.6544,5.2973,4.2729,19272724.5602,17156620.0346
300124.SZ,20260617,69.75,1.2754,0.75,37.3971,39.8376,5.1909,4.187,18885537.2025,16811945.0325
300124.SZ,20260616,70.24,1.3846,0.78,37.6598,40.1175,5.2273,4.2164,19018209.7936,16930050.4528
300124.SZ,20260615,69.3,1.4185,0.72,37.1558,39.5806,5.1574,4.16,18763695.027,16703480.871
300124.SZ,20260612,67.16,2.1193,1.07,36.0084,38.3584,4.9981,4.0316,18184267.7924,16187673.5252
300124.SZ,20260611,69.21,1.3612,0.67,37.1076,39.5292,5.3496,4.1546,18739326.8964,16681788.1771
300124.SZ,20260610,70.1,2.2175,1.15,37.5847,40.0375,5.4184,4.208,18980303.6474,16896306.1872
300124.SZ,20260609,74.6,1.785,0.95,39.9975,42.6077,5.7662,4.4782,20198725.4222,17980947.8112
300124.SZ,20260608,74.52,2.3568,1.33,39.9546,42.562,5.76,4.4734,20177064.5907,17961665.2934
300124.SZ,20260605,75.08,2.2063,1.32,40.2548,42.8818,5.8033,4.507,20328690.4116,18096642.9178
300124.SZ,20260604,74.15,1.5304,0.9,39.7562,42.3507,5.7314,4.4512,20076883.2448,17872483.6488
300124.SZ,20260603,75.86,1.7431,0.98,40.673,43.3273,5.6456,4.5538,20539883.5192,18284647.4659
300124.SZ,20260602,76.47,1.5123,0.73,41.0001,43.6757,5.691,4.5904,20705047.3598,18431676.6638
300124.SZ,20260601,74.5,1.8572,0.91,39.9438,42.5506,5.5444,4.4722,20171649.3828,17956844.664
300124.SZ,20260529,73.96,1.6959,0.8,39.6543,42.2422,5.5042,4.4398,20025438.7698,17826687.6691
300124.SZ,20260528,76.95,1.7297,0.74,41.2574,43.9499,5.7267,4.6192,20835012.3491,18547371.7704
300124.SZ,20260527,78.1,2.109,0.97,41.8716,44.6041,5.812,4.688,21145149.191,18823320.3516
300124.SZ,20260526,80.88,2.946,1.56,43.362,46.1918,6.0188,4.8549,21897819.0342,19493343.7904
300124.SZ,20260525,78.83,1.7766,0.9,42.2629,45.021,5.8663,4.7318,21342792.711,18999261.7582
300124.SZ,20260522,78.99,2.0523,0.95,42.3487,45.1124,5.8782,4.7414,21386111.8386,19037824.2582
300124.SZ,20260521,77.77,2.7706,1.49,41.6946,44.4156,5.7874,4.6682,21055803.4902,18743785.1951
300124.SZ,20260520,76.76,1.3462,0.67,41.1532,43.8388,5.7122,4.6076,20782351.4968,18500359.4134
300124.SZ,20260519,77.8,1.4692,0.7,41.7107,44.4328,5.7896,4.67,21063925.8266,18751015.6639
300124.SZ,20260518,77.36,2.2698,1.05,41.4748,44.1815,5.7569,4.6436,20944798.2255,18644968.7887
300124.SZ,20260515,77.32,2.9836,1.51,41.4534,44.1586,5.7539,4.6412,20933968.4436,18635328.1637
300124.SZ,20260514,74.42,1.2078,0.49,39.8986,42.5024,5.5381,4.4671,20148809.2547,17936382.8497
300124.SZ,20260513,76.46,2.1165,0.85,40.9923,43.6675,5.6899,4.5896,20701128.1324,18428054.7257
300124.SZ,20260512,75.45,1.8482,0.71,40.4508,43.0907,5.6147,4.5289,20427676.1391,18184628.944
300124.SZ,20260511,77.49,2.6078,0.93,41.5445,44.2557,5.7666,4.6514,20979995.0168,18676300.82
300124.SZ,20260508,75.0,2.1173,0.72,40.2096,42.8337,5.5813,4.5019,20305841.0925,18076171.9125
300124.SZ,20260507,75.55,3.5998,1.42,40.5044,43.1478,5.6222,4.5349,20454750.5938,18208730.5065
300124.SZ,20260506,71.07,2.2944,0.97,38.1026,40.5892,5.2888,4.266,19241815.0193,17128980.5043
300124.SZ,20260430,68.6,2.3144,1.08,36.7784,39.1785,5.105,4.1178,18573075.9859,16533671.9093
300124.SZ,20260429,67.59,3.7033,2.26,36.2369,38.6017,5.0298,4.0571,18299623.9926,16290246.1275
300124.SZ,20260428,61.36,2.8027,2.12,32.8968,35.0436,4.5662,3.6832,16612885.4591,14788718.7807
300124.SZ,20260427,65.74,1.5528,1.2,41.5292,34.3194,5.1762,4.8048,17797320.8953,15768177.9328
300124.SZ,20260424,64.75,1.4395,1.08,40.9038,33.8025,5.0982,4.7324,17529305.2627,15530719.8228
300124.SZ,20260423,65.34,1.2731,0.9,41.2765,34.1105,5.1447,4.7755,17689031.7508,15672235.2621
300124.SZ,20260422,66.91,1.1687,0.84,42.2683,34.9302,5.2683,4.8903,18114066.6429,16048810.2447
300124.SZ,20260421,66.04,1.2159,0.89,41.7187,34.476,5.1998,4.8267,17878537.7536,15840134.9359
300124.SZ,20260420,66.52,1.3848,1.09,42.022,34.7266,5.2376,4.8618,18008484.727,15955266.1407
300124.SZ,20260417,65.66,1.6256,1.32,41.4787,34.2776,5.1699,4.7989,17775663.0664,15748989.3987
300124.SZ,20260416,66.84,1.7118,1.63,42.2241,34.8936,5.2628,4.8852,18095116.0426,16032020.2773
300124.SZ,20260415,67.9,1.0067,0.96,42.8937,35.447,5.3462,4.9626,18382082.2755,16286268.3547
300124.SZ,20260414,69.11,1.1392,1.21,43.6581,36.0787,5.4415,5.0511,18709656.9375,16576494.9336
300124.SZ,20260413,67.6,0.8858,1.06,42.7042,35.2904,5.3226,4.9407,18300865.4171,16214311.3517
300124.SZ,20260410,68.11,1.3915,1.94,43.0264,35.5566,5.3628,4.978,18438934.0763,16336638.2568
300124.SZ,20260409,66.04,0.8407,1.28,41.7187,34.476,5.1998,4.8267,17878537.7536,15840134.9359
300124.SZ,20260408,67.45,0.9783,1.68,42.6095,35.2121,5.3108,4.9297,18260256.9879,16178332.8502
300124.SZ,20260407,64.75,0.5922,1.05,40.9038,33.8025,5.0982,4.7324,17529305.2627,15530719.8228
300124.SZ,20260403,66.06,0.3756,0.59,41.7314,34.4864,5.2014,4.8282,17883952.2109,15844932.0694
300124.SZ,20260402,66.87,0.8064,1.37,42.2431,34.9093,5.2651,4.8874,18103237.7284,16039215.9776
300124.SZ,20260401,68.22,0.5252,0.81,43.0959,35.614,5.3714,4.986,18468713.5911,16363022.4913
300124.SZ,20260331,67.0,0.6094,0.91,42.3252,34.9771,5.2754,4.8969,18138431.7004,16070397.3456
300124.SZ,20260330,67.38,0.5097,0.62,42.5652,35.1755,5.3053,4.9246,18241306.3877,16161542.8828
300124.SZ,20260327,68.54,0.7143,0.8,43.298,35.7811,5.3966,5.0094,18555344.9066,16439776.6279
300124.SZ,20260326,67.52,0.5938,0.62,42.6537,35.2486,5.3163,4.9349,18279207.5882,16195122.8175
300124.SZ,20260325,68.01,0.8081,0.79,42.9632,35.5044,5.3549,4.9707,18411861.7902,16312652.5892
300124.SZ,20260324,66.1,0.7047,0.63,41.7566,34.5073,5.2045,4.8311,17894781.1253,15854526.3365
300124.SZ,20260323,65.33,1.2754,1.12,41.2702,34.1053,5.1439,4.7748,17686324.5222,15669836.6953
300124.SZ,20260320,68.75,1.0751,0.85,43.4307,35.8907,5.4132,5.0248,18612196.7075,16490146.53
300124.SZ,20260319,69.23,0.9039,0.69,43.7339,36.1413,5.451,5.0598,18742143.6809,16605277.7349
300124.SZ,20260318,70.0,1.1711,0.93,44.2203,36.5433,5.5116,5.1161,18950600.284,16789967.376
300124.SZ,20260317,71.2,1.1566,0.93,44.9784,37.1697,5.6061,5.2038,19275467.7174,17077795.3882
300124.SZ,20260316,71.8,1.3908,1.15,45.3574,37.483,5.6533,5.2477,19437901.4342,17221709.3942
300124.SZ,20260313,72.79,1.7166,1.57,45.9828,37.9998,5.7313,5.32,19705917.0667,17459167.5043
300124.SZ,20260312,71.16,1.0806,0.91,44.9531,37.1489,5.6029,5.2009,19264638.803,17068201.1211
300124.SZ,20260311,71.15,0.9625,0.8,44.9468,37.1436,5.6021,5.2002,19261931.5744,17065802.5543
300124.SZ,20260310,71.04,1.0461,0.82,44.8773,37.0862,5.5935,5.1921,19232152.0596,17039418.3199
300124.SZ,20260309,70.79,1.2467,0.98,44.7194,36.9557,5.5738,5.1739,19164471.3443,16979454.1507
300124.SZ,20260306,71.47,1.1228,0.89,45.149,37.3107,5.6273,5.2236,19348562.89,17142556.6909
300124.SZ,20260305,70.39,1.5665,1.39,44.4667,36.7469,5.5423,5.1446,19056182.1999,16883511.48
300124.SZ,20260304,67.99,1.0686,0.94,42.9506,35.494,5.3533,4.9692,18406447.333,16307855.4556
300124.SZ,20260303,69.01,1.3889,1.21,43.5949,36.0265,5.4336,5.0438,18682584.6514,16552509.266
300124.SZ,20260302,71.38,1.1861,1.11,45.0921,37.2637,5.6202,5.217,19324197.8325,17120969.59
300124.SZ,20260227,72.92,1.1305,1.12,46.065,38.0677,5.7415,5.3295,19741111.0387,17490348.8723
300124.SZ,20260226,73.8,0.871,0.78,46.6209,38.5271,5.8108,5.3939,19979347.1566,17701422.7478
300124.SZ,20260225,74.2,1.1234,0.96,46.8736,38.7359,5.8423,5.4231,20087636.301,17797365.4186
300124.SZ,20260224,74.35,1.4395,1.29,46.9683,38.8142,5.8541,5.4341,20128244.7302,17833343.9201
300124.SZ,20260213,75.12,0.7564,0.66,47.4547,39.2162,5.9147,5.4903,20336701.3333,18018033.5612
300124.SZ,20260212,75.8,0.8379,0.72,47.8843,39.5711,5.9683,5.54,20520792.879,18181136.1014
300124.SZ,20260211,75.45,1.4416,1.36,47.6632,39.3884,5.9407,5.5144,20426039.8775,18097186.2646
300124.SZ,20260210,78.37,1.3488,1.33,49.5078,40.9128,6.1706,5.7279,21216550.6322,18797567.7608
300124.SZ,20260209,76.85,1.212,1.15,48.5476,40.1193,6.0509,5.6168,20805051.8832,18432985.6121
300124.SZ,20260206,74.65,0.8937,0.77,47.1578,38.9708,5.8777,5.456,20209461.5886,17905300.9231
300124.SZ,20260205,74.53,0.9477,0.78,47.082,38.9082,5.8683,5.4472,20176974.8452,17876518.1219
300124.SZ,20260204,75.57,0.9125,0.65,47.739,39.4511,5.9502,5.5232,20458526.6209,18125969.0658
300124.SZ,20260203,75.43,1.1149,0.75,47.6506,39.378,5.9391,5.513,20420625.4203,18092389.131
300124.SZ,20260202,75.04,1.3925,0.9,47.4042,39.1744,5.9084,5.4845,20315043.5044,17998845.0271
300124.SZ,20260130,74.63,1.4025,0.88,47.1452,38.9604,5.8761,5.4545,20204047.1314,17900503.7896
300124.SZ,20260129,75.87,1.276,0.78,47.9285,39.6077,5.9738,5.5451,20539743.4792,18197926.0688
300124.SZ,20260128,76.41,1.8651,1.18,48.2697,39.8896,6.0163,5.5846,20685933.8243,18327448.6743
300124.SZ,20260127,78.44,1.4506,0.92,49.5521,40.9494,6.1761,5.733,21235501.2325,18814357.7282
300124.SZ,20260126,77.2,1.7453,1.16,48.7687,40.302,6.0785,5.6424,20899804.8846,18516935.449
300124.SZ,20260123,79.38,1.6521,1.06,50.1459,41.4401,6.2501,5.8017,21489980.7221,19039823.0044
300124.SZ,20260122,79.12,1.511,0.86,49.9816,41.3043,6.2297,5.7827,21419592.7781,18977460.2684
300124.SZ,20260121,80.08,1.5679,0.82,50.5881,41.8055,6.3053,5.8528,21679486.7249,19207722.6781
300124.SZ,20260120,79.38,1.4217,0.71,50.1459,41.4401,6.2501,5.8017,21489980.7221,19039823.0044
300124.SZ,20260119,80.27,1.339,0.62,50.7081,41.9047,6.3202,5.8667,21730924.0685,19253295.4467
300124.SZ,20260116,80.85,1.9581,0.95,51.0745,42.2075,6.3659,5.9091,21887943.328,19392412.3193
300124.SZ,20260115,80.84,2.5402,1.41,51.0682,42.2023,6.3651,5.9084,21885236.0994,19390013.7525
300124.SZ,20260114,77.95,2.3207,1.46,49.2425,40.6936,6.1375,5.6972,21102847.0305,18696827.9566
300124.SZ,20260113,78.33,1.827,1.18,49.4781,40.8883,6.168,5.7244,21203827.1109,18787499.8557
300124.SZ,20260112,80.85,2.2107,1.39,51.0639,42.1987,6.3656,5.9079,21883380.8817,19177715.4758
300124.SZ,20260109,78.3,1.3948,0.87,49.4533,40.8677,6.1649,5.7216,21193181.4847,18572852.4645
300124.SZ,20260108,77.58,1.2921,0.72,48.9986,40.492,6.1082,5.6689,20998301.6549,18402067.6142
300124.SZ,20260107,78.03,1.3106,0.76,49.2828,40.7268,6.1436,5.7018,21120101.5485,18508808.1456
300124.SZ,20260106,78.48,1.5879,0.99,49.567,40.9617,6.179,5.7347,21241901.4421,18615548.677
300124.SZ,20260105,78.35,2.38,1.78,49.4849,40.8938,6.1688,5.7252,21206714.8062,18584712.5235
300124.SZ,20251231,75.33,1.4891,1.24,47.5775,39.3176,5.931,5.5045,20389302.187,17868364.9572
300124.SZ,20251230,76.48,2.2216,2.41,48.3038,39.9178,6.0216,5.5886,20700568.5817,18141146.3152
300124.SZ,20251229,73.45,0.9989,1.08,46.3901,38.3363,5.783,5.3672,19880449.2982,17422426.7371
300124.SZ,20251226,73.3,0.8938,1.03,46.2954,38.2581,5.7712,5.3562,19839849.3337,17386846.56
300124.SZ,20251225,73.67,1.0916,1.36,46.5291,38.4512,5.8003,5.3832,19939995.9128,17474610.9969
300124.SZ,20251224,72.36,0.8129,0.98,45.7017,37.7674,5.6972,5.2875,19585422.8893,17163877.4499
300124.SZ,20251223,72.47,0.8137,0.99,45.7712,37.8248,5.7058,5.2955,19615196.1966,17189969.5798
300124.SZ,20251222,72.72,1.0318,1.29,45.929,37.9553,5.7255,5.3138,19682862.8041,17249269.875
300124.SZ,20251219,71.55,0.5965,0.66,45.1901,37.3447,5.6334,5.2283,19366183.0808,16971744.4934
300124.SZ,20251218,71.29,0.7507,0.77,45.0259,37.209,5.6129,5.2093,19295809.809,16910072.1864
300124.SZ,20251217,71.85,0.962,0.86,45.3796,37.5012,5.657,5.2502,19447383.0099,17042904.8477
300124.SZ,20251216,70.55,0.7514,0.63,44.5585,36.8227,5.5547,5.1552,19095516.6506,16734543.3125
300124.SZ,20251215,71.76,0.9292,0.72,45.3227,37.4543,5.6499,5.2437,19423023.0312,17021556.7414
300124.SZ,20251212,73.9,1.094,0.85,46.6743,38.5712,5.8184,5.4,20002249.1918,17529167.2685
300124.SZ,20251211,73.73,1.149,0.81,46.567,38.4825,5.805,5.3876,19956235.8986,17488843.0678
300124.SZ,20251210,74.69,1.6468,1.32,47.1733,38.9836,5.8806,5.4578,20216075.6716,17716556.2014
300124.SZ,20251209,72.45,1.1266,0.94,45.7585,37.8144,5.7043,5.2941,19609782.868,17185225.5562
300124.SZ,20251208,74.04,1.4085,1.21,46.7627,38.6443,5.8294,5.4103,20040142.492,17562375.4338
300124.SZ,20251205,73.16,1.104,1.01,46.2069,38.185,5.7602,5.346,19801956.0334,17353638.3946
300124.SZ,20251204,72.65,1.8454,2.06,45.8848,37.9188,5.72,5.3087,19663916.154,17232665.7924
300124.SZ,20251203,70.27,0.7387,0.79,44.3817,36.6766,5.5326,5.1348,19019730.0502,16668126.9818
300124.SZ,20251202,71.07,0.8944,0.93,44.8869,37.0941,5.5956,5.1932,19236263.1943,16857887.9266
300124.SZ,20251201,71.99,1.219,1.29,45.468,37.5743,5.668,5.2605,19485276.3101,17076113.013
300124.SZ,20251128,70.66,0.7823,0.75,44.628,36.8801,5.5633,5.1633,19125289.9579,16760635.4424
300124.SZ,20251127,70.12,0.8429,0.82,44.2869,36.5983,5.5208,5.1238,18979130.0856,16632546.8047
300124.SZ,20251126,70.3,0.9542,0.96,44.4006,36.6922,5.535,5.137,19027850.0431,16675243.0173
300124.SZ,20251125,69.81,1.0266,1.09,44.0911,36.4365,5.4964,5.1012,18895223.4923,16559014.4386
300124.SZ,20251124,69.81,1.1177,1.24,44.0911,36.4365,5.4964,5.1012,18895223.4923,16559014.4386
300124.SZ,20251121,69.6,1.3022,1.62,43.9585,36.3269,5.4799,5.0858,18838383.5419,16509202.1906
300124.SZ,20251120,69.99,0.7431,0.9,44.2048,36.5304,5.5106,5.1143,18943943.4497,16601710.6512
300124.SZ,20251119,71.0,0.7951,0.93,44.8427,37.0576,5.5901,5.1881,19217316.5442,16841283.8439
300124.SZ,20251118,71.51,0.7728,0.91,45.1648,37.3238,5.6303,5.2254,19355356.4236,16962256.4462
300124.SZ,20251117,71.5,0.9014,1.06,45.1585,37.3186,5.6295,5.2247,19352649.7593,16959884.4344
300124.SZ,20251114,71.09,0.8091,0.96,44.8996,37.1046,5.5972,5.1947,19241676.5229,16862631.9502
300124.SZ,20251113,72.4,0.8518,0.95,45.7269,37.7883,5.7003,5.2904,19596249.5465,17173365.4972
300124.SZ,20251112,71.5,0.9249,1.0,45.1585,37.3186,5.6295,5.2247,19352649.7593,16959884.4344
300124.SZ,20251111,72.13,0.7514,0.71,45.5564,37.6474,5.6791,5.2707,19523169.6103,17109321.1783
300124.SZ,20251110,72.81,0.9028,0.74,45.9859,38.0023,5.7326,5.3204,19707222.7829,17270617.9813
300124.SZ,20251107,73.58,0.7863,0.57,46.4722,38.4042,5.7932,5.3767,19915635.9341,17453262.8906
300124.SZ,20251106,74.5,1.1026,0.73,47.0533,38.8844,5.8657,5.4439,20164649.0499,17671487.9771
300124.SZ,20251105,73.1,1.0785,0.68,46.1691,38.1537,5.7554,5.3416,19785716.0476,17339406.3238
300124.SZ,20251104,73.09,1.3996,0.85,46.1627,38.1484,5.7547,5.3408,19783009.3833,17337034.312
300124.SZ,20251103,74.85,1.7285,1.02,47.2743,39.0671,5.8932,5.4695,20259382.3005,17754508.3904
300124.SZ,20251031,77.01,1.6168,0.9,48.6386,40.1944,6.0633,5.6273,20844021.7897,18266862.9411
300124.SZ,20251030,77.0,1.7279,1.04,48.6322,40.1892,6.0625,5.6266,20841315.1254,18264490.9293
300124.SZ,20251029,79.03,1.4416,0.85,49.9144,41.2488,6.2223,5.7749,21390767.9787,18746009.3265
300124.SZ,20251028,77.31,1.7155,1.1,48.828,40.351,6.0869,5.6492,20925221.7188,18338023.2954
300124.SZ,20251027,78.27,1.9695,1.38,49.4344,40.8521,6.1625,5.7194,21185061.4918,18565736.429
300124.SZ,20251024,78.38,2.0933,1.58,49.5038,40.9095,6.1712,5.7274,21214834.7991,18591828.5589
300124.SZ,20251023,79.25,1.0995,0.79,49.9245,41.6586,7.023,5.7761,21395096.086,18742975.079
300124.SZ,20251022,79.25,1.5944,1.13,49.9245,41.6586,7.023,5.7761,21395096.086,18742975.079
300124.SZ,20251021,79.42,1.0786,0.67,50.0316,41.7479,7.0381,5.7885,21440990.9293,18783180.8299
300124.SZ,20251020,78.54,1.286,0.67,49.4772,41.2854,6.9601,5.7243,21203417.6226,18575056.9426
300124.SZ,20251017,77.59,1.5846,0.71,48.8787,40.786,6.8759,5.6551,20946946.4393,18350377.7461
300124.SZ,20251016,80.78,1.4009,0.51,50.8883,42.4628,7.1586,5.8876,21808149.676,19104826.8376
300124.SZ,20251015,80.71,1.6852,0.62,50.8442,42.426,7.1524,5.8825,21789251.7994,19088271.5284
300124.SZ,20251014,79.15,2.147,0.79,49.8615,41.606,7.0142,5.7688,21368099.1193,18719324.6372
300124.SZ,20251013,81.51,2.7864,1.03,51.3482,42.8466,7.2233,5.9408,22005227.5327,19277475.0623
300124.SZ,20251010,84.33,3.1554,1.19,53.1247,44.3289,7.4732,6.1463,22766541.9928,19944417.5193
300124.SZ,20251009,88.91,3.8347,1.54,56.0099,46.7365,7.8791,6.4801,24003003.0663,21027607.751
300124.SZ,20250930,83.82,1.7371,0.66,52.8034,44.0608,7.428,6.1091,22628857.4628,19823800.2665
300124.SZ,20250929,83.4,2.1299,0.82,52.5388,43.8401,7.3908,6.0785,22515470.2028,19724468.4112
300124.SZ,20250926,81.54,2.6455,1.04,51.3671,42.8623,7.226,5.943,22013326.6227,19284570.1948
300124.SZ,20250925,85.91,2.8716,1.03,54.12,45.1595,7.6132,6.2615,23193094.0662,20318094.4988
300124.SZ,20250924,86.33,3.0551,1.14,54.3846,45.3802,7.6504,6.2921,23306481.3262,20417426.3541
300124.SZ,20250923,82.6,2.548,0.9,52.0348,43.4195,7.3199,6.0202,22299494.4694,19541666.3772
300124.SZ,20250922,81.79,1.8614,0.64,51.475,42.9524,7.2783,5.9555,22059597.8878,19328813.8725
300124.SZ,20250919,81.7,2.3682,0.8,51.4184,42.9052,7.2703,5.9489,22035323.9691,19307544.8513
300124.SZ,20250918,82.6,4.0571,1.55,51.9848,43.3778,7.3504,6.0144,22278063.156,19520235.0638
300124.SZ,20250917,84.05,2.5238,0.96,52.8974,44.1393,7.4794,6.12,22669142.9572,19862902.6285
300124.SZ,20250916,83.49,3.4128,1.3,52.545,43.8452,7.4296,6.0792,22518105.2409,19730562.0518
300124.SZ,20250915,80.15,2.2111,0.69,50.4429,42.0912,7.1323,5.836,21617273.1472,18941245.0408
300124.SZ,20250912,79.68,2.5064,0.83,50.1471,41.8444,7.0905,5.8018,21490509.3495,18830173.4853
300124.SZ,20250911,80.7,2.4408,0.81,50.7891,42.38,7.1813,5.8761,21765613.7614,19071222.3929
300124.SZ,20250910,79.52,2.6203,0.89,50.0464,41.7603,7.0763,5.7902,21447355.7163,18792361.892
300124.SZ,20250909,78.88,3.3236,1.19,49.6436,41.4242,7.0193,5.7436,21274741.1834,18641115.5186
300124.SZ,20250908,82.01,5.0882,2.27,51.6135,43.068,7.2979,5.9715,22118934.1335,19380804.8134
300124.SZ,20250905,73.35,1.5874,0.64,46.1633,38.5201,6.5272,5.3409,19783243.7348,17334252.3236
300124.SZ,20250904,71.42,2.4826,0.98,44.9486,37.5066,6.3555,5.2004,19262703.0339,16878149.9789
300124.SZ,20250903,73.07,2.1874,0.79,45.9871,38.3731,6.5023,5.3205,19707724.8766,17268082.0353
300124.SZ,20250902,74.9,2.6487,1.0,47.1388,39.3341,6.6652,5.4538,20201294.5567,17700552.1342
300124.SZ,20250901,75.9,2.2794,0.84,47.7381,39.8342,6.7656,5.5231,20458122.9937,17923992.8218
300124.SZ,20250829,75.03,2.7435,1.08,47.1909,39.3776,6.6881,5.4598,20223622.7696,17718539.9396
300124.SZ,20250828,73.78,2.815,1.22,46.4047,38.7216,6.5767,5.3688,19886697.1604,17423349.017
300124.SZ,20250827,72.15,3.4135,1.74,45.3795,37.8661,6.4314,5.2502,19447346.1659,17038420.0539
300124.SZ,20250826,71.2,1.9905,1.0,44.782,37.3675,6.3467,5.1811,19191282.7029,16814074.9527
300124.SZ,20250825,71.85,2.5015,1.34,45.19,40.3699,6.8019,5.2283,19366148.7532,17154372.7077
300124.SZ,20250822,69.7,1.9194,1.06,43.8378,39.1619,6.5984,5.0719,18786646.7376,16641054.6657
300124.SZ,20250821,68.3,1.6682,0.88,42.9572,38.3753,6.4658,4.97,18409296.588,16306801.0569
300124.SZ,20250820,68.88,1.636,0.91,43.322,38.7011,6.5207,5.0122,18565627.3643,16445277.552
300124.SZ,20250819,68.1,2.0908,1.37,42.8315,38.2629,6.4469,4.9554,18355389.4237,16259050.5414
300124.SZ,20250818,67.8,2.0532,1.58,42.6428,38.0943,6.4185,4.9336,18274528.6774,16187424.7681
300124.SZ,20250815,67.34,1.6209,1.41,42.3534,37.8359,6.375,4.9001,18150542.1996,16077598.5823
300124.SZ,20250814,66.54,2.0254,2.15,41.8503,37.3864,6.2992,4.8419,17934913.5426,15886596.5202
300124.SZ,20250813,66.02,1.2176,1.18,41.5232,37.0942,6.25,4.8041,17794754.9156,15762445.1798
300124.SZ,20250812,65.4,0.6993,0.66,41.1333,36.7459,6.1913,4.759,17627642.7065,15614418.5816
300124.SZ,20250811,65.5,0.9366,0.86,41.1962,36.802,6.2008,4.7662,17654596.2886,15638293.8394
300124.SZ,20250808,64.51,0.8773,0.8,40.5735,36.2458,6.107,4.6942,17387755.8256,15401928.7874
300124.SZ,20250807,65.5,0.9799,0.85,41.1962,36.802,6.2008,4.7662,17654596.2886,15638293.8394
300124.SZ,20250806,65.86,1.6698,1.67,41.4226,37.0043,6.2348,4.7924,17751629.1842,15724244.7673
300124.SZ,20250805,64.81,0.8043,0.78,40.7622,36.4144,6.1354,4.716,17468616.572,15473554.5607
300124.SZ,20250804,64.56,1.1342,1.15,40.605,36.2739,6.1118,4.6978,17401232.6167,15413866.4163
300124.SZ,20250801,63.41,0.8903,0.89,39.8808,35.6269,6.0033,4.614,17090878.0424,15138912.572
300124.SZ,20250731,63.39,1.2364,1.19,39.8682,35.6157,6.0014,4.6126,17085487.4485,15134137.643
300124.SZ,20250730,64.16,0.9477,0.9,40.3525,36.0483,6.0743,4.6686,17293025.3146,15317972.4116
300124.SZ,20250729,65.07,0.9759,0.93,40.9248,36.5596,6.1605,4.7348,17538297.3382,15535231.6837
300124.SZ,20250728,65.4,0.8652,0.75,41.1324,36.745,6.1917,4.7589,17627242.138,15614018.0131
300124.SZ,20250725,65.41,0.9876,0.87,41.1386,36.7506,6.1927,4.7596,17629937.435,15616405.4776
300124.SZ,20250724,66.1,1.4129,1.35,41.5726,37.1383,6.258,4.8098,17815912.9254,15781140.5301
300124.SZ,20250723,64.76,1.007,0.98,40.7298,36.3854,6.1311,4.7123,17454743.1324,15461220.2833
300124.SZ,20250722,64.72,0.9653,0.98,40.7047,36.363,6.1273,4.7094,17443961.9445,15451670.4252
300124.SZ,20250721,65.22,1.3875,1.57,41.0191,36.6439,6.1747,4.7458,17578726.7927,15571043.6516
300124.SZ,20250718,65.19,0.9305,0.99,41.0003,36.627,6.1718,4.7436,17570640.9018,15563881.258
300124.SZ,20250717,65.13,0.9517,1.12,40.9625,36.5933,6.1662,4.7392,17554469.12,15549556.4709
300124.SZ,20250716,64.52,0.9012,1.09,40.5789,36.2506,6.1084,4.6948,17390056.0053,15403921.1347
300124.SZ,20250715,64.15,0.7729,0.91,40.3462,36.0427,6.0734,4.6679,17290330.0176,15315584.9471
300124.SZ,20250714,64.38,0.8623,1.0,40.4908,36.1719,6.0952,4.6846,17352321.8478,15370496.6313
300124.SZ,20250711,64.0,1.1991,1.57,40.2518,35.9584,6.0592,4.657,17249900.5632,15279772.9792
300124.SZ,20250710,62.56,0.5134,0.63,39.3462,35.1494,5.9228,4.5522,16861777.8005,14935978.0872
300124.SZ,20250709,62.64,0.8039,0.97,39.3965,35.1943,5.9304,4.558,16883340.1762,14955077.8034
300124.SZ,20250708,63.03,0.8573,1.1,39.6418,35.4134,5.9673,4.5864,16988456.7578,15048188.92
300124.SZ,20250707,62.32,0.9585,1.27,39.1952,35.0145,5.9001,4.5347,16797090.6734,14878678.9385
300124.SZ,20250704,64.11,0.6786,0.82,40.321,36.0202,6.0696,4.665,17279548.8298,15306035.089
300124.SZ,20250703,64.75,0.7451,0.88,40.7235,36.3798,6.1302,4.7116,17452047.8354,15458832.8188
300124.SZ,20250702,64.42,0.9254,1.09,40.516,36.1944,6.0989,4.6875,17363103.0356,15380046.4894
300124.SZ,20250701,64.22,0.5763,0.6,40.3902,36.082,6.08,4.673,17309197.0964,15332297.1988
300124.SZ,20250630,64.57,0.8378,0.96,40.6103,36.2787,6.1131,4.6985,17403532.4901,15415858.4573
300124.SZ,20250627,63.82,1.0317,1.35,40.1386,35.8573,6.0421,4.6439,17201385.2179,15236798.6177
300124.SZ,20250626,64.27,0.8761,1.24,40.4217,36.1101,6.0847,4.6766,17322673.5812,15344234.5215
300124.SZ,20250625,64.95,0.9347,1.55,40.8493,36.4922,6.1491,4.7261,17505953.7747,15506582.1094
300124.SZ,20250624,64.06,1.0901,2.19,40.2896,35.9921,6.0649,4.6613,17266072.345,15294097.7664
300124.SZ,20250623,61.95,0.4532,0.79,38.9625,34.8066,5.8651,4.5078,16697364.6858,14790342.751
300124.SZ,20250620,61.85,0.4541,0.56,38.8996,34.7504,5.8556,4.5005,16670411.7162,14766468.1057
300124.SZ,20250619,61.95,0.6039,0.75,38.9625,34.8066,5.8651,4.5078,16697364.6858,14790342.751
300124.SZ,20250618,62.45,0.4073,0.48,39.277,35.0876,5.9124,4.5442,16832129.5339,14909715.9774
300124.SZ,20250617,62.19,0.5753,0.65,39.1135,34.9415,5.8878,4.5253,16762051.8129,14847641.8996
300124.SZ,20250616,62.74,0.8462,0.98,39.4594,35.2505,5.9399,4.5653,16910293.1459,14978952.4487
300124.SZ,20250613,63.79,1.5899,2.41,40.1198,35.8404,6.0393,4.6417,17193299.327,15229636.2241
300124.SZ,20250612,63.7,0.6202,0.87,40.0632,35.7899,6.0308,4.6352,17169041.6543,15208149.0434
300124.SZ,20250611,63.69,0.598,0.88,40.0569,35.7843,6.0298,4.6344,17166346.3573,15205761.5788
300124.SZ,20250610,63.16,0.7552,1.15,39.7235,35.4865,5.9797,4.5959,17023495.6183,15079225.9588
300124.SZ,20250609,64.05,0.7527,1.24,40.2833,35.9865,6.0639,4.6606,17263377.048,15291710.3018
300124.SZ,20250606,64.11,0.5788,0.91,40.321,36.0202,6.0696,4.665,17279548.8298,15306035.089
300124.SZ,20250605,65.18,0.8748,1.61,40.994,36.6214,5.9404,4.7428,17567945.6048,15561493.7935
300124.SZ,20250604,64.87,0.4497,0.82,40.799,36.4472,5.9122,4.7203,17484391.399,15487482.3931
300124.SZ,20250603,64.84,0.6248,1.25,40.7801,36.4304,5.9095,4.7181,17476305.5081,15480319.9996
300124.SZ,20250530,65.78,0.4982,0.98,41.3713,36.9585,5.9951,4.7865,17729663.4226,15704741.6652
300124.SZ,20250529,67.08,0.7421,1.6,42.1885,37.6885,6.1139,4.881,18079853.0484,16014913.0744
300124.SZ,20250528,65.81,0.4063,0.85,41.3898,36.975,5.9982,4.7886,17737554.1013,15711708.8466
300124.SZ,20250527,65.77,0.4601,0.96,41.3646,36.9525,5.9945,4.7857,17726773.0321,15702159.1071
300124.SZ,20250526,66.65,0.3951,0.77,41.9181,37.4469,6.0747,4.8498,17963956.5545,15912253.3752
300124.SZ,20250523,66.5,0.5381,1.06,41.8237,37.3626,6.061,4.8388,17923527.545,15876441.8523
300124.SZ,20250522,67.23,0.5164,0.99,42.2828,37.7728,6.1276,4.892,18120282.0579,16050724.5974
300124.SZ,20250521,68.77,0.4878,0.83,43.2514,38.638,6.2679,5.004,18535353.2221,16418389.5666
300124.SZ,20250520,68.53,0.4658,0.69,43.1004,38.5032,6.2461,4.9866,18470666.8069,16361091.1298
300124.SZ,20250519,68.3,0.5446,0.73,42.9558,38.374,6.2251,4.9698,18408675.659,16306180.128
300124.SZ,20250516,68.65,0.5293,0.65,43.1759,38.5706,6.257,4.9953,18503010.0145,16389740.3482
300124.SZ,20250515,68.49,0.5935,0.69,43.0753,38.4807,6.2424,4.9836,18459885.7377,16351541.3904
300124.SZ,20250514,69.8,0.7918,0.85,43.8992,39.2167,6.3618,5.079,18812965.754,16664295.3577
300124.SZ,20250513,69.28,0.8921,0.9,43.5721,38.9246,6.3144,5.0411,18672811.8544,16540148.7447
300124.SZ,20250512,70.39,0.9088,0.78,44.2703,39.5482,6.4156,5.1219,18971986.5247,16805154.0147
300124.SZ,20250509,69.47,0.8859,0.71,43.6916,39.0313,6.3317,5.055,18724021.9331,16585510.0072
300124.SZ,20250508,70.61,0.793,0.66,44.4086,39.6718,6.4356,5.1379,19031282.4053,16857677.5818
300124.SZ,20250507,70.48,1.1604,1.06,44.3269,39.5988,6.4238,5.1284,18996243.9304,16826640.9285
300124.SZ,20250506,71.79,1.2027,1.21,45.1508,40.3348,6.5432,5.2238,19349323.9467,17139394.8958
300124.SZ,20250430,71.59,1.8186,2.16,45.025,40.2224,6.525,5.2092,19295418.6007,17091646.1985
300124.SZ,20250429,67.12,1.2776,1.85,42.2137,37.711,6.1176,4.884,18090634.1176,16024462.8139
300124.SZ,20250428,64.41,0.5188,0.64,36.6013,36.3373,6.4418,5.7054,17355851.5427,15373102.8289
300124.SZ,20250425,64.91,0.6511,0.84,36.8855,36.6193,6.4918,5.7497,17490581.0222,15492440.6866
300124.SZ,20250424,64.22,0.7181,0.98,36.4934,36.2301,6.4228,5.6886,17304654.3406,15327754.443
300124.SZ,20250423,64.21,1.0489,1.6,36.4877,36.2244,6.4218,5.6877,17301959.751,15325367.6858
300124.SZ,20250422,62.7,0.5216,0.73,35.6296,35.3726,6.2708,5.554,16895076.723,14964967.3556
300124.SZ,20250421,63.62,1.1291,1.71,36.1524,35.8916,6.3628,5.6354,17142978.9652,15184549.0137
300124.SZ,20250418,62.8,0.4673,0.59,35.6864,35.429,6.2808,5.5628,16922022.6189,14988834.9271
300124.SZ,20250417,62.8,0.4928,0.5,35.6864,35.429,6.2808,5.5628,16922022.6189,14988834.9271
300124.SZ,20250416,62.69,0.6728,0.58,35.6239,35.3669,6.2698,5.5531,16892382.1334,14962580.5984
300124.SZ,20250415,62.79,0.8339,0.64,35.6808,35.4233,6.2798,5.5619,16919328.0293,14986448.17
300124.SZ,20250414,63.88,0.834,0.51,36.3002,36.0383,6.3888,5.6585,17213038.2945,15246604.6998
300124.SZ,20250411,64.35,1.128,0.68,36.5672,36.3034,6.4358,5.7001,17339684.0052,15358782.286
300124.SZ,20250410,64.75,1.4584,0.98,36.7945,36.5291,6.4758,5.7355,17447467.5888,15454252.5722
300124.SZ,20250409,62.55,1.525,1.18,35.5444,35.2879,6.2558,5.5407,16854657.8792,14929165.9983
300124.SZ,20250408,62.4,1.6137,1.45,35.4591,35.2033,6.2407,5.5274,16814239.0354,14893364.641
300124.SZ,20250407,62.0,2.3931,3.35,35.2318,34.9776,6.2007,5.4919,16706455.4518,14797894.3548
300124.SZ,20250403,69.8,1.2955,2.23,39.6642,39.3781,6.9808,6.1829,18808235.3312,16659564.9349
300124.SZ,20250402,68.69,0.6184,1.07,39.0335,38.7518,6.8698,6.0845,18509135.8868,16394634.8908
300124.SZ,20250401,67.71,0.5548,0.93,38.4766,38.199,6.7718,5.9977,18245066.1071,16160732.6897
300124.SZ,20250331,68.17,0.6925,1.1,38.738,38.4585,6.8178,6.0385,18369017.2282,16270523.5188
300124.SZ,20250328,68.47,0.4075,0.54,38.9084,38.6277,6.8478,6.0651,18449854.9159,16342126.2334
300124.SZ,20250327,68.75,0.6296,0.76,39.0676,38.7857,6.8758,6.0899,18525303.4244,16408955.4338
300124.SZ,20250326,68.57,0.5986,0.6,38.9653,38.6842,6.8578,6.0739,18476800.8118,16365993.805
300124.SZ,20250325,68.65,0.6416,0.58,39.0107,38.7293,6.8658,6.081,18498357.5285,16385087.8622
300124.SZ,20250324,69.94,0.8692,0.6,39.7438,39.457,6.9948,6.1953,18845959.5855,16692979.5351
300124.SZ,20250321,69.43,1.0477,0.67,39.454,39.1693,6.9438,6.1501,18708535.5164,16571254.9202
300124.SZ,20250320,71.52,0.9754,0.6,40.6416,40.3484,7.1529,6.3352,19271704.7405,17070087.1654
300124.SZ,20250319,72.74,1.4856,0.88,41.3349,41.0367,7.2749,6.4433,19600444.6704,17361271.5382
300124.SZ,20250318,70.9,1.1718,0.67,40.2893,39.9986,7.0909,6.2803,19104640.186,16922108.2219
300124.SZ,20250317,70.41,2.514,1.63,40.0109,39.7222,7.0418,6.2369,18972605.2961,16805157.1213
300124.SZ,20250314,73.72,1.6234,1.13,41.8918,41.5896,7.3729,6.5301,19864514.4501,17595173.7393
300124.SZ,20250313,72.4,1.3975,0.95,41.1417,40.8449,7.2409,6.4132,19508828.6244,17280121.795
300124.SZ,20250312,74.7,1.7294,1.16,42.4487,42.1424,7.4709,6.6169,20128584.2298,17829075.9404
300124.SZ,20250311,78.05,1.5094,1.03,44.3523,44.0323,7.8059,6.9137,21031271.7421,18628639.587
300124.SZ,20250310,77.6,1.4618,1.0,44.0966,43.7785,7.7609,6.8738,20910015.2106,18521235.515
300124.SZ,20250307,76.7,1.0873,0.63,43.5852,43.2707,7.6709,6.7941,20667502.1476,18306427.3712
300124.SZ,20250306,77.27,1.5769,0.89,43.9091,43.5923,7.7279,6.8446,20821093.7542,18442472.529
300124.SZ,20250305,76.35,1.8068,0.91,43.3627,43.0498,7.655,6.7594,20561980.6598,18211680.0185
300124.SZ,20250304,74.07,1.4655,0.67,42.0541,41.7507,7.4386,6.5554,19941467.5145,16894136.8825
300124.SZ,20250303,72.41,1.5013,0.66,41.1116,40.815,7.2719,6.4085,19494554.6473,16515518.4509
300124.SZ,20250228,72.15,2.5023,1.11,40.964,40.6684,7.2457,6.3855,19424556.2464,16456216.7689
300124.SZ,20250227,77.7,1.9064,0.83,44.115,43.7968,7.8031,6.8767,20918752.8808,17722079.5973
300124.SZ,20250226,77.98,3.0046,1.22,44.274,43.9546,7.8312,6.9014,20994135.774,17785942.9472
300124.SZ,20250225,74.42,2.0391,0.88,42.2528,41.9479,7.4737,6.5864,20035696.1311,16973966.0699
300124.SZ,20250224,74.0,1.8541,0.83,42.0143,41.7112,7.4315,6.5492,19922621.7912,16878171.045
300124.SZ,20250221,73.92,2.4175,1.17,41.9689,41.6661,7.4235,6.5421,19901083.8217,16859924.3736
300124.SZ,20250220,72.48,2.1601,1.06,41.1513,40.8544,7.2789,6.4147,19513400.3706,16531484.2884
300124.SZ,20250219,72.56,3.8443,2.43,41.1968,40.8995,7.2869,6.4218,19534938.3401,16549730.9598
300124.SZ,20250218,66.73,1.2631,0.75,37.8867,37.6134,6.7014,5.9058,17965358.8125,15220004.7815
300124.SZ,20250217,67.58,1.422,0.82,38.3693,38.0925,6.7868,5.981,18194199.7385,15413875.6652
300124.SZ,20250214,66.59,1.6767,0.88,37.8072,37.5345,6.6874,5.8934,17927667.3659,15188073.1066
300124.SZ,20250213,65.09,2.0228,0.89,36.9556,36.689,6.5367,5.7606,17523830.4377,14845948.0178
300124.SZ,20250212,68.12,1.5294,0.64,38.6759,38.3969,6.841,6.0288,18339581.0327,15537040.6971
300124.SZ,20250211,68.47,1.7437,0.76,38.8746,38.5941,6.8762,6.0598,18433809.6492,15616869.8845
300124.SZ,20250210,68.28,1.6653,0.71,38.7667,38.487,6.8571,6.043,18382656.9717,15573534.0399
300124.SZ,20250207,69.0,2.6036,1.17,39.1755,38.8929,6.9294,6.1067,18576498.6972,15737754.0825
300124.SZ,20250206,69.41,3.8154,2.37,39.4083,39.124,6.9706,6.143,18686880.7909,15831268.2734
300124.SZ,20250205,63.1,2.0533,1.41,35.8257,35.5673,6.3369,5.5845,16988073.4463,14392062.0668
300124.SZ,20250127,60.19,1.2922,0.95,34.1735,33.927,6.0446,5.327,16204629.8056,13728339.3946
300124.SZ,20250124,63.13,1.9627,1.72,35.8428,35.5842,6.3399,5.5872,16996150.1848,14398904.5685
300124.SZ,20250123,61.75,1.9612,2.08,35.0593,34.8063,6.2013,5.465,16624620.2109,14084149.4869
300124.SZ,20250122,60.71,0.7634,0.74,34.4688,34.2201,6.0969,5.373,16344626.6073,13846942.7587
300124.SZ,20250121,61.49,1.292,1.14,34.9116,34.6598,6.1752,5.442,16554621.81,14024847.8048
300124.SZ,20250120,59.9,0.8424,0.71,34.0089,33.7635,6.0155,5.3013,16126554.6661,13662195.2108
300124.SZ,20250117,60.55,0.8369,0.58,34.3779,34.1299,6.0808,5.3588,16301550.6683,13810449.4159
300124.SZ,20250116,60.42,0.9881,0.72,34.3041,34.0566,6.0677,5.3473,16266551.4679,13780798.5749
300124.SZ,20250115,60.71,1.1998,0.95,34.4688,34.2201,6.0969,5.373,16344626.6073,13846942.7587
300124.SZ,20250114,61.8,1.8168,1.8,35.0876,34.8345,6.2063,5.4695,16638081.4418,14095553.6565
300124.SZ,20250113,58.35,1.0935,1.2,33.1289,32.8899,5.8599,5.1641,15709256.507,13308665.9524
300124.SZ,20250110,59.99,2.1591,3.52,34.06,33.8143,6.0246,5.3093,16150784.8818,13682722.7161
300124.SZ,20250109,57.2,0.5671,0.84,32.4759,32.2416,5.7444,5.0624,15399648.1954,13046370.051
002527.SZ,20260702,13.12,3.3089,0.92,1579.483,1419.8572,6.9939,2.461,869936.4256,693901.8432
002527.SZ,20260701,13.28,4.2092,1.19,1598.745,1437.1725,7.0792,2.491,880545.4064,702364.0608
002527.SZ,20260630,12.83,3.0887,0.86,1544.5706,1388.4731,6.8393,2.4066,850707.6479,678564.0738
002527.SZ,20260629,12.39,3.4044,0.83,1491.6002,1340.856,6.6047,2.3241,821532.9507,655292.9754
002527.SZ,20260626,12.52,2.6002,0.54,1507.2505,1354.9247,6.674,2.3485,830152.7476,662168.5272
002527.SZ,20260625,12.99,4.7565,1.05,1563.8326,1405.7884,6.9246,2.4366,861316.6287,687026.2914
002527.SZ,20260624,13.89,3.8021,0.79,1672.1813,1503.1872,7.4044,2.6055,920992.1457,734626.2654
002527.SZ,20260623,13.85,3.4372,0.71,1667.3658,1498.8584,7.383,2.598,918339.9005,732510.711
002527.SZ,20260622,14.15,5.8157,1.2,1703.482,1531.3246,7.543,2.6542,938231.7395,748377.369
002527.SZ,20260618,14.65,6.3368,1.27,1763.6757,1585.435,7.8095,2.748,971384.8045,774821.799
002527.SZ,20260617,13.83,3.2915,0.58,1664.9581,1496.6939,7.3724,2.5942,917013.7779,731452.9338
002527.SZ,20260616,14.19,5.1236,0.76,1708.2975,1535.6534,7.5643,2.6617,940883.9847,750492.9234
002527.SZ,20260615,13.89,3.6969,0.45,1672.1813,1503.1872,7.4044,2.6055,920992.1457,734626.2654
002527.SZ,20260612,13.57,5.8432,0.67,1633.6573,1468.5565,7.2338,2.5454,899774.1841,717701.8302
002527.SZ,20260611,13.93,7.0045,0.8,1676.9968,1507.516,7.4257,2.613,923644.3784,736741.8658
002527.SZ,20260610,15.19,6.6705,0.77,1828.6849,1643.8742,8.0973,2.8493,1007190.101,803381.8335
002527.SZ,20260609,16.16,10.4632,1.24,1945.4607,1748.8484,8.6144,3.0313,1071507.0463,854684.0309
002527.SZ,20260608,16.29,11.4492,1.47,1961.1111,1762.9171,8.6837,3.0556,1080126.843,861559.5832
002527.SZ,20260605,15.43,8.0301,1.01,1857.5779,1669.8472,8.2253,2.8943,1023103.572,816075.1607
002527.SZ,20260604,14.89,6.9423,0.95,1792.5687,1611.408,7.9374,2.793,987298.2623,787515.1745
002527.SZ,20260603,14.66,6.3682,0.94,1764.8796,1586.5172,7.8148,2.7499,972047.8526,775350.736
002527.SZ,20260602,14.64,9.2823,1.55,1762.4718,1584.3528,7.8042,2.7461,970721.73,774292.9587
002527.SZ,20260601,15.46,8.2979,1.6,1861.1895,1673.0938,8.2413,2.9,1025092.7559,817661.8266
002527.SZ,20260529,14.05,8.7664,2.15,1691.4433,1520.5025,7.4896,2.6355,931601.1139,743088.5294
002527.SZ,20260528,13.2,3.6362,0.83,1589.114,1428.5148,7.0365,2.476,875240.9041,698132.9956
002527.SZ,20260527,13.61,3.9464,0.91,1638.4728,1472.8853,7.2551,2.5529,902426.4171,719817.4295
002527.SZ,20260526,14.4,5.3759,1.25,1733.5789,1558.3798,7.6762,2.7011,954808.259,761599.6315
002527.SZ,20260525,14.26,4.278,1.02,1716.7246,1543.2289,7.6016,2.6749,945525.401,754195.1907
002527.SZ,20260522,14.0,3.1573,0.68,1685.4239,1515.0915,7.463,2.6261,928285.8074,740444.0862
002527.SZ,20260521,14.04,5.254,1.32,1690.2394,1519.4203,7.4843,2.6336,930938.0526,742559.6407
002527.SZ,20260520,13.8,3.6536,1.03,1661.3464,1493.4473,7.3564,2.5886,915024.5816,729866.3135
002527.SZ,20260519,14.29,5.1238,1.74,1720.3363,1546.4755,7.6176,2.6805,947514.5848,755781.8566
002527.SZ,20260518,13.9,3.8557,1.41,1673.3852,1504.2694,7.4097,2.6073,921655.1945,735155.1999
002527.SZ,20260515,13.73,5.2082,2.18,1652.9193,1485.8718,7.3191,2.5754,910383.1525,726164.0931
002527.SZ,20260514,13.11,2.0059,0.81,1578.2791,1418.7749,6.9886,2.4591,869273.3525,693372.9979
002527.SZ,20260513,13.49,1.6109,0.64,1624.0263,1459.8988,7.1911,2.5304,894469.6816,713470.7659
002527.SZ,20260512,13.49,2.0131,0.84,1624.0263,1459.8988,7.1911,2.5304,894469.6816,713470.7659
002527.SZ,20260511,13.71,2.8338,1.32,1650.5115,1483.7074,7.3084,2.5717,909057.03,725106.3158
002527.SZ,20260508,13.9,3.4761,1.8,1673.3852,1504.2694,7.4097,2.6073,921655.1945,735155.1999
002527.SZ,20260507,13.52,2.4487,1.35,1627.6379,1463.1455,7.2071,2.5361,896458.8654,715057.4318
002527.SZ,20260506,13.17,1.8752,1.06,1585.5023,1425.2682,7.0205,2.4704,873251.7202,696546.3297
002527.SZ,20260430,12.92,1.3956,0.69,1555.4055,1398.213,6.8873,2.4235,856675.188,683324.1138
002527.SZ,20260429,12.7,1.5299,0.76,1528.9203,1374.4044,6.77,2.3822,842087.8396,671688.5639
002527.SZ,20260428,12.48,2.386,1.25,1502.435,1350.5958,6.6527,2.341,827500.4912,660053.014
002527.SZ,20260427,13.1,1.8629,0.91,1577.0752,1577.0752,6.9354,2.4573,868610.2912,692844.1092
002527.SZ,20260424,12.74,1.6894,0.77,1533.7357,1533.7357,6.7448,2.3897,844740.0847,673804.1184
002527.SZ,20260423,12.97,2.6933,1.38,1561.4249,1561.4249,6.8666,2.4329,859990.4944,685968.557
002527.SZ,20260422,13.39,1.3917,0.63,1611.9876,1611.9876,7.0889,2.5117,887839.0686,708181.8796
002527.SZ,20260421,13.36,1.9112,0.93,1608.376,1608.376,7.073,2.506,885849.8848,706595.2137
002527.SZ,20260420,13.66,2.5527,1.48,1644.4922,1644.4922,7.2319,2.5623,905741.7235,722461.8727
002527.SZ,20260417,13.34,2.4859,1.66,1605.9682,1605.9682,7.0624,2.5023,884523.7622,705537.4364
002527.SZ,20260416,13.46,1.3965,0.98,1620.4147,1620.4147,7.126,2.5248,892480.4977,711884.1
002527.SZ,20260415,13.34,2.7383,2.27,1605.9682,1605.9682,7.0624,2.5023,884523.7622,705537.4364
002527.SZ,20260414,13.93,1.0949,0.96,,,7.3811,2.7511,923644.3784,737287.4969
002527.SZ,20260413,13.79,0.9205,0.79,,,7.3069,2.7234,914361.5203,729877.5723
002527.SZ,20260410,13.9,1.3395,1.19,,,7.3652,2.7451,921655.1945,735699.6559
002527.SZ,20260409,13.59,1.0536,0.94,,,7.201,2.6839,901100.2945,719291.9658
002527.SZ,20260408,13.82,1.6221,1.55,,,7.3228,2.7293,916350.7042,731465.4133
002527.SZ,20260407,13.15,0.749,0.7,,,6.9678,2.597,871925.5977,696003.6313
002527.SZ,20260403,13.06,1.0504,0.91,,,6.9201,2.5793,865958.046,691240.1084
002527.SZ,20260402,13.24,1.1371,0.9,,,7.0155,2.6148,877893.1493,700767.1543
002527.SZ,20260401,13.64,1.0536,0.82,,,7.2274,2.6938,904415.6009,721938.3674
002527.SZ,20260331,13.41,1.2562,0.93,,,7.1056,2.6484,889165.1912,709764.9198
002527.SZ,20260330,13.5,0.8785,0.53,,,7.1533,2.6661,895132.7429,714528.4428
002527.SZ,20260327,13.57,1.4722,0.88,,,7.1904,2.68,899774.1719,718233.4051
002527.SZ,20260326,13.51,1.6758,1.0,,,7.1586,2.6681,895795.8041,715057.7231
002527.SZ,20260325,13.76,1.1549,0.7,,,7.291,2.7175,912372.3364,728289.7313
002527.SZ,20260324,13.6,1.5582,0.96,,,7.2063,2.6859,901763.3558,719821.2461
002527.SZ,20260323,13.36,2.4171,1.76,,,7.0791,2.6385,885849.8848,707118.5182
002527.SZ,20260320,13.93,1.5643,1.2,,,7.3811,2.7511,923644.3784,737287.4969
002527.SZ,20260319,14.34,1.6682,1.36,,,7.5984,2.832,950829.8913,758987.9904
002527.SZ,20260318,14.77,1.0805,0.83,,,7.8262,2.917,979341.5268,781747.0445
002527.SZ,20260317,14.58,1.3612,1.02,,,7.7255,2.8794,966743.3623,771690.7182
002527.SZ,20260316,14.85,1.1874,0.8,,,7.8686,2.9328,984646.0171,785981.2871
002527.SZ,20260313,14.83,1.1978,0.81,,,7.858,2.9288,983319.8946,784922.7264
002527.SZ,20260312,14.92,1.2867,0.78,,,7.9057,2.9466,989287.4462,789686.2494
002527.SZ,20260311,15.15,1.4799,0.82,,,8.0276,2.992,1004537.8559,801859.6969
002527.SZ,20260310,15.28,1.5204,0.7,,,8.0964,3.0177,1013157.6526,808740.3412
002527.SZ,20260309,14.98,1.9268,0.8,,,7.9375,2.9584,993265.8139,792861.9313
002527.SZ,20260306,15.14,1.2044,0.45,,,8.0223,2.99,1003874.7946,801330.4166
002527.SZ,20260305,14.98,2.0936,0.74,,,7.9375,2.9584,993265.8139,792861.9313
002527.SZ,20260304,14.66,2.25,0.82,,,7.7679,2.8952,972047.8526,775924.9608
002527.SZ,20260303,14.69,3.4471,1.27,,,7.7838,2.9012,974037.0365,777512.8018
002527.SZ,20260302,15.51,3.0749,1.19,,,8.2183,3.0631,1028408.0623,820913.7887
002527.SZ,20260227,16.18,2.4727,1.01,,,8.5733,3.1954,1072833.1688,856375.5707
002527.SZ,20260226,16.39,2.9738,1.34,,,8.6846,3.2369,1086757.4559,867490.4576
002527.SZ,20260225,16.38,1.767,0.74,,,8.6793,3.2349,1086094.3947,866961.1773
002527.SZ,20260224,16.35,3.3152,1.47,,,8.6634,3.229,1084105.2108,865373.3363
002527.SZ,20260213,16.67,2.4431,0.93,,,8.833,3.2922,1105323.1721,882310.3068
002527.SZ,20260212,16.55,1.7913,0.66,,,8.7694,3.2685,1097366.4366,875958.9428
002527.SZ,20260211,16.52,1.8172,0.63,,,8.7535,3.2626,1095377.2527,874371.1019
002527.SZ,20260210,16.71,2.5982,0.83,,,8.8542,3.3001,1107975.4173,884427.4281
002527.SZ,20260209,16.66,2.5974,0.79,,,8.8277,3.2902,1104660.1108,881781.0264
002527.SZ,20260206,16.62,4.3925,1.4,,,8.8065,3.2823,1102007.8656,879663.9051
002527.SZ,20260205,16.07,2.2663,0.65,,,8.515,3.1737,1065539.4946,850553.4871
002527.SZ,20260204,16.26,2.4599,0.65,,,8.6157,3.2112,1078137.6592,860609.8133
002527.SZ,20260203,16.59,3.8783,0.97,,,8.7906,3.2764,1100018.6818,878076.0642
002527.SZ,20260202,15.91,3.4829,0.74,,,8.4303,3.1421,1054930.514,842085.0018
002527.SZ,20260130,16.08,3.5868,0.67,,,8.5203,3.1757,1066202.5559,851082.7674
002527.SZ,20260129,16.1,4.0662,0.7,,,8.5309,3.1796,1067528.6785,852141.3281
002527.SZ,20260128,16.55,3.9382,0.55,,,8.7694,3.2685,1097366.4366,875958.9428
002527.SZ,20260127,17.08,4.9208,0.51,,,9.0502,3.3732,1132508.685,904010.8002
002527.SZ,20260126,17.3,6.9405,0.74,,,9.1668,3.4166,1147096.0334,915654.9674
002527.SZ,20260123,18.06,6.7546,0.73,,,9.5695,3.5667,1197488.6915,955880.2724
002527.SZ,20260122,17.63,6.5918,0.77,,,9.3416,3.4818,1168977.056,933121.2183
002527.SZ,20260121,17.53,10.5559,1.4,,,9.2886,3.462,1162346.4431,927828.415
002527.SZ,20260120,17.73,17.6681,3.33,,,9.3946,3.5015,1175607.6689,938414.0215
002527.SZ,20260119,16.82,5.0765,0.9,,,8.9124,3.3218,1115269.0915,890249.5117
002527.SZ,20260116,16.93,6.3089,1.12,,,8.9707,3.3435,1122562.7657,896071.5953
002527.SZ,20260115,16.41,3.2784,0.49,,,8.6952,3.2409,1088083.5785,868549.0182
002527.SZ,20260114,16.45,5.4937,0.79,,,8.7164,3.2488,1090735.8237,870666.1396
002527.SZ,20260113,16.64,6.3722,0.86,,,8.8171,3.2863,1103333.9882,880722.4658
002527.SZ,20260112,17.1,6.7426,0.8,,,9.0608,3.3771,1133834.8076,905069.3609
002527.SZ,20260109,16.72,6.2605,0.56,,,8.8594,3.3021,1108638.4786,884956.7084
002527.SZ,20260108,16.85,8.9237,0.83,,,8.9283,3.3277,1117258.2753,891837.3527
002527.SZ,20260107,16.42,6.3889,0.6,,,8.7005,3.2428,1088746.6398,869078.2986
002527.SZ,20260106,16.67,8.6867,0.87,,,8.833,3.2922,1105323.1721,882310.3068
002527.SZ,20260105,16.96,11.951,1.41,,,8.9866,3.3495,1124551.9495,897659.4363
002527.SZ,20251231,17.74,20.2665,4.29,,,9.3999,3.5035,1176270.7302,938943.3019
002527.SZ,20251230,17.15,6.7465,1.83,,,9.0873,3.387,1137150.1141,907715.7625
002527.SZ,20251229,15.59,5.5006,1.9,,,8.2607,3.0789,1033712.5527,825148.0314
002527.SZ,20251226,15.34,5.6414,2.72,,,8.1282,3.0295,1017136.0204,811916.0232
002527.SZ,20251225,15.18,4.2209,2.85,,,8.0434,2.9979,1006527.0397,803447.5379
002527.SZ,20251224,14.95,1.4872,0.98,,,7.9216,2.9525,991276.63,791274.0904
002527.SZ,20251223,14.92,1.5913,1.03,,,7.9057,2.9466,989287.4462,789686.2494
002527.SZ,20251222,15.34,1.5012,0.88,,,8.1282,3.0295,1017136.0204,811916.0232
002527.SZ,20251219,15.07,1.5535,0.9,,,7.9852,2.9762,999233.3655,797625.4543
002527.SZ,20251218,14.75,1.2591,0.71,,,7.8156,2.913,978015.4042,780688.4838
002527.SZ,20251217,14.95,1.7126,0.97,,,7.9216,2.9525,991276.63,791274.0904
002527.SZ,20251216,14.64,1.7298,0.96,,,7.7573,2.8913,970721.73,774866.4002
002527.SZ,20251215,14.95,2.3175,1.28,,,7.9216,2.9525,991276.63,791274.0904
002527.SZ,20251212,15.4,1.5667,0.75,,,8.16,3.0414,1021114.3881,815091.7051
002527.SZ,20251211,15.47,1.5967,0.7,,,8.1971,3.0552,1025755.8172,818796.6674
002527.SZ,20251210,15.87,1.6057,0.71,,,8.4091,3.1342,1052278.2688,839967.8805
002527.SZ,20251209,15.9,1.8953,0.79,,,8.425,3.1401,1054267.4527,841555.7215
002527.SZ,20251208,16.24,2.361,1.05,,,8.6051,3.2073,1076811.5366,859551.2527
002527.SZ,20251205,16.34,3.0229,1.57,,,8.6581,3.227,1083442.1495,864844.056
002527.SZ,20251204,15.58,2.4667,1.46,,,8.2554,3.0769,1033049.4914,824618.751
002527.SZ,20251203,15.48,1.5122,0.84,,,8.2024,3.0572,1026418.8785,819325.9477
002527.SZ,20251202,15.63,2.6638,1.74,,,8.2819,3.0868,1036364.7978,827265.1527
002527.SZ,20251201,16.2,1.5479,0.98,,,8.5839,3.1994,1074159.2914,857434.1314
002527.SZ,20251128,16.04,1.4622,0.86,,,8.4991,3.1678,1063550.3108,848965.6461
002527.SZ,20251127,16.0,1.2799,0.77,,,8.4779,3.1599,1060898.0656,846848.5248
002527.SZ,20251126,16.25,2.0004,1.29,,,8.6104,3.2093,1077474.5979,860080.533
002527.SZ,20251125,16.15,1.3501,0.89,,,8.5574,3.1895,1070843.985,854787.7297
002527.SZ,20251124,15.97,1.8062,1.31,,,8.462,3.154,1058908.8817,845260.6838
002527.SZ,20251121,15.96,2.0799,1.63,,,8.4567,3.152,1058245.8204,844731.4035
002527.SZ,20251120,16.35,1.0782,0.8,,,8.6634,3.229,1084105.2108,865373.3363
002527.SZ,20251119,16.56,1.4283,0.97,,,8.7747,3.2705,1098029.4979,876488.2232
002527.SZ,20251118,16.81,1.1765,0.68,,,8.9071,3.3199,1114606.0302,889720.2314
002527.SZ,20251117,17.01,1.1438,0.59,,,9.0131,3.3593,1127867.256,900305.8379
002527.SZ,20251114,17.08,1.5347,0.7,,,9.0502,3.3732,1132508.685,904010.8002
002527.SZ,20251113,17.09,1.4405,0.63,,,9.0555,3.3751,1133171.7463,904540.0806
002527.SZ,20251112,16.98,2.0966,0.93,,,8.9972,3.3534,1125878.0721,898717.9969
002527.SZ,20251111,17.62,2.4526,1.04,,,9.3363,3.4798,1168313.9947,932591.9379
002527.SZ,20251110,17.23,2.2154,0.9,,,9.1297,3.4028,1142454.6044,911950.0051
002527.SZ,20251107,17.38,2.7072,1.1,,,9.2092,3.4324,1152400.5238,919889.2101
002527.SZ,20251106,17.94,2.0004,0.79,,,9.5059,3.543,1189531.9561,949528.9084
002527.SZ,20251105,17.62,1.9486,0.76,,,9.3363,3.4798,1168313.9947,932591.9379
002527.SZ,20251104,17.8,2.898,1.15,,,9.4317,3.5154,1180249.098,942118.9838
002527.SZ,20251103,18.24,2.8009,1.05,,,9.6649,3.6023,1209423.7948,965407.3183
002527.SZ,20251031,18.05,2.6107,0.88,,,9.5642,3.5647,1196825.6303,955350.992
002527.SZ,20251030,17.72,2.3434,0.7,,,9.3893,3.4996,1174944.6077,937884.7412
002527.SZ,20251029,18.1,2.2243,0.65,,,9.5907,3.5746,1200140.9367,957997.3937
002527.SZ,20251028,17.96,2.6534,0.75,,,9.5199,3.547,1190858.0786,950587.4691
002527.SZ,20251027,18.18,3.472,0.89,,,9.6365,3.5904,1205445.427,962231.6363
002527.SZ,20251024,18.33,4.1005,1.06,,,9.716,3.62,1215391.3464,970170.8412
002527.SZ,20251023,17.9,4.2378,1.17,,,9.4881,3.5351,1186879.7109,947411.7871
002527.SZ,20251022,17.7,2.5944,0.67,,,9.382,3.4956,1173618.4851,936826.1806
002527.SZ,20251021,17.87,3.2479,0.76,,,9.4722,3.5292,1184890.527,945823.9461
002527.SZ,20251020,17.77,5.2595,1.17,,,9.4192,3.5094,1178259.9141,940531.1429
002527.SZ,20251017,17.13,4.0309,0.83,,,9.0799,3.383,1135823.9915,906657.2019
002527.SZ,20251016,17.59,2.9271,0.52,,,9.3237,3.4739,1166324.8109,931004.097
002527.SZ,20251015,18.08,3.7968,0.58,,,9.5835,3.5707,1198814.8141,956938.833
002527.SZ,20251014,17.68,5.2578,0.83,,,9.3714,3.4917,1172292.3625,935767.6199
002527.SZ,20251013,18.63,6.3837,1.04,,,9.875,3.6793,1235283.1851,986049.2511
002527.SZ,20251010,18.91,5.8263,0.88,,,10.0234,3.7346,1253848.9013,1000869.1002
002527.SZ,20251009,19.86,7.0818,1.15,,,10.527,3.9222,1316839.7239,1051150.7314
002527.SZ,20250930,20.48,8.1142,1.38,,,10.8556,4.0446,1357949.524,1083966.1117
002527.SZ,20250929,19.52,4.3611,0.7,,,10.3468,3.8551,1294295.64,1033155.2003
002527.SZ,20250926,19.74,5.4234,0.87,,,10.4634,3.8985,1308882.9884,1044799.3675
002527.SZ,20250925,20.33,8.2117,1.31,,,10.7761,4.015,1348003.6046,1076026.9068
002527.SZ,20250924,19.73,4.7791,0.65,,,10.4581,3.8965,1308219.9271,1044270.0871
002527.SZ,20250923,19.58,6.6473,0.8,,,10.3786,3.8669,1298274.0078,1036330.8822
002527.SZ,20250922,19.89,5.8907,0.65,,,10.5429,3.9281,1318828.9078,1052738.5724
002527.SZ,20250919,19.88,5.5068,0.49,,,10.5376,3.9262,1318165.8465,1052209.2921
002527.SZ,20250918,20.39,8.6198,0.76,,,10.8079,4.0269,1351981.9723,1079202.5888
002527.SZ,20250917,20.9,9.9405,0.92,,,11.0782,4.1276,1385798.0982,1106195.8855
002527.SZ,20250916,21.03,11.3371,1.1,,,11.1471,4.1533,1394417.895,1113076.5298
002527.SZ,20250915,20.23,9.8926,1.06,,,10.7231,3.9953,1341372.9917,1070734.1035
002527.SZ,20250912,20.14,16.5665,2.45,,,10.6754,3.9775,1335405.4401,1065970.5806
002527.SZ,20250911,19.72,8.8624,1.52,,,10.4528,3.8946,1307556.8659,1043740.8068
002527.SZ,20250910,17.93,7.329,1.38,,,9.504,3.541,1188868.8948,948999.6281
002527.SZ,20250909,17.6,8.8416,1.73,,,9.329,3.4759,1166987.8722,931533.3773
002527.SZ,20250908,16.93,4.9503,0.99,,,8.9739,3.3435,1122562.7657,896071.5953
002527.SZ,20250905,16.35,3.7682,0.77,,,8.6665,3.229,1084105.2108,865373.3363
002527.SZ,20250904,15.72,4.2243,0.83,,,8.3325,3.1046,1042332.3495,832028.6756
002527.SZ,20250903,16.26,4.7161,0.94,,,8.6188,3.2112,1078137.6592,860609.8133
002527.SZ,20250902,16.68,7.8775,1.91,,,8.8414,3.2942,1105986.2334,882839.5871
002527.SZ,20250901,16.52,4.4109,0.96,,,8.7566,3.2626,1095377.2527,874371.1019
002527.SZ,20250829,16.57,3.222,0.68,,,8.8696,3.2725,1098692.5592,876673.6826
002527.SZ,20250828,16.68,5.2182,1.1,,,8.9285,3.2942,1105986.2334,882493.4838
002527.SZ,20250827,16.78,4.3892,0.95,,,8.982,3.3139,1112616.8463,887784.2121
002527.SZ,20250826,17.46,3.3386,0.61,,,9.346,3.4482,1157705.0141,923761.1647
002527.SZ,20250825,17.73,6.7814,1.4,,,9.4905,3.5015,1175607.6689,938046.1311
002527.SZ,20250822,17.18,4.0231,0.88,,,9.1961,3.3929,1139139.2979,908947.1254
002527.SZ,20250821,16.88,5.1334,1.2,,,9.0355,3.3337,1119247.4592,893074.9404
002527.SZ,20250820,17.65,3.9407,0.91,,,9.4477,3.4857,1170303.1786,933813.5485
002527.SZ,20250819,17.7,7.4049,2.21,,,9.4745,3.4956,1173618.4851,936458.9126
002527.SZ,20250818,17.22,3.7195,1.16,,,9.2175,3.4008,1141791.5431,911063.4167
002527.SZ,20250815,17.18,2.7415,0.84,,,9.1961,3.3929,1139139.2979,908947.1254
002527.SZ,20250814,16.94,3.4998,0.98,,,9.0677,3.3455,1123225.827,896249.3774
002527.SZ,20250813,17.37,4.2186,0.99,,,9.2978,3.4304,1151737.4625,918999.5092
002527.SZ,20250812,16.85,2.5913,0.55,,,9.0195,3.3277,1117258.2753,891487.7219
002527.SZ,20250811,17.0,2.9773,0.62,,,9.0998,3.3574,1127204.1947,899423.8144
002527.SZ,20250808,16.92,3.0497,0.61,,,9.0569,3.3416,1121899.7044,895191.2317
002527.SZ,20250807,17.21,5.1083,1.12,,,9.2122,3.3988,1141128.4818,910534.3439
002527.SZ,20250806,17.83,7.5275,2.07,,,9.5441,3.5213,1182238.2819,943336.8595
002527.SZ,20250805,17.29,4.7068,1.42,,,9.255,3.4146,1146432.9721,914766.9265
002527.SZ,20250804,17.09,3.7848,1.08,,,9.1479,3.3751,1133171.7463,904185.4699
002527.SZ,20250801,16.55,3.8686,0.85,,,8.8589,3.2685,1097366.4366,875615.537
002527.SZ,20250731,16.67,2.9461,0.65,,,8.9231,3.2922,1105323.1721,881964.4109
002527.SZ,20250730,16.74,2.9167,0.64,,,8.9606,3.306,1109964.6011,885667.9208
002527.SZ,20250729,16.88,3.0043,0.62,,,9.0355,3.3337,1119247.4592,893074.9404
002527.SZ,20250728,17.2,4.7876,0.91,,,9.2068,3.3969,1140465.4205,910005.271
002527.SZ,20250725,17.38,9.0114,1.95,,,9.3032,3.4324,1152400.5238,919528.582
002527.SZ,20250724,16.18,2.9237,0.57,,,8.6608,3.1954,1072833.1688,856039.8422
002527.SZ,20250723,15.96,3.0907,0.5,,,8.5431,3.152,1058245.8204,844400.2399
002527.SZ,20250722,16.22,4.3636,0.59,,,8.6823,3.2033,1075485.414,858156.1335
002527.SZ,20250721,16.47,7.0418,0.85,,,8.8161,3.2527,1092061.9463,871382.9543
002527.SZ,20250718,15.81,5.7009,0.74,,,8.4628,3.1224,1048299.9011,836464.1474
002527.SZ,20250717,16.12,5.6067,0.79,,,8.6287,3.1836,1068854.8011,852865.4052
002527.SZ,20250716,16.25,8.4789,1.4,,,8.6983,3.2093,1077474.5979,859743.352
002527.SZ,20250715,15.78,10.4599,2.36,,,8.4467,3.1164,1046310.7172,834876.9289
002527.SZ,20250714,15.79,11.1922,4.38,,,8.4521,3.1184,1046973.7785,835406.0017
002527.SZ,20250711,14.35,2.9024,1.21,,,7.6813,2.834,951492.9526,759219.5139
002527.SZ,20250710,14.14,2.2592,0.95,,,7.5689,2.7925,937568.6655,748108.9844
002527.SZ,20250709,14.17,3.4925,1.42,,,7.5849,2.7985,939557.8493,749696.2029
002527.SZ,20250708,14.12,2.2851,0.94,,,7.5582,2.7886,936242.5429,747050.8388
002527.SZ,20250707,13.89,1.8433,0.73,,,7.435,2.7432,920992.1332,734882.1636
002527.SZ,20250704,14.02,2.1324,0.78,,,7.5046,2.7688,929611.93,741760.1105
002527.SZ,20250703,14.2,2.1433,0.63,,,7.601,2.8044,941547.0332,751283.4214
002527.SZ,20250702,14.37,3.9014,1.11,,,7.692,2.838,952819.0752,760277.6596
002527.SZ,20250701,14.41,2.0922,0.51,,,7.7134,2.8459,955471.3203,762393.9509
002527.SZ,20250630,14.59,2.3527,0.53,,,7.8097,2.8814,967406.4236,771917.2619
002527.SZ,20250627,14.46,3.1718,0.64,,,7.7402,2.8557,958786.6268,765039.3151
002527.SZ,20250626,14.59,5.4325,1.26,,,7.8097,2.8814,967406.4236,771917.2619
002527.SZ,20250625,15.06,4.513,1.18,,,8.0613,2.9742,998570.3042,796783.685
002527.SZ,20250624,15.02,5.1229,1.6,,,8.0399,2.9663,995918.0591,794667.3937
002527.SZ,20250623,14.48,3.8186,1.36,,,7.7509,2.8597,960112.7494,766097.4607
002527.SZ,20250620,14.16,5.85,2.7,,,7.5796,2.7965,938894.7881,749167.1301
002527.SZ,20250619,13.93,2.2352,1.02,,,7.4565,2.7511,923644.3784,736998.455
002527.SZ,20250618,14.19,2.1396,1.03,,,7.5956,2.8024,940883.9719,750754.3486
002527.SZ,20250617,14.12,1.9179,0.91,,,7.5582,2.7886,936242.5429,747050.8388
002527.SZ,20250616,14.25,1.9313,0.92,,,7.6277,2.8143,944862.3397,753928.7856
002527.SZ,20250613,14.34,2.598,1.33,,,7.6759,2.832,950829.8913,758690.4411
002527.SZ,20250612,14.58,2.4026,1.26,,,7.8044,2.8794,966743.3623,771388.1891
002527.SZ,20250611,14.75,1.5221,0.78,,,7.8954,2.913,978015.4042,780382.4272
002527.SZ,20250610,14.7,2.0647,1.04,,,7.8686,2.9031,974700.0978,777737.063
002527.SZ,20250609,14.8,1.8897,0.91,,,7.9222,2.9229,981330.7107,783027.7914
002527.SZ,20250606,14.76,1.9173,0.84,,,7.9007,2.915,978678.4655,780911.5
002527.SZ,20250605,14.87,2.1143,0.93,,,7.9596,2.9367,985972.1397,786731.3012
002527.SZ,20250604,14.75,1.7459,0.69,,,7.8954,2.913,978015.4042,780382.4272
002527.SZ,20250603,14.82,2.2737,0.84,,,7.9329,2.9268,982656.8333,784085.937
002527.SZ,20250530,14.66,2.2949,0.7,,,7.8472,2.8952,972047.8526,775620.7717
002527.SZ,20250529,14.91,2.9951,0.88,,,7.981,2.9446,988624.3849,788847.5925
002527.SZ,20250528,14.99,2.0812,0.56,,,8.0239,2.9604,993928.8752,793080.1752
002527.SZ,20250527,15.15,3.0186,0.8,,,8.1095,2.992,1004537.8559,801545.3405
002527.SZ,20250526,15.44,3.2234,0.8,,,8.2647,3.0493,1023766.6333,816888.4526
002527.SZ,20250523,15.35,4.9873,1.27,,,8.2166,3.0315,1017799.0817,812126.7971
002527.SZ,20250522,15.4,3.6629,0.87,,,8.2433,3.0414,1021114.3881,814772.1613
002527.SZ,20250521,15.41,3.8504,0.84,,,8.2487,3.0434,1021777.4494,815301.2341
002527.SZ,20250520,15.5,3.1359,0.59,,,8.2969,3.0611,1027745.0011,820062.8896
002527.SZ,20250519,15.64,4.3938,0.7,,,8.3718,3.0888,1037027.8591,827469.9092
002527.SZ,20250516,16.07,4.5752,0.6,,,8.602,3.1737,1065539.4946,850220.041
002527.SZ,20250515,15.91,5.0773,0.52,,,8.5163,3.1421,1054930.514,841754.8757
002527.SZ,20250514,16.23,5.8326,0.49,,,8.6876,3.2053,1076148.4753,858685.2063
002527.SZ,20250513,16.4,6.5309,0.52,,,8.7786,3.2389,1087420.5172,867679.4445
002527.SZ,20250512,16.45,9.4033,0.76,,,8.8054,3.2488,1090735.8237,870324.8086
002527.SZ,20250509,15.9,11.2325,0.93,,,8.511,3.1401,1054267.4527,841225.8029
002527.SZ,20250508,16.52,15.7961,1.52,,,8.8428,3.2626,1095377.2527,874028.3185
002527.SZ,20250507,16.5,15.9825,2.1,,,8.8321,3.2586,1094051.1302,872970.1728
002527.SZ,20250506,15.28,10.39,1.67,,,8.1791,3.0177,1013157.6526,808423.2873
002527.SZ,20250430,14.43,8.4713,1.55,,,7.7241,2.8498,956797.4429,763452.0966
002527.SZ,20250429,13.95,9.8866,2.41,,,7.4672,2.755,924970.5009,738056.6006
002527.SZ,20250428,12.99,7.2577,2.01,,,6.9533,2.5654,861316.617,687265.6088
002527.SZ,20250425,12.71,2.0701,0.58,,,5.6398,2.4879,842750.9009,672588.4562
002527.SZ,20250424,12.73,3.452,1.05,,,5.6486,2.4918,844077.0234,673646.8172
002527.SZ,20250423,12.96,4.7085,1.57,,,5.7507,2.5368,859327.4331,685817.9695
002527.SZ,20250422,12.71,3.0492,1.04,,,5.6398,2.4879,842750.9009,672588.4562
002527.SZ,20250421,12.91,4.7779,1.8,,,5.7285,2.527,856012.1267,683172.0668
002527.SZ,20250418,12.36,1.7702,0.58,,,5.4845,2.4194,819543.7557,654067.1376
002527.SZ,20250417,12.25,2.1156,0.58,,,5.4356,2.3978,812250.0815,648246.1517
002527.SZ,20250416,12.29,3.2416,0.77,,,5.4534,2.4056,814902.3266,650362.8738
002527.SZ,20250415,12.63,2.7177,0.52,,,5.6043,2.4722,837446.4105,668355.0119
002527.SZ,20250414,12.63,3.4536,0.62,,,5.6043,2.4722,837446.4105,668355.0119
002527.SZ,20250411,12.44,3.8057,0.67,,,5.52,2.435,824848.246,658300.5818
002527.SZ,20250410,12.21,4.9909,0.9,,,5.4179,2.39,809597.8363,646129.4296
002527.SZ,20250409,11.95,5.9697,1.18,,,5.3025,2.3391,792358.2427,632370.7357
002527.SZ,20250408,11.74,7.8712,1.67,,,5.2093,2.298,778433.9556,621257.9446
002527.SZ,20250407,12.3,5.0427,1.05,,,5.4578,2.4076,815565.3879,650892.0544
002527.SZ,20250403,13.67,4.534,0.73,,,6.0657,2.6758,906404.7848,723389.7872
002527.SZ,20250402,13.84,4.4137,0.49,,,6.1412,2.709,917676.8267,732385.8563
002527.SZ,20250401,14.0,3.5122,0.36,,,6.2122,2.7404,928285.8074,740852.7448
002527.SZ,20250331,14.05,6.0915,0.61,,,6.2344,2.7502,931601.1139,743498.6475
002527.SZ,20250328,14.1,5.4312,0.51,,,6.2565,2.7599,934916.4203,746144.5501
002527.SZ,20250327,14.42,11.6104,1.08,,,6.3985,2.8226,956134.3816,763078.3271
002527.SZ,20250326,15.08,18.7306,1.78,,,6.6914,2.9518,999896.4268,798004.2423
002527.SZ,20250325,14.17,7.2662,0.7,,,6.2876,2.7736,939557.8493,749848.8138
002527.SZ,20250324,13.96,6.6266,0.66,,,6.1944,2.7325,925633.5622,738736.0227
002527.SZ,20250321,14.33,8.5316,0.88,,,6.3586,2.805,950166.83,758315.7024
002527.SZ,20250320,15.07,12.6461,1.34,,,6.687,2.9498,999233.3655,797475.0617
002527.SZ,20250319,15.24,17.4743,2.36,,,6.7624,2.9831,1010505.4075,806471.1308
002527.SZ,20250318,14.66,6.4731,0.84,,,6.505,2.8696,972047.8526,775778.6599
002527.SZ,20250317,14.55,5.34,0.65,,,6.4562,2.848,964754.1784,769957.6741
002527.SZ,20250314,14.48,6.5107,0.73,,,6.4252,2.8343,960112.7494,766253.4103
002527.SZ,20250313,14.38,11.5247,1.23,,,6.3808,2.8147,953482.1365,760961.605
002527.SZ,20250312,15.46,7.2075,0.71,,,6.86,3.0261,1025092.7559,818113.1025
002527.SZ,20250311,15.5,7.7952,0.68,,,6.8778,3.034,1027745.0011,820229.8246
002527.SZ,20250310,15.77,7.837,0.58,,,6.9976,3.0868,1045647.6559,834517.699
002527.SZ,20250307,15.79,10.4613,0.61,,,7.0064,3.0907,1046973.7785,835576.06
002527.SZ,20250306,15.74,13.3808,0.65,,,6.9843,3.081,1043658.472,832930.1574
002527.SZ,20250305,15.63,11.6092,0.46,,,6.9354,3.0594,1036364.7978,827109.1715
002527.SZ,20250304,15.49,13.8553,0.46,,,6.8733,3.032,1027081.9398,819700.6441
002527.SZ,20250303,15.52,18.277,0.67,,,6.8866,3.0379,1029071.1236,821288.1857
002527.SZ,20250228,17.24,27.942,1.28,,,7.6498,3.3746,1143117.6657,912307.2372
002527.SZ,20250227,18.9,31.1219,1.98,,,8.3864,3.6995,1253185.84,1000151.2055
002527.SZ,20250226,17.76,33.8253,3.72,,,7.8806,3.4763,1177596.8528,939824.6248
002527.SZ,20250225,18.31,41.0472,41.52,,,8.1246,3.584,1214065.2238,968929.5541
002527.SZ,20250224,18.0,1.5737,1.92,,,7.9871,3.5233,1193510.3238,952524.9576
002527.SZ,20250221,16.36,1.5789,0.76,,,7.2594,3.2023,1084768.2721,865739.3504
002527.SZ,20250220,14.87,0.7322,0.21,,,6.5982,2.9107,985972.1397,786891.4511
002527.SZ,20250219,13.52,0.5618,0.13,,,5.9992,2.6464,896458.8654,715452.0793
002527.SZ,20250218,12.29,0.4968,0.09,,,5.4534,2.4056,814902.3266,650362.8738
002527.SZ,20250217,11.17,0.722,0.11,,,4.9564,2.1864,740639.462,591094.6542
002527.SZ,20250207,10.15,7.9038,1.18,,,4.5038,1.9868,673007.2104,537118.24
002527.SZ,20250206,10.17,7.5474,1.11,,,4.5127,1.9907,674333.3329,538176.601
002527.SZ,20250205,9.73,5.3587,0.77,,,4.3175,1.9046,645158.6361,514892.6576
002527.SZ,20250127,9.36,5.5106,0.77,,,4.1533,1.8321,620625.3684,495312.978
002527.SZ,20250124,9.85,6.6771,1.0,,,4.3707,1.928,653115.3716,521242.824
002527.SZ,20250123,9.73,8.4636,1.4,,,4.3175,1.9046,645158.6361,514892.6576
002527.SZ,20250122,9.53,8.0212,1.39,,,4.2287,1.8654,631897.4103,504309.047
002527.SZ,20250121,9.64,6.0324,0.97,,,4.2775,1.8869,639191.0845,510130.0328
002527.SZ,20250120,9.5,6.3661,1.07,,,4.2154,1.8595,629908.2265,502721.5054
002527.SZ,20250117,9.34,4.6072,0.72,,,4.1444,1.8282,619299.2458,494254.6169
002527.SZ,20250116,9.33,5.21,0.78,,,4.14,1.8263,618636.1845,493725.4364
002527.SZ,20250115,9.46,6.633,1.03,,,4.1976,1.8517,627255.9813,500604.7833
002527.SZ,20250114,9.45,8.2767,1.48,,,4.1932,1.8497,626592.92,500075.6027
002527.SZ,20250113,8.72,4.9461,0.94,,,3.8693,1.7069,578189.4458,461445.4239
002527.SZ,20250110,8.67,6.9791,1.45,,,3.8471,1.6971,574874.1393,458799.5212
002527.SZ,20250109,8.84,6.4408,1.48,,,3.9225,1.7303,586146.1812,467795.5903
002747.SZ,20260702,40.7,22.4448,2.08,875.861,302.5789,12.1655,8.0584,3938939.7037,3184386.836
002747.SZ,20260701,41.06,6.9207,0.57,883.6082,305.2553,12.2731,8.1296,3973780.448,3212553.4026
002747.SZ,20260630,37.33,8.7717,0.64,803.3388,277.5251,11.1582,7.3911,3612791.625,2920716.4763
002747.SZ,20260629,33.94,10.1229,0.66,730.3863,252.3226,10.1449,6.7199,3284707.9495,2655481.3074
002747.SZ,20260626,34.67,12.3651,0.84,746.0958,257.7497,10.3631,6.8645,3355357.2366,2712596.8453
002747.SZ,20260625,36.87,15.764,1.16,793.4397,274.1053,11.0207,7.3001,3568272.8962,2884725.8634
002747.SZ,20260624,37.62,13.843,1.02,809.5796,279.6811,11.2449,7.4485,3640857.7802,2943406.2105
002747.SZ,20260623,38.25,16.9501,1.36,823.1372,284.3647,11.4332,7.5733,3701829.0827,2992697.7021
002747.SZ,20260622,37.19,17.5626,1.49,800.326,276.4843,11.1164,7.3634,3599242.4467,2909762.8115
002747.SZ,20260618,36.5,9.3179,0.72,785.4773,271.3546,10.9101,7.2268,3532464.3535,2855776.8922
002747.SZ,20260617,33.18,10.0135,0.63,714.0311,246.6724,9.9177,6.5695,3211155.2671,2596018.5557
002747.SZ,20260616,33.9,13.8411,0.92,729.5255,252.0252,10.133,6.712,3280836.7557,2652351.6889
002747.SZ,20260615,33.23,11.3928,0.73,715.1071,247.0442,9.9327,6.5794,3215994.2593,2599930.5788
002747.SZ,20260612,32.22,14.4423,0.95,693.372,239.5355,9.6308,6.3794,3118246.6156,2520907.7114
002747.SZ,20260611,33.35,14.899,1.02,717.6895,247.9363,9.9686,6.6031,3227607.8408,2609319.4344
002747.SZ,20260610,35.8,24.7961,2.01,770.4133,266.1505,10.7009,7.0882,3464718.4617,2801008.5682
002747.SZ,20260609,37.53,9.699,0.83,807.6428,279.012,11.218,7.4307,3632147.5941,2936364.5689
002747.SZ,20260608,34.12,14.4292,1.42,734.2599,253.6608,10.1987,6.7556,3302128.3216,2669564.5907
002747.SZ,20260605,31.02,12.2727,1.3,667.5481,230.6142,9.2721,6.1418,3002110.8012,2427019.1561
002747.SZ,20260604,29.49,11.7061,1.27,634.6226,219.2396,8.8148,5.8389,2854037.6379,2307311.248
002747.SZ,20260603,29.04,13.7256,1.54,624.9386,215.8941,8.6803,5.7498,2810486.7075,2272103.0397
002747.SZ,20260602,26.96,6.0914,0.57,580.1772,200.4307,8.0585,5.3379,2609184.6293,2109362.8771
002747.SZ,20260601,26.77,6.9054,0.58,576.0884,199.0181,8.0017,5.3003,2590796.4587,2094497.1892
002747.SZ,20260529,27.72,8.6515,0.65,596.5323,206.0808,8.2857,5.4884,2682737.3117,2168825.6288
002747.SZ,20260528,28.32,10.7963,0.77,609.4443,210.5414,8.4651,5.6072,2740805.2189,2215769.9065
002747.SZ,20260527,28.43,12.0188,0.93,611.8115,211.3592,8.4979,5.629,2751451.0019,2224376.3574
002747.SZ,20260526,30.03,15.3116,1.35,646.2434,223.2542,8.9762,5.9458,2906298.7544,2349561.0979
002747.SZ,20260525,28.61,13.0755,1.23,615.6851,212.6974,8.5517,5.6646,2768871.374,2238459.6407
002747.SZ,20260522,29.07,15.5533,1.59,625.5842,216.1172,8.6892,5.7557,2813390.1029,2274450.2536
002747.SZ,20260521,28.7,14.2801,1.86,617.6219,213.3665,8.5786,5.6824,2777581.5601,2245501.2824
002747.SZ,20260520,26.1,6.2982,0.88,561.6701,194.0371,7.8015,5.1677,2525953.9623,2042076.0791
002747.SZ,20260519,26.86,7.6629,1.17,578.0252,199.6872,8.0287,5.3181,2599506.6448,2101538.8308
002747.SZ,20260518,26.07,9.4933,1.66,561.0245,193.8141,7.7925,5.1617,2523050.567,2039728.8652
002747.SZ,20260515,25.43,11.2661,2.45,547.2517,189.0561,7.6012,5.035,2461111.466,1989654.969
002747.SZ,20260514,23.74,3.6593,0.79,510.883,176.492,7.0961,4.7004,2297553.5274,1857428.5869
002747.SZ,20260513,24.2,3.8358,0.79,520.7822,179.9118,7.2336,4.7915,2342072.2563,1893419.1998
002747.SZ,20260512,24.57,4.5056,0.94,528.7446,182.6625,7.3442,4.8647,2377880.799,1922368.171
002747.SZ,20260511,24.23,5.2715,1.33,521.4278,180.1348,7.2425,4.7974,2344975.6516,1895766.4136
002747.SZ,20260508,24.08,5.7456,1.86,518.1998,179.0197,7.1977,4.7677,2330458.6748,1884030.3442
002747.SZ,20260507,23.46,3.7587,1.46,504.8575,174.4104,7.0124,4.6449,2270455.1707,1835521.2573
002747.SZ,20260506,22.83,4.8564,2.64,491.2999,169.7267,6.8241,4.5202,2209483.8682,1786229.7657
002747.SZ,20260430,21.87,4.231,3.39,470.6408,162.5897,6.5371,4.3301,2116575.2167,1711118.9214
002747.SZ,20260429,20.8,1.2965,1.07,447.6145,447.6145,6.27,4.1183,2013020.7822,1627401.6262
002747.SZ,20260428,20.38,1.2724,1.02,438.5761,438.5761,6.1434,4.0351,1972373.2472,1594540.6319
002747.SZ,20260427,20.95,1.2273,0.93,450.8424,450.8424,6.3152,4.148,2027537.759,1639137.6957
002747.SZ,20260424,20.62,1.1542,0.79,443.7409,443.7409,6.2157,4.0826,1995600.4101,1613318.3429
002747.SZ,20260423,20.87,1.2901,0.88,449.1209,449.1209,6.2911,4.1321,2019795.3714,1632878.4586
002747.SZ,20260422,21.18,1.1365,0.77,455.792,455.792,6.3845,4.1935,2049797.1235,1657133.0021
002747.SZ,20260421,21.18,1.4054,0.96,455.792,455.792,6.3845,4.1935,2049797.1235,1657133.0021
002747.SZ,20260420,21.43,1.5834,1.11,461.172,461.172,6.4599,4.243,2073992.0848,1676693.1178
002747.SZ,20260417,21.37,1.9232,1.42,459.8808,459.8808,6.4418,4.2311,2068185.2941,1671998.69
002747.SZ,20260416,20.97,1.2464,0.93,451.2728,451.2728,6.3212,4.1519,2029473.3559,1640702.5049
002747.SZ,20260415,20.72,1.2546,0.83,445.8929,445.8929,6.2458,4.1024,2005278.3946,1621142.3892
002747.SZ,20260414,20.91,1.331,0.93,449.9816,449.9816,6.3031,4.1401,2023666.5652,1636008.0771
002747.SZ,20260413,20.63,1.3688,1.02,443.9561,443.9561,6.2187,4.0846,1996568.2085,1614100.7476
002747.SZ,20260410,20.47,1.5707,1.24,440.5129,440.5129,6.1705,4.0529,1981083.4333,1601582.2735
002747.SZ,20260409,20.04,1.1903,0.96,431.2593,431.2593,6.0409,3.9678,1939468.0998,1567938.8745
002747.SZ,20260408,20.5,2.1393,2.02,441.1585,441.1585,6.1795,4.0589,1983986.8287,1603929.4874
002747.SZ,20260407,19.41,0.8906,0.82,417.7018,417.7018,5.851,3.8431,1878496.7973,1518647.3829
002747.SZ,20260403,19.49,0.9133,0.82,419.4234,419.4234,5.8751,3.8589,1886239.1849,1524906.62
002747.SZ,20260402,19.78,1.1874,1.04,425.6641,425.6641,5.9625,3.9163,1914305.34,1547596.3542
002747.SZ,20260401,20.25,1.0513,0.86,435.7785,435.7785,6.1042,4.0094,1959791.8673,1584369.3717
002747.SZ,20260331,20.03,1.241,0.97,431.0441,431.0441,6.0378,3.9658,1938500.3014,1567156.4699
002747.SZ,20260330,20.13,1.0045,0.66,,,6.1071,4.8598,1948178.2859,1574981.573
002747.SZ,20260327,20.13,1.0988,0.69,,,6.1071,4.8598,1948178.2859,1574981.573
002747.SZ,20260326,20.09,1.304,0.79,,,6.0949,4.8501,1944307.0921,1571851.9524
002747.SZ,20260325,20.28,1.4357,0.89,,,6.1526,4.896,1962695.2627,1586717.6503
002747.SZ,20260324,20.01,1.5681,0.94,,,6.0707,4.8308,1936564.7045,1565592.7112
002747.SZ,20260323,19.78,2.1569,1.36,,,6.0009,4.7753,1914305.34,1547597.3926
002747.SZ,20260320,20.42,1.5013,0.86,,,6.195,4.9298,1976244.441,1597671.3224
002747.SZ,20260319,21.0,1.5427,0.88,,,6.371,5.0698,2032376.7513,1643050.8213
002747.SZ,20260318,21.71,1.2796,0.68,,,6.5864,5.2412,2101090.4415,1698601.5872
002747.SZ,20260317,21.82,1.8594,0.98,,,6.6198,5.2678,2111736.2244,1707208.0438
002747.SZ,20260316,21.94,1.7387,0.86,,,6.6562,5.2968,2123349.8059,1716596.9057
002747.SZ,20260313,21.94,2.3344,1.23,,,6.6562,5.2968,2123349.8059,1716596.9057
002747.SZ,20260312,22.01,1.5357,0.78,,,6.6774,5.3137,2130124.3951,1722073.7418
002747.SZ,20260311,22.35,1.9211,0.96,,,6.7806,5.3957,2163029.5425,1748675.517
002747.SZ,20260310,22.34,1.9148,0.88,,,6.7775,5.3933,2162061.744,1747893.1118
002747.SZ,20260309,21.88,2.4568,1.07,,,9.8196,4.754,1905788.3752,1711902.4748
002747.SZ,20260306,22.23,1.6559,0.7,,,9.9767,4.8301,1936274.021,1739286.6551
002747.SZ,20260305,21.99,1.9425,0.81,,,9.869,4.7779,1915369.5781,1720508.9314
002747.SZ,20260304,21.55,1.9994,0.8,,,9.6715,4.6823,1877044.7662,1686083.1047
002747.SZ,20260303,21.74,2.8665,1.05,,,9.7568,4.7236,1893594.1168,1700948.8026
002747.SZ,20260302,22.78,3.059,1.19,,,10.2235,4.9496,1984180.0359,1782318.9385
002747.SZ,20260227,23.75,1.9852,0.81,,,10.6589,5.1604,2068668.8259,1858212.2384
002747.SZ,20260226,23.99,2.0199,0.87,,,10.7666,5.2125,2089573.2687,1876989.962
002747.SZ,20260225,24.22,2.5654,1.13,,,10.8698,5.2625,2109606.6932,1894985.2806
002747.SZ,20260224,24.28,4.0318,2.27,,,10.8967,5.2755,2114832.8039,1899679.7115
002747.SZ,20260213,24.38,2.2175,1.28,,,10.9416,5.2972,2123542.9884,1907503.763
002747.SZ,20260212,24.37,1.4523,0.84,,,10.9371,5.2951,2122671.97,1906721.3579
002747.SZ,20260211,24.25,1.317,0.73,,,10.8833,5.269,2112219.7485,1897332.496
002747.SZ,20260210,24.38,2.3711,1.37,,,10.9416,5.2972,2123542.9884,1907503.763
002747.SZ,20260209,24.01,1.5264,0.76,,,10.7756,5.2168,2091315.3057,1878554.7724
002747.SZ,20260206,23.76,1.962,0.91,,,10.6634,5.1625,2069539.8443,1858994.6435
002747.SZ,20260205,23.41,1.5133,0.65,,,10.5063,5.0865,2039054.1985,1831610.4632
002747.SZ,20260204,23.95,1.6858,0.65,,,10.7486,5.2038,2086089.1949,1873860.3414
002747.SZ,20260203,23.98,1.9806,0.7,,,10.7621,5.2103,2088702.2503,1876207.5569
002747.SZ,20260202,23.58,2.862,0.93,,,10.5826,5.1234,2053861.5122,1844911.3508
002747.SZ,20260130,23.58,2.7055,0.83,,,10.5826,5.1234,2053861.5122,1844911.3508
002747.SZ,20260129,23.85,2.4412,0.7,,,10.7038,5.1821,2077379.0104,1866036.2899
002747.SZ,20260128,24.36,3.0535,0.9,,,10.9326,5.2929,2121800.9515,1905938.9527
002747.SZ,20260127,25.15,3.1273,0.93,,,11.2872,5.4645,2190611.4093,1967748.9598
002747.SZ,20260126,25.37,4.0769,1.3,,,11.3859,5.5123,2209773.8153,1984961.8732
002747.SZ,20260123,25.73,3.5611,1.06,,,11.5475,5.5906,2241130.4796,2013128.4587
002747.SZ,20260122,25.47,3.7265,1.16,,,11.4308,5.5341,2218483.9998,1992785.9247
002747.SZ,20260121,25.13,2.4158,0.64,,,11.2782,5.4602,2188869.3724,1966184.1495
002747.SZ,20260120,25.18,2.9802,0.69,,,11.3007,5.4711,2193224.4647,1970096.1753
002747.SZ,20260119,25.31,3.0123,0.58,,,11.359,5.4993,2204547.7045,1980267.4422
002747.SZ,20260116,25.49,4.6864,0.93,,,11.4398,5.5384,2220226.0367,1994350.735
002747.SZ,20260115,24.75,2.9531,0.57,,,11.1077,5.3776,2155770.6712,1936452.7537
002747.SZ,20260114,24.94,5.1396,1.07,,,11.1929,5.4189,2172320.0218,1951318.4516
002747.SZ,20260113,25.09,5.7373,1.35,,,11.2603,5.4515,2185385.2986,1963054.5289
002747.SZ,20260112,25.67,7.4188,2.18,,,11.5206,5.5775,2235904.3689,2008434.0278
002747.SZ,20260109,24.25,3.9727,1.16,,,10.8833,5.269,2112219.7485,1897332.496
002747.SZ,20260108,24.07,3.7083,1.0,,,10.8025,5.2299,2096541.4164,1883249.2033
002747.SZ,20260107,23.82,3.1499,0.86,,,10.6903,5.1756,2074765.955,1863689.0744
002747.SZ,20260106,23.73,3.0583,0.87,,,10.6499,5.156,2066926.789,1856647.4281
002747.SZ,20260105,23.68,3.1608,0.91,,,10.6275,5.1451,2062571.6967,1852735.4023
002747.SZ,20251231,23.7,3.9883,1.38,,,10.6364,5.1495,2064313.7336,1854300.2126
002747.SZ,20251230,23.66,5.2235,2.55,,,10.6185,5.1408,2060829.6598,1851170.592
002747.SZ,20251229,22.84,2.8114,1.52,,,10.2505,4.9626,1989406.1467,1787013.3695
002747.SZ,20251226,22.58,2.4525,1.53,,,10.1338,4.9061,1966759.6669,1766670.8355
002747.SZ,20251225,22.51,2.9519,2.43,,,10.1024,4.8909,1960662.5377,1761193.9994
002747.SZ,20251224,21.67,0.9647,0.75,,,9.7254,4.7084,1887496.9877,1695471.9666
002747.SZ,20251223,21.54,1.0628,0.77,,,9.667,4.6802,1876173.7478,1685300.6996
002747.SZ,20251222,21.7,1.8145,1.35,,,9.7388,4.7149,1890110.043,1697819.182
002747.SZ,20251219,21.18,1.2156,0.84,,,9.5055,4.602,1844817.0835,1657134.1141
002747.SZ,20251218,20.95,1.0288,0.66,,,9.4023,4.552,1824783.659,1639138.7955
002747.SZ,20251217,21.18,1.3006,0.81,,,9.5055,4.602,1844817.0835,1657134.1141
002747.SZ,20251216,20.91,1.5407,0.95,,,9.3843,4.5433,1821299.5852,1636009.1749
002747.SZ,20251215,21.41,1.6153,0.94,,,9.6087,4.6519,1864850.5079,1675129.4326
002747.SZ,20251212,22.0,1.7809,1.03,,,9.8735,4.7801,1916240.5966,1721291.3366
002747.SZ,20251211,21.98,1.5917,0.8,,,9.8645,4.7758,1914498.5597,1719726.5263
002747.SZ,20251210,22.48,1.4849,0.78,,,10.0889,4.8844,1958049.4823,1758846.7839
002747.SZ,20251209,22.36,1.5975,0.86,,,10.0351,4.8583,1947597.2609,1749457.9221
002747.SZ,20251208,22.73,2.1671,1.19,,,10.2011,4.9387,1979824.9437,1778406.9128
002747.SZ,20251205,22.55,1.8345,1.09,,,10.1203,4.8996,1964146.6115,1764323.62
002747.SZ,20251204,22.44,2.8341,2.07,,,10.071,4.8757,1954565.4085,1755717.1633
002747.SZ,20251203,21.88,1.0326,0.72,,,9.8196,4.754,1905788.3752,1711902.4748
002747.SZ,20251202,22.01,1.3757,0.91,,,9.878,4.7823,1917111.6151,1722073.7418
002747.SZ,20251201,22.43,2.0534,1.39,,,10.0665,4.8735,1953694.3901,1754934.7582
002747.SZ,20251128,21.93,1.0941,0.62,,,9.8421,4.7649,1910143.4674,1715814.5005
002747.SZ,20251127,21.76,1.2981,0.75,,,9.7658,4.728,1895336.1537,1702513.6129
002747.SZ,20251126,21.93,1.334,0.76,,,9.8421,4.7649,1910143.4674,1715814.5005
002747.SZ,20251125,21.86,1.7986,1.08,,,9.8107,4.7497,1904046.3383,1710337.6645
002747.SZ,20251124,22.01,1.8613,1.22,,,9.878,4.7823,1917111.6151,1722073.7418
002747.SZ,20251121,21.87,2.5268,1.89,,,9.8151,4.7519,1904917.3567,1711120.0696
002747.SZ,20251120,21.85,1.1796,0.82,,,9.8062,4.7475,1903175.3198,1709555.2593
002747.SZ,20251119,22.12,1.3765,0.85,,,9.9273,4.8062,1926692.818,1730680.1984
002747.SZ,20251118,22.29,1.3746,0.8,,,10.0036,4.8431,1941500.1317,1743981.086
002747.SZ,20251117,22.44,1.2023,0.64,,,10.071,4.8757,1954565.4085,1755717.1633
002747.SZ,20251114,22.42,1.5441,0.79,,,10.062,4.8714,1952823.3716,1754152.353
002747.SZ,20251113,22.79,1.7061,0.84,,,10.228,4.9518,1985051.0544,1783101.3437
002747.SZ,20251112,22.75,2.2254,1.12,,,10.2101,4.9431,1981566.9806,1779971.7231
002747.SZ,20251111,23.02,1.9151,0.9,,,10.3313,5.0017,2005084.4788,1801096.6622
002747.SZ,20251110,23.25,2.0292,0.84,,,10.4345,5.0517,2025117.9032,1819091.9807
002747.SZ,20251107,23.61,1.8768,0.61,,,10.596,5.1299,2056474.5675,1847258.5662
002747.SZ,20251106,24.15,2.1072,0.62,,,10.8384,5.2473,2103509.564,1889508.4445
002747.SZ,20251105,23.75,1.9716,0.58,,,10.6589,5.1604,2068668.8259,1858212.2384
002747.SZ,20251104,24.01,2.6833,0.8,,,10.7756,5.2168,2091315.3057,1878554.7724
002747.SZ,20251103,24.77,3.3887,1.06,,,11.1167,5.382,2157512.7081,1938017.564
002747.SZ,20251031,25.16,5.2589,1.88,,,11.2917,5.4667,2191482.4277,1968531.3649
002747.SZ,20251030,24.4,3.7674,1.59,,,10.7299,5.3016,2125285.0253,1909068.5733
002747.SZ,20251029,24.29,1.9665,0.85,,,10.6816,5.2777,2115703.8223,1900462.1166
002747.SZ,20251028,24.02,2.3313,1.05,,,10.5628,5.219,2092186.3241,1879337.1775
002747.SZ,20251027,24.16,2.6025,1.03,,,10.6244,5.2494,2104380.5824,1890290.8496
002747.SZ,20251024,24.1,3.3319,1.33,,,10.598,5.2364,2099154.4717,1885596.4187
002747.SZ,20251023,23.28,1.6068,0.57,,,10.2374,5.0582,2027730.9586,1821439.1962
002747.SZ,20251022,23.37,1.7534,0.54,,,10.277,5.0778,2035570.1247,1828480.8426
002747.SZ,20251021,23.48,1.8357,0.47,,,10.3254,5.1017,2045151.3276,1837087.2992
002747.SZ,20251020,23.36,4.0878,1.03,,,10.2726,5.0756,2034699.1062,1827698.4374
002747.SZ,20251017,22.52,3.2103,0.76,,,9.9032,4.8931,1961533.5562,1761976.4046
002747.SZ,20251016,23.65,3.2789,0.7,,,10.4001,5.1386,2059958.6413,1850388.1868
002747.SZ,20251015,24.65,3.9241,0.86,,,10.8399,5.3559,2147060.4866,1928628.7021
002747.SZ,20251014,23.87,5.0836,1.15,,,10.4969,5.1864,2079121.0473,1867601.1002
002747.SZ,20251013,24.81,4.3238,1.01,,,10.9102,5.3907,2160996.7819,1941147.1846
002747.SZ,20251010,25.42,4.6444,1.08,,,11.1785,5.5232,2214128.9075,1988873.8989
002747.SZ,20251009,26.33,5.3994,1.32,,,11.5786,5.7209,2293391.5867,2060072.7678
002747.SZ,20250930,25.6,3.2648,0.76,,,11.2576,5.5623,2229807.2397,2002957.1917
002747.SZ,20250929,25.76,4.5151,1.1,,,11.328,5.5971,2243743.5349,2015475.6741
002747.SZ,20250926,24.79,3.5629,0.79,,,10.9014,5.3863,2159254.745,1939582.3743
002747.SZ,20250925,25.68,4.8356,0.9,,,11.2928,5.5797,2236775.3873,2009216.4329
002747.SZ,20250924,25.57,4.3259,0.71,,,11.2444,5.5558,2227194.1843,2000609.9762
002747.SZ,20250923,24.75,4.3526,0.65,,,10.8838,5.3776,2155770.6712,1936452.7537
002747.SZ,20250922,25.27,3.3789,0.49,,,11.1125,5.4906,2201063.6307,1977137.8216
002747.SZ,20250919,25.24,5.6548,0.81,,,11.0993,5.4841,2198450.5754,1974790.6062
002747.SZ,20250918,26.01,9.064,1.37,,,11.4379,5.6514,2265518.9963,2035035.803
002747.SZ,20250917,26.39,7.8684,1.35,,,11.605,5.734,2298617.6975,2064767.1988
002747.SZ,20250916,25.99,7.4228,1.39,,,11.4291,5.6471,2263776.9593,2033470.9926
002747.SZ,20250915,25.03,4.3018,0.72,,,11.007,5.4385,2180159.1879,1958360.098
002747.SZ,20250912,25.3,6.4505,1.16,,,11.1257,5.4971,2203676.6861,1979485.0371
002747.SZ,20250911,25.4,7.1157,1.37,,,11.1697,5.5189,2212386.8706,1987309.0886
002747.SZ,20250910,24.35,3.7532,0.69,,,10.7079,5.2907,2120929.9331,1905156.5476
002747.SZ,20250909,24.77,5.1133,0.81,,,10.8926,5.382,2157512.7081,1938017.564
002747.SZ,20250908,24.88,7.4244,1.33,,,10.941,5.4059,2167093.9111,1946624.0207
002747.SZ,20250905,23.55,4.3625,0.78,,,10.3561,5.1169,2051248.4568,1842564.1353
002747.SZ,20250904,22.51,5.3747,0.96,,,9.8988,4.8909,1960662.5377,1761193.9994
002747.SZ,20250903,23.76,5.0665,0.83,,,10.4485,5.1625,2069539.8443,1858994.6435
002747.SZ,20250902,24.43,9.2119,1.86,,,10.7431,5.3081,2127898.0807,1911415.7888
002747.SZ,20250901,23.63,3.9424,0.73,,,10.3913,5.1343,2058216.6044,1848823.3765
002747.SZ,20250829,23.92,4.2916,0.81,,,10.5188,5.1973,2083476.1396,1871513.126
002747.SZ,20250828,24.24,5.5687,1.12,,,11.2746,5.2668,2111348.7301,1896550.0909
002747.SZ,20250827,24.03,7.5295,1.7,,,11.177,5.2212,2093057.3426,1880119.5827
002747.SZ,20250826,24.36,3.4053,0.65,,,11.3304,5.2929,2121800.9515,1905938.9527
002747.SZ,20250825,24.77,6.2598,1.1,,,11.5211,5.382,2157512.7081,1938017.564
002747.SZ,20250822,24.15,3.8049,0.59,,,11.2328,5.2473,2103509.564,1889508.4445
002747.SZ,20250821,23.88,3.931,0.52,,,11.1072,5.1886,2079992.0658,1868383.5054
002747.SZ,20250820,24.34,4.719,0.64,,,11.3211,5.2885,2120058.9146,1904374.1424
002747.SZ,20250819,24.54,7.4912,1.1,,,11.4142,5.332,2137479.2837,1920022.2455
002747.SZ,20250818,24.4,8.5434,1.42,,,11.349,5.3016,2125285.0253,1909068.5733
002747.SZ,20250815,24.15,7.4359,1.35,,,11.2328,5.2473,2103509.564,1889508.4445
002747.SZ,20250814,23.82,9.4541,1.85,,,11.0793,5.1756,2074765.955,1863689.0744
002747.SZ,20250813,23.17,3.8675,0.6,,,10.7769,5.0343,2018149.7556,1812832.7395
002747.SZ,20250812,23.14,4.6429,0.62,,,10.763,5.0278,2015536.7002,1810485.524
002747.SZ,20250811,23.61,4.7608,0.65,,,10.9816,5.1299,2056474.5675,1847258.5662
002747.SZ,20250808,23.32,4.8517,0.71,,,11.0391,5.0437,2021887.0324,1824568.8168
002747.SZ,20250807,23.65,7.3704,1.27,,,11.1953,5.115,2050498.6413,1850388.1868
002747.SZ,20250806,24.21,10.6142,2.56,,,11.4604,5.2361,2099051.6747,1894202.8754
002747.SZ,20250805,23.24,9.5611,3.58,,,11.0012,5.0264,2014950.8848,1818309.5756
002747.SZ,20250804,21.72,4.4635,1.81,,,10.2817,4.6976,1883164.0799,1699383.9923
002747.SZ,20250801,21.03,1.9864,0.71,,,9.955,4.5484,1823339.8067,1645398.0368
002747.SZ,20250731,21.0,2.4494,0.83,,,9.9408,4.5419,1820738.7513,1643050.8213
002747.SZ,20250730,21.13,2.2813,0.77,,,10.0024,4.57,1832009.9912,1653222.0883
002747.SZ,20250729,21.48,2.1827,0.67,,,10.1681,4.6457,1862355.637,1680606.2686
002747.SZ,20250728,21.52,3.4326,1.0,,,10.187,4.6544,1865823.7109,1683735.8893
002747.SZ,20250725,21.72,3.6752,1.11,,,10.2817,4.6976,1883164.0799,1699383.9923
002747.SZ,20250724,21.44,3.1056,0.9,,,10.1491,4.6371,1858887.5632,1677476.648
002747.SZ,20250723,20.91,2.4258,0.68,,,9.8982,4.5224,1812935.5852,1636009.1749
002747.SZ,20250722,21.14,3.5689,1.02,,,10.0071,4.5722,1832877.0096,1654004.4934
002747.SZ,20250721,21.37,4.4401,1.37,,,10.116,4.6219,1852818.4341,1671999.812
002747.SZ,20250718,21.14,3.0367,0.95,,,10.0071,4.5722,1832877.0096,1654004.4934
002747.SZ,20250717,21.03,3.7705,1.41,,,9.955,4.5484,1823339.8067,1645398.0368
002747.SZ,20250716,20.56,3.0193,1.23,,,9.7326,4.4467,1782589.9394,1608624.9946
002747.SZ,20250715,20.58,3.2967,1.54,,,9.742,4.451,1784323.9763,1610189.8049
002747.SZ,20250714,20.39,3.0998,1.75,,,9.6521,4.41,1767850.6257,1595324.107
002747.SZ,20250711,20.18,2.7322,1.8,,,9.5527,4.3645,1749643.2382,1578893.5988
002747.SZ,20250710,19.7,1.2397,0.81,,,9.3255,4.2607,1708026.3524,1541338.1514
002747.SZ,20250709,19.77,1.8841,1.26,,,9.3586,4.2759,1714095.4816,1546814.9875
002747.SZ,20250708,19.86,1.7615,1.19,,,9.4012,4.2953,1721898.6477,1553856.6339
002747.SZ,20250707,19.37,1.224,0.76,,,9.1692,4.1893,1679414.7435,1515518.7814
002747.SZ,20250704,19.67,1.4888,0.88,,,9.3113,4.2542,1705425.2971,1538990.936
002747.SZ,20250703,19.92,1.2607,0.63,,,9.4296,4.3083,1727100.7584,1558551.0648
002747.SZ,20250702,19.89,1.7601,0.76,,,9.4154,4.3018,1724499.703,1556203.8493
002747.SZ,20250701,20.16,1.6808,0.62,,,9.5432,4.3602,1747909.2012,1577328.7884
002747.SZ,20250630,20.24,1.8954,0.72,,,9.5811,4.3775,1754845.3489,1583588.0297
002747.SZ,20250627,20.06,1.8324,0.68,,,9.4959,4.3386,1739239.0167,1569504.7369
002747.SZ,20250626,20.05,2.7641,1.09,,,9.4911,4.3364,1738371.9983,1568722.3318
002747.SZ,20250625,20.35,3.4639,1.66,,,9.6331,4.4013,1764382.5519,1592194.4864
002747.SZ,20250624,19.99,3.6146,2.18,,,9.4627,4.3234,1733169.8875,1564027.9008
002747.SZ,20250623,19.01,1.4213,0.86,,,8.9988,4.1115,1648202.0792,1487352.1959
002747.SZ,20250620,18.82,2.1348,1.22,,,8.9089,4.0704,1631728.7285,1472486.4979
002747.SZ,20250619,19.29,2.0845,1.11,,,9.1314,4.172,1672478.5958,1509259.5401
002747.SZ,20250618,19.45,1.1832,0.52,,,9.2071,4.2067,1686350.8911,1521778.0226
002747.SZ,20250617,19.46,1.4654,0.49,,,9.2118,4.2088,1687217.9095,1522560.4277
002747.SZ,20250616,19.47,1.4258,0.43,,,9.2166,4.211,1688084.928,1523342.8329
002747.SZ,20250613,19.46,2.5794,0.83,,,9.2118,4.2088,1687217.9095,1522560.4277
002747.SZ,20250612,20.18,2.7419,0.91,,,9.5527,4.3645,1749643.2382,1578893.5988
002747.SZ,20250611,20.31,3.0831,1.16,,,9.6142,4.3927,1760914.478,1589064.8657
002747.SZ,20250610,20.64,5.0343,2.68,,,9.7704,4.464,1789526.087,1614884.2358
002747.SZ,20250609,20.04,3.1075,1.95,,,9.4864,4.3343,1737504.9798,1567939.9266
002747.SZ,20250606,19.44,1.5053,0.91,,,9.2024,4.2045,1685483.8726,1520995.6174
002747.SZ,20250605,19.73,2.2569,1.52,,,9.3397,4.2672,1710627.4078,1543685.3669
002747.SZ,20250604,19.38,1.3434,0.87,,,9.174,4.1915,1680281.7619,1516301.1865
002747.SZ,20250603,19.21,1.1785,0.72,,,9.0935,4.1547,1665542.4482,1503000.2989
002747.SZ,20250530,19.22,1.685,0.97,,,9.0982,4.1569,1666409.4667,1503782.7041
002747.SZ,20250529,19.63,1.8061,1.03,,,9.2923,4.2456,1701957.2232,1535861.3153
002747.SZ,20250528,19.27,1.3978,0.77,,,9.1219,4.1677,1670744.5589,1507694.7298
002747.SZ,20250527,19.45,1.6523,0.85,,,9.2071,4.2067,1686350.8911,1521778.0226
002747.SZ,20250526,19.9,1.6531,0.77,,,9.4201,4.304,1725366.7215,1556986.2545
002747.SZ,20250523,19.86,2.1906,0.98,,,9.4012,4.2953,1721898.6477,1553856.6339
002747.SZ,20250522,20.06,1.8428,0.79,,,9.4959,4.3386,1739239.0167,1569504.7369
002747.SZ,20250521,20.31,1.7555,0.68,,,9.6142,4.3927,1760914.478,1589064.8657
002747.SZ,20250520,20.49,2.2813,0.78,,,9.6994,4.4316,1776520.8102,1603148.1585
002747.SZ,20250519,20.69,2.6043,0.77,,,9.7941,4.4748,1793861.1793,1618796.2616
002747.SZ,20250516,20.61,2.7134,0.78,,,9.7562,4.4575,1786925.0316,1612537.0203
002747.SZ,20250515,20.75,2.2719,0.63,,,9.8225,4.4878,1799063.29,1623490.6925
002747.SZ,20250514,21.11,2.986,0.76,,,9.9929,4.5657,1830275.9543,1651657.278
002747.SZ,20250513,21.17,4.0504,1.01,,,10.0213,4.5787,1835478.065,1656351.7089
002747.SZ,20250512,21.6,4.945,1.29,,,10.2249,4.6717,1872759.8585,1689995.1305
002747.SZ,20250509,20.71,3.1197,0.81,,,9.8036,4.4792,1795595.2162,1620361.0719
002747.SZ,20250508,20.94,2.9787,0.83,,,9.9124,4.5289,1815536.6406,1638356.3904
002747.SZ,20250507,20.85,4.4639,1.46,,,9.8698,4.5094,1807733.4745,1631314.744
002747.SZ,20250506,20.92,4.6297,1.74,,,9.903,4.5246,1813802.6037,1636791.5801
002747.SZ,20250430,20.0,3.9211,1.47,,,9.4675,4.3256,1734036.906,1564810.306
002747.SZ,20250429,19.17,3.3095,1.42,,,9.0746,4.1461,1662074.3744,1499870.6783
002747.SZ,20250428,18.49,1.5985,0.64,118.7126,,6.3324,3.4461,1603117.1196,1446667.1279
002747.SZ,20250425,18.85,1.8458,0.77,121.0239,,6.4557,3.5132,1634329.7839,1474833.7134
002747.SZ,20250424,18.86,2.6564,1.21,121.0881,,6.4591,3.5151,1635196.8024,1475616.1186
002747.SZ,20250423,19.25,3.9306,2.18,123.5921,,6.5927,3.5878,1669010.522,1506129.9195
002747.SZ,20250422,18.58,1.6132,0.85,119.2904,,6.3632,3.4629,1610920.2857,1453708.7743
002747.SZ,20250421,18.92,2.3802,1.2,121.4733,,6.4797,3.5263,1640398.9131,1480310.5495
002747.SZ,20250418,18.34,1.3583,0.55,117.7495,,6.281,3.4182,1590111.8428,1434931.0506
002747.SZ,20250417,18.31,1.6564,0.54,117.5569,,6.2708,3.4126,1587510.7874,1432583.8351
002747.SZ,20250416,18.48,1.9984,0.52,118.6484,,6.329,3.4443,1602250.1011,1445884.7227
002747.SZ,20250415,18.82,2.1346,0.44,120.8313,,6.4454,3.5076,1631728.7285,1472486.4979
002747.SZ,20250414,18.91,2.8053,0.6,121.4091,,6.4763,3.5244,1639531.8946,1479528.1443
002747.SZ,20250411,18.66,3.7532,0.85,119.804,,6.3906,3.4778,1617856.4333,1459968.0155
002747.SZ,20250410,18.33,4.5058,1.15,117.6853,,6.2776,3.4163,1589244.8243,1434148.6454
002747.SZ,20250409,17.99,5.9747,1.87,115.5024,,6.1612,3.3529,1559766.1969,1407546.8702
002747.SZ,20250408,17.32,7.0935,2.7,111.2008,,5.9317,3.2281,1501675.9606,1355125.725
002747.SZ,20250407,18.8,2.1947,0.82,120.7029,,6.4386,3.5039,1629994.6916,1470921.6876
002747.SZ,20250403,20.89,2.207,0.77,134.1215,,7.1544,3.8934,1811201.5483,1634444.3646
002747.SZ,20250402,21.32,2.0778,0.68,136.8822,,7.3016,3.9736,1848483.3418,1668087.7862
002747.SZ,20250401,21.01,2.3983,0.75,134.8919,,7.1955,3.9158,1821605.7698,1643833.2265
002747.SZ,20250331,21.4,4.2649,1.24,137.3959,,7.329,3.9885,1855419.4894,1674347.0274
002747.SZ,20250328,22.25,2.4304,0.58,142.8532,,7.6201,4.1469,1929116.0579,1740851.4654
002747.SZ,20250327,22.25,3.1776,0.61,142.8532,,7.6201,4.1469,1929116.0579,1740851.4654
002747.SZ,20250326,22.24,2.9708,0.54,142.789,,7.6167,4.145,1928249.0395,1740069.0603
002747.SZ,20250325,22.05,3.226,0.56,141.5691,,7.5516,4.1096,1911775.6889,1725203.3624
002747.SZ,20250324,22.5,5.429,0.97,144.4583,,7.7057,4.1935,1950791.5193,1760411.5943
002747.SZ,20250321,23.16,6.037,1.09,148.6957,,7.9318,4.3165,2008014.7371,1812050.3343
002747.SZ,20250320,24.46,8.4974,1.59,157.0422,,8.377,4.5588,2120727.136,1913763.0042
002747.SZ,20250319,23.86,4.1888,0.75,153.19,,8.1715,4.447,2068706.0289,1866818.6951
002747.SZ,20250318,23.92,4.86,0.82,153.5752,,8.1921,4.4581,2073908.1396,1871513.126
002747.SZ,20250317,23.62,4.4049,0.68,151.6491,,8.0893,4.4022,2047897.586,1848040.9714
002747.SZ,20250314,23.56,5.8278,0.88,151.2638,,8.0688,4.3911,2042695.4753,1843346.5405
002747.SZ,20250313,22.84,7.452,1.09,146.6412,,7.8222,4.2569,1980270.1467,1787013.3695
002747.SZ,20250312,24.19,5.2814,0.72,155.3087,,8.2845,4.5085,2097317.6378,1892638.0651
002747.SZ,20250311,24.56,6.7645,0.92,157.6842,,8.4113,4.5774,2129397.3206,1921587.0558
002747.SZ,20250310,25.13,7.0582,0.87,161.3438,,8.6065,4.6837,2178817.3724,1966184.1495
002747.SZ,20250307,24.81,6.7217,0.73,159.751,,8.3239,4.6374,2157307.5349,1947442.2259
002747.SZ,20250306,25.05,8.1862,0.77,161.2963,,8.4044,4.6823,2178176.2898,1966280.8448
002747.SZ,20250305,24.47,7.6518,0.65,157.5617,,8.2098,4.5739,2127743.4655,1920754.1825
002747.SZ,20250304,23.62,7.0885,0.58,152.0886,,7.9247,4.415,2053833.292,1854034.074
002747.SZ,20250303,23.02,10.8384,0.85,148.2252,,7.7234,4.3028,2001661.4048,1806937.5268
002747.SZ,20250228,24.73,12.1824,0.96,159.2359,,8.2971,4.6225,2150351.2833,1941162.6863
002747.SZ,20250227,27.48,15.0736,1.18,176.9431,,9.2197,5.1365,2389472.4328,2157021.8608
002747.SZ,20250226,25.6,13.3498,1.05,164.8378,,8.589,4.7851,2226000.5197,2009452.6797
002747.SZ,20250225,24.44,9.764,0.77,157.3686,,8.1998,4.5683,2125134.8711,1918399.3551
002747.SZ,20250224,24.98,13.2635,1.1,160.8456,,8.381,4.6692,2172089.5696,1960786.2476
002747.SZ,20250221,23.54,12.3133,1.13,151.5735,,7.8978,4.4,2046877.0404,1847754.5344
002747.SZ,20250220,23.4,15.0186,1.63,150.672,,7.8509,4.3739,2034703.6,1836765.34
002747.SZ,20250219,22.3,13.3587,1.64,143.5892,,7.4818,4.1683,1939055.1402,1750421.6702
002747.SZ,20250218,20.93,9.1925,1.22,134.7678,,7.0222,3.9122,1819929.3311,1642884.5541
002747.SZ,20250217,21.2,10.1465,1.5,136.5063,,7.1127,3.9627,1843406.6804,1664078.0004
002747.SZ,20250214,20.15,6.7449,0.93,129.7454,,6.7605,3.7664,1752105.8778,1581659.0428
002747.SZ,20250213,19.94,6.6598,0.89,128.3932,,6.69,3.7271,1733845.7173,1565175.2513
002747.SZ,20250212,20.83,7.8714,1.05,134.1239,,6.9886,3.8935,1811234.0166,1635035.1296
002747.SZ,20250211,20.52,6.2306,0.79,132.1278,,6.8846,3.8356,1784278.5416,1610701.9136
002747.SZ,20250210,20.45,6.2396,0.8,131.6771,,6.8611,3.8225,1778191.8214,1605207.3164
002747.SZ,20250207,20.57,9.3707,1.29,132.4497,,6.9014,3.8449,1788626.1988,1614626.6258
002747.SZ,20250206,20.29,7.8696,1.22,130.6468,,6.8074,3.7926,1764279.3181,1592648.2371
002747.SZ,20250205,19.1,7.8807,1.29,122.9844,,6.4082,3.5701,1660805.0752,1499240.0852
002747.SZ,20250127,18.15,7.9164,1.46,116.8674,,6.0894,3.3926,1578199.5872,1424670.5522
002747.SZ,20250124,20.17,6.0778,1.13,129.8741,,6.7672,3.7701,1753844.9407,1583228.9277
002747.SZ,20250123,19.73,6.5948,1.31,127.041,,6.6195,3.6879,1715585.5568,1548691.4598
002747.SZ,20250122,19.53,3.8712,0.7,125.7532,,6.5524,3.6505,1698194.9277,1532992.6107
002747.SZ,20250121,19.93,6.0855,0.98,128.3288,,6.6866,3.7253,1732976.1858,1564390.3088
002747.SZ,20250120,19.4,4.5212,0.63,124.9161,,6.5088,3.6262,1686891.0188,1522788.3588
002747.SZ,20250117,19.58,5.7511,0.81,126.0751,,6.5692,3.6598,1702542.585,1536917.323
002747.SZ,20250116,19.47,4.9596,0.71,125.3669,,6.5323,3.6393,1692977.739,1528282.956
002747.SZ,20250115,19.47,6.2216,0.93,125.3669,,6.5323,3.6393,1692977.739,1528282.956
002747.SZ,20250114,19.79,9.4573,1.78,127.4273,,6.6397,3.6991,1720802.7455,1553401.1145
002747.SZ,20250113,18.78,9.7635,2.51,120.924,,6.3008,3.5103,1632980.0687,1474121.9267
002747.SZ,20250110,17.6,5.254,1.38,113.326,,5.9049,3.2898,1530375.3573,1381498.7173
002747.SZ,20250109,17.66,4.2941,1.11,113.7123,,5.925,3.301,1535592.546,1386208.372
603662.SH,20260702,73.82,8.3805,1.6,60.8744,67.7443,7.4312,13.3023,2073086.3218,2073086.3218
603662.SH,20260701,74.63,8.0751,1.81,61.5424,68.4876,7.5128,13.4483,2095833.5437,2095833.5437
603662.SH,20260630,71.17,5.6664,1.23,58.6891,65.3124,7.1644,12.8248,1998666.3983,1998666.3983
603662.SH,20260629,64.7,4.0722,0.85,53.3538,59.3749,6.5131,11.6589,1816969.453,1816969.453
603662.SH,20260626,65.03,3.8922,0.8,53.6259,59.6778,6.5464,11.7184,1826236.8397,1826236.8397
603662.SH,20260625,67.17,4.5289,0.9,55.3906,61.6416,6.7618,12.104,1886334.4383,1886334.4383
603662.SH,20260624,68.67,4.2055,0.8,56.6276,63.0182,6.9128,12.3743,1928458.9233,1928458.9233
603662.SH,20260623,70.46,6.3762,1.35,58.1037,64.6609,7.093,12.6969,1978727.4754,1978727.4754
603662.SH,20260622,69.6,5.0289,1.03,57.3945,63.8716,7.0064,12.5419,1954576.104,1954576.104
603662.SH,20260618,70.09,4.3319,0.83,57.7985,64.3213,7.0557,12.6302,1968336.7691,1968336.7691
603662.SH,20260617,70.32,5.2537,0.97,57.9882,64.5324,7.0789,12.6716,1974795.8568,1974795.8568
603662.SH,20260616,69.16,5.1886,0.87,57.0316,63.4678,6.9621,12.4626,1942219.5884,1942219.5884
603662.SH,20260615,66.6,3.8143,0.56,54.9206,61.1185,6.7044,12.0013,1870327.134,1870327.134
603662.SH,20260612,64.34,5.8665,0.87,53.0569,59.0446,6.4769,11.594,1806859.5766,1806859.5766
603662.SH,20260611,64.97,5.9034,0.97,53.5764,59.6227,6.5403,11.7076,1824551.6524,1824551.6524
603662.SH,20260610,68.88,6.2308,1.12,56.8007,63.2109,6.9339,12.4121,1934356.1308,1934356.1308
603662.SH,20260609,71.15,8.1586,1.82,58.6726,65.2941,7.1624,12.8212,1998104.5108,1998104.5108
603662.SH,20260608,69.9,8.066,2.46,57.6419,64.1469,7.0366,12.5959,1963000.7773,1963000.7773
603662.SH,20260605,66.24,5.3133,1.86,54.6237,60.7882,6.6682,11.9364,1860217.0456,1860217.0456
603662.SH,20260604,62.93,2.7595,0.93,51.8942,57.7506,6.335,11.34,1767262.3593,1767262.3593
603662.SH,20260603,62.17,3.4094,1.1,51.2674,57.0531,6.2584,11.203,1745919.2894,1745919.2894
603662.SH,20260602,60.8,2.8384,0.8,50.1377,55.7959,6.1205,10.9561,1707445.5974,1707445.5974
603662.SH,20260601,58.66,2.0701,0.54,48.373,53.832,5.9051,10.5705,1647348.0057,1647348.0057
603662.SH,20260529,60.55,3.2097,0.81,49.9315,55.5665,6.0954,10.9111,1700424.8507,1700424.8507
603662.SH,20260528,63.73,3.3796,0.76,52.5539,58.4848,6.4155,11.4841,1789728.7488,1789728.7488
603662.SH,20260527,66.0,3.9593,0.94,54.4258,60.5679,6.644,11.8932,1853477.1288,1853477.1288
603662.SH,20260526,69.19,5.0664,1.28,57.0564,63.4954,6.9651,12.468,1943061.8567,1943061.8567
603662.SH,20260525,67.78,3.6898,0.83,55.8936,62.2014,6.8232,12.2139,1903464.8453,1903464.8453
603662.SH,20260522,67.43,3.7106,0.8,55.605,61.8802,6.788,12.1509,1893635.7999,1893635.7999
603662.SH,20260521,67.42,5.74,1.47,55.5968,61.871,6.7869,12.149,1893354.9701,1893354.9701
603662.SH,20260520,66.28,2.8751,0.79,54.6567,60.8249,6.6722,11.9436,1861340.3651,1861340.3651
603662.SH,20260519,66.7,3.8456,1.17,55.003,61.2103,6.7145,12.0193,1873135.2196,1873135.2196
603662.SH,20260518,67.85,6.0148,2.31,55.9514,62.2657,6.8302,12.2265,1905430.6544,1905430.6544
603662.SH,20260515,64.02,4.6697,1.94,52.793,58.7509,6.4447,11.5364,1797872.8149,1797872.8149
603662.SH,20260514,60.39,2.0864,0.87,49.7996,55.4196,6.0793,10.8822,1695931.5729,1695931.5729
603662.SH,20260513,61.2,1.6384,0.68,50.4675,56.163,6.1608,11.0282,1718678.7922,1718678.7922
603662.SH,20260512,61.34,1.9928,0.87,50.583,56.2915,6.1749,11.0534,1722610.4103,1722610.4103
603662.SH,20260511,61.24,2.6204,1.33,50.5005,56.1997,6.1648,11.0354,1719802.1116,1719802.1116
603662.SH,20260508,61.3,3.6874,2.35,50.55,56.2548,6.1709,11.0462,1721487.0908,1721487.0908
603662.SH,20260507,58.95,2.0932,1.41,48.6121,54.0982,5.9343,10.6228,1655492.0719,1655492.0719
603662.SH,20260506,57.13,1.6709,1.27,47.1113,52.428,5.7511,10.2948,1604381.0359,1604381.0359
603662.SH,20260430,56.2,1.3449,1.01,46.3444,51.5745,5.6575,10.1272,1578263.8582,1578263.8582
603662.SH,20260429,55.42,1.0577,0.79,45.7012,50.8587,5.5789,9.9867,1556359.1285,1556359.1285
603662.SH,20260428,54.73,1.6938,1.42,45.1322,50.2255,5.5095,9.8623,1536981.8676,1536981.8676
603662.SH,20260427,56.88,1.6492,1.51,61.3171,49.3061,5.8008,12.3336,1597360.2892,1597360.2892
603662.SH,20260424,55.81,0.8545,0.74,60.1636,48.3785,5.6917,12.1016,1567311.4933,1567311.4933
603662.SH,20260423,56.03,1.4089,1.35,60.4007,48.5693,5.7141,12.1493,1573489.7504,1573489.7504
603662.SH,20260422,57.07,1.0793,1.01,61.5219,49.4708,5.8202,12.3748,1602696.0567,1602696.0567
603662.SH,20260421,56.9,0.9636,0.88,61.3386,49.3234,5.8028,12.338,1597921.9489,1597921.9489
603662.SH,20260420,57.29,1.168,1.13,61.759,49.6615,5.8426,12.4225,1608874.3138,1608874.3138
603662.SH,20260417,57.33,1.1189,1.05,61.8022,49.6962,5.8467,12.4312,1609997.6332,1609997.6332
603662.SH,20260416,56.9,0.8936,0.83,61.3386,49.3234,5.8028,12.338,1597921.9489,1597921.9489
603662.SH,20260415,56.49,1.2177,1.11,60.8966,48.968,5.761,12.2491,1586407.9243,1586407.9243
603662.SH,20260414,56.89,1.0843,1.07,61.3278,49.3147,5.8018,12.3358,1597641.1191,1597641.1191
603662.SH,20260413,55.67,0.8456,0.88,60.0127,48.2572,5.6774,12.0713,1563379.8752,1563379.8752
603662.SH,20260410,56.01,1.2963,1.51,60.3792,48.5519,5.7121,12.145,1572928.0907,1572928.0907
603662.SH,20260409,54.7,0.9222,1.11,58.967,47.4164,5.5785,11.8609,1536139.378,1536139.378
603662.SH,20260408,55.96,1.3539,1.91,60.3253,48.5086,5.707,12.1341,1571523.9413,1571523.9413
603662.SH,20260407,53.05,0.63,0.87,57.1883,45.9861,5.4102,11.5031,1489802.4497,1489802.4497
603662.SH,20260403,53.26,0.6292,0.82,57.4147,46.1681,5.4316,11.5487,1495699.877,1495699.877
603662.SH,20260402,54.24,0.7659,0.94,58.4711,47.0176,5.5316,11.7612,1523221.204,1523221.204
603662.SH,20260401,55.93,0.7902,0.94,60.2929,48.4826,5.7039,12.1276,1570681.4517,1570681.4517
603662.SH,20260331,55.29,0.7269,0.8,59.603,47.9278,5.6386,11.9889,1552708.3402,1552708.3402
603662.SH,20260330,55.2,0.7173,0.67,59.506,47.8498,5.6295,11.9693,1550180.8714,1550180.8714
603662.SH,20260327,55.1,0.8508,0.77,59.3982,47.7631,5.6193,11.9477,1547372.5727,1547372.5727
603662.SH,20260326,54.59,0.9992,0.85,58.8484,47.321,5.5673,11.8371,1533050.2494,1533050.2494
603662.SH,20260325,55.31,0.9152,0.81,59.6246,47.9451,5.6407,11.9932,1553269.9999,1553269.9999
603662.SH,20260324,54.85,1.0689,1.0,59.1287,47.5464,5.5938,11.8935,1540351.826,1540351.826
603662.SH,20260323,54.85,1.5233,1.67,59.1287,47.5464,5.5938,11.8935,1540351.826,1540351.826
603662.SH,20260320,56.74,1.0312,1.24,61.1661,49.1847,5.7865,12.3033,1593428.671,1593428.671
603662.SH,20260319,57.65,1.36,1.92,62.1471,49.9735,5.8793,12.5006,1618984.189,1618984.189
603662.SH,20260318,59.92,0.6967,0.97,64.5942,51.9413,6.1108,12.9928,1682732.5691,1682732.5691
603662.SH,20260317,59.8,0.7354,0.88,64.4648,51.8373,6.0986,12.9668,1679362.6106,1679362.6106
603662.SH,20260316,60.58,0.7425,0.82,65.3057,52.5134,6.1781,13.1359,1701267.3403,1701267.3403
603662.SH,20260313,60.07,0.6213,0.68,64.7559,52.0713,6.1261,13.0253,1686945.0171,1686945.0171
603662.SH,20260312,60.86,0.7539,0.78,65.6075,52.7561,6.2067,13.1966,1709130.5766,1709130.5766
603662.SH,20260311,61.72,0.7501,0.7,66.5346,53.5016,6.2944,13.3831,1733281.9453,1733281.9453
603662.SH,20260310,62.04,1.3066,1.08,66.8796,53.779,6.327,13.4525,1742268.5011,1742268.5011
603662.SH,20260309,60.67,1.0917,0.78,65.4027,52.5914,6.1873,13.1554,1703794.8092,1703794.8092
603662.SH,20260306,61.02,0.6558,0.43,65.78,52.8948,6.223,13.2313,1713623.8545,1713623.8545
603662.SH,20260305,60.6,1.0068,0.61,65.3272,52.5307,6.1802,13.1403,1701829.0001,1701829.0001
603662.SH,20260304,60.13,1.3099,0.78,64.8206,52.1233,6.1322,13.0383,1688629.9963,1688629.9963
603662.SH,20260303,60.35,1.9891,1.17,65.0577,52.314,6.1547,13.086,1694808.2534,1694808.2534
603662.SH,20260302,63.04,2.0079,1.26,67.9576,54.6458,6.429,13.6693,1770351.4879,1770351.4879
603662.SH,20260227,65.15,1.2522,0.79,70.2322,56.4749,6.6442,14.1269,1829606.59,1829606.59
603662.SH,20260226,65.78,1.6431,1.15,70.9113,57.021,6.7085,14.2635,1847298.8717,1847298.8717
603662.SH,20260225,66.48,1.472,1.03,71.6659,57.6278,6.7798,14.4153,1866956.9625,1866956.9625
603662.SH,20260224,67.3,2.1157,1.73,72.5499,58.3386,6.8635,14.5931,1889985.0116,1889985.0116
603662.SH,20260213,67.39,1.4767,1.18,72.6469,58.4166,6.8726,14.6126,1892512.4805,1892512.4805
603662.SH,20260212,67.1,1.2382,0.94,72.3343,58.1652,6.8431,14.5497,1884368.4143,1884368.4143
603662.SH,20260211,66.2,0.8572,0.62,71.3641,57.3851,6.7513,14.3545,1859093.7262,1859093.7262
603662.SH,20260210,66.88,1.4556,1.04,72.0971,57.9745,6.8206,14.502,1878190.1572,1878190.1572
603662.SH,20260209,66.35,1.0962,0.74,71.5258,57.5151,6.7666,14.3871,1863306.1742,1863306.1742
603662.SH,20260206,65.66,1.607,1.07,70.782,56.917,6.6962,14.2374,1843928.9133,1843928.9133
603662.SH,20260205,64.72,1.5961,1.04,69.7686,56.1021,6.6003,14.0336,1817530.9057,1817530.9057
603662.SH,20260204,66.72,1.1069,0.66,71.9246,57.8358,6.8043,14.4673,1873696.8793,1873696.8793
603662.SH,20260203,67.08,1.576,0.82,72.3127,58.1479,6.841,14.5454,1883806.7545,1883806.7545
603662.SH,20260202,65.16,1.5056,0.65,70.243,56.4835,6.6452,14.129,1829887.4199,1829887.4199
603662.SH,20260130,66.75,1.752,0.67,71.957,57.8618,6.8074,14.4738,1874539.3689,1874539.3689
603662.SH,20260129,65.88,1.7129,0.6,71.0191,57.1077,6.7186,14.2852,1850107.1704,1850107.1704
603662.SH,20260128,67.28,1.8826,0.58,72.5283,58.3212,6.8614,14.5887,1889423.3519,1889423.3519
603662.SH,20260127,69.06,2.7271,0.81,74.4472,59.8642,7.043,14.9747,1939411.0684,1939411.0684
603662.SH,20260126,68.37,3.4193,0.94,73.7034,59.2661,6.9726,14.8251,1920033.8075,1920033.8075
603662.SH,20260123,72.0,3.2987,0.87,77.6165,62.4127,7.3428,15.6122,2021975.0496,2021975.0496
603662.SH,20260122,71.63,2.9417,0.84,77.2177,62.092,7.3051,15.532,2011584.3445,2011584.3445
603662.SH,20260121,71.95,3.8228,1.13,77.5626,62.3694,7.3377,15.6013,2020570.9003,2020570.9003
603662.SH,20260120,70.35,3.3061,0.99,75.8378,60.9825,7.1745,15.2544,1975638.1214,1975638.1214
603662.SH,20260119,72.19,4.8792,1.59,77.8213,62.5774,7.3622,15.6534,2027310.8171,2027310.8171
603662.SH,20260116,70.28,3.939,1.41,75.7624,60.9218,7.1674,15.2392,1973672.3123,1973672.3123
603662.SH,20260115,68.14,1.5747,0.55,73.4554,59.0667,6.9491,14.7752,1913574.7206,1913574.7206
603662.SH,20260114,67.62,3.2167,1.08,72.8949,58.616,6.8961,14.6624,1898971.5674,1898971.5674
603662.SH,20260113,68.65,3.0872,1.04,74.0052,59.5088,7.0011,14.8858,1927897.0438,1927897.0438
603662.SH,20260112,70.44,3.5249,1.15,75.9348,61.0605,7.1837,15.2739,1978165.5902,1978165.5902
603662.SH,20260109,69.85,2.5646,0.69,75.2988,60.549,7.1235,15.146,1961596.628,1961596.628
603662.SH,20260108,69.2,1.9575,0.44,74.5981,59.9856,7.0572,15.005,1943342.6866,1943342.6866
603662.SH,20260107,68.86,3.7197,0.86,74.2316,59.6909,7.0226,14.9313,1933794.471,1933794.471
603662.SH,20260106,70.66,3.0066,0.72,76.172,61.2512,7.2061,15.3216,1984343.8473,1984343.8473
603662.SH,20260105,70.62,4.0468,1.01,76.1289,61.2165,7.202,15.313,1983220.5278,1983220.5278
603662.SH,20251231,72.0,5.8629,1.96,77.6165,62.4127,7.3428,15.6122,2021975.0496,2021975.0496
603662.SH,20251230,70.33,5.8398,2.85,75.8163,60.9651,7.1725,15.2501,1975076.4616,1975076.4616
603662.SH,20251229,66.76,2.75,1.49,71.9678,57.8705,6.8084,14.476,1874820.1988,1874820.1988
603662.SH,20251226,65.5,2.3209,1.44,70.6095,56.7783,6.6799,14.2028,1839435.6354,1839435.6354
603662.SH,20251225,66.15,3.1705,2.69,71.3102,57.3417,6.7462,14.3437,1857689.5768,1857689.5768
603662.SH,20251224,63.53,0.9105,0.73,68.4858,55.0706,6.479,13.7756,1784112.1514,1784112.1514
603662.SH,20251223,63.42,1.0911,0.88,68.3672,54.9752,6.4678,13.7517,1781023.0229,1781023.0229
603662.SH,20251222,64.42,1.7043,1.52,69.4452,55.8421,6.5698,13.9686,1809106.0097,1809106.0097
603662.SH,20251219,63.1,1.1761,0.97,68.0223,54.6978,6.4351,13.6823,1772036.4671,1772036.4671
603662.SH,20251218,62.22,1.0069,0.76,67.0736,53.935,6.3454,13.4915,1747323.4387,1747323.4387
603662.SH,20251217,63.46,1.2587,0.89,68.4103,55.0099,6.4719,13.7604,1782146.3423,1782146.3423
603662.SH,20251216,62.09,1.0723,0.62,66.9335,53.8223,6.3321,13.4633,1743672.6504,1743672.6504
603662.SH,20251215,63.2,1.1028,0.57,68.1301,54.7845,6.4453,13.704,1774844.7658,1774844.7658
603662.SH,20251212,64.34,1.5919,0.76,69.359,55.7727,6.5616,13.9512,1806859.3707,1806859.3707
603662.SH,20251211,64.41,1.6261,0.66,69.4345,55.8334,6.5687,13.9664,1808825.1798,1808825.1798
603662.SH,20251210,65.76,1.6879,0.74,70.8898,57.0036,6.7064,14.2591,1846737.212,1846737.212
603662.SH,20251209,65.25,2.5943,1.34,70.34,56.5616,6.6544,14.1485,1832414.8887,1832414.8887
603662.SH,20251208,64.88,2.2182,1.28,69.9411,56.2408,6.6167,14.0683,1822024.1836,1822024.1836
603662.SH,20251205,64.33,2.3873,1.55,69.3482,55.7641,6.5606,13.9491,1806578.5408,1806578.5408
603662.SH,20251204,63.35,3.462,3.27,68.2918,54.9146,6.4606,13.7366,1779057.2138,1779057.2138
603662.SH,20251203,60.42,0.7456,0.65,65.1332,52.3747,6.1618,13.1012,1696774.0625,1696774.0625
603662.SH,20251202,61.1,0.9004,0.76,65.8662,52.9642,6.2312,13.2487,1715870.4935,1715870.4935
603662.SH,20251201,62.52,1.1993,1.0,67.397,54.1951,6.376,13.5566,1755748.3347,1755748.3347
603662.SH,20251128,62.2,1.4116,1.07,67.0521,53.9177,6.3434,13.4872,1746761.779,1746761.779
603662.SH,20251127,61.22,1.0398,0.8,65.9956,53.0682,6.2434,13.2747,1719240.4519,1719240.4519
603662.SH,20251126,61.4,1.1584,0.93,66.1896,53.2242,6.2618,13.3137,1724295.3895,1724295.3895
603662.SH,20251125,60.83,1.1432,0.95,65.5752,52.7301,6.2036,13.1901,1708288.087,1708288.087
603662.SH,20251124,60.65,1.2171,1.08,65.3811,52.5741,6.1853,13.1511,1703233.1494,1703233.1494
603662.SH,20251121,60.32,2.0128,2.12,65.0254,52.288,6.1516,13.0795,1693965.7638,1693965.7638
603662.SH,20251120,60.35,0.9648,0.97,65.0577,52.314,6.1547,13.086,1694808.2534,1694808.2534
603662.SH,20251119,61.38,0.8939,0.83,66.1681,53.2069,6.2597,13.3094,1723733.7298,1723733.7298
603662.SH,20251118,62.28,0.943,0.82,67.1383,53.987,6.3515,13.5045,1749008.4179,1749008.4179
603662.SH,20251117,62.5,0.8382,0.63,67.3755,54.1777,6.3739,13.5522,1755186.675,1755186.675
603662.SH,20251114,62.2,1.114,0.75,67.0521,53.9177,6.3434,13.4872,1746761.779,1746761.779
603662.SH,20251113,63.63,1.1716,0.68,68.5936,55.1573,6.4892,13.7973,1786920.4501,1786920.4501
603662.SH,20251112,63.36,1.348,0.77,68.3025,54.9232,6.4617,13.7387,1779338.0436,1779338.0436
603662.SH,20251111,64.27,1.3076,0.69,69.2835,55.712,6.5545,13.936,1804893.5616,1804893.5616
603662.SH,20251110,65.23,1.7241,0.92,70.3184,56.5442,6.6524,14.1442,1831853.229,1831853.229
603662.SH,20251107,66.99,1.8752,0.96,72.2157,58.0699,6.8319,14.5258,1881279.2857,1881279.2857
603662.SH,20251106,67.29,2.3893,1.31,72.5391,58.3299,6.8624,14.5909,1889704.1818,1889704.1818
603662.SH,20251105,64.69,1.4339,0.77,69.7363,56.0761,6.5973,14.0271,1816688.4161,1816688.4161
603662.SH,20251104,65.66,1.987,1.09,70.782,56.917,6.6962,14.2374,1843928.9133,1843928.9133
603662.SH,20251103,68.0,1.6406,0.86,73.3045,58.9454,6.9349,14.7448,1909643.1024,1909643.1024
603662.SH,20251031,68.19,2.2792,1.22,73.5093,59.1101,6.9542,14.786,1914978.8699,1914978.8699
603662.SH,20251030,67.55,1.7854,0.99,72.8194,59.9351,6.8704,14.6473,1897005.7583,1897005.7583
603662.SH,20251029,68.11,1.6228,0.85,73.4231,60.432,6.9273,14.7687,1912732.2309,1912732.2309
603662.SH,20251028,67.44,1.7557,0.91,72.7008,59.8375,6.8592,14.6234,1893916.6298,1893916.6298
603662.SH,20251027,67.74,2.076,1.11,73.0242,60.1037,6.8897,14.6885,1902341.5258,1902341.5258
603662.SH,20251024,67.39,2.0799,1.1,72.6469,59.7931,6.8541,14.6126,1892512.4805,1892512.4805
603662.SH,20251023,66.22,1.5036,0.7,71.3856,58.755,6.7351,14.3589,1859655.3859,1859655.3859
603662.SH,20251022,66.68,2.1116,0.93,71.8815,59.1632,6.7819,14.4586,1872573.5598,1872573.5598
603662.SH,20251021,65.95,1.8499,0.71,71.0946,58.5155,6.7076,14.3003,1852072.9795,1852072.9795
603662.SH,20251020,65.05,1.7719,0.62,70.1244,57.7169,6.6161,14.1052,1826798.2913,1826798.2913
603662.SH,20251017,63.86,2.2314,0.71,68.8415,56.6611,6.4951,13.8471,1793379.537,1793379.537
603662.SH,20251016,66.12,2.8393,0.88,71.2778,58.6663,6.7249,14.3372,1856847.0872,1856847.0872
603662.SH,20251015,68.72,2.6718,0.83,74.0807,60.9732,6.9894,14.901,1929862.8529,1929862.8529
603662.SH,20251014,67.06,3.4385,1.09,72.2912,59.5003,6.8205,14.541,1883245.0948,1883245.0948
603662.SH,20251013,70.68,3.0674,0.96,76.1936,62.7123,7.1887,15.326,1984905.507,1984905.507
603662.SH,20251010,72.84,3.7137,1.11,78.5221,64.6288,7.4084,15.7943,2045564.7585,2045564.7585
603662.SH,20251009,75.98,3.1904,0.91,81.907,67.4148,7.7278,16.4752,2133745.3371,2133745.3371
603662.SH,20250930,76.04,2.649,0.67,81.9717,67.468,7.7339,16.4882,2135430.3163,2135430.3163
603662.SH,20250929,76.58,3.1955,0.79,82.5538,67.9472,7.7888,16.6053,2150595.1291,2150595.1291
603662.SH,20250926,74.64,3.2216,0.65,80.4625,66.2258,7.5915,16.1846,2096114.1348,2096114.1348
603662.SH,20250925,77.77,4.4698,0.7,83.8366,69.003,7.9098,16.8633,2184013.8834,2184013.8834
603662.SH,20250924,77.25,4.0883,0.55,83.2761,68.5416,7.8569,16.7506,2169410.7303,2169410.7303
603662.SH,20250923,75.56,4.8434,0.57,81.4542,67.0421,7.6851,16.3841,2121950.4826,2121950.4826
603662.SH,20250922,77.04,3.6823,0.41,83.0497,68.3553,7.8356,16.705,2163513.3031,2163513.3031
603662.SH,20250919,75.94,7.5301,0.9,81.8639,67.3793,7.7237,16.4665,2132622.0176,2132622.0176
603662.SH,20250918,81.44,11.6006,1.63,87.7929,72.2593,8.2831,17.6591,2287078.445,2287078.445
603662.SH,20250917,80.49,9.6531,1.66,86.7688,71.4164,8.1865,17.4531,2260399.6075,2260399.6075
603662.SH,20250916,79.2,9.8871,2.19,85.3782,70.2718,8.0553,17.1734,2224172.5546,2224172.5546
603662.SH,20250915,73.98,5.7817,1.26,79.751,65.6402,7.5244,16.0415,2077579.3635,2077579.3635
603662.SH,20250912,72.93,4.799,1.11,78.6191,64.7086,7.4176,15.8138,2048092.2273,2048092.2273
603662.SH,20250911,72.72,5.3654,1.28,78.3927,64.5223,7.3962,15.7683,2042194.8001,2042194.8001
603662.SH,20250910,70.13,3.161,0.69,75.6007,62.2243,7.1328,15.2067,1969459.8643,1969459.8643
603662.SH,20250909,71.11,3.4934,0.62,76.6571,63.0938,7.2325,15.4192,1996981.1913,1996981.1913
603662.SH,20250908,72.15,6.1177,1.2,77.7782,64.0165,7.3382,15.6447,2026187.4976,2026187.4976
603662.SH,20250905,68.7,3.5528,0.67,74.0591,60.9555,6.9873,14.8966,1929301.1932,1929301.1932
603662.SH,20250904,66.32,4.64,0.88,71.4934,58.8438,6.7453,14.3806,1862463.6846,1862463.6846
603662.SH,20250903,69.56,5.1774,0.96,74.9862,61.7185,7.0748,15.0831,1953452.5618,1953452.5618
603662.SH,20250902,73.16,8.7878,1.99,78.867,64.9127,7.441,15.8637,2054551.3143,2054551.3143
603662.SH,20250901,71.64,3.3941,0.69,77.2284,63.564,7.2864,15.5341,2011865.1744,2011865.1744
603662.SH,20250829,72.19,4.6468,0.98,77.8213,64.052,7.3423,15.6534,2027310.8171,2027310.8171
603662.SH,20250828,71.38,4.3187,0.93,76.9482,68.3823,7.525,15.4777,2004563.5978,2004563.5978
603662.SH,20250827,71.0,5.781,1.23,76.5385,68.0182,7.4849,15.3954,1993892.0628,1993892.0628
603662.SH,20250826,72.28,3.9817,0.78,78.1485,69.449,7.6268,15.7192,2035834.3311,2029838.2859
603662.SH,20250825,73.18,6.0352,1.24,79.1216,70.3138,7.7218,15.9149,2061183.6795,2055112.974
603662.SH,20250822,71.54,3.678,0.72,77.3485,68.738,7.5487,15.5583,2014991.5336,2009056.8757
603662.SH,20250821,70.19,3.8603,0.74,75.8888,67.4409,7.4063,15.2647,1976967.5111,1971144.8435
603662.SH,20250820,72.15,5.9812,1.31,78.008,69.3241,7.6131,15.6909,2032172.7586,2026187.4976
603662.SH,20250819,70.5,6.0299,1.55,76.224,67.7387,7.439,15.3321,1985698.9533,1979850.5694
603662.SH,20250818,69.91,4.707,1.28,75.5861,67.1718,7.3767,15.2038,1969081.0472,1963281.6072
603662.SH,20250815,69.56,5.0421,1.51,75.2077,66.8355,7.3398,15.1277,1959222.9673,1953452.5618
603662.SH,20250814,67.73,4.179,1.25,73.2291,65.0772,7.1467,14.7297,1907679.2923,1902060.696
603662.SH,20250813,68.3,2.8968,0.71,73.8454,65.6249,7.2069,14.8536,1923733.8796,1918067.9984
603662.SH,20250812,67.7,2.5937,0.64,73.1967,65.0484,7.1435,14.7232,1906834.314,1901218.2064
603662.SH,20250811,68.11,3.6524,0.91,73.64,65.4423,7.1868,14.8123,1918382.3505,1912732.2309
603662.SH,20250808,66.89,3.3469,0.91,72.3209,64.2701,7.0581,14.547,1884019.9005,1878470.9871
603662.SH,20250807,69.27,4.1741,1.27,74.8941,66.5569,7.3092,15.0646,1951054.8439,1945308.4956
603662.SH,20250806,69.49,6.7171,2.86,75.132,66.7683,7.3324,15.1124,1957251.3513,1951486.7527
603662.SH,20250805,66.2,2.4654,1.1,71.5749,63.6071,6.9853,14.3969,1864585.4001,1859093.7262
603662.SH,20250804,66.04,3.2703,1.62,71.4019,63.4534,6.9684,14.3621,1860078.8493,1854600.4483
603662.SH,20250801,63.4,1.7383,0.82,68.5476,60.9168,6.6898,13.788,1785720.7608,1780461.3631
603662.SH,20250731,63.98,2.2776,1.11,69.1746,61.4741,6.751,13.9141,1802057.0075,1796749.4955
603662.SH,20250730,64.06,1.9839,0.9,69.2611,61.551,6.7595,13.9315,1804310.283,1798996.1344
603662.SH,20250729,65.25,1.9177,0.74,70.5478,62.6943,6.885,14.1903,1837827.7547,1832414.8887
603662.SH,20250728,65.52,2.1707,0.69,70.8397,62.9538,6.9135,14.2491,1845432.5592,1839997.2951
603662.SH,20250725,65.78,2.2395,0.7,71.1208,63.2036,6.941,14.3056,1852755.7042,1847298.8717
603662.SH,20250724,65.5,1.993,0.56,70.8181,62.9346,6.9114,14.2447,1844869.2403,1839435.6354
603662.SH,20250723,65.51,2.6942,0.73,70.8289,62.9442,6.9125,14.2469,1845150.8997,1839716.4653
603662.SH,20250722,67.0,3.9026,1.17,72.4398,64.3758,7.0697,14.5709,1887118.1542,1881560.1156
603662.SH,20250721,67.39,5.0055,1.63,72.8615,64.7505,7.1108,14.6557,1898102.8718,1892512.4805
603662.SH,20250718,65.6,2.3763,0.76,70.9262,63.0306,6.922,14.2665,1847685.8346,1842243.9341
603662.SH,20250717,65.8,3.7809,1.4,71.1424,63.2228,6.7452,14.31,1853319.0231,1847860.5314
603662.SH,20250716,64.83,3.3285,1.28,70.0937,62.2908,6.6458,14.099,1825998.0588,1820620.0342
603662.SH,20250715,64.03,2.2322,0.9,69.2287,61.5221,6.5638,13.925,1803465.3047,1798153.6448
603662.SH,20250714,64.1,3.6337,1.86,69.3044,61.5894,6.5709,13.9402,1805436.9207,1800119.4539
603662.SH,20250711,62.52,2.6033,1.51,67.5961,60.0713,6.409,13.5966,1760934.7314,1755748.3347
603662.SH,20250710,61.1,1.6592,1.02,66.0608,58.7069,6.2634,13.2878,1720939.0929,1715870.4935
603662.SH,20250709,61.75,2.9115,2.07,66.7636,59.3314,6.33,13.4292,1739246.9556,1734124.4349
603662.SH,20250708,61.78,1.5548,1.1,66.796,59.3603,6.3331,13.4357,1740091.9338,1734966.9245
603662.SH,20250707,61.09,1.0153,0.65,66.05,58.6973,6.2624,13.2856,1720657.4334,1715589.6636
603662.SH,20250704,61.5,1.4688,0.9,66.4933,59.0912,6.3044,13.3748,1732205.4699,1727103.6882
603662.SH,20250703,62.17,1.1492,0.59,67.2177,59.735,6.3731,13.5205,1751076.6514,1745919.2894
603662.SH,20250702,62.34,1.8438,0.85,67.4015,59.8983,6.3905,13.5575,1755864.8617,1750693.3971
603662.SH,20250701,63.73,1.5974,0.63,68.9043,61.2339,6.533,13.8598,1795015.5219,1789728.7488
603662.SH,20250630,63.93,1.7425,0.7,69.1206,61.4261,6.5535,13.9033,1800648.7104,1795345.3461
603662.SH,20250627,63.56,1.8588,0.74,68.7205,61.0705,6.5156,13.8228,1790227.3117,1784954.641
603662.SH,20250626,63.48,2.7022,1.04,68.634,60.9937,6.5074,13.8054,1787974.0362,1782708.0021
603662.SH,20250625,64.45,2.9047,1.24,69.6828,61.9257,6.6068,14.0164,1815295.0006,1809948.4993
603662.SH,20250624,63.75,3.5063,1.79,68.926,61.2531,6.5351,13.8641,1795578.8408,1790290.4085
603662.SH,20250623,60.69,1.4077,0.7,65.6175,58.313,6.2214,13.1986,1709391.0564,1704356.4689
603662.SH,20250620,60.24,2.0583,0.97,65.131,57.8806,6.1752,13.1008,1696716.3822,1691719.1248
603662.SH,20250619,62.29,3.1114,1.63,67.3474,59.8503,6.3854,13.5466,1754456.5646,1749289.2478
603662.SH,20250618,63.18,1.6401,0.72,68.3097,60.7054,6.4766,13.7402,1779524.2535,1774283.106
603662.SH,20250617,62.47,1.5514,0.49,67.542,60.0232,6.4038,13.5858,1759526.4342,1754344.1854
603662.SH,20250616,63.2,1.7204,0.54,68.3313,60.7246,6.4787,13.7445,1780087.5723,1774844.7658
603662.SH,20250613,63.19,2.5586,0.84,68.3205,60.715,6.4776,13.7423,1779805.9129,1774563.9359
603662.SH,20250612,64.86,2.0876,0.64,70.1261,62.3196,6.6488,14.1055,1826843.037,1821462.5238
603662.SH,20250611,65.13,3.4501,1.22,70.418,62.579,6.6765,14.1642,1834447.8415,1829044.9303
603662.SH,20250610,66.19,6.1719,3.39,71.5641,63.5975,6.7852,14.3948,1864303.7407,1858812.8963
603662.SH,20250609,62.78,1.7732,0.98,67.8772,60.3211,6.4356,13.6532,1768257.8764,1763049.9113
603662.SH,20250606,62.93,1.7305,0.96,68.0394,60.4652,6.451,13.6858,1772482.7678,1767262.3593
603662.SH,20250605,63.47,3.1087,2.1,68.6232,60.9841,6.5064,13.8032,1787692.3768,1782427.1722
603662.SH,20250604,61.29,1.359,0.87,66.2662,58.8895,6.2829,13.3291,1726290.622,1721206.261
603662.SH,20250603,60.79,1.138,0.68,65.7256,58.409,6.2316,13.2204,1712207.6507,1707164.7676
603662.SH,20250530,60.86,1.6963,0.94,65.8013,58.4763,6.2388,13.2356,1714179.2666,1709130.5766
603662.SH,20250529,62.47,1.7256,0.96,67.542,60.0232,6.4038,13.5858,1759526.4342,1754344.1854
603662.SH,20250528,61.91,1.478,0.78,66.9366,59.4852,6.3464,13.464,1743753.5064,1738617.7128
603662.SH,20250527,62.07,1.8134,0.94,67.1096,59.6389,6.3628,13.4988,1748260.0572,1743110.9907
603662.SH,20250526,63.68,1.6125,0.73,68.8503,61.1858,6.5279,13.8489,1793607.2248,1788324.5994
603662.SH,20250523,64.07,2.3816,0.99,69.272,61.5606,6.5679,13.9337,1804591.9424,1799276.9643
603662.SH,20250522,64.6,1.6933,0.65,69.845,62.0698,6.6222,14.049,1819519.892,1814160.9473
603662.SH,20250521,64.78,2.0206,0.71,70.0396,62.2428,6.6406,14.0881,1824589.7616,1819215.8849
603662.SH,20250520,65.85,1.9402,0.58,71.1965,63.2708,6.7503,14.3208,1854727.3202,1849264.6808
603662.SH,20250519,65.87,2.9492,0.69,71.2181,63.2901,6.7524,14.3252,1855290.6391,1849826.3405
603662.SH,20250516,67.83,3.3747,0.8,73.3372,65.1733,6.9533,14.7514,1910495.8866,1904868.9946
603662.SH,20250515,67.06,2.6923,0.63,72.5047,64.4335,6.8744,14.584,1888808.1108,1883245.0948
603662.SH,20250514,68.65,3.1747,0.7,74.2238,65.9612,7.0374,14.9298,1933591.9595,1927897.0438
603662.SH,20250513,69.19,4.6615,0.99,74.8077,66.48,7.0927,15.0472,1948801.5685,1943061.8567
603662.SH,20250512,70.45,7.5041,1.77,76.17,67.6907,7.2219,15.3212,1984290.6562,1978446.4201
603662.SH,20250509,66.71,3.157,0.68,72.1263,64.0972,6.8385,14.5079,1878950.0308,1873416.0494
603662.SH,20250508,68.07,3.0033,0.67,73.5967,65.4039,6.9779,14.8036,1917255.7128,1911608.9115
603662.SH,20250507,67.82,4.3085,1.02,73.3264,65.1637,6.9523,14.7493,1910214.2271,1904588.1648
603662.SH,20250506,68.85,5.5193,1.42,74.44,66.1533,7.0579,14.9733,1939225.148,1933513.6412
603662.SH,20250430,67.95,5.1854,1.25,73.467,65.2886,6.9656,14.7775,1913875.7997,1908238.9531
603662.SH,20250429,65.85,5.1847,1.44,71.1965,63.2708,6.7503,14.3208,1854727.3202,1849264.6808
603662.SH,20250428,63.19,2.2416,0.57,56.9664,68.3068,6.6618,16.5999,1779805.9129,1774563.9359
603662.SH,20250425,64.13,3.0039,0.81,57.8138,69.3229,6.7609,16.8468,1806281.8989,1800961.9435
603662.SH,20250424,64.12,3.8471,1.12,57.8048,69.3121,6.7599,16.8442,1806000.2395,1800681.1136
603662.SH,20250423,65.2,6.5136,2.33,58.7784,70.4796,6.8737,17.1279,1836419.4575,1831010.7394
603662.SH,20250422,62.22,2.4319,0.75,56.0919,67.2583,6.5596,16.3451,1752484.9486,1747323.4387
603662.SH,20250421,63.92,3.9399,1.04,57.6245,69.0959,6.7388,16.7916,1800367.051,1795064.5163
603662.SH,20250418,61.31,1.9067,0.46,55.2716,66.2746,6.4636,16.106,1726853.9408,1721767.9207
603662.SH,20250417,61.78,2.4249,0.52,55.6953,66.7827,6.5132,16.2295,1740091.9338,1734966.9245
603662.SH,20250416,62.01,3.2868,0.65,55.9026,67.0313,6.5374,16.2899,1746570.1006,1741426.0115
603662.SH,20250415,63.55,4.6054,0.88,57.2909,68.696,6.6998,16.6944,1789945.6522,1784673.8111
603662.SH,20250414,63.42,6.6449,1.55,57.1737,68.5555,6.6861,16.6603,1786284.0797,1781023.0229
603662.SH,20250411,59.83,3.9641,1.01,53.9373,58.2095,6.4662,15.7172,1685168.3458,1680205.1002
603662.SH,20250410,57.96,4.5945,1.37,52.2515,56.3901,6.2641,15.226,1632498.0331,1627689.9149
603662.SH,20250409,56.0,5.649,2.07,50.4845,54.4832,6.0523,14.7111,1577292.7856,1572647.2608
603662.SH,20250408,53.52,5.2987,2.04,48.2488,52.0704,5.7842,14.0596,1507441.248,1503001.4535
603662.SH,20250407,56.62,1.9814,0.75,51.0435,55.0864,6.1193,14.8739,1594755.67,1590058.7126
603662.SH,20250403,62.91,2.0129,0.74,56.714,61.206,6.7991,16.5263,1771919.449,1766700.6996
603662.SH,20250402,64.62,1.8783,0.63,58.2556,62.8697,6.9839,16.9755,1820083.2108,1814722.607
603662.SH,20250401,64.52,2.449,0.82,58.1654,62.7724,6.9731,16.9493,1817266.6166,1811914.3083
603662.SH,20250331,65.24,4.6536,1.69,58.8145,63.4729,7.0509,17.1384,1837546.0952,1832134.0588
603662.SH,20250328,66.99,2.1846,0.68,60.3921,65.1755,7.24,17.5981,1886836.4948,1881279.2857
603662.SH,20250327,68.13,2.3689,0.68,61.4199,66.2846,7.3632,17.8976,1918945.6693,1913293.8907
603662.SH,20250326,69.22,3.2519,0.92,62.4025,67.3451,7.481,18.1839,1949646.5468,1943904.3463
603662.SH,20250325,67.95,2.4702,0.63,61.2576,66.1095,7.3438,17.8503,1913875.7997,1908238.9531
603662.SH,20250324,69.95,3.5162,0.86,63.0606,68.0554,7.5599,18.3757,1970207.6849,1964404.9267
603662.SH,20250321,71.45,4.4088,1.04,64.4129,69.5147,7.722,18.7698,2012456.5988,2006529.4069
603662.SH,20250320,73.33,3.7495,0.79,66.1077,71.3438,7.9252,19.2636,2065408.5709,2059325.422
603662.SH,20250319,73.61,3.5705,0.74,66.3601,71.6162,7.9555,19.3372,2073295.0348,2067188.6583
603662.SH,20250318,74.06,4.2497,0.84,66.7658,72.054,8.0041,19.4554,2085969.709,2079826.0024
603662.SH,20250317,73.63,4.5771,0.85,66.3782,71.6357,7.9576,19.3424,2073858.3536,2067750.3181
603662.SH,20250314,72.6,4.9722,0.92,65.4496,70.6336,7.8463,19.0719,2044847.4328,2038824.8417
603662.SH,20250313,70.54,6.2327,1.14,63.5925,68.6294,7.6237,18.5307,1986825.591,1980973.8889
603662.SH,20250312,74.66,3.969,0.68,67.3067,72.6378,8.069,19.613,2102869.2745,2096675.7945
603662.SH,20250311,75.05,5.5319,0.9,67.6583,73.0172,8.1111,19.7155,2113853.9921,2107628.1593
603662.SH,20250310,76.98,6.1283,0.87,69.3982,74.8949,8.3197,20.2225,2168214.2613,2161828.3239
603662.SH,20250307,75.35,5.2564,0.65,67.9288,73.3091,8.1435,19.7943,2122303.7749,2116053.0554
603662.SH,20250306,76.23,6.4987,0.69,68.7221,74.1653,8.2386,20.0254,2147089.8044,2140766.0838
603662.SH,20250305,74.49,5.5897,0.48,67.1535,72.4724,8.0506,19.5684,2098081.0643,2091901.6867
603662.SH,20250304,73.67,7.1555,0.53,66.4142,71.6746,7.962,19.3529,2074984.9913,2068873.6376
603662.SH,20250303,72.54,10.6016,0.79,65.3955,70.5752,7.8398,19.0561,2043157.4762,2037139.8625
603662.SH,20250228,79.13,10.8996,0.85,71.3365,76.9867,8.5521,20.7873,2228771.0379,2222206.7455
603662.SH,20250227,87.92,13.1073,1.07,79.2607,85.5386,9.502,23.0964,2476349.6734,2469056.1995
603662.SH,20250226,85.37,16.7081,1.48,76.9619,83.0577,9.2265,22.4265,2404526.5198,2397444.5831
603662.SH,20250225,83.3,15.8495,1.72,75.0958,81.0438,9.0027,21.8827,2346223.0186,2339312.8004
603662.SH,20250224,86.35,10.1471,1.17,77.8454,84.0111,9.3324,22.6839,2432129.1435,2424965.9102
603662.SH,20250221,78.5,8.3069,0.96,70.7685,76.3738,8.484,20.6218,2211026.4941,2204514.4638
603662.SH,20250220,78.85,10.1436,1.17,71.084,76.7143,8.5218,20.7137,2220884.574,2214343.5092
603662.SH,20250219,79.13,11.8257,1.51,71.3365,76.9867,8.5521,20.7873,2228771.0379,2222206.7455
603662.SH,20250218,73.6,5.7121,0.68,66.3511,71.6065,7.9544,19.3346,2073013.3754,2066907.8285
603662.SH,20250217,75.41,7.3751,0.85,67.9828,73.3675,8.15,19.81,2123993.7315,2117738.0346
603662.SH,20250214,72.96,8.3705,0.86,65.7741,70.9838,7.8852,19.1664,2054987.1721,2048934.7169
603662.SH,20250213,75.66,10.1193,1.01,68.2082,73.6107,8.177,19.8757,2131035.2171,2124758.7813
603662.SH,20250212,81.62,7.4841,0.73,73.5812,79.4093,8.8212,21.4414,2298904.235,2292133.3826
603662.SH,20250211,82.4,8.6188,0.82,74.2844,80.1681,8.9055,21.6463,2320873.6702,2314038.1123
603662.SH,20250210,81.13,8.7506,0.75,73.1395,78.9325,8.7682,21.3127,2285102.9231,2278372.7191
603662.SH,20250207,82.0,13.4474,1.19,73.9238,79.779,8.8622,21.5412,2309607.2932,2302804.9176
603662.SH,20250206,81.75,11.8675,1.08,73.6984,79.5357,8.8352,21.4755,2302565.8076,2295784.1709
603662.SH,20250205,77.77,8.7081,0.7,70.1104,75.6635,8.4051,20.43,2190465.356,2184013.8834
603662.SH,20250127,76.21,10.0797,0.81,68.7041,74.1458,8.2365,20.0202,2146526.4855,2140204.424
603662.SH,20250124,81.87,14.2034,1.19,73.8066,79.6525,8.8482,21.5071,2305945.7207,2299154.1293
603662.SH,20250123,77.14,11.4711,0.96,69.5425,75.0506,8.337,20.2645,2172720.8122,2166321.6018
603662.SH,20250122,75.5,10.4104,0.87,68.064,73.455,8.1597,19.8337,2126528.6663,2120265.5034
603662.SH,20250121,78.6,15.9062,1.39,70.8587,76.4711,8.4948,20.648,2213843.0884,2207322.7625
603662.SH,20250120,72.18,10.1142,0.82,65.071,70.225,7.8009,18.9615,2033017.7369,2027029.9872
603662.SH,20250117,73.74,11.7027,0.9,66.4773,71.7427,7.9695,19.3713,2076956.6073,2070839.4466
603662.SH,20250116,73.27,11.8622,0.84,66.0536,71.2854,7.9187,19.2479,2063718.6143,2057640.4428
603662.SH,20250115,72.38,10.5549,0.66,65.2513,70.4195,7.8225,19.0141,2038650.9254,2032646.5846
603662.SH,20250114,72.59,12.9326,0.81,65.4406,70.6238,7.8452,19.0692,2044565.7733,2038544.0118
603662.SH,20250113,66.9,14.369,0.93,60.311,65.088,7.2303,17.5745,1884301.5599,1878751.8169
603662.SH,20250110,73.55,15.4908,1.02,66.306,71.5578,7.949,19.3214,2071605.0782,2065503.6791
603662.SH,20250109,77.49,17.6112,1.17,69.858,75.3911,8.3748,20.3564,2182578.8921,2176150.6471
300007.SZ,20260702,39.56,8.4163,1.4,81.5648,77.7443,4.3843,5.3668,1295374.7936,1119335.5628
300007.SZ,20260701,39.99,8.4307,1.64,82.4514,78.5893,4.4319,5.4252,1309454.9544,1131502.2537
300007.SZ,20260630,38.2,7.4501,1.63,78.7608,75.0716,4.2335,5.1823,1250842.192,1080854.866
300007.SZ,20260629,34.36,4.9551,1.02,70.8434,67.5251,3.808,4.6614,1125103.0816,972203.4868
300007.SZ,20260626,34.79,4.1192,0.82,71.73,68.3702,3.8556,4.7197,1139183.2424,984370.1777
300007.SZ,20260625,36.1,5.0531,1.02,74.431,70.9446,4.0008,4.8974,1182078.616,1021436.143
300007.SZ,20260624,37.14,4.1496,0.83,76.5752,72.9884,4.1161,5.0385,1216132.9584,1050862.5582
300007.SZ,20260623,37.77,4.5288,0.93,77.8742,74.2265,4.1859,5.124,1236762.0312,1068688.1751
300007.SZ,20260622,38.51,6.547,1.44,79.3999,75.6808,4.2679,5.2244,1260993.0056,1089626.2013
300007.SZ,20260618,39.93,4.927,1.05,82.3277,78.4714,4.4253,5.417,1307490.2808,1129804.5759
300007.SZ,20260617,39.05,4.6202,0.92,80.5133,76.742,4.3277,5.2976,1278675.068,1104905.3015
300007.SZ,20260616,40.19,4.4611,0.76,82.8637,78.9824,4.4541,5.4523,1316003.8664,1137161.1797
300007.SZ,20260615,40.16,3.8053,0.57,82.8019,78.9234,4.4508,5.4482,1315021.5296,1136312.3408
300007.SZ,20260612,39.21,4.8904,0.64,80.8432,77.0565,4.3455,5.3193,1283914.1976,1109432.4423
300007.SZ,20260611,39.68,5.6469,0.75,81.8122,77.9801,4.4221,5.3831,1299304.2162,1122730.8748
300007.SZ,20260610,42.17,6.3988,0.89,86.9461,82.8735,4.6735,5.7209,1380838.1753,1193184.5007
300007.SZ,20260609,45.22,8.5667,1.34,93.2346,88.8675,5.0115,6.1347,1480709.0891,1279483.1189
300007.SZ,20260608,43.36,8.1673,1.44,89.3996,85.2121,4.8054,5.8823,1419804.204,1226855.1091
300007.SZ,20260605,42.82,9.6964,1.83,88.2863,84.1509,4.7456,5.8091,1402122.1406,1211576.0095
300007.SZ,20260604,41.43,4.9924,0.88,85.4204,81.4193,4.5915,5.6205,1356607.1995,1172246.4753
300007.SZ,20260603,41.26,4.5169,0.68,85.0699,81.0852,4.5727,5.5974,1351040.624,1167436.3884
300007.SZ,20260602,41.7,4.6568,0.6,85.9771,81.9499,4.6214,5.6571,1365448.2312,1179886.0251
300007.SZ,20260601,41.59,4.4988,0.54,85.7503,81.7337,4.6092,5.6422,1361846.3294,1176773.616
300007.SZ,20260529,42.03,7.7948,0.9,86.6575,82.5984,4.658,5.7019,1376253.9367,1189223.2527
300007.SZ,20260528,46.01,7.0272,0.69,94.8634,90.42,5.0991,6.2418,1506577.293,1301835.8757
300007.SZ,20260527,47.52,9.2748,0.92,97.9767,93.3875,5.2664,6.4467,1556021.5815,1344560.7653
300007.SZ,20260526,50.98,9.9031,0.97,105.1106,100.1872,5.6499,6.9161,1669317.7657,1442460.1813
300007.SZ,20260525,49.95,7.5993,0.72,102.9869,98.163,5.5357,6.7764,1635590.8669,1413316.7136
300007.SZ,20260522,50.81,9.6737,0.91,104.7601,99.8531,5.6311,6.893,1663751.1901,1437650.0944
300007.SZ,20260521,50.68,14.6831,1.72,104.492,99.5976,5.6166,6.8754,1659494.3971,1433971.7927
300007.SZ,20260520,48.98,8.4312,1.11,100.987,96.2567,5.4282,6.6448,1603828.6419,1385870.9235
300007.SZ,20260519,50.66,10.5064,1.63,104.4508,99.5583,5.6144,6.8727,1658839.5059,1433405.9001
300007.SZ,20260518,48.5,9.427,1.61,99.9973,95.3134,5.375,6.5796,1588111.2522,1372289.5017
300007.SZ,20260515,47.05,10.2221,1.79,97.0077,92.4638,5.2143,6.3829,1540631.6374,1331262.2897
300007.SZ,20260514,44.18,4.1293,0.66,91.0903,86.8236,4.8963,5.9936,1446654.7447,1250056.7048
300007.SZ,20260513,45.87,3.819,0.57,94.5748,90.1449,5.0836,6.2229,1501993.0544,1297874.6276
300007.SZ,20260512,45.67,4.6161,0.72,94.1624,89.7518,5.0614,6.1957,1495444.142,1292215.7019
300007.SZ,20260511,46.41,6.4013,1.09,95.6881,91.2061,5.1434,6.2961,1519675.1178,1313153.7272
300007.SZ,20260508,47.3,9.6213,2.03,97.5231,92.9551,5.2421,6.4169,1548817.7779,1338335.947
300007.SZ,20260507,45.7,6.6935,1.67,94.2243,89.8108,5.0647,6.1998,1496426.4788,1293064.5407
300007.SZ,20260506,44.38,6.109,1.81,91.5027,87.2167,4.9184,6.0207,1453203.6571,1255715.6306
300007.SZ,20260430,42.95,3.3602,0.95,88.5543,84.4064,4.76,5.8267,1406378.9336,1215254.3113
300007.SZ,20260429,42.13,3.451,1.0,86.8636,82.7949,4.6691,5.7155,1379528.3928,1192052.7156
300007.SZ,20260428,41.0,4.0747,1.22,84.5338,84.5338,4.5811,5.5622,1342527.0379,1160079.7849
300007.SZ,20260427,42.98,3.0425,0.86,88.6162,88.6162,4.8024,5.8308,1407361.2705,1216103.1501
300007.SZ,20260424,42.19,2.9525,0.83,86.9873,86.9873,4.7141,5.7236,1381493.0666,1193750.3933
300007.SZ,20260423,43.04,4.1112,1.22,88.7399,88.7399,4.8091,5.8389,1409325.9442,1217800.8279
300007.SZ,20260422,44.48,3.0285,0.91,91.7089,91.7089,4.97,6.0343,1456478.1133,1258545.0935
300007.SZ,20260421,44.26,3.5727,1.12,91.2553,91.2553,4.9454,6.0044,1449274.3097,1252320.2751
300007.SZ,20260420,44.86,4.0365,1.44,92.4923,92.4923,5.0124,6.0858,1468921.0468,1269297.0525
300007.SZ,20260417,44.29,2.9537,1.03,189.1303,177.4447,4.9906,6.5104,1450256.6466,1254713.7277
300007.SZ,20260416,44.24,3.2096,1.17,188.9168,177.2444,4.985,6.503,1448619.4185,1253297.2525
300007.SZ,20260415,43.47,2.861,0.99,185.6287,174.1594,4.8982,6.3898,1423406.1058,1231483.5345
300007.SZ,20260414,44.36,2.8839,1.09,189.4292,177.7251,4.9985,6.5206,1452548.7659,1256696.793
300007.SZ,20260413,43.47,2.0656,0.8,185.6287,174.1594,4.8982,6.3898,1423406.1058,1231483.5345
300007.SZ,20260410,43.55,3.3436,1.4,185.9703,174.4799,4.9072,6.4016,1426025.6707,1233749.8948
300007.SZ,20260409,42.85,2.5291,1.05,182.9811,171.6754,4.8283,6.2987,1403104.4774,1213919.2421
300007.SZ,20260408,43.88,3.6229,1.61,187.3795,175.802,4.9444,6.4501,1436831.3762,1243098.6311
300007.SZ,20260407,41.39,1.6391,0.7,176.7465,165.826,4.6638,6.0841,1355297.417,1172558.1664
300007.SZ,20260403,41.36,1.7488,0.69,176.6184,165.7058,4.6605,6.0797,1354315.0802,1171708.2813
300007.SZ,20260402,41.83,2.4016,0.88,178.6255,167.5889,4.7134,6.1487,1369705.0243,1185023.1481
300007.SZ,20260401,43.29,2.6261,0.93,184.8601,173.4383,4.8779,6.3634,1417512.0847,1226384.2238
300007.SZ,20260331,42.28,2.8117,0.94,180.5471,169.3918,4.7641,6.2149,1384440.0771,1197771.4249
300007.SZ,20260330,42.63,2.0839,0.58,182.0417,170.794,4.8036,6.2663,1395900.6738,1207686.7513
300007.SZ,20260327,42.75,2.8173,0.77,182.5541,171.2748,4.8171,6.284,1399830.0212,1211086.2917
300007.SZ,20260326,42.53,3.301,0.92,181.6146,170.3934,4.7923,6.2516,1392626.2176,1204853.8009
300007.SZ,20260325,43.05,3.1066,0.91,183.8352,172.4767,4.8509,6.3281,1409653.3898,1219585.1429
300007.SZ,20260324,42.43,3.6848,1.13,181.1876,169.9927,4.781,6.2369,1389351.7614,1202020.8505
300007.SZ,20260323,42.22,5.0861,1.83,180.2909,169.1514,4.7574,6.2061,1382475.4034,1196071.6547
300007.SZ,20260320,43.62,3.0622,1.07,186.2692,174.7604,4.9151,6.4119,1428317.7901,1235732.9601
300007.SZ,20260319,45.23,3.0374,1.06,193.1444,181.2107,5.0965,6.6485,1481036.5347,1281343.4614
300007.SZ,20260318,46.95,2.2497,0.7,200.4892,188.1018,5.2903,6.9014,1537357.1812,1330070.2081
300007.SZ,20260317,46.38,2.8469,0.83,198.0552,185.8181,5.2261,6.8176,1518692.7809,1313922.3909
300007.SZ,20260316,48.06,2.6632,0.72,205.2292,192.5489,5.4154,7.0645,1573703.6449,1361515.9574
300007.SZ,20260313,47.63,3.4788,0.93,203.393,190.8261,5.367,7.0013,1559623.4833,1349334.2708
300007.SZ,20260312,48.49,3.0769,0.78,207.0655,194.2717,5.4639,7.1277,1587783.8065,1373697.6441
300007.SZ,20260311,49.3,4.0951,1.06,210.5244,197.5169,5.5551,7.2468,1614306.9017,1396644.5423
300007.SZ,20260310,49.51,3.8777,0.94,211.4211,198.3582,5.5788,7.2777,1621183.2597,1402593.7381
300007.SZ,20260309,48.28,3.9773,0.94,206.1687,193.4303,5.4402,7.0969,1580907.4485,1367748.4483
300007.SZ,20260306,48.95,3.6104,0.81,209.0298,196.1146,5.5157,7.1953,1602846.305,1386729.2159
300007.SZ,20260305,48.28,4.1423,0.94,206.1687,193.4303,5.4402,7.0969,1580907.4485,1367748.4483
300007.SZ,20260304,47.13,3.6821,0.82,201.2579,188.8229,5.3106,6.9278,1543251.2023,1335169.5188
300007.SZ,20260303,47.68,5.3021,1.15,203.6065,191.0265,5.3726,7.0087,1561260.7114,1350750.746
300007.SZ,20260302,50.72,4.3586,0.94,216.5882,203.206,5.7151,7.4555,1660804.1796,1436872.4378
300007.SZ,20260227,52.42,4.8748,1.1,223.8476,210.0169,5.9067,7.7054,1716469.9348,1485032.5944
300007.SZ,20260226,53.48,3.786,0.89,228.3741,214.2637,6.0261,7.8612,1751179.1704,1515061.8686
300007.SZ,20260225,54.06,3.9952,0.92,230.8509,216.5875,6.0915,7.9465,1770171.0163,1531492.9808
300007.SZ,20260224,54.4,5.945,1.52,232.3028,217.9497,6.1298,7.9965,1781304.1674,1541125.0122
300007.SZ,20260213,55.59,4.551,1.11,237.3844,222.7173,6.2639,8.1714,1820270.196,1574837.1218
300007.SZ,20260212,55.35,3.8798,0.92,236.3595,221.7558,6.2368,8.1361,1812411.5012,1568038.0409
300007.SZ,20260211,54.41,2.8405,0.65,232.3455,217.9897,6.1309,7.9979,1781631.613,1541408.3072
300007.SZ,20260210,55.35,4.4348,0.99,236.3595,221.7558,6.2368,8.1361,1812411.5012,1568038.0409
300007.SZ,20260209,55.27,3.8583,0.81,236.0179,221.4353,6.2278,8.1243,1809791.9362,1565771.6806
300007.SZ,20260206,54.5,5.5219,1.14,232.7298,218.3503,6.1411,8.0112,1784578.6236,1543957.9626
300007.SZ,20260205,53.14,4.4585,0.87,226.9222,212.9016,5.9878,7.8112,1740046.0194,1505429.8372
300007.SZ,20260204,55.17,3.6282,0.69,235.5909,221.0346,6.2166,8.1096,1806517.48,1562938.7302
300007.SZ,20260203,55.74,4.9692,0.86,238.0249,223.3183,6.2808,8.1934,1825181.8803,1579086.5474
300007.SZ,20260202,54.5,5.2733,0.79,232.7298,218.3503,6.1411,8.0112,1784578.6236,1543957.9626
300007.SZ,20260130,55.32,5.9586,0.83,236.2314,221.6356,6.2335,8.1317,1811429.1643,1567188.1557
300007.SZ,20260129,54.4,5.6652,0.79,232.3028,217.9497,6.1298,7.9965,1781304.1674,1541125.0122
300007.SZ,20260128,55.87,4.366,0.55,238.5801,223.8391,6.2954,8.2125,1829438.6734,1582769.3829
300007.SZ,20260127,56.36,7.7602,0.96,240.6725,225.8023,6.3507,8.2846,1845483.5087,1596650.8398
300007.SZ,20260126,56.88,9.5073,1.12,242.893,227.8856,6.4092,8.361,1862510.6809,1611382.1818
300007.SZ,20260123,59.42,8.4385,0.95,253.7395,238.0619,6.6955,8.7344,1945681.8681,1683339.1217
300007.SZ,20260122,57.96,5.8158,0.63,247.5049,232.2125,6.5309,8.5198,1897874.8077,1641978.046
300007.SZ,20260121,58.74,8.1233,0.81,250.8357,235.3376,6.6188,8.6344,1923415.566,1664075.0591
300007.SZ,20260120,57.68,8.6406,0.81,246.3093,231.0907,6.4994,8.4786,1888706.3304,1634045.785
300007.SZ,20260119,60.3,11.5538,1.01,257.4974,241.5876,6.7946,8.8637,1974497.0826,1708269.0852
300007.SZ,20260116,58.43,10.4965,0.88,249.512,234.0956,6.5839,8.5888,1913264.7518,1655292.9129
300007.SZ,20260115,56.97,7.0595,0.51,243.2774,228.2462,6.4194,8.3742,1865457.6914,1613931.8372
300007.SZ,20260114,58.04,12.0916,0.8,247.8466,232.5331,6.54,8.5315,1900494.3727,1644244.4064
300007.SZ,20260113,59.41,12.2349,0.65,253.6968,238.0219,6.6943,8.7329,1945354.4225,1683055.8267
300007.SZ,20260112,62.1,15.2797,0.74,265.1839,248.7992,6.9974,9.1283,2033437.294,1759262.1922
300007.SZ,20260109,59.28,13.0044,0.65,253.1417,237.501,6.6797,8.7138,1941097.6294,1679372.9912
300007.SZ,20260108,60.34,16.4323,0.84,257.6682,241.7478,6.7991,8.8696,1975806.865,1709402.2653
300007.SZ,20260107,59.63,18.8351,1.07,254.6363,238.9033,6.7191,8.7652,1952558.2261,1689288.3176
300007.SZ,20260106,62.01,30.3386,2.34,264.7995,248.4386,6.9873,9.1151,2030490.2834,1756712.5368
300007.SZ,20260105,63.48,24.4001,2.44,271.0768,254.328,7.1529,9.3312,2078624.7894,1798356.9076
300007.SZ,20251231,53.6,9.4476,1.08,228.8866,214.7445,6.0397,7.8789,1755108.5178,1518461.409
300007.SZ,20251230,54.02,15.0828,2.3,230.6801,216.4272,6.087,7.9406,1768861.2338,1530359.8007
300007.SZ,20251229,51.02,9.1305,1.53,217.8693,204.4079,5.7489,7.4996,1670627.5481,1445371.289
300007.SZ,20251226,49.89,6.8791,1.3,213.0438,199.8807,5.6216,7.3335,1633626.1932,1413358.9496
300007.SZ,20251225,49.81,9.4608,2.28,212.7022,199.5602,5.6126,7.3218,1631006.6282,1411092.5893
300007.SZ,20251224,47.16,3.3332,0.76,201.386,188.9431,5.314,6.9322,1544233.5392,1336019.4039
300007.SZ,20251223,46.36,4.048,0.9,197.9698,185.738,5.2239,6.8146,1518037.8897,1313355.8008
300007.SZ,20251222,47.62,6.1225,1.42,203.3503,190.7861,5.3658,6.9998,1559296.0377,1349050.9757
300007.SZ,20251219,45.83,3.577,0.76,195.7065,183.6146,5.1641,6.7367,1500683.2719,1298341.1637
300007.SZ,20251218,45.29,3.7062,0.77,193.4006,181.4511,5.1033,6.6573,1483001.2085,1283043.2316
300007.SZ,20251217,46.4,4.5956,0.93,198.1406,185.8982,5.2284,6.8205,1519347.6722,1314488.981
300007.SZ,20251216,46.33,4.4622,0.84,197.8417,185.6178,5.2205,6.8102,1517055.5528,1312505.9157
300007.SZ,20251215,47.46,5.2112,0.85,202.6671,190.1451,5.3478,6.9763,1554056.9078,1344518.2551
300007.SZ,20251212,49.65,5.6824,0.81,212.019,198.9191,5.5946,7.2982,1625767.4983,1406559.8686
300007.SZ,20251211,49.01,4.2334,0.51,209.286,196.355,5.5225,7.2042,1604810.9787,1388428.9861
300007.SZ,20251210,50.36,5.0075,0.62,215.0509,201.7637,5.6746,7.4026,1649016.1373,1426673.8164
300007.SZ,20251209,51.01,6.4224,0.83,217.8265,204.3679,5.7478,7.4982,1670300.1025,1445087.9939
300007.SZ,20251208,52.13,9.3754,1.37,222.6093,208.8551,5.874,7.6628,1706974.0118,1476817.0383
300007.SZ,20251205,50.95,10.0438,1.71,217.5703,204.1275,5.7411,7.4893,1668335.4288,1443388.2237
300007.SZ,20251204,49.38,10.8896,2.32,210.866,197.8374,5.5641,7.2586,1616926.4666,1398910.9026
300007.SZ,20251203,47.41,3.5391,0.67,202.4536,189.9447,5.3422,6.969,1552419.6797,1343101.7799
300007.SZ,20251202,48.15,4.6537,0.88,205.6136,192.9095,5.4256,7.0777,1576650.6555,1364065.6128
300007.SZ,20251201,49.7,5.0217,0.97,212.2325,199.1195,5.6002,7.3056,1627404.7264,1407976.3438
300007.SZ,20251128,48.92,5.1819,0.92,208.9017,195.9944,5.5123,7.1909,1601863.9681,1385879.3308
300007.SZ,20251127,48.28,5.0676,0.97,206.1687,193.4303,5.4402,7.0969,1580907.4485,1367748.4483
300007.SZ,20251126,48.41,6.339,1.35,206.7238,193.9512,5.4548,7.116,1585164.2416,1371431.2838
300007.SZ,20251125,47.77,4.9093,1.12,203.9909,191.387,5.3827,7.0219,1564207.722,1353300.4013
300007.SZ,20251124,47.18,4.278,1.03,201.4714,189.0233,5.3163,6.9352,1544888.4304,1336585.994
300007.SZ,20251121,46.7,7.4471,2.22,199.4217,187.1002,5.2622,6.8646,1529171.0407,1322987.8321
300007.SZ,20251120,46.63,3.0455,0.87,199.1228,186.8197,5.2543,6.8543,1526878.9214,1321004.7669
300007.SZ,20251119,47.35,3.8275,1.03,202.1974,189.7043,5.3354,6.9602,1550455.006,1341402.0097
300007.SZ,20251118,48.09,3.2444,0.79,205.3574,192.6691,5.4188,7.0689,1574685.9818,1362365.8426
300007.SZ,20251117,48.4,3.2131,0.6,206.6811,193.9111,5.4537,7.1145,1584836.796,1371147.9888
300007.SZ,20251114,48.3,3.4491,0.57,206.2541,193.5105,5.4425,7.0998,1581562.3398,1368315.0384
300007.SZ,20251113,49.85,3.8286,0.53,212.873,199.7204,5.6171,7.3276,1632316.4107,1412225.7694
300007.SZ,20251112,49.1,4.9137,0.68,209.6703,196.7156,5.5326,7.2174,1607757.9893,1390978.6415
300007.SZ,20251111,50.46,5.0245,0.64,215.4779,202.1643,5.6858,7.4173,1652290.5935,1429506.7668
300007.SZ,20251110,50.42,9.4613,1.28,215.3071,202.0041,5.6813,7.4114,1650980.811,1428373.5866
300007.SZ,20251107,53.17,6.9666,0.92,227.0503,213.0218,5.9912,7.8157,1741028.3562,1506279.7224
300007.SZ,20251106,55.03,9.57,1.28,234.993,220.4737,6.2008,8.0891,1801933.2414,1558972.5996
300007.SZ,20251105,52.21,5.1406,0.63,222.9509,209.1756,5.883,7.6745,1709593.5768,1479083.3986
300007.SZ,20251104,52.88,8.3673,1.03,225.812,211.8599,5.9585,7.773,1731532.4333,1498064.1662
300007.SZ,20251103,56.68,7.0549,0.84,242.039,227.0843,6.3867,8.3316,1855961.7685,1605716.2811
300007.SZ,20251031,56.28,7.8105,0.95,240.3309,225.4817,6.3416,8.2728,1842863.9437,1594384.4795
300007.SZ,20251030,55.02,9.0998,1.26,234.9503,220.4336,6.1997,8.0876,1801605.7957,1558689.3046
300007.SZ,20251029,57.54,8.632,1.3,245.7114,223.9113,6.5012,8.458,1884122.0917,1630079.6544
300007.SZ,20251028,56.04,7.9618,1.22,239.306,218.0742,6.3317,8.2375,1835005.2489,1587585.3986
300007.SZ,20251027,56.37,8.3,1.29,240.7152,219.3583,6.369,8.286,1845810.9543,1596934.1348
300007.SZ,20251024,55.78,7.2512,1.21,238.1957,217.0624,6.3023,8.1993,1826491.6628,1580219.7275
300007.SZ,20251023,53.75,4.0323,0.65,229.5271,209.1628,6.0729,7.9009,1760020.2021,1522710.8346
300007.SZ,20251022,54.51,5.7068,0.81,232.7725,212.1203,6.1588,8.0126,1784906.0692,1544241.2576
300007.SZ,20251021,55.31,7.3276,1.0,236.1887,215.2334,6.2492,8.1302,1811101.7187,1566904.8607
300007.SZ,20251020,54.3,7.9691,1.06,231.8757,211.3031,6.1351,7.9818,1778029.7112,1538292.0618
300007.SZ,20251017,52.51,4.9261,0.57,224.232,204.3375,5.9328,7.7186,1719416.9454,1487582.2498
300007.SZ,20251016,54.62,5.1398,0.55,233.2422,212.5484,6.1712,8.0288,1788507.971,1547357.503
300007.SZ,20251015,55.9,9.7829,1.1,238.7082,217.5294,6.3159,8.2169,1830421.0102,1583619.268
300007.SZ,20251014,53.32,8.9466,0.97,227.6909,207.4895,6.0244,7.8377,1745940.0405,1510529.1479
300007.SZ,20251013,57.03,8.916,0.94,243.5336,221.9266,6.4435,8.3831,1867422.3652,1615631.6074
300007.SZ,20251010,59.31,10.7533,1.08,253.2698,230.799,6.7011,8.7182,1942079.9663,1680222.8763
300007.SZ,20251009,62.16,8.5075,0.73,265.4401,241.8895,7.0231,9.1371,2035401.9677,1760961.9624
300007.SZ,20250930,63.57,7.5399,0.55,271.4612,247.3764,7.1825,9.3444,2081571.8,1800906.5629
300007.SZ,20250929,64.87,10.2127,0.73,277.0125,252.4352,7.3293,9.5355,2124139.7305,1837734.918
300007.SZ,20250926,61.32,10.2956,0.63,261.853,238.6208,6.9282,9.0137,2007896.5357,1737165.1791
300007.SZ,20250925,65.24,13.0654,0.68,278.5925,253.8751,7.3711,9.5899,2136255.2184,1848216.8344
300007.SZ,20250924,67.21,16.9485,0.77,287.0049,261.5411,7.5937,9.8794,2200762.0053,1904025.9571
300007.SZ,20250923,64.7,17.5787,0.74,276.2866,251.7737,7.3101,9.5105,2118573.1549,1832918.9023
300007.SZ,20250922,63.29,12.3783,0.51,270.2655,246.2868,7.1508,9.3032,2072403.3227,1792974.3018
300007.SZ,20250919,62.9,21.722,0.97,268.6001,244.7692,7.1068,9.2459,2059632.9435,1781925.7953
300007.SZ,20250918,69.79,28.1295,1.45,298.0222,271.5809,7.8852,10.2587,2285242.975,1977116.0772
300007.SZ,20250917,68.75,30.5717,1.89,293.5812,267.5339,7.7677,10.1058,2251188.6306,1947653.3931
300007.SZ,20250916,64.92,25.5499,1.79,277.226,252.6298,7.335,9.5428,2125776.9585,1839151.3932
300007.SZ,20250915,54.1,14.8219,0.95,231.0217,210.5248,6.1125,7.9524,1771480.7988,1532626.161
300007.SZ,20250912,52.7,12.5573,0.71,225.0433,205.0769,5.9543,7.7466,1725638.4121,1492964.8555
300007.SZ,20250911,53.52,13.2724,0.68,228.5449,208.2678,6.047,7.8671,1752488.9529,1516195.0487
300007.SZ,20250910,51.83,14.8617,0.72,221.3282,201.6914,5.856,7.6187,1697150.6433,1468318.1871
300007.SZ,20250909,53.4,15.6951,0.67,228.0325,207.8009,6.0334,7.8495,1748559.6055,1512795.5083
300007.SZ,20250908,53.97,21.3705,1.0,230.4666,210.019,6.0978,7.9333,1767224.0057,1528943.3255
300007.SZ,20250905,53.5,22.7924,1.2,228.4595,208.19,6.0447,7.8642,1751834.0617,1515628.4587
300007.SZ,20250904,49.55,22.3694,1.34,211.592,192.819,5.5984,7.2835,1622493.0421,1403726.9182
300007.SZ,20250903,50.6,20.4937,1.36,216.0757,196.9049,5.717,7.4379,1656874.8321,1433472.8973
300007.SZ,20250902,51.95,30.5129,2.8,221.8406,202.1583,5.8696,7.6363,1701079.9907,1471717.7276
300007.SZ,20250901,46.59,10.6271,0.95,198.9519,181.3004,5.264,6.8484,1525569.1389,1319871.5867
300007.SZ,20250829,45.1,10.9412,1.05,192.5892,175.5022,5.0956,6.6294,1476779.7417,1277660.6259
300007.SZ,20250828,43.8,10.9535,1.11,187.0379,181.2469,5.0479,6.4383,1434211.8112,1239428.0954
300007.SZ,20250827,44.26,12.5701,1.36,189.0022,183.1504,5.1009,6.5059,1449274.3097,1252444.9201
300007.SZ,20250826,47.17,9.3661,0.88,201.4287,195.1922,5.4363,6.9337,1544560.9848,1334790.4854
300007.SZ,20250825,48.65,12.3322,1.16,207.7487,201.3165,5.6068,7.1512,1593022.9364,1376670.7041
300007.SZ,20250822,47.3,6.7956,0.61,201.9838,195.7301,5.4512,6.9528,1548817.7779,1338469.1532
300007.SZ,20250821,46.61,8.1198,0.68,199.0374,192.8749,5.3717,6.8514,1526224.0302,1318943.9161
300007.SZ,20250820,48.0,9.6759,0.77,204.973,198.6268,5.5319,7.0557,1571738.9712,1358277.3648
300007.SZ,20250819,48.6,16.4951,1.48,207.5352,201.1096,5.6011,7.1439,1591385.7083,1375255.8319
300007.SZ,20250818,46.93,12.0573,1.11,200.4038,194.1991,5.4086,6.8984,1536702.29,1327999.0985
300007.SZ,20250815,46.88,9.6909,0.78,200.1903,193.9922,5.4028,6.8911,1535065.0619,1326584.2263
300007.SZ,20250814,45.68,11.789,0.86,195.066,189.0265,5.2645,6.7147,1495771.5876,1292627.2922
300007.SZ,20250813,47.45,12.5072,0.86,202.6244,196.3508,5.4685,6.9749,1553729.4622,1342713.77
300007.SZ,20250812,47.25,9.5081,0.6,201.7703,195.5232,5.4455,6.9455,1547180.5498,1337054.281
300007.SZ,20250811,47.15,10.9257,0.64,201.3433,195.1094,5.434,6.9308,1543906.0936,1334224.5365
300007.SZ,20250808,47.56,17.3913,1.1,203.0941,196.806,5.4812,6.991,1557331.364,1345826.489
300007.SZ,20250807,50.25,18.0617,1.24,214.5811,207.9374,5.7912,7.3864,1645414.2355,1421946.6163
300007.SZ,20250806,47.59,16.8185,1.17,203.2222,196.9302,5.4847,6.9954,1558313.7008,1346675.4123
300007.SZ,20250805,47.99,15.8826,1.27,204.9303,198.5854,5.5308,7.0542,1571411.5256,1357994.3903
300007.SZ,20250804,46.89,17.1646,1.65,200.233,194.0335,5.404,6.8925,1535392.5075,1326867.2007
300007.SZ,20250801,43.35,10.8424,1.16,185.1163,179.3848,4.996,6.3722,1419476.7584,1226694.2451
300007.SZ,20250731,43.27,11.8607,1.45,184.7746,179.0538,4.9868,6.3604,1416857.1934,1224430.4495
300007.SZ,20250730,43.64,16.0586,2.57,186.3546,180.5848,5.0294,6.4148,1428972.6813,1234900.5042
300007.SZ,20250729,42.33,6.666,0.92,180.7606,175.164,4.8785,6.2222,1386077.3052,1197830.8511
300007.SZ,20250728,41.75,6.435,0.72,178.2838,172.7639,4.8116,6.137,1367085.4593,1181418.3329
300007.SZ,20250725,42.14,5.7292,0.59,179.9492,174.3778,4.8566,6.1943,1379855.8385,1192454.3365
300007.SZ,20250724,41.88,5.9332,0.53,178.839,173.3019,4.8266,6.1561,1371342.2524,1185097.0008
300007.SZ,20250723,41.77,6.437,0.45,178.3692,172.8467,4.8139,6.1399,1367740.3506,1181984.2818
300007.SZ,20250722,42.04,11.7497,0.77,179.5222,173.964,4.845,6.1796,1376581.3823,1189624.592
300007.SZ,20250721,43.87,14.7783,0.95,187.3368,181.5366,5.0559,6.4486,1436503.9306,1241408.9165
300007.SZ,20250718,42.91,9.4928,0.62,183.2374,177.5641,4.9453,6.3075,1405069.1511,1214243.3692
300007.SZ,20250717,43.72,14.0186,1.01,186.6963,180.9159,5.0387,6.4266,1431592.2463,1237164.2998
300007.SZ,20250716,44.38,21.0008,1.77,189.5146,183.647,5.1147,6.5236,1453203.6571,1255840.6135
300007.SZ,20250715,41.7,17.3143,1.7,178.0703,172.557,4.8059,6.1296,1365448.2312,1180003.4607
300007.SZ,20250714,40.35,15.8426,1.95,172.3055,166.9706,4.6503,5.9312,1321243.0727,1141801.9098
300007.SZ,20250711,38.93,8.644,1.12,166.2417,161.0946,4.4866,5.7225,1274745.7948,1101619.5377
300007.SZ,20250710,37.9,6.2728,0.83,161.8433,156.8324,4.3679,5.5711,1241018.896,1072473.1693
300007.SZ,20250709,38.9,11.4053,1.6,166.1136,160.9704,4.4832,5.7181,1273763.4579,1100770.6144
300007.SZ,20250708,38.61,8.647,1.07,164.8752,159.7704,4.4497,5.6754,1264267.535,1092564.3553
300007.SZ,20250707,37.57,5.719,0.61,160.4341,155.4668,4.3299,5.5226,1230213.1906,1063135.0124
300007.SZ,20250704,37.88,6.4388,0.66,161.7579,156.7496,4.3656,5.5681,1240364.0048,1071907.2204
300007.SZ,20250703,38.36,5.7156,0.52,163.8076,158.7359,4.4209,5.6387,1256081.3945,1085489.994
300007.SZ,20250702,38.42,9.2075,0.74,164.0638,158.9842,4.4278,5.6475,1258046.0682,1087187.8407
300007.SZ,20250701,40.0,13.2838,0.91,170.8109,165.5223,4.6099,5.8797,1309782.476,1131897.804
300007.SZ,20250630,40.6,12.266,0.91,173.373,168.0051,4.6791,5.9679,1329429.2131,1148876.2711
300007.SZ,20250627,39.58,8.2416,0.57,169.0173,163.7843,4.5615,5.818,1296029.76,1120012.8771
300007.SZ,20250626,39.48,11.8528,0.74,168.5903,163.3705,4.55,5.8033,1292755.3038,1117183.1325
300007.SZ,20250625,40.3,16.1832,1.12,172.0919,166.7637,4.6445,5.9238,1319605.8446,1140387.0375
300007.SZ,20250624,39.7,24.8311,1.99,169.5298,164.2809,4.5754,5.8357,1299959.1074,1123408.5705
300007.SZ,20250623,34.98,6.3753,0.53,149.3741,144.7493,4.0314,5.1418,1145404.7753,989844.6296
300007.SZ,20250620,35.02,12.9476,1.23,149.5449,144.9148,4.036,5.1477,1146714.5577,990976.5274
300007.SZ,20250619,37.49,19.8112,2.7,160.0925,155.1358,4.3207,5.5108,1227593.6256,1060871.2168
300007.SZ,20250618,35.59,8.1922,1.24,151.979,147.2735,4.1017,5.2315,1165378.958,1007106.0711
300007.SZ,20250617,35.89,14.9188,2.83,153.26,148.5149,4.1363,5.2756,1175202.3266,1015595.3046
300007.SZ,20250616,34.38,3.7233,0.63,146.8119,142.2664,3.9622,5.0536,1125758.0381,972866.1625
300007.SZ,20250613,34.17,5.7813,0.97,145.9152,141.3974,3.938,5.0228,1118881.6801,966923.6991
300007.SZ,20250612,35.45,4.1367,0.58,151.3811,146.6941,4.0856,5.2109,1160794.7194,1003144.4288
300007.SZ,20250611,35.88,4.4919,0.6,153.2173,148.4735,4.1351,5.2741,1174874.881,1015312.3302
300007.SZ,20250610,35.79,8.1794,1.05,152.833,148.1011,4.1247,5.2609,1171927.8704,1012765.5601
300007.SZ,20250609,36.17,7.1237,0.93,154.4557,149.6736,4.1685,5.3168,1184370.8039,1023518.5893
300007.SZ,20250606,36.34,5.8731,0.77,155.1817,150.377,4.1881,5.3418,1189937.3794,1028329.1549
300007.SZ,20250605,37.17,9.964,1.45,158.726,153.8116,4.2838,5.4638,1217115.3658,1051816.0344
300007.SZ,20250604,36.5,6.5471,0.98,155.8649,151.0391,4.2066,5.3653,1195176.5094,1032856.7462
300007.SZ,20250603,36.3,9.5074,1.62,155.0109,150.2115,4.1835,5.3359,1188627.597,1027197.2571
300007.SZ,20250530,34.88,6.3515,1.06,148.9471,144.3355,4.0199,5.1271,1142130.3191,987014.8851
300007.SZ,20250529,36.22,5.8669,0.99,154.6692,149.8805,4.1743,5.3241,1186008.032,1024933.4615
300007.SZ,20250528,35.9,6.1977,1.06,153.3027,148.5563,4.1374,5.2771,1175529.7722,1015878.2791
300007.SZ,20250527,36.82,5.6351,0.91,157.2314,152.3633,4.224,5.4123,1205654.7692,1041911.9286
300007.SZ,20250526,37.9,5.2228,0.7,161.8433,156.8324,4.3479,5.5711,1241018.896,1072473.1693
300007.SZ,20250523,37.66,6.9002,0.81,160.8184,155.8393,4.3203,5.5358,1233160.2012,1065681.7825
300007.SZ,20250522,38.3,5.6249,0.63,163.5514,158.4876,4.3938,5.6299,1254116.7208,1083792.1473
300007.SZ,20250521,39.03,5.7895,0.62,166.6687,161.5084,4.4775,5.7372,1278020.251,1104449.2823
300007.SZ,20250520,39.36,7.5184,0.77,168.0779,162.874,4.5154,5.7857,1288825.9564,1113787.4391
300007.SZ,20250519,40.01,11.5894,1.2,170.8536,165.5637,4.5899,5.8812,1310109.9216,1132180.7785
300007.SZ,20250516,42.22,11.864,1.24,180.2909,174.7088,4.8435,6.2061,1382475.4034,1194718.1321
300007.SZ,20250515,41.32,7.7209,0.72,176.4476,170.9845,4.7402,6.0738,1353005.2977,1169250.4315
300007.SZ,20250514,41.9,7.7712,0.6,178.9244,173.3846,4.8067,6.159,1371997.1436,1185662.9497
300007.SZ,20250513,42.2,9.6415,0.68,180.2055,174.626,4.8412,6.2031,1381820.5122,1194152.1832
300007.SZ,20250512,42.92,11.1922,0.72,183.2801,177.6054,4.9238,6.309,1405396.5967,1214526.3437
300007.SZ,20250509,41.46,11.6808,0.71,177.0455,171.5639,4.7563,6.0944,1357589.5364,1173212.0738
300007.SZ,20250508,42.88,13.0334,0.79,183.1092,177.4399,4.9192,6.3031,1404086.8143,1213394.4459
300007.SZ,20250507,43.4,18.8524,1.21,185.3298,179.5917,4.9788,6.3795,1421113.9865,1228109.1173
300007.SZ,20250506,42.99,15.9807,0.95,183.579,177.8951,4.9318,6.3193,1407688.7161,1216507.1648
300007.SZ,20250430,41.27,18.0054,1.01,176.2341,170.7776,4.7345,6.0664,1351368.0696,1167835.5593
300007.SZ,20250429,41.05,16.561,0.94,175.2946,169.8673,4.7092,6.0341,1344164.266,1161610.1214
300007.SZ,20250428,37.93,13.2103,0.74,161.9714,161.9714,4.3773,5.5755,1242001.2329,1073322.0926
300007.SZ,20250425,40.15,14.4319,0.9,171.4514,171.4514,4.6335,5.9018,1314694.1603,1136142.4208
300007.SZ,20250424,39.9,21.4653,1.63,170.3838,170.3838,4.6046,5.865,1306508.0198,1129068.0595
300007.SZ,20250423,39.15,23.5528,2.32,167.1811,167.1811,4.5181,5.7548,1281949.5984,1107844.9757
300007.SZ,20250422,35.41,15.7421,1.76,151.2103,151.2103,4.0865,5.205,1159484.9369,1002012.531
300007.SZ,20250421,35.03,13.6928,1.52,149.5876,149.5876,4.0426,5.1492,1147042.0034,991259.5019
300007.SZ,20250418,32.65,5.6022,0.5,139.4244,139.4244,3.7679,4.7993,1069109.946,923911.5825
300007.SZ,20250417,33.17,7.2001,0.55,141.6449,141.6449,3.828,4.8758,1086137.1182,938626.254
300007.SZ,20250416,33.59,8.5905,0.6,143.4384,143.4384,3.8764,4.9375,1099889.8342,950511.1809
300007.SZ,20250415,34.45,9.7325,0.66,147.1109,147.1109,3.9757,5.0639,1128050.1575,974846.9837
300007.SZ,20250414,34.52,14.0648,1.0,147.4098,147.4098,3.9838,5.0742,1130342.2768,976827.8049
300007.SZ,20250411,33.89,16.1586,1.32,144.7195,144.7195,3.911,4.9816,1109713.2028,959000.4144
300007.SZ,20250410,32.8,17.4611,1.7,140.0649,140.0649,3.7853,4.8214,1074021.6303,928156.1993
300007.SZ,20250409,30.41,13.6291,1.44,129.859,129.859,3.5094,4.4701,995762.1274,860525.3055
300007.SZ,20250408,29.4,12.4386,1.15,125.546,125.546,3.3929,4.3216,962690.1199,831944.8859
300007.SZ,20250407,29.02,10.7212,1.01,123.9233,123.9233,3.349,4.2658,950247.1863,821191.8568
300007.SZ,20250403,36.28,6.8384,0.55,154.9255,154.9255,4.1869,5.3329,1187972.7057,1026631.3082
300007.SZ,20250402,37.35,7.7205,0.58,159.4946,159.4946,4.3103,5.4902,1223009.387,1056909.5745
300007.SZ,20250401,36.96,9.6404,0.72,157.8292,157.8292,4.2653,5.4329,1210239.0078,1045873.5709
300007.SZ,20250331,37.56,19.2353,1.6,160.3914,160.3914,4.3346,5.5211,1229885.745,1062852.038
300007.SZ,20250328,41.47,9.8365,0.76,103.8155,142.7508,4.7474,5.9369,1357916.982,1173495.3593
300007.SZ,20250327,43.26,15.6708,1.28,108.2966,148.9125,4.9523,6.1932,1416529.7478,1224147.7995
300007.SZ,20250326,42.56,11.6384,0.87,106.5442,146.5029,4.8722,6.093,1393608.5545,1204339.5827
300007.SZ,20250325,41.94,10.9777,0.72,104.9921,144.3687,4.8012,6.0042,1373306.9261,1186795.162
300007.SZ,20250324,42.66,12.1232,0.68,106.7946,146.8471,4.8836,6.1073,1396883.0107,1207169.3279
300007.SZ,20250321,43.05,14.7033,0.83,107.7709,148.1896,4.9283,6.1631,1409653.3898,1218205.3344
300007.SZ,20250320,46.45,11.9348,0.64,116.2824,159.8933,5.3175,6.6499,1520984.9003,1314416.6733
300007.SZ,20250319,47.48,16.906,0.94,118.8609,163.4388,5.4354,6.7973,1554711.799,1343563.0494
300007.SZ,20250318,49.51,20.7784,1.17,123.9428,170.4266,5.6678,7.088,1621183.2597,1401006.8782
300007.SZ,20250317,47.99,25.1448,1.49,120.1376,165.1944,5.4938,6.8704,1571411.5256,1357994.7503
300007.SZ,20250314,43.73,13.6424,0.71,109.4732,150.5303,5.0061,6.2605,1431919.6919,1237447.6022
300007.SZ,20250313,42.48,16.7098,0.84,106.344,146.2275,4.863,6.0815,1390988.9895,1202075.7864
300007.SZ,20250312,46.1,13.7377,0.65,115.4062,158.6885,5.2774,6.5998,1509524.3036,1304512.5649
300007.SZ,20250311,46.92,19.192,0.9,117.459,161.5112,5.3713,6.7172,1536374.8443,1327716.476
300007.SZ,20250310,48.82,21.0102,0.99,122.2154,168.0515,5.5888,6.9892,1598589.512,1381481.6359
300007.SZ,20250307,48.05,24.8242,1.13,120.2878,165.4009,5.5007,6.8789,1573376.1993,1359692.5974
300007.SZ,20250306,45.46,20.8442,0.86,113.8041,156.4854,5.2042,6.5082,1488567.784,1286402.1952
300007.SZ,20250305,45.44,19.8669,0.74,113.754,156.4166,5.2019,6.5053,1487912.8927,1285836.2461
300007.SZ,20250304,43.86,20.6713,0.74,109.7986,150.9778,5.021,6.2791,1436176.4849,1241126.271
300007.SZ,20250303,41.14,19.6135,0.69,102.9894,141.6149,4.7096,5.8897,1347111.2766,1164157.2
300007.SZ,20250228,43.2,28.7622,0.96,108.1464,148.7059,4.9455,6.1846,1414565.0741,1222449.9523
300007.SZ,20250227,50.9,32.9132,1.06,127.4225,175.2114,5.8269,7.287,1666698.2007,1440340.3373
300007.SZ,20250226,45.45,32.0955,1.15,113.779,156.451,5.203,6.5067,1488240.3384,1286119.2207
300007.SZ,20250225,44.9,26.1134,0.98,112.4022,154.5578,5.1401,6.428,1470230.8293,1270555.6217
300007.SZ,20250224,43.09,22.7555,0.83,107.871,148.3273,4.9329,6.1689,1410963.1723,1219337.2325
300007.SZ,20250221,44.59,35.5719,1.5,111.6261,153.4907,5.1046,6.3836,1460080.0151,1261783.4114
300007.SZ,20250220,44.5,39.4206,1.88,111.4008,153.1809,5.0943,6.3707,1457133.0046,1259236.6407
300007.SZ,20250219,37.81,15.954,0.78,94.6531,130.1521,4.3284,5.413,1238071.8854,1069926.6828
300007.SZ,20250218,31.51,18.9245,0.95,78.8818,108.4658,3.6072,4.511,1031781.1455,891652.7314
300007.SZ,20250217,33.0,26.9605,1.55,82.6118,113.5948,3.7778,4.7244,1080570.5427,933815.9358
300007.SZ,20250214,28.64,17.3374,0.96,71.6971,98.5865,3.2787,4.1002,937804.2528,810439.0425
300007.SZ,20250213,29.92,25.3879,1.46,74.9014,102.9926,3.4252,4.2834,979717.292,846659.7818
300007.SZ,20250212,29.1,14.282,0.81,72.8486,100.17,3.3313,4.166,952866.7513,823455.8707
300007.SZ,20250211,28.44,16.1545,0.91,71.1964,97.8981,3.2558,4.0715,931255.3404,804779.5519
300007.SZ,20250210,28.83,13.8368,0.71,72.1727,99.2406,3.3004,4.1274,944025.7196,815815.5585
300007.SZ,20250207,29.18,20.7807,1.05,73.0489,100.4453,3.3405,4.1775,955486.3162,825719.6669
300007.SZ,20250206,29.52,21.9491,1.13,73.9,101.6157,3.3794,4.2261,966619.4673,835340.8008
300007.SZ,20250205,27.87,15.6189,0.7,69.7694,95.936,3.1905,3.9899,912590.9402,788650.004
300007.SZ,20250127,26.76,16.1748,0.71,66.9907,92.1151,3.0634,3.831,876244.4764,757239.8316
300007.SZ,20250124,29.2,23.2021,1.03,73.099,100.5142,3.3428,4.1803,956141.2075,826285.6159
300007.SZ,20250123,27.81,22.4042,0.95,69.6192,95.7294,3.1836,3.9813,910626.2664,786952.1568
300007.SZ,20250122,26.96,19.7771,0.72,67.4914,92.8035,3.0863,3.8597,882793.3888,762899.3221
300007.SZ,20250121,28.74,30.7197,1.14,71.9474,98.9307,3.2901,4.1145,941078.709,813268.7877
300007.SZ,20250120,27.18,17.4934,0.66,68.0421,93.5608,3.1115,3.8911,889997.1924,769124.7617
300007.SZ,20250117,27.15,21.7272,0.84,67.967,93.4575,3.1081,3.8869,889014.8556,768275.8381
300007.SZ,20250116,27.73,28.3979,1.25,69.419,95.4541,3.1745,3.9699,908006.7015,784688.3606
300007.SZ,20250115,28.4,39.2834,2.13,71.0962,97.7604,3.2512,4.0658,929945.558,803647.6538
300007.SZ,20250114,26.62,27.9635,1.75,66.6402,91.6331,3.0474,3.811,871660.2378,753278.1882
300007.SZ,20250113,22.18,15.096,1.06,55.5252,76.3495,2.5391,3.1753,726274.3829,627637.4987
300007.SZ,20250110,22.17,17.9662,1.43,55.5001,76.3151,2.538,3.1739,725946.9373,627354.5241
300007.SZ,20250109,21.86,13.1574,1.11,54.7241,75.248,2.5025,3.1295,715796.1231,618582.3138
688322.SH,20260702,130.01,9.1014,1.43,417.9992,397.2483,17.8553,56.834,5346626.1473,4143111.8764
688322.SH,20260701,135.0,8.0868,1.38,434.0427,412.4954,18.5407,59.0154,5551838.55,4302131.4
688322.SH,20260630,130.55,7.4087,1.32,419.7353,398.8983,17.9295,57.0701,5368833.5015,4160320.402
688322.SH,20260629,117.51,5.6925,0.91,377.81,359.0543,16.1386,51.3696,4832567.0223,3744766.3764
688322.SH,20260626,119.85,4.8709,0.71,385.3334,366.2042,16.46,52.3926,4928798.8905,3819336.654
688322.SH,20260625,123.0,5.7828,0.82,395.4611,375.8291,16.8926,53.7696,5058341.79,3919719.72
688322.SH,20260624,125.8,5.577,0.75,404.4635,384.3846,17.2771,54.9936,5173491.034,4008949.112
688322.SH,20260623,122.88,6.1927,0.81,385.3695,366.2385,16.4615,52.3975,4929259.9296,3915895.6032
688322.SH,20260622,128.04,8.7311,1.08,401.552,381.6177,17.1528,54.5978,5136250.3368,4080332.6256
688322.SH,20260618,133.73,7.9983,0.96,419.3966,398.5765,17.915,57.0241,5364501.3866,4261659.4972
688322.SH,20260617,130.68,6.6783,0.75,409.8314,389.4861,17.5064,55.7235,5242152.4056,4164463.1952
688322.SH,20260616,132.18,7.42,0.76,414.5356,393.9567,17.7074,56.3631,5302324.0356,4212264.6552
688322.SH,20260615,127.8,7.4812,0.69,400.7993,380.9023,17.1206,54.4954,5126622.876,4072684.392
688322.SH,20260612,122.98,10.9575,1.0,385.6831,366.5365,16.4749,52.4401,4933271.3716,3919082.3672
688322.SH,20260611,124.5,9.2331,0.89,390.4501,371.0669,16.6786,53.0883,4994245.788,3967521.0804
688322.SH,20260610,134.51,9.3387,0.92,421.8429,400.9012,18.0195,57.3567,5395791.1722,4286516.1488
688322.SH,20260609,148.4,11.5443,1.3,465.4039,442.2998,19.8803,63.2795,5952980.5216,4729157.6573
688322.SH,20260608,144.17,13.2883,1.7,452.138,429.6925,19.3136,61.4758,5783296.5081,4594357.5435
688322.SH,20260605,126.06,11.2393,1.61,395.3425,375.7164,16.8875,53.7535,5056824.2894,4017234.5976
688322.SH,20260604,114.55,6.3332,0.92,359.2454,341.4113,15.3456,48.8455,4595107.2692,3650438.0704
688322.SH,20260603,112.26,8.1315,1.19,352.0637,334.5861,15.0388,47.869,4503245.2382,3577461.1766
688322.SH,20260602,103.23,5.3631,0.71,323.7443,307.6726,13.8291,44.0185,4141011.9895,3289696.3946
688322.SH,20260601,103.04,7.915,0.99,323.1484,307.1063,13.8037,43.9375,4133390.249,3283641.5432
688322.SH,20260529,111.47,7.2263,0.87,349.5861,332.2315,14.933,47.5321,4471554.8433,3552285.7416
688322.SH,20260528,111.24,5.8468,0.65,348.8648,331.546,14.9022,47.4341,4462328.5258,3544956.1846
688322.SH,20260527,112.5,7.6787,0.86,352.8163,335.3014,15.071,47.9713,4512872.7,3585109.41
688322.SH,20260526,116.99,9.2045,1.08,366.8976,348.6836,15.6725,49.8859,4692986.4638,3728195.11
688322.SH,20260525,118.29,10.1309,1.24,370.9746,352.5582,15.8466,50.4403,4745135.215,3769623.041
688322.SH,20260522,118.15,8.8949,1.18,370.5355,352.141,15.8279,50.3806,4739519.1956,3765161.5715
688322.SH,20260521,109.6,8.8812,1.41,343.7215,326.6581,14.6825,46.7347,4396540.8704,3492693.2563
688322.SH,20260520,102.68,7.2882,1.35,322.0194,306.0333,13.7555,43.784,4118949.0563,3272169.1931
688322.SH,20260519,100.71,7.4357,1.67,315.8412,300.1618,13.4915,42.9439,4039923.641,3209389.9438
688322.SH,20260518,95.4,8.2872,2.36,299.1882,284.3356,12.7802,40.6797,3826916.0496,3040172.7797
688322.SH,20260515,89.0,5.7379,1.75,279.1169,265.2607,11.9228,37.9507,3570183.736,2836219.8888
688322.SH,20260514,84.91,2.7881,0.79,266.2901,253.0706,11.3749,36.2066,3406115.7418,2705881.2445
688322.SH,20260513,87.65,2.739,0.77,274.8831,261.237,11.742,37.375,3516029.2636,2793198.5759
688322.SH,20260512,87.03,2.7575,0.82,272.9387,259.3892,11.6589,37.1106,3491158.3207,2773440.6396
688322.SH,20260511,87.18,3.5121,1.19,273.4091,259.8362,11.679,37.1746,3497175.4843,2778220.7855
688322.SH,20260508,87.92,4.5776,1.88,275.7299,262.0418,11.7781,37.4901,3526860.1581,2801802.8385
688322.SH,20260507,86.5,4.048,2.02,271.2766,257.8095,11.5879,36.8846,3469897.676,2756550.7908
688322.SH,20260506,81.42,2.9112,1.56,255.3449,242.6688,10.9074,34.7185,3266116.4021,2594663.1837
688322.SH,20260430,79.58,1.7058,0.85,249.5744,237.1848,10.6609,33.9339,3192305.8619,2536026.7275
688322.SH,20260429,78.01,1.5216,0.74,244.6507,232.5054,10.4506,33.2644,3129326.2162,2485994.534
688322.SH,20260428,76.66,1.9595,0.94,240.4169,228.4818,10.2697,32.6887,3075171.7438,2442973.2211
688322.SH,20260427,79.0,1.9436,0.9,247.7555,235.4561,10.5832,33.6865,3169039.496,2517543.4968
688322.SH,20260424,77.18,2.217,1.03,242.0477,242.0477,10.4005,32.9105,3096031.2443,2459544.3935
688322.SH,20260423,79.81,2.3497,1.11,250.2957,250.2957,10.7549,34.0319,3201532.1794,2543356.2846
688322.SH,20260422,82.65,1.7895,0.83,259.2024,259.2024,11.1376,35.2429,3315457.1436,2633860.3799
688322.SH,20260421,82.3,2.1296,0.98,258.1047,258.1047,11.0905,35.0937,3301417.0952,2622706.7062
688322.SH,20260420,84.16,2.3369,1.03,263.938,263.938,11.3411,35.8868,3376029.9238,2681980.5151
688322.SH,20260417,84.74,2.1331,0.93,,267.4731,11.4164,60.2222,3399296.2898,2700463.7458
688322.SH,20260416,83.54,2.237,1.05,,263.6854,11.2547,59.3694,3351158.981,2662222.5788
688322.SH,20260415,81.3,1.8848,0.87,,256.615,10.9529,57.7775,3261302.6712,2590839.067
688322.SH,20260414,82.22,2.2442,1.15,,259.5189,11.0769,58.4313,3298207.9413,2620157.295
688322.SH,20260413,82.41,2.8316,1.78,,260.1186,11.1025,58.5663,3305829.6818,2626212.1465
688322.SH,20260410,80.68,2.3127,1.64,,254.6581,10.8694,57.3369,3236431.7283,2571081.1307
688322.SH,20260409,77.64,1.3762,0.94,,245.0626,10.4599,55.1764,3114483.8794,2474203.5075
688322.SH,20260408,79.9,2.13,1.66,,252.1961,10.7643,56.7826,3205142.4776,2546224.3721
688322.SH,20260407,74.6,1.1227,0.85,,235.4672,10.0503,53.016,2992536.0304,2377325.8843
688322.SH,20260403,76.13,1.0172,0.73,,240.2965,10.2564,54.1033,3053911.0991,2426083.3723
688322.SH,20260402,75.53,1.3953,0.95,,238.4026,10.1756,53.6769,3029842.4447,2406962.7888
688322.SH,20260401,77.98,1.6515,1.09,,246.1358,10.5057,55.4181,3128122.7835,2485038.5048
688322.SH,20260331,75.0,1.2224,0.72,,236.7297,10.1042,53.3003,3008581.8,2390072.94
688322.SH,20260330,75.87,1.3439,0.63,,239.4758,10.2214,53.9186,3043481.3489,2417797.7861
688322.SH,20260327,75.65,1.3193,0.6,,238.7814,10.1918,53.7622,3034656.1756,2410786.9055
688322.SH,20260326,75.49,1.8204,0.85,,238.2764,10.1702,53.6485,3028237.8678,2405688.0832
688322.SH,20260325,76.69,1.8372,0.93,,242.0641,10.3319,54.5013,3076375.1766,2443929.2502
688322.SH,20260324,74.66,2.2067,1.22,,235.6566,10.0584,53.0586,2994942.8958,2379237.9427
688322.SH,20260323,74.7,3.5471,2.55,,235.7828,10.0638,53.0871,2996547.4728,2380512.6482
688322.SH,20260320,73.85,1.5349,1.18,,233.0999,9.9493,52.483,2962450.2124,2353425.1549
688322.SH,20260319,75.65,1.5486,1.26,,238.7814,10.1918,53.7622,3034656.1756,2410786.9055
688322.SH,20260318,78.99,1.0756,0.86,,249.3238,10.6417,56.1358,3168638.3518,2517224.8204
688322.SH,20260317,77.99,1.3034,0.98,,246.1674,10.507,55.4252,3128523.9278,2485357.1812
688322.SH,20260316,80.0,1.5046,1.08,,252.5117,10.7778,56.8536,3209153.92,2549411.136
688322.SH,20260313,80.68,1.0543,0.73,,254.6581,10.8694,57.3369,3236431.7283,2571081.1307
688322.SH,20260312,81.97,1.2069,0.78,,258.7298,11.0432,58.2536,3288179.3353,2612190.3852
688322.SH,20260311,83.16,1.2139,0.74,,262.4859,11.2035,59.0993,3335915.4998,2650112.8759
688322.SH,20260310,84.2,1.6382,0.86,,265.7686,11.3436,59.8384,3377634.5008,2683255.2206
688322.SH,20260309,81.66,1.8412,0.95,,257.7513,11.0014,58.0333,3275743.8638,2602311.4171
688322.SH,20260306,83.0,1.3233,0.66,,261.9809,11.182,58.9856,3329497.192,2645014.0536
688322.SH,20260305,84.38,1.7084,0.84,,266.3367,11.3679,59.9664,3384855.0971,2688991.3957
688322.SH,20260304,82.17,1.7088,0.81,,259.3611,11.0702,58.3958,3296202.2201,2618563.9131
688322.SH,20260303,82.27,2.9685,1.33,,259.6768,11.0836,58.4668,3300213.6625,2621750.677
688322.SH,20260302,88.52,1.9731,0.86,,279.4042,11.9256,62.9085,3550928.8125,2820923.422
688322.SH,20260227,91.07,1.6709,0.73,,346.5444,12.2701,64.7207,3653220.5937,2902185.9019
688322.SH,20260226,91.55,1.8307,0.84,,348.371,12.3348,65.0619,3672475.5172,2917482.3688
688322.SH,20260225,91.35,2.1359,0.99,,347.6099,12.3078,64.9197,3664452.6324,2911108.8409
688322.SH,20260224,92.1,3.5294,1.91,,350.4638,12.4089,65.4527,3694538.4504,2935009.5703
688322.SH,20260213,96.77,2.2433,1.12,,368.2344,13.0381,68.7716,3881872.8105,3083831.4454
688322.SH,20260212,94.54,1.6603,0.86,,359.7487,12.7376,67.1868,3792417.645,3012766.61
688322.SH,20260211,93.26,1.3303,0.67,,354.8779,12.5651,66.2771,3741071.1822,2971976.0318
688322.SH,20260210,94.1,2.0008,1.0,,358.0743,12.6783,66.8741,3774767.2984,2998744.8487
688322.SH,20260209,93.11,1.9901,0.89,,354.3071,12.5449,66.1705,3735054.0186,2967195.8859
688322.SH,20260206,92.95,3.0467,1.44,,353.6983,12.5234,66.0568,3728635.7108,2962097.0636
688322.SH,20260205,89.06,1.3039,0.57,,338.8959,11.9993,63.2923,3572590.6014,2838131.9472
688322.SH,20260204,90.93,1.5239,0.64,,346.0117,12.2512,64.6212,3647604.5743,2897724.4325
688322.SH,20260203,92.52,2.159,0.85,,352.062,12.4654,65.7512,3711386.5085,2948393.9788
688322.SH,20260202,90.1,3.153,1.23,,342.8533,12.1394,64.0314,3614309.6024,2871274.2919
688322.SH,20260130,95.7,2.4411,0.89,,364.1628,12.8939,68.0111,3838950.3768,3049733.0714
688322.SH,20260129,94.46,2.1955,0.76,,359.4442,12.7268,67.1299,3789208.491,3010217.1988
688322.SH,20260128,98.39,1.977,0.66,,374.3989,13.2563,69.9228,3946858.1774,3135457.0209
688322.SH,20260127,100.52,2.9053,0.95,,382.5041,13.5433,71.4366,4032301.9005,3203335.0924
688322.SH,20260126,98.18,3.3064,1.01,,373.5998,13.228,69.7736,3938434.1483,3128764.8167
688322.SH,20260123,104.35,3.3028,0.93,,397.0782,14.0593,74.1584,4185940.1444,3325388.1505
688322.SH,20260122,103.35,2.8734,0.87,,393.2729,13.9246,73.4478,4145825.7204,3293520.5113
688322.SH,20260121,101.5,2.627,0.75,,386.2332,13.6753,72.133,4071614.036,3234565.3788
688322.SH,20260120,99.99,3.11,0.84,,380.4873,13.4719,71.0599,4011041.2558,3186445.2436
688322.SH,20260119,102.46,4.4392,1.3,,389.8863,13.8047,72.8153,4110123.883,3265158.3124
688322.SH,20260116,98.3,4.757,1.6,,374.0564,13.2442,69.8589,3943247.8792,3132588.9334
688322.SH,20260115,90.86,1.6592,0.54,,345.7453,12.2418,64.5715,3644796.5646,2895493.6977
688322.SH,20260114,91.2,3.5385,1.17,,347.0391,12.2876,64.8131,3658435.4688,2906328.695
688322.SH,20260113,92.51,4.1774,1.49,,352.024,12.4641,65.7441,3710985.3642,2948075.3024
688322.SH,20260112,93.2,2.9654,1.08,,354.6496,12.5571,66.2345,3738664.3168,2970063.9734
688322.SH,20260109,94.08,2.5687,0.94,,357.9982,12.6756,66.8599,3773965.0099,2998107.4959
688322.SH,20260108,92.0,2.189,0.72,,350.0833,12.3954,65.3817,3690527.008,2931822.8064
688322.SH,20260107,93.2,3.1683,1.09,,354.6496,12.5571,66.2345,3738664.3168,2970063.9734
688322.SH,20260106,91.45,3.436,1.14,,347.9904,12.3213,64.9908,3668464.0748,2672537.3606
688322.SH,20260105,89.63,2.8441,0.92,,341.0649,12.0761,63.6974,3595455.8231,2619349.6296
688322.SH,20251231,89.67,2.7644,0.99,,341.2171,12.0815,63.7258,3597060.4001,2620518.5908
688322.SH,20251230,90.58,3.9811,1.78,,344.6799,12.2041,64.3725,3633564.5259,2647112.4562
688322.SH,20251229,87.05,2.7705,1.36,,331.2473,11.7285,61.8638,3491960.6092,2543951.6374
688322.SH,20251226,86.5,2.65,1.44,,329.1544,11.6544,61.473,3469897.676,2527878.422
688322.SH,20251225,85.29,3.247,1.86,,324.5501,11.4913,60.6131,3421359.223,2492517.3481
688322.SH,20251224,81.16,1.3489,0.76,,308.8344,10.9349,57.678,3255686.6518,2371822.1125
688322.SH,20251223,81.2,1.164,0.61,,308.9866,10.9403,57.7064,3257291.2288,2372991.0736
688322.SH,20251222,81.67,1.7596,0.79,,310.775,11.0036,58.0404,3276145.0081,2386726.3668
688322.SH,20251219,80.24,1.6761,0.56,,305.3335,10.8109,57.0242,3218781.3818,2344936.0067
688322.SH,20251218,81.2,2.7819,0.97,,308.9866,10.9403,57.7064,3257291.2288,2372991.0736
688322.SH,20251217,79.61,1.4582,0.51,,302.9362,10.7261,56.5765,3193509.2946,2326524.8691
688322.SH,20251216,78.07,1.8669,0.67,,297.0761,10.5186,55.482,3131733.0817,2281519.866
688322.SH,20251215,78.8,3.3112,1.29,,299.854,10.6169,56.0008,3161016.6112,2302853.4064
688322.SH,20251212,83.43,5.6169,2.93,,317.4723,11.2407,59.2912,3346746.3943,2438160.656
688322.SH,20251211,82.0,2.0399,1.01,,312.0308,11.0481,58.275,3289382.768,2396370.296
688322.SH,20251210,82.91,1.4577,0.76,,315.4936,11.1707,58.9217,3325886.8938,2422964.1615
688322.SH,20251209,82.67,1.5956,0.83,,314.5803,11.1383,58.7511,3316259.4321,2415950.3948
688322.SH,20251208,84.27,2.1298,1.12,,320.6687,11.3539,59.8882,3380442.5105,2462708.8396
688322.SH,20251205,84.0,2.3657,1.41,,319.6413,11.3175,59.6963,3369611.616,2454818.352
688322.SH,20251204,81.48,2.5822,1.8,,310.052,10.978,57.9054,3268523.2675,2381173.8014
688322.SH,20251203,79.35,0.9722,0.61,,301.9469,10.691,56.3917,3183079.5444,2318926.6218
688322.SH,20251202,80.22,1.5416,0.9,,305.2574,10.8082,57.01,3217979.0933,2344351.5262
688322.SH,20251201,82.02,2.0879,1.16,,312.1069,11.0508,58.2892,3290185.0565,2396954.7766
688322.SH,20251128,82.59,1.222,0.57,,314.2759,11.1276,58.6943,3313050.2782,2413612.4725
688322.SH,20251127,82.0,1.3643,0.63,,312.0308,11.0481,58.275,3289382.768,2396370.296
688322.SH,20251126,81.76,1.7183,0.82,,311.1175,11.0157,58.1044,3279755.3062,2389356.5293
688322.SH,20251125,80.43,2.2084,1.14,,306.0565,10.8365,57.1592,3226403.1223,2350488.572
688322.SH,20251124,79.08,2.4927,1.35,,300.9194,10.6546,56.1998,3172248.6499,2311036.1342
688322.SH,20251121,80.86,2.8898,1.62,,307.6928,10.8945,57.4648,3243652.3246,2363054.9041
688322.SH,20251120,79.81,1.5134,0.86,,303.6973,10.753,56.7186,3201532.1794,2332369.6747
688322.SH,20251119,79.57,1.3159,0.72,,302.784,10.7207,56.548,3191904.7177,2325355.908
688322.SH,20251118,78.92,1.4552,0.77,,300.3106,10.6331,56.0861,3165830.3421,2306360.2898
688322.SH,20251117,78.19,2.0738,0.99,,297.5328,10.5347,55.5673,3136546.8126,2285026.7493
688322.SH,20251114,76.09,2.5432,1.3,,289.5417,10.2518,54.0749,3052306.5222,2223656.2905
688322.SH,20251113,79.66,1.457,0.66,,303.1265,10.7328,56.612,3195515.0158,2327986.0705
688322.SH,20251112,79.55,1.6156,0.7,,302.7079,10.718,56.5338,3191102.4292,2324771.4274
688322.SH,20251111,79.65,1.7653,0.63,,303.0884,10.7314,56.6049,3195113.8716,2327693.8302
688322.SH,20251110,79.42,3.12,1.0,,302.2132,10.7005,56.4414,3185887.5541,2320972.3038
688322.SH,20251107,83.46,1.8169,0.54,,317.5865,11.2468,59.3125,3347949.827,2438666.8145
688322.SH,20251106,85.2,2.7553,0.82,,324.2076,11.4813,60.5491,3417748.9248,2489508.8976
688322.SH,20251105,81.6,2.1584,0.64,,310.5087,10.9962,57.9907,3273336.9984,2384318.3808
688322.SH,20251104,83.6,4.1532,1.22,,318.084,11.2644,59.4055,3353194.6624,2442757.5568
688322.SH,20251103,89.94,4.6763,1.5,,342.2066,12.1187,63.9106,3607491.961,2628009.7447
688322.SH,20251031,87.37,3.1922,1.07,,332.4282,11.7724,62.0844,3504409.3021,2552915.4036
688322.SH,20251030,86.46,2.5735,0.89,,328.9658,11.6498,61.4377,3467909.2166,2526325.5785
688322.SH,20251029,88.06,2.344,0.77,,335.0535,11.8654,62.5747,3532085.191,2573076.9193
688322.SH,20251028,88.35,4.2462,1.57,,336.1569,11.9045,62.7808,3543717.0864,2581550.5998
688322.SH,20251027,86.6,3.2524,1.22,,329.4985,11.6687,61.5372,3473524.6144,2530416.3208
688322.SH,20251024,85.83,2.4474,0.83,,679.6075,11.7413,60.9901,3442639.9267,2507917.238
688322.SH,20251023,83.9,2.0896,0.69,,664.3256,11.4773,59.6186,3365227.6576,2451523.4332
688322.SH,20251022,85.32,3.2006,1.02,,675.5693,11.6715,60.6277,3422183.8349,2493015.2482
688322.SH,20251021,83.55,2.5668,0.77,,661.5543,11.4294,59.3699,3351189.1632,2441296.5774
688322.SH,20251020,82.21,3.0013,0.8,,650.9441,11.2461,58.4177,3297441.7846,2402142.3295
688322.SH,20251017,81.02,3.868,1.05,,641.5216,11.0833,57.5721,3249710.9037,2367371.0198
688322.SH,20251016,81.09,2.5901,0.67,,642.0759,11.0929,57.6219,3252518.6026,2369416.3909
688322.SH,20251015,83.89,3.5922,0.97,,664.2465,11.4759,59.6115,3364826.5578,2451231.2373
688322.SH,20251014,80.7,3.6603,1.0,,638.9878,11.0395,57.3447,3236875.7088,2358020.7516
688322.SH,20251013,82.51,5.1052,1.57,,653.3195,11.2871,58.6309,3309474.7798,2410908.2059
688322.SH,20251010,86.96,3.4651,1.07,,688.5549,11.8959,61.793,3487964.2086,2540935.3725
688322.SH,20251009,90.0,3.39,1.02,,712.6258,12.3117,63.9532,3609898.56,2629762.92
688322.SH,20250930,91.1,2.9108,0.76,,721.3357,12.4622,64.7349,3654019.5424,2661904.4668
688322.SH,20250929,89.59,3.384,0.88,,709.3794,12.2557,63.6619,3593453.4666,2617782.8889
688322.SH,20250926,85.88,3.1503,0.77,,680.0034,11.7481,61.0256,3444645.4259,2509378.2174
688322.SH,20250925,89.48,3.3392,0.65,,708.5085,12.2406,63.5837,3589041.3683,2614568.7342
688322.SH,20250924,90.1,3.7891,0.68,,713.4177,12.3254,64.0243,3613909.5584,2632684.8788
688322.SH,20250923,89.1,5.5118,0.93,,705.4996,12.1886,63.3137,3573799.5744,2603465.2908
688322.SH,20250922,91.61,3.3863,0.54,,725.3739,12.532,65.0973,3674475.6342,2676806.4567
688322.SH,20250919,90.1,4.4325,0.71,,713.4177,12.3254,64.0243,3613909.5584,2632684.8788
688322.SH,20250918,91.98,8.4645,1.49,,728.3036,12.5826,65.3602,3689316.3283,2687617.7042
688322.SH,20250917,95.29,5.8757,1.12,,754.5124,13.0354,67.7123,3822080.3754,2784334.5405
688322.SH,20250916,96.4,7.5338,1.61,,763.3015,13.1872,68.501,3866602.4576,2816768.2832
688322.SH,20250915,88.49,4.773,0.98,,700.6696,12.1052,62.8802,3549332.4842,2585641.3421
688322.SH,20250912,87.75,4.3662,0.88,,694.8102,12.004,62.3544,3519651.096,2564018.847
688322.SH,20250911,89.41,5.9051,1.2,,707.9542,12.231,63.534,3586233.6694,2612523.3631
688322.SH,20250910,84.67,3.6917,0.65,,670.4226,11.5826,60.1658,3396112.3453,2474022.516
688322.SH,20250909,85.42,4.6005,0.72,,676.3611,11.6852,60.6987,3426194.8333,2495937.207
688322.SH,20250908,85.28,5.7624,0.91,,675.2526,11.6661,60.5992,3420579.4355,2491846.4646
688322.SH,20250905,81.43,4.8046,0.74,,644.768,11.1394,57.8635,3266155.9971,2379351.0508
688322.SH,20250904,77.56,5.7391,0.85,,614.1251,10.61,55.1135,3110930.359,2266271.2453
688322.SH,20250903,82.65,7.3685,1.1,,654.4281,11.3063,58.7304,3315090.1776,2414998.9482
688322.SH,20250902,82.77,8.4014,1.41,,655.3782,11.3227,58.8157,3319903.3757,2418505.2988
688322.SH,20250901,85.7,5.3394,0.8,,678.5782,11.7235,60.8977,3437425.6288,2504118.6916
688322.SH,20250829,84.33,5.6582,0.86,,667.7304,11.5361,59.9242,3382474.9507,2464087.856
688322.SH,20250828,85.1,6.9733,1.19,,673.8273,11.6414,60.4713,3413359.6384,2486586.9388
688322.SH,20250827,85.19,7.024,1.33,,674.54,11.6538,60.5353,3416969.537,2489216.7017
688322.SH,20250826,85.8,4.8823,0.89,,679.37,11.7372,60.9688,3441436.6272,2507040.6504
688322.SH,20250825,88.8,8.7337,1.78,,703.1242,12.1476,63.1005,3561766.5792,2594699.4144
688322.SH,20250822,83.28,5.2167,1.12,,659.4164,11.3925,59.1781,3340359.4675,2433407.2886
688322.SH,20250821,79.03,3.3448,0.69,,625.7647,10.8111,56.1581,3169892.0355,2309224.0396
688322.SH,20250820,80.94,4.3275,0.9,,640.8882,11.0724,57.5153,3246502.105,2365033.4527
688322.SH,20250819,82.66,5.8308,1.21,,654.5072,11.3077,58.7375,3315491.2774,2415291.1441
688322.SH,20250818,80.55,5.8609,1.32,,637.8001,11.019,57.2382,3230859.2112,2353637.8134
688322.SH,20250815,80.25,3.9297,0.89,,635.4247,10.978,57.025,3218826.216,2344871.937
688322.SH,20250814,79.24,4.1524,0.91,,627.4275,10.8398,56.3073,3178315.1322,2315360.1531
688322.SH,20250813,80.45,4.1773,0.83,,637.0083,11.0053,57.1671,3226848.2128,2350715.8546
688322.SH,20250812,79.98,5.8981,1.35,,633.2868,10.941,56.8331,3207996.5203,2336982.6482
688322.SH,20250811,84.9,4.0739,0.98,,,11.6978,60.3292,3405337.6416,2480743.0212
688322.SH,20250808,83.24,3.7526,0.95,,,11.4691,59.1496,3338755.0682,2432238.5051
688322.SH,20250807,84.8,4.9252,1.21,,,11.6841,60.2582,3401326.6432,2477821.0624
688322.SH,20250806,85.47,6.5192,1.97,,,11.7764,60.7343,3428200.3325,2497398.1864
688322.SH,20250805,74.65,2.6482,0.81,,,10.2855,53.0457,2994210.3056,2181242.2442
688322.SH,20250804,73.79,2.8818,0.89,,,10.1671,52.4346,2959715.7194,2156113.3985
688322.SH,20250801,72.38,2.7279,0.81,,,9.9728,51.4326,2903160.6419,2114913.7794
688322.SH,20250731,73.87,5.52,1.95,,,10.1781,52.4914,2962924.5181,2158450.9656
688322.SH,20250730,69.69,2.7555,0.96,,,9.6021,49.5211,2795264.785,2036313.0877
688322.SH,20250729,71.85,2.5265,0.82,,,9.8998,51.056,2881902.3504,2099427.3978
688322.SH,20250728,71.78,2.5763,0.71,,,9.8901,51.0063,2879094.6515,2097382.0266
688322.SH,20250725,71.5,3.4088,0.95,,,9.8515,50.8073,2867863.856,2089200.542
688322.SH,20250724,68.49,2.8508,0.74,,,9.4368,48.6684,2747132.8042,2001249.5821
688322.SH,20250723,69.41,2.9271,0.75,,,9.5636,49.3222,2784033.9894,2028131.6031
688322.SH,20250722,69.66,3.7363,0.99,,,9.598,49.4998,2794061.4854,2035436.5001
688322.SH,20250721,72.4,5.2348,1.56,,,9.9755,51.4468,2903962.8416,2115498.1712
688322.SH,20250718,68.11,3.1725,1.01,,,9.3844,48.3984,2731891.0102,1990146.1387
688322.SH,20250717,66.9,4.0716,1.52,,,9.2177,47.5386,2683357.9296,1954790.4372
688322.SH,20250716,66.66,3.3524,1.3,,,9.1847,47.368,2673731.5334,1947777.7361
688322.SH,20250715,64.39,2.9849,1.17,,,8.8719,45.755,2582681.8698,1881449.2713
688322.SH,20250714,63.56,3.1767,1.39,,,8.7575,45.1652,2549390.583,1857197.0133
688322.SH,20250711,61.01,2.046,0.87,,,8.4062,43.3532,2447110.1238,1782687.0639
688322.SH,20250710,60.06,1.8281,0.69,,,8.2753,42.6781,2409005.639,1754928.4553
688322.SH,20250709,60.26,2.8778,1.06,,,8.3028,42.8202,2417027.6358,1760772.3729
688322.SH,20250708,60.81,2.8351,1.08,,,8.3786,43.2111,2439088.127,1776843.1463
688322.SH,20250707,58.34,1.857,0.67,,,8.0383,41.4559,2340016.4666,1704670.7639
688322.SH,20250704,58.06,2.6465,0.85,,,7.9997,41.2569,2328785.671,1498898.0938
688322.SH,20250703,57.65,3.8419,1.29,,,7.9432,40.9656,2312340.5776,1488313.3846
688322.SH,20250702,60.57,3.5536,1.12,,,8.3456,43.0405,2429461.7309,1563697.1675
688322.SH,20250701,59.48,2.7259,0.77,,,8.1954,42.266,2385741.8483,1535557.3307
688322.SH,20250630,59.01,2.8925,0.8,,,8.1306,41.932,2366890.1558,1523423.6396
688322.SH,20250627,58.15,2.5561,0.65,,,8.0121,41.3209,2332395.5696,1501221.5666
688322.SH,20250626,57.72,3.1354,0.67,,,7.9529,41.0153,2315148.2765,1490120.5301
688322.SH,20250625,59.1,4.5285,0.94,,,8.143,41.996,2370500.0544,1525747.1124
688322.SH,20250624,57.79,4.6074,1.04,,,7.9625,41.0651,2317955.9754,1491927.6756
688322.SH,20250623,55.49,3.2462,0.71,,,7.6456,39.4307,2225703.0122,1432550.0384
688322.SH,20250620,55.0,4.087,0.97,,,7.6133,39.0825,2206049.12,1413856.4
688322.SH,20250619,56.85,7.0139,2.25,,,7.8694,40.3971,2280252.5904,1461413.388
688322.SH,20250618,54.69,5.2009,2.21,,,7.5704,38.8623,2193615.025,1405887.3912
688322.SH,20250617,50.6,2.7821,1.25,,,6.9851,35.8574,2024005.06,1300747.888
688322.SH,20250616,52.4,3.726,1.97,,,7.2335,37.133,2096005.24,1347019.552
688322.SH,20250613,50.13,2.3929,1.3,,,6.9202,35.5244,2005205.013,1288665.8424
688322.SH,20250612,51.27,1.5127,0.68,,,7.0775,36.3322,2050805.127,1317971.2296
688322.SH,20250611,51.01,1.3357,0.59,,,7.0416,36.148,2040405.101,1311287.5448
688322.SH,20250610,51.45,2.1267,0.95,,,7.1024,36.4598,2058005.145,1322598.396
688322.SH,20250609,52.29,2.1065,0.98,,,7.2183,37.055,2091605.229,1344191.8392
688322.SH,20250606,52.83,2.1281,0.98,,,7.2929,37.4377,2113205.283,1358073.3384
688322.SH,20250605,52.73,3.4024,1.87,,,7.2791,37.3668,2109205.273,1355502.6904
688322.SH,20250604,51.11,1.6475,0.89,,,7.0555,36.2188,2044405.111,1313858.1928
688322.SH,20250603,50.89,1.8681,0.95,,,7.0251,36.0629,2035605.089,1308202.7672
688322.SH,20250530,51.68,1.7287,0.72,,,7.1341,36.6228,2067205.168,1328510.8864
688322.SH,20250529,52.62,2.2233,0.91,,,7.2639,37.2889,2104805.262,1352674.9776
688322.SH,20250528,53.0,1.6524,0.57,,,7.3164,37.5582,2120005.3,1362443.44
688322.SH,20250527,52.93,1.8147,0.62,,,7.3067,37.5086,2117205.293,1360643.9864
688322.SH,20250526,54.14,2.3767,0.78,,,7.4737,38.366,2165605.414,1391748.8272
688322.SH,20250523,55.34,3.8811,1.43,,,7.6394,39.2164,2213605.534,1422596.6032
688322.SH,20250522,54.5,2.5031,0.94,,,7.5234,38.6211,2180005.45,1401003.16
688322.SH,20250521,55.55,3.9829,1.61,,,7.6684,39.3652,2222005.555,1427994.964
688322.SH,20250520,54.07,1.9893,0.73,,,7.4641,38.3164,2162805.407,1389949.3736
688322.SH,20250519,54.13,2.8015,0.99,,,7.4723,38.3589,2165205.413,1391491.7624
688322.SH,20250516,56.05,2.3311,0.81,,,7.7374,39.7195,2242005.605,1440848.204
688322.SH,20250515,56.38,2.2661,0.74,,,7.7829,39.9534,2255205.638,1449331.3424
688322.SH,20250514,57.48,2.9798,0.88,,,7.9348,40.7329,2299205.748,1477608.4704
688322.SH,20250513,57.9,3.1704,0.92,,,7.9928,41.0305,2316005.79,1488405.192
688322.SH,20250512,59.28,3.3443,0.93,,,8.1833,42.0085,2371205.928,1523880.1344
688322.SH,20250509,57.77,2.7082,0.67,,,7.9748,40.9384,2310805.777,1485063.3496
688322.SH,20250508,59.39,3.0969,0.76,,,8.1985,42.0864,2375605.939,1526707.8472
688322.SH,20250507,58.77,4.6436,1.21,,,8.1129,41.6471,2350805.877,1510769.8296
688322.SH,20250506,59.73,3.5178,0.91,,,8.2454,42.3274,2389205.973,1535448.0504
688322.SH,20250430,59.26,3.9665,0.97,,,8.1805,41.9943,2370405.926,1523366.0048
688322.SH,20250429,59.98,5.0369,1.24,,,8.2799,42.5045,2399205.998,1541874.6704
688322.SH,20250428,60.33,3.3091,0.71,,,8.4163,42.7525,2413206.033,1550871.9384
688322.SH,20250425,61.86,3.3764,0.74,,,8.6297,43.8368,2474406.186,1590202.8528
688322.SH,20250424,62.8,3.6594,0.86,,,8.7609,44.5029,2512006.28,1614366.944
688322.SH,20250423,62.5,5.1288,1.4,,,8.719,44.2903,2500006.25,1606655.0
688322.SH,20250422,59.35,4.8671,1.49,,,8.2796,42.0581,2374005.935,1525679.588
688322.SH,20250421,58.61,6.1769,2.13,,,8.1687,65.1213,2344405.861,1506656.7928
688322.SH,20250418,52.72,2.8567,0.91,,,7.3478,58.577,2108805.272,1355245.6256
688322.SH,20250417,51.46,2.1273,0.56,,,7.1722,57.177,2058405.146,1322855.4608
688322.SH,20250416,52.38,2.3465,0.55,,,7.3004,58.1992,2095205.238,1346505.4224
688322.SH,20250415,53.44,2.8213,0.6,,,7.4481,59.377,2137605.344,1373754.2912
688322.SH,20250414,53.67,4.3322,0.89,,,7.4802,59.6325,2146805.367,1379666.7816
688322.SH,20250411,51.92,4.0904,0.9,,,7.2363,57.6881,2076805.192,1334680.4416
688322.SH,20250410,49.32,5.3106,1.37,,,6.8739,54.7992,1972804.932,1267843.5936
688322.SH,20250409,46.53,4.8648,1.47,,,6.485,51.6993,1861204.653,1196122.5144
688322.SH,20250408,44.65,4.8118,1.58,,,6.223,49.6104,1786004.465,1147794.332
688322.SH,20250407,43.18,5.3238,2.25,,,6.0181,47.9771,1727204.318,1110005.8064
688322.SH,20250403,53.97,2.3653,0.96,,,7.522,59.9658,2158805.397,1387378.7256
688322.SH,20250402,55.7,1.9814,0.68,,,7.7631,61.888,2228005.57,1431850.936
688322.SH,20250401,55.07,2.0605,0.67,,,7.6753,61.188,2202805.507,1415655.8536
688322.SH,20250331,55.35,3.4983,1.16,,,7.7143,61.4992,2214005.535,1422853.668
688322.SH,20250328,55.81,1.9332,0.52,,,7.7784,62.0103,2232405.581,1434678.6488
688322.SH,20250327,57.01,2.9051,0.74,,,7.9457,63.3436,2280405.701,1465526.4248
688322.SH,20250326,56.68,4.119,1.12,,,7.8997,62.9769,2267205.668,1457043.2864
688322.SH,20250325,57.67,2.8097,0.74,,,8.0377,64.0769,2306805.767,1482492.7016
688322.SH,20250324,59.42,3.339,0.84,,,8.2816,66.0213,2376805.942,1527479.0416
688322.SH,20250321,58.3,5.4798,1.32,,,8.1255,64.7769,2332005.83,1498687.784
688322.SH,20250320,62.0,3.7727,0.73,,,8.6412,68.8879,2480006.2,1593801.76
688322.SH,20250319,63.58,2.9318,0.51,,,8.8614,70.6435,2543206.358,1634417.9984
688322.SH,20250318,63.83,3.4657,0.58,,,8.8962,70.9212,2553206.383,1640844.6184
688322.SH,20250317,63.88,4.1313,0.68,,,8.9032,70.9768,2555206.388,1642129.9424
688322.SH,20250314,62.9,6.5092,1.14,,,8.7666,69.8879,2516006.29,1616937.592
688322.SH,20250313,61.11,8.8644,1.71,,,8.5171,67.8991,2444406.111,1570922.9928
688322.SH,20250312,68.0,5.7034,1.14,,,9.4774,75.5545,2720006.8,1748040.64
688322.SH,20250311,68.1,4.5066,0.84,,,9.4913,75.6656,2724006.81,1750611.288
688322.SH,20250310,69.13,4.7079,0.88,,,9.6349,76.8101,2765206.913,1777088.9624
688322.SH,20250307,70.46,4.6956,0.83,,,9.8203,78.2878,2818407.046,1811278.5808
688322.SH,20250306,72.4,6.2894,1.1,,,10.0906,80.4433,2896007.24,1861149.152
688322.SH,20250305,70.85,4.8934,0.79,,,9.8746,78.7211,2834007.085,1821304.108
688322.SH,20250304,69.99,6.3853,1.05,,,9.7548,77.7656,2799606.999,1799196.5352
688322.SH,20250303,65.81,4.3689,0.65,,,9.1722,73.1212,2632406.581,1691743.4488
688322.SH,20250228,65.96,6.2595,0.91,,,9.1931,73.2879,2638406.596,1695599.4208
688322.SH,20250227,70.63,6.5751,0.87,,,9.6259,78.4767,2825207.063,1815648.6824
688322.SH,20250226,69.8,7.2619,0.88,,,9.5128,77.5545,2792006.98,1794312.304
688322.SH,20250225,69.83,5.8342,0.7,,,9.5169,77.5878,2793206.983,1795083.4984
688322.SH,20250224,71.58,7.4511,0.9,,,9.7554,79.5322,2863207.158,1840069.8384
688322.SH,20250221,70.5,7.1837,0.91,,,9.6082,78.3323,2820007.05,1812306.84
688322.SH,20250220,69.7,10.1432,1.49,,,9.4992,77.4434,2788006.97,1791741.656
688322.SH,20250219,68.1,10.5811,1.77,,,9.2811,75.6656,2724006.81,1750611.288
688322.SH,20250218,57.91,6.4694,1.1,,,7.8923,64.3436,2316405.791,1488662.2568
688322.SH,20250217,57.0,7.1535,1.31,,,7.7683,63.3325,2280005.7,1465269.36
688322.SH,20250214,56.29,5.2821,0.94,,,7.6716,62.5436,2251605.629,1447017.7592
688322.SH,20250213,57.23,4.5995,0.78,,,7.7997,63.588,2289205.723,1471181.8504
688322.SH,20250212,59.08,6.4041,1.15,,,8.0518,65.6435,2363205.908,1518738.8384
688322.SH,20250211,61.52,6.052,1.18,,,8.3843,68.3546,2460806.152,1581462.6496
688322.SH,20250210,59.1,4.936,0.89,,,8.0545,65.6658,2364005.91,1519252.968
688322.SH,20250207,60.0,6.1573,1.14,,,8.1772,66.6657,2400006.0,1542388.8
688322.SH,20250206,56.67,5.7695,1.18,,,7.7233,62.9658,2266805.667,1456786.2216
688322.SH,20250205,55.16,4.8284,0.92,,,7.5176,61.288,2206405.516,1417969.4368
688322.SH,20250127,52.18,3.9711,0.78,,,7.1114,57.977,2087205.218,1341364.1264
688322.SH,20250124,54.99,6.9682,1.54,,,7.4944,61.0992,2199605.499,1413599.3352
688322.SH,20250123,51.4,5.4778,1.31,,,7.0051,57.1103,2056005.14,1321313.072
688322.SH,20250122,51.18,3.2881,0.7,,,6.9751,56.8659,2047205.118,1315657.6464
688322.SH,20250121,52.47,6.4222,1.35,,,7.1509,58.2992,2098805.247,1348819.0056
688322.SH,20250120,47.92,3.4583,0.67,,,6.5308,53.2437,1916804.792,1231854.5216
688322.SH,20250117,49.0,4.0069,0.71,,,6.678,54.4437,1960004.9,1259617.52
688322.SH,20250116,48.3,3.6552,0.63,,,6.5826,53.6659,1932004.83,1241622.984
688322.SH,20250115,48.85,5.9117,1.03,,,6.6576,54.277,1954004.885,1255761.548
688322.SH,20250114,51.0,6.7172,1.34,,,6.9506,56.6659,2040005.1,1311030.48
688322.SH,20250113,50.11,5.3777,1.2,,,6.8293,55.677,2004405.011,1288151.7128
688322.SH,20250110,49.81,6.5578,1.65,,,6.7884,55.3437,1992404.981,1280439.7688
688322.SH,20250109,47.41,4.2834,1.11,,,6.4613,52.6771,1896404.741,1218744.2168
003021.SZ,20260702,91.64,3.287,1.19,96.4229,101.9381,4.7746,14.2927,2451958.787,1900483.4712
003021.SZ,20260701,93.06,3.0967,1.23,97.917,103.5177,4.8486,14.5142,2489952.9105,1929932.2548
003021.SZ,20260630,87.35,3.0434,1.34,91.909,97.166,4.5511,13.6236,2337173.7238,1811514.963
003021.SZ,20260629,82.27,2.3805,0.97,86.5638,91.5152,4.2864,12.8313,2201251.0848,1706162.9766
003021.SZ,20260626,81.55,2.7293,1.14,85.8063,90.7143,4.2489,12.719,2181986.4588,1691231.199
003021.SZ,20260625,87.66,2.5794,1.15,92.2352,97.5109,4.5673,13.6719,2345468.2155,1817943.9228
003021.SZ,20260624,91.16,1.864,0.82,95.9178,101.4042,4.7496,14.2178,2439115.703,1890528.9528
003021.SZ,20260623,92.96,1.829,0.81,97.8118,103.4065,4.8434,14.4986,2487277.268,1927858.3968
003021.SZ,20260622,94.35,3.2067,1.5,99.2743,104.9527,4.9158,14.7153,2524468.6988,1956685.023
003021.SZ,20260618,98.23,2.5347,1.21,103.3568,109.2687,5.118,15.3205,2628283.6278,2037150.7134
003021.SZ,20260617,96.75,1.7582,0.76,101.7996,107.6224,5.0409,15.0897,2588684.1188,2006457.615
003021.SZ,20260616,97.93,2.0606,0.79,103.0412,108.935,5.1024,15.2737,2620256.7003,2030929.1394
003021.SZ,20260615,99.15,1.7392,0.53,104.3248,110.2921,5.1659,15.464,2652899.5388,2056230.207
003021.SZ,20260612,97.23,2.5772,0.67,102.3046,108.1563,5.0659,15.1645,2601527.2028,2016412.1334
003021.SZ,20260611,97.61,2.3462,0.61,102.7045,108.579,5.1862,15.2238,2611694.6443,2024292.7938
003021.SZ,20260610,101.5,2.9196,0.79,106.7975,112.9062,5.3929,15.8305,2715777.1375,2104965.87
003021.SZ,20260609,106.87,3.404,1.0,112.4478,118.8796,5.6782,16.668,2859459.1398,2216332.0446
003021.SZ,20260608,107.98,5.1262,1.84,113.6157,120.1143,5.7372,16.8412,2889158.7715,2239351.8684
003021.SZ,20260605,105.07,5.5716,2.41,110.5538,116.8773,5.4707,16.3873,2811297.5748,2179002.6006
003021.SZ,20260604,98.58,2.2712,0.89,103.7251,109.658,5.1328,15.3751,2637648.3765,2044409.2164
003021.SZ,20260603,96.61,2.0128,0.68,101.6523,107.4666,5.0302,15.0678,2584938.2193,2003554.2138
003021.SZ,20260602,97.25,1.9551,0.55,102.3257,108.1786,5.0635,15.1676,2602062.3313,2016826.905
003021.SZ,20260601,95.89,2.1191,0.55,100.8947,106.6657,4.9927,14.9555,2565673.5933,1988622.4362
003021.SZ,20260529,96.83,3.2096,0.8,101.8764,107.7036,5.0421,15.1011,2590637.2667,2007929.3354
003021.SZ,20260528,102.77,3.4291,0.76,108.126,114.3106,5.3514,16.0274,2749558.9373,2131105.0067
003021.SZ,20260527,106.09,4.0925,0.91,111.619,118.0034,5.5243,16.5452,2838383.8441,2199950.6681
003021.SZ,20260526,114.4,4.9688,1.09,120.3621,127.2466,5.957,17.8412,3060713.656,2372272.188
003021.SZ,20260525,112.3,3.5029,0.68,118.1526,124.9108,5.8476,17.5137,3004529.227,2328725.2335
003021.SZ,20260522,111.68,4.1808,0.73,117.5003,124.2212,5.8154,17.417,2987941.4432,2315868.5136
003021.SZ,20260521,111.47,5.8664,1.17,117.2794,123.9876,5.8044,17.3842,2982323.0003,2311513.8182
003021.SZ,20260520,109.6,4.0091,0.88,115.3119,121.9076,5.707,17.0926,2932292.104,2272736.292
003021.SZ,20260519,111.97,5.175,1.3,117.8054,124.5437,5.8305,17.4622,2995700.2453,2321882.1407
003021.SZ,20260518,111.89,6.6405,2.04,117.7213,124.4547,5.8263,17.4497,2993559.8861,2320223.2091
003021.SZ,20260515,105.99,7.0471,2.71,111.5138,117.8922,5.5191,16.5296,2835708.3951,2197877.0036
003021.SZ,20260514,99.52,2.2408,0.85,104.7066,110.6956,5.1822,15.5206,2662606.8448,2063710.9104
003021.SZ,20260513,102.24,1.7663,0.67,107.5683,113.7211,5.3238,15.9448,2735379.0576,2120114.5848
003021.SZ,20260512,101.23,2.2357,0.86,106.5057,112.5977,5.2712,15.7873,2708357.0227,2099170.5734
003021.SZ,20260511,102.45,2.9739,1.29,107.7893,113.9547,5.3347,15.9775,2740997.5005,2124469.2803
003021.SZ,20260508,103.35,3.7981,1.64,108.7362,114.9557,5.3816,16.1179,2765076.5415,2143132.2608
003021.SZ,20260507,100.6,2.3664,0.99,105.8183,111.8709,5.2399,15.6854,2690875.962,2085480.755
003021.SZ,20260506,97.53,1.8625,0.81,102.589,108.457,5.08,15.2067,2608758.7731,2021838.3503
003021.SZ,20260430,96.59,1.9243,0.82,101.6003,107.4116,5.031,15.0601,2583615.3993,2002351.7508
003021.SZ,20260429,93.9,1.5937,0.69,98.7707,104.4203,4.8909,14.6407,2511662.553,1946586.9075
003021.SZ,20260428,92.75,3.8333,2.09,97.5611,103.1414,4.831,14.4614,2480902.0425,1922746.9188
003021.SZ,20260427,100.18,2.6933,1.69,105.3765,105.3765,5.2533,15.6199,2679641.6886,2076773.9765
003021.SZ,20260424,96.3,1.3909,0.85,101.2952,101.2952,5.0498,15.0149,2575858.401,1996339.9275
003021.SZ,20260423,97.54,2.268,1.45,102.5995,102.5995,5.1149,15.2082,2609026.2558,2022045.6545
003021.SZ,20260422,100.68,1.3785,0.85,105.9024,105.9024,5.2795,15.6978,2693015.8236,2087139.189
003021.SZ,20260421,100.28,1.4396,0.89,105.4817,105.4817,5.2586,15.6355,2682316.5156,2078847.019
003021.SZ,20260420,101.55,1.5022,0.96,106.8175,106.8175,5.3251,15.8335,2716286.8185,2105174.6588
003021.SZ,20260417,101.71,1.6195,1.01,106.9858,106.9858,5.3335,15.8584,2720566.5417,2108491.5268
003021.SZ,20260416,101.89,1.884,1.29,107.1752,107.1752,5.343,15.8865,2725381.2303,2112223.0033
003021.SZ,20260415,99.91,1.6319,1.06,105.0925,105.0925,5.2391,15.5778,2672419.6557,2071176.7618
003021.SZ,20260414,101.08,1.4129,1.0,106.3232,106.3232,5.3005,15.7602,2703715.1316,2095431.359
003021.SZ,20260413,99.63,1.268,0.92,104.7979,104.7979,5.2245,15.5341,2664930.1401,2065372.2428
003021.SZ,20260410,99.8,1.8238,1.43,104.9768,104.9768,5.2334,15.5606,2669477.346,2068896.415
003021.SZ,20260409,97.47,1.1877,0.88,102.5259,102.5259,5.1112,15.1973,2607153.8769,2020594.5248
003021.SZ,20260408,99.12,2.0276,1.62,104.2615,104.2615,5.1977,15.4546,2651288.5224,2054799.726
003021.SZ,20260407,93.74,0.7752,0.55,98.6024,98.6024,4.9156,14.6158,2507382.8298,1943270.0395
003021.SZ,20260403,93.78,1.0666,0.7,98.6445,98.6445,4.9177,14.622,2508452.7606,1944099.2565
003021.SZ,20260402,95.75,1.32,0.81,100.7167,100.7167,5.021,14.9291,2561146.8525,1984938.1938
003021.SZ,20260401,98.55,1.5426,0.9,103.6619,103.6619,5.1678,15.3657,2636042.0085,2042983.3838
003021.SZ,20260331,96.0,1.5675,0.88,100.9797,100.9797,5.0341,14.9681,2567833.92,1990120.8
003021.SZ,20260330,97.39,1.5675,0.76,115.7299,105.3991,5.1831,17.0866,2605014.0153,2019506.2118
003021.SZ,20260327,99.46,1.6106,0.78,118.1897,107.6393,5.2933,17.4497,2660382.9342,2062430.3093
003021.SZ,20260326,97.9,1.8174,0.88,116.3359,105.951,5.2103,17.176,2618655.633,2030081.7141
003021.SZ,20260325,99.16,1.9815,1.04,117.8332,107.3146,5.2773,17.3971,2652358.4532,2056209.4256
003021.SZ,20260324,97.4,1.9517,1.01,115.7418,105.4099,5.1837,17.0883,2605281.498,2019713.5746
003021.SZ,20260323,97.8,2.9491,1.7,116.2171,105.8428,5.2049,17.1585,2615980.806,2028008.0862
003021.SZ,20260320,103.53,1.6438,0.91,123.0261,112.044,5.5099,18.1638,2769248.3931,2146826.9649
003021.SZ,20260319,103.66,1.8031,0.9,123.1806,112.1847,5.5168,18.1866,2772725.6682,2149522.6811
003021.SZ,20260318,108.28,1.2056,0.46,128.6706,117.1846,5.7627,18.9971,2896302.6756,2245324.2901
003021.SZ,20260317,108.0,2.082,0.65,128.3379,116.8816,5.7478,18.948,2888813.16,2239518.132
003021.SZ,20260316,111.9,1.9188,0.59,132.9723,121.1023,5.9554,19.6323,2993131.413,2320389.6201
003021.SZ,20260313,114.22,2.0632,0.62,135.7292,123.6131,6.0788,20.0393,3055187.3994,2368497.7874
003021.SZ,20260312,119.0,2.8019,0.84,141.4093,128.7862,6.3332,20.8779,3183044.13,2467617.201
003021.SZ,20260311,123.4,4.1861,1.4,146.6379,133.548,6.5674,21.6499,3300736.518,2558856.8286
003021.SZ,20260310,124.38,4.9729,1.91,147.8025,134.6086,6.6195,21.8218,3326949.8226,2579178.382
003021.SZ,20260309,113.07,2.3649,0.89,120.9264,110.1317,7.9869,17.8538,2721983.8608,2344651.0665
003021.SZ,20260306,117.72,2.4454,0.98,125.8994,114.6608,8.3153,18.588,2833925.3568,2441074.7639
003021.SZ,20260305,117.22,2.7772,1.24,125.3647,114.1738,8.28,18.5091,2821888.6368,2430706.6244
003021.SZ,20260304,114.21,2.4304,1.15,122.1456,111.242,8.0674,18.0338,2749427.5824,2368290.4246
003021.SZ,20260303,111.97,2.9837,1.41,119.7499,109.0603,7.9092,17.6801,2695503.0768,2321841.1596
003021.SZ,20260302,115.62,2.6891,1.3,123.6535,112.6154,8.167,18.2564,2783371.1328,2397528.578
003021.SZ,20260227,118.85,1.5577,0.73,127.0941,115.7489,8.397,18.7644,2860816.957,2464195.3722
003021.SZ,20260226,120.75,1.5787,0.74,129.1259,117.5993,8.5312,19.0644,2906551.515,2503589.3243
003021.SZ,20260225,120.75,1.7569,0.72,129.1259,117.5993,8.5312,19.0644,2906551.515,2503589.3243
003021.SZ,20260224,121.78,3.0028,1.31,130.2274,118.6024,8.604,19.227,2931344.4596,2524944.993
003021.SZ,20260213,126.71,2.4791,1.04,135.4993,123.4038,8.9523,20.0054,3050013.6022,2627161.9319
003021.SZ,20260212,124.7,1.921,0.77,133.3499,121.4462,8.8103,19.688,3001631.254,2585487.2773
003021.SZ,20260211,123.28,1.5548,0.52,131.8314,120.0633,8.7099,19.4638,2967450.6896,2556045.4815
003021.SZ,20260210,125.56,3.2836,1.18,134.2696,122.2838,8.871,19.8238,3022332.1592,2603318.224
003021.SZ,20260209,121.72,2.1833,0.79,130.1632,118.544,8.5997,19.2175,2929900.2104,2523700.9735
003021.SZ,20260206,121.69,2.9384,1.12,130.1311,118.5148,8.5976,19.2128,2929178.0858,2523078.9637
003021.SZ,20260205,118.22,2.4879,0.98,126.4204,115.1353,8.3525,18.6649,2845652.3404,2451133.167
003021.SZ,20260204,123.24,4.067,1.92,131.7886,120.0243,8.7071,19.4575,2966487.8568,2555216.1352
003021.SZ,20260203,119.68,2.2751,1.03,127.9817,116.5572,8.4556,18.8954,2880795.7376,2481404.3091
003021.SZ,20260202,115.05,2.041,0.76,123.0305,112.048,8.1285,18.1644,2769347.841,2385407.468
003021.SZ,20260130,117.06,2.2606,0.79,125.18,114.0056,8.2705,18.4818,2817730.1892,2427082.1225
003021.SZ,20260129,118.47,2.0088,0.67,126.6878,115.3788,8.3701,18.7044,2851670.0454,2456316.5817
003021.SZ,20260128,123.04,2.0095,0.62,131.5748,119.8295,8.693,19.4259,2961673.6928,2551069.4034
003021.SZ,20260127,123.15,2.7249,0.82,131.6924,119.9367,8.7008,19.4433,2964321.483,2553350.1059
003021.SZ,20260126,121.89,4.3743,1.14,130.345,118.7095,8.6117,19.2444,2933992.2498,2527225.6955
003021.SZ,20260123,129.5,3.2064,0.82,138.4829,126.121,9.1494,20.4458,3117171.19,2685008.8405
003021.SZ,20260122,129.21,2.6772,0.7,138.1728,125.8385,9.1289,20.4001,3110190.6522,2678996.0794
003021.SZ,20260121,130.6,3.1136,0.77,139.6592,127.1923,9.2271,20.6195,3143649.092,2707815.8654
003021.SZ,20260120,129.75,3.2148,0.76,138.7502,126.3645,9.1671,20.4853,3123188.895,2690192.2553
003021.SZ,20260119,132.6,7.0274,1.89,141.7979,129.1401,9.3684,20.9353,3191790.732,2749283.1834
003021.SZ,20260116,125.47,3.5483,0.86,134.1733,122.1961,8.8647,19.8096,3020165.7854,2601452.1947
003021.SZ,20260115,122.99,2.1319,0.48,131.5213,119.7808,8.6895,19.418,2960470.1518,2550032.7204
003021.SZ,20260114,122.48,4.2421,0.97,130.9759,119.2842,8.6534,19.3375,2948194.0336,2539458.5543
003021.SZ,20260113,124.28,4.1607,0.99,132.9008,121.0372,8.7806,19.6217,2991521.5096,2576779.1405
003021.SZ,20260112,128.0,4.4664,1.09,136.8788,124.6601,9.0434,20.209,3081064.96,2653908.352
003021.SZ,20260109,128.94,5.5244,1.44,137.884,125.5756,9.1098,20.3574,3103691.5308,2673397.9915
003021.SZ,20260108,124.29,3.7063,0.82,132.9115,121.0469,8.7813,19.6233,2991762.2178,2576986.4771
003021.SZ,20260107,122.66,4.0438,0.83,131.1684,119.4595,8.6661,19.3659,2952526.7812,2543190.6129
003021.SZ,20260106,122.07,3.297,0.65,130.5375,118.8848,8.6245,19.2728,2938324.9974,2530957.7541
003021.SZ,20260105,122.16,3.8421,0.71,130.6337,118.9725,8.6308,19.287,2940491.3712,2532823.7834
003021.SZ,20251231,124.18,4.2651,0.81,132.7938,120.9398,8.7735,19.6059,2989114.4276,2574705.7746
003021.SZ,20251230,128.91,7.2345,1.41,137.8519,125.5464,9.1077,20.3527,3102969.4062,2672775.9817
003021.SZ,20251229,121.88,5.7843,1.14,130.3343,118.6998,8.611,19.2428,2933751.5416,2527018.3589
003021.SZ,20251226,116.52,4.2769,0.96,124.6025,113.4797,8.2323,18.3965,2804731.9464,2415885.9467
003021.SZ,20251225,119.23,5.5948,1.55,127.5005,116.119,8.4238,18.8244,2869963.8686,2472074.1626
003021.SZ,20251224,115.55,3.4915,1.08,123.5652,112.535,8.1638,18.2434,2781383.251,2395774.2975
003021.SZ,20251223,114.2,6.4819,2.91,122.1216,111.2202,8.0684,18.0302,2748887.644,2367783.8578
003021.SZ,20251222,112.19,5.4279,3.49,119.9722,109.2626,7.9264,17.7129,2700505.2958,2326109.2032
003021.SZ,20251219,101.99,1.2645,0.66,109.0646,99.3288,7.2058,16.1025,2454982.9318,2114625.8814
003021.SZ,20251218,101.21,1.3453,0.66,108.2305,98.5691,7.1507,15.9793,2436207.6922,2098453.6274
003021.SZ,20251217,102.58,1.5748,0.78,109.6955,99.9034,7.2475,16.1956,2469184.7156,2126858.7402
003021.SZ,20251216,101.12,1.543,0.75,108.1343,98.4815,7.1443,15.9651,2434041.3184,2096587.5981
003021.SZ,20251215,103.29,2.0415,0.94,110.4548,100.5949,7.2976,16.3077,2486274.9978,2141579.6381
003021.SZ,20251212,108.1,3.0786,1.42,115.5984,105.2794,7.6375,17.0672,2602055.642,2241308.5379
003021.SZ,20251211,105.82,1.9047,0.76,113.1603,103.0589,7.4764,16.7072,2547174.1724,2194035.7954
003021.SZ,20251210,109.04,1.4861,0.62,116.6036,106.1948,7.7039,17.2156,2624682.2128,2260798.1774
003021.SZ,20251209,108.6,1.8008,0.78,116.1331,105.7663,7.6728,17.1461,2614091.052,2251675.3674
003021.SZ,20251208,109.7,2.5898,1.22,117.3094,106.8376,7.7505,17.3198,2640568.954,2274482.3923
003021.SZ,20251205,109.17,3.0788,1.74,116.7427,106.3214,7.7131,17.2361,2627811.4194,2263493.553
003021.SZ,20251204,106.8,3.5862,2.7,114.2083,104.0133,7.5456,16.8619,2570763.576,2214354.7812
003021.SZ,20251203,102.48,1.005,0.67,109.5886,99.806,7.2404,16.1799,2466777.6336,2124785.3743
003021.SZ,20251202,103.95,1.2258,0.73,111.1606,101.2377,7.3443,16.4119,2502161.739,2155263.8531
003021.SZ,20251201,106.04,1.7348,0.97,113.3956,103.2731,7.4919,16.7419,2552469.7528,2198597.2004
003021.SZ,20251128,104.96,1.3043,0.65,112.2406,102.2213,7.4156,16.5714,2526473.2672,2176204.8486
003021.SZ,20251127,104.73,1.3767,0.71,111.9947,101.9973,7.3994,16.5351,2520936.9786,2171436.1071
003021.SZ,20251126,105.01,1.8453,1.04,112.2941,102.27,7.4191,16.5793,2527676.8082,2177241.5316
003021.SZ,20251125,104.39,2.0989,1.32,111.6311,101.6662,7.3753,16.4814,2512752.8998,2164386.663
003021.SZ,20251124,105.5,2.3413,1.71,112.8181,102.7472,7.4538,16.6567,2539471.51,2187401.0245
003021.SZ,20251121,102.46,2.2985,1.85,109.5672,99.7865,7.239,16.1767,2466296.2172,2124370.7011
003021.SZ,20251120,102.35,1.0978,0.84,109.4496,99.6794,7.2312,16.1593,2463648.427,2122089.9987
003021.SZ,20251119,103.95,1.0413,0.72,111.1606,101.2377,7.3443,16.4119,2502161.739,2155263.8531
003021.SZ,20251118,104.8,1.1856,0.74,112.0695,102.0655,7.4043,16.5461,2522621.936,2172887.4632
003021.SZ,20251117,104.75,1.2194,0.69,112.0161,102.0168,7.4008,16.5382,2521418.395,2171850.7803
003021.SZ,20251114,104.45,1.6597,0.8,111.6953,101.7246,7.3796,16.4909,2514197.149,2165630.6826
003021.SZ,20251113,107.35,1.4525,0.59,114.7964,104.5489,7.5845,16.9487,2584002.527,2225758.2937
003021.SZ,20251112,107.3,1.7515,0.71,114.743,104.5002,7.5809,16.9408,2582798.986,2224721.6107
003021.SZ,20251111,109.46,1.9621,0.78,117.0528,106.6039,7.7335,17.2819,2634791.9572,2269506.3141
003021.SZ,20251110,111.25,2.0338,0.79,118.9669,108.3472,7.86,17.5645,2677878.725,2306619.5638
003021.SZ,20251107,113.78,3.1307,1.23,121.6724,110.8112,8.0388,17.9639,2738777.8996,2359075.721
003021.SZ,20251106,117.48,3.5198,1.51,125.6291,114.4146,8.3002,18.5481,2827839.9336,2435790.2593
003021.SZ,20251105,111.7,1.667,0.69,119.4482,108.7854,7.8918,17.6355,2688710.594,2315949.7103
003021.SZ,20251104,113.25,2.3071,0.95,121.1057,110.295,8.0013,17.8803,2726020.365,2348086.8818
003021.SZ,20251103,116.6,2.3148,0.94,124.6881,113.5576,8.238,18.4092,2806657.612,2417544.6394
003021.SZ,20251031,118.56,2.8923,1.21,126.784,115.4664,8.3765,18.7186,2853836.4192,2458182.611
003021.SZ,20251030,117.3,2.4708,1.1,125.4366,114.2393,8.2875,18.5197,2823507.186,2432058.2007
003021.SZ,20251029,119.47,2.0705,0.91,127.4855,117.3488,8.7268,18.8222,2869627.5855,2470936.9608
003021.SZ,20251028,118.18,2.3538,1.07,126.109,116.0817,8.6326,18.6189,2838642.237,2444256.55
003021.SZ,20251027,119.05,2.5297,1.19,127.0374,116.9362,8.6961,18.756,2859539.3325,2462250.3155
003021.SZ,20251024,118.01,2.5586,1.16,125.9276,115.9147,8.6202,18.5922,2834558.8965,2440740.5269
003021.SZ,20251023,114.99,1.721,0.76,122.705,112.9483,8.3996,18.1164,2762019.5535,2378279.4101
003021.SZ,20251022,116.29,2.2618,0.89,124.0922,114.2252,8.4945,18.3212,2793245.0985,2405166.6458
003021.SZ,20251021,115.61,1.9369,0.6,123.3666,113.5573,8.4449,18.2141,2776911.7365,2391102.5533
003021.SZ,20251020,115.06,2.1382,0.6,122.7797,113.0171,8.4047,18.1274,2763700.929,2379727.1843
003021.SZ,20251017,113.37,2.9615,0.79,120.9763,111.3571,8.2812,17.8611,2723107.7205,2344773.7779
003021.SZ,20251016,119.14,2.0696,0.53,127.1334,117.0246,8.7027,18.7702,2861701.101,2464111.7395
003021.SZ,20251015,121.97,3.5685,0.95,130.1533,119.8044,8.9094,19.2161,2929676.7105,2522643.1833
003021.SZ,20251014,116.67,5.2727,1.58,124.4977,114.5985,8.5223,18.3811,2802372.5655,2413025.9916
003021.SZ,20251013,126.42,4.0827,1.28,134.9018,124.1754,9.2345,19.9171,3036564.153,2614680.2594
003021.SZ,20251010,132.7,3.7087,1.14,141.6032,130.3439,9.6932,20.9065,3187407.555,2744566.2903
003021.SZ,20251009,137.98,3.0462,0.86,147.2374,135.5301,10.0789,21.7384,3314231.307,2853769.8322
003021.SZ,20250930,137.15,2.751,0.72,146.3517,134.7149,10.0183,21.6076,3294294.9975,2836603.3664
003021.SZ,20250929,138.7,3.0837,0.76,148.0057,136.2373,10.1315,21.8518,3331525.455,2868661.2243
003021.SZ,20250926,135.18,3.4039,0.71,144.2496,132.7798,9.8744,21.2973,3246976.287,2795858.863
003021.SZ,20250925,141.89,3.9478,0.65,151.4098,139.3707,10.3645,22.3544,3408148.1385,2934638.3642
003021.SZ,20250924,141.56,4.5206,0.65,151.0576,139.0466,10.3404,22.3024,3400221.654,2927813.1428
003021.SZ,20250923,139.3,4.0265,0.51,148.646,136.8267,10.1753,21.9463,3345937.245,2881070.7177
003021.SZ,20250922,141.46,4.4893,0.54,150.9509,138.9483,10.3331,22.2867,3397819.689,2925744.8939
003021.SZ,20250919,137.44,7.0643,0.77,146.6612,134.9997,10.0395,21.6533,3301260.696,2842601.2882
003021.SZ,20250918,146.84,10.3751,1.17,156.6919,144.2328,10.7261,23.1343,3527045.406,3037016.6848
003021.SZ,20250917,149.5,8.9303,1.14,159.5303,146.8456,10.9204,23.5533,3590937.675,3092032.1055
003021.SZ,20250916,142.47,8.3699,1.21,152.0287,139.9404,10.4069,22.4458,3422079.5355,2946634.2078
003021.SZ,20250915,137.19,7.2041,1.11,146.3944,134.7541,10.0212,21.6139,3295255.7835,2837430.6659
003021.SZ,20250912,135.96,11.1551,2.2,145.0819,133.546,9.9313,21.4201,3265711.614,2811991.2044
003021.SZ,20250911,130.38,8.5233,1.95,139.1275,128.0651,9.5237,20.541,3131681.967,2696582.9158
003021.SZ,20250910,118.53,4.0039,0.89,126.4825,116.4255,8.6582,18.6741,2847049.1145,2451495.4212
003021.SZ,20250909,119.4,3.5928,0.67,127.4109,117.28,8.7217,18.8112,2867946.21,2469489.1866
003021.SZ,20250908,122.22,5.2701,1.06,130.4201,120.0499,8.9277,19.2554,2935681.623,2527813.8056
003021.SZ,20250905,116.48,3.9296,0.78,124.2949,114.4119,8.5084,18.3511,2797808.832,2409096.3187
003021.SZ,20250904,112.0,5.1133,1.06,119.5144,110.0114,8.1812,17.6453,2690200.8,2316438.768
003021.SZ,20250903,119.2,4.6062,0.96,127.1974,117.0836,8.7071,18.7796,2863142.28,2465352.6888
003021.SZ,20250902,123.31,7.7136,1.9,131.5832,121.1206,9.0073,19.4272,2961863.0415,2550357.7186
003021.SZ,20250901,121.2,3.4136,0.79,129.3316,119.0481,8.8532,19.0947,2911181.58,2506717.6668
003021.SZ,20250829,122.34,4.225,0.96,130.5481,120.1678,8.9365,19.2743,2938563.981,2530295.7043
003021.SZ,20250828,121.79,4.1067,0.92,129.9612,119.6276,8.8963,19.1877,2925353.1735,2511273.7502
003021.SZ,20250827,121.69,4.519,1.04,129.8545,130.2373,9.0645,19.1719,2922951.2085,2509211.7798
003021.SZ,20250826,123.45,4.0418,0.88,131.7326,132.1209,9.1956,19.4492,2965225.7925,2545502.4588
003021.SZ,20250825,127.2,4.7888,1.03,135.7342,136.1343,9.4749,20.04,3055299.48,2622826.3488
003021.SZ,20250822,125.56,4.6006,1.04,133.9841,134.3791,9.3528,19.7816,3015907.254,2589010.0342
003021.SZ,20250821,121.77,4.4462,1.02,129.9399,130.3229,9.0704,19.1845,2924872.7805,2510861.3561
003021.SZ,20250820,124.34,3.7743,0.87,132.6823,133.0734,9.2619,19.5894,2986603.281,2563853.9954
003021.SZ,20250819,123.15,5.3942,1.41,131.4124,131.7998,9.1732,19.402,2958019.8975,2539316.5476
003021.SZ,20250818,121.48,4.9543,1.45,129.6304,130.0125,9.0488,19.1389,2917907.082,2504881.6419
003021.SZ,20250815,118.94,3.5946,1.09,126.92,127.2941,8.8596,18.7387,2856897.171,2452507.5938
003021.SZ,20250814,117.1,4.1794,1.27,124.9565,125.3249,8.7226,18.4488,2812701.015,2414567.3384
003021.SZ,20250813,119.64,3.6796,0.93,127.667,128.0433,8.9118,18.849,2873710.926,2466941.3866
003021.SZ,20250812,117.62,2.698,0.68,125.5114,125.8814,8.7613,18.5307,2825191.233,2425289.5845
003021.SZ,20250811,117.13,2.9866,0.71,124.9886,125.357,8.7248,18.4535,2813421.6045,2415185.9295
003021.SZ,20250808,117.28,2.9459,0.71,125.1486,125.5175,8.736,18.4772,2817024.552,2418278.8851
003021.SZ,20250807,120.68,4.1167,1.05,128.7767,129.1563,8.9893,19.0128,2898691.362,2488385.8787
003021.SZ,20250806,121.91,7.0792,2.34,130.0893,130.4727,9.0809,19.2066,2928235.5315,2513748.1146
003021.SZ,20250805,115.68,2.7921,0.95,123.4413,123.8051,8.6168,18.2251,2778593.112,2385287.3587
003021.SZ,20250804,115.3,3.9764,1.52,123.0358,123.3985,8.5885,18.1652,2769465.645,2377451.8712
003021.SZ,20250801,109.5,2.7495,1.02,116.8466,117.1911,8.1565,17.2514,2630151.675,2257857.588
003021.SZ,20250731,112.55,3.024,1.19,120.1013,120.4553,8.3837,17.732,2703411.6075,2320747.6852
003021.SZ,20250730,112.21,2.5576,0.91,119.7385,120.0914,8.3583,17.6784,2695244.9265,2313736.9858
003021.SZ,20250729,114.48,2.4639,0.8,122.1608,122.5209,8.5274,18.036,2749769.532,2360543.7139
003021.SZ,20250728,114.81,2.3267,0.62,122.5129,122.874,8.552,18.088,2757696.0165,2367348.2162
003021.SZ,20250725,115.61,3.0585,0.79,123.3666,123.7302,8.6116,18.2141,2776911.7365,2383843.9794
003021.SZ,20250724,116.7,2.2976,0.52,124.5297,124.8968,8.6928,18.3858,2803093.155,2406319.4568
003021.SZ,20250723,115.83,3.8565,0.82,123.6013,123.9657,8.628,18.2487,2782196.0595,2388380.3143
003021.SZ,20250722,120.1,3.8729,0.83,128.1616,128.5393,8.9459,18.922,2884844.035,2476428.1318
003021.SZ,20250721,121.75,5.8245,1.24,129.9223,130.3053,9.0688,19.182,2924477.6125,2510450.6665
003021.SZ,20250718,114.18,3.4025,0.67,121.8442,122.2034,8.5049,17.9893,2742643.563,2354359.4012
003021.SZ,20250717,114.85,5.1562,1.15,122.5592,122.9204,8.5548,18.0948,2758737.1975,2368174.6123
003021.SZ,20250716,114.98,5.1257,1.21,122.6979,123.0596,8.5645,18.1153,2761859.843,2370855.1756
003021.SZ,20250715,112.13,3.8046,0.87,119.6566,120.0093,8.3522,17.6663,2693401.8455,2312088.9793
003021.SZ,20250714,111.99,5.9851,1.68,119.5072,119.8595,8.3418,17.6442,2690038.9965,2309202.2188
003021.SZ,20250711,107.99,5.4311,1.88,115.2387,115.5784,8.0439,17.014,2593957.5965,2226723.3468
003021.SZ,20250710,103.48,2.1327,0.75,110.426,110.7515,7.7079,16.3035,2485625.818,2133728.4186
003021.SZ,20250709,105.12,3.8881,1.51,112.176,112.5067,7.8301,16.5619,2525019.192,2167544.7562
003021.SZ,20250708,105.17,4.4878,2.06,112.2294,112.5602,7.8338,16.5697,2526220.2095,2168575.7421
003021.SZ,20250707,100.8,1.8552,0.74,107.5661,107.8831,7.5083,15.8812,2421251.28,2078467.5744
003021.SZ,20250704,103.0,2.0551,0.79,109.9137,110.2377,7.6722,16.2279,2474096.05,2123830.954
003021.SZ,20250703,104.19,1.9319,0.63,111.1836,111.5114,7.7608,16.4153,2502680.2665,2148368.4184
003021.SZ,20250702,104.33,2.5367,0.67,111.333,111.6612,7.7712,16.4374,2506043.1155,2151255.1789
003021.SZ,20250701,107.61,2.4987,0.54,114.8332,115.1717,8.0156,16.9542,2584829.8635,2218887.854
003021.SZ,20250630,108.15,3.5086,0.81,115.4094,115.7496,8.0558,17.0392,2597800.8525,2230022.5017
003021.SZ,20250627,106.74,2.581,0.57,113.9048,114.2405,7.9508,16.8171,2563932.159,2200948.6993
003021.SZ,20250626,107.15,4.1903,0.84,114.3423,114.6794,7.9813,16.8817,2573780.5025,2209402.7837
003021.SZ,20250625,109.08,6.1723,1.44,116.4018,116.745,8.1251,17.1858,2620139.778,2249198.8394
003021.SZ,20250624,105.24,6.5108,1.95,112.3041,112.6351,7.839,16.5808,2527901.634,2170019.1223
003021.SZ,20250623,98.12,2.0724,0.62,104.7062,105.0148,7.3087,15.459,2356876.742,2023206.7302
003021.SZ,20250620,98.4,3.8275,1.22,105.005,105.3145,7.3295,15.5031,2363602.44,2028980.2512
003021.SZ,20250619,103.08,6.5054,2.91,109.9991,110.3234,7.6781,16.2405,2476017.678,2125480.5314
003021.SZ,20250618,100.22,2.4717,1.06,106.9471,107.2624,7.4651,15.7899,2407319.477,2066508.138
003021.SZ,20250617,99.01,1.7869,0.57,105.6559,105.9674,7.375,15.5992,2378254.8535,2041558.2792
003021.SZ,20250616,99.53,2.0136,0.52,106.2108,106.5239,7.4137,15.6811,2390745.4355,2052280.5325
003021.SZ,20250613,100.09,2.8776,0.74,106.8084,107.1233,7.4554,15.7694,2404196.8315,2063827.5746
003021.SZ,20250612,102.08,2.0403,0.48,108.932,109.2531,7.6036,16.0829,2451997.328,2104860.8134
003021.SZ,20250611,101.96,2.9422,0.7,108.8039,109.1247,7.5947,16.064,2449114.886,2102386.4473
003021.SZ,20250610,101.23,5.7653,1.65,108.0249,108.3434,7.5403,15.949,2431580.0305,2087334.0531
003021.SZ,20250609,104.5,5.908,2.04,111.5144,111.8431,7.7839,16.4642,2510126.575,2154760.531
003021.SZ,20250606,103.09,2.8353,1.03,110.0098,110.3341,7.6789,16.242,2476257.8815,2125686.7286
003021.SZ,20250605,104.31,3.634,1.48,111.3117,111.6398,7.7697,16.4342,2505562.7085,2150842.7846
003021.SZ,20250604,103.4,2.8112,1.18,110.3406,110.6658,7.702,16.2909,2483704.19,2132078.8412
003021.SZ,20250603,102.9,2.2656,0.95,109.807,110.1307,7.6647,16.2121,2471694.015,2121768.9822
003021.SZ,20250530,103.06,2.9507,1.23,109.9778,110.302,7.6766,16.2373,2475537.271,2125068.1371
003021.SZ,20250529,107.28,2.0631,0.84,114.481,114.8185,7.991,16.9022,2576903.148,2212083.347
003021.SZ,20250528,106.62,2.1453,0.87,113.7767,114.1121,7.7767,16.7982,2561049.717,2198474.3332
003021.SZ,20250527,107.72,2.448,1.0,114.9506,115.2894,7.857,16.9715,2587472.102,2221156.023
003021.SZ,20250526,110.85,2.3563,0.83,118.2907,118.6394,8.0853,17.4646,2662655.7975,2285695.7403
003021.SZ,20250523,111.74,2.9624,1.03,119.2404,119.5919,8.1502,17.6049,2684033.909,2304047.2893
003021.SZ,20250522,112.6,2.3118,0.76,120.1581,120.5123,8.2129,17.7404,2704691.41,2321780.2468
003021.SZ,20250521,113.77,2.2878,0.71,121.4067,121.7645,8.2982,17.9247,2732795.2195,2345905.3169
003021.SZ,20250520,115.05,2.3512,0.56,122.7726,123.1345,8.3916,18.1264,2763541.2675,2372298.5559
003021.SZ,20250519,115.35,4.3053,0.9,123.0927,123.4556,8.4135,18.1736,2770747.3725,2378484.4713
003021.SZ,20250516,120.92,3.1437,0.66,129.0366,129.417,8.8197,19.0512,2904540.722,2493336.3006
003021.SZ,20250515,120.13,3.1046,0.65,128.1936,128.5715,8.7621,18.9267,2885564.6455,2477046.7233
003021.SZ,20250514,124.64,3.1919,0.63,133.0063,133.3984,9.0911,19.6373,2993896.424,2570041.6515
003021.SZ,20250513,125.6,7.2464,1.56,134.0307,134.4258,9.1611,19.7885,3016955.96,2589836.5808
003021.SZ,20250512,133.5,7.2466,1.66,142.461,142.881,9.7373,21.0332,3206716.725,2752732.353
003021.SZ,20250509,124.0,2.9412,0.63,132.3233,132.7134,9.0444,19.5364,2978523.4,2556845.032
003021.SZ,20250508,126.99,3.115,0.67,135.514,135.9135,9.2625,20.0075,3050344.2465,2618497.9888
003021.SZ,20250507,128.05,4.8529,1.06,136.6452,137.048,9.3398,20.1745,3075805.8175,2640354.8899
003021.SZ,20250506,130.51,5.1197,1.01,139.2703,139.6808,9.5192,20.5621,3134895.8785,2691079.3962
003021.SZ,20250430,127.06,5.8025,1.17,135.5887,135.9884,9.2676,20.0186,3052025.671,2619941.3691
003021.SZ,20250429,125.0,4.4398,0.92,133.3905,133.7837,9.1173,19.694,3002543.75,2577464.75
003021.SZ,20250428,123.54,3.0601,0.58,164.9299,140.6708,9.4106,24.607,2967474.039,2547359.9617
003021.SZ,20250425,127.35,4.5554,0.94,170.0164,145.0091,9.7008,25.3659,3058991.5725,2625921.0873
003021.SZ,20250424,125.32,7.3772,1.8,167.3063,142.6976,9.5462,24.9616,3010230.262,2584063.0598
003021.SZ,20250423,125.39,5.2807,1.35,167.3997,142.7773,9.5515,24.9755,3011911.6865,2585506.44
003021.SZ,20250422,113.99,3.8206,0.97,152.1804,129.7965,8.6831,22.7048,2738079.6965,2350441.6548
003021.SZ,20250421,116.0,5.2424,1.25,154.8638,132.0852,8.8362,23.1052,2786360.6,2391887.288
003021.SZ,20250418,109.55,2.6271,0.53,146.2528,124.7408,8.3449,21.8205,2631429.3425,2258890.1069
003021.SZ,20250417,111.33,3.4976,0.61,148.6292,126.7677,8.4805,22.175,2674185.5655,2295593.2049
003021.SZ,20250416,112.77,4.3899,0.65,150.5516,128.4073,8.5902,22.4618,2708774.8695,2325285.5989
003021.SZ,20250415,113.41,3.9055,0.61,151.4061,129.1361,8.639,22.5893,2724147.8935,2338482.2184
003021.SZ,20250414,114.25,6.6146,1.28,152.5275,130.0926,8.7029,22.7566,2744324.9875,2355802.7815
003021.SZ,20250411,113.54,6.5261,1.5,151.5796,129.2841,8.6489,22.6152,2727270.539,2341162.7817
003021.SZ,20250410,103.22,7.1752,2.07,137.8021,117.5331,7.8627,20.5596,2479380.527,2128367.292
003021.SZ,20250409,99.0,9.583,4.41,132.1682,112.7279,7.5413,19.7191,2378014.65,2041352.082
003021.SZ,20250408,98.98,2.3156,0.92,132.1415,112.7051,7.5398,19.7151,2377534.243,2040939.6876
003021.SZ,20250407,109.98,0.3322,0.11,146.8269,125.2305,8.3777,21.9061,2641758.093,2267756.5856
003021.SZ,20250403,122.2,2.4183,0.76,163.141,139.145,9.3085,24.3401,2935286.77,2519729.5396
003021.SZ,20250402,126.7,2.6471,0.78,169.1486,144.269,9.6513,25.2365,3043378.345,2612518.2706
003021.SZ,20250401,126.55,3.1482,0.92,168.9484,144.0982,9.6399,25.2066,3039775.2925,2609425.3129
003021.SZ,20250331,127.83,4.0559,1.17,170.6572,145.5556,9.7374,25.4615,3070521.3405,2635818.5519
003021.SZ,20250328,130.73,3.2751,0.82,174.5288,148.8578,9.9583,26.0392,3140180.3555,2695615.7341
003021.SZ,20250327,130.79,2.7226,0.6,174.6089,148.9261,9.9629,26.0511,3141621.5765,2696852.9172
003021.SZ,20250326,132.55,3.8456,0.85,176.9586,150.9301,10.0969,26.4017,3183897.3925,2733143.6209
003021.SZ,20250325,131.14,3.2249,0.68,175.0762,149.3246,9.9895,26.1208,3150028.699,2704069.8185
003021.SZ,20250324,134.59,4.2027,0.86,179.682,153.253,10.2523,26.808,3232898.9065,2775207.8456
003021.SZ,20250321,135.25,5.903,1.24,180.5632,154.0045,10.3026,26.9395,3248752.3375,2788816.8595
003021.SZ,20250320,144.61,5.5037,1.13,193.0591,164.6625,11.0156,28.8038,3473582.8135,2981817.42
003021.SZ,20250319,142.91,3.7284,0.77,190.7895,162.7267,10.8861,28.4652,3432748.2185,2946763.8994
003021.SZ,20250318,145.95,4.4877,0.84,194.848,166.1883,11.1177,29.0707,3505770.0825,3009447.8421
003021.SZ,20250317,149.65,4.7037,0.84,199.7876,170.4013,11.3995,29.8077,3594645.3775,3085740.7987
003021.SZ,20250314,147.66,5.3695,0.96,197.1309,168.1354,11.2479,29.4113,3546844.881,3044707.5599
003021.SZ,20250313,144.63,6.0041,0.99,193.0858,164.6852,11.0171,28.8078,3474063.2205,2982229.8143
003021.SZ,20250312,156.16,3.7767,0.54,208.4787,177.814,11.8954,31.1044,3751017.856,3219975.1629
003021.SZ,20250311,157.1,6.7452,0.94,209.7336,178.8844,11.967,31.2916,3773596.985,3239357.6978
003021.SZ,20250310,161.17,5.9771,0.81,215.1672,183.5188,12.277,32.1023,3871359.8095,3323279.9501
003021.SZ,20250307,158.8,5.449,0.73,212.0032,180.8201,12.0965,31.6302,3814431.58,3274411.2184
003021.SZ,20250306,160.2,8.4293,1.15,213.8722,182.4143,12.2032,31.9091,3848060.07,3303278.8236
003021.SZ,20250305,162.58,8.1493,1.12,217.0496,185.1243,12.3845,32.3831,3905228.503,3352353.7524
003021.SZ,20250304,147.8,7.8629,1.09,197.3178,168.2948,11.2586,29.4392,3550207.73,3047594.3204
003021.SZ,20250303,134.45,6.8485,1.01,179.4951,153.0936,10.2417,26.7801,3229536.0575,2772321.0851
003021.SZ,20250228,141.3,5.9521,0.9,188.6401,160.8935,10.7635,28.1445,3394075.455,2913566.1534
003021.SZ,20250227,157.0,7.8332,1.21,209.6001,178.7705,11.9594,31.2717,3771194.95,3237295.726
003021.SZ,20250226,157.94,7.8163,1.24,210.8551,179.8409,12.031,31.4589,3793774.079,3256678.2609
003021.SZ,20250225,143.58,7.5517,1.28,191.684,163.4896,10.9371,28.5987,3448841.853,2960579.1104
003021.SZ,20250224,130.74,4.6557,0.74,174.5422,148.8692,9.9591,26.0412,3140420.559,2695821.9313
003021.SZ,20250221,132.6,5.2015,0.8,177.0253,150.9871,10.1007,26.4116,3185098.41,2734174.6068
003021.SZ,20250220,131.46,7.2185,1.05,175.5034,149.689,10.0139,26.1846,3157715.211,2710668.1283
003021.SZ,20250219,126.06,6.9717,0.99,168.2942,143.5402,9.6026,25.109,3028005.321,2599321.6511
003021.SZ,20250218,116.6,5.4542,0.73,155.6648,132.7684,8.8819,23.2247,2800772.81,2404259.1188
003021.SZ,20250217,120.32,6.8235,0.92,160.6311,137.0043,9.1653,23.9657,2890128.512,2480964.4698
003021.SZ,20250214,113.2,6.0571,0.77,151.1257,128.897,8.623,22.5475,2719103.62,2334152.0776
003021.SZ,20250213,116.98,9.1291,1.2,156.1721,133.2011,8.9109,23.3004,2809900.543,2412094.6116
003021.SZ,20250212,129.98,7.8522,1.01,173.5275,148.0038,9.9012,25.8898,3122165.093,2680150.9456
003021.SZ,20250211,118.29,7.3247,0.98,157.921,134.6928,9.0107,23.5613,2841367.2015,2439106.4422
003021.SZ,20250210,113.82,6.5694,0.88,151.9534,129.6029,8.6702,22.671,2733996.237,2346936.3028
003021.SZ,20250207,111.73,8.5169,1.23,149.1632,127.2231,8.511,22.2547,2683793.7055,2303841.0921
003021.SZ,20250206,111.08,7.8115,1.19,148.2954,126.483,8.4615,22.1252,2668180.478,2290438.2754
003021.SZ,20250205,100.98,8.5898,1.29,134.8116,114.9825,7.6921,20.1135,2425574.943,2082179.1236
003021.SZ,20250127,93.25,6.0728,0.94,124.4918,106.1806,7.1033,18.5738,2239897.6375,1922788.7035
003021.SZ,20250124,100.87,6.2214,0.95,134.6647,114.8572,7.6837,20.0916,2422932.7045,2079910.9547
003021.SZ,20250123,97.62,5.9813,0.85,130.3259,111.1566,7.4362,19.4442,2344866.567,2012896.8712
003021.SZ,20250122,100.72,6.0649,0.79,134.4645,114.6864,7.6723,20.0617,2419329.652,2076817.997
003021.SZ,20250121,104.96,8.8312,1.09,140.125,119.5144,7.9953,20.9062,2521175.936,2164245.6013
003021.SZ,20250120,95.42,5.2018,0.56,127.3888,108.6515,7.2686,19.006,2292021.797,1967533.4916
003021.SZ,20250117,94.5,6.5041,0.62,126.1606,107.6039,7.1985,18.8228,2269923.075,1948563.351
003021.SZ,20250116,96.11,8.4807,0.75,128.31,109.4372,7.3211,19.1435,2308595.8385,1981761.097
003021.SZ,20250115,97.92,9.5286,0.87,130.7264,111.4982,7.459,19.504,2352072.672,2019082.7866
003021.SZ,20250114,93.53,10.682,1.13,124.8656,106.4994,7.1246,18.6296,2246623.3355,1928562.2245
003021.SZ,20250113,85.99,10.9186,1.38,114.7995,97.9139,6.5502,17.1277,2065509.8965,1773089.5508
003021.SZ,20250110,92.0,12.8334,2.06,122.823,104.7572,7.0081,18.3248,2209872.2,1897014.056
003021.SZ,20250109,86.15,12.2281,2.6,115.0131,98.0961,6.5624,17.1596,2069353.1525,1776388.7057
002050.SZ,20260702,44.92,4.8854,1.58,46.5245,46.249,5.7933,6.0952,18902398.4388,16549415.17
002050.SZ,20260701,44.21,3.4029,1.18,45.7891,45.518,5.7018,5.9989,18603629.4519,16287837.1475
002050.SZ,20260630,43.83,3.5412,1.28,45.3956,45.1267,5.6528,5.9473,18443724.9237,16147837.6425
002050.SZ,20260629,41.27,2.4755,0.83,42.7441,42.491,5.3226,5.6,17366473.3653,15204683.0825
002050.SZ,20260626,41.5,2.9831,0.98,42.9823,42.7278,5.3523,5.6312,17463257.685,15289419.625
002050.SZ,20260625,43.94,3.0837,1.05,45.5095,45.24,5.6669,5.9623,18490013.0766,16188363.815
002050.SZ,20260624,43.9,2.3891,0.8,45.4681,45.1988,5.6618,5.9568,18473181.021,16173627.025
002050.SZ,20260623,43.19,2.8868,1.02,44.7327,44.4678,5.5702,5.8605,18174412.0341,15912049.0025
002050.SZ,20260622,45.23,3.4982,1.25,46.8456,46.5681,5.8333,6.1373,19032846.8697,16663625.2925
002050.SZ,20260618,45.74,3.389,1.26,47.3738,47.0932,5.8991,6.2065,19247455.5786,16851519.365
002050.SZ,20260617,44.6,2.526,0.91,46.1931,45.9195,5.7521,6.0518,18767741.994,16431520.85
002050.SZ,20260616,45.12,2.6079,0.87,46.7316,46.4549,5.8191,6.1224,18986558.7168,16623099.12
002050.SZ,20260615,45.75,2.096,0.61,47.3841,47.1035,5.9004,6.2079,19251663.5925,16855203.5625
002050.SZ,20260612,44.81,3.3586,0.87,46.4106,46.1357,5.7791,6.0803,18856110.2859,16508888.9975
002050.SZ,20260611,45.69,2.8429,0.68,47.322,47.0417,5.8926,6.1997,19226415.669,16833098.5283
002050.SZ,20260610,45.36,3.0223,0.71,46.9802,46.702,5.8501,6.1549,19087551.2092,16711520.0097
002050.SZ,20260609,47.49,3.6681,0.89,49.1863,48.895,6.1248,6.444,19983858.1773,17496254.0842
002050.SZ,20260608,47.38,4.3423,1.08,49.0724,48.7817,6.1106,6.429,19937570.024,17455727.9114
002050.SZ,20260605,47.51,5.4732,1.43,49.207,48.9156,6.1274,6.4467,19992274.2052,17503622.4793
002050.SZ,20260604,47.01,4.5342,1.11,48.6892,48.4008,6.0629,6.3788,19781873.5084,17319412.6026
002050.SZ,20260603,45.08,3.2629,0.7,46.6902,46.4137,5.814,6.1169,18969726.819,16608362.4788
002050.SZ,20260602,45.17,3.0897,0.57,46.7834,46.5064,5.8256,6.1292,19007598.9444,16641520.2566
002050.SZ,20260601,44.57,3.831,0.67,46.162,45.8886,5.7482,6.0477,18755118.1083,16420468.4046
002050.SZ,20260529,46.34,4.4415,0.73,47.9952,47.711,5.9765,6.2879,19499936.5748,17072571.3679
002050.SZ,20260528,48.61,5.8855,0.89,50.3463,50.0481,6.2692,6.5959,20455155.738,17908884.2079
002050.SZ,20260527,51.02,5.9401,0.95,52.8424,52.5294,6.58,6.923,21469287.0964,18796775.8134
002050.SZ,20260526,54.44,6.8926,1.21,56.3845,56.0506,7.0211,7.387,22908427.8621,20056771.3697
002050.SZ,20260525,53.91,5.523,0.96,55.8356,55.5049,6.9528,7.3151,22685403.1236,19861508.9004
002050.SZ,20260522,54.05,6.3088,1.04,55.9806,55.6491,6.9708,7.3341,22744315.3187,19913087.6659
002050.SZ,20260521,52.83,8.3485,1.59,54.717,54.393,6.8135,7.1686,22230937.6186,19463615.5668
002050.SZ,20260520,50.55,4.2617,0.83,52.3556,52.0455,6.5194,6.8592,21271510.4414,18623618.5293
002050.SZ,20260519,52.33,3.9783,0.78,54.1992,53.8782,6.749,7.1007,22020536.9219,19279405.6902
002050.SZ,20260518,52.92,5.9683,1.22,54.8103,54.4856,6.8251,7.1808,22268809.744,19496773.3446
002050.SZ,20260515,52.06,7.8336,1.63,53.9195,53.6002,6.7142,7.0641,21906920.5456,19179932.3568
002050.SZ,20260514,49.43,4.1355,0.82,51.1956,50.8924,6.375,6.7072,20800212.8807,18210988.4056
002050.SZ,20260513,51.5,3.9009,0.76,53.3395,53.0236,6.6419,6.9881,21671271.7653,18973617.295
002050.SZ,20260512,50.92,3.5982,0.68,52.7388,52.4265,6.5671,6.9094,21427206.957,18759933.838
002050.SZ,20260511,51.21,4.9006,1.05,53.0392,52.725,6.6045,6.9487,21549239.3611,18866775.5665
002050.SZ,20260508,51.69,7.4244,2.03,53.5363,53.2193,6.6665,7.0139,21751224.03,19043617.0481
002050.SZ,20260507,50.32,5.3135,1.7,52.1174,51.8087,6.4898,6.828,21174726.1209,18538881.9861
002050.SZ,20260506,48.16,4.316,1.63,49.8802,49.5848,6.2112,6.5349,20265795.111,17743095.3189
002050.SZ,20260430,46.92,4.4641,1.88,48.5959,48.3081,6.0513,6.3666,19744001.383,17286254.8248
002050.SZ,20260429,44.82,1.8581,0.76,46.4209,46.4209,5.9405,6.0817,18860318.4567,16512573.3429
002050.SZ,20260428,44.16,2.3789,0.97,45.7374,45.7374,5.853,5.9921,18582589.537,16269416.3057
002050.SZ,20260427,45.91,2.6212,1.11,47.5499,47.5499,6.0849,6.2296,19318991.9756,16914150.874
002050.SZ,20260424,44.94,1.8981,0.8,46.5452,46.5452,5.9564,6.098,18910814.6239,16556783.7133
002050.SZ,20260423,45.16,3.1007,1.37,46.7731,46.7731,5.9855,6.1278,19003390.9305,16637836.059
002050.SZ,20260422,46.09,2.1702,0.93,47.7363,47.7363,6.1088,6.254,19394736.2264,16980466.4296
002050.SZ,20260421,46.11,2.4375,1.05,47.757,47.757,6.1114,6.2567,19403152.2543,16987834.8247
002050.SZ,20260420,45.94,2.2259,1.01,47.5809,47.5809,6.0889,6.2336,19331616.0174,16925203.4666
002050.SZ,20260417,45.54,1.9503,0.82,47.1666,47.1666,6.0359,6.1794,19163295.46,16777835.5653
002050.SZ,20260416,45.78,2.5105,1.12,47.4152,47.4152,6.0677,6.2119,19264287.7944,16866256.3061
002050.SZ,20260415,45.11,2.5062,1.1,46.7213,46.7213,5.9789,6.121,18982350.8608,16619415.0714
002050.SZ,20260414,45.54,2.449,1.22,47.1666,47.1666,6.0359,6.1794,19163295.46,16777835.5653
002050.SZ,20260413,44.45,1.6425,0.85,46.0377,46.0377,5.8914,6.0315,18704621.9411,16376258.0342
002050.SZ,20260410,44.87,2.8328,1.69,46.4727,46.4727,5.9471,6.0885,18881358.5263,16530994.3306
002050.SZ,20260409,43.78,1.7475,1.0,45.3438,45.3438,5.8026,5.9406,18422685.0074,16129416.7995
002050.SZ,20260408,44.28,2.7618,1.82,45.8616,45.8616,5.8689,6.0084,18633085.7042,16313626.6761
002050.SZ,20260407,41.77,1.0838,0.68,43.262,43.262,5.5362,5.6678,17576874.2065,15388893.0953
002050.SZ,20260403,41.9,1.24,0.72,43.3966,43.3966,5.5534,5.6855,17631578.3877,15436787.6633
002050.SZ,20260402,42.81,1.5726,0.8,44.3391,44.3391,5.6741,5.8089,18014507.6557,15772049.6388
002050.SZ,20260401,43.59,2.1168,1.05,45.147,45.147,5.7774,5.9148,18342732.7427,16059417.0463
002050.SZ,20260331,42.53,1.5873,0.72,44.0491,44.0491,5.6369,5.7709,17896683.2656,15668892.1078
002050.SZ,20260330,43.03,1.4579,0.6,44.567,44.567,5.7032,5.8388,18107083.9623,15853101.9845
002050.SZ,20260327,43.35,1.8338,0.77,44.8984,44.8984,5.7456,5.8822,18241740.4082,15970996.3056
002050.SZ,20260326,43.87,2.89,1.31,45.437,45.437,5.8145,5.9528,18460557.1328,16162574.5773
002050.SZ,20260325,43.49,2.2648,1.11,45.0434,45.0434,5.7642,5.9012,18300652.6033,16022575.071
002050.SZ,20260324,42.57,2.6036,1.41,44.0906,44.0906,5.6422,5.7764,17913515.3213,15683628.898
002050.SZ,20260323,43.0,2.6574,1.64,58.3849,44.7932,5.8142,6.4745,18094459.9205,15842049.3919
002050.SZ,20260320,44.23,1.5649,0.93,60.055,46.0745,5.9805,6.6597,18612045.6345,16295205.6885
002050.SZ,20260319,44.98,1.9764,1.11,61.0734,46.8558,6.0819,6.7727,18927646.6796,16571520.5034
002050.SZ,20260318,46.41,1.4073,0.75,63.015,48.3455,6.2753,6.988,19529392.6723,17098360.7507
002050.SZ,20260317,45.89,1.6342,0.79,62.309,47.8038,6.205,6.9097,19310575.9477,16906782.4789
002050.SZ,20260316,46.67,1.4977,0.67,63.368,48.6163,6.3104,7.0271,19638801.0346,17194149.8865
002050.SZ,20260313,47.3,1.9265,0.89,64.2234,49.2726,6.3956,7.122,19903905.9126,17426254.3311
002050.SZ,20260312,48.78,2.4437,1.17,66.233,50.8143,6.5957,7.3448,20526691.9749,17971515.566
002050.SZ,20260311,48.21,1.8218,0.79,65.459,50.2205,6.5187,7.259,20286835.1806,17761516.3066
002050.SZ,20260310,48.44,2.6112,1.01,65.7713,50.4601,6.5498,7.2936,20383619.5011,17846252.8499
002050.SZ,20260309,46.99,2.4566,0.87,63.8025,48.9496,6.3537,7.0753,19773457.4806,17312044.2076
002050.SZ,20260306,47.71,1.517,0.5,64.7801,49.6997,6.4511,7.1837,20076434.4839,17577306.4299
002050.SZ,20260305,47.59,2.0505,0.66,64.6172,49.5747,6.4348,7.1656,20025938.3167,17533096.0595
002050.SZ,20260304,47.5,2.9597,0.91,64.495,49.4809,6.4227,7.1521,19988066.1913,17499938.2818
002050.SZ,20260303,46.58,4.003,1.24,63.2458,48.5225,6.2983,7.0136,19600928.9092,17160992.1087
002050.SZ,20260302,49.4,3.5346,1.1,67.0748,51.4601,6.6796,7.4382,20787588.8389,18199935.813
002050.SZ,20260227,51.21,2.4855,0.78,69.5324,53.3456,6.9243,7.7107,21549239.3611,18866775.5665
002050.SZ,20260226,51.94,2.6629,0.84,70.5236,54.1061,7.023,7.8206,21856424.3784,19135721.9864
002050.SZ,20260225,52.15,3.5464,1.02,70.8087,54.3248,7.0514,7.8522,21944792.671,19213090.1346
002050.SZ,20260224,52.73,3.8718,1.2,71.5962,54.929,7.1298,7.9396,22188857.4793,19426773.5915
002050.SZ,20260213,53.48,3.5478,1.1,72.6146,55.7103,7.2312,8.0525,22504458.5244,19703088.4065
002050.SZ,20260212,52.67,2.3309,0.71,71.5148,54.8665,7.1217,7.9305,22163609.3956,19404668.4063
002050.SZ,20260211,52.16,2.641,0.79,70.8223,54.3352,7.0528,7.8537,21949000.685,19216774.3321
002050.SZ,20260210,53.3,5.0266,1.56,72.3702,55.5228,7.2069,8.0254,22428714.2736,19636772.8509
002050.SZ,20260209,51.58,2.6196,0.71,70.0348,53.7311,6.9743,7.7664,21704935.8767,19003090.8752
002050.SZ,20260206,51.12,3.5505,0.9,69.4102,53.2519,6.9121,7.6972,21511367.2357,18833617.7887
002050.SZ,20260205,50.09,2.497,0.6,68.0117,52.1789,6.7729,7.5421,21077941.8004,18454145.4428
002050.SZ,20260204,51.66,3.0045,0.71,70.1434,53.8144,6.9852,7.7785,21738599.9882,19032564.4555
002050.SZ,20260203,52.33,4.4178,1.04,71.0531,54.5123,7.0758,7.8793,22020536.9219,19279405.6902
002050.SZ,20260202,50.74,4.9367,1.11,68.8942,52.856,6.8608,7.6399,21351462.7062,18693618.2824
002050.SZ,20260130,50.94,4.8531,0.97,69.1658,53.0644,6.8878,7.6701,21435622.9849,18767302.2331
002050.SZ,20260129,50.07,3.7039,0.69,67.9845,52.1581,6.7702,7.5391,21069525.7725,18446777.0477
002050.SZ,20260128,51.41,3.3138,0.59,69.804,53.554,6.9514,7.7408,21633399.6398,18940459.5172
002050.SZ,20260127,52.27,4.468,0.75,70.9717,54.4498,7.0676,7.8703,21995288.8382,19257300.505
002050.SZ,20260126,51.94,5.9083,0.94,70.5236,54.1061,7.023,7.8206,21856424.3784,19135721.9864
002050.SZ,20260123,54.04,7.6769,1.22,73.3749,56.2937,7.307,8.1368,22740107.3047,19909403.4683
002050.SZ,20260122,56.03,5.5449,0.92,76.0769,58.3666,7.576,8.4365,23577502.0778,20642558.7774
002050.SZ,20260121,57.95,4.7034,0.7,78.6839,60.3667,7.8357,8.7256,24385440.7533,21349924.7037
002050.SZ,20260120,57.87,6.1456,0.87,78.5753,60.2834,7.8248,8.7135,24351776.6418,21320451.1235
002050.SZ,20260119,58.56,7.4236,1.04,79.5122,61.0022,7.9181,8.8174,24642129.6034,21574660.7532
002050.SZ,20260116,57.46,7.7104,1.09,78.0186,59.8563,7.7694,8.6518,24179248.0705,21169399.0246
002050.SZ,20260115,54.59,4.0284,0.54,74.1217,56.8666,7.3813,8.2196,22971548.0712,20112034.3326
002050.SZ,20260114,54.86,8.3812,1.11,74.4883,57.1478,7.2996,8.2603,23085164.4474,20211507.666
002050.SZ,20260113,57.15,7.9528,1.03,77.5977,59.5333,7.6043,8.6051,24048799.6385,21055188.9011
002050.SZ,20260112,57.0,7.5442,0.94,77.394,59.3771,7.5844,8.5825,23985679.4295,20999925.9381
002050.SZ,20260109,57.14,7.5975,0.86,77.5841,59.5229,7.603,8.6036,24044591.6246,21051504.7036
002050.SZ,20260108,54.37,5.8042,0.63,73.823,56.6374,7.2344,8.1865,22878971.7646,20030981.9869
002050.SZ,20260107,55.75,8.9967,1.07,75.6968,58.075,7.4181,8.3943,23459677.6876,20539401.2465
002050.SZ,20260106,56.84,8.6455,1.13,77.1768,59.2104,7.5631,8.5584,23918351.2065,20940978.7776
002050.SZ,20260105,56.28,9.2652,1.32,76.4164,58.6271,7.4886,8.4741,23682702.4262,20734663.7157
002050.SZ,20251231,55.31,11.2121,2.14,75.0993,57.6166,7.3595,8.328,23274525.0745,20377296.555
002050.SZ,20251230,52.5,7.6302,1.72,71.2839,54.6894,6.9856,7.9049,22092073.1588,19342037.0483
002050.SZ,20251229,47.73,5.4729,1.27,64.8073,49.7205,6.3509,7.1867,20084850.5118,17584674.825
002050.SZ,20251226,47.3,4.6696,1.21,64.2234,49.2726,6.2937,7.122,19903905.9126,17426254.3311
002050.SZ,20251225,47.56,6.018,1.9,64.5765,49.5434,6.3283,7.1611,20013314.2749,17522043.4669
002050.SZ,20251224,45.08,2.4134,0.73,61.2092,46.96,5.9983,6.7877,18969726.819,16608362.4788
002050.SZ,20251223,44.88,3.6135,1.19,60.9376,46.7516,5.9717,6.7576,18885566.5403,16534678.5281
002050.SZ,20251222,45.42,4.889,1.86,61.6708,47.3142,6.0436,6.8389,19112799.2928,16733625.1949
002050.SZ,20251219,43.47,2.4387,0.85,59.0231,45.2828,5.7841,6.5453,18292236.5754,16015206.676
002050.SZ,20251218,42.88,2.5193,0.79,58.222,44.6682,5.7056,6.4565,18043963.7533,15797839.0215
002050.SZ,20251217,44.02,2.9696,0.87,59.7699,45.8558,5.8573,6.6281,18523677.3419,16217837.5403
002050.SZ,20251216,42.87,2.3989,0.62,58.2084,44.6578,5.7043,6.455,18039755.7393,15794154.824
002050.SZ,20251215,43.54,2.834,0.6,59.1182,45.3558,5.7934,6.5558,18321692.673,16040996.0587
002050.SZ,20251212,45.04,3.6261,0.7,61.1548,46.9183,5.993,6.7817,18952894.7632,16593625.6886
002050.SZ,20251211,45.17,4.1698,0.68,61.3314,47.0537,6.0103,6.8013,19007598.9444,16641520.2566
002050.SZ,20251210,46.6,4.0941,0.72,63.273,48.5434,6.2006,7.0166,19609344.9371,17168360.5038
002050.SZ,20251209,45.96,4.6029,0.84,62.404,47.8767,6.1154,6.9202,19340032.0453,16932571.8617
002050.SZ,20251208,46.8,6.9722,1.45,63.5445,48.7517,6.2272,7.0467,19693505.2158,17242044.4544
002050.SZ,20251205,45.1,5.9542,1.4,61.2363,46.9808,6.001,6.7907,18978142.8469,16615730.8738
002050.SZ,20251204,44.79,8.8587,2.64,60.8154,46.6579,5.9597,6.744,18847694.4149,16501520.7503
002050.SZ,20251203,41.66,2.0692,0.51,56.5655,43.3974,5.5433,6.2728,17530586.0532,15348366.9225
002050.SZ,20251202,42.03,3.6854,0.91,57.0679,43.7828,5.5925,6.3285,17686282.5688,15484682.2312
002050.SZ,20251201,43.79,3.5454,0.85,59.4576,45.6162,5.8267,6.5935,18426893.0214,16133100.997
002050.SZ,20251128,42.98,3.0886,0.66,58.3578,44.7724,5.7189,6.4715,18086043.8926,15834680.9968
002050.SZ,20251127,42.79,4.3823,1.0,58.0998,44.5745,5.6936,6.4429,18006091.6279,15764681.2437
002050.SZ,20251126,43.19,5.6032,1.46,58.6429,44.9912,5.7468,6.5031,18174412.1853,15912049.145
002050.SZ,20251125,42.17,3.7302,1.01,57.258,43.9286,5.6111,6.3496,17745194.7639,15536260.9967
002050.SZ,20251124,41.39,4.0209,1.1,56.1989,43.1161,5.5073,6.2321,17416969.677,15248893.5891
002050.SZ,20251121,41.9,5.7648,1.76,56.8914,43.6474,5.5752,6.3089,17631578.3877,15436787.6633
002050.SZ,20251120,41.17,2.8089,0.77,55.9002,42.8869,5.4781,6.199,17324393.3704,15167841.2434
002050.SZ,20251119,42.03,2.8052,0.71,57.0679,43.7828,5.5925,6.3285,17686282.5688,15484682.2312
002050.SZ,20251118,42.14,3.1111,0.7,57.2173,43.8974,5.6071,6.345,17732570.7221,15525208.4041
002050.SZ,20251117,41.85,3.7442,0.73,56.8235,43.5953,5.5685,6.3014,17610538.318,15418366.6756
002050.SZ,20251114,42.48,3.8874,0.72,57.6789,44.2516,5.6524,6.3962,17875643.1959,15650471.1202
002050.SZ,20251113,44.29,4.6106,0.76,60.1495,46.147,5.8926,6.6702,18641332.9661,16317868.9277
002050.SZ,20251112,43.88,4.2809,0.7,59.5927,45.7199,5.8381,6.6085,18468767.0028,16166811.6628
002050.SZ,20251111,43.9,5.8538,0.98,59.6199,45.7407,5.8407,6.6115,18477184.8547,16174180.3099
002050.SZ,20251110,45.51,6.8633,1.19,61.8064,47.4182,6.0549,6.8539,19154821.9302,16767356.3987
002050.SZ,20251107,48.42,5.5455,0.95,65.7584,50.4502,6.4421,7.2922,20379619.3773,17839494.5468
002050.SZ,20251106,50.36,7.883,1.45,68.3931,52.4716,6.7002,7.5844,21196151.0087,18554253.3122
002050.SZ,20251105,46.62,4.4124,0.75,63.3139,48.5747,6.2026,7.0211,19622012.709,17176316.3108
002050.SZ,20251104,46.95,5.1668,0.77,63.762,48.9186,6.2465,7.0708,19760907.2648,17297898.9874
002050.SZ,20251103,48.79,5.7222,0.83,66.2609,50.8357,6.4913,7.3479,20535349.6369,17975814.5175
002050.SZ,20251031,49.93,6.0343,0.85,67.8091,52.0235,6.643,7.5196,21015167.1935,18395827.4003
002050.SZ,20251030,51.22,5.8249,0.83,69.5611,58.3505,7.1053,7.7139,21558118.6391,18871105.136
002050.SZ,20251029,52.99,6.569,0.93,71.9649,60.3669,7.3509,7.9805,22303098.5296,19523230.4014
002050.SZ,20251028,52.61,9.6188,1.48,71.4488,59.934,7.2982,7.9232,22143159.344,19383226.1071
002050.SZ,20251027,48.62,6.4275,0.95,66.03,55.3886,6.7447,7.3223,20463797.896,17913181.0174
002050.SZ,20251024,48.63,7.0537,1.06,66.0436,55.3999,6.7461,7.3238,20468006.8219,17916865.341
002050.SZ,20251023,47.96,5.4648,0.8,65.1337,54.6367,6.6531,7.2229,20186008.7843,17670015.6643
002050.SZ,20251022,48.1,6.7512,0.97,65.3238,54.7962,6.6725,7.244,20244933.7474,17721596.1937
002050.SZ,20251021,46.93,6.7423,0.98,63.7349,53.4633,6.5102,7.0678,19752489.413,17290530.3404
002050.SZ,20251020,46.1,7.7652,1.19,62.6077,52.5177,6.3951,6.9428,19403148.5604,16984731.4871
002050.SZ,20251017,43.32,6.4269,0.95,58.8322,49.3507,6.0094,6.5241,18233067.1504,15960489.545
002050.SZ,20251016,42.92,6.3611,0.91,58.289,48.895,5.954,6.4639,18064710.113,15813116.6036
002050.SZ,20251015,44.18,7.6365,1.14,60.0001,50.3304,6.1287,6.6536,18595034.7808,16277341.3688
002050.SZ,20251014,40.16,6.2218,0.89,54.5406,45.7508,5.5711,6.0482,16903046.555,14796243.3085
002050.SZ,20251013,43.16,5.9245,0.85,58.6149,49.1684,5.9872,6.5,18165724.3355,15901540.3684
002050.SZ,20251010,45.54,7.6585,1.17,61.8471,51.8798,6.3174,6.8585,19167448.708,16778409.3693
002050.SZ,20251009,49.39,7.3193,1.13,67.0758,56.2657,6.8515,7.4383,20787885.193,18196873.9295
002050.SZ,20250930,48.43,6.4892,0.93,65.772,55.1721,6.7183,7.2937,20383828.3032,17843178.8703
002050.SZ,20250929,46.6,7.6757,1.11,63.2867,53.0873,6.4644,7.0181,19613594.8571,17168947.6638
002050.SZ,20250926,43.12,5.5174,0.7,58.5606,49.1229,5.9817,6.494,18148888.6317,15886803.0743
002050.SZ,20250925,44.05,5.781,0.62,59.8236,50.1823,6.1107,6.6341,18540318.7437,16229445.1629
002050.SZ,20250924,44.55,7.0549,0.71,60.5026,50.752,6.1801,6.7094,18750765.0404,16413661.3395
002050.SZ,20250923,45.03,9.019,0.96,61.1545,51.2988,6.2467,6.7817,18952793.4853,16590508.8691
002050.SZ,20250922,42.97,7.1437,0.77,58.3569,48.952,5.9609,6.4714,18085754.7427,15831538.2213
002050.SZ,20250919,41.65,10.3571,1.26,56.5642,47.4482,5.7778,6.2726,17530176.5193,15345207.5149
002050.SZ,20250918,45.55,13.2035,1.97,61.8607,51.8912,6.3188,6.86,19171657.6339,16782093.6928
002050.SZ,20250917,41.9,9.9926,1.69,56.9037,47.733,5.8125,6.3103,17635399.6677,15437315.6033
002050.SZ,20250916,39.23,6.4603,1.01,53.2776,44.6913,5.4421,5.9082,16511616.443,14453601.22
002050.SZ,20250915,35.66,6.2169,1.08,48.4293,40.6243,4.9468,5.3705,15009029.8842,13138297.7187
002050.SZ,20250912,34.5,5.1761,0.98,46.8539,39.3029,4.7859,5.1958,14520794.4758,12710916.1889
002050.SZ,20250911,34.76,5.6521,1.15,47.207,39.5991,4.822,5.235,14630226.5501,12806708.6007
002050.SZ,20250910,33.5,6.0282,1.28,45.4958,38.1636,4.6472,5.0452,14099901.8823,12342483.8356
002050.SZ,20250909,34.04,8.9513,2.08,46.2292,38.7788,4.7221,5.1265,14327183.8827,12541437.3063
002050.SZ,20250908,33.77,3.0144,0.71,45.8625,38.4712,4.6846,5.0859,14213542.8825,12441960.5709
002050.SZ,20250905,30.7,2.6686,0.56,41.6932,34.9738,4.2588,4.6235,12921402.6205,11310873.2463
002050.SZ,20250904,29.79,3.9522,0.84,40.4573,33.9372,4.1325,4.4865,12538390.3604,10975599.8048
002050.SZ,20250903,31.25,4.9541,1.11,42.4401,35.6004,4.3351,4.7063,13152893.5469,11513511.0406
002050.SZ,20250902,33.0,6.9407,1.93,44.8168,37.594,4.5778,4.9699,13889455.5855,12158267.6589
002050.SZ,20250901,31.89,2.7529,0.73,43.3093,36.3295,4.4238,4.8027,13422264.8067,11749307.7467
002050.SZ,20250829,31.88,5.1554,1.53,43.2957,36.3181,4.4225,4.8012,13418055.8808,11745623.4232
002050.SZ,20250828,31.68,3.6556,1.06,43.0241,39.7452,4.5756,4.7711,13333877.3621,11671936.9525
002050.SZ,20250827,30.44,3.7538,1.13,41.3401,38.1895,4.3965,4.5844,12811970.5461,11215080.8345
002050.SZ,20250826,30.66,2.6479,0.66,41.6388,38.4655,4.4283,4.6175,12904566.9167,11296135.9522
002050.SZ,20250825,31.01,3.5601,0.88,42.1142,38.9046,4.4788,4.6702,13051879.3244,11425087.2758
002050.SZ,20250822,30.88,3.2422,0.76,41.9376,38.7415,4.46,4.6506,12997163.2873,11377191.0699
002050.SZ,20250821,30.81,3.9966,1.03,41.8426,38.6537,4.4499,4.6401,12967700.8057,11351400.8052
002050.SZ,20250820,30.36,3.2151,0.86,41.2314,38.0892,4.3849,4.5723,12778299.1387,11185606.2462
002050.SZ,20250819,30.46,6.1014,2.18,41.3672,38.2146,4.3994,4.5874,12820388.398,11222449.4815
002050.SZ,20250818,28.92,3.7836,1.64,39.2758,36.2826,4.1769,4.3554,12172213.804,10655063.6574
002050.SZ,20250815,28.53,4.3225,2.55,38.7461,35.7933,4.1206,4.2967,12008065.6926,10511375.0396
002050.SZ,20250814,27.17,2.0061,1.23,36.8991,34.087,3.9242,4.0919,11435651.7654,10010307.0392
002050.SZ,20250813,27.63,2.5632,1.56,37.5239,34.6641,3.9906,4.1612,11629262.3584,10179785.9217
002050.SZ,20250812,26.91,1.3467,0.82,36.546,33.7608,3.8866,4.0527,11326219.6911,9914514.6273
002050.SZ,20250811,27.01,1.2714,0.76,36.6818,33.8863,3.9011,4.0678,11368308.9504,9951357.8626
002050.SZ,20250808,26.85,1.2789,0.76,36.4645,33.6856,3.878,4.0437,11300966.1355,9892408.6861
002050.SZ,20250807,27.37,1.6813,1.0,37.1708,34.338,3.9531,4.122,11519830.2841,10083993.5098
002050.SZ,20250806,27.65,2.6635,1.83,37.551,34.6892,3.9935,4.1642,11637680.2103,10187154.5687
002050.SZ,20250805,26.92,1.3432,0.93,36.5596,33.7734,3.8881,4.0542,11330428.617,9918198.9508
002050.SZ,20250804,26.86,1.352,0.89,36.4781,33.6981,3.8794,4.0452,11305175.0614,9896093.0096
002050.SZ,20250801,26.31,1.3577,0.8,35.7312,33.0081,3.8,3.9624,11073684.135,9693455.2153
002050.SZ,20250731,26.45,1.6984,1.0,35.9213,33.1837,3.8202,3.9834,11132609.0981,9745035.7448
002050.SZ,20250730,26.62,1.5324,0.9,36.1522,33.397,3.8448,4.0091,11204160.839,9807669.2448
002050.SZ,20250729,27.16,1.246,0.67,36.8856,34.0745,3.9227,4.0904,11431442.8395,9986924.9256
002050.SZ,20250728,27.34,1.7738,0.91,37.13,34.3003,3.9487,4.1175,11507203.5063,10053538.7082
002050.SZ,20250725,27.07,2.2583,1.22,36.7633,33.9616,3.9097,4.0768,11393562.506,9954253.5783
002050.SZ,20250724,27.79,1.7273,0.84,37.7411,34.8649,4.0137,4.1853,11696605.1734,10219013.9247
002050.SZ,20250723,27.46,1.5389,0.58,37.293,34.4509,3.9661,4.1356,11557710.6175,10097665.4326
002050.SZ,20250722,27.62,1.9439,0.66,36.9563,34.1399,4.1102,4.0982,11453376.0747,10156501.0651
002050.SZ,20250721,27.8,2.3042,0.82,37.1972,34.3624,4.137,4.1249,11528017.9173,10204142.9917
002050.SZ,20250718,27.68,1.7844,0.65,37.0366,34.214,4.1191,4.1071,11478256.6889,10160096.3313
002050.SZ,20250717,27.9,2.7773,1.17,37.331,34.486,4.1519,4.1398,11569485.6077,10240555.5921
002050.SZ,20250716,27.53,4.3839,2.52,36.8359,34.0286,4.0968,4.0849,11416055.1534,10104748.9408
002050.SZ,20250715,26.7,3.4621,2.77,35.7253,33.0027,3.9733,3.9617,11071873.3235,9800101.5881
002050.SZ,20250714,25.87,1.6023,1.35,34.6148,31.9768,3.8498,3.8386,10727691.4935,9495454.2354
002050.SZ,20250711,25.75,1.5867,1.41,34.4542,31.8284,3.8319,3.8208,10677930.2651,9451408.835
002050.SZ,20250710,25.42,0.8483,0.74,34.0127,31.4205,3.7828,3.7718,10541086.887,9330283.9839
002050.SZ,20250709,25.47,1.2055,1.05,34.0796,31.4823,3.7902,3.7792,10561820.7321,9348636.2341
002050.SZ,20250708,25.47,0.9955,0.86,34.0796,31.4823,3.7902,3.7792,10561820.7321,9348636.2341
002050.SZ,20250707,25.17,1.2983,1.11,33.6782,31.1115,3.7456,3.7347,10437417.6611,9238522.7331
002050.SZ,20250704,25.67,1.2697,1.04,34.3472,31.7296,3.82,3.8089,10644756.1128,9422045.2347
002050.SZ,20250703,25.96,0.9697,0.66,34.7352,32.088,3.8632,3.8519,10765012.4149,9528488.2857
002050.SZ,20250702,25.76,1.2189,0.67,34.4676,31.8408,3.8334,3.8222,10682077.0342,9455079.285
002050.SZ,20250701,26.26,1.0319,0.47,35.1366,32.4588,3.9078,3.8964,10889415.4859,9638601.7867
002050.SZ,20250630,26.38,1.3677,0.59,35.2972,32.6072,3.9257,3.9142,10939176.7143,9682647.1871
002050.SZ,20250627,26.04,1.5335,0.59,34.8422,32.1869,3.8751,3.8638,10798186.5671,9557851.8859
002050.SZ,20250626,26.12,2.2431,0.77,34.9493,32.2858,3.887,3.8757,10831360.7194,9587215.4862
002050.SZ,20250625,26.49,2.9114,1.15,35.4444,32.7431,3.942,3.9306,10984791.1737,9723022.1374
002050.SZ,20250624,25.7,2.9119,1.37,34.3873,31.7666,3.8245,3.8133,10657196.42,9433056.5848
002050.SZ,20250623,24.5,2.0638,1.1,29.5059,27.2572,4.738,3.272,9144354.3608,8992602.5809
002050.SZ,20250620,24.95,2.9251,1.84,30.0478,27.7579,4.825,3.3321,9312311.8898,9157772.8323
002050.SZ,20250619,26.12,3.8011,3.56,31.4569,29.0595,5.0513,3.4884,9749001.4654,9587215.4862
002050.SZ,20250618,25.48,1.0055,0.83,30.6861,28.3475,4.9275,3.4029,9510128.5352,9352306.6841
002050.SZ,20250617,25.22,0.8131,0.62,30.373,28.0582,4.8772,3.3682,9413086.4073,9256874.9832
002050.SZ,20250616,25.38,0.7941,0.52,30.5657,28.2362,4.9082,3.3895,9472804.6398,9315602.1838
002050.SZ,20250613,25.26,1.5387,0.88,30.4211,28.1027,4.885,3.3735,9428015.9654,9271556.7834
002050.SZ,20250612,25.88,1.1921,0.6,31.1678,28.7925,5.0049,3.4563,9659424.1166,9499124.6854
002050.SZ,20250611,26.21,1.6902,0.9,31.5653,29.1597,5.0687,3.5004,9782592.9712,9620249.5365
002050.SZ,20250610,25.93,1.3051,0.73,31.228,28.8481,5.0145,3.463,9678086.0643,9517476.9356
002050.SZ,20250609,25.92,1.9339,1.12,31.216,28.837,5.0126,3.4617,9674353.6747,9513806.4855
002050.SZ,20250606,26.15,2.5807,1.58,31.493,29.0929,5.0571,3.4924,9760198.634,9598226.8363
002050.SZ,20250605,27.09,2.3887,1.73,32.6251,30.1387,5.2389,3.6179,10111043.2503,9943249.1394
002050.SZ,20250604,26.18,1.1451,0.72,31.5291,29.1263,5.0629,3.4964,9771395.8026,9609238.1864
002050.SZ,20250603,25.76,0.9356,0.51,31.0233,28.659,4.9817,3.4403,9614635.4422,9455079.285
002050.SZ,20250530,25.85,1.5677,0.69,31.1317,28.7591,4.9991,3.4523,9648226.948,9488113.3353
002050.SZ,20250529,26.57,2.1328,1.04,31.9988,29.5602,5.1383,3.5485,9916958.9945,9752385.7377
002050.SZ,20250528,25.72,1.1229,0.53,30.9751,28.6145,4.9739,3.4349,9599705.884,9440397.4849
002050.SZ,20250527,25.63,2.1772,1.13,30.8667,28.5144,4.9565,3.4229,9566114.3782,9407363.4346
002050.SZ,20250526,26.54,2.2078,1.26,31.9627,29.5268,5.1325,3.5445,9905761.8259,9741374.3876
002050.SZ,20250523,27.09,3.7875,2.91,32.6251,30.1387,5.2389,3.6179,10111043.2503,9943249.1394
002050.SZ,20250522,26.32,0.9952,0.71,31.6977,29.282,5.09,3.5151,9823649.2561,9660624.4869
002050.SZ,20250521,26.89,1.4091,0.95,32.3842,29.9162,4.9605,3.5912,10036395.4596,9869840.1387
002050.SZ,20250520,26.69,1.2605,0.77,32.1433,29.6937,4.9236,3.5645,9961747.6689,9796431.1381
002050.SZ,20250519,26.66,1.337,0.68,32.1072,29.6603,4.9181,3.5605,9950550.5003,9785419.788
002050.SZ,20250516,27.0,1.5019,0.77,32.5167,30.0386,4.9808,3.6059,10077451.7445,9910215.0891
002050.SZ,20250515,26.71,1.5284,0.78,32.1674,29.7159,4.9273,3.5672,9969212.448,9803772.0381
002050.SZ,20250514,27.56,1.7698,0.85,33.1911,30.6616,5.0841,3.6807,10286465.5585,10115760.2909
002050.SZ,20250513,27.57,2.0529,0.93,33.2031,30.6727,5.086,3.682,10290197.948,10119430.741
002050.SZ,20250512,27.9,2.9631,1.31,33.6006,31.0398,5.1469,3.7261,10413366.8027,10240555.5921
002050.SZ,20250509,26.59,1.4419,0.59,32.0229,29.5824,4.9052,3.5511,9924423.7736,9759726.6377
002050.SZ,20250508,27.05,1.5588,0.63,32.5769,30.0942,4.9901,3.6126,10096113.6922,9928567.3393
002050.SZ,20250507,26.94,2.3855,1.03,32.4444,29.9718,4.9698,3.5979,10055057.4073,9888192.3889
002050.SZ,20250506,27.32,2.6758,1.26,32.902,30.3946,5.0399,3.6486,10196888.2096,10027669.4902
002050.SZ,20250430,26.8,3.2287,1.54,32.2758,29.816,4.9439,3.5792,10002803.9538,9836806.0884
002050.SZ,20250429,26.04,2.2807,1.11,31.3605,31.3605,5.0364,3.4777,9719142.3491,9557851.8859
002050.SZ,20250428,25.56,1.7417,0.75,30.7824,30.7824,4.9436,3.4136,9539987.6515,9381670.2843
002050.SZ,20250425,25.45,1.652,0.76,30.65,30.65,4.9223,3.3989,9498931.3666,9341295.334
002050.SZ,20250424,25.21,1.6987,0.83,30.3609,30.3609,4.8759,3.3668,9409354.0177,9253204.5332
002050.SZ,20250423,25.83,3.136,1.71,31.1076,31.1076,4.9958,3.4496,9640762.1689,9480772.4352
002050.SZ,20250422,24.91,2.0666,1.14,29.9996,29.9996,4.8179,3.3268,9297382.3317,9143091.0322
002050.SZ,20250421,25.72,3.0336,1.79,30.9751,30.9751,4.9745,3.4349,9599705.884,9440397.4849
002050.SZ,20250418,24.08,0.9567,0.47,29.0,29.0,4.6573,3.2159,8987594.0003,8838443.6795
002050.SZ,20250417,23.98,1.0719,0.41,28.8796,28.8796,4.638,3.2026,8950270.1049,8801739.1791
002050.SZ,20250416,24.0,2.0637,0.67,28.9037,28.9037,4.6418,3.2052,8957734.884,8809080.0792
002050.SZ,20250415,24.75,1.9499,0.53,29.8069,29.8069,4.7869,3.3054,9237664.0991,9084363.8317
002050.SZ,20250414,24.81,2.4525,0.71,29.8792,29.8792,4.7985,3.3134,9260058.4363,9106386.5319
002050.SZ,20250411,25.05,2.5942,0.79,30.1682,30.1682,4.8449,3.3455,9349635.7852,9194477.3327
002050.SZ,20250410,24.4,3.9277,1.4,29.3854,29.3854,4.7192,3.2587,9107030.4654,8955898.0805
002050.SZ,20250409,23.15,4.3713,1.97,27.88,27.88,4.4775,3.0917,8640481.7735,8497091.8264
002050.SZ,20250408,22.86,5.1383,3.0,27.5308,27.5308,4.4214,3.053,8532242.477,8390648.7754
002050.SZ,20250407,25.21,1.239,0.65,30.3609,30.3609,4.8759,3.3668,9409354.0177,9253204.5332
002050.SZ,20250403,28.01,1.789,0.75,33.733,33.733,5.4174,3.7408,10454423.0875,10280930.5424
002050.SZ,20250402,28.84,1.514,0.62,34.7326,34.7326,5.578,3.8516,10764211.4189,10585577.8952
002050.SZ,20250401,28.57,1.4039,0.57,34.4074,34.4074,5.5257,3.8156,10663436.9015,10486475.7443
002050.SZ,20250331,28.83,2.6247,1.14,34.7206,34.7206,5.576,3.8503,10760479.0294,10581907.4451
002050.SZ,20250328,29.67,2.1831,0.9,35.7322,35.7322,5.7385,3.9625,11073999.7503,10890225.2479
002050.SZ,20250327,30.29,4.2017,2.06,36.4789,36.4789,5.8584,4.0453,11305407.9015,11117793.15
002050.SZ,20250326,29.48,1.8797,0.91,37.669,35.9187,6.0888,4.4805,11003084.3492,10820486.6973
002050.SZ,20250325,29.22,1.4473,0.66,37.3368,35.6019,6.0351,4.441,10906042.2213,10725054.9964
002050.SZ,20250324,29.67,1.8353,0.8,37.9118,36.1502,6.128,4.5094,11073999.7503,10890225.2479
002050.SZ,20250321,29.48,2.698,0.98,37.669,35.9187,6.0888,4.4805,11003084.3492,10820486.6973
002050.SZ,20250320,30.73,2.348,0.84,39.2662,37.4417,6.347,4.6705,11469633.0411,11279292.9514
002050.SZ,20250319,30.32,2.0241,0.73,38.7423,36.9421,6.2623,4.6082,11316605.0701,11128804.5001
002050.SZ,20250318,30.92,2.0452,0.68,39.509,37.6732,6.3862,4.6993,11540548.4422,11349031.502
002050.SZ,20250317,31.31,2.349,0.8,40.0073,38.1484,6.4668,4.7586,11686111.6341,11492179.0533
002050.SZ,20250314,31.57,4.948,1.97,40.3395,38.4651,6.5205,4.7981,11783153.762,11587610.7542
002050.SZ,20250313,29.47,2.5717,0.98,37.6562,35.9065,6.0867,4.479,10999351.9596,10816816.2473
002050.SZ,20250312,30.35,1.8707,0.69,38.7807,36.9787,6.2685,4.6127,11327802.2387,11139815.8502
002050.SZ,20250311,30.49,3.3313,1.18,38.9595,37.1493,6.2974,4.634,11380055.6922,11191202.1506
002050.SZ,20250310,31.6,2.0149,0.66,40.3779,38.5017,6.5267,4.8027,11794350.9306,11598622.1043
002050.SZ,20250307,31.7,2.7716,0.8,40.5057,38.6235,6.5473,4.8179,11831674.826,11635326.6046
002050.SZ,20250306,31.7,3.1777,0.78,40.5057,38.6235,6.5473,4.8179,11831674.826,11635326.6046
002050.SZ,20250305,31.25,2.3051,0.49,39.9307,38.0753,6.4544,4.7495,11663717.2969,11470156.3531
002050.SZ,20250304,31.02,3.8153,0.8,39.6368,37.795,6.4069,4.7145,11577872.3376,11385736.0024
002050.SZ,20250303,30.52,3.3012,0.66,38.9979,37.1858,6.3036,4.6385,11391252.8608,11202213.5007
002050.SZ,20250228,30.32,4.7649,0.98,38.7423,36.9421,6.2623,4.6082,11316605.0701,11128804.5001
002050.SZ,20250227,32.42,6.2036,1.41,41.4257,39.5008,6.696,4.9273,12100406.8725,11899599.007
002050.SZ,20250226,34.72,5.472,1.24,44.3646,42.3031,7.1711,5.2769,12958856.4655,12743802.5146
002050.SZ,20250225,34.0,3.96,0.9,43.4446,41.4259,7.0224,5.1675,12690124.419,12479530.1122
002050.SZ,20250224,33.57,4.6137,1.03,42.8951,40.902,6.9336,5.1021,12529631.669,12321700.7608
002050.SZ,20250221,34.35,4.1497,0.97,43.8918,41.8523,7.0947,5.2206,12820758.0527,12607995.8634
002050.SZ,20250220,34.03,3.8788,0.91,43.4829,41.4624,7.0286,5.172,12701321.5876,12490541.4623
002050.SZ,20250219,34.59,5.509,1.29,44.1984,42.1447,7.1442,5.2571,12910335.4016,12696086.6641
002050.SZ,20250218,32.67,3.8044,0.89,41.7451,39.8054,6.7477,4.9653,12193716.6108,11991360.2578
002050.SZ,20250217,33.37,4.9467,1.14,42.6396,40.6583,6.8922,5.0717,12454983.8783,12248291.7601
002050.SZ,20250214,31.97,3.1974,0.65,40.8507,38.9525,6.6031,4.8589,11932449.3434,11734428.7555
002050.SZ,20250213,32.4,3.9287,0.76,41.4001,39.4764,6.6919,4.9243,12092942.0934,11892258.1069
002050.SZ,20250212,33.23,5.5526,1.11,42.4607,40.4877,6.8633,5.0504,12402730.4248,12196905.4597
002050.SZ,20250211,33.9,3.8618,0.8,43.3168,41.304,7.0017,5.1523,12652800.5237,12442825.6119
002050.SZ,20250210,34.14,5.1109,1.08,43.6234,41.5965,7.0513,5.1887,12742377.8725,12530916.4127
002050.SZ,20250207,35.32,5.9809,1.37,45.1312,43.0342,7.295,5.3681,13182799.8376,12964029.5166
002050.SZ,20250206,35.22,5.4872,1.32,45.0034,42.9123,7.2743,5.3529,13145475.9423,12927325.0162
002050.SZ,20250205,32.56,4.558,0.98,41.6046,39.6714,6.7249,4.9486,12152660.326,11950985.3074
002050.SZ,20250127,30.57,2.8492,0.58,39.0618,37.2467,6.3139,4.6461,11409914.8085,11220565.7509
002050.SZ,20250124,31.53,4.6825,0.95,40.2884,38.4164,6.5122,4.7921,11768224.2039,11572928.954
002050.SZ,20250123,29.78,4.19,0.78,38.0523,36.2842,6.1508,4.5261,11115056.0352,10930600.1983
002050.SZ,20250122,30.2,4.5096,0.74,38.589,36.7959,6.2375,4.5899,11271816.3957,11084759.0997
002050.SZ,20250121,30.38,7.011,1.24,38.819,37.0152,6.2747,4.6173,11338999.4073,11150827.2003
002050.SZ,20250120,28.59,4.0637,0.65,36.5318,34.8343,5.905,4.3452,10670901.6806,10493816.6443
002050.SZ,20250117,28.44,4.7454,0.66,36.3401,34.6515,5.874,4.3224,10614915.8375,10438759.8939
002050.SZ,20250116,28.2,6.6006,1.0,36.0334,34.3591,5.8244,4.2859,10525338.4887,10350669.0931
002050.SZ,20250115,29.22,8.0032,1.53,37.3368,35.6019,6.0351,4.441,10906042.2213,10725054.9964
002050.SZ,20250114,28.6,4.9424,1.11,36.5445,34.8465,5.907,4.3467,10674634.0701,10497487.0944
002050.SZ,20250113,26.0,7.1167,2.2,33.2223,31.6786,5.37,3.9516,9704212.791,9543170.0858
002050.SZ,20250110,26.7,9.2384,5.38,34.1168,32.5315,5.5146,4.058,9965480.0585,9800101.5881
002050.SZ,20250109,25.08,3.5913,2.78,32.0467,30.5577,5.18,3.8118,9360832.9538,9205488.6828
601689.SH,20260702,56.75,3.6545,1.3,35.4875,35.6629,4.0109,3.3339,9862217.03,9862217.03
601689.SH,20260701,56.98,2.8018,1.07,35.6313,35.8074,4.0272,3.3474,9902187.2488,9902187.2488
601689.SH,20260630,56.42,3.7409,1.67,35.2811,35.4555,3.9876,3.3145,9804868.4552,9804868.4552
601689.SH,20260629,52.35,2.1937,0.92,32.736,32.8978,3.7,3.0754,9097569.366,9097569.366
601689.SH,20260626,52.75,2.4921,1.04,32.9861,33.1492,3.7282,3.0989,9167082.79,9167082.79
601689.SH,20260625,56.31,2.8136,1.27,35.2123,35.3864,3.9798,3.3081,9785752.2636,9785752.2636
601689.SH,20260624,58.2,1.7997,0.79,36.3942,36.5741,4.1134,3.4191,10114203.192,10114203.192
601689.SH,20260623,58.02,1.9225,0.86,36.2816,36.4609,4.1007,3.4085,10082922.1512,10082922.1512
601689.SH,20260622,60.19,2.936,1.4,37.6386,37.8246,4.2541,3.536,10460032.4764,10460032.4764
601689.SH,20260618,62.3,2.5261,1.25,38.958,39.1506,4.4032,3.66,10826715.788,10826715.788
601689.SH,20260617,60.11,1.9261,0.89,37.5886,37.7743,4.2484,3.5313,10446129.7916,10446129.7916
601689.SH,20260616,60.73,2.051,0.89,37.9763,38.164,4.2922,3.5677,10553875.5988,10553875.5988
601689.SH,20260615,61.7,1.6968,0.62,38.5828,38.7735,4.3608,3.6247,10722445.652,10722445.652
601689.SH,20260612,60.62,2.3186,0.74,37.9075,38.0948,4.2845,3.5613,10534759.4072,10534759.4072
601689.SH,20260611,61.38,2.1104,0.6,38.3827,38.5724,4.4938,3.6059,10666834.79,10666834.79
601689.SH,20260610,63.21,2.6417,0.76,39.5271,39.7225,4.6278,3.7134,10984858.7012,10984858.7012
601689.SH,20260609,67.75,2.8084,0.83,42.3661,42.5755,4.9602,3.9801,11773836.0545,11773836.0545
601689.SH,20260608,68.1,3.8388,1.29,42.5849,42.7954,4.9858,4.0007,11834660.2998,11834660.2998
601689.SH,20260605,68.0,4.3705,1.68,42.5224,42.7326,4.9785,3.9948,11817281.944,11817281.944
601689.SH,20260604,67.6,3.998,1.7,42.2723,42.4812,4.9492,3.9713,11747768.5208,11747768.5208
601689.SH,20260603,62.63,2.306,0.89,39.1644,39.358,4.5853,3.6794,10884064.2375,10884064.2375
601689.SH,20260602,62.96,2.3432,0.84,39.3708,39.5653,4.6095,3.6987,10941412.8117,10941412.8117
601689.SH,20260601,61.18,1.8226,0.62,38.2577,38.4468,4.4792,3.5942,10632078.0784,10632078.0784
601689.SH,20260529,62.4,2.5737,0.85,39.0206,39.2134,4.5685,3.6658,10844094.0192,10844094.0192
601689.SH,20260528,65.82,2.7167,0.8,41.1592,41.3626,4.8189,3.8668,11438433.7876,11438433.7876
601689.SH,20260527,67.45,3.5072,1.09,42.1785,42.387,4.9382,3.9625,11721700.9871,11721700.9871
601689.SH,20260526,71.09,3.399,1.11,44.4547,44.6744,5.2047,4.1764,12354273.1382,12354273.1382
601689.SH,20260525,71.89,2.4951,0.72,44.9549,45.1771,5.2633,4.2234,12493299.9846,12493299.9846
601689.SH,20260522,72.05,3.0007,0.76,45.055,45.2777,5.275,4.2328,12521105.3539,12521105.3539
601689.SH,20260521,72.61,4.6741,1.36,45.4052,45.6296,5.1319,4.2657,12618424.1464,12618424.1464
601689.SH,20260520,70.2,2.5059,0.75,43.8981,44.1151,4.9616,4.1241,12199605.7716,12199605.7716
601689.SH,20260519,71.21,2.6393,0.81,44.5297,44.7498,5.0329,4.1834,12375127.1652,12375127.1652
601689.SH,20260518,71.42,4.4572,1.52,44.661,44.8818,5.0478,4.1957,12411621.7124,12411621.7124
601689.SH,20260515,69.93,5.439,2.03,43.7293,43.9454,4.9425,4.1082,12152684.2109,12152684.2109
601689.SH,20260514,65.08,2.123,0.75,40.6965,40.8976,4.5997,3.8233,11309833.9546,11309833.9546
601689.SH,20260513,67.09,2.1274,0.73,41.9534,42.1607,4.7417,3.9414,11659138.9062,11659138.9062
601689.SH,20260512,67.05,2.2162,0.73,41.9284,42.1356,4.7389,3.939,11652187.5639,11652187.5639
601689.SH,20260511,66.96,2.8021,1.04,41.8721,42.079,4.7326,3.9337,11636547.0437,11636547.0437
601689.SH,20260508,66.89,4.149,1.92,41.8283,42.035,4.7276,3.9296,11624382.1946,11624382.1946
601689.SH,20260507,64.47,2.8544,1.44,40.315,40.5143,4.5566,3.7874,11203825.9843,11203825.9843
601689.SH,20260506,62.04,2.5141,1.42,38.7955,38.9872,4.3848,3.6447,10781531.9383,10781531.9383
601689.SH,20260430,60.14,2.8828,1.76,37.6073,37.7932,4.2505,3.5331,10451343.1781,10451343.1781
601689.SH,20260429,57.58,1.0636,0.62,36.0065,36.0065,4.1524,3.3827,10006457.2696,10006457.2696
601689.SH,20260428,56.67,1.4707,0.82,35.4374,35.4374,4.0868,3.3292,9848314.2319,9848314.2319
601689.SH,20260427,58.81,1.965,1.15,36.7756,36.7756,4.2411,3.4549,10220211.046,10220211.046
601689.SH,20260424,56.76,1.489,0.86,35.4937,35.4937,4.0933,3.3345,9863954.7521,9863954.7521
601689.SH,20260423,57.97,2.2119,1.23,36.2504,36.2504,4.1805,3.4056,10074232.8573,10074232.8573
601689.SH,20260422,59.67,1.4655,0.81,37.3134,37.3134,4.3031,3.5055,10369664.9059,10369664.9059
601689.SH,20260421,59.77,1.8145,1.03,37.376,37.376,4.3103,3.5113,10387043.2617,10387043.2617
601689.SH,20260420,60.57,1.5946,0.94,37.8762,37.8762,4.368,3.5583,10526070.1081,10526070.1081
601689.SH,20260417,60.97,1.5954,0.9,38.1263,38.1263,4.3969,3.5818,10595583.5313,10595583.5313
601689.SH,20260416,61.16,2.4931,1.63,38.2452,38.2452,4.4106,3.593,10628602.4073,10628602.4073
601689.SH,20260415,59.12,1.5402,0.95,36.9695,36.9695,4.2635,3.4731,10274083.949,10274083.949
601689.SH,20260414,60.04,1.5876,1.04,37.5448,37.5448,4.3298,3.5272,10433964.8223,10433964.8223
601689.SH,20260413,59.49,1.2412,0.84,37.2009,37.2009,4.2901,3.4949,10338383.8654,10338383.8654
601689.SH,20260410,60.4,2.022,1.43,37.7699,37.7699,4.3558,3.5483,10496526.9032,10496526.9032
601689.SH,20260409,58.33,1.2429,0.84,36.4755,36.4755,4.2065,3.4267,10136794.9381,10136794.9381
601689.SH,20260408,59.59,1.9884,1.54,37.2634,37.2634,4.2974,3.5008,10355762.2212,10355762.2212
601689.SH,20260407,56.27,1.166,0.92,35.1873,35.1873,4.0579,3.3057,9778800.8087,9778800.8087
601689.SH,20260403,57.65,0.9355,0.71,36.0503,36.0503,4.1575,3.3868,10018622.1187,10018622.1187
601689.SH,20260402,58.66,1.7566,1.27,36.6818,36.6818,4.2303,3.4461,10194143.5123,10194143.5123
601689.SH,20260401,58.68,1.5489,1.05,36.6943,36.6943,4.2317,3.4473,10197619.1834,10197619.1834
601689.SH,20260331,56.8,1.0659,0.68,35.5187,35.5187,4.0962,3.3369,9870906.0944,9870906.0944
601689.SH,20260330,57.4,0.9968,0.59,35.8939,35.8939,4.1394,3.3721,9975176.2292,9975176.2292
601689.SH,20260327,57.79,1.1882,0.7,36.1378,36.1378,4.1675,3.395,10042951.8168,10042951.8168
601689.SH,20260326,58.16,2.1022,1.39,36.3692,36.3692,4.1942,3.4168,10107251.7333,10107251.7333
601689.SH,20260325,57.8,1.9982,1.5,36.1441,36.1441,4.1683,3.3956,10044689.6524,10044689.6524
601689.SH,20260324,57.07,1.5214,1.25,35.6876,35.6876,4.1156,3.3527,9917827.6551,9917827.6551
601689.SH,20260323,57.05,1.6112,1.48,33.0412,36.2752,4.2598,3.7272,9914351.9839,9914351.9839
601689.SH,20260320,58.25,1.3002,1.3,33.7362,37.0382,4.3494,3.8056,10122892.2535,10122892.2535
601689.SH,20260319,59.56,1.1449,1.19,34.4949,37.8712,4.4472,3.8911,10350548.7145,10350548.7145
601689.SH,20260318,61.6,1.0729,1.09,35.6764,39.1683,4.5996,4.0244,10705067.1728,10705067.1728
601689.SH,20260317,61.5,0.9587,0.89,35.6184,39.1047,4.5921,4.0179,10687688.817,10687688.817
601689.SH,20260316,62.49,0.9835,0.87,36.1918,39.7342,4.666,4.0826,10859734.5394,10859734.5394
601689.SH,20260313,63.12,0.8504,0.75,36.5567,40.1348,4.713,4.1237,10969218.181,10969218.181
601689.SH,20260312,64.41,0.9468,0.84,37.3038,40.955,4.8094,4.208,11193398.9708,11193398.9708
601689.SH,20260311,64.85,1.1639,1.04,37.5586,41.2348,4.8422,4.2367,11269863.7363,11269863.7363
601689.SH,20260310,65.16,1.4562,1.25,37.7382,41.4319,4.8654,4.257,11323736.6393,11323736.6393
601689.SH,20260309,63.21,1.2665,1.02,36.6088,40.192,4.7198,4.1296,10984858.7012,10984858.7012
601689.SH,20260306,64.11,0.8075,0.58,37.13,40.7643,4.787,4.1884,11141263.9034,11141263.9034
601689.SH,20260305,64.23,0.9509,0.65,37.1995,40.8406,4.7959,4.1962,11162117.9303,11162117.9303
601689.SH,20260304,63.67,1.115,0.74,36.8752,40.4845,4.7541,4.1596,11064799.1379,11064799.1379
601689.SH,20260303,63.99,1.6711,1.12,37.0605,40.688,4.778,4.1806,11120409.8764,11120409.8764
601689.SH,20260302,66.69,1.6515,1.17,38.6243,42.4048,4.9796,4.3569,11589625.483,11589625.483
601689.SH,20260227,67.82,1.5889,1.16,39.2787,43.1233,5.064,4.4308,11786000.9036,11786000.9036
601689.SH,20260226,69.27,1.333,1.04,40.1185,44.0453,5.1723,4.5255,12037987.0627,12037987.0627
601689.SH,20260225,69.99,1.2828,0.9,40.5355,44.5031,5.226,4.5725,12163111.2244,12163111.2244
601689.SH,20260224,70.38,1.6068,1.13,40.7614,44.751,5.2551,4.598,12230886.812,12230886.812
601689.SH,20260213,72.01,1.2485,0.74,41.7054,45.7875,5.3768,4.7045,12514154.0116,12514154.0116
601689.SH,20260212,72.52,1.3723,0.83,42.0008,46.1118,5.4149,4.7378,12602783.6262,12602783.6262
601689.SH,20260211,71.6,0.9124,0.53,41.468,45.5268,5.3462,4.6777,12442902.7528,12442902.7528
601689.SH,20260210,72.54,1.9904,1.19,42.0124,46.1245,5.4164,4.7391,12606259.2973,12606259.2973
601689.SH,20260209,72.7,1.566,0.86,42.105,46.2262,5.4284,4.7496,12634064.6666,12634064.6666
601689.SH,20260206,72.6,2.5489,1.49,42.0471,46.1626,5.4209,4.7431,12616686.3108,12616686.3108
601689.SH,20260205,69.44,1.2688,0.7,40.217,44.1533,5.1849,4.5366,12067530.2675,12067530.2675
601689.SH,20260204,71.45,1.1887,0.61,41.3811,45.4314,5.335,4.6679,12416835.2191,12416835.2191
601689.SH,20260203,72.46,1.7957,0.86,41.966,46.0736,5.4104,4.7339,12592356.6127,12592356.6127
601689.SH,20260202,70.09,2.2617,1.0,40.5934,44.5667,5.2335,4.5791,12180489.5802,12180489.5802
601689.SH,20260130,72.18,2.0226,0.86,41.8039,45.8956,5.3895,4.7156,12543697.2164,12543697.2164
601689.SH,20260129,72.07,1.8428,0.76,41.7402,45.8256,5.3813,4.7084,12524581.0251,12524581.0251
601689.SH,20260128,74.24,1.8212,0.67,42.997,47.2054,5.5434,4.8502,12901691.3459,12901691.3459
601689.SH,20260127,75.35,2.4553,0.8,43.6398,47.9112,5.6262,4.9227,13094591.0953,13094591.0953
601689.SH,20260126,76.99,3.1666,1.0,44.5896,48.954,5.7487,5.0299,13379596.1304,13379596.1304
601689.SH,20260123,83.13,2.4983,0.78,48.1457,52.8581,6.2072,5.431,14446627.1765,14446627.1765
601689.SH,20260122,81.94,2.1365,0.71,47.4565,52.1015,6.1183,5.3533,14239824.7425,14239824.7425
601689.SH,20260121,83.42,3.3543,1.17,48.3137,53.0425,6.2288,5.4499,14497024.4084,14497024.4084
601689.SH,20260120,82.09,4.2064,1.65,47.5434,52.1968,6.1295,5.3631,14265892.2762,14265892.2762
601689.SH,20260119,78.57,3.605,1.5,45.5047,49.9586,5.8667,5.1331,13654174.1521,13654174.1521
601689.SH,20260116,74.69,2.6244,1.12,43.2576,47.4916,5.577,4.8796,12979893.947,12979893.947
601689.SH,20260115,72.4,1.2851,0.53,41.9313,46.0355,5.406,4.73,12581929.5992,12581929.5992
601689.SH,20260114,72.1,2.5876,1.09,41.7575,45.8447,5.3836,4.7104,12529794.5318,12529794.5318
601689.SH,20260113,73.58,2.6362,1.15,42.6147,46.7858,5.4941,4.8071,12786994.1976,12786994.1976
601689.SH,20260112,74.08,2.8767,1.32,42.9043,47.1037,5.5314,4.8397,12873885.9766,12873885.9766
601689.SH,20260109,75.35,2.3239,1.02,43.6398,47.9112,5.6262,4.9227,13094591.0953,13094591.0953
601689.SH,20260108,74.64,1.7018,0.67,43.2286,47.4598,5.5732,4.8763,12971204.7691,12971204.7691
601689.SH,20260107,74.8,2.2874,0.93,43.3213,47.5615,5.5852,4.8868,12999010.1384,12999010.1384
601689.SH,20260106,76.4,2.3011,1.0,44.2479,48.5789,5.7046,4.9913,13277063.8312,13277063.8312
601689.SH,20260105,77.01,2.2993,1.02,44.6012,48.9667,5.7502,5.0312,13383071.8016,13383071.8016
601689.SH,20251231,77.18,2.7915,1.48,44.6997,49.0748,5.7629,5.0423,13412615.0064,13412615.0064
601689.SH,20251230,77.88,3.0795,2.05,45.1051,49.5199,5.8151,5.088,13534263.497,13534263.497
601689.SH,20251229,71.95,1.7978,1.14,41.6707,45.7493,5.3724,4.7006,12503726.9981,12503726.9981
601689.SH,20251226,71.29,1.4837,0.9,41.2884,45.3297,5.3231,4.6575,12389029.8498,12389029.8498
601689.SH,20251225,71.83,2.0814,1.35,41.6012,45.673,5.3634,4.6928,12482872.9711,12482872.9711
601689.SH,20251224,69.18,1.0095,0.59,40.0664,43.988,5.1655,4.5196,12022346.5424,12022346.5424
601689.SH,20251223,69.44,1.1432,0.66,40.217,44.1533,5.1849,4.5366,12067530.2675,12067530.2675
601689.SH,20251222,70.35,2.151,1.37,40.744,44.732,5.2529,4.5961,12225673.3053,12225673.3053
601689.SH,20251219,69.27,1.8281,1.07,40.1185,44.0453,5.1723,4.5255,12037987.0627,12037987.0627
601689.SH,20251218,68.45,1.586,0.83,39.6436,43.5239,5.111,4.4719,11895484.5451,11895484.5451
601689.SH,20251217,69.15,1.8151,0.98,40.049,43.969,5.1633,4.5177,12017133.0357,12017133.0357
601689.SH,20251216,67.0,1.3283,0.7,38.8038,42.6019,5.0028,4.3772,11643498.386,11643498.386
601689.SH,20251215,68.28,1.3191,0.64,39.5451,43.4158,5.0983,4.4608,11865941.3402,11865941.3402
601689.SH,20251212,69.1,2.5058,1.32,40.0201,43.9372,5.1596,4.5144,12008443.8578,12008443.8578
601689.SH,20251211,69.59,2.5674,1.25,40.3039,44.2487,5.1961,4.5464,12093597.8012,12093597.8012
601689.SH,20251210,68.46,1.5453,0.78,39.6494,43.5302,5.1118,4.4726,11897222.3807,11897222.3807
601689.SH,20251209,67.48,1.5996,0.81,39.0818,42.9071,5.0386,4.4086,11726914.4938,11726914.4938
601689.SH,20251208,68.7,2.0626,0.99,39.7884,43.6828,5.1297,4.4883,11938930.4346,11938930.4346
601689.SH,20251205,68.0,1.7416,0.85,39.383,43.2377,5.0774,4.4425,11817281.944,11817281.944
601689.SH,20251204,66.7,3.3091,1.97,38.6301,42.4111,4.9804,4.3576,11591363.3186,11591363.3186
601689.SH,20251203,64.53,1.1997,0.66,37.3733,41.0313,4.8183,4.2158,11214252.9977,11214252.9977
601689.SH,20251202,64.28,1.5162,0.82,37.2285,40.8724,4.7997,4.1995,11170807.1082,11170807.1082
601689.SH,20251201,65.9,2.6631,1.61,38.1667,41.9024,4.9206,4.3053,11452336.4722,11452336.4722
601689.SH,20251128,63.01,1.5279,0.85,36.493,40.0648,4.7048,4.1165,10950101.9896,10950101.9896
601689.SH,20251127,62.27,1.4717,0.87,36.0644,39.5943,4.6496,4.0682,10821502.1567,10821502.1567
601689.SH,20251126,62.81,1.9684,1.34,36.3771,39.9377,4.6899,4.1035,10915345.278,10915345.278
601689.SH,20251125,61.58,1.6065,1.18,35.6648,39.1556,4.5981,4.0231,10701591.5016,10701591.5016
601689.SH,20251124,61.35,1.6729,1.32,35.5316,39.0093,4.5809,4.0081,10661621.2833,10661621.2833
601689.SH,20251121,60.32,2.2527,2.02,34.935,38.3544,4.504,3.9408,10482624.2186,10482624.2186
601689.SH,20251120,59.82,0.97,0.8,34.6454,38.0365,4.4666,3.9081,10395732.4396,10395732.4396
601689.SH,20251119,60.47,0.8584,0.62,35.0219,38.4498,4.5152,3.9506,10508691.7523,10508691.7523
601689.SH,20251118,60.94,1.0642,0.66,35.2941,38.7486,4.5503,3.9813,10590370.0245,10590370.0245
601689.SH,20251117,61.21,1.1989,0.57,35.4505,38.9203,4.5704,3.9989,10637291.5852,10637291.5852
601689.SH,20251114,61.17,1.4709,0.58,35.4273,38.8949,4.5674,3.9963,10630340.2429,10630340.2429
601689.SH,20251113,62.28,1.4848,0.54,36.0702,39.6007,4.6503,4.0688,10823239.9922,10823239.9922
601689.SH,20251112,62.13,1.711,0.62,35.9833,39.5053,4.6391,4.059,10797172.4585,10797172.4585
601689.SH,20251111,63.43,2.2129,0.72,36.7362,40.3319,4.7362,4.144,11023091.0839,11023091.0839
601689.SH,20251110,63.58,3.5933,1.21,36.8231,40.4273,4.7474,4.1538,11049158.6176,11049158.6176
601689.SH,20251107,68.1,3.671,1.13,39.4409,43.3013,5.0849,4.4491,11834660.2998,11834660.2998
601689.SH,20251106,72.04,2.6781,0.81,41.7228,45.8066,5.3791,4.7065,12519367.5183,12519367.5183
601689.SH,20251105,68.87,1.7445,0.48,39.8869,43.7909,5.1424,4.4994,11968473.6395,11968473.6395
601689.SH,20251104,69.15,3.5851,0.93,40.049,43.969,5.1633,4.5177,12017133.0357,12017133.0357
601689.SH,20251103,74.05,3.1908,0.83,42.8869,47.0846,5.5292,4.8378,12868672.4699,12868672.4699
601689.SH,20251031,73.78,4.9978,1.49,42.7305,46.9129,5.509,4.8201,12821750.9092,12821750.9092
601689.SH,20251030,70.26,3.0361,0.93,40.6919,43.0038,5.4081,4.5902,12210032.7851,12210032.7851
601689.SH,20251029,73.76,3.5522,1.11,42.719,45.1461,5.6775,4.8188,12818275.2381,12818275.2381
601689.SH,20251028,71.45,4.4789,1.56,41.3811,43.7322,5.4997,4.6679,12416835.2191,12416835.2191
601689.SH,20251027,70.05,3.1616,1.18,40.5703,42.8753,5.392,4.5765,12173538.2379,12173538.2379
601689.SH,20251024,70.65,2.5873,1.02,40.9178,43.2426,5.4382,4.6157,12277808.3727,12277808.3727
601689.SH,20251023,68.71,2.486,0.98,39.7942,42.0551,5.2888,4.4889,11940668.2702,11940668.2702
601689.SH,20251022,71.1,3.3267,1.27,41.1784,43.518,5.4728,4.6451,12356010.9738,12356010.9738
601689.SH,20251021,70.02,2.7639,1.06,40.5529,42.8569,5.3897,4.5745,12168324.7312,12168324.7312
601689.SH,20251020,68.07,2.2649,0.8,39.4235,41.6634,5.2396,4.4471,11829446.7931,11829446.7931
601689.SH,20251017,65.68,1.8552,0.58,38.0393,40.2006,5.0556,4.291,11414104.0894,11414104.0894
601689.SH,20251016,68.24,2.5289,0.77,39.522,41.7675,5.2527,4.4582,11858989.9979,11858989.9979
601689.SH,20251015,68.16,3.6398,1.16,39.4757,41.7185,5.2465,4.453,11845087.3133,11845087.3133
601689.SH,20251014,64.94,2.799,0.81,37.6108,39.7476,4.9986,4.2426,11285504.2565,11285504.2565
601689.SH,20251013,69.18,3.387,1.01,40.0664,42.3428,5.325,4.5196,12022346.5424,12022346.5424
601689.SH,20251010,72.8,3.6094,1.11,42.163,44.5585,5.6036,4.7561,12651443.0224,12651443.0224
601689.SH,20251009,79.5,2.9807,0.91,46.0433,48.6593,6.1194,5.1938,13815792.861,13815792.861
601689.SH,20250930,80.99,2.9309,0.86,46.9063,49.5713,6.2341,5.2912,14074730.3624,14074730.3624
601689.SH,20250929,80.52,4.3875,1.37,46.6341,49.2837,6.1979,5.2605,13993052.0902,13993052.0902
601689.SH,20250926,74.68,2.7765,0.73,43.2518,45.7092,5.7484,4.8789,12978156.1114,12978156.1114
601689.SH,20250925,77.86,3.25,0.72,45.0935,47.6556,5.9931,5.0867,13530787.8259,13530787.8259
601689.SH,20250924,76.18,3.0799,0.61,44.1205,46.6273,5.8638,4.9769,13238831.4484,13238831.4484
601689.SH,20250923,76.84,3.6327,0.63,44.5028,47.0312,5.9146,5.0201,13353528.5967,13353528.5967
601689.SH,20250922,76.33,3.2941,0.51,44.2074,46.7191,5.8754,4.9867,13264898.9821,13264898.9821
601689.SH,20250919,74.71,5.7664,0.93,43.2692,45.7275,5.7507,4.8809,12983369.6182,12983369.6182
601689.SH,20250918,81.55,6.9437,1.17,47.2306,49.9141,6.2772,5.3278,14172049.1549,14172049.1549
601689.SH,20250917,79.0,5.7632,0.97,45.7538,48.3533,6.0809,5.1612,13728901.082,13728901.082
601689.SH,20250916,77.18,6.9174,1.24,44.6997,47.2394,5.9408,5.0423,13412615.0064,13412615.0064
601689.SH,20250915,71.68,6.8448,1.32,41.5143,43.873,5.5174,4.683,12456805.4374,12456805.4374
601689.SH,20250912,67.15,4.3792,0.89,38.8907,41.1003,5.1687,4.387,11669565.9197,11669565.9197
601689.SH,20250911,68.31,5.7914,1.26,39.5625,41.8103,5.258,4.4628,11871154.847,11871154.847
601689.SH,20250910,69.14,5.7113,1.23,40.0432,42.3183,5.3219,4.517,12015395.2001,12015395.2001
601689.SH,20250909,69.65,5.0723,1.09,40.3386,42.6305,5.3612,4.5503,12104024.8147,12104024.8147
601689.SH,20250908,68.19,4.9908,1.18,39.493,41.7369,5.2488,4.4549,11850300.82,11850300.82
601689.SH,20250905,63.39,2.9988,0.65,36.713,38.7989,4.8793,4.1414,11016139.7416,11016139.7416
601689.SH,20250904,61.78,4.281,0.98,35.7806,37.8135,4.7554,4.0362,10736348.2132,10736348.2132
601689.SH,20250903,65.0,5.8951,1.53,37.6455,39.7844,5.0033,4.2465,11295931.27,11295931.27
601689.SH,20250902,67.66,5.0678,1.52,39.1861,41.4125,5.208,4.4203,11758195.5343,11758195.5343
601689.SH,20250901,61.51,2.8428,0.82,35.6242,37.6483,4.7346,4.0185,10689426.6526,10689426.6526
601689.SH,20250829,62.61,4.9417,1.53,36.2613,38.3215,4.8193,4.0904,10880588.5664,10880588.5664
601689.SH,20250828,58.69,3.1818,0.91,33.991,34.9213,4.6818,3.8343,10199357.019,10199357.019
601689.SH,20250827,58.01,3.1868,0.85,33.5972,34.5167,4.6276,3.7899,10081184.1996,10081184.1996
601689.SH,20250826,59.26,2.5177,0.56,34.3211,35.2604,4.7273,3.8715,10298413.6471,10298413.6471
601689.SH,20250825,58.58,3.5403,0.8,33.9273,34.8558,4.6731,3.8271,10180240.8276,10180240.8276
601689.SH,20250822,58.8,3.7476,0.86,34.0547,34.9867,4.6906,3.8415,10218473.2104,10218473.2104
601689.SH,20250821,55.95,4.5516,1.17,32.4041,33.2909,4.4633,3.6553,9723190.0701,9723190.0701
601689.SH,20250820,54.9,4.344,1.26,31.796,32.6662,4.3795,3.5867,9540717.3342,9540717.3342
601689.SH,20250819,54.79,6.3446,2.51,31.7323,32.6007,4.3707,3.5795,9521601.1428,9521601.1428
601689.SH,20250818,49.81,3.236,1.51,28.848,29.6376,3.9735,3.2542,8656159.024,8656159.024
601689.SH,20250815,48.85,3.4085,1.99,28.292,29.0663,3.8969,3.1914,8489326.8083,8489326.8083
601689.SH,20250814,46.81,2.1679,1.36,27.1106,27.8525,3.7341,3.0582,8134808.35,8134808.35
601689.SH,20250813,47.95,2.0489,1.24,27.7708,28.5308,3.8251,3.1326,8332921.6061,8332921.6061
601689.SH,20250812,47.31,1.7751,1.15,27.4001,28.15,3.774,3.0908,8221700.129,8221700.129
601689.SH,20250811,46.68,1.2825,0.79,27.0353,27.7752,3.7238,3.0497,8112216.4874,8112216.4874
601689.SH,20250808,46.61,1.3043,0.81,26.9947,27.7335,3.7182,3.0451,8100051.6384,8100051.6384
601689.SH,20250807,47.8,1.5635,0.97,27.6839,28.4416,3.8131,3.1228,8306854.0724,8306854.0724
601689.SH,20250806,48.02,2.3452,1.64,27.8113,28.5725,3.8307,3.1372,8345086.4552,8345086.4552
601689.SH,20250805,47.06,1.2279,0.86,27.2553,28.0013,3.7541,3.0745,8178254.2395,8178254.2395
601689.SH,20250804,47.32,1.7009,1.19,27.4059,28.156,3.7748,3.0915,8223437.9646,8223437.9646
601689.SH,20250801,45.7,1.2075,0.72,26.4677,27.1921,3.6456,2.9856,7941908.6006,7941908.6006
601689.SH,20250731,46.04,1.5752,0.94,26.6646,27.3944,3.6727,3.0079,8000995.0103,8000995.0103
601689.SH,20250730,46.56,1.4458,0.9,26.9658,27.7038,3.7142,3.0418,8091362.4605,8091362.4605
601689.SH,20250729,47.59,1.226,0.73,27.5623,28.3166,3.7964,3.1091,8270359.5252,8270359.5252
601689.SH,20250728,47.66,1.6949,0.98,27.6028,28.3583,3.8019,3.1137,8282524.3743,8282524.3743
601689.SH,20250725,47.16,2.4559,1.58,27.3133,28.0608,3.7621,3.081,8195632.5953,8195632.5953
601689.SH,20250724,48.9,1.5689,0.92,28.321,29.0961,3.9009,3.1947,8498015.9862,8498015.9862
601689.SH,20250723,48.12,1.0869,0.49,27.8693,28.632,3.8386,3.1437,8362464.811,8362464.811
601689.SH,20250722,48.4,1.5514,0.62,28.0314,28.7986,3.861,3.162,8411124.2072,8411124.2072
601689.SH,20250721,49.16,1.9716,0.83,28.4716,29.2508,3.9216,3.2117,8543199.7113,8543199.7113
601689.SH,20250718,48.95,1.5923,0.66,28.35,29.1258,3.9049,3.198,8506705.1641,8506705.1641
601689.SH,20250717,49.12,2.346,1.07,28.4484,29.227,3.9184,3.2091,8536248.369,8536248.369
601689.SH,20250716,48.35,3.6381,2.17,28.0025,28.7688,3.857,3.1588,8402435.0293,8402435.0293
601689.SH,20250715,46.71,2.9655,2.32,27.0526,27.793,3.7262,3.0516,8117429.9942,8117429.9942
601689.SH,20250714,44.61,1.3441,1.06,25.8364,26.5435,3.5586,2.9144,7752484.5224,7752484.5224
601689.SH,20250711,44.16,1.7578,1.58,25.5758,26.2757,3.5227,2.885,7674281.9213,7674281.9213
601689.SH,20250710,43.33,1.2417,1.15,25.0951,25.7819,3.4565,2.8308,7530041.5681,7530041.5681
601689.SH,20250709,43.91,1.0667,0.94,25.431,26.127,3.5028,2.8687,7630836.0318,7630836.0318
601689.SH,20250708,44.32,0.9737,0.85,25.6684,26.3709,3.5355,2.8955,7702087.2906,7702087.2906
601689.SH,20250707,43.81,1.2962,1.18,25.3731,26.0675,3.4948,2.8622,7613457.676,7613457.676
601689.SH,20250704,44.89,0.9743,0.83,25.9986,26.7101,3.581,2.9327,7801143.9186,7801143.9186
601689.SH,20250703,45.26,1.1032,0.92,26.2129,26.9303,3.6105,2.9569,7865443.8351,7865443.8351
601689.SH,20250702,45.32,1.3559,1.13,26.2476,26.966,3.6153,2.9608,7875870.8486,7875870.8486
601689.SH,20250701,46.5,0.9898,0.69,26.931,27.6681,3.7094,3.0379,8080935.447,8080935.447
601689.SH,20250630,47.25,1.08,0.7,27.3654,28.1143,3.7692,3.0869,8211273.1155,8211273.1155
601689.SH,20250627,46.72,1.3462,0.92,27.0584,27.799,3.727,3.0523,8119167.8298,8119167.8298
601689.SH,20250626,47.01,1.2041,0.74,27.2264,27.9715,3.7501,3.0712,8169565.0616,8169565.0616
601689.SH,20250625,47.86,1.3727,0.83,27.7187,28.4773,3.8179,3.1268,8317281.0859,8317281.0859
601689.SH,20250624,47.1,2.2212,1.53,27.2785,28.0251,3.7573,3.0771,8185205.5818,8185205.5818
601689.SH,20250623,44.13,1.5684,1.2,25.5584,26.2579,3.5204,2.8831,7669068.4145,7669068.4145
601689.SH,20250620,45.35,0.9886,0.71,26.265,26.9838,3.6177,2.9628,7881084.3553,7881084.3553
601689.SH,20250619,46.82,1.9679,1.66,27.1163,27.8585,3.7349,3.0588,8136546.1856,8136546.1856
601689.SH,20250618,46.31,1.5631,1.39,26.821,27.555,3.6943,3.0255,8047916.571,8047916.571
601689.SH,20250617,45.29,1.178,1.06,26.2302,26.9481,3.6129,2.9589,7870657.3418,7870657.3418
601689.SH,20250616,46.41,0.8494,0.67,26.8789,27.6145,3.7022,3.032,8065294.9268,8065294.9268
601689.SH,20250613,46.4,1.4065,1.01,26.8731,27.6086,3.7014,3.0314,8063557.0912,8063557.0912
601689.SH,20250612,47.99,0.9471,0.66,27.794,28.5546,3.6761,3.1353,8339872.9484,8339872.9484
601689.SH,20250611,48.0,1.2253,0.92,27.7998,28.5606,3.6768,3.1359,8341610.784,8341610.784
601689.SH,20250610,47.15,1.1045,0.82,27.3075,28.0548,3.6117,3.0804,8193894.7597,8193894.7597
601689.SH,20250609,47.58,1.6274,1.36,27.5565,28.3107,3.6447,3.1085,8268621.6896,8268621.6896
601689.SH,20250606,48.15,2.0809,1.93,27.8866,28.6498,3.6883,3.1457,8367678.3177,8367678.3177
601689.SH,20250605,50.0,1.1122,1.1,28.9581,29.7506,3.83,3.2666,8689177.9,8689177.9
601689.SH,20250604,49.03,0.7652,0.72,28.3963,29.1735,3.7557,3.2032,8520607.8487,8520607.8487
601689.SH,20250603,48.46,1.1561,1.07,28.0662,28.8343,3.7121,3.166,8421551.2207,8421551.2207
601689.SH,20250530,49.3,0.868,0.65,28.5527,29.3341,3.7764,3.2208,8567529.4094,8567529.4094
601689.SH,20250529,50.6,1.4932,1.23,29.3056,30.1076,3.876,3.3058,8793448.0348,8793448.0348
601689.SH,20250528,48.94,0.7682,0.6,28.3442,29.1199,3.7488,3.1973,8504967.3285,8504967.3285
601689.SH,20250527,49.08,0.9952,0.76,28.4252,29.2032,3.7596,3.2065,8529297.0266,8529297.0266
601689.SH,20250526,50.25,1.2721,0.95,29.1029,29.8994,3.8492,3.2829,8732623.7895,8732623.7895
601689.SH,20250523,51.33,2.1631,1.65,29.7284,30.542,3.9319,3.3535,8920310.0321,8920310.0321
601689.SH,20250522,50.85,0.8618,0.61,29.4504,30.2564,3.8952,3.3221,8836893.9243,8836893.9243
601689.SH,20250521,51.07,1.1032,0.76,29.5778,30.3873,3.912,3.3365,8875126.3071,8875126.3071
601689.SH,20250520,51.53,1.1808,0.71,29.8442,30.661,3.9472,3.3665,8955066.7437,8955066.7437
601689.SH,20250519,51.11,1.3747,0.73,29.6009,30.4111,3.9151,3.3391,8882077.6494,8882077.6494
601689.SH,20250516,52.62,2.0159,1.15,30.4755,31.3095,4.0307,3.4377,9144490.822,9144490.822
601689.SH,20250515,51.44,1.3877,0.81,29.7921,30.6074,3.9403,3.3606,8939426.2235,8939426.2235
601689.SH,20250514,53.36,1.3213,0.72,30.9041,31.7499,4.0874,3.4861,9273090.6549,9273090.6549
601689.SH,20250513,53.28,2.1839,1.21,30.8577,31.7023,4.0813,3.4809,9259187.9702,9259187.9702
601689.SH,20250512,53.53,2.5093,1.35,31.0025,31.851,4.1004,3.4972,9302633.8597,9302633.8597
601689.SH,20250509,50.88,1.3299,0.72,29.4677,30.2742,3.8975,3.3241,8842107.431,8842107.431
601689.SH,20250508,52.38,1.2441,0.67,30.3365,31.1667,4.0124,3.4221,9102782.768,9102782.768
601689.SH,20250507,52.45,1.8758,1.05,30.377,31.2084,4.0177,3.4266,9114947.6171,9114947.6171
601689.SH,20250506,53.41,2.048,1.2,30.933,31.7796,4.0913,3.4893,9281779.8328,9281779.8328
601689.SH,20250430,52.25,2.798,1.63,30.2612,31.0894,4.0024,3.4136,9080190.9055,9080190.9055
601689.SH,20250429,51.39,1.2181,0.71,29.7631,29.7631,4.0785,3.3574,8930737.0456,8930737.0456
601689.SH,20250428,50.62,1.2755,0.68,29.3172,29.3172,4.0174,3.3071,8796923.706,8796923.706
601689.SH,20250425,51.31,1.6007,0.95,29.7168,29.7168,4.0722,3.3522,8916834.361,8916834.361
601689.SH,20250424,50.96,1.6131,1.02,29.5141,29.5141,4.0444,3.3293,8856010.1157,8856010.1157
601689.SH,20250423,51.79,2.8622,2.02,41.8491,32.2862,4.2553,4.5685,9000250.4688,9000250.4688
601689.SH,20250422,48.96,1.2408,0.81,39.5623,30.522,4.0228,4.3189,8508442.9997,8508442.9997
601689.SH,20250421,50.13,2.0566,1.42,40.5078,31.2514,4.1189,4.4221,8711769.7625,8711769.7625
601689.SH,20250418,46.95,0.6761,0.38,37.9381,29.2689,3.8576,4.1416,8159138.0481,8159138.0481
601689.SH,20250417,46.92,1.0907,0.49,37.9139,29.2502,3.8552,4.1389,8153924.5414,8153924.5414
601689.SH,20250416,46.87,2.0162,0.75,37.8735,29.2191,3.851,4.1345,8145235.3635,8145235.3635
601689.SH,20250415,48.56,1.7764,0.61,39.2391,30.2726,3.9899,4.2836,8438929.5765,8438929.5765
601689.SH,20250414,49.07,1.6837,0.62,39.6512,30.5906,4.0318,4.3286,8527559.1911,8527559.1911
601689.SH,20250411,49.54,2.3322,0.91,40.031,30.8836,4.0704,4.37,8609237.4633,8609237.4633
601689.SH,20250410,48.19,3.3115,1.52,38.9401,30.042,3.9595,4.251,8374629.66,8374629.66
601689.SH,20250409,45.55,4.3231,2.86,36.8069,28.3962,3.7426,4.0181,7915841.0669,7915841.0669
601689.SH,20250408,45.86,2.9277,2.25,37.0574,28.5894,3.7681,4.0454,7969713.9699,7969713.9699
601689.SH,20250407,50.95,0.7362,0.53,41.1704,31.7626,4.1863,4.4944,8854272.2801,8854272.2801
601689.SH,20250403,56.61,1.5025,0.96,45.744,35.291,4.6513,4.9937,9837887.2184,9837887.2184
601689.SH,20250402,58.44,1.3783,0.86,47.2227,36.4319,4.8017,5.1551,10155911.1295,10155911.1295
601689.SH,20250401,57.38,1.0129,0.57,46.3662,35.7711,4.7146,5.0616,9971700.558,9971700.558
601689.SH,20250331,57.77,1.8699,1.06,46.6813,36.0142,4.7466,5.096,10039476.1457,10039476.1457
601689.SH,20250328,59.03,1.1985,0.59,47.6994,36.7997,4.8502,5.2072,10258443.4287,10258443.4287
601689.SH,20250327,59.59,2.3326,1.05,48.152,37.1488,4.8962,5.2566,10355762.2212,10355762.2212
601689.SH,20250326,58.68,1.603,0.71,47.4166,36.5815,4.8214,5.1763,10197619.1834,10197619.1834
601689.SH,20250325,57.93,1.9099,0.83,46.8106,36.1139,4.7598,5.1101,10067281.5149,10067281.5149
601689.SH,20250324,59.15,1.7781,0.69,47.7964,36.8745,4.86,5.2178,10279297.4557,10279297.4557
601689.SH,20250321,58.5,2.4974,0.91,47.2712,36.4693,4.8066,5.1604,10166338.143,10166338.143
601689.SH,20250320,61.33,3.281,1.36,49.558,38.2335,5.0391,5.4101,10658145.6121,10658145.6121
601689.SH,20250319,59.97,1.8741,0.79,48.459,37.3857,4.9274,5.2901,10421799.9733,10421799.9733
601689.SH,20250318,60.8,2.0734,0.79,49.1297,37.9031,4.9956,5.3633,10566040.3264,10566040.3264
601689.SH,20250317,61.91,3.1153,1.32,50.0266,38.5951,5.0868,5.4612,10758940.0758,10758940.0758
601689.SH,20250314,63.78,3.451,1.48,50.0012,38.5755,5.7626,5.4585,10753471.6276,10753471.6276
601689.SH,20250313,57.98,1.6967,0.7,45.4542,35.0675,5.2386,4.9621,9775576.7477,9775576.7477
601689.SH,20250312,59.58,1.7351,0.73,46.7086,36.0352,5.3831,5.099,10045340.8525,10045340.8525
601689.SH,20250311,59.93,3.4333,1.67,46.9829,36.2469,5.4148,5.129,10104351.7504,10104351.7504
601689.SH,20250310,63.09,1.8925,0.9,49.4603,38.1582,5.7003,5.3994,10637135.8574,10637135.8574
601689.SH,20250307,63.93,2.9089,1.36,50.1188,38.6662,5.7762,5.4713,10778762.0124,10778762.0124
601689.SH,20250306,63.53,2.2177,0.88,49.8052,38.4243,5.74,5.4371,10711320.9862,10711320.9862
601689.SH,20250305,62.26,1.4785,0.54,48.8096,37.6562,5.6253,5.3284,10497195.728,10497195.728
601689.SH,20250304,62.28,1.7729,0.64,48.8253,37.6683,5.6271,5.3301,10500567.7793,10500567.7793
601689.SH,20250303,62.04,2.1129,0.77,48.6371,37.5231,5.6054,5.3095,10460103.1636,10460103.1636
601689.SH,20250228,63.16,3.1387,1.22,49.5152,38.2005,5.7066,5.4054,10648938.037,10648938.037
601689.SH,20250227,67.01,4.1521,1.92,52.5334,40.5291,6.0545,5.7349,11298057.9142,11298057.9142
601689.SH,20250226,72.5,2.6045,1.19,56.8374,43.8495,6.5505,6.2047,12223685.9988,12223685.9988
601689.SH,20250225,72.09,1.7449,0.8,56.5159,43.6015,6.5134,6.1697,12154558.9469,12154558.9469
601689.SH,20250224,71.38,2.1408,0.95,55.9593,43.1721,6.4493,6.1089,12034851.1254,12034851.1254
601689.SH,20250221,73.15,2.189,0.98,57.347,44.2427,6.6092,6.2604,12333277.6663,12333277.6663
601689.SH,20250220,72.2,2.1388,0.93,56.6022,43.6681,6.5234,6.1791,12173105.2291,12173105.2291
601689.SH,20250219,73.19,2.7715,1.27,57.3783,44.2669,6.6128,6.2638,12340021.7689,12340021.7689
601689.SH,20250218,69.19,1.63,0.72,54.2425,41.8476,6.2514,5.9215,11665611.5069,11665611.5069
601689.SH,20250217,70.59,2.4833,1.0,55.34,42.6943,6.3779,6.0413,11901655.0986,11901655.0986
601689.SH,20250214,68.72,2.1385,0.8,53.874,41.5633,6.209,5.8812,11586368.3012,11586368.3012
601689.SH,20250213,68.9,2.4555,0.88,54.0151,41.6722,6.2252,5.8966,11616716.763,11616716.763
601689.SH,20250212,69.5,2.2095,0.77,54.4855,42.0351,6.2794,5.948,11717878.3023,11717878.3023
601689.SH,20250211,69.69,2.1108,0.75,54.6344,42.15,6.2966,5.9643,11749912.7897,11749912.7897
601689.SH,20250210,69.89,3.4853,1.32,54.7912,42.2709,6.3147,5.9814,11783633.3028,11783633.3028
601689.SH,20250207,73.21,3.1518,1.28,57.394,44.2789,6.6146,6.2655,12343393.8203,12343393.8203
601689.SH,20250206,74.73,2.942,1.12,58.5856,45.1983,6.752,6.3956,12599669.7198,12599669.7198
601689.SH,20250205,67.94,2.7021,1.05,53.2625,41.0915,6.1385,5.8145,11454858.3001,11454858.3001
601689.SH,20250127,65.67,1.85,0.75,51.4829,39.7186,5.9334,5.6202,11072130.4764,11072130.4764
601689.SH,20250124,65.53,2.5223,1.12,51.3731,39.6339,5.9207,5.6082,11048526.1172,11048526.1172
601689.SH,20250123,63.82,2.2818,1.07,50.0326,38.5997,5.7662,5.4619,10760215.7302,10760215.7302
601689.SH,20250122,64.43,3.8268,2.14,50.5108,38.9686,5.8213,5.5141,10863063.2952,10863063.2952
601689.SH,20250121,62.18,2.3404,1.25,48.7469,37.6078,5.6181,5.3215,10483707.5228,10483707.5228
601689.SH,20250120,56.53,1.3904,0.65,44.3175,34.1905,5.1076,4.838,9531103.0277,9531103.0277
601689.SH,20250117,55.37,1.407,0.54,43.4081,33.4889,5.0028,4.7387,9335524.0517,9335524.0517
601689.SH,20250116,55.88,1.6819,0.62,43.8079,33.7974,5.0488,4.7824,9421511.3601,9421511.3601
601689.SH,20250115,56.25,2.1188,0.86,44.098,34.0212,5.0823,4.814,9483894.3094,9483894.3094
601689.SH,20250114,58.0,2.7636,1.33,45.4699,35.0796,5.2404,4.9638,9778948.799,9778948.799
601689.SH,20250113,53.1,2.7534,1.63,41.6285,32.116,4.7977,4.5444,8952796.2281,8952796.2281
601689.SH,20250110,53.0,3.6538,3.16,41.5501,32.0555,4.7886,4.5359,8935935.9715,8935935.9715
601689.SH,20250109,51.38,2.2252,2.35,40.2801,31.0757,4.6423,4.3972,8662799.8154,8662799.8154
688698.SH,20260702,55.3,4.404,1.39,45.0404,46.5189,4.9439,6.0813,1183546.084,1183546.084
688698.SH,20260701,54.13,3.4211,1.11,44.0875,45.5346,4.8393,5.9526,1158505.4164,1158505.4164
688698.SH,20260630,52.45,3.1073,1.02,42.7192,44.1214,4.6891,5.7679,1122549.586,1122549.586
688698.SH,20260629,48.85,2.8909,0.94,39.7871,41.0931,4.3673,5.372,1045501.378,1045501.378
688698.SH,20260626,49.19,3.4098,1.13,40.064,41.3791,4.3977,5.4094,1052778.1532,1052778.1532
688698.SH,20260625,52.25,2.959,1.05,42.5563,43.9532,4.6712,5.7459,1118269.13,1118269.13
688698.SH,20260624,54.13,3.0228,1.14,44.0875,45.5346,4.8393,5.9526,1158505.4164,1158505.4164
688698.SH,20260623,54.68,2.9857,1.19,44.5355,45.9973,4.8885,6.0131,1170276.6704,1170276.6704
688698.SH,20260622,56.95,2.968,1.12,46.3843,47.9069,5.0914,6.2628,1218859.846,1218859.846
688698.SH,20260618,59.73,3.0996,1.18,48.6486,50.2454,5.3399,6.5685,1278358.1844,1278358.1844
688698.SH,20260617,58.3,1.971,0.68,47.4839,49.0425,5.2121,6.4112,1247752.924,1247752.924
688698.SH,20260616,59.33,2.1987,0.76,48.3228,49.9089,5.3042,6.5245,1269797.2724,1269797.2724
688698.SH,20260615,59.44,2.3008,0.74,48.4124,50.0015,5.314,6.5366,1272151.5232,1272151.5232
688698.SH,20260612,59.2,3.6316,1.09,48.2169,49.7996,5.2926,6.5102,1267014.976,1267014.976
688698.SH,20260611,57.7,2.9944,0.94,46.9952,48.5378,5.3244,6.3452,1234911.406,1234911.406
688698.SH,20260610,59.75,3.3027,1.1,48.6648,50.2622,5.5136,6.5707,1278786.0747,1278786.0747
688698.SH,20260609,64.67,2.3055,0.76,52.6721,54.401,5.9676,7.1117,1384085.2795,1384085.2795
688698.SH,20260608,65.44,3.2651,1.1,53.2992,55.0487,6.0386,7.1964,1400565.0331,1400565.0331
688698.SH,20260605,66.51,4.7585,1.78,54.1707,55.9488,5.9461,7.3141,1423465.4699,1423465.4699
688698.SH,20260604,64.38,2.2164,0.76,52.4359,54.157,5.7557,7.0798,1377878.619,1377878.619
688698.SH,20260603,64.54,2.4594,0.76,52.5662,54.2916,5.77,7.0974,1381302.9834,1381302.9834
688698.SH,20260602,64.91,2.5298,0.72,52.8675,54.6029,5.803,7.1381,1389221.826,1389221.826
688698.SH,20260601,64.79,2.881,0.69,52.7698,54.5019,5.7923,7.1249,1386653.5527,1386653.5527
688698.SH,20260529,67.5,3.3099,0.74,54.977,56.7816,6.0346,7.4229,1444653.7245,1444653.7245
688698.SH,20260528,73.17,3.4423,0.67,59.5951,61.5513,6.5415,8.0465,1566004.6374,1566004.6374
688698.SH,20260527,75.89,4.0011,0.74,61.8105,63.8393,6.7847,8.3456,1624218.8319,1624218.8319
688698.SH,20260526,80.47,4.0311,0.73,65.5407,67.6921,7.1941,8.8492,1722241.2624,1722241.2624
688698.SH,20260525,78.96,5.9727,1.12,64.3109,66.4219,7.0591,8.6832,1689923.8235,1689923.8235
688698.SH,20260522,85.4,4.9766,0.86,69.5561,71.8392,7.6349,9.3914,1827754.49,1827754.49
688698.SH,20260521,84.24,6.6758,1.38,68.6113,70.8634,7.5312,9.2638,1802927.8482,1802927.8482
688698.SH,20260520,81.59,5.4894,1.3,66.453,68.6342,7.2943,8.9724,1746211.8131,1746211.8131
688698.SH,20260519,78.1,4.5685,1.21,63.6104,65.6984,6.9823,8.5886,1671517.8649,1671517.8649
688698.SH,20260518,76.94,5.0473,1.49,62.6657,64.7226,6.8785,8.461,1646691.2232,1646691.2232
688698.SH,20260515,75.56,6.9878,2.46,61.5417,63.5618,6.7552,8.3093,1617156.0803,1617156.0803
688698.SH,20260514,68.88,2.1246,0.69,56.101,57.9425,6.158,7.5747,1474188.8673,1474188.8673
688698.SH,20260513,71.71,2.3829,0.74,58.4059,60.3231,6.411,7.8859,1534757.3124,1534757.3124
688698.SH,20260512,72.48,2.3653,0.73,59.0331,60.9708,6.4798,7.9706,1551237.066,1551237.066
688698.SH,20260511,73.23,3.0721,1.06,59.644,61.6017,6.5469,8.0531,1567288.774,1567288.774
688698.SH,20260508,74.24,4.2815,1.8,60.4666,62.4514,6.6372,8.1641,1588905.0742,1588905.0742
688698.SH,20260507,72.98,3.3127,1.57,59.4403,61.3914,6.5245,8.0256,1561938.2047,1561938.2047
688698.SH,20260506,70.7,2.9856,1.61,57.5833,59.4735,6.3207,7.7748,1513141.0122,1513141.0122
688698.SH,20260430,68.24,2.4996,1.28,55.5797,57.4041,6.1008,7.5043,1460491.4098,1460491.4098
688698.SH,20260429,65.73,1.3989,0.67,53.5354,55.2927,5.8764,7.2283,1406771.6935,1406771.6935
688698.SH,20260428,64.21,1.7276,0.74,52.2974,52.2974,5.8494,7.0611,1374240.2319,1374240.2319
688698.SH,20260427,66.84,1.9271,0.82,54.4395,54.4395,6.089,7.3504,1430528.2214,1430528.2214
688698.SH,20260424,65.92,1.7234,0.69,53.6901,53.6901,6.0052,7.2492,1410838.1262,1410838.1262
688698.SH,20260423,66.62,2.9575,1.12,54.2603,54.2603,6.0689,7.3262,1425819.7204,1425819.7204
688698.SH,20260422,69.43,2.0906,0.74,56.5489,56.5489,6.3249,7.6352,1485960.1199,1485960.1199
688698.SH,20260421,69.05,2.8995,1.02,56.2394,56.2394,6.2903,7.5934,1477827.2545,1477827.2545
688698.SH,20260420,68.7,2.1439,0.79,55.9544,55.9544,6.2584,7.5549,1470336.4574,1470336.4574
688698.SH,20260417,69.13,2.4344,0.92,56.3046,56.3046,6.2976,7.6022,1479539.4367,1479539.4367
688698.SH,20260416,70.61,3.6625,1.62,57.51,57.51,6.4324,7.7649,1511214.8072,1511214.8072
688698.SH,20260415,70.28,2.9843,1.4,61.3871,56.0498,6.5703,9.1707,1504152.0557,1504152.0557
688698.SH,20260414,70.88,2.9518,1.61,61.9112,56.5283,6.6264,9.249,1516993.4221,1516993.4221
688698.SH,20260413,68.1,1.5207,0.83,59.483,54.3112,6.3665,8.8862,1457495.0909,1457495.0909
688698.SH,20260410,68.69,2.0841,1.1,59.9983,54.7818,6.4216,8.9632,1470122.4346,1470122.4346
688698.SH,20260409,67.1,1.778,0.93,58.6095,53.5137,6.273,8.7557,1436092.8135,1436092.8135
688698.SH,20260408,69.33,2.3169,1.32,60.5573,55.2922,6.4815,9.0467,1483819.8921,1483819.8921
688698.SH,20260407,63.78,1.4825,0.8,55.7096,50.8659,5.9626,8.3225,1365037.2526,1365037.2526
688698.SH,20260403,63.28,1.4925,0.73,55.2729,50.4672,5.9159,8.2573,1354336.1139,1354336.1139
688698.SH,20260402,64.65,2.37,1.18,56.4695,51.5598,6.044,8.436,1383657.2339,1383657.2339
688698.SH,20260401,68.07,1.8641,0.81,59.4568,54.2873,6.3637,8.8823,1456853.0226,1456853.0226
688698.SH,20260331,66.67,1.5932,0.69,58.2339,53.1708,6.2328,8.6996,1426889.8343,1426889.8343
688698.SH,20260330,68.0,1.9569,0.82,59.3956,54.2315,6.3571,8.8732,1455354.8632,1455354.8632
688698.SH,20260327,69.28,2.4877,1.11,60.5137,55.2523,6.4768,9.0402,1482749.7783,1482749.7783
688698.SH,20260326,67.38,2.1488,1.04,58.8541,53.737,6.2992,8.7923,1442085.4512,1442085.4512
688698.SH,20260325,68.27,3.2991,2.06,59.6315,54.4468,6.3824,8.9084,1461133.4781,1461133.4781
688698.SH,20260324,64.4,1.6447,1.09,56.2512,51.3604,6.0206,8.4034,1378306.6646,1378306.6646
688698.SH,20260323,64.41,2.3328,1.74,56.2599,51.3684,6.0215,8.4047,1378520.6873,1378520.6873
688698.SH,20260320,66.69,1.7568,1.36,58.2514,53.1867,6.2347,8.7022,1427317.8798,1427317.8798
688698.SH,20260319,67.89,1.2997,0.98,59.2995,54.1438,6.3469,8.8588,1453000.6127,1453000.6127
688698.SH,20260318,70.62,0.9799,0.63,61.6841,56.321,6.6021,9.2151,1511428.83,1511428.83
688698.SH,20260317,69.92,1.1421,0.63,61.0727,55.7627,6.5366,9.1237,1496447.2358,1496447.2358
688698.SH,20260316,70.98,1.5094,0.75,61.9986,56.6081,6.6357,9.262,1519133.6499,1519133.6499
688698.SH,20260313,71.36,1.5063,0.69,62.3305,56.9112,6.6713,9.3116,1527266.5153,1527266.5153
688698.SH,20260312,72.9,1.4745,0.6,63.6756,58.1393,6.8152,9.5126,1560226.0225,1560226.0225
688698.SH,20260311,74.54,2.1386,0.86,65.1081,59.4473,6.9685,9.7266,1595325.7574,1595325.7574
688698.SH,20260310,76.52,2.4761,0.96,66.8376,61.0264,7.1536,9.9849,1637702.2666,1637702.2666
688698.SH,20260309,74.7,2.4869,0.9,65.2478,59.5749,6.9835,9.7474,1598750.1218,1598750.1218
688698.SH,20260306,75.81,2.3812,0.94,66.2174,60.4601,7.0873,9.8923,1622506.6497,1622506.6497
688698.SH,20260305,74.8,2.7215,1.19,65.3352,59.6546,6.9928,9.7605,1600890.3495,1600890.3495
688698.SH,20260304,74.84,2.4033,1.11,65.3701,59.6865,6.9966,9.7657,1601746.4406,1601746.4406
688698.SH,20260303,76.88,2.8945,1.37,67.152,61.3135,7.1873,10.0319,1645407.0865,1645407.0865
688698.SH,20260302,81.61,3.3978,1.87,71.2835,65.0857,7.6295,10.6491,1746639.8586,1746639.8586
688698.SH,20260227,85.12,1.291,0.64,74.3494,67.8851,7.9576,11.1071,1821761.8523,1821761.8523
688698.SH,20260226,85.52,1.4488,0.61,74.6987,70.6138,7.995,11.1593,1830322.7632,1830322.7632
688698.SH,20260225,85.5,1.769,0.71,74.6813,70.5973,7.9932,11.1567,1829894.7177,1829894.7177
688698.SH,20260224,83.75,2.677,1.16,73.1527,69.1523,7.8296,10.9284,1792440.7323,1792440.7323
688698.SH,20260213,87.69,1.888,0.77,76.5942,72.4056,8.1979,11.4425,1876765.7052,1876765.7052
688698.SH,20260212,90.2,2.282,0.98,78.7866,74.4781,8.4326,11.77,1930485.4215,1930485.4215
688698.SH,20260211,86.88,3.3248,1.62,75.8866,71.7368,8.1222,11.3368,1859429.8605,1859429.8605
688698.SH,20260210,94.15,2.2881,1.07,82.2367,77.7396,8.8018,12.2854,2015024.4172,2015024.4172
688698.SH,20260209,92.46,1.7919,0.78,80.7606,76.3442,8.6438,12.0649,1978854.5684,1978854.5684
688698.SH,20260206,91.46,2.5678,1.07,79.8871,75.5185,8.5503,11.9344,1957452.291,1957452.291
688698.SH,20260205,89.03,1.6292,0.64,77.7646,73.512,8.3232,11.6173,1905444.7569,1905444.7569
688698.SH,20260204,89.21,1.9752,0.68,77.9218,73.6607,8.34,11.6408,1909297.1669,1909297.1669
688698.SH,20260203,90.7,2.7105,0.9,79.2233,74.891,8.4793,11.8352,1941186.5602,1941186.5602
688698.SH,20260202,90.17,2.5481,0.78,78.7604,74.4533,8.4297,11.7661,1929843.3532,1929843.3532
688698.SH,20260130,94.68,3.1675,0.96,82.6997,78.1772,8.8514,12.3546,2026367.6242,2026367.6242
688698.SH,20260129,90.19,2.4098,0.71,78.7778,74.4699,8.4316,11.7687,1930271.3987,1930271.3987
688698.SH,20260128,93.2,3.6724,1.0,81.4069,76.9552,8.713,12.1615,1994692.2537,1994692.2537
688698.SH,20260127,100.67,3.2004,0.89,87.9317,83.1232,9.4114,13.1362,2154567.2659,2154567.2659
688698.SH,20260126,100.6,3.8414,1.08,87.8706,83.0654,9.4048,13.1271,2153069.1064,2153069.1064
688698.SH,20260123,111.0,3.304,0.92,96.9546,91.6527,10.3771,14.4842,2375652.7914,2375652.7914
688698.SH,20260122,106.64,2.9246,0.84,93.1463,88.0526,9.9695,13.9152,2282338.8619,2282338.8619
688698.SH,20260121,108.28,5.1075,1.58,94.5788,89.4068,10.1228,14.1292,2317438.5969,2317438.5969
688698.SH,20260120,99.85,2.8787,0.82,87.2155,82.4461,9.3347,13.0292,2137017.3984,2137017.3984
688698.SH,20260119,103.2,3.6133,0.95,90.1416,85.2122,9.6479,13.4663,2208715.0277,2208715.0277
688698.SH,20260116,98.83,3.3573,0.86,86.3246,81.6039,9.2393,12.8961,2115187.0754,2115187.0754
688698.SH,20260115,96.18,2.3741,0.61,84.0099,79.4158,8.9916,12.5503,2058471.0403,2058471.0403
688698.SH,20260114,99.22,3.9559,1.05,86.6652,81.9259,9.3006,12.947,2123533.9636,2121271.7476
688698.SH,20260113,106.03,4.3252,1.24,92.6135,87.5489,9.9389,13.8356,2269283.4727,2266865.9887
688698.SH,20260112,103.85,5.0074,1.63,90.7094,85.7489,9.7346,13.5512,2222626.508,2220258.728
688698.SH,20260109,98.57,3.8626,1.24,86.0975,81.3892,9.2396,12.8622,2109622.4833,2107375.0873
688698.SH,20260108,94.57,2.4813,0.66,82.6036,78.0864,8.8647,12.3402,2024013.3737,2021857.1777
688698.SH,20260107,96.06,3.1556,0.77,83.8157,79.2322,8.9948,12.5213,2053712.599,2053712.599
688698.SH,20260106,95.8,2.9577,0.66,83.5888,79.0178,8.9704,12.4874,2048153.9349,2048153.9349
688698.SH,20260105,98.05,2.8962,0.62,85.552,80.8736,9.1811,12.7807,2096257.7591,2096257.7591
688698.SH,20251231,98.88,4.0705,0.94,86.2762,81.5582,9.2588,12.8889,2114002.7253,2114002.7253
688698.SH,20251230,103.55,5.7974,1.64,90.351,85.4101,9.6961,13.4976,2213844.8848,2213844.8848
688698.SH,20251229,93.45,4.744,1.45,81.5384,77.0794,8.7504,12.1811,1997912.163,1997912.163
688698.SH,20251226,90.5,4.9192,1.93,78.9644,74.6462,8.4741,11.7966,1934842.7047,1934842.7047
688698.SH,20251225,83.68,3.8199,1.76,73.0137,69.0209,7.8355,10.9076,1789034.6688,1789034.6688
688698.SH,20251224,78.08,2.3543,1.18,68.1275,64.4019,7.3112,10.1776,1669309.5954,1669309.5954
688698.SH,20251223,75.66,1.7919,0.9,66.016,62.4059,7.0846,9.8622,1617571.2601,1617571.2601
688698.SH,20251222,76.25,3.4238,1.97,66.5308,62.8925,7.1398,9.9391,1630185.1518,1630185.1518
688698.SH,20251219,78.64,1.3741,0.69,68.6161,64.8638,7.3636,10.2506,1681282.1027,1681282.1027
688698.SH,20251218,79.0,1.886,0.95,68.9302,65.1608,7.3973,10.2976,1688978.7146,1688978.7146
688698.SH,20251217,82.69,1.5186,0.67,72.1499,68.2044,7.7428,10.7785,1767868.9862,1767868.9862
688698.SH,20251216,81.79,1.7291,0.68,71.3646,67.462,7.6586,10.6612,1748627.4565,1748627.4565
688698.SH,20251215,83.6,2.1825,0.81,72.9439,68.955,7.828,10.8972,1787324.3106,1787324.3106
688698.SH,20251212,87.31,2.636,0.93,76.181,72.015,8.1754,11.3808,1866642.1718,1866642.1718
688698.SH,20251211,90.0,1.8781,0.58,78.5281,74.2338,8.4273,11.7314,1924152.966,1924152.966
688698.SH,20251210,91.68,2.9482,0.99,79.994,75.6195,8.5846,11.9504,1960070.488,1960070.488
688698.SH,20251209,88.25,3.036,1.09,77.0012,72.7904,8.2635,11.5033,1886738.8806,1886738.8806
688698.SH,20251208,87.98,3.0223,1.1,76.7656,72.5677,8.2382,11.4681,1880966.4217,1880966.4217
688698.SH,20251205,88.25,3.3231,1.24,77.0012,72.7904,8.2635,11.5033,1886738.8806,1886738.8806
688698.SH,20251204,86.6,3.9526,1.69,75.5615,71.4294,8.109,11.2882,1851462.7428,1851462.7428
688698.SH,20251203,83.25,1.5375,0.56,72.6385,68.6663,7.7953,10.8515,1779841.4936,1779841.4936
688698.SH,20251202,85.91,2.0882,0.72,74.9594,70.8603,8.0443,11.1983,1836710.9034,1836710.9034
688698.SH,20251201,88.5,2.891,1.03,77.2193,72.9966,8.2869,11.5359,1892083.7499,1892083.7499
688698.SH,20251128,86.4,2.8832,0.91,75.387,71.2644,8.0902,11.2621,1847186.8474,1847186.8474
688698.SH,20251127,85.5,2.3158,0.77,74.6017,70.5221,8.006,11.1448,1827945.3177,1827945.3177
688698.SH,20251126,86.68,3.5526,1.35,75.6313,71.4954,8.1164,11.2986,1853173.101,1853173.101
688698.SH,20251125,81.64,2.7661,1.13,71.2337,67.3383,7.6445,10.6417,1745420.5349,1745420.5349
688698.SH,20251124,83.78,2.5156,0.98,73.1009,69.1034,7.8449,10.9206,1791172.6166,1791172.6166
688698.SH,20251121,84.25,4.7279,2.4,73.511,69.4911,7.8889,10.9819,1801220.971,1801220.971
688698.SH,20251120,77.2,1.5129,0.78,67.3597,63.6761,7.2288,10.0629,1650495.6553,1650495.6553
688698.SH,20251119,77.16,1.6725,0.9,67.3248,63.6431,7.225,10.0577,1649640.4762,1649640.4762
688698.SH,20251118,76.1,1.8604,0.98,66.3999,62.7688,7.1258,9.9195,1626978.2301,1626978.2301
688698.SH,20251117,75.44,3.0558,1.61,65.824,62.2244,7.064,9.8335,1612867.7751,1612867.7751
688698.SH,20251114,71.06,1.7674,0.84,62.0023,58.6117,6.6538,9.2626,1519225.664,1519225.664
688698.SH,20251113,71.94,1.2929,0.53,62.7701,59.3376,6.7362,9.3773,1538039.6042,1538039.6042
688698.SH,20251112,71.19,1.2935,0.48,62.1157,58.7189,6.666,9.2795,1522004.9961,1522004.9961
688698.SH,20251111,72.51,2.0506,0.7,63.2675,59.8077,6.7896,9.4516,1550225.9063,1550225.9063
688698.SH,20251110,73.0,3.0651,1.09,63.695,60.2119,6.8355,9.5155,1560701.8502,1560701.8502
688698.SH,20251107,77.03,2.8046,0.99,67.2113,63.5359,7.2129,10.0408,1646861.1441,1646861.1441
688698.SH,20251106,82.3,2.9191,1.01,71.8096,67.8827,7.7063,10.7277,1759530.99,1759530.99
688698.SH,20251105,81.13,2.5975,0.81,70.7887,66.9176,7.5968,10.5752,1734517.0015,1734517.0015
688698.SH,20251104,79.51,3.177,0.9,69.3752,65.5814,7.4451,10.364,1699882.2481,1699882.2481
688698.SH,20251103,86.24,2.6008,0.7,75.2474,71.1325,8.0752,11.2413,1843766.131,1843766.131
688698.SH,20251031,86.22,2.8353,0.73,75.2299,71.116,8.0734,11.2387,1843338.5414,1843338.5414
688698.SH,20251030,87.63,3.1751,0.8,76.4602,72.279,8.2054,11.4225,1873483.6046,1873483.6046
688698.SH,20251029,94.33,4.3406,1.06,82.3062,77.8053,8.8328,12.2958,2016726.1031,2016726.1031
688698.SH,20251028,88.75,4.697,1.3,77.4374,73.2028,8.3103,11.5685,1897428.6193,1897428.6193
688698.SH,20251027,81.07,3.6133,1.12,70.7364,66.8682,7.5911,10.5674,1733234.2328,1733234.2328
688698.SH,20251024,82.33,3.7229,1.29,71.8358,67.9074,7.7091,10.7316,1760172.3743,1760172.3743
688698.SH,20251023,78.65,3.5912,1.4,68.6248,66.8393,7.6774,10.2519,1681495.8975,1681495.8975
688698.SH,20251022,80.19,4.8557,2.25,69.9686,68.148,7.8277,10.4527,1714420.2927,1714420.2927
688698.SH,20251021,77.0,2.3306,0.99,67.1852,65.437,7.5163,10.0369,1646219.7598,1646219.7598
688698.SH,20251020,75.76,1.5634,0.53,66.1032,64.3832,7.3953,9.8752,1619709.2078,1619709.2078
688698.SH,20251017,74.29,2.1371,0.7,64.8206,63.134,7.2518,9.6836,1588281.376,1588281.376
688698.SH,20251016,78.5,1.9301,0.59,68.494,66.7118,7.6628,10.2324,1678288.9759,1678288.9759
688698.SH,20251015,80.45,2.8353,0.81,70.1954,68.369,7.8531,10.4866,1719978.9568,1719978.9568
688698.SH,20251014,78.5,3.2942,0.96,68.494,66.7118,7.6628,10.2324,1678288.9759,1678288.9759
688698.SH,20251013,84.01,4.6514,1.42,73.3016,71.3944,8.2006,10.9506,1796089.8964,1796089.8964
688698.SH,20251010,90.48,2.6529,0.79,78.9469,76.8928,8.8322,11.794,1934415.1152,1934415.1152
688698.SH,20251009,91.21,3.0543,0.84,79.5839,77.5131,8.9035,11.8891,1950022.1337,1950022.1337
688698.SH,20250930,95.35,3.8867,1.09,83.1962,81.0315,9.1738,12.4288,2038533.1701,2038533.1701
688698.SH,20250929,88.78,2.8954,0.71,77.4636,75.4481,8.5417,11.5724,1898070.0036,1898070.0036
688698.SH,20250926,84.88,3.8916,0.91,74.0607,72.1337,8.1664,11.064,1814690.0417,1814690.0417
688698.SH,20250925,90.3,3.0208,0.57,78.7899,76.7398,8.6879,11.7705,1930566.8092,1930566.8092
688698.SH,20250924,92.36,4.5917,0.84,80.5873,78.4905,8.8861,12.039,1974608.5327,1974608.5327
688698.SH,20250923,86.0,3.5083,0.58,75.038,73.0855,8.2742,11.21,1838635.0564,1838635.0564
688698.SH,20250922,86.51,5.3554,0.95,75.483,73.5189,8.3233,11.2765,1849538.5899,1849538.5899
688698.SH,20250919,75.82,5.0039,0.94,66.1556,64.4342,7.2948,9.883,1620991.9765,1620991.9765
688698.SH,20250918,77.8,7.9784,1.69,67.8832,66.1169,7.4853,10.1411,1663323.3417,1663323.3417
688698.SH,20250917,72.2,5.5675,1.09,62.997,61.3578,6.9465,9.4112,1543598.2683,1543598.2683
688698.SH,20250916,69.08,6.3019,1.3,60.2747,58.7064,6.6463,9.0045,1476894.2988,1476894.2988
688698.SH,20250915,62.7,3.3246,0.67,54.7079,53.2844,6.0325,8.1729,1340493.233,1340493.233
688698.SH,20250912,62.28,3.5699,0.76,54.3415,52.9275,5.9921,8.1181,1331513.8525,1331513.8525
688698.SH,20250911,64.07,4.8025,1.1,55.9033,54.4487,6.1643,8.3514,1369783.117,1369783.117
688698.SH,20250910,62.7,7.5126,2.09,54.7079,53.2844,6.0325,8.1729,1340493.233,1340493.233
688698.SH,20250909,58.05,4.9687,1.36,50.6506,49.3327,5.5851,7.5667,1241078.6631,1241078.6631
688698.SH,20250908,56.0,3.9991,1.2,48.8619,47.5906,5.3879,7.2995,1197250.7344,1197250.7344
688698.SH,20250905,52.98,2.252,0.65,46.2269,45.0241,5.0973,6.9059,1132684.7127,1132684.7127
688698.SH,20250904,51.39,3.1668,0.87,44.8396,43.6729,4.9443,6.6986,1098691.3436,1098691.3436
688698.SH,20250903,54.4,3.618,1.0,47.4659,46.2308,5.2339,7.091,1163043.5706,1163043.5706
688698.SH,20250902,55.63,5.2903,1.44,48.5391,47.2761,5.3523,7.2513,1189340.3278,1189340.3278
688698.SH,20250901,54.65,2.3948,0.54,47.684,46.4433,5.258,7.1236,1168388.4399,1168388.4399
688698.SH,20250829,55.81,2.7994,0.57,48.6962,47.4291,5.3696,7.2748,1193188.6337,1193188.6337
688698.SH,20250828,55.81,3.9956,0.83,48.6962,47.4291,5.3696,7.2748,1193188.6337,1193188.6337
688698.SH,20250827,58.0,3.6973,0.76,50.607,49.2902,5.5803,7.5602,1240009.6892,1240009.6892
688698.SH,20250826,58.99,5.4927,1.11,51.4708,50.1316,5.6755,7.6893,1261175.3718,1261175.3718
688698.SH,20250825,59.0,6.089,1.42,51.4795,50.8559,5.8799,7.6906,1261389.1666,1261389.1666
688698.SH,20250822,55.8,5.0909,1.38,48.6874,48.0976,5.561,7.2735,1192974.8389,1192974.8389
688698.SH,20250821,52.22,3.7247,1.1,45.5638,45.0118,5.2042,6.8068,1116436.3098,1116436.3098
688698.SH,20250820,54.6,3.8915,1.32,47.6404,47.0633,5.4414,7.117,1167319.466,1167319.466
688698.SH,20250819,57.0,5.8741,2.83,49.7345,49.132,5.6806,7.4299,1218630.2118,1218630.2118
688698.SH,20250818,55.4,2.8036,1.52,48.3384,47.7529,5.5212,7.2213,1184423.048,1184423.048
688698.SH,20250815,56.83,2.1166,1.15,49.5861,48.9855,5.6637,7.4077,1214995.7006,1214995.7006
688698.SH,20250814,55.4,2.2669,1.23,48.3384,47.7529,5.5212,7.2213,1184423.048,1184423.048
688698.SH,20250813,55.2,1.686,0.78,48.1639,47.5805,5.5012,7.1953,1180147.1525,1180147.1525
688698.SH,20250812,54.3,1.4993,0.68,47.3786,46.8047,5.4115,7.0779,1160905.6228,1160905.6228
688698.SH,20250811,54.97,1.6493,0.75,47.9632,47.3822,5.4783,7.1653,1175229.8727,1175229.8727
688698.SH,20250808,55.35,2.1335,1.06,48.2948,47.7098,5.5162,7.2148,1183354.0741,1183354.0741
688698.SH,20250807,57.21,2.2832,1.24,49.9177,49.313,5.7015,7.4573,1223119.9021,1223119.9021
688698.SH,20250806,57.21,3.2057,2.16,49.9177,49.313,5.7015,7.4573,1223119.9021,1223119.9021
688698.SH,20250805,54.29,1.701,1.09,47.3699,46.7961,5.4105,7.0766,1160691.828,1160691.828
688698.SH,20250804,54.46,1.6309,1.09,47.5182,46.9426,5.4275,7.0988,1164326.3392,1164326.3392
688698.SH,20250801,52.62,1.2201,0.77,45.9128,45.3566,5.2441,6.859,1124988.1008,1124988.1008
688698.SH,20250731,53.37,1.445,0.77,46.5672,46.0031,5.3189,6.9567,1141022.7088,1141022.7088
688698.SH,20250730,53.79,1.4301,0.63,46.9336,46.3651,5.3607,7.0115,1150002.0893,1150002.0893
688698.SH,20250729,54.17,2.0639,0.87,47.2652,46.6926,5.3986,7.061,1158126.2908,1158126.2908
688698.SH,20250728,55.23,1.3467,0.47,48.1901,47.6063,5.5042,7.1992,1180788.5368,1180788.5368
688698.SH,20250725,56.0,1.6448,0.49,48.8619,48.27,5.581,7.2995,1197250.7344,1197250.7344
688698.SH,20250724,56.35,2.9577,0.72,49.1673,48.5717,5.6158,7.3452,1204733.5515,1204733.5515
688698.SH,20250723,55.6,3.3048,0.7,48.5129,47.9252,5.662,7.2474,1188698.9434,1175246.5234
688698.SH,20250722,53.72,2.6882,0.6,46.8726,46.3048,5.4705,7.0023,1148505.5259,1135507.9719
688698.SH,20250721,55.18,3.9686,1.02,48.1465,47.5632,5.6192,7.1926,1179719.5629,1166368.7619
688698.SH,20250718,54.87,3.9873,1.19,47.3342,46.7608,5.5244,7.0713,1159816.1284,1159816.1284
688698.SH,20250717,54.21,6.927,3.26,46.7648,46.1983,5.458,6.9862,1145865.3604,1145865.3604
688698.SH,20250716,52.28,5.9211,4.53,45.0999,44.5535,5.2637,6.7375,1105069.9325,1105069.9325
688698.SH,20250715,45.87,1.4231,1.23,39.5702,39.0909,4.6183,5.9114,969578.3818,969578.3818
688698.SH,20250714,46.3,1.247,1.24,39.9412,39.4573,4.6616,5.9669,978667.5186,978667.5186
688698.SH,20250711,45.51,1.2247,1.31,39.2597,38.7841,4.582,5.865,961968.872,961968.872
688698.SH,20250710,44.69,0.7957,0.92,38.5523,38.0853,4.4995,5.7594,944636.0995,944636.0995
688698.SH,20250709,44.41,1.8394,2.7,38.3107,37.8466,4.4713,5.7233,938717.5918,938717.5918
688698.SH,20250708,45.31,0.7008,1.0,39.0871,38.6136,4.5619,5.8393,957741.3665,957741.3665
688698.SH,20250707,44.56,0.4594,0.57,38.4401,37.9745,4.4864,5.7426,941888.2209,941888.2209
688698.SH,20250704,44.92,0.8885,1.12,38.7507,38.2813,4.5226,5.789,949497.7308,949497.7308
688698.SH,20250703,45.51,0.4558,0.5,39.2597,38.7841,4.582,5.865,961968.872,961968.872
688698.SH,20250702,45.43,0.9035,0.9,39.1907,38.7159,4.574,5.8547,960277.8698,960277.8698
688698.SH,20250701,46.57,0.7835,0.65,40.1741,39.6874,4.6888,6.0016,984374.651,984374.651
688698.SH,20250630,47.2,1.0226,0.89,40.7176,40.2243,4.7522,6.0828,997691.2933,997691.2933
688698.SH,20250627,46.22,0.8126,0.56,39.8722,39.3891,4.6535,5.9565,976976.5164,976976.5164
688698.SH,20250626,46.55,1.0712,0.7,40.1568,39.6704,4.6867,5.9991,983951.9005,983951.9005
688698.SH,20250625,47.19,1.3234,0.89,40.7089,40.2158,4.7512,6.0815,997479.918,997479.918
688698.SH,20250624,46.3,1.8253,1.26,39.9412,39.4573,4.6616,5.9669,978667.5186,978667.5186
688698.SH,20250623,43.3,0.6973,0.46,37.3532,36.9007,4.3595,5.5802,915254.9364,915254.9364
688698.SH,20250620,42.8,2.3212,1.71,36.9219,36.4746,4.3092,5.5158,904686.1727,904686.1727
688698.SH,20250619,46.24,1.4574,0.98,39.8894,39.4062,4.6555,5.9591,977399.267,977399.267
688698.SH,20250618,46.79,1.1645,0.84,40.3639,39.8749,4.7109,6.03,989024.907,989024.907
688698.SH,20250617,46.08,1.612,1.22,39.7514,39.2698,4.6394,5.9385,974017.2626,974017.2626
688698.SH,20250616,45.37,1.0522,0.81,39.1389,38.6648,4.5679,5.847,959009.6181,959009.6181
688698.SH,20250613,46.1,1.4964,1.29,39.7686,39.2869,4.6414,5.9411,974440.0131,974440.0131
688698.SH,20250612,47.3,2.0981,2.02,40.8038,40.3095,4.7623,6.0957,999805.046,999805.046
688698.SH,20250611,45.89,0.7028,0.66,39.5875,39.1079,4.6203,5.914,970001.1324,970001.1324
688698.SH,20250610,45.52,1.246,1.19,39.2683,38.7926,4.583,5.8663,962180.2472,962180.2472
688698.SH,20250609,46.29,0.9475,0.9,39.9325,39.4488,4.6606,5.9656,978456.1433,978456.1433
688698.SH,20250606,46.48,0.811,0.68,40.0964,39.6107,4.6797,5.99,982472.2736,982472.2736
688698.SH,20250605,47.56,1.48,1.36,41.0281,40.5311,4.6622,6.1292,1005300.8031,1005300.8031
688698.SH,20250604,46.12,0.8791,0.72,39.7859,39.3039,4.521,5.9437,974862.7637,974862.7637
688698.SH,20250603,46.24,1.1189,0.93,39.8894,39.4062,4.5328,5.9591,977399.267,977399.267
688698.SH,20250530,46.5,0.9817,0.74,40.1137,39.6278,4.5583,5.9926,982895.0241,982895.0241
688698.SH,20250529,47.1,1.4919,1.16,40.6313,40.1391,4.6171,6.07,995577.5405,995577.5405
688698.SH,20250528,45.74,0.9761,0.73,39.4581,38.9801,4.4838,5.8947,966830.5033,966830.5033
688698.SH,20250527,46.13,1.5297,0.95,39.7945,39.3125,4.522,5.9449,975074.139,975074.139
688698.SH,20250526,46.42,1.0531,0.59,40.0447,39.5596,4.5505,5.9823,981204.0219,981204.0219
688698.SH,20250523,46.86,1.5521,0.79,40.4243,39.9346,4.5936,6.039,990504.534,990504.534
688698.SH,20250522,47.57,1.3384,0.64,41.0367,40.5396,4.6632,6.1305,1005512.1784,1005512.1784
688698.SH,20250521,47.91,1.23,0.55,41.3301,40.8294,4.6965,6.1743,1012698.9377,1012698.9377
688698.SH,20250520,49.0,2.9066,1.46,42.2703,41.7583,4.8034,6.3148,1035738.8426,1035738.8426
688698.SH,20250519,46.66,1.8533,0.88,40.2517,39.7641,4.574,6.0132,986277.0285,986277.0285
688698.SH,20250516,48.15,2.4698,1.23,41.5371,41.0339,4.72,6.2053,1017771.9443,1017771.9443
688698.SH,20250515,47.3,2.017,0.94,40.8038,40.3095,4.6367,6.0957,999805.046,999805.046
688698.SH,20250514,49.34,1.9458,0.79,42.5637,42.048,4.8367,6.3586,1042925.6019,1042925.6019
688698.SH,20250513,50.22,1.6493,0.6,43.3228,42.798,4.923,6.472,1061526.626,1061526.626
688698.SH,20250512,50.98,2.3996,0.91,43.9784,43.4457,4.9975,6.57,1077591.1469,1077591.1469
688698.SH,20250509,49.12,1.9915,0.76,42.3739,41.8606,4.8151,6.3303,1038275.3459,1038275.3459
688698.SH,20250508,51.05,2.7978,1.23,44.0388,43.5053,5.0043,6.579,1079070.7738,1079070.7738
688698.SH,20250507,51.03,3.4504,1.84,44.0216,43.4883,5.0024,6.5764,1078648.0232,1078648.0232
688698.SH,20250506,50.71,3.0604,1.89,43.7455,43.2156,4.971,6.5352,1071884.0145,1071884.0145
688698.SH,20250430,50.4,1.9073,1.01,43.4781,42.9514,4.9406,6.4952,1065331.381,1065331.381
688698.SH,20250429,48.47,1.9525,1.03,41.8131,41.3066,4.7514,6.2465,1024535.9531,1024535.9531
688698.SH,20250428,48.18,1.0267,0.47,41.563,41.563,4.8669,6.2091,1018406.0701,1018406.0701
688698.SH,20250425,48.98,1.4428,0.7,42.2531,42.2531,4.9477,6.3122,1035316.0921,1035316.0921
688698.SH,20250424,48.86,1.7516,0.9,42.1496,42.1496,4.9356,6.2968,1032779.5888,1032779.5888
688698.SH,20250423,50.26,3.3042,2.06,43.3573,43.3573,5.077,6.4772,1062372.1271,1062372.1271
688698.SH,20250422,47.63,1.9954,1.32,41.0885,41.0885,4.8114,6.1383,1006780.4301,1006780.4301
688698.SH,20250421,49.0,2.4051,1.63,42.2703,42.2703,4.9498,6.3148,1035738.8426,1035738.8426
688698.SH,20250418,45.3,0.8236,0.44,39.0785,39.0785,4.576,5.838,957529.9912,957529.9912
688698.SH,20250417,45.8,1.1946,0.52,39.5098,39.5098,4.6265,5.9024,968098.7549,968098.7549
688698.SH,20250416,46.07,1.5858,0.57,39.7428,39.7428,4.6538,5.9372,973805.8873,973805.8873
688698.SH,20250415,47.45,1.5267,0.49,52.5664,40.9221,4.793,7.6863,1002975.6751,1002975.6751
688698.SH,20250414,47.83,2.2295,0.69,52.9874,41.2498,4.8314,7.7479,1011007.9355,1011007.9355
688698.SH,20250411,46.98,2.8453,0.97,52.0457,40.5167,4.7456,7.6102,993041.0373,993041.0373
688698.SH,20250410,45.55,3.3966,1.37,50.4616,39.2835,4.6011,7.3786,962814.3731,962814.3731
688698.SH,20250409,43.15,3.8403,1.97,47.8028,37.2136,4.3587,6.9898,912084.3073,912084.3073
688698.SH,20250408,41.8,3.2714,1.75,46.3072,36.0494,4.2223,6.7711,883548.6453,883548.6453
688698.SH,20250407,41.12,2.859,1.78,45.5539,35.4629,4.1536,6.6609,869175.1267,869175.1267
688698.SH,20250403,51.4,1.2559,0.75,56.9423,44.3286,5.192,8.3262,1086468.9084,1086468.9084
688698.SH,20250402,53.28,1.1812,0.67,59.0251,45.95,5.3819,8.6307,1126207.4599,1126207.4599
688698.SH,20250401,53.01,1.1886,0.63,58.7259,45.7171,5.3547,8.587,1120500.3275,1120500.3275
688698.SH,20250331,53.59,2.8457,1.55,59.3685,46.2174,5.4133,8.6809,1132760.0934,1132760.0934
688698.SH,20250328,54.8,1.5695,0.8,60.709,47.2609,5.5355,8.8769,1158336.5015,1158336.5015
688698.SH,20250327,56.62,1.5694,0.75,62.7252,48.8305,5.7193,9.1718,1196806.8014,1196806.8014
688698.SH,20250326,56.72,1.6783,0.73,62.836,48.9167,5.7294,9.188,1198920.5541,1198920.5541
688698.SH,20250325,55.73,1.8142,0.76,61.7392,48.0629,5.6294,9.0276,1177994.402,1177994.402
688698.SH,20250324,56.51,2.5371,1.09,62.6033,48.7356,5.7082,9.1539,1194481.6734,1194481.6734
688698.SH,20250321,56.31,2.1917,0.85,62.3818,48.5632,5.688,9.1215,1190254.1679,1190254.1679
688698.SH,20250320,59.24,2.3057,0.77,65.6277,51.0901,5.984,9.5962,1252187.1232,1252187.1232
688698.SH,20250319,60.25,2.6075,0.81,66.7466,51.9611,6.086,9.7598,1273536.0259,1273536.0259
688698.SH,20250318,60.64,2.3393,0.67,67.1787,52.2975,6.1254,9.823,1281779.6615,1281779.6615
688698.SH,20250317,61.88,2.1841,0.61,68.5524,53.3669,6.2507,10.0238,1307990.1955,1307990.1955
688698.SH,20250314,61.07,3.5288,0.98,67.655,52.6683,6.1688,9.8926,1290868.7983,1290868.7983
688698.SH,20250313,58.7,4.3134,1.17,65.0295,50.6243,5.9294,9.5087,1240772.8584,1240772.8584
688698.SH,20250312,63.98,3.7974,1.02,70.8788,55.178,6.4628,10.364,1352379.0031,1352379.0031
688698.SH,20250311,63.87,3.6584,0.9,70.757,55.0831,6.4517,10.3462,1350053.875,1350053.875
688698.SH,20250310,65.41,2.5595,0.55,72.463,56.4112,6.6072,10.5956,1382605.6672,1382605.6672
688698.SH,20250307,66.89,3.6253,0.71,74.1026,57.6876,6.7567,10.8354,1413889.2078,1413889.2078
688698.SH,20250306,65.99,4.7154,0.86,73.1055,56.9114,6.6658,10.6896,1394865.4331,1394865.4331
688698.SH,20250305,63.37,4.1244,0.67,70.203,54.6519,6.4012,10.2652,1339485.1113,1339485.1113
688698.SH,20250304,61.04,5.3711,0.95,67.6218,52.6424,6.1658,9.8877,1290234.6725,1290234.6725
688698.SH,20250303,56.89,5.2918,0.99,63.0243,49.0634,5.7466,9.2155,1202513.9338,1202513.9338
688698.SH,20250228,60.5,6.1207,1.25,67.0236,52.1767,6.1113,9.8003,1278820.4077,1278820.4077
688698.SH,20250227,70.47,6.3947,1.45,78.0686,60.9714,7.2467,11.4153,1489561.5559,1489561.5559
688698.SH,20250226,67.3,7.5508,1.86,74.5568,58.2287,6.9207,10.9018,1422555.594,1422555.594
688698.SH,20250225,60.53,2.7842,0.64,67.0568,52.3712,6.2245,9.8051,1279454.5335,1279454.5335
688698.SH,20250224,60.7,3.8635,0.83,67.2451,52.5183,6.242,9.8327,1283047.9132,1283047.9132
688698.SH,20250221,62.81,3.8094,0.82,69.5827,54.3439,6.459,10.1745,1327648.096,1327648.096
688698.SH,20250220,61.07,4.0232,0.86,67.655,52.8384,6.2801,9.8926,1290868.7983,1290868.7983
688698.SH,20250219,61.85,5.8107,1.46,68.5191,53.5133,6.3603,10.019,1307356.0697,1307356.0697
688698.SH,20250218,57.76,4.3793,1.22,63.9881,49.9746,5.9397,9.3564,1220903.5826,1220903.5826
688698.SH,20250217,56.87,5.3885,1.66,63.0022,49.2045,5.8482,9.2123,1202091.1832,1202091.1832
688698.SH,20250214,51.5,3.7399,1.1,57.0531,44.5584,5.2959,8.3424,1088582.6611,1088582.6611
688698.SH,20250213,50.08,4.0175,1.16,55.48,43.3298,5.1499,8.1124,1058567.3722,1058567.3722
688698.SH,20250212,54.55,2.374,0.66,60.432,47.1972,5.6096,8.8364,1153052.1197,1153052.1197
688698.SH,20250211,54.03,2.3938,0.65,59.8559,46.7473,5.5561,8.7522,1142060.6054,1142060.6054
688698.SH,20250210,54.46,3.6833,0.97,60.3323,47.1194,5.6003,8.8219,1151149.7422,1151149.7422
688698.SH,20250207,55.8,4.5134,1.19,61.8168,48.2788,5.7381,9.0389,1179474.0289,1179474.0289
688698.SH,20250206,55.84,4.306,1.18,61.8611,48.3134,5.7422,9.0454,1180319.53,1180319.53
688698.SH,20250205,51.91,3.0506,0.77,57.5073,44.9131,5.3381,8.4088,1097249.0473,1097249.0473
688698.SH,20250127,50.8,2.7928,0.7,56.2776,43.9527,5.224,8.229,1073786.3919,1073786.3919
688698.SH,20250124,53.44,4.2387,1.12,59.2023,46.2369,5.4954,8.6566,1129589.4643,1129589.4643
688698.SH,20250123,50.38,4.525,1.31,55.8124,43.5893,5.1808,8.161,1064908.6304,1064908.6304
688698.SH,20250122,49.39,3.5699,1.06,54.7156,42.7328,5.079,8.0006,1043982.4783,1043982.4783
688698.SH,20250121,51.4,4.6057,1.42,56.9423,44.4718,5.2857,8.3262,1086468.9084,1086468.9084
688698.SH,20250120,48.29,3.138,0.95,53.497,41.781,4.9658,7.8224,1020731.1981,1020731.1981
688698.SH,20250117,49.1,3.0054,0.81,54.3943,42.4818,5.0491,7.9536,1037852.5953,1037852.5953
688698.SH,20250116,48.0,2.9073,0.7,53.1757,41.5301,4.936,7.7754,1014601.3152,1014601.3152
688698.SH,20250115,48.77,3.1843,0.75,54.0288,42.1963,5.0152,7.9002,1030877.2113,1030877.2113
688698.SH,20250114,49.8,3.965,0.97,55.1698,43.0875,5.1211,8.067,1052648.8645,1052648.8645
688698.SH,20250113,46.21,3.4823,0.93,51.1927,39.9814,4.752,7.4855,976765.1412,976765.1412
688698.SH,20250110,47.78,4.9628,1.47,52.932,41.3398,4.9134,7.7398,1009951.0592,1009951.0592
688698.SH,20250109,47.77,5.1772,1.8,52.9209,41.3311,4.9124,7.7382,1009739.6839,1009739.6839
002965.SZ,20260702,51.18,10.2857,0.72,87.6346,261.1094,3.2025,1.7134,1358216.3754,974547.5526
002965.SZ,20260701,50.92,11.3793,0.85,87.1895,259.783,3.1862,1.7047,1351316.4876,969596.7444
002965.SZ,20260630,50.95,13.3836,1.11,87.2408,259.936,3.1881,1.7057,1352112.6285,970167.9915
002965.SZ,20260629,49.51,20.5452,2.16,84.7751,252.5894,3.098,1.6575,1313897.8653,942748.1307
002965.SZ,20260626,51.88,12.1214,1.36,88.8332,264.6807,3.2463,1.7369,1376792.9964,987876.6516
002965.SZ,20260625,47.16,14.1324,1.87,80.7513,240.6003,2.9509,1.5789,1251533.4948,898000.4412
002965.SZ,20260624,42.87,6.3983,0.74,73.4056,218.7136,2.6825,1.4352,1137685.3461,816312.1059
002965.SZ,20260623,42.86,6.8624,0.74,73.3885,218.6626,2.6819,1.4349,1137419.9658,816121.6902
002965.SZ,20260622,43.47,7.9835,0.71,74.4329,221.7747,2.72,1.4553,1153608.1641,827737.0479
002965.SZ,20260618,43.92,9.2576,0.84,75.2035,224.0705,2.7482,1.4704,1165550.2776,836305.7544
002965.SZ,20260617,42.5,7.1978,0.67,72.772,216.8259,2.6593,1.4228,1127866.275,809266.725
002965.SZ,20260616,42.92,12.1125,1.31,73.4912,218.9687,2.6856,1.4369,1139012.2476,817264.1844
002965.SZ,20260615,40.47,9.8909,1.16,69.2961,206.4693,2.5323,1.3549,1073994.0741,770612.3379
002965.SZ,20260612,39.58,18.1139,2.67,67.7722,201.9287,2.4766,1.3251,1050375.2274,753665.3406
002965.SZ,20260611,38.54,8.0965,1.15,65.9914,196.6229,2.4421,1.2903,1022775.9036,733862.1463
002965.SZ,20260610,35.04,5.7209,0.85,59.9984,178.7666,2.2203,1.1731,929892.7779,667216.6478
002965.SZ,20260609,37.03,4.4768,0.7,63.4059,188.9192,2.3171,1.2397,982703.4694,705109.3741
002965.SZ,20260608,37.12,6.1726,1.07,63.56,189.3784,2.3227,1.2427,985091.8926,706823.1155
002965.SZ,20260605,37.82,9.439,1.95,64.7586,192.9496,2.3665,1.2662,1003668.5177,720152.2152
002965.SZ,20260604,36.67,9.3736,2.52,62.7894,187.0826,2.2945,1.2277,973149.7765,698254.4086
002965.SZ,20260603,35.5,4.0892,1.07,60.7861,181.1135,2.2213,1.1885,942100.2745,675975.7705
002965.SZ,20260602,32.27,2.852,0.63,55.2554,164.6347,2.0192,1.0804,856382.4185,614471.4962
002965.SZ,20260601,32.2,2.9806,0.61,55.1355,164.2776,2.0148,1.078,854524.756,613138.5862
002965.SZ,20260529,32.6,4.9615,0.93,55.8204,166.3183,2.0399,1.0914,865139.9703,620755.2146
002965.SZ,20260528,34.49,3.7117,0.55,59.0567,175.9607,2.1581,1.1547,915296.8582,656743.7838
002965.SZ,20260527,34.08,4.5594,0.68,58.3546,173.8689,2.1325,1.141,904416.2635,648936.7397
002965.SZ,20260526,35.37,6.3021,0.9,60.5635,180.4502,2.2132,1.1841,938650.3298,673500.3663
002965.SZ,20260525,36.79,4.8768,0.69,62.9949,187.6948,2.302,1.2317,976334.3408,700539.3971
002965.SZ,20260522,37.48,7.2212,0.98,64.1764,191.215,2.3452,1.2548,994645.5855,713678.0811
002965.SZ,20260521,38.07,10.8487,1.71,65.1866,194.2251,2.3821,1.2745,1010303.0267,724912.608
002965.SZ,20260520,36.29,4.2828,0.64,62.1388,185.1439,2.2708,1.2149,963065.3228,691018.6116
002965.SZ,20260519,36.78,7.9277,1.22,62.9778,187.6437,2.3014,1.2313,976068.9604,700348.9814
002965.SZ,20260518,35.07,5.2192,0.69,60.0498,178.9197,2.1944,1.1741,930688.919,667787.895
002965.SZ,20260515,35.82,8.637,1.12,61.334,182.746,2.2413,1.1992,950592.4459,682069.0732
002965.SZ,20260514,34.69,5.7407,0.79,59.3991,176.981,2.1706,1.1614,920604.4654,660552.098
002965.SZ,20260513,35.55,5.728,0.81,60.8717,181.3685,2.2245,1.1902,943427.1762,676927.8491
002965.SZ,20260512,35.29,7.217,1.18,60.4265,180.0421,2.2082,1.1815,936527.2869,671977.0406
002965.SZ,20260511,35.17,10.5161,2.08,60.221,179.4299,2.2007,1.1774,933342.7226,669692.0521
002965.SZ,20260508,34.93,9.3143,2.38,59.8101,178.2054,2.1857,1.1694,926973.594,665122.075
002965.SZ,20260507,31.75,3.6063,0.91,54.365,161.9818,1.9867,1.0629,842582.6398,604569.8793
002965.SZ,20260506,30.82,4.7864,1.38,52.7726,157.2371,1.9285,1.0318,817902.2664,586861.2182
002965.SZ,20260430,29.43,2.2411,0.59,50.3925,150.1456,1.8415,0.9853,781014.3965,560393.4345
002965.SZ,20260429,29.64,5.3529,1.72,50.7521,151.217,1.8546,0.9923,786587.3841,564392.1644
002965.SZ,20260428,30.76,3.5646,1.26,52.6698,52.6698,1.9149,1.0298,816309.9843,585718.724
002965.SZ,20260427,30.46,3.8256,1.53,52.1562,52.1562,1.8963,1.0198,808348.5735,580006.2527
002965.SZ,20260424,29.81,2.3717,1.0,51.0432,51.0432,1.8558,0.998,791098.8502,567629.2315
002965.SZ,20260423,30.0,3.7279,1.73,51.3685,51.3685,1.8676,1.0044,796141.077,571247.13
002965.SZ,20260422,31.23,1.9918,0.98,23.0575,33.3041,1.9429,1.2289,828782.8612,622793.6849
002965.SZ,20260421,31.02,2.0883,0.99,22.9025,33.0802,1.9298,1.2206,823209.8736,618605.8311
002965.SZ,20260420,30.95,2.0219,0.88,22.8508,33.0055,1.9255,1.2179,821352.2111,617209.8799
002965.SZ,20260417,31.02,1.6287,0.6,22.9025,33.0802,1.9298,1.2206,823209.8736,618605.8311
002965.SZ,20260416,31.07,2.5752,0.94,22.9394,33.1335,1.933,1.2226,824536.7754,619602.9392
002965.SZ,20260415,30.5,1.8005,0.62,22.5185,32.5256,1.8975,1.2002,809410.095,608235.9075
002965.SZ,20260414,30.97,2.513,0.95,22.8655,33.0269,1.9267,1.2186,821882.9718,617608.7231
002965.SZ,20260413,30.55,2.9231,1.21,22.5554,32.579,1.9006,1.2021,810736.9967,609233.0155
002965.SZ,20260410,30.48,3.7842,1.85,22.5038,32.5043,1.8963,1.1994,808879.3342,607837.0642
002965.SZ,20260409,29.42,2.7134,1.36,21.7212,31.3739,1.8303,1.1577,780749.0162,586698.3737
002965.SZ,20260408,29.37,2.5736,1.42,21.6842,31.3206,1.8272,1.1557,779422.1144,585701.2656
002965.SZ,20260407,28.0,1.2874,0.66,20.6728,29.8596,1.742,1.1018,743065.0052,558380.5052
002965.SZ,20260403,27.71,1.674,0.89,20.4586,29.5503,1.7239,1.0904,735368.9748,552597.2785
002965.SZ,20260402,28.56,1.9899,1.09,21.0862,30.4568,1.7768,1.1238,757926.3053,569548.1153
002965.SZ,20260401,29.41,2.4414,1.42,21.7138,31.3633,1.8297,1.1573,780483.6358,586498.9521
002965.SZ,20260331,28.53,1.6661,0.9,21.0641,30.4248,1.7749,1.1226,757130.1642,568949.8505
002965.SZ,20260330,28.63,1.9321,0.93,21.1379,30.5315,1.7812,1.1266,759783.9678,570944.0666
002965.SZ,20260327,29.04,1.3895,0.62,21.4406,30.9687,1.8067,1.1427,770664.5625,579120.3525
002965.SZ,20260326,28.97,1.6572,0.67,21.3889,30.894,1.8023,1.1399,768806.9,577724.4013
002965.SZ,20260325,29.44,1.9735,0.81,21.7359,31.3952,1.8316,1.1584,781279.7769,587097.2169
002965.SZ,20260324,28.76,2.2907,0.99,21.2339,30.6701,1.7892,1.1317,763233.9125,573536.5475
002965.SZ,20260323,28.43,3.0739,1.51,20.9902,30.3182,1.7687,1.1187,754476.3606,566955.6344
002965.SZ,20260320,30.2,2.1315,1.09,22.297,32.2057,1.8788,1.1883,801448.6842,602253.2592
002965.SZ,20260319,30.73,2.9682,1.7,22.6883,32.7709,1.9118,1.2092,815513.8432,612822.6045
002965.SZ,20260318,31.68,1.7726,1.01,23.3897,33.784,1.9709,1.2466,840724.9773,631767.6573
002965.SZ,20260317,31.81,1.6379,0.91,23.4857,33.9226,1.979,1.2517,844174.922,634360.1382
002965.SZ,20260316,32.4,1.6749,0.85,23.9213,34.5518,2.0157,1.2749,859832.3632,646126.0132
002965.SZ,20260313,33.05,1.6892,0.87,24.4012,35.245,2.0561,1.3005,877082.0865,659088.4177
002965.SZ,20260312,32.99,1.9677,1.06,24.3569,35.181,2.0524,1.2981,875489.8043,657891.8881
002965.SZ,20260311,33.74,1.8143,0.96,24.9107,35.9808,2.0991,1.3276,895393.3313,672848.5088
002965.SZ,20260310,33.78,1.8283,0.82,24.9402,36.0235,2.1016,1.3292,896454.8527,673646.1952
002965.SZ,20260309,33.1,2.5136,1.06,24.4381,35.2983,2.0593,1.3025,878408.9883,660085.5258
002965.SZ,20260306,33.72,1.5592,0.59,24.8959,35.9595,2.0978,1.3269,894862.5705,672449.6655
002965.SZ,20260305,33.18,1.6023,0.46,24.4972,35.3836,2.0642,1.3056,880532.0312,661680.8987
002965.SZ,20260304,32.9,1.9949,0.56,24.2905,35.085,2.0468,1.2946,873101.3811,656097.0936
002965.SZ,20260303,33.13,3.4166,1.03,24.4603,35.3303,2.0611,1.3036,879205.1294,660683.7906
002965.SZ,20260302,34.96,3.3387,1.1,25.8114,37.2819,2.175,1.3757,927769.7351,697177.9451
002965.SZ,20260227,36.19,2.8211,0.96,26.7195,38.5935,2.2515,1.4241,960411.5192,721706.803
002965.SZ,20260226,36.49,5.8158,2.72,26.941,38.9135,2.2702,1.4359,968372.93,727689.4512
002965.SZ,20260225,34.95,2.3416,1.11,25.804,37.2712,2.1743,1.3753,927504.3547,696978.5235
002965.SZ,20260224,34.79,2.269,1.04,25.6859,37.1006,2.1644,1.369,923258.269,693787.7777
002965.SZ,20260213,34.7,1.9692,0.85,25.6194,37.0046,2.1588,1.3654,920869.8457,691992.9832
002965.SZ,20260212,34.81,2.3444,1.01,25.7007,37.1219,2.1656,1.3697,923789.0297,694186.6209
002965.SZ,20260211,34.68,1.7859,0.73,25.6047,36.9833,2.1575,1.3646,920339.085,691594.14
002965.SZ,20260210,34.83,2.2146,0.88,25.7154,37.1432,2.1669,1.3705,924319.7904,694585.4641
002965.SZ,20260209,34.6,2.582,0.95,25.5456,36.8979,2.1526,1.3615,918216.0421,689998.7671
002965.SZ,20260206,34.43,2.5916,0.85,25.4201,36.7167,2.142,1.3548,913704.576,686608.5998
002965.SZ,20260205,34.16,2.4375,0.67,25.2208,36.4287,2.1252,1.3442,906539.3063,681224.2163
002965.SZ,20260204,34.63,2.3622,0.56,25.5678,36.9299,2.1544,1.3627,919012.1832,690597.032
002965.SZ,20260203,34.7,2.5607,0.56,25.6194,37.0046,2.1588,1.3654,920869.8457,691992.9832
002965.SZ,20260202,34.01,3.5769,0.67,25.11,36.2688,2.1159,1.3383,902558.601,678232.8922
002965.SZ,20260130,34.99,4.3566,0.84,25.8336,37.3138,2.1768,1.3768,928565.8761,697776.2099
002965.SZ,20260129,34.79,5.21,1.08,25.6859,37.1006,2.1644,1.369,923258.269,693787.7777
002965.SZ,20260128,36.03,5.4411,1.19,26.6014,38.4229,2.2415,1.4178,956165.4335,718516.0572
002965.SZ,20260127,37.36,4.2685,0.95,27.5834,39.8413,2.3243,1.4701,991461.0212,745039.1312
002965.SZ,20260126,37.95,7.3715,1.96,28.019,40.4704,2.361,1.4933,1007118.4624,756805.0062
002965.SZ,20260123,40.28,3.73,0.93,29.7392,42.9552,2.5059,1.585,1068952.0861,803270.2411
002965.SZ,20260122,40.11,3.3543,0.79,29.6137,42.7739,2.4954,1.5783,1064440.6199,799880.0737
002965.SZ,20260121,40.76,4.0967,0.87,30.0936,43.4671,2.5358,1.6039,1081690.3433,812842.4783
002965.SZ,20260120,40.42,4.0284,0.79,29.8426,43.1045,2.5147,1.5905,1072667.4111,806062.1436
002965.SZ,20260119,41.17,3.619,0.65,30.3963,43.9043,2.5613,1.62,1092570.938,821018.7643
002965.SZ,20260116,41.64,4.8955,0.84,30.7433,44.4055,2.5906,1.6385,1105043.8149,830391.5799
002965.SZ,20260115,40.55,4.6887,0.8,29.9386,43.2431,2.5227,1.5956,1076117.3557,808654.6245
002965.SZ,20260114,40.93,6.3438,1.12,30.2191,43.6484,2.5464,1.6106,1086201.8094,816232.6456
002965.SZ,20260113,41.69,6.0955,1.17,30.7802,44.4588,2.5937,1.6405,1106370.7167,831388.6879
002965.SZ,20260112,42.66,5.7568,1.14,31.4964,45.4932,2.654,1.6786,1132112.6115,850732.584
002965.SZ,20260109,42.27,6.3316,1.33,31.2085,45.0773,2.6297,1.6633,1121762.7775,842955.1412
002965.SZ,20260108,41.8,4.7862,0.86,30.8615,44.5761,2.6005,1.6448,1109289.9006,833582.3256
002965.SZ,20260107,41.36,5.3959,0.82,30.5366,44.1069,2.5731,1.6275,1097613.1648,824807.7748
002965.SZ,20260106,41.06,3.8129,0.59,30.3151,43.787,2.5545,1.6157,1089651.7541,818825.1266
002965.SZ,20260105,41.15,4.9023,0.77,30.3816,43.883,2.5601,1.6192,1092040.1773,820619.921
002965.SZ,20251231,40.68,4.9067,0.82,30.0346,43.3817,2.5308,1.6007,1079567.3004,811247.1054
002965.SZ,20251230,41.37,8.6583,1.84,30.544,44.1176,2.5738,1.6279,1097878.5452,825007.1964
002965.SZ,20251229,40.81,10.5583,3.4,30.1305,43.5204,2.5389,1.6058,1083017.2451,813839.5863
002965.SZ,20251226,38.14,3.337,1.13,28.1592,40.6731,2.3728,1.5008,1012160.6892,760594.0167
002965.SZ,20251225,38.78,4.3611,1.7,28.6318,41.3556,2.4126,1.526,1029145.0322,773356.9997
002965.SZ,20251224,37.86,3.1323,1.23,27.9525,40.3745,2.3554,1.4898,1004730.0392,755010.2117
002965.SZ,20251223,37.06,2.1671,0.81,27.3619,39.5213,2.3056,1.4583,983499.6105,739056.483
002965.SZ,20251222,37.39,2.5135,0.91,27.6055,39.8732,2.3261,1.4713,992257.1623,745637.3961
002965.SZ,20251219,36.62,2.566,0.82,27.037,39.0521,2.2782,1.441,971822.8747,730281.9322
002965.SZ,20251218,36.03,2.4628,0.75,26.6014,38.4229,2.2415,1.4178,956165.4335,718516.0572
002965.SZ,20251217,36.33,3.0334,0.84,26.8229,38.7428,2.2602,1.4296,964126.8442,724498.7055
002965.SZ,20251216,36.09,2.8315,0.79,26.6457,38.4869,2.2453,1.4201,957757.7156,719712.5869
002965.SZ,20251215,37.26,2.9347,0.81,27.5095,39.7346,2.3181,1.4662,988807.2176,743044.9151
002965.SZ,20251212,38.32,4.3197,1.24,28.2921,40.865,2.384,1.5079,1016937.5357,764183.6057
002965.SZ,20251211,38.39,3.3408,0.99,28.3438,40.9397,2.3884,1.5106,1018795.1982,765579.557
002965.SZ,20251210,38.62,4.5894,1.56,28.5136,41.1849,2.4027,1.5197,1024898.9465,770166.254
002965.SZ,20251209,37.72,2.7702,0.98,27.8491,40.2252,2.3467,1.4843,1001014.7141,752218.3091
002965.SZ,20251208,37.8,3.0231,1.04,27.9082,40.3105,2.3517,1.4874,1003137.757,753813.682
002965.SZ,20251205,37.71,3.6292,1.34,27.8418,40.2145,2.3461,1.4839,1000749.3338,752018.8875
002965.SZ,20251204,36.8,2.8382,1.02,27.1699,39.2441,2.2894,1.4481,976599.7211,733871.5211
002965.SZ,20251203,37.02,2.4379,0.84,27.3323,39.4787,2.3031,1.4567,982438.089,738258.7965
002965.SZ,20251202,37.31,2.2275,0.74,27.5464,39.7879,2.3212,1.4681,990134.1194,744042.0232
002965.SZ,20251201,37.42,3.3641,1.12,27.6277,39.9052,2.328,1.4725,993053.3034,746235.6609
002965.SZ,20251128,36.82,2.6435,0.84,27.1847,39.2654,2.2907,1.4488,977130.4818,734270.3643
002965.SZ,20251127,36.48,3.2611,1.0,26.9336,38.9028,2.2695,1.4355,968107.5496,727490.0296
002965.SZ,20251126,36.88,3.029,0.98,27.229,39.3294,2.2944,1.4512,978722.764,735466.894
002965.SZ,20251125,37.14,2.8503,0.94,27.4209,39.6066,2.3106,1.4614,985622.6533,740651.8558
002965.SZ,20251124,37.24,3.1842,1.03,27.4948,39.7133,2.3168,1.4654,988276.4569,742646.0719
002965.SZ,20251121,36.42,3.4736,0.96,26.8893,38.8388,2.2658,1.4331,966515.2675,726293.5
002965.SZ,20251120,37.59,3.8182,1.11,27.7532,40.0865,2.3386,1.4791,997564.7695,749625.8282
002965.SZ,20251119,38.01,2.1204,0.59,28.0633,40.5344,2.3647,1.4957,1008710.7446,758001.5358
002965.SZ,20251118,38.29,2.563,0.67,28.27,40.833,2.3821,1.5067,1016141.3946,763585.3409
002965.SZ,20251117,38.78,3.4462,0.85,28.6318,41.3556,2.4126,1.526,1029145.0322,773356.9997
002965.SZ,20251114,38.19,6.1741,1.67,28.1962,40.7264,2.3759,1.5027,1013487.591,761591.1248
002965.SZ,20251113,37.3,2.9365,0.79,27.5391,39.7773,2.3205,1.4677,989868.7391,743842.6016
002965.SZ,20251112,37.24,2.9861,0.83,27.4948,39.7133,2.3168,1.4654,988276.4569,742646.0719
002965.SZ,20251111,38.23,3.5767,0.96,28.2257,40.769,2.3784,1.5043,1014549.1125,762388.8112
002965.SZ,20251110,37.64,4.537,1.17,27.7901,40.1398,2.3417,1.4811,998891.6713,750622.9363
002965.SZ,20251107,38.38,4.447,1.1,28.3364,40.929,2.3877,1.5102,1018529.8178,765380.1353
002965.SZ,20251106,39.65,3.0671,0.69,29.2741,42.2833,2.4667,1.5602,1052233.1234,790706.6797
002965.SZ,20251105,39.24,2.3649,0.48,28.9714,41.8461,2.4412,1.5441,1041352.5287,782530.3937
002965.SZ,20251104,39.36,4.2666,0.86,29.06,41.9741,2.4487,1.5488,1044537.093,784923.453
002965.SZ,20251103,40.16,5.1721,1.07,29.6506,42.8272,2.4985,1.5803,1065767.5217,800877.1817
002965.SZ,20251031,40.25,5.3164,1.19,29.7171,42.9232,2.5041,1.5838,1068155.945,802671.9762
002965.SZ,20251030,39.97,4.9551,1.18,29.5104,42.6246,2.4867,1.5728,1060725.2949,797088.1712
002965.SZ,20251029,40.68,4.9009,1.25,30.0346,36.571,2.5603,1.6007,1079567.3004,811247.1054
002965.SZ,20251028,39.7,4.5555,1.21,29.311,35.69,2.4986,1.5622,1053560.0252,791703.7877
002965.SZ,20251027,39.54,4.3855,1.19,29.1929,35.5461,2.4886,1.5559,1049313.9395,788513.042
002965.SZ,20251024,39.43,3.5154,0.88,29.1117,35.4473,2.4817,1.5515,1046394.7555,786319.4043
002965.SZ,20251023,38.64,3.5694,0.87,28.5284,34.7371,2.4319,1.5205,1025429.7072,770565.0972
002965.SZ,20251022,39.22,3.5839,0.78,28.9566,35.2585,2.4684,1.5433,1040821.768,782131.5505
002965.SZ,20251021,39.5,3.7961,0.73,29.1633,35.5102,2.4861,1.5543,1048252.4181,787715.3556
002965.SZ,20251020,39.19,4.0324,0.7,28.9345,35.2315,2.4666,1.5421,1040025.6269,781533.2857
002965.SZ,20251017,38.69,5.0233,0.84,28.5653,34.782,2.4351,1.5224,1026756.609,771562.2052
002965.SZ,20251016,40.68,4.1572,0.67,30.0346,36.571,2.5603,1.6007,1079567.3004,811247.1054
002965.SZ,20251015,41.98,6.0893,0.97,30.9944,37.7397,2.6421,1.6519,1114066.7471,837171.9146
002965.SZ,20251014,40.29,6.6978,1.04,29.7466,36.2204,2.5358,1.5854,1069217.4664,803469.6627
002965.SZ,20251013,42.31,7.0022,1.02,31.238,38.0364,2.6629,1.6649,1122824.2989,843752.8277
002965.SZ,20251010,44.28,5.9598,0.75,32.6925,39.8074,2.7869,1.7424,1175104.2297,883038.8847
002965.SZ,20251009,45.08,5.3427,0.64,33.2831,40.5266,2.8373,1.7739,1196334.6584,898992.6134
002965.SZ,20250930,45.49,6.341,0.69,33.5858,40.8951,2.8631,1.79,1207215.2531,907168.8993
002965.SZ,20250929,46.16,7.4412,0.73,34.0805,41.4975,2.9052,1.8164,1224995.7371,920530.1471
002965.SZ,20250926,46.87,9.2965,0.93,34.6047,42.1358,2.9499,1.8443,1243837.7426,934689.0814
002965.SZ,20250925,47.47,11.3085,1.0,35.0477,42.6752,2.9877,1.8679,1259760.5642,946654.3779
002965.SZ,20250924,46.51,7.4674,0.57,34.3389,41.8121,2.9273,1.8301,1234284.0497,927509.9035
002965.SZ,20250923,46.11,10.1168,0.69,34.0436,41.4525,2.9021,1.8144,1223668.8353,919533.0391
002965.SZ,20250922,47.98,12.9966,0.96,35.4242,43.1336,3.0198,1.888,1273294.9625,956824.88
002965.SZ,20250919,45.97,8.22,0.61,33.9402,41.3267,2.8933,1.8089,1219953.5103,916741.1366
002965.SZ,20250918,46.37,17.5752,1.45,34.2356,41.6863,2.9184,1.8246,1230568.7247,924718.0009
002965.SZ,20250917,47.33,16.9294,1.68,34.9443,42.5493,2.9789,1.8624,1256045.2391,943862.4754
002965.SZ,20250916,45.48,17.3883,2.05,33.5785,40.8862,2.8624,1.7896,1206949.8727,906969.4777
002965.SZ,20250915,43.64,7.8329,0.94,32.22,39.232,2.7466,1.7172,1158119.8867,870275.9017
002965.SZ,20250912,43.66,8.0467,1.01,32.2347,39.25,2.7479,1.718,1158650.6474,870674.7449
002965.SZ,20250911,44.58,10.2343,1.4,32.914,40.0771,2.8058,1.7542,1183065.6404,889021.5329
002965.SZ,20250910,43.4,6.8068,0.94,32.0428,39.0163,2.7315,1.7078,1151750.7581,865489.7831
002965.SZ,20250909,43.69,9.5867,1.25,32.2569,39.277,2.7498,1.7192,1159446.7885,871273.0097
002965.SZ,20250908,43.75,7.1424,0.94,32.3012,39.3309,2.7535,1.7215,1161039.0706,872469.5394
002965.SZ,20250905,42.91,6.11,0.74,31.681,38.5757,2.7007,1.6885,1138747.1205,855718.1242
002965.SZ,20250904,41.29,6.9034,0.77,30.4849,37.1194,2.5987,1.6247,1095755.5023,823411.8236
002965.SZ,20250903,42.52,6.4337,0.65,31.393,38.2251,2.6761,1.6731,1128397.2865,847940.6815
002965.SZ,20250902,43.55,11.644,1.23,32.1535,39.1511,2.741,1.7137,1155731.4634,868481.1072
002965.SZ,20250901,43.31,6.98,0.66,31.9763,38.9353,2.7259,1.7042,1149362.3348,863694.9886
002965.SZ,20250829,43.84,9.3956,0.9,32.3676,39.4118,2.7592,1.7251,1163427.4939,874264.3339
002965.SZ,20250828,43.6,10.1558,0.92,32.1904,39.1961,2.7441,1.7156,1157058.3652,869478.2152
002965.SZ,20250827,43.58,11.3837,0.99,32.1757,39.1781,2.7429,1.7148,1156527.6045,869079.372
002965.SZ,20250826,45.45,9.4795,0.76,33.5563,37.2152,2.889,1.7884,1206153.7317,906371.2129
002965.SZ,20250825,46.8,12.0816,0.92,34.553,38.3206,2.9748,1.8415,1241980.0801,933293.1301
002965.SZ,20250822,45.97,9.1862,0.64,33.9402,37.641,2.922,1.8089,1219953.5103,916741.1366
002965.SZ,20250821,46.24,12.8373,0.8,34.1396,37.8621,2.9392,1.8195,1227118.78,922125.52
002965.SZ,20250820,48.54,13.8951,0.74,35.8377,39.7454,3.0854,1.91,1288156.2626,967992.4901
002965.SZ,20250819,47.17,14.6467,0.81,34.8262,38.6236,2.9983,1.8561,1251799.1534,940671.7297
002965.SZ,20250818,48.1,15.2004,0.87,35.5128,39.3851,3.0574,1.8927,1276479.5268,959217.9393
002965.SZ,20250815,47.1,15.6063,0.91,34.7745,38.5663,2.9938,1.8534,1249941.4909,939275.7784
002965.SZ,20250814,45.8,21.1067,1.27,33.8147,37.5018,2.9112,1.8022,1215442.0442,913350.9692
002965.SZ,20250813,44.65,26.7912,1.88,32.9657,36.5602,2.8381,1.7569,1184923.3029,890417.4842
002965.SZ,20250812,41.69,11.7433,0.76,30.7802,34.1365,2.65,1.6405,1106370.7167,831388.6879
002965.SZ,20250811,42.89,12.2802,0.82,31.6662,35.1191,2.7262,1.6877,1138216.3598,855319.281
002965.SZ,20250808,42.93,13.8817,0.95,31.6958,35.1518,2.7288,1.6893,1139277.8812,856116.9674
002965.SZ,20250807,43.39,18.3179,1.2,32.0354,35.5285,2.758,1.7074,1151485.3777,865290.3615
002965.SZ,20250806,42.24,15.0634,0.93,31.1863,34.5868,2.6849,1.6621,1120966.6364,842356.8764
002965.SZ,20250805,41.88,17.6993,0.98,30.9205,34.2921,2.662,1.6479,1111412.9435,835177.6985
002965.SZ,20250804,40.36,10.1033,0.58,29.7983,33.0475,2.5654,1.5881,1071075.1289,804865.6139
002965.SZ,20250801,40.15,11.7308,0.72,29.6432,32.8755,2.5521,1.5799,1065502.1414,800677.7601
002965.SZ,20250731,41.04,22.003,1.53,30.3003,33.6043,2.6087,1.6149,1089120.9933,818426.2833
002965.SZ,20250730,39.0,19.1421,1.66,28.7942,31.9339,2.479,1.5346,1034983.4001,777744.2751
002965.SZ,20250729,39.89,27.7806,3.77,29.4513,32.6626,2.5356,1.5696,1058602.2521,795492.7983
002965.SZ,20250728,36.26,6.0288,0.75,26.7712,29.6903,2.3048,1.4268,962269.1817,723102.7542
002965.SZ,20250725,36.75,7.0578,0.89,27.133,30.0915,2.336,1.4461,975272.8193,732874.4131
002965.SZ,20250724,36.6,11.8318,1.53,27.0222,29.9687,2.3264,1.4402,971292.1139,729883.0889
002965.SZ,20250723,35.24,4.8767,0.54,26.0181,28.8551,2.24,1.3867,935200.3851,702761.7501
002965.SZ,20250722,35.93,7.003,0.82,26.5276,29.4201,2.2838,1.4138,953511.6299,716521.8411
002965.SZ,20250721,36.44,9.2169,1.19,26.9041,29.8377,2.3163,1.4339,967046.0282,726692.3432
002965.SZ,20250718,35.75,6.5386,0.92,26.3947,29.2727,2.2724,1.4067,948734.7834,712932.2522
002965.SZ,20250717,36.43,11.0862,1.94,26.8967,29.8295,2.3156,1.4335,966780.6478,726492.9216
002965.SZ,20250716,35.03,11.3717,2.51,25.8631,28.6832,2.2266,1.3784,929627.3976,698573.8963
002965.SZ,20250715,35.85,4.3877,0.87,26.4685,29.3546,2.2788,1.4107,951388.587,714926.4683
002965.SZ,20250714,35.88,5.201,0.86,26.4907,29.3792,2.2807,1.4119,952184.7281,715524.7331
002965.SZ,20250711,35.47,3.5225,0.55,26.1879,29.0434,2.2546,1.3957,941304.1334,707348.4471
002965.SZ,20250710,35.3,4.0608,0.66,26.0624,28.9043,2.2438,1.389,936792.6673,703958.2798
002965.SZ,20250709,35.66,5.4711,0.96,26.3282,29.199,2.2667,1.4032,946346.3602,711137.4577
002965.SZ,20250708,35.45,6.9856,1.38,26.1732,29.0271,2.2533,1.3949,940773.3727,706949.6039
002965.SZ,20250707,34.15,10.3218,2.67,25.2134,27.9626,2.1707,1.3438,906273.926,681024.7947
002965.SZ,20250704,37.25,4.9383,1.29,27.5021,30.5009,2.3677,1.4658,988541.8373,742845.4935
002965.SZ,20250703,37.7,2.8799,0.66,27.8344,30.8694,2.3964,1.4835,1000483.9534,751819.4659
002965.SZ,20250702,37.82,3.2241,0.66,27.923,30.9677,2.404,1.4882,1003668.5177,754212.5252
002965.SZ,20250701,38.47,3.9426,0.73,28.4029,31.4999,2.4453,1.5138,1020918.2411,767174.9298
002965.SZ,20250630,39.22,4.3568,0.83,28.9566,32.114,2.493,1.5433,1040821.768,782131.5505
002965.SZ,20250627,38.89,4.7635,0.9,28.713,31.8438,2.472,1.5303,1032064.2162,775550.6374
002965.SZ,20250626,39.13,5.5237,1.04,28.8902,32.0403,2.4872,1.5397,1038433.3448,780336.756
002965.SZ,20250625,39.39,5.9957,1.25,29.0821,32.2532,2.5038,1.55,1045333.2341,785521.7179
002965.SZ,20250624,38.72,6.4993,1.56,28.5875,31.7046,2.4612,1.5236,1027552.75,772160.47
002965.SZ,20250623,36.8,3.5887,0.89,27.1699,30.1325,2.3391,1.4481,976599.7211,733871.5211
002965.SZ,20250620,36.93,4.9387,1.21,27.2659,30.2389,2.3474,1.4532,980049.6658,736464.002
002965.SZ,20250619,38.92,5.5267,1.44,28.7351,31.8684,2.4739,1.5315,1032860.3572,776148.9022
002965.SZ,20250618,38.69,3.5019,0.82,28.5653,31.68,2.4593,1.5224,1026756.609,771562.2052
002965.SZ,20250617,38.36,3.2833,0.66,28.3217,31.4098,2.4383,1.5094,1017999.0571,764981.2921
002965.SZ,20250616,38.41,2.9308,0.53,28.3586,31.4508,2.4415,1.5114,1019325.9589,765978.4002
002965.SZ,20250613,38.51,5.0964,0.91,28.4324,31.5327,2.4478,1.5153,1021979.7625,767972.6163
002965.SZ,20250612,39.98,4.3379,0.64,29.5177,32.7363,2.5413,1.5732,1060990.6753,797287.5928
002965.SZ,20250611,40.77,5.764,0.74,30.101,33.3832,2.5915,1.6043,1081955.7236,813041.8999
002965.SZ,20250610,41.05,6.672,0.89,30.3077,33.6125,2.6093,1.6153,1089386.3737,818625.7049
002965.SZ,20250609,41.78,6.0406,0.78,30.8467,34.2102,2.6557,1.644,1108759.1399,833183.4824
002965.SZ,20250606,41.69,5.275,0.7,30.7802,34.1365,2.65,1.6405,1106370.7167,831388.6879
002965.SZ,20250605,42.6,10.3912,1.66,31.4521,34.8816,2.7078,1.6763,1130520.3293,849536.0543
002965.SZ,20250604,42.13,10.7303,2.07,31.1051,34.4968,2.6779,1.6578,1118047.4525,840163.2387
002965.SZ,20250603,38.97,4.9902,0.94,28.772,31.9093,2.4771,1.5334,1034187.259,777146.0103
002965.SZ,20250530,39.76,7.1607,1.43,29.3553,32.5562,2.5273,1.5645,1055152.3074,792900.3174
002965.SZ,20250529,41.82,4.3607,0.91,30.8762,34.2429,2.6582,1.6456,1109820.6613,833981.1688
002965.SZ,20250528,54.77,5.255,0.81,31.1057,34.4974,2.6097,1.6578,1118067.868,840178.5805
002965.SZ,20250527,55.8,6.9833,1.0,31.6906,35.1462,2.6588,1.689,1139094.158,855978.908
002965.SZ,20250526,55.37,7.3259,0.92,31.4464,34.8753,2.6383,1.676,1130316.1923,849382.6548
002965.SZ,20250523,55.69,7.4221,0.77,31.6282,35.0769,2.6536,1.6857,1136848.6319,854291.4944
002965.SZ,20250522,55.61,4.0684,0.38,31.5827,35.0265,2.6497,1.6832,1135215.522,853064.2845
002965.SZ,20250521,56.12,6.5556,0.55,31.8724,35.3477,2.674,1.6987,1145626.5977,860887.7477
002965.SZ,20250520,56.56,9.6926,0.8,32.1223,35.6249,2.695,1.712,1154608.7021,867637.4021
002965.SZ,20250519,59.07,12.1085,0.95,33.5478,37.2058,2.8146,1.788,1205847.5254,906141.1129
002965.SZ,20250516,60.42,15.6339,1.21,34.3145,38.0561,2.8789,1.8288,1233406.255,926850.28
002965.SZ,20250515,58.02,9.9361,0.75,32.9515,36.5444,2.7646,1.7562,1184412.9579,890033.9829
002965.SZ,20250514,58.94,12.0357,0.87,33.474,37.1239,2.8084,1.784,1203193.7218,904146.8968
002965.SZ,20250513,57.85,10.8414,0.76,32.8549,36.4374,2.7565,1.751,1180942.5993,887426.1618
002965.SZ,20250512,59.02,15.3819,1.13,33.5194,37.1743,2.8122,1.7865,1204826.8317,905374.1067
002965.SZ,20250509,56.78,16.2787,1.29,32.2472,35.7634,2.7055,1.7187,1159099.7544,871012.2294
002965.SZ,20250508,55.51,11.7178,1.03,31.5259,34.9635,2.645,1.6802,1133174.1346,851530.2721
002965.SZ,20250507,56.46,14.6727,1.44,32.0655,35.5619,2.6902,1.709,1152567.3147,866103.3897
002965.SZ,20250506,55.1,13.5951,1.5,31.2931,34.7053,2.6254,1.6678,1124804.4464,845240.8214
002965.SZ,20250430,53.91,11.9829,1.31,30.6173,33.9557,2.5687,1.6318,1100511.9366,826986.0741
002965.SZ,20250429,49.01,10.9796,1.39,27.8344,30.8694,2.3839,1.4835,1000483.9549,751819.4674
002965.SZ,20250428,46.48,5.4011,0.67,26.3975,26.3975,2.2608,1.4069,948836.8542,713008.9542
002965.SZ,20250425,48.06,8.9627,1.3,27.2948,27.2948,2.3377,1.4547,981090.7748,737246.3498
002965.SZ,20250424,46.85,8.0925,1.3,26.6076,26.6076,2.2788,1.4181,956389.9875,718684.8
002965.SZ,20250423,47.71,12.4505,2.39,27.0961,27.0961,2.3207,1.4441,973945.919,731877.3065
002965.SZ,20250422,44.45,4.5692,0.83,22.3092,22.7696,2.2167,1.591,907396.6904,681868.5029
002965.SZ,20250421,45.62,5.9783,0.97,22.8964,23.3689,2.2751,1.6329,931280.9228,699816.4478
002965.SZ,20250418,43.55,3.4283,0.46,21.8575,22.3085,2.1718,1.5588,889024.204,668062.3915
002965.SZ,20250417,43.72,4.766,0.52,21.9428,22.3956,2.1803,1.5649,892494.5625,670670.2125
002965.SZ,20250416,43.98,7.3312,0.67,22.0733,22.5288,2.1933,1.5742,897802.1697,674658.6447
002965.SZ,20250415,46.23,6.1852,0.54,23.2026,23.6814,2.3055,1.6547,943733.3858,709173.9233
002965.SZ,20250414,46.6,9.0558,0.92,23.3883,23.8709,2.3239,1.668,951286.5191,714849.7691
002965.SZ,20250411,45.45,9.8074,1.02,22.8111,23.2818,2.2666,1.6268,927810.5642,697208.6267
002965.SZ,20250410,43.72,13.5856,1.59,21.9428,22.3956,2.1803,1.5649,892494.5625,670670.2125
002965.SZ,20250409,42.31,16.2384,2.47,21.2351,21.6733,2.11,1.5144,863711.0005,649040.638
002965.SZ,20250408,40.3,8.1295,1.11,20.2263,20.6437,2.0097,1.4425,822679.1141,618206.9891
002965.SZ,20250407,44.78,1.7015,0.2,22.4825,22.9465,2.2335,1.6034,914446.281,686930.7438
002965.SZ,20250403,49.75,8.5649,1.01,24.9778,25.4932,2.4814,1.7813,1015937.9741,763171.1591
002965.SZ,20250402,52.17,8.1332,0.96,26.1928,26.7333,2.6021,1.868,1065356.4644,800294.2586
002965.SZ,20250401,50.96,6.3612,0.7,25.5853,26.1132,2.5417,1.8247,1040647.2192,781732.7088
002965.SZ,20250331,51.78,11.7131,1.33,25.997,26.5334,2.5826,1.854,1057392.3276,794311.6104
002965.SZ,20250328,54.6,8.7269,0.81,27.4128,27.9785,2.7233,1.955,1114979.1635,837570.7595
002965.SZ,20250327,56.82,7.3022,0.55,28.5274,29.1161,2.834,2.0345,1160313.4811,871625.8343
002965.SZ,20250326,57.8,8.3172,0.58,29.0194,29.6182,2.8829,2.0696,1180325.9276,886659.1556
002965.SZ,20250325,57.66,9.4826,0.64,28.9491,29.5465,2.8759,2.0646,1177467.0067,884511.5383
002965.SZ,20250324,60.84,10.0621,0.62,30.5457,31.176,3.0345,2.1784,1242405.3536,933293.132
002965.SZ,20250321,61.99,19.025,1.3,31.1231,31.7653,3.0919,2.2196,1265889.347,950934.2744
002965.SZ,20250320,67.11,19.952,1.59,33.6937,34.3889,3.3472,2.4029,1370444.1696,1029475.7082
002965.SZ,20250319,61.02,13.2293,1.14,30.6361,31.2683,3.0435,2.1849,1246081.1091,936054.3543
002965.SZ,20250318,60.09,11.9156,1.06,30.1692,30.7917,2.9971,2.1516,1227089.7057,921788.0391
002965.SZ,20250317,59.96,17.295,1.74,30.1039,30.7251,2.9906,2.1469,1224434.9934,919793.823
002965.SZ,20250314,56.18,11.0103,1.09,28.2061,28.7881,2.8021,2.0116,1147244.1283,861808.1551
002965.SZ,20250313,52.0,9.4497,0.88,26.1074,26.6462,2.5936,1.8619,1061884.9176,797686.4376
002965.SZ,20250312,55.51,8.3351,0.73,27.8697,28.4448,2.7687,1.9876,1133562.1495,851530.2721
002965.SZ,20250311,57.23,9.9703,0.86,28.7332,29.3262,2.8544,2.0492,1168686.0353,877915.2851
002965.SZ,20250310,56.28,10.9931,1.0,28.2563,28.8394,2.8071,2.0152,1149286.2147,863342.1675
002965.SZ,20250307,58.43,11.7067,1.02,29.3357,29.9411,2.9143,2.0921,1193191.0718,896323.4336
002965.SZ,20250306,56.85,12.8637,1.07,28.5425,29.1314,2.8355,2.0356,1160926.107,872086.038
002965.SZ,20250305,56.13,11.3228,0.86,28.181,28.7625,2.7996,2.0098,1146223.0851,861041.1489
002965.SZ,20250304,52.39,11.0732,0.85,26.3032,26.846,2.613,1.8759,1069849.0545,803669.0859
002965.SZ,20250303,50.17,7.8205,0.55,25.1887,25.7084,2.5023,1.7964,1024514.7368,769614.011
002965.SZ,20250228,50.7,14.1767,0.98,25.4548,25.98,2.5288,1.8154,1035337.7947,777744.2767
002965.SZ,20250227,55.89,15.7548,1.1,28.0605,28.6395,2.7876,2.0012,1141322.0778,857359.5192
002965.SZ,20250226,59.36,17.075,1.16,29.8026,30.4176,2.9607,2.1254,1212182.4752,910589.7488
002965.SZ,20250225,56.25,10.6461,0.72,28.2412,28.824,2.8056,2.0141,1148673.5888,862881.9638
002965.SZ,20250224,56.97,13.981,0.97,28.6027,29.1929,2.8415,2.0399,1163376.6107,870120.6872
002965.SZ,20250221,56.14,14.7974,1.07,28.186,28.7676,2.8001,2.0101,1146427.2937,857443.8367
002965.SZ,20250220,53.72,15.6116,1.17,26.971,27.5275,2.6794,1.9235,1097008.8033,820482.4173
002965.SZ,20250219,54.34,19.0645,1.56,27.2823,27.8452,2.7103,1.9457,1109669.7389,829951.8719
002965.SZ,20250218,49.4,10.9145,0.87,24.8021,25.3139,2.4639,1.7688,1008790.6717,754501.7017
002965.SZ,20250217,50.4,11.8832,0.9,25.3041,25.8263,2.5138,1.8046,1029211.5355,769775.0155
002965.SZ,20250214,48.4,11.8648,0.77,24.3,24.8014,2.414,1.733,988369.8079,739228.3879
002965.SZ,20250213,49.57,12.8096,0.8,24.8874,25.401,2.4724,1.7749,1012262.2186,757098.1651
002965.SZ,20250212,52.55,13.8203,0.83,26.3836,26.928,2.621,1.8816,1073116.3927,802612.6402
002965.SZ,20250211,50.2,12.4908,0.68,25.2037,25.7238,2.5038,1.7975,1025127.3628,766720.3528
002965.SZ,20250210,49.21,15.0256,0.74,24.7067,25.2165,2.4544,1.762,1004910.7076,751599.7721
002965.SZ,20250207,50.6,22.9834,1.22,25.4045,25.9288,2.5238,1.8118,1033295.7083,772829.6783
002965.SZ,20250206,48.8,15.8168,0.79,24.5008,25.0064,2.434,1.7473,996538.1534,745337.7134
002965.SZ,20250205,44.36,17.0266,0.8,22.2717,22.7312,2.2125,1.5884,905869.5182,677524.2002
002965.SZ,20250127,43.1,21.1227,1.14,21.639,22.0856,2.1497,1.5432,880139.2298,658279.8248
002965.SZ,20250124,47.04,24.4318,1.46,23.6172,24.1045,2.3462,1.6843,960597.4332,718456.6812
002965.SZ,20250123,42.76,16.1102,0.87,21.4683,21.9113,2.1327,1.5311,873196.1361,653086.8981
002965.SZ,20250122,43.02,21.105,1.21,21.5989,22.0446,2.1457,1.5404,878505.5607,657057.9597
002965.SZ,20250121,41.2,23.0775,1.57,20.6851,21.112,2.0549,1.4752,841339.5886,629260.5286
002965.SZ,20250120,40.35,8.2636,0.57,20.2584,20.6764,2.0125,1.4448,823981.8543,616278.2118
002965.SZ,20250117,36.68,15.1608,1.15,18.4158,18.7958,1.8295,1.3134,749037.2842,560225.1502
002965.SZ,20250116,37.27,24.464,2.38,18.712,19.0981,1.8589,1.3345,761085.5938,569236.4053
002965.SZ,20250115,36.26,16.069,1.86,18.2049,18.5806,1.8085,1.2983,740460.5214,553810.3584
002965.SZ,20250114,34.56,9.5216,1.22,17.3514,17.7095,1.7237,1.2375,705745.0529,527845.7249
002965.SZ,20250113,32.5,7.4352,1.04,16.3171,16.6539,1.621,1.1637,663678.0735,496382.6985
002965.SZ,20250110,32.49,8.6881,1.33,16.3121,16.6487,1.6205,1.1633,663473.8649,496229.9654
002965.SZ,20250109,32.5,9.7153,1.54,16.3171,16.6539,1.621,1.1637,663678.0735,496382.6985
