ts_code,trade_date,close,turnover_rate,volume_ratio,pe,pe_ttm,pb,ps,total_mv,circ_mv,dv_ratio
002708.SZ,20260702,12.97,6.846,1.27,72.198,67.7593,4.1215,2.6839,729041.106,670103.6102,
002708.SZ,20260701,12.87,4.8792,0.91,71.6413,67.2369,4.0897,2.6632,723420.126,664937.0442,
002708.SZ,20260630,13.19,4.917,0.9,73.4226,68.9087,4.1914,2.7294,741407.262,681470.0554,
002708.SZ,20260629,12.65,6.4506,1.11,70.4167,66.0876,4.0198,2.6177,711053.97,653570.599,
002708.SZ,20260626,13.37,5.2384,0.8,74.4246,69.8491,4.2486,2.7666,751525.026,690769.8742,
002708.SZ,20260625,14.0,5.5322,0.84,77.9315,73.1404,4.4488,2.897,786937.2,723319.24,
002708.SZ,20260624,14.83,4.5796,0.67,82.5518,77.4766,4.7126,3.0688,833591.334,766201.7378,
002708.SZ,20260623,14.92,5.6526,0.82,83.0527,77.9468,4.7412,3.0874,838650.216,770851.6472,
002708.SZ,20260622,14.98,7.993,1.2,83.3867,78.2602,4.7602,3.0998,842022.804,773951.5868,
002708.SZ,20260618,15.18,8.9137,1.47,84.5,79.3051,4.8238,3.1412,853264.764,784284.7188,
002708.SZ,20260617,14.13,5.6891,0.91,78.6552,73.8195,4.4901,2.9239,794244.474,730035.7758,
002708.SZ,20260616,13.94,6.1054,0.91,77.5975,72.8269,4.4298,2.8846,783564.612,720219.3004,
002708.SZ,20260615,13.41,5.7301,0.73,74.6473,70.058,4.2613,2.7749,753773.418,692836.5006,
002708.SZ,20260612,13.1,6.8675,0.78,72.9216,68.4385,4.1628,2.7108,736348.38,676820.146,
002708.SZ,20260611,13.79,5.8839,0.66,76.7625,72.0433,4.3821,2.8536,775133.0965,712469.3838,
002708.SZ,20260610,14.24,6.6415,0.76,79.2675,74.3942,4.5251,2.9467,800427.505,735718.9286,
002708.SZ,20260609,14.7,8.5134,1.12,81.8281,76.7974,4.6713,3.0419,826284.0115,759485.13,
002708.SZ,20260608,15.09,11.3336,1.86,83.999,78.8349,4.7952,3.1226,848205.8322,779634.7355,
002708.SZ,20260605,15.86,11.9082,2.5,88.2853,82.8576,5.0399,3.2819,891487.3757,819417.2899,
002708.SZ,20260604,14.42,5.8565,1.31,80.2695,75.3346,4.5823,2.9839,810545.2684,745018.7465,
002708.SZ,20260603,14.08,5.9157,1.43,78.3768,73.5583,4.4743,2.9136,791433.9375,727452.4238,
002708.SZ,20260602,13.39,3.1211,0.69,74.5359,69.9536,4.255,2.7708,752649.1778,691803.1218,
002708.SZ,20260601,13.6,3.6611,0.76,75.7049,71.0507,4.3217,2.8142,764453.2351,702652.9094,
002708.SZ,20260529,13.7,5.2468,1.06,76.2616,71.5731,4.3535,2.8349,770074.2148,707819.4749,
002708.SZ,20260528,14.87,4.4253,0.83,82.7744,77.6855,4.7253,3.077,835839.6769,768268.2913,
002708.SZ,20260527,15.12,4.297,0.78,84.166,78.9916,4.8047,3.1288,849892.1261,781184.7051,
002708.SZ,20260526,15.75,5.098,0.88,87.673,82.2829,5.0049,3.2591,885304.298,813734.0678,
002708.SZ,20260525,15.6,4.9838,0.85,86.838,81.4993,4.9573,3.2281,876872.8285,805984.2196,
002708.SZ,20260522,15.98,5.9696,1.0,88.9533,83.4845,5.078,3.3067,898232.5513,825617.1685,
002708.SZ,20260521,15.28,6.3355,1.11,85.0567,79.8275,4.8556,3.1619,858885.6936,789451.2099,
002708.SZ,20260520,15.38,5.1441,0.88,85.6133,80.3499,4.8874,3.1826,864506.6732,794617.7754,
002708.SZ,20260519,15.71,6.5632,1.07,87.4503,82.074,4.9922,3.2509,883055.9062,811667.4416,
002708.SZ,20260518,15.82,5.319,0.72,88.0626,82.6486,5.0272,3.2736,889238.9838,817350.6637,
002708.SZ,20260515,15.53,6.5362,0.92,86.4483,81.1336,4.935,3.2136,872938.1428,802367.6237,
002708.SZ,20260514,15.41,4.863,0.69,85.7803,80.5067,4.8969,3.1888,866192.9671,796167.7451,
002708.SZ,20260513,15.85,5.977,0.92,88.2296,82.8054,5.0367,3.2798,890925.2777,818900.6333,
002708.SZ,20260512,15.67,8.0971,1.51,87.2276,81.865,4.9795,3.2426,880807.5143,809600.8154,
002708.SZ,20260511,15.32,11.2596,3.1,85.2793,80.0365,4.8683,3.1702,861134.0854,791517.8361,
002708.SZ,20260508,14.33,5.2809,1.7,79.7685,74.8644,4.5537,2.9653,805486.3867,740368.8376,
002708.SZ,20260507,13.95,4.7587,1.64,77.6532,72.8792,4.4329,2.8867,784126.664,720735.8886,
002708.SZ,20260506,13.51,3.0244,1.06,75.2039,70.5805,4.2931,2.7956,759394.3534,698003.0004,
002708.SZ,20260430,13.34,2.5719,0.85,74.2576,69.6923,4.2391,2.7604,749838.688,689219.839,
002708.SZ,20260429,13.17,2.5479,0.78,73.3113,68.8042,4.1851,2.7253,740283.0225,680436.6777,
002708.SZ,20260428,13.17,2.6272,0.66,145.1217,99.473,4.3721,3.2053,740283.0225,680436.6777,
002708.SZ,20260427,13.51,3.7248,0.67,148.8682,102.041,4.485,3.288,759394.3534,698003.0004,
002708.SZ,20260424,13.01,2.7298,0.38,143.3586,98.2645,4.319,3.1663,731289.4551,672170.1729,
002708.SZ,20260423,13.22,3.4271,0.45,145.6727,99.8506,4.3887,3.2174,743093.5124,683019.9604,
002708.SZ,20260422,13.57,3.7581,0.51,149.5293,102.4942,4.5049,3.3026,762766.9412,701102.9397,
002708.SZ,20260421,13.57,6.1779,0.92,149.5293,102.4942,4.5049,3.3026,762766.9412,701102.9397,
002708.SZ,20260420,13.69,11.6744,2.28,150.8516,103.4005,4.5447,3.3318,769512.1168,707302.8183,
002708.SZ,20260417,14.72,10.6709,2.53,162.2013,111.1801,4.8866,3.5825,827408.2074,760518.4431,
002708.SZ,20260416,13.78,6.182,1.28,151.8434,104.0803,4.5746,3.3537,774570.9985,711952.7273,
002708.SZ,20260415,13.12,2.4717,0.48,144.5707,99.0953,4.3555,3.1931,737472.5327,677853.3949,
002708.SZ,20260414,13.26,2.4029,0.48,146.1134,100.1527,4.402,3.2272,745341.9042,685086.5866,
002708.SZ,20260413,13.2,3.8377,0.87,145.4523,99.6995,4.382,3.2126,741969.3164,681986.6473,
002708.SZ,20260410,13.43,6.1992,1.8,147.9867,101.4367,4.4584,3.2686,754897.5697,693869.748,
002708.SZ,20260409,13.49,9.1804,4.86,148.6478,101.8899,4.4783,3.2832,758270.1575,696969.6873,
002708.SZ,20260408,12.79,3.9091,2.86,140.9344,96.6028,4.2459,3.1128,718923.2998,660803.7287,
002708.SZ,20260407,11.63,1.7442,1.44,128.1523,87.8413,3.8608,2.8305,653719.9356,600871.5688,
002708.SZ,20260403,11.23,1.1476,0.93,123.7446,84.8201,3.7281,2.7331,631236.0169,580205.3068,
002708.SZ,20260402,11.61,1.1926,0.98,127.9319,87.6903,3.8542,2.8256,652595.7397,599838.2557,
002708.SZ,20260401,11.93,1.4497,1.21,131.458,90.1072,3.9604,2.9035,670582.8746,616371.2653,
002708.SZ,20260331,11.72,1.2902,1.02,129.144,88.5211,3.8907,2.8524,658778.8173,605521.4778,
002708.SZ,20260330,11.9,0.9553,0.59,131.1274,89.8807,3.9505,2.8962,668896.5807,614821.2957,
002708.SZ,20260327,11.93,1.2651,0.75,131.458,90.1072,3.9604,2.9035,670582.8746,616371.2653,
002708.SZ,20260326,11.64,1.1353,0.65,128.2625,87.9169,3.8642,2.8329,654282.0336,601388.2254,
002708.SZ,20260325,11.82,1.3525,0.81,130.2459,89.2764,3.9239,2.8767,664399.797,610688.0433,
002708.SZ,20260324,11.56,1.6449,1.01,127.3809,87.3126,3.8376,2.8134,649785.2499,597254.973,
002708.SZ,20260323,11.36,2.6509,1.95,125.1771,85.802,3.7712,2.7648,638543.2905,586921.8419,
002708.SZ,20260320,12.04,1.6884,1.27,132.6701,90.9381,3.997,2.9303,676765.9523,622054.4874,
002708.SZ,20260319,12.45,1.4003,0.96,137.1879,94.0348,4.1331,3.03,699811.9689,643237.406,
002708.SZ,20260318,12.78,0.9446,0.58,140.8242,96.5273,4.2426,3.1104,718361.2018,660287.0722,
002708.SZ,20260317,12.62,1.4216,0.76,139.0612,95.3188,4.1895,3.0714,709367.6344,652020.5674,
002708.SZ,20260316,12.94,1.3419,0.68,142.5873,97.7358,4.2957,3.1493,727354.7693,668553.577,
002708.SZ,20260313,12.71,1.56,0.8,140.0529,95.9986,4.2194,3.0933,714426.5161,656670.4763,
002708.SZ,20260312,12.95,2.0086,1.0,142.6975,97.8113,4.2991,3.1517,727916.8673,669070.2335,
002708.SZ,20260311,13.39,1.7904,0.86,147.5459,101.1346,4.4451,3.2588,752649.1778,691803.1218,
002708.SZ,20260310,13.32,2.6716,1.17,146.7746,100.6059,4.4219,3.2418,748714.492,688186.5259,
002708.SZ,20260309,12.69,1.8882,0.75,139.8325,95.8475,4.2127,3.0885,713302.3201,655637.1632,
002708.SZ,20260306,12.95,1.3487,0.48,142.6975,97.8113,4.2991,3.1517,727916.8673,669070.2335,
002708.SZ,20260305,12.92,2.3594,0.84,142.3669,97.5847,4.2891,3.1444,726230.5734,667520.2639,
002708.SZ,20260304,12.55,2.1132,0.72,138.2899,94.7901,4.1663,3.0544,705432.9486,648403.9715,
002708.SZ,20260303,12.51,3.7308,1.37,137.8491,94.488,4.153,3.0446,703184.5567,646337.3453,
002708.SZ,20260302,13.33,3.0864,1.22,146.8848,100.6814,4.4252,3.2442,749276.59,688703.1825,
002708.SZ,20260227,13.74,2.7151,1.16,151.4026,103.7782,4.5613,3.344,772322.6067,709886.1011,
002708.SZ,20260226,14.03,2.3818,1.05,154.5981,105.9685,4.6576,3.4146,788623.4477,724869.1411,
002708.SZ,20260225,14.11,2.8304,1.32,155.4797,106.5728,4.6841,3.4341,793120.2314,729002.3935,
002708.SZ,20260224,13.95,2.5741,1.25,153.7166,105.3643,4.631,3.3951,784126.664,720735.8886,
002708.SZ,20260213,13.94,2.109,0.97,153.6064,105.2888,4.6277,3.3927,783564.566,720219.2321,
002708.SZ,20260212,13.86,1.8226,0.78,152.7249,104.6845,4.6011,3.3732,779067.7823,716085.9797,
002708.SZ,20260211,13.77,1.9694,0.84,151.7332,104.0048,4.5713,3.3513,774008.9006,711436.0707,
002708.SZ,20260210,13.89,2.2752,0.99,153.0555,104.9111,4.6111,3.3805,780754.0762,717635.9493,
002708.SZ,20260209,13.75,2.1007,0.89,151.5128,103.8537,4.5646,3.3464,772884.7046,710402.7576,
002708.SZ,20260206,13.6,2.6611,1.15,149.8599,102.7207,4.5148,3.3099,764453.2351,702652.9094,
002708.SZ,20260205,13.45,2.6589,1.03,148.2071,101.5878,4.465,3.2734,756021.7656,694903.0611,
002708.SZ,20260204,13.53,2.0892,0.78,149.0886,102.192,4.4916,3.2929,760518.5494,699036.3135,
002708.SZ,20260203,13.61,2.0062,0.71,149.9701,102.7963,4.5182,3.3124,765015.3331,703169.5659,
002708.SZ,20260202,13.3,2.4221,0.76,146.5542,100.4548,4.4152,3.2369,747590.2961,687153.2128,
002708.SZ,20260130,13.64,2.3902,0.71,150.3007,103.0229,4.5281,3.3197,766701.627,704719.5356,
002708.SZ,20260129,13.75,3.9544,1.26,151.5128,103.8537,4.5646,3.3464,772884.7046,710402.7576,
002708.SZ,20260128,13.7,2.5356,0.81,150.9618,103.476,4.548,3.3343,770074.2148,707819.4749,
002708.SZ,20260127,13.98,2.812,0.87,154.0472,105.5909,4.641,3.4024,785812.9579,722285.8583,
002708.SZ,20260126,13.9,4.3176,1.37,153.1657,104.9866,4.6144,3.3829,781316.1741,718152.6059,
002708.SZ,20260123,14.25,3.3008,0.98,157.0223,107.6302,4.7306,3.4681,800989.603,736235.5852,
002708.SZ,20260122,14.13,2.7374,0.76,155.7,106.7238,4.6908,3.4389,794244.4274,730035.7066,
002708.SZ,20260121,13.98,2.5691,0.57,154.0472,105.5909,4.641,3.4024,785812.9579,722285.8583,
002708.SZ,20260120,13.85,3.2834,0.55,152.6147,104.609,4.5978,3.3708,778505.6843,715091.4981,
002708.SZ,20260119,14.13,3.8797,0.62,155.7,106.7238,4.6908,3.4389,794244.4274,726275.1074,
002708.SZ,20260116,13.73,4.4417,0.72,151.2924,103.7026,4.558,3.3416,771760.5087,705715.3025,0.0
002708.SZ,20260115,13.99,3.8808,0.65,154.1574,105.6664,4.6443,3.4048,786375.0558,719079.1757,0.0
002708.SZ,20260114,14.17,7.2539,1.38,156.1408,107.026,4.7041,3.4487,796492.8192,728331.0879,0.0
002708.SZ,20260113,14.19,10.6813,2.83,156.3612,107.177,4.7107,3.4535,797617.0152,729359.0781,0.0
002708.SZ,20260112,13.73,5.0446,1.51,151.2924,103.7026,4.558,3.3416,771760.5087,705715.3025,0.0
002708.SZ,20260109,13.46,4.0134,1.3,148.3172,101.6633,4.4684,3.2759,756583.8636,691837.4342,0.0
002708.SZ,20260108,13.19,2.7373,0.82,145.3421,99.624,4.3787,3.2101,741407.2185,677959.5659,0.0
002708.SZ,20260107,13.15,3.7479,1.15,144.9013,99.3219,4.3654,3.2004,739158.8266,675903.5854,0.0
002708.SZ,20260106,13.37,3.3357,1.05,147.3255,100.9836,4.4385,3.254,751524.9819,687211.4781,0.0
002708.SZ,20260105,13.27,2.9026,0.79,146.2236,100.2283,4.4053,3.2296,745904.0022,682071.5269,0.0
002708.SZ,20251231,13.28,2.6769,0.76,146.3338,100.3038,4.4086,3.232,746466.1002,682585.522,0.0
002708.SZ,20251230,13.42,4.0637,1.32,147.8765,101.3612,4.4551,3.2661,754335.4717,689781.4537,0.0
002708.SZ,20251229,13.24,3.2636,1.13,145.893,100.0017,4.3953,3.2223,744217.7083,680529.5415,0.0
002708.SZ,20251226,12.99,2.9557,1.09,143.1383,98.1134,4.3123,3.1615,730165.2591,667679.6635,0.0
002708.SZ,20251225,13.12,5.3537,2.78,144.5707,99.0953,4.3555,3.1931,737472.5327,674361.6001,0.0
002708.SZ,20251224,12.69,2.0463,1.12,139.8325,95.8475,4.2127,3.0885,713302.3201,652259.8098,0.0
002708.SZ,20251223,12.45,1.7836,1.01,137.1879,94.0348,4.1331,3.03,699811.9689,639923.9269,0.0
002708.SZ,20251222,12.64,2.2603,1.34,139.2816,95.4699,4.1961,3.0763,710491.8303,649689.8342,0.0
002708.SZ,20251219,12.47,2.0703,1.18,137.4083,94.1859,4.1397,3.0349,700936.1648,640951.9171,0.0
002708.SZ,20251218,12.2,1.4808,0.83,134.4332,92.1466,4.0501,2.9692,685759.5197,627074.0488,0.0
002708.SZ,20251217,12.32,1.5331,0.81,135.7555,93.0529,4.0899,2.9984,692504.6953,633241.9903,0.0
002708.SZ,20251216,12.21,1.4898,0.77,134.5434,92.2221,4.0534,2.9716,686321.6177,627588.044,0.0
002708.SZ,20251215,12.28,1.8433,0.95,135.3147,92.7508,4.0766,2.9887,690256.3035,631186.0098,0.0
002708.SZ,20251212,12.56,2.4239,1.27,138.4,94.8656,4.1696,3.0568,705995.0466,645577.8732,0.0
002708.SZ,20251211,12.21,1.6208,0.85,134.5434,92.2221,4.0534,2.9716,686321.6177,627588.044,0.0
002708.SZ,20251210,12.5,2.0917,1.17,137.7389,94.4124,4.1497,3.0422,702622.4588,642493.9025,0.0
002708.SZ,20251209,12.35,1.7209,0.92,136.086,93.2795,4.0999,3.0057,694190.9892,634783.9757,0.0
002708.SZ,20251208,12.39,1.831,0.97,136.5268,93.5816,4.1131,3.0154,696439.3811,636839.9562,0.0
002708.SZ,20251205,12.37,2.2914,1.2,136.3064,93.4306,4.1065,3.0106,695315.1852,635811.9659,0.0
002708.SZ,20251204,12.02,1.5827,0.84,132.4497,90.787,3.9903,2.9254,675641.7563,617822.1366,0.0
002708.SZ,20251203,12.0,1.5236,0.78,132.2293,90.636,3.9837,2.9205,674517.5604,616794.1464,0.0
002708.SZ,20251202,12.17,2.1686,1.18,134.1026,91.92,4.0401,2.9619,684073.2258,625532.0635,0.0
002708.SZ,20251201,12.44,1.8528,1.0,137.0778,93.9593,4.1297,3.0276,699249.8709,639409.9318,0.0
002708.SZ,20251128,12.35,2.3958,1.28,136.086,93.2795,4.0999,3.0057,694190.9892,634783.9757,0.0
002708.SZ,20251127,12.03,1.4896,0.82,132.5599,90.8625,3.9936,2.9278,676203.8543,618336.1318,0.0
002708.SZ,20251126,12.13,1.9019,1.06,133.6618,91.6178,4.0268,2.9522,681824.834,623476.083,0.0
002708.SZ,20251125,12.33,1.5579,0.82,135.8656,93.1284,4.0932,3.0008,693066.7933,633755.9854,0.0
002708.SZ,20251124,12.16,1.9555,0.95,133.9924,91.8444,4.0368,2.9595,683511.1279,625018.0684,0.0
002708.SZ,20251121,12.06,2.474,1.13,132.8905,91.0891,4.0036,2.9351,677890.1482,619878.1171,0.0
002708.SZ,20251120,12.45,1.1554,0.42,137.1879,94.0348,4.1331,3.03,699811.9689,639923.9269,0.0
002708.SZ,20251119,12.45,1.8103,0.52,137.1879,94.0348,4.1331,3.03,699811.9689,639923.9269,0.0
002708.SZ,20251118,12.79,2.0933,0.45,140.9344,96.6028,4.2459,3.1128,718923.2998,657399.761,0.0
002708.SZ,20251117,12.72,2.7316,0.54,140.1631,96.0741,4.2227,3.0958,714988.614,653801.7952,0.0
002708.SZ,20251114,13.01,3.1348,0.53,143.3586,98.2645,4.319,3.1663,731289.4551,668707.6537,0.0
002708.SZ,20251113,13.31,3.901,0.59,146.6644,100.5304,4.4186,3.2393,748152.3941,684127.5074,0.0
002708.SZ,20251112,13.52,5.4798,0.9,148.9784,102.1165,4.4883,3.2905,759956.4514,694921.4049,0.0
002708.SZ,20251111,13.65,8.1626,1.55,150.4109,103.0984,4.5314,3.3221,767263.725,701603.3415,0.0
002708.SZ,20251110,13.05,4.8359,0.93,143.7994,98.5666,4.3322,3.1761,733537.8469,670763.6342,0.0
002708.SZ,20251107,13.43,7.4418,1.51,147.9867,101.4367,4.4584,3.2686,754897.5697,690295.4488,0.0
002708.SZ,20251106,13.95,7.3054,1.73,153.7166,105.3643,4.631,3.3951,784126.664,717023.1952,0.0
002708.SZ,20251105,13.41,2.6123,0.63,147.7663,101.2857,4.4518,3.2637,753773.3737,689267.4586,0.0
002708.SZ,20251104,13.56,4.1717,1.08,149.4192,102.4186,4.5016,3.3002,762204.8433,696977.3854,0.0
002708.SZ,20251103,13.66,4.3351,1.21,150.5211,103.1739,4.5348,3.3245,767825.8229,702117.3367,0.0
002708.SZ,20251031,13.87,6.2581,2.02,152.8351,104.7601,4.6045,3.3756,779629.8802,712911.2342,0.0
002708.SZ,20251030,13.75,3.748,1.35,151.5128,127.7305,4.603,3.3464,772884.7046,706743.2928,0.0
002708.SZ,20251029,13.73,2.2772,0.78,151.2924,127.5447,4.5963,3.3416,771760.5087,705715.3025,0.0
002708.SZ,20251028,13.73,2.7064,0.81,151.2924,127.5447,4.5963,3.3416,771760.5087,705715.3025,0.0
002708.SZ,20251027,13.59,2.997,0.88,149.7497,126.2442,4.5495,3.3075,763891.1372,698519.3708,0.0
002708.SZ,20251024,13.73,3.7905,1.13,151.2924,127.5447,4.5963,3.3416,771760.5087,705715.3025,0.0
002708.SZ,20251023,13.31,2.1054,0.61,146.6644,123.6431,4.4557,3.2393,748152.3941,684127.5074,0.0
002708.SZ,20251022,13.5,2.9252,0.83,148.758,125.4081,4.5193,3.2856,758832.2555,693893.4147,0.0
002708.SZ,20251021,13.89,4.9363,1.41,153.0555,129.031,4.6499,3.3805,780754.0762,713939.2245,0.0
002708.SZ,20251020,13.36,3.1876,0.8,147.2153,124.1076,4.4725,3.2515,750962.8839,686697.483,0.0
002708.SZ,20251017,12.85,3.5605,0.77,141.5956,119.3699,4.3017,3.1274,722295.8876,660483.7318,0.0
002708.SZ,20251016,13.37,2.7024,0.51,147.3255,124.2005,4.4758,3.254,751524.9819,687211.4781,0.0
002708.SZ,20251015,13.66,3.2708,0.47,150.5211,126.8944,4.5729,3.3245,767825.8229,702117.3367,0.0
002708.SZ,20251014,13.6,4.7439,0.67,149.8599,126.3371,4.5528,3.3099,764453.2351,699033.3659,0.0
002708.SZ,20251013,13.91,5.6021,0.73,153.2758,129.2168,4.6566,3.3854,781878.2721,714967.2147,0.0
002708.SZ,20251010,13.98,6.6803,0.72,154.0472,129.8671,4.68,3.4024,785812.9579,718565.1806,0.0
002708.SZ,20251009,13.95,6.2483,0.57,153.7166,129.5884,4.67,3.3951,784126.664,717023.1952,0.0
002708.SZ,20250930,13.95,11.3798,1.08,153.7166,129.5884,4.67,3.3951,784126.664,717023.1952,0.0
002708.SZ,20250929,13.89,5.5225,0.46,153.0555,129.031,4.6499,3.3805,780754.0762,713939.2245,0.0
002708.SZ,20250926,14.03,8.2848,0.64,154.5981,130.3315,4.6968,3.4146,788623.4477,721135.1562,0.0
002708.SZ,20250925,14.47,15.175,1.17,159.4465,134.4189,4.8441,3.5217,813355.7582,743750.9415,0.0
002708.SZ,20250924,15.33,14.5554,1.34,168.923,142.4079,5.132,3.731,861696.1834,787954.522,0.0
002708.SZ,20250923,13.94,9.1858,0.92,153.6064,129.4955,4.6666,3.3927,783564.566,716509.2001,0.0
002708.SZ,20250922,14.31,12.3344,1.52,157.6835,132.9326,4.7905,3.4827,804362.1908,735527.0196,0.0
002708.SZ,20250919,13.82,13.9414,2.29,152.2841,128.3807,4.6265,3.3635,776819.3904,710341.2586,0.0
002708.SZ,20250918,13.32,14.9718,3.52,146.7746,123.736,4.4591,3.2418,748714.492,684641.5025,0.0
002708.SZ,20250917,12.95,3.8013,0.84,142.6975,120.2989,4.3352,3.1517,727916.8673,665623.683,0.0
002708.SZ,20250916,12.93,4.7158,0.94,142.4771,120.1131,4.3285,3.1469,726792.6713,664595.6927,0.0
002708.SZ,20250915,12.49,3.0921,0.56,137.6287,116.0257,4.1812,3.0398,702060.3608,641979.9074,0.0
002708.SZ,20250912,12.63,3.8738,0.73,139.1714,117.3263,4.2281,3.0739,709929.7323,649175.8391,0.0
002708.SZ,20250911,12.86,5.7841,1.18,141.7058,119.4628,4.3051,3.1298,722857.9856,660997.7269,0.0
002708.SZ,20250910,12.56,5.1322,1.14,138.4,116.676,4.2047,3.0568,705995.0466,645577.8732,0.0
002708.SZ,20250909,12.39,7.242,1.79,136.5268,115.0968,4.1477,3.0154,696439.3811,636839.9562,0.0
002708.SZ,20250908,12.2,5.666,1.6,134.4332,113.3318,4.0841,2.9692,685759.5197,627074.0488,0.0
002708.SZ,20250905,11.79,2.8233,0.8,129.9153,109.5231,3.9469,2.8694,662713.5031,606000.2488,0.0
002708.SZ,20250904,11.44,3.6403,0.98,126.0586,106.2718,3.8297,2.7842,643040.0742,588010.4196,0.0
002708.SZ,20250903,11.7,3.1435,0.71,128.9236,108.687,3.9168,2.8475,657654.6214,601374.2927,0.0
002708.SZ,20250902,12.14,4.9152,1.06,133.772,112.7744,4.0641,2.9546,682386.9319,623990.0781,0.0
002708.SZ,20250901,12.25,3.136,0.54,134.9841,113.7962,4.1009,2.9814,688570.0096,629644.0245,0.0
002708.SZ,20250829,12.34,2.8486,0.44,135.9758,114.6323,4.131,3.0033,693628.8913,634269.9805,0.0
002708.SZ,20250828,12.56,4.6218,0.68,138.4,116.676,4.2047,3.0568,705995.0466,645577.8732,0.0
002708.SZ,20250827,12.56,6.7439,0.9,138.4,116.676,4.2047,3.0568,705995.0466,645577.8732,0.0
002708.SZ,20250826,13.14,5.7917,0.61,144.7911,122.0639,4.3988,3.198,738596.7286,675389.5903,0.0
002708.SZ,20250825,13.31,8.951,1.0,146.6644,123.6431,4.4557,3.2393,748152.3941,684127.5074,0.0
002708.SZ,20250822,13.06,6.3699,0.76,143.9096,139.5582,4.4509,3.1785,734099.9449,671277.6293,0.0
002708.SZ,20250821,12.82,5.8848,0.74,141.265,136.9936,4.3691,3.1201,720609.5937,658941.7464,0.0
002708.SZ,20250820,13.1,10.6382,1.67,144.3504,139.9857,4.4646,3.1882,736348.3368,673333.6098,0.0
002708.SZ,20250819,12.8,15.9049,4.11,141.0446,136.7799,4.3623,3.1152,719485.3978,657913.7562,0.0
002708.SZ,20250818,12.46,5.8511,1.78,137.2981,133.1467,4.2465,3.0325,700374.0669,640437.922,0.0
002708.SZ,20250815,11.33,3.7713,1.18,124.8465,121.0716,3.8613,2.7575,636856.9966,582356.4732,0.0
002708.SZ,20250814,11.1,3.5229,1.12,122.3121,118.6138,3.783,2.7015,623928.7434,570534.5854,0.0
002708.SZ,20250813,11.35,2.8924,0.87,125.0669,121.2853,3.8682,2.7623,637981.1925,583384.4635,0.0
002708.SZ,20250812,11.37,3.3269,0.91,125.2873,121.499,3.875,2.7672,639105.3885,584412.4537,0.0
002708.SZ,20250811,11.3,2.9684,0.79,124.516,120.751,3.8511,2.7502,635170.7027,580814.4879,0.0
002708.SZ,20250808,11.17,3.3141,0.95,123.0835,119.3618,3.8068,2.7185,627863.4291,574132.5513,0.0
002708.SZ,20250807,11.18,3.2234,0.9,123.1937,119.4687,3.8102,2.721,628425.5271,574646.5464,0.0
002708.SZ,20250806,11.24,3.8479,1.15,123.8548,120.1098,3.8307,2.7356,631798.1149,577730.5171,0.0
002708.SZ,20250805,11.19,4.9391,1.71,123.3039,119.5755,3.8136,2.7234,628987.6251,575160.5415,0.0
002708.SZ,20250804,10.97,3.5112,1.15,120.8797,117.2246,3.7387,2.6698,616621.4698,563852.6488,0.0
002708.SZ,20250801,10.68,1.9715,0.62,117.6841,114.1257,3.6398,2.5993,600320.6288,548946.7903,0.0
002708.SZ,20250731,10.7,3.6045,1.25,117.9045,114.3394,3.6466,2.6041,601444.8247,549974.7805,0.0
002708.SZ,20250730,10.74,2.6719,0.96,118.3453,114.7669,3.6603,2.6139,603693.2166,552030.761,0.0
002708.SZ,20250729,10.89,2.7185,0.95,119.9981,116.3698,3.7114,2.6504,612124.6861,559740.6879,0.0
002708.SZ,20250728,10.94,4.2936,1.64,120.5491,116.9041,3.7284,2.6625,614935.1759,562310.6635,0.0
002708.SZ,20250725,10.81,2.6534,1.03,119.1166,115.5149,3.6841,2.6309,607627.9023,555628.7269,0.0
002708.SZ,20250724,10.79,2.0836,0.73,118.8962,115.3012,3.6773,2.626,606503.7064,554600.7366,0.0
002708.SZ,20250723,10.7,2.1434,0.69,117.9045,114.3394,3.6466,2.6041,601444.8247,549974.7805,0.0
002708.SZ,20250722,10.75,3.1879,1.05,118.4555,114.8737,3.6637,2.6163,604255.3145,552544.7562,0.0
002708.SZ,20250721,10.93,3.0324,0.96,120.4389,116.7972,3.725,2.6601,614373.0779,561796.6683,0.0
002708.SZ,20250718,10.81,2.4549,0.79,119.1166,115.5149,3.6841,2.6309,607627.9023,555628.7269,0.0
002708.SZ,20250717,10.9,3.3889,1.22,120.1083,116.4766,3.7148,2.6528,612686.784,560254.683,0.0
002708.SZ,20250716,10.76,3.4991,1.34,118.5656,114.9806,3.6671,2.6187,604817.4125,553058.7513,0.0
002708.SZ,20250715,10.6,2.7781,1.12,116.8026,113.2708,3.6126,2.5798,595823.845,544834.8293,0.0
002708.SZ,20250714,10.68,3.7087,1.83,117.6841,114.1257,3.6398,2.5993,600320.6288,548946.7903,0.0
002708.SZ,20250711,10.45,2.1672,1.09,115.1497,111.668,3.5614,2.5433,587392.3755,537124.9025,0.0
002708.SZ,20250710,10.37,1.7468,0.68,114.2682,110.8131,3.5342,2.5238,582895.5918,533012.9415,0.0
002708.SZ,20250709,10.42,2.6634,1.1,114.8191,111.3474,3.5512,2.536,585706.0816,535582.9171,0.0
002708.SZ,20250708,10.5,2.1162,0.86,115.7007,112.2022,3.5785,2.5555,590202.8654,539694.8781,0.0
002708.SZ,20250707,10.39,1.4645,0.54,114.4886,111.0268,3.541,2.5287,584019.7877,534040.9318,0.0
002708.SZ,20250704,10.39,1.9749,0.69,114.4886,111.0268,3.541,2.5287,584019.7877,534040.9318,0.0
002708.SZ,20250703,10.49,4.657,1.67,115.5905,112.0954,3.5751,2.553,589640.7674,539180.883,0.0
002708.SZ,20250702,10.83,1.9187,0.53,119.337,115.7286,3.6909,2.6358,608752.0983,556656.7171,0.0
002708.SZ,20250701,10.97,2.3271,0.59,120.8797,117.2246,3.7387,2.6698,616621.4698,563852.6488,0.0
002708.SZ,20250630,11.03,2.7916,0.72,121.5408,117.8658,3.7591,2.6844,619994.0576,566936.6196,0.0
002708.SZ,20250627,10.85,2.5858,0.7,119.5574,115.9423,3.6978,2.6406,609876.2942,557684.7074,0.0
002708.SZ,20250626,10.88,4.2929,1.23,119.8879,116.2629,3.708,2.6479,611562.5881,559226.6927,0.0
002708.SZ,20250625,11.07,5.9873,2.18,121.9816,118.2932,3.7727,2.6942,622242.4495,568992.6001,0.0
002708.SZ,20250624,10.75,4.2014,1.7,118.4555,114.8737,3.6637,2.6163,604255.3145,552544.7562,0.0
002708.SZ,20250623,10.32,2.2485,0.91,113.7172,110.2788,3.5171,2.5117,580085.1019,530442.9659,0.0
002708.SZ,20250620,10.29,1.8717,0.63,113.3867,109.9582,3.5069,2.5044,578398.808,528900.9805,0.0
002708.SZ,20250619,10.4,3.1072,1.02,114.5988,111.1337,3.5444,2.5311,584581.8857,534554.9269,0.0
002708.SZ,20250618,10.56,2.2851,0.67,116.3618,112.8434,3.5989,2.5701,593575.4532,542778.8488,0.0
002708.SZ,20250617,10.52,2.8598,0.73,115.9211,112.416,3.5853,2.5603,591327.0613,540722.8683,0.0
002708.SZ,20250616,10.65,2.2336,0.54,117.3535,113.8051,3.6296,2.592,598634.3349,547404.8049,0.0
002708.SZ,20250613,10.7,4.3454,1.11,117.9045,114.3394,3.6466,2.6041,601444.8247,549974.7805,0.0
002708.SZ,20250612,10.85,3.4813,0.83,119.5574,115.9423,3.6978,2.6406,609876.2942,557684.7074,0.0
002708.SZ,20250611,11.07,4.0302,0.91,121.9816,118.2932,3.7727,2.6942,622242.4495,568992.6001,0.0
002708.SZ,20250610,11.13,5.4572,1.2,122.6427,118.9344,3.7932,2.7088,625615.0373,572076.5708,0.0
002708.SZ,20250609,11.14,3.4078,0.54,122.7529,119.0412,3.7966,2.7112,626177.1352,572590.5659,0.0
002708.SZ,20250606,10.98,3.2512,0.45,120.9898,117.3315,3.7421,2.6723,617183.5678,564366.644,0.0
002708.SZ,20250605,11.12,4.7601,0.64,122.5325,118.8275,3.7898,2.7064,625052.9393,571562.5757,0.0
002708.SZ,20250604,11.09,5.1922,0.71,122.2019,118.5069,3.7796,2.6991,623366.6454,570020.5903,0.0
002708.SZ,20250603,11.07,6.119,0.89,121.9816,118.2932,3.7727,2.6942,622242.4495,568992.6001,0.0
002708.SZ,20250530,11.2,12.3285,2.28,123.4141,119.6824,3.817,2.7258,629549.723,575674.5366,0.0
002708.SZ,20250516,12.43,7.5515,1.41,136.9676,132.8261,4.2362,3.0252,698687.773,638895.9366,0.0
002708.SZ,20250515,12.17,5.9964,1.17,134.1026,130.0477,4.1476,2.9619,684073.2258,625532.0635,0.0
002708.SZ,20250514,12.09,4.3282,0.78,133.2211,129.1929,4.1204,2.9424,679576.4421,621420.1025,0.0
002708.SZ,20250513,12.17,4.3251,0.71,134.1026,130.0477,4.1476,2.9619,684073.2258,625532.0635,0.0
002708.SZ,20250512,12.39,4.8509,0.74,136.5268,132.3987,4.2226,3.0154,696439.3811,636839.9562,0.0
002708.SZ,20250509,12.31,7.2545,1.11,135.6453,131.5438,4.1953,2.996,691942.5974,632727.9952,0.0
002708.SZ,20250508,12.34,4.906,0.73,135.9758,131.8644,4.2056,3.0033,693628.8913,634269.9805,0.0
002708.SZ,20250507,12.3,6.5686,0.92,135.5351,131.4369,4.1919,2.9935,691380.4994,632214.0001,0.0
002708.SZ,20250506,12.27,6.7939,0.83,135.2045,131.1163,4.1817,2.9862,689694.2055,630672.0147,0.0
002708.SZ,20250430,12.09,7.0605,0.86,133.2211,129.1929,4.1204,2.9424,679576.4421,621420.1025,0.0
002708.SZ,20250429,11.89,7.271,0.98,131.0172,127.0557,4.0522,2.8938,668334.4828,611140.2001,0.0
002708.SZ,20250428,11.52,5.8754,0.84,126.9402,123.1019,3.9261,2.8037,647536.858,592122.3805,0.0
002708.SZ,20250425,11.48,8.7472,1.46,,,3.6908,3.5396,645288.4661,590066.4001,0.0
002708.SZ,20250424,11.2,11.9957,2.69,,,3.6008,3.4532,629549.723,575674.5366,0.0
002708.SZ,20250423,11.24,6.9272,1.72,,,3.6136,3.4656,631798.1149,577730.5171,0.0
002708.SZ,20250422,10.22,3.417,0.81,,,3.2857,3.1511,574464.1223,525303.0147,0.0
002708.SZ,20250421,10.4,3.7843,0.85,,,3.3436,3.2066,584581.8857,534554.9269,0.0
002708.SZ,20250418,10.15,3.912,0.8,,,3.2632,3.1295,570529.4365,521705.0488,0.0
002708.SZ,20250417,9.96,4.271,0.77,,,3.2021,3.0709,559849.5751,511939.1415,0.0
002708.SZ,20250416,10.18,4.8034,0.74,,,3.2728,3.1387,572215.7304,523247.0342,0.0
002708.SZ,20250415,10.62,4.2284,0.58,,,3.4143,3.2744,596948.041,545862.8196,0.0
002708.SZ,20250414,10.69,5.1257,0.77,,,3.4368,3.296,600882.7267,549460.7854,0.0
002708.SZ,20250411,10.5,6.0276,0.86,,,3.3757,3.2374,590202.8654,539694.8781,0.0
002708.SZ,20250410,10.34,7.6156,1.02,,,3.3243,3.1881,581209.2979,531470.9561,0.0
002708.SZ,20250409,10.12,9.5787,1.28,,,3.2536,3.1202,568843.1426,520163.0635,0.0
002708.SZ,20250408,10.1,8.1475,0.96,,,3.2471,3.1141,567718.9467,519135.0732,0.0
002708.SZ,20250407,11.21,2.015,0.2,,,3.604,3.4563,630111.821,576188.5318,0.0
002708.SZ,20250403,12.46,7.5422,0.67,,,4.0059,3.8417,700374.0669,640437.922,0.0
002708.SZ,20250402,12.91,10.0522,0.96,,,4.1505,3.9805,725668.4754,663567.7025,0.0
002708.SZ,20250401,12.66,9.6706,0.92,,,4.0702,3.9034,711616.0262,650717.8245,0.0
002708.SZ,20250331,13.21,13.2622,1.25,,,4.247,4.073,742531.4144,678987.5562,0.0
002708.SZ,20250328,12.65,10.2445,0.83,,,4.0669,3.9003,711053.9283,650203.8293,0.0
002708.SZ,20250327,12.72,13.4113,0.93,,,4.0894,3.9219,714988.614,653801.7952,0.0
002708.SZ,20250326,13.22,5.6786,0.32,,,4.2502,4.076,743093.5124,679501.5513,0.0
002708.SZ,20250325,12.02,9.8431,0.5,,,3.8644,3.7061,675641.7563,617822.1366,0.0
002708.SZ,20250324,12.07,14.0662,0.74,,,3.8805,3.7215,678452.2462,620392.1123,0.0
002708.SZ,20250321,13.35,18.9058,1.17,,,4.292,4.1161,750400.7859,686183.4879,0.0
002708.SZ,20250320,14.09,23.9743,1.9,,,4.5299,4.3443,791996.0355,724219.1269,0.0
002708.SZ,20250319,13.4,20.6199,2.16,,,4.3081,4.1315,753211.2758,688753.4635,0.0
002708.SZ,20250318,12.78,20.916,3.25,,,4.1087,3.9404,718361.2018,656885.7659,0.0
002708.SZ,20250317,12.56,11.0361,2.15,,,4.038,3.8726,705995.0466,645577.8732,0.0
002708.SZ,20250314,11.42,4.238,0.76,,,3.6715,3.5211,641915.8783,586982.4293,0.0
002708.SZ,20250313,11.33,6.3453,1.17,,,3.6426,3.4933,636856.9966,582356.4732,0.0
002708.SZ,20250312,11.83,5.2376,0.95,,,3.8033,3.6475,664961.895,608056.2293,0.0
002708.SZ,20250311,11.64,5.2791,0.92,,,3.7422,3.5889,654282.0336,598290.322,0.0
002708.SZ,20250310,11.73,4.5726,0.76,,,3.7712,3.6166,659340.9153,602916.2781,0.0
002708.SZ,20250307,11.73,6.5823,1.03,,,3.7712,3.6166,659340.9153,602916.2781,0.0
002708.SZ,20250306,11.62,5.5482,0.75,,,3.7358,3.5827,653157.8377,597262.3318,0.0
002708.SZ,20250305,11.56,5.6028,0.61,,,3.7165,3.5642,649785.2499,594178.361,0.0
002708.SZ,20250304,11.42,6.3198,0.64,,,3.6715,3.5211,641915.8783,586982.4293,0.0
002708.SZ,20250303,11.06,6.0772,0.54,,,3.5558,3.4101,621680.3515,568478.6049,0.0
002708.SZ,20250228,11.44,8.4318,0.75,,,3.6779,3.5272,643040.0742,588010.4196,0.0
002708.SZ,20250227,12.3,10.5192,0.95,,,3.9544,3.7924,691380.4994,632214.0001,0.0
002708.SZ,20250226,12.15,14.6274,1.43,,,3.9062,3.7461,682949.0299,624504.0732,0.0
002708.SZ,20250225,11.95,9.7671,1.04,,,3.8419,3.6845,671707.0706,614224.1708,0.0
002708.SZ,20250224,11.78,12.7151,1.55,,,3.7872,3.6321,662151.4051,605486.2537,0.0
002708.SZ,20250221,11.7,8.4483,1.08,,,3.7615,3.6074,657654.6214,601374.2927,0.0
002708.SZ,20250220,11.48,9.8097,1.28,,,3.6908,3.5396,645288.4661,590066.4001,0.0
002708.SZ,20250219,11.22,10.3858,1.55,,,3.6072,3.4594,630673.919,576702.5269,0.0
002708.SZ,20250218,10.61,5.7422,0.86,,,3.4111,3.2713,596385.943,545348.8244,0.0
002708.SZ,20250217,11.1,6.7382,1.02,,,3.5686,3.4224,623928.7434,570534.5854,0.0
002708.SZ,20250214,10.87,6.4334,0.89,,,3.4947,3.3515,611000.4901,558712.6976,0.0
002708.SZ,20250213,10.81,9.1313,1.32,,,3.4754,3.333,607627.9023,555628.7269,0.0
002708.SZ,20250212,11.04,5.4683,0.76,,,3.5493,3.4039,620556.1556,567450.6147,0.0
002708.SZ,20250211,10.94,5.5483,0.79,,,3.5172,3.3731,614935.1759,562310.6635,0.0
002708.SZ,20250210,11.0,6.3649,0.89,,,3.5365,3.3916,618307.7637,565394.6342,0.0
002708.SZ,20250207,11.03,9.5788,1.54,,,3.5461,3.4008,619994.0576,566936.6196,0.0
002708.SZ,20250206,10.95,7.5523,1.31,,,3.5204,3.3761,615497.2739,562824.6586,0.0
002708.SZ,20250205,10.54,6.8625,1.11,,,3.3886,3.2497,592451.2572,541750.8586,0.0
002708.SZ,20250127,10.05,4.8744,0.83,,,3.231,3.0987,564908.4568,516565.0976,0.0
002708.SZ,20250124,10.48,6.7166,1.23,,,3.3693,3.2312,589078.6694,538666.8879,0.0
002708.SZ,20250123,10.12,5.1468,0.98,,,3.2536,3.1202,568843.1426,520163.0635,0.0
002708.SZ,20250122,10.02,5.1639,0.99,,,3.2214,3.0894,563222.1629,515023.1122,0.0
002708.SZ,20250121,10.44,8.9701,1.91,,,3.3564,3.2189,586830.2775,536610.9074,0.0
002708.SZ,20250120,9.92,3.5041,0.7,,,3.1893,3.0586,557601.1833,494892.5183,0.0
002708.SZ,20250117,9.86,4.7014,0.92,,,3.17,3.0401,554228.5955,491899.2168,0.0
002708.SZ,20250116,10.21,4.1875,0.79,,,3.2825,3.148,573902.0243,505053.3346,0.0
002708.SZ,20250115,10.23,5.3705,0.99,,,3.2889,3.1542,575026.2202,506042.6653,0.0
002708.SZ,20250114,10.19,6.5216,1.29,,,3.2761,3.1418,572777.8284,504064.0039,0.0
002708.SZ,20250113,9.47,4.4569,0.79,,,3.0446,2.9198,532306.7747,468448.0978,0.0
002708.SZ,20250110,9.49,5.308,0.83,,,3.051,2.926,533430.9707,469437.4285,0.0
002708.SZ,20250109,9.71,4.8801,0.68,,,3.1217,2.9938,545797.126,480320.0665,0.0
300503.SZ,20260702,94.88,15.4201,1.23,245.2313,150.2777,19.8435,18.3382,2924455.8784,2286371.7488,0.0555
300503.SZ,20260701,101.48,21.4023,2.19,262.29,160.7312,21.2238,19.6138,3127885.5664,2445415.3148,0.0519
300503.SZ,20260630,92.3,17.0308,2.06,238.5629,146.1913,19.3039,17.8395,2844933.364,2224200.173,0.057
300503.SZ,20260629,76.92,6.7458,0.7,198.8111,121.8314,16.0873,14.8669,2370880.5456,1853580.4692,0.0684
300503.SZ,20260626,77.15,9.1312,0.85,199.4055,122.1957,16.1354,14.9114,2377969.762,1859122.8965,0.0682
300503.SZ,20260625,79.68,8.1487,0.75,205.9447,126.2029,16.6645,15.4004,2455951.1424,1920089.5968,0.0661
300503.SZ,20260624,78.71,7.7316,0.69,203.4376,124.6665,16.4616,15.2129,2426053.1428,1896715.0121,0.0669
300503.SZ,20260623,81.03,9.64,0.88,209.434,128.3411,16.9468,15.6613,2497561.7604,1952621.2353,0.065
300503.SZ,20260622,88.3,13.7593,1.34,228.2244,139.8558,18.4673,17.0664,2721642.644,2127810.133,0.0596
300503.SZ,20260618,88.28,14.5255,1.54,228.1727,139.8241,18.4631,17.0626,2721026.1904,2127328.1828,0.0596
300503.SZ,20260617,80.99,8.8567,0.89,209.3306,128.2777,16.9385,15.6536,2496328.8532,1951657.3349,0.065
300503.SZ,20260616,82.89,9.1721,0.86,214.2414,131.2871,17.3358,16.0208,2554891.9452,1997442.6039,0.0635
300503.SZ,20260615,81.1,8.4922,0.67,209.6149,128.4519,16.9615,15.6748,2499719.348,1954308.061,0.0649
300503.SZ,20260612,78.9,10.3425,0.74,203.9287,124.9674,16.5014,15.2496,2431909.452,1901293.539,0.0667
300503.SZ,20260611,79.81,10.362,0.76,206.2807,126.4087,17.0482,15.4255,2459957.9711,1923222.2651,0.0659
300503.SZ,20260610,79.0,11.2366,0.84,204.1871,125.1258,16.8752,15.2689,2434991.6015,1903703.2821,0.0666
300503.SZ,20260609,86.59,12.8608,1.0,223.8046,137.1474,18.4965,16.7359,2668935.7313,2086603.3822,0.0608
300503.SZ,20260608,87.01,18.6758,1.76,224.8901,137.8126,18.5862,16.8171,2681881.2563,2096724.3364,0.0605
300503.SZ,20260605,81.77,16.8666,1.8,211.3466,129.5131,17.4669,15.8043,2520370.4209,1970453.3845,0.0644
300503.SZ,20260604,75.09,8.441,0.84,194.0812,118.9329,16.04,14.5132,2314474.9286,1809482.0184,0.0701
300503.SZ,20260603,74.98,10.0799,0.93,193.7968,118.7587,16.0165,14.492,2311084.4339,1806831.2923,0.0702
300503.SZ,20260602,74.37,10.1492,0.82,192.2202,117.7925,15.8862,14.3741,2292282.6,1792131.8113,0.0708
300503.SZ,20260601,72.37,7.3918,0.52,187.0509,114.6247,15.459,13.9875,2230637.243,1743936.7915,0.0727
300503.SZ,20260529,73.5,10.6625,0.67,189.9716,116.4145,15.7004,14.2059,2265466.8698,1771166.9777,0.0716
300503.SZ,20260528,78.61,12.2481,0.66,203.1791,124.5081,16.7919,15.1936,2422970.7569,1894305.2532,0.067
300503.SZ,20260527,79.79,13.6189,0.76,206.229,126.3771,17.044,15.4216,2459341.5175,1922740.3149,0.066
300503.SZ,20260526,84.5,17.6301,1.0,218.4027,133.8371,17.6726,16.332,2604516.3333,2036239.5866,0.0623
300503.SZ,20260525,88.1,16.8127,1.06,227.7074,139.539,18.4255,17.0278,2715477.9759,2122990.6222,0.0597
300503.SZ,20260522,89.34,18.9123,1.29,230.9124,141.503,18.6848,17.2674,2753698.0972,2152871.5345,0.0589
300503.SZ,20260521,86.97,25.4655,2.26,224.7868,137.7493,18.1891,16.8094,2680648.3491,2095760.436,0.0605
300503.SZ,20260520,75.84,11.2229,1.06,196.0196,120.1208,15.8614,14.6582,2337591.9374,1827555.1508,0.0694
300503.SZ,20260519,78.98,15.3644,1.61,204.1354,125.0941,16.5181,15.2651,2434375.1479,1903221.3319,0.0666
300503.SZ,20260518,69.93,8.0529,0.77,180.7444,110.7601,14.6254,13.5159,2155429.9075,1685138.8673,0.0753
300503.SZ,20260515,71.14,13.4369,1.3,183.8718,112.6766,14.8784,13.7498,2192725.3485,1714296.8543,0.074
300503.SZ,20260514,68.4,8.3375,0.79,176.7899,108.3368,14.3054,13.2202,2108271.2094,1648269.6772,0.0769
300503.SZ,20260513,69.08,7.639,0.69,178.5474,109.4138,14.4476,13.3516,2129230.6308,1664655.9839,0.0762
300503.SZ,20260512,69.33,10.3643,1.0,179.1936,109.8098,14.4999,13.3999,2136936.3004,1670680.3614,0.0759
300503.SZ,20260511,72.8,12.4988,1.33,188.1623,115.3058,15.2256,14.0706,2243890.9948,1754298.7207,0.0723
300503.SZ,20260508,68.49,12.8688,1.5,177.0225,108.4793,14.3242,13.2376,2111045.2505,1650438.4531,0.0768
300503.SZ,20260507,67.07,9.6815,1.13,173.3523,106.2302,14.0272,12.9631,2067277.047,1616219.989,0.0785
300503.SZ,20260506,65.99,9.745,1.11,170.5609,104.5197,13.8013,12.7544,2033988.5542,1590194.6783,0.0798
300503.SZ,20260430,62.65,7.2687,0.78,161.9281,99.2295,13.1028,12.1088,1931040.808,1509708.9952,0.084
300503.SZ,20260429,64.4,7.2795,0.7,166.4513,102.0013,13.4688,12.4471,1984980.4954,1551879.6376,0.0817
300503.SZ,20260428,65.0,9.053,0.73,168.0021,102.9516,13.5943,12.5631,2003474.1025,1566338.1435,0.081
300503.SZ,20260427,62.93,9.6136,0.75,162.6518,99.673,13.1614,12.163,1939671.158,1516456.298,0.0836
300503.SZ,20260424,63.62,10.8191,0.85,164.4352,100.7659,13.3057,12.2963,1960938.8062,1533083.5798,0.0827
300503.SZ,20260423,60.75,9.8418,0.79,157.0173,96.2202,12.7054,11.7416,1872477.7189,1463923.7264,0.0866
300503.SZ,20260422,62.98,12.9897,1.15,162.7811,99.7522,13.1718,12.1726,1941212.2919,1517661.1735,0.0836
300503.SZ,20260421,61.14,18.6728,2.04,158.0253,96.8379,12.787,11.817,1884498.5635,1473321.7553,0.0861
300503.SZ,20260420,62.44,11.6034,1.4,232.1542,155.6553,14.3161,14.7286,1924568.0455,1504648.5182,0.0843
300503.SZ,20260417,59.29,10.8699,1.51,220.4424,147.8027,13.5939,13.9855,1827476.6083,1428741.362,0.0888
300503.SZ,20260416,56.37,8.2161,1.28,209.5858,140.5235,12.9244,13.2967,1737474.387,1358376.6331,0.0934
300503.SZ,20260415,55.1,7.1457,1.17,204.8638,137.3576,12.6332,12.9972,1698329.5854,1327772.7955,0.0955
300503.SZ,20260414,56.49,7.9721,1.49,210.0319,140.8227,12.9519,13.325,1741173.1085,1361268.3343,0.0932
300503.SZ,20260413,54.67,7.1537,1.46,203.2651,136.2856,12.5346,12.8957,1685075.8336,1317410.8662,0.0963
300503.SZ,20260410,52.5,5.4969,1.0,195.197,130.8761,12.0371,12.3839,1618190.6213,1265119.2698,0.1002
300503.SZ,20260409,53.22,4.3759,0.63,197.8739,132.671,12.2022,12.5537,1640382.9498,1282469.4769,0.0989
300503.SZ,20260408,54.95,5.4497,0.67,204.3061,136.9836,12.5988,12.9618,1693706.1836,1324158.169,0.0958
300503.SZ,20260407,52.31,4.3312,0.51,194.4905,130.4024,11.9935,12.3391,1612334.3123,1260540.7429,0.1006
300503.SZ,20260403,53.06,4.8952,0.61,197.2791,132.2721,12.1655,12.516,1635451.3212,1278613.8753,0.0992
300503.SZ,20260402,54.3,8.3032,1.11,201.8894,135.3633,12.4498,12.8085,1673671.4426,1308494.7876,0.0969
300503.SZ,20260401,55.33,11.9626,2.01,205.719,137.9309,12.6859,13.0514,1705418.8014,1333315.2228,0.0951
300503.SZ,20260331,52.03,10.9021,2.22,193.4495,129.7044,11.9293,12.273,1603703.9624,1253793.4401,0.1012
300503.SZ,20260330,49.62,6.1364,1.24,184.489,123.6966,11.3768,11.7045,1529421.3072,1195718.4412,0.1061
300503.SZ,20260327,46.75,3.1107,0.59,173.8182,116.542,10.7187,11.0275,1440960.2199,1126558.5878,0.1126
300503.SZ,20260326,46.73,5.217,0.95,173.7439,116.4922,10.7142,11.0228,1440343.7663,1126076.6376,0.1126
300503.SZ,20260325,46.96,4.423,0.68,174.599,117.0655,10.7669,11.0771,1447432.9824,1131619.0649,0.1121
300503.SZ,20260324,46.42,5.6272,0.77,172.5913,115.7194,10.6431,10.9497,1430788.736,1118606.4096,0.1134
300503.SZ,20260323,46.78,6.3241,0.88,173.9298,116.6168,10.7256,11.0346,1441884.9002,1127281.5131,0.1125
300503.SZ,20260320,49.73,4.9118,0.73,184.898,123.9708,11.402,11.7305,1532811.8018,1198369.1673,0.1058
300503.SZ,20260319,50.13,6.2582,1.0,186.3852,124.968,11.4937,11.8248,1545140.8732,1208008.1713,0.105
300503.SZ,20260318,53.18,9.2561,1.63,197.7252,132.5712,12.193,12.5443,1639150.0426,1281505.5765,0.099
300503.SZ,20260317,51.69,9.6035,1.95,192.1853,128.8568,11.8514,12.1928,1593224.2517,1245600.2867,0.1018
300503.SZ,20260316,50.54,5.9468,1.29,187.9096,125.99,11.5877,11.9215,1557778.1714,1217888.1503,0.1041
300503.SZ,20260313,48.12,2.489,0.53,178.9119,119.9573,11.0329,11.3507,1483187.2894,1159572.1764,0.1094
300503.SZ,20260312,49.39,3.8997,0.84,183.6339,123.1232,11.324,11.6503,1522332.0911,1190176.014,0.1066
300503.SZ,20260311,50.79,6.4311,1.55,188.8391,126.6133,11.645,11.9805,1565483.841,1223912.5278,0.1036
300503.SZ,20260310,50.8,5.8336,1.34,188.8763,126.6382,11.6473,11.9829,1565792.0678,1224153.5029,0.1036
300503.SZ,20260309,49.06,4.4827,0.98,182.4069,122.3006,11.2484,11.5724,1512160.6072,1182223.8357,0.1073
300503.SZ,20260306,49.4,2.664,0.51,183.671,123.1482,11.3263,11.6526,1522640.3179,1190416.9891,0.1065
300503.SZ,20260305,49.59,3.7976,0.71,184.3775,123.6218,11.3699,11.6975,1528496.6268,1194995.5159,0.1061
300503.SZ,20260304,48.46,3.9664,0.67,180.1761,120.8049,11.1108,11.4309,1493667.0001,1167765.3298,0.1086
300503.SZ,20260303,48.44,6.925,1.16,180.1017,120.755,11.1062,11.4262,1493050.5465,1167283.3796,0.1086
300503.SZ,20260302,52.15,5.5935,0.96,193.8956,130.0036,11.9568,12.3013,1607402.6838,1256685.1413,0.1009
300503.SZ,20260227,53.16,5.5892,0.97,197.6509,132.5214,12.1884,12.5396,1638533.5891,1281023.6263,0.099
300503.SZ,20260226,54.69,4.4828,0.69,203.3395,136.3355,12.5392,12.9005,1685692.2872,1317892.8164,0.0962
300503.SZ,20260225,55.13,6.9663,0.97,204.9754,137.4323,12.6401,13.0042,1699254.2657,1328495.7208,0.0955
300503.SZ,20260224,53.24,7.2074,1.0,197.9483,132.7208,12.2068,12.5584,1640999.4033,1282951.4271,0.0989
300503.SZ,20260213,55.23,4.9,0.61,205.3472,137.6816,12.663,13.0278,1702336.5336,1330905.4718,0.0953
300503.SZ,20260212,55.01,5.3883,0.67,204.5292,137.1332,12.6126,12.9759,1695555.5443,1325604.0196,0.0957
300503.SZ,20260211,55.0,7.8514,0.95,204.492,137.1083,12.6103,12.9736,1695247.3175,1325363.0445,0.0957
300503.SZ,20260210,57.3,10.4415,1.24,213.0435,142.8419,13.1376,13.5161,1766139.4781,1380787.3173,0.0918
300503.SZ,20260209,56.35,7.6092,0.79,209.5114,140.4737,12.9198,13.292,1736857.9335,1357894.6829,0.0934
300503.SZ,20260206,55.56,8.6226,0.86,206.5741,138.5043,12.7387,13.1057,1712508.0175,1338857.65,0.0947
300503.SZ,20260205,54.69,5.6899,0.54,203.3395,136.3355,12.5392,12.9005,1685692.2872,1317892.8164,0.0962
300503.SZ,20260204,56.61,8.7561,0.79,210.4781,141.1218,12.9794,13.3534,1744871.8299,1364160.0354,0.093
300503.SZ,20260203,58.35,11.5793,1.01,216.9475,145.4594,13.3784,13.7638,1798503.2905,1406089.7027,0.0902
300503.SZ,20260202,57.15,13.3889,1.06,212.4858,142.468,13.1032,13.4807,1761516.0763,1377172.6908,0.0921
300503.SZ,20260130,55.57,10.5043,0.72,206.6113,138.5292,12.741,13.108,1712816.2442,1339098.6251,0.0947
300503.SZ,20260129,56.0,8.4861,0.53,208.2101,139.6012,12.8396,13.2095,1726069.996,1349460.5544,0.094
300503.SZ,20260128,57.71,11.1795,0.65,214.5679,143.864,13.2316,13.6128,1778776.7762,1390667.2963,0.0912
300503.SZ,20260127,59.4,13.5944,0.76,220.8514,148.0769,13.6191,14.0115,1830867.1029,1431392.0881,0.0886
300503.SZ,20260126,61.7,19.5633,1.07,229.4029,153.8106,14.1464,14.554,1901759.2635,1486816.3608,0.0853
300503.SZ,20260123,71.65,19.8581,1.08,266.3974,178.6147,16.4278,16.901,2208444.9145,1726586.5843,0.0735
300503.SZ,20260122,67.26,16.0297,0.92,250.0752,167.671,15.4212,15.8655,2073133.3559,1620798.5159,0.0782
300503.SZ,20260121,65.88,17.0419,0.95,244.9443,164.2308,15.1048,15.54,2030598.0596,1587543.9522,0.0799
300503.SZ,20260120,64.01,16.7354,0.88,237.9916,159.5691,14.6761,15.0989,1972959.6508,1542481.6087,0.0822
300503.SZ,20260119,67.5,22.1046,1.11,250.9675,168.2692,15.4763,15.9221,2080530.7988,1626581.9183,0.078
300503.SZ,20260116,62.92,20.1949,0.94,233.9389,156.8519,14.4262,14.8418,1939362.9312,1516215.3229,0.0836
300503.SZ,20260115,60.22,10.6717,0.46,223.9002,150.1211,13.8071,14.2049,1856141.6993,1451152.0462,0.0874
300503.SZ,20260114,61.44,19.7698,0.84,228.4362,153.1624,14.0868,14.4927,1893745.367,1480551.0083,0.0857
300503.SZ,20260113,62.9,22.28,0.91,233.8645,156.802,14.4216,14.8371,1938746.4777,1515733.3727,0.0837
300503.SZ,20260112,69.27,26.3223,1.11,257.5484,172.6816,15.8821,16.3396,2135086.9397,1669234.5108,0.076
300503.SZ,20260109,64.91,28.6064,1.18,241.3378,161.8127,14.8824,15.3112,2000700.0614,1564169.3676,0.0811
300503.SZ,20260108,60.8,19.0258,0.7,226.0567,151.567,13.9401,14.3417,1874018.8528,1465128.6019,0.0866
300503.SZ,20260107,59.62,21.1079,0.72,221.6694,148.6254,13.6695,14.0634,1837648.0922,1436693.5402,0.0883
300503.SZ,20260106,61.91,26.7073,0.89,230.1837,154.3341,14.1946,14.6035,1908232.0259,1491876.8379,0.085
300503.SZ,20260105,60.66,23.5467,0.8,225.5361,151.218,13.908,14.3087,1869703.6778,1461754.9505,0.0868
300503.SZ,20251231,63.72,30.3684,1.22,236.9133,158.8462,14.6096,15.0305,1964021.074,1535493.3308,0.0
300503.SZ,20251230,63.8,33.8015,1.73,237.2108,159.0456,14.6279,15.0494,1966486.8883,1537421.1316,0.0
300503.SZ,20251229,53.8,31.5148,2.13,200.0304,134.1168,12.3351,12.6905,1658260.1033,1296446.0326,0.0
300503.SZ,20251226,46.72,30.1394,2.91,173.7067,116.4672,10.7119,11.0205,1440035.5395,1125835.6625,0.0
300503.SZ,20251225,43.42,21.7643,2.68,161.4372,108.2408,9.9552,10.2421,1338320.7005,1046313.8799,0.0
300503.SZ,20251224,36.18,7.0828,0.85,134.5186,90.1923,8.2953,8.5343,1115164.5081,871847.9082,0.0
300503.SZ,20251223,34.98,7.1795,0.81,130.0569,87.2009,8.0201,8.2512,1078177.2939,842930.8963,0.0
300503.SZ,20251222,35.66,7.8614,0.78,132.5852,88.896,8.176,8.4116,1099136.7153,859317.203,0.0
300503.SZ,20251219,35.93,7.928,0.65,133.5891,89.5691,8.238,8.4753,1107458.8385,865823.5307,0.0
300503.SZ,20251218,36.06,10.6046,0.85,134.0724,89.8932,8.2678,8.506,1111465.7867,868956.207,0.0
300503.SZ,20251217,36.0,7.9542,0.54,133.8493,89.7436,8.254,8.4918,1109616.426,867510.3564,0.0
300503.SZ,20251216,35.91,9.8743,0.65,133.5147,89.5192,8.2334,8.4706,1106842.3849,865341.5805,0.0
300503.SZ,20251215,37.66,14.2889,0.83,140.0213,93.8818,8.6346,8.8834,1160782.0723,907512.2228,0.0
300503.SZ,20251212,38.6,17.9516,0.93,143.5162,96.2251,8.8501,9.1051,1189755.3901,930163.8821,0.0
300503.SZ,20251211,36.3,11.9695,0.63,134.9647,90.4915,8.3228,8.5626,1118863.2296,874739.6094,0.0
300503.SZ,20251210,36.88,19.3934,1.21,137.1212,91.9373,8.4558,8.6994,1136740.3831,888716.1651,0.0
300503.SZ,20251209,34.95,12.7932,0.87,129.9454,87.1261,8.0133,8.2441,1077252.6136,842207.971,0.0
300503.SZ,20251208,35.8,23.6405,1.93,133.1057,89.245,8.2081,8.4446,1103451.8903,862690.8544,0.0
300503.SZ,20251205,34.47,28.4028,3.37,128.1607,85.9295,7.9032,8.1309,1062457.7279,830641.1663,0.0
300503.SZ,20251204,30.46,11.2193,1.55,113.2514,75.9331,6.9838,7.185,938858.7871,734010.1516,0.0
300503.SZ,20251203,28.94,4.161,0.52,107.6,72.1439,6.6353,6.8265,892008.3158,697381.9365,0.0
300503.SZ,20251202,29.46,6.0344,0.8,109.5334,73.4402,6.7545,6.9491,908036.1086,709912.6417,0.0
300503.SZ,20251201,30.68,11.3192,1.95,114.0694,76.4815,7.0342,7.2369,945639.7764,739311.6037,0.0
300503.SZ,20251128,29.25,9.4181,1.98,108.7526,72.9167,6.7064,6.8996,901563.3461,704852.1646,0.0
300503.SZ,20251127,27.51,5.3023,1.29,102.2832,68.5791,6.3074,6.4891,847931.8855,662922.4973,0.0
300503.SZ,20251126,28.15,8.2509,2.84,104.6627,70.1745,6.4542,6.6401,867658.3998,678344.9037,0.0
300503.SZ,20251125,27.5,3.4775,1.31,102.246,68.5541,6.3051,6.4868,847623.6588,662681.5223,0.0
300503.SZ,20251124,26.77,2.56,0.96,99.5319,66.7343,6.1378,6.3146,825123.1034,645090.34,0.0
300503.SZ,20251121,26.33,4.2502,1.66,97.8959,65.6375,6.0369,6.2108,811561.1249,634487.4357,0.0
300503.SZ,20251120,26.86,2.0117,0.63,99.8665,66.9587,6.1584,6.3358,827897.1445,647259.1159,0.0
300503.SZ,20251119,27.16,2.2315,0.6,100.9819,67.7066,6.2272,6.4066,837143.9481,654488.3689,0.0
300503.SZ,20251118,27.69,2.2568,0.5,102.9524,69.0278,6.3487,6.5316,853479.9677,667260.0491,0.0
300503.SZ,20251117,27.81,2.6426,0.55,103.3986,69.3269,6.3762,6.5599,857178.6891,670151.7503,0.0
300503.SZ,20251114,27.71,3.6947,0.67,103.0268,69.0776,6.3533,6.5363,854096.4212,667741.9993,0.0
300503.SZ,20251113,28.65,5.1494,0.76,106.5218,71.4209,6.5688,6.7581,883069.739,690393.6586,0.0
300503.SZ,20251112,29.19,4.9001,0.75,108.5295,72.7671,6.6926,6.8854,899713.9854,703406.314,0.0
300503.SZ,20251111,30.48,6.2065,0.98,113.3258,75.9829,6.9884,7.1897,939475.2407,734492.1018,0.0
300503.SZ,20251110,29.86,4.0428,0.59,111.0206,74.4373,6.8462,7.0435,920365.18,719551.6456,0.0
300503.SZ,20251107,30.16,7.1019,0.98,112.136,75.1852,6.915,7.1142,929611.9836,726780.8986,0.0
300503.SZ,20251106,31.23,11.4933,1.49,116.1143,77.8526,7.1603,7.3666,962592.2496,752565.2342,0.0
300503.SZ,20251105,28.94,4.0308,0.47,107.6,72.1439,6.6353,6.8265,892008.3158,697381.9365,0.0
300503.SZ,20251104,29.37,5.1464,0.62,109.1988,73.2158,6.7339,6.9279,905262.0675,707743.8658,0.0
300503.SZ,20251103,30.17,6.2701,0.75,112.1732,75.2101,6.9173,7.1166,929920.2103,727021.8737,0.0
300503.SZ,20251031,31.14,9.1918,1.08,115.7797,77.6282,7.1397,7.3454,959818.2085,750396.4583,0.0
300503.SZ,20251030,30.84,13.8716,2.22,114.6643,76.8803,7.0709,7.2746,950571.4049,743167.2053,0.0
300503.SZ,20251029,29.86,8.1464,1.54,111.0206,100.7351,7.2912,7.0435,920365.18,719551.6456,0.0
300503.SZ,20251028,28.87,4.0719,0.82,107.3397,97.3953,7.0495,6.81,889850.7283,695695.1108,0.0
300503.SZ,20251027,29.03,6.6734,1.59,107.9346,97.9351,7.0885,6.8477,894782.3569,699550.7124,0.0
300503.SZ,20251024,28.8,9.7407,3.46,107.0795,97.1591,7.0324,6.7934,887693.1408,694008.2851,0.0
300503.SZ,20251023,27.33,2.6294,0.92,101.614,92.2,6.6734,6.4467,842383.8034,658584.9456,0.0
300503.SZ,20251022,27.71,3.4071,1.12,103.0268,93.4819,6.7662,6.5363,854096.4212,667741.9993,0.0
300503.SZ,20251021,27.44,2.4116,0.69,102.0229,92.5711,6.7003,6.4726,845774.298,661235.6717,0.0
300503.SZ,20251020,27.32,2.7317,0.7,101.5768,92.1662,6.671,6.4443,842075.5766,658343.9705,0.0
300503.SZ,20251017,26.77,2.8807,0.68,99.5319,90.3108,6.5367,6.3146,825123.1034,645090.34,0.0
300503.SZ,20251016,28.04,2.9037,0.62,104.2538,94.5952,6.8468,6.6142,864267.9051,675694.1776,0.0
300503.SZ,20251015,28.8,4.3293,0.95,107.0795,97.1591,7.0324,6.7934,887693.1408,694008.2851,0.0
300503.SZ,20251014,27.7,4.6191,1.04,102.9828,93.442,6.764,6.5335,853731.6865,667486.8972,0.0
300503.SZ,20251013,29.16,4.6675,1.04,108.4108,98.3671,7.1205,6.8779,898729.8187,702668.5142,0.0
300503.SZ,20251010,29.58,4.7331,0.99,109.9723,99.7839,7.2231,6.977,911674.4868,712789.2541,0.0
300503.SZ,20251009,30.21,5.2285,1.07,112.3145,101.9091,7.3769,7.1256,931091.4891,727970.364,0.0
300503.SZ,20250930,30.97,3.5635,0.64,115.14,104.4729,7.5625,7.3048,954515.1743,746284.0838,0.0
300503.SZ,20250929,31.03,4.0037,0.68,115.3631,104.6753,7.5772,7.319,956364.4127,747729.9038,0.0
300503.SZ,20250926,30.63,4.9158,0.72,113.8759,103.3259,7.4795,7.2246,944036.1573,738091.1039,0.0
300503.SZ,20250925,31.97,6.1829,0.69,118.8578,107.8462,7.8067,7.5407,985335.8128,770381.0836,0.0
300503.SZ,20250924,31.9,5.8055,0.54,118.5975,107.6101,7.7896,7.5242,983178.3682,768694.2936,0.0
300503.SZ,20250923,31.37,6.7847,0.58,116.6271,105.8222,7.6602,7.3992,966843.4297,755922.8837,0.0
300503.SZ,20250922,31.93,5.7865,0.47,118.7091,107.7113,7.797,7.5313,984102.9873,769417.2036,0.0
300503.SZ,20250919,31.39,9.7195,0.8,116.7015,105.8897,7.6651,7.4039,967459.8425,756404.8237,0.0
300503.SZ,20250918,32.88,16.6207,1.54,122.241,110.916,8.0289,7.7553,1013382.5939,792309.3534,0.0
300503.SZ,20250917,34.18,14.8759,1.6,127.0741,115.3014,8.3464,8.062,1053449.4239,823635.4532,0.0
300503.SZ,20250916,32.26,11.9827,1.5,119.9359,108.8245,7.8775,7.6091,994273.798,777369.2135,0.0
300503.SZ,20250915,30.99,7.8637,0.95,115.2143,104.5404,7.5674,7.3095,955131.5871,746766.0238,0.0
300503.SZ,20250912,30.92,9.7691,1.29,114.9541,104.3042,7.5503,7.293,952974.1424,745079.2338,0.0
300503.SZ,20250911,30.85,9.4665,1.26,114.6939,104.0681,7.5332,7.2765,950816.6977,743392.4438,0.0
300503.SZ,20250910,29.69,7.3369,0.93,110.3812,100.155,7.25,7.0029,915064.7571,715439.9241,0.0
300503.SZ,20250909,29.4,5.4254,0.53,109.3031,99.1767,7.1792,6.9345,906126.7719,708451.7941,0.0
300503.SZ,20250908,30.02,9.3829,0.83,111.6081,101.2682,7.3306,7.0807,925235.5678,723391.934,0.0
300503.SZ,20250905,28.97,6.3223,0.51,107.7044,97.7262,7.0742,6.8331,892873.8973,698090.0842,0.0
300503.SZ,20250904,28.1,8.9751,0.69,104.4699,94.7914,6.8617,6.6279,866059.9419,677125.6944,0.0
300503.SZ,20250903,29.28,9.421,0.66,108.8569,98.7719,7.1499,6.9062,902428.2953,705560.1541,0.0
300503.SZ,20250902,30.83,16.9326,1.08,114.6195,104.0006,7.5283,7.2718,950200.285,742910.5038,0.0
300503.SZ,20250901,31.15,15.1066,0.81,115.8092,105.0801,7.6065,7.3473,960062.8893,750621.5438,0.0
300503.SZ,20250829,30.42,11.9244,0.64,113.0952,102.6175,7.4282,7.1751,937563.8232,733030.7339,0.0
300503.SZ,20250828,30.45,11.8604,0.61,113.2067,102.7187,7.4356,7.1822,938488.4423,733753.6439,0.0
300503.SZ,20250827,30.37,15.4643,0.84,112.9093,102.4489,7.416,7.1633,936022.7912,731825.8839,0.0
300503.SZ,20250826,31.27,23.9188,1.49,116.2553,105.4849,7.6358,7.3756,963761.3659,753513.1837,0.0
300503.SZ,20250825,33.54,29.8006,2.47,124.6947,113.1424,8.1901,7.911,1033724.2153,808213.3733,0.0
300503.SZ,20250822,27.95,11.4186,1.01,103.9123,94.2854,6.8251,6.5925,861436.8461,673511.1444,0.0
300503.SZ,20250821,27.74,16.2608,1.79,103.1315,93.5769,6.7738,6.543,854964.512,668450.7745,0.0
300503.SZ,20250820,26.82,10.8554,1.39,99.7112,90.4735,6.5491,6.326,826609.5246,646281.5346,0.0
300503.SZ,20250819,26.52,12.1665,1.97,98.5958,89.4614,6.4759,6.2552,817363.333,639052.4347,0.0
300503.SZ,20250818,25.85,9.6054,1.88,95.4396,86.5977,6.3377,6.055,791198.2811,618040.6757,0.0
300503.SZ,20250815,25.05,7.9455,1.78,92.486,83.9176,6.1415,5.8676,766712.4542,598913.6915,0.0
300503.SZ,20250814,24.04,5.1142,1.08,88.757,80.5341,5.8939,5.631,735799.0977,574765.874,0.0
300503.SZ,20250813,24.5,4.4241,0.78,90.4553,82.0751,6.0067,5.7388,749878.4482,585763.8899,0.0
300503.SZ,20250812,24.3,4.0371,0.63,89.7169,81.4051,5.9577,5.6919,743756.9915,580982.1439,0.0
300503.SZ,20250811,24.58,4.0249,0.61,90.7507,82.3431,6.0263,5.7575,752327.0309,587676.5883,0.0
300503.SZ,20250808,24.44,4.7036,0.75,90.2338,81.8741,5.992,5.7247,748042.0112,584329.3661,0.0
300503.SZ,20250807,24.99,6.5462,1.1,92.2644,83.7166,6.1268,5.8535,764876.0172,597479.1677,0.0
300503.SZ,20250806,25.2,8.9715,1.81,93.0398,84.4201,6.1783,5.9027,771303.5467,602500.001,0.0
300503.SZ,20250805,24.7,7.8036,1.74,91.1938,82.7451,6.0557,5.7856,755999.9049,590545.6359,0.0
300503.SZ,20250804,24.1,5.2226,1.06,88.9785,80.7351,5.9086,5.6451,737635.5348,576200.3978,0.0
300503.SZ,20250801,23.05,2.9981,0.56,85.1019,77.2176,5.6512,5.3991,705497.887,551096.2311,0.0
300503.SZ,20250731,23.24,4.7041,0.94,85.8034,77.8541,5.6978,5.4436,711313.2709,555638.8898,0.0
300503.SZ,20250730,23.52,4.0955,0.81,86.8371,85.7925,5.7664,5.5092,719883.3103,562333.3343,0.0
300503.SZ,20250729,23.97,5.3857,1.07,88.4986,87.434,5.8768,5.6146,733656.5879,573092.2629,0.0
300503.SZ,20250728,24.08,7.376,1.51,88.9047,87.8352,6.1467,5.6404,737023.3891,575722.2232,0.0
300503.SZ,20250725,23.47,5.1032,1.06,86.6525,85.6101,5.991,5.4975,718352.9461,561137.8978,0.0
300503.SZ,20250724,23.09,3.1864,0.54,85.2495,84.224,5.894,5.4085,706722.1783,552052.5803,0.0
300503.SZ,20250723,22.81,4.0954,0.66,84.2158,83.2027,5.8225,5.3429,698152.1389,545358.1359,0.0
300503.SZ,20250722,23.19,5.4245,0.86,85.6188,84.5888,5.9195,5.4319,709782.9067,554443.4533,0.0
300503.SZ,20250721,23.42,6.6556,1.01,86.4679,85.4278,5.9782,5.4858,716822.5819,559942.4613,0.0
300503.SZ,20250718,23.19,4.751,0.75,85.6188,84.5888,5.9195,5.4319,709782.9067,554443.4533,0.0
300503.SZ,20250717,23.4,8.4907,1.65,86.3941,85.3548,5.9731,5.4811,716210.4362,559464.2867,0.0
300503.SZ,20250716,22.72,5.9133,1.2,83.8835,82.8744,5.7996,5.3218,695397.4834,543206.3501,0.0
300503.SZ,20250715,22.64,5.7416,1.34,83.5881,82.5826,5.7791,5.3031,692948.9007,541293.6517,0.0
300503.SZ,20250714,22.61,8.0857,2.66,83.4774,82.4732,5.6944,5.2961,692030.6822,540576.3898,0.0
300503.SZ,20250711,21.74,3.5391,1.22,80.2653,79.2997,5.4753,5.0923,665402.3455,519775.7945,0.0
300503.SZ,20250710,21.28,2.3736,0.84,78.5669,77.6218,5.3595,4.9845,651322.995,508777.7787,0.0
300503.SZ,20250709,21.5,4.806,2.0,79.3792,78.4243,5.4149,5.036,658056.5974,514037.6993,0.0
300503.SZ,20250708,21.58,2.5777,1.07,79.6745,78.7161,5.435,5.0548,660505.1801,515950.3977,0.0
300503.SZ,20250707,21.08,1.8847,0.73,77.8285,76.8923,5.3091,4.9377,645201.5383,503996.0326,0.0
300503.SZ,20250704,21.28,2.8132,1.08,78.5669,77.6218,5.3595,4.9845,651322.995,508777.7787,0.0
300503.SZ,20250703,21.75,2.0086,0.66,80.3022,79.3362,5.4778,5.0946,665708.4183,520014.8819,0.0
300503.SZ,20250702,21.63,2.7078,0.76,79.8591,78.8985,5.4476,5.0665,662035.5443,517145.8342,0.0
300503.SZ,20250701,22.0,2.6476,0.6,81.2252,80.2481,5.5408,5.1532,673360.2392,525992.0644,0.0
300503.SZ,20250630,22.13,2.7915,0.65,81.7052,80.7223,5.5735,5.1836,677339.1861,529100.1993,0.0
300503.SZ,20250627,21.85,2.8746,0.66,80.6714,79.701,5.503,5.118,668769.1467,522405.7549,0.0
300503.SZ,20250626,21.84,4.1451,0.9,80.6345,79.6645,5.5005,5.1157,668463.0738,522166.6676,0.0
300503.SZ,20250625,22.2,5.4506,1.36,81.9636,80.9776,5.5912,5.2,679481.6959,530773.8104,0.0
300503.SZ,20250624,22.0,6.7285,2.15,81.2252,80.2481,5.5408,5.1532,673360.2392,525992.0644,0.0
300503.SZ,20250623,20.78,2.2932,0.75,76.7209,75.798,5.2335,4.8674,636019.3532,496823.4136,0.0
300503.SZ,20250620,20.36,3.311,1.11,75.1702,74.266,5.1278,4.769,623164.2941,486781.7469,0.0
300503.SZ,20250619,21.2,5.2921,2.23,78.2716,77.33,5.3393,4.9658,648874.4123,506865.0802,0.0
300503.SZ,20250618,21.1,2.4108,0.99,77.9024,76.9652,5.3141,4.9424,645813.684,504474.2072,0.0
300503.SZ,20250617,20.89,2.3654,0.88,77.127,76.1992,5.2612,4.8932,639386.1544,499453.3739,0.0
300503.SZ,20250616,20.68,1.9479,0.67,76.3517,75.4332,5.2084,4.844,632958.6248,494432.5405,0.0
300503.SZ,20250613,20.57,2.9249,1.01,75.9456,75.032,5.1807,4.8182,629591.8237,491802.5802,0.0
300503.SZ,20250612,21.17,2.2182,0.67,78.1608,77.2206,5.3318,4.9588,647956.1938,506147.8183,0.0
300503.SZ,20250611,21.45,2.7464,0.84,79.1946,78.2419,5.4023,5.0243,656526.2332,512842.2628,0.0
300503.SZ,20250610,21.33,3.6518,1.23,78.7515,77.8042,5.3721,4.9962,652853.3592,509973.2152,0.0
300503.SZ,20250609,21.41,3.0862,1.01,79.0469,78.096,5.3922,5.015,655301.9419,511885.9136,0.0
300503.SZ,20250606,21.18,2.8157,0.9,78.1977,77.257,5.3343,4.9611,648262.2666,506386.9056,0.0
300503.SZ,20250605,21.48,4.2662,1.5,79.3053,78.3513,5.4098,5.0314,657444.4517,513559.5247,0.0
300503.SZ,20250604,20.99,2.4596,0.84,77.4962,76.564,5.2864,4.9166,642446.8828,501844.2469,0.0
300503.SZ,20250603,20.97,2.2256,0.74,77.4224,76.491,5.2814,4.9119,641834.7371,501366.0723,0.0
300503.SZ,20250530,21.01,3.4431,1.1,77.5701,76.6369,5.2915,4.9213,643059.0284,502322.4215,0.0
300503.SZ,20250529,21.65,3.2279,1.02,79.933,78.9714,5.4527,5.0712,662647.6899,517624.0088,0.0
300503.SZ,20250528,21.32,2.8474,0.82,78.7146,77.7677,5.3695,4.9939,652547.2864,509734.1279,0.0
300503.SZ,20250527,21.5,2.968,0.83,79.3792,78.4243,5.4149,5.036,658056.5974,514037.6993,0.0
300503.SZ,20250526,22.03,2.6174,0.61,81.336,80.3575,5.5484,5.1602,674278.4577,526709.3263,0.0
300503.SZ,20250523,21.81,4.0,0.86,80.5237,79.5551,5.493,5.1087,667544.8553,521449.4057,0.0
300503.SZ,20250522,22.08,3.3898,0.68,81.5206,80.5399,5.561,5.1719,675808.8219,527904.7628,0.0
300503.SZ,20250521,22.2,4.2974,0.77,81.9636,80.9776,5.5912,5.2,679481.6959,530773.8104,0.0
300503.SZ,20250520,22.71,3.6217,0.58,83.8466,82.8379,5.7196,5.3195,695091.4106,542967.2628,0.0
300503.SZ,20250519,22.78,6.3097,0.97,84.105,83.0933,5.7373,5.3359,697233.9204,544640.874,0.0
300503.SZ,20250516,23.4,5.5242,0.85,86.3941,85.3548,5.8934,5.4811,716210.4362,559464.2867,0.0
300503.SZ,20250515,23.34,5.0484,0.78,86.1726,85.1359,5.8783,5.467,714373.9992,558029.7629,0.0
300503.SZ,20250514,24.05,7.2718,1.12,88.7939,87.7258,6.0571,5.6333,736105.1706,575004.9613,0.0
300503.SZ,20250513,24.11,7.2218,1.13,89.0154,87.9446,6.0722,5.6474,737941.6076,576439.4851,0.0
300503.SZ,20250512,24.34,7.3618,1.18,89.8646,88.7836,6.1301,5.7013,744981.2828,581938.4931,0.0
300503.SZ,20250509,23.4,5.4415,0.89,86.3941,85.3548,5.8934,5.4811,716210.4362,559464.2867,0.0
300503.SZ,20250508,24.08,5.0082,0.87,88.9047,87.8352,6.0647,5.6404,737023.3891,575722.2232,0.0
300503.SZ,20250507,23.83,7.562,1.43,87.9817,86.9233,6.0017,5.5818,729371.5682,569745.0407,0.0
300503.SZ,20250506,24.19,6.595,1.25,89.3108,88.2364,6.0924,5.6661,740390.1903,578352.1835,0.0
300503.SZ,20250430,23.52,6.5703,1.1,86.8371,85.7925,5.9236,5.5092,719883.3103,562333.3343,0.0
300503.SZ,20250429,22.85,4.7722,0.76,84.3635,83.3486,5.7549,5.3523,699376.4303,546314.4851,0.0
300503.SZ,20250428,22.4,3.4047,0.48,82.702,81.7072,5.6415,5.2469,685603.1526,535555.5565,0.0
300503.SZ,20250425,22.87,5.0684,0.77,84.4373,83.4216,5.7599,5.357,699988.5759,546792.6597,0.0
300503.SZ,20250424,22.95,6.5536,1.09,84.7327,83.7134,5.7801,5.3757,702437.1586,548705.3581,0.0
300503.SZ,20250423,23.24,9.9491,2.01,85.8034,84.7712,5.8531,5.4436,711313.2709,555638.8898,0.0
300503.SZ,20250422,22.08,6.2424,1.28,81.5206,80.5399,5.561,5.1719,675808.8219,527904.7628,0.0
300503.SZ,20250421,22.93,7.3098,1.57,,,5.9168,7.0163,701825.0129,548227.1835,0.0
300503.SZ,20250418,21.46,2.9147,0.52,,,5.5375,6.5665,656832.3061,513081.3501,0.0
300503.SZ,20250417,21.54,3.631,0.54,,,5.5582,6.591,659280.8887,514994.0485,0.0
300503.SZ,20250416,21.78,4.679,0.62,,,5.6201,6.6644,666626.6368,520732.1438,0.0
300503.SZ,20250415,22.35,5.8258,0.72,,,5.7672,6.8388,684072.7885,534360.12,0.0
300503.SZ,20250414,22.16,6.1726,0.72,,,5.7181,6.7807,678257.4046,529817.4612,0.0
300503.SZ,20250411,21.98,7.7908,0.99,,,5.6717,6.7256,672748.0935,525513.8898,0.0
300503.SZ,20250410,21.45,8.9709,1.27,,,5.5349,6.5634,656526.2332,512842.2628,0.0
300503.SZ,20250409,20.4,9.1019,1.5,,,5.264,6.2421,624388.5854,487738.0961,0.0
300503.SZ,20250408,19.63,8.3153,1.43,,,5.0653,6.0065,600820.9771,469328.3738,0.0
300503.SZ,20250407,19.54,8.4619,1.68,,,5.0421,5.979,598066.3215,467176.5881,0.0
300503.SZ,20250403,24.43,4.3077,0.8,,,6.3039,7.4753,747735.9383,584090.2788,0.0
300503.SZ,20250402,24.99,4.997,0.86,,,6.4484,7.6466,764876.0172,597479.1677,0.0
300503.SZ,20250401,24.56,4.1735,0.66,,,6.3374,7.515,751714.8852,587198.4137,0.0
300503.SZ,20250331,24.98,7.1715,1.07,,,6.4458,7.6436,764569.9443,597240.0804,0.0
300503.SZ,20250328,25.5,4.4639,0.54,,,6.58,7.8027,780485.7318,609672.6201,0.0
300503.SZ,20250327,25.93,5.9518,0.57,,,6.6909,7.9342,793646.8637,619953.3741,0.0
300503.SZ,20250326,26.06,7.1826,0.58,,,6.7245,7.974,797625.8106,623061.509,0.0
300503.SZ,20250325,25.32,6.7458,0.51,,,6.5335,7.7476,774976.4208,605369.0487,0.0
300503.SZ,20250324,26.45,9.3211,0.7,,,6.8251,8.0934,809562.6512,632385.9138,0.0
300503.SZ,20250321,27.17,12.1618,0.95,,,7.0109,8.3137,831599.8954,649600.1995,0.0
300503.SZ,20250320,29.36,17.1864,1.42,,,7.576,8.9838,898629.8465,701960.3187,0.0
300503.SZ,20250319,29.12,16.0009,1.42,,,7.5141,8.9103,891284.0984,696222.2234,0.0
300503.SZ,20250318,28.18,11.2395,0.95,,,7.2715,8.6227,862513.2518,673748.017,0.0
300503.SZ,20250317,27.9,9.6391,0.76,,,7.1993,8.537,853943.2124,667053.5726,0.0
300503.SZ,20250314,27.61,10.0732,0.67,,,7.1245,8.4483,845067.1002,660120.0408,0.0
300503.SZ,20250313,26.57,13.7293,0.93,,,6.8561,8.1301,813235.5253,635254.9614,0.0
300503.SZ,20250312,28.58,11.5376,0.78,,,7.3748,8.7451,874756.1653,683311.5091,0.0
300503.SZ,20250311,29.08,14.0459,0.98,,,7.5038,8.8981,890059.8071,695265.8742,0.0
300503.SZ,20250310,28.63,14.0162,1.02,,,7.3877,8.7604,876286.5295,684506.9456,0.0
300503.SZ,20250307,29.78,21.7504,1.74,,,7.6844,9.1123,911484.9056,712001.9854,0.0
300503.SZ,20250306,27.54,12.1657,0.87,,,7.1064,8.4269,842924.5903,658446.4297,0.0
300503.SZ,20250305,27.28,12.0961,0.73,,,7.0393,8.3473,834966.6966,652230.1599,0.0
300503.SZ,20250304,26.66,11.4511,0.61,,,6.8793,8.1576,815990.1808,637406.7471,0.0
300503.SZ,20250303,25.99,11.0,0.5,,,6.7064,7.9526,795483.3008,621387.8979,0.0
300503.SZ,20250228,26.63,15.9495,0.68,,,6.8716,8.1484,815071.9623,636689.4852,0.0
300503.SZ,20250227,28.79,19.3588,0.81,,,7.4289,8.8094,881183.6948,688332.3425,0.0
300503.SZ,20250226,28.92,25.6255,1.1,,,7.4625,8.8491,885162.6417,691440.4774,0.0
300503.SZ,20250225,29.3,21.4981,0.92,,,7.5605,8.9654,896793.4095,700525.7949,0.0
300503.SZ,20250224,30.0,27.2017,1.34,,,7.7412,9.1796,918218.508,717261.906,0.0
300503.SZ,20250221,27.38,22.8736,1.3,,,7.0651,8.3779,838027.425,654621.0329,0.0
300503.SZ,20250220,25.62,21.6652,1.42,,,6.611,7.8394,784158.6058,612541.6677,0.0
300503.SZ,20250219,25.17,23.0138,1.75,,,6.4948,7.7017,770385.3282,601782.7391,0.0
300503.SZ,20250218,24.02,21.9936,2.01,,,6.1981,7.3498,735186.9521,574287.6994,0.0
300503.SZ,20250217,23.09,12.0289,1.07,,,5.9581,7.0652,706722.1783,552052.5803,0.0
300503.SZ,20250214,22.0,9.2269,0.71,,,5.6769,6.7317,673360.2392,525992.0644,0.0
300503.SZ,20250213,22.27,10.2151,0.73,,,5.7465,6.8143,681624.2058,532447.4216,0.0
300503.SZ,20250212,23.2,12.4075,0.89,,,5.9865,7.0989,710088.9795,554682.5406,0.0
300503.SZ,20250211,22.43,10.7504,0.77,,,5.7878,6.8633,686521.3711,536272.8184,0.0
300503.SZ,20250210,22.94,13.4329,0.94,,,5.9194,7.0193,702131.0858,548466.2708,0.0
300503.SZ,20250207,23.38,18.22,1.34,,,6.0329,7.154,715598.2906,558986.1121,0.0
300503.SZ,20250206,23.6,15.5399,1.26,,,6.0897,7.2213,722331.893,564246.0327,0.0
300503.SZ,20250205,22.46,11.72,0.91,,,5.7956,6.8725,687439.5897,536990.0803,0.0
300503.SZ,20250127,21.89,10.5637,0.82,,,5.6485,6.6981,669993.438,523362.1041,0.0
300503.SZ,20250124,23.31,15.3114,1.29,,,6.0149,7.1326,713455.7807,557312.501,0.0
300503.SZ,20250123,22.17,14.6938,1.33,,,5.7207,6.7837,678563.4774,530056.5485,0.0
300503.SZ,20250122,21.82,9.4235,0.81,,,5.6304,6.6766,667850.9282,521688.493,0.0
300503.SZ,20250121,22.27,14.4707,1.22,,,5.7465,6.8143,681624.2058,532447.4216,0.0
300503.SZ,20250120,21.63,10.1731,0.83,,,5.5814,6.6185,662035.5443,517145.8342,0.0
300503.SZ,20250117,21.16,10.5746,0.84,,,5.4601,6.4747,647650.121,505908.731,0.0
300503.SZ,20250116,21.09,10.6032,0.86,,,5.442,6.4533,645507.6111,504235.1199,0.0
300503.SZ,20250115,21.24,12.267,1.05,,,5.4807,6.4992,650098.7037,507821.4294,0.0
300503.SZ,20250114,21.14,15.6829,1.63,,,5.4549,6.4686,647037.9753,505430.5564,0.0
300503.SZ,20250113,19.11,12.5018,1.5,,,4.9311,5.8474,584905.1896,456895.8341,0.0
300503.SZ,20250110,18.57,11.8674,1.52,,,4.7918,5.6822,568377.2565,443985.1198,0.0
300503.SZ,20250109,18.64,9.5054,1.23,,,4.8098,5.7036,570519.7663,445658.7309,0.0
000551.SZ,20260702,19.76,9.3945,0.73,32.4728,28.1971,3.1455,2.2692,957832.408,957465.2672,0.4217
000551.SZ,20260701,21.0,12.0296,0.98,34.5105,29.9665,3.3429,2.4116,1017939.3,1017549.12,0.3968
000551.SZ,20260630,20.63,15.5922,1.58,33.9025,29.4386,3.284,2.3691,1000004.179,999620.8736,0.4039
000551.SZ,20260629,20.08,12.8856,1.56,32.9986,28.6537,3.1965,2.3059,973343.864,972970.7776,0.415
000551.SZ,20260626,18.25,13.8192,2.15,29.9913,26.0424,2.9052,2.0958,884637.725,884298.64,0.4566
000551.SZ,20260625,17.18,10.0737,1.93,28.2329,24.5155,2.7348,1.9729,832771.294,832452.0896,0.4851
000551.SZ,20260624,16.81,8.9689,2.11,27.6248,23.9875,2.6759,1.9304,814836.173,814523.8432,0.4957
000551.SZ,20260623,16.84,3.6214,0.8,27.6741,24.0303,2.6807,1.9339,816290.372,815977.4848,0.4949
000551.SZ,20260622,15.31,4.9184,1.13,25.1598,21.847,2.4372,1.7582,742126.223,741841.7632,0.5443
000551.SZ,20260618,15.63,4.5686,1.15,25.6857,22.3037,2.4881,1.7949,757637.679,757347.2736,0.5332
000551.SZ,20260617,15.21,4.0318,1.07,24.9955,21.7043,2.4212,1.7467,737278.893,736996.2912,0.5479
000551.SZ,20260616,15.39,4.1098,1.18,25.2913,21.9612,2.4499,1.7673,746004.087,745718.1408,0.5415
000551.SZ,20260615,15.72,4.9044,1.64,25.8336,22.4321,2.5024,1.8052,762000.276,761708.1984,0.5301
000551.SZ,20260612,14.89,4.1226,1.53,24.4696,21.2477,2.3703,1.7099,721767.437,721490.7808,0.5597
000551.SZ,20260611,14.99,2.6317,1.01,24.6339,21.3904,2.3862,1.7214,726614.836,726336.2558,0.5559
000551.SZ,20260610,15.09,3.1142,1.24,24.7983,21.5331,2.4021,1.7329,731462.1664,731181.7278,0.5522
000551.SZ,20260609,15.03,2.6867,1.09,24.6997,21.4475,2.3926,1.726,728553.7681,728274.4446,0.5544
000551.SZ,20260608,14.45,2.4157,0.97,23.7465,20.6198,2.3003,1.6594,700439.2515,700170.7069,0.5767
000551.SZ,20260605,15.12,2.634,1.02,24.8476,21.5759,2.4069,1.7363,732916.3656,732635.3694,0.5511
000551.SZ,20260604,15.11,2.1367,0.79,24.8311,21.5616,2.4053,1.7352,732431.6325,732150.8222,0.5515
000551.SZ,20260603,15.32,2.6785,0.94,25.1762,21.8613,2.4387,1.7593,742611.0265,742326.3135,0.544
000551.SZ,20260602,15.45,2.4743,0.77,25.3899,22.0468,2.4594,1.7742,748912.5561,748625.4271,0.5394
000551.SZ,20260601,15.64,2.5027,0.67,25.7021,22.3179,2.4897,1.7961,758122.4839,757831.8239,0.5328
000551.SZ,20260529,15.82,3.0986,0.71,25.9979,22.5748,2.5183,1.8167,766847.6788,766553.6736,0.5268
000551.SZ,20260528,16.32,2.7466,0.49,26.8196,23.2883,2.5979,1.8741,791084.3311,790781.0337,0.5106
000551.SZ,20260527,16.17,3.4527,0.59,26.5731,23.0742,2.5741,1.8569,783813.3354,783512.8256,0.5154
000551.SZ,20260526,16.45,4.2181,0.71,27.0332,23.4738,2.6186,1.8891,797385.8607,797080.1473,0.5066
000551.SZ,20260525,17.11,5.2689,0.85,28.1179,24.4156,2.7237,1.9649,829378.2417,829060.2626,0.487
000551.SZ,20260522,17.34,6.2055,0.99,28.4958,24.7438,2.7603,1.9913,840527.1018,840204.8483,0.4806
000551.SZ,20260521,17.34,8.8455,1.45,28.4958,24.7438,2.7603,1.9913,840527.1018,840204.8483,0.4806
000551.SZ,20260520,17.74,4.502,0.74,29.1532,25.3146,2.824,2.0372,859916.4236,859586.7363,0.4697
000551.SZ,20260519,17.59,4.8797,0.81,28.9067,25.1006,2.8001,2.02,852645.4279,852318.5283,0.4738
000551.SZ,20260518,17.48,6.5035,1.12,28.7259,24.9436,2.7826,2.0074,847313.3644,846988.5091,0.4767
000551.SZ,20260515,17.09,6.4809,1.13,28.085,24.3871,2.7205,1.9626,828408.7756,828091.1682,0.4876
000551.SZ,20260514,16.41,8.1081,1.52,26.9675,23.4167,2.6123,1.8845,795446.9285,795141.9585,0.5078
000551.SZ,20260513,17.5,4.5983,0.74,28.7588,24.9721,2.7858,2.0096,848282.8305,847957.6035,0.4762
000551.SZ,20260512,17.08,4.4883,0.57,28.0686,24.3728,2.7189,1.9614,827924.0426,827606.621,0.4879
000551.SZ,20260511,17.12,5.3639,0.7,28.1343,24.4299,2.7253,1.966,829862.9748,829544.8098,0.4868
000551.SZ,20260508,16.99,6.2359,0.91,27.9207,24.2444,2.7046,1.9511,823561.4452,823245.6962,0.4905
000551.SZ,20260507,16.62,6.0035,0.96,27.3126,23.7164,2.6457,1.9086,805626.3225,805317.4497,0.5014
000551.SZ,20260506,16.42,9.1856,1.76,26.9839,23.431,2.6139,1.8856,795931.6615,795626.5057,0.5075
000551.SZ,20260430,16.28,12.3374,3.09,26.7539,23.2312,2.5916,1.8695,789145.3989,788842.8449,0.5119
000551.SZ,20260429,15.76,4.4257,1.13,25.8993,22.4892,2.5088,1.8098,763939.2805,763646.3904,0.5288
000551.SZ,20260428,14.33,2.3256,0.61,23.5493,23.5493,2.3912,1.6456,694622.4549,694356.1405,0.5815
000551.SZ,20260427,14.53,2.8508,0.77,23.878,23.878,2.4246,1.6686,704317.1158,704047.0845,0.5735
000551.SZ,20260424,14.64,4.223,1.31,24.0588,24.0588,2.4429,1.6812,709649.1793,709377.1037,0.5692
000551.SZ,20260423,14.98,6.127,2.6,24.6175,24.6175,2.4997,1.7203,726130.1029,725851.7086,0.5563
000551.SZ,20260422,14.76,4.0047,1.98,24.256,24.256,2.463,1.695,715465.9759,715191.6702,0.5646
000551.SZ,20260421,14.46,1.7077,0.76,23.763,23.763,2.4129,1.6605,700923.9845,700655.2541,0.5763
000551.SZ,20260420,14.45,2.389,0.98,23.7465,23.7465,2.4112,1.6594,700439.2515,700170.7069,0.5767
000551.SZ,20260417,14.24,1.9361,0.7,23.4014,23.4014,2.3762,1.6353,690259.8575,689995.2156,0.5852
000551.SZ,20260416,14.26,1.7338,0.49,23.4343,23.4343,2.3795,1.6376,691229.3236,690964.3101,0.5844
000551.SZ,20260415,14.18,2.3497,0.67,23.3028,23.3028,2.3662,1.6284,687351.4592,687087.9324,0.5877
000551.SZ,20260414,14.31,2.8057,0.89,23.5165,23.5165,2.3879,1.6433,693652.9888,693387.0461,0.5823
000551.SZ,20260413,14.2,3.3895,1.24,23.3357,23.3357,2.3695,1.6307,688320.9253,688057.0268,0.5869
000551.SZ,20260410,14.03,3.5495,1.55,23.0563,23.0563,2.3412,1.6112,680080.4635,679819.7244,0.594
000551.SZ,20260409,13.94,5.4423,3.54,22.9084,22.9084,2.3261,1.6008,675717.8661,675458.7996,0.5978
000551.SZ,20260408,13.94,2.3465,1.66,22.9084,22.9084,2.3261,1.6008,675717.8661,675458.7996,0.5978
000551.SZ,20260407,12.67,1.017,0.66,24.5046,23.8507,2.1827,1.465,614156.7693,613921.3049,0.6577
000551.SZ,20260403,12.72,1.3235,0.85,24.6013,23.9448,2.1913,1.4708,616580.4345,616344.0409,0.6551
000551.SZ,20260402,13.07,1.3299,0.86,25.2782,24.6037,2.2516,1.5113,633546.0911,633303.193,0.6376
000551.SZ,20260401,13.45,1.6739,0.96,26.0131,25.319,2.317,1.5552,651965.9469,651715.9867,0.6196
000551.SZ,20260331,13.24,1.7102,0.96,25.607,24.9237,2.2809,1.531,641786.5529,641540.4954,0.6294
000551.SZ,20260330,13.34,1.6296,0.82,25.8004,25.112,2.2981,1.5425,646633.8834,646385.9675,0.6247
000551.SZ,20260327,13.25,1.4095,0.7,25.6263,24.9425,2.2826,1.5321,642271.286,642025.0427,0.6289
000551.SZ,20260326,13.18,1.3487,0.64,25.4909,24.8108,2.2705,1.524,638878.1546,638633.2122,0.6323
000551.SZ,20260325,13.4,2.5853,1.37,25.9164,25.2249,2.3084,1.5495,649542.2816,649293.2507,0.6219
000551.SZ,20260324,13.14,1.9385,0.99,25.4136,24.7355,2.2636,1.5194,636939.2224,636695.0234,0.6342
000551.SZ,20260323,12.59,2.6101,1.39,24.3498,23.7001,2.1689,1.4558,610278.9049,610044.9273,0.6619
000551.SZ,20260320,13.33,1.6194,0.85,25.781,25.0931,2.2964,1.5414,646149.1503,645901.4203,0.6252
000551.SZ,20260319,13.56,1.7621,0.91,26.2259,25.5261,2.336,1.568,657298.0104,654961.2563,0.6146
000551.SZ,20260318,13.94,1.5504,0.78,26.9608,26.2414,2.4015,1.6119,675717.8661,673315.6277,0.5978
000551.SZ,20260317,13.86,2.2959,1.22,26.8061,26.0908,2.3877,1.6026,671840.0018,669451.5495,0.6013
000551.SZ,20260316,14.0,2.1653,1.14,27.0769,26.3544,2.4118,1.6188,678626.2644,676175.297,0.5952
000551.SZ,20260313,14.15,1.8276,0.93,27.367,26.6367,2.4376,1.6362,685897.2601,683420.0323,0.5889
000551.SZ,20260312,14.28,1.8398,0.82,27.6184,26.8815,2.46,1.6512,692198.7897,689698.8029,0.5836
000551.SZ,20260311,14.57,1.7649,0.74,28.1793,27.4274,2.51,1.6847,706256.048,703705.2912,0.572
000551.SZ,20260310,14.72,1.8486,0.64,28.4694,27.7097,2.5358,1.7021,713527.0437,710950.0266,0.5661
000551.SZ,20260309,14.38,2.2199,0.7,27.8118,27.0697,2.4773,1.6628,697046.1201,694528.6265,0.5795
000551.SZ,20260306,14.57,2.2046,0.68,28.1793,27.4274,2.51,1.6847,706256.048,703705.2912,0.572
000551.SZ,20260305,14.37,3.2097,0.98,27.7925,27.0509,2.4755,1.6616,696561.3871,694045.6441,0.5799
000551.SZ,20260304,13.88,2.5007,0.73,26.8448,26.1285,2.3911,1.605,672809.4678,670379.5087,0.6004
000551.SZ,20260303,14.0,4.4145,1.44,27.0769,26.3544,2.4118,1.6188,678626.2644,676175.297,0.5952
000551.SZ,20260302,14.8,3.5542,1.3,28.6241,27.8603,2.5496,1.7113,717404.9081,714813.8854,0.5631
000551.SZ,20260227,15.36,2.5557,0.96,29.7072,28.9145,2.6461,1.7761,744549.9587,741860.8973,0.5425
000551.SZ,20260226,15.45,3.3205,1.33,29.8813,29.0839,2.6616,1.7865,748912.5561,746207.7385,0.5394
000551.SZ,20260225,15.39,3.3178,1.35,29.7652,28.971,2.6512,1.7796,746004.1578,743309.8443,0.5415
000551.SZ,20260224,15.19,2.5932,0.98,29.3784,28.5945,2.6168,1.7564,736309.4969,733650.1972,0.5486
000551.SZ,20260213,14.88,1.8365,0.61,28.7788,28.0109,2.5634,1.7206,721282.7724,718677.7442,0.56
000551.SZ,20260212,14.99,2.2113,0.68,28.9916,28.218,2.5823,1.7333,726614.836,723990.5501,0.5559
000551.SZ,20260211,14.9,2.5571,0.61,28.8175,28.0486,2.5668,1.7229,722252.2385,719643.709,0.5593
000551.SZ,20260210,15.25,3.1135,0.75,29.4944,28.7074,2.6271,1.7634,739217.8952,736548.0914,0.5464
000551.SZ,20260209,15.26,3.5432,0.87,29.5138,28.7263,2.6289,1.7645,739702.6282,737031.0737,0.5461
000551.SZ,20260206,15.03,3.5186,0.83,29.069,28.2933,2.5892,1.7379,728553.7681,725922.4796,0.5544
000551.SZ,20260205,15.29,3.4663,0.76,29.5718,28.7827,2.634,1.768,741156.8273,738480.0208,0.545
000551.SZ,20260204,15.48,7.1972,1.64,29.9393,29.1404,2.6668,1.79,750366.7552,747656.6855,0.5383
000551.SZ,20260203,14.92,2.9522,0.56,28.8562,28.0862,2.5703,1.7252,723221.7046,720609.6737,0.5585
000551.SZ,20260202,14.51,3.2449,0.53,28.0632,27.3144,2.4997,1.6778,703347.6497,700807.3971,0.5743
000551.SZ,20260130,14.68,4.3942,0.61,28.392,27.6344,2.5289,1.6975,711588.1115,709018.0971,0.5677
000551.SZ,20260129,14.5,4.9243,0.56,28.0439,27.2956,2.4979,1.6767,702862.9167,700324.4148,0.5747
000551.SZ,20260128,14.85,6.4814,0.72,28.7208,27.9545,2.5582,1.7171,719828.5733,717228.7972,0.5612
000551.SZ,20260127,15.52,7.3586,0.79,30.0166,29.2157,2.6736,1.7946,752305.6874,749588.615,0.5369
000551.SZ,20260126,15.24,7.5844,0.75,29.4751,28.6886,2.6254,1.7622,738733.1621,736065.109,0.5468
000551.SZ,20260123,15.98,9.9575,0.9,30.9063,30.0816,2.7529,1.8478,774603.4075,771805.8033,0.5215
000551.SZ,20260122,16.0,12.7609,1.23,30.945,30.1193,2.7563,1.8501,775572.8736,772771.768,0.5208
000551.SZ,20260121,15.24,7.189,0.59,29.4751,28.6886,2.6254,1.7622,738733.1621,736065.109,0.5468
000551.SZ,20260120,15.37,9.3547,0.74,29.7265,28.9333,2.6478,1.7772,745034.6917,742343.8796,0.5422
000551.SZ,20260119,15.78,10.9991,0.83,30.5195,29.7052,2.7184,1.8247,764908.7466,762146.1562,0.5281
000551.SZ,20260116,15.97,14.8269,1.17,30.887,30.0628,2.7512,1.8466,774118.6745,771322.8209,0.5218
000551.SZ,20260115,15.14,9.4571,0.74,29.2817,28.5004,2.6082,1.7507,733885.8316,731235.2855,0.5504
000551.SZ,20260114,15.6,16.7984,1.42,30.1714,29.3663,2.6874,1.8038,756183.5518,753452.4738,0.5342
000551.SZ,20260113,14.28,11.2764,0.9,27.6184,26.8815,2.46,1.6512,692198.7897,689698.8029,0.5836
000551.SZ,20260112,15.42,13.6841,1.08,29.8232,29.0275,2.6564,1.783,747458.3569,744758.7914,0.5404
000551.SZ,20260109,14.9,11.9117,0.82,28.8175,28.0486,2.5668,1.7229,722252.2385,719643.709,0.5593
000551.SZ,20260108,14.93,10.4128,0.62,28.8755,28.1051,2.572,1.7264,723706.4377,721092.656,0.5582
000551.SZ,20260107,14.59,11.9674,0.73,28.218,27.465,2.5134,1.6871,707225.5141,704671.2559,0.5712
000551.SZ,20260106,15.17,14.3472,0.72,29.3397,28.5569,2.6133,1.7541,735340.0308,732684.2325,0.5493
000551.SZ,20260105,14.72,14.8021,0.66,28.4694,27.7097,2.5358,1.7021,713527.0437,710950.0266,0.5661
000551.SZ,20251231,14.7,21.1182,1.14,28.4307,27.6721,2.5324,1.6998,712557.5776,709984.0619,0.3969
000551.SZ,20251230,14.15,21.5298,1.28,27.367,26.6367,2.4376,1.6362,685897.2601,683420.0323,0.4123
000551.SZ,20251229,15.27,10.5407,0.6,29.5331,28.7451,2.6306,1.7657,740187.3612,737514.0561,0.3821
000551.SZ,20251226,16.97,31.0592,2.67,32.821,31.9453,2.9234,1.9623,822591.9791,819621.0564,0.3438
000551.SZ,20251225,16.68,27.3804,4.25,32.2602,31.3994,2.8735,1.9287,808534.7207,805614.5681,0.3498
000551.SZ,20251224,15.16,2.0979,0.32,29.3204,28.538,2.6116,1.753,734855.2977,732201.2502,0.3848
000551.SZ,20251223,13.78,13.1794,3.1,26.6514,25.9402,2.3739,1.5934,667962.1374,665549.6852,0.4234
000551.SZ,20251222,12.53,14.1896,6.93,24.2338,23.5872,2.1586,1.4489,607370.5066,605176.8908,0.4656
000551.SZ,20251219,11.39,1.253,0.5,22.029,21.4412,1.9622,1.317,552110.9394,550116.9023,0.5122
000551.SZ,20251218,11.26,1.5199,0.58,21.7775,21.1965,1.9398,1.302,545809.4098,543838.1317,0.5181
000551.SZ,20251217,11.17,2.3008,0.98,21.6035,21.027,1.9243,1.2916,541446.8124,539491.2905,0.5223
000551.SZ,20251216,11.35,1.9986,0.91,21.9516,21.3659,1.9553,1.3124,550172.0072,548184.9729,0.514
000551.SZ,20251215,11.61,3.159,1.71,22.4545,21.8553,2.0001,1.3425,562775.0664,560742.5142,0.5025
000551.SZ,20251212,11.5,3.4718,2.44,22.2417,21.6482,1.9811,1.3298,557443.0029,555429.7083,0.5073
000551.SZ,20251211,11.1,2.2172,1.69,21.4681,20.8953,1.9122,1.2835,538053.6811,536110.4141,0.5256
000551.SZ,20251210,11.07,0.8392,0.52,21.4101,20.8388,1.907,1.28,536599.4819,534661.467,0.527
000551.SZ,20251209,11.07,1.2354,0.77,21.4101,20.8388,1.907,1.28,536599.4819,534661.467,0.527
000551.SZ,20251208,11.17,1.4504,0.94,21.6035,21.027,1.9243,1.2916,541446.8124,539491.2905,0.5223
000551.SZ,20251205,11.15,1.362,0.97,21.5648,20.9894,1.9208,1.2893,540477.3463,538525.3258,0.5232
000551.SZ,20251204,11.05,1.665,1.32,21.3714,20.8011,1.9036,1.2777,535630.0158,533695.5023,0.528
000551.SZ,20251203,11.06,2.3923,2.5,21.3907,20.82,1.9053,1.2789,536114.7489,534178.4846,0.5275
000551.SZ,20251202,10.92,1.1806,1.36,21.12,20.5564,1.8812,1.2627,529328.4862,527416.7317,0.5342
000551.SZ,20251201,10.78,1.0763,1.33,20.8492,20.2929,1.8571,1.2465,522542.2236,520654.9787,0.5412
000551.SZ,20251128,10.81,0.7335,0.74,20.9072,20.3493,1.8622,1.25,523996.4227,522103.9258,0.5397
000551.SZ,20251127,10.69,0.9061,0.88,20.6751,20.1235,1.8416,1.2361,518179.6262,516308.1375,0.5457
000551.SZ,20251126,10.59,0.8802,0.8,20.4817,19.9352,1.8243,1.2245,513332.2957,511478.3139,0.5509
000551.SZ,20251125,10.74,0.747,0.56,20.7718,20.2176,1.8502,1.2419,520603.2914,518723.0493,0.5432
000551.SZ,20251124,10.67,0.793,0.51,20.6364,20.0858,1.8381,1.2338,517210.1601,515342.1728,0.5468
000551.SZ,20251121,10.64,1.6131,1.05,20.5784,20.0293,1.833,1.2303,515755.9609,513893.2257,0.5483
000551.SZ,20251120,11.02,1.0889,0.69,21.3134,20.7447,1.8984,1.2743,534175.8167,532246.5552,0.5294
000551.SZ,20251119,11.08,1.255,0.73,21.4294,20.8576,1.9088,1.2812,537084.215,535144.4493,0.5265
000551.SZ,20251118,11.25,1.8669,1.15,21.7582,21.1776,1.938,1.3008,545324.6768,543355.1494,0.5186
000551.SZ,20251117,11.19,1.946,1.3,21.6422,21.0647,1.9277,1.2939,542416.2785,540457.2552,0.5214
000551.SZ,20251114,11.41,1.5551,1.05,22.0676,21.4788,1.9656,1.3194,553080.4055,551082.8671,0.5113
000551.SZ,20251113,11.43,1.2994,0.78,22.1063,21.5165,1.9691,1.3217,554049.8716,552048.8318,0.5104
000551.SZ,20251112,11.44,1.9267,1.2,22.1257,21.5353,1.9708,1.3228,554534.6046,552531.8141,0.51
000551.SZ,20251111,11.38,1.4106,0.91,22.0096,21.4223,1.9604,1.3159,551626.2063,549633.92,0.5126
000551.SZ,20251110,11.37,1.2671,0.84,21.9903,21.4035,1.9587,1.3147,551141.4733,549150.9376,0.5131
000551.SZ,20251107,11.36,1.4832,1.06,21.9709,21.3847,1.957,1.3136,550656.7403,548667.9553,0.5135
000551.SZ,20251106,11.43,2.2301,1.62,22.1063,21.5165,1.9691,1.3217,554049.8716,552048.8318,0.5104
000551.SZ,20251105,11.36,1.6219,1.2,21.9709,21.3847,1.957,1.3136,550656.7403,548667.9553,0.5135
000551.SZ,20251104,11.13,1.1136,0.8,21.5261,20.9517,1.9174,1.287,539507.8802,537559.3611,0.5242
000551.SZ,20251103,11.27,1.0678,0.73,21.7969,21.2153,1.9415,1.3032,546294.1428,544321.1141,0.5177
000551.SZ,20251031,11.19,0.9752,0.67,21.6422,21.0647,1.9277,1.2939,542416.2785,540457.2552,0.5214
000551.SZ,20251030,11.15,2.1139,1.73,21.5648,20.9894,1.9208,1.2893,540477.3463,538525.3258,0.5232
000551.SZ,20251029,11.48,1.4895,1.32,22.203,20.8576,1.9738,1.3274,556473.5368,554463.7435,0.5082
000551.SZ,20251028,11.43,1.3107,1.15,22.1063,20.7667,1.9652,1.3217,554049.8716,552048.8318,0.5104
000551.SZ,20251027,11.42,1.4294,1.29,22.087,20.7486,1.9635,1.3205,553565.1385,551565.8494,0.5109
000551.SZ,20251024,11.29,0.9517,0.71,21.8356,20.5124,1.9412,1.3055,547263.6089,545287.0788,0.5167
000551.SZ,20251023,11.27,0.92,0.65,21.7969,20.476,1.9377,1.3032,546294.1428,544321.1141,0.5177
000551.SZ,20251022,11.21,1.017,0.65,21.6808,20.367,1.9274,1.2962,543385.7446,541423.22,0.5204
000551.SZ,20251021,11.29,1.3761,0.85,21.8356,20.5124,1.9412,1.3055,547263.6089,545287.0788,0.5167
000551.SZ,20251020,11.07,1.2592,0.73,21.4101,20.1127,1.9033,1.28,536599.4819,534661.467,0.527
000551.SZ,20251017,10.86,2.0857,1.18,21.0039,19.7311,1.8672,1.2558,526420.088,524518.8375,0.5372
000551.SZ,20251016,11.3,1.3501,0.73,21.8549,20.5305,1.9429,1.3066,547748.342,545770.0612,0.5163
000551.SZ,20251015,11.57,1.7659,0.93,22.3771,21.0211,1.9893,1.3379,560836.1342,558810.5847,0.5042
000551.SZ,20251014,11.35,1.6618,0.85,21.9516,20.6214,1.9515,1.3124,550172.0072,548184.9729,0.514
000551.SZ,20251013,11.5,1.7827,0.85,22.2417,20.8939,1.9773,1.3298,557443.0029,555429.7083,0.5073
000551.SZ,20251010,11.63,2.2701,0.97,22.4931,21.1301,1.9996,1.3448,563744.5325,561708.4789,0.5016
000551.SZ,20251009,11.46,1.7863,0.57,22.1643,20.8212,1.9704,1.3251,555504.0707,553497.7788,0.5091
000551.SZ,20250930,11.3,2.0183,0.6,21.8549,20.5305,1.9429,1.3066,547748.342,545770.0612,0.5163
000551.SZ,20250929,11.47,1.9188,0.59,22.1837,20.8394,1.9721,1.3263,555988.8038,553980.7612,0.5086
000551.SZ,20250926,11.61,2.4634,0.79,22.4545,21.0938,1.9962,1.3425,562775.0664,560742.5142,0.5025
000551.SZ,20250925,11.61,3.5737,1.19,22.4545,21.0938,1.9962,1.3425,562775.0664,560742.5142,0.5025
000551.SZ,20250924,11.79,5.7664,2.74,22.8026,21.4208,2.0271,1.3633,571500.2612,569436.1965,0.4948
000551.SZ,20250923,11.52,3.0497,1.75,22.2804,20.9302,1.9807,1.3321,558412.469,556395.673,0.5064
000551.SZ,20250922,11.22,1.3744,0.81,21.7002,20.3852,1.9291,1.2974,543870.4776,541906.2023,0.52
000551.SZ,20250919,11.3,1.8665,1.15,21.8549,20.5305,1.9429,1.3066,547748.342,545770.0612,0.5163
000551.SZ,20250918,11.48,2.9015,2.01,22.203,20.8576,1.9738,1.3274,556473.5368,554463.7435,0.5082
000551.SZ,20250917,11.49,1.3144,0.96,22.2224,20.8757,1.9756,1.3286,556958.2699,554946.7259,0.5077
000551.SZ,20250916,11.41,1.2321,0.9,22.0676,20.7304,1.9618,1.3194,553080.4055,551082.8671,0.5113
000551.SZ,20250915,11.35,1.2118,0.86,21.9516,20.6214,1.9515,1.3124,550172.0072,548184.9729,0.514
000551.SZ,20250912,11.45,1.4873,1.06,22.145,20.8031,1.9687,1.324,555019.3377,553014.7965,0.5095
000551.SZ,20250911,11.57,1.9655,1.42,22.3771,21.0211,1.9893,1.3379,560836.1342,558810.5847,0.5042
000551.SZ,20250910,11.28,0.9404,0.61,21.8162,20.4942,1.9395,1.3043,546778.8759,544804.0964,0.5172
000551.SZ,20250909,11.3,1.2026,0.66,21.8549,20.5305,1.9429,1.3066,547748.342,545770.0612,0.5163
000551.SZ,20250908,11.43,1.4803,0.8,22.1063,20.7667,1.9652,1.3217,554049.8716,552048.8318,0.5104
000551.SZ,20250905,11.36,1.4483,0.75,21.9709,20.6395,1.9532,1.3136,550656.7403,548667.9553,0.5135
000551.SZ,20250904,11.13,1.8435,0.84,21.5261,20.2217,1.9137,1.287,539507.8802,537559.3611,0.5242
000551.SZ,20250903,11.18,1.7297,0.67,21.6228,20.3125,1.9223,1.2928,541931.5454,539974.2729,0.5218
000551.SZ,20250902,11.42,2.65,1.03,22.087,20.7486,1.9635,1.3205,553565.1385,551565.8494,0.5109
000551.SZ,20250901,11.67,1.5875,0.48,22.5705,21.2028,2.0065,1.3494,565683.4647,563640.4083,0.4999
000551.SZ,20250829,11.67,1.8167,0.52,22.5705,21.2028,2.0065,1.3494,565683.4647,563640.4083,0.4999
000551.SZ,20250828,11.8,3.1346,0.86,22.8219,21.439,2.0289,1.3644,571984.9943,569919.1789,0.4944
000551.SZ,20250827,11.68,3.6317,0.87,22.5898,21.2209,2.0082,1.3506,566168.1977,564123.3906,0.4995
000551.SZ,20250826,12.09,2.6531,0.59,23.3828,21.9659,2.0787,1.398,586042.2526,583925.6672,0.4825
000551.SZ,20250825,12.01,5.2855,1.25,23.2281,21.8205,2.065,1.3887,582164.3882,580061.8084,0.4858
000551.SZ,20250822,12.22,2.7916,0.61,23.6342,22.202,2.1011,1.413,592343.7822,590204.4378,0.4774
000551.SZ,20250821,12.26,3.9075,0.89,23.7116,22.2747,2.1079,1.4176,594282.7144,592136.3672,0.4758
000551.SZ,20250820,12.61,6.3516,1.75,24.3885,22.9106,2.1681,1.4581,611248.371,609040.7497,0.4626
000551.SZ,20250819,12.13,4.3181,1.27,23.4602,22.0385,2.0856,1.4026,587981.1848,585857.5966,0.4809
000551.SZ,20250818,12.33,3.8053,1.09,23.847,22.3349,2.2554,1.4257,597675.8457,595517.2437,0.4731
000551.SZ,20250815,12.28,4.4762,1.35,23.7503,22.2443,2.2462,1.4199,595252.1805,593102.3319,0.4751
000551.SZ,20250814,11.77,3.0432,0.9,22.7639,21.3205,2.1529,1.361,570530.7951,568470.2318,0.4957
000551.SZ,20250813,12.08,2.5299,0.69,23.3635,21.882,2.2096,1.3968,585557.5196,583442.6848,0.4829
000551.SZ,20250812,12.09,3.2104,0.76,23.3828,21.9001,2.2115,1.398,586042.2526,583925.6672,0.4825
000551.SZ,20250811,12.12,4.1706,1.15,23.4408,21.9545,2.2169,1.4014,587496.4518,585374.6143,0.4813
000551.SZ,20250808,11.91,3.6256,1.14,23.0347,21.5741,2.1785,1.3772,577317.0578,575231.9848,0.4898
000551.SZ,20250807,11.68,3.4003,1.18,22.5898,21.1574,2.1365,1.3506,566168.1977,564123.3906,0.4995
000551.SZ,20250806,11.65,3.8349,1.53,22.5318,21.1031,2.131,1.3471,564713.9986,562674.4436,0.5008
000551.SZ,20250805,11.59,6.1038,3.39,22.4158,20.9944,2.12,1.3402,561805.6003,559776.5494,0.5034
000551.SZ,20250804,11.05,1.2044,0.51,21.3714,20.0162,2.0212,1.2777,535630.0158,533695.5023,0.528
000551.SZ,20250801,11.06,1.4175,0.53,21.3907,20.0344,2.023,1.2789,536114.7489,534178.4846,0.5275
000551.SZ,20250731,10.96,1.7884,0.67,21.1973,19.8532,2.0048,1.2673,531267.4184,529348.6611,0.5323
000551.SZ,20250730,11.02,1.9964,0.73,21.3134,19.9619,2.0157,1.2743,534175.8167,532246.5552,0.5294
000551.SZ,20250729,11.16,2.6004,0.97,21.5841,20.2155,2.0413,1.2904,540962.0793,539008.3082,0.5228
000551.SZ,20250728,11.3,4.0809,1.69,21.8549,20.4691,2.0669,1.3066,547748.342,545770.0612,0.5163
000551.SZ,20250725,11.19,2.8527,1.37,21.6422,20.2698,2.0468,1.2939,542416.2785,540457.2552,0.5214
000551.SZ,20250724,10.99,1.7202,0.89,21.2553,19.9076,2.0102,1.2708,532721.6176,530797.6081,0.5308
000551.SZ,20250723,10.98,2.3346,1.35,21.236,19.8894,2.0084,1.2696,532236.8845,530314.6258,0.5313
000551.SZ,20250722,11.05,2.4297,1.45,21.3714,20.0162,2.0212,1.2777,535630.0158,533695.5023,0.528
000551.SZ,20250721,11.07,2.7682,1.78,21.4101,20.0525,2.0249,1.28,536599.4819,534661.467,0.527
000551.SZ,20250718,10.72,1.1402,0.67,20.7331,19.4185,1.9609,1.2396,519633.8253,517757.0846,0.5442
000551.SZ,20250717,10.74,0.9546,0.54,20.7718,19.4547,1.9645,1.2419,520603.2914,518723.0493,0.5432
000551.SZ,20250716,10.77,1.3269,0.75,20.8298,19.509,1.97,1.2453,522057.4905,520171.9963,0.5417
000551.SZ,20250715,10.59,2.161,1.33,20.4817,19.183,1.9371,1.2245,513332.2957,511478.3139,0.5509
000551.SZ,20250714,10.78,2.1929,1.45,20.8492,19.5272,1.9718,1.2465,522542.2236,520654.9787,0.5412
000551.SZ,20250711,10.73,1.8205,1.23,20.7525,19.4366,1.9627,1.2407,520118.5584,518240.0669,0.5437
000551.SZ,20250710,10.86,1.3774,0.98,21.0039,19.6721,1.9865,1.2558,526420.088,524518.8375,0.5372
000551.SZ,20250709,10.73,1.2444,0.92,20.7525,19.4366,1.9627,1.2407,520118.5584,518240.0669,0.5437
000551.SZ,20250708,10.7,1.5167,1.17,20.6945,19.3822,1.9572,1.2373,518664.3592,516791.1199,0.5452
000551.SZ,20250707,10.61,1.5989,1.33,20.5204,19.2192,1.9407,1.2268,514301.7618,512444.2787,0.5499
000551.SZ,20250704,10.53,1.665,1.61,20.3657,19.0743,1.9261,1.2176,510423.8974,508580.4198,0.554
000551.SZ,20250703,12.9,1.1757,0.96,20.7912,19.4728,1.9368,1.243,521088.0245,519206.0318,0.5427
000551.SZ,20250702,12.92,1.2075,0.96,20.8234,19.503,1.9398,1.245,521895.9129,520011.0024,0.5419
000551.SZ,20250701,13.04,1.4835,1.2,21.0168,19.6842,1.9578,1.2565,526743.2433,524840.826,0.5369
000551.SZ,20250630,12.85,1.3269,1.18,20.7106,19.3973,1.9293,1.2382,519068.3034,517193.6054,0.5448
000551.SZ,20250627,12.73,1.0186,0.93,20.5172,19.2162,1.9113,1.2267,514220.973,512363.7818,0.5499
000551.SZ,20250626,12.65,1.1073,0.98,20.3882,19.0954,1.8993,1.2189,510989.4193,509329.5357,0.5534
000551.SZ,20250625,12.68,1.3458,1.31,20.4366,19.1407,1.9038,1.2218,512201.2519,510537.4318,0.5521
000551.SZ,20250624,12.46,1.3633,1.37,20.082,18.8086,1.8708,1.2006,503314.4794,501679.5268,0.5619
000551.SZ,20250623,12.08,0.8072,0.78,19.4696,18.235,1.8137,1.164,487964.5996,486379.5092,0.5795
000551.SZ,20250620,12.0,0.8304,0.75,19.3406,18.1142,1.8017,1.1563,484733.046,483158.4528,0.5834
000551.SZ,20250619,11.98,1.3039,1.13,19.3084,18.0841,1.7987,1.1544,483925.1576,482353.1887,0.5844
000551.SZ,20250618,12.31,0.8389,0.65,19.8403,18.5822,1.8482,1.1862,497255.3164,495640.0462,0.5687
000551.SZ,20250617,12.3,1.1961,0.84,19.8241,18.5671,1.8467,1.1852,496851.3722,495237.4141,0.5692
000551.SZ,20250616,12.41,0.9839,0.58,20.0014,18.7332,1.8633,1.1958,501294.7584,499666.3666,0.5641
000551.SZ,20250613,12.37,1.2381,0.78,19.937,18.6728,1.8572,1.192,499678.9816,498055.8384,0.5659
000551.SZ,20250612,12.63,1.5024,0.97,20.356,19.0652,1.8963,1.217,510181.5309,508524.2716,0.5543
000551.SZ,20250611,12.76,1.513,1.04,20.5655,19.2615,1.9158,1.2295,515432.8056,513758.4881,0.5486
000551.SZ,20250610,12.71,1.8661,1.43,20.4849,19.186,1.9083,1.2247,513413.0846,511745.3279,0.5508
000551.SZ,20250609,12.67,2.4116,2.22,20.4205,19.1256,1.9023,1.2209,511797.3077,510134.7997,0.5525
000551.SZ,20250606,12.34,0.6841,0.53,19.8886,18.6275,1.8527,1.1891,498467.149,496847.9423,0.5673
000551.SZ,20250605,12.4,1.234,0.99,19.9853,18.7181,1.8618,1.1949,500890.8142,499263.7346,0.5646
000551.SZ,20250604,12.28,1.0691,0.9,19.7919,18.5369,1.8437,1.1833,496043.4837,494432.15,0.5701
000551.SZ,20250603,12.3,1.1284,1.01,19.8241,18.5671,1.8467,1.1852,496851.3722,495237.4141,0.5692
000551.SZ,20250530,12.36,1.3258,1.24,19.9208,18.6577,1.8557,1.191,499275.0374,497653.2064,0.5664
000551.SZ,20250529,12.6,1.6925,1.82,20.3077,19.02,1.8918,1.2141,508969.6983,507316.3754,0.5556
000551.SZ,20250528,12.41,1.024,1.13,20.0014,18.7332,1.8633,1.1958,501294.7584,499666.3666,0.5641
000551.SZ,20250527,12.31,0.7828,0.82,19.8403,18.5822,1.8482,1.1862,497255.3164,495640.0462,0.5687
000551.SZ,20250526,12.36,0.7594,0.78,19.9208,18.6577,1.8557,1.191,499275.0374,497653.2064,0.5664
000551.SZ,20250523,12.23,1.0803,1.12,19.7113,18.4614,1.8362,1.1785,494023.7627,492418.9898,0.5724
000551.SZ,20250522,12.22,0.999,1.04,19.6952,18.4463,1.8347,1.1775,493619.8185,492016.3578,0.5729
000551.SZ,20250521,12.37,0.9008,0.83,19.937,18.6728,1.8572,1.192,499678.9816,498055.8384,0.5659
000551.SZ,20250520,12.51,1.0278,0.92,20.1626,18.8841,1.8783,1.2055,505334.2005,503692.687,0.5596
000551.SZ,20250519,12.37,0.8314,0.73,19.937,18.6728,1.8572,1.192,499678.9816,498055.8384,0.5659
000551.SZ,20250516,12.33,1.079,0.94,19.8725,18.6124,1.8512,1.1881,498063.2048,496445.3103,0.5678
000551.SZ,20250515,12.26,0.9852,0.79,19.7597,18.5067,1.8407,1.1814,495235.5953,493626.8859,0.571
000551.SZ,20250514,12.4,1.504,1.17,19.9853,18.7181,1.8618,1.1949,500890.8142,499263.7346,0.5646
000551.SZ,20250513,12.4,1.1638,0.8,19.9853,18.7181,1.8618,1.1949,500890.8142,499263.7346,0.5646
000551.SZ,20250512,12.4,0.9833,0.55,19.9853,18.7181,1.8618,1.1949,500890.8142,499263.7346,0.5646
000551.SZ,20250509,12.37,1.0846,0.55,19.937,18.6728,1.8572,1.192,499678.9816,498055.8384,0.5659
000551.SZ,20250508,12.5,1.4996,0.78,20.1465,18.869,1.8768,1.2045,504930.2563,503290.055,0.5601
000551.SZ,20250507,12.34,1.7126,0.95,19.8886,18.6275,1.8527,1.1891,498467.149,496847.9423,0.5673
000551.SZ,20250506,12.39,2.0213,1.2,19.9692,18.703,1.8602,1.1939,500486.87,498861.1025,0.565
000551.SZ,20250430,12.08,2.6699,1.78,19.4696,18.235,1.8137,1.164,487964.5996,486379.5092,0.5795
000551.SZ,20250429,11.59,1.9143,1.37,18.6798,17.4953,1.7401,1.1168,468171.3336,466650.539,0.604
000551.SZ,20250428,11.28,1.2491,0.9,18.1802,18.1802,1.7389,1.0869,455649.0632,454168.9456,0.6206
000551.SZ,20250425,11.52,1.198,0.87,18.567,18.567,1.7759,1.1101,465343.7242,463832.1147,0.6077
000551.SZ,20250424,11.39,1.4057,0.96,18.3575,18.3575,1.7559,1.0975,460092.4495,458597.8981,0.6146
000551.SZ,20250423,11.47,1.7274,1.22,18.4864,18.4864,1.7682,1.1052,463324.0031,461818.9545,0.6103
000551.SZ,20250422,11.28,1.4064,0.99,18.1802,18.1802,1.7389,1.0869,455649.0632,454168.9456,0.6206
000551.SZ,20250421,11.11,1.1672,0.76,17.9062,17.9062,1.7127,1.0706,448782.0118,447324.2009,0.6301
000551.SZ,20250418,10.9,1.2027,0.7,17.5677,17.5677,1.6803,1.0503,440299.1835,438868.928,0.6423
000551.SZ,20250417,10.86,1.8514,0.99,17.5033,17.5033,1.6742,1.0465,438683.4066,437258.3998,0.6446
000551.SZ,20250416,10.75,1.4578,0.63,17.326,17.326,1.6572,1.0359,434240.0204,432829.4473,0.6512
000551.SZ,20250415,10.9,1.4275,0.46,17.5677,17.5677,1.6803,1.0503,440299.1835,438868.928,0.6423
000551.SZ,20250414,10.96,1.7828,0.59,17.6644,17.6644,1.6896,1.0561,442722.8487,441284.7202,0.6388
000551.SZ,20250411,10.86,2.0426,0.7,17.5033,17.5033,1.6742,1.0465,438683.4066,437258.3998,0.6446
000551.SZ,20250410,10.7,2.5998,0.95,17.2454,17.2454,1.6495,1.031,432220.2994,430816.2871,0.6543
000551.SZ,20250409,10.51,3.804,1.7,16.9392,16.9392,1.6202,1.0127,424545.3595,423166.2782,0.6661
000551.SZ,20250408,10.41,5.3226,3.36,16.778,16.778,1.6048,1.0031,420505.9174,419139.9578,0.6725
000551.SZ,20250407,11.1,1.3991,0.84,28.8726,19.5004,1.7744,1.0372,448378.0676,446921.5688,0.6307
000551.SZ,20250403,12.33,1.5615,0.9,32.072,21.6613,1.9711,1.1521,498063.2048,496445.3103,0.5678
000551.SZ,20250402,12.63,1.5564,0.85,32.8523,22.1883,2.019,1.1801,510181.5309,508524.2716,0.5543
000551.SZ,20250401,12.49,1.3738,0.67,32.4881,21.9424,1.9966,1.167,504526.312,502887.423,0.5605
000551.SZ,20250331,12.49,2.0337,0.83,32.4881,21.9424,1.9966,1.167,504526.312,502887.423,0.5605
000551.SZ,20250328,12.7,1.8172,0.57,33.0344,22.3113,2.0302,1.1867,513009.1404,511342.6959,0.5512
000551.SZ,20250327,12.95,1.8545,0.43,33.6847,22.7505,2.0702,1.21,523107.7455,521408.497,0.5406
000551.SZ,20250326,13.26,2.103,0.48,34.491,23.2951,2.1197,1.239,535630.0158,533890.0903,0.528
000551.SZ,20250325,13.02,2.4563,0.57,33.8667,22.8735,2.0814,1.2166,525935.3549,524226.9213,0.5377
000551.SZ,20250324,13.2,4.055,1.04,34.3349,23.1897,2.1101,1.2334,533206.3506,531474.2981,0.5304
000551.SZ,20250321,13.6,5.4963,1.74,35.3754,23.8924,2.1741,1.2707,549364.1188,547579.5798,0.5148
000551.SZ,20250320,13.8,7.4296,3.48,35.8956,24.2438,2.2061,1.2894,557443.0029,555632.2207,0.5073
000551.SZ,20250319,13.44,2.3077,1.09,34.9592,23.6113,2.1485,1.2558,542901.0115,541137.4671,0.5209
000551.SZ,20250318,13.37,2.1671,1.02,34.7771,23.4884,2.1373,1.2493,540073.4021,538319.0428,0.5236
000551.SZ,20250317,13.25,2.0962,0.83,34.465,23.2775,2.1181,1.238,535226.0716,533487.4583,0.5284
000551.SZ,20250314,13.07,1.8331,0.65,33.9968,22.9613,2.0894,1.2212,527955.0759,526240.0815,0.5356
000551.SZ,20250313,12.84,2.2769,0.78,33.3985,22.5573,2.0526,1.1997,518664.3592,516979.5445,0.5452
000551.SZ,20250312,13.16,2.2177,0.76,34.2309,23.1194,2.1038,1.2296,531590.5738,529863.7699,0.532
000551.SZ,20250311,13.16,2.2574,0.7,34.2309,23.1194,2.1038,1.2296,531590.5738,528177.7686,0.532
000551.SZ,20250310,13.35,4.079,1.35,34.7251,23.4532,2.1341,1.2474,539265.5137,535803.4355,0.5244
000551.SZ,20250307,13.2,3.3134,1.08,34.3349,23.1897,2.1101,1.2334,533206.3506,529783.1722,0.5304
000551.SZ,20250306,13.13,2.8409,0.86,34.1529,23.0667,2.099,1.2268,530378.7412,526953.7163,0.5332
000551.SZ,20250305,12.97,2.1172,0.56,33.7367,22.7856,2.0734,1.2119,523915.6339,520532.3458,0.5398
000551.SZ,20250304,13.0,3.7953,1.1,33.8147,22.8383,2.0782,1.2147,525127.4665,521736.3528,0.5385
000551.SZ,20250303,12.55,3.0766,0.95,32.6442,22.0478,2.0062,1.1726,506949.9773,503676.2483,0.5578
000551.SZ,20250228,12.83,3.4929,1.09,33.3725,22.5397,2.051,1.1988,518260.415,514913.6466,0.5457
000551.SZ,20250227,13.08,3.9686,1.19,34.0228,22.9789,2.091,1.2222,528359.0201,524947.038,0.5352
000551.SZ,20250226,13.14,4.4292,1.59,34.1789,23.0843,2.1006,1.2278,530782.6854,527355.052,0.5328
000551.SZ,20250225,12.69,2.2109,0.83,33.0084,22.2937,2.0286,1.1857,512605.1961,509294.9475,0.5517
000551.SZ,20250224,12.6,2.1647,0.81,32.7743,22.1356,2.0142,1.1773,508969.6983,505682.9266,0.5556
000551.SZ,20250221,12.76,3.2233,1.42,33.1904,22.4167,2.0398,1.1923,515432.8056,512104.2971,0.5486
000551.SZ,20250220,12.82,4.6417,2.85,33.3465,22.5221,2.0494,1.1979,517856.4708,514512.311,0.5461
000551.SZ,20250219,12.2,1.662,1.09,31.7338,21.4329,1.9503,1.1399,492811.9301,489629.5003,0.5738
000551.SZ,20250218,11.85,1.6823,1.2,30.8234,20.818,1.8943,1.1072,478673.8829,475582.7524,0.5908
000551.SZ,20250217,12.2,2.145,1.7,31.7338,21.4329,1.9503,1.1399,492811.9301,489629.5003,0.5738
000551.SZ,20250214,11.82,1.2384,0.89,30.7454,20.7653,1.8895,1.1044,477462.0503,474378.7454,0.5923
000551.SZ,20250213,11.92,1.4019,1.03,31.0055,20.941,1.9055,1.1138,481501.4924,478392.102,0.5873
000551.SZ,20250212,12.17,1.161,0.85,31.6558,21.3802,1.9455,1.1371,491600.0975,488425.4934,0.5752
000551.SZ,20250211,12.12,1.0901,0.76,31.5257,21.2924,1.9375,1.1325,489580.3765,486418.8151,0.5776
000551.SZ,20250210,12.12,1.4113,1.0,31.5257,21.2924,1.9375,1.1325,489580.3765,486418.8151,0.5776
000551.SZ,20250207,12.14,1.8724,1.42,31.5777,21.3275,1.9407,1.1343,490388.2649,487221.4864,0.5767
000551.SZ,20250206,11.96,1.2953,1.0,31.1095,21.0113,1.9119,1.1175,483117.2692,479997.4446,0.5853
000551.SZ,20250205,11.66,1.142,0.83,30.3292,20.4842,1.864,1.0895,470998.943,467957.3749,0.6004
000551.SZ,20250127,11.68,1.421,0.89,30.3812,20.5194,1.8672,1.0913,471806.8314,468760.0462,0.5994
000551.SZ,20250124,11.85,1.329,0.8,30.8234,20.818,1.8943,1.1072,478673.8829,475582.7524,0.5908
000551.SZ,20250123,11.81,1.4235,0.72,30.7194,20.7478,1.8879,1.1035,477058.1061,473977.4097,0.5928
000551.SZ,20250122,11.9,1.1487,0.58,30.9535,20.9059,1.9023,1.1119,480693.604,477589.4306,0.5883
000551.SZ,20250121,12.0,1.5197,0.77,31.2136,21.0816,1.9183,1.1212,484733.046,481602.7872,0.5834
000551.SZ,20250120,11.96,2.5265,1.53,31.1095,21.0113,1.9119,1.1175,483117.2692,479997.4446,0.5853
000551.SZ,20250117,11.73,1.6366,1.08,30.5113,20.6072,1.8752,1.096,473826.5525,470766.7245,0.5968
000551.SZ,20250116,11.61,3.0018,2.74,30.1991,20.3964,1.856,1.0848,468979.222,465950.6966,0.603
000551.SZ,20250115,11.3,1.2727,1.15,29.3928,19.8518,1.8064,1.0558,456456.9517,453509.2913,0.6195
000551.SZ,20250114,11.36,1.4472,1.41,29.5489,19.9572,1.816,1.0614,458880.6169,455917.3052,0.6163
000551.SZ,20250113,10.92,0.8789,0.79,28.4044,19.1842,1.7457,1.0203,441107.0719,438258.5364,0.6411
000551.SZ,20250110,10.97,0.9946,0.83,28.5344,19.2721,1.7537,1.025,443126.7929,440265.2146,0.6382
000551.SZ,20250109,11.27,0.8879,0.68,29.3148,19.7991,1.8016,1.053,455245.119,452305.2843,0.6212
688017.SH,20260702,413.05,11.3837,1.3,608.8798,553.7334,21.2183,132.6838,7572449.7805,7572449.7805,0.0242
688017.SH,20260701,423.98,10.4291,1.3,624.9918,568.3861,21.7798,136.1948,7772829.5798,7772829.5798,0.0236
688017.SH,20260630,417.86,11.4546,1.61,615.9702,560.1817,21.4654,134.2289,7660631.5586,7660631.5586,0.0239
688017.SH,20260629,361.62,7.4473,0.96,533.0665,484.7865,18.5764,116.163,6629583.0762,6629583.0762,0.0276
688017.SH,20260626,369.46,6.6168,0.78,544.6235,495.2968,18.9791,118.6814,6773313.8746,6773313.8746,0.027
688017.SH,20260625,391.0,7.9971,0.96,576.3757,524.1732,20.0856,125.6007,7168206.91,7168206.91,0.0256
688017.SH,20260624,383.18,6.6064,0.77,564.8482,513.6898,19.6839,123.0887,7024842.7718,7024842.7718,0.0261
688017.SH,20260623,378.53,6.9684,0.79,557.9936,507.456,19.445,121.5949,6939594.2753,6939594.2753,0.0264
688017.SH,20260622,393.31,10.6015,1.15,579.7809,527.27,20.2043,126.3427,7210556.1631,7210556.1631,0.0254
688017.SH,20260618,408.01,10.4738,1.11,601.4503,546.9768,20.9594,131.0648,7480051.4101,7480051.4101,0.0245
688017.SH,20260617,381.6,7.0912,0.7,562.5191,511.5716,19.6027,122.5811,6995876.616,6995876.616,0.0262
688017.SH,20260616,376.22,7.8427,0.73,554.5884,504.3592,19.3264,120.8529,6897245.0222,6897245.0222,0.0266
688017.SH,20260615,372.62,8.2274,0.67,549.2816,499.5331,19.1414,119.6965,6831246.1862,6831246.1862,0.0268
688017.SH,20260612,351.0,12.2667,1.0,517.4115,470.5494,18.0308,112.7515,6434886.51,6434886.51,0.0285
688017.SH,20260611,367.0,11.8778,1.03,540.9972,491.999,18.8527,117.8912,6728215.5875,6728215.5875,0.0272
688017.SH,20260610,424.0,10.5369,0.97,625.0213,568.413,21.7808,136.2013,7773197.3,7773197.3,0.0236
688017.SH,20260609,420.17,11.0888,1.1,619.3755,563.2785,21.5841,134.971,7702981.8621,7702981.8621,0.0238
688017.SH,20260608,428.25,15.8407,1.93,631.2863,574.1105,21.9992,137.5665,7851112.6031,7851112.6031,0.0233
688017.SH,20260605,393.0,12.215,1.73,579.324,526.8545,20.1884,126.2432,7204873.9125,7204873.9125,0.0254
688017.SH,20260604,327.5,7.8872,1.14,482.77,439.0454,16.8236,105.2026,6004061.5938,6004061.5938,0.0305
688017.SH,20260603,314.88,7.5379,1.03,464.1668,422.1271,16.1754,101.1487,5772698.976,5772698.976,0.0317
688017.SH,20260602,306.0,7.0171,0.88,451.0767,410.2226,15.7192,98.2962,5609901.825,5609901.825,0.0327
688017.SH,20260601,287.3,6.3767,0.8,423.5109,385.1534,14.7586,92.2892,5267074.4913,5267074.4913,0.0348
688017.SH,20260529,306.0,6.5369,0.8,451.0767,410.2226,15.7192,98.2962,5609901.825,5609901.825,0.0327
688017.SH,20260528,316.13,7.0075,0.8,466.0094,423.8028,16.2396,101.5503,5795615.2416,5795615.2416,0.0316
688017.SH,20260527,321.0,9.5265,1.2,473.1883,430.3315,16.4897,103.1146,5884897.0125,5884897.0125,0.0311
688017.SH,20260526,338.47,10.2132,1.37,498.941,453.7518,17.3872,108.7265,6205174.7409,6205174.7409,0.0295
688017.SH,20260525,349.0,6.6841,0.85,514.4633,467.8683,17.9281,112.1091,6398221.3625,6398221.3625,0.0286
688017.SH,20260522,342.0,7.2181,0.83,504.1446,458.4841,17.5685,109.8605,6269890.275,6269890.275,0.0292
688017.SH,20260521,335.0,10.0389,1.26,493.8258,449.0999,17.2089,107.6118,6141559.1875,6141559.1875,0.0298
688017.SH,20260520,323.66,5.6203,0.7,477.1094,433.8975,16.6264,103.9691,5933662.8258,5933662.8258,0.0309
688017.SH,20260519,326.17,7.5833,0.98,480.8094,437.2624,16.7553,104.7754,5979678.6871,5979678.6871,0.0306
688017.SH,20260518,322.88,9.0647,1.2,475.9596,432.8519,16.5863,103.7185,5919363.076,5919363.076,0.031
688017.SH,20260515,305.5,10.9772,1.54,450.3397,409.5523,15.6935,98.1356,5600735.3188,5600735.3188,0.0327
688017.SH,20260514,265.0,6.608,1.01,390.6383,355.2581,13.613,85.1258,4858248.3125,4858248.3125,0.0377
688017.SH,20260513,279.65,5.7528,0.92,412.234,374.8979,14.3656,89.8318,5126826.9456,5126826.9456,0.0357
688017.SH,20260512,273.87,6.2762,1.06,403.7137,367.1492,14.0687,87.9751,5020862.1334,5020862.1334,0.0365
688017.SH,20260511,271.0,8.0381,1.61,399.483,363.3017,13.9212,87.0532,4968246.3875,4968246.3875,0.0369
688017.SH,20260508,262.99,8.9893,2.33,387.6754,352.5635,13.5098,84.4801,4821398.9574,4821398.9574,0.038
688017.SH,20260507,230.48,3.734,0.96,339.7522,308.9807,11.8397,74.037,4225392.721,4225392.721,0.0434
688017.SH,20260506,226.81,4.1758,1.15,334.3422,304.0607,11.6512,72.858,4158110.5651,4158110.5651,0.0441
688017.SH,20260430,224.12,4.5514,1.2,330.3768,300.4545,11.513,71.9939,4108794.7615,4108794.7615,0.0446
688017.SH,20260429,215.01,3.4966,0.91,316.9477,288.2417,11.045,69.0675,3941781.0176,3941781.0176,0.0465
688017.SH,20260428,207.65,3.3207,0.89,306.0983,278.3749,10.667,66.7033,3806850.0456,3806850.0456,0.0481
688017.SH,20260427,213.8,3.8837,1.07,315.1641,286.6196,10.9829,68.6788,3919598.0725,3919598.0725,0.0467
688017.SH,20260424,205.26,2.8904,0.79,302.5752,275.1709,10.5442,65.9355,3763034.1458,3763034.1458,0.0487
688017.SH,20260423,203.77,5.3818,1.71,300.3788,273.1734,10.4676,65.4569,3735717.9571,3735717.9571,0.049
688017.SH,20260422,219.99,3.7095,1.22,718.0367,322.862,11.4024,104.1033,4033079.4199,4033079.4199,0.0454
688017.SH,20260421,213.32,2.7776,0.93,696.2662,313.073,11.0567,100.9469,3910798.2265,3910798.2265,0.0468
688017.SH,20260420,210.77,3.3257,1.21,687.9431,309.3305,10.9245,99.7402,3864049.0446,3864049.0446,0.0474
688017.SH,20260417,213.0,3.1719,1.19,695.2217,312.6033,11.0401,100.7955,3904931.6625,3904931.6625,0.0469
688017.SH,20260416,207.98,2.7303,1.07,678.8367,305.2359,10.7799,98.4199,3812899.9398,3812899.9398,0.0481
688017.SH,20260415,206.5,3.2593,1.22,674.006,303.0638,10.7032,97.7196,3785767.0813,3785767.0813,0.0484
688017.SH,20260414,206.9,2.4133,0.95,675.3116,303.6508,10.7239,97.9089,3793100.2863,3793100.2863,0.0483
688017.SH,20260413,202.98,2.1565,0.83,662.5169,297.8978,10.5207,96.0539,3721234.8773,3721234.8773,0.0492
688017.SH,20260410,204.0,2.7512,1.09,665.8461,299.3947,10.5736,96.5365,3739934.55,3739934.55,0.049
688017.SH,20260409,199.28,2.1709,0.7,650.4403,292.4676,10.329,94.3029,3653402.731,3653402.731,0.0501
688017.SH,20260408,203.45,3.9103,1.41,664.051,298.5875,10.5451,96.2763,3729851.3931,3729851.3931,0.0491
688017.SH,20260407,185.66,1.6631,0.57,605.9853,272.4786,9.623,87.8577,3403707.1008,3403707.1008,0.0538
688017.SH,20260403,187.3,2.4416,0.86,611.3381,274.8855,9.708,88.6338,3433773.2413,3433773.2413,0.0534
688017.SH,20260402,193.5,2.4908,0.86,631.5746,283.9847,10.0294,91.5677,3547437.9188,3547437.9188,0.0516
688017.SH,20260401,201.99,5.0415,2.08,659.2856,296.4448,10.4694,95.5854,3703085.1949,3703085.1949,0.0495
688017.SH,20260331,187.16,2.2598,0.92,610.8812,274.68,9.7008,88.5675,3431206.6195,3431206.6195,0.0534
688017.SH,20260330,191.26,2.254,0.82,624.2634,280.6972,9.9133,90.5077,3506371.9708,3506371.9708,0.0523
688017.SH,20260327,187.66,2.1591,0.8,612.5132,275.4138,9.7267,88.8041,3440373.1258,3440373.1258,0.0533
688017.SH,20260326,188.3,2.79,1.1,614.6021,276.3531,9.7599,89.107,3452106.2538,3452106.2538,0.0531
688017.SH,20260325,187.97,2.6798,1.13,613.525,275.8688,9.7428,88.9508,3446056.3596,3446056.3596,0.0532
688017.SH,20260324,181.99,2.4312,1.07,594.0066,267.0924,9.4328,86.121,3336424.9449,3336424.9449,0.0549
688017.SH,20260323,180.88,3.6637,1.75,590.3836,265.4633,9.3753,85.5957,3316075.301,3316075.301,0.0552
688017.SH,20260320,186.02,1.972,0.89,607.1603,273.0069,9.6417,88.0281,3410306.9853,3410306.9853,0.0537
688017.SH,20260319,189.65,1.9823,0.89,619.0084,278.3344,9.8298,89.7459,3476855.8206,3476855.8206,0.0527
688017.SH,20260318,194.8,1.8536,0.78,635.8178,285.8926,10.0968,92.1829,3571270.835,3571270.835,0.0513
688017.SH,20260317,190.51,1.9278,0.75,621.8154,279.5965,9.8744,90.1528,3492622.2114,3492622.2114,0.0525
688017.SH,20260316,196.25,2.7563,1.03,640.5505,288.0207,10.1719,92.8691,3597853.7031,3597853.7031,0.0509
688017.SH,20260313,198.0,2.51,0.98,646.2624,290.589,10.2626,93.6972,3629936.475,3629936.475,0.0505
688017.SH,20260312,204.71,2.0798,0.79,668.1635,300.4367,10.6104,96.8725,3752950.9889,3752950.9889,0.0488
688017.SH,20260311,208.7,2.5482,0.93,681.1867,306.2925,10.8172,98.7607,3826099.7088,3826099.7088,0.0479
688017.SH,20260310,215.8,2.9681,0.9,704.3608,316.7127,11.1852,102.1205,3956264.0975,3956264.0975,0.0463
688017.SH,20260309,208.34,3.2414,0.91,680.0117,305.7642,10.7986,98.5903,3819499.8243,3819499.8243,0.048
688017.SH,20260306,212.45,1.954,0.51,693.4265,311.7961,11.0116,100.5352,3894848.5056,3894848.5056,0.047
688017.SH,20260305,212.99,2.4015,0.56,695.1891,312.5886,11.0396,100.7908,3904748.3324,3904748.3324,0.0469
688017.SH,20260304,211.2,3.1873,0.68,689.3466,309.9616,10.9468,99.9437,3871932.24,3871932.24,0.0473
688017.SH,20260303,209.58,5.6901,1.15,684.059,307.5841,10.8628,99.1771,3842232.7598,3842232.7598,0.0477
688017.SH,20260302,227.55,4.5905,0.9,742.7122,333.9572,11.7942,107.6808,4171676.9944,4171676.9944,0.0439
688017.SH,20260227,232.37,3.1208,0.59,758.4444,341.0311,12.0441,109.9617,4260042.1146,4260042.1146,0.043
688017.SH,20260226,237.03,4.7876,0.95,773.6545,477.511,12.3937,112.1669,4345473.9529,4345473.9529,0.0422
688017.SH,20260225,236.6,5.1277,1.05,772.251,476.6448,12.3712,111.9635,4337590.7575,4337590.7575,0.0422
688017.SH,20260224,232.7,7.1429,1.61,759.5215,468.788,12.1673,110.1179,4266092.0088,4266092.0088,0.0429
688017.SH,20260213,242.38,5.4502,1.16,791.1166,488.2889,12.6734,114.6987,4443555.5698,4443555.5698,0.0412
688017.SH,20260212,234.48,4.0126,0.84,765.3314,472.3739,12.2603,110.9602,4298724.771,4298724.771,0.0426
688017.SH,20260211,228.8,3.3563,0.67,746.7921,460.9312,11.9633,108.2724,4194593.26,4194593.26,0.0437
688017.SH,20260210,229.0,4.5197,0.85,747.4449,461.3341,11.9738,108.367,4198259.8625,4198259.8625,0.0436
688017.SH,20260209,226.12,4.85,0.87,738.0447,455.5322,11.8232,107.0041,4145460.7865,4145460.7865,0.0442
688017.SH,20260206,217.4,6.6662,1.13,709.5831,437.9652,11.3673,102.8777,3985596.9175,3985596.9175,0.046
688017.SH,20260205,205.12,4.3878,0.73,669.5018,413.2264,10.7252,97.0665,3760467.524,3760467.524,0.0487
688017.SH,20260204,216.51,4.761,0.8,706.6782,436.1723,11.3207,102.4565,3969280.5364,3969280.5364,0.0462
688017.SH,20260203,224.99,6.0189,0.99,734.3565,453.2557,11.7641,106.4694,4124744.4824,4124744.4824,0.0444
688017.SH,20260202,219.28,6.1968,1.01,715.7193,441.7526,11.4656,103.7673,4020062.981,4020062.981,0.0456
688017.SH,20260130,229.0,8.0342,1.49,747.4449,461.3341,11.9738,108.367,4198259.8625,4198259.8625,0.0436
688017.SH,20260129,212.46,4.9771,0.94,693.4592,428.0133,11.109,100.54,3895031.8358,3895031.8358,0.047
688017.SH,20260128,210.54,4.3809,0.83,687.1924,424.1453,11.0086,99.6314,3859832.4518,3859832.4518,0.0475
688017.SH,20260127,221.0,6.8506,1.4,721.3333,445.2176,11.5555,104.5812,4051595.7625,4051595.7625,0.0452
688017.SH,20260126,204.4,6.3018,1.28,667.1517,411.7759,10.6875,96.7258,3747267.755,3747267.755,0.0489
688017.SH,20260123,216.21,4.3833,0.76,705.699,435.5679,11.305,102.3145,3963780.6326,3963780.6326,0.0462
688017.SH,20260122,211.7,4.4641,0.75,690.9786,426.4822,11.0692,100.1803,3881098.7463,3881098.7463,0.0472
688017.SH,20260121,215.0,4.2783,0.64,701.7496,433.1303,11.2418,101.7419,3941597.6875,3941597.6875,0.0465
688017.SH,20260120,216.44,5.0126,0.69,706.4497,436.0312,11.3171,102.4234,3967997.2255,3967997.2255,0.0462
688017.SH,20260119,214.35,6.3842,0.91,699.628,431.8208,11.2078,101.4343,3929681.2294,3929681.2294,0.0466
688017.SH,20260116,220.5,8.539,1.37,719.7013,444.2104,11.5294,104.3446,4042429.2563,4042429.2563,0.0453
688017.SH,20260115,200.87,5.4408,0.92,655.63,404.6646,10.503,95.0554,3682552.2209,3682552.2209,0.0498
688017.SH,20260114,200.0,7.9287,1.44,652.7903,402.9119,10.4575,94.6437,3666602.5,3666602.5,0.05
688017.SH,20260113,205.0,7.8213,1.51,669.1101,412.9847,10.7189,97.0098,3758267.5625,3758267.5625,0.0487
688017.SH,20260112,198.0,5.1741,0.99,646.2624,398.8828,10.3529,93.6972,3629936.475,3629936.475,0.0505
688017.SH,20260109,195.7,4.7906,0.87,638.7553,394.2493,10.2326,92.6088,3587770.5463,3587770.5463,0.0511
688017.SH,20260108,191.0,3.8132,0.6,623.4148,384.7809,9.9869,90.3847,3501605.3875,3501605.3875,0.0523
688017.SH,20260107,190.88,5.9006,0.97,623.0231,384.5391,9.9806,90.3279,3499405.426,3499405.426,0.0524
688017.SH,20260106,199.8,6.1556,1.11,652.1375,402.509,10.447,94.549,3662935.8975,3662935.8975,0.05
688017.SH,20260105,191.06,5.4648,1.05,623.6106,384.9017,9.99,90.4131,3502705.3683,3502705.3683,0.0523
688017.SH,20251231,192.1,6.1177,1.4,627.0051,386.9969,10.0444,90.9052,3521771.7013,3521771.7013,0.1437
688017.SH,20251230,191.1,8.1652,2.63,623.7412,384.9823,9.9921,90.432,3503438.6888,3503438.6888,0.1444
688017.SH,20251229,175.01,4.5409,1.64,571.2242,352.568,9.1508,82.8179,3208460.5176,3208460.5176,0.1577
688017.SH,20251226,169.48,3.3475,1.39,553.1745,341.4275,8.8617,80.201,3107078.9585,3107078.9585,0.1629
688017.SH,20251225,167.24,3.9289,2.06,545.8633,336.9149,8.7445,79.141,3066013.0105,3066013.0105,0.165
688017.SH,20251224,159.75,1.8667,1.01,521.4163,321.8259,8.3529,75.5966,2928698.7469,2928698.7469,0.1728
688017.SH,20251223,156.35,1.8223,1.02,510.3188,314.9764,8.1751,73.9877,2866366.5044,2866366.5044,0.1765
688017.SH,20251222,159.35,2.8819,1.73,520.1107,321.02,8.332,75.4073,2921365.5419,2921365.5419,0.1732
688017.SH,20251219,154.14,1.5355,0.8,503.1055,310.5242,8.0596,72.9419,2825850.5468,2825850.5468,0.1791
688017.SH,20251218,151.76,1.4227,0.69,495.3373,305.7295,7.9351,71.8156,2782217.977,2782217.977,0.1819
688017.SH,20251217,154.66,1.5964,0.76,504.8028,311.5718,8.0868,73.1879,2835383.7133,2835383.7133,0.1785
688017.SH,20251216,150.68,1.4576,0.65,491.8122,303.5538,7.8787,71.3045,2762418.3235,2762418.3235,0.1832
688017.SH,20251215,153.67,2.2943,0.95,501.5714,309.5773,8.035,72.7195,2817234.0309,2817234.0309,0.1796
688017.SH,20251212,153.5,2.7884,1.1,501.0166,309.2349,8.0261,72.639,2814117.4188,2814117.4188,0.1798
688017.SH,20251211,153.84,2.2165,0.71,502.1263,309.9198,8.0439,72.7999,2820350.643,2820350.643,0.1794
688017.SH,20251210,158.27,1.7744,0.6,516.5856,318.8443,8.2755,74.8963,2901565.8884,2901565.8884,0.1744
688017.SH,20251209,157.79,2.1505,0.74,515.0189,317.8773,8.2504,74.6691,2892766.0424,2892766.0424,0.1749
688017.SH,20251208,158.92,3.2044,1.2,518.7072,320.1538,8.3095,75.2039,2913482.3465,2913482.3465,0.1737
688017.SH,20251205,157.49,3.3181,1.41,514.0397,317.273,8.2347,74.5272,2887266.1386,2887266.1386,0.1753
688017.SH,20251204,153.21,5.089,3.1,500.07,308.6507,8.0109,72.5018,2808800.8451,2808800.8451,0.1802
688017.SH,20251203,145.45,1.0838,0.6,474.7418,293.0177,7.6052,68.8296,2666536.6681,2666536.6681,0.1898
688017.SH,20251202,144.39,1.8829,1.0,471.282,290.8822,7.5498,68.328,2647103.6749,2647103.6749,0.1912
688017.SH,20251201,149.9,1.9465,1.03,489.2664,301.9825,7.8379,70.9354,2748118.5738,2748118.5738,0.1841
688017.SH,20251128,146.93,1.779,0.89,479.5724,295.9992,7.6826,69.53,2693669.5266,2693669.5266,0.1879
688017.SH,20251127,144.8,1.5251,0.79,472.6202,291.7082,7.5712,68.522,2654620.21,2654620.21,0.1906
688017.SH,20251126,145.31,1.8237,1.02,474.2848,292.7356,7.5979,68.7634,2663970.0464,2663970.0464,0.1899
688017.SH,20251125,143.71,2.3222,1.47,469.0625,289.5123,7.5142,68.0062,2634637.2264,2634637.2264,0.1921
688017.SH,20251124,145.51,1.9666,1.4,474.9376,293.1385,7.6083,68.858,2667636.6489,2667636.6489,0.1897
688017.SH,20251121,143.35,2.3347,1.93,467.8875,288.7871,7.4954,67.8358,2628037.3419,2628037.3419,0.1925
688017.SH,20251120,141.92,1.2151,0.96,463.22,285.9063,7.4206,67.1591,2601821.134,2601821.134,0.1945
688017.SH,20251119,143.88,1.1201,0.77,469.6174,289.8548,7.5231,68.0867,2637753.8385,2637753.8385,0.1918
688017.SH,20251118,146.12,1.2755,0.83,476.9286,294.3674,7.6402,69.1467,2678819.7865,2678819.7865,0.1889
688017.SH,20251117,144.77,1.0691,0.63,472.5223,291.6478,7.5696,68.5078,2654070.2196,2654070.2196,0.1907
688017.SH,20251114,143.79,1.3797,0.74,469.3236,289.6735,7.5184,68.0441,2636103.8674,2636103.8674,0.192
688017.SH,20251113,147.8,1.4783,0.64,482.4121,297.7519,7.7281,69.9417,2709619.2475,2709619.2475,0.1867
688017.SH,20251112,146.92,2.1042,0.93,479.5398,295.9791,7.6821,69.5252,2693486.1965,2693486.1965,0.1879
688017.SH,20251111,150.05,1.6628,0.71,489.7559,302.2846,7.8457,71.0064,2750868.5256,2750868.5256,0.1839
688017.SH,20251110,152.52,1.9217,0.77,497.8179,307.2606,7.9749,72.1753,2796151.0665,2796151.0665,0.181
688017.SH,20251107,156.53,2.1885,0.79,510.9064,315.339,8.1845,74.0729,2869666.4466,2869666.4466,0.1763
688017.SH,20251106,160.9,3.6533,1.45,525.1698,324.1426,8.413,76.1408,2949781.7113,2949781.7113,0.1715
688017.SH,20251105,150.5,1.8273,0.71,491.2247,303.1912,7.8692,71.2194,2759118.3813,2759118.3813,0.1834
688017.SH,20251104,154.6,2.1919,0.8,504.6069,311.4509,8.0836,73.1596,2834283.7325,2834283.7325,0.1785
688017.SH,20251103,159.5,2.6094,0.96,520.6003,321.3222,8.3398,75.4783,2924115.4938,2924115.4938,0.173
688017.SH,20251031,163.24,3.504,1.42,532.8075,328.8567,8.5354,77.2482,2992680.9605,2992680.9605,0.1691
688017.SH,20251030,159.92,2.4726,1.06,521.9711,401.8055,8.4584,75.6771,2931815.359,2931815.359,0.1726
688017.SH,20251029,161.91,2.1619,0.96,528.4664,406.8055,8.5636,76.6188,2968298.0539,2968298.0539,0.1705
688017.SH,20251028,159.92,2.8678,1.31,521.9711,401.8055,8.4584,75.6771,2931815.359,2931815.359,0.1726
688017.SH,20251027,160.36,2.609,1.2,523.4073,402.911,8.4816,75.8853,2939881.8845,2939881.8845,0.1721
688017.SH,20251024,159.5,2.264,1.06,520.6003,400.7502,8.4362,75.4783,2924115.4938,2924115.4938,0.173
688017.SH,20251023,154.51,1.7111,0.8,504.3132,388.2127,8.1722,73.117,2832633.7614,2832633.7614,0.1786
688017.SH,20251022,155.7,1.7935,0.74,508.1973,391.2026,8.2352,73.6801,2854450.0463,2854450.0463,0.1773
688017.SH,20251021,156.4,2.5545,0.95,510.482,392.9614,8.2722,74.0113,2867283.155,2867283.155,0.1765
688017.SH,20251020,155.68,2.5249,0.85,508.132,391.1523,8.2341,73.6706,2854083.386,2854083.386,0.1773
688017.SH,20251017,152.6,2.0923,0.63,498.079,383.4137,8.0712,72.2131,2797617.7075,2797617.7075,0.1809
688017.SH,20251016,156.65,1.7476,0.47,511.298,393.5895,8.2854,74.1296,2871866.4081,2871866.4081,0.1762
688017.SH,20251015,160.95,3.1866,0.85,525.333,404.3934,8.5129,76.1645,2950698.3619,2950698.3619,0.1715
688017.SH,20251014,153.27,3.895,1.05,500.2659,385.0971,8.1066,72.5302,2809900.8259,2809900.8259,0.1801
688017.SH,20251013,164.89,3.878,1.13,538.193,414.2928,8.7212,78.029,3022930.4311,3022930.4311,0.1674
688017.SH,20251010,173.0,3.9171,1.17,564.6636,434.6695,9.1502,81.8668,3171611.1625,3171611.1625,0.1595
688017.SH,20251009,180.12,3.8476,1.09,587.903,452.5588,9.5268,85.2361,3302142.2115,3302142.2115,0.1532
688017.SH,20250930,180.78,3.1547,0.85,590.0572,454.2171,9.5617,85.5484,3314241.9998,3314241.9998,0.1527
688017.SH,20250929,178.7,3.6657,0.99,583.2682,448.991,9.4517,84.5641,3276109.3338,3276109.3338,0.1545
688017.SH,20250926,171.79,2.5264,0.57,560.7143,431.6294,9.0862,81.2942,3149428.2174,3149428.2174,0.1607
688017.SH,20250925,177.51,3.4942,0.63,579.3841,446.0011,9.3887,84.001,3254293.0489,3254293.0489,0.1555
688017.SH,20250924,178.02,4.8347,0.8,581.0487,447.2825,9.4157,84.2423,3263642.8853,3263642.8853,0.155
688017.SH,20250923,170.54,3.9383,0.59,556.6343,428.4887,9.0201,80.7027,3126511.9518,3126511.9518,0.1618
688017.SH,20250922,172.39,3.6535,0.5,562.6726,433.1369,9.1179,81.5781,3160428.0249,3160428.0249,0.1601
688017.SH,20250919,169.92,6.1248,0.85,554.6107,426.9309,8.9873,80.4093,3115145.484,3115145.484,0.1624
688017.SH,20250918,182.19,9.2493,1.44,594.6593,457.7598,9.6363,86.2156,3340091.5474,3340091.5474,0.1515
688017.SH,20250917,179.38,7.1061,1.21,585.4876,450.6996,9.4876,84.8859,3288575.7823,3288575.7823,0.1539
688017.SH,20250916,180.39,7.2398,1.32,588.7842,453.2372,9.5411,85.3639,3307092.1249,3307092.1249,0.153
688017.SH,20250915,171.8,6.7314,1.1,560.7469,431.6545,9.0867,81.2989,3149611.5475,3149611.5475,0.1607
688017.SH,20250912,166.03,5.5796,0.97,541.9139,417.1571,8.7815,78.5684,3043830.0654,3043830.0654,0.1662
688017.SH,20250911,165.88,5.4078,0.92,541.4243,416.7803,8.7736,78.4975,3041080.1135,3041080.1135,0.1664
688017.SH,20250910,161.48,4.4409,0.74,527.0629,405.7251,8.5409,76.4153,2960414.8585,2960414.8585,0.1709
688017.SH,20250909,162.5,5.2774,0.78,530.3921,408.2879,8.5948,76.898,2979114.5313,2979114.5313,0.1699
688017.SH,20250908,168.7,9.7734,1.73,550.6286,423.8656,8.9228,79.8319,3092779.2088,3092779.2088,0.1636
688017.SH,20250905,147.15,3.9714,0.71,480.2905,369.7204,7.783,69.6341,2697702.7894,2697702.7894,0.1876
688017.SH,20250904,144.05,5.8485,1.09,470.1722,361.9315,7.619,68.1671,2640870.4506,2640870.4506,0.1916
688017.SH,20250903,154.45,5.2643,0.97,504.1173,388.0619,8.1691,73.0886,2831533.7806,2831533.7806,0.1787
688017.SH,20250902,159.69,9.038,2.17,521.2204,401.2276,8.4462,75.5682,2927598.7661,2927598.7661,0.1728
688017.SH,20250901,151.35,4.067,0.9,493.9991,380.273,8.0051,71.6216,2774701.4419,2774701.4419,0.1824
688017.SH,20250829,150.76,3.923,0.87,492.0733,378.7906,7.9739,71.3424,2763884.9645,2763884.9645,0.1831
688017.SH,20250828,150.89,4.5511,1.08,492.4977,379.1173,7.9808,71.4039,2766268.2561,2766268.2561,0.1829
688017.SH,20250827,148.66,5.5071,1.4,485.2191,373.5143,7.8628,70.3486,2725385.6383,2725385.6383,0.1857
688017.SH,20250826,151.75,2.8087,0.63,495.3047,381.2781,8.0263,71.8109,2782034.6469,2782034.6469,0.1819
688017.SH,20250825,154.7,5.7114,1.31,504.9333,388.6901,8.1823,73.2069,2836117.0338,2836117.0338,0.1784
688017.SH,20250822,150.01,3.8438,0.79,489.6254,376.9062,7.9342,70.9875,2750135.2051,2750135.2051,0.184
688017.SH,20250821,145.96,3.212,0.64,476.4064,366.7304,7.72,69.0709,2675886.5045,2675886.5045,0.1891
688017.SH,20250820,149.01,4.0707,0.85,486.3614,374.3937,7.8813,70.5143,2731802.1926,2731802.1926,0.1852
688017.SH,20250819,151.18,5.4078,1.32,493.4442,379.8459,7.9961,71.5411,2771584.8298,2771584.8298,0.1826
688017.SH,20250818,147.46,5.3054,1.49,481.3023,370.4993,7.7993,69.7808,2703386.0233,2703386.0233,0.1872
688017.SH,20250815,148.31,6.4808,2.36,484.0767,482.9364,7.922,70.183,2718969.0839,2718969.0839,0.1861
688017.SH,20250814,137.64,3.9123,1.49,449.2503,448.1921,7.352,65.1338,2523355.8405,2523355.8405,0.2005
688017.SH,20250813,138.51,2.7448,0.85,452.0899,451.025,7.3985,65.5455,2539305.5614,2539305.5614,0.1993
688017.SH,20250812,137.11,2.0382,0.62,447.5204,446.4663,7.3342,64.883,2513639.3439,2512029.8096,0.2014
688017.SH,20250811,137.0,2.5773,0.72,447.1614,446.1081,7.3284,64.8309,2511622.7125,2510014.4695,0.2016
688017.SH,20250808,134.2,2.4662,0.7,438.0223,436.9905,7.1786,63.5059,2460290.2775,2458714.9037,0.2058
688017.SH,20250807,138.6,3.3258,0.93,452.094,451.0291,7.4092,65.5461,2539328.5071,2539328.5071,0.1993
688017.SH,20250806,140.13,5.6818,1.97,457.0847,456.008,7.491,66.2696,2567360.0556,2567360.0556,0.1971
688017.SH,20250805,133.99,2.3805,0.86,437.0568,436.0274,7.1628,63.3659,2454867.4363,2454867.4363,0.2061
688017.SH,20250804,133.98,3.9239,1.62,437.0242,435.9948,7.1622,63.3612,2454684.2235,2454684.2235,0.2061
688017.SH,20250801,127.51,2.237,0.96,415.92,414.9403,6.8164,60.3014,2336145.584,2336145.584,0.2166
688017.SH,20250731,129.66,3.7509,1.87,422.933,421.9368,6.9313,61.3182,2375536.322,2375536.322,0.213
688017.SH,20250730,127.8,2.1037,1.03,416.8659,415.884,6.8319,60.4386,2341458.7533,2341458.7533,0.2161
688017.SH,20250729,130.4,1.9052,0.82,425.3468,424.3449,6.9709,61.6682,2389094.0644,2389094.0644,0.2118
688017.SH,20250728,129.83,2.1144,0.76,423.4875,422.49,6.9404,61.3986,2378650.9385,2378650.9385,0.2127
688017.SH,20250725,130.45,1.7884,0.62,425.5099,424.5076,6.9735,61.6918,2390010.1281,2390010.1281,0.2117
688017.SH,20250724,130.29,2.128,0.68,424.988,423.9869,6.965,61.6161,2387078.7243,2387078.7243,0.212
688017.SH,20250723,128.8,2.2992,0.7,420.1278,419.1382,6.8853,60.9115,2359780.0268,2359780.0268,0.2144
688017.SH,20250722,130.4,3.2357,1.04,425.3468,424.3449,6.9709,61.6682,2389094.0644,2389094.0644,0.2118
688017.SH,20250721,134.67,4.4997,1.61,439.2749,438.2402,7.1991,63.6875,2467325.9022,2467325.9022,0.2051
688017.SH,20250718,128.89,2.152,0.73,420.4214,419.431,6.8901,60.9541,2361428.9414,2361428.9414,0.2143
688017.SH,20250717,129.01,3.4817,1.36,420.8128,419.8215,6.8965,61.0108,2363627.4942,2363627.4942,0.2141
688017.SH,20250716,126.39,3.1501,1.28,412.2667,411.2956,6.7565,59.7718,2315625.7577,2315625.7577,0.2185
688017.SH,20250715,124.4,2.2158,0.92,405.7756,404.8198,6.6501,58.8307,2279166.4234,2279166.4234,0.222
688017.SH,20250714,124.72,2.9767,1.3,406.8194,405.8611,6.6672,58.982,2285029.2309,2285029.2309,0.2214
688017.SH,20250711,121.89,2.9219,1.49,397.5883,396.6518,6.5159,57.6436,2233180.0269,2233180.0269,0.2266
688017.SH,20250710,118.86,1.5703,0.85,387.7049,386.7916,6.354,56.2107,2177666.5682,2177666.5682,0.2324
688017.SH,20250709,118.09,2.6662,1.68,385.1932,384.2859,6.3128,55.8466,2163559.1876,2163559.1876,0.2339
688017.SH,20250708,118.79,1.9291,1.33,387.4765,386.5638,6.3502,56.1776,2176384.0791,2176384.0791,0.2325
688017.SH,20250707,115.12,2.3395,1.83,375.5055,374.621,6.154,54.442,2109145.0053,2109145.0053,0.2399
688017.SH,20250704,119.06,1.4265,1.03,388.3573,387.4425,6.3646,56.3053,2181330.8229,2009302.6124,0.232
688017.SH,20250703,120.1,1.0505,0.66,391.7496,390.8268,6.4202,56.7971,2200384.9474,2026854.0547,0.23
688017.SH,20250702,120.05,1.5066,0.82,391.5865,390.6641,6.4176,56.7735,2199468.8837,2026010.2353,0.2301
688017.SH,20250701,123.14,1.3299,0.58,401.6656,400.7195,6.5827,58.2348,2256081.6188,2078158.2706,0.2243
688017.SH,20250630,124.89,1.6404,0.73,407.3739,406.4143,6.6763,59.0624,2288143.8474,2107691.9475,0.2211
688017.SH,20250627,124.1,1.4304,0.6,404.797,403.8435,6.6341,58.6888,2273670.0414,2094359.6019,0.2226
688017.SH,20250626,124.11,2.059,0.84,404.8297,403.8761,6.6346,58.6935,2273853.2541,2094528.3657,0.2225
688017.SH,20250625,126.93,2.6973,1.19,414.0281,413.0529,6.7854,60.0271,2325519.2454,2142119.7765,0.2176
688017.SH,20250624,125.7,3.6946,2.09,410.016,409.0502,6.7196,59.4455,2302984.079,2121361.8208,0.2197
688017.SH,20250623,118.42,1.3012,0.74,386.2697,385.3598,6.3304,56.0026,2169605.2079,1998501.7249,0.2332
688017.SH,20250620,116.32,2.1482,1.3,379.4197,378.526,6.2182,55.0095,2131130.5335,1963061.3126,0.2374
688017.SH,20250619,121.48,2.448,1.71,396.251,395.3176,6.494,57.4498,2225668.3048,2050143.4685,0.2274
688017.SH,20250618,121.5,1.7068,1.24,396.3162,395.3827,6.4605,57.4592,2226034.7303,2050480.9962,0.2273
688017.SH,20250617,120.63,1.2376,0.76,393.4784,392.5515,6.4143,57.0478,2210095.2223,2035798.5397,0.229
688017.SH,20250616,119.68,1.2517,0.68,390.3796,389.4601,6.3638,56.5985,2192690.0125,2019765.9722,0.2308
688017.SH,20250613,118.62,1.63,0.77,386.922,386.0106,6.3074,56.0972,2173269.4626,2001877.0022,0.2328
688017.SH,20250612,120.8,1.3293,0.47,394.0329,393.1047,6.4233,57.1282,2213209.8388,2038667.5254,0.2286
688017.SH,20250611,121.31,1.4548,0.44,395.6964,394.7644,6.4504,57.3694,2222553.6883,2047274.4827,0.2277
688017.SH,20250610,122.1,2.4314,0.76,398.2733,397.3352,6.4924,57.743,2237027.4944,2060606.8283,0.2262
688017.SH,20250609,123.93,2.3695,0.78,404.2425,403.2903,6.5898,58.6084,2270555.4249,2091490.6161,0.2229
688017.SH,20250606,126.09,2.9985,1.02,411.2881,410.3193,6.7046,59.6299,2310129.3756,2127943.6116,0.219
688017.SH,20250605,130.29,4.811,1.88,424.988,423.9869,6.9279,61.6161,2387078.7243,2198824.4362,0.212
688017.SH,20250604,122.9,4.0512,1.55,400.8828,399.9385,6.535,58.1213,2251684.5132,2074107.9377,0.2247
688017.SH,20250603,117.48,1.8221,0.72,383.2035,382.3009,6.2468,55.5581,2152383.2108,1982637.9213,0.2351
688017.SH,20250530,116.0,1.5104,0.55,378.376,377.4847,6.1681,54.8582,2125267.726,1957660.8688,0.2381
688017.SH,20250529,118.02,2.458,0.97,384.9649,384.0581,6.2755,55.8135,2162276.6985,1991751.1701,0.234
688017.SH,20250528,115.55,2.9516,1.32,376.9081,376.0203,6.1442,54.6454,2117023.1529,1950066.4947,0.239
688017.SH,20250527,117.99,4.3571,2.67,384.8671,383.9605,6.2739,55.7993,2161727.0603,1991244.8785,0.2341
688017.SH,20250526,128.79,1.426,0.84,420.0952,419.1056,6.8482,60.9068,2359596.8141,2173509.856,0.2145
688017.SH,20250523,128.55,2.5152,1.66,419.3123,418.3246,6.8354,60.7933,2355199.7084,2169459.5231,0.2149
688017.SH,20250522,132.6,1.4032,0.88,432.5229,431.504,7.0508,62.7086,2429400.8661,2237808.8897,0.2083
688017.SH,20250521,134.45,1.4911,0.84,438.5573,437.5243,7.1491,63.5835,2463295.2221,2269030.2053,0.2054
688017.SH,20250520,136.02,1.3232,0.69,443.6784,442.6333,7.2326,64.3259,2492059.6215,2295526.1325,0.2031
688017.SH,20250519,136.22,1.7773,0.88,444.3308,443.2842,7.2433,64.4205,2495723.8762,2298901.4099,0.2028
688017.SH,20250516,140.68,1.5944,0.77,458.8787,457.7978,7.4804,66.5297,2577436.756,2374170.095,0.1963
688017.SH,20250515,140.02,1.7435,0.84,456.7259,455.65,7.4453,66.2176,2565344.7155,2363031.6797,0.1973
688017.SH,20250514,145.48,2.3935,1.13,474.5356,473.4179,7.7356,68.7997,2665378.8688,2455176.7517,0.1898
688017.SH,20250513,146.06,2.0626,0.93,476.4275,475.3053,7.7665,69.074,2676005.2074,2464965.056,0.1891
688017.SH,20250512,146.6,2.2865,0.99,478.1889,477.0625,7.7952,69.3294,2685898.6951,2474078.3049,0.1884
688017.SH,20250509,141.99,1.8737,0.83,463.1517,462.0608,7.5501,67.1492,2601437.6243,2396278.1617,0.1945
688017.SH,20250508,146.9,1.8014,0.81,479.1675,478.0388,7.8111,69.4713,2691395.0772,2479141.2209,0.188
688017.SH,20250507,146.07,2.6063,1.24,476.4601,475.3378,7.767,69.0787,2676188.4201,2465133.8199,0.1891
688017.SH,20250506,148.58,2.496,1.2,484.6474,483.5058,7.9005,70.2658,2722174.8166,2507493.5507,0.1859
688017.SH,20250430,147.45,2.7505,1.15,480.9615,479.8286,7.8404,69.7314,2701471.7776,2488423.2337,0.1873
688017.SH,20250429,140.63,1.6368,0.66,306.1626,452.1954,7.5158,72.3405,2576520.6923,2373326.2757,0.1964
688017.SH,20250428,140.88,1.5892,0.57,306.7068,452.9993,7.5291,72.4691,2581101.0107,2377545.3724,0.196
688017.SH,20250425,143.06,2.0352,0.78,311.4529,460.0091,7.6456,73.5905,2621041.3869,2414335.8956,0.1931
688017.SH,20250424,142.66,2.3907,0.99,310.582,458.7229,7.6243,73.3847,2613712.8775,2407585.3409,0.1936
688017.SH,20250423,146.0,4.2651,2.11,317.8535,469.4627,7.8028,75.1028,2674905.931,2463952.4728,0.1892
688017.SH,20250422,140.01,2.131,1.08,304.8128,450.2018,7.4826,72.0216,2565161.5027,2362862.9159,0.1973
688017.SH,20250421,142.98,3.2308,1.81,311.2787,459.7519,7.6414,73.5493,2619575.685,2412985.7847,0.1932
688017.SH,20250418,133.43,0.947,0.42,290.4876,429.0439,7.131,68.6368,2444607.5231,2251816.2907,0.207
688017.SH,20250417,133.68,1.4712,0.53,291.0319,429.8477,7.1443,68.7654,2449187.8415,2256035.3874,0.2066
688017.SH,20250416,135.46,2.3124,0.72,294.9071,435.5713,7.2395,69.681,2481799.7083,2286075.3559,0.2039
688017.SH,20250415,135.08,1.8768,0.52,294.0798,434.3494,7.2192,69.4856,2474837.6244,2279662.3289,0.2045
688017.SH,20250414,135.86,2.3264,0.57,295.7779,436.8575,7.2608,69.8868,2489128.2177,2292825.9106,0.2033
688017.SH,20250411,134.85,3.1761,0.84,293.579,433.6099,7.2069,69.3672,2470623.7315,2275780.76,0.2048
688017.SH,20250410,131.52,4.2436,1.31,286.3294,422.9023,7.0289,67.6543,2409613.8907,2219582.3919,0.21
688017.SH,20250409,125.57,4.5319,1.62,273.3758,403.77,6.7109,64.5936,2300602.3134,2119167.8905,0.2199
688017.SH,20250408,119.44,3.8259,1.36,260.0303,384.059,6.3833,61.4403,2188292.9068,2015715.6394,0.2312
688017.SH,20250407,117.2,4.7601,2.22,255.1536,376.8563,6.2636,60.288,2147253.2542,1977912.533,0.2357
688017.SH,20250403,145.9,1.4653,0.65,317.6358,469.1411,7.7974,75.0514,2673073.8037,2462264.8341,0.1893
688017.SH,20250402,146.9,1.6591,0.7,319.8128,472.3566,7.8509,75.5658,2691395.0772,2479141.2209,0.188
688017.SH,20250401,144.45,2.2489,0.89,314.479,464.4786,7.7199,74.3055,2646507.9571,2437794.0733,0.1912
688017.SH,20250331,149.1,3.8817,1.68,324.6024,479.4307,7.9684,76.6975,2731701.8789,2516269.2719,0.1852
688017.SH,20250328,153.2,1.4605,0.49,333.5284,492.6142,8.1875,78.8065,2806819.1002,2585462.4578,0.1803
688017.SH,20250327,153.5,1.9713,0.55,334.1816,493.5789,8.2036,78.9609,2812315.4823,2590525.3738,0.1799
688017.SH,20250326,155.45,2.2857,0.61,338.4269,499.8491,8.3078,79.9639,2848041.9656,2623434.3281,0.1777
688017.SH,20250325,157.0,3.0235,0.84,341.8013,504.8331,8.3906,80.7613,2876439.9395,2649592.7276,0.1759
688017.SH,20250324,157.6,2.7801,0.75,343.1076,506.7624,8.4227,81.0699,2887432.7036,2659718.5597,0.1752
688017.SH,20250321,155.17,4.984,1.26,337.8173,498.9488,8.2928,79.8199,2842912.009,2618708.9398,0.178
688017.SH,20250320,166.39,4.8104,1.27,362.2441,535.0267,8.8925,85.5915,3048476.6977,2808061.9997,0.166
688017.SH,20250319,167.58,3.2278,0.86,364.8348,538.8531,8.9561,86.2037,3070279.0131,2828144.8999,0.1648
688017.SH,20250318,169.71,2.2474,0.54,369.472,545.7021,9.0699,87.2993,3109303.3257,2864091.6038,0.1627
688017.SH,20250317,170.33,3.343,0.78,370.8218,547.6957,9.103,87.6183,3120662.5153,2874554.9636,0.1622
688017.SH,20250314,171.09,6.133,1.57,372.4764,550.1395,9.1437,88.0092,3134586.6831,2887381.0176,0.1614
688017.SH,20250313,154.61,4.036,1.05,336.5981,497.1481,8.2629,79.5318,2832652.0958,2609258.1631,0.1786
688017.SH,20250312,165.72,2.9023,0.72,360.7855,532.8723,8.8567,85.2469,3036201.4444,2796754.8205,0.1667
688017.SH,20250311,167.83,4.476,1.12,365.3791,539.657,8.9694,86.3323,3074859.3315,2832363.9966,0.1646
688017.SH,20250310,169.4,3.8333,0.96,368.7971,544.7053,9.0533,87.1399,3103623.7309,2858859.9239,0.163
688017.SH,20250307,166.69,4.3399,0.94,362.8972,535.9913,8.9085,85.7458,3053973.0797,2813124.9157,0.1657
688017.SH,20250306,164.0,3.6187,0.68,357.0409,527.3416,8.7647,84.3621,3004688.854,2767727.4352,0.1684
688017.SH,20250305,163.0,3.9265,0.63,354.8638,524.1261,8.7113,83.8477,2986367.5805,2750851.0484,0.1694
688017.SH,20250304,160.03,4.1928,0.65,348.3979,514.5761,8.5526,82.3199,2931953.3982,2700728.1796,0.1726
688017.SH,20250303,152.97,3.8208,0.56,333.0277,491.8747,8.1753,78.6882,2802605.2073,2581580.8888,0.1806
688017.SH,20250228,153.7,7.6085,1.14,334.617,494.222,8.2143,79.0637,2815979.737,2593900.6512,0.1797
688017.SH,20250227,174.5,7.0109,1.08,379.9002,453.5574,9.3259,89.7633,3197062.2258,2944929.4966,0.1583
688017.SH,20250226,178.4,8.4582,1.35,388.3908,463.6942,9.5343,91.7695,3268515.1924,3010747.4051,0.1548
688017.SH,20250225,171.25,5.1799,0.83,372.8247,445.1101,9.1522,88.0915,3137518.0869,2890081.2395,0.1613
688017.SH,20250224,172.85,6.0255,0.97,376.308,449.2688,9.2377,88.9146,3166832.1245,2917083.4584,0.1598
688017.SH,20250221,176.0,6.5517,1.15,383.1658,457.4562,9.4061,90.5349,3224544.136,2970244.0768,0.1569
688017.SH,20250220,169.83,6.236,1.15,369.7332,441.4192,9.0763,87.3611,3111501.8785,2866116.7702,0.1626
688017.SH,20250219,173.24,7.4388,1.6,377.1571,450.2825,9.2586,89.1152,3173977.4211,2923665.2492,0.1594
688017.SH,20250218,157.4,4.8624,1.03,342.6722,409.1114,8.412,80.967,2883768.4489,2656343.2823,0.1755
688017.SH,20250217,167.0,5.8794,1.26,363.5721,434.0636,8.9251,85.9053,3059652.6745,2818356.5956,0.1654
688017.SH,20250214,156.81,4.153,0.79,341.3877,407.5779,8.3805,80.6635,2872958.8975,2646386.2141,0.1761
688017.SH,20250213,159.8,4.7122,0.84,347.8971,415.3494,8.5403,82.2016,2927739.5053,2696846.6106,0.1728
688017.SH,20250212,168.8,3.5796,0.57,367.4909,438.7421,9.0213,86.8312,3092630.9668,2848734.0918,0.1636
688017.SH,20250211,167.0,5.2855,0.86,363.5721,434.0636,8.9251,85.9053,3059652.6745,2818356.5956,0.1654
688017.SH,20250210,168.53,5.6225,0.9,366.903,438.0403,9.0068,86.6923,3087684.223,2844177.4674,0.1639
688017.SH,20250207,170.4,7.037,1.14,370.9742,442.9008,9.1068,87.6543,3121945.0044,2875736.3107,0.1621
688017.SH,20250206,176.37,6.5831,1.13,383.9713,458.4179,9.4258,90.7253,3231323.0072,2976488.3399,0.1566
688017.SH,20250205,163.12,6.659,1.16,355.125,423.9787,8.7177,83.9094,2988566.1333,2752876.2148,0.1693
688017.SH,20250127,145.0,4.9984,0.86,315.6764,376.8815,7.7493,74.5884,2656584.6575,2447076.086,0.1905
688017.SH,20250124,157.85,5.8281,1.05,343.6518,410.281,8.4361,81.1985,2892013.022,2663937.6564,0.175
688017.SH,20250123,149.84,6.8372,1.25,326.2134,389.4616,8.008,77.0781,2745259.6212,2528757.7981,0.1843
688017.SH,20250122,145.99,4.7253,0.82,317.8317,379.4547,7.8022,75.0977,2674722.7183,2463783.7089,0.1892
688017.SH,20250121,147.1,6.3047,0.98,320.2483,382.3398,7.8615,75.6687,2695059.3319,2482516.4983,0.1878
688017.SH,20250120,138.88,5.2257,0.7,302.3527,360.9745,7.4222,71.4403,2544458.4637,2343792.5988,0.1989
688017.SH,20250117,142.6,4.5354,0.55,310.4514,370.6435,7.621,73.3539,2612613.6011,2406572.7577,0.1937
688017.SH,20250116,142.82,6.5237,0.82,310.9304,371.2153,7.6328,73.467,2616644.2813,2410285.5628,0.1934
688017.SH,20250115,145.99,6.0981,0.81,317.8317,379.4547,7.8022,75.0977,2674722.7183,2463783.7089,0.1892
688017.SH,20250114,149.0,9.7801,1.64,324.3847,387.2783,7.9631,76.646,2729869.7515,2514581.6332,0.1854
688017.SH,20250113,129.62,10.6296,2.47,282.1929,336.9061,6.9274,66.6769,2374803.4711,2187517.257,0.2131
688017.SH,20250110,120.04,8.0714,2.45,261.3365,312.0059,6.4154,61.7489,2199285.6709,2025841.4715,0.2301
688017.SH,20250109,111.7,5.2921,1.95,243.1797,290.3287,5.9696,57.4588,2046486.25,1885092.4056,0.2473
688162.SH,20260702,24.25,1.097,0.93,41.0659,44.1984,1.3744,0.7669,332469.44,332469.44,
688162.SH,20260701,24.36,1.4464,1.25,41.2522,44.3989,1.3806,0.7704,333977.5488,333977.5488,
688162.SH,20260630,23.64,1.1226,0.99,40.0329,43.0866,1.3398,0.7476,324106.2912,324106.2912,
688162.SH,20260629,22.77,1.1958,1.0,38.5596,41.501,1.2905,0.7201,312178.5216,312178.5216,
688162.SH,20260626,22.94,1.0515,0.9,38.8475,41.8108,1.3001,0.7255,314509.2352,314509.2352,
688162.SH,20260625,23.66,1.0735,0.95,40.0668,43.1231,1.3409,0.7482,324380.4928,324380.4928,
688162.SH,20260624,24.44,1.3647,1.22,41.3876,44.5447,1.3851,0.7729,335074.3552,335074.3552,
688162.SH,20260623,25.32,0.9759,0.89,42.8779,46.1486,1.435,0.8007,347139.2256,347139.2256,
688162.SH,20260622,25.38,1.5251,1.47,42.9795,46.258,1.4384,0.8026,347961.8304,347961.8304,
688162.SH,20260618,26.19,0.8995,0.82,44.3512,47.7343,1.4843,0.8283,359066.9952,359066.9952,
688162.SH,20260617,25.88,0.9036,0.76,43.8262,47.1693,1.4668,0.8185,354816.8704,354816.8704,
688162.SH,20260616,26.33,1.277,1.12,44.5882,47.9895,1.4923,0.8327,360986.4064,360986.4064,
688162.SH,20260615,25.82,0.8894,0.71,43.7246,47.0599,1.4634,0.8166,353994.2656,353994.2656,
688162.SH,20260612,25.28,1.2281,0.91,42.8101,46.0757,1.4328,0.7995,346590.8224,346590.8224,
688162.SH,20260611,25.22,1.2108,0.85,42.7085,45.9664,1.4294,0.7976,345768.1546,345768.1546,
688162.SH,20260610,25.92,1.3013,0.89,43.8939,47.2422,1.469,0.8197,355365.2088,355365.2088,
688162.SH,20260609,27.05,1.0569,0.67,45.8075,49.3018,1.5331,0.8555,370857.5964,370857.5964,
688162.SH,20260608,26.77,1.4439,0.85,45.3333,48.7914,1.5172,0.8466,367018.7747,367018.7747,
688162.SH,20260605,28.18,1.7333,0.88,47.7211,51.3613,1.5971,0.8912,386349.984,386349.984,
688162.SH,20260604,27.45,1.6089,0.82,46.4849,50.0308,1.5557,0.8681,376341.6274,376341.6274,
688162.SH,20260603,28.72,1.4713,0.7,48.6356,52.3455,1.6277,0.9083,393753.4258,393753.4258,
688162.SH,20260602,29.29,1.6101,0.72,49.6008,53.3844,1.66,0.9263,401568.17,401568.17,
688162.SH,20260601,29.95,2.108,0.91,50.7185,54.5873,1.6974,0.9472,410616.8211,410616.8211,
688162.SH,20260529,30.4,3.1001,1.44,51.4805,55.4075,1.7229,0.9614,416786.356,416786.356,
688162.SH,20260528,34.47,1.543,0.68,58.3728,62.8256,1.9536,1.0901,472586.3714,472586.3714,
688162.SH,20260527,34.74,2.177,1.04,58.8301,63.3177,1.9689,1.0987,476288.0924,476288.0924,
688162.SH,20260526,35.93,2.2001,1.1,60.8452,65.4866,2.0363,1.1363,492603.0846,492603.0846,
688162.SH,20260525,35.67,2.5272,1.33,60.405,65.0127,2.0216,1.1281,489038.4644,489038.4644,
688162.SH,20260522,35.35,2.3238,1.14,59.8631,64.4295,2.0035,1.1179,484651.2396,484651.2396,
688162.SH,20260521,34.06,2.1522,1.19,57.6785,62.0783,1.9304,1.0771,466965.2397,466965.2397,
688162.SH,20260520,34.13,1.2255,0.67,57.7971,62.2059,1.9343,1.0794,467924.9451,467924.9451,
688162.SH,20260519,34.55,1.7909,1.01,58.5083,62.9714,1.9581,1.0926,473683.1776,473683.1776,
688162.SH,20260518,34.01,2.0352,1.21,57.5938,61.9872,1.9275,1.0756,466279.7358,466279.7358,
688162.SH,20260515,33.55,2.9608,2.16,56.8149,61.1488,1.9015,1.061,459973.1001,459973.1001,
688162.SH,20260514,32.0,1.0142,0.7,54.19,58.3237,1.8136,1.012,438722.48,438722.48,
688162.SH,20260513,32.68,1.362,0.91,55.3416,59.5631,1.8522,1.0335,448045.3327,448045.3327,
688162.SH,20260512,31.81,1.537,1.05,53.8683,57.9774,1.8028,1.006,436117.5653,436117.5653,
688162.SH,20260511,32.91,1.5472,0.98,55.7311,59.9823,1.8652,1.0408,451198.6505,451198.6505,
688162.SH,20260508,33.27,1.406,0.86,56.3407,60.6384,1.8856,1.0522,456134.2784,456134.2784,
688162.SH,20260507,33.08,1.3531,0.8,56.0189,60.2921,1.8748,1.0462,453529.3637,453529.3637,
688162.SH,20260506,32.24,1.6676,0.94,54.5965,58.7611,1.8272,1.0196,442012.8986,442012.8986,
688162.SH,20260430,32.35,1.3317,0.69,54.7827,58.9616,1.8334,1.0231,443521.0071,443521.0071,
688162.SH,20260429,32.54,2.1085,1.16,55.1045,59.3079,1.8442,1.0291,446125.9219,446125.9219,
688162.SH,20260428,33.25,1.72,0.97,56.3068,56.3068,1.9048,1.0515,455860.0769,455860.0769,
688162.SH,20260427,34.08,1.6686,0.93,57.7124,57.7124,1.9523,1.0778,467239.4412,467239.4412,
688162.SH,20260424,33.85,2.0342,1.03,57.3229,57.3229,1.9391,1.0705,464086.1234,464086.1234,
688162.SH,20260423,34.6,2.1445,0.93,58.593,58.593,1.9821,1.0942,474368.6815,474368.6815,
688162.SH,20260422,35.88,1.5507,0.7,60.7606,60.7606,2.0554,1.1347,491917.5807,491917.5807,
688162.SH,20260421,35.58,1.4966,0.62,228.8226,60.2805,2.011,1.3845,487804.5575,487804.5575,
688162.SH,20260420,36.02,1.7228,0.67,231.6523,61.0259,2.0359,1.4016,493836.9916,493836.9916,
688162.SH,20260417,36.26,2.9869,1.4,233.1958,61.4325,2.0495,1.411,497127.4102,497127.4102,
688162.SH,20260416,35.34,3.7968,2.49,227.2791,59.8738,1.9975,1.3752,484514.1389,484514.1389,
688162.SH,20260415,33.47,1.1061,0.74,215.2527,56.7056,1.8918,1.3024,458876.2939,458876.2939,
688162.SH,20260414,33.99,2.3822,2.07,218.597,57.5866,1.9212,1.3226,466005.5342,466005.5342,
688162.SH,20260413,34.12,2.6311,3.34,219.433,57.8069,1.9285,1.3277,467787.8443,467787.8443,
688162.SH,20260410,31.77,0.7477,0.95,204.3197,53.8255,1.7957,1.2363,435569.1622,435569.1622,
688162.SH,20260409,31.12,0.7507,0.94,200.1394,52.7242,1.7589,1.211,426657.6118,426657.6118,
688162.SH,20260408,31.46,0.9487,1.26,202.326,53.3003,1.7782,1.2242,431319.0382,431319.0382,
688162.SH,20260407,29.83,0.6838,0.87,191.8431,50.5387,1.686,1.1608,408971.6118,408971.6118,
688162.SH,20260403,29.36,0.8021,1.05,188.8204,49.7424,1.6595,1.1425,402527.8754,402527.8754,
688162.SH,20260402,29.71,0.7468,0.84,191.0714,50.3354,1.6793,1.1561,407326.4025,407326.4025,
688162.SH,20260401,30.55,0.7979,0.91,196.4736,51.7585,1.7267,1.1888,418842.8676,418842.8676,
688162.SH,20260331,29.8,0.7398,0.76,191.6502,50.4879,1.6843,1.1596,408560.3095,408560.3095,
688162.SH,20260330,30.0,0.8379,0.72,192.9364,50.8267,1.6956,1.1674,411302.325,411302.325,
688162.SH,20260327,30.4,0.7051,0.58,195.5089,51.5044,1.7183,1.1829,416786.356,416786.356,
688162.SH,20260326,30.21,1.3899,1.25,194.287,51.1825,1.7075,1.1756,414181.4413,414181.4413,
688162.SH,20260325,30.13,0.7137,0.63,193.7725,51.0469,1.703,1.1724,413084.6351,413084.6351,
688162.SH,20260324,29.7,1.2171,1.13,191.0071,50.3184,1.6787,1.1557,407189.3018,407189.3018,
688162.SH,20260323,28.56,1.7918,1.94,183.6755,48.387,1.6143,1.1113,391559.8134,391559.8134,
688162.SH,20260320,30.86,1.0128,1.11,198.4673,52.2837,1.7443,1.2008,423092.9917,423092.9917,
688162.SH,20260319,31.63,0.832,0.77,203.4193,53.5883,1.7878,1.2308,433649.7513,433649.7513,
688162.SH,20260318,32.62,0.7707,0.7,209.7862,55.2656,1.8437,1.2693,447222.7281,447222.7281,
688162.SH,20260317,32.18,0.9612,0.84,206.9565,54.5201,1.8189,1.2522,441190.294,441190.294,
688162.SH,20260316,33.14,1.0368,0.85,213.1304,56.1466,1.8731,1.2896,454351.9684,454351.9684,
688162.SH,20260313,33.16,0.9642,0.77,213.2591,56.1804,1.8743,1.2903,454626.1699,454626.1699,
688162.SH,20260312,33.25,1.6542,1.41,213.8379,56.3329,1.8793,1.2938,455860.0769,455860.0769,
688162.SH,20260311,33.0,0.927,0.72,212.2301,55.9094,1.8652,1.2841,452432.5575,452432.5575,
688162.SH,20260310,33.3,1.1624,0.78,214.1594,56.4176,1.8822,1.2958,456545.5808,456545.5808,
688162.SH,20260309,32.15,1.3708,0.88,206.7635,54.4693,1.8172,1.251,440778.9916,440778.9916,
688162.SH,20260306,32.83,1.153,0.75,211.1368,55.6213,1.8556,1.2775,450101.8443,450101.8443,
688162.SH,20260305,32.53,1.2435,0.8,209.2074,55.1131,1.8386,1.2658,445988.8211,445988.8211,
688162.SH,20260304,31.69,1.5407,1.02,203.8052,53.6899,1.7912,1.2331,434472.356,434472.356,
688162.SH,20260303,32.34,2.1229,1.38,207.9855,54.7912,1.8279,1.2584,443383.9064,443383.9064,
688162.SH,20260302,34.89,1.7125,1.21,224.3851,59.1114,1.972,1.3577,478344.604,478344.604,
688162.SH,20260227,35.73,1.0658,0.74,229.7873,52.4302,2.0436,1.3904,489861.0691,489861.0691,
688162.SH,20260226,36.28,1.3118,0.92,233.3244,53.2372,2.075,1.4118,497401.6117,497401.6117,
688162.SH,20260225,35.75,1.3702,0.98,229.9159,52.4595,2.0447,1.3911,490135.2706,490135.2706,
688162.SH,20260224,36.3,2.2357,1.7,233.4531,53.2666,2.0762,1.4125,497675.8133,497675.8133,
688162.SH,20260213,35.09,1.1023,0.83,225.6713,51.491,2.007,1.3654,481086.6195,481086.6195,
688162.SH,20260212,34.86,1.1445,0.88,224.1921,51.1535,1.9938,1.3565,477933.3017,477933.3017,
688162.SH,20260211,34.5,1.2729,0.96,221.8769,50.6253,1.9732,1.3425,472997.6738,472997.6738,
688162.SH,20260210,34.87,1.2038,0.84,224.2564,51.1682,1.9944,1.3569,478070.4024,478070.4024,
688162.SH,20260209,35.22,1.8557,1.33,226.5074,51.6818,2.0144,1.3705,482868.9296,482868.9296,
688162.SH,20260206,34.19,1.1375,0.74,219.8832,50.1704,1.9555,1.3304,468747.5497,468747.5497,
688162.SH,20260205,33.62,1.0362,0.65,216.2174,49.334,1.9229,1.3082,460932.8056,460932.8056,
688162.SH,20260204,34.49,1.4237,0.88,221.8126,50.6106,1.9727,1.3421,472860.573,472860.573,
688162.SH,20260203,34.27,1.7341,1.12,220.3977,50.2878,1.9601,1.3335,469844.3559,469844.3559,
688162.SH,20260202,33.28,1.6468,0.99,214.0308,48.835,1.9035,1.295,456271.3792,456271.3792,
688162.SH,20260130,33.66,1.8897,1.24,216.4747,49.3927,1.9252,1.3098,461481.2087,461481.2087,
688162.SH,20260129,32.76,1.2644,0.86,210.6866,48.072,1.8737,1.2748,449142.1389,449142.1389,
688162.SH,20260128,33.4,1.5164,1.07,214.8025,49.0111,1.9103,1.2997,457916.5885,457916.5885,
688162.SH,20260127,34.08,1.4384,1.03,219.1758,50.009,1.9492,1.3261,467239.4412,467239.4412,
688162.SH,20260126,34.16,2.1869,1.84,219.6903,50.1264,1.9538,1.3293,468336.2474,468336.2474,
688162.SH,20260123,34.58,1.1983,0.95,222.3914,50.7427,1.9778,1.3456,474094.48,474094.48,
688162.SH,20260122,33.86,0.9973,0.75,217.7609,49.6861,1.9366,1.3176,464223.2242,464223.2242,
688162.SH,20260121,33.62,1.2607,0.88,216.2174,49.334,1.9229,1.3082,460932.8056,460932.8056,
688162.SH,20260120,33.05,1.3588,0.91,212.5516,48.4975,1.8903,1.2861,453118.0614,453118.0614,
688162.SH,20260119,33.38,1.1187,0.64,214.6739,48.9818,1.9092,1.2989,457642.387,457642.387,
688162.SH,20260116,33.33,1.5625,0.94,214.3524,48.9084,1.9063,1.297,456956.8831,456956.8831,
688162.SH,20260115,32.85,1.3231,0.84,211.2654,48.2041,1.8789,1.2783,450376.0459,450376.0459,
688162.SH,20260114,32.54,1.7746,1.13,209.2717,47.7492,1.8611,1.2662,446125.9219,446125.9219,
688162.SH,20260113,32.54,1.6509,1.15,209.2717,47.7492,1.8611,1.2662,446125.9219,446125.9219,
688162.SH,20260112,33.24,2.3973,2.11,213.7736,48.7763,1.9012,1.2935,455722.9761,455722.9761,
688162.SH,20260109,32.25,1.1236,1.03,207.4066,47.3236,1.8445,1.2549,442149.9994,442149.9994,
688162.SH,20260108,31.94,0.9753,0.86,205.413,46.8687,1.8268,1.2429,437899.8754,437899.8754,
688162.SH,20260107,31.88,1.6834,1.78,205.0271,46.7807,1.8234,1.2405,437077.2707,437077.2707,
688162.SH,20260106,31.38,1.0103,1.11,201.8115,46.047,1.7948,1.2211,430222.232,430222.232,
688162.SH,20260105,31.19,0.8763,0.98,200.5896,45.7682,1.7839,1.2137,427617.3172,427617.3172,
688162.SH,20251231,30.8,0.8845,0.99,198.0814,45.1959,1.7616,1.1985,422270.387,422270.387,0.7079
688162.SH,20251230,31.19,1.2379,1.3,200.5896,45.7682,1.7839,1.2137,427617.3172,427617.3172,0.6991
688162.SH,20251229,30.52,0.7311,0.71,196.2806,44.785,1.7456,1.1876,418431.5653,418431.5653,0.7144
688162.SH,20251226,30.48,0.8118,0.8,196.0234,44.7263,1.7433,1.1861,417883.1622,417883.1622,0.7154
688162.SH,20251225,30.89,0.8092,0.83,198.6602,45.328,1.7668,1.202,423504.294,423504.294,0.7059
688162.SH,20251224,30.64,0.8774,0.94,197.0524,44.9611,1.7525,1.1923,420076.7746,420076.7746,0.7116
688162.SH,20251223,30.75,1.5232,1.98,197.7598,45.1225,1.7588,1.1966,421584.8831,421584.8831,0.7091
688162.SH,20251222,29.91,1.1259,1.56,192.3576,43.8899,1.7107,1.1639,410068.418,410068.418,0.729
688162.SH,20251219,29.06,0.7243,0.98,186.8911,42.6426,1.6621,1.1308,398414.8522,398414.8522,0.7503
688162.SH,20251218,28.78,0.5975,0.79,185.0903,42.2317,1.6461,1.1199,394576.0305,394576.0305,0.7576
688162.SH,20251217,28.68,0.6939,0.88,184.4472,42.085,1.6404,1.116,393205.0227,393205.0227,0.7603
688162.SH,20251216,28.58,0.7112,0.91,183.8041,41.9383,1.6346,1.1121,391834.015,391834.015,0.7629
688162.SH,20251215,29.02,0.8886,1.2,186.6338,42.5839,1.6598,1.1292,397866.4491,397866.4491,0.7514
688162.SH,20251212,29.92,0.8054,0.95,192.4219,43.9046,1.7113,1.1643,410205.5188,410205.5188,0.7288
688162.SH,20251211,29.25,0.6686,0.82,188.113,42.9214,1.673,1.1382,401019.7669,401019.7669,0.7455
688162.SH,20251210,29.82,0.8892,1.2,191.7788,43.7578,1.7056,1.1604,408834.5111,408834.5111,0.7312
688162.SH,20251209,30.06,0.6653,0.93,193.3223,44.11,1.7193,1.1697,412124.9297,412124.9297,0.7254
688162.SH,20251208,30.26,0.6781,0.93,194.6085,44.4035,1.7307,1.1775,414866.9452,414866.9452,0.7206
688162.SH,20251205,30.01,1.3222,2.04,193.0007,44.0367,1.7164,1.1678,411439.4258,411439.4258,0.7266
688162.SH,20251204,29.03,0.5423,0.79,186.6981,42.5986,1.6604,1.1296,398003.5498,398003.5498,0.7511
688162.SH,20251203,29.3,0.4898,0.67,188.4346,42.9948,1.6758,1.1401,401705.2708,401705.2708,0.7442
688162.SH,20251202,29.65,0.5622,0.74,190.6855,43.5084,1.6958,1.1538,406503.7979,406503.7979,0.7354
688162.SH,20251201,30.02,0.722,0.91,193.065,44.0513,1.717,1.1682,411576.5266,411576.5266,0.7263
688162.SH,20251128,30.01,0.9303,1.11,193.0007,44.0367,1.7164,1.1678,411439.4258,411439.4258,0.7266
688162.SH,20251127,29.32,0.7385,0.89,188.5632,43.0241,1.677,1.1409,401979.4723,401979.4723,0.7437
688162.SH,20251126,28.89,0.7157,0.79,185.7978,42.3932,1.6524,1.1242,396084.139,396084.139,0.7547
688162.SH,20251125,29.25,0.6819,0.73,188.113,42.9214,1.673,1.1382,401019.7669,401019.7669,0.7455
688162.SH,20251124,29.19,0.9116,0.97,187.7271,42.8334,1.6695,1.1359,400197.1622,400197.1622,0.747
688162.SH,20251121,28.28,1.141,1.24,181.8747,41.498,1.6175,1.1005,387720.9917,387720.9917,0.771
688162.SH,20251120,29.57,0.695,0.67,190.171,43.391,1.6913,1.1507,405406.9917,405406.9917,0.7374
688162.SH,20251119,29.83,1.1205,1.18,191.8431,43.7725,1.7061,1.1608,408971.6118,408971.6118,0.731
688162.SH,20251118,30.58,0.83,0.88,196.6665,44.8731,1.749,1.19,419254.17,419254.17,0.713
688162.SH,20251117,30.9,0.9186,0.86,198.7245,45.3426,1.7673,1.2024,423641.3948,423641.3948,0.7056
688162.SH,20251114,31.4,1.037,0.94,201.9401,46.0763,1.7959,1.2219,430496.4335,430496.4335,0.6944
688162.SH,20251113,31.46,1.29,1.25,202.326,46.1644,1.7994,1.2242,431319.0382,431319.0382,0.6931
688162.SH,20251112,31.15,0.6601,0.59,200.3323,45.7095,1.7816,1.2121,427068.9141,427068.9141,0.7
688162.SH,20251111,31.45,0.81,0.61,202.2617,46.1497,1.7988,1.2238,431181.9374,431181.9374,0.6933
688162.SH,20251110,31.51,1.5656,1.21,202.6476,46.2377,1.8022,1.2261,432004.542,432004.542,0.692
688162.SH,20251107,31.43,1.199,0.81,202.1331,46.1204,1.7976,1.223,430907.7358,430907.7358,0.6937
688162.SH,20251106,32.39,0.9435,0.56,208.307,47.5291,1.8526,1.2604,444069.4102,444069.4102,0.6732
688162.SH,20251105,31.97,1.0683,0.58,205.6059,46.9128,1.8285,1.244,438311.1777,438311.1777,0.682
688162.SH,20251104,32.11,1.8578,0.93,206.5063,47.1182,1.8365,1.2495,440230.5885,440230.5885,0.6791
688162.SH,20251103,33.57,1.4219,0.73,215.8959,49.2606,1.92,1.3063,460247.3017,460247.3017,0.6495
688162.SH,20251031,33.75,2.1517,1.19,217.0535,49.5247,1.9303,1.3133,462715.1156,462715.1156,0.6461
688162.SH,20251030,33.41,1.8845,1.1,215.0204,49.0609,1.9108,1.301,458381.1073,458053.6893,0.6522
688162.SH,20251029,34.68,1.9154,1.27,223.1939,50.9258,1.9835,1.3505,475805.3517,475465.4877,0.6283
688162.SH,20251028,35.48,2.5783,2.2,228.3426,129.3554,2.0416,1.3816,486781.2537,486433.5497,0.6141
688162.SH,20251027,34.24,1.2637,1.05,220.3622,124.8345,1.9703,1.3333,469768.6056,469433.0536,0.6364
688162.SH,20251024,33.99,1.4135,1.1,218.7532,123.923,1.9559,1.3236,466338.6362,466005.5342,0.641
688162.SH,20251023,32.63,1.383,0.99,210.0005,118.9647,1.8776,1.2706,447679.6028,447359.8288,0.6678
688162.SH,20251022,33.29,0.9196,0.6,214.2481,121.3709,1.9156,1.2963,456734.722,456408.48,0.6545
688162.SH,20251021,33.69,0.8866,0.5,216.8225,122.8293,1.9386,1.3119,462222.673,461892.511,0.6467
688162.SH,20251020,33.52,1.4185,0.76,215.7284,122.2095,1.9288,1.3053,459890.2938,459561.7978,0.65
688162.SH,20251017,32.91,1.7908,0.98,211.8025,119.9855,1.8937,1.2815,451521.1685,451198.6505,0.6621
688162.SH,20251016,34.5,1.998,1.03,222.0355,125.7824,1.9852,1.3434,473335.7738,472997.6738,0.6316
688162.SH,20251015,35.0,1.5208,0.69,225.2534,127.6054,2.014,1.3629,480195.7125,479852.7125,0.6225
688162.SH,20251014,33.64,2.1539,0.89,216.5007,122.647,1.9357,1.31,461536.6791,461207.0071,0.6477
688162.SH,20251013,34.21,1.8631,0.63,220.1691,124.7251,1.9685,1.3322,469357.0093,469021.7513,0.6369
688162.SH,20251010,34.96,1.5598,0.45,224.996,127.4595,2.0117,1.3614,479646.9174,479304.3094,0.6233
688162.SH,20251009,35.69,2.5777,0.79,229.6941,130.121,2.0537,1.3898,489662.428,489312.666,0.6105
688162.SH,20250930,36.16,2.7916,0.92,232.7189,131.8346,2.0807,1.4081,496110.7704,495756.4024,0.6026
688162.SH,20250929,36.78,3.3065,1.27,236.7091,134.095,2.1164,1.4322,504617.0945,504256.6505,0.5924
688162.SH,20250926,36.3,4.5267,2.24,233.6199,132.345,2.0888,1.4135,498031.5533,497675.8133,0.6002
688162.SH,20250925,35.3,4.0177,2.26,227.1841,128.6991,2.0312,1.3746,484311.6758,483965.7358,0.6172
688162.SH,20250924,33.0,1.5851,0.81,212.3818,120.3136,1.8989,1.285,452755.9575,452432.5575,0.6603
688162.SH,20250923,32.11,1.6683,0.83,206.6539,117.0688,1.8477,1.2504,440545.2665,440230.5885,0.6786
688162.SH,20250922,32.52,1.1719,0.55,209.2926,118.5636,1.8713,1.2663,446170.4163,445851.7203,0.67
688162.SH,20250919,32.42,1.6513,0.78,208.649,118.199,1.8655,1.2625,444798.4286,444480.7126,0.6721
688162.SH,20250918,33.36,2.8103,1.43,214.6987,121.6261,1.9196,1.2991,457695.1134,457368.1854,0.6531
688162.SH,20250917,34.54,2.5389,1.22,222.2929,125.9283,1.9875,1.345,473884.5689,473546.0769,0.6308
688162.SH,20250916,33.54,1.821,0.67,215.8571,122.2824,1.93,1.3061,460164.6914,459835.9994,0.6496
688162.SH,20250915,33.1,1.8833,0.67,213.0253,120.6782,1.9047,1.2889,454127.9453,453803.5653,0.6583
688162.SH,20250912,32.85,1.5806,0.56,211.4164,119.7667,1.8903,1.2792,450697.9759,450376.0459,0.6633
688162.SH,20250911,33.34,1.9863,0.72,214.5699,121.5532,1.9185,1.2983,457420.7159,457093.9839,0.6535
688162.SH,20250910,33.12,3.1226,1.29,213.1541,120.7511,1.9058,1.2897,454402.3428,454077.7668,0.6579
688162.SH,20250909,34.2,5.0586,2.77,220.1047,124.6887,1.9679,1.3318,469219.8105,468884.6505,0.6371
688162.SH,20250908,32.58,2.237,1.29,209.6787,118.7824,1.8747,1.2687,446993.609,446674.325,0.6688
688162.SH,20250905,31.25,1.7748,1.0,201.1191,113.9334,1.7982,1.2169,428746.1719,428439.9219,0.6972
688162.SH,20250904,29.91,1.6729,0.86,192.4951,109.0479,1.7211,1.1647,410361.536,410068.418,0.7285
688162.SH,20250903,30.46,1.3501,0.61,196.0348,111.0531,1.7527,1.1861,417907.4687,417608.9607,0.7153
688162.SH,20250902,31.1,2.0826,0.82,200.1537,113.3865,1.7896,1.2111,426688.1903,426383.4103,0.7006
688162.SH,20250901,31.65,1.8129,0.71,203.6934,115.3917,1.8212,1.2325,434234.1229,433923.9529,0.6884
688162.SH,20250829,31.89,1.9698,0.8,205.238,116.2667,1.835,1.2418,437526.8935,437214.3715,0.6833
688162.SH,20250828,31.83,2.52,1.08,204.8519,116.048,1.8316,1.2395,436703.7008,436391.7668,0.6845
688162.SH,20250827,31.89,2.73,1.29,205.238,116.2667,1.835,1.2418,437526.8935,437214.3715,0.6833
688162.SH,20250826,32.94,3.6314,2.03,211.9956,120.0949,1.8954,1.2827,451932.7649,451609.9529,0.6615
688162.SH,20250825,32.42,1.8569,0.91,208.649,200.6882,1.8859,1.2625,444798.4286,444480.7126,0.6721
688162.SH,20250822,32.59,1.6416,0.77,209.7431,201.7405,1.8958,1.2691,447130.8077,446811.4257,0.6686
688162.SH,20250821,32.35,1.8202,0.87,208.1985,200.2549,1.8818,1.2597,443838.0371,443521.0071,0.6735
688162.SH,20250820,33.4,1.6087,0.78,214.9561,206.7546,1.9429,1.3006,458243.9085,457916.5885,0.6524
688162.SH,20250819,32.96,2.0234,1.04,212.1243,204.0309,1.9173,1.2835,452207.1624,451884.1544,0.6611
688162.SH,20250818,32.88,3.1093,1.84,211.6095,203.5357,1.9126,1.2804,451109.5722,450787.3482,0.6627
688162.SH,20250815,32.38,2.1449,1.33,208.3916,200.4406,1.8835,1.2609,444249.6335,443932.3095,0.6729
688162.SH,20250814,30.8,1.5772,0.91,198.223,190.66,1.7916,1.1994,422572.227,422270.387,0.7074
688162.SH,20250813,31.64,1.4582,0.68,203.6291,195.8598,1.8405,1.2321,434096.9241,433786.8521,0.6887
688162.SH,20250812,31.49,1.4142,0.66,202.6637,194.9313,1.8318,1.2262,432038.9425,431730.3405,0.6919
688162.SH,20250811,31.85,1.8638,0.91,204.9806,197.1597,1.8527,1.2403,436978.0984,436665.9684,0.6841
688162.SH,20250808,31.47,1.7234,0.84,202.535,194.8074,1.8306,1.2255,431764.5449,431456.1389,0.6924
688162.SH,20250807,31.3,2.2032,1.06,201.4409,193.7551,1.8207,1.2188,429432.1658,429125.4258,0.6961
688162.SH,20250806,32.08,3.4549,1.75,206.4608,198.5835,1.8661,1.2492,440133.6702,439819.2862,0.6792
688162.SH,20250805,30.42,1.4351,0.53,195.7774,188.3077,1.7695,1.1846,417358.6736,417060.5576,0.7163
688162.SH,20250804,30.15,1.3944,0.45,194.0397,186.6363,1.7538,1.1741,413654.3066,413358.8366,0.7227
688162.SH,20250801,29.66,1.7219,0.57,190.8862,183.6031,1.7253,1.155,406931.5667,406640.8987,0.7346
688162.SH,20250731,29.76,2.4152,0.87,191.5297,184.2221,1.7311,1.1589,408303.5544,408011.9064,0.7322
688162.SH,20250730,30.52,2.9181,1.2,196.421,188.9267,1.7754,1.1885,418730.6613,418431.5653,0.7139
688162.SH,20250729,31.45,4.9808,2.87,202.4063,194.6836,1.8294,1.2247,431490.1474,431181.9374,0.6928
688162.SH,20250728,29.83,3.5018,2.78,191.9802,184.6554,1.7352,1.1616,409263.9458,408971.6118,0.7304
688162.SH,20250725,28.49,1.2217,0.95,183.3563,176.3605,1.6573,1.1094,390879.31,390600.108,0.7648
688162.SH,20250724,28.34,1.2759,0.96,182.3909,175.4319,1.6485,1.1036,388821.3284,388543.5964,0.7688
688162.SH,20250723,27.92,1.2004,0.9,179.6878,172.832,1.6241,1.0872,383058.9798,382785.3638,0.7804
688162.SH,20250722,28.05,1.4694,1.12,180.5245,173.6368,1.6317,1.0923,384842.5639,384567.6739,0.7768
688162.SH,20250721,28.15,1.1241,0.83,181.1681,174.2558,1.6375,1.0962,386214.5516,385938.6816,0.774
688162.SH,20250718,28.2,1.3841,1.06,181.4899,174.5653,1.6404,1.0981,386900.5455,386624.1855,0.7727
688162.SH,20250717,27.92,1.4441,1.24,179.6878,172.832,1.6241,1.0872,383058.9798,382785.3638,0.7804
688162.SH,20250716,27.49,1.2763,1.18,176.9204,170.1702,1.5991,1.0705,377159.4325,376890.0305,0.7926
688162.SH,20250715,27.09,1.3525,1.42,174.3461,167.6941,1.5758,1.0549,371671.4815,371405.9995,0.8043
688162.SH,20250714,27.37,1.3218,1.63,176.1481,169.4274,1.5921,1.0658,375513.0472,375244.8212,0.7961
688162.SH,20250711,26.98,1.1162,1.48,173.6382,167.0132,1.5694,1.0506,370162.295,369897.891,0.8076
688162.SH,20250710,26.57,0.7649,0.97,170.9995,164.4752,1.5456,1.0347,364537.1452,364276.7592,0.8201
688162.SH,20250709,26.46,0.8606,1.11,170.2916,163.7943,1.5392,1.0304,363027.9587,362768.6507,0.8235
688162.SH,20250708,26.97,0.7004,0.85,173.5738,166.9513,1.5688,1.0502,370025.0962,369760.7902,0.8079
688162.SH,20250707,26.58,0.6223,0.63,171.0639,164.5371,1.5462,1.035,364674.344,364413.86,0.8197
688162.SH,20250704,26.51,0.8125,0.82,170.6133,164.1038,1.5421,1.0323,363713.9525,363454.1545,0.8219
688162.SH,20250703,26.88,0.9621,1.0,172.9946,166.3942,1.5636,1.0467,368790.3072,368526.8832,0.8106
688162.SH,20250702,26.93,0.7844,0.77,173.3164,166.7037,1.5665,1.0487,369476.3011,369212.3871,0.8091
688162.SH,20250701,27.22,0.9321,0.87,175.1828,168.4988,1.5834,1.06,373455.0656,373188.3096,0.8005
688162.SH,20250630,27.24,1.4148,1.58,175.3115,168.6227,1.5846,1.0607,373729.4631,373462.5111,0.7999
688162.SH,20250627,26.72,0.8871,1.07,171.9649,165.4037,1.5543,1.0405,366595.1268,366333.2708,0.8155
688162.SH,20250626,26.52,0.7937,0.95,170.6777,164.1657,1.5427,1.0327,363851.1513,363591.2553,0.8216
688162.SH,20250625,26.75,1.0442,1.28,172.1579,165.5894,1.556,1.0417,367006.7231,366744.5731,0.8145
688162.SH,20250624,26.52,1.188,1.74,170.6777,164.1657,1.5427,1.0327,363851.1513,363591.2553,0.8216
688162.SH,20250623,25.38,0.5652,0.85,163.3409,157.1088,1.4764,0.9883,348210.491,347961.767,0.8585
688162.SH,20250620,24.94,0.546,0.8,160.5091,154.3851,1.4508,0.9712,342173.7449,341929.3329,0.8737
688162.SH,20250619,25.11,0.8386,1.18,161.6032,155.4374,1.4607,0.9778,344506.124,344260.046,0.8677
688162.SH,20250618,25.63,0.9424,1.32,164.9498,158.6563,1.4909,0.998,351640.4603,351389.2863,0.8501
688162.SH,20250617,26.2,0.519,0.64,168.6182,162.1848,1.5241,1.0202,359460.7905,359204.0305,0.8316
688162.SH,20250616,26.23,0.4692,0.51,168.8113,162.3705,1.5258,1.0214,359872.3868,359615.3328,0.8307
688162.SH,20250613,26.05,0.6556,0.72,167.6529,161.2562,1.5153,1.0144,357402.8089,357147.5189,0.8364
688162.SH,20250612,26.75,0.969,1.02,172.1579,165.5894,1.556,1.0417,367006.7231,366744.5731,0.8145
688162.SH,20250611,26.98,0.9587,1.09,173.6382,167.0132,1.5694,1.0506,370162.295,369897.891,0.8076
688162.SH,20250610,26.61,0.988,1.06,171.2569,164.7228,1.5479,1.0362,365085.9403,364825.1623,0.8188
688162.SH,20250609,27.06,1.0015,1.1,174.153,167.5084,1.5741,1.0537,371259.8852,370994.6972,0.8052
688162.SH,20250606,26.95,0.6261,0.63,173.4451,166.8275,1.5677,1.0494,369750.6986,369486.5886,0.8085
688162.SH,20250605,26.95,1.1656,1.27,173.4451,166.8275,1.5677,1.0494,369750.6986,369486.5886,0.8085
688162.SH,20250604,27.14,0.6058,0.56,174.6679,168.0036,1.5787,1.0568,372357.4754,372091.5034,0.8028
688162.SH,20250603,27.12,1.2522,0.94,174.5392,167.8798,1.5776,1.0561,372083.0778,371817.3018,0.8034
688162.SH,20250530,27.76,0.8852,0.58,178.6581,171.8416,1.6148,1.081,380863.7994,380591.7514,0.7849
688162.SH,20250529,28.03,1.0353,0.61,180.3958,173.513,1.6305,1.0915,384568.1663,384293.4723,0.7773
688162.SH,20250528,28.0,0.8189,0.42,180.2027,173.3273,1.6288,1.0903,384156.57,383882.17,0.7782
688162.SH,20250527,28.48,1.3723,0.62,183.2919,176.2986,1.6567,1.109,390742.1112,390463.0072,0.7651
688162.SH,20250526,28.64,2.5519,1.18,184.3216,177.289,1.666,1.1153,392937.2916,392656.6196,0.7608
688162.SH,20250523,27.35,1.903,0.81,176.0194,169.3036,1.591,1.065,375238.6496,374970.6196,0.7967
688162.SH,20250522,28.22,1.7713,0.75,181.6186,174.6891,1.6416,1.0989,387174.9431,386898.3871,0.7721
688162.SH,20250521,28.43,2.0838,0.96,182.9701,175.9891,1.6538,1.1071,390056.1173,389777.5033,0.7664
688162.SH,20250520,29.07,2.7503,1.5,187.089,179.9508,1.691,1.132,398836.8389,398551.9529,0.7495
688162.SH,20250519,28.43,2.2752,1.36,182.9701,175.9891,1.6538,1.1071,390056.1173,389777.5033,0.7664
688162.SH,20250516,27.58,2.8606,2.07,177.4997,170.7273,1.6043,1.074,378394.2215,378123.9375,0.79
688162.SH,20250515,27.2,1.7643,1.25,175.0541,168.375,1.5822,1.0592,373180.668,372914.108,0.8011
688162.SH,20250514,26.56,1.2315,0.66,170.9351,164.4133,1.545,1.0343,364399.9464,364139.6584,0.8204
688162.SH,20250513,26.91,1.0291,0.47,173.1877,166.5799,1.5654,1.0479,369201.9035,368938.1855,0.8097
688162.SH,20250512,26.79,1.4982,0.71,172.4154,165.837,1.5584,1.0432,367555.5182,367292.9762,0.8133
688162.SH,20250509,26.11,3.0113,0.67,168.039,161.6277,1.5188,1.0167,358226.0015,163241.7435,0.8345
688162.SH,20250508,26.9,4.2183,1.08,173.1233,166.518,1.5648,1.0475,369064.7048,168180.8848,0.81
688162.SH,20250507,26.93,7.7662,2.83,173.3164,166.7037,1.5665,1.0487,369476.3011,168368.4471,0.8091
688162.SH,20250506,26.4,5.4729,2.71,169.9054,163.4228,1.5357,1.028,362204.766,165054.846,0.8253
688162.SH,20250430,24.68,2.716,1.47,158.8358,152.7756,1.4356,0.9611,338606.5767,154301.2727,0.8829
688162.SH,20250429,23.66,2.2166,1.39,152.2713,146.4615,1.3763,0.9213,324612.3017,147924.1537,0.9209
688162.SH,20250428,23.08,1.3213,0.79,148.5385,142.8712,1.3426,0.8987,316654.7727,144297.9487,0.9441
688162.SH,20250425,23.41,2.0016,1.29,150.6623,144.914,1.3618,0.9116,321182.3323,146361.1343,0.9308
688162.SH,20250424,22.89,1.8527,1.24,,148.117,1.353,0.8509,314047.996,143110.054,0.9519
688162.SH,20250423,23.23,1.8557,1.25,,150.3171,1.3731,0.8635,318712.7543,145235.7603,0.938
688162.SH,20250422,22.46,0.9595,0.62,,145.3345,1.3276,0.8349,308148.4487,140421.6607,0.9701
688162.SH,20250421,22.64,1.712,1.04,,146.4993,1.3382,0.8416,310618.0266,141547.0346,0.9624
688162.SH,20250418,22.14,1.3669,0.7,,143.2639,1.3086,0.823,303758.0879,138420.9959,0.9841
688162.SH,20250417,21.74,1.5785,0.73,,140.6755,1.285,0.8081,298270.1369,135920.1649,1.0022
688162.SH,20250416,21.78,1.8343,0.72,,140.9344,1.2874,0.8096,298818.932,136170.248,1.0004
688162.SH,20250415,22.33,1.2074,0.41,,144.4933,1.3199,0.8301,306364.8646,139608.8906,0.9758
688162.SH,20250414,22.33,2.2314,0.65,,144.4933,1.3199,0.8301,306364.8646,139608.8906,0.9758
688162.SH,20250411,22.14,2.9094,0.88,,143.2639,1.3086,0.823,303758.0879,138420.9959,0.9841
688162.SH,20250410,21.66,2.6021,0.85,,140.1579,1.2803,0.8051,297172.5467,135419.9987,1.006
688162.SH,20250409,20.95,3.8038,1.45,,135.5636,1.2383,0.7788,287431.4336,130981.0236,1.04
688162.SH,20250408,20.58,3.1958,1.3,,133.1694,1.2164,0.765,282355.079,128667.755,1.0587
688162.SH,20250407,20.26,4.5897,2.39,,131.0987,1.1975,0.7531,277964.7182,126667.0902,1.0755
688162.SH,20250403,25.33,2.3044,1.17,,163.9058,1.4972,0.9416,347524.4971,158365.1231,0.8602
688162.SH,20250402,26.32,1.3989,0.63,,170.3119,1.5557,0.9784,361107.1758,164554.6798,0.8278
688162.SH,20250401,26.07,1.6566,0.67,,168.6942,1.5409,0.9691,357677.2064,162991.6604,0.8358
688162.SH,20250331,25.93,2.3183,0.81,,167.7883,1.5327,0.9639,355756.4236,162116.3696,0.8403
688162.SH,20250328,26.81,1.9359,0.56,,173.4826,1.5847,0.9966,367829.9158,167618.1978,0.8127
688162.SH,20250327,26.61,2.538,0.56,,172.1884,1.5729,0.9892,365085.9403,166367.7823,0.8188
688162.SH,20250326,27.42,2.6145,0.49,,177.4298,1.6207,1.0193,376199.0411,171431.9651,0.7946
688162.SH,20250325,26.88,2.9496,0.47,,173.9355,1.5888,0.9992,368790.3072,168055.8432,0.8106
688162.SH,20250324,26.88,4.3091,0.68,,173.9355,1.5888,0.9992,368790.3072,168055.8432,0.8106
688162.SH,20250321,27.94,5.0258,0.8,,180.7946,1.6515,1.0386,383333.3774,174683.0454,0.7798
688162.SH,20250320,29.46,7.7219,1.4,,190.6302,1.7413,1.0951,404187.5912,184186.2032,0.7396
688162.SH,20250319,28.92,6.7377,1.29,,187.136,1.7094,1.075,396778.8573,180810.0813,0.7534
688162.SH,20250318,28.56,7.5113,1.52,,184.8065,1.6881,1.0616,391839.7014,178559.3334,0.7629
688162.SH,20250317,28.02,4.5227,0.76,,181.3123,1.6562,1.0416,384430.9676,175183.2116,0.7776
688162.SH,20250314,28.04,4.728,0.75,,181.4417,1.6574,1.0423,384705.3651,175308.2531,0.7771
688162.SH,20250313,27.28,4.0909,0.64,,176.5239,1.6125,1.0141,374278.2582,170556.6742,0.7987
688162.SH,20250312,28.45,5.1845,0.87,,184.0947,1.6816,1.0575,390330.5149,177871.6049,0.7659
688162.SH,20250311,27.85,6.1422,1.13,,180.2122,1.6462,1.0352,382098.5884,174120.3584,0.7824
688162.SH,20250310,29.01,9.4744,2.26,,187.7184,1.7147,1.0784,398013.6463,181372.7683,0.7511
688162.SH,20250307,27.47,6.8047,1.91,,177.7533,1.6237,1.0211,376885.0349,171744.5689,0.7932
688162.SH,20250306,26.51,4.1129,1.21,,171.5413,1.567,0.9854,363713.9525,165742.5745,0.8219
688162.SH,20250305,25.95,3.1594,0.88,,167.9177,1.5339,0.9646,356030.8211,162241.4111,0.8396
688162.SH,20250304,25.9,3.6762,0.96,,167.5941,1.5309,0.9628,355344.8273,161928.8073,0.8413
688162.SH,20250303,26.14,3.1821,0.78,,169.1471,1.5451,0.9717,358637.5979,163429.3059,0.8335
688162.SH,20250228,25.72,3.6387,0.84,,166.4294,1.5203,0.9561,352875.2493,160803.4333,0.8472
688162.SH,20250227,27.37,3.4058,0.77,,,1.6385,1.0174,375513.0472,171119.3612,0.7961
688162.SH,20250226,27.32,4.1205,0.89,,,1.6355,1.0155,374827.0533,170806.7573,0.7975
688162.SH,20250225,27.31,4.801,0.91,,,1.6349,1.0152,374689.8545,170744.2365,0.7978
688162.SH,20250224,28.05,4.3531,0.8,,,1.6792,1.0427,384842.5639,175370.7739,0.7768
688162.SH,20250221,28.5,4.8727,0.79,,,1.7062,1.0594,391016.5088,178184.2088,0.7645
688162.SH,20250220,27.77,4.0997,0.61,,,1.6625,1.0323,381000.9982,173620.1922,0.7846
688162.SH,20250219,28.07,5.0944,0.66,,,1.6804,1.0434,385116.9614,175495.8154,0.7762
688162.SH,20250218,27.48,7.9028,0.99,,,1.6451,1.0215,377022.2337,171807.0897,0.7929
688162.SH,20250217,27.51,5.1934,0.65,,,1.6469,1.0226,377433.83,171994.652,0.792
688162.SH,20250214,27.62,8.6052,1.17,,,1.6535,1.0267,378943.0166,172682.3806,0.7889
688162.SH,20250213,25.72,6.7691,0.99,,,1.5397,0.9561,352875.2493,160803.4333,0.8472
688162.SH,20250212,27.5,10.024,1.86,,,1.6463,1.0222,377296.6313,171932.1313,0.7923
688162.SH,20250211,26.8,9.5042,2.23,,,1.6044,0.9962,367692.717,167555.677,0.813
688162.SH,20250210,24.62,5.0726,1.31,,,1.4739,0.9152,337783.3841,153926.1481,0.885
688162.SH,20250207,24.68,5.3704,1.63,,,1.4775,0.9174,338606.5767,154301.2727,0.8829
688162.SH,20250206,24.3,4.1623,1.42,,,1.4547,0.9033,333393.0233,151925.4833,0.8967
688162.SH,20250205,23.45,2.8232,0.97,,,1.4039,0.8717,321731.1274,146611.2174,0.9292
688162.SH,20250127,23.82,3.9235,1.39,,,1.426,0.8854,326807.4821,148924.4861,0.9147
688162.SH,20250124,23.07,3.1058,0.92,,,1.3811,0.8576,316517.5739,144235.4279,0.9445
688162.SH,20250123,22.52,2.479,0.5,,,1.3482,0.8371,308971.6413,140796.7853,0.9675
688162.SH,20250122,22.48,2.2903,0.43,,,1.3458,0.8356,308422.8462,140546.7022,0.9693
688162.SH,20250121,23.0,2.7636,0.52,,,1.3769,0.855,315557.1825,143797.7825,0.9473
688162.SH,20250120,23.15,3.4274,0.69,,,1.3859,0.8605,317615.1641,144735.5941,0.9412
688162.SH,20250117,22.79,5.9454,1.37,,,1.3643,0.8472,312676.0082,142484.8462,0.9561
688162.SH,20250116,23.21,10.1266,3.83,,,1.3895,0.8628,318438.3568,145110.7188,0.9388
688162.SH,20250115,26.9,4.2276,1.57,,,1.6104,0.9999,369064.7048,168180.8848,0.81
688162.SH,20250114,25.72,3.0523,1.15,,,1.5397,0.9561,352875.2493,160803.4333,0.8472
688162.SH,20250113,23.76,1.4469,0.52,,,1.4224,0.8832,325984.2894,148549.3614,0.917
688162.SH,20250110,24.0,2.8766,0.95,,,1.4368,0.8921,329277.06,150049.86,0.9079
688162.SH,20250109,24.89,1.6192,0.42,,,1.4901,0.9252,341487.751,155614.209,0.8754
603270.SH,20260702,34.88,24.4869,1.63,51.9253,50.8319,3.3265,3.7825,764244.1696,246659.8496,1.0034
603270.SH,20260701,33.0,16.9507,1.31,49.1266,48.0921,3.1472,3.5786,723052.11,233365.11,1.0606
603270.SH,20260630,33.51,20.597,2.0,49.8858,48.8354,3.1959,3.6339,734226.5517,236971.6617,1.0445
603270.SH,20260629,32.0,19.5096,2.17,47.6379,46.6348,3.0519,3.4702,701141.44,226293.44,1.0938
603270.SH,20260626,31.59,9.962,1.01,47.0276,46.0373,3.0128,3.4257,692158.0653,223394.0553,1.1079
603270.SH,20260625,28.72,7.9828,0.75,42.755,41.8547,2.7391,3.1145,629274.4424,203098.3624,1.2187
603270.SH,20260624,29.75,6.597,0.61,44.2884,43.3558,2.8373,3.2262,651842.4325,210382.1825,1.1765
603270.SH,20260623,30.49,7.5657,0.66,45.39,44.4342,2.9079,3.3064,668056.3283,215615.2183,1.1479
603270.SH,20260622,31.06,12.8997,1.12,46.2386,45.2649,2.9622,3.3683,680545.4102,219646.0702,1.1269
603270.SH,20260618,31.73,14.1912,1.3,47.236,46.2413,3.0261,3.4409,695225.5591,224384.0891,1.1031
603270.SH,20260617,30.2,11.6726,1.08,44.9583,44.0116,2.8802,3.275,661702.234,213564.434,1.1589
603270.SH,20260616,28.66,7.8953,0.68,42.6657,41.7673,2.7333,3.108,627959.8022,202674.0622,1.2212
603270.SH,20260615,28.75,11.0388,0.82,42.7997,41.8985,2.7419,3.1178,629931.7625,203310.5125,1.2174
603270.SH,20260612,28.9,12.546,0.96,43.023,42.1171,2.7562,3.134,633218.363,204371.263,1.2111
603270.SH,20260611,30.1,11.5655,0.97,44.8094,43.8659,2.9039,3.2642,659511.0677,212857.1677,1.1628
603270.SH,20260610,30.08,10.7891,1.0,44.7797,43.8367,2.902,3.262,659072.8543,212715.7343,1.1636
603270.SH,20260609,30.88,12.5289,1.38,45.9706,45.0026,2.9791,3.3487,676601.3877,218373.0677,1.1334
603270.SH,20260608,30.08,19.6695,3.12,44.7797,43.8367,2.902,3.262,659072.8543,212715.7343,1.1636
603270.SH,20260605,29.77,10.7401,1.83,44.3182,43.3849,2.8721,3.2284,652280.5477,210523.5177,1.1757
603270.SH,20260604,27.06,5.7351,0.99,40.2838,39.4356,2.6106,2.9345,592902.6409,191359.3009,1.2934
603270.SH,20260603,27.52,5.0244,0.83,40.9686,40.1059,2.6246,2.9844,602981.5476,194612.2676,1.2718
603270.SH,20260602,27.91,4.2665,0.64,41.5492,40.6743,2.6618,3.0267,611526.7076,197370.2176,1.254
603270.SH,20260601,28.12,5.7784,0.78,41.8618,40.9803,2.6818,3.0494,616127.9476,198855.2676,1.2447
603270.SH,20260529,27.6,8.5622,1.13,41.0877,40.2225,2.6322,2.993,604734.4009,195178.0009,1.2681
603270.SH,20260528,29.5,5.1968,0.58,43.9162,42.9915,2.8134,3.1991,646364.6677,208614.1677,1.1864
603270.SH,20260527,29.27,6.6287,0.64,43.5738,42.6563,2.7915,3.1741,641325.2143,206987.6843,1.1958
603270.SH,20260526,30.36,7.3548,0.66,45.1965,44.2448,2.8955,3.2923,665207.841,214695.801,1.1528
603270.SH,20260525,30.8,9.1957,0.86,45.8515,44.886,2.9374,3.3401,674848.5344,217807.3344,1.1364
603270.SH,20260522,31.74,9.4556,0.88,47.2509,46.2559,3.0271,3.442,695444.5611,224454.7011,1.1027
603270.SH,20260521,31.1,12.3503,1.32,46.2981,45.3232,2.966,3.3726,681421.7344,219928.8344,1.1254
603270.SH,20260520,31.47,13.2016,1.7,46.8489,45.8624,3.0013,3.4127,689528.681,222545.351,1.1122
603270.SH,20260519,30.45,11.0998,1.73,45.3305,44.3759,2.904,3.3021,667179.801,215332.251,1.1494
603270.SH,20260518,29.19,7.6146,1.28,43.4547,42.5397,2.7839,3.1655,639572.361,206421.951,1.199
603270.SH,20260515,29.14,9.3679,1.78,43.3803,42.4668,2.7791,3.16,638476.8276,206068.3676,1.2011
603270.SH,20260514,28.33,5.4447,0.99,42.1745,41.2864,2.7019,3.0722,620729.1876,200340.3176,1.2354
603270.SH,20260513,28.52,5.2969,0.88,42.4573,41.5633,2.72,3.0928,624892.2143,201683.9343,1.2272
603270.SH,20260512,27.97,4.4023,0.62,41.6385,40.7617,2.6675,3.0332,612841.3476,197794.5176,1.2513
603270.SH,20260511,28.67,5.1412,0.6,42.6806,41.7819,2.7343,3.1091,628178.8143,202744.6843,1.2208
603270.SH,20260508,28.56,6.0943,0.77,42.5169,41.6216,2.7238,3.0971,625768.641,201966.801,1.2255
603270.SH,20260507,28.21,6.4528,0.89,41.9958,41.1115,2.6904,3.0592,618099.9076,199491.7176,1.2407
603270.SH,20260506,28.4,7.98,1.27,42.2787,41.3884,2.7085,3.0798,622262.9343,200835.3343,1.2324
603270.SH,20260430,28.13,9.8868,1.91,41.8767,40.9949,2.6828,3.0505,616347.0543,198925.9843,1.2442
603270.SH,20260429,27.32,12.1825,3.49,40.6709,39.8145,2.6055,2.9627,598599.4142,193197.9342,1.2811
603270.SH,20260428,25.91,3.0461,0.88,38.5718,38.5718,2.5121,2.8098,567705.3742,183226.8842,1.3508
603270.SH,20260427,26.51,3.0294,0.86,39.465,39.465,2.5703,2.8748,580851.7742,187469.8842,1.3203
603270.SH,20260424,26.27,3.36,0.96,39.1078,39.1078,2.547,2.8488,575593.2142,185772.6842,1.3323
603270.SH,20260423,26.04,4.3062,1.26,38.7654,38.7654,2.5247,2.8239,570553.7609,184146.2009,1.3441
603270.SH,20260422,26.85,3.6995,0.81,39.9712,39.9712,2.6033,2.9117,588301.4009,189874.2509,1.3035
603270.SH,20260421,26.44,2.9406,0.66,39.3608,39.3608,2.5635,2.8672,579318.0275,186974.8675,1.3238
603270.SH,20260420,26.41,3.2274,0.75,39.3162,39.3162,2.5606,2.864,578660.7075,186762.7175,1.3253
603270.SH,20260417,26.19,3.2439,0.76,38.9887,38.9887,2.5393,2.8401,573840.3609,185206.9509,1.3364
603270.SH,20260416,25.98,3.9754,0.99,38.676,38.676,2.5189,2.8174,569239.1209,183721.9009,1.3472
603270.SH,20260415,26.01,9.4176,3.23,38.7207,38.7207,2.5218,2.8206,569896.4409,183934.0509,1.3456
603270.SH,20260414,25.3,2.4426,0.78,37.6637,37.6637,2.453,2.7436,554339.8675,178913.1675,1.3834
603270.SH,20260413,25.19,2.3996,0.74,37.5,37.5,2.4423,2.7317,551929.6942,178135.2842,1.3894
603270.SH,20260410,25.5,3.1114,0.92,37.9615,37.9615,2.4724,2.7653,558722.0009,180327.5009,1.3725
603270.SH,20260409,25.09,2.7268,0.74,37.3511,37.3511,2.4326,2.7208,549738.6275,177428.1175,1.395
603270.SH,20260408,25.35,3.8762,0.97,37.7382,37.7382,2.4578,2.749,555435.4008,179266.7508,1.3807
603270.SH,20260407,24.96,3.5071,0.88,37.1576,37.1576,2.42,2.7068,546890.2408,176508.8008,1.4022
603270.SH,20260403,24.39,2.972,0.72,36.309,36.309,2.3648,2.6449,534401.1608,172477.9508,1.435
603270.SH,20260402,24.78,3.8184,0.96,36.8896,36.8896,2.4026,2.6872,542946.3208,175235.9008,1.4124
603270.SH,20260401,24.95,4.1512,1.07,37.1427,37.1427,2.419,2.7057,546671.1342,176438.0842,1.4028
603270.SH,20260331,24.55,5.5724,1.35,36.5472,36.5472,2.3803,2.6623,537906.8675,173609.4175,1.4257
603270.SH,20260330,24.15,3.5025,0.62,53.1574,35.9518,2.3415,3.9041,529142.6008,170780.7508,1.4493
603270.SH,20260327,23.94,3.479,0.63,52.6952,35.6391,2.3211,3.8702,524541.3608,169295.7008,1.462
603270.SH,20260326,23.49,3.0993,0.57,51.7046,34.9692,2.2775,3.7974,514681.5608,166113.4508,1.49
603270.SH,20260325,23.81,3.7443,0.73,52.409,35.4456,2.3085,3.8492,521692.9741,168376.3841,1.47
603270.SH,20260324,23.52,6.8819,1.64,51.7707,35.0139,2.2804,3.8023,515338.8808,166325.6008,1.4881
603270.SH,20260323,23.08,11.209,4.43,50.8022,34.3589,2.2377,3.7311,505698.1874,163214.0674,1.5165
603270.SH,20260320,23.55,2.7458,1.08,51.8367,41.4025,2.3419,3.8071,515996.2008,166537.7508,1.4862
603270.SH,20260319,24.1,2.7964,1.06,53.0473,42.3694,2.3966,3.896,528047.0675,170427.1675,1.4523
603270.SH,20260318,24.68,1.8622,0.66,54.324,43.3891,2.4543,3.9898,540755.2542,174528.7342,1.4182
603270.SH,20260317,24.51,2.3938,0.79,53.9498,43.0902,2.4374,3.9623,537030.4408,173326.5508,1.428
603270.SH,20260316,24.86,2.8594,0.89,54.7202,43.7056,2.4722,4.0189,544699.1742,175801.6342,1.4079
603270.SH,20260313,25.13,2.7615,0.86,55.3145,44.1803,2.499,4.0626,550615.0542,177710.9842,1.3928
603270.SH,20260312,25.08,3.2554,1.03,55.2045,44.0923,2.4941,4.0545,549519.5208,177357.4008,1.3955
603270.SH,20260311,25.68,2.9003,0.8,56.5251,45.1472,2.5537,4.1515,562665.9209,181600.4009,1.3629
603270.SH,20260310,25.8,3.3424,0.81,56.7893,45.3582,2.5657,4.1709,565295.2009,182449.0009,1.3566
603270.SH,20260309,25.16,3.7529,0.86,55.3805,44.233,2.502,4.0674,551272.3742,177923.1342,1.3911
603270.SH,20260306,25.58,2.752,0.6,56.305,44.9714,2.5438,4.1353,560474.8542,180893.2342,1.3683
603270.SH,20260305,25.47,2.9999,0.6,56.0629,44.778,2.5329,4.1175,558064.6808,180115.3508,1.3742
603270.SH,20260304,25.13,5.3304,1.11,55.3145,44.1803,2.499,4.0626,550615.0542,177710.9842,1.3928
603270.SH,20260303,25.63,5.9211,1.31,56.4151,45.0593,2.5488,4.1434,561570.3875,181246.8175,1.3656
603270.SH,20260302,27.06,4.9022,1.09,59.5627,47.5733,2.691,4.3746,592902.6409,191359.3009,1.2934
603270.SH,20260227,27.9,3.6864,0.8,61.4117,49.0501,2.7745,4.5104,611307.6009,197299.5009,1.2545
603270.SH,20260226,28.07,5.2572,1.26,61.7858,49.349,2.7914,4.5378,615032.4143,198501.6843,1.2469
603270.SH,20260225,27.6,4.1607,1.03,60.7513,48.5227,2.7447,4.4619,604734.4009,195178.0009,1.2681
603270.SH,20260224,27.5,4.6113,1.09,60.5312,48.3469,2.7347,4.4457,602543.3343,194470.8343,1.2727
603270.SH,20260213,27.65,4.8709,1.25,60.8614,48.6106,2.7497,4.4699,605829.9343,195531.5843,1.2658
603270.SH,20260212,27.48,4.1438,1.09,60.4872,48.3117,2.7327,4.4425,602105.1209,194329.4009,1.2737
603270.SH,20260211,27.27,3.0711,0.74,60.0249,47.9425,2.7119,4.4085,597503.8809,192844.3509,1.2835
603270.SH,20260210,27.31,3.4271,0.76,60.113,48.0128,2.7158,4.415,598380.3076,193127.2176,1.2816
603270.SH,20260209,27.36,5.6854,1.37,60.223,48.1007,2.7208,4.4231,599475.8409,193480.8009,1.2792
603270.SH,20260206,26.83,3.1112,0.69,59.0564,47.169,2.6681,4.3374,587863.1876,189732.8176,1.3045
603270.SH,20260205,26.69,3.6605,0.75,58.7483,46.9228,2.6542,4.3147,584795.6942,188742.7842,1.3114
603270.SH,20260204,27.28,4.7372,0.94,60.0469,47.9601,2.7129,4.4101,597722.9876,192915.0676,1.283
603270.SH,20260203,27.08,5.4274,1.04,59.6067,47.6085,2.693,4.3778,593340.8542,191500.7342,1.2925
603270.SH,20260202,26.14,3.7389,0.66,57.5377,45.9559,2.5995,4.2258,572744.8275,184853.3675,1.3389
603270.SH,20260130,26.5,4.8814,0.79,58.3301,46.5888,2.6353,4.284,580632.6676,187399.1676,1.3208
603270.SH,20260129,26.35,5.5131,0.84,57.9999,46.3251,2.6204,4.2598,577346.0675,186338.4175,1.3283
603270.SH,20260128,27.13,5.632,0.84,59.7168,47.6964,2.6979,4.3859,594436.3876,191854.3176,1.2901
603270.SH,20260127,27.83,6.3422,0.93,61.2576,48.927,2.7676,4.499,609773.8543,196804.4843,1.2576
603270.SH,20260126,27.56,6.1348,0.88,60.6633,48.4524,2.7407,4.4554,603857.9743,194895.1343,1.27
603270.SH,20260123,28.19,7.1431,0.89,62.05,49.5599,2.8034,4.5572,617661.6943,199350.2843,1.2416
603270.SH,20260122,27.93,7.3703,0.92,61.4777,49.1028,2.7775,4.5152,611964.9209,197511.6509,1.2531
603270.SH,20260121,27.88,6.5241,0.79,61.3676,49.0149,2.7725,4.5071,610869.3876,197158.0676,1.2554
603270.SH,20260120,27.53,6.7669,0.78,60.5972,48.3996,2.7377,4.4505,603200.6543,194682.9843,1.2713
603270.SH,20260119,27.51,7.2433,0.82,60.5532,48.3645,2.7357,4.4473,602762.4409,194541.5509,1.2723
603270.SH,20260116,27.77,12.0274,1.45,61.1255,48.8215,2.7616,4.4893,608459.2143,196380.1843,1.2604
603270.SH,20260115,26.87,7.4093,0.9,59.1445,47.2393,2.6721,4.3438,588739.6142,190015.6842,1.3026
603270.SH,20260114,26.39,8.056,1.0,58.0879,46.3954,2.6244,4.2662,578222.4942,186621.2842,1.3263
603270.SH,20260113,26.56,8.4771,1.03,58.4621,46.6943,2.6413,4.2937,581947.3076,187823.4676,1.3178
603270.SH,20260112,26.92,8.2819,0.94,59.2545,47.3272,2.6771,4.3519,589835.1476,190369.2676,1.3001
603270.SH,20260109,26.91,9.132,0.87,59.2325,47.3096,2.6761,4.3503,589616.0409,190298.5509,1.3006
603270.SH,20260108,26.54,7.4383,0.54,58.4181,46.6591,2.6393,4.2905,581509.0942,187682.0342,1.3188
603270.SH,20260107,26.36,6.9435,0.46,58.0219,46.3427,2.6214,4.2614,577565.1742,186409.1342,1.3278
603270.SH,20260106,26.3,9.5252,0.62,57.8898,46.2372,2.6154,4.2517,576250.5342,185984.8342,1.3308
603270.SH,20260105,26.69,10.886,0.73,58.7483,46.9228,2.6542,4.3147,584795.6942,188742.7842,1.3114
603270.SH,20251231,27.03,17.9071,1.54,59.4967,47.5206,2.688,4.3697,592245.3209,191147.1509,0.9249
603270.SH,20251230,26.67,23.8566,3.35,58.7043,46.8877,2.6522,4.3115,584357.4809,188601.3509,0.9374
603270.SH,20251229,25.83,13.8312,2.92,56.8553,45.4109,2.5687,4.1757,565952.5209,182661.1509,0.9679
603270.SH,20251226,25.76,10.9065,3.72,56.7012,45.2878,2.5617,4.1644,564418.7742,182166.1342,0.9705
603270.SH,20251225,25.23,8.0235,4.73,55.5346,44.3561,2.509,4.0787,552806.1208,178418.1508,0.9909
603270.SH,20251224,24.12,1.5396,0.87,53.0914,42.4046,2.3986,3.8993,528485.2808,170568.6008,1.0365
603270.SH,20251223,23.84,1.356,0.73,52.475,41.9123,2.3708,3.854,522350.2941,168588.5341,1.0487
603270.SH,20251222,24.1,1.8275,1.0,53.0473,42.3694,2.3966,3.896,528047.0675,170427.1675,1.0373
603270.SH,20251219,23.83,1.9151,1.03,52.453,41.8948,2.3698,3.8524,522131.1875,168517.8175,1.0491
603270.SH,20251218,23.45,1.8386,0.9,51.6166,41.2267,2.332,3.791,513805.1341,165830.5841,1.0661
603270.SH,20251217,23.42,1.9103,0.93,51.5506,41.174,2.329,3.7861,513147.8141,165618.4341,1.0675
603270.SH,20251216,23.48,1.8523,0.9,51.6826,41.2794,2.335,3.7958,514462.4541,166042.7341,1.0647
603270.SH,20251215,23.91,1.6237,0.72,52.6291,42.0354,2.3777,3.8653,523884.0408,169083.5508,1.0456
603270.SH,20251212,24.06,2.077,0.91,52.9593,42.2991,2.3926,3.8896,527170.6408,170144.3008,1.0391
603270.SH,20251211,23.89,2.7135,1.14,52.5851,42.0002,2.3757,3.8621,523445.8275,168942.1175,1.0465
603270.SH,20251210,24.36,1.9697,0.83,53.6196,42.8265,2.4225,3.9381,533743.8408,172265.8008,1.0263
603270.SH,20251209,24.39,1.9092,0.81,53.6857,42.8793,2.4255,3.9429,534401.1608,172477.9508,1.025
603270.SH,20251208,24.54,2.6139,1.02,54.0158,43.143,2.4404,3.9672,537687.7608,173538.7008,1.0187
603270.SH,20251205,24.47,2.2551,0.79,53.8618,43.0199,2.4334,3.9559,536154.0141,173043.6841,1.0217
603270.SH,20251204,24.39,3.159,1.26,53.6857,42.8793,2.3898,3.9429,534401.1608,172477.9508,1.025
603270.SH,20251203,24.42,1.8971,0.73,53.7517,42.932,2.3928,3.9478,535058.4808,172690.1008,1.0238
603270.SH,20251202,24.47,1.8506,0.64,53.8618,43.0199,2.3977,3.9559,536154.0141,173043.6841,1.0217
603270.SH,20251201,24.64,3.6169,1.22,54.236,43.3188,2.4143,3.9833,539878.8275,174245.8675,1.0146
603270.SH,20251128,24.3,3.6776,1.12,53.4876,42.7211,2.381,3.9284,532429.2008,171841.5008,1.0288
603270.SH,20251127,23.86,1.5325,0.45,52.5191,41.9475,2.3379,3.8572,522788.5075,168729.9675,1.0478
603270.SH,20251126,23.81,2.4048,0.65,52.409,41.8596,2.333,3.8492,521692.9741,168376.3841,1.05
603270.SH,20251125,24.1,3.2484,0.89,53.0473,42.3694,2.3614,3.896,528047.0675,170427.1675,1.0373
603270.SH,20251124,24.27,3.9477,1.1,53.4215,42.6683,2.3781,3.9235,531771.8808,171629.3508,1.0301
603270.SH,20251121,23.59,5.2822,1.46,51.9248,41.4728,2.3114,3.8136,516872.6275,166820.6175,1.0598
603270.SH,20251120,23.95,2.3156,0.63,52.7172,42.1057,2.3467,3.8718,524760.4675,169366.4175,1.0438
603270.SH,20251119,24.31,3.6282,1.03,53.5096,42.7386,2.382,3.93,532648.3075,171912.2175,1.0284
603270.SH,20251118,24.92,3.112,0.92,54.8523,43.8111,2.4417,4.0286,546013.8142,176225.9342,1.0032
603270.SH,20251117,24.92,3.5406,1.1,54.8523,43.8111,2.4417,4.0286,546013.8142,176225.9342,1.0032
603270.SH,20251114,25.28,5.5536,2.08,55.6447,44.444,2.477,4.0868,553901.6542,178771.7342,0.9889
603270.SH,20251113,25.07,2.4265,0.8,55.1824,44.0748,2.4564,4.0529,549300.4142,177286.6842,0.9972
603270.SH,20251112,24.73,2.9086,0.98,54.4341,43.477,2.4231,3.9979,541850.7875,174882.3175,1.0109
603270.SH,20251111,25.05,2.4341,0.81,55.1384,44.0396,2.4545,4.0496,548862.2008,177145.2508,0.998
603270.SH,20251110,25.08,2.7119,0.89,55.2045,44.0923,2.4574,4.0545,549519.5208,177357.4008,0.9968
603270.SH,20251107,25.24,2.8668,0.89,55.5566,44.3736,2.4731,4.0803,553025.2275,178488.8675,0.9905
603270.SH,20251106,25.35,4.1969,1.32,55.7988,44.567,2.4839,4.0981,555435.4008,179266.7508,0.9862
603270.SH,20251105,24.93,2.5837,0.83,54.8743,43.8286,2.4427,4.0302,546232.9208,176296.6508,1.0028
603270.SH,20251104,24.83,2.7168,0.88,54.6542,43.6528,2.4329,4.0141,544041.8542,175589.4842,1.0068
603270.SH,20251103,25.27,2.9291,0.92,55.6227,44.4264,2.476,4.0852,553682.5475,178701.0175,0.9893
603270.SH,20251031,25.25,3.7682,1.3,55.5786,44.3912,2.4741,4.082,553244.3342,178559.5842,0.9901
603270.SH,20251030,24.95,3.9384,1.57,54.9183,43.8638,2.4447,4.0335,546671.1342,176438.0842,1.002
603270.SH,20251029,24.98,2.1259,0.8,54.9843,46.2579,2.4723,4.0383,547328.4542,176650.2342,1.0008
603270.SH,20251028,24.99,2.5881,0.99,55.0063,46.2764,2.4733,4.0399,547547.5608,176720.9508,1.0004
603270.SH,20251027,24.94,3.4405,1.43,54.8963,46.1838,2.4683,4.0318,546452.0275,176367.3675,1.0024
603270.SH,20251024,24.6,2.3734,0.9,54.1479,45.5542,2.4347,3.9769,539002.4008,173963.0008,1.0163
603270.SH,20251023,24.63,1.9782,0.71,54.2139,45.6097,2.4256,3.9817,539659.7208,174175.1508,1.015
603270.SH,20251022,24.61,2.9682,1.05,54.1699,45.5727,2.4237,3.9785,539221.5075,174033.7175,1.0158
603270.SH,20251021,24.48,2.3208,0.68,53.8838,45.332,2.4109,3.9575,536373.1208,173114.4008,1.0212
603270.SH,20251020,24.35,2.398,0.61,53.5976,45.0912,2.3981,3.9365,533524.7341,172195.0841,1.0267
603270.SH,20251017,23.9,3.522,0.85,52.6071,44.2579,2.3537,3.8637,523664.9341,169012.8341,1.046
603270.SH,20251016,24.52,2.7804,0.58,53.9718,45.406,2.4148,3.9639,537249.5475,173397.2675,1.0196
603270.SH,20251015,24.7,3.0709,0.59,54.368,45.7394,2.4325,3.993,541193.4675,174670.1675,1.0121
603270.SH,20251014,24.42,5.3079,1.06,53.7517,45.2209,2.4049,3.9478,535058.4808,172690.1008,1.0238
603270.SH,20251013,24.86,5.0005,0.99,54.7202,46.0356,2.4483,4.0189,544699.1742,175801.6342,1.0056
603270.SH,20251010,25.62,4.6777,0.85,56.3931,47.443,2.5231,4.1418,561351.2809,181176.1009,0.9758
603270.SH,20251009,25.8,6.1101,1.03,56.7893,47.7763,2.5409,4.1709,565295.2009,182449.0009,0.969
603270.SH,20250930,26.13,4.7649,0.72,57.5156,48.3874,2.5734,4.2242,572525.7209,184782.6509,0.9568
603270.SH,20250929,26.35,4.4158,0.6,57.9999,48.7948,2.595,4.2598,577346.0675,186338.4175,0.9488
603270.SH,20250926,26.21,5.2429,0.65,57.6917,48.5356,2.5812,4.2371,574278.5742,185348.3842,0.9538
603270.SH,20250925,26.77,7.026,0.73,58.9244,49.5726,2.6364,4.3277,586548.5476,189308.5176,0.9339
603270.SH,20250924,27.0,8.3113,0.92,59.4306,49.9985,2.659,4.3649,591588.0009,190935.0009,0.9259
603270.SH,20250923,26.64,8.0904,0.95,58.6382,49.3318,2.6236,4.3067,583700.1609,188389.2009,0.9384
603270.SH,20250922,26.41,8.1955,1.07,58.132,48.9059,2.6009,4.2695,578660.7075,186762.7175,0.9466
603270.SH,20250919,26.2,8.4626,1.25,57.6697,48.5171,2.5802,4.2355,574059.4675,185277.6675,0.9542
603270.SH,20250918,27.13,15.1377,3.32,59.7168,50.2392,2.6718,4.3859,594436.3876,191854.3176,0.9215
603270.SH,20250917,26.83,5.4594,1.32,59.0564,49.6837,2.6423,4.3374,587863.1876,189732.8176,0.9318
603270.SH,20250916,26.52,5.2084,1.28,58.3741,49.1096,2.6118,4.2873,581070.8809,187540.6009,0.9427
603270.SH,20250915,26.02,4.1621,0.97,57.2735,48.1837,2.5625,4.2064,570115.5475,184004.7675,0.9608
603270.SH,20250912,26.24,3.8954,0.87,57.7578,48.5911,2.5842,4.242,574935.8942,185560.5342,0.9527
603270.SH,20250911,26.25,4.0898,0.83,57.7798,48.6096,2.5852,4.2436,575155.0009,185631.2509,0.9524
603270.SH,20250910,25.91,3.3733,0.61,57.0314,47.98,2.5517,4.1887,567705.3742,183226.8842,0.9649
603270.SH,20250909,26.2,4.793,0.76,57.6697,48.5171,2.5802,4.2355,574059.4675,185277.6675,0.9542
603270.SH,20250908,26.75,5.2666,0.71,58.8803,49.5355,2.6344,4.3244,586110.3342,189167.0842,0.9346
603270.SH,20250905,26.43,4.9124,0.65,58.176,48.943,2.6029,4.2727,579098.9209,186904.1509,0.9459
603270.SH,20250904,25.87,6.159,0.78,56.9433,47.906,2.5477,4.1822,566828.9475,182944.0175,0.9664
603270.SH,20250903,26.37,6.7417,0.85,58.0439,48.8319,2.597,4.263,577784.2809,186479.8509,0.948
603270.SH,20250902,26.89,8.3732,1.14,59.1885,49.7948,2.6482,4.3471,589177.8276,190157.1176,0.9297
603270.SH,20250901,27.38,10.6739,1.53,60.2671,50.7022,2.6965,4.4263,599914.0542,193622.2342,0.9131
603270.SH,20250829,26.7,5.9697,0.84,58.7703,49.443,2.6829,4.3164,585014.8009,188813.5009,0.9363
603270.SH,20250828,27.09,7.6958,0.95,59.6287,54.2087,2.7221,4.3794,593559.9609,191571.4509,0.9228
603270.SH,20250827,27.13,7.1544,0.81,59.7168,54.2887,2.7261,4.3859,594436.3876,191854.3176,0.9215
603270.SH,20250826,27.98,5.1414,0.55,61.5877,55.9896,2.8116,4.5233,613060.4543,197865.2343,0.8935
603270.SH,20250825,28.11,8.8869,1.01,61.8739,56.2498,2.8246,4.5443,615908.8409,198784.5509,0.8894
603270.SH,20250822,28.22,6.5202,0.77,62.116,56.4699,2.8357,4.5621,618319.0143,199562.4343,0.8859
603270.SH,20250821,28.23,12.8377,1.83,62.138,56.4899,2.8367,4.5637,618538.1209,199633.1509,0.8856
603270.SH,20250820,28.47,10.7051,1.84,62.6663,56.9701,2.8608,4.6025,623796.6809,201330.3509,0.8781
603270.SH,20250819,27.82,7.8424,1.51,61.2356,55.6695,2.7955,4.4974,609554.7476,196733.7676,0.8986
603270.SH,20250818,27.6,6.2192,1.24,60.7513,55.2292,2.7734,4.4619,604734.4009,195178.0009,0.9058
603270.SH,20250815,27.31,4.5672,0.88,60.113,54.6489,2.7442,4.415,598380.3076,193127.2176,0.9154
603270.SH,20250814,26.84,5.8009,1.06,59.0784,53.7084,2.697,4.339,588082.2942,189803.5342,0.9314
603270.SH,20250813,27.43,4.6106,0.7,60.3771,54.889,2.7563,4.4344,601009.5876,193975.8176,0.9114
603270.SH,20250812,27.4,4.7572,0.7,60.3111,54.829,2.7533,4.4295,600352.2676,193763.6676,0.9124
603270.SH,20250811,27.61,5.2533,0.69,60.7733,55.2492,2.7744,4.4635,604953.5076,195248.7176,0.9055
603270.SH,20250808,27.59,5.5975,0.75,60.7293,55.2092,2.7724,4.4602,604515.2943,195107.2843,0.9061
603270.SH,20250807,27.53,7.2505,1.05,60.5972,55.0892,2.7663,4.4505,603200.6543,194682.9843,0.9081
603270.SH,20250806,27.72,10.2043,1.73,61.0154,55.4694,2.7854,4.4813,607363.6809,196026.6009,0.9019
603270.SH,20250805,27.26,5.8858,1.07,60.0029,54.5489,2.7392,4.4069,597284.7742,192773.6342,0.9171
603270.SH,20250804,27.2,9.1263,1.9,59.8709,54.4288,2.7332,4.3972,595970.1342,192349.3342,0.9191
603270.SH,20250801,26.55,4.7385,0.96,58.4401,53.1281,2.6679,4.2921,581728.2009,187752.7509,0.9416
603270.SH,20250731,26.26,4.4781,0.91,57.8018,52.5478,2.6387,4.2452,575374.1075,185701.9675,0.952
603270.SH,20250730,26.43,5.2607,1.01,58.176,52.888,2.6558,4.2727,579098.9209,186904.1509,0.9459
603270.SH,20250729,26.75,3.9173,0.61,58.8803,53.5283,2.688,4.3244,586110.3342,189167.0842,0.9346
603270.SH,20250728,26.79,5.5683,0.86,58.9684,53.6084,2.692,4.3309,586986.7609,189449.9509,0.9332
603270.SH,20250725,26.68,5.4326,0.76,58.7263,53.3883,2.6809,4.3131,584576.5876,188672.0676,0.937
603270.SH,20250724,26.48,4.3627,0.49,58.286,52.988,2.6608,4.2808,580194.4542,187257.7342,0.9441
603270.SH,20250723,26.4,6.844,0.78,58.1099,52.828,2.6528,4.2679,578441.6009,186692.0009,0.947
603270.SH,20250722,26.49,9.7197,1.24,58.3081,53.0081,2.6618,4.2824,580413.5609,187328.4509,0.9438
603270.SH,20250721,26.52,6.0551,0.77,58.3741,53.0681,2.6649,4.2873,581070.8809,187540.6009,0.9427
603270.SH,20250718,26.51,8.7337,1.26,58.3521,53.0481,2.6638,4.2856,580851.7742,187469.8842,0.943
603270.SH,20250717,26.45,12.7436,2.54,58.22,52.928,2.6578,4.2759,579537.1342,187045.5842,0.9452
603270.SH,20250716,25.92,6.4717,1.41,57.0534,51.8674,2.6046,4.1903,567924.4809,183297.6009,0.9645
603270.SH,20250715,25.62,5.1989,1.25,56.3931,51.2671,2.5744,4.1418,561351.2809,181176.1009,0.9758
603270.SH,20250714,25.59,6.4259,1.93,56.327,51.2071,2.5714,4.1369,560693.9609,180963.9509,0.9769
603270.SH,20250711,24.89,3.9228,1.17,54.7862,49.8064,2.5011,4.0238,545356.4942,176013.7842,1.0044
603270.SH,20250710,24.72,3.0447,0.93,54.412,49.4662,2.484,3.9963,541631.6808,174811.6008,1.0113
603270.SH,20250709,24.95,4.3761,1.35,54.9183,49.9264,2.4946,4.0335,546671.1342,176438.0842,1.002
603270.SH,20250708,24.95,2.9546,0.88,54.9183,49.9264,2.4946,4.0335,546671.1342,176438.0842,1.002
603270.SH,20250707,24.77,2.3417,0.61,54.5221,49.5662,2.4766,4.0044,542727.2142,175165.1842,1.0093
603270.SH,20250704,24.66,4.0723,1.06,54.28,49.3461,2.4656,3.9866,540317.0408,174387.3008,1.0138
603270.SH,20250703,25.16,2.6558,0.61,55.3805,50.3466,2.5156,4.0674,551272.3742,177923.1342,0.9936
603270.SH,20250702,25.14,4.1588,0.91,55.3365,50.3066,2.5136,4.0642,550834.1608,177781.7008,0.9944
603270.SH,20250701,25.52,3.4963,0.71,56.173,51.067,2.5515,4.1256,559160.2142,180468.9342,0.9796
603270.SH,20250630,25.69,4.7564,0.94,56.5471,51.4072,2.5685,4.1531,562885.0275,181671.1175,0.9731
603270.SH,20250627,25.46,4.1041,0.81,56.0409,50.947,2.5455,4.1159,557845.5742,180044.6342,0.9819
603270.SH,20250626,25.15,5.0851,1.02,55.3585,50.3266,2.5146,4.0658,551053.2675,177852.4175,0.994
603270.SH,20250625,25.72,5.4658,1.2,56.6132,51.4672,2.5715,4.1579,563542.3475,181883.2675,0.972
603270.SH,20250624,25.52,5.2684,1.23,56.173,51.067,2.5515,4.1256,559160.2142,180468.9342,0.9796
603270.SH,20250623,25.04,5.3748,1.33,55.1164,50.1065,2.5036,4.048,548643.0942,177074.5342,0.9984
603270.SH,20250620,24.28,4.0607,0.8,53.4435,48.5857,2.4276,3.9251,531990.9875,171700.0675,1.0297
603270.SH,20250619,24.73,4.6812,0.78,54.4341,49.4862,2.4726,3.9979,541850.7875,174882.3175,1.0109
603270.SH,20250618,25.08,3.3981,0.47,55.2045,50.1866,2.5076,4.0545,549519.5208,177357.4008,0.9968
603270.SH,20250617,25.29,3.8965,0.46,55.6667,50.6068,2.5286,4.0884,554120.7608,178842.4508,0.9885
603270.SH,20250616,25.22,4.1468,0.44,55.5126,50.4667,2.5216,4.0771,552587.0142,178347.4342,0.9913
603270.SH,20250613,25.02,9.2493,1.0,55.0724,50.0665,2.5016,4.0448,548204.8808,176933.1008,0.9992
603270.SH,20250612,26.09,9.137,0.91,57.4276,52.2076,2.6085,4.2178,571649.2942,184499.7842,0.9582
603270.SH,20250611,26.64,9.9451,1.07,58.6382,53.3082,2.6635,4.3067,583700.1609,188389.2009,0.9384
603270.SH,20250610,26.19,9.6246,1.11,57.6477,52.4077,2.6185,4.2339,573840.3609,185206.9509,0.9546
603270.SH,20250609,26.99,9.3002,1.04,59.4086,54.0086,2.6985,4.3632,591368.8942,190864.2842,0.9263
603270.SH,20250606,27.24,8.4584,0.86,59.9589,54.5088,2.7235,4.4037,596846.5609,192632.2009,0.9178
603270.SH,20250605,27.33,12.9985,1.42,60.157,54.6889,2.7325,4.4182,598818.5209,193268.6509,0.9147
603270.SH,20250604,26.53,6.2525,0.61,58.3961,53.0881,2.6525,4.2889,581289.9876,187611.3176,0.9423
603270.SH,20250603,26.47,6.2121,0.52,58.264,52.968,2.6465,4.2792,579975.3475,187187.0175,0.9445
603270.SH,20250530,26.17,10.9599,0.81,57.6037,52.3677,2.6165,4.2307,573402.1475,185065.5175,0.9553
603270.SH,20250529,27.01,12.6113,1.05,59.4526,54.0486,2.7005,4.3665,591807.1076,191005.7176,0.9256
603270.SH,20250528,26.05,9.7994,0.84,57.3396,52.1276,2.6045,4.2113,570772.8675,184216.9175,0.9597
603270.SH,20250527,26.87,11.7435,1.1,59.1445,53.7685,2.6865,4.3438,588739.6142,190015.6842,0.9304
603270.SH,20250526,27.35,14.6275,1.56,60.201,54.729,2.7345,4.4214,599256.7342,193410.0842,0.9141
603270.SH,20250523,27.13,18.8225,2.32,59.7168,54.2887,2.7125,4.3859,594436.3876,191854.3176,0.9215
603270.SH,20250522,26.31,5.1586,0.61,57.9118,52.6479,2.6305,4.2533,576469.6409,186055.5509,0.9502
603270.SH,20250521,26.3,7.854,0.9,57.8898,52.6279,2.6295,4.2517,576250.5342,185984.8342,0.9506
603270.SH,20250520,27.08,6.8771,0.76,59.6067,54.1887,2.7075,4.3778,593340.8542,191500.7342,0.9232
603270.SH,20250519,26.98,8.2705,0.81,59.3866,53.9886,2.6975,4.3616,591149.7876,190793.5676,0.9266
603270.SH,20250516,27.08,12.3927,1.27,59.6067,54.1887,2.7075,4.3778,593340.8542,191500.7342,0.9232
603270.SH,20250515,26.47,6.9658,0.64,58.264,52.968,2.6465,4.2792,579975.3475,187187.0175,0.9445
603270.SH,20250514,26.89,9.0589,0.68,59.1885,53.8085,2.6885,4.3471,589177.8276,190157.1176,0.9297
603270.SH,20250513,27.3,8.4328,0.57,60.091,54.6289,2.7295,4.4134,598161.2009,193056.5009,0.9158
603270.SH,20250512,27.62,14.1343,1.0,60.7953,55.2692,2.7615,4.4651,605172.6143,195319.4343,0.9051
603270.SH,20250509,27.25,10.1477,0.69,59.9809,54.5289,2.7245,4.4053,597065.6676,192702.9176,0.9174
603270.SH,20250508,27.66,12.2963,0.91,60.8834,55.3493,2.7655,4.4716,606049.0409,195602.3009,0.9038
603270.SH,20250507,27.48,21.8004,2.11,60.4872,54.9891,2.7475,4.4425,602105.1209,194329.4009,0.9098
603270.SH,20250506,27.34,15.302,1.76,60.179,54.709,2.7335,4.4198,599037.6276,193339.3676,0.9144
603270.SH,20250430,24.85,11.4605,1.28,54.6982,49.7263,2.4846,4.0173,544480.0675,175730.9175,1.006
603270.SH,20250429,23.83,12.8382,1.76,52.453,47.6852,2.3826,3.8524,522131.1875,168517.8175,1.0491
603270.SH,20250428,22.63,6.4693,0.9,37.4352,54.3195,2.3326,4.3631,495838.3874,160031.8174,1.1047
603270.SH,20250425,23.27,5.708,0.81,38.494,55.8558,2.3986,4.4865,509861.2141,164557.6841,1.0743
603270.SH,20250424,23.06,6.9405,1.05,38.1466,55.3517,2.377,4.446,505259.9741,163072.6341,1.0841
603270.SH,20250423,23.51,12.9553,2.09,38.891,56.4318,2.4233,4.5328,515119.7741,166254.8841,1.0634
603270.SH,20250422,22.32,4.4477,0.69,36.9224,53.5754,2.3007,4.3034,489046.0807,157839.6007,1.1201
603270.SH,20250421,22.58,5.9113,0.86,37.3525,54.1995,2.3275,4.3535,494742.8541,159678.2341,1.1072
603270.SH,20250418,21.74,4.9779,0.66,35.963,52.1833,2.2409,4.1915,476337.8941,153738.0341,1.15
603270.SH,20250417,21.92,4.8957,0.55,36.2607,52.6153,2.2595,4.2263,480281.8141,155010.9341,1.1405
603270.SH,20250416,22.01,10.7308,1.17,36.4096,52.8313,2.2687,4.2436,482253.7741,155647.3841,1.1358
603270.SH,20250415,22.96,5.5787,0.51,37.9811,55.1117,2.3667,4.4268,503068.9074,162365.4674,1.0889
603270.SH,20250414,22.92,8.1893,0.84,37.915,55.0156,2.3625,4.4191,502192.4808,162082.6008,1.0908
603270.SH,20250411,22.87,8.4218,0.82,37.8323,54.8956,2.3574,4.4094,501096.9474,161729.0174,1.0931
603270.SH,20250410,22.23,11.2281,1.19,36.7736,53.3594,2.2914,4.286,487074.1207,157203.1507,1.1246
603270.SH,20250409,21.32,12.3924,1.41,35.2682,51.1751,2.1976,4.1106,467135.414,150767.934,1.1726
603270.SH,20250408,20.08,14.2393,1.61,33.217,48.1987,2.0698,3.8715,439966.1873,141999.0673,1.245
603270.SH,20250407,21.59,2.7432,0.26,35.7148,51.8232,2.2254,4.1626,473051.2941,152677.2841,1.1579
603270.SH,20250403,23.99,10.6506,0.93,39.685,57.584,2.4728,4.6254,525636.8941,169649.2841,1.0421
603270.SH,20250402,25.6,7.1951,0.5,42.3483,61.4485,2.6388,4.9358,560913.0675,181034.6675,0.9766
603270.SH,20250401,25.44,9.1681,0.58,42.0836,61.0645,2.6223,4.9049,557407.3608,179903.2008,0.9827
603270.SH,20250331,26.41,14.5145,0.91,43.6882,63.3928,2.7223,5.0919,578660.7075,186762.7175,0.9466
603270.SH,20250328,29.34,11.6471,0.67,48.5351,70.4258,3.0243,5.6569,642858.961,207482.701,0.8521
603270.SH,20250327,28.65,14.9417,0.71,47.3937,68.7696,2.9532,5.5238,627740.601,202603.251,0.8726
603270.SH,20250326,30.35,21.1994,1.0,50.2059,72.8501,3.1284,5.8516,664988.7343,214625.0843,0.8237
603270.SH,20250325,28.6,16.5167,0.77,47.311,68.6495,2.948,5.5142,626645.0676,202249.6676,0.8741
603270.SH,20250324,27.74,15.2401,0.73,45.8884,66.5853,2.8594,5.3484,607801.8943,196168.0343,0.9012
603270.SH,20250321,29.3,19.2078,0.97,48.469,70.3298,3.0202,5.6491,641982.5343,207199.8343,0.8532
603270.SH,20250320,31.29,32.9829,1.89,51.7609,75.1064,3.2253,6.0328,685584.761,221272.451,0.799
603270.SH,20250319,31.08,22.5238,1.23,51.4135,74.6024,3.2036,5.9923,680983.521,219787.401,0.8044
603270.SH,20250318,28.25,16.7948,0.82,46.732,67.8094,2.9119,5.4467,618976.3343,199774.5843,0.885
603270.SH,20250317,27.27,12.2234,0.49,45.1109,65.4571,2.8109,5.2578,597503.8809,192844.3509,0.9168
603270.SH,20250314,26.79,14.3928,0.44,44.3168,64.3049,2.7614,5.1652,586986.7609,189449.9509,0.9332
603270.SH,20250313,27.24,21.2965,0.66,45.0612,65.3851,2.8078,5.252,596846.5609,192632.2009,0.9178
603270.SH,20250312,29.07,27.0922,0.93,48.0885,69.7777,2.9965,5.6048,636943.081,205573.351,0.86
603270.SH,20250311,28.7,27.6994,1.09,47.4764,68.8896,2.9583,5.5335,628836.1343,202956.8343,0.8711
603270.SH,20250310,28.02,33.0583,1.59,46.3515,67.2573,2.8882,5.4024,613936.8809,198148.1009,0.8922
603270.SH,20250307,28.27,53.8916,3.89,46.7651,67.8574,2.914,5.4506,619414.5476,199916.0176,0.8843
603270.SH,20250306,27.24,19.8282,1.49,45.0612,65.3851,2.8078,5.252,596846.5609,192632.2009,0.9178
603270.SH,20250305,24.76,11.4778,0.75,40.9588,59.4323,2.5522,4.7738,542508.1075,175094.4675,1.0097
603270.SH,20250304,24.37,8.8267,0.58,40.3136,58.4961,2.512,4.6986,533962.9475,172336.5175,1.0259
603270.SH,20250303,23.83,9.9042,0.62,39.4203,57.2,2.4563,4.5945,522131.1875,168517.8175,1.0491
603270.SH,20250228,24.15,19.1604,1.21,39.9497,57.9681,2.4893,4.6562,529142.6008,170780.7508,1.0352
603270.SH,20250227,25.1,17.3823,0.93,41.5212,60.2484,2.5872,4.8394,549957.7342,177498.8342,0.996
603270.SH,20250226,24.73,21.11,1.19,40.9091,59.3603,2.5491,4.768,541850.7875,174882.3175,1.0109
603270.SH,20250225,24.26,9.0939,0.5,40.1316,58.2321,2.5007,4.6774,531552.7741,171558.6341,1.0305
603270.SH,20250224,24.53,13.516,0.75,40.5783,58.8802,2.5285,4.7295,537468.6542,173467.9842,1.0192
603270.SH,20250221,24.83,18.353,1.07,41.0746,59.6003,2.5594,4.7873,544041.8542,175589.4842,1.0068
603270.SH,20250220,25.27,30.927,1.99,41.8024,60.6564,2.6048,4.8721,553682.5475,178701.0175,0.9893
603270.SH,20250219,24.6,16.6207,0.86,40.6941,59.0482,2.5357,4.743,539002.4008,173963.0008,1.0163
603270.SH,20250218,22.36,11.4895,0.51,36.9886,53.6715,2.3048,4.3111,489922.5074,158122.4674,1.1181
603270.SH,20250217,23.22,13.1411,0.55,38.4112,55.7357,2.3935,4.4769,508765.6808,164204.1008,1.0767
603270.SH,20250214,22.98,13.6025,0.58,38.0142,55.1597,2.3687,4.4306,503507.1208,162506.9008,1.0879
603270.SH,20250213,23.43,22.9002,1.11,38.7586,56.2398,2.4151,4.5174,513366.9208,165689.1508,1.067
603270.SH,20250212,25.19,35.833,2.48,41.6701,60.4644,2.5965,4.8567,551929.6942,178135.2842,0.9925
603270.SH,20250211,26.41,26.9059,2.58,43.6882,63.3928,2.7223,5.0919,578660.7075,186762.7175,0.9466
603270.SH,20250210,24.01,21.0463,2.6,39.7181,57.632,2.4749,4.6292,526075.1075,169790.7175,1.0412
603270.SH,20250207,21.83,9.6174,1.0,36.1119,52.3993,2.2502,4.2089,478309.8541,154374.4841,1.1452
603270.SH,20250206,21.69,9.401,0.8,35.8803,52.0632,2.2357,4.1819,475242.3607,153384.4507,1.1526
603270.SH,20250205,20.69,5.3497,0.44,34.226,49.6629,2.1327,3.9891,453331.694,146312.784,1.2083
603270.SH,20250127,20.31,6.6708,0.54,33.5974,48.7508,2.0935,3.9158,445005.6407,143625.5507,1.2309
603270.SH,20250124,21.1,9.5044,0.77,34.9043,50.647,2.1749,4.0682,462315.0674,149212.1674,1.1848
603270.SH,20250123,21.58,16.9288,1.33,35.6983,51.7992,2.2244,4.1607,472832.1874,152606.5674,1.1585
603270.SH,20250122,21.79,20.5082,1.89,36.0457,52.3033,2.2461,4.2012,477433.4274,154091.6174,1.1473
603270.SH,20250121,21.26,6.8508,0.65,35.1689,51.0311,2.1914,4.099,465820.774,150343.634,1.1759
603270.SH,20250120,21.14,7.783,0.8,34.9704,50.7431,2.1791,4.0759,463191.494,149495.034,1.1826
603270.SH,20250117,20.92,9.8748,1.15,34.6065,50.215,2.1564,4.0334,458371.1474,147939.2674,1.195
603270.SH,20250116,20.98,18.4204,3.28,34.7058,50.359,2.1626,4.045,459685.7874,148363.5674,1.1916
603270.SH,20250115,21.54,11.2969,2.73,35.6321,51.7032,2.2203,4.153,471955.7607,152323.7007,1.1606
603270.SH,20250114,19.58,5.4144,1.44,32.3898,46.9985,2.0183,3.7751,429010.854,138463.234,1.2768
603270.SH,20250113,18.75,3.7602,1.03,31.0168,45.0063,1.9327,3.6151,410825.0006,132593.7506,1.3333
603270.SH,20250110,18.57,3.9329,1.04,30.7191,44.5742,1.9141,3.5804,406881.0806,131320.8506,1.3463
603270.SH,20250109,19.25,3.6772,0.95,31.8439,46.2064,1.964,3.7115,421780.334,136129.584,1.2987
300660.SZ,20260702,29.11,3.6793,1.96,56.6017,62.4242,4.726,4.0484,1692098.8025,1691081.1169,1.0004
300660.SZ,20260701,28.45,2.2973,1.37,55.3184,61.0088,4.6189,3.9566,1653734.4875,1652739.8755,1.0236
300660.SZ,20260630,27.86,1.8851,1.18,54.1712,59.7436,4.5231,3.8745,1619439.115,1618465.1294,1.0453
300660.SZ,20260629,26.23,1.7494,0.98,51.0018,56.2482,4.2584,3.6478,1524690.8825,1523773.8817,1.1102
300660.SZ,20260626,25.98,1.5828,0.89,50.5157,55.7121,4.2179,3.6131,1510158.945,1509250.6842,1.1209
300660.SZ,20260625,27.18,1.8486,1.09,52.849,58.2854,4.4127,3.7799,1579912.245,1578962.0322,1.0714
300660.SZ,20260624,28.01,1.3429,0.78,54.4629,60.0653,4.5474,3.8954,1628158.2775,1627179.0479,1.0397
300660.SZ,20260623,28.6,1.4878,0.87,55.6101,61.3305,4.6432,3.9774,1662453.65,1661453.794,1.0182
300660.SZ,20260622,28.93,2.658,1.71,56.2518,62.0382,4.6968,4.0233,1681635.8075,1680624.4147,1.0066
300660.SZ,20260618,30.49,1.5131,0.89,59.285,65.3835,4.9501,4.2403,1772315.0975,1771249.1671,0.9551
300660.SZ,20260617,30.04,1.4598,0.83,58.41,64.4185,4.877,4.1777,1746157.61,1745107.4116,0.9694
300660.SZ,20260616,30.85,1.5167,0.8,59.985,66.1555,5.0085,4.2903,1793241.0875,1792162.5715,0.944
300660.SZ,20260615,30.29,1.3618,0.61,58.8961,64.9546,4.9176,4.2125,1760689.5475,1759630.6091,0.9614
300660.SZ,20260612,29.46,1.905,0.79,57.2823,63.1747,4.7828,4.097,1712443.515,1711413.5934,0.9885
300660.SZ,20260611,29.72,2.2367,0.99,57.7878,63.7323,4.9486,4.1332,1727556.7657,1726517.6891,0.9798
300660.SZ,20260610,32.0,1.807,0.82,62.2211,68.6216,5.3283,4.4503,1860088.0384,1858969.248,0.91
300660.SZ,20260609,33.97,2.1968,1.12,66.0516,72.8461,5.6563,4.7242,1974599.7083,1973412.0423,0.8573
300660.SZ,20260608,34.66,3.0294,1.97,67.3932,74.3257,5.7712,4.8202,2014707.8566,2013496.0667,0.8402
300660.SZ,20260605,33.84,2.8354,2.16,65.7988,72.5673,5.6347,4.7062,1967043.1006,1965859.9798,0.8605
300660.SZ,20260604,32.43,1.4611,1.06,63.0572,69.5437,5.3999,4.5101,1885082.9714,1883949.1473,0.898
300660.SZ,20260603,31.99,1.453,0.96,62.2016,68.6001,5.3266,4.4489,1859506.7609,1858388.3201,0.9103
300660.SZ,20260602,42.87,1.2865,0.49,64.1206,70.7165,5.3538,4.5861,1916874.3813,1915721.4355,0.8831
300660.SZ,20260601,42.69,1.2146,0.42,63.8514,70.4196,5.3313,4.5669,1908825.9234,1907677.8186,0.8868
300660.SZ,20260529,42.49,2.2496,0.74,63.5523,70.0897,5.3064,4.5455,1899883.1925,1898740.4664,0.891
300660.SZ,20260528,45.36,2.3558,0.67,67.8449,74.8239,5.6648,4.8525,2028211.3817,2026991.4699,0.8346
300660.SZ,20260527,47.0,2.7188,0.8,70.2979,77.5292,5.8696,5.0279,2101541.7756,2100277.7576,0.8055
300660.SZ,20260526,48.54,4.7112,1.54,72.6012,80.0695,6.0619,5.1927,2170400.804,2168663.1642,0.7799
300660.SZ,20260525,47.14,2.477,0.73,70.5073,77.7601,5.8871,5.0429,2107801.6873,2106114.1648,0.8031
300660.SZ,20260522,48.06,3.0217,0.81,71.8833,79.2777,6.002,5.1413,2148938.2497,2147217.793,0.7877
300660.SZ,20260521,47.58,4.6068,1.44,71.1654,78.4859,5.942,5.09,2127475.6954,2125772.4218,0.7957
300660.SZ,20260520,46.46,2.2039,0.73,69.4902,76.6384,5.8021,4.9702,2077396.402,2075733.2223,0.8148
300660.SZ,20260519,47.6,2.9644,1.07,71.1953,78.5189,5.9445,5.0921,2128369.9685,2126665.9789,0.7953
300660.SZ,20260518,47.74,4.2511,1.79,71.4047,78.7498,5.962,5.1071,2134629.8802,2132920.8789,0.793
300660.SZ,20260515,46.27,4.5792,2.12,69.206,76.325,5.7784,4.9499,2068900.8076,2067244.4295,0.8182
300660.SZ,20260514,43.71,2.0262,0.94,65.377,72.1021,5.4587,4.676,1954433.8513,1952869.1164,0.8661
300660.SZ,20260513,44.56,1.2787,0.59,66.6484,73.5042,5.5649,4.7669,1992440.4579,1990845.2946,0.8496
300660.SZ,20260512,44.41,1.7709,0.86,66.424,73.2568,5.5461,4.7509,1985733.4097,1984143.616,0.8524
300660.SZ,20260511,44.97,2.247,1.18,67.2616,74.1806,5.6161,4.8108,2010773.0564,2009163.2158,0.8418
300660.SZ,20260508,45.52,3.4987,2.35,68.0842,75.0878,5.6848,4.8696,2035365.5665,2033736.037,0.8317
300660.SZ,20260507,44.3,1.9621,1.46,66.2595,73.0754,5.5324,4.7391,1980814.9076,1979229.0518,0.8546
300660.SZ,20260506,43.34,1.4314,1.15,64.8236,71.4918,5.4125,4.6364,1937889.799,1936338.3094,0.8735
300660.SZ,20260430,42.53,1.1003,0.85,63.6121,70.1556,5.3113,4.5498,1901671.7386,1900149.2455,0.8901
300660.SZ,20260429,42.22,1.496,1.26,63.1484,69.6443,5.2726,4.5166,1887810.5057,1886299.1099,0.8967
300660.SZ,20260428,41.13,1.4594,1.3,62.4487,57.7638,5.3023,5.2257,1839072.6219,1837600.2461,0.9204
300660.SZ,20260427,43.02,1.2537,1.13,65.3183,60.4182,5.5459,5.4659,1923581.4295,1922041.3952,0.88
300660.SZ,20260424,42.03,0.894,0.76,63.8152,59.0278,5.4183,5.3401,1879314.9112,1877810.3171,0.9007
300660.SZ,20260423,42.46,1.3881,1.27,64.4681,59.6317,5.4738,5.3947,1898541.7828,1897021.7955,0.8916
300660.SZ,20260422,43.86,0.9538,0.84,66.5937,61.5979,5.6542,5.5726,1961140.8995,1959570.7949,0.8631
300660.SZ,20260421,43.63,1.1404,1.01,66.2445,61.2749,5.6246,5.5434,1950856.7589,1949294.8878,0.8677
300660.SZ,20260420,44.0,1.1658,1.09,66.8063,61.7945,5.6723,5.5904,1967400.8112,1965825.6948,0.8604
300660.SZ,20260417,44.0,1.2287,1.14,66.8063,61.7945,5.6723,5.5904,1967400.8112,1965825.6948,0.8604
300660.SZ,20260416,43.77,0.9978,0.94,66.4571,61.4715,5.6426,5.5612,1957116.6706,1955549.7878,0.8649
300660.SZ,20260415,43.2,1.1563,1.03,65.5916,60.671,5.5692,5.4887,1931629.8874,1930083.4094,0.8763
300660.SZ,20260414,43.84,1.0909,1.08,66.5634,61.5698,5.6517,5.5701,1960246.6264,1958677.2377,0.8635
300660.SZ,20260413,43.29,0.8762,0.9,65.7283,60.7974,5.5808,5.5002,1935654.1163,1934104.4165,0.8745
300660.SZ,20260410,43.21,1.2846,1.46,65.6068,60.685,5.5704,5.49,1932077.0239,1930530.188,0.8761
300660.SZ,20260409,42.22,0.8975,1.0,64.1037,59.2946,5.4428,5.3642,1887810.5057,1886299.1099,0.8967
300660.SZ,20260408,43.21,1.4774,1.83,65.6068,60.685,5.5704,5.49,1932077.0239,1930530.188,0.8761
300660.SZ,20260407,40.66,0.5359,0.61,61.7351,57.1037,5.2417,5.166,1818057.2042,1816601.6534,0.9311
300660.SZ,20260403,40.82,0.6703,0.72,61.978,57.3285,5.2623,5.1864,1825211.3889,1823750.1105,0.9274
300660.SZ,20260402,41.83,0.8105,0.82,63.5115,58.7469,5.3925,5.3147,1870372.1803,1868874.7458,0.905
300660.SZ,20260401,43.09,0.9847,0.94,65.4246,60.5165,5.555,5.4748,1926711.3853,1925168.8452,0.8786
300660.SZ,20260331,42.25,1.0404,0.91,64.1492,59.3368,5.4467,5.368,1889151.9153,1887639.4456,0.896
300660.SZ,20260330,42.66,0.9046,0.68,64.7717,59.9126,5.4995,5.4201,1907484.5138,1905957.3668,0.8874
300660.SZ,20260327,42.51,0.9187,0.68,64.544,59.7019,5.4802,5.4011,1900777.4655,1899255.6883,0.8905
300660.SZ,20260326,42.07,1.0915,0.79,63.8759,59.084,5.4235,5.3452,1881103.4574,1879597.4314,0.8999
300660.SZ,20260325,42.71,1.2736,0.97,64.8477,59.9828,5.506,5.4265,1909720.1965,1908191.2597,0.8864
300660.SZ,20260324,41.95,1.5207,1.31,63.6937,58.9154,5.408,5.3299,1875737.8189,1874236.0886,0.9024
300660.SZ,20260323,42.0,1.8776,1.95,63.7697,58.9857,5.4145,5.3363,1877973.5016,1876469.9814,0.9014
300660.SZ,20260320,42.85,1.0377,1.16,65.0602,60.1794,5.524,5.4443,1915980.1082,1914446.1596,0.8835
300660.SZ,20260319,43.75,1.2014,1.43,66.4267,61.4434,5.6401,5.5586,1956222.3975,1954656.2306,0.8653
300660.SZ,20260318,45.4,0.8959,1.04,68.932,63.7607,5.8528,5.7683,2029999.9279,2028374.6942,0.8339
300660.SZ,20260317,45.34,0.81,0.83,68.8409,63.6764,5.845,5.7606,2027317.1086,2025694.0228,0.835
300660.SZ,20260316,46.34,0.8603,0.79,70.3592,65.0809,5.9739,5.8877,2072030.7634,2070371.8795,0.8169
300660.SZ,20260313,46.02,0.7083,0.65,69.8733,64.6314,5.9327,5.847,2057722.3939,2056074.9653,0.8226
300660.SZ,20260312,46.85,0.92,0.84,71.1335,65.7971,6.0397,5.9525,2094834.7274,2093157.5864,0.8081
300660.SZ,20260311,47.71,1.0073,0.91,72.4393,67.0049,6.1506,6.0618,2133288.4705,2131580.5432,0.7935
300660.SZ,20260310,48.05,1.3571,1.16,72.9555,67.4824,6.1944,6.105,2148491.1131,2146771.0144,0.7879
300660.SZ,20260309,46.53,1.4251,1.17,70.6477,65.3477,5.9984,5.9118,2080526.3578,2078860.6723,0.8136
300660.SZ,20260306,47.33,0.7501,0.57,71.8623,66.4712,6.1016,6.0135,2116297.2817,2114602.9576,0.7999
300660.SZ,20260305,47.14,0.966,0.68,71.5738,66.2044,6.0771,5.9893,2107801.6873,2106114.1648,0.8031
300660.SZ,20260304,46.94,1.007,0.64,71.2702,65.9235,6.0513,5.9639,2098858.9563,2097178.5935,0.8065
300660.SZ,20260303,47.13,1.7082,1.05,71.5587,66.1903,6.0758,5.9881,2107354.5507,2105667.3863,0.8032
300660.SZ,20260302,49.9,1.6409,1.01,75.7644,70.0806,6.4329,6.34,2231211.3745,2229425.0493,0.7587
300660.SZ,20260227,51.94,1.2417,0.78,78.8618,72.9456,6.6959,6.5992,2322427.2303,2320567.877,0.7289
300660.SZ,20260226,52.3,1.5192,1.02,79.4084,73.4512,6.7423,6.6449,2338524.146,2336651.9054,0.7238
300660.SZ,20260225,53.29,1.7639,1.13,80.9115,74.8416,6.8699,6.7707,2382790.6643,2380882.9835,0.7104
300660.SZ,20260224,53.89,1.9681,1.43,81.8225,75.6842,6.9473,6.847,2409618.8572,2407689.6976,0.7025
300660.SZ,20260213,53.85,1.6615,1.23,81.7618,75.6281,6.9421,6.8419,2407830.311,2405902.5833,0.703
300660.SZ,20260212,53.1,1.0321,0.74,80.6231,74.5747,6.8454,6.7466,2374295.0699,2372394.1908,0.7129
300660.SZ,20260211,52.91,1.0417,0.73,80.3346,74.3079,6.8209,6.7224,2365799.4755,2363905.398,0.7155
300660.SZ,20260210,53.68,2.1038,1.54,81.5037,75.3893,6.9202,6.8203,2400228.9897,2398307.3477,0.7052
300660.SZ,20260209,52.61,1.0537,0.7,79.8791,73.8866,6.7823,6.6843,2352385.379,2350502.041,0.7196
300660.SZ,20260206,51.9,1.5015,0.95,78.8011,72.8894,6.6907,6.5941,2320638.6841,2318780.7627,0.7294
300660.SZ,20260205,51.21,1.2563,0.73,77.7534,71.9204,6.6018,6.5064,2289786.2623,2287953.0416,0.7393
300660.SZ,20260204,53.05,1.2525,0.69,80.5471,74.5045,6.839,6.7402,2372059.3871,2370160.2979,0.7136
300660.SZ,20260203,53.29,1.7474,0.87,80.9115,74.8416,6.8699,6.7707,2382790.6643,2380882.9835,0.7104
300660.SZ,20260202,51.81,1.7654,0.74,78.6644,72.763,6.6791,6.5827,2316614.4552,2314759.7556,0.7307
300660.SZ,20260130,52.41,1.9025,0.7,79.5754,73.6057,6.7565,6.6589,2343442.6481,2341566.4696,0.7223
300660.SZ,20260129,51.83,1.9008,0.58,78.6948,72.7911,6.6817,6.5852,2317508.7283,2315653.3128,0.7304
300660.SZ,20260128,53.08,1.7514,0.45,80.5927,74.5467,6.8428,6.744,2373400.7968,2371500.6336,0.7132
300660.SZ,20260127,54.43,2.7274,0.6,82.6424,76.4426,7.0169,6.9156,2433764.2308,2431815.7402,0.6955
300660.SZ,20260126,54.0,3.6929,0.74,81.9896,75.8387,6.9614,6.8609,2414537.3592,2412604.2618,0.7011
300660.SZ,20260123,56.61,3.5573,0.69,85.9524,79.5043,7.2979,7.1925,2531239.9982,2529213.4678,0.6687
300660.SZ,20260122,56.96,4.527,0.98,86.4838,79.9958,7.343,7.237,2546889.7774,2544850.7176,0.6646
300660.SZ,20260121,57.48,4.9914,1.16,87.2733,80.7261,7.4101,7.3031,2570140.8779,2568083.2031,0.6586
300660.SZ,20260120,57.21,5.8147,1.5,86.8634,80.3469,7.3753,7.2688,2558068.1911,2556020.1818,0.6617
300660.SZ,20260119,56.32,6.0573,1.72,85.5121,79.097,7.2605,7.1557,2518273.0383,2516256.8893,0.6722
300660.SZ,20260116,55.43,4.2551,1.27,84.1608,77.847,7.1458,7.0426,2478477.8856,2476493.5969,0.683
300660.SZ,20260115,53.6,1.9342,0.57,81.3822,75.2769,6.9099,6.8101,2396651.8973,2394733.1191,0.7063
300660.SZ,20260114,53.48,3.524,1.09,81.2,75.1084,6.8944,6.7949,2391286.2587,2389371.7763,0.7079
300660.SZ,20260113,54.95,3.5595,1.14,83.432,77.1729,7.0839,6.9816,2457015.3313,2455048.2257,0.6889
300660.SZ,20260112,56.98,4.3595,1.52,86.5142,80.0239,7.3456,7.2395,2547784.0505,2545744.2748,0.6644
300660.SZ,20260109,55.31,3.3459,1.09,83.9786,77.6785,7.1303,7.0274,2473112.247,2471132.2541,0.6845
300660.SZ,20260108,54.02,2.1552,0.56,82.0199,75.8668,6.964,6.8635,2415431.6323,2413497.8189,0.7008
300660.SZ,20260107,54.18,2.698,0.64,82.2629,76.0915,6.9846,6.8838,2422585.8171,2420646.276,0.6987
300660.SZ,20260106,54.3,2.9862,0.65,82.4451,76.26,7.0001,6.899,2427951.4556,2426007.6188,0.6972
300660.SZ,20260105,54.25,3.1827,0.65,82.3691,76.1898,6.9937,6.8927,2425715.7729,2423773.726,0.6978
300660.SZ,20251231,54.82,4.262,1.01,83.2346,76.9903,7.0672,6.9651,2451202.5561,2449240.1043,0.9849
300660.SZ,20251230,56.45,6.2021,1.87,85.7095,79.2795,7.2773,7.1722,2524085.8135,2522065.0107,0.9564
300660.SZ,20251229,53.94,4.5562,1.53,81.8985,75.7545,6.9537,6.8533,2411854.5399,2409923.5904,1.0009
300660.SZ,20251226,53.14,4.8589,2.07,80.6838,74.6309,6.8506,6.7517,2376083.6161,2374181.305,1.016
300660.SZ,20251225,52.11,4.4379,2.67,79.1199,73.1844,6.7178,6.6208,2330028.5516,2328163.1126,1.0361
300660.SZ,20251224,48.85,1.1008,0.65,74.1702,68.606,6.2975,6.2066,2184262.037,2182513.2998,1.1052
300660.SZ,20251223,48.63,1.6277,0.98,73.8361,68.297,6.2692,6.1786,2174425.0329,2172684.1713,1.1102
300660.SZ,20251222,49.7,2.8544,2.07,75.4608,69.7997,6.4071,6.3146,2222268.6436,2220489.478,1.0863
300660.SZ,20251219,47.47,1.7041,1.24,72.0749,66.6679,6.1196,6.0313,2122557.1934,2120857.8575,1.1373
300660.SZ,20251218,46.23,1.0123,0.69,70.1922,64.9264,5.9598,5.8737,2067112.2614,2065457.3152,1.1678
300660.SZ,20251217,46.86,1.2658,0.82,71.1487,65.8112,6.041,5.9538,2095281.8639,2093604.365,1.1521
300660.SZ,20251216,46.06,1.4354,0.83,69.9341,64.6876,5.9379,5.8521,2059510.9401,2057862.0796,1.1722
300660.SZ,20251215,47.86,1.469,0.69,72.667,67.2156,6.1699,6.0808,2139995.5187,2138282.2217,1.1281
300660.SZ,20251212,49.65,1.6635,0.62,75.3848,69.7295,6.4007,6.3082,2220032.9608,2218255.5852,1.0874
300660.SZ,20251211,49.46,1.5206,0.43,75.0964,69.4626,6.3762,6.2841,2211537.3664,2209766.7924,1.0916
300660.SZ,20251210,50.25,1.6229,0.47,76.2958,70.5721,6.478,6.3845,2246861.1537,2245062.2992,1.0744
300660.SZ,20251209,50.44,2.3304,0.72,76.5843,70.839,6.5025,6.4086,2255356.7481,2253551.0919,1.0704
300660.SZ,20251208,51.77,3.5067,1.24,78.6037,72.7069,6.674,6.5776,2314825.909,2312972.6414,1.0429
300660.SZ,20251205,50.94,4.4322,1.96,77.3435,71.5412,6.567,6.4721,2277713.5755,2275890.0203,1.0599
300660.SZ,20251204,50.1,5.9577,4.46,76.0681,70.3615,6.4587,6.3654,2240154.1055,2238360.6207,1.0776
300660.SZ,20251203,46.04,0.884,0.58,69.9037,64.6595,5.9353,5.8496,2058616.667,2056968.5225,1.1727
300660.SZ,20251202,46.17,1.345,0.86,70.1011,64.8421,5.952,5.8661,2064429.4421,2062776.6438,1.1694
300660.SZ,20251201,47.89,1.4727,0.97,72.7126,67.2577,6.1738,6.0846,2141336.9284,2139622.5574,1.1274
300660.SZ,20251128,46.81,1.6333,1.05,71.0728,65.7409,6.0345,5.9474,2093046.1812,2091370.4721,1.1534
300660.SZ,20251127,47.17,1.3461,0.92,71.6194,66.2465,6.0809,5.9931,2109143.0969,2107454.5005,1.1446
300660.SZ,20251126,47.66,1.8115,1.41,72.3634,66.9347,6.1441,6.0554,2131052.7878,2129346.6503,1.1328
300660.SZ,20251125,47.13,1.5199,1.33,71.5587,66.1903,6.0758,5.9881,2107354.5507,2105667.3863,1.1455
300660.SZ,20251124,47.05,1.2881,1.18,71.4372,66.078,6.0655,5.9779,2103777.4583,2102093.1577,1.1475
300660.SZ,20251121,46.36,1.8318,1.95,70.3896,65.1089,5.9765,5.8902,2072925.0365,2071265.4366,1.1646
300660.SZ,20251120,46.4,0.8281,0.85,70.4503,65.1651,5.9817,5.8953,2074713.5827,2073052.5509,1.1636
300660.SZ,20251119,47.11,0.945,0.92,71.5283,66.1623,6.0732,5.9855,2106460.2776,2104773.8291,1.146
300660.SZ,20251118,47.38,0.8346,0.77,71.9382,66.5415,6.108,6.0198,2118532.9644,2116836.8504,1.1395
300660.SZ,20251117,47.71,1.0329,0.9,72.4393,67.0049,6.1506,6.0618,2133288.4705,2131580.5432,1.1316
300660.SZ,20251114,47.25,1.0526,0.88,71.7409,66.3589,6.0913,6.0033,2112720.1893,2111028.7291,1.1426
300660.SZ,20251113,48.47,1.0112,0.76,73.5932,68.0723,6.2485,6.1583,2167270.8482,2165535.7142,1.1139
300660.SZ,20251112,48.19,1.1792,0.88,73.1681,67.679,6.2124,6.1227,2154751.0248,2153025.9144,1.1203
300660.SZ,20251111,48.95,1.1347,0.71,74.322,68.7464,6.3104,6.2193,2188733.4025,2186981.0855,1.103
300660.SZ,20251110,49.65,1.3519,0.85,75.3848,69.7295,6.4007,6.3082,2220032.9608,2218255.5852,1.0874
300660.SZ,20251107,50.5,1.3265,0.79,76.6754,70.9232,6.5102,6.4162,2258039.5674,2256231.7634,1.0691
300660.SZ,20251106,52.32,1.7006,0.99,79.4388,73.4793,6.7449,6.6475,2339418.4191,2337545.4625,1.0319
300660.SZ,20251105,50.69,1.1865,0.64,76.9639,71.1901,6.5347,6.4404,2266535.1618,2264720.5561,1.0651
300660.SZ,20251104,51.01,2.3767,1.24,77.4498,71.6395,6.576,6.481,2280843.5313,2279017.4703,1.0584
300660.SZ,20251103,54.11,1.3863,0.68,82.1566,75.9932,6.9756,6.8749,2419455.8612,2417518.826,0.9978
300660.SZ,20251031,54.84,1.7309,0.85,83.2649,77.0184,7.0697,6.9677,2452096.8292,2450133.6614,0.9845
300660.SZ,20251030,54.43,1.8991,0.94,82.6424,76.4426,7.0169,6.9156,2433764.2308,2431815.7402,0.9919
300660.SZ,20251029,55.77,1.8815,0.95,84.677,80.7007,7.36,7.0858,2493680.5282,2491684.0682,0.9681
300660.SZ,20251028,56.26,2.6886,1.51,85.421,81.4097,7.4247,7.1481,2515590.219,2513576.2179,0.9596
300660.SZ,20251027,55.33,2.0166,1.17,84.0089,80.064,7.302,7.0299,2474006.5201,2472025.8112,0.9758
300660.SZ,20251024,54.25,1.7295,1.0,82.3691,78.5012,7.1594,6.8927,2425715.7729,2423773.726,0.9952
300660.SZ,20251023,52.5,1.8144,1.04,79.7121,75.9689,6.9285,6.6703,2347466.877,2345587.4768,1.0284
300660.SZ,20251022,54.29,1.6021,0.81,82.4299,78.5591,7.1647,6.8978,2427504.3191,2425560.8402,0.9945
300660.SZ,20251021,55.16,1.7151,0.81,83.7508,79.818,7.2795,7.0083,2466405.1988,2464430.5756,0.9788
300660.SZ,20251020,54.49,1.7791,0.77,82.7335,78.8485,7.1911,6.9232,2436447.0501,2434496.4116,0.9908
300660.SZ,20251017,52.95,1.7404,0.67,80.3953,76.6201,6.9879,6.7275,2367588.0217,2365692.5123,1.0196
300660.SZ,20251016,54.95,1.8784,0.68,83.432,79.5141,7.2518,6.9816,2457015.3313,2455048.2257,0.9825
300660.SZ,20251015,57.12,2.7727,1.04,86.7267,82.6542,7.5382,7.2573,2554043.9622,2551999.1747,0.9452
300660.SZ,20251014,53.8,2.4308,0.91,81.6859,77.8501,7.1,6.8355,2405594.6282,2403668.6905,1.0035
300660.SZ,20251013,56.12,2.6948,0.94,85.2084,81.2072,7.4062,7.1303,2509330.3074,2507321.318,0.962
300660.SZ,20251010,58.58,3.1431,1.04,88.9435,84.7668,7.7309,7.4428,2619325.8982,2617228.8455,0.9216
300660.SZ,20251009,58.99,2.7558,0.76,89.566,85.3601,7.785,7.4949,2637658.4967,2635546.7667,0.9152
300660.SZ,20250930,57.9,2.3422,0.59,87.911,83.7829,7.6411,7.3564,2588920.6129,2586847.9029,0.9325
300660.SZ,20250929,58.3,2.4716,0.59,88.5184,84.3617,7.6939,7.4073,2606806.0748,2604719.0456,0.9261
300660.SZ,20250926,56.79,3.5676,0.74,86.2257,82.1767,7.4946,7.2154,2539288.4561,2537255.482,0.9507
300660.SZ,20250925,60.18,3.9532,0.66,91.3728,87.0821,7.942,7.6461,2690867.7459,2688713.4162,0.8971
300660.SZ,20250924,62.21,5.8508,0.86,94.455,90.0195,8.2099,7.904,2781636.4651,2779409.4653,0.8679
300660.SZ,20250923,59.6,3.9683,0.49,90.4922,86.2428,7.8655,7.5724,2664933.8261,2662800.2593,0.9059
300660.SZ,20250922,59.41,3.4389,0.41,90.2037,85.9679,7.6882,7.5483,2656438.2317,2654311.4665,0.9088
300660.SZ,20250919,59.0,6.9673,0.87,89.5812,85.3746,7.6352,7.4962,2638105.6332,2635993.5453,0.9151
300660.SZ,20250918,64.13,9.8048,1.39,97.3702,92.7978,8.299,8.148,2867486.6823,2865190.9502,0.8419
300660.SZ,20250917,62.61,9.7001,1.66,95.0623,90.5984,8.1023,7.9549,2799521.927,2797280.608,0.8623
300660.SZ,20250916,61.99,10.1808,2.27,94.121,89.7012,8.0221,7.8761,2771799.4611,2769580.3368,0.8709
300660.SZ,20250915,54.3,5.3321,1.17,82.4451,78.5736,7.0269,6.899,2427951.4556,2426007.6188,0.9943
300660.SZ,20250912,53.29,5.1022,1.25,80.9115,77.1121,6.8962,6.7707,2382790.6643,2380882.9835,1.0131
300660.SZ,20250911,53.23,5.0581,1.35,80.8204,77.0252,6.8885,6.7631,2380107.845,2378202.3121,1.0143
300660.SZ,20250910,51.5,3.6177,0.96,78.1937,74.5219,6.6646,6.5433,2302753.2222,2300909.6201,1.0483
300660.SZ,20250909,51.58,3.3569,0.75,78.3152,74.6377,6.6749,6.5535,2306330.3146,2304483.8486,1.0467
300660.SZ,20250908,52.74,5.6357,1.39,80.0765,76.3162,6.825,6.7008,2358198.1542,2356310.1624,1.0237
300660.SZ,20250905,49.82,2.7433,0.65,75.643,72.0909,6.4472,6.3298,2227634.2821,2225850.8208,1.0837
300660.SZ,20250904,48.21,3.3935,0.79,73.1985,69.7612,6.2388,6.1253,2155645.2979,2153919.4715,1.1199
300660.SZ,20250903,49.93,3.7191,0.82,75.81,72.2501,6.4614,6.3438,2232552.7842,2230765.385,1.0813
300660.SZ,20250902,52.47,6.7937,1.67,79.6665,75.9255,6.7901,6.6665,2346125.4674,2344247.141,1.029
300660.SZ,20250901,50.9,3.5627,0.77,77.2827,73.6537,6.5869,6.4671,2275925.0293,2274102.906,1.0607
300660.SZ,20250829,51.5,3.4945,0.76,78.1937,74.5219,6.6646,6.5433,2302753.2222,2300909.6201,1.0483
300660.SZ,20250828,52.21,3.9837,0.82,79.2718,74.0989,6.929,6.6335,2334499.9171,2332630.8879,1.0341
300660.SZ,20250827,51.66,4.714,0.87,78.4367,73.3183,6.856,6.5636,2309907.407,2308058.0668,1.0451
300660.SZ,20250826,53.75,4.5493,0.74,81.61,76.2845,7.1334,6.8292,2403358.9455,2401434.7869,1.0045
300660.SZ,20250825,56.3,6.2934,1.04,85.4817,79.9036,7.4718,7.1532,2517378.7652,2515363.321,0.959
300660.SZ,20250822,52.96,3.5202,0.55,80.4105,75.1633,7.0285,6.7288,2368035.1582,2366139.2802,1.0194
300660.SZ,20250821,52.71,5.2143,0.81,80.0309,74.8085,6.9953,6.697,2356856.7445,2354969.8161,1.0243
300660.SZ,20250820,54.63,7.3619,1.28,82.9461,77.5335,7.2502,6.941,2442706.9617,2440751.3006,0.9883
300660.SZ,20250819,54.3,8.5282,1.87,82.4451,77.0651,7.2064,6.899,2427951.4556,2426007.608,0.9943
300660.SZ,20250818,50.24,5.616,1.42,76.2807,71.303,6.6675,6.3832,2246414.0172,2244615.5106,1.0746
300660.SZ,20250815,49.51,5.2924,1.53,75.1723,70.2669,6.5707,6.2905,2213773.0491,2212000.6753,1.0905
300660.SZ,20250814,48.32,5.4711,1.71,73.3655,68.578,6.4127,6.1393,2160563.7999,2158834.0261,1.1173
300660.SZ,20250813,48.32,3.757,1.05,73.3655,68.578,6.4127,6.1393,2160563.7999,2158834.0261,1.1173
300660.SZ,20250812,47.43,2.6138,0.65,72.0142,67.3149,6.2946,6.0262,2120768.6472,2119070.7338,1.1383
300660.SZ,20250811,47.83,2.5951,0.62,72.6215,67.8826,6.3477,6.077,2138654.1091,2136941.8764,1.1288
300660.SZ,20250808,47.71,2.8814,0.68,72.4393,67.7123,6.3318,6.0618,2133288.4705,2131580.5336,1.1316
300660.SZ,20250807,48.66,4.177,0.98,73.8817,69.0606,6.4579,6.1825,2175766.4426,2174024.4973,1.1095
300660.SZ,20250806,49.63,5.7036,1.55,75.3545,70.4372,6.5866,6.3057,2219138.6877,2217362.0181,1.0878
300660.SZ,20250805,48.15,4.6926,1.36,73.1074,68.3367,6.3902,6.1177,2152962.4786,2151238.7905,1.1213
300660.SZ,20250804,46.76,3.3659,0.96,70.9969,66.364,6.2057,5.9411,2090810.4984,2089136.5699,1.1546
300660.SZ,20250801,44.72,3.3813,1.01,67.8995,63.4687,5.935,5.6819,1999594.6427,1997993.7427,1.2073
300660.SZ,20250731,46.19,4.1782,1.38,70.1314,65.555,6.13,5.8686,2065323.7152,2063670.1917,1.1689
300660.SZ,20250730,45.7,2.8341,0.8,69.3875,64.8596,6.065,5.8064,2043414.0244,2041778.0421,1.1814
300660.SZ,20250729,46.61,3.4665,0.88,70.7691,66.1511,6.1858,5.922,2084103.4502,2082434.8915,1.1583
300660.SZ,20250728,46.9,3.5992,0.77,71.2094,66.5627,6.2243,5.9588,2097070.4101,2095391.4699,1.1512
300660.SZ,20250725,47.04,2.5834,0.51,71.422,66.7614,6.2429,5.9766,2103330.3218,2101646.3698,1.1477
300660.SZ,20250724,46.95,2.6835,0.45,71.2854,66.6336,6.2309,5.9652,2099306.0929,2097625.3627,1.1499
300660.SZ,20250723,46.86,5.29,0.83,71.1487,66.5059,6.219,5.9538,2095281.8639,2093604.3556,1.1521
300660.SZ,20250722,49.46,5.6193,0.92,75.0964,70.196,6.564,6.2841,2211537.3664,2209766.7825,1.0916
300660.SZ,20250721,49.4,7.2014,1.19,75.0053,70.1108,6.5561,6.2765,2208854.5471,2207086.1111,1.0929
300660.SZ,20250718,47.33,4.502,0.72,71.8623,67.173,6.2813,6.0135,2116297.2817,2114602.9481,1.1407
300660.SZ,20250717,46.92,7.4806,1.36,71.2398,66.5911,6.2269,5.9614,2097964.6832,2096285.027,1.1507
300660.SZ,20250716,47.56,6.9841,1.3,72.2115,67.4994,6.3119,6.0427,2126581.4223,2124878.8551,1.1352
300660.SZ,20250715,45.22,4.4417,0.85,68.6587,64.1783,6.0013,5.7454,2021951.4701,2020332.6709,1.1939
300660.SZ,20250714,46.27,6.748,1.59,70.2529,65.6686,6.1407,5.8788,2068900.8076,2067244.4203,1.1668
300660.SZ,20250711,44.59,5.4271,1.51,67.7021,63.2842,5.9177,5.6653,1993781.8675,1992185.6213,1.2108
300660.SZ,20250710,42.23,3.8578,1.16,64.1189,59.9348,5.6045,5.3655,1888257.6422,1886745.88,1.2785
300660.SZ,20250709,43.5,6.323,2.16,66.0471,61.7372,5.773,5.5269,1945043.9838,1943486.7578,1.2411
300660.SZ,20250708,42.99,3.9121,1.28,65.2728,61.0134,5.7054,5.4621,1922240.0199,1920701.0509,1.2559
300660.SZ,20250707,42.11,1.7044,0.49,63.9367,59.7645,5.5886,5.3503,1882892.0036,1881384.5372,1.2821
300660.SZ,20250704,42.39,2.1902,0.56,64.3618,60.1619,5.6257,5.3858,1895411.827,1893894.337,1.2736
300660.SZ,20250703,42.8,2.5456,0.53,64.9843,60.7438,5.6801,5.4379,1913744.4254,1912212.2582,1.2614
300660.SZ,20250702,42.22,4.2961,0.77,64.1037,59.9206,5.6032,5.3642,1887810.5057,1886299.1014,1.2788
300660.SZ,20250701,44.61,4.5265,0.66,67.7325,63.3126,5.9204,5.6679,1994676.1406,1993079.1785,1.2103
300660.SZ,20250630,44.24,3.7418,0.55,67.1707,62.7875,5.8713,5.6209,1978132.0884,1976548.3716,1.2204
300660.SZ,20250627,44.8,4.4699,0.66,68.021,63.5823,5.9456,5.692,2003171.735,2001567.9712,1.2051
300660.SZ,20250626,45.66,6.9334,1.01,69.3267,64.8028,6.0597,5.8013,2041625.4782,2039990.9278,1.1824
300660.SZ,20250625,45.41,8.3437,1.51,68.9471,64.448,6.0265,5.7695,2030447.0645,2028821.4637,1.1889
300660.SZ,20250624,45.52,10.9572,2.95,69.1142,64.6041,6.0411,5.7835,2035365.5665,2033736.0279,1.1861
300660.SZ,20250623,38.83,3.085,0.94,58.9566,55.1094,5.1533,4.9335,1736231.2159,1734841.1679,1.3904
300660.SZ,20250620,38.69,4.4303,1.67,58.744,54.9107,5.1347,4.9157,1729971.3042,1728586.268,1.3954
300660.SZ,20250619,40.2,7.6575,5.61,61.0367,57.0537,5.3351,5.1076,1797488.923,1796049.8313,1.343
300660.SZ,20250618,35.97,1.5092,1.14,54.6142,51.0503,4.7737,4.5701,1608350.1632,1607062.4983,1.501
300660.SZ,20250617,35.54,1.9041,1.43,53.9613,50.44,4.7166,4.5155,1589123.2916,1587851.02,1.5191
300660.SZ,20250616,35.24,0.988,0.66,53.5058,50.0143,4.6768,4.4774,1575709.1952,1574447.6631,1.5321
300660.SZ,20250613,35.34,1.2401,0.8,53.6576,50.1562,4.6901,4.4901,1580180.5606,1578915.4487,1.5277
300660.SZ,20250612,35.96,1.1788,0.63,54.599,51.0361,4.7724,4.5689,1607903.0266,1606615.7197,1.5014
300660.SZ,20250611,36.31,1.2965,0.69,55.1304,51.5329,4.8188,4.6133,1623552.8058,1622252.9695,1.4869
300660.SZ,20250610,36.06,1.9725,1.11,54.7508,51.178,4.7857,4.5816,1612374.3921,1611083.5054,1.4972
300660.SZ,20250609,36.76,1.7626,0.98,55.8136,52.1715,4.8786,4.6705,1643673.9504,1642358.0049,1.4687
300660.SZ,20250606,36.98,1.5173,0.84,56.1477,52.4838,4.9078,4.6985,1653510.9545,1652187.1334,1.46
300660.SZ,20250605,37.55,2.7833,1.78,57.0131,53.2927,4.9834,4.7709,1678997.7377,1677653.5116,1.4378
300660.SZ,20250604,36.62,1.3746,0.74,55.6011,51.9728,4.86,4.6527,1637414.0388,1636103.105,1.4743
300660.SZ,20250603,36.37,1.4703,0.82,55.2215,51.618,4.8268,4.621,1626235.6251,1624933.6409,1.4845
300660.SZ,20250530,36.48,1.8029,1.04,55.3885,51.7741,4.8414,4.6349,1631154.1271,1629848.2051,1.48
300660.SZ,20250529,52.97,2.1877,0.94,57.4469,53.6982,4.8735,4.8072,1691773.07,1690418.6165,1.4269
300660.SZ,20250528,53.25,2.2456,0.97,57.7506,53.9821,4.8992,4.8326,1700715.8009,1699354.1878,1.4194
300660.SZ,20250527,52.52,3.9357,2.0,56.9589,53.242,4.8321,4.7663,1677400.8237,1676057.8768,1.4392
300660.SZ,20250526,56.93,1.6003,0.69,61.7416,57.7127,5.2378,5.1666,1818248.8366,1816793.1251,1.3277
300660.SZ,20250523,56.7,2.2227,0.85,61.4922,57.4795,5.2167,5.1457,1810903.0218,1809453.1915,1.3331
300660.SZ,20250522,57.4,1.6806,0.59,62.2513,58.1891,5.2811,5.2092,1833259.8493,1831792.1198,1.3168
300660.SZ,20250521,58.35,2.1275,0.71,63.2816,59.1522,5.3685,5.2954,1863601.2579,1862109.2367,1.2954
300660.SZ,20250520,58.45,2.2223,0.66,63.3901,59.2536,5.3777,5.3045,1866795.0904,1865300.5122,1.2932
300660.SZ,20250519,58.39,3.3907,1.0,63.325,59.1927,5.3721,5.2991,1864878.7909,1863385.7469,1.2945
300660.SZ,20250516,60.04,3.7151,1.14,65.1145,60.8654,5.524,5.4488,1917577.027,1916041.7922,1.2589
300660.SZ,20250515,60.29,2.7288,0.79,65.3856,61.1189,5.547,5.4715,1925561.6082,1924019.9809,1.2537
300660.SZ,20250514,60.77,2.892,0.78,65.9062,61.6055,5.5911,5.5151,1940892.0042,1939338.1031,1.2438
300660.SZ,20250513,61.2,4.1254,1.06,66.3725,62.0414,5.6307,5.5541,1954625.4839,1953060.5876,1.2351
300660.SZ,20250512,61.65,3.5695,0.82,66.8605,62.4976,5.6721,5.5949,1968997.7301,1967421.3273,1.226
300660.SZ,20250509,59.9,2.9539,0.6,64.9626,60.7235,5.5111,5.4361,1913105.6615,1911574.0065,1.2619
300660.SZ,20250508,61.29,3.776,0.78,66.4701,62.1326,5.639,5.5623,1957499.9331,1955932.7356,1.2332
300660.SZ,20250507,60.45,4.0569,0.88,65.5591,61.2811,5.5617,5.486,1930671.7402,1929126.0216,1.2504
300660.SZ,20250506,61.19,5.0924,1.09,66.3617,62.0312,5.6298,5.5532,1954306.1006,1952741.4601,1.2353
300660.SZ,20250430,60.0,5.905,1.26,65.0711,60.8249,5.5203,5.4452,1916299.494,1914765.282,1.2598
300660.SZ,20250429,57.65,5.7273,1.47,62.5225,58.4426,5.3041,5.2319,1841244.4305,1839770.3085,1.3111
300660.SZ,20250428,53.86,3.3819,0.9,58.4121,54.6005,4.9554,4.888,1720198.1791,1718820.9681,1.4034
300660.SZ,20250425,53.17,3.0497,0.9,57.6638,57.6638,5.0398,4.8253,1698160.7349,1696801.1674,1.4216
300660.SZ,20250424,53.7,5.2006,1.95,58.2386,58.2386,5.09,4.8734,1715088.0471,1713714.9274,1.4075
300660.SZ,20250423,53.12,6.1317,3.39,57.6096,57.6096,5.0351,4.8208,1696563.8187,1695205.5297,1.4229
300660.SZ,20250422,48.29,1.7825,0.91,48.6335,50.4045,4.6491,5.0128,1542301.7094,1541135.6508,1.5652
300660.SZ,20250421,49.4,2.6246,1.31,49.7514,51.5631,4.756,5.1281,1577753.2501,1576560.3883,1.5301
300660.SZ,20250418,47.78,1.1774,0.48,48.1199,49.8722,4.6,4.9599,1526013.1637,1524859.4201,1.5819
300660.SZ,20250417,47.83,1.6398,0.55,48.1702,49.9244,4.6048,4.9651,1527610.08,1526455.129,1.5803
300660.SZ,20250416,48.46,1.8298,0.53,48.8047,50.5819,4.6655,5.0305,1547731.2247,1546561.061,1.5597
300660.SZ,20250415,49.29,2.5607,0.69,49.6406,51.4483,4.7454,5.1166,1574240.0343,1573049.8287,1.5335
300660.SZ,20250414,49.03,2.7846,0.73,49.3788,51.1769,4.7203,5.0896,1565936.0698,1564752.1424,1.5416
300660.SZ,20250411,48.67,3.4134,0.97,49.0162,50.8011,4.6857,5.0523,1554438.2729,1553263.0384,1.553
300660.SZ,20250410,47.5,4.3301,1.45,47.8379,49.5799,4.573,4.9308,1517070.4328,1515923.4503,1.5913
300660.SZ,20250409,45.56,4.1738,1.67,45.8841,47.555,4.3863,4.7294,1455110.0824,1454009.9451,1.659
300660.SZ,20250408,43.3,3.8322,1.69,43.608,45.196,4.1687,4.4948,1382929.4682,1381883.9031,1.7456
300660.SZ,20250407,42.29,3.4479,1.83,42.5908,44.1418,4.0714,4.39,1350671.76,1349650.5834,1.7873
300660.SZ,20250403,52.86,1.8059,0.91,53.236,55.1746,5.0891,5.4872,1688259.8542,1686983.4438,1.4299
300660.SZ,20250402,54.97,1.7087,0.76,55.361,57.377,5.2922,5.7063,1755649.7198,1754322.3592,1.375
300660.SZ,20250401,54.4,1.7368,0.67,54.787,56.782,5.2373,5.6471,1737444.8746,1736131.2778,1.3894
300660.SZ,20250331,55.51,2.6219,0.99,55.9049,57.9407,5.3442,5.7623,1772896.4152,1771556.0152,1.3617
300660.SZ,20250328,56.15,1.5299,0.49,56.5494,58.6087,5.4058,5.8288,1793336.9431,1791981.0891,1.3461
300660.SZ,20250327,56.83,2.2921,0.63,57.2342,59.3185,5.4713,5.8993,1815055.0041,1813682.7301,1.33
300660.SZ,20250326,57.31,3.1204,0.75,57.7177,59.8195,5.5175,5.9492,1830385.4,1829001.5354,1.3189
300660.SZ,20250325,55.81,3.3968,0.8,56.207,58.2538,5.3731,5.7935,1782477.9127,1781130.2686,1.3543
300660.SZ,20250324,58.4,2.947,0.66,58.8154,60.9572,5.6224,6.0623,1865198.1742,1863787.9894,1.2943
300660.SZ,20250321,59.44,3.9306,0.85,59.8628,62.0427,5.7226,6.1703,1898414.0321,1896978.7344,1.2716
300660.SZ,20250320,62.69,4.8372,1.03,63.1359,65.435,6.0354,6.5077,2002213.588,2000699.8126,1.2057
300660.SZ,20250319,63.7,5.7752,1.27,64.1531,66.4893,6.1327,6.6125,2034471.2961,2032933.1322,1.1866
300660.SZ,20250318,62.08,3.6353,0.73,62.5216,64.7983,5.9767,6.4443,1982731.2098,1981232.164,1.2175
300660.SZ,20250317,61.6,4.0414,0.7,62.0382,64.2973,5.9305,6.3945,1967400.8138,1965913.3586,1.227
300660.SZ,20250314,61.33,4.7346,0.74,61.7663,64.0155,5.9045,6.3665,1958777.4661,1957296.5306,1.2324
300660.SZ,20250313,58.53,5.3106,0.79,58.9463,61.0929,5.6349,6.0758,1869350.1564,1867936.8325,1.2914
300660.SZ,20250312,63.28,4.9817,0.7,63.7301,66.0509,6.0922,6.5689,2021057.1997,2019529.1775,1.1945
300660.SZ,20250311,64.46,5.9188,0.8,64.9185,67.2826,6.2058,6.6914,2058744.4231,2057187.9074,1.1726
300660.SZ,20250310,67.17,7.9472,1.18,67.6478,70.1112,6.4668,6.9727,2145297.2835,2143675.3295,1.1253
300660.SZ,20250307,65.23,7.917,1.2,65.694,68.0863,6.28,6.7713,2083336.9332,2081761.8244,1.1588
300660.SZ,20250306,63.24,6.8647,1.0,63.6898,66.0091,6.0884,6.5647,2019779.6667,2018252.6104,1.1952
300660.SZ,20250305,62.9,6.8023,0.83,63.3474,65.6542,6.0557,6.5294,2008920.6362,2007401.7899,1.2017
300660.SZ,20250304,62.35,7.3181,0.85,62.7935,65.0802,6.0027,6.4724,1991354.5575,1989848.9921,1.2123
300660.SZ,20250303,60.13,4.6401,0.46,60.5577,62.7629,5.789,6.2419,1920451.4762,1918999.5171,1.257
300660.SZ,20250228,61.0,7.3518,0.63,61.4339,63.671,5.8727,6.3322,1948237.8189,1946764.8519,1.2391
300660.SZ,20250227,66.51,8.0556,0.64,66.9831,69.4223,6.4032,6.9042,2124217.9891,2122611.9721,1.1365
300660.SZ,20250226,68.47,13.7819,1.13,68.957,71.4681,6.5919,7.1077,2186817.1059,2185163.7608,1.1039
300660.SZ,20250225,71.37,9.344,0.76,71.8777,74.4951,6.8711,7.4087,2279438.2481,2277714.8767,1.0591
300660.SZ,20250224,71.05,11.8991,1.06,71.5554,74.1611,6.8403,7.3755,2269217.9841,2267502.3398,1.0638
300660.SZ,20250221,74.8,15.0116,1.66,75.3321,78.0753,7.2013,7.7648,2388986.7025,2387180.5069,1.0105
300660.SZ,20250220,62.33,12.9087,1.66,62.7734,65.0593,6.0008,6.4703,1990715.791,1989210.7085,1.2127
300660.SZ,20250219,58.34,12.0397,1.8,58.755,60.8946,5.6167,6.0561,1863281.8747,1861873.1387,1.2956
300660.SZ,20250218,51.0,9.938,1.65,51.3628,53.2332,4.91,5.2941,1628854.5699,1627623.0729,1.4821
300660.SZ,20250217,49.67,6.2515,1.05,50.0233,51.8449,4.782,5.1561,1586376.5978,1585177.2163,1.5218
300660.SZ,20250214,46.34,4.0878,0.58,46.6696,48.3691,4.4614,4.8104,1480021.9759,1478903.0039,1.6311
300660.SZ,20250213,47.17,6.6797,0.89,47.5055,49.2355,4.5413,4.8966,1506530.7855,1505391.7715,1.6024
300660.SZ,20250212,50.0,6.4593,0.86,50.3557,52.1894,4.8137,5.1903,1596916.245,1595708.895,1.5117
300660.SZ,20250211,49.66,6.7123,0.91,50.0132,51.8345,4.781,5.155,1586057.2145,1584858.0745,1.5221
300660.SZ,20250210,48.8,5.9565,0.75,49.1471,50.9368,4.6982,5.0658,1558590.2551,1557411.8815,1.5489
300660.SZ,20250207,49.68,9.5544,1.15,50.0334,51.8554,4.7829,5.1571,1586695.981,1585496.3581,1.5214
300660.SZ,20250206,49.41,8.9715,1.2,49.7615,51.5735,4.7569,5.1291,1578072.6333,1576879.53,1.5298
300660.SZ,20250205,45.24,6.396,0.82,45.5618,47.221,4.3555,4.6962,1444889.8185,1443797.4082,1.6708
300660.SZ,20250127,43.99,6.1449,0.85,44.3029,45.9162,4.2351,4.5665,1404966.9124,1403904.6858,1.7182
300660.SZ,20250124,47.0,8.5258,1.35,47.3343,49.058,4.5249,4.8789,1501101.2703,1499966.3613,1.6082
300660.SZ,20250123,46.58,11.4774,2.2,46.9113,48.6196,4.4845,4.8353,1487687.1738,1486562.4066,1.6227
300660.SZ,20250122,42.3,4.9292,0.87,42.6009,44.1522,4.0724,4.391,1350991.1433,1349969.7252,1.7869
300660.SZ,20250121,43.84,7.9489,1.38,44.1518,45.7596,4.2207,4.5509,1400176.1636,1399117.5591,1.7241
300660.SZ,20250120,42.03,3.3327,0.52,42.329,43.8704,4.0464,4.363,1342367.7955,1341352.8971,1.7984
300660.SZ,20250117,42.23,3.8673,0.55,42.5304,44.0792,4.0657,4.3838,1348755.4605,1347735.7327,1.7898
300660.SZ,20250116,42.38,6.0572,0.87,42.6815,44.2357,4.0801,4.3993,1353546.2093,1352522.8594,1.7835
300660.SZ,20250115,43.65,7.2327,1.08,43.9605,45.5613,4.2024,4.5312,1394107.8819,1393053.8653,1.7316
300660.SZ,20250114,43.54,8.276,1.48,43.8497,45.4465,4.1918,4.5197,1390594.6661,1389543.3058,1.736
300660.SZ,20250113,40.59,6.4962,1.34,40.8787,42.3673,3.9078,4.2135,1296376.6077,1295396.481,1.8622
300660.SZ,20250110,39.85,7.1035,1.65,40.1335,41.5949,3.8365,4.1367,1272742.2473,1271779.9893,1.8967
300660.SZ,20250109,40.07,5.8094,1.4,40.355,41.8246,3.8577,4.1595,1279768.6787,1278801.1085,1.8863
300681.SZ,20260702,29.19,4.7265,1.02,48.0934,38.5388,2.8906,2.3059,893375.7126,673690.0212,0.0859
300681.SZ,20260701,29.8,5.1904,1.2,49.0985,39.3442,2.951,2.3541,912045.092,687768.504,0.0842
300681.SZ,20260630,28.62,3.7456,0.86,47.1543,37.7863,2.8342,2.2608,875930.5548,660534.7176,0.0876
300681.SZ,20260629,27.66,5.35,1.18,45.5726,36.5188,2.7391,2.185,846549.2364,638378.4168,0.0907
300681.SZ,20260626,28.36,5.2035,1.18,46.7259,37.443,2.8084,2.2403,867973.1144,654534.0528,0.0884
300681.SZ,20260625,29.88,3.6113,0.79,49.2303,39.4498,2.9589,2.3604,914493.5352,689614.8624,0.0839
300681.SZ,20260624,30.66,3.689,0.78,50.5154,40.4796,3.0362,2.422,938365.8564,707616.8568,0.0818
300681.SZ,20260623,30.78,3.994,0.84,50.7131,40.6381,3.0481,2.4315,942038.5212,710386.3944,0.0815
300681.SZ,20260622,30.68,6.2192,1.31,50.5484,40.506,3.0382,2.4236,938977.9672,708078.4464,0.0817
300681.SZ,20260618,31.8,4.4891,0.93,52.3937,41.9847,3.1491,2.512,973256.172,733927.464,0.0789
300681.SZ,20260617,32.26,4.4965,0.92,53.1516,42.5921,3.1946,2.5484,987334.7204,744544.0248,0.0777
300681.SZ,20260616,31.7,4.378,0.83,52.2289,41.8527,3.1392,2.5041,970195.618,731619.516,0.0791
300681.SZ,20260615,31.31,4.2601,0.77,51.5863,41.3378,3.1006,2.4733,958259.4574,722618.5188,0.0801
300681.SZ,20260612,30.3,6.0557,1.07,49.9223,40.0043,3.0005,2.3935,927347.862,699308.244,0.0828
300681.SZ,20260611,30.33,4.852,0.71,49.9717,40.0439,3.0221,2.3959,928265.8462,700000.5131,0.0827
300681.SZ,20260610,31.48,5.0192,0.66,51.8664,41.5622,3.1366,2.4868,963462.2103,726541.9108,0.0797
300681.SZ,20260609,32.56,6.0924,0.8,53.6458,42.9881,3.2243,2.5721,996516.187,751467.7451,0.077
300681.SZ,20260608,31.53,5.703,0.7,51.9488,41.6282,3.1223,2.4907,964992.487,727695.8846,0.0795
300681.SZ,20260605,32.47,6.6163,0.81,53.4975,42.8693,3.2154,2.565,993761.689,749390.5922,0.0772
300681.SZ,20260604,32.35,10.6657,1.28,53.2998,42.7109,3.2035,2.5555,990089.0249,746621.0551,0.0775
300681.SZ,20260603,34.18,9.1027,1.17,56.3149,45.127,3.3848,2.7,1046097.1521,788856.4965,0.0734
300681.SZ,20260602,32.64,6.1026,0.78,53.7776,43.0938,3.2323,2.5784,998964.6298,753314.1032,0.0768
300681.SZ,20260601,31.82,8.194,1.16,52.4266,42.0111,3.1511,2.5136,973868.0919,734388.9327,0.0788
300681.SZ,20260529,32.76,6.7693,1.02,53.9753,43.2522,3.2441,2.5879,1002637.2938,756083.6403,0.0765
300681.SZ,20260528,34.79,11.544,2.04,57.32,45.9323,3.4452,2.7482,1064766.5279,802934.977,0.0721
300681.SZ,20260527,31.12,6.139,1.18,51.2733,41.0869,3.0817,2.4583,952444.2181,718233.2993,0.0806
300681.SZ,20260526,32.2,6.3938,1.25,53.0527,42.5128,3.1887,2.5436,985498.1948,743159.1336,0.0779
300681.SZ,20260525,33.44,4.3734,0.75,55.0957,44.15,3.3115,2.6416,1023449.057,771777.6841,0.075
300681.SZ,20260522,33.57,4.6198,0.74,55.3099,44.3216,3.3244,2.6519,1027427.7764,774778.016,0.0747
300681.SZ,20260521,33.25,6.8188,1.15,54.7827,43.8991,3.2927,2.6266,1017634.0055,767392.5837,0.0754
300681.SZ,20260520,33.69,3.9026,0.63,55.5076,44.48,3.3362,2.6613,1031100.4405,777547.5532,0.0744
300681.SZ,20260519,34.28,5.8215,0.98,56.4797,45.259,3.3947,2.7079,1049157.7055,791164.4441,0.0732
300681.SZ,20260518,33.36,8.004,1.33,54.9639,44.0444,3.3036,2.6353,1021000.6142,769931.326,0.0752
300681.SZ,20260515,34.38,6.7417,1.14,56.6445,45.391,3.4046,2.7158,1052218.2589,793472.3918,0.0729
300681.SZ,20260514,33.66,5.1409,0.85,55.4582,44.4404,3.3333,2.659,1030182.2744,776855.1689,0.0745
300681.SZ,20260513,33.58,5.2639,0.83,55.3264,44.3348,3.3253,2.6527,1027733.8317,775008.8108,0.0747
300681.SZ,20260512,32.8,4.671,0.73,54.0413,43.305,3.2481,2.591,1003861.5152,757006.8194,0.0765
300681.SZ,20260511,33.3,8.2916,1.39,54.8651,43.9651,3.2976,2.6305,1019164.2822,768546.5575,0.0753
300681.SZ,20260508,32.58,6.216,1.06,53.6788,43.0145,3.2263,2.5737,997128.2977,751929.3346,0.077
300681.SZ,20260507,31.64,5.7065,0.95,52.13,41.7735,3.1332,2.4994,968359.0958,730234.627,0.0793
300681.SZ,20260506,31.68,6.6363,1.05,52.1959,41.8263,3.1372,2.5026,969583.3171,731157.806,0.0792
300681.SZ,20260430,30.66,5.1903,0.78,50.5154,40.4796,3.0362,2.422,938365.6724,707616.7403,0.0818
300681.SZ,20260429,31.38,6.0747,0.88,51.7017,41.4302,3.1075,2.4789,960401.6569,724233.9632,0.0799
300681.SZ,20260428,30.75,5.6998,0.77,50.6637,40.5984,3.0451,2.4291,941120.1705,709693.8932,0.0816
300681.SZ,20260427,30.81,6.5459,0.83,50.7625,40.6777,3.051,2.4338,942956.5025,711078.6617,0.0814
300681.SZ,20260424,29.77,8.0116,0.86,49.049,39.3046,2.9481,2.3517,911126.7472,687076.0065,0.0842
300681.SZ,20260423,30.38,6.9905,0.68,50.0541,40.1099,3.0085,2.3999,929796.1229,701154.487,0.0825
300681.SZ,20260422,30.56,7.3556,0.6,50.3506,40.3476,3.0263,2.4141,935305.119,705308.7927,0.0821
300681.SZ,20260421,29.9,8.2307,0.7,49.2632,39.4762,2.9609,2.362,915105.4666,690076.3384,0.0839
300681.SZ,20260420,29.42,8.8708,0.83,48.4724,38.8425,2.9134,2.324,900414.8103,678998.1898,0.0852
300681.SZ,20260417,29.58,15.3735,1.77,48.736,39.0537,2.9292,2.3367,905311.6957,682690.906,0.0848
300681.SZ,20260416,27.52,11.4429,1.32,45.3419,36.3339,2.7252,2.1739,842264.2957,635147.185,0.0911
300681.SZ,20260415,26.95,17.0317,2.65,44.4028,35.5814,2.6688,2.1289,824819.1413,621991.8836,0.093
300681.SZ,20260414,25.42,6.016,0.97,109.5732,46.0999,2.5681,3.2019,777992.6743,586680.285,0.0986
300681.SZ,20260413,24.76,3.7101,0.53,106.7282,44.9029,2.5014,3.1188,757793.0218,571447.8307,0.1013
300681.SZ,20260410,24.59,5.1172,0.79,105.9954,44.5946,2.4843,3.0974,752590.0811,567524.3198,0.102
300681.SZ,20260409,24.8,11.4163,2.44,106.9007,44.9755,2.5055,3.1238,759017.2432,572371.0098,0.1011
300681.SZ,20260408,23.61,5.8946,1.51,101.7711,42.8174,2.3853,2.9739,722596.6577,544906.4331,0.1062
300681.SZ,20260407,22.85,4.7941,1.47,98.4952,41.4391,2.3085,2.8782,699336.4519,527366.0312,0.1097
300681.SZ,20260403,23.27,8.0924,4.04,100.3056,42.2008,2.3509,2.9311,712190.7762,537059.4112,0.1078
300681.SZ,20260402,21.38,2.282,1.17,92.1587,38.7732,2.16,2.6931,654346.3169,493439.2012,0.1173
300681.SZ,20260401,21.69,2.2991,1.17,93.495,39.3354,2.1913,2.7321,663834.0325,500593.8388,0.1156
300681.SZ,20260331,21.05,1.9906,0.94,90.7362,38.1747,2.1266,2.6515,644246.4907,485822.974,0.1191
300681.SZ,20260330,21.21,1.6029,0.62,91.4259,38.4649,2.1428,2.6716,649143.3761,489515.6902,0.1182
300681.SZ,20260327,21.34,1.842,0.7,91.9863,38.7007,2.1559,2.688,653122.0956,492516.0221,0.1175
300681.SZ,20260326,21.15,2.0043,0.75,91.1673,38.3561,2.1367,2.6641,647307.0441,488130.9216,0.1186
300681.SZ,20260325,21.5,2.3668,0.9,92.676,38.9908,2.1721,2.7082,658018.981,496208.7383,0.1166
300681.SZ,20260324,21.03,2.7306,1.12,90.65,38.1385,2.1246,2.649,643634.38,485361.3845,0.1192
300681.SZ,20260323,20.43,3.9547,1.94,88.0637,37.0504,2.064,2.5734,625271.0596,471513.6988,0.1227
300681.SZ,20260320,21.64,2.0965,1.04,93.2794,39.2447,2.1862,2.7258,662303.7558,499439.865,0.1159
300681.SZ,20260319,22.0,2.1366,1.05,94.8312,39.8976,2.2226,2.7712,673321.748,507748.4764,0.114
300681.SZ,20260318,22.5,2.2016,1.05,96.9865,40.8044,2.2731,2.8341,688624.515,519288.2145,0.1115
300681.SZ,20260317,22.5,1.8518,0.86,96.9865,40.8044,2.2731,2.8341,688624.515,519288.2145,0.1115
300681.SZ,20260316,22.87,1.8922,0.76,98.5814,41.4754,2.3105,2.8807,699948.5626,527827.6207,0.1096
300681.SZ,20260313,22.81,2.0184,0.8,98.3227,41.3666,2.3044,2.8732,698112.2305,526442.8521,0.1099
300681.SZ,20260312,22.95,2.2398,0.85,98.9262,41.6205,2.3186,2.8908,702397.0053,529673.9788,0.1093
300681.SZ,20260311,23.38,2.4621,0.89,100.7797,42.4003,2.362,2.945,715557.3849,539598.1536,0.1073
300681.SZ,20260310,23.63,2.1174,0.66,101.8574,42.8536,2.3873,2.9765,723208.7684,545368.0226,0.1061
300681.SZ,20260309,23.21,3.6745,1.03,100.0469,42.092,2.3449,2.9236,710354.4441,535674.6426,0.108
300681.SZ,20260306,23.59,2.1155,0.58,101.6849,42.7811,2.3832,2.9714,721984.5471,544444.8436,0.1063
300681.SZ,20260305,23.22,2.7982,0.76,100.09,42.1101,2.3459,2.9248,710660.4995,535905.4374,0.108
300681.SZ,20260304,22.83,3.0774,0.83,98.4089,41.4028,2.3065,2.8757,698724.3412,526904.4416,0.1098
300681.SZ,20260303,23.18,4.4387,1.33,99.9176,42.0376,2.3418,2.9198,709436.2781,534982.2583,0.1082
300681.SZ,20260302,24.38,5.3281,1.93,105.0902,44.2138,2.4631,3.0709,746162.9189,562677.6298,0.1029
300681.SZ,20260227,25.58,2.5682,0.93,110.2628,46.39,2.5843,3.2221,782889.5597,590373.0012,0.098
300681.SZ,20260226,25.77,2.9413,1.07,111.0818,46.7346,2.6035,3.246,788704.6112,594758.1017,0.0973
300681.SZ,20260225,25.74,3.2426,1.17,110.9525,46.6802,2.6004,3.2422,787786.4452,594065.7174,0.0974
300681.SZ,20260224,26.07,2.5944,0.78,112.375,47.2787,2.6338,3.2838,797886.2714,601681.9445,0.0962
300681.SZ,20260213,25.91,2.4317,0.71,111.6853,46.9885,2.6176,3.2637,792989.3859,597989.2283,0.0968
300681.SZ,20260212,25.89,2.6197,0.71,111.5991,46.9522,2.6156,3.2611,792377.2753,597527.6388,0.0969
300681.SZ,20260211,26.01,2.8551,0.75,112.1164,47.1698,2.6277,3.2763,796049.9393,600297.176,0.0964
300681.SZ,20260210,26.36,3.3765,0.89,113.625,47.8046,2.6631,3.3203,806761.8762,608374.9926,0.0951
300681.SZ,20260209,26.3,5.3597,1.55,113.3321,47.6813,2.657,3.3118,804681.7432,606746.4231,0.0954
300681.SZ,20260206,25.24,2.8256,0.78,108.7643,45.7596,2.5499,3.1783,772249.7034,582292.0045,0.0994
300681.SZ,20260205,25.42,4.165,1.12,109.54,46.0859,2.5681,3.201,777757.0309,586444.6416,0.0987
300681.SZ,20260204,25.25,3.4341,0.93,108.8074,45.7777,2.5509,3.1796,772555.666,582522.7066,0.0993
300681.SZ,20260203,24.88,3.1002,0.76,107.213,45.1069,2.5136,3.133,761235.0483,573986.7303,0.1008
300681.SZ,20260202,24.65,3.7279,0.75,106.2219,44.6899,2.4903,3.104,754197.9076,568680.5828,0.1018
300681.SZ,20260130,25.04,3.7568,0.75,107.9025,45.397,2.5297,3.1531,766130.4506,577677.9632,0.1002
300681.SZ,20260129,25.41,4.5044,0.93,109.4969,46.0678,2.5671,3.1997,777451.0682,586213.9395,0.0987
300681.SZ,20260128,25.86,3.3327,0.65,111.436,46.8836,2.6126,3.2564,791219.387,596595.5323,0.097
300681.SZ,20260127,26.36,4.9846,0.97,113.5906,47.7901,2.6631,3.3193,806517.519,608130.6354,0.0952
300681.SZ,20260126,26.6,8.3966,1.95,114.6248,48.2252,2.6873,3.3496,813860.6224,613667.4849,0.0943
300681.SZ,20260123,27.89,3.7708,0.83,120.1837,50.564,2.8177,3.512,853329.803,643428.0509,0.0899
300681.SZ,20260122,27.45,3.6346,0.78,118.2877,49.7662,2.7732,3.4566,839867.4468,633277.1602,0.0914
300681.SZ,20260121,27.72,4.8868,0.98,119.4511,50.2557,2.8005,3.4906,848128.4381,639506.1159,0.0905
300681.SZ,20260120,27.19,4.9835,1.0,117.1673,49.2949,2.7469,3.4239,831912.4182,627278.9066,0.0923
300681.SZ,20260119,27.06,4.2107,0.81,116.6071,49.0592,2.7338,3.4075,827934.9038,624279.7798,0.0927
300681.SZ,20260116,27.3,4.932,0.97,117.6413,49.4943,2.758,3.4377,835278.0072,629816.6293,0.0919
300681.SZ,20260115,26.84,4.1822,0.75,115.659,48.6603,2.7116,3.3798,821203.7258,619204.3344,0.0935
300681.SZ,20260114,26.74,6.7431,1.3,115.2281,48.479,2.7015,3.3672,818144.0994,606368.5377,0.0938
300681.SZ,20260113,26.4,4.9824,0.93,113.763,47.8626,2.6671,3.3244,807741.3696,598658.5414,0.095
300681.SZ,20260112,27.29,5.3804,0.95,117.5982,49.4762,2.757,3.4364,834972.0446,618840.5907,0.0919
300681.SZ,20260109,26.55,4.5782,0.82,114.4094,48.1346,2.6823,3.3433,812330.8092,602060.0103,0.0945
300681.SZ,20260108,26.52,6.5437,1.33,114.2801,48.0802,2.6792,3.3395,811412.9213,601379.7165,0.0946
300681.SZ,20260107,26.24,4.4646,0.97,112.8995,47.4993,2.654,3.2991,801610.0266,593794.367,0.0956
300681.SZ,20260106,26.5,5.9521,1.47,114.0181,47.97,2.6803,3.3318,809552.8089,599678.0003,0.0948
300681.SZ,20260105,26.12,6.7191,2.06,112.1419,47.1806,2.6462,3.277,796230.945,589767.5521,0.0962
300681.SZ,20251231,25.06,4.6292,1.49,102.9618,43.3183,2.6282,3.0087,731050.736,532966.0259,0.0991
300681.SZ,20251230,24.84,3.4343,1.14,102.0579,42.938,2.6051,2.9823,724632.8923,528287.1542,0.1045
300681.SZ,20251229,24.72,2.9759,0.96,101.5649,42.7306,2.5926,2.9679,721132.2504,525735.0423,0.105
300681.SZ,20251226,24.61,3.3225,1.05,101.1129,42.5405,2.581,2.9547,717923.3285,523395.6065,0.1054
300681.SZ,20251225,24.78,2.9807,0.94,101.8114,42.8343,2.5988,2.9751,722882.5713,527011.0983,0.1047
300681.SZ,20251224,24.34,2.8242,0.8,100.0036,42.0737,2.5527,2.9223,710046.884,517653.3548,0.1066
300681.SZ,20251223,24.04,2.8944,0.68,98.771,41.5552,2.5212,2.8863,701295.2791,511273.0752,0.1079
300681.SZ,20251222,24.38,3.5355,0.82,100.168,42.1429,2.5569,2.9271,711213.7647,518504.0587,0.1064
300681.SZ,20251219,24.04,3.5129,0.82,98.771,41.5552,2.5212,2.8863,701295.2791,511273.0752,0.1079
300681.SZ,20251218,23.75,3.1262,0.66,96.172,40.4617,2.521,2.8103,682841.4845,495111.5618,0.1109
300681.SZ,20251217,24.02,5.1426,1.04,91.6302,38.5509,2.6887,2.6776,650593.8421,460729.7266,0.1096
300681.SZ,20251216,23.71,7.1434,1.75,90.4476,38.0533,2.654,2.6431,642197.3354,454783.5894,0.1179
300681.SZ,20251215,24.68,4.3461,1.13,94.1479,39.6101,2.7626,2.7512,668470.2757,473389.2444,0.1132
300681.SZ,20251212,25.43,3.601,0.98,97.009,40.8138,2.8465,2.8348,688784.4049,487775.0602,0.1099
300681.SZ,20251211,25.42,5.4389,1.81,96.9708,40.7978,2.8454,2.8337,688513.5498,487583.2493,0.1099
300681.SZ,20251210,26.56,4.3165,1.62,100.1814,42.1485,3.0051,2.9275,711309.2616,501367.9249,0.1052
300681.SZ,20251209,27.17,2.8035,1.13,101.8316,42.8428,3.0932,2.9757,723026.0024,508262.9708,0.104
300681.SZ,20251208,27.79,3.295,1.44,104.1553,43.8205,3.1637,3.0436,739524.9395,519861.1689,0.1024
300681.SZ,20251205,27.77,2.8974,1.37,104.0804,43.7889,3.1615,3.0414,738992.7158,519487.0334,0.1024
300681.SZ,20251204,27.41,2.0677,0.93,102.7311,43.2213,3.1205,3.002,729412.6877,512752.5959,0.1038
300681.SZ,20251203,27.58,2.3736,1.13,103.3683,43.4893,3.1398,3.0206,733936.5899,515932.7469,0.1031
300681.SZ,20251202,28.16,1.7688,0.8,105.5421,44.4039,3.2059,3.0841,749371.0794,526782.6742,0.101
300681.SZ,20251201,28.4,2.3339,0.96,106.4416,44.7823,3.2332,3.1104,755757.7648,531272.2992,0.1002
300681.SZ,20251128,28.3,2.0378,0.77,106.0668,44.6247,3.2218,3.0995,753096.6459,529401.6221,0.1005
300681.SZ,20251127,27.91,2.5482,0.99,104.6051,44.0097,3.1774,3.0568,742718.2822,522105.9814,0.1019
300681.SZ,20251126,27.61,1.7812,0.64,103.4807,43.5366,3.1432,3.0239,734734.9255,516493.9501,0.103
300681.SZ,20251125,27.8,2.3516,0.78,104.1928,43.8362,3.1649,3.0447,739791.0514,520048.2366,0.1023
300681.SZ,20251124,27.9,3.3769,1.14,104.5676,43.9939,3.1763,3.0557,742452.1703,521918.9137,0.102
300681.SZ,20251121,27.16,3.1095,1.0,101.7941,42.8271,3.092,2.9746,722759.8905,508075.9031,0.1047
300681.SZ,20251120,27.47,2.2299,0.61,102.956,43.3159,3.1273,3.0086,731009.3591,513875.0021,0.1036
300681.SZ,20251119,27.97,2.7894,0.65,104.83,44.1043,3.1842,3.0633,744314.9535,523228.3877,0.1017
300681.SZ,20251118,28.55,3.6273,0.64,107.0038,45.0189,3.2503,3.1269,759749.4431,534078.3149,0.0996
300681.SZ,20251117,29.14,3.0049,0.54,109.2151,45.9492,3.3174,3.1915,775450.0445,545115.3099,0.0976
300681.SZ,20251114,29.38,3.9009,0.69,110.1146,46.3276,3.3448,3.2178,781836.7299,549604.9349,0.0968
300681.SZ,20251113,29.91,4.8257,0.87,112.101,47.1634,3.4051,3.2758,795940.66,559519.5236,0.0951
300681.SZ,20251112,30.33,6.0256,1.21,113.6751,47.8256,3.4529,3.3218,807117.3593,567376.3675,0.0938
300681.SZ,20251111,31.38,10.4896,2.55,117.6105,49.4813,3.5724,3.4368,835059.1077,587018.4771,0.0906
300681.SZ,20251110,29.82,2.7079,0.57,111.7637,47.0215,3.3948,3.2659,793545.653,557835.9142,0.0954
300681.SZ,20251107,29.61,4.3109,0.8,110.9766,46.6903,3.3709,3.2429,787957.3033,553907.4923,0.0961
300681.SZ,20251106,30.45,4.3572,0.8,114.1249,48.0149,3.4666,3.3349,810310.702,569621.18,0.0934
300681.SZ,20251105,29.8,3.0485,0.5,111.6887,46.9899,3.3926,3.2638,793013.4292,557461.7788,0.0955
300681.SZ,20251104,29.95,6.1296,1.06,112.2509,47.2264,3.4096,3.2802,797005.1076,560267.7944,0.095
300681.SZ,20251103,31.21,5.9226,0.96,115.5872,48.6301,3.5581,3.3777,820693.3817,573996.5022,0.0922
300681.SZ,20251031,31.88,7.6042,1.33,118.0685,49.6741,3.6345,3.4502,838311.5992,586318.7597,0.0903
300681.SZ,20251030,31.08,4.9333,0.83,115.0994,48.4249,3.5434,3.3634,817229.8681,571560.5629,0.0926
300681.SZ,20251029,31.93,6.3944,0.93,118.2472,49.7492,3.6404,3.4554,839580.1058,587192.0454,0.0902
300681.SZ,20251028,31.29,4.6586,0.63,115.8771,48.7521,3.5674,3.3862,822751.6915,575422.4586,0.092
300681.SZ,20251027,31.48,7.3768,0.97,116.5807,49.0481,3.589,3.4067,827747.627,578916.5547,0.0914
300681.SZ,20251024,31.69,5.1996,0.67,117.3584,49.3753,3.613,3.4294,833269.4504,582778.4504,0.0908
300681.SZ,20251023,31.86,6.1402,0.76,117.988,49.6402,3.6324,3.4478,837739.498,585904.7469,0.0904
300681.SZ,20251022,31.43,11.1815,1.61,116.3955,48.9702,3.5833,3.4013,826432.9071,577997.0557,0.0916
300681.SZ,20251021,31.61,7.1265,0.98,117.0621,113.2079,3.8191,3.4208,831165.8987,581307.252,0.0911
300681.SZ,20251020,30.47,8.2603,1.14,112.8403,109.1251,3.6814,3.2974,801190.2857,560342.6754,0.0945
300681.SZ,20251017,28.82,5.9087,0.72,106.7299,103.2158,3.4821,3.1189,757804.5302,529999.2092,0.0999
300681.SZ,20251016,30.56,7.9402,1.07,113.1736,109.4475,3.6923,3.3072,803556.7815,561997.7735,0.0942
300681.SZ,20251015,31.22,5.4878,0.75,115.6178,111.8112,3.772,3.3786,820911.0837,574135.16,0.0922
300681.SZ,20251014,30.86,8.5953,1.28,114.2846,110.5219,3.7285,3.3396,811445.1007,567514.7674,0.0933
300681.SZ,20251013,31.39,8.3624,1.41,116.2474,112.42,3.7926,3.397,825381.1312,577261.4565,0.0917
300681.SZ,20251010,31.95,10.717,2.12,118.3213,114.4256,3.8602,3.4576,840105.9937,587559.845,0.0901
300681.SZ,20251009,30.64,4.0214,0.67,113.4697,109.7337,3.702,3.3158,805658.6328,563467.2714,0.094
300681.SZ,20250930,30.67,5.0487,0.87,113.5808,109.8412,3.7056,3.319,806447.463,564018.9691,0.0939
300681.SZ,20250929,30.39,5.3566,0.99,112.5438,108.8384,3.6717,3.2887,799085.0473,558869.7904,0.0947
300681.SZ,20250926,30.27,4.566,0.84,112.0994,108.4086,3.6572,3.2758,795929.7263,556662.9995,0.0951
300681.SZ,20250925,31.04,6.2239,1.14,114.951,111.1663,3.7503,3.3591,816176.3695,570823.241,0.0927
300681.SZ,20250924,31.48,8.8386,1.88,116.5805,112.7421,3.8034,3.4067,827745.8799,578914.8075,0.0914
300681.SZ,20250923,29.5,3.9408,0.81,109.2479,105.651,3.5642,3.1924,775683.0831,542502.758,0.0976
300681.SZ,20250922,29.98,3.4218,0.69,111.0255,107.37,3.6222,3.2444,788304.3672,551329.9215,0.096
300681.SZ,20250919,29.29,4.6825,0.96,108.4702,104.8989,3.5388,3.1697,770161.2713,538640.874,0.0983
300681.SZ,20250918,30.21,6.5028,1.41,111.8772,108.1938,3.65,3.2693,794352.0658,555559.604,0.0953
300681.SZ,20250917,31.08,4.9401,1.08,115.0991,111.3096,3.7551,3.3634,817228.1431,571558.8379,0.0926
300681.SZ,20250916,30.72,4.7657,1.14,113.7659,110.0203,3.7116,3.3245,807762.1801,564938.4653,0.0937
300681.SZ,20250915,30.01,3.8977,0.93,111.1366,107.4775,3.6258,3.2476,789093.1974,551881.6192,0.0959
300681.SZ,20250912,30.1,4.2713,1.05,111.4699,107.7998,3.6367,3.2574,791459.6882,553536.7124,0.0956
300681.SZ,20250911,30.36,5.2082,1.26,112.4327,108.731,3.6681,3.2855,798296.217,558318.0926,0.0948
300681.SZ,20250910,29.32,4.7029,1.17,108.5813,105.0063,3.5425,3.173,770950.1016,539192.5717,0.0982
300681.SZ,20250909,29.84,2.7386,0.54,110.507,106.8686,3.6053,3.2292,784623.1593,548755.3322,0.0965
300681.SZ,20250908,30.43,3.9796,0.73,112.692,108.9817,3.6766,3.2931,800136.821,559605.3873,0.0946
300681.SZ,20250905,29.8,3.7886,0.6,110.3589,106.7254,3.6005,3.2249,783571.3856,548019.7352,0.0966
300681.SZ,20250904,29.31,5.4506,0.85,108.5443,104.9705,3.5413,3.1719,770687.1582,539008.6724,0.0982
300681.SZ,20250903,29.92,4.0884,0.58,110.8033,107.1551,3.615,3.2379,786726.7067,550226.5261,0.0962
300681.SZ,20250902,30.93,8.0735,1.14,114.5436,110.7724,3.737,3.3472,813283.9919,568800.3493,0.0931
300681.SZ,20250901,31.0,5.8808,0.82,114.8029,111.023,3.7454,3.3548,815124.5958,570087.644,0.0929
300681.SZ,20250829,31.8,7.9179,1.2,117.7655,113.8882,3.8421,3.4413,836160.0692,584799.5832,0.0905
300681.SZ,20250828,31.6,6.2821,0.95,117.0249,113.4679,3.8274,3.4197,830901.2009,581121.5984,0.0911
300681.SZ,20250827,31.18,7.3811,1.16,115.4695,111.9598,3.7766,3.3742,819857.5773,573397.8303,0.0923
300681.SZ,20250826,32.82,7.8779,1.2,121.5429,117.8486,3.9752,3.5517,862980.2979,603557.3057,0.0877
300681.SZ,20250825,32.49,6.5691,0.97,120.3208,116.6637,3.9352,3.516,854303.1651,597488.6308,0.0886
300681.SZ,20250822,32.0,4.85,0.66,118.5062,114.9042,3.8759,3.463,841418.9376,588477.568,0.09
300681.SZ,20250821,31.85,6.4208,0.91,117.9507,114.3656,3.8577,3.4467,837474.7863,585719.0794,0.0904
300681.SZ,20250820,32.84,6.0015,0.86,121.617,117.9205,3.9776,3.5539,863506.1847,603925.1042,0.0877
300681.SZ,20250819,32.63,8.8844,1.38,120.8393,117.1664,3.9522,3.5312,857984.3729,600063.2201,0.0882
300681.SZ,20250818,32.27,7.6677,1.34,119.5061,115.8737,3.9086,3.4922,848518.4099,593442.8475,0.0892
300681.SZ,20250815,32.02,7.9945,1.61,118.5802,114.976,3.8783,3.4651,841944.8244,588845.3665,0.0899
300681.SZ,20250814,30.4,4.7532,0.89,112.5809,109.159,3.6821,3.2898,799347.9907,559053.6896,0.0947
300681.SZ,20250813,31.08,5.5714,1.03,115.0991,111.6007,3.7644,3.3634,817228.1431,571558.8379,0.0926
300681.SZ,20250812,30.17,6.3169,1.05,111.7291,108.3331,3.6542,3.2649,793300.2921,554824.0071,0.0954
300681.SZ,20250811,30.77,3.9487,0.57,113.9511,110.4876,3.7269,3.3299,809076.8972,565857.9615,0.0936
300681.SZ,20250808,30.58,4.2208,0.59,113.2475,109.8053,3.7039,3.3093,804080.9722,562363.8759,0.0941
300681.SZ,20250807,30.8,6.7552,0.88,114.0622,110.5953,3.7305,3.3331,809865.7274,566409.6592,0.0935
300681.SZ,20250806,31.1,5.7958,0.79,115.1732,111.6725,3.7669,3.3656,817753.8527,571926.4591,0.0926
300681.SZ,20250805,31.27,9.3316,1.36,115.8027,112.2829,3.7875,3.384,822223.8898,575052.7452,0.0921
300681.SZ,20250804,30.2,8.5117,1.47,111.8402,108.4408,3.6579,3.2682,794088.9502,555375.5327,0.0953
300681.SZ,20250801,28.92,5.4469,1.0,107.0999,103.8447,3.5028,3.1297,760432.2,531836.4372,0.0995
300681.SZ,20250731,28.93,9.3405,2.14,107.137,103.8806,3.504,3.1307,760695.1434,532020.3364,0.0995
300681.SZ,20250730,28.37,4.2581,1.0,105.0631,101.8697,3.4362,3.0701,745970.1534,521721.8205,0.1015
300681.SZ,20250729,28.96,6.7771,1.85,107.248,103.9883,3.5077,3.134,761483.8084,532571.8689,0.0994
300681.SZ,20250728,28.28,3.1377,0.76,104.7298,101.5466,3.4253,3.0604,743603.6637,520066.7283,0.1018
300681.SZ,20250725,28.62,3.658,0.81,105.9889,102.7674,3.4665,3.0972,752543.736,526319.2986,0.1006
300681.SZ,20250724,28.5,3.9656,0.71,105.5445,102.3365,3.452,3.0842,749388.4164,524112.5091,0.101
300681.SZ,20250723,28.12,3.6683,0.58,104.1373,100.972,3.4059,3.0431,739396.5708,517124.3423,0.1024
300681.SZ,20250722,28.5,3.9352,0.63,105.5445,102.3365,3.452,3.0842,749388.4164,524112.5091,0.101
300681.SZ,20250721,28.94,5.3276,0.9,107.174,103.9165,3.5052,3.1318,760957.9218,532204.0706,0.0995
300681.SZ,20250718,28.52,5.6295,0.94,105.6186,102.4083,3.4544,3.0864,749914.303,524480.3074,0.1009
300681.SZ,20250717,29.12,9.2153,1.9,107.8402,104.5624,3.5271,3.1513,765688.0009,535511.3546,0.0989
300681.SZ,20250716,28.26,7.4666,1.94,104.6553,101.4744,3.4229,3.0582,743074.9624,519696.1154,0.1019
300681.SZ,20250715,27.13,3.4869,0.99,100.4706,97.4168,3.286,2.9359,713362.4816,498915.6267,0.1061
300681.SZ,20250714,27.41,3.8471,1.25,101.5075,98.4222,3.3199,2.9662,720724.8662,504064.7743,0.105
300681.SZ,20250711,27.2,5.9797,2.54,100.7298,97.6682,3.2945,2.9435,715203.0778,500202.9136,0.1058
300681.SZ,20250710,26.33,3.4922,1.64,97.508,94.5442,3.1891,2.8494,692327.097,484203.7763,0.1093
300681.SZ,20250709,26.4,2.4691,1.07,97.7672,94.7956,3.1976,2.8569,694167.6931,485491.0632,0.109
300681.SZ,20250708,26.63,1.7544,0.68,98.6189,95.6214,3.2255,2.8818,700215.3662,489720.7202,0.1081
300681.SZ,20250707,26.37,1.7399,0.66,97.6561,94.6879,3.194,2.8537,693378.8662,484939.3688,0.1092
300681.SZ,20250704,26.32,2.3022,0.88,97.4709,94.5083,3.1879,2.8483,692064.1547,484019.8782,0.1094
300681.SZ,20250703,26.72,2.403,0.86,98.9522,95.9446,3.2364,2.8916,702581.847,491375.8034,0.1077
300681.SZ,20250702,26.6,3.3829,1.17,98.5078,95.5137,3.2218,2.8786,699426.5393,489169.0258,0.1082
300681.SZ,20250701,27.39,3.002,0.97,101.4334,98.3503,3.3175,2.9641,720198.5132,502585.1605,0.1051
300681.SZ,20250630,27.66,2.0688,0.69,102.4333,99.3198,3.3502,2.9933,727297.9509,507539.4501,0.1041
300681.SZ,20250627,27.41,2.2217,0.75,101.5075,98.4222,3.3199,2.9662,720724.3975,502952.1449,0.105
300681.SZ,20250626,27.52,3.3065,1.19,101.9144,98.8167,3.3333,2.9781,723613.4531,504967.2513,0.1046
300681.SZ,20250625,28.25,3.9395,1.64,104.6177,101.4379,3.4217,3.0571,742808.1414,518362.0948,0.1019
300681.SZ,20250624,27.46,3.943,1.94,101.6922,98.6012,3.326,2.9716,722035.8075,503866.3052,0.1048
300681.SZ,20250623,26.18,1.5331,0.73,96.952,94.0051,3.171,2.8331,688379.3678,480379.4563,0.11
300681.SZ,20250620,26.0,2.0102,0.84,96.2854,93.3588,3.1492,2.8136,683646.431,477076.6182,0.1107
300681.SZ,20250619,26.57,2.4684,0.87,98.3962,95.4055,3.2182,2.8753,698634.0643,487535.6056,0.1083
300681.SZ,20250618,27.17,2.0338,0.68,100.6182,97.5599,3.2909,2.9403,714410.5204,498545.066,0.106
300681.SZ,20250617,27.52,2.1176,0.56,101.9144,98.8167,3.3333,2.9781,723613.4531,504967.2513,0.1046
300681.SZ,20250616,27.24,1.9251,0.43,100.8774,97.8113,3.2994,2.9478,716251.1069,499829.5031,0.1057
300681.SZ,20250613,27.07,3.4461,0.79,100.2479,97.2009,3.2788,2.9294,711781.111,496710.1559,0.1063
300681.SZ,20250612,28.12,4.6574,1.02,104.1363,100.9711,3.394,3.0431,739389.9092,515976.7117,0.1024
300681.SZ,20250611,27.95,2.8959,0.65,103.5068,100.3607,3.3734,3.0247,734919.9133,512857.3646,0.103
300681.SZ,20250610,28.21,5.9531,1.48,104.4696,101.2943,3.4048,3.0528,741756.3776,517628.1307,0.1021
300681.SZ,20250609,29.63,5.4558,1.38,109.7283,106.3931,3.5762,3.2065,779093.9904,543683.8537,0.0972
300681.SZ,20250606,28.53,2.9151,0.72,105.6547,102.4433,3.4434,3.0874,750170.4876,523499.843,0.1009
300681.SZ,20250605,29.28,5.6316,1.62,108.4308,105.1351,3.534,3.1686,769881.6939,537252.3048,0.0983
300681.SZ,20250604,28.13,2.2577,0.6,104.1721,101.0058,3.3952,3.0441,739643.8542,516151.2067,0.1023
300681.SZ,20250603,28.18,3.7945,1.01,104.3572,101.1853,3.4013,3.0495,740958.5429,517068.6458,0.1022
300681.SZ,20250530,28.9,5.1788,1.53,107.0236,103.7706,3.4882,3.1274,759890.0599,530279.768,0.0996
300681.SZ,20250529,28.7,3.2708,0.97,106.2829,103.0525,3.464,3.1058,754631.3052,526610.0118,0.1003
300681.SZ,20250528,28.23,2.8917,0.84,104.5424,101.3649,3.4073,3.0549,742273.2316,517986.0848,0.102
300681.SZ,20250527,28.41,3.6168,0.81,105.209,102.0112,3.429,3.0744,747006.1108,521288.8654,0.1013
300681.SZ,20250526,29.35,3.7685,0.78,108.69,105.3864,3.5425,3.1761,771722.2581,538536.7194,0.0981
300681.SZ,20250523,29.22,3.3989,0.67,107.4318,104.1665,3.5552,3.1394,762788.7078,530636.0182,0.0985
300681.SZ,20250522,29.5,3.216,0.6,108.4613,105.1646,3.5893,3.1694,770098.1136,535720.826,0.0983
300681.SZ,20250521,29.83,3.3891,0.54,109.6746,106.3411,3.6295,3.2049,778712.7705,541713.6352,0.0972
300681.SZ,20250520,29.98,8.6892,1.33,110.2261,106.8758,3.6477,3.221,782628.5236,544437.6394,0.0967
300681.SZ,20250519,31.05,5.6258,0.92,113.5086,110.0585,3.8024,3.3169,805934.7222,559242.6957,0.0934
300681.SZ,20250516,31.94,4.3391,0.74,116.7621,113.2131,3.9114,3.412,829035.5886,575272.5186,0.0913
300681.SZ,20250515,32.25,5.1237,0.89,116.2006,112.6687,4.0161,3.3956,825049.0668,568823.049,0.0904
300681.SZ,20250514,33.5,8.2989,1.55,120.7045,117.0358,4.1717,3.5272,857027.7128,590870.454,0.0883
300681.SZ,20250513,34.63,10.1376,2.35,124.7761,120.9835,4.3124,3.6462,885936.4088,610801.3081,0.0854
300681.SZ,20250512,33.1,3.0714,0.7,119.2633,115.6383,4.1219,3.4851,846794.5461,583815.2844,0.0894
300681.SZ,20250509,32.5,3.45,0.79,117.1014,113.5421,4.0472,3.4219,831444.796,573232.53,0.091
300681.SZ,20250508,33.47,3.9582,0.95,120.5964,116.9309,4.168,3.5241,856260.2253,590341.3163,0.0884
300681.SZ,20250507,33.69,6.2168,1.64,121.3891,117.6995,4.1954,3.5472,861888.467,594221.6596,0.0878
300681.SZ,20250506,33.59,4.9131,1.23,121.0288,117.3502,4.1829,3.5367,859330.1753,592457.8672,0.0881
300681.SZ,20250430,32.7,3.5218,0.69,117.822,114.2409,4.0721,3.443,836561.3794,576760.1148,0.0905
300681.SZ,20250429,32.38,3.3312,0.62,116.669,113.1229,4.0323,3.4093,828374.846,571115.9791,0.0914
300681.SZ,20250428,31.89,2.7946,0.47,114.9035,111.411,3.9712,3.3577,815839.2168,562473.3964,0.0928
300681.SZ,20250425,32.58,4.3858,0.77,117.3897,113.8216,4.0572,3.4304,833491.4293,574643.5639,0.0908
300681.SZ,20250424,32.81,5.8789,1.16,118.2184,114.6252,4.0858,3.4546,839375.5002,578700.2864,0.0902
300681.SZ,20250423,33.16,9.2075,2.25,119.4795,115.8479,4.1294,3.4914,848329.5211,584873.5598,0.0892
300681.SZ,20250422,30.8,4.7876,1.26,95.6702,87.1321,4.0546,4.0137,787953.8374,543248.0592,0.0961
300681.SZ,20250421,31.8,5.616,1.62,98.7763,89.9611,4.1862,4.144,813536.7542,560885.9832,0.093
300681.SZ,20250418,29.62,2.8268,0.73,92.0049,83.7939,3.8992,3.86,757765.9956,522435.3089,0.0999
300681.SZ,20250417,29.2,2.8547,0.6,90.7003,82.6058,3.8439,3.8052,747021.1706,515027.3808,0.1013
300681.SZ,20250416,29.42,4.3707,0.76,91.3836,83.2281,3.8729,3.8339,752649.4123,518907.7241,0.1006
300681.SZ,20250415,29.35,3.2948,0.5,91.1662,83.0301,3.8637,3.8248,750858.6081,517673.0694,0.1008
300681.SZ,20250414,29.6,4.0031,0.54,91.9428,83.7374,3.8966,3.8573,757254.3373,522082.5504,0.1
300681.SZ,20250411,29.11,4.8931,0.63,90.4207,82.3512,3.8321,3.7935,744718.708,513439.9676,0.1016
300681.SZ,20250410,28.66,7.3408,0.96,89.0229,81.0781,3.7729,3.7348,733206.3955,505502.9018,0.1032
300681.SZ,20250409,27.79,9.1443,1.23,86.3206,78.6169,3.6583,3.6215,710949.2579,490157.908,0.1065
300681.SZ,20250408,26.49,7.3,0.85,82.2826,74.9393,3.4872,3.4521,677691.466,467228.6068,0.1117
300681.SZ,20250407,26.02,8.2033,1.09,80.8226,73.6097,3.4253,3.3908,665667.4951,458938.7825,0.1137
300681.SZ,20250403,32.52,6.8687,0.96,101.0128,91.9979,4.281,4.2379,831956.4543,573585.2885,0.091
300681.SZ,20250402,33.82,6.5818,0.92,105.0508,95.6756,4.4521,4.4073,865214.2462,596514.5897,0.0875
300681.SZ,20250401,35.59,8.3384,1.33,110.5487,100.6829,4.6851,4.6379,910496.0089,627733.7152,0.0831
300681.SZ,20250331,36.9,12.7548,2.63,114.6178,104.3888,4.8576,4.8086,944009.6299,650839.3956,0.0802
300681.SZ,20250328,34.79,2.9367,0.49,108.0638,98.4197,4.5798,4.5337,890029.6755,613623.376,0.085
300681.SZ,20250327,34.99,5.0139,0.84,108.685,98.9855,4.6062,4.5597,895146.2588,617150.9608,0.0846
300681.SZ,20250326,34.83,6.6551,1.17,108.188,98.5328,4.5851,4.5389,891052.9921,614328.8929,0.085
300681.SZ,20250325,32.88,3.9007,0.6,102.131,93.0164,4.3284,4.2848,841166.3044,579934.9411,0.09
300681.SZ,20250324,33.97,5.7789,0.93,105.5167,96.0999,4.4719,4.4268,869051.6837,599160.2783,0.0871
300681.SZ,20250321,33.79,8.7759,1.63,104.9576,95.5907,4.4482,4.4034,864446.7587,595985.452,0.0876
300681.SZ,20250320,37.08,4.8897,0.81,115.1769,104.898,4.8813,4.8321,948614.5549,654014.2219,0.0798
300681.SZ,20250319,37.87,5.0741,0.72,117.6308,107.1329,4.9853,4.9351,968825.0592,667948.1819,0.0781
300681.SZ,20250318,38.06,7.7833,1.04,118.221,107.6704,5.0103,4.9598,973685.8134,671299.3874,0.0777
300681.SZ,20250317,37.09,4.5644,0.58,115.208,104.9263,4.8826,4.8334,948870.3841,654190.6012,0.0798
300681.SZ,20250314,36.53,4.5982,0.51,113.4685,103.3421,4.8089,4.7604,934543.9507,644313.3637,0.081
300681.SZ,20250313,36.23,8.1029,0.86,112.5367,102.4934,4.7694,4.7213,926869.0757,639021.9865,0.0817
300681.SZ,20250312,38.49,10.4238,1.19,119.5566,108.8869,5.0669,5.0159,984686.4676,678883.6948,0.0769
300681.SZ,20250311,36.62,9.8739,1.2,113.7481,103.5967,4.8207,4.7722,936846.4132,645900.7769,0.0808
300681.SZ,20250310,38.04,6.5209,0.73,118.1589,107.6138,5.0077,4.9572,973174.1551,670946.629,0.0778
300681.SZ,20250307,38.38,10.5841,1.08,119.215,108.5757,5.0524,5.0015,981872.3468,676943.5231,0.0771
300681.SZ,20250306,37.48,9.5163,0.96,116.4194,106.0296,4.9339,4.8842,958847.7217,661069.3915,0.0789
300681.SZ,20250305,36.66,7.4696,0.7,113.8723,103.7099,4.826,4.7774,937869.7299,646606.2938,0.0807
300681.SZ,20250304,36.69,7.1901,0.59,113.9655,103.7947,4.8299,4.7813,938637.2174,647135.4316,0.0806
300681.SZ,20250303,36.71,10.1934,0.75,114.0276,103.8513,4.8326,4.7839,939148.8757,647488.19,0.0806
300681.SZ,20250228,35.22,14.4199,1.11,109.3995,99.6361,4.6364,4.5897,901030.3297,621207.6833,0.084
300681.SZ,20250227,39.66,10.1097,0.8,123.1909,112.1967,5.2209,5.1683,1014618.4803,699520.0658,0.0746
300681.SZ,20250226,41.42,11.1068,0.9,128.6577,117.1757,5.4526,5.3977,1059644.4139,730562.8121,0.0714
300681.SZ,20250225,41.41,15.3525,1.39,128.6267,117.1474,5.4513,5.3964,1059388.5847,730386.4328,0.0715
300681.SZ,20250224,39.9,17.3256,1.73,123.9363,112.8757,5.2525,5.1996,1020758.3803,703753.1676,0.0742
300681.SZ,20250221,36.97,10.7695,0.95,114.8353,104.5868,4.8668,4.8178,945800.4341,652074.0503,0.08
300681.SZ,20250220,36.28,8.9087,0.65,112.692,102.6348,4.776,4.7279,928148.2215,639903.8827,0.0816
300681.SZ,20250219,35.73,9.6377,0.65,110.9836,101.0789,4.7036,4.6562,914077.6173,630203.0245,0.0828
300681.SZ,20250218,33.98,8.7354,0.57,105.5478,96.1282,4.4732,4.4281,869307.5129,599336.6575,0.0871
300681.SZ,20250217,35.4,11.9068,0.77,109.9586,100.1454,4.6601,4.6132,905635.2547,624382.5096,0.0836
300681.SZ,20250214,36.0,17.2713,1.14,111.8223,101.8427,4.7391,4.6914,920985.0048,634965.264,0.0822
300681.SZ,20250213,35.93,21.1472,1.55,111.6048,101.6447,4.7299,4.6822,919194.2006,633730.6093,0.0824
300681.SZ,20250212,36.6,14.7941,1.16,113.686,103.5401,4.8181,4.7696,936334.7549,645548.0184,0.0808
300681.SZ,20250211,32.92,11.4681,0.94,102.2553,93.1295,4.3337,4.29,842189.6211,580640.4581,0.0899
300681.SZ,20250210,32.76,13.0498,1.21,101.7583,92.6769,4.3126,4.2691,838096.3544,577818.3902,0.0903
300681.SZ,20250207,32.52,15.616,1.68,101.0128,91.9979,4.281,4.2379,831956.4543,573585.2885,0.091
300681.SZ,20250206,31.08,13.2178,1.67,96.5399,87.9242,4.0914,4.0502,795117.0541,548186.6779,0.0952
300681.SZ,20250205,29.0,10.6064,1.34,90.079,82.04,3.8176,3.7792,741904.5872,511499.796,0.102
300681.SZ,20250127,26.54,8.5731,1.16,82.4379,75.0807,3.4938,3.4586,678970.6119,468110.503,0.1115
300681.SZ,20250124,27.5,5.9462,0.8,85.4198,77.7965,3.6202,3.5837,703530.212,485042.91,0.1076
300681.SZ,20250123,27.38,8.0371,1.12,85.047,77.4571,3.6044,3.568,700460.262,482926.3591,0.1081
300681.SZ,20250122,27.54,6.3277,0.86,85.544,77.9097,3.6254,3.5889,704553.5287,485748.427,0.1074
300681.SZ,20250121,27.9,10.642,1.36,86.6623,78.9281,3.6728,3.6358,713763.3787,492098.0796,0.1061
300681.SZ,20250120,26.48,6.0645,0.78,82.2515,74.911,3.4859,3.4508,677435.6369,467052.2275,0.1117
300681.SZ,20250117,26.52,6.274,0.74,82.3757,75.0241,3.4911,3.456,678458.9535,467757.7445,0.1116
300681.SZ,20250116,26.39,6.6554,0.68,81.9719,74.6564,3.474,3.439,675133.1744,465464.8144,0.1121
300681.SZ,20250115,26.36,7.2801,0.79,81.8787,74.5715,3.4701,3.4351,674365.6868,464935.6766,0.1122
300681.SZ,20250114,27.02,12.7598,1.69,83.9288,76.4386,3.557,3.5211,691250.4119,476576.7065,0.1095
300681.SZ,20250113,23.92,5.9869,0.81,74.2997,67.6688,3.1489,3.1172,611943.3699,421899.1421,0.1237
300681.SZ,20250110,24.7,9.5438,1.43,76.7225,69.8754,3.2516,3.2188,631898.045,435656.7228,0.1198
300681.SZ,20250109,24.4,13.2833,2.63,75.7906,69.0267,3.2121,3.1797,624223.1699,430365.3456,0.1213
688160.SH,20260702,134.0,8.494,2.0,168.6351,163.6873,9.3052,16.8904,1222283.68,1222283.68,0.2062
688160.SH,20260701,124.0,7.6031,2.04,155.3952,150.8358,8.5746,15.5643,1126319.28,1126319.28,0.2237
688160.SH,20260630,108.77,3.4197,0.96,136.3091,132.3098,7.5215,13.6527,987981.8394,987981.8394,0.2551
688160.SH,20260629,100.13,3.3072,0.89,125.4816,121.7999,6.924,12.5682,909502.8186,909502.8186,0.2771
688160.SH,20260626,102.9,3.5468,0.94,128.9529,125.1694,7.1155,12.9159,934663.338,934663.338,0.2696
688160.SH,20260625,109.33,3.3838,0.93,137.0109,132.991,7.5602,13.723,993068.4426,993068.4426,0.2538
688160.SH,20260624,114.84,5.03,1.57,143.916,139.6935,7.9412,14.4146,1043116.9848,1043116.9848,0.2416
688160.SH,20260623,108.66,2.6324,0.82,136.1713,132.176,7.5138,13.6389,986982.6852,986982.6852,0.2553
688160.SH,20260622,109.03,3.9908,1.34,136.635,132.6261,7.5394,13.6853,990343.4766,990343.4766,0.2545
688160.SH,20260618,112.09,3.8709,1.39,140.4697,136.3483,7.751,14.0694,1018138.1298,1018138.1298,0.2475
688160.SH,20260617,109.3,2.6257,0.88,136.9733,132.9545,7.5581,13.7192,992795.946,992795.946,0.2538
688160.SH,20260616,112.27,2.9425,0.88,140.6953,136.5673,7.7635,14.092,1019773.1094,1019773.1094,0.2471
688160.SH,20260615,111.15,2.5744,0.62,139.2917,135.2049,7.686,13.9514,1009599.903,1009599.903,0.2496
688160.SH,20260612,108.02,2.8327,0.58,135.3692,131.3975,7.4696,13.5585,981169.4244,981169.4244,0.2568
688160.SH,20260611,107.0,2.9506,0.59,134.091,130.1567,7.5558,13.4305,971904.6042,971904.6042,0.2593
688160.SH,20260610,111.48,3.5495,0.7,139.7053,135.6063,7.8722,13.9928,1012597.4325,1012597.4325,0.2489
688160.SH,20260609,118.77,4.7868,1.0,148.841,144.474,8.3869,14.9079,1078814.1107,1078814.1107,0.2336
688160.SH,20260608,123.8,6.5333,1.59,155.1445,150.5926,8.7421,15.5392,1124502.7103,1124502.7103,0.2241
688160.SH,20260605,122.0,6.594,1.81,152.8888,148.403,8.615,15.3133,1108152.9132,1108152.9132,0.2274
688160.SH,20260604,109.56,3.5581,0.95,137.2991,133.2708,7.7366,13.7518,995157.6489,995157.6489,0.2532
688160.SH,20260603,106.45,3.7754,0.92,133.4017,129.4877,7.517,13.3615,966908.8329,966908.8329,0.2606
688160.SH,20260602,106.32,3.5446,0.75,133.2388,129.3296,7.5078,13.3451,965728.0142,965728.0142,0.2609
688160.SH,20260601,105.5,3.0807,0.61,132.2112,128.3321,7.4499,13.2422,958279.7733,958279.7733,0.263
688160.SH,20260529,110.93,4.2352,0.78,139.016,134.9373,7.8333,13.9238,1007601.6612,1007601.6612,0.2501
688160.SH,20260528,119.73,4.0363,0.63,150.0441,145.6418,8.4547,15.0284,1087534.0024,1087534.0024,0.2317
688160.SH,20260527,123.93,5.6943,0.94,155.3074,150.7507,8.7513,15.5555,1125683.529,1125683.529,0.2239
688160.SH,20260526,134.53,6.6274,1.12,168.5912,163.6447,9.4998,16.886,1221965.6673,1221965.6673,0.2062
688160.SH,20260525,141.45,4.8482,0.8,177.2633,172.0624,9.9885,17.7546,1284821.5539,1284821.5539,0.1961
688160.SH,20260522,142.0,6.0851,0.98,177.9525,172.7314,10.0273,17.8237,1289817.3252,1289817.3252,0.1954
688160.SH,20260521,138.69,8.5529,1.64,173.8045,168.705,9.7936,17.4082,1259751.865,1259751.865,0.2
688160.SH,20260520,128.9,4.2871,0.86,161.5358,156.7963,9.1023,16.1794,1170827.1353,1170827.1353,0.2152
688160.SH,20260519,133.7,5.7078,1.18,167.5511,162.6351,9.4412,16.7819,1214426.5942,1214426.5942,0.2075
688160.SH,20260518,128.74,5.7877,1.28,161.3353,156.6017,9.091,16.1593,1169373.82,1169373.82,0.2155
688160.SH,20260515,128.0,6.5908,1.5,160.4079,155.7015,9.0387,16.0664,1162652.2368,1162652.2368,0.2167
688160.SH,20260514,118.07,3.65,0.8,147.9638,143.6225,8.1646,14.82,1072455.8562,1072455.8562,0.235
688160.SH,20260513,121.9,3.2081,0.73,152.7635,148.2814,8.4294,15.3007,1107244.5911,1107244.5911,0.2276
688160.SH,20260512,123.6,4.8891,1.24,154.8939,150.3493,8.547,15.5141,1122686.0662,1122686.0662,0.2245
688160.SH,20260511,120.85,4.2047,1.22,151.4476,147.0041,8.3568,15.1689,1097707.2095,1097707.2095,0.2296
688160.SH,20260508,122.31,6.0731,2.21,153.2773,148.7801,8.4577,15.3522,1110968.7116,1110968.7116,0.2268
688160.SH,20260507,116.8,4.3352,1.87,146.3722,142.0776,8.0767,14.6606,1060920.1661,1060920.1661,0.2375
688160.SH,20260506,110.3,2.4969,1.15,138.2265,134.1709,7.6273,13.8447,1001879.2322,1001879.2322,0.2515
688160.SH,20260430,107.42,2.5747,1.19,134.6173,130.6676,7.4281,13.4832,975719.5569,975719.5569,0.2583
688160.SH,20260429,102.6,1.764,0.78,128.577,124.8045,7.0948,12.8782,931938.4336,931938.4336,0.2704
688160.SH,20260428,101.4,2.5391,1.17,127.0731,123.3448,7.0118,12.7276,921038.5688,921038.5688,0.2736
688160.SH,20260427,107.26,2.24,1.05,134.4168,134.4168,7.5185,13.4631,974266.2416,974266.2416,0.2587
688160.SH,20260424,104.78,1.7043,0.75,131.3089,131.3089,7.3447,13.1518,951739.8545,951739.8545,0.2648
688160.SH,20260423,105.0,2.5505,1.12,131.5846,131.5846,7.3601,13.1795,953738.163,953738.163,0.2642
688160.SH,20260422,109.55,2.2985,0.99,137.2866,137.2866,7.679,13.7506,995066.8167,995066.8167,0.2532
688160.SH,20260421,108.04,2.0636,0.9,135.3943,135.3943,7.5732,13.561,981351.1536,981351.1536,0.2568
688160.SH,20260420,107.89,2.0899,0.93,135.2063,135.2063,7.5627,13.5422,979988.6705,979988.6705,0.2571
688160.SH,20260417,110.1,2.3166,1.04,137.9759,137.9759,7.7176,13.8196,1000062.5881,1000062.5881,0.252
688160.SH,20260416,109.0,2.5872,1.24,136.5974,136.5974,7.6405,13.6815,990071.0454,990071.0454,0.2545
688160.SH,20260415,107.59,2.5038,1.2,134.8304,134.8304,7.5416,13.5046,977263.7044,977263.7044,0.2579
688160.SH,20260414,109.29,2.0031,1.05,136.9608,136.9608,7.6608,13.7179,992705.1794,992705.1794,0.2539
688160.SH,20260413,106.2,1.7737,0.94,133.0884,133.0884,7.4442,13.3301,964638.0277,964638.0277,0.2612
688160.SH,20260410,106.81,2.2475,1.27,133.8529,133.8529,7.487,13.4067,970178.7923,970178.7923,0.2597
688160.SH,20260409,104.9,1.938,1.13,131.4593,131.4593,7.3531,13.1669,952829.8409,952829.8409,0.2645
688160.SH,20260408,108.48,2.4432,1.6,135.9457,135.9457,7.604,13.6163,985347.7707,985347.7707,0.2557
688160.SH,20260407,101.36,1.1115,0.71,127.023,127.023,7.1049,12.7226,920675.24,920675.24,0.2737
688160.SH,20260403,102.55,1.6906,1.14,128.5143,128.5143,7.1884,12.8719,931484.2725,931484.2725,0.2705
688160.SH,20260402,102.3,1.6653,1.16,190.056,127.4505,7.1685,16.9729,929213.4674,929213.4674,0.2712
688160.SH,20260401,106.96,1.6883,1.19,198.7135,133.2562,7.495,17.7461,971541.2754,971541.2754,0.2594
688160.SH,20260331,103.8,1.4857,1.03,192.8427,129.3193,7.2736,17.2218,942838.2983,942838.2983,0.2673
688160.SH,20260330,105.5,1.26,0.77,196.001,131.4372,7.3927,17.5038,958279.7733,958279.7733,0.263
688160.SH,20260327,104.81,1.3062,0.81,194.7191,130.5776,7.3443,17.3894,952012.3511,952012.3511,0.2647
688160.SH,20260326,103.25,1.4144,0.9,191.8209,128.634,7.235,17.1305,937842.527,937842.527,0.2687
688160.SH,20260325,104.76,1.6271,1.13,194.6262,130.5153,7.3408,17.3811,951558.1901,951558.1901,0.2648
688160.SH,20260324,101.64,1.5695,1.22,188.8298,126.6282,7.1222,16.8634,923218.5418,923218.5418,0.273
688160.SH,20260323,101.0,2.2622,2.21,187.6408,125.8309,7.0774,16.7572,917405.2806,917405.2806,0.2747
688160.SH,20260320,105.81,1.2175,1.24,196.577,131.8234,7.4144,17.5553,961095.5717,961095.5717,0.2622
688160.SH,20260319,108.89,1.151,1.17,202.2991,135.6606,7.6302,18.0663,989071.8911,989071.8911,0.2548
688160.SH,20260318,112.99,0.9746,0.89,209.9162,140.7686,7.9175,18.7465,1026313.0956,1026313.0956,0.2455
688160.SH,20260317,111.13,0.8048,0.59,206.4606,138.4513,7.7872,18.4379,1009418.3053,1009418.3053,0.2496
688160.SH,20260316,114.4,0.9612,0.64,212.5357,142.5253,8.0163,18.9805,1039120.4366,1039120.4366,0.2425
688160.SH,20260313,113.9,1.0037,0.67,211.6068,141.9024,7.9813,18.8975,1034578.8263,1034578.8263,0.2436
688160.SH,20260312,115.68,1.1694,0.75,214.9137,144.12,8.106,19.1928,1050746.959,1050746.959,0.2398
688160.SH,20260311,117.99,1.5407,0.98,219.2053,146.9979,8.2679,19.5761,1071729.1986,1071729.1986,0.2351
688160.SH,20260310,119.2,2.1805,1.37,221.4533,148.5054,8.3527,19.7768,1082719.8955,1082719.8955,0.2327
688160.SH,20260309,114.35,1.5651,0.93,212.4428,142.463,8.0128,18.9722,1038666.2756,1038666.2756,0.2426
688160.SH,20260306,115.87,1.0184,0.58,215.2667,144.3567,8.1194,19.2244,1052472.7709,1052472.7709,0.2394
688160.SH,20260305,115.2,1.541,0.87,214.022,143.522,8.0724,19.1132,1046387.0131,1046387.0131,0.2408
688160.SH,20260304,114.7,1.5921,0.82,213.0931,142.899,8.0374,19.0302,1041845.4028,1041845.4028,0.2419
688160.SH,20260303,115.25,2.2515,1.0,214.1149,143.5842,8.0759,19.1215,1046841.1742,1046841.1742,0.2407
688160.SH,20260302,121.51,2.0075,0.89,225.7449,151.3833,8.5146,20.1601,1103702.1351,1103702.1351,0.2283
688160.SH,20260227,125.3,1.3792,0.59,232.7861,186.441,8.9869,20.7889,1138127.5412,1138127.5412,0.2214
688160.SH,20260226,124.69,1.5873,0.67,231.6528,185.5333,8.9432,20.6877,1132586.7766,1132586.7766,0.2225
688160.SH,20260225,124.19,2.4901,0.99,230.7239,184.7893,8.9073,20.6048,1128045.1663,1128045.1663,0.2234
688160.SH,20260224,122.16,3.7512,1.63,226.9525,181.7688,8.7617,20.2679,1109606.2285,1109606.2285,0.2271
688160.SH,20260213,130.45,2.0387,0.74,242.3539,194.104,9.3563,21.6434,1184906.1273,1184906.1273,0.2127
688160.SH,20260212,130.31,1.8293,0.67,242.0938,193.8956,9.3463,21.6201,1183634.4764,1183634.4764,0.2129
688160.SH,20260211,128.48,1.7707,0.63,238.694,191.1727,9.215,21.3165,1167012.1827,1167012.1827,0.2159
688160.SH,20260210,129.93,3.2315,1.15,241.3878,193.3302,9.319,21.5571,1180182.8526,1180182.8526,0.2135
688160.SH,20260209,130.6,2.6299,0.88,242.6325,194.3271,9.3671,21.6683,1186268.6104,1186268.6104,0.2124
688160.SH,20260206,129.8,4.2942,1.51,241.1463,193.1368,9.3097,21.5355,1179002.0339,1179002.0339,0.2137
688160.SH,20260205,125.62,1.7171,0.57,233.3806,186.9171,9.0099,20.842,1141034.1718,1141034.1718,0.2209
688160.SH,20260204,130.0,2.2306,0.74,241.5179,193.4344,9.324,21.5687,1180818.678,1180818.678,0.2134
688160.SH,20260203,131.85,3.1609,1.02,244.9548,196.1871,9.4567,21.8756,1197622.6361,1197622.6361,0.2104
688160.SH,20260202,125.52,3.5032,1.04,233.1948,186.7683,9.0027,20.8254,1140125.8497,1140125.8497,0.221
688160.SH,20260130,130.45,3.6485,1.03,242.3539,194.104,9.3563,21.6434,1184906.1273,1184906.1273,0.2127
688160.SH,20260129,130.0,2.4436,0.66,241.5179,193.4344,9.324,21.5687,1180818.678,1180818.678,0.2134
688160.SH,20260128,135.17,2.3768,0.55,251.1228,201.1271,9.6949,22.4265,1227778.9285,1227778.9285,0.2052
688160.SH,20260127,139.01,3.4616,0.78,258.2569,206.8409,9.9703,23.0636,1262658.4956,1262658.4956,0.1996
688160.SH,20260126,134.7,4.9196,1.11,250.2497,200.4278,9.6611,22.3485,1223509.8148,1223509.8148,0.206
688160.SH,20260123,147.39,4.4437,0.96,273.8255,219.3099,10.5713,24.4539,1338775.8842,1338775.8842,0.1882
688160.SH,20260122,143.7,3.2889,0.72,266.9701,213.8194,10.3067,23.8417,1305258.8002,1305258.8002,0.1931
688160.SH,20260121,143.04,5.4841,1.17,265.744,212.8373,10.2593,23.7322,1299263.8746,1299263.8746,0.194
688160.SH,20260120,148.99,4.5364,0.81,276.798,221.6907,10.6861,24.7194,1353309.0372,1251516.0,0.1862
688160.SH,20260119,159.98,5.0712,0.86,297.2156,238.0433,11.4743,26.5428,1453133.6316,1343832.0,0.1734
688160.SH,20260116,155.62,5.9937,1.0,289.1154,231.5558,11.1616,25.8194,1413530.7898,1307208.0,0.1783
688160.SH,20260115,145.28,3.187,0.52,269.9055,216.1703,10.42,24.1039,1319610.2888,1220352.0,0.191
688160.SH,20260114,150.0,6.4982,1.14,278.6744,223.1935,10.7585,24.887,1362483.09,1260000.0,0.185
688160.SH,20260113,162.5,7.2691,1.34,301.8973,241.793,11.6551,26.9609,1476023.3475,1365000.0,0.1707
688160.SH,20260112,147.45,6.6334,1.17,273.937,219.3992,10.5756,24.4639,1339320.8775,1238580.0,0.1882
688160.SH,20260109,147.13,6.5281,1.02,273.3425,218.9231,10.5527,24.4108,1336414.2469,1235892.0,0.1886
688160.SH,20260108,139.15,3.8489,0.55,258.517,207.0492,9.9803,23.0868,1263930.1465,1168860.0,0.1994
688160.SH,20260107,140.0,4.3213,0.58,260.0961,208.3139,10.0413,23.2278,1271650.884,1176000.0,0.1982
688160.SH,20260106,144.1,5.8592,0.87,267.7132,214.4146,10.3353,23.9081,1308892.0885,1210440.0,0.1925
688160.SH,20260105,147.0,7.8373,1.35,273.101,218.7296,10.5433,24.3892,1335233.4282,1234800.0,0.1887
688160.SH,20251231,152.5,9.9928,2.45,283.319,226.9134,10.9378,25.3018,1385191.1415,1281000.0,0.1819
688160.SH,20251230,145.99,7.1583,2.37,271.2245,217.2268,10.4709,24.2217,1326059.3754,1226316.0,0.19
688160.SH,20251229,121.66,6.1983,2.55,226.0236,181.0248,8.7259,20.185,1105064.6182,1021944.0,0.228
688160.SH,20251226,101.38,2.5439,1.14,188.3468,150.849,7.2713,16.8203,920856.9044,851592.0,0.2737
688160.SH,20251225,102.98,3.2162,1.71,191.3193,153.2298,7.3861,17.0857,935390.0574,865032.0,0.2694
688160.SH,20251224,96.65,1.254,0.65,179.5592,143.811,6.9321,16.0355,877893.271,811860.0,0.2871
688160.SH,20251223,96.34,1.8717,0.97,178.9833,143.3497,6.9098,15.9841,875077.4726,809256.0,0.288
688160.SH,20251222,100.0,3.2851,2.09,185.783,148.7957,7.1723,16.5913,908322.06,840000.0,0.2774
688160.SH,20251219,94.82,1.5696,0.92,176.1594,141.0881,6.8008,15.7319,861270.9773,796488.0,0.2926
688160.SH,20251218,95.13,1.4202,0.77,176.7353,141.5493,6.8231,15.7833,864086.7757,799092.0,0.2916
688160.SH,20251217,97.92,1.5555,0.72,181.9187,145.7007,7.0232,16.2462,889428.9612,822528.0,0.2833
688160.SH,20251216,96.91,1.7898,0.77,180.0423,144.1979,6.9507,16.0786,880254.9083,814044.0,0.2863
688160.SH,20251215,100.68,1.507,0.52,187.0463,149.8075,7.2211,16.7041,914498.65,845712.0,0.2756
688160.SH,20251212,103.55,2.2139,0.57,192.3783,154.0779,7.427,17.1803,940567.4931,869820.0,0.2679
688160.SH,20251211,104.61,2.1919,0.51,194.3476,155.6551,7.503,17.3562,950195.707,878724.0,0.2652
688160.SH,20251210,108.5,3.1731,0.8,201.5745,161.4433,7.782,18.0016,985529.4351,911400.0,0.2557
688160.SH,20251209,105.08,2.5846,0.7,195.2207,156.3545,7.5367,17.4342,954464.8206,882672.0,0.264
688160.SH,20251208,108.78,4.4541,1.36,202.0947,161.8599,7.8021,18.048,988072.7369,913752.0,0.255
688160.SH,20251205,107.88,7.0621,2.52,200.4227,160.5208,7.7375,17.8987,979897.8383,906192.0,0.2572
688160.SH,20251204,96.16,4.3001,2.0,178.6489,143.0819,6.8969,15.9542,873442.4929,807744.0,0.2885
688160.SH,20251203,91.16,1.5062,0.68,169.3597,135.6421,6.5383,15.1246,828026.3899,765744.0,0.3043
688160.SH,20251202,94.19,1.2303,0.52,174.989,140.1506,6.7556,15.6274,855548.5483,791196.0,0.2945
688160.SH,20251201,96.25,2.3086,1.06,178.8161,143.2158,6.9034,15.9691,874259.9828,808500.0,0.2882
688160.SH,20251128,98.81,4.6484,2.72,183.5721,147.025,7.087,16.3939,897513.0275,830004.0,0.2808
688160.SH,20251127,87.95,1.0432,0.6,163.3961,130.8658,6.3081,14.5921,798869.2518,738780.0,0.3154
688160.SH,20251126,88.0,1.8689,1.19,163.489,130.9402,6.3117,14.6004,799323.4128,739200.0,0.3153
688160.SH,20251125,86.91,2.0003,1.46,161.464,129.3183,6.2335,14.4195,789422.7023,730044.0,0.3192
688160.SH,20251124,84.42,1.348,0.99,156.838,125.6133,6.0549,14.0064,766805.4831,709128.0,0.3286
688160.SH,20251121,84.0,2.294,1.99,156.0577,124.9884,6.0248,13.9367,762990.5304,705600.0,0.3303
688160.SH,20251120,83.74,1.1195,0.86,155.5747,124.6015,6.0061,13.8936,760628.893,703416.0,0.3313
688160.SH,20251119,85.54,1.0748,0.69,158.9187,127.2798,6.1352,14.1922,776978.6901,718536.0,0.3243
688160.SH,20251118,87.15,1.0039,0.55,161.9099,129.6754,6.2507,14.4593,791602.6753,732060.0,0.3183
688160.SH,20251117,88.26,1.3168,0.72,163.972,131.3271,6.3303,14.6435,801685.0502,741384.0,0.3143
688160.SH,20251114,87.7,1.25,0.64,162.9317,130.4938,6.2901,14.5506,796598.4466,736680.0,0.3163
688160.SH,20251113,91.58,1.8258,0.86,170.14,136.2671,6.5684,15.1943,831841.3425,769272.0,0.3029
688160.SH,20251112,93.16,2.41,1.09,173.0754,138.618,6.6818,15.4565,846192.8311,782544.0,0.2978
688160.SH,20251111,94.02,2.33,1.04,174.6731,139.8977,6.7434,15.5992,854004.4008,789768.0,0.2951
688160.SH,20251110,92.09,1.3347,0.47,171.0875,137.0259,6.605,15.2789,836473.7851,773556.0,0.3013
688160.SH,20251107,95.0,1.8863,0.54,176.4938,141.3559,6.8137,15.7617,862905.957,798000.0,0.292
688160.SH,20251106,99.73,2.6801,0.58,185.2813,148.3939,7.153,16.5465,905869.5904,837732.0,0.2782
688160.SH,20251105,97.81,2.8443,0.66,181.7143,145.537,7.0153,16.228,888429.8069,821604.0,0.2836
688160.SH,20251104,95.99,2.487,0.59,178.3331,142.829,6.8847,15.926,871898.3454,806316.0,0.289
688160.SH,20251103,97.61,4.3856,1.23,181.3428,145.2395,7.0009,16.1948,886613.1628,819924.0,0.2842
688160.SH,20251031,102.92,5.1863,1.88,191.2078,153.1405,7.3818,17.0758,934845.0642,864528.0,0.2696
688160.SH,20251030,101.31,8.0148,5.91,188.2167,150.7449,7.2663,16.8087,920221.079,851004.0,0.2738
688160.SH,20251029,88.79,1.4258,1.06,164.9567,155.0569,6.497,14.7314,806499.1571,745836.0,0.3125
688160.SH,20251028,88.2,1.9315,1.66,163.8606,154.0266,6.4539,14.6335,801140.0569,740880.0,0.3146
688160.SH,20251027,85.88,1.2693,1.08,159.5504,149.9751,6.2841,14.2486,780066.9851,721392.0,0.323
688160.SH,20251024,85.4,1.1641,0.96,158.6587,149.1368,6.249,14.169,775707.0392,717360.0,0.3249
688160.SH,20251023,83.3,0.9883,0.79,154.7572,145.4695,6.0953,13.8206,756632.276,699720.0,0.3331
688160.SH,20251022,84.39,1.3449,0.94,156.7822,147.373,6.1751,14.0014,766532.9864,708876.0,0.3288
688160.SH,20251021,84.87,1.0471,0.64,157.674,148.2113,6.2102,14.081,770892.9323,712908.0,0.3269
688160.SH,20251020,83.52,1.3138,0.67,155.1659,145.8537,6.1114,13.8571,758630.5845,701568.0,0.3322
688160.SH,20251017,81.97,1.3624,0.62,152.2863,143.1469,5.998,13.5999,744551.5926,688548.0,0.3385
688160.SH,20251016,85.33,1.2088,0.5,158.5286,149.0146,6.2439,14.1574,775071.2138,716772.0,0.3251
688160.SH,20251015,87.55,2.1897,0.89,162.653,152.8915,6.4063,14.5257,795235.9635,735420.0,0.3169
688160.SH,20251014,84.56,2.1283,0.85,157.0981,147.6699,6.1875,14.0296,768077.1339,710304.0,0.3281
688160.SH,20251013,89.5,2.8898,1.2,166.2758,156.2968,6.549,14.8492,812948.2437,751800.0,0.31
688160.SH,20251010,95.31,2.484,0.96,177.0697,166.443,6.9741,15.8132,865721.7554,800604.0,0.2911
688160.SH,20251009,100.7,2.4908,0.77,187.0834,175.8557,7.3685,16.7075,914680.3144,845880.0,0.2755
688160.SH,20250930,103.55,2.3332,0.72,192.3783,180.8328,7.5771,17.1803,940567.4931,869820.0,0.2679
688160.SH,20250929,102.8,2.2839,0.69,190.9849,179.523,7.5222,17.0559,933755.0777,863520.0,0.2699
688160.SH,20250926,100.31,2.4294,0.67,186.3589,175.1747,7.34,16.6427,911137.8584,842604.0,0.2766
688160.SH,20250925,104.9,3.3792,0.84,194.8863,183.1903,7.6759,17.4043,952829.8409,881160.0,0.2645
688160.SH,20250924,109.1,5.7384,1.43,202.6892,190.5249,7.9832,18.1011,990979.3675,916440.0,0.2543
688160.SH,20250923,95.64,2.4378,0.5,177.6828,167.0193,6.9983,15.8679,868719.2182,803376.0,0.2901
688160.SH,20250922,97.54,2.5574,0.51,181.2127,170.3373,7.1373,16.1832,885977.3373,819336.0,0.2844
688160.SH,20250919,95.33,3.959,0.84,177.1069,166.4779,6.9756,15.8165,865903.4198,800772.0,0.291
688160.SH,20250918,101.38,5.4428,1.33,188.3468,177.0432,7.4183,16.8203,920856.9044,851592.0,0.2737
688160.SH,20250917,104.56,5.7162,1.7,194.2547,182.5966,7.651,17.3479,949741.5459,878304.0,0.2653
688160.SH,20250916,102.78,6.8383,2.51,190.9477,179.4881,7.5207,17.0526,933573.4133,863352.0,0.2699
688160.SH,20250915,91.18,3.3156,1.25,169.3969,159.2306,6.6719,15.128,828208.0543,765912.0,0.3043
688160.SH,20250912,89.6,2.2995,0.91,166.4615,156.4714,6.5563,14.8658,813856.5658,752640.0,0.3096
688160.SH,20250911,90.77,2.3231,0.89,168.6352,158.5147,6.6419,15.0599,824483.9339,762468.0,0.3056
688160.SH,20250910,89.0,2.0051,0.74,165.3468,155.4236,6.5124,14.7663,808406.6334,747600.0,0.3117
688160.SH,20250909,92.1,3.6952,1.25,171.1061,160.8373,6.7392,15.2806,836564.6173,773640.0,0.3012
688160.SH,20250908,90.06,2.9849,1.05,167.3161,157.2748,6.59,14.9421,818034.8472,756504.0,0.3081
688160.SH,20250905,86.11,1.6082,0.54,159.9777,150.3767,6.3009,14.2868,782156.1259,723324.0,0.3222
688160.SH,20250904,83.76,2.7792,0.89,155.6118,146.2729,6.129,13.8969,760810.5575,703584.0,0.3312
688160.SH,20250903,89.2,2.5271,0.78,165.7184,155.7729,6.527,14.7995,810223.2775,749280.0,0.311
688160.SH,20250902,93.75,4.8368,1.72,174.1715,163.7187,6.86,15.5544,851551.9313,787500.0,0.2959
688160.SH,20250901,90.3,2.4104,0.81,167.762,157.6939,6.6075,14.982,820214.8202,758520.0,0.3072
688160.SH,20250829,89.21,2.4014,0.78,165.737,155.7904,6.5278,14.8011,810314.1097,749364.0,0.311
688160.SH,20250828,89.81,3.3847,1.18,166.8517,166.732,6.6912,14.9007,815764.0421,754404.0,0.3089
688160.SH,20250827,91.02,3.0934,1.12,169.0997,168.9784,6.7814,15.1014,826754.739,764568.0,0.3048
688160.SH,20250826,93.88,2.7501,0.96,174.413,174.288,6.9944,15.5759,852732.7499,788592.0,0.2955
688160.SH,20250825,97.67,3.1885,1.19,181.4542,181.3241,7.2768,16.2047,887158.156,820428.0,0.2841
688160.SH,20250822,94.86,2.9583,1.16,176.2337,176.1073,7.0675,15.7385,861634.3061,796824.0,0.2925
688160.SH,20250821,92.9,2.3395,0.98,172.5924,172.4686,6.9214,15.4133,843831.1937,780360.0,0.2986
688160.SH,20250820,95.47,2.5419,1.19,177.367,177.2398,7.1129,15.8397,867175.0707,801948.0,0.2906
688160.SH,20250819,97.59,3.307,1.94,181.3056,181.1756,7.2709,16.1915,886431.4984,819756.0,0.2843
688160.SH,20250818,95.24,2.282,1.4,176.9397,176.8128,7.0958,15.8016,865085.9299,800016.0,0.2913
688160.SH,20250815,93.55,2.3066,1.59,173.8,173.6753,6.9699,15.5212,849735.2871,785820.0,0.2966
688160.SH,20250814,93.0,1.4979,1.01,172.7782,172.6543,6.9289,15.4299,844739.5158,781200.0,0.2983
688160.SH,20250813,95.11,1.2911,0.73,176.6982,176.5715,7.0861,15.78,863905.1113,798924.0,0.2917
688160.SH,20250812,93.91,1.146,0.6,174.4688,174.3437,6.9967,15.5809,853005.2465,788844.0,0.2954
688160.SH,20250811,93.76,1.9184,1.02,174.1901,174.0652,6.9855,15.556,851642.7635,787584.0,0.2959
688160.SH,20250808,94.3,1.4108,0.75,175.1933,175.0677,7.0257,15.6456,856547.7026,792120.0,0.2942
688160.SH,20250807,97.97,1.6268,0.88,182.0116,181.881,7.2992,16.2545,889883.1222,822948.0,0.2832
688160.SH,20250806,100.5,2.7978,1.78,186.7119,186.578,7.4877,16.6743,912863.6703,844200.0,0.2761
688160.SH,20250805,96.47,1.7777,1.19,179.2248,179.0963,7.1874,16.0056,876258.2913,810348.0,0.2876
688160.SH,20250804,98.85,1.785,1.23,183.6465,183.5148,7.3647,16.4005,897876.3563,830340.0,0.2807
688160.SH,20250801,93.6,1.3837,0.92,173.8929,173.7682,6.9736,15.5295,850189.4482,786240.0,0.2964
688160.SH,20250731,95.2,1.4832,1.07,176.8654,176.7386,7.0928,15.7949,864722.6011,799680.0,0.2914
688160.SH,20250730,94.2,1.4401,1.05,175.0076,174.8821,7.0183,15.629,855639.3805,791280.0,0.2945
688160.SH,20250729,96.8,1.3947,0.91,179.8379,179.7089,7.212,16.0604,879255.7541,813120.0,0.2866
688160.SH,20250728,97.2,1.5288,0.9,180.581,180.4515,7.2418,16.1268,882889.0423,816480.0,0.2854
688160.SH,20250725,99.41,1.6805,0.98,184.6868,184.5544,7.4064,16.4934,902962.9598,835044.0,0.2791
688160.SH,20250724,96.8,0.8902,0.45,179.8379,179.7089,7.212,16.0604,879255.7541,813120.0,0.2866
688160.SH,20250723,95.88,1.3527,0.55,164.7302,164.6121,10.5618,14.7112,805392.0,805392.0,0.3129
688160.SH,20250722,98.3,2.1705,0.84,168.888,168.7669,10.8284,15.0825,825720.0,825720.0,0.3052
688160.SH,20250721,100.18,2.4232,0.79,172.118,171.9946,11.0355,15.371,841512.0,841512.0,0.2995
688160.SH,20250718,96.55,1.7188,0.56,165.8814,165.7624,10.6357,14.814,811020.0,811020.0,0.3107
688160.SH,20250717,96.06,2.3275,0.82,165.0395,164.9211,10.5817,14.7388,806904.0,806904.0,0.3123
688160.SH,20250716,96.61,3.5545,1.32,165.9844,165.8654,10.6423,14.8232,811524.0,811524.0,0.3105
688160.SH,20250715,91.83,2.9403,1.25,157.772,157.6588,10.1157,14.0898,771372.0,771372.0,0.3267
688160.SH,20250714,93.51,4.7378,2.79,160.6584,160.5432,10.3008,14.3476,785484.0,785484.0,0.3208
688160.SH,20250711,83.85,1.7259,1.0,144.0616,143.9583,9.2367,12.8654,704340.0,704340.0,0.3578
688160.SH,20250710,82.12,1.2091,0.58,141.0894,140.9882,9.0461,12.6,689808.0,689808.0,0.3653
688160.SH,20250709,83.0,2.8456,1.58,142.6013,142.499,9.143,12.735,697200.0,697200.0,0.3614
688160.SH,20250708,81.94,1.2565,0.71,140.7801,140.6791,9.0263,12.5723,688296.0,688296.0,0.3661
688160.SH,20250707,79.91,1.4524,0.88,137.2924,137.1939,8.8026,12.2609,671244.0,671244.0,0.3754
688160.SH,20250704,82.41,1.8958,1.3,141.5876,141.4861,9.078,12.6445,692244.0,692244.0,0.364
688160.SH,20250703,85.81,3.0231,2.61,147.4291,147.3234,9.4526,13.1661,720804.0,720804.0,0.3496
688160.SH,20250702,85.05,1.4054,1.08,146.1234,146.0186,9.3688,13.0495,714420.0,714420.0,0.3527
688160.SH,20250701,84.7,1.0625,0.68,145.522,145.4177,9.3303,12.9958,711480.0,711480.0,0.3542
688160.SH,20250630,85.7,0.8613,0.55,147.2401,147.1345,9.4405,13.1493,719880.0,719880.0,0.3501
688160.SH,20250627,84.77,0.9428,0.57,145.6423,145.5378,9.338,13.0066,712068.0,712068.0,0.3539
688160.SH,20250626,85.52,1.5301,0.86,146.9309,146.8255,9.4206,13.1216,718368.0,718368.0,0.3508
688160.SH,20250625,86.71,2.1364,1.34,148.9754,148.8685,9.5517,13.3042,728364.0,728364.0,0.346
688160.SH,20250624,84.83,2.3717,1.69,145.7454,145.6409,9.3446,13.0158,712572.0,712572.0,0.3536
688160.SH,20250623,80.01,0.8231,0.49,137.4642,137.3656,8.8137,12.2762,672084.0,672084.0,0.375
688160.SH,20250620,79.61,1.3693,0.85,136.777,136.6789,8.7696,12.2148,668724.0,668724.0,0.3768
688160.SH,20250619,82.85,2.1933,1.62,142.3436,142.2415,9.1265,12.712,695940.0,695940.0,0.3621
688160.SH,20250618,81.78,1.219,0.92,140.5052,140.4044,9.0086,12.5478,686952.0,686952.0,0.3668
688160.SH,20250617,80.45,1.4231,0.99,138.2201,138.121,8.8621,12.3437,675780.0,675780.0,0.3729
688160.SH,20250616,82.82,2.2733,1.81,142.292,142.19,9.1232,12.7074,695688.0,695688.0,0.3622
688160.SH,20250613,86.0,0.9238,0.64,147.7555,147.6496,9.4735,13.1953,722400.0,722400.0,0.3488
688160.SH,20250612,86.9,0.9291,0.49,149.3018,149.1948,9.5726,13.3334,729960.0,729960.0,0.3452
688160.SH,20250611,85.9,1.0469,0.55,147.5837,147.4779,9.4625,13.1799,721560.0,721560.0,0.3492
688160.SH,20250610,85.17,2.0416,1.2,146.3295,146.2246,9.3821,13.0679,715428.0,715428.0,0.3522
688160.SH,20250609,88.3,1.3302,0.79,151.7071,151.5983,9.7269,13.5482,741720.0,741720.0,0.3398
688160.SH,20250606,89.38,1.8828,1.17,153.5627,153.4526,9.8458,13.7139,750792.0,750792.0,0.3356
688160.SH,20250605,90.6,3.1594,2.58,155.6587,155.5471,9.9802,13.9011,761040.0,761040.0,0.3311
688160.SH,20250604,83.55,1.0579,0.83,143.5462,143.4433,9.2036,12.8194,701820.0,701820.0,0.3591
688160.SH,20250603,83.23,1.1021,0.78,142.9964,142.8939,9.1684,12.7703,699132.0,699132.0,0.3604
688160.SH,20250530,83.23,1.2497,0.84,142.9964,142.8939,9.1684,12.7703,699132.0,699132.0,0.3604
688160.SH,20250529,86.78,1.4455,0.97,149.0956,148.9887,9.2536,13.315,728952.0,728952.0,0.3457
688160.SH,20250528,85.3,1.2601,0.87,146.5529,146.4478,9.0958,13.0879,716520.0,716520.0,0.3517
688160.SH,20250527,86.0,1.296,0.93,147.7555,147.6496,9.1704,13.1953,722400.0,722400.0,0.3488
688160.SH,20250526,88.31,1.7845,1.24,151.7243,151.6155,9.4168,13.5497,741804.0,741804.0,0.3397
688160.SH,20250523,89.34,1.6935,1.13,153.4939,153.3839,9.5266,13.7077,750456.0,750456.0,0.3358
688160.SH,20250522,89.82,1.4173,0.92,154.3186,154.208,9.5778,13.7814,754488.0,754488.0,0.334
688160.SH,20250521,92.25,1.0455,0.62,158.4936,158.3799,9.8369,14.1542,774900.0,774900.0,0.3252
688160.SH,20250520,92.8,1.0218,0.58,159.4385,159.3242,9.8955,14.2386,779520.0,779520.0,0.3233
688160.SH,20250519,92.8,1.9948,1.14,159.4385,159.3242,9.8955,14.2386,779520.0,779520.0,0.3233
688160.SH,20250516,93.68,1.9941,1.2,160.9504,160.835,9.9894,14.3736,786912.0,786912.0,0.3202
688160.SH,20250515,96.67,1.6619,1.01,166.0875,165.9684,10.3082,14.8324,812028.0,812028.0,0.3103
688160.SH,20250514,96.95,1.7694,0.97,166.5686,166.4491,10.3381,14.8754,814380.0,814380.0,0.3094
688160.SH,20250513,99.62,1.391,0.72,171.1559,171.0332,10.6228,15.285,836808.0,836808.0,0.3011
688160.SH,20250512,102.85,1.9029,0.96,176.7053,176.5786,10.9672,15.7806,863940.0,863940.0,0.2917
688160.SH,20250509,99.66,1.5643,0.8,171.2246,171.1018,10.627,15.2912,837144.0,837144.0,0.301
688160.SH,20250508,102.99,1.5984,0.83,176.9458,176.819,10.9821,15.8021,865116.0,865116.0,0.2913
688160.SH,20250507,103.9,2.6735,1.54,178.5093,178.3813,11.0792,15.9417,872760.0,872760.0,0.2887
688160.SH,20250506,105.82,1.9473,1.13,181.808,181.6777,11.2839,16.2363,888888.0,888888.0,0.2835
688160.SH,20250430,104.35,2.166,1.1,179.2824,179.1539,11.1272,16.0108,876540.0,876540.0,0.2875
688160.SH,20250429,99.5,1.4339,0.73,170.9497,170.8271,10.61,15.2666,835800.0,835800.0,0.3015
688160.SH,20250428,99.28,1.4036,0.67,170.5717,170.4494,10.5865,15.2329,833952.0,833952.0,0.3022
688160.SH,20250425,101.47,1.7344,0.86,174.3344,174.2093,10.8201,15.5689,852348.0,852348.0,0.2957
688160.SH,20250424,104.35,1.891,0.92,144.4448,177.7236,11.3244,17.3065,876540.0,876540.0,0.2875
688160.SH,20250423,108.65,3.3735,1.9,150.397,185.0472,11.791,18.0197,912660.0,912660.0,0.2761
688160.SH,20250422,97.78,1.4047,0.67,135.3504,166.5339,10.6114,16.2169,821352.0,821352.0,0.3068
688160.SH,20250421,99.11,2.0225,0.89,137.1914,168.7991,10.7557,16.4374,832524.0,832524.0,0.3027
688160.SH,20250418,97.91,1.4346,0.53,135.5303,166.7553,10.6255,16.2384,822444.0,822444.0,0.3064
688160.SH,20250417,99.0,2.0668,0.68,137.0391,168.6118,10.7438,16.4192,831600.0,831600.0,0.303
688160.SH,20250416,102.27,1.9515,0.58,141.5656,174.1811,11.0986,16.9615,859068.0,859068.0,0.2933
688160.SH,20250415,104.88,3.0022,0.84,145.1784,178.6263,11.3819,17.3944,880992.0,880992.0,0.286
688160.SH,20250414,98.57,2.9071,0.83,136.4439,167.8794,10.6971,16.3479,827988.0,827988.0,0.3044
688160.SH,20250411,91.81,3.6594,1.15,127.0865,156.3661,9.9635,15.2267,771204.0,771204.0,0.3268
688160.SH,20250410,83.8,3.6295,1.27,115.9988,142.7239,9.0942,13.8983,703920.0,703920.0,0.358
688160.SH,20250409,74.7,3.542,1.48,103.4022,127.2252,8.1067,12.389,627480.0,627480.0,0.4016
688160.SH,20250408,72.14,4.2364,2.17,99.8586,122.8652,7.8289,11.9645,605976.0,605976.0,0.4159
688160.SH,20250407,76.46,2.4818,1.44,105.8385,130.2228,8.2977,12.6809,642264.0,642264.0,0.3924
688160.SH,20250403,95.58,1.9845,1.28,132.305,162.787,10.3726,15.852,802872.0,802872.0,0.3139
688160.SH,20250402,95.61,2.031,1.41,132.3466,162.8381,10.3759,15.857,803124.0,803124.0,0.3138
688160.SH,20250401,91.45,1.2597,0.74,126.5882,155.753,9.9244,15.167,768180.0,768180.0,0.328
688160.SH,20250331,93.11,1.9839,1.07,128.886,158.5802,10.1046,15.4423,782124.0,782124.0,0.3222
688160.SH,20250328,92.96,1.3556,0.63,128.6784,158.3248,10.0883,15.4175,780864.0,780864.0,0.3227
688160.SH,20250327,95.32,1.1195,0.47,131.9451,162.3442,10.3444,15.8089,800688.0,800688.0,0.3147
688160.SH,20250326,96.6,1.4948,0.58,133.717,164.5242,10.4833,16.0212,811440.0,811440.0,0.3106
688160.SH,20250325,96.32,2.6052,1.06,133.3294,164.0473,10.4529,15.9747,809088.0,809088.0,0.3115
688160.SH,20250324,96.0,2.7058,1.12,132.8864,163.5023,10.4182,15.9216,806400.0,806400.0,0.3125
688160.SH,20250321,98.2,2.817,1.06,135.9317,167.2493,10.657,16.2865,824880.0,824880.0,0.3055
688160.SH,20250320,105.7,2.3162,0.74,146.3135,180.0229,11.4709,17.5304,887880.0,887880.0,0.2838
688160.SH,20250319,110.53,2.4001,0.64,152.9993,188.2491,11.995,18.3315,928452.0,928452.0,0.2714
688160.SH,20250318,109.95,2.0401,0.46,152.1965,187.2613,11.9321,18.2353,923580.0,923580.0,0.2729
688160.SH,20250317,113.08,2.5058,0.48,156.5291,192.5921,12.2718,18.7544,949872.0,949872.0,0.2653
688160.SH,20250314,115.47,4.0325,0.79,159.8375,196.6626,12.5312,19.1508,969948.0,969948.0,0.2598
688160.SH,20250313,109.69,4.6112,0.95,151.8366,186.8184,11.9039,18.1921,921396.0,921396.0,0.2735
688160.SH,20250312,113.39,5.489,1.26,156.9582,193.1201,12.3054,18.8058,952476.0,952476.0,0.2646
688160.SH,20250311,107.1,5.3633,1.35,148.2514,182.4073,11.6228,17.7626,899640.0,899640.0,0.2801
688160.SH,20250310,105.1,6.3998,1.92,145.4829,179.001,11.4058,17.4309,882840.0,882840.0,0.2854
688160.SH,20250307,97.6,3.6684,1.0,135.1012,166.2274,10.5918,16.187,819840.0,819840.0,0.3074
688160.SH,20250306,96.21,3.2899,0.84,133.1771,163.86,10.441,15.9565,808164.0,808164.0,0.3118
688160.SH,20250305,98.06,3.0876,0.71,135.7379,167.0108,10.6418,16.2633,823704.0,823704.0,0.3059
688160.SH,20250304,99.08,3.3529,0.76,137.1499,168.748,10.7525,16.4325,832272.0,832272.0,0.3028
688160.SH,20250303,94.0,3.3084,0.7,130.118,160.096,10.2012,15.5899,789600.0,789600.0,0.3191
688160.SH,20250228,92.79,5.2592,1.16,128.443,158.0352,10.0699,15.3893,779436.0,779436.0,0.3233
688160.SH,20250227,105.88,4.6468,1.02,146.5627,180.3294,11.4904,17.5602,889392.0,889392.0,0.2833
688160.SH,20250226,96.85,5.0637,1.11,134.063,164.95,10.5105,16.0626,813540.0,813540.0,0.3098
688160.SH,20250225,94.5,3.8595,0.88,130.8101,160.9476,10.2554,15.6729,793800.0,793800.0,0.3175
688160.SH,20250224,92.88,4.894,1.21,128.5676,158.1885,10.0796,15.4042,780192.0,780192.0,0.323
688160.SH,20250221,89.5,4.2249,1.1,123.8889,152.4319,9.7128,14.8436,751800.0,751800.0,0.3352
688160.SH,20250220,88.82,4.6854,1.31,122.9476,151.2737,9.639,14.7308,746088.0,746088.0,0.3378
688160.SH,20250219,87.54,5.0902,1.48,121.1758,149.0937,9.5001,14.5186,735336.0,735336.0,0.3427
688160.SH,20250218,80.5,3.1403,0.84,111.4308,137.1035,8.7361,13.351,676200.0,676200.0,0.3727
688160.SH,20250217,82.8,3.1374,0.75,114.6145,141.0208,8.9857,13.7324,695520.0,695520.0,0.3623
688160.SH,20250214,78.8,3.0775,0.66,109.0776,134.2082,8.5516,13.069,661920.0,661920.0,0.3807
688160.SH,20250213,81.78,3.4465,0.68,113.2026,138.5652,9.0422,13.5633,686952.0,686952.0,0.3668
688160.SH,20250212,86.15,4.3552,0.84,119.2517,145.9696,9.5254,14.288,723660.0,723660.0,0.3482
688160.SH,20250211,83.02,4.7259,0.94,114.9191,140.6663,9.1793,13.7689,697368.0,697368.0,0.3614
688160.SH,20250210,84.2,5.2964,1.02,116.5525,142.6656,9.3098,13.9646,707280.0,707280.0,0.3563
688160.SH,20250207,79.41,5.6163,0.95,109.922,134.5496,8.7802,13.1702,667044.0,667044.0,0.3778
688160.SH,20250206,82.04,5.2768,0.88,113.5625,139.0058,9.071,13.6064,689136.0,689136.0,0.3657
688160.SH,20250205,77.04,4.8653,0.85,106.6414,130.534,8.5181,12.7771,647136.0,647136.0,0.3894
688160.SH,20250127,75.81,4.1156,0.74,104.9387,128.4499,8.3821,12.5731,636804.0,636804.0,0.3957
688160.SH,20250124,79.74,6.1886,1.14,110.3788,135.1087,8.8167,13.2249,669816.0,669816.0,0.3762
688160.SH,20250123,80.6,8.9708,1.92,111.5692,136.5659,8.9118,13.3675,677040.0,677040.0,0.3722
688160.SH,20250122,71.01,5.7372,1.28,98.2944,120.3169,7.8514,11.777,596484.0,596484.0,0.4225
688160.SH,20250121,68.3,3.6692,0.74,94.5432,115.7252,7.5518,11.3276,573720.0,573720.0,0.4392
688160.SH,20250120,66.66,3.3088,0.64,92.273,112.9464,7.3704,11.0556,559944.0,559944.0,0.45
688160.SH,20250117,67.5,5.3909,1.04,93.4358,114.3697,7.4633,11.1949,567000.0,567000.0,0.4444
688160.SH,20250116,64.98,5.2671,1.03,89.9475,110.0999,7.1847,10.777,545832.0,545832.0,0.4617
688160.SH,20250115,66.18,4.8253,0.99,91.6086,112.1331,7.3174,10.976,555912.0,555912.0,0.4533
688160.SH,20250114,67.06,5.895,1.42,92.8267,113.6242,7.4147,11.1219,563304.0,563304.0,0.4474
688160.SH,20250113,60.84,4.3107,1.15,84.2168,103.0852,6.7269,10.0903,511056.0,511056.0,0.4931
688160.SH,20250110,61.7,5.4968,1.64,85.4072,104.5424,6.822,10.233,518280.0,518280.0,0.4862
688160.SH,20250109,60.0,5.156,1.7,83.054,101.662,6.6341,9.951,504000.0,504000.0,0.5
603667.SH,20260702,70.18,11.7858,1.63,294.2294,318.8141,8.9622,8.0428,2688960.736,2570011.2504,0.1635
603667.SH,20260701,68.06,9.8034,1.46,285.3413,309.1834,8.6915,7.7999,2607732.512,2492376.2568,0.1686
603667.SH,20260630,65.52,7.4518,1.18,274.6924,297.6446,8.3671,7.5088,2510411.904,2399360.7456,0.1751
603667.SH,20260629,61.23,6.3342,0.96,256.7066,278.156,7.8193,7.0171,2346039.696,2242259.7444,0.1874
603667.SH,20260626,60.66,5.9117,0.88,254.3169,275.5666,7.7465,6.9518,2324200.032,2221386.1848,0.1891
603667.SH,20260625,64.07,6.5546,1.03,268.6133,291.0576,8.182,7.3426,2454854.864,2346261.3396,0.1791
603667.SH,20260624,66.1,7.2431,1.19,277.124,300.2795,8.4412,7.5753,2532634.72,2420600.508,0.1736
603667.SH,20260623,63.51,5.4718,0.89,266.2655,288.5136,8.1105,7.2784,2433398.352,2325753.9828,0.1807
603667.SH,20260622,65.77,7.8094,1.38,275.7405,298.7803,8.3991,7.5374,2519990.704,2408515.8156,0.1744
603667.SH,20260618,67.73,6.3453,1.11,283.9578,307.6842,8.6494,7.7621,2595088.496,2480291.5644,0.1694
603667.SH,20260617,66.52,4.9294,0.8,278.8849,302.1874,8.4948,7.6234,2548727.104,2435981.0256,0.1725
603667.SH,20260616,66.38,5.7768,0.86,278.2979,301.5514,8.477,7.6074,2543362.976,2430854.1864,0.1728
603667.SH,20260615,67.0,6.0026,0.79,280.8973,304.368,8.5561,7.6784,2567118.4,2453558.76,0.1712
603667.SH,20260612,63.93,5.3242,0.58,268.0263,290.4216,8.1641,7.3266,2449490.736,2341134.5004,0.1795
603667.SH,20260611,65.01,6.4649,0.67,272.5542,295.3277,6.2417,7.4503,2490870.6449,2380684.2078,0.1765
603667.SH,20260610,67.08,7.2542,0.72,281.2326,304.7313,6.4404,7.6876,2570183.0928,2456488.1812,0.171
603667.SH,20260609,73.08,8.5486,0.86,306.3876,331.9882,7.0165,8.3752,2800074.246,2676209.8432,0.157
603667.SH,20260608,74.59,10.4045,1.12,312.7183,338.8478,7.1615,8.5482,2857930.1862,2731506.4614,0.1538
603667.SH,20260605,74.34,13.2247,1.58,311.6701,337.7121,7.1375,8.5196,2848351.3881,2722351.3922,0.1543
603667.SH,20260604,71.84,8.8955,1.02,301.1889,326.3551,6.8974,8.2331,2752563.4076,2630800.6997,0.1597
603667.SH,20260603,70.27,9.4161,0.99,294.6067,319.2229,6.7467,8.0532,2692408.5559,2573306.8648,0.1633
603667.SH,20260602,69.03,7.817,0.75,289.408,313.5898,6.6276,7.9111,2644897.7176,2527897.7213,0.1662
603667.SH,20260601,68.33,7.1152,0.63,286.4732,310.4099,6.5604,7.8308,2618077.083,2502263.5274,0.1679
603667.SH,20260529,71.76,8.5249,0.67,300.8535,325.9917,6.8897,8.2239,2749498.1923,2627871.0775,0.1599
603667.SH,20260528,74.74,10.8741,0.78,313.3471,339.5292,7.1759,8.5654,2863677.465,2736999.503,0.1535
603667.SH,20260527,78.05,13.2354,0.98,327.2243,354.5659,7.4937,8.9448,2990500.7512,2858212.6199,0.147
603667.SH,20260526,86.72,12.0788,0.91,363.5732,393.952,8.3261,9.9384,3322693.4676,3175710.4214,0.1323
603667.SH,20260525,87.08,11.7705,0.81,365.0825,395.5874,8.3606,9.9796,3336486.9368,3188893.7212,0.1318
603667.SH,20260522,88.17,15.7781,1.0,369.6524,400.5391,8.4653,10.1046,3378250.4963,3228809.8231,0.1301
603667.SH,20260521,84.74,17.1353,1.13,355.2721,384.9573,8.136,9.7115,3246829.387,3103202.273,0.1354
603667.SH,20260520,80.0,10.9759,0.73,335.3997,363.4244,7.6809,9.1682,3065215.376,2929622.16,0.1434
603667.SH,20260519,83.88,10.6655,0.69,351.6666,381.0505,8.0534,9.6129,3213878.3217,3071708.8348,0.1368
603667.SH,20260518,85.0,18.3791,1.21,356.3621,386.1384,8.1609,9.7413,3256791.337,3112723.545,0.135
603667.SH,20260515,84.43,21.8816,1.7,353.9724,383.549,8.1062,9.6759,3234951.6774,3091849.9871,0.1359
603667.SH,20260514,76.95,14.1876,1.23,322.6126,349.5688,7.388,8.8187,2948354.0398,2817930.3152,0.1491
603667.SH,20260513,81.4,10.5258,1.02,341.2692,369.7843,7.8153,9.3287,3118856.6451,2980890.5478,0.141
603667.SH,20260512,79.94,12.4693,1.42,335.1481,363.1518,7.6751,9.1614,3062916.4645,2927424.9434,0.1435
603667.SH,20260511,79.18,16.6149,2.7,331.9618,359.6993,7.6021,9.0743,3033796.9184,2899593.5329,0.1449
603667.SH,20260508,78.17,10.4177,2.05,327.7274,355.111,7.5052,8.9585,2995098.5743,2862607.0531,0.1468
603667.SH,20260507,71.06,7.8119,1.82,297.9188,322.8117,6.8225,8.1437,2722677.5577,2602236.8836,0.1615
603667.SH,20260506,67.19,4.3371,1.03,281.6938,305.2311,6.451,7.7002,2574397.7639,2460516.4116,0.1708
603667.SH,20260430,66.38,4.6234,0.95,278.2979,301.5514,6.3732,7.6074,2543362.4582,2430853.9873,0.1728
603667.SH,20260429,64.15,3.5826,0.69,268.9486,268.9486,6.181,7.3518,2457919.5796,2349190.7696,0.1789
603667.SH,20260428,63.07,4.9964,0.9,264.4207,264.4207,6.077,7.228,2416539.1721,2309640.8704,0.1819
603667.SH,20260427,66.69,3.889,0.66,267.2871,266.5579,8.188,7.481,2442206.2731,2442206.2731,0.18
603667.SH,20260424,67.03,4.0266,0.66,268.6498,267.9169,8.2297,7.5191,2454657.1673,2454657.1673,0.1791
603667.SH,20260423,68.3,7.7743,1.31,273.7398,272.9931,8.3856,7.6616,2501164.9191,2501164.9191,0.1758
603667.SH,20260422,71.22,5.1443,0.85,285.4429,284.6642,8.7441,7.9891,2608096.1279,2608096.1279,0.1686
603667.SH,20260421,71.16,7.0212,1.18,285.2024,284.4244,8.7368,7.9824,2605898.9113,2605898.9113,0.1687
603667.SH,20260420,70.16,5.407,0.95,281.1945,280.4274,8.614,7.8702,2569278.6343,2569278.6343,0.1711
603667.SH,20260417,70.55,5.235,0.84,282.7576,281.9862,8.6619,7.914,2583560.5424,2583560.5424,0.1702
603667.SH,20260416,70.95,6.9217,1.22,284.3608,283.585,8.711,7.9589,2598208.6532,2598208.6532,0.1692
603667.SH,20260415,70.19,5.7465,1.03,281.3148,280.5473,8.6177,7.8736,2570377.2426,2570377.2426,0.171
603667.SH,20260414,71.25,6.341,1.33,285.5631,284.7841,8.7478,7.9925,2609194.7363,2609194.7363,0.1685
603667.SH,20260413,69.35,4.3598,0.96,277.9481,277.1899,8.5145,7.7794,2539616.21,2539616.21,0.1731
603667.SH,20260410,70.47,7.7064,2.05,282.437,281.6665,8.652,7.905,2580630.9202,2580630.9202,0.1703
603667.SH,20260409,67.61,4.1063,1.0,270.9744,270.2351,8.3009,7.5842,2475896.928,2475896.928,0.1776
603667.SH,20260408,69.78,5.3023,1.38,279.6715,278.9086,8.5673,7.8276,2555362.9291,2555362.9291,0.172
603667.SH,20260407,65.65,2.4369,0.61,263.1189,262.4011,8.0603,7.3643,2404121.1851,2404121.1851,0.1829
603667.SH,20260403,66.28,3.153,0.76,265.6439,264.9192,8.1376,7.435,2427191.9596,2427191.9596,0.1811
603667.SH,20260402,66.57,3.8432,0.82,266.8062,266.0783,8.1732,7.4675,2437811.8399,2437811.8399,0.1803
603667.SH,20260401,68.42,5.7968,1.2,274.2208,273.4727,8.4004,7.6751,2505559.3523,2505559.3523,0.1755
603667.SH,20260331,66.33,4.0015,0.81,265.8443,265.119,8.1438,7.4406,2429022.9734,2429022.9734,0.181
603667.SH,20260330,67.02,3.1891,0.59,268.6097,267.8769,8.2285,7.518,2454290.9645,2454290.9645,0.1791
603667.SH,20260327,66.71,3.8948,0.73,267.3673,266.6379,8.1904,7.4832,2442938.6787,2442938.6787,0.18
603667.SH,20260326,66.72,6.6298,1.34,267.4073,266.6778,8.1916,7.4844,2443304.8814,2443304.8814,0.1799
603667.SH,20260325,67.0,6.4854,1.5,268.5296,267.797,8.226,7.5158,2453558.559,2453558.559,0.1792
603667.SH,20260324,64.02,4.413,1.04,256.586,255.886,7.8601,7.1815,2344430.1335,2344430.1335,0.1875
603667.SH,20260323,63.53,5.5285,1.44,254.6221,253.9275,7.8,7.1265,2326486.1978,2326486.1978,0.189
603667.SH,20260320,65.49,3.7616,0.89,262.4776,261.7616,8.0406,7.3464,2398261.9407,2398261.9407,0.1833
603667.SH,20260319,66.92,4.491,0.96,268.2089,267.4772,8.2162,7.5068,2450628.9368,2450628.9368,0.1794
603667.SH,20260318,69.95,3.4651,0.65,280.3529,279.5881,8.5882,7.8467,2561588.3762,2561588.3762,0.1716
603667.SH,20260317,69.01,4.0305,0.63,276.5854,275.8309,8.4728,7.7412,2527165.3158,2527165.3158,0.174
603667.SH,20260316,71.61,3.4045,0.49,287.006,286.223,8.792,8.0329,2622378.036,2622378.036,0.1676
603667.SH,20260313,72.19,5.6984,0.86,289.3306,288.5413,8.8632,8.098,2643617.7966,2643617.7966,0.1663
603667.SH,20260312,76.14,6.7716,1.05,305.1618,304.3293,9.3482,8.5411,2788267.8908,2788267.8908,0.1577
603667.SH,20260311,75.38,6.7138,1.07,302.1158,301.2916,9.2549,8.4558,2760436.4803,2760436.4803,0.1593
603667.SH,20260310,76.48,9.2113,1.5,306.5245,305.6883,9.3899,8.5792,2800718.785,2800718.785,0.157
603667.SH,20260309,72.05,6.4874,0.99,288.7695,287.9817,8.846,8.0823,2638490.9579,2638490.9579,0.1666
603667.SH,20260306,72.57,3.8679,0.56,290.8536,290.0601,8.9099,8.1406,2657533.5019,2657533.5019,0.1654
603667.SH,20260305,72.95,5.8283,0.8,292.3766,291.579,8.9565,8.1832,2671449.2072,2671449.2072,0.1646
603667.SH,20260304,72.15,5.9555,0.7,289.1703,288.3814,8.8583,8.0935,2642152.9856,2642152.9856,0.1664
603667.SH,20260303,71.55,8.5537,0.9,286.7655,285.9832,8.7846,8.0262,2620180.8194,2620180.8194,0.1678
603667.SH,20260302,76.9,8.4395,0.78,308.2078,307.367,9.4415,8.6263,2816099.3013,2816099.3013,0.1561
603667.SH,20260227,80.01,5.7239,0.49,320.6724,319.7976,9.8233,8.9752,2929988.3628,2929988.3628,0.15
603667.SH,20260226,80.31,7.9803,0.64,321.8748,320.9967,9.8602,9.0088,2940974.4459,2940974.4459,0.1495
603667.SH,20260225,80.18,11.8876,0.83,321.3537,320.4771,9.8442,8.9942,2936213.8099,2936213.8099,0.1497
603667.SH,20260224,84.39,13.5497,0.92,338.227,337.3043,10.3611,9.4665,3090385.176,3090385.176,0.1423
603667.SH,20260213,90.64,14.753,1.03,363.2764,362.2854,11.1284,10.1676,3319261.9073,3319261.9073,0.1324
603667.SH,20260212,86.34,9.8111,0.69,346.0424,345.0984,10.6005,9.6852,3161794.7162,3161794.7162,0.139
603667.SH,20260211,87.45,12.6027,0.87,350.4912,349.535,10.7368,9.8098,3202443.2237,3202443.2237,0.1373
603667.SH,20260210,91.18,20.7498,1.61,365.4407,364.4437,11.1947,10.2282,3339036.8569,3339036.8569,0.1317
603667.SH,20260209,88.02,15.8275,1.23,352.7757,351.8133,10.8068,9.8737,3223316.7815,3223316.7815,0.1364
603667.SH,20260206,85.65,12.8466,1.0,343.277,342.3405,10.5158,9.6078,3136526.7251,3136526.7251,0.1402
603667.SH,20260205,77.86,9.577,0.73,312.0554,311.2041,9.5594,8.734,2851254.7672,2851254.7672,0.1542
603667.SH,20260204,81.93,13.7234,1.07,328.3676,327.4718,10.0591,9.1905,3000299.2946,3000299.2946,0.1465
603667.SH,20260203,80.39,12.4609,1.0,322.1954,321.3164,9.87,9.0178,2943904.068,2943904.068,0.1493
603667.SH,20260202,79.66,15.4919,1.34,319.2696,318.3986,9.7804,8.9359,2917171.2658,2917171.2658,0.1507
603667.SH,20260130,75.84,13.1818,1.09,303.9594,303.1302,9.3114,8.5074,2777281.8077,2777281.8077,0.1583
603667.SH,20260129,76.0,10.5763,0.8,304.6007,303.7697,9.331,8.5253,2783141.052,2783141.052,0.158
603667.SH,20260128,78.88,12.5153,0.88,316.1434,315.281,9.6846,8.8484,2888607.4498,2888607.4498,0.1522
603667.SH,20260127,82.3,10.3191,0.66,329.8505,328.9506,10.1045,9.2321,3013848.7971,3013848.7971,0.1459
603667.SH,20260126,83.31,11.2484,0.67,333.8985,332.9876,10.2285,9.3453,3050835.2769,3050835.2769,0.1441
603667.SH,20260123,87.13,15.891,0.94,349.2087,348.256,10.6975,9.7739,3190724.735,3190724.735,0.1378
603667.SH,20260122,90.83,16.496,1.04,364.0379,363.0448,11.1518,10.1889,3326219.7599,3326219.7599,0.1322
603667.SH,20260121,89.11,17.2999,1.06,357.1443,356.17,10.9406,9.996,3263232.8835,3263232.8835,0.1347
603667.SH,20260120,85.5,17.4303,1.04,342.6758,341.7409,10.4974,9.591,3131033.6835,3131033.6835,0.1404
603667.SH,20260119,89.2,16.7107,0.97,357.505,356.5297,10.9517,10.0061,3266528.7084,3266528.7084,0.1346
603667.SH,20260116,81.09,16.1537,0.92,325.0009,324.1143,9.9559,9.0963,2969538.2619,2969538.2619,0.148
603667.SH,20260115,73.72,11.9532,0.65,295.4627,294.6566,9.0511,8.2696,2699646.8204,2699646.8204,0.1628
603667.SH,20260114,76.54,19.464,1.03,306.765,305.9281,9.3973,8.5859,2802916.0016,2802916.0016,0.1568
603667.SH,20260113,82.65,19.7535,1.01,331.2532,330.3496,10.1475,9.2713,3026665.8941,3026665.8941,0.1452
603667.SH,20260112,80.3,18.9517,0.89,321.8347,320.9567,9.8589,9.0077,2940608.2431,2940608.2431,0.1495
603667.SH,20260109,78.11,17.2724,0.87,313.0574,312.2033,9.5901,8.762,2860409.8365,2860409.8365,0.1537
603667.SH,20260108,75.94,16.0211,0.85,304.3602,303.5299,9.3236,8.5186,2780943.8354,2780943.8354,0.1581
603667.SH,20260107,75.6,22.085,1.29,302.9975,302.1709,9.2819,8.4805,2768492.9412,2768492.9412,0.1588
603667.SH,20260106,77.49,23.016,1.6,310.5725,309.7252,9.5139,8.6925,2837705.2647,2837705.2647,0.1549
603667.SH,20260105,74.2,28.187,2.54,297.3865,296.5752,9.11,8.3234,2717224.5534,2717224.5534,0.1618
603667.SH,20251231,69.98,10.0585,1.0,280.4731,279.708,8.5919,7.85,2562686.9845,2562686.9845,0.2589
603667.SH,20251230,63.62,11.2347,1.25,254.9828,254.2872,7.811,7.1366,2329782.0227,2329782.0227,0.2848
603667.SH,20251229,57.84,13.0762,1.61,231.8172,231.1847,7.1014,6.4882,2118116.8217,2118116.8217,0.3132
603667.SH,20251226,52.58,9.5088,1.27,210.7356,210.1607,6.4556,5.8982,1925494.1647,1925494.1647,0.3446
603667.SH,20251225,52.95,11.6959,1.73,212.2185,211.6396,6.501,5.9397,1939043.6672,1939043.6672,0.3422
603667.SH,20251224,49.72,4.7759,0.62,199.273,198.7294,6.1044,5.5774,1820760.1724,1820760.1724,0.3644
603667.SH,20251223,49.79,5.7932,0.77,199.5535,199.0091,6.113,5.5852,1823323.5918,1823323.5918,0.3639
603667.SH,20251222,50.65,8.88,1.2,203.0003,202.4465,6.2186,5.6817,1854817.0301,1854817.0301,0.3577
603667.SH,20251219,50.31,6.153,0.7,201.6376,201.0876,6.1769,5.6436,1842366.1359,1842366.1359,0.3601
603667.SH,20251218,51.29,8.1874,0.86,205.5654,205.0046,6.2972,5.7535,1878254.0073,1878254.0073,0.3532
603667.SH,20251217,51.09,9.4809,0.94,204.7638,204.2052,6.2726,5.7311,1870929.9519,1870929.9519,0.3546
603667.SH,20251216,47.72,5.057,0.39,191.2572,190.7354,5.8589,5.353,1747519.6184,1747519.6184,0.3797
603667.SH,20251215,49.11,7.9827,0.55,196.8282,196.2912,6.0295,5.5089,1798421.8035,1798421.8035,0.3689
603667.SH,20251212,50.98,13.3326,0.91,204.3229,203.7655,6.2591,5.7187,1866901.7215,1866901.7215,0.3554
603667.SH,20251211,54.62,11.9941,0.84,218.9117,218.3145,6.706,6.127,2000199.5297,2000199.5297,0.3317
603667.SH,20251210,53.46,11.9124,0.9,214.2625,213.678,6.5636,5.9969,1957720.0084,1957720.0084,0.3389
603667.SH,20251209,53.52,18.9716,1.83,214.503,213.9178,6.571,6.0036,1959917.225,1959917.225,0.3385
603667.SH,20251208,53.97,16.7716,2.03,216.3066,215.7165,6.6262,6.0541,1976396.3497,1976396.3497,0.3357
603667.SH,20251205,49.06,13.2778,1.95,196.6278,196.0914,6.0234,5.5033,1796590.7896,1796590.7896,0.3693
603667.SH,20251204,45.9,10.5889,1.95,183.9628,183.4609,5.6354,5.1489,1680870.7143,1680870.7143,0.3947
603667.SH,20251203,46.22,6.892,1.41,185.2453,184.74,5.6747,5.1848,1692589.2029,1692589.2029,0.392
603667.SH,20251202,44.78,4.2483,0.88,179.4739,178.9843,5.4979,5.0232,1639856.0041,1639856.0041,0.4046
603667.SH,20251201,46.28,6.2433,1.42,185.4858,184.9798,5.6821,5.1915,1694786.4196,1694786.4196,0.3915
603667.SH,20251128,44.91,6.1271,1.44,179.995,179.5039,5.5139,5.0378,1644616.6401,1644616.6401,0.4034
603667.SH,20251127,43.29,3.696,0.87,173.5022,173.0288,5.315,4.8561,1585291.7913,1585291.7913,0.4185
603667.SH,20251126,43.74,4.1154,1.02,175.3057,174.8275,5.3702,4.9066,1601770.916,1601770.916,0.4142
603667.SH,20251125,43.36,4.0746,1.0,173.7827,173.3086,5.3236,4.8639,1587855.2107,1587855.2107,0.4178
603667.SH,20251124,43.57,4.0412,1.03,174.6244,174.148,5.3494,4.8875,1595545.4689,1595545.4689,0.4158
603667.SH,20251121,42.88,5.4116,1.41,171.8589,171.3901,5.2646,4.8101,1570277.4778,1570277.4778,0.4225
603667.SH,20251120,41.9,3.5558,0.83,167.9312,167.473,5.1443,4.7002,1534389.6063,1534389.6063,0.4324
603667.SH,20251119,44.01,3.1189,0.6,176.3878,175.9067,5.4034,4.9368,1611658.3908,1611658.3908,0.4117
603667.SH,20251118,43.7,4.1751,0.63,175.1454,174.6676,5.3653,4.9021,1600306.1049,1600306.1049,0.4146
603667.SH,20251117,43.13,3.3518,0.45,172.8609,172.3893,5.2953,4.8381,1579432.547,1579432.547,0.4201
603667.SH,20251114,43.42,4.9799,0.53,174.0232,173.5484,5.3309,4.8707,1590052.4273,1590052.4273,0.4172
603667.SH,20251113,45.55,5.9062,0.52,182.56,182.062,5.5925,5.1096,1668053.6174,1668053.6174,0.3977
603667.SH,20251112,46.92,7.7438,0.7,188.0508,187.5378,5.7607,5.2633,1718223.3968,1718223.3968,0.3861
603667.SH,20251111,48.37,11.1821,1.12,193.8623,193.3334,5.9387,5.4259,1771322.7985,1771322.7985,0.3745
603667.SH,20251110,45.89,7.8309,0.77,183.9227,183.421,5.6342,5.1477,1680504.5115,1680504.5115,0.3948
603667.SH,20251107,47.1,14.1834,1.46,188.7723,188.2573,5.7828,5.2835,1724815.0467,1724815.0467,0.3846
603667.SH,20251106,47.84,15.8629,1.96,191.7381,191.215,5.8736,5.3665,1751914.0517,1751914.0517,0.3787
603667.SH,20251105,44.29,6.0959,0.8,177.5101,177.0258,5.4378,4.9683,1621912.0683,1621912.0683,0.4091
603667.SH,20251104,43.58,5.8033,0.76,174.6644,174.188,5.3506,4.8886,1595911.6717,1595911.6717,0.4157
603667.SH,20251103,45.96,8.7287,1.17,184.2033,183.7007,5.6428,5.1556,1683067.9309,1683067.9309,0.3942
603667.SH,20251031,45.9,12.2167,2.04,183.9628,183.4609,5.6354,5.1489,1680870.7143,1680870.7143,0.3947
603667.SH,20251030,44.05,7.636,1.41,176.5482,176.0665,5.4083,4.9413,1613123.2019,1613123.2019,0.4113
603667.SH,20251029,43.29,3.7083,0.66,173.5022,173.0288,5.315,4.8561,1585291.7913,1585291.7913,0.4185
603667.SH,20251028,43.53,5.6972,1.05,174.4641,173.9881,5.3445,4.883,1594080.6578,1594080.6578,0.4162
603667.SH,20251027,43.69,7.9828,1.63,175.1053,174.6569,5.4024,4.901,1599939.9021,1599939.9021,0.4147
603667.SH,20251024,41.78,4.9167,1.0,167.4502,167.0214,5.1662,4.6867,1529995.1731,1529995.1731,0.4336
603667.SH,20251023,40.6,4.82,0.81,162.7209,162.3042,5.0203,4.5543,1486783.2462,1486783.2462,0.4462
603667.SH,20251022,42.19,4.8806,0.61,169.0935,168.6604,5.2169,4.7327,1545009.4866,1545009.4866,0.4294
603667.SH,20251021,42.08,4.6563,0.58,168.6526,168.2207,5.2033,4.7203,1540981.2562,1540981.2562,0.4305
603667.SH,20251020,42.14,5.1792,0.61,168.8931,168.4605,5.2107,4.7271,1543178.4728,1543178.4728,0.4299
603667.SH,20251017,41.43,5.0349,0.59,166.0475,165.6222,5.1229,4.6474,1517178.0761,1517178.0761,0.4373
603667.SH,20251016,42.8,10.0459,1.32,171.5383,171.099,5.2923,4.8011,1567347.8556,1567347.8556,0.4233
603667.SH,20251015,45.55,15.3428,2.72,182.56,182.0925,5.6323,5.1096,1668053.6174,1668053.6174,0.3977
603667.SH,20251014,41.41,4.8139,0.81,165.9673,165.5422,5.1204,4.6452,1516445.6706,1516445.6706,0.4375
603667.SH,20251013,43.63,7.3239,1.25,174.8648,174.417,5.3949,4.8942,1597742.6855,1597742.6855,0.4152
603667.SH,20251010,44.12,5.4811,0.92,176.8287,176.3758,5.4555,4.9492,1615686.6212,1615686.6212,0.4106
603667.SH,20251009,46.1,5.208,0.76,184.7644,184.2912,5.7004,5.1713,1688194.7697,1688194.7697,0.393
603667.SH,20250930,46.15,5.3625,0.68,184.9648,184.491,5.7065,5.1769,1690025.7836,1690025.7836,0.3926
603667.SH,20250929,46.55,6.38,0.69,186.5679,186.0901,5.756,5.2218,1704673.8944,1704673.8944,0.3892
603667.SH,20250926,45.21,6.894,0.67,181.1973,180.7333,5.5903,5.0715,1655602.7232,1655602.7232,0.4007
603667.SH,20250925,46.47,6.1049,0.45,186.2473,185.7703,5.7461,5.2128,1701744.2722,1701744.2722,0.3899
603667.SH,20250924,47.07,9.6313,0.66,188.652,188.1689,5.8203,5.2801,1723716.4384,1723716.4384,0.3849
603667.SH,20250923,47.35,10.4158,0.67,189.7742,189.2882,5.8549,5.3115,1733970.116,1733970.116,0.3826
603667.SH,20250922,49.25,13.2969,0.85,197.3893,196.8837,6.0899,5.5246,1803548.6423,1803548.6423,0.3679
603667.SH,20250919,46.62,12.3536,0.77,186.8485,186.3699,5.7647,5.2296,1707237.3137,1707237.3137,0.3886
603667.SH,20250918,51.8,22.5513,1.76,207.6094,207.0777,6.4052,5.8107,1896930.3486,1896930.3486,0.3497
603667.SH,20250917,47.73,14.5642,1.31,191.2972,190.8073,5.9019,5.3541,1747885.8212,1747885.8212,0.3796
603667.SH,20250916,46.66,14.8949,1.55,187.0088,186.5298,5.7696,5.2341,1708702.1248,1708702.1248,0.3883
603667.SH,20250915,45.2,13.8458,1.6,181.1573,180.6933,5.5891,5.0703,1655236.5204,1655236.5204,0.4008
603667.SH,20250912,43.6,13.9561,1.93,174.7446,174.2971,5.3912,4.8909,1596644.0772,1596644.0772,0.4155
603667.SH,20250911,41.6,6.9292,0.9,166.7288,166.3018,5.1439,4.6665,1523403.5232,1523403.5232,0.4355
603667.SH,20250910,40.58,5.9294,0.66,162.6407,162.2242,5.0178,4.5521,1486050.8407,1486050.8407,0.4464
603667.SH,20250909,41.03,7.3685,0.65,164.4443,164.0231,5.0734,4.6026,1502529.9653,1502529.9653,0.4416
603667.SH,20250908,40.75,9.1376,0.88,163.3221,162.9038,5.0388,4.5712,1492276.2878,1492276.2878,0.4446
603667.SH,20250905,38.88,6.8344,0.68,155.8273,155.4282,4.8076,4.3614,1423796.3698,1423796.3698,0.466
603667.SH,20250904,37.3,9.0332,0.96,149.4948,149.1119,4.6122,4.1841,1365936.3321,1365936.3321,0.4857
603667.SH,20250903,39.99,12.4296,1.54,160.2761,159.8656,4.9448,4.4859,1464444.8772,1464444.8772,0.453
603667.SH,20250902,42.03,19.3921,3.82,168.4522,168.0208,5.1971,4.7147,1539150.2423,1539150.2423,0.431
603667.SH,20250901,39.13,3.9425,0.71,156.8293,156.4276,4.8385,4.3894,1432951.439,1432951.439,0.463
603667.SH,20250829,39.47,5.4506,1.01,158.192,157.7868,4.8805,4.4276,1445402.3332,1445402.3332,0.459
603667.SH,20250828,38.98,6.0519,1.09,156.2281,155.828,4.82,4.3726,1427458.3975,1427458.3975,0.4648
603667.SH,20250827,39.03,5.4442,0.91,156.4285,156.3944,4.9117,4.3782,1429289.4113,1429289.4113,0.4642
603667.SH,20250826,39.88,4.5137,0.62,159.8352,159.8004,5.0187,4.4736,1460416.6468,1460416.6468,0.4543
603667.SH,20250825,40.43,6.4509,0.8,162.0395,162.0043,5.0879,4.5353,1480557.7991,1480557.7991,0.4481
603667.SH,20250822,40.41,4.4971,0.48,161.9594,161.9241,5.0854,4.533,1479825.3936,1479825.3936,0.4483
603667.SH,20250821,39.98,6.9606,0.67,160.236,160.2011,5.0313,4.4848,1464078.6745,1464078.6745,0.4531
603667.SH,20250820,41.9,7.3637,0.73,167.9312,167.8946,5.2729,4.7002,1534389.6063,1534389.6063,0.4324
603667.SH,20250819,42.33,11.0958,1.25,169.6546,169.6176,5.327,4.7484,1550136.3254,1550136.3254,0.428
603667.SH,20250818,41.32,10.6146,1.35,165.6066,165.5705,5.1999,4.6351,1513149.8456,1513149.8456,0.4385
603667.SH,20250815,40.74,10.6991,1.51,163.282,163.2464,5.1269,4.57,1491910.085,1491910.085,0.4447
603667.SH,20250814,39.89,12.5409,1.95,159.8753,159.8405,5.02,4.4747,1460782.8495,1460782.8495,0.4542
603667.SH,20250813,38.62,5.5686,0.65,154.7852,154.7515,4.8601,4.3322,1414275.0977,1414275.0977,0.4691
603667.SH,20250812,38.22,4.8112,0.46,153.1821,153.1487,4.8098,4.2874,1399626.9869,1399626.9869,0.474
603667.SH,20250811,38.45,5.6401,0.49,154.1039,154.0703,4.8387,4.3132,1408049.6507,1408049.6507,0.4712
603667.SH,20250808,38.4,6.7633,0.63,153.9035,153.87,4.8324,4.3075,1406218.6368,1406218.6368,0.4718
603667.SH,20250807,39.16,9.4509,0.98,156.9495,156.9153,4.9281,4.3928,1434050.0473,1434050.0473,0.4626
603667.SH,20250806,40.22,15.9393,2.26,161.1979,161.1628,5.0615,4.5117,1472867.5409,1472867.5409,0.4504
603667.SH,20250805,38.07,15.015,3.27,152.5809,152.5477,4.7909,4.2705,1394133.9454,1394133.9454,0.4759
603667.SH,20250804,37.29,10.4852,3.46,149.4547,149.4222,4.6928,4.183,1365570.1293,1365570.1293,0.4858
603667.SH,20250801,33.9,2.699,0.86,135.8679,135.8384,4.2661,3.8028,1241427.3903,1241427.3903,0.5344
603667.SH,20250731,34.29,3.8495,1.29,137.431,137.4011,4.3152,3.8465,1255709.2983,1255709.2983,0.5283
603667.SH,20250730,34.28,3.2068,1.07,137.3909,137.361,4.314,3.8454,1255343.0956,1255343.0956,0.5285
603667.SH,20250729,35.22,2.6878,0.76,141.1584,141.1276,4.4323,3.9508,1289766.1559,1289766.1559,0.5144
603667.SH,20250728,35.43,2.7154,0.64,142.0,141.9691,4.4587,3.9744,1297456.4141,1297456.4141,0.5113
603667.SH,20250725,35.43,3.2911,0.72,142.0,141.9691,4.4587,3.9744,1297456.4141,1297456.4141,0.5113
603667.SH,20250724,35.63,3.0181,0.54,142.8016,142.7705,4.4839,3.9968,1304780.4695,1304780.4695,0.5085
603667.SH,20250723,35.39,3.3192,0.5,141.8397,141.8088,4.4537,3.9699,1295991.603,1295991.603,0.5119
603667.SH,20250722,35.65,5.3686,0.79,142.8818,142.8507,4.4864,3.9991,1305512.8751,1305512.8751,0.5082
603667.SH,20250721,36.77,6.2604,0.83,147.3706,147.3385,4.6273,4.1247,1346527.5853,1346527.5853,0.4927
603667.SH,20250718,35.96,4.8251,0.64,144.1242,144.0928,4.5254,4.0338,1316865.1609,1316865.1609,0.5038
603667.SH,20250717,36.31,8.3503,1.33,145.527,145.4953,4.5694,4.0731,1329682.2579,1329682.2579,0.499
603667.SH,20250716,35.7,8.5845,1.58,143.0822,143.051,4.4927,4.0047,1307343.8889,1307343.8889,0.5075
603667.SH,20250715,34.58,6.0174,1.29,138.5933,138.5631,4.3517,3.879,1266329.1787,1266329.1787,0.5239
603667.SH,20250714,34.93,9.9838,3.34,139.9961,139.9656,4.3958,3.9183,1279146.2756,1279146.2756,0.5187
603667.SH,20250711,33.0,4.6731,1.91,132.2608,132.232,4.1529,3.7018,1208469.141,1208469.141,0.549
603667.SH,20250710,31.94,2.1081,0.88,128.0124,127.9846,4.0195,3.5829,1169651.6474,1169651.6474,0.5672
603667.SH,20250709,32.22,4.3734,2.16,129.1347,129.1065,4.0547,3.6143,1179905.3249,1179905.3249,0.5623
603667.SH,20250708,32.2,2.2626,1.1,129.0545,129.0264,4.0522,3.6121,1179172.9194,1179172.9194,0.5626
603667.SH,20250707,31.97,1.5275,0.67,128.1327,128.1048,4.0233,3.5863,1170750.2557,1170750.2557,0.5667
603667.SH,20250704,32.13,1.9861,0.82,128.7739,128.7459,4.0434,3.6042,1176609.5,1176609.5,0.5639
603667.SH,20250703,32.55,1.8827,0.67,130.4573,130.4289,4.0963,3.6513,1191990.0164,1191990.0164,0.5566
603667.SH,20250702,32.71,2.4461,0.75,131.1478,131.1193,4.1166,3.6706,1198299.7755,1197849.2607,0.5537
603667.SH,20250701,33.38,2.468,0.63,133.8341,133.805,4.2009,3.7458,1222844.589,1222384.8463,0.5425
603667.SH,20250630,33.51,2.5822,0.65,134.3554,134.3261,4.2172,3.7604,1227607.0155,1227145.4823,0.5404
603667.SH,20250627,33.18,2.6728,0.63,133.0323,133.0033,4.1757,3.7234,1215517.779,1215060.7909,0.5458
603667.SH,20250626,33.31,3.9032,0.89,133.5535,133.5244,4.1921,3.738,1220280.2055,1219821.4269,0.5437
603667.SH,20250625,33.75,4.7438,1.1,135.3176,135.2882,4.2474,3.7874,1236399.1875,1235934.3488,0.5366
603667.SH,20250624,33.16,5.7221,1.27,132.9521,132.9231,4.1732,3.7211,1214785.098,1214328.3853,0.5461
603667.SH,20250623,31.81,2.8016,0.63,127.5394,127.5116,4.0033,3.5696,1165329.1305,1164891.0114,0.5693
603667.SH,20250620,31.91,3.9458,0.91,127.9403,127.9125,4.0159,3.5809,1168992.5355,1168553.0391,0.5675
603667.SH,20250619,32.95,4.8067,1.22,132.1101,132.0813,4.1468,3.6976,1207091.9475,1206638.1272,0.5496
603667.SH,20250618,33.47,4.259,1.2,134.195,134.1658,4.2122,3.7559,1226141.6535,1225680.6712,0.5411
603667.SH,20250617,32.92,6.7099,2.19,131.9898,131.9611,4.143,3.6942,1205992.926,1205539.5188,0.5501
603667.SH,20250616,34.99,2.6839,0.85,140.2893,140.2588,4.4035,3.9265,1281825.4095,1281343.4922,0.5176
603667.SH,20250613,35.4,3.1996,1.01,141.9332,141.9023,4.4551,3.9725,1296845.37,1296357.8058,0.5116
603667.SH,20250612,36.01,2.7873,0.79,144.3789,144.3475,4.4644,4.041,1319192.1405,1318696.1748,0.5029
603667.SH,20250611,35.96,2.4039,0.64,144.1784,144.147,4.4582,4.0354,1317360.438,1316865.1609,0.5036
603667.SH,20250610,35.89,4.2718,1.1,143.8978,143.8664,4.4496,4.0275,1314796.0545,1314301.7415,0.5046
603667.SH,20250609,36.23,3.1432,0.69,145.261,145.2293,4.4917,4.0657,1327251.6315,1326752.6357,0.4999
603667.SH,20250606,35.99,3.1748,0.62,144.2987,144.2673,4.462,4.0387,1318459.4595,1317963.7692,0.5032
603667.SH,20250605,36.81,4.6392,0.82,147.5864,147.5543,4.5636,4.1307,1348499.3805,1347992.3964,0.492
603667.SH,20250604,36.26,3.5222,0.58,145.3812,145.3496,4.4954,4.069,1328350.653,1327851.244,0.4995
603667.SH,20250603,36.24,4.9043,0.82,145.3011,145.2694,4.493,4.0668,1327617.972,1327118.8385,0.4997
603667.SH,20250530,37.07,6.6703,1.09,148.6289,148.5965,4.5959,4.1599,1358024.2335,1357513.6684,0.4885
603667.SH,20250529,39.87,6.0378,0.99,159.8552,159.8204,4.943,4.4741,1460599.5735,1460050.444,0.4542
603667.SH,20250528,40.73,7.269,1.12,163.3033,163.2678,5.0496,4.5706,1492104.8565,1491543.8822,0.4446
603667.SH,20250527,39.82,5.2391,0.64,159.6548,159.62,4.9368,4.4685,1458767.871,1458219.4301,0.4548
603667.SH,20250526,40.0,4.628,0.48,160.3764,160.3415,4.9591,4.4887,1465362.0,1464811.08,0.4528
603667.SH,20250523,40.01,7.3708,0.74,160.4165,160.3816,4.9604,4.4898,1465728.3405,1465177.2828,0.4526
603667.SH,20250522,39.51,5.8648,0.61,158.4118,158.3773,4.8984,4.4337,1447411.3155,1446867.1443,0.4584
603667.SH,20250521,41.0,9.4296,1.04,164.3859,164.3501,5.0831,4.6009,1501996.05,1501431.357,0.4417
603667.SH,20250520,41.06,13.6232,1.75,164.6264,164.5906,5.0905,4.6077,1504194.093,1503628.5736,0.4411
603667.SH,20250519,40.61,11.4599,1.47,162.8222,162.7867,5.0347,4.5572,1487708.7705,1487149.449,0.446
603667.SH,20250516,38.87,9.6888,1.37,155.8458,155.8119,4.819,4.3619,1423965.5235,1423430.167,0.4659
603667.SH,20250515,37.1,4.1751,0.53,148.7492,148.7168,4.5996,4.1633,1359123.255,1358612.2767,0.4881
603667.SH,20250514,38.11,6.5574,0.83,152.7987,152.7654,4.7248,4.2766,1396123.6455,1395598.7565,0.4752
603667.SH,20250513,38.99,7.1244,0.88,156.3269,156.2929,4.8339,4.3754,1428361.6095,1427824.6002,0.4645
603667.SH,20250512,39.59,11.3244,1.54,158.7326,158.698,4.9083,4.4427,1450342.0395,1449796.7664,0.4574
603667.SH,20250509,36.96,6.2769,0.87,148.1878,148.1556,4.5822,4.1476,1353994.488,1353485.4379,0.49
603667.SH,20250508,38.25,8.0664,1.26,153.36,153.3266,4.7422,4.2923,1401252.4125,1400725.5953,0.4735
603667.SH,20250507,37.5,6.8897,1.12,150.3529,150.3202,4.6492,4.2082,1373776.875,1373260.3875,0.4829
603667.SH,20250506,38.0,7.7255,1.21,152.3576,152.3245,4.7112,4.2643,1392093.9,1391570.526,0.4766
603667.SH,20250430,37.39,7.8516,1.09,149.9119,149.8792,4.6355,4.1958,1369747.1295,1369232.157,0.4844
603667.SH,20250429,35.49,5.4292,0.75,142.294,142.294,4.4636,3.9826,1300142.4345,1299653.6307,0.5103
603667.SH,20250428,34.6,4.019,0.49,91.732,111.5343,4.3174,4.0808,1267538.13,1267061.5842,0.5234
603667.SH,20250425,35.66,5.8647,0.77,94.5423,114.9512,4.4496,4.2058,1306370.223,1305879.0778,0.5079
603667.SH,20250424,35.73,8.6453,1.26,94.7279,115.1768,4.4584,4.2141,1308934.6065,1308442.4972,0.5069
603667.SH,20250423,36.43,12.1405,2.25,96.5838,117.4333,4.5457,4.2967,1334578.4415,1334076.6911,0.4971
603667.SH,20250422,33.84,5.5745,1.03,89.7171,109.0844,4.2225,3.9912,1239696.252,1239230.1737,0.5352
603667.SH,20250421,34.99,8.4044,1.72,92.766,112.7914,4.366,4.1268,1281825.4095,1281343.4922,0.5176
603667.SH,20250418,32.8,3.1167,0.54,86.9599,105.7319,4.0928,3.8685,1201596.84,1201145.0856,0.5521
603667.SH,20250417,33.03,5.0052,0.76,87.5696,106.4733,4.1215,3.8957,1210022.6715,1209567.7493,0.5483
603667.SH,20250416,33.1,4.8693,0.62,87.7552,106.699,4.1302,3.9039,1212587.055,1212131.1687,0.5471
603667.SH,20250415,33.88,5.7056,0.77,89.8232,109.2133,4.2275,3.9959,1241161.614,1240694.9848,0.5345
603667.SH,20250414,33.61,5.67,0.87,89.1073,108.343,4.1938,3.9641,1231270.4205,1230807.51,0.5388
603667.SH,20250411,33.25,7.3992,1.32,88.1529,107.1825,4.1489,3.9216,1218082.1625,1217624.2103,0.5447
603667.SH,20250410,32.24,9.1896,1.99,85.4752,103.9267,4.0229,3.8025,1181081.772,1180637.7305,0.5617
603667.SH,20250409,31.33,11.0218,3.65,83.0626,100.9933,3.9093,3.6952,1147744.7865,1147313.2784,0.578
603667.SH,20250408,30.81,3.9211,1.17,81.6839,99.3171,3.8444,3.6338,1128695.0805,1128270.7344,0.5878
603667.SH,20250407,34.23,0.9089,0.21,90.7511,110.3415,4.2712,4.0372,1253983.5315,1253512.0817,0.5291
603667.SH,20250403,38.03,3.0529,0.66,100.8257,122.591,4.7454,4.4854,1393192.9215,1392669.1343,0.4762
603667.SH,20250402,38.85,4.1325,0.86,102.9997,125.2343,4.8477,4.5821,1423232.8425,1422697.7615,0.4662
603667.SH,20250401,38.38,3.0801,0.57,101.7536,123.7192,4.789,4.5267,1406014.839,1405486.2313,0.4719
603667.SH,20250331,38.72,5.6196,1.01,102.655,124.8152,4.8315,4.5668,1418470.416,1417937.1254,0.4677
603667.SH,20250328,38.98,5.4784,0.88,103.3444,125.6533,4.8639,4.5974,1427995.269,1427458.3975,0.4646
603667.SH,20250327,40.47,4.7001,0.66,107.2947,130.4564,5.0498,4.7732,1482580.0035,1482022.6102,0.4475
603667.SH,20250326,41.58,5.2502,0.65,110.2375,134.0345,5.1883,4.9041,1523243.799,1522671.1177,0.4355
603667.SH,20250325,41.89,6.0859,0.72,111.0594,135.0338,5.227,4.9406,1534600.3545,1534023.4035,0.4323
603667.SH,20250324,42.14,6.2478,0.63,111.7222,135.8397,5.2582,4.9701,1543758.867,1543178.4728,0.4298
603667.SH,20250321,43.04,8.676,0.75,114.1083,138.7409,5.3705,5.0763,1576729.512,1576136.7221,0.4208
603667.SH,20250320,44.48,9.4398,0.82,117.926,143.3828,5.5502,5.2461,1629482.544,1628869.921,0.4072
603667.SH,20250319,44.36,9.6547,0.82,117.6079,142.9959,5.5352,5.232,1625086.458,1624475.4877,0.4083
603667.SH,20250318,45.31,8.054,0.66,120.1266,146.0583,5.6537,5.344,1659888.8055,1659264.7509,0.3997
603667.SH,20250317,45.9,13.7462,1.18,121.6908,147.9602,5.7274,5.4136,1681502.895,1680870.7143,0.3946
603667.SH,20250314,46.04,16.5663,1.41,122.0619,148.4115,5.7448,5.4301,1686631.662,1685997.5531,0.3934
603667.SH,20250313,41.85,9.6737,0.77,110.9534,134.9049,5.222,4.9359,1533134.9925,1532558.5925,0.4327
603667.SH,20250312,45.05,11.0975,0.88,119.4372,145.2202,5.6213,5.3133,1650363.9525,1649743.4789,0.402
603667.SH,20250311,44.66,9.9684,0.79,118.4033,143.963,5.5726,5.2673,1636076.673,1635461.5708,0.4055
603667.SH,20250310,46.25,10.7801,0.84,122.6187,149.0884,5.771,5.4549,1694324.8125,1693687.8113,0.3916
603667.SH,20250307,47.12,17.1697,1.36,124.9253,151.8929,5.8796,5.5575,1726196.436,1725547.4522,0.3843
603667.SH,20250306,45.0,13.4174,0.93,119.3047,145.059,5.6151,5.3074,1648532.25,1647912.465,0.4024
603667.SH,20250305,44.96,11.5173,0.74,119.1986,144.9301,5.6101,5.3027,1647066.888,1646447.6539,0.4028
603667.SH,20250304,44.94,10.2626,0.56,119.1456,144.8656,5.6076,5.3004,1646334.207,1645715.2484,0.403
603667.SH,20250303,43.29,11.9373,0.6,114.7711,139.5468,5.4017,5.1058,1585888.0245,1585291.7913,0.4183
603667.SH,20250228,46.58,16.1187,0.83,123.4936,150.1522,5.8122,5.4938,1706414.049,1705772.5027,0.3888
603667.SH,20250227,49.1,22.6108,1.24,130.1747,158.2755,6.1267,5.791,1798731.855,1798055.6007,0.3688
603667.SH,20250226,53.2,16.8106,0.95,141.0446,171.492,6.6383,6.2746,1948931.46,1948198.7364,0.3404
603667.SH,20250225,48.36,23.3881,1.58,128.2128,155.8901,6.0343,5.7037,1771622.658,1770956.5957,0.3745
603667.SH,20250224,45.13,21.0744,1.59,119.6493,145.4781,5.6313,5.3228,1653294.6765,1652673.101,0.4013
603667.SH,20250221,43.05,12.8715,0.91,114.1348,138.7731,5.3717,5.0774,1577095.8525,1576502.9249,0.4207
603667.SH,20250220,43.76,16.9732,1.23,116.0172,141.0618,5.4603,5.1612,1603106.028,1602503.3215,0.4139
603667.SH,20250219,43.35,13.9239,0.96,114.9302,139.7402,5.4092,5.1128,1588086.0675,1587489.008,0.4178
603667.SH,20250218,40.81,9.3619,0.59,108.1961,131.5524,5.0922,4.8133,1495035.5805,1494473.5044,0.4438
603667.SH,20250217,41.92,12.9342,0.74,111.1389,135.1305,5.2307,4.9442,1535699.376,1535122.0118,0.432
603667.SH,20250214,39.8,17.6641,0.9,105.5184,128.2966,4.9662,4.6941,1458035.19,1457487.0246,0.455
603667.SH,20250213,42.9,15.3203,0.73,113.7371,138.2896,5.353,5.0598,1571600.745,1571009.8833,0.4221
603667.SH,20250212,44.89,17.0235,0.75,119.013,144.7044,5.6013,5.2945,1644502.5045,1643884.2345,0.4034
603667.SH,20250211,43.0,15.8166,0.68,114.0023,138.6119,5.3655,5.0716,1575264.15,1574671.911,0.4212
603667.SH,20250210,44.12,21.0332,0.87,116.9716,142.2223,5.5053,5.2036,1616294.286,1615686.6212,0.4105
603667.SH,20250207,46.5,28.9004,1.23,123.2815,149.8943,5.8022,5.4844,1703483.325,1702842.8805,0.3895
603667.SH,20250206,44.15,22.7047,0.99,117.0511,142.319,5.509,5.2072,1617393.3075,1616785.2296,0.4102
603667.SH,20250205,42.06,24.4544,1.02,111.5101,135.5818,5.2482,4.9607,1540828.143,1540248.8506,0.4306
603667.SH,20250127,43.46,19.1465,0.75,115.2218,140.0948,5.4229,5.1258,1592115.813,1591517.2384,0.4167
603667.SH,20250124,48.29,25.8256,0.99,128.0272,155.6644,6.0256,5.6955,1769058.2745,1768393.1763,0.375
603667.SH,20250123,43.9,25.0329,0.88,116.3883,141.5131,5.4778,5.1777,1608234.795,1607630.1603,0.4125
603667.SH,20250122,43.86,20.0138,0.79,116.2823,141.3842,5.4728,5.173,1606769.433,1606165.3492,0.4129
603667.SH,20250121,45.9,30.2653,1.32,121.6908,147.9602,5.7274,5.4136,1681502.895,1680870.7143,0.3946
603667.SH,20250120,43.1,27.0939,1.12,114.2674,138.9343,5.378,5.0833,1578927.555,1578333.9387,0.4202
603667.SH,20250117,42.01,28.4746,1.41,111.3775,135.4206,5.242,4.9548,1538996.4405,1538417.8368,0.4311
603667.SH,20250116,40.3,36.888,2.32,106.844,129.9084,5.0286,4.7531,1476352.215,1475797.1631,0.4494
603667.SH,20250115,37.99,3.8779,0.21,100.7197,122.462,4.7404,4.4807,1391727.5595,1391204.3232,0.4767
603667.SH,20250114,34.54,18.0439,1.11,91.573,111.3408,4.3099,4.0738,1265340.087,1264864.3676,0.5243
603667.SH,20250113,31.4,33.3065,3.07,83.2482,101.2189,3.9181,3.7034,1150309.17,1149876.6978,0.5768
603667.SH,20250110,31.1,9.077,0.82,82.4528,100.2519,3.8806,3.668,1139318.955,1138890.6147,0.5823
603667.SH,20250109,28.27,15.2177,1.49,74.9499,91.1293,3.5275,3.3342,1035644.5935,1035255.2308,0.6406
301596.SZ,20260702,53.31,5.9672,1.16,54.8831,56.644,6.4357,8.914,575915.9265,233728.6323,1.0719
301596.SZ,20260701,51.78,4.8402,0.94,53.3079,55.0183,6.251,8.6582,559387.107,227020.6074,1.1036
301596.SZ,20260630,50.4,4.1237,0.77,51.8872,53.552,6.0844,8.4275,544478.76,220970.232,1.1338
301596.SZ,20260629,47.68,4.6057,0.75,49.0869,50.6619,5.7561,7.9726,515094.192,209044.8544,1.1985
301596.SZ,20260626,48.12,6.0564,0.89,49.5399,51.1294,5.8092,8.0462,519847.578,210973.9596,1.1875
301596.SZ,20260625,51.57,6.0979,0.9,53.0917,54.7952,6.2257,8.6231,557118.4455,226099.8981,1.1081
301596.SZ,20260624,54.66,4.9229,0.7,56.2729,58.0785,6.5987,9.1398,590500.179,239647.4778,1.0454
301596.SZ,20260623,55.1,5.0473,0.71,56.7259,58.546,6.6518,9.2133,595253.565,241576.583,1.0371
301596.SZ,20260622,56.6,8.6354,1.3,58.2701,60.1398,6.8329,9.4642,611458.29,248153.078,1.0096
301596.SZ,20260618,59.74,9.373,1.55,61.5028,63.4762,7.212,9.9892,645380.181,261919.8742,0.9565
301596.SZ,20260617,56.38,5.9033,1.01,58.0437,59.906,6.8064,9.4274,609081.597,247188.5254,1.0135
301596.SZ,20260616,58.73,6.0009,1.06,60.463,62.403,7.0901,9.8203,634468.9995,257491.7009,0.973
301596.SZ,20260615,57.2,5.5275,0.97,58.8878,60.7773,6.9054,9.5645,617940.18,250783.676,0.999
301596.SZ,20260612,55.38,6.5173,1.07,57.0141,58.8435,6.6856,9.2602,598278.447,242804.1954,1.0318
301596.SZ,20260611,57.66,6.328,1.11,59.3614,61.266,7.083,9.6414,622909.1677,252800.2256,0.991
301596.SZ,20260610,79.0,6.6914,0.84,58.0936,59.9576,6.8122,9.4355,609605.87,247401.2427,1.0127
301596.SZ,20260609,81.2,7.0409,0.9,59.7114,61.6273,7.0019,9.6983,626582.236,254290.8976,0.9852
301596.SZ,20260608,79.8,8.2671,1.15,58.6819,60.5648,6.8812,9.531,615779.094,249906.5717,1.0025
301596.SZ,20260605,80.75,11.6182,1.8,59.3805,61.2858,6.9631,9.6445,623109.7975,252881.65,0.9907
301596.SZ,20260604,75.5,6.2232,0.96,55.5198,57.3012,6.5104,9.0175,582598.015,236440.4282,1.0596
301596.SZ,20260603,73.61,6.8432,0.98,54.13,55.8668,6.3474,8.7917,568013.7733,230521.5883,1.0868
301596.SZ,20260602,72.3,6.0133,0.76,53.1667,54.8726,6.2345,8.6353,557905.119,226419.112,1.1065
301596.SZ,20260601,73.12,5.3684,0.62,53.7697,55.4949,6.3052,8.7332,564232.6736,228987.0743,1.0941
301596.SZ,20260529,76.2,7.8993,0.82,56.0346,57.8325,6.5708,9.1011,587999.586,238632.5911,1.0499
301596.SZ,20260528,81.74,6.1997,0.53,60.1085,62.0371,7.0485,9.7628,630749.1622,255981.9947,0.9787
301596.SZ,20260527,81.87,9.5091,0.82,60.2041,62.1358,7.0597,9.7783,631752.3111,256389.1106,0.9772
301596.SZ,20260526,87.0,10.817,0.91,63.9765,66.0292,7.5021,10.391,671338.11,272454.5331,0.9195
301596.SZ,20260525,89.46,9.0416,0.71,65.7855,67.8963,7.7142,10.6848,690320.7738,280158.4199,0.8943
301596.SZ,20260522,89.5,12.5614,0.94,65.8149,67.9266,7.7176,10.6896,690629.435,280283.6864,0.8939
301596.SZ,20260521,87.2,16.8759,1.54,64.1236,66.181,7.5193,10.4149,672881.416,273080.8654,0.9174
301596.SZ,20260520,81.79,8.3778,0.84,60.1453,62.0751,7.0528,9.7687,631134.9887,256138.5777,0.9781
301596.SZ,20260519,84.46,12.3026,1.53,62.1087,64.1015,7.283,10.0876,651738.1238,264500.1134,0.9472
301596.SZ,20260518,82.92,13.983,2.25,60.9762,62.9327,7.1502,9.9037,639854.6676,259677.355,0.9648
301596.SZ,20260515,81.5,15.2101,3.6,59.932,61.855,7.0278,9.7341,628897.195,255230.396,0.9816
301596.SZ,20260514,72.82,4.8765,1.18,53.5491,55.2672,6.2793,8.6974,561917.7146,228047.5759,1.0986
301596.SZ,20260513,72.4,3.2279,0.73,53.2402,54.9485,6.2431,8.6472,558676.772,226732.2781,1.105
301596.SZ,20260512,72.53,2.8967,0.69,53.3358,55.0471,6.2543,8.6627,559679.9209,227139.3941,1.103
301596.SZ,20260511,73.14,4.8041,1.36,53.7844,55.5101,6.3069,8.7356,564387.0042,229049.7075,1.0938
301596.SZ,20260508,72.57,5.3344,1.82,53.3652,55.0775,6.2578,8.6675,559988.5821,227264.6605,1.1024
301596.SZ,20260507,70.49,4.4536,1.52,51.8357,53.4989,6.0784,8.4191,543938.1997,220750.805,1.1349
301596.SZ,20260506,68.36,4.705,1.88,50.2694,51.8823,5.8947,8.1647,527501.9908,214080.3665,1.1703
301596.SZ,20260430,68.54,1.6411,0.46,50.4017,52.0189,5.9102,8.1862,528890.9662,214644.0655,1.1672
301596.SZ,20260429,67.68,1.5598,0.39,49.7693,51.3662,5.8361,8.0835,522254.7504,211950.8368,1.182
301596.SZ,20260428,67.31,2.2899,0.45,49.4972,51.0854,5.8042,8.0393,519399.6343,210792.1221,1.1885
301596.SZ,20260427,69.09,4.414,0.94,50.8062,52.4363,5.9577,8.2519,533135.0577,216366.4792,1.1579
301596.SZ,20260424,66.41,2.6392,0.58,48.8354,50.4023,5.7266,7.9318,512454.7573,207973.6269,1.2046
301596.SZ,20260423,67.29,6.7967,1.85,49.4825,51.0702,5.8025,8.0369,519245.3037,210729.4889,1.1889
301596.SZ,20260422,73.46,3.8506,1.15,56.1857,53.087,6.6776,9.2044,566856.2938,230051.8391,1.089
301596.SZ,20260421,74.2,7.5307,3.17,56.7517,53.6218,6.7448,9.2972,572566.526,232369.2685,1.0782
301596.SZ,20260420,70.84,2.7859,1.23,54.1818,51.1936,6.4394,8.8762,546638.9852,221846.8865,1.1293
301596.SZ,20260417,69.91,1.8769,0.77,53.4705,50.5215,6.3549,8.7596,539462.6123,218934.4415,1.1443
301596.SZ,20260416,70.25,2.2976,0.88,53.7306,50.7672,6.3858,8.8022,542086.2325,219999.2063,1.1388
301596.SZ,20260415,69.01,2.22,0.74,52.7822,49.8711,6.2731,8.6469,532517.7353,216115.9463,1.1593
301596.SZ,20260414,69.96,2.71,0.9,53.5088,50.5577,6.3594,8.7659,539848.4388,219091.0245,1.1435
301596.SZ,20260413,68.43,2.2122,0.66,52.3385,49.452,6.2203,8.5742,528042.1479,214299.5828,1.1691
301596.SZ,20260410,68.64,2.7449,0.72,52.4992,49.6037,6.2394,8.6005,529662.6192,214957.2316,1.1655
301596.SZ,20260409,68.3,3.2105,0.64,52.2391,49.358,6.2085,8.5579,527038.999,213892.4668,1.1713
301596.SZ,20260408,70.24,4.201,0.95,53.7229,50.76,6.3849,8.801,542009.0672,219967.8897,1.139
301596.SZ,20260407,67.54,2.6403,0.64,51.6578,48.8088,6.1394,8.4627,521174.4362,211512.4042,1.1845
301596.SZ,20260403,67.79,4.0008,1.14,51.849,48.9895,6.1622,8.494,523103.5687,212295.3195,1.1801
301596.SZ,20260402,70.03,5.1037,1.87,53.5623,50.6083,6.3658,8.7747,540388.5959,219310.2408,1.1424
301596.SZ,20260401,72.16,9.1979,6.97,55.1914,52.1475,6.5594,9.0415,556824.8048,225980.6794,1.1086
301596.SZ,20260331,64.18,1.1742,0.79,49.0879,46.3807,5.834,8.0417,495246.8954,200990.0222,1.2465
301596.SZ,20260330,64.87,1.0877,0.57,49.6157,46.8793,5.8967,8.1281,500571.3011,203150.8685,1.2332
301596.SZ,20260327,64.94,1.0554,0.52,49.6692,46.9299,5.9031,8.1369,501111.4582,203370.0848,1.2319
301596.SZ,20260326,65.26,1.1116,0.49,49.914,47.1611,5.9322,8.177,503580.7478,204372.2164,1.2259
301596.SZ,20260325,66.66,2.1663,1.03,50.9848,48.1729,6.0595,8.3524,514383.8898,208756.5423,1.2001
301596.SZ,20260324,64.24,1.9684,0.98,49.1338,46.424,5.8395,8.0492,495709.8872,201177.9219,1.2453
301596.SZ,20260323,62.5,3.1744,1.97,47.803,45.1666,5.6813,7.8312,482283.125,195728.8313,1.28
301596.SZ,20260320,66.0,1.8227,1.2,50.48,47.6959,5.9995,8.2697,509290.98,206689.6458,1.2121
301596.SZ,20260319,67.04,2.278,1.67,51.2754,48.4475,6.094,8.4,517316.1712,209946.5736,1.1933
301596.SZ,20260318,69.59,1.2558,0.87,53.2258,50.2903,6.3258,8.7195,536993.3227,217932.3099,1.1496
301596.SZ,20260317,68.51,1.4855,0.88,52.3997,49.5098,6.2276,8.5842,528659.4703,214550.1157,1.1677
301596.SZ,20260316,69.16,1.2048,0.64,52.8969,49.9795,6.2867,8.6657,533675.2148,216585.6955,1.1567
301596.SZ,20260313,69.03,1.3781,0.66,52.7975,49.8856,6.2749,8.6494,532672.0659,216178.5795,1.1589
301596.SZ,20260312,69.9,1.5145,0.66,53.4629,50.5143,6.354,8.7584,539385.447,218903.1249,1.1445
301596.SZ,20260311,71.29,1.6603,0.69,54.526,51.5188,6.4803,8.9325,550111.4237,223256.1341,1.1222
301596.SZ,20260310,72.5,2.7267,1.08,55.4515,52.3932,6.5903,9.0842,559448.425,227045.4443,1.1034
301596.SZ,20260309,70.41,2.1634,0.73,53.8529,50.8829,6.4003,8.8223,543320.8773,220500.2721,1.1362
301596.SZ,20260306,70.88,2.3807,0.86,54.2124,51.2225,6.4431,8.8812,546947.6464,221972.1529,1.1287
301596.SZ,20260305,69.82,2.525,0.94,53.4017,50.4565,6.3467,8.7484,538768.1246,218652.592,1.1458
301596.SZ,20260304,68.12,2.2236,0.84,52.1014,49.228,6.1922,8.5353,525650.0236,213328.7678,1.1744
301596.SZ,20260303,68.53,3.3139,1.3,52.415,49.5243,6.2294,8.5867,528813.8009,214612.7489,1.1674
301596.SZ,20260302,70.74,4.4346,2.15,54.1053,51.1213,6.4303,8.8636,545867.3322,221533.7204,1.1309
301596.SZ,20260227,74.44,1.3575,0.63,56.9353,53.7952,6.7667,9.3272,574418.4932,233120.8672,1.0747
301596.SZ,20260226,75.18,2.0809,1.05,57.5013,54.33,6.8339,9.42,580128.7254,235438.2965,1.0641
301596.SZ,20260225,74.33,2.1094,0.93,56.8511,53.7157,6.7567,9.3134,573569.6749,232776.3844,1.0763
301596.SZ,20260224,74.76,2.7587,1.38,57.18,54.0265,6.7957,9.3673,576887.7828,234122.9988,1.0701
301596.SZ,20260213,75.16,2.0002,1.0,57.486,54.3155,6.8321,9.4174,579974.3948,235375.6633,1.0644
301596.SZ,20260212,74.32,1.7934,0.92,56.8435,53.7085,6.7558,9.3122,573492.5096,232745.0678,1.0764
301596.SZ,20260211,74.2,1.2124,0.58,56.7517,53.6218,6.7448,9.2972,572566.526,232369.2685,1.0782
301596.SZ,20260210,74.82,3.5496,1.97,57.2259,54.0698,6.8012,9.3748,577350.7746,234310.8985,1.0692
301596.SZ,20260209,73.32,1.4215,0.66,56.0787,52.9858,6.6649,9.1869,565775.9796,229613.4065,1.0911
301596.SZ,20260206,72.97,1.9825,0.86,55.811,52.7329,6.633,9.143,563075.1941,228517.3251,1.0963
301596.SZ,20260205,71.96,1.5888,0.61,55.0385,52.003,6.5412,9.0165,555281.4988,225354.3471,1.1117
301596.SZ,20260204,72.43,1.8937,0.63,55.3979,52.3427,6.584,9.0754,558908.2679,226826.228,1.1045
301596.SZ,20260203,73.3,2.1436,0.65,56.0634,52.9714,6.663,9.1844,565621.649,229550.7733,1.0914
301596.SZ,20260202,71.82,3.1353,0.89,54.9314,51.9018,6.5285,8.9989,554201.1846,224915.9146,1.1139
301596.SZ,20260130,74.41,2.7024,0.76,56.9123,53.7735,6.7639,9.3235,574186.9973,233026.9173,1.0751
301596.SZ,20260129,73.15,3.0985,0.87,55.9486,52.863,6.6494,9.1656,564464.1695,229081.0241,1.0936
301596.SZ,20260128,75.6,3.9798,1.18,57.8225,54.6335,6.8721,9.4726,583369.668,236753.5943,1.0582
301596.SZ,20260127,77.4,3.6337,1.05,59.1992,55.9343,7.0357,9.6981,597259.422,242390.5846,1.0336
301596.SZ,20260126,77.0,4.278,1.31,58.8933,55.6452,6.9994,9.648,594172.81,241137.9201,1.039
301596.SZ,20260123,79.9,2.8862,0.73,61.1113,57.741,7.263,10.0114,616550.747,250219.7379,1.0013
301596.SZ,20260122,79.44,3.0533,0.78,60.7595,57.4085,7.2212,9.9537,613001.1432,248779.1737,1.007
301596.SZ,20260121,81.02,2.9763,0.68,61.968,58.5503,7.3648,10.1517,625193.2606,253727.1985,0.9874
301596.SZ,20260120,80.16,4.1008,0.92,61.3102,57.9289,7.2866,10.0439,618557.0448,251033.9698,0.998
301596.SZ,20260119,81.47,3.3609,0.66,62.3122,58.8755,7.4057,10.2081,628665.6991,255136.4461,0.982
301596.SZ,20260116,81.28,6.26,1.36,62.1668,58.7382,7.3884,10.1843,627199.5584,254541.4305,0.9843
301596.SZ,20260115,78.88,2.9233,0.63,60.3312,57.0038,7.1703,9.8836,608679.8864,247025.4433,1.0142
301596.SZ,20260114,78.43,5.1633,1.16,59.987,56.6786,7.1294,9.8272,605207.4479,245616.1958,1.02
301596.SZ,20260113,79.01,4.5321,1.03,60.4306,57.0978,7.1821,9.8998,609683.0353,247432.5593,1.0125
301596.SZ,20260112,80.92,6.4244,1.62,61.8915,58.4781,7.3557,10.1392,624421.6076,253414.0324,0.9886
301596.SZ,20260109,78.73,3.9557,0.96,60.2165,56.8954,7.1566,9.8648,607522.4069,246555.6941,1.0161
301596.SZ,20260108,78.39,3.2907,0.67,59.9564,56.6497,7.1257,9.8222,604898.7867,245490.9293,1.0205
301596.SZ,20260107,77.66,4.047,0.85,59.3981,56.1222,7.0594,9.7307,599265.7198,243204.8166,1.0301
301596.SZ,20260106,79.0,4.2191,0.94,60.423,57.0906,7.1812,9.8986,609605.87,247401.2427,1.0127
301596.SZ,20260105,78.64,4.351,1.02,60.1476,56.8304,7.1484,9.8535,606827.9192,246273.8446,1.0173
301596.SZ,20251231,78.62,4.7927,1.34,60.1323,56.8159,7.1466,9.851,606673.5886,246211.2114,0.0
301596.SZ,20251230,78.9,6.9665,2.68,60.3465,57.0183,7.1721,9.8861,608834.217,247088.0766,0.0
301596.SZ,20251229,75.76,3.54,1.34,57.9449,54.7491,6.8867,9.4926,584604.3128,237254.6601,0.0
301596.SZ,20251226,74.28,2.6781,1.14,56.8129,53.6796,6.7521,9.3072,573183.8484,232619.8014,0.0
301596.SZ,20251225,74.84,3.4044,1.78,57.2412,54.0843,6.803,9.3774,577505.1052,234373.5317,0.0
301596.SZ,20251224,72.66,1.3223,0.68,55.5739,52.5089,6.6049,9.1042,560683.0698,227546.5101,0.0
301596.SZ,20251223,72.61,2.0379,1.06,55.5356,52.4727,6.6003,9.0979,560297.2433,227389.927,0.0
301596.SZ,20251222,73.98,3.7755,2.54,56.5835,53.4628,6.7248,9.2696,570868.8894,231680.303,0.0
301596.SZ,20251219,70.32,1.1687,0.71,53.7841,50.8178,6.3921,8.811,542626.3896,220218.4226,0.0
301596.SZ,20251218,69.6,1.2456,0.71,53.2334,50.2975,6.3267,8.7208,537070.488,217963.6265,0.0
301596.SZ,20251217,69.88,1.5344,0.84,53.4476,50.4999,6.3522,8.7559,539231.1164,218840.4916,0.0
301596.SZ,20251216,69.32,1.86,1.06,53.0193,50.0952,6.3012,8.6857,534909.8596,217086.7613,0.0
301596.SZ,20251215,71.15,1.6274,0.9,54.4189,51.4176,6.4676,8.915,549031.1095,222817.7015,0.0
301596.SZ,20251212,72.86,1.9054,1.09,55.7268,52.6534,6.623,9.1293,562226.3758,228172.8423,0.0
301596.SZ,20251211,72.71,1.8994,1.11,55.6121,52.545,6.6094,9.1105,561068.8963,227703.0931,0.0
301596.SZ,20251210,74.49,1.8301,1.13,56.9735,53.8313,6.7712,9.3335,574804.3197,233277.4502,0.0
301596.SZ,20251209,74.3,1.551,1.0,56.8282,53.694,6.7539,9.3097,573338.179,232682.4346,0.0
301596.SZ,20251208,75.14,1.8462,1.18,57.4707,54.3011,6.8303,9.4149,579820.0642,235313.0301,0.0
301596.SZ,20251205,74.36,1.6287,1.08,56.8741,53.7374,6.7594,9.3172,573801.1708,232870.3343,0.0
301596.SZ,20251204,73.08,1.6854,1.18,55.8951,52.8124,6.643,9.1568,563924.0124,228861.8078,0.0
301596.SZ,20251203,72.54,1.3529,0.93,55.4821,52.4221,6.5939,9.0892,559757.0862,227170.7107,0.0
301596.SZ,20251202,73.77,1.2068,0.79,56.4228,53.311,6.7058,9.2433,569248.4181,231022.6541,0.0
301596.SZ,20251201,74.7,1.9411,1.25,57.1341,53.9831,6.7903,9.3598,576424.791,233935.0991,0.0
301596.SZ,20251128,73.36,1.3512,0.75,56.1092,53.0147,6.6685,9.1919,566084.6408,229738.673,0.0
301596.SZ,20251127,72.54,1.3092,0.71,55.4821,52.4221,6.5939,9.0892,559757.0862,227170.7107,0.0
301596.SZ,20251126,71.84,1.4534,0.78,54.9467,51.9163,6.5303,9.0015,554355.5152,224978.5478,0.0
301596.SZ,20251125,72.3,1.5493,0.81,55.2985,52.2487,6.5721,9.0591,557905.119,226419.112,0.0
301596.SZ,20251124,72.16,2.0943,1.16,55.1914,52.1475,6.5594,9.0415,556824.8048,225980.6794,0.0
301596.SZ,20251121,70.5,2.6434,1.56,53.9218,50.9479,6.4085,8.8336,544015.365,220782.1217,0.0
301596.SZ,20251120,72.26,1.4377,0.79,55.2679,52.2198,6.5685,9.0541,557596.4578,226293.8455,0.0
301596.SZ,20251119,73.37,1.647,0.88,56.1169,53.022,6.6694,9.1932,566161.8061,229769.9896,0.0
301596.SZ,20251118,74.58,1.7349,0.93,57.0424,53.8964,6.7794,9.3448,575498.8074,233559.2998,0.0
301596.SZ,20251117,75.64,1.591,0.83,57.8531,54.6624,6.8757,9.4776,583678.3292,236878.8607,0.0
301596.SZ,20251114,75.14,2.069,1.0,57.4707,54.3011,6.8303,9.4149,579820.0642,235313.0301,0.0
301596.SZ,20251113,75.28,2.0078,0.92,57.5778,54.4022,6.843,9.4325,580900.3784,235751.4627,0.0
301596.SZ,20251112,75.31,1.913,0.9,57.6007,54.4239,6.8457,9.4362,581131.8743,235845.4125,0.0
301596.SZ,20251111,76.3,1.7951,0.79,58.3579,55.1394,6.9357,9.5603,588771.239,238945.7572,0.0
301596.SZ,20251110,76.88,1.8369,0.82,58.8015,55.5585,6.9885,9.633,593246.8264,240762.1207,0.0
301596.SZ,20251107,77.7,2.804,1.31,59.4287,56.1511,7.063,9.7357,599574.381,243330.083,0.0
301596.SZ,20251106,79.5,2.5153,1.17,60.8054,57.4519,7.2266,9.9612,613464.135,248967.0734,0.0
301596.SZ,20251105,78.77,1.7356,0.77,60.2471,56.9243,7.1603,9.8698,607831.0681,246680.9606,0.0
301596.SZ,20251104,78.62,2.4305,1.07,60.1323,56.8159,7.1466,9.851,606673.5886,246211.2114,0.0
301596.SZ,20251103,80.96,1.7582,0.68,61.9221,58.507,7.3593,10.1442,624730.2688,253539.2988,0.0
301596.SZ,20251031,81.35,2.3015,0.85,62.2204,58.7888,7.3948,10.193,627739.7155,254760.6468,0.0
301596.SZ,20251030,80.46,2.4996,0.96,61.5397,58.1457,7.3139,10.0815,620872.0038,251973.4682,0.0
301596.SZ,20251029,82.44,2.2646,0.9,63.0541,59.5765,7.4939,10.3296,636150.7332,258174.1576,0.0
301596.SZ,20251028,82.05,2.5013,1.04,62.7558,59.2947,7.4584,10.2808,633141.2865,256952.8097,0.0
301596.SZ,20251027,82.46,3.2914,1.35,63.0694,59.591,7.4957,10.3321,636305.0638,258236.7908,0.0
301596.SZ,20251024,80.67,2.9741,1.15,61.7003,61.3724,7.5856,10.1078,622492.4751,252631.1171,0.0
301596.SZ,20251023,78.88,1.9471,0.7,60.3312,60.0106,7.4173,9.8836,608679.8864,247025.4433,0.0
301596.SZ,20251022,78.87,1.8259,0.57,60.3236,60.003,7.4163,9.8823,608602.7211,246994.1267,0.0
301596.SZ,20251021,79.4,2.0215,0.52,60.7289,60.4062,7.4662,9.9487,612692.482,248653.9072,0.0
301596.SZ,20251020,79.3,3.3786,0.75,60.6524,60.3301,7.4568,9.9362,611920.829,248340.7411,0.0
301596.SZ,20251017,77.11,3.7123,0.68,58.9774,58.664,7.2508,9.6618,595021.6283,241482.4028,0.0
301596.SZ,20251016,80.26,2.9889,0.53,61.3867,61.0604,7.547,10.0565,619328.6978,251347.1359,0.0
301596.SZ,20251015,82.21,3.8388,0.66,62.8781,62.544,7.7304,10.3008,634375.9313,257453.8755,0.0
301596.SZ,20251014,81.08,5.3343,0.96,62.0139,61.6843,7.6241,10.1592,625656.2524,253915.0982,0.0
301596.SZ,20251013,84.3,6.5288,1.3,64.4767,64.134,7.9269,10.5627,650503.479,263999.0476,0.0
301596.SZ,20251010,88.0,8.4444,2.0,67.3066,66.9489,8.2748,11.0263,679054.64,275586.1944,0.0
301596.SZ,20251009,89.09,4.1015,0.93,68.1403,67.7782,8.3773,11.1629,687465.6577,278999.7052,0.0
301596.SZ,20250930,89.28,4.7694,1.06,68.2856,67.9227,8.3952,11.1867,688931.7984,279594.7209,0.0
301596.SZ,20250929,88.43,3.8412,0.86,67.6355,67.276,8.3153,11.0802,682372.7479,276932.8088,0.0
301596.SZ,20250926,89.25,3.9831,0.82,68.2627,67.8999,8.3924,11.1829,688700.3025,279500.771,0.0
301596.SZ,20250925,92.48,4.4126,0.75,70.7331,70.3572,8.6961,11.5876,713624.6944,289616.037,0.0
301596.SZ,20250924,92.39,5.01,0.82,70.6643,70.2887,8.6876,11.5763,712930.2067,289334.1875,0.0
301596.SZ,20250923,89.58,5.1568,0.73,68.5151,68.1509,8.4234,11.2243,691246.7574,280534.2193,0.0
301596.SZ,20250922,92.39,3.7826,0.52,70.6643,70.2887,8.3727,11.5763,712930.2067,289334.1875,0.0
301596.SZ,20250919,91.48,5.936,0.83,69.9683,69.5964,8.2903,11.4623,705908.1644,286484.3757,0.0
301596.SZ,20250918,93.86,9.4585,1.33,71.7886,71.4071,8.5059,11.7605,724273.5058,293937.7296,0.0
301596.SZ,20250917,94.9,6.1636,0.95,72.5841,72.1983,8.6002,11.8908,732298.697,297194.6574,0.0
301596.SZ,20250916,95.1,9.8995,1.83,72.737,72.3505,8.6183,11.9159,733842.003,297820.9896,0.0
301596.SZ,20250915,91.23,4.9704,0.86,69.7771,69.4062,8.2676,11.431,703979.0319,285701.4604,0.0
301596.SZ,20250912,91.14,5.1475,0.94,69.7082,69.3378,8.2594,11.4197,703284.5442,285419.6109,0.0
301596.SZ,20250911,92.66,9.2605,1.97,70.8708,70.4942,8.3972,11.6102,715013.6698,290179.7361,0.0
301596.SZ,20250910,87.4,3.3017,0.65,66.8477,66.4924,7.9205,10.9511,674424.722,273707.1976,0.0
301596.SZ,20250909,88.18,4.4015,0.71,67.4443,67.0858,7.9912,11.0488,680443.6154,276149.8934,0.0
301596.SZ,20250908,90.73,6.7403,1.15,69.3947,69.0258,8.2223,11.3683,700120.7669,284135.6297,0.0
301596.SZ,20250905,86.96,3.5806,0.54,66.5112,66.1577,7.8806,10.896,671029.4488,272329.2666,0.0
301596.SZ,20250904,84.38,5.5145,0.76,64.5379,64.1949,7.6468,10.5727,651120.8014,264249.5805,0.0
301596.SZ,20250903,87.22,5.3074,0.61,66.71,66.3555,7.9042,10.9285,673035.7466,273143.4986,0.0
301596.SZ,20250902,90.84,9.6519,1.23,69.4788,69.1095,8.2323,11.3821,700969.5852,284480.1125,0.0
301596.SZ,20250901,92.58,5.1447,0.62,70.8096,70.4333,8.3899,11.6001,714396.3474,289929.2032,0.0
301596.SZ,20250829,91.21,7.4999,0.91,69.7618,69.391,8.2658,11.4285,703824.7013,285638.8272,0.0
301596.SZ,20250828,93.27,8.4747,0.99,71.3374,70.9582,8.4525,11.6866,719720.7531,292090.0495,0.0
301596.SZ,20250827,93.98,12.5781,1.73,71.8804,71.4984,8.5168,11.7756,725199.4894,294313.529,0.0
301596.SZ,20250826,93.05,4.9627,0.66,71.1691,71.9933,8.7195,11.659,718023.1165,322399.64,0.0
301596.SZ,20250825,95.39,6.8475,0.91,72.9588,73.8038,8.9387,11.9522,736079.7967,330507.272,0.0
301596.SZ,20250822,94.55,6.4301,0.87,72.3164,73.1538,8.86,11.847,729597.9115,327596.84,0.0
301596.SZ,20250821,93.92,8.9784,1.29,71.8345,72.6664,8.801,11.768,724736.4976,325414.016,0.0
301596.SZ,20250820,94.29,5.6913,0.77,72.1175,72.9527,8.8357,11.8144,727591.6137,326695.992,0.0
301596.SZ,20250819,94.9,9.6383,1.44,72.5841,73.4246,8.8928,11.8908,732298.697,328809.52,0.0
301596.SZ,20250818,93.27,6.9157,1.13,71.3374,72.1635,8.7401,11.6866,719720.7531,323161.896,0.0
301596.SZ,20250815,92.18,5.7186,0.98,70.5037,71.3202,8.6379,11.55,711309.7354,319385.264,0.0
301596.SZ,20250814,90.83,6.8808,1.22,69.4711,70.2757,8.5114,11.3809,700892.4199,314707.784,0.0
301596.SZ,20250813,92.28,7.8104,1.35,70.5802,71.3975,8.6473,11.5626,712081.3884,319731.744,0.0
301596.SZ,20250812,90.18,6.0671,1.08,68.974,69.7728,8.4505,11.2994,695876.6754,312455.664,0.0
301596.SZ,20250811,89.05,3.9962,0.61,68.1097,68.8985,8.3446,11.1578,687156.9965,308540.44,0.0
301596.SZ,20250808,88.8,4.3173,0.64,67.9185,68.705,8.3212,11.1265,685227.864,307674.24,0.0
301596.SZ,20250807,91.54,6.0131,0.92,70.0142,70.825,8.578,11.4698,706371.1562,317167.792,0.0
301596.SZ,20250806,91.24,8.5727,1.55,69.7847,70.5929,8.5499,11.4322,704056.1972,316128.352,0.0
301596.SZ,20250805,90.66,5.1861,1.03,69.3411,70.1441,8.4955,11.3596,699580.6098,314118.768,0.0
301596.SZ,20250804,91.6,8.799,2.35,70.0601,70.8714,8.5836,11.4774,706834.148,317375.68,0.0
301596.SZ,20250801,86.98,4.9555,1.45,66.5265,67.2969,8.1507,10.8985,671183.7794,301368.304,0.0
301596.SZ,20250731,85.41,5.3114,1.77,65.3257,66.0822,8.0035,10.7018,659068.8273,295928.568,0.0
301596.SZ,20250730,84.48,3.3323,1.17,64.6144,65.3626,7.9164,10.5852,651892.4544,292706.304,0.0
301596.SZ,20250729,86.46,2.6844,0.88,66.1288,66.8946,8.1019,10.8333,667171.1838,299566.608,0.0
301596.SZ,20250728,86.8,2.4314,0.68,66.3888,67.1576,8.1338,10.8759,669794.804,300744.64,0.0
301596.SZ,20250725,87.08,3.3399,0.98,66.603,67.3743,8.16,10.911,671955.4324,301714.784,0.0
301596.SZ,20250724,86.36,3.1944,0.88,66.0523,66.8172,8.0926,10.8208,666399.5308,299220.128,0.0
301596.SZ,20250723,85.4,2.6316,0.65,65.318,66.0744,8.0026,10.7005,658991.662,295893.92,0.0
301596.SZ,20250722,86.28,3.6361,0.92,65.9911,66.7553,8.0851,10.8108,665782.2084,298942.944,0.0
301596.SZ,20250721,87.66,5.1077,1.36,67.0466,67.823,8.2144,10.9837,676431.0198,303724.368,0.0
301596.SZ,20250718,85.75,2.5158,0.66,65.5857,66.3452,8.0354,10.7444,661692.4475,297106.6,0.0
301596.SZ,20250717,85.93,4.1781,1.18,65.7234,66.4845,8.0523,10.7669,663081.4229,297730.264,0.0
301596.SZ,20250716,86.08,4.7302,1.46,65.8381,66.6006,8.0663,10.7857,664238.9024,298249.984,0.0
301596.SZ,20250715,83.77,3.264,1.08,64.0713,64.8133,7.8499,10.4963,646413.7181,290246.296,0.0
301596.SZ,20250714,84.51,4.0266,1.59,64.6373,65.3858,7.9192,10.589,652123.9503,292810.248,0.0
301596.SZ,20250711,82.59,2.8387,1.13,63.1688,63.9003,7.7393,10.3484,637308.2127,286157.832,0.0
301596.SZ,20250710,80.99,2.7775,1.2,61.945,62.6624,7.5894,10.1479,624961.7647,280614.152,0.0
301596.SZ,20250709,82.68,3.3228,1.51,63.2376,63.97,7.7477,10.3597,638002.7004,286469.664,0.0
301596.SZ,20250708,82.15,2.0939,0.93,62.8323,63.5599,7.6981,10.2933,633912.9395,284633.32,0.0
301596.SZ,20250707,81.16,1.6585,0.65,62.0751,62.7939,7.6053,10.1692,626273.5748,281203.168,0.0
301596.SZ,20250704,82.5,2.6569,1.05,63.1,63.8307,7.7309,10.3371,636613.725,285846.0,0.0
301596.SZ,20250703,83.08,1.8861,0.69,63.5436,64.2794,7.7852,10.4098,641089.3124,287855.584,0.0
301596.SZ,20250702,83.32,2.7042,0.89,63.7271,64.4651,7.8077,10.4399,642941.2796,288687.136,0.0
301596.SZ,20250701,86.09,2.3289,0.67,65.8458,66.6083,8.0673,10.787,664316.0677,298284.632,0.0
301596.SZ,20250630,87.42,3.2423,0.93,66.863,67.6373,8.1919,10.9536,674579.0526,302892.816,0.0
301596.SZ,20250627,85.69,2.5347,0.73,65.5398,66.2988,8.0298,10.7368,661229.4557,296898.712,0.0
301596.SZ,20250626,86.06,2.8977,0.87,65.8228,66.5851,8.0645,10.7832,664084.5718,298180.688,0.0
301596.SZ,20250625,87.41,4.1951,1.47,66.8554,67.6296,8.191,10.9524,674501.8873,302858.168,0.0
301596.SZ,20250624,86.99,4.4897,2.03,66.5341,67.3046,8.1516,10.8997,671260.9447,301402.952,0.0
301596.SZ,20250623,83.72,3.2483,1.81,64.0331,64.7746,7.8452,10.49,646027.8916,290073.056,0.0
301596.SZ,20250620,79.6,2.5474,1.63,60.8819,61.587,7.4591,9.9738,614235.788,275798.08,0.0
301596.SZ,20250619,116.84,3.0587,1.54,63.832,64.5712,7.538,10.4571,643999.5532,289162.3152,0.0
301596.SZ,20250618,120.13,2.5395,1.42,65.6294,66.3895,7.7503,10.7515,662133.3989,297304.5954,0.0
301596.SZ,20250617,117.79,1.8041,0.88,64.351,65.0963,7.5993,10.5421,649235.7701,291513.4296,0.0
301596.SZ,20250616,117.16,1.6159,0.7,64.0068,64.7481,7.5586,10.4857,645763.3316,289954.2696,0.0
301596.SZ,20250613,117.4,1.8991,0.81,64.138,64.8807,7.5741,10.5072,647086.1653,290548.2353,0.0
301596.SZ,20250612,118.95,2.0975,0.85,64.9848,65.7373,7.6741,10.6459,655629.4664,294384.2639,0.0
301596.SZ,20250611,118.21,1.5241,0.6,64.5805,65.3284,7.6264,10.5797,651550.7291,292552.8696,0.0
301596.SZ,20250610,118.01,3.1085,1.39,64.4712,65.2178,7.6135,10.5618,650448.3677,292057.8982,0.0
301596.SZ,20250609,120.12,2.921,1.28,65.624,66.3839,7.7496,10.7506,662078.2809,297279.8469,0.0
301596.SZ,20250606,121.45,2.0842,0.81,66.3506,67.1189,7.8354,10.8697,669408.9844,300571.4069,0.0
301596.SZ,20250605,123.1,2.744,1.02,67.252,68.0308,7.9419,11.0173,678503.4663,304654.9213,0.0
301596.SZ,20250604,120.86,1.7932,0.61,66.0282,66.7929,7.7974,10.8169,666157.0182,299111.2412,0.0
301596.SZ,20250603,120.08,1.6175,0.49,65.6021,66.3618,7.747,10.747,661857.8086,297180.8526,0.0
301596.SZ,20250530,119.8,3.1646,0.82,65.4491,66.2071,7.729,10.722,660314.5026,296487.8926,0.0
301596.SZ,20250529,123.67,3.4863,0.96,67.5634,68.3458,7.9786,11.0683,681645.1964,306065.5899,0.0
301596.SZ,20250528,120.86,3.3885,0.95,66.0282,66.7929,7.7974,10.8169,666157.0182,299111.2412,0.0
301596.SZ,20250527,123.8,2.9872,0.81,67.6344,68.4177,7.987,11.08,682361.7314,306387.3214,0.0
301596.SZ,20250526,125.89,3.3618,0.77,68.7762,69.5727,8.1219,11.267,693881.4084,311559.7729,0.0
301596.SZ,20250523,127.4,6.1819,1.29,69.6012,70.4072,8.2193,11.4022,702204.2373,315296.8073,0.0
301596.SZ,20250522,125.03,2.3219,0.39,68.3064,69.0974,8.0664,11.1901,689141.2542,309431.3957,0.0
301596.SZ,20250521,126.3,3.0345,0.49,69.0002,69.7993,8.1483,11.3037,696141.2494,312574.4644,0.0
301596.SZ,20250520,128.09,3.4305,0.52,69.9781,70.7885,8.2638,11.4639,706007.3842,317004.4587,0.0
301596.SZ,20250519,129.92,6.8747,1.06,70.9779,71.7999,8.3819,11.6277,716093.9914,321533.4474,0.0
301596.SZ,20250516,136.52,8.337,1.32,74.5836,75.4473,8.8077,12.2184,752471.9189,337867.5049,0.0
301596.SZ,20250515,132.43,8.2158,1.31,72.3492,73.187,8.5438,11.8524,729928.6275,327745.339,0.0
301596.SZ,20250514,129.01,4.2778,0.63,70.4807,71.297,8.3232,11.5463,711078.2469,319281.3274,0.0
301596.SZ,20250513,127.85,4.9764,0.67,69.847,70.6559,8.2483,11.4425,704684.5505,316410.493,0.0
301596.SZ,20250512,127.85,11.8887,0.87,69.847,70.6559,8.2483,11.4425,704684.5505,176171.1376,0.0
301596.SZ,20250509,123.98,13.5752,1.09,67.7327,68.5171,7.9986,11.0961,683353.8567,170838.4642,0.0
301596.SZ,20250508,132.08,14.3394,1.34,72.1579,72.9936,8.5212,11.821,727999.495,181999.8737,0.0
301596.SZ,20250507,127.8,12.2914,1.29,69.8197,70.6283,8.2451,11.438,704408.9602,176102.24,0.0
301596.SZ,20250506,128.28,14.3909,1.72,70.0819,70.8935,8.2761,11.4809,707054.6276,176763.6569,0.0
301596.SZ,20250430,123.82,13.7312,1.67,67.6453,68.4287,7.9883,11.0818,682471.9675,170617.9919,0.0
301596.SZ,20250429,116.68,7.7593,1.0,63.7446,64.4828,7.5277,10.4427,643117.6641,160779.416,0.0
301596.SZ,20250428,114.14,5.1352,0.62,62.357,63.0791,7.3638,10.2154,629117.6738,157279.4185,0.0
301596.SZ,20250425,114.3,6.4451,0.82,62.4444,63.1675,7.3741,10.2297,629999.563,157499.8907,0.0
301596.SZ,20250424,115.53,8.7144,1.2,63.1163,63.8473,7.4535,10.3398,636779.0858,159194.7715,0.0
301596.SZ,20250423,118.7,13.1572,2.25,64.8482,65.5992,7.658,10.6235,654251.5146,163562.8787,0.0
301596.SZ,20250422,113.16,5.2143,0.84,61.8216,62.5375,7.3006,10.1277,623716.1028,155929.0257,0.0
301596.SZ,20250421,115.85,7.6171,1.16,63.2912,64.0241,7.4741,10.3685,638542.8641,159635.716,0.0
301596.SZ,20250418,111.69,4.7614,0.63,63.7386,61.8344,7.659,10.52,615613.7462,153903.4365,0.0
301596.SZ,20250417,113.51,5.4871,0.61,64.7773,62.842,7.7838,10.6914,625645.2353,156411.3088,0.0
301596.SZ,20250416,114.83,6.1214,0.59,65.5306,63.5728,7.8743,10.8158,632920.8208,158230.2052,0.0
301596.SZ,20250415,116.46,7.1998,0.63,66.4608,64.4752,7.9861,10.9693,641905.0665,160476.2666,0.0
301596.SZ,20250414,118.28,9.324,0.77,67.4994,65.4828,8.1109,11.1407,651936.5556,162984.1389,0.0
301596.SZ,20250411,114.02,9.9133,0.82,65.0683,63.1244,7.8187,10.7395,628456.2569,157114.0642,0.0
301596.SZ,20250410,111.82,12.4721,1.01,63.8128,61.9064,7.6679,10.5323,616330.2811,154082.5703,0.0
301596.SZ,20250409,107.17,13.3386,1.21,61.1592,59.3321,7.349,10.0943,590700.3776,147675.0944,0.0
301596.SZ,20250408,102.98,12.1717,1.13,58.7681,57.0124,7.0617,9.6996,567605.9055,141901.4764,0.0
301596.SZ,20250407,100.8,12.7196,1.34,57.524,55.8055,6.9122,9.4943,555590.1658,138897.5414,0.0
301596.SZ,20250403,126.0,9.5318,1.08,71.905,69.7568,8.6402,11.8679,694487.7072,173621.9268,0.0
301596.SZ,20250402,132.33,13.9185,1.88,75.5174,73.2613,9.0743,12.4641,729377.4468,182344.3617,0.0
301596.SZ,20250401,126.22,6.7404,0.88,72.0306,69.8786,8.6553,11.8886,695700.3048,173925.0762,0.0
301596.SZ,20250331,128.98,10.734,1.39,73.6056,71.4066,8.8446,12.1485,710912.8927,177728.2232,0.0
301596.SZ,20250328,134.2,6.5278,0.68,76.5845,74.2966,9.2025,12.6402,739684.5262,184921.1316,0.0
301596.SZ,20250327,136.28,6.152,0.54,77.7715,75.4481,9.3452,12.8361,751149.0852,187787.2713,0.0
301596.SZ,20250326,139.15,6.8675,0.49,79.4094,77.037,9.542,13.1064,766967.9719,191741.993,0.0
301596.SZ,20250325,138.6,8.1788,0.51,79.0955,76.7325,9.5043,13.0546,763936.4779,190984.1195,0.0
301596.SZ,20250324,142.18,10.9196,0.55,81.1385,78.7145,9.7498,13.3918,783668.7477,195917.1869,0.0
301596.SZ,20250321,143.79,16.1958,0.82,82.0573,79.6058,9.8602,13.5435,792542.7573,198135.6893,0.0
301596.SZ,20250320,155.67,15.1404,0.73,88.8369,86.1829,10.6748,14.6625,858023.0268,214505.7567,0.0
301596.SZ,20250319,162.78,20.2402,0.95,92.8944,90.1192,11.1624,15.3321,897211.976,224302.994,0.0
301596.SZ,20250318,161.66,18.026,0.9,92.2553,89.4991,11.0856,15.2266,891038.752,222759.688,0.0
301596.SZ,20250317,164.98,30.4909,1.88,94.1499,91.3372,11.3132,15.5394,909337.9519,227334.488,0.0
301596.SZ,20250314,144.35,14.917,0.9,82.3769,79.9159,9.8986,13.5962,795629.3693,198907.3423,0.0
301596.SZ,20250313,138.46,20.5007,1.33,79.0156,76.655,9.4947,13.0415,763164.8249,190791.2062,0.0
301596.SZ,20250312,153.55,23.1351,1.73,87.6271,85.0092,10.5294,14.4628,846337.9956,211584.4989,0.0
301596.SZ,20250311,146.22,10.8138,0.72,83.444,80.9511,10.0268,13.7724,805936.4488,201484.1122,0.0
301596.SZ,20250310,146.0,11.774,0.77,83.3185,80.8293,10.0117,13.7516,804723.8512,201180.9628,0.0
301596.SZ,20250307,148.8,16.8968,1.03,84.9164,82.3795,10.2037,14.0154,820156.9114,205039.2278,0.0
301596.SZ,20250306,145.6,14.6465,0.8,83.0902,80.6079,9.9843,13.714,802519.1283,200629.7821,0.0
301596.SZ,20250305,143.99,12.6964,0.57,82.1714,79.7166,9.8739,13.5623,793645.1187,198411.2797,0.0
301596.SZ,20250304,143.17,19.0369,0.88,81.7035,79.2626,9.8176,13.4851,789125.4368,197281.3592,0.0
301596.SZ,20250303,133.73,13.5168,0.59,76.3163,74.0364,9.1703,12.5959,737093.9769,184273.4942,0.0
301596.SZ,20250228,135.56,22.2407,0.98,77.3607,75.0495,9.2958,12.7683,747180.584,186795.146,0.0
301596.SZ,20250227,152.31,23.6225,1.03,86.9195,84.3227,10.4444,14.346,839503.3546,209875.8387,0.0
301596.SZ,20250226,153.0,32.809,1.46,87.3132,84.7047,10.4917,14.411,843306.5016,210826.6254,0.0
301596.SZ,20250225,144.85,16.1181,0.69,82.6622,80.1927,9.9329,13.6433,798385.2729,199596.3182,0.0
301596.SZ,20250224,147.47,19.5908,0.78,84.1574,81.6432,10.1125,13.8901,812826.2078,203206.5519,0.0
301596.SZ,20250221,151.45,21.3562,0.81,86.4287,83.8466,10.3854,14.265,834763.2004,208690.8001,0.0
301596.SZ,20250220,149.73,24.794,0.88,85.4471,82.8944,10.2675,14.103,825282.8921,206320.723,0.0
301596.SZ,20250219,156.2,30.2326,0.99,89.1394,86.4763,10.7112,14.7124,860944.2846,215236.0712,0.0
301596.SZ,20250218,143.2,20.4949,0.6,81.7206,79.2792,9.8197,13.4879,789290.791,197322.6978,0.0
301596.SZ,20250217,153.0,28.2275,0.71,87.3132,84.7047,10.4917,14.411,843306.5016,210826.6254,0.0
301596.SZ,20250214,145.57,27.4232,0.61,83.0731,80.5913,9.9822,13.7111,802353.7741,200588.4435,0.0
301596.SZ,20250213,151.13,35.0453,0.8,86.2461,83.6694,10.3635,14.2348,832999.4221,208249.8555,0.0
301596.SZ,20250212,163.03,41.0869,1.05,93.0371,90.2576,11.1795,15.3557,898589.9278,224647.482,0.0
301596.SZ,20250211,153.68,38.5884,1.11,87.7013,85.0812,10.5384,14.475,847054.5305,211763.6326,0.0
301596.SZ,20250210,159.01,55.5348,2.01,90.743,88.032,10.9039,14.977,876432.4629,219108.1157,0.0
301596.SZ,20250207,139.08,53.0921,2.51,79.3694,76.9983,9.5372,13.0999,766582.1454,191645.5363,0.0
301596.SZ,20250206,121.92,30.6849,1.73,69.5767,67.498,8.3605,11.4836,671999.5338,167999.8835,0.0
301596.SZ,20250205,109.88,18.5188,1.04,62.7057,60.8324,7.5348,10.3495,605637.3751,151409.3438,0.0
301596.SZ,20250127,104.21,15.4926,0.83,59.47,57.6933,7.146,9.8155,574385.4283,143596.3571,0.0
301596.SZ,20250124,109.99,20.3747,1.0,62.7685,60.8933,7.5424,10.3599,606243.6739,151560.9185,0.0
301596.SZ,20250123,107.41,20.5711,1.09,61.2962,59.4649,7.3655,10.1169,592023.2114,148005.8028,0.0
301596.SZ,20250122,103.75,13.867,0.72,59.2075,57.4387,7.1145,9.7721,571849.997,142962.4993,0.0
301596.SZ,20250121,108.1,19.0362,0.92,61.6899,59.8469,7.4128,10.1819,595826.3583,148956.5896,0.0
301596.SZ,20250120,105.38,19.6629,0.95,60.1377,58.3411,7.2263,9.9257,580834.2427,145208.5607,0.0
301596.SZ,20250117,109.48,28.2559,1.43,62.4775,60.6109,7.5074,10.3118,603432.6523,150858.1631,0.0
301596.SZ,20250116,102.5,13.6326,0.7,58.4941,56.7466,7.0288,9.6544,564960.238,141240.0595,0.0
301596.SZ,20250115,104.96,16.2284,0.89,59.898,58.1085,7.1975,9.8861,578519.2837,144629.8209,0.0
301596.SZ,20250114,106.44,25.3862,1.75,60.7426,58.9279,7.2989,10.0255,586676.7584,146669.1896,0.0
301596.SZ,20250113,99.05,20.4367,1.69,56.5253,54.8366,6.7922,9.3295,545944.5032,136486.1258,0.0
301596.SZ,20250110,100.91,22.9375,2.45,57.5868,55.8664,6.9197,9.5046,556196.4646,139049.1161,0.0
301596.SZ,20250109,96.3,12.0011,1.43,54.956,53.3141,6.6036,9.0704,530787.0334,132696.7583,0.0
000795.SZ,20260702,9.7,6.9733,2.61,43.3171,43.2282,3.9821,2.7875,1082763.179,1082761.53,2.6554
000795.SZ,20260701,9.52,3.1257,1.15,42.5133,42.4261,3.9082,2.7358,1062670.6664,1062669.048,2.7056
000795.SZ,20260630,8.65,1.7592,0.53,38.6282,38.5489,3.5511,2.4858,965556.8555,965555.385,2.9777
000795.SZ,20260629,8.44,1.5193,0.35,37.6904,37.613,3.4649,2.4254,942115.5908,942114.156,3.0518
000795.SZ,20260626,8.49,3.2455,0.66,37.9137,37.8358,3.4854,2.4398,947696.8443,947695.401,3.0338
000795.SZ,20260625,9.17,3.7244,0.76,40.9503,40.8663,3.7646,2.6352,1023601.8919,1023600.333,2.8088
000795.SZ,20260624,9.37,3.3989,0.65,41.8435,41.7576,3.8467,2.6927,1045926.9059,1045925.313,2.7489
000795.SZ,20260623,9.69,4.7258,0.98,43.2725,43.1837,3.978,2.7847,1081646.9283,1081645.281,2.6581
000795.SZ,20260622,10.18,6.8152,1.66,45.4607,45.3674,4.1792,2.9255,1136343.2126,1136341.482,2.5302
000795.SZ,20260618,9.84,5.8047,1.65,43.9423,43.8521,4.0396,2.8278,1098390.6888,1098389.016,2.6176
000795.SZ,20260617,9.34,3.6526,1.04,41.7095,41.6239,3.8344,2.6841,1042578.1538,1042576.566,2.7577
000795.SZ,20260616,9.67,5.129,1.66,43.1832,43.0945,3.9698,2.7789,1079414.4269,1079412.783,2.6636
000795.SZ,20260615,9.28,2.6047,0.87,41.4416,41.3565,3.8097,2.6668,1035880.6496,1035879.072,2.7755
000795.SZ,20260612,9.32,3.2887,1.15,41.6202,41.5348,3.8261,2.6783,1040345.6524,1040344.068,2.7636
000795.SZ,20260611,9.14,2.9273,1.1,40.8164,40.7326,4.144,2.6266,1020253.1526,1020251.6107,2.8181
000795.SZ,20260610,9.43,3.5386,1.54,42.1114,42.025,4.2755,2.7099,1052624.4233,1052622.8325,2.7314
000795.SZ,20260609,9.31,3.0866,1.62,41.5755,41.4902,4.2211,2.6755,1039229.4147,1039227.8441,2.7666
000795.SZ,20260608,8.9,2.1133,1.28,40.3653,40.2825,3.9079,2.5976,1008978.8517,1008977.3502,2.8496
000795.SZ,20260605,9.2,2.6136,1.67,41.726,41.6403,4.0397,2.6851,1042989.3748,1042987.8227,2.7566
000795.SZ,20260604,9.03,1.8833,1.11,40.9549,40.8709,3.965,2.6355,1023716.745,1023715.2216,2.8085
000795.SZ,20260603,9.05,1.6324,1.0,41.0456,40.9614,3.9738,2.6414,1025984.1132,1025982.5865,2.8023
000795.SZ,20260602,8.95,1.1492,0.71,40.5921,40.5088,3.7316,2.6122,1014647.2722,1014645.7623,2.8336
000795.SZ,20260601,8.85,0.993,0.61,40.1386,40.0562,3.6899,2.583,1003310.4312,1003308.9382,2.8657
000795.SZ,20260529,8.83,2.1668,1.48,40.0478,39.9656,3.6816,2.5771,1001043.0629,1001041.5733,2.8721
000795.SZ,20260528,9.26,2.5288,2.04,41.9981,41.9119,3.8609,2.7026,1049791.4794,1049789.9172,2.7388
000795.SZ,20260527,8.79,1.3411,1.07,39.8664,39.7846,3.6649,2.5655,996508.3265,996506.8437,2.8852
000795.SZ,20260526,9.07,1.0795,0.87,41.1363,41.0519,3.7817,2.6472,1028251.4814,1028249.9513,2.7961
000795.SZ,20260525,9.08,1.0778,0.86,41.1817,41.0972,3.7858,2.6501,1029385.1655,1029383.6337,2.7931
000795.SZ,20260522,9.1,1.304,0.96,41.2724,41.1877,3.7942,2.656,1031652.5337,1031650.9986,2.7869
000795.SZ,20260521,8.89,1.4074,1.05,40.32,40.2372,3.7066,2.5947,1007845.1676,1007843.6678,2.8528
000795.SZ,20260520,9.06,1.4166,1.08,41.091,41.0067,3.7775,2.6443,1027117.7973,1027116.2689,2.7992
000795.SZ,20260519,9.14,1.0094,0.69,41.4538,41.3687,3.8108,2.6676,1036187.2701,1036185.7282,2.7747
000795.SZ,20260518,9.22,1.1227,0.62,41.8167,41.7308,3.8442,2.691,1045256.743,1045255.1876,2.7507
000795.SZ,20260515,9.34,1.8039,1.04,42.3609,42.274,3.8942,2.726,1058860.9522,1058859.3765,2.7153
000795.SZ,20260514,9.28,1.3536,0.8,42.0888,42.0024,3.8692,2.7085,1052058.8476,1052057.282,2.7329
000795.SZ,20260513,9.55,1.2625,0.73,43.3134,43.2244,3.9818,2.7873,1082668.3184,1082666.7073,2.6556
000795.SZ,20260512,9.54,1.8247,1.15,43.268,43.1792,3.9776,2.7844,1081534.6343,1081533.0249,2.6584
000795.SZ,20260511,9.71,2.8596,2.17,44.039,43.9486,4.0485,2.834,1100807.264,1100805.6259,2.6118
000795.SZ,20260508,9.43,1.413,1.14,42.7691,42.6813,3.9318,2.7523,1069064.1091,1069062.5183,2.6894
000795.SZ,20260507,9.37,1.0581,0.9,42.497,42.4097,3.9067,2.7348,1062262.0045,1062260.4238,2.7066
000795.SZ,20260506,9.38,1.5511,1.42,42.5423,42.455,3.9109,2.7377,1063395.6886,1063394.1062,2.7037
000795.SZ,20260430,9.23,1.0198,0.86,41.862,41.7761,3.8484,2.6939,1046390.4271,1046388.87,2.7477
000795.SZ,20260429,9.23,1.5362,1.38,41.862,41.7761,3.8484,2.6939,1046390.4271,1046388.87,2.7477
000795.SZ,20260428,8.92,1.0213,0.87,40.456,40.373,3.7191,2.6034,1011246.2199,1011244.7151,2.8432
000795.SZ,20260427,9.11,0.7721,0.57,41.3178,41.233,3.7983,2.6589,1032786.2178,1032784.681,2.7839
000795.SZ,20260424,9.18,1.0984,0.78,41.6352,41.5498,3.8275,2.6793,1040722.0066,1040720.4579,2.7626
000795.SZ,20260423,9.18,1.4668,1.08,41.6352,41.6352,3.9276,2.6793,1040722.0066,1040720.4579,2.7626
000795.SZ,20260422,9.38,1.2142,0.86,42.5423,42.5423,4.0131,2.7377,1063395.6886,1063394.1062,2.7037
000795.SZ,20260421,9.4,1.2966,0.88,42.633,42.633,4.0217,2.7435,1065663.0568,1065661.471,2.698
000795.SZ,20260420,9.43,1.6761,1.06,42.7691,42.7691,4.0345,2.7523,1069064.1091,1069062.5183,2.6894
000795.SZ,20260417,9.33,1.3631,0.63,42.3156,42.3156,3.9917,2.7231,1057727.2681,1057725.6941,2.7182
000795.SZ,20260416,9.33,1.2413,0.41,42.3156,42.3156,3.9917,2.7231,1057727.2681,1057725.6941,2.7182
000795.SZ,20260415,9.26,1.4463,0.48,41.9981,41.9981,3.9618,2.7026,1049791.4794,1049789.9172,2.7388
000795.SZ,20260414,9.34,1.6308,0.57,42.3609,42.3609,3.996,2.726,1058860.9522,1058859.3765,2.7153
000795.SZ,20260413,9.33,2.2443,0.9,42.3156,42.3156,3.9917,2.7231,1057727.2681,1057725.6941,2.7182
000795.SZ,20260410,9.41,4.1835,2.3,42.6784,42.6784,4.026,2.7464,1066796.7409,1066795.1535,2.6951
000795.SZ,20260409,9.6,5.7878,7.03,43.5401,43.5401,4.1072,2.8019,1088336.7389,1088335.1194,2.6418
000795.SZ,20260408,9.03,1.2203,1.64,40.9549,40.9549,3.8634,2.6355,1023716.745,1023715.2216,2.8085
000795.SZ,20260407,8.75,0.748,0.95,39.685,39.685,3.7436,2.5538,991973.5901,991972.114,2.8984
000795.SZ,20260403,8.56,0.5782,0.64,38.8233,38.8233,3.6623,2.4983,970433.5922,970432.1481,2.9627
000795.SZ,20260402,8.73,0.7576,0.79,39.5943,39.5943,3.735,2.548,989706.2219,989704.7492,2.905
000795.SZ,20260401,8.86,0.8097,0.75,40.1839,40.1839,3.7906,2.5859,1004444.1153,1004442.6206,2.8624
000795.SZ,20260331,8.75,0.8226,0.7,39.685,39.685,3.7436,2.5538,991973.5901,991972.114,2.8984
000795.SZ,20260330,8.77,0.9512,0.68,39.7757,39.7757,3.7521,2.5596,994240.9583,994239.4788,2.8918
000795.SZ,20260327,8.76,1.1725,0.75,39.7304,39.7304,3.7479,2.5567,993107.2742,993105.7964,2.8951
000795.SZ,20260326,8.59,1.0154,0.57,38.9593,38.9593,3.6751,2.5071,973834.6445,973833.1953,2.9524
000795.SZ,20260325,8.7,1.4374,0.8,39.4582,39.4582,3.7222,2.5392,986305.1696,986303.7019,2.9151
000795.SZ,20260324,8.44,1.3202,0.71,38.279,38.279,3.611,2.4633,956829.3829,956827.9591,3.0049
000795.SZ,20260323,8.22,2.0804,1.13,37.2812,37.2812,3.5168,2.3991,931888.3327,931886.946,3.0853
000795.SZ,20260320,8.72,2.0043,1.12,39.9184,40.862,3.8039,2.466,988572.5378,988572.5378,2.9084
000795.SZ,20260319,9.09,2.115,1.29,41.6122,42.5958,3.9654,2.5707,1030518.8496,1030518.8496,2.79
000795.SZ,20260318,9.55,1.4365,0.9,43.718,44.7514,4.166,2.7007,1082668.3184,1082668.3184,2.6556
000795.SZ,20260317,9.53,1.6066,1.03,43.6264,44.6577,4.1573,2.6951,1080400.9502,1080400.9502,2.6612
000795.SZ,20260316,9.7,2.0743,1.22,44.4047,45.4543,4.2315,2.7432,1099673.5799,1099673.5799,2.6145
000795.SZ,20260313,9.87,1.6794,1.02,45.1829,46.2509,4.3056,2.7912,1118946.2097,1118946.2097,2.5695
000795.SZ,20260312,9.95,1.3898,0.79,45.5491,46.6258,4.3405,2.8139,1128015.6825,1128015.6825,2.5488
000795.SZ,20260311,10.05,1.2149,0.64,46.0069,47.0944,4.3841,2.8421,1139352.5235,1139352.5235,2.5235
000795.SZ,20260310,10.18,1.4621,0.68,46.602,47.7036,4.4408,2.8789,1154090.4169,1154090.4169,2.4913
000795.SZ,20260309,9.98,2.7807,1.33,45.6864,46.7664,4.3536,2.8223,1131416.7348,1131416.7348,2.5412
000795.SZ,20260306,10.17,1.3655,0.58,46.5562,47.6567,4.4365,2.8761,1152956.7328,1152956.7328,2.4937
000795.SZ,20260305,10.13,1.9823,0.8,46.3731,47.4693,4.419,2.8648,1148421.9963,1148421.9963,2.5036
000795.SZ,20260304,10.26,1.8423,0.6,46.9682,48.0784,4.4757,2.9015,1163159.8897,1163159.8897,2.4718
000795.SZ,20260303,10.28,2.73,0.97,47.0598,48.1722,4.4845,2.9072,1165427.2579,1165427.2579,2.467
000795.SZ,20260302,10.76,2.4984,0.95,49.2571,50.4214,4.6939,3.0429,1219844.0948,1219844.0948,2.357
000795.SZ,20260227,10.94,2.6545,1.08,50.0811,51.2649,4.7724,3.0938,1240250.4087,1240250.4087,2.3182
000795.SZ,20260226,10.68,2.7182,1.2,48.8909,50.0466,4.659,3.0203,1210774.622,1210774.622,2.3746
000795.SZ,20260225,10.87,4.6322,2.73,49.7607,50.9369,4.7418,3.074,1232314.62,1232314.62,2.3331
000795.SZ,20260224,10.35,1.5026,0.82,47.3802,48.5002,4.515,2.927,1173363.0466,1173363.0466,2.4503
000795.SZ,20260213,10.11,1.6033,0.9,46.2816,47.3755,4.4103,2.8591,1146154.6281,1146154.6281,2.5085
000795.SZ,20260212,10.39,1.8226,0.98,47.5633,48.6876,4.5325,2.9383,1177897.783,1177897.783,2.4409
000795.SZ,20260211,10.31,1.8041,0.99,47.1971,48.3127,4.4976,2.9157,1168828.3102,1168828.3102,2.4598
000795.SZ,20260210,10.2,1.7629,0.88,46.6936,47.7973,4.4496,2.8846,1156357.7851,1156357.7851,2.4864
000795.SZ,20260209,10.07,2.134,0.98,46.0985,47.1881,4.3929,2.8478,1141619.8917,1141619.8917,2.5185
000795.SZ,20260206,9.76,1.3382,0.48,44.6793,45.7354,4.2576,2.7601,1106475.6845,1106475.6845,2.5985
000795.SZ,20260205,9.83,2.2291,0.58,44.9998,46.0635,4.2882,2.7799,1114411.4732,1114411.4732,2.58
000795.SZ,20260204,10.17,1.6467,0.39,46.5562,47.6567,4.4365,2.8761,1152956.7328,1152956.7328,2.4937
000795.SZ,20260203,10.19,2.6333,0.64,46.6478,47.7504,4.4452,2.8817,1155224.101,1155224.101,2.4888
000795.SZ,20260202,9.82,3.0598,0.77,44.954,46.0166,4.2838,2.7771,1113277.7891,1113277.7891,2.5826
000795.SZ,20260130,10.38,4.3979,1.2,47.5176,48.6408,4.5281,2.9355,1176764.0989,1176764.0989,2.4433
000795.SZ,20260129,10.9,7.4047,2.86,49.898,51.0775,4.7549,3.0825,1235715.6723,1235715.6723,2.3267
000795.SZ,20260128,10.72,3.7203,1.68,49.074,50.234,4.6764,3.0316,1215309.3584,1215309.3584,2.3658
000795.SZ,20260127,10.5,2.068,0.94,48.0669,49.2031,4.5804,2.9694,1190368.3082,1190368.3082,2.4153
000795.SZ,20260126,10.63,2.2973,0.97,48.662,49.8123,4.6372,3.0062,1205106.2015,1205106.2015,2.3858
000795.SZ,20260123,10.66,2.7693,1.22,48.7994,49.9528,4.6502,3.0146,1208507.2538,1208507.2538,2.3791
000795.SZ,20260122,10.62,2.0767,0.98,48.6162,49.7654,4.6328,3.0033,1203972.5174,1203972.5174,2.388
000795.SZ,20260121,10.53,1.8289,0.78,48.2042,49.3437,4.5935,2.9779,1193769.3605,1193769.3605,2.4085
000795.SZ,20260120,10.47,2.0183,0.85,47.9296,49.0625,4.5674,2.9609,1186967.2558,1186967.2558,2.4223
000795.SZ,20260119,10.53,3.2089,1.43,48.2042,49.3437,4.5935,2.9779,1193769.3605,1193769.3605,2.4085
000795.SZ,20260116,10.37,2.2216,0.99,47.4718,48.5939,4.5237,2.9326,1175630.4148,1175630.4148,2.4456
000795.SZ,20260115,10.24,1.3111,0.55,46.8767,47.9847,4.467,2.8959,1160892.5215,1160892.5215,2.4767
000795.SZ,20260114,10.23,3.0261,1.27,46.8309,47.9379,4.4627,2.893,1159758.8374,1159758.8374,2.4791
000795.SZ,20260113,10.22,2.1113,0.95,46.7851,47.891,4.4583,2.8902,1158625.1533,1158625.1533,2.4815
000795.SZ,20260112,10.41,2.5633,1.31,47.6549,48.7813,4.5412,2.9439,1180165.1512,1180165.1512,2.4362
000795.SZ,20260109,10.34,2.2163,1.32,47.3345,48.4533,4.5106,2.9242,1172229.3625,1172229.3625,2.4527
000795.SZ,20260108,10.18,1.9065,1.29,46.602,47.7036,4.4408,2.8789,1154090.4169,1154090.4169,2.4913
000795.SZ,20260107,10.2,3.0851,2.94,46.6936,47.7973,4.4496,2.8846,1156357.7851,1156357.7851,2.4864
000795.SZ,20260106,10.12,1.3667,1.43,46.3273,47.4224,4.4147,2.8619,1147288.3122,1147288.3122,2.506
000795.SZ,20260105,10.08,1.2176,1.33,46.1442,47.235,4.3972,2.8506,1142753.5758,1142753.5758,2.516
000795.SZ,20251231,9.97,0.8234,0.9,45.6407,46.7195,4.3492,2.8195,1130283.0507,1130283.0507,0.2666
000795.SZ,20251230,9.98,0.8998,1.04,45.6864,46.7664,4.3536,2.8223,1131416.7348,1131416.7348,0.2664
000795.SZ,20251229,9.96,0.9417,1.12,45.5949,46.6726,4.3449,2.8167,1129149.3666,1129149.3666,0.2669
000795.SZ,20251226,9.95,0.899,1.08,45.5491,46.6258,4.3405,2.8139,1128015.6825,1128015.6825,0.2672
000795.SZ,20251225,9.95,1.0296,1.38,45.5491,46.6258,4.3405,2.8139,1128015.6825,1128015.6825,0.2672
000795.SZ,20251224,9.85,0.8168,1.08,45.0913,46.1572,4.2969,2.7856,1116678.8415,1116678.8415,0.2699
000795.SZ,20251223,9.77,0.6567,0.8,44.7251,45.7823,4.262,2.763,1107609.3686,1107609.3686,0.2721
000795.SZ,20251222,9.82,0.7947,1.0,44.954,46.0166,4.2838,2.7771,1113277.7891,1113277.7891,0.2707
000795.SZ,20251219,9.76,0.8567,1.15,44.6793,45.7354,4.2576,2.7601,1106475.6845,1106475.6845,0.2724
000795.SZ,20251218,9.63,0.6036,0.8,44.0842,45.1263,4.2009,2.7234,1091737.7912,1091737.7912,0.2761
000795.SZ,20251217,9.68,0.8829,1.27,44.3131,45.3606,4.2227,2.7375,1097406.2117,1097406.2117,0.2746
000795.SZ,20251216,9.67,0.9893,1.52,44.2673,45.3137,4.2184,2.7347,1096272.5276,1096272.5276,0.2749
000795.SZ,20251215,9.89,0.6404,0.74,45.2744,46.3446,4.3143,2.7969,1121213.5779,1121213.5779,0.2688
000795.SZ,20251212,9.95,0.6219,0.52,45.5491,46.6258,4.3405,2.8139,1128015.6825,1128015.6825,0.2672
000795.SZ,20251211,9.91,0.6211,0.51,45.366,46.4383,4.3231,2.8025,1123480.9461,1123480.9461,0.2683
000795.SZ,20251210,10.04,0.6068,0.49,45.9611,47.0475,4.3798,2.8393,1138218.8394,1138218.8394,0.2648
000795.SZ,20251209,10.02,0.7646,0.63,45.8696,46.9538,4.3711,2.8337,1135951.4712,1135951.4712,0.2653
000795.SZ,20251208,10.14,1.7323,1.63,46.4189,47.5161,4.4234,2.8676,1149555.6804,1149555.6804,0.2622
000795.SZ,20251205,10.28,2.3129,3.06,47.0598,48.1722,4.4845,2.9072,1165427.2579,1165427.2579,0.2586
000795.SZ,20251204,9.91,0.6502,0.82,45.366,46.4383,4.3231,2.8025,1123480.9461,1123480.9461,0.2683
000795.SZ,20251203,9.92,0.7262,0.91,45.4118,46.4852,4.3274,2.8054,1124614.6302,1124614.6302,0.268
000795.SZ,20251202,9.95,0.6449,0.76,45.5491,46.6258,4.3405,2.8139,1128015.6825,1128015.6825,0.2672
000795.SZ,20251201,10.04,0.9691,1.21,45.9611,47.0475,4.3798,2.8393,1138218.8394,1138218.8394,0.2648
000795.SZ,20251128,9.93,0.7895,0.84,45.4576,46.5321,4.3318,2.8082,1125748.3143,1125748.3143,0.2677
000795.SZ,20251127,9.9,0.8551,0.92,45.3202,46.3915,4.3187,2.7997,1122347.262,1122347.262,0.2685
000795.SZ,20251126,9.97,0.7322,0.74,45.6407,46.7195,4.3492,2.8195,1130283.0507,1130283.0507,0.2666
000795.SZ,20251125,10.04,0.875,0.87,45.9611,47.0475,4.3798,2.8393,1138218.8394,1138218.8394,0.2648
000795.SZ,20251124,10.0,0.7475,0.71,45.778,46.8601,4.3623,2.828,1133684.103,1133684.103,0.2658
000795.SZ,20251121,9.9,1.505,1.58,45.3202,46.3915,4.3187,2.7997,1122347.262,1122347.262,0.2685
000795.SZ,20251120,10.28,0.7985,0.81,47.0598,48.1722,4.4845,2.9072,1165427.2579,1165427.2579,0.2586
000795.SZ,20251119,10.31,1.0523,1.0,47.1971,48.3127,4.4976,2.9157,1168828.3102,1168828.3102,0.2579
000795.SZ,20251118,10.3,0.9453,0.85,47.1513,48.2659,4.4932,2.9128,1167694.6261,1167694.6261,0.2581
000795.SZ,20251117,10.37,0.9702,0.87,47.4718,48.5939,4.5237,2.9326,1175630.4148,1175630.4148,0.2564
000795.SZ,20251114,10.35,1.0087,0.89,47.3802,48.5002,4.515,2.927,1173363.0466,1173363.0466,0.2569
000795.SZ,20251113,10.41,0.9304,0.8,47.6549,48.7813,4.5412,2.9439,1180165.1512,1180165.1512,0.2554
000795.SZ,20251112,10.36,1.3862,1.28,47.426,48.547,4.5194,2.9298,1174496.7307,1174496.7307,0.2566
000795.SZ,20251111,10.52,1.2364,1.17,48.1585,49.2968,4.5892,2.9751,1192635.6764,1192635.6764,0.2527
000795.SZ,20251110,10.48,1.0343,0.9,47.9753,49.1094,4.5717,2.9637,1188100.9399,1188100.9399,0.2537
000795.SZ,20251107,10.46,1.0796,0.84,47.8838,49.0156,4.563,2.9581,1185833.5717,1185833.5717,0.2542
000795.SZ,20251106,10.47,1.0699,0.65,47.9296,49.0625,4.5674,2.9609,1186967.2558,1186967.2558,0.2539
000795.SZ,20251105,10.44,0.9969,0.58,47.7922,48.9219,4.5543,2.9524,1183566.2035,1183566.2035,0.2546
000795.SZ,20251104,10.45,1.1072,0.62,47.838,48.9688,4.5586,2.9553,1184699.8876,1184699.8876,0.2544
000795.SZ,20251103,10.54,1.5232,0.83,48.25,49.3905,4.5979,2.9807,1194903.0446,1194903.0446,0.2522
000795.SZ,20251031,10.61,1.7227,0.97,48.5705,49.7185,4.6284,3.0005,1202838.8333,1202838.8333,0.2506
000795.SZ,20251030,10.73,2.8327,1.9,49.1198,50.2809,4.6808,3.0344,1216443.0425,1216443.0425,0.2478
000795.SZ,20251029,10.7,1.3889,0.87,48.9825,50.1403,4.6677,3.026,1213041.9902,1213041.9902,0.2485
000795.SZ,20251028,10.56,1.4629,0.92,48.3416,49.4842,4.6066,2.9864,1197170.4128,1197170.4128,0.2517
000795.SZ,20251027,10.68,1.7714,1.13,48.8909,50.0466,4.659,3.0203,1210774.622,1210774.622,0.2489
000795.SZ,20251024,10.66,1.4192,0.81,48.7994,49.9528,4.6502,3.0146,1208507.2538,1208507.2538,0.2494
000795.SZ,20251023,10.56,1.4222,0.72,48.3416,49.4842,4.6066,2.9864,1197170.4128,1197170.4128,0.2517
000795.SZ,20251022,10.52,1.9142,0.84,48.1585,49.2968,4.5892,2.9751,1192635.6764,1192635.6764,0.2527
000795.SZ,20251021,10.75,1.4031,0.43,49.2114,49.5485,4.7936,3.0401,1218710.4107,1218710.4107,0.2473
000795.SZ,20251020,10.67,1.675,0.35,48.8451,49.1797,4.758,3.0175,1209640.9379,1209640.9379,0.2492
000795.SZ,20251017,10.72,2.3173,0.47,49.074,49.4102,4.7803,3.0316,1215309.3584,1215309.3584,0.248
000795.SZ,20251016,10.9,2.5033,0.48,49.898,50.2398,4.8605,3.0825,1235715.6723,1235715.6723,0.2439
000795.SZ,20251015,11.12,3.461,0.71,50.9051,51.2539,4.9586,3.1447,1260656.7225,1260656.7225,0.2391
000795.SZ,20251014,11.25,6.3629,1.63,51.5003,51.853,5.0166,3.1815,1275394.6159,1275394.6159,0.2363
000795.SZ,20251013,11.74,9.2801,3.9,53.7434,54.1115,5.2351,3.3201,1330945.1369,1330945.1369,0.2264
000795.SZ,20251010,10.99,2.8677,1.25,50.31,50.6547,4.9007,3.108,1245918.8292,1245918.8292,0.2419
000795.SZ,20251009,11.13,4.0161,2.19,50.9509,51.2999,4.9631,3.1476,1261790.4066,1261790.4066,0.2389
000795.SZ,20250930,10.73,1.9772,1.02,49.1198,49.4563,4.7847,3.0344,1216443.0425,1216443.0425,0.2478
000795.SZ,20250929,10.57,1.4028,0.73,48.3874,48.7188,4.7134,2.9892,1198304.0969,1198304.0969,0.2515
000795.SZ,20250926,10.51,1.6396,0.8,48.1127,48.4423,4.6866,2.9722,1191501.9923,1191501.9923,0.2529
000795.SZ,20250925,10.73,2.4751,1.08,49.1198,49.4563,4.7847,3.0344,1216443.0425,1216443.0425,0.2478
000795.SZ,20250924,10.55,1.6564,0.68,48.2958,48.6266,4.7045,2.9835,1196036.7287,1196036.7287,0.252
000795.SZ,20250923,10.35,2.4906,1.0,47.3802,47.7048,4.6153,2.927,1173363.0466,1173363.0466,0.2569
000795.SZ,20250922,10.68,1.4045,0.54,48.8909,49.2258,4.7624,3.0203,1210774.622,1210774.622,0.2489
000795.SZ,20250919,10.64,2.1863,0.8,48.7078,49.0415,4.7446,3.009,1206239.8856,1206239.8856,0.2499
000795.SZ,20250918,10.77,3.7023,1.46,49.3029,49.6406,4.8026,3.0458,1220977.7789,1220977.7789,0.2468
000795.SZ,20250917,11.14,2.3169,0.92,50.9967,51.346,4.9675,3.1504,1262924.0907,1262924.0907,0.2386
000795.SZ,20250916,11.02,2.7928,1.14,50.4474,50.7929,4.914,3.1165,1249319.8815,1249319.8815,0.2412
000795.SZ,20250915,11.05,2.0027,0.8,50.5847,50.9312,4.9274,3.1249,1252720.9338,1252720.9338,0.2406
000795.SZ,20250912,11.21,2.7725,1.1,51.3171,51.6687,4.7177,3.1702,1270859.8795,1270859.8795,0.2372
000795.SZ,20250911,11.17,2.7825,1.02,51.134,51.4843,4.7009,3.1589,1266325.1431,1266325.1431,0.238
000795.SZ,20250910,10.93,2.3031,0.77,50.0354,50.3781,4.5999,3.091,1239116.7246,1239116.7246,0.2432
000795.SZ,20250909,10.99,2.3663,0.68,50.31,50.6547,4.6252,3.108,1245918.8292,1245918.8292,0.2419
000795.SZ,20250908,11.21,2.3108,0.6,51.3171,51.6687,4.7177,3.1702,1270859.8795,1270859.8795,0.2372
000795.SZ,20250905,11.24,2.8115,0.62,51.4545,51.8069,4.7304,3.1787,1274260.9318,1274260.9318,0.2365
000795.SZ,20250904,10.92,3.9032,0.76,49.9896,50.332,4.5957,3.0882,1237983.0405,1237983.0405,0.2435
000795.SZ,20250903,11.33,3.5577,0.58,51.8665,52.2218,4.7682,3.2041,1284464.0887,1284464.0887,0.2346
000795.SZ,20250902,11.82,4.7354,0.7,54.1096,54.4803,4.9745,3.3427,1340014.6097,1340014.6097,0.2249
000795.SZ,20250901,12.08,4.254,0.51,55.2998,55.6786,5.0839,3.4162,1369490.3964,1369490.3964,0.2201
000795.SZ,20250829,12.24,6.1015,0.75,56.0323,56.4161,5.1512,3.4615,1387629.3421,1387629.3421,0.2172
000795.SZ,20250828,12.25,6.9185,0.88,56.0781,56.4622,5.1554,3.4643,1388763.0262,1388763.0262,0.217
000795.SZ,20250827,12.18,8.6826,1.19,55.7576,56.1396,5.126,3.4445,1380827.2375,1380827.2375,0.2183
000795.SZ,20250826,12.23,7.7932,1.09,55.9865,56.37,5.147,3.4586,1386495.658,1386495.658,0.2174
000795.SZ,20250825,12.64,11.8177,1.84,57.8634,58.2598,5.3196,3.5746,1432976.7062,1432976.7062,0.2103
000795.SZ,20250822,11.98,5.4943,0.78,54.8421,55.2177,5.0418,3.3879,1358153.5554,1358153.5554,0.2219
000795.SZ,20250821,11.92,5.6168,0.85,54.5674,54.9412,5.0165,3.371,1351351.4508,1351351.4508,0.223
000795.SZ,20250820,12.07,5.8275,0.92,55.2541,55.6326,5.0797,3.4134,1368356.7123,1368356.7123,0.2203
000795.SZ,20250819,12.05,7.1292,1.26,55.1625,54.9288,5.2164,3.4077,1366089.3441,1366089.3441,0.2206
000795.SZ,20250818,11.99,7.9607,1.65,54.8878,54.6553,5.1904,3.3908,1359287.2395,1359287.2395,0.2217
000795.SZ,20250815,11.77,8.6097,1.99,53.8807,53.6524,5.0952,3.3286,1334346.1892,1334346.1892,0.2259
000795.SZ,20250814,11.25,3.5884,0.67,51.5003,51.2821,4.8701,3.1815,1275394.6159,1275394.6159,0.2363
000795.SZ,20250813,11.46,4.2517,0.84,52.4616,52.2393,4.961,3.2409,1299201.982,1299201.982,0.232
000795.SZ,20250812,11.2,3.9056,0.82,51.2714,51.0541,4.8484,3.1674,1269726.1954,1269726.1954,0.2374
000795.SZ,20250811,11.46,3.7271,0.83,52.4616,52.2393,4.961,3.2409,1299201.982,1299201.982,0.232
000795.SZ,20250808,11.52,6.2128,1.66,52.7363,52.5128,4.9869,3.2579,1306004.0867,1306004.0867,0.2308
000795.SZ,20250807,11.55,8.7565,3.24,52.8736,52.6496,4.9999,3.2663,1309405.139,1309405.139,0.2302
000795.SZ,20250806,11.15,2.829,0.9,51.0425,50.8262,4.8268,3.1532,1264057.7748,1264057.7748,0.2384
000795.SZ,20250805,11.06,2.3677,0.6,50.6305,50.416,4.7878,3.1278,1253854.6179,1253854.6179,0.2404
000795.SZ,20250804,11.01,2.162,0.46,50.4016,50.188,4.7662,3.1136,1248186.1974,1248186.1974,0.2415
000795.SZ,20250801,10.97,2.5868,0.45,50.2185,50.0057,4.7488,3.1023,1243651.461,1243651.461,0.2423
000795.SZ,20250731,11.08,3.5557,0.5,50.722,50.5071,4.7965,3.1334,1256121.9861,1256121.9861,0.2399
000795.SZ,20250730,11.37,5.081,0.75,52.0496,51.8291,4.922,3.2154,1288998.8251,1288998.8251,0.2338
000795.SZ,20250729,11.69,6.2553,0.96,53.5145,53.2878,5.0605,3.3059,1325276.7164,1325276.7164,0.2274
000795.SZ,20250728,11.67,6.2212,0.94,53.4229,53.1966,5.0519,3.3003,1323009.3482,1323009.3482,0.2278
000795.SZ,20250725,11.61,7.6852,1.18,53.1483,52.9231,5.0259,3.2833,1316207.2436,1316207.2436,0.229
000795.SZ,20250724,11.58,10.1867,1.99,53.0109,52.7863,5.0129,3.2748,1312806.1913,1312806.1913,0.2296
000795.SZ,20250723,11.1,3.7355,0.74,50.8136,50.5983,4.8051,3.1391,1258389.3543,1258389.3543,0.2395
000795.SZ,20250722,11.25,4.8596,0.93,51.5003,51.2821,4.8701,3.1815,1275394.6159,1275394.6159,0.2363
000795.SZ,20250721,11.37,6.6764,1.26,52.0496,51.8291,4.922,3.2154,1288998.8251,1288998.8251,0.2338
000795.SZ,20250718,11.23,7.1092,1.16,51.4087,51.1909,4.8614,3.1758,1273127.2477,1273127.2477,0.2367
000795.SZ,20250717,11.03,3.2615,0.47,50.4931,50.2792,4.7748,3.1193,1250453.5656,1250453.5656,0.241
000795.SZ,20250716,10.97,3.3768,0.49,50.2185,50.0057,4.7488,3.1023,1243651.461,1243651.461,0.2423
000795.SZ,20250715,10.93,5.5654,0.83,50.0354,49.8234,4.7315,3.091,1239116.7246,1239116.7246,0.2432
000795.SZ,20250714,11.08,7.1016,1.24,50.722,50.5071,4.7965,3.1334,1256121.9861,1256121.9861,0.2399
000795.SZ,20250711,11.23,11.3129,2.89,51.4087,51.1909,4.8614,3.1758,1273127.2477,1273127.2477,0.2367
000795.SZ,20250710,10.88,7.5593,2.65,49.8065,49.5955,4.7099,3.0769,1233448.3041,1233448.3041,0.2443
000795.SZ,20250709,10.67,3.0509,1.1,48.8451,48.6382,4.619,3.0175,1209640.9379,1209640.9379,0.2492
000795.SZ,20250708,10.79,4.5417,1.78,49.3945,49.1852,4.6709,3.0514,1223245.1471,1223245.1471,0.2464
000795.SZ,20250707,10.6,2.0852,0.63,48.5247,48.3191,4.5887,2.9977,1201705.1492,1201705.1492,0.2508
000795.SZ,20250704,10.51,2.3484,0.65,48.1127,47.9088,4.5497,2.9722,1191501.9923,1191501.9923,0.2529
000795.SZ,20250703,10.65,2.2151,0.58,48.7536,48.547,4.6103,3.0118,1207373.5697,1207373.5697,0.2496
000795.SZ,20250702,10.6,2.7281,0.69,48.5247,48.3191,4.5887,2.9977,1201705.1492,1201705.1492,0.2508
000795.SZ,20250701,10.74,3.4026,0.88,49.1656,48.9573,4.6493,3.0373,1217576.7266,1217576.7266,0.2475
000795.SZ,20250630,10.86,5.853,1.8,49.7149,49.5043,4.7012,3.0712,1231180.9359,1231180.9359,0.2448
000795.SZ,20250627,10.55,4.0054,1.32,48.2958,48.0912,4.567,2.9835,1196036.7287,1196036.7287,0.252
000795.SZ,20250626,10.45,3.2381,1.0,47.838,47.6353,4.5237,2.9553,1184699.8876,1184699.8876,0.2544
000795.SZ,20250625,10.58,3.2487,0.87,48.4331,48.2279,4.58,2.992,1199437.781,1199437.781,0.2513
000795.SZ,20250624,10.55,3.0912,0.71,48.2958,48.0912,4.567,2.9835,1196036.7287,1196036.7287,0.252
000795.SZ,20250623,10.39,2.6735,0.52,47.5633,47.3618,4.4978,2.9383,1177897.783,1177897.783,0.2559
000795.SZ,20250620,10.31,2.8723,0.45,47.1971,46.9972,4.4631,2.9157,1168828.3102,1168828.3102,0.2579
000795.SZ,20250619,10.33,4.2685,0.55,47.2887,47.0883,4.4718,2.9213,1171095.6784,1171095.6784,0.2574
000795.SZ,20250618,10.77,5.7761,0.57,49.3029,49.094,4.6623,3.0458,1220977.7789,1220977.7789,0.2468
000795.SZ,20250617,11.15,6.2018,0.5,51.0425,50.8262,4.8268,3.1532,1264057.7748,1264057.7748,0.2384
000795.SZ,20250616,11.4,6.6306,0.48,52.1869,51.9658,4.935,3.2239,1292399.8774,1292399.8774,0.2332
000795.SZ,20250613,11.4,9.1925,0.75,52.1869,51.9658,4.935,3.2239,1292399.8774,1292399.8774,0.2332
000795.SZ,20250612,11.56,11.1602,1.04,52.9194,52.6952,5.0043,3.2692,1310538.8231,1310538.8231,0.23
000795.SZ,20250611,11.91,17.8814,2.34,54.5216,54.2906,5.1558,3.3681,1350217.7667,1350217.7667,0.2232
000795.SZ,20250610,11.45,17.5161,3.87,52.4158,52.1937,4.9566,3.2381,1298068.2979,1298068.2979,0.2322
000795.SZ,20250609,11.12,13.1344,6.18,50.9051,50.6895,4.8138,3.1447,1260656.7225,1260656.7225,0.2391
000795.SZ,20250606,10.11,1.9953,1.0,46.2816,46.0855,4.3766,2.8591,1146154.6281,1146154.6281,0.263
000795.SZ,20250605,10.31,3.0713,1.8,47.1971,46.9972,4.4631,2.9157,1168828.3102,1168828.3102,0.2579
000795.SZ,20250604,10.25,2.5576,1.85,46.9225,46.7237,4.4372,2.8987,1162026.2056,1162026.2056,0.2594
000795.SZ,20250603,10.1,1.8525,1.43,46.2358,46.0399,4.3722,2.8563,1145020.944,1145020.944,0.2632
000795.SZ,20250530,9.9,1.1437,0.83,45.3202,45.1282,4.2857,2.7997,1122347.262,1122347.262,0.2685
000795.SZ,20250529,10.03,1.3575,0.94,45.9153,45.7208,4.3419,2.8365,1137085.1553,1137085.1553,0.2651
000795.SZ,20250528,9.87,1.6156,1.12,45.1829,44.9915,4.2727,2.7912,1118946.2097,1118946.2097,0.2693
000795.SZ,20250527,10.03,0.9358,0.53,45.9153,45.7208,4.3419,2.8365,1137085.1553,1137085.1553,0.2651
000795.SZ,20250526,10.12,1.4325,0.68,46.3273,46.1311,4.3809,2.8619,1147288.3122,1147288.3122,0.2627
000795.SZ,20250523,10.08,1.5587,0.61,46.1442,45.9487,4.3636,2.8506,1142753.5758,1142753.5758,0.2637
000795.SZ,20250522,10.24,1.6578,0.54,46.8767,46.6781,4.4328,2.8959,1160892.5215,1160892.5215,0.2596
000795.SZ,20250521,10.5,1.6331,0.45,48.0669,47.8633,4.3209,2.9694,1190368.3082,1190368.3082,0.2532
000795.SZ,20250520,10.6,2.5615,0.71,48.5247,48.3191,4.362,2.9977,1201705.1492,1201705.1492,0.2508
000795.SZ,20250519,10.62,3.1782,0.89,48.6162,48.4103,4.3703,3.0033,1203972.5174,1203972.5174,0.2503
000795.SZ,20250516,10.92,3.7579,1.18,49.9896,49.7778,4.4937,3.0882,1237983.0405,1237983.0405,0.2435
000795.SZ,20250515,10.89,4.2747,1.54,49.8522,49.641,4.4814,3.0797,1234581.9882,1234581.9882,0.2441
000795.SZ,20250514,10.93,4.5297,1.78,50.0354,49.8234,4.4978,3.091,1239116.7246,1239116.7246,0.2432
000795.SZ,20250513,10.71,2.356,0.8,49.0282,48.8205,4.4073,3.0288,1214175.6743,1214175.6743,0.2482
000795.SZ,20250512,10.87,2.9305,1.06,49.7607,49.5499,4.4731,3.074,1232314.62,1232314.62,0.2446
000795.SZ,20250509,10.65,1.8175,0.68,48.7536,48.547,4.3826,3.0118,1207373.5697,1207373.5697,0.2496
000795.SZ,20250508,10.84,2.2072,0.87,49.6234,49.4131,4.4608,3.0656,1228913.5677,1228913.5677,0.2452
000795.SZ,20250507,10.76,3.4411,1.59,49.2571,49.0484,4.4279,3.0429,1219844.0948,1219844.0948,0.2471
000795.SZ,20250506,10.91,4.3599,2.37,49.9438,49.7322,4.4896,3.0853,1236849.3564,1236849.3564,0.2437
000795.SZ,20250430,10.47,2.0276,0.82,47.9296,47.7265,4.3085,2.9609,1186967.2558,1186967.2558,0.2539
000795.SZ,20250429,10.5,1.3713,0.51,48.0669,47.8633,4.3209,2.9694,1190368.3082,1190368.3082,0.2532
000795.SZ,20250428,10.59,1.4981,0.54,48.4789,48.2735,4.3579,2.9949,1200571.4651,1200571.4651,0.251
000795.SZ,20250425,10.59,1.5643,0.53,48.4789,48.2735,4.3579,2.9949,1200571.4651,1200571.4651,0.251
000795.SZ,20250424,10.63,2.7482,0.96,48.662,48.4559,4.3744,3.0062,1205106.2015,1205106.2015,0.2501
000795.SZ,20250423,10.9,5.2159,2.16,49.898,49.6866,4.4855,3.0825,1235715.6723,1235715.6723,0.2439
000795.SZ,20250422,10.45,2.356,0.84,47.838,47.6353,4.3003,2.9553,1184699.8876,1184699.8876,0.2544
000795.SZ,20250421,10.69,2.0378,0.6,48.9367,48.7294,4.3991,3.0231,1211908.3061,1211908.3061,0.2487
000795.SZ,20250418,10.6,2.4473,0.6,48.5247,48.5247,4.4705,2.9977,1201705.1492,1201705.1492,0.2508
000795.SZ,20250417,10.6,2.3245,0.44,48.5247,48.5247,4.4705,2.9977,1201705.1492,1201705.1492,0.2508
000795.SZ,20250416,10.72,2.9074,0.44,49.074,49.074,4.5211,3.0316,1215309.3584,1215309.3584,0.248
000795.SZ,20250415,10.99,4.2609,0.54,50.31,50.31,4.6349,3.108,1245918.8292,1245918.8292,0.2419
000795.SZ,20250414,11.4,5.0748,0.57,52.1869,52.1869,4.8079,3.2239,1292399.8774,1292399.8774,0.2332
000795.SZ,20250411,11.34,5.7846,0.66,51.9123,51.9123,4.7826,3.207,1285597.7728,1285597.7728,0.2344
000795.SZ,20250410,11.51,8.5133,1.15,52.6905,52.6905,4.8543,3.255,1304870.4026,1304870.4026,0.231
000795.SZ,20250409,11.41,9.438,1.58,52.2327,52.2327,4.8121,3.2267,1293533.5615,1293533.5615,0.233
000795.SZ,20250408,11.45,10.6605,2.49,52.4158,52.4158,4.8289,3.2381,1298068.2979,1298068.2979,0.2322
000795.SZ,20250407,10.71,10.3149,3.67,49.0282,49.0282,4.5169,3.0288,1214175.6743,1214175.6743,0.2482
000795.SZ,20250403,11.19,4.874,2.03,51.2256,51.2256,4.7193,3.1645,1268592.5113,1268592.5113,0.2376
000795.SZ,20250402,10.84,1.7986,0.63,49.6234,49.6234,4.5717,3.0656,1228913.5677,1228913.5677,0.2452
000795.SZ,20250401,10.77,2.1352,0.73,49.3029,49.3029,4.5422,3.0458,1220977.7789,1220977.7789,0.2468
000795.SZ,20250331,10.61,2.2511,0.69,48.5705,48.5705,4.4747,3.0005,1202838.8333,1202838.8333,0.2506
000795.SZ,20250328,10.98,2.9957,0.79,50.2642,50.2642,4.6307,3.1051,1244785.1451,1244785.1451,0.2421
000795.SZ,20250327,10.98,2.8016,0.61,50.2642,50.2642,4.6307,3.1051,1244785.1451,1244785.1451,0.2421
000795.SZ,20250326,11.28,4.127,0.88,51.6376,51.6376,4.7573,3.19,1278795.6682,1278795.6682,0.2357
000795.SZ,20250325,10.91,2.3965,0.48,49.9438,49.9438,4.6012,3.0853,1236849.3564,1236849.3564,0.2437
000795.SZ,20250324,10.93,3.9902,0.82,50.0354,50.0354,4.6096,3.091,1239116.7246,1239116.7246,0.2432
000795.SZ,20250321,11.3,5.6318,1.24,51.7291,51.7291,4.7657,3.1956,1281063.0364,1281063.0364,0.2353
000795.SZ,20250320,11.88,6.9083,1.51,54.3843,54.3843,5.0103,3.3597,1346816.7144,1346816.7144,0.2238
000795.SZ,20250319,11.76,4.3915,0.84,53.8349,53.8349,4.9597,3.3257,1333212.5051,1333212.5051,0.2261
000795.SZ,20250318,11.85,4.1913,0.67,54.2469,54.2469,4.9976,3.3512,1343415.6621,1343415.6621,0.2243
000795.SZ,20250317,11.76,3.0814,0.44,53.8349,53.8349,4.9597,3.3257,1333212.5051,1333212.5051,0.2261
000795.SZ,20250314,11.76,4.1908,0.46,53.8349,53.8349,4.9597,3.3257,1333212.5051,1333212.5051,0.2261
000795.SZ,20250313,11.7,6.9954,0.75,53.5603,53.5603,4.9344,3.3088,1326410.4005,1326410.4005,0.2272
000795.SZ,20250312,12.24,7.5733,0.8,56.0323,56.0323,5.1621,3.4615,1387629.3421,1387629.3421,0.2172
000795.SZ,20250311,12.43,9.2504,0.92,56.9021,56.9021,5.2423,3.5152,1409169.34,1409169.34,0.2139
000795.SZ,20250310,12.1,7.3396,0.65,55.3914,55.3914,5.1031,3.4219,1371757.7646,1371757.7646,0.2197
000795.SZ,20250307,12.49,14.1626,1.47,163.2955,67.1352,5.2612,3.6789,1415971.4446,1415971.4446,0.2128
000795.SZ,20250306,11.97,8.3259,0.86,156.497,64.3401,5.0421,3.5258,1357019.8713,1357019.8713,0.2221
000795.SZ,20250305,11.94,8.3893,0.85,156.1048,64.1789,5.0295,3.5169,1353618.819,1353618.819,0.2227
000795.SZ,20250304,12.27,11.8678,1.38,160.4192,65.9527,5.1685,3.6141,1391030.3944,1391030.3944,0.2167
000795.SZ,20250303,12.13,13.2949,1.78,158.5889,65.2001,5.1095,3.5729,1375158.8169,1375158.8169,0.2192
000795.SZ,20250228,11.28,6.1417,0.83,147.4759,60.6313,4.7515,3.3225,1278795.6682,1278795.6682,0.2357
000795.SZ,20250227,11.76,8.6604,1.19,153.7514,63.2114,4.9537,3.4639,1333212.5051,1333212.5051,0.2261
000795.SZ,20250226,11.84,9.409,1.34,154.7974,63.6414,4.9874,3.4875,1342281.978,1342281.978,0.2245
000795.SZ,20250225,11.54,5.6047,0.78,150.8751,62.0288,4.861,3.3991,1308271.4549,1308271.4549,0.2304
000795.SZ,20250224,11.68,7.4265,1.14,152.7055,62.7813,4.92,3.4404,1324143.0323,1324143.0323,0.2276
000795.SZ,20250221,11.49,5.6881,0.91,150.2214,61.7601,4.8399,3.3844,1302603.0343,1302603.0343,0.2314
000795.SZ,20250220,11.58,8.3616,1.39,151.3981,62.2438,4.8778,3.4109,1312806.1913,1312806.1913,0.2296
000795.SZ,20250219,11.56,7.993,1.45,151.1366,62.1363,4.8694,3.405,1310538.8231,1310538.8231,0.23
000795.SZ,20250218,10.91,6.2802,1.16,142.6385,58.6425,4.5956,3.2135,1236849.3564,1236849.3564,0.2437
000795.SZ,20250217,11.37,4.1399,0.68,148.6525,61.1151,4.7894,3.349,1288998.8251,1288998.8251,0.2338
000795.SZ,20250214,11.22,4.543,0.6,146.6914,60.3088,4.7262,3.3049,1271993.5636,1271993.5636,0.2369
000795.SZ,20250213,11.38,7.2195,0.83,148.7833,61.1688,4.7936,3.352,1290132.5092,1290132.5092,0.2336
000795.SZ,20250212,11.92,5.4303,0.56,155.8433,64.0714,5.0211,3.511,1351351.4508,1351351.4508,0.223
000795.SZ,20250211,11.91,5.8009,0.58,155.7126,64.0176,5.0168,3.5081,1350217.7667,1350217.7667,0.2232
000795.SZ,20250210,12.15,7.4969,0.74,158.8503,65.3077,5.1179,3.5788,1377426.1851,1377426.1851,0.2188
000795.SZ,20250207,12.19,12.1187,1.26,159.3733,65.5227,5.1348,3.5906,1381960.9216,1381960.9216,0.2181
000795.SZ,20250206,12.33,12.7363,1.48,161.2037,66.2752,5.1938,3.6318,1397832.499,1397832.499,0.2156
000795.SZ,20250205,11.72,10.63,1.2,153.2285,62.9964,4.9368,3.4521,1328677.7687,1328677.7687,0.2268
000795.SZ,20250127,10.96,7.0048,0.74,143.2922,58.9113,4.6167,3.2283,1242517.7769,1242517.7769,0.2426
000795.SZ,20250124,11.69,8.4257,0.8,152.8363,62.8351,4.9242,3.4433,1325276.7164,1325276.7164,0.2274
000795.SZ,20250123,11.35,9.4534,0.75,148.3911,61.0076,4.781,3.3432,1286731.4569,1286731.4569,0.2342
000795.SZ,20250122,11.38,7.4175,0.46,148.7833,61.1688,4.7936,3.352,1290132.5092,1290132.5092,0.2336
000795.SZ,20250121,11.5,11.8349,0.7,150.3522,61.8138,4.8441,3.3873,1303736.7185,1303736.7185,0.2312
000795.SZ,20250120,11.95,9.8996,0.57,156.2355,64.2326,5.0337,3.5199,1354752.5031,1354752.5031,0.2225
000795.SZ,20250117,12.06,14.2713,0.78,157.6737,64.8239,5.08,3.5523,1367223.0282,1367223.0282,0.2204
000795.SZ,20250116,12.38,19.5409,1.12,161.8574,66.5439,5.2148,3.6465,1403500.9195,1403500.9195,0.2147
000795.SZ,20250115,13.01,24.6189,1.75,170.0941,69.9303,5.4802,3.8321,1474923.018,1474923.018,0.2043
000795.SZ,20250114,11.83,15.9087,1.25,154.6666,63.5876,4.9831,3.4845,1341148.2938,1341148.2938,0.2247
000795.SZ,20250113,11.26,12.7892,1.04,147.2144,60.5238,4.743,3.3166,1276528.3,1276528.3,0.2361
000795.SZ,20250110,11.19,18.1032,1.68,146.2992,60.1475,4.7136,3.296,1268592.5113,1268592.5113,0.2376
000795.SZ,20250109,10.92,16.0149,1.95,142.7692,58.6963,4.5998,3.2165,1237983.0405,1237983.0405,0.2435
301368.SZ,20260702,43.81,3.9414,1.41,,,5.582,10.4816,526158.1,526158.1,0.1529
301368.SZ,20260701,43.43,3.9002,1.58,,,5.5336,10.3907,521594.3,521594.3,0.1543
301368.SZ,20260630,41.63,2.7933,1.19,,,5.3043,9.96,499976.3,499976.3,0.1609
301368.SZ,20260629,39.37,2.251,0.9,,,5.0163,9.4193,472833.7,472833.7,0.1702
301368.SZ,20260626,39.08,2.1085,0.82,,,4.9794,9.35,469350.8,469350.8,0.1714
301368.SZ,20260625,40.53,2.9612,1.24,,,5.1641,9.6969,486765.3,486765.3,0.1653
301368.SZ,20260624,41.73,2.2232,0.89,,,5.317,9.984,501177.3,501177.3,0.1606
301368.SZ,20260623,42.35,2.2075,0.89,,,5.396,10.1323,508623.5,508623.5,0.1582
301368.SZ,20260622,42.47,3.0326,1.2,,,5.4113,10.161,510064.7,510064.7,0.1578
301368.SZ,20260618,44.4,2.4111,0.95,,,5.6572,10.6228,533244.0,533244.0,0.1509
301368.SZ,20260617,44.11,2.1014,0.78,,,5.6203,10.5534,529761.1,529761.1,0.1519
301368.SZ,20260616,45.51,2.6975,0.94,,,5.7986,10.8883,546575.1,546575.1,0.1472
301368.SZ,20260615,44.29,2.0922,0.59,,,5.6432,10.5965,531922.9,531922.9,0.1513
301368.SZ,20260612,43.54,3.3211,0.73,,,5.5476,10.417,522915.4,279184.5756,0.1539
301368.SZ,20260611,44.58,4.5497,0.53,,,5.6801,10.6658,535405.8,285853.3795,0.1503
301368.SZ,20260610,46.41,5.3469,0.62,,,5.9133,11.1037,557384.1,297587.603,0.1444
301368.SZ,20260609,48.8,6.7928,0.85,,,6.2178,11.6755,586088.0,312912.6272,0.1373
301368.SZ,20260608,49.48,10.4969,1.63,,,6.3045,11.8382,594254.8,317272.8851,0.1354
301368.SZ,20260605,48.63,15.2507,3.48,,,6.1962,11.6348,584046.3,311822.5627,0.1378
301368.SZ,20260604,43.95,4.7497,1.11,,,5.5999,10.5151,527839.5,281813.7288,0.1524
301368.SZ,20260603,45.02,5.7007,1.3,,,5.7362,10.7711,540690.2,288674.7229,0.1488
301368.SZ,20260602,46.87,3.552,0.66,,,5.9719,11.2137,562908.7,300537.1893,0.1429
301368.SZ,20260601,47.31,2.9637,0.51,,,6.028,11.319,568193.1,303358.5326,0.1416
301368.SZ,20260529,46.73,4.9148,0.79,,,5.9541,11.1802,561227.3,299639.4891,0.1434
301368.SZ,20260528,50.68,4.3534,0.59,,,6.4574,12.1253,608666.8,324967.4579,0.1322
301368.SZ,20260527,51.39,6.0685,0.83,,,6.5478,12.2951,617193.9,329520.0802,0.1304
301368.SZ,20260526,54.0,8.5418,1.19,,,6.8804,12.9196,648540.0,346255.776,0.1241
301368.SZ,20260525,53.86,5.1239,0.68,,,6.8625,12.8861,646858.6,345358.0758,0.1244
301368.SZ,20260522,55.04,7.0541,0.87,,,7.0129,13.1684,661030.4,352924.4058,0.1217
301368.SZ,20260521,56.18,10.3611,1.53,,,7.1581,13.4412,674721.8,360234.2499,0.1193
301368.SZ,20260520,54.62,5.5941,0.89,,,6.9594,13.0679,655986.2,350231.3053,0.1227
301368.SZ,20260519,56.49,7.8221,1.41,,,7.1976,13.5153,678444.9,362222.0146,0.1186
301368.SZ,20260518,55.16,7.0029,1.33,,,7.0282,13.1971,662471.6,353693.863,0.1215
301368.SZ,20260515,54.55,9.7029,1.92,,,6.9505,13.0512,655145.5,349782.4552,0.1228
301368.SZ,20260514,51.75,3.7652,0.74,,,6.5937,12.3813,621517.5,331828.452,0.1295
301368.SZ,20260513,53.38,3.1899,0.64,,,6.8014,12.7712,641093.8,342280.2467,0.1255
301368.SZ,20260512,53.61,4.0731,0.85,,,6.8307,12.8263,643856.1,343755.0398,0.125
301368.SZ,20260511,54.27,5.6366,1.32,,,6.9148,12.9842,651782.7,347987.0549,0.1235
301368.SZ,20260508,54.53,8.6199,2.68,,,6.9479,13.0464,654905.3,349654.2123,0.1229
301368.SZ,20260507,51.81,3.8476,1.2,,,6.6013,12.3956,622238.1,332213.1806,0.1293
301368.SZ,20260506,50.28,2.894,0.91,,,6.4064,12.0296,603862.8,322402.6003,0.1333
301368.SZ,20260430,49.4,3.0453,0.93,,,6.2943,11.819,593294.0,316759.9136,0.1356
301368.SZ,20260429,48.68,2.8963,0.72,,,6.2025,11.6468,584646.8,312143.1699,0.1376
301368.SZ,20260428,48.1,3.411,0.76,,,6.1286,11.508,577681.0,308424.1264,0.1393
301368.SZ,20260427,48.8,3.8064,0.9,,,6.2164,11.6755,586088.0,312912.6272,0.1373
301368.SZ,20260424,47.75,2.6748,0.64,,,6.0826,11.4243,573477.5,306179.876,0.1403
301368.SZ,20260423,48.0,3.5006,0.84,,,6.1145,11.4841,576480.0,307782.912,0.1396
301368.SZ,20260422,49.3,6.8076,2.01,,,6.2801,11.7951,592093.0,316118.6992,0.1359
301368.SZ,20260421,51.1,5.6254,2.1,365.4054,3053.6725,6.3255,12.1602,613711.0,327660.5584,0.1311
301368.SZ,20260420,53.07,2.461,0.98,379.4925,3171.3973,6.5694,12.629,637370.7,340292.4821,0.1262
301368.SZ,20260417,53.48,2.4421,0.97,382.4243,3195.8984,6.6201,12.7266,642294.8,342921.4611,0.1253
301368.SZ,20260416,53.83,3.5647,1.61,384.9271,3216.814,6.6634,12.8098,646498.3,345165.7115,0.1245
301368.SZ,20260415,53.14,2.8673,1.31,379.993,3175.5804,6.578,12.6456,638211.4,340741.3322,0.1261
301368.SZ,20260414,53.4,2.0472,0.99,381.8522,3191.1177,6.6102,12.7075,641334.0,342408.4896,0.1255
301368.SZ,20260413,52.45,1.6221,0.77,375.059,3134.3469,6.4926,12.4814,629924.5,336316.9528,0.1277
301368.SZ,20260410,52.31,2.4639,1.16,374.0579,3125.9806,6.4753,12.4481,628243.1,335419.2526,0.1281
301368.SZ,20260409,51.42,2.0524,0.89,367.6937,3072.7953,6.3651,12.2363,617554.2,329712.4445,0.1303
301368.SZ,20260408,52.98,2.7801,1.18,378.8489,3166.019,6.5582,12.6076,636289.8,339715.3891,0.1265
301368.SZ,20260407,50.15,1.4554,0.55,358.6122,2996.9017,6.2079,11.9341,602301.5,321569.0216,0.1336
301368.SZ,20260403,49.83,1.8021,0.67,356.3239,2977.7789,6.1683,11.858,598458.3,319517.1355,0.1345
301368.SZ,20260402,51.11,2.5398,0.97,365.4769,3054.2701,6.3267,12.1626,613831.1,327724.6798,0.1311
301368.SZ,20260401,53.03,2.9454,1.18,379.2065,3169.0069,6.5644,12.6195,636890.3,340035.9963,0.1263
301368.SZ,20260331,52.2,3.0288,1.22,373.2713,3119.4072,6.4617,12.422,626922.0,334713.9168,0.1284
301368.SZ,20260330,52.03,2.9634,1.12,372.0557,3109.2482,6.4406,12.3815,624880.3,333623.8523,0.1288
301368.SZ,20260327,51.63,1.9128,0.7,369.1953,3085.3447,6.3911,12.2863,620076.3,331058.9947,0.1298
301368.SZ,20260326,51.43,2.2114,0.8,367.7652,3073.3929,6.3664,12.2387,617674.3,329776.5659,0.1303
301368.SZ,20260325,52.47,2.4092,0.95,375.202,3135.542,6.4951,12.4862,630164.7,336445.1957,0.1277
301368.SZ,20260324,51.56,2.9442,1.29,368.6948,3081.1616,6.3825,12.2697,619235.6,330610.1446,0.1299
301368.SZ,20260323,51.88,3.7683,2.08,370.983,3100.2844,6.4221,12.3458,623078.8,332662.0307,0.1291
301368.SZ,20260320,52.61,2.3699,1.44,376.2031,3143.9083,6.5124,12.5195,631846.1,337342.8958,0.1274
301368.SZ,20260319,54.68,2.3512,1.47,391.0053,3267.6089,6.7687,13.0121,656706.8,350616.0339,0.1225
301368.SZ,20260318,56.4,1.2802,0.68,403.3046,3370.394,6.9816,13.4214,677364.0,361644.9216,0.1188
301368.SZ,20260317,55.88,1.6102,0.7,399.5862,3339.3194,6.9172,13.2977,671118.8,358310.6067,0.1199
301368.SZ,20260316,57.01,1.4663,0.58,407.6666,3406.8468,7.0571,13.5666,684690.1,365556.3294,0.1175
301368.SZ,20260313,56.64,1.5017,0.56,405.0208,3384.7361,7.0113,13.4785,680246.4,363183.8362,0.1183
301368.SZ,20260312,57.62,2.1489,0.75,412.0286,3443.2996,7.1326,13.7117,692016.2,369467.7373,0.1163
301368.SZ,20260311,58.65,2.6193,0.81,419.3939,3504.8512,7.2601,13.9568,704386.5,376072.2456,0.1142
301368.SZ,20260310,59.71,3.6914,1.11,426.9737,3568.1955,7.3913,14.2091,717117.1,382869.1182,0.1122
301368.SZ,20260309,57.99,2.6327,0.68,414.6744,3465.4104,7.1784,13.7998,696459.9,371840.2306,0.1155
301368.SZ,20260306,57.96,2.2833,0.57,414.4599,3463.6176,7.1747,13.7927,696099.6,371647.8662,0.1156
301368.SZ,20260305,57.59,3.1844,0.8,411.8141,3441.5069,7.1289,13.7046,691655.9,369275.373,0.1163
301368.SZ,20260304,57.4,4.3038,1.15,410.4554,3430.1527,7.1054,13.6594,689374.0,368057.0656,0.1167
301368.SZ,20260303,56.27,4.2456,1.11,402.375,3362.6253,6.9655,13.3905,675802.7,360811.3429,0.1191
301368.SZ,20260302,59.23,5.4059,1.5,423.5414,3539.5112,7.3319,14.0949,711352.3,379791.2891,0.1131
301368.SZ,20260227,63.32,2.8923,0.68,452.7881,3783.9246,7.8382,15.0682,760473.2,406016.9581,0.1058
301368.SZ,20260226,63.16,2.9649,0.71,451.644,3774.3632,7.8184,15.0301,758551.6,404991.015,0.1061
301368.SZ,20260225,63.4,3.1663,0.71,453.3602,3788.7053,7.8481,15.0872,761434.0,406529.9296,0.1057
301368.SZ,20260224,63.99,4.6536,1.03,457.5791,3823.9629,7.9211,15.2276,768519.9,410313.0946,0.1047
301368.SZ,20260213,65.61,4.3769,0.94,469.1634,3920.7721,8.1217,15.6131,787976.1,420700.7678,0.1021
301368.SZ,20260212,65.11,6.0234,1.51,465.588,3890.8927,8.0598,15.4941,781971.1,417494.6958,0.1029
301368.SZ,20260211,63.56,2.6731,0.63,454.5043,3798.2667,7.8679,15.1253,763355.6,407555.8726,0.1054
301368.SZ,20260210,63.89,4.5328,0.94,456.864,3817.9871,7.9087,15.2038,767318.9,409671.8802,0.1049
301368.SZ,20260209,64.0,5.0749,1.11,457.6506,3824.5605,7.9224,15.23,768640.0,410377.216,0.1047
301368.SZ,20260206,63.71,4.8951,1.04,455.5769,3807.2305,7.8865,15.161,765157.1,408517.6942,0.1052
301368.SZ,20260205,62.39,2.7563,0.46,446.1379,3728.3489,7.7231,14.8469,749303.9,400053.6642,0.1074
301368.SZ,20260204,63.73,4.0356,0.62,455.7199,3808.4257,7.8889,15.1657,765397.3,408645.9371,0.1051
301368.SZ,20260203,65.13,7.4194,1.11,465.731,3892.0879,8.0622,15.4989,782211.3,417622.9387,0.1029
301368.SZ,20260202,61.23,3.8084,0.47,437.8429,3659.0288,7.5795,14.5708,735372.3,392615.5771,0.1094
301368.SZ,20260130,63.07,5.5844,0.57,451.0004,3768.9849,7.8072,15.0087,757470.7,404413.9221,0.1062
301368.SZ,20260129,64.45,8.7921,0.92,460.8685,3851.452,7.9781,15.3371,774044.5,413262.6808,0.104
301368.SZ,20260128,67.84,6.8255,0.69,485.1097,4054.0342,8.3977,16.1438,814758.4,434999.849,0.0988
301368.SZ,20260127,67.16,8.4115,0.84,480.2471,4013.3982,8.3135,15.982,806591.6,430639.591,0.0998
301368.SZ,20260126,67.3,11.0886,1.04,481.2482,4021.7644,8.3309,16.0153,808273.0,431537.2912,0.0996
301368.SZ,20260123,71.68,14.0336,1.23,512.5687,4283.5078,8.873,17.0576,860876.8,459622.4819,0.0935
301368.SZ,20260122,68.89,7.5524,0.65,492.618,4116.7809,8.5277,16.3936,827368.9,441732.6002,0.0973
301368.SZ,20260121,70.49,8.3007,0.63,504.0593,4212.3949,8.7257,16.7744,846584.9,451992.0306,0.095
301368.SZ,20260120,69.29,8.8409,0.56,495.4783,4140.6844,8.5772,16.4888,832172.9,444297.4578,0.0967
301368.SZ,20260119,71.27,14.6234,0.9,509.6369,4259.0067,8.8223,16.96,855952.7,456993.5029,0.094
301368.SZ,20260116,71.25,17.6264,1.01,509.4939,4257.8115,8.8198,16.9553,855712.5,456865.26,0.094
301368.SZ,20260115,68.0,8.7877,0.41,486.2538,4063.5956,8.4175,16.1819,816680.0,436025.792,0.0985
301368.SZ,20260114,68.68,16.338,0.84,491.1163,4104.2315,8.5017,16.3437,824846.8,440386.0499,0.0976
301368.SZ,20260113,69.9,22.1404,1.37,499.8403,4177.1372,8.6527,16.634,839499.0,448208.8656,0.0959
301368.SZ,20260112,70.09,16.6605,1.17,501.1989,4188.4914,8.6762,16.6792,841780.9,449427.173,0.0956
301368.SZ,20260109,69.8,23.3202,2.1,499.1252,4171.1613,8.6403,16.6102,838298.0,447567.6512,0.096
301368.SZ,20260108,73.46,29.8945,3.8,525.2971,4389.8784,9.0934,17.4812,882254.6,471036.0982,0.0912
301368.SZ,20260107,61.22,5.2542,0.6,437.7714,3658.4312,7.5782,14.5684,735252.2,392551.4557,0.1094
301368.SZ,20260106,61.91,5.7781,0.65,442.7055,3699.6647,7.6636,14.7326,743539.1,396975.835,0.1082
301368.SZ,20260105,62.23,6.6887,0.73,444.9937,3718.7875,7.7033,14.8088,747382.3,399027.7211,0.1077
301368.SZ,20251231,62.67,7.9816,1.0,448.1401,3745.0814,7.7577,14.9135,752666.7,401849.0645,0.1356
301368.SZ,20251230,63.98,13.5862,2.37,457.5076,3823.3654,7.9199,15.2252,768399.8,410248.9731,0.1329
301368.SZ,20251229,61.69,9.8879,2.19,441.1323,3686.5178,7.6364,14.6803,740896.9,395565.1634,0.1378
301368.SZ,20251226,58.83,6.0054,1.59,420.681,3515.6077,7.2824,13.9997,706548.3,377226.4315,0.1445
301368.SZ,20251225,59.42,8.5027,3.36,424.9,3550.8654,7.3554,14.1401,713634.2,381009.5965,0.143
301368.SZ,20251224,56.19,1.7377,0.62,401.803,3357.8446,6.9556,13.3714,674841.9,360298.3714,0.1513
301368.SZ,20251223,55.6,2.5113,0.87,397.584,3322.587,6.8825,13.231,667756.0,356515.2064,0.1529
301368.SZ,20251222,56.8,3.793,1.44,406.1649,3394.2975,7.0311,13.5166,682168.0,364209.7792,0.1496
301368.SZ,20251219,55.5,2.2875,0.78,396.8689,3316.6111,6.8702,13.2072,666555.0,355873.992,0.1532
301368.SZ,20251218,54.91,2.3092,0.72,392.6499,3281.3534,6.7971,13.0668,659469.1,352090.827,0.1548
301368.SZ,20251217,55.22,3.1425,0.96,394.8667,3299.8786,6.8355,13.1406,663192.2,354078.5917,0.1539
301368.SZ,20251216,54.21,2.8395,0.8,387.6444,3239.5223,6.7105,12.9003,651062.1,347602.3262,0.1568
301368.SZ,20251215,55.84,2.6101,0.6,399.3002,3336.9291,6.9123,13.2882,670638.4,358054.121,0.1522
301368.SZ,20251212,57.45,3.725,0.69,410.8129,3433.1407,7.1116,13.6713,689974.5,368377.6728,0.148
301368.SZ,20251211,57.43,3.8048,0.58,410.6699,3431.9455,7.1091,13.6665,689734.3,368249.4299,0.148
301368.SZ,20251210,59.39,3.4093,0.53,424.6855,3549.0727,7.3517,14.1329,713273.9,380817.2322,0.1431
301368.SZ,20251209,59.0,4.0882,0.67,421.8967,3525.7667,7.3034,14.0401,708590.0,378316.496,0.1441
301368.SZ,20251208,60.22,6.8756,1.27,430.6206,3598.6724,7.4544,14.3305,723242.2,386139.3117,0.1411
301368.SZ,20251205,60.3,8.9913,2.08,431.1927,3603.4531,7.4643,14.3495,724203.0,386652.2832,0.141
301368.SZ,20251204,58.4,9.5828,3.29,417.6062,3489.9115,7.2292,13.8974,701384.0,374469.2096,0.1455
301368.SZ,20251203,55.63,2.7122,0.91,397.7985,3324.3797,6.8863,13.2382,668116.3,356707.5707,0.1528
301368.SZ,20251202,57.09,2.4914,0.78,408.2387,3411.6275,7.067,13.5856,685650.9,366069.301,0.1489
301368.SZ,20251201,58.15,3.2749,1.04,415.8185,3474.9718,7.1982,13.8379,698381.5,372866.1736,0.1462
301368.SZ,20251128,57.34,3.5305,1.06,410.0264,3426.5672,7.0979,13.6451,688653.4,367672.337,0.1482
301368.SZ,20251127,56.51,2.5525,0.78,404.0912,3376.9674,6.9952,13.4476,678685.1,362350.2574,0.1504
301368.SZ,20251126,56.85,3.0551,0.99,406.5225,3397.2854,7.0373,13.5285,682768.5,364530.3864,0.1495
301368.SZ,20251125,57.29,3.6153,1.33,409.6688,3423.5793,7.0917,13.6332,688052.9,367351.7298,0.1484
301368.SZ,20251124,56.12,3.0578,1.2,401.3024,3353.6615,6.9469,13.3548,674001.2,359849.5213,0.1515
301368.SZ,20251121,55.62,4.4471,1.92,397.727,3323.7821,6.885,13.2358,667996.2,356643.4493,0.1528
301368.SZ,20251120,55.85,2.2511,0.95,399.3717,3337.5266,6.9135,13.2905,670758.5,358118.2424,0.1522
301368.SZ,20251119,56.88,2.0385,0.76,406.737,3399.0782,7.041,13.5356,683128.8,364722.7507,0.1494
301368.SZ,20251118,57.8,1.8305,0.64,413.3157,3454.0562,7.1549,13.7546,694178.0,370621.9232,0.1471
301368.SZ,20251117,58.03,2.1885,0.68,414.9604,3467.8007,7.1834,13.8093,696940.3,372096.7163,0.1465
301368.SZ,20251114,57.5,3.2941,0.92,411.1705,3436.1286,7.1177,13.6832,690575.0,368698.28,0.1478
301368.SZ,20251113,59.1,2.45,0.54,422.6118,3531.7426,7.3158,14.0639,709791.0,378957.7104,0.1438
301368.SZ,20251112,59.19,3.572,0.77,423.2553,3537.1209,7.3269,14.0854,710871.9,379534.8034,0.1436
301368.SZ,20251111,61.11,2.8261,0.58,436.9848,3651.8577,7.5646,14.5423,733931.1,391846.1198,0.1391
301368.SZ,20251110,60.48,3.982,0.77,432.4798,3614.2097,7.4866,14.3923,726364.8,387806.4691,0.1405
301368.SZ,20251107,61.85,5.0972,0.91,442.2764,3696.0792,7.6562,14.7183,742818.5,396591.1064,0.1374
301368.SZ,20251106,63.77,7.2303,1.23,456.0059,3810.816,7.8939,15.1752,765877.7,408902.4229,0.1333
301368.SZ,20251105,62.4,4.0181,0.7,446.2094,3728.9465,7.7243,14.8492,749424.0,400117.7856,0.1362
301368.SZ,20251104,63.2,4.1056,0.72,451.93,3776.7535,7.8233,15.0396,759032.0,405247.5008,0.1345
301368.SZ,20251103,64.88,5.3674,0.99,463.9433,3877.1482,8.0313,15.4394,779208.8,416019.9027,0.131
301368.SZ,20251031,63.28,7.2622,1.48,452.5021,3781.5342,7.8332,15.0586,759992.8,405760.4723,0.1343
301368.SZ,20251030,61.0,8.698,2.28,436.1983,3645.2843,7.551,14.5161,732610.0,391140.784,0.1393
301368.SZ,20251029,64.53,3.2629,0.86,461.4405,800.0429,7.9685,15.3561,775005.3,413775.6523,0.1317
301368.SZ,20251028,64.82,3.8242,1.06,463.5143,803.6383,8.0043,15.4251,778488.2,415635.1741,0.1311
301368.SZ,20251027,65.55,4.0832,1.15,468.7344,812.6889,8.0944,15.5988,787255.5,420316.0392,0.1297
301368.SZ,20251024,65.61,4.7267,1.42,469.1634,813.4328,8.1018,15.6131,787976.1,420700.7678,0.1296
301368.SZ,20251023,63.82,3.184,0.93,456.3635,791.2403,7.8808,15.1871,766478.2,409223.0301,0.1332
301368.SZ,20251022,64.41,3.1593,0.8,460.5825,798.5552,7.9536,15.3275,773564.1,413006.195,0.132
301368.SZ,20251021,64.74,2.9246,0.65,462.9422,802.6465,7.9944,15.4061,777527.4,415122.2026,0.1313
301368.SZ,20251020,64.18,3.7923,0.77,458.9378,795.7036,7.9252,15.2728,770801.8,411531.4019,0.1324
301368.SZ,20251017,62.71,3.6374,0.63,448.4261,777.4786,7.7437,14.923,753147.1,402105.5502,0.1355
301368.SZ,20251016,65.03,3.5596,0.56,465.0159,806.2419,8.0302,15.4751,781010.3,416981.7243,0.1307
301368.SZ,20251015,65.99,5.8188,0.92,471.8807,818.144,8.1487,15.7035,792539.9,423137.3826,0.1288
301368.SZ,20251014,63.7,5.615,0.86,455.5054,789.7526,7.866,15.1586,765037.0,408453.5728,0.1334
301368.SZ,20251013,66.64,6.1253,0.91,476.5287,826.2027,8.229,15.8582,800346.4,427305.2762,0.1276
301368.SZ,20251010,68.77,7.7582,1.05,491.7599,852.6104,8.492,16.3651,825927.7,440963.1429,0.1236
301368.SZ,20251009,72.12,6.1946,0.76,515.7151,894.1437,8.9057,17.1623,866161.2,462443.8253,0.1179
301368.SZ,20250930,72.31,5.9117,0.64,517.0737,896.4994,8.9292,17.2075,868443.1,463662.1326,0.1175
301368.SZ,20250929,72.96,6.7416,0.67,521.7217,904.5581,9.0094,17.3622,876249.6,467830.0262,0.1165
301368.SZ,20250926,72.23,7.0275,0.63,516.5016,895.5075,8.9193,17.1885,867482.3,463149.1611,0.1177
301368.SZ,20250925,74.91,11.0322,0.76,535.6658,928.7342,9.2502,17.8262,899669.1,480333.707,0.1135
301368.SZ,20250924,75.18,10.1888,0.52,537.5965,932.0816,9.2836,17.8905,902911.8,482064.9859,0.1131
301368.SZ,20250923,73.5,10.8561,0.49,525.5831,911.253,9.0761,17.4907,882735.0,471292.584,0.1156
301368.SZ,20250922,74.52,11.0118,0.51,532.877,923.8989,9.2021,17.7334,894985.2,477832.9709,0.1141
301368.SZ,20250919,74.32,13.0576,0.61,531.4468,921.4193,9.1774,17.6858,892583.2,476550.5421,0.1144
301368.SZ,20250918,77.38,27.4675,1.5,553.3282,959.3572,9.5552,18.414,929333.8,496171.7027,0.1098
301368.SZ,20250917,82.11,35.2202,2.55,587.1515,1017.9998,10.1393,19.5396,986141.1,526501.1438,0.1035
301368.SZ,20250916,75.66,23.8909,2.31,541.0289,938.0327,9.3428,18.0047,908676.6,485142.815,0.1123
301368.SZ,20250915,71.0,9.3063,0.88,507.7062,880.258,8.7674,16.8958,852710.0,455262.224,0.1197
301368.SZ,20250912,70.78,11.6609,1.23,506.133,877.5304,8.7402,16.8434,850067.8,453851.5523,0.1201
301368.SZ,20250911,72.5,11.3404,1.25,518.4324,898.855,8.9526,17.2527,870725.0,464880.44,0.1172
301368.SZ,20250910,71.6,12.8439,1.44,511.9966,887.6968,8.8415,17.0385,859916.0,459109.5104,0.1187
301368.SZ,20250909,69.01,6.5659,0.55,493.4761,855.586,8.5217,16.4222,828810.1,442502.0574,0.1232
301368.SZ,20250908,70.41,10.5856,0.93,503.4872,872.9432,8.6945,16.7554,845624.1,451479.059,0.1207
301368.SZ,20250905,68.02,6.2014,0.52,486.3968,843.3119,8.3994,16.1866,816920.2,436154.0349,0.125
301368.SZ,20250904,66.77,9.3005,0.76,477.4583,827.8144,8.2451,15.8892,801907.7,428138.8549,0.1273
301368.SZ,20250903,69.98,12.0287,0.98,500.4124,867.612,8.6415,16.653,840459.8,448721.8371,0.1215
301368.SZ,20250902,74.07,21.8679,2.2,529.6591,918.3198,9.1465,17.6263,889580.7,474947.5061,0.1148
301368.SZ,20250901,71.11,7.7978,0.67,508.4928,881.6218,8.781,16.9219,854031.1,455967.5598,0.1195
301368.SZ,20250829,70.42,8.7233,0.72,503.5587,873.0671,8.6958,16.7577,845744.2,451543.1805,0.1207
301368.SZ,20250828,70.3,10.7172,0.84,502.7006,871.5794,8.681,16.7292,844303.0,450773.7232,0.1209
301368.SZ,20250827,69.01,12.0494,0.82,493.4761,855.586,8.5217,16.4222,828810.1,442502.0574,0.1232
301368.SZ,20250826,71.12,10.3402,0.53,508.5643,881.7457,8.7822,16.9243,854151.2,456031.6813,0.1195
301368.SZ,20250825,73.4,16.3728,0.87,524.8681,910.0132,9.0638,17.4669,881534.0,470651.3696,0.1158
301368.SZ,20250822,71.59,11.0827,0.6,511.9251,887.5728,8.8403,17.0362,859795.9,459045.389,0.1187
301368.SZ,20250821,71.47,14.0802,0.8,511.067,886.085,8.8254,17.0076,858354.7,458275.9317,0.1189
301368.SZ,20250820,74.19,21.8075,1.44,530.5172,919.8076,9.1613,17.6549,891021.9,475716.9634,0.1146
301368.SZ,20250819,76.39,33.9856,3.53,546.2489,947.0832,9.433,18.1784,917443.9,489823.6802,0.1113
301368.SZ,20250818,67.42,12.9568,1.53,482.1063,835.8731,8.3253,16.0438,809714.2,432306.7485,0.1261
301368.SZ,20250815,65.86,9.1639,1.07,470.9511,816.5323,8.1327,15.6726,790978.6,422303.8038,0.1291
301368.SZ,20250814,64.27,10.0632,0.96,459.5813,796.8194,7.9364,15.2942,771882.7,412108.4949,0.1323
301368.SZ,20250813,66.19,9.7343,0.81,473.3109,820.6236,8.1734,15.7511,794941.9,424419.8114,0.1284
301368.SZ,20250812,65.26,6.2772,0.48,466.6606,809.0935,8.0586,15.5298,783772.6,418456.5174,0.1302
301368.SZ,20250811,65.58,7.0392,0.52,468.9489,813.0608,8.0981,15.606,787615.8,420508.4035,0.1296
301368.SZ,20250808,64.7,9.6781,0.76,462.6562,802.1506,7.9895,15.3966,777047.0,414865.7168,0.1314
301368.SZ,20250807,66.86,19.4328,1.95,478.1019,828.9303,8.2562,15.9106,802988.6,428715.9478,0.1271
301368.SZ,20250806,65.66,18.02,2.4,469.5209,814.0527,8.108,15.625,788576.6,421021.375,0.1295
301368.SZ,20250805,63.15,11.7661,1.87,451.5725,782.9337,7.7981,15.0277,758431.5,404926.8936,0.1346
301368.SZ,20250804,64.39,9.0743,1.6,460.4394,510.6538,7.9575,15.3228,773323.9,412877.9522,0.132
301368.SZ,20250801,61.88,4.9653,0.85,442.491,490.7479,7.6473,14.7255,743178.8,396783.4707,0.1374
301368.SZ,20250731,62.38,5.9637,1.05,446.0663,494.7132,7.7091,14.8445,749183.8,399989.5427,0.1363
301368.SZ,20250730,62.38,5.8273,0.98,446.0663,494.7132,7.7091,14.8445,749183.8,399989.5427,0.1363
301368.SZ,20250729,63.5,5.5587,0.78,454.0752,503.5955,7.8475,15.111,762635.0,407171.144,0.1339
301368.SZ,20250728,64.12,5.9621,0.6,458.5087,508.5125,7.9241,15.2585,770081.2,411146.6733,0.1326
301368.SZ,20250725,64.68,6.0242,0.58,462.5132,512.9537,7.9933,15.3918,776806.8,414737.4739,0.1314
301368.SZ,20250724,64.18,5.0231,0.44,458.9378,508.9884,7.9315,15.2728,770801.8,411531.4019,0.1324
301368.SZ,20250723,63.95,7.086,0.59,457.2931,507.1643,7.9031,15.2181,768039.5,410056.6088,0.1329
301368.SZ,20250722,64.5,11.6061,1.02,461.226,511.5262,7.9711,15.349,774645.0,413583.288,0.1318
301368.SZ,20250721,66.49,19.9279,2.03,475.4561,527.3082,8.217,15.8225,798544.9,426343.4546,0.1278
301368.SZ,20250718,63.47,8.1881,0.81,453.8607,503.3576,7.8438,15.1039,762274.7,406978.7797,0.1339
301368.SZ,20250717,63.3,10.5769,1.14,452.6451,502.0094,7.8228,15.0634,760233.0,405888.7152,0.1343
301368.SZ,20250716,62.45,10.0488,1.04,446.5669,495.2684,7.7177,14.8611,750024.5,400438.3928,0.1361
301368.SZ,20250715,61.88,8.053,0.89,442.491,490.7479,7.6473,14.7255,743178.8,396783.4707,0.1374
301368.SZ,20250714,62.16,12.3041,1.64,444.4932,492.9685,7.6819,14.7921,746541.6,398578.871,0.1367
301368.SZ,20250711,60.87,9.3637,1.3,435.2687,482.738,7.5224,14.4851,731048.7,390307.2053,0.1396
301368.SZ,20250710,58.95,6.6048,0.96,421.5391,467.5111,7.2852,14.0282,707989.5,377995.8888,0.1442
301368.SZ,20250709,60.16,12.0565,2.2,430.1916,477.1072,7.4347,14.3162,722521.6,385754.583,0.1413
301368.SZ,20250708,60.06,4.8952,0.85,429.4765,476.3141,7.4223,14.2924,721320.6,385113.3686,0.1415
301368.SZ,20250707,59.12,4.5461,0.76,422.7548,468.8593,7.3062,14.0687,710031.2,379085.9533,0.1438
301368.SZ,20250704,60.13,7.9268,1.42,429.9771,476.8693,7.431,14.309,722161.3,385562.2187,0.1414
301368.SZ,20250703,60.1,5.0955,0.79,429.7625,476.6314,7.4273,14.3019,721801.0,385369.8544,0.1414
301368.SZ,20250702,59.81,4.8956,0.62,427.6888,474.3315,7.3915,14.2329,718318.1,383510.3326,0.1421
301368.SZ,20250701,61.08,6.1679,0.64,436.7703,484.4034,7.5484,14.5351,733570.8,391653.7555,0.1392
301368.SZ,20250630,61.83,5.9113,0.61,442.1334,490.3514,7.6411,14.7136,742578.3,396462.8635,0.1375
301368.SZ,20250627,61.1,5.8009,0.57,436.9133,484.562,7.5509,14.5399,733811.0,391781.9984,0.1391
301368.SZ,20250626,61.45,9.3949,0.82,439.4161,487.3377,7.5941,14.6232,738014.5,394026.2488,0.1383
301368.SZ,20250625,62.17,12.2265,1.23,444.5647,493.0478,7.6831,14.7945,746661.7,398642.9925,0.1367
301368.SZ,20250624,61.2,14.8173,1.91,437.6284,485.3551,7.5632,14.5637,735012.0,392423.2128,0.1389
301368.SZ,20250623,56.79,5.9841,0.8,406.0934,450.381,7.0182,13.5142,682047.9,364145.6578,0.1497
301368.SZ,20250620,57.48,8.6049,1.29,411.0275,455.8531,7.1035,13.6784,690334.8,368570.0371,0.1479
301368.SZ,20250619,60.25,15.5497,3.59,430.8352,477.821,7.4458,14.3376,723602.5,386331.676,0.1411
301368.SZ,20250618,58.14,4.853,1.1,415.747,461.0873,7.1851,13.8355,698261.4,372802.0522,0.1462
301368.SZ,20250617,57.33,3.8471,0.74,409.9549,454.6635,7.085,13.6427,688533.3,367608.2155,0.1483
301368.SZ,20250616,57.33,4.4548,0.81,409.9549,454.6635,7.085,13.6427,688533.3,367608.2155,0.1483
301368.SZ,20250613,57.1,4.72,0.85,408.3102,452.8395,7.0565,13.588,685771.0,366133.4224,0.1489
301368.SZ,20250612,58.73,3.788,0.59,419.966,465.7664,7.258,13.9759,705347.3,376585.2171,0.1447
301368.SZ,20250611,59.34,5.1619,0.8,424.3279,470.6041,7.2731,14.121,712673.4,380496.625,0.1432
301368.SZ,20250610,58.95,7.8464,1.4,421.5391,467.5111,7.2253,14.0282,707989.5,377995.8888,0.1442
301368.SZ,20250609,59.92,5.8889,1.06,428.4754,475.2039,7.3442,14.2591,719639.2,384215.6685,0.1419
301368.SZ,20250606,59.54,5.0697,0.89,425.7581,472.1902,7.2977,14.1686,715075.4,381779.0538,0.1428
301368.SZ,20250605,60.16,8.3869,1.58,430.1916,477.1072,7.3737,14.3162,722521.6,385754.583,0.1413
301368.SZ,20250604,59.18,5.0169,0.94,423.1838,469.3352,7.2535,14.083,710751.8,379470.6819,0.1436
301368.SZ,20250603,59.06,3.7545,0.66,422.3257,468.3835,7.2388,14.0544,709310.6,378701.2246,0.1439
301368.SZ,20250530,59.0,5.6058,0.95,421.8967,467.9077,7.2315,14.0401,708590.0,378316.496,0.1441
301368.SZ,20250529,61.27,5.8252,1.02,438.129,485.9102,7.5097,14.5803,735852.7,392872.0629,0.1387
301368.SZ,20250528,60.85,6.389,1.17,435.1256,482.5794,7.4582,14.4804,730808.5,390178.9624,0.1397
301368.SZ,20250527,62.38,5.102,0.9,446.0663,494.7132,7.6457,14.8445,749183.8,399989.5427,0.1363
301368.SZ,20250526,64.52,5.4238,0.92,461.369,511.6848,7.908,15.3537,774885.2,413711.5309,0.1317
301368.SZ,20250523,63.72,6.708,1.15,455.6484,505.3403,7.81,15.1633,765277.2,408581.8157,0.1334
301368.SZ,20250522,64.88,4.9901,0.8,463.9433,514.5398,7.9522,15.4394,779208.8,416019.9027,0.131
301368.SZ,20250521,66.24,4.9794,0.73,473.6684,525.3255,8.1189,15.763,795542.4,424740.4186,0.1283
301368.SZ,20250520,67.4,6.2066,0.81,481.9633,534.525,8.261,16.0391,809474.0,432178.5056,0.1261
301368.SZ,20250519,67.17,6.6914,0.81,480.3186,532.701,8.2328,15.9843,806711.7,430703.7125,0.1265
301368.SZ,20250516,68.19,6.2204,0.71,487.6124,540.7902,8.3579,16.2271,818961.9,437244.0994,0.1247
301368.SZ,20250515,68.4,7.2168,0.8,489.1141,542.4557,8.3836,16.277,821484.0,438590.6496,0.1243
301368.SZ,20250514,70.88,7.5561,0.77,506.8481,562.1237,8.6876,16.8672,851268.8,454492.7667,0.1199
301368.SZ,20250513,71.5,10.7562,1.06,511.2816,567.0406,8.7636,17.0147,858715.0,458468.296,0.1189
301368.SZ,20250512,72.32,9.6702,0.92,517.1452,573.5438,8.8641,17.2099,868563.2,463726.2541,0.1175
301368.SZ,20250509,69.53,8.5177,0.77,497.1945,551.4173,8.5221,16.5459,835055.3,445836.3723,0.1222
301368.SZ,20250508,72.1,8.4357,0.78,515.572,571.799,8.8371,17.1575,865921.0,462315.5824,0.1179
301368.SZ,20250507,71.86,11.7376,1.14,513.8558,569.8957,8.8077,17.1004,863038.6,460776.6678,0.1183
301368.SZ,20250506,72.89,12.5618,1.2,521.2212,578.0642,8.9339,17.3455,875408.9,467381.1762,0.1166
301368.SZ,20250430,71.43,11.5791,0.98,510.781,566.4855,8.755,16.9981,857874.3,458019.4459,0.119
301368.SZ,20250429,69.3,11.3252,0.96,495.5498,549.5932,8.4939,16.4912,832293.0,444361.5792,0.1227
301368.SZ,20250428,66.13,6.8755,0.57,472.8818,524.4531,8.1054,15.7369,794221.3,424035.0827,0.1285
301368.SZ,20250425,68.5,9.3309,0.85,489.8292,543.2487,8.3959,16.3008,822685.0,439231.864,0.1241
301368.SZ,20250424,68.3,13.1057,1.39,488.399,541.6626,8.3713,16.2532,820283.0,437949.4352,0.1245
301368.SZ,20250423,70.6,18.2936,2.62,351.9635,822.7008,8.69,19.7499,847906.0,452697.3664,0.1204
301368.SZ,20250422,65.4,11.2457,1.79,326.0398,762.1053,8.0499,18.2953,785454.0,419354.2176,0.13
301368.SZ,20250421,65.87,8.7677,1.43,328.3829,767.5822,8.1078,18.4267,791098.7,422367.9253,0.129
301368.SZ,20250418,63.31,3.6022,0.47,315.6205,737.7505,7.7927,17.7106,760353.1,405952.8366,0.1343
301368.SZ,20250417,64.08,5.1998,0.55,319.4592,746.7233,7.8875,17.926,769600.8,410890.1875,0.1326
301368.SZ,20250416,64.52,6.1026,0.54,321.6527,751.8506,7.9416,18.0491,774885.2,413711.5309,0.1317
301368.SZ,20250415,66.57,7.8021,0.65,331.8726,775.7393,8.1939,18.6226,799505.7,426856.4261,0.1277
301368.SZ,20250414,66.94,7.8685,0.62,333.7172,780.0509,8.2395,18.7261,803949.4,429228.9194,0.127
301368.SZ,20250411,65.75,10.9533,0.92,327.7847,766.1838,8.093,18.3932,789657.5,421598.468,0.1293
301368.SZ,20250410,64.3,14.3195,1.26,320.556,749.287,7.9145,17.9875,772243.0,412300.8592,0.1322
301368.SZ,20250409,61.16,15.4564,1.67,304.9021,712.6966,7.528,17.1091,734531.6,392166.727,0.139
301368.SZ,20250408,56.9,11.4297,1.23,283.6646,663.0549,7.0037,15.9174,683369.0,364850.9936,0.1494
301368.SZ,20250407,56.7,11.616,1.36,282.6676,660.7243,6.9791,15.8615,680967.0,363568.5648,0.1499
301368.SZ,20250403,70.87,7.0291,0.79,353.3095,825.8471,8.7232,19.8255,851148.7,454428.6453,0.1199
301368.SZ,20250402,73.31,11.088,1.29,365.4737,854.2804,9.0236,20.508,880453.1,470074.2766,0.1159
301368.SZ,20250401,71.2,5.2381,0.57,354.9547,829.6926,8.7638,19.9178,855112.0,456544.6528,0.1194
301368.SZ,20250331,72.78,11.5043,1.27,362.8315,848.1043,8.9583,20.3598,874087.8,466675.8403,0.1168
301368.SZ,20250328,73.36,8.0028,0.81,365.723,854.863,9.0297,20.522,881053.6,470394.8838,0.1159
301368.SZ,20250327,75.91,8.6813,0.78,378.4355,884.5781,9.3436,21.2354,911679.1,486745.851,0.112
301368.SZ,20250326,76.41,9.4914,0.75,380.9282,890.4046,9.4051,21.3752,917684.1,489951.923,0.1112
301368.SZ,20250325,75.23,7.878,0.6,375.0455,876.6541,9.2599,21.0451,903512.3,482385.5931,0.113
301368.SZ,20250324,78.0,11.3456,0.83,388.8548,908.9329,9.6008,21.82,936780.0,500147.232,0.109
301368.SZ,20250321,79.0,12.0406,0.81,393.8402,920.5859,9.7239,22.0998,948790.0,506559.376,0.1076
301368.SZ,20250320,84.49,14.9114,0.94,421.2096,984.5608,10.3997,23.6356,1014724.9,541762.0466,0.1006
301368.SZ,20250319,87.08,17.1744,1.06,434.1215,1014.742,10.7185,24.3601,1045830.8,558369.4995,0.0976
301368.SZ,20250318,86.24,10.6671,0.58,429.9339,1004.9535,10.6151,24.1251,1035742.4,552983.2986,0.0986
301368.SZ,20250317,87.6,13.6121,0.67,436.7139,1020.8015,10.7825,24.5056,1052076.0,561703.8144,0.097
301368.SZ,20250314,85.9,17.6729,0.74,428.2389,1000.9915,10.5732,24.03,1031659.0,550803.1696,0.099
301368.SZ,20250313,82.99,19.7826,0.83,413.7316,967.0813,10.215,23.216,996709.9,532143.8306,0.1024
301368.SZ,20250312,89.3,19.3947,0.79,445.1889,1040.6116,10.9917,24.9811,1072493.0,572604.4592,0.0952
301368.SZ,20250311,88.0,20.7489,0.78,438.708,1025.4627,10.8317,24.6175,1056880.0,564268.672,0.0966
301368.SZ,20250310,89.2,24.3592,0.84,444.6904,1039.4463,10.9794,24.9532,1071292.0,571963.2448,0.0953
301368.SZ,20250307,97.0,35.2533,1.33,483.5759,1130.3396,11.9395,27.1352,1164970.0,621977.968,0.0876
301368.SZ,20250306,84.2,19.242,0.67,419.7638,981.1814,10.364,23.5545,1011242.0,539902.5248,0.101
301368.SZ,20250305,85.38,22.8403,0.79,425.6465,994.9319,10.5092,23.8846,1025413.8,547468.8547,0.0996
301368.SZ,20250304,84.38,30.8847,1.17,420.6612,983.2789,10.3861,23.6048,1013403.8,541056.7107,0.1007
301368.SZ,20250303,80.0,36.0422,1.57,398.8255,932.2389,9.847,22.3795,960800.0,512971.52,0.1063
301368.SZ,20250228,69.99,23.2828,1.03,348.9224,815.5925,8.6149,19.5793,840579.9,448785.9586,0.1214
301368.SZ,20250227,78.64,31.3692,1.41,392.0454,916.3908,9.6796,21.9991,944466.4,504251.0042,0.1081
301368.SZ,20250226,78.55,22.8636,0.95,391.5968,915.342,9.6685,21.9739,943385.5,503673.9112,0.1082
301368.SZ,20250225,77.4,18.2214,0.79,385.8636,901.9411,9.527,21.6522,929574.0,496299.9456,0.1098
301368.SZ,20250224,78.1,19.3864,0.86,389.3534,910.0982,9.6131,21.848,937981.0,500788.4464,0.1088
301368.SZ,20250221,77.23,20.9177,0.98,385.0161,899.9601,9.5061,21.6046,927532.3,495209.8811,0.1101
301368.SZ,20250220,78.15,30.2412,1.62,389.6026,910.6808,9.6193,21.862,938581.5,501109.0536,0.1088
301368.SZ,20250219,76.63,31.0532,1.95,382.025,892.9683,9.4322,21.4368,920326.3,491362.5947,0.1109
301368.SZ,20250218,63.86,13.7495,0.77,318.3624,744.1597,7.8604,17.8645,766958.6,409479.5158,0.1331
301368.SZ,20250217,65.96,16.4906,0.92,328.8316,768.6309,8.1189,18.4519,792179.6,422945.0182,0.1289
301368.SZ,20250214,62.37,15.6146,0.8,310.9343,726.7967,7.677,17.4476,749063.7,399925.4213,0.1363
301368.SZ,20250213,64.16,16.7075,0.77,319.858,747.6556,7.8973,17.9484,770561.6,411403.159,0.1325
301368.SZ,20250212,65.94,17.1627,0.74,328.7319,768.3979,8.1164,18.4463,791939.4,422816.7754,0.1289
301368.SZ,20250211,67.31,23.1838,1.04,335.5618,784.3625,8.285,18.8296,808393.1,431601.4126,0.1263
301368.SZ,20250210,64.58,16.4907,0.65,321.9519,752.5498,7.949,18.0659,775605.8,414096.2595,0.1316
301368.SZ,20250207,66.16,23.8687,0.93,329.8287,770.9615,8.1435,18.5079,794581.6,424227.447,0.1285
301368.SZ,20250206,66.84,27.7668,1.18,333.2187,778.8856,8.2272,18.6981,802748.4,428587.705,0.1272
301368.SZ,20250205,63.96,25.3299,1.11,318.861,745.325,7.8727,17.8924,768159.6,410120.7302,0.1329
301368.SZ,20250127,57.14,18.3431,0.77,284.8611,665.8516,7.0332,15.9846,686251.4,366389.9082,0.1488
301368.SZ,20250124,61.95,30.8223,1.37,308.8405,721.9025,7.6253,17.3301,744019.5,397232.3208,0.1372
301368.SZ,20250123,57.07,26.0022,1.25,284.5121,665.0359,7.0246,15.965,685410.7,365941.0581,0.1489
301368.SZ,20250122,55.45,16.7011,0.75,276.4359,646.1581,6.8252,15.5118,665954.5,355553.3848,0.1533
301368.SZ,20250121,56.45,22.2047,0.97,281.4212,657.811,6.9483,15.7916,677964.5,361965.5288,0.1506
301368.SZ,20250120,55.19,22.8295,1.02,275.1397,643.1283,6.7932,15.4391,662831.9,353886.2274,0.154
301368.SZ,20250117,54.34,24.8232,1.18,270.9022,633.2232,6.6886,15.2013,652623.4,348435.905,0.1564
301368.SZ,20250116,52.98,17.7807,0.89,264.1222,617.3752,6.5212,14.8208,636289.8,339715.3891,0.1604
301368.SZ,20250115,53.38,23.6683,1.35,266.1163,622.0364,6.5704,14.9327,641093.8,342280.2467,0.1592
301368.SZ,20250114,52.44,25.7361,1.89,261.4301,611.0826,6.4547,14.6698,629804.4,336252.8314,0.1621
301368.SZ,20250113,47.93,19.9777,1.85,238.9463,558.5276,5.8996,13.4081,575639.3,307334.0619,0.1773
301368.SZ,20250110,46.77,18.2848,2.06,233.1633,545.0101,5.7568,13.0836,561707.7,299895.9749,0.1817
301368.SZ,20250109,46.06,12.2652,1.52,229.6238,536.7365,5.6694,12.885,553180.6,295343.3526,0.1845
002472.SZ,20260702,42.74,6.4195,1.12,28.7978,28.6144,3.5253,3.9869,3632890.1698,3199496.7396,0.9418
002472.SZ,20260701,42.7,8.0466,1.59,28.7708,28.5876,3.522,3.9831,3629490.179,3196502.358,0.9427
002472.SZ,20260630,41.51,6.821,1.45,27.969,27.7909,3.4238,3.8721,3528340.4527,3107419.5054,0.9697
002472.SZ,20260629,37.74,3.9714,0.77,25.4288,25.2669,3.1129,3.5204,3207891.3198,2825199.0396,1.0666
002472.SZ,20260626,37.15,4.5309,0.8,25.0313,24.8719,3.0642,3.4654,3157741.4555,2781031.911,1.0835
002472.SZ,20260625,39.42,5.299,1.0,26.5588,26.3897,3.2512,3.6769,3350441.7675,2950713.7984,1.0212
002472.SZ,20260624,40.05,4.7234,0.92,26.9833,26.8115,3.3032,3.7356,3403987.6405,2997871.3248,1.0052
002472.SZ,20260623,40.56,4.9896,1.0,27.3269,27.1529,3.3452,3.7832,3447334.2996,3036046.4653,0.9925
002472.SZ,20260622,42.11,6.0849,1.22,28.3712,28.1905,3.4731,3.9278,3579074.1458,3152068.951,0.956
002472.SZ,20260618,43.78,7.1444,1.56,29.4963,29.3085,3.6108,4.0836,3721013.206,3277073.8227,0.9195
002472.SZ,20260617,41.76,3.6609,0.73,28.1354,27.9562,3.4442,3.8951,3549326.4386,3125870.3252,0.964
002472.SZ,20260616,42.31,3.6632,0.64,28.5059,28.3244,3.4896,3.9464,3596072.8357,3167039.5943,0.9515
002472.SZ,20260615,42.81,4.4641,0.64,28.8428,28.6591,3.5308,3.9931,3638569.5603,3204466.2026,0.9404
002472.SZ,20260612,41.0,6.0136,0.83,27.6233,27.4474,3.3815,3.8243,3484731.4172,3068981.8806,0.9819
002472.SZ,20260611,41.08,5.1392,0.7,27.6772,27.501,3.3881,3.8317,3491530.8931,3074970.1379,0.98
002472.SZ,20260610,42.69,5.9303,0.85,28.7619,28.5788,3.5209,3.9819,3628370.3463,3195483.8167,0.943
002472.SZ,20260609,44.87,7.1091,1.1,30.2307,30.0382,3.7007,4.1852,3813656.0656,3358663.8288,0.8972
002472.SZ,20260608,45.03,10.6802,2.19,30.3385,30.1453,3.7139,4.2002,3827255.0175,3370640.3435,0.894
002472.SZ,20260605,42.86,7.4993,1.78,28.8765,28.6926,3.5349,3.9978,3642819.2327,3208208.8635,0.9393
002472.SZ,20260604,41.39,5.6603,1.37,27.8861,27.7085,3.4137,3.8606,3517878.8624,3098174.6351,0.9726
002472.SZ,20260603,40.24,4.0833,0.92,27.1113,26.9387,3.3188,3.7534,3420136.3958,3012093.436,1.0004
002472.SZ,20260602,39.98,4.2539,0.83,26.9361,26.7646,3.2974,3.7291,3398038.099,2992631.5997,1.0069
002472.SZ,20260601,38.78,2.9246,0.54,26.1276,25.9613,3.1984,3.6172,3296045.96,2902807.7397,1.0381
002472.SZ,20260529,39.23,4.1864,0.72,26.4308,26.2625,3.2355,3.6592,3334293.0121,2936491.6872,1.0262
002472.SZ,20260528,41.39,5.2852,0.83,27.8861,27.7085,3.4137,3.8606,3517878.8624,3098174.6351,0.9726
002472.SZ,20260527,42.5,5.6239,0.93,28.6339,28.4516,3.5052,3.9642,3612221.591,3181261.7055,0.9472
002472.SZ,20260526,44.72,7.691,1.36,30.1296,29.9378,3.6883,4.1712,3800907.0482,3347435.8464,0.9002
002472.SZ,20260525,43.63,4.5355,0.74,29.3953,29.2081,3.5984,4.0696,3708264.1886,3265845.8403,0.9227
002472.SZ,20260522,44.4,5.7808,0.93,29.914,29.7236,3.6619,4.1414,3773709.1445,3323482.817,0.9067
002472.SZ,20260521,44.46,8.3088,1.58,29.9545,29.7637,3.6669,4.147,3778808.7514,3327974.01,0.9055
002472.SZ,20260520,43.08,3.878,0.76,29.0247,28.8399,3.5531,4.0183,3661517.7915,3224676.5711,0.9345
002472.SZ,20260519,44.01,5.6818,1.21,29.6513,29.4625,3.6298,4.105,3740561.6993,3294290.0626,0.9147
002472.SZ,20260518,44.11,6.9396,1.66,29.7187,29.5294,3.638,4.1143,3749061.0442,3301775.3842,0.9126
002472.SZ,20260515,42.5,6.3756,1.58,28.6339,28.4516,3.5052,3.9642,3612221.591,3181261.7055,0.9472
002472.SZ,20260514,40.73,3.4518,0.87,27.4414,27.2667,3.3592,3.7991,3461783.1859,3048771.5121,0.9884
002472.SZ,20260513,42.23,3.1835,0.81,28.452,28.2709,3.483,3.939,3589273.3597,3161051.337,0.9533
002472.SZ,20260512,42.33,3.6082,0.97,28.5194,28.3378,3.4912,3.9483,3597772.7046,3168536.6587,0.951
002472.SZ,20260511,42.43,4.3095,1.39,28.5868,28.4048,3.4995,3.9576,3606272.0496,3176021.9803,0.9488
002472.SZ,20260508,42.45,5.6833,2.43,28.6002,28.4181,3.5011,3.9595,3607971.9185,3177519.0447,0.9483
002472.SZ,20260507,40.61,3.0649,1.34,27.3606,27.1864,3.3493,3.7879,3451583.972,3039789.1261,0.9913
002472.SZ,20260506,39.81,2.9227,1.32,26.8216,26.6508,3.2834,3.7133,3383589.2127,2979906.5528,1.0112
002472.SZ,20260430,39.27,2.5485,1.22,26.4578,26.2893,3.2388,3.6629,3337692.7501,2939485.8159,1.0251
002472.SZ,20260429,38.3,1.3364,0.64,25.8042,25.6399,3.1588,3.5724,3255249.1044,2866878.1958,1.0511
002472.SZ,20260428,38.27,1.8221,0.9,25.784,25.6198,3.1564,3.5696,3252699.3009,2864632.5993,1.0519
002472.SZ,20260427,38.48,2.7724,1.51,25.9255,25.7604,3.1737,3.5892,3270547.9252,2880351.7748,1.0462
002472.SZ,20260424,36.63,2.5629,1.57,24.6791,24.5219,3.0211,3.4166,3113310.0442,2741873.3241,1.099
002472.SZ,20260423,38.03,1.9338,1.25,31.5549,27.2819,3.4109,3.6793,3230943.0119,2872033.1832,1.059
002472.SZ,20260422,38.91,1.3083,0.81,32.2851,27.9132,3.4899,3.7644,3305705.8268,2938490.9587,1.035
002472.SZ,20260421,38.9,1.5175,0.93,32.2768,27.906,3.489,3.7635,3304856.2494,2937735.7567,1.0353
002472.SZ,20260420,39.08,1.8028,1.17,32.4261,28.0351,3.5051,3.7809,3320148.6433,2951329.3926,1.0305
002472.SZ,20260417,39.19,1.5134,0.93,32.5174,28.114,3.515,3.7915,3329493.9952,2959636.6145,1.0277
002472.SZ,20260416,38.79,1.6002,1.01,32.1855,27.8271,3.4791,3.7528,3295510.8975,2929428.5347,1.0383
002472.SZ,20260415,38.4,1.6508,0.97,31.8619,27.5473,3.4441,3.7151,3262377.3773,2899975.657,1.0488
002472.SZ,20260414,38.35,1.5896,1.01,31.8204,27.5114,3.4396,3.7103,3258129.4901,2896199.647,1.0502
002472.SZ,20260413,37.96,1.3406,0.89,31.4968,27.2317,3.4047,3.6725,3224995.9698,2866746.7692,1.061
002472.SZ,20260410,38.14,1.9276,1.43,31.6462,27.3608,3.4208,3.6899,3240288.3638,2880340.4051,1.0559
002472.SZ,20260409,37.04,1.4296,1.07,30.7335,26.5717,3.3221,3.5835,3146834.8452,2797268.1858,1.0873
002472.SZ,20260408,37.13,2.1805,1.85,30.8082,26.6362,3.3302,3.5922,3154481.0421,2804065.0037,1.0847
002472.SZ,20260407,35.08,1.0143,0.79,29.1072,25.1656,3.1464,3.3939,2980317.6665,2649248.595,1.1481
002472.SZ,20260403,35.18,0.988,0.71,29.1902,25.2374,3.1553,3.4036,2988813.441,2656800.6149,1.1448
002472.SZ,20260402,35.9,1.1116,0.73,29.7876,25.7539,3.2199,3.4732,3049983.0168,2711175.1585,1.1218
002472.SZ,20260401,36.71,1.3585,0.83,30.4597,26.3349,3.2926,3.5516,3118798.7896,2772346.52,1.0971
002472.SZ,20260331,36.01,1.4073,0.72,29.8788,25.8328,3.2298,3.4839,3059328.3686,2719482.3804,1.1184
002472.SZ,20260330,35.93,1.5183,0.67,29.8125,25.7754,3.2226,3.4761,3052531.7491,2713440.7644,1.1209
002472.SZ,20260327,36.58,1.5299,0.67,30.3518,26.2417,3.2809,3.539,3107754.2828,2762528.8941,1.101
002472.SZ,20260326,36.27,1.8344,0.82,30.0946,26.0193,3.2531,3.509,3081417.3821,2739117.6322,1.1104
002472.SZ,20260325,36.67,1.8696,0.86,30.4265,26.3062,3.289,3.5477,3115400.4798,2769325.712,1.0983
002472.SZ,20260324,36.45,3.0049,1.6,30.2439,26.1484,3.2692,3.5264,3096709.7761,2752711.2681,1.1049
002472.SZ,20260323,37.26,3.0671,1.93,30.916,26.7295,3.3419,3.6048,3165525.5489,2813882.6296,1.0809
002472.SZ,20260320,38.47,1.7022,1.13,31.92,27.5975,3.4504,3.7219,3268324.4194,2905262.0709,1.0469
002472.SZ,20260319,38.47,1.5193,1.01,31.92,27.5975,3.4504,3.7219,3268324.4194,2905262.0709,1.0469
002472.SZ,20260318,38.85,1.5431,0.95,32.2353,27.8701,3.4845,3.7586,3300608.3622,2933959.7467,1.0366
002472.SZ,20260317,39.05,1.5581,0.89,32.4012,28.0136,3.5024,3.778,3317599.911,2949063.7866,1.0313
002472.SZ,20260316,38.88,1.6234,0.84,32.2602,27.8917,3.4872,3.7615,3303157.0945,2936225.3527,1.0358
002472.SZ,20260313,38.2,1.3071,0.65,31.696,27.4038,3.4262,3.6958,3245385.8284,2884871.6171,1.0543
002472.SZ,20260312,38.87,1.516,0.72,32.2519,27.8845,3.4863,3.7606,3302307.5171,2935470.1507,1.0361
002472.SZ,20260311,39.59,2.1035,0.98,32.8493,28.401,3.5509,3.8302,3363477.0929,2989844.6942,1.0173
002472.SZ,20260310,39.56,2.1635,0.9,32.8244,28.3795,3.5482,3.8273,3360928.3606,2987579.0883,1.018
002472.SZ,20260309,38.61,2.5546,1.01,32.0362,27.698,3.463,3.7354,3280218.5036,2915834.8988,1.0431
002472.SZ,20260306,39.17,1.757,0.7,32.5008,28.0997,3.5132,3.7896,3327794.8403,2958126.2105,1.0282
002472.SZ,20260305,38.5,1.939,0.72,31.9449,27.6191,3.4531,3.7248,3270873.1517,2907527.6769,1.0461
002472.SZ,20260304,38.31,2.3028,0.87,31.7872,27.4827,3.4361,3.7064,3254731.1803,2893178.839,1.0513
002472.SZ,20260303,38.32,3.4245,1.27,31.7955,27.4899,3.437,3.7074,3255580.7577,2893934.041,1.051
002472.SZ,20260302,40.52,3.2359,1.3,33.621,29.0682,3.6343,3.9202,3442487.795,3060078.4797,0.9939
002472.SZ,20260227,41.42,1.7146,0.69,34.3677,29.7138,3.715,4.0073,3518949.7648,3128046.6591,0.9723
002472.SZ,20260226,41.75,2.7832,1.21,34.6415,29.9505,3.7446,4.0392,3546985.8204,3152968.325,0.9646
002472.SZ,20260225,42.46,2.1387,0.86,35.2307,30.4599,3.8083,4.1079,3607305.8187,3206587.6665,0.9485
002472.SZ,20260224,42.89,3.5694,1.63,35.5874,30.7683,3.8468,4.1495,3643837.6487,3239061.3523,0.939
002472.SZ,20260213,42.92,2.2225,1.0,35.6123,30.7899,3.8495,4.1524,3646386.3811,3241326.9582,0.9383
002472.SZ,20260212,42.72,1.7753,0.78,35.4464,30.6464,3.8316,4.133,3629394.8322,3226222.9184,0.9427
002472.SZ,20260211,42.23,1.8398,0.8,35.0398,30.2949,3.7876,4.0856,3587765.5376,3189218.0207,0.9537
002472.SZ,20260210,42.85,3.0591,1.34,35.5543,30.7396,3.8433,4.1456,3640439.339,3236040.5443,0.9399
002472.SZ,20260209,41.99,2.0275,0.8,34.8407,30.1227,3.7661,4.0624,3567375.679,3171093.1728,0.9591
002472.SZ,20260206,41.23,2.4575,0.95,34.2101,29.5775,3.698,3.9889,3502807.7934,3113697.8213,0.9768
002472.SZ,20260205,40.6,2.0115,0.71,33.6873,29.1255,3.6414,3.9279,3449284.4145,3066120.0956,0.992
002472.SZ,20260204,41.51,1.9889,0.64,34.4424,29.7784,3.7231,4.016,3526595.9617,3134843.4771,0.9702
002472.SZ,20260203,41.28,2.9321,0.92,34.2516,29.6134,3.7024,3.9937,3507055.6806,3117473.8312,0.9756
002472.SZ,20260202,40.6,3.2231,0.93,33.6873,29.1255,3.6414,3.9279,3449284.4145,3066120.0956,0.992
002472.SZ,20260130,41.53,2.7798,0.78,34.459,29.7927,3.7249,4.0179,3528295.1166,3136353.8811,0.9698
002472.SZ,20260129,41.65,3.2212,0.9,34.5586,29.8788,3.7356,4.0295,3538490.0459,3145416.305,0.967
002472.SZ,20260128,43.14,3.3082,0.94,35.7949,30.9477,3.8693,4.1737,3665077.0848,3257941.4021,0.9336
002472.SZ,20260127,44.35,3.4292,0.96,36.7989,31.8157,3.9778,4.2907,3767875.9553,3349320.8434,0.9081
002472.SZ,20260126,44.95,4.6186,1.36,37.2967,32.2461,4.0316,4.3488,3818850.6018,3394632.963,0.896
002472.SZ,20260123,47.46,3.3426,0.93,39.3793,34.0468,4.2567,4.5916,4032094.5397,3584188.6635,0.8486
002472.SZ,20260122,46.44,3.1457,0.93,38.533,33.315,4.1652,4.4929,3945437.6406,3507158.0601,0.8672
002472.SZ,20260121,47.66,3.0272,0.81,39.5453,34.1902,4.2747,4.611,4049086.0886,3599292.7034,0.845
002472.SZ,20260120,46.89,3.7003,0.98,38.9064,33.6379,4.2056,4.5365,3983668.6255,3541142.1499,0.8589
002472.SZ,20260119,47.0,3.7406,0.98,38.9977,33.7168,4.2155,4.5471,3993013.9774,3549449.3718,0.8569
002472.SZ,20260116,46.25,4.3044,1.18,38.3754,33.1787,4.1482,4.4746,3929295.6693,3492809.2223,0.8708
002472.SZ,20260115,44.62,2.0971,0.55,37.0229,32.0094,4.002,4.3169,3790814.5462,3369711.2972,0.9026
002472.SZ,20260114,44.47,4.7942,1.36,36.8984,31.9018,3.9886,4.3024,3778070.8846,3358383.2673,0.9056
002472.SZ,20260113,45.65,3.9074,1.07,37.8775,32.7483,4.0944,4.4165,3878321.0227,3447497.1026,0.8822
002472.SZ,20260112,46.26,3.9367,1.1,38.3837,33.1859,4.1491,4.4755,3930145.2467,3493564.4242,0.8706
002472.SZ,20260109,46.33,3.4613,0.91,38.4417,33.2361,4.1554,4.4823,3936092.2888,3498850.8382,0.8693
002472.SZ,20260108,45.76,3.0782,0.71,37.9688,32.8272,4.1043,4.4272,3887666.3746,3455804.3245,0.8801
002472.SZ,20260107,45.79,3.2835,0.76,37.9937,32.8487,4.1069,4.4301,3890215.1069,3458069.9305,0.8795
002472.SZ,20260106,46.31,4.4984,1.11,38.4251,33.2218,4.1536,4.4804,3934393.1339,3497340.4342,0.8697
002472.SZ,20260105,47.0,3.5409,0.87,38.9977,33.7168,4.2155,4.5471,3993013.9774,3549449.3718,0.8569
002472.SZ,20251231,47.41,4.5648,1.25,39.3379,34.0109,4.2522,4.5868,4027846.6525,3580412.6536,0.2488
002472.SZ,20251230,47.25,5.6605,1.98,39.2051,33.8961,4.2379,4.5713,4014253.4135,3568329.4217,0.2496
002472.SZ,20251229,44.33,3.4214,1.23,36.7823,31.8014,3.976,4.2888,3766176.8004,3347810.4394,0.2661
002472.SZ,20251226,44.39,3.0817,1.07,36.832,31.8444,3.9814,4.2946,3771274.265,3352341.6514,0.2657
002472.SZ,20251225,44.6,3.6623,1.5,37.0063,31.9951,4.0002,4.3149,3789115.3913,3368200.8932,0.2645
002472.SZ,20251224,42.65,2.469,1.07,35.3883,30.5962,3.8253,4.1263,3623447.7901,3220936.5044,0.2766
002472.SZ,20251223,41.63,1.6502,0.71,34.542,29.8644,3.7338,4.0276,3536790.891,3143905.901,0.2833
002472.SZ,20251222,42.03,3.0825,1.52,34.8739,30.1514,3.7697,4.0663,3570773.9887,3174113.9808,0.2806
002472.SZ,20251219,41.44,3.5974,2.03,34.3843,29.7281,3.7168,4.0092,3520648.9196,3129557.0631,0.2846
002472.SZ,20251218,39.82,1.4152,0.75,33.0401,28.566,3.5715,3.8525,3383017.374,3007214.3401,0.2962
002472.SZ,20251217,40.41,1.7572,0.86,33.5297,28.9892,3.6244,3.9096,3433142.4431,3051771.2578,0.2919
002472.SZ,20251216,40.07,1.6916,0.76,33.2476,28.7453,3.5939,3.8767,3404256.8101,3026094.39,0.2944
002472.SZ,20251215,40.37,1.6653,0.64,33.4965,28.9605,3.6208,3.9057,3429744.1334,3048750.4498,0.2922
002472.SZ,20251212,41.18,2.3185,0.83,34.1686,29.5416,3.6935,3.9841,3498559.9062,3109921.8113,0.2864
002472.SZ,20251211,40.84,1.9717,0.59,33.8865,29.2977,3.663,3.9512,3469674.2731,3084244.9435,0.2888
002472.SZ,20251210,41.61,2.5703,0.81,34.5254,29.8501,3.732,4.0257,3535091.7362,3142395.497,0.2835
002472.SZ,20251209,40.92,2.5555,0.84,33.9529,29.3551,3.6701,3.9589,3476470.8927,3090286.5594,0.2883
002472.SZ,20251208,41.76,3.6681,1.33,34.6498,29.9577,3.7455,4.0402,3547835.3978,3153723.5269,0.2825
002472.SZ,20251205,41.1,3.1248,1.27,34.1022,29.4842,3.6863,3.9763,3491763.2866,3103880.1953,0.287
002472.SZ,20251204,41.02,4.9018,2.64,34.0358,29.4268,3.6791,3.9686,3484966.6671,3097838.5794,0.2876
002472.SZ,20251203,38.65,1.5852,0.77,32.0694,27.7267,3.4666,3.7393,3283616.8133,2918855.7068,0.3052
002472.SZ,20251202,39.03,1.9098,0.9,32.3847,27.9993,3.5006,3.7761,3315900.7561,2947553.3826,0.3022
002472.SZ,20251201,40.44,2.2963,1.12,33.5546,29.0108,3.6271,3.9125,3435691.1754,3054036.8637,0.2917
002472.SZ,20251128,39.88,1.6475,0.71,33.0899,28.609,3.5769,3.8583,3388114.8387,3011745.5521,0.2958
002472.SZ,20251127,39.66,1.8622,0.81,32.9074,28.4512,3.5571,3.837,3369424.135,2995131.1082,0.2974
002472.SZ,20251126,39.8,2.5336,1.19,33.0236,28.5516,3.5697,3.8505,3381318.2192,3005703.9361,0.2964
002472.SZ,20251125,39.11,2.2193,1.13,32.451,28.0567,3.5078,3.7838,3322697.3757,2953594.9985,0.3016
002472.SZ,20251124,38.6,1.9546,1.02,32.0279,27.6908,3.4621,3.7344,3279368.9261,2915079.6968,0.3056
002472.SZ,20251121,37.99,3.052,1.82,31.5217,27.2532,3.4074,3.6754,3227544.7022,2869012.3752,0.3105
002472.SZ,20251120,38.09,1.7592,1.08,31.6047,27.3249,3.4163,3.6851,3236040.4766,2876564.3951,0.3097
002472.SZ,20251119,38.8,1.65,0.99,32.1938,27.8343,3.48,3.7538,3296360.475,2930183.7367,0.304
002472.SZ,20251118,38.75,1.4462,0.83,32.1523,27.7984,3.4755,3.749,3292112.5878,2926407.7268,0.3044
002472.SZ,20251117,38.9,1.669,0.89,32.2768,27.906,3.489,3.7635,3304856.2494,2937735.7567,0.3032
002472.SZ,20251114,38.51,1.8584,0.91,31.9532,27.6262,3.454,3.7257,3271722.7291,2908282.8789,0.3063
002472.SZ,20251113,39.47,1.5055,0.67,32.7497,28.3149,3.5401,3.8186,3353282.1636,2980782.2703,0.2988
002472.SZ,20251112,39.31,1.866,0.81,32.617,28.2001,3.5257,3.8031,3339688.9245,2968699.0384,0.3001
002472.SZ,20251111,39.64,1.8378,0.72,32.8908,28.4369,3.5553,3.8351,3367724.9801,2993620.7042,0.2976
002472.SZ,20251110,39.7,2.2571,0.84,32.9406,28.4799,3.5607,3.8409,3372822.4447,2998151.9162,0.2971
002472.SZ,20251107,40.13,2.6903,0.94,33.297,28.788,3.5993,3.8824,3409314.1447,3030796.1464,0.2939
002472.SZ,20251106,41.33,2.5872,0.84,34.2926,29.6489,3.7069,3.9985,3511262.2378,3121425.4854,0.2854
002472.SZ,20251105,40.56,2.1762,0.66,33.6538,29.0965,3.6379,3.924,3445845.5448,3063271.6596,0.2908
002472.SZ,20251104,41.42,3.1127,0.92,34.3673,29.7134,3.715,4.0072,3518908.3448,3128222.6859,0.2848
002472.SZ,20251103,42.83,2.8013,0.79,35.5372,30.7249,3.8415,4.1436,3638697.3541,3234712.1592,0.2754
002472.SZ,20251031,43.63,3.68,1.08,36.201,31.2988,3.9132,4.221,3706662.7494,3295131.7186,0.2704
002472.SZ,20251030,43.26,3.7051,1.22,35.894,31.0334,3.88,4.1852,3675228.7541,3267187.6724,0.2727
002472.SZ,20251029,44.49,3.2267,1.11,36.9146,31.9158,3.9904,4.3042,3779725.5495,3360082.7449,0.2651
002472.SZ,20251028,43.58,3.5595,1.27,36.1595,32.8212,4.0621,4.2162,3702414.9122,3291355.4961,0.2707
002472.SZ,20251027,43.68,3.575,1.3,36.2425,32.8965,4.0714,4.2259,3710910.5867,3298907.9411,0.27
002472.SZ,20251024,43.5,3.0468,1.13,36.0932,32.7609,3.9877,4.2085,3695618.3727,3285313.5402,0.2712
002472.SZ,20251023,42.77,1.7601,0.61,35.4875,32.2112,3.9208,4.1378,3633599.9494,3230180.6923,0.2758
002472.SZ,20251022,42.94,2.5602,0.75,35.6285,32.3392,3.9364,4.1543,3648042.5959,3243019.8486,0.2747
002472.SZ,20251021,42.96,3.0891,0.81,35.6451,32.3543,3.9382,4.1562,3649741.7308,3244530.3376,0.2746
002472.SZ,20251020,42.58,3.2992,0.8,35.3298,32.0681,3.9034,4.1195,3617458.168,3215831.0469,0.277
002472.SZ,20251017,41.2,2.7502,0.62,34.1848,31.0288,3.7769,3.9859,3500217.861,3111607.307,0.2863
002472.SZ,20251016,42.69,2.8389,0.6,35.4099,32.1408,3.9141,4.1288,3625660.9828,3222996.3093,0.2764
002472.SZ,20251015,43.81,5.0702,1.13,36.3389,32.984,4.0168,4.2371,3720782.564,3307553.72,0.2693
002472.SZ,20251014,41.78,5.1953,1.18,34.6551,31.4557,3.8307,4.0408,3548374.6981,3154293.413,0.2824
002472.SZ,20251013,45.19,4.7953,1.06,37.4836,34.023,4.1433,4.3706,3837985.9408,3411740.5298,0.2611
002472.SZ,20251010,46.86,4.2057,0.86,38.8688,35.2803,4.2964,4.5321,3979819.0128,3537821.6691,0.2518
002472.SZ,20251009,49.2,4.2645,0.76,40.8097,37.0421,4.511,4.7584,4178555.1734,3714486.2594,0.2398
002472.SZ,20250930,49.81,3.9932,0.61,41.3157,37.5014,4.5669,4.8174,4230362.4632,3760539.8492,0.2369
002472.SZ,20250929,50.03,4.6752,0.64,41.4982,37.667,4.5871,4.8387,4249047.0595,3777149.3406,0.2358
002472.SZ,20250926,49.01,5.4662,0.7,40.6521,36.899,4.4935,4.74,4162418.4766,3700141.6987,0.2408
002472.SZ,20250925,51.33,5.9572,0.65,42.5765,38.6457,4.7063,4.9644,4359456.0377,3875296.3353,0.2299
002472.SZ,20250924,51.31,7.843,0.77,42.5599,38.6307,4.7044,4.9625,4357757.438,3873786.3815,0.23
002472.SZ,20250923,51.69,8.7551,0.89,42.8751,38.9168,4.7393,4.9992,4390030.8316,3902475.5031,0.2283
002472.SZ,20250922,50.48,8.3125,0.9,41.8715,38.0058,4.6283,4.8822,4287265.5519,3811123.3003,0.2337
002472.SZ,20250919,46.69,7.911,0.93,38.7278,35.1523,4.2808,4.5157,3965380.9156,3524987.0621,0.2527
002472.SZ,20250918,50.89,13.2898,1.98,42.2115,38.3145,4.6659,4.9219,4322086.845,3842077.3525,0.2319
002472.SZ,20250917,48.45,12.5583,2.54,40.1876,36.4774,4.4422,4.6859,4114857.686,3657862.9933,0.2435
002472.SZ,20250916,44.76,7.262,1.62,37.1269,33.6993,4.1039,4.329,3801466.048,3379276.5238,0.2636
002472.SZ,20250915,40.69,5.0644,1.02,33.751,30.635,3.7307,3.9354,3455801.0164,3072000.9329,0.29
002472.SZ,20250912,39.36,4.5557,1.01,32.6478,29.6337,3.6088,3.8067,3342844.1388,2971589.0076,0.2998
002472.SZ,20250911,39.26,4.2046,0.94,32.5649,29.5584,3.5996,3.7971,3334351.1404,2964039.2387,0.3005
002472.SZ,20250910,38.46,3.6092,0.73,31.9013,28.9561,3.5263,3.7197,3266407.1539,2903641.0882,0.3068
002472.SZ,20250909,39.15,4.9783,0.97,32.4736,29.4756,3.5895,3.7864,3325008.8423,2955734.493,0.3014
002472.SZ,20250908,39.11,7.4014,1.73,32.4404,29.4454,3.5859,3.7826,3321611.643,2952714.5855,0.3017
002472.SZ,20250905,36.79,2.4033,0.54,30.5161,27.6987,3.3731,3.5582,3124574.0819,2777559.9489,0.3207
002472.SZ,20250904,35.7,4.0699,0.94,29.6119,26.8781,3.2732,3.4528,3032000.4002,2695267.4687,0.3305
002472.SZ,20250903,37.49,5.7233,1.47,31.0967,28.2258,3.4373,3.6259,3184025.0702,2830408.3306,0.3147
002472.SZ,20250902,37.68,6.0011,1.84,31.2543,28.3688,3.4547,3.6443,3200161.767,2844752.8914,0.3131
002472.SZ,20250901,36.6,3.2301,0.99,30.3585,27.5557,3.3557,3.5398,3108437.3851,2763215.3881,0.3224
002472.SZ,20250829,37.26,3.3139,1.04,30.9059,28.0526,3.4162,3.6036,3164491.174,2813043.8623,0.3167
002472.SZ,20250828,37.11,3.3484,1.09,30.7815,27.9397,3.4025,3.5891,3151751.6766,2801719.2091,0.318
002472.SZ,20250827,36.51,3.6306,1.24,30.2838,27.4879,3.3475,3.5311,3100793.6866,2756420.5962,0.3232
002472.SZ,20250826,37.5,2.826,0.87,31.0469,29.473,3.568,3.6201,3178925.0325,2825213.97,0.3152
002472.SZ,20250825,37.99,3.2248,0.95,31.4526,29.8581,3.6146,3.6674,3220462.9863,2862130.0992,0.3112
002472.SZ,20250822,37.95,2.9214,0.84,31.4194,29.8267,3.6108,3.6635,3217072.1329,2859116.5376,0.3115
002472.SZ,20250821,37.2,2.7793,0.79,30.7985,29.2372,3.5394,3.5911,3153493.6322,2802612.2582,0.3178
002472.SZ,20250820,37.97,2.8703,0.81,31.436,29.8424,3.6127,3.6654,3218767.5596,2860623.3184,0.3113
002472.SZ,20250819,37.64,4.4641,1.46,31.1628,29.583,3.5813,3.6336,3190793.0193,2835761.4355,0.3141
002472.SZ,20250818,37.31,3.8884,1.42,30.8896,29.3237,3.5499,3.6017,3162818.479,2810899.5526,0.3168
002472.SZ,20250815,36.87,3.3241,1.29,30.5253,28.9779,3.508,3.5592,3125519.092,2777750.3753,0.3206
002472.SZ,20250814,35.9,3.1251,1.25,29.7222,28.2155,3.4157,3.4656,3043290.8978,2704671.5073,0.3293
002472.SZ,20250813,36.13,2.8335,0.94,29.9126,28.3963,3.4376,3.4878,3062788.3046,2721999.4863,0.3272
002472.SZ,20250812,35.82,2.0845,0.69,29.656,28.1526,3.4081,3.4579,3036509.191,2698644.3841,0.33
002472.SZ,20250811,35.6,2.3089,0.78,29.4738,27.9797,3.3872,3.4367,3017859.4975,2682069.7955,0.3321
002472.SZ,20250808,35.05,2.5599,0.88,29.0185,27.5474,3.3349,3.3836,2971235.2637,2640633.324,0.3373
002472.SZ,20250807,35.99,2.7064,0.98,29.7967,28.2862,3.4243,3.4743,3050920.3179,2711452.0208,0.3285
002472.SZ,20250806,36.35,5.455,2.59,30.0948,28.5692,3.4585,3.5091,3081437.9982,2738574.0749,0.3252
002472.SZ,20250805,34.6,2.0868,1.0,28.6459,27.1938,3.292,3.3401,2933088.1633,2606730.7563,0.3417
002472.SZ,20250804,34.33,2.0475,0.97,28.4224,26.9816,3.2664,3.3141,2910199.9031,2586389.2157,0.3443
002472.SZ,20250801,33.7,2.2298,1.12,27.9008,26.4864,3.2064,3.2532,2856793.9625,2538925.621,0.3508
002472.SZ,20250731,33.01,1.9856,0.96,27.3295,25.9441,3.1408,3.1866,2798301.7419,2486941.684,0.3581
002472.SZ,20250730,33.24,2.1996,1.13,27.52,26.1249,3.1626,3.2088,2817799.1488,2504269.663,0.3556
002472.SZ,20250729,33.99,1.9484,0.98,28.1409,26.7143,3.234,3.2812,2881377.6495,2560773.9424,0.3478
002472.SZ,20250728,34.38,2.1893,1.01,28.4638,27.0209,3.2711,3.3189,2914438.4698,2590156.1677,0.3438
002472.SZ,20250725,34.64,1.6447,0.75,28.679,27.2252,3.2958,3.344,2936479.0167,2609744.3179,0.3413
002472.SZ,20250724,34.74,2.4065,1.11,28.7618,27.3038,3.3054,3.3536,2944956.1501,2617278.2218,0.3403
002472.SZ,20250723,33.75,1.5764,0.63,27.9422,26.5257,3.2112,3.2581,2861032.5293,2542692.573,0.3503
002472.SZ,20250722,33.92,2.1515,0.77,28.0829,26.6593,3.2273,3.2745,2875443.6561,2555500.2097,0.3485
002472.SZ,20250721,34.26,3.1117,1.17,28.3644,26.9265,3.2597,3.3073,2904265.9097,2581115.483,0.3451
002472.SZ,20250718,34.05,1.7369,0.63,28.1906,26.7615,3.2397,3.287,2886463.9295,2565294.2848,0.3472
002472.SZ,20250717,34.0,2.2544,0.85,28.1492,26.7222,3.235,3.2822,2882225.3628,2561527.3328,0.3477
002472.SZ,20250716,34.23,3.3248,1.43,28.3396,26.903,3.2568,3.3044,2901722.7697,2576510.5568,0.3454
002472.SZ,20250715,33.25,3.4921,1.84,27.5282,26.1327,3.1636,3.2098,2818646.8622,2502745.4284,0.3555
002472.SZ,20250714,32.52,2.5459,1.53,26.9239,25.559,3.0941,3.1393,2756763.7882,2447797.9348,0.3635
002472.SZ,20250711,31.73,2.2327,1.52,26.2698,24.9381,3.019,3.0631,2689794.4342,2388334.2088,0.3726
002472.SZ,20250710,31.02,1.7144,1.23,25.682,24.3801,2.9514,2.9945,2629606.7869,2334892.126,0.3811
002472.SZ,20250709,31.28,1.666,1.27,25.8972,24.5844,2.9762,3.0196,2651647.3338,2354462.4662,0.3779
002472.SZ,20250708,31.41,1.3333,0.98,26.0049,24.6866,2.9885,3.0322,2662667.6072,2364247.6363,0.3764
002472.SZ,20250707,31.1,1.3523,0.81,25.7482,24.443,2.959,3.0022,2636388.4936,2340913.7691,0.3801
002472.SZ,20250704,31.8,1.2861,0.79,26.3278,24.9931,3.0256,3.0698,2695728.4276,2393603.1466,0.3717
002472.SZ,20250703,32.23,1.3346,0.8,26.6838,25.3311,3.0665,3.1113,2732180.1013,2425969.4784,0.3668
002472.SZ,20250702,32.27,1.2561,0.69,26.7169,25.3625,3.0704,3.1152,2735570.9546,2428980.3,0.3663
002472.SZ,20250701,32.88,1.5809,0.84,27.2219,25.8419,3.1284,3.1741,2787281.4685,2474895.3289,0.3595
002472.SZ,20250630,33.49,2.8945,1.89,27.7269,26.3214,3.1864,3.233,2838991.9824,2520810.3578,0.353
002472.SZ,20250627,31.73,1.0784,0.71,26.2698,24.9381,3.019,3.0631,2689794.4342,2388334.2088,0.3726
002472.SZ,20250626,31.81,1.5068,0.99,26.336,25.001,3.0266,3.0708,2696576.1409,2394355.852,0.3716
002472.SZ,20250625,32.18,2.0596,1.59,26.6424,25.2918,3.0618,3.1065,2727941.5346,2422205.9515,0.3674
002472.SZ,20250624,31.27,1.8407,1.6,25.889,24.5766,2.9752,3.0187,2650799.6204,2353709.7608,0.378
002472.SZ,20250623,30.05,1.1595,1.09,24.8789,23.6177,2.8591,2.9009,2547378.5927,2261879.703,0.3934
002472.SZ,20250620,30.27,1.0267,0.95,25.061,23.7906,2.8801,2.9221,2566028.2862,2278439.2216,0.3905
002472.SZ,20250619,30.76,1.5299,1.55,25.4667,24.1757,2.9267,2.9694,2607566.24,2315321.7858,0.3843
002472.SZ,20250618,30.78,0.9402,0.87,25.4833,24.1915,2.9286,2.9714,2609261.6667,2316827.1966,0.3841
002472.SZ,20250617,30.33,1.0927,0.95,25.1107,23.8378,2.8858,2.9279,2571114.5663,2282955.4539,0.3898
002472.SZ,20250616,30.83,0.7263,0.59,25.5247,24.2307,2.9333,2.9762,2613500.2334,2320590.7235,0.3834
002472.SZ,20250613,30.83,1.1169,0.96,25.5247,24.2307,2.9333,2.9762,2613500.2334,2320590.7235,0.3834
002472.SZ,20250612,31.51,1.0534,0.91,26.0877,24.7652,2.9357,3.0418,2671144.7406,2371774.6902,0.3752
002472.SZ,20250611,31.36,1.4307,1.28,25.9635,24.6473,2.9217,3.0273,2658429.0405,2360484.1093,0.377
002472.SZ,20250610,31.15,1.4134,1.36,25.7896,24.4823,2.9021,3.0071,2640627.0603,2344677.2961,0.3795
002472.SZ,20250609,31.91,1.0962,0.99,26.4188,25.0796,2.973,3.0804,2705053.2743,2401882.9059,0.3705
002472.SZ,20250606,32.11,0.8057,0.67,26.5844,25.2368,2.9916,3.0997,2722007.5412,2416937.0137,0.3682
002472.SZ,20250605,32.35,1.052,0.9,26.7791,25.4216,3.0142,3.1224,2741940.5224,2434589.8041,0.3655
002472.SZ,20250604,31.96,1.2048,1.0,26.4562,25.1151,2.9779,3.0848,2708884.6706,2405239.2624,0.3699
002472.SZ,20250603,31.61,1.0363,0.86,26.1665,24.8401,2.9452,3.051,2679219.1627,2378899.0327,0.374
002472.SZ,20250530,31.83,1.4468,1.13,26.3486,25.0129,2.9657,3.0723,2697866.0534,2395455.7485,0.3715
002472.SZ,20250529,32.6,1.3011,1.09,26.986,25.618,3.0375,3.1466,2763130.1709,2453404.2539,0.3627
002472.SZ,20250528,32.3,0.8751,0.65,26.7377,25.3823,3.0095,3.1176,2737702.5927,2430826.9142,0.366
002472.SZ,20250527,32.28,1.3633,1.01,26.7211,25.3666,3.0077,3.1157,2736007.4208,2429321.7582,0.3663
002472.SZ,20250526,32.87,1.0733,0.71,27.2095,25.8302,3.0626,3.1726,2786014.9914,2473723.8597,0.3597
002472.SZ,20250523,33.08,1.7614,1.18,27.3834,25.9952,3.0822,3.1929,2803814.2961,2489527.9975,0.3574
002472.SZ,20250522,33.53,0.8717,0.54,27.7559,26.3488,3.1241,3.2363,2841955.6635,2523394.0072,0.3526
002472.SZ,20250521,33.73,1.6294,0.99,27.9214,26.506,3.1428,3.2556,2858907.3824,2538445.567,0.3505
002472.SZ,20250520,33.54,1.4129,0.79,27.7642,26.3567,3.1251,3.2373,2842803.2495,2524146.5852,0.3525
002472.SZ,20250519,33.64,1.8455,0.98,27.8469,26.4353,3.1344,3.247,2851279.1089,2531672.3651,0.3515
002472.SZ,20250516,34.33,1.7191,0.87,28.4181,26.9775,3.1987,3.3136,2909762.5389,2583600.2465,0.3444
002472.SZ,20250515,34.59,1.4447,0.68,28.6333,27.1818,3.2229,3.3386,2931799.7734,2603167.2743,0.3418
002472.SZ,20250514,35.09,1.8239,0.81,29.0472,27.5747,3.2695,3.3869,2974179.0705,2640796.1739,0.3369
002472.SZ,20250513,34.7,2.1497,0.92,28.7244,27.2683,3.2332,3.3493,2941123.2187,2611445.6322,0.3407
002472.SZ,20250512,34.79,2.2781,0.95,28.7989,27.339,3.2415,3.358,2948751.4922,2618218.8342,0.3398
002472.SZ,20250509,34.05,2.1734,0.94,28.1863,26.7575,3.1726,3.2865,2886030.1325,2562528.0628,0.3472
002472.SZ,20250508,34.46,2.1692,1.03,28.5257,27.0797,3.2108,3.3261,2920781.1561,2593383.7604,0.3431
002472.SZ,20250507,34.32,2.4468,1.24,28.4098,26.9697,3.1978,3.3126,2908914.9529,2582847.6685,0.3445
002472.SZ,20250506,34.68,2.6326,1.46,28.7078,27.2525,3.2313,3.3473,2939428.0469,2609940.4763,0.3409
002472.SZ,20250430,33.7,2.5376,1.25,27.8966,26.4824,3.14,3.2527,2856364.6245,2536187.833,0.3508
002472.SZ,20250429,32.41,1.7273,0.89,26.8288,25.4687,3.1157,3.1282,2747026.038,2439105.2721,0.3648
002472.SZ,20250428,31.85,1.193,0.56,26.3652,26.3652,3.0618,3.0742,2699561.2253,2396960.9045,0.3712
002472.SZ,20250425,32.23,1.7904,0.9,26.6798,26.6798,3.0984,3.1109,2731769.4911,2425558.8682,0.3668
002472.SZ,20250424,32.07,1.7821,0.95,33.2943,28.1678,3.1865,3.3665,2718174.1218,2413483.6261,0.3687
002472.SZ,20250423,32.39,3.6591,2.37,33.6266,28.4489,3.2183,3.4001,2745296.5327,2437565.7827,0.365
002472.SZ,20250422,30.88,1.2529,0.78,32.0589,27.1226,3.0683,3.2416,2617312.6561,2323928.1065,0.3829
002472.SZ,20250421,31.3,2.1912,1.35,32.4949,27.4915,3.11,3.2857,2652910.8205,2355535.937,0.3777
002472.SZ,20250418,29.95,1.0658,0.53,31.0934,26.3057,2.9759,3.144,2538488.1493,2253939.339,0.3948
002472.SZ,20250417,29.9,1.1895,0.49,31.0415,26.2618,2.9709,3.1387,2534250.2726,2250176.5021,0.3954
002472.SZ,20250416,30.22,2.029,0.7,31.3737,26.5429,3.0027,3.1723,2561372.6835,2274258.6586,0.3912
002472.SZ,20250415,31.14,1.5573,0.43,32.3288,27.351,3.0941,3.2689,2639349.615,2343494.8587,0.3797
002472.SZ,20250414,31.09,2.2691,0.66,32.2769,27.307,3.0892,3.2636,2635111.7383,2339732.0217,0.3803
002472.SZ,20250411,31.28,2.9353,0.91,32.4742,27.4739,3.108,3.2836,2651215.6698,2354030.8022,0.378
002472.SZ,20250410,30.45,3.4575,1.18,31.6125,26.7449,3.0256,3.1964,2580866.9164,2291567.7086,0.3883
002472.SZ,20250409,28.94,4.2495,1.61,30.0448,25.4186,2.8755,3.0379,2452883.0397,2177930.0324,0.4085
002472.SZ,20250408,27.82,5.2296,2.38,28.8821,24.4349,2.7643,2.9204,2357954.6014,2093642.4845,0.425
002472.SZ,20250407,30.24,1.4293,0.65,31.3945,26.5605,3.0047,3.1744,2563067.8342,2275763.7934,0.391
002472.SZ,20250403,33.6,1.8424,0.81,34.8827,29.5116,3.3386,3.5271,2847853.1491,2528626.4371,0.3519
002472.SZ,20250402,34.64,1.9547,0.86,35.9625,30.4251,3.4419,3.6363,2936000.9847,2606893.4459,0.3413
002472.SZ,20250401,34.07,2.7721,1.25,35.3707,29.9244,3.3853,3.5764,2887689.1902,2563997.1045,0.347
002472.SZ,20250331,35.45,2.9801,1.44,36.8034,31.1365,3.5224,3.7213,3004654.5874,2667851.4046,0.3335
002472.SZ,20250328,36.58,1.3824,0.55,37.9765,32.129,3.6347,3.8399,3100430.601,2752891.5199,0.3232
002472.SZ,20250327,36.68,2.2658,0.82,38.0803,32.2169,3.6446,3.8504,3108906.3545,2760417.1939,0.3223
002472.SZ,20250326,36.22,1.9389,0.62,37.6028,31.8128,3.5989,3.8021,3069917.8887,2725799.0938,0.3264
002472.SZ,20250325,35.92,2.4798,0.78,37.2913,31.5493,3.5691,3.7706,3044490.6285,2703222.0721,0.3292
002472.SZ,20250324,37.18,2.2923,0.69,38.5945,32.6519,3.6946,3.9024,3150887.2956,2797647.7375,0.318
002472.SZ,20250321,36.61,3.5273,0.97,38.0029,32.1513,3.6379,3.8426,3102581.6001,2754757.4951,0.323
002472.SZ,20250320,38.56,3.5732,0.9,40.0271,33.8638,3.8317,4.0473,3267837.9268,2901487.2716,0.3067
002472.SZ,20250319,38.45,3.7691,0.9,39.9129,33.7672,3.8208,4.0357,3258515.775,2893210.2072,0.3075
002472.SZ,20250318,37.86,2.7604,0.55,39.3004,33.2491,3.7622,3.9738,3208515.1428,2848815.0441,0.3123
002472.SZ,20250317,37.74,3.0091,0.48,39.1759,33.1437,3.7502,3.9612,3198345.5227,2839785.5194,0.3133
002472.SZ,20250314,37.49,4.9937,0.84,38.9163,32.9241,3.7254,3.935,3177158.8142,2820974.0096,0.3154
002472.SZ,20250313,35.81,5.3677,0.94,37.1724,31.4487,3.5584,3.7586,3034784.1327,2694560.6638,0.3302
002472.SZ,20250312,38.15,4.6996,0.87,39.6015,33.5038,3.791,4.0042,3233091.7247,2870636.3955,0.31
002472.SZ,20250311,38.21,7.0907,1.5,39.6637,33.5565,3.7969,4.0105,3238176.5348,2875151.1578,0.3095
002472.SZ,20250310,40.55,9.1043,2.57,42.0928,35.6115,4.0295,4.2561,3436484.1268,3051226.8896,0.2916
002472.SZ,20250307,38.07,3.3222,0.84,39.5184,33.4335,3.783,3.9958,3226311.978,2864616.7123,0.3106
002472.SZ,20250306,38.1,4.1865,1.05,39.5496,33.4598,3.786,3.999,3228854.383,2866874.0935,0.3104
002472.SZ,20250305,37.42,3.3414,0.73,38.8437,32.8627,3.7184,3.9276,3171226.5358,2815706.7869,0.316
002472.SZ,20250304,36.79,3.7011,0.78,38.1897,32.3094,3.6558,3.8615,3117836.0302,2768301.7822,0.3214
002472.SZ,20250303,36.63,3.1313,0.6,38.0236,32.1689,3.6399,3.8447,3104276.5367,2756262.4159,0.3228
002472.SZ,20250228,37.18,5.3882,1.01,38.5945,32.6519,3.6946,3.9024,3150887.2956,2797647.7375,0.318
002472.SZ,20250227,39.85,4.4043,0.78,41.3661,34.9967,3.9599,4.1827,3377161.3429,2998554.6621,0.2967
002472.SZ,20250226,40.3,6.1167,1.06,41.8333,35.3919,4.0046,4.2299,3415297.4183,3032415.3798,0.2934
002472.SZ,20250225,40.46,4.7115,0.82,41.9993,35.5324,4.0205,4.2467,3428856.9117,3044454.746,0.2923
002472.SZ,20250224,41.14,5.3114,0.98,42.7052,36.1296,4.0881,4.3181,3486484.759,3095622.0527,0.2874
002472.SZ,20250221,41.79,6.2281,1.29,43.3799,36.7004,4.1527,4.3863,3541570.2012,3144531.9782,0.283
002472.SZ,20250220,39.18,5.7838,1.31,40.6706,34.4083,3.8933,4.1123,3320380.964,2948139.8159,0.3018
002472.SZ,20250219,38.9,6.7351,1.76,40.38,34.1624,3.8655,4.0829,3296651.8504,2927070.9249,0.304
002472.SZ,20250218,36.55,4.5216,1.24,37.9406,32.0986,3.632,3.8363,3097496.79,2750242.7328,0.3235
002472.SZ,20250217,36.38,3.9392,1.03,37.7641,31.9493,3.6151,3.8185,3083089.8282,2737450.9061,0.325
002472.SZ,20250214,35.35,3.0728,0.7,36.6949,31.0448,3.5127,3.7103,2995800.589,2659947.4857,0.3345
002472.SZ,20250213,35.55,3.8829,0.81,36.9025,31.2204,3.5326,3.7313,3012749.9558,2674996.6936,0.3326
002472.SZ,20250212,36.39,3.672,0.72,37.7745,31.9581,3.6161,3.8195,3083937.2965,2738203.3665,0.3249
002472.SZ,20250211,36.24,3.6637,0.74,37.6188,31.8264,3.6012,3.8038,3071225.2714,2726916.4606,0.3263
002472.SZ,20250210,36.73,4.9156,1.01,38.1274,32.2567,3.6499,3.8552,3112751.2202,2763787.0198,0.3219
002472.SZ,20250207,37.67,5.7589,1.19,39.1032,33.0822,3.7433,3.9538,3192413.2443,2834518.2967,0.3139
002472.SZ,20250206,37.96,5.9358,1.36,39.4042,33.3369,3.7721,3.9843,3216989.8262,2856339.648,0.3115
002472.SZ,20250205,35.85,5.1015,1.09,37.2139,31.4839,3.5624,3.7628,3038174.0061,2697570.5053,0.3298
002472.SZ,20250127,34.9,3.1318,0.67,36.2278,30.6496,3.468,3.6631,2957664.5136,2626086.7681,0.3388
002472.SZ,20250124,35.33,4.4631,1.0,36.6742,31.0272,3.5107,3.7082,2994105.6523,2658442.5649,0.3347
002472.SZ,20250123,34.28,5.5541,1.22,35.5842,30.1051,3.4064,3.598,2905121.4764,2579434.2238,0.345
002472.SZ,20250122,35.43,3.5549,0.66,36.778,31.115,3.5207,3.7187,3002580.3357,2665967.1689,0.3338
002472.SZ,20250121,35.65,6.7418,1.29,37.0063,31.3082,3.5425,3.7418,3021224.6392,2682521.2975,0.3317
002472.SZ,20250120,33.21,2.9357,0.51,34.4735,29.1654,3.3001,3.4857,2814442.3638,2498920.9618,0.3561
002472.SZ,20250117,33.46,3.5265,0.59,34.733,29.3849,3.3249,3.512,2835629.0723,2517732.4716,0.3534
002472.SZ,20250116,33.64,6.0689,1.15,34.9199,29.543,3.3428,3.5309,2850883.5025,2531276.7587,0.3515
002472.SZ,20250115,33.94,7.5453,1.73,35.2313,29.8065,3.3726,3.5623,2876307.5527,2553850.5704,0.3484
002472.SZ,20250114,32.8,6.1541,1.75,34.0479,28.8053,3.2593,3.4427,2779696.1618,2468070.0858,0.3605
002472.SZ,20250113,30.67,5.7227,2.09,31.8369,26.9347,3.0477,3.2191,2599185.4049,2307796.0223,0.3856
002472.SZ,20250110,29.61,4.2636,1.82,30.7365,26.0038,2.9423,3.1079,2509353.7607,2228035.2207,0.3994
002472.SZ,20250109,29.5,2.7335,1.2,30.6129,25.8992,2.932,3.0954,2499259.5644,2218986.1119,0.401
002527.SZ,20260702,13.12,3.3089,0.92,1579.483,1419.8572,6.9939,2.461,869936.4256,693901.8432,
002527.SZ,20260701,13.28,4.2092,1.19,1598.745,1437.1725,7.0792,2.491,880545.4064,702364.0608,
002527.SZ,20260630,12.83,3.0887,0.86,1544.5706,1388.4731,6.8393,2.4066,850707.6479,678564.0738,
002527.SZ,20260629,12.39,3.4044,0.83,1491.6002,1340.856,6.6047,2.3241,821532.9507,655292.9754,
002527.SZ,20260626,12.52,2.6002,0.54,1507.2505,1354.9247,6.674,2.3485,830152.7476,662168.5272,
002527.SZ,20260625,12.99,4.7565,1.05,1563.8326,1405.7884,6.9246,2.4366,861316.6287,687026.2914,
002527.SZ,20260624,13.89,3.8021,0.79,1672.1813,1503.1872,7.4044,2.6055,920992.1457,734626.2654,
002527.SZ,20260623,13.85,3.4372,0.71,1667.3658,1498.8584,7.383,2.598,918339.9005,732510.711,
002527.SZ,20260622,14.15,5.8157,1.2,1703.482,1531.3246,7.543,2.6542,938231.7395,748377.369,
002527.SZ,20260618,14.65,6.3368,1.27,1763.6757,1585.435,7.8095,2.748,971384.8045,774821.799,
002527.SZ,20260617,13.83,3.2915,0.58,1664.9581,1496.6939,7.3724,2.5942,917013.7779,731452.9338,
002527.SZ,20260616,14.19,5.1236,0.76,1708.2975,1535.6534,7.5643,2.6617,940883.9847,750492.9234,
002527.SZ,20260615,13.89,3.6969,0.45,1672.1813,1503.1872,7.4044,2.6055,920992.1457,734626.2654,
002527.SZ,20260612,13.57,5.8432,0.67,1633.6573,1468.5565,7.2338,2.5454,899774.1841,717701.8302,
002527.SZ,20260611,13.93,7.0045,0.8,1676.9968,1507.516,7.4257,2.613,923644.3784,736741.8658,
002527.SZ,20260610,15.19,6.6705,0.77,1828.6849,1643.8742,8.0973,2.8493,1007190.101,803381.8335,
002527.SZ,20260609,16.16,10.4632,1.24,1945.4607,1748.8484,8.6144,3.0313,1071507.0463,854684.0309,
002527.SZ,20260608,16.29,11.4492,1.47,1961.1111,1762.9171,8.6837,3.0556,1080126.843,861559.5832,
002527.SZ,20260605,15.43,8.0301,1.01,1857.5779,1669.8472,8.2253,2.8943,1023103.572,816075.1607,
002527.SZ,20260604,14.89,6.9423,0.95,1792.5687,1611.408,7.9374,2.793,987298.2623,787515.1745,
002527.SZ,20260603,14.66,6.3682,0.94,1764.8796,1586.5172,7.8148,2.7499,972047.8526,775350.736,
002527.SZ,20260602,14.64,9.2823,1.55,1762.4718,1584.3528,7.8042,2.7461,970721.73,774292.9587,
002527.SZ,20260601,15.46,8.2979,1.6,1861.1895,1673.0938,8.2413,2.9,1025092.7559,817661.8266,
002527.SZ,20260529,14.05,8.7664,2.15,1691.4433,1520.5025,7.4896,2.6355,931601.1139,743088.5294,
002527.SZ,20260528,13.2,3.6362,0.83,1589.114,1428.5148,7.0365,2.476,875240.9041,698132.9956,
002527.SZ,20260527,13.61,3.9464,0.91,1638.4728,1472.8853,7.2551,2.5529,902426.4171,719817.4295,
002527.SZ,20260526,14.4,5.3759,1.25,1733.5789,1558.3798,7.6762,2.7011,954808.259,761599.6315,
002527.SZ,20260525,14.26,4.278,1.02,1716.7246,1543.2289,7.6016,2.6749,945525.401,754195.1907,
002527.SZ,20260522,14.0,3.1573,0.68,1685.4239,1515.0915,7.463,2.6261,928285.8074,740444.0862,
002527.SZ,20260521,14.04,5.254,1.32,1690.2394,1519.4203,7.4843,2.6336,930938.0526,742559.6407,
002527.SZ,20260520,13.8,3.6536,1.03,1661.3464,1493.4473,7.3564,2.5886,915024.5816,729866.3135,
002527.SZ,20260519,14.29,5.1238,1.74,1720.3363,1546.4755,7.6176,2.6805,947514.5848,755781.8566,
002527.SZ,20260518,13.9,3.8557,1.41,1673.3852,1504.2694,7.4097,2.6073,921655.1945,735155.1999,
002527.SZ,20260515,13.73,5.2082,2.18,1652.9193,1485.8718,7.3191,2.5754,910383.1525,726164.0931,
002527.SZ,20260514,13.11,2.0059,0.81,1578.2791,1418.7749,6.9886,2.4591,869273.3525,693372.9979,
002527.SZ,20260513,13.49,1.6109,0.64,1624.0263,1459.8988,7.1911,2.5304,894469.6816,713470.7659,
002527.SZ,20260512,13.49,2.0131,0.84,1624.0263,1459.8988,7.1911,2.5304,894469.6816,713470.7659,
002527.SZ,20260511,13.71,2.8338,1.32,1650.5115,1483.7074,7.3084,2.5717,909057.03,725106.3158,
002527.SZ,20260508,13.9,3.4761,1.8,1673.3852,1504.2694,7.4097,2.6073,921655.1945,735155.1999,
002527.SZ,20260507,13.52,2.4487,1.35,1627.6379,1463.1455,7.2071,2.5361,896458.8654,715057.4318,
002527.SZ,20260506,13.17,1.8752,1.06,1585.5023,1425.2682,7.0205,2.4704,873251.7202,696546.3297,
002527.SZ,20260430,12.92,1.3956,0.69,1555.4055,1398.213,6.8873,2.4235,856675.188,683324.1138,
002527.SZ,20260429,12.7,1.5299,0.76,1528.9203,1374.4044,6.77,2.3822,842087.8396,671688.5639,
002527.SZ,20260428,12.48,2.386,1.25,1502.435,1350.5958,6.6527,2.341,827500.4912,660053.014,
002527.SZ,20260427,13.1,1.8629,0.91,1577.0752,1577.0752,6.9354,2.4573,868610.2912,692844.1092,
002527.SZ,20260424,12.74,1.6894,0.77,1533.7357,1533.7357,6.7448,2.3897,844740.0847,673804.1184,
002527.SZ,20260423,12.97,2.6933,1.38,1561.4249,1561.4249,6.8666,2.4329,859990.4944,685968.557,
002527.SZ,20260422,13.39,1.3917,0.63,1611.9876,1611.9876,7.0889,2.5117,887839.0686,708181.8796,
002527.SZ,20260421,13.36,1.9112,0.93,1608.376,1608.376,7.073,2.506,885849.8848,706595.2137,
002527.SZ,20260420,13.66,2.5527,1.48,1644.4922,1644.4922,7.2319,2.5623,905741.7235,722461.8727,
002527.SZ,20260417,13.34,2.4859,1.66,1605.9682,1605.9682,7.0624,2.5023,884523.7622,705537.4364,
002527.SZ,20260416,13.46,1.3965,0.98,1620.4147,1620.4147,7.126,2.5248,892480.4977,711884.1,
002527.SZ,20260415,13.34,2.7383,2.27,1605.9682,1605.9682,7.0624,2.5023,884523.7622,705537.4364,
002527.SZ,20260414,13.93,1.0949,0.96,,,7.3811,2.7511,923644.3784,737287.4969,
002527.SZ,20260413,13.79,0.9205,0.79,,,7.3069,2.7234,914361.5203,729877.5723,
002527.SZ,20260410,13.9,1.3395,1.19,,,7.3652,2.7451,921655.1945,735699.6559,
002527.SZ,20260409,13.59,1.0536,0.94,,,7.201,2.6839,901100.2945,719291.9658,
002527.SZ,20260408,13.82,1.6221,1.55,,,7.3228,2.7293,916350.7042,731465.4133,
002527.SZ,20260407,13.15,0.749,0.7,,,6.9678,2.597,871925.5977,696003.6313,
002527.SZ,20260403,13.06,1.0504,0.91,,,6.9201,2.5793,865958.046,691240.1084,
002527.SZ,20260402,13.24,1.1371,0.9,,,7.0155,2.6148,877893.1493,700767.1543,
002527.SZ,20260401,13.64,1.0536,0.82,,,7.2274,2.6938,904415.6009,721938.3674,
002527.SZ,20260331,13.41,1.2562,0.93,,,7.1056,2.6484,889165.1912,709764.9198,
002527.SZ,20260330,13.5,0.8785,0.53,,,7.1533,2.6661,895132.7429,714528.4428,
002527.SZ,20260327,13.57,1.4722,0.88,,,7.1904,2.68,899774.1719,718233.4051,
002527.SZ,20260326,13.51,1.6758,1.0,,,7.1586,2.6681,895795.8041,715057.7231,
002527.SZ,20260325,13.76,1.1549,0.7,,,7.291,2.7175,912372.3364,728289.7313,
002527.SZ,20260324,13.6,1.5582,0.96,,,7.2063,2.6859,901763.3558,719821.2461,
002527.SZ,20260323,13.36,2.4171,1.76,,,7.0791,2.6385,885849.8848,707118.5182,
002527.SZ,20260320,13.93,1.5643,1.2,,,7.3811,2.7511,923644.3784,737287.4969,
002527.SZ,20260319,14.34,1.6682,1.36,,,7.5984,2.832,950829.8913,758987.9904,
002527.SZ,20260318,14.77,1.0805,0.83,,,7.8262,2.917,979341.5268,781747.0445,
002527.SZ,20260317,14.58,1.3612,1.02,,,7.7255,2.8794,966743.3623,771690.7182,
002527.SZ,20260316,14.85,1.1874,0.8,,,7.8686,2.9328,984646.0171,785981.2871,
002527.SZ,20260313,14.83,1.1978,0.81,,,7.858,2.9288,983319.8946,784922.7264,
002527.SZ,20260312,14.92,1.2867,0.78,,,7.9057,2.9466,989287.4462,789686.2494,
002527.SZ,20260311,15.15,1.4799,0.82,,,8.0276,2.992,1004537.8559,801859.6969,
002527.SZ,20260310,15.28,1.5204,0.7,,,8.0964,3.0177,1013157.6526,808740.3412,
002527.SZ,20260309,14.98,1.9268,0.8,,,7.9375,2.9584,993265.8139,792861.9313,
002527.SZ,20260306,15.14,1.2044,0.45,,,8.0223,2.99,1003874.7946,801330.4166,
002527.SZ,20260305,14.98,2.0936,0.74,,,7.9375,2.9584,993265.8139,792861.9313,
002527.SZ,20260304,14.66,2.25,0.82,,,7.7679,2.8952,972047.8526,775924.9608,
002527.SZ,20260303,14.69,3.4471,1.27,,,7.7838,2.9012,974037.0365,777512.8018,
002527.SZ,20260302,15.51,3.0749,1.19,,,8.2183,3.0631,1028408.0623,820913.7887,
002527.SZ,20260227,16.18,2.4727,1.01,,,8.5733,3.1954,1072833.1688,856375.5707,
002527.SZ,20260226,16.39,2.9738,1.34,,,8.6846,3.2369,1086757.4559,867490.4576,
002527.SZ,20260225,16.38,1.767,0.74,,,8.6793,3.2349,1086094.3947,866961.1773,
002527.SZ,20260224,16.35,3.3152,1.47,,,8.6634,3.229,1084105.2108,865373.3363,
002527.SZ,20260213,16.67,2.4431,0.93,,,8.833,3.2922,1105323.1721,882310.3068,
002527.SZ,20260212,16.55,1.7913,0.66,,,8.7694,3.2685,1097366.4366,875958.9428,
002527.SZ,20260211,16.52,1.8172,0.63,,,8.7535,3.2626,1095377.2527,874371.1019,
002527.SZ,20260210,16.71,2.5982,0.83,,,8.8542,3.3001,1107975.4173,884427.4281,
002527.SZ,20260209,16.66,2.5974,0.79,,,8.8277,3.2902,1104660.1108,881781.0264,
002527.SZ,20260206,16.62,4.3925,1.4,,,8.8065,3.2823,1102007.8656,879663.9051,
002527.SZ,20260205,16.07,2.2663,0.65,,,8.515,3.1737,1065539.4946,850553.4871,
002527.SZ,20260204,16.26,2.4599,0.65,,,8.6157,3.2112,1078137.6592,860609.8133,
002527.SZ,20260203,16.59,3.8783,0.97,,,8.7906,3.2764,1100018.6818,878076.0642,
002527.SZ,20260202,15.91,3.4829,0.74,,,8.4303,3.1421,1054930.514,842085.0018,
002527.SZ,20260130,16.08,3.5868,0.67,,,8.5203,3.1757,1066202.5559,851082.7674,
002527.SZ,20260129,16.1,4.0662,0.7,,,8.5309,3.1796,1067528.6785,852141.3281,
002527.SZ,20260128,16.55,3.9382,0.55,,,8.7694,3.2685,1097366.4366,875958.9428,
002527.SZ,20260127,17.08,4.9208,0.51,,,9.0502,3.3732,1132508.685,904010.8002,
002527.SZ,20260126,17.3,6.9405,0.74,,,9.1668,3.4166,1147096.0334,915654.9674,
002527.SZ,20260123,18.06,6.7546,0.73,,,9.5695,3.5667,1197488.6915,955880.2724,
002527.SZ,20260122,17.63,6.5918,0.77,,,9.3416,3.4818,1168977.056,933121.2183,
002527.SZ,20260121,17.53,10.5559,1.4,,,9.2886,3.462,1162346.4431,927828.415,
002527.SZ,20260120,17.73,17.6681,3.33,,,9.3946,3.5015,1175607.6689,938414.0215,
002527.SZ,20260119,16.82,5.0765,0.9,,,8.9124,3.3218,1115269.0915,890249.5117,
002527.SZ,20260116,16.93,6.3089,1.12,,,8.9707,3.3435,1122562.7657,896071.5953,0.0
002527.SZ,20260115,16.41,3.2784,0.49,,,8.6952,3.2409,1088083.5785,868549.0182,0.0
002527.SZ,20260114,16.45,5.4937,0.79,,,8.7164,3.2488,1090735.8237,870666.1396,0.0
002527.SZ,20260113,16.64,6.3722,0.86,,,8.8171,3.2863,1103333.9882,880722.4658,0.0
002527.SZ,20260112,17.1,6.7426,0.8,,,9.0608,3.3771,1133834.8076,905069.3609,0.0
002527.SZ,20260109,16.72,6.2605,0.56,,,8.8594,3.3021,1108638.4786,884956.7084,0.0
002527.SZ,20260108,16.85,8.9237,0.83,,,8.9283,3.3277,1117258.2753,891837.3527,0.0
002527.SZ,20260107,16.42,6.3889,0.6,,,8.7005,3.2428,1088746.6398,869078.2986,0.0
002527.SZ,20260106,16.67,8.6867,0.87,,,8.833,3.2922,1105323.1721,882310.3068,0.0
002527.SZ,20260105,16.96,11.951,1.41,,,8.9866,3.3495,1124551.9495,897659.4363,0.0
002527.SZ,20251231,17.74,20.2665,4.29,,,9.3999,3.5035,1176270.7302,938943.3019,0.0
002527.SZ,20251230,17.15,6.7465,1.83,,,9.0873,3.387,1137150.1141,907715.7625,0.0
002527.SZ,20251229,15.59,5.5006,1.9,,,8.2607,3.0789,1033712.5527,825148.0314,0.0
002527.SZ,20251226,15.34,5.6414,2.72,,,8.1282,3.0295,1017136.0204,811916.0232,0.0
002527.SZ,20251225,15.18,4.2209,2.85,,,8.0434,2.9979,1006527.0397,803447.5379,0.0
002527.SZ,20251224,14.95,1.4872,0.98,,,7.9216,2.9525,991276.63,791274.0904,0.0
002527.SZ,20251223,14.92,1.5913,1.03,,,7.9057,2.9466,989287.4462,789686.2494,0.0
002527.SZ,20251222,15.34,1.5012,0.88,,,8.1282,3.0295,1017136.0204,811916.0232,0.0
002527.SZ,20251219,15.07,1.5535,0.9,,,7.9852,2.9762,999233.3655,797625.4543,0.0
002527.SZ,20251218,14.75,1.2591,0.71,,,7.8156,2.913,978015.4042,780688.4838,0.0
002527.SZ,20251217,14.95,1.7126,0.97,,,7.9216,2.9525,991276.63,791274.0904,0.0
002527.SZ,20251216,14.64,1.7298,0.96,,,7.7573,2.8913,970721.73,774866.4002,0.0
002527.SZ,20251215,14.95,2.3175,1.28,,,7.9216,2.9525,991276.63,791274.0904,0.0
002527.SZ,20251212,15.4,1.5667,0.75,,,8.16,3.0414,1021114.3881,815091.7051,0.0
002527.SZ,20251211,15.47,1.5967,0.7,,,8.1971,3.0552,1025755.8172,818796.6674,0.0
002527.SZ,20251210,15.87,1.6057,0.71,,,8.4091,3.1342,1052278.2688,839967.8805,0.0
002527.SZ,20251209,15.9,1.8953,0.79,,,8.425,3.1401,1054267.4527,841555.7215,0.0
002527.SZ,20251208,16.24,2.361,1.05,,,8.6051,3.2073,1076811.5366,859551.2527,0.0
002527.SZ,20251205,16.34,3.0229,1.57,,,8.6581,3.227,1083442.1495,864844.056,0.0
002527.SZ,20251204,15.58,2.4667,1.46,,,8.2554,3.0769,1033049.4914,824618.751,0.0
002527.SZ,20251203,15.48,1.5122,0.84,,,8.2024,3.0572,1026418.8785,819325.9477,0.0
002527.SZ,20251202,15.63,2.6638,1.74,,,8.2819,3.0868,1036364.7978,827265.1527,0.0
002527.SZ,20251201,16.2,1.5479,0.98,,,8.5839,3.1994,1074159.2914,857434.1314,0.0
002527.SZ,20251128,16.04,1.4622,0.86,,,8.4991,3.1678,1063550.3108,848965.6461,0.0
002527.SZ,20251127,16.0,1.2799,0.77,,,8.4779,3.1599,1060898.0656,846848.5248,0.0
002527.SZ,20251126,16.25,2.0004,1.29,,,8.6104,3.2093,1077474.5979,860080.533,0.0
002527.SZ,20251125,16.15,1.3501,0.89,,,8.5574,3.1895,1070843.985,854787.7297,0.0
002527.SZ,20251124,15.97,1.8062,1.31,,,8.462,3.154,1058908.8817,845260.6838,0.0
002527.SZ,20251121,15.96,2.0799,1.63,,,8.4567,3.152,1058245.8204,844731.4035,0.0
002527.SZ,20251120,16.35,1.0782,0.8,,,8.6634,3.229,1084105.2108,865373.3363,0.0
002527.SZ,20251119,16.56,1.4283,0.97,,,8.7747,3.2705,1098029.4979,876488.2232,0.0
002527.SZ,20251118,16.81,1.1765,0.68,,,8.9071,3.3199,1114606.0302,889720.2314,0.0
002527.SZ,20251117,17.01,1.1438,0.59,,,9.0131,3.3593,1127867.256,900305.8379,0.0
002527.SZ,20251114,17.08,1.5347,0.7,,,9.0502,3.3732,1132508.685,904010.8002,0.0
002527.SZ,20251113,17.09,1.4405,0.63,,,9.0555,3.3751,1133171.7463,904540.0806,0.0
002527.SZ,20251112,16.98,2.0966,0.93,,,8.9972,3.3534,1125878.0721,898717.9969,0.0
002527.SZ,20251111,17.62,2.4526,1.04,,,9.3363,3.4798,1168313.9947,932591.9379,0.0
002527.SZ,20251110,17.23,2.2154,0.9,,,9.1297,3.4028,1142454.6044,911950.0051,0.0
002527.SZ,20251107,17.38,2.7072,1.1,,,9.2092,3.4324,1152400.5238,919889.2101,0.0
002527.SZ,20251106,17.94,2.0004,0.79,,,9.5059,3.543,1189531.9561,949528.9084,0.0
002527.SZ,20251105,17.62,1.9486,0.76,,,9.3363,3.4798,1168313.9947,932591.9379,0.0
002527.SZ,20251104,17.8,2.898,1.15,,,9.4317,3.5154,1180249.098,942118.9838,0.0
002527.SZ,20251103,18.24,2.8009,1.05,,,9.6649,3.6023,1209423.7948,965407.3183,0.0
002527.SZ,20251031,18.05,2.6107,0.88,,,9.5642,3.5647,1196825.6303,955350.992,0.0
002527.SZ,20251030,17.72,2.3434,0.7,,,9.3893,3.4996,1174944.6077,937884.7412,0.0
002527.SZ,20251029,18.1,2.2243,0.65,,,9.5907,3.5746,1200140.9367,957997.3937,0.0
002527.SZ,20251028,17.96,2.6534,0.75,,,9.5199,3.547,1190858.0786,950587.4691,0.0
002527.SZ,20251027,18.18,3.472,0.89,,,9.6365,3.5904,1205445.427,962231.6363,0.0
002527.SZ,20251024,18.33,4.1005,1.06,,,9.716,3.62,1215391.3464,970170.8412,0.0
002527.SZ,20251023,17.9,4.2378,1.17,,,9.4881,3.5351,1186879.7109,947411.7871,0.0
002527.SZ,20251022,17.7,2.5944,0.67,,,9.382,3.4956,1173618.4851,936826.1806,0.0
002527.SZ,20251021,17.87,3.2479,0.76,,,9.4722,3.5292,1184890.527,945823.9461,0.0
002527.SZ,20251020,17.77,5.2595,1.17,,,9.4192,3.5094,1178259.9141,940531.1429,0.0
002527.SZ,20251017,17.13,4.0309,0.83,,,9.0799,3.383,1135823.9915,906657.2019,0.0
002527.SZ,20251016,17.59,2.9271,0.52,,,9.3237,3.4739,1166324.8109,931004.097,0.0
002527.SZ,20251015,18.08,3.7968,0.58,,,9.5835,3.5707,1198814.8141,956938.833,0.0
002527.SZ,20251014,17.68,5.2578,0.83,,,9.3714,3.4917,1172292.3625,935767.6199,0.0
002527.SZ,20251013,18.63,6.3837,1.04,,,9.875,3.6793,1235283.1851,986049.2511,0.0
002527.SZ,20251010,18.91,5.8263,0.88,,,10.0234,3.7346,1253848.9013,1000869.1002,0.0
002527.SZ,20251009,19.86,7.0818,1.15,,,10.527,3.9222,1316839.7239,1051150.7314,0.0
002527.SZ,20250930,20.48,8.1142,1.38,,,10.8556,4.0446,1357949.524,1083966.1117,0.0
002527.SZ,20250929,19.52,4.3611,0.7,,,10.3468,3.8551,1294295.64,1033155.2003,0.0
002527.SZ,20250926,19.74,5.4234,0.87,,,10.4634,3.8985,1308882.9884,1044799.3675,0.0
002527.SZ,20250925,20.33,8.2117,1.31,,,10.7761,4.015,1348003.6046,1076026.9068,0.0
002527.SZ,20250924,19.73,4.7791,0.65,,,10.4581,3.8965,1308219.9271,1044270.0871,0.0
002527.SZ,20250923,19.58,6.6473,0.8,,,10.3786,3.8669,1298274.0078,1036330.8822,0.0
002527.SZ,20250922,19.89,5.8907,0.65,,,10.5429,3.9281,1318828.9078,1052738.5724,0.0
002527.SZ,20250919,19.88,5.5068,0.49,,,10.5376,3.9262,1318165.8465,1052209.2921,0.0
002527.SZ,20250918,20.39,8.6198,0.76,,,10.8079,4.0269,1351981.9723,1079202.5888,0.0
002527.SZ,20250917,20.9,9.9405,0.92,,,11.0782,4.1276,1385798.0982,1106195.8855,0.0
002527.SZ,20250916,21.03,11.3371,1.1,,,11.1471,4.1533,1394417.895,1113076.5298,0.0
002527.SZ,20250915,20.23,9.8926,1.06,,,10.7231,3.9953,1341372.9917,1070734.1035,0.0
002527.SZ,20250912,20.14,16.5665,2.45,,,10.6754,3.9775,1335405.4401,1065970.5806,0.0
002527.SZ,20250911,19.72,8.8624,1.52,,,10.4528,3.8946,1307556.8659,1043740.8068,0.0
002527.SZ,20250910,17.93,7.329,1.38,,,9.504,3.541,1188868.8948,948999.6281,0.0
002527.SZ,20250909,17.6,8.8416,1.73,,,9.329,3.4759,1166987.8722,931533.3773,0.0
002527.SZ,20250908,16.93,4.9503,0.99,,,8.9739,3.3435,1122562.7657,896071.5953,0.0
002527.SZ,20250905,16.35,3.7682,0.77,,,8.6665,3.229,1084105.2108,865373.3363,0.0
002527.SZ,20250904,15.72,4.2243,0.83,,,8.3325,3.1046,1042332.3495,832028.6756,0.0
002527.SZ,20250903,16.26,4.7161,0.94,,,8.6188,3.2112,1078137.6592,860609.8133,0.0
002527.SZ,20250902,16.68,7.8775,1.91,,,8.8414,3.2942,1105986.2334,882839.5871,0.0
002527.SZ,20250901,16.52,4.4109,0.96,,,8.7566,3.2626,1095377.2527,874371.1019,0.0
002527.SZ,20250829,16.57,3.222,0.68,,,8.8696,3.2725,1098692.5592,876673.6826,0.0
002527.SZ,20250828,16.68,5.2182,1.1,,,8.9285,3.2942,1105986.2334,882493.4838,0.0
002527.SZ,20250827,16.78,4.3892,0.95,,,8.982,3.3139,1112616.8463,887784.2121,0.0
002527.SZ,20250826,17.46,3.3386,0.61,,,9.346,3.4482,1157705.0141,923761.1647,0.0
002527.SZ,20250825,17.73,6.7814,1.4,,,9.4905,3.5015,1175607.6689,938046.1311,0.0
002527.SZ,20250822,17.18,4.0231,0.88,,,9.1961,3.3929,1139139.2979,908947.1254,0.0
002527.SZ,20250821,16.88,5.1334,1.2,,,9.0355,3.3337,1119247.4592,893074.9404,0.0
002527.SZ,20250820,17.65,3.9407,0.91,,,9.4477,3.4857,1170303.1786,933813.5485,0.0
002527.SZ,20250819,17.7,7.4049,2.21,,,9.4745,3.4956,1173618.4851,936458.9126,0.0
002527.SZ,20250818,17.22,3.7195,1.16,,,9.2175,3.4008,1141791.5431,911063.4167,0.0
002527.SZ,20250815,17.18,2.7415,0.84,,,9.1961,3.3929,1139139.2979,908947.1254,0.0
002527.SZ,20250814,16.94,3.4998,0.98,,,9.0677,3.3455,1123225.827,896249.3774,0.0
002527.SZ,20250813,17.37,4.2186,0.99,,,9.2978,3.4304,1151737.4625,918999.5092,0.0
002527.SZ,20250812,16.85,2.5913,0.55,,,9.0195,3.3277,1117258.2753,891487.7219,0.0
002527.SZ,20250811,17.0,2.9773,0.62,,,9.0998,3.3574,1127204.1947,899423.8144,0.0
002527.SZ,20250808,16.92,3.0497,0.61,,,9.0569,3.3416,1121899.7044,895191.2317,0.0
002527.SZ,20250807,17.21,5.1083,1.12,,,9.2122,3.3988,1141128.4818,910534.3439,0.0
002527.SZ,20250806,17.83,7.5275,2.07,,,9.5441,3.5213,1182238.2819,943336.8595,0.0
002527.SZ,20250805,17.29,4.7068,1.42,,,9.255,3.4146,1146432.9721,914766.9265,0.0
002527.SZ,20250804,17.09,3.7848,1.08,,,9.1479,3.3751,1133171.7463,904185.4699,0.0
002527.SZ,20250801,16.55,3.8686,0.85,,,8.8589,3.2685,1097366.4366,875615.537,0.0
002527.SZ,20250731,16.67,2.9461,0.65,,,8.9231,3.2922,1105323.1721,881964.4109,0.0
002527.SZ,20250730,16.74,2.9167,0.64,,,8.9606,3.306,1109964.6011,885667.9208,0.0
002527.SZ,20250729,16.88,3.0043,0.62,,,9.0355,3.3337,1119247.4592,893074.9404,0.0
002527.SZ,20250728,17.2,4.7876,0.91,,,9.2068,3.3969,1140465.4205,910005.271,0.0
002527.SZ,20250725,17.38,9.0114,1.95,,,9.3032,3.4324,1152400.5238,919528.582,0.0
002527.SZ,20250724,16.18,2.9237,0.57,,,8.6608,3.1954,1072833.1688,856039.8422,0.0
002527.SZ,20250723,15.96,3.0907,0.5,,,8.5431,3.152,1058245.8204,844400.2399,0.0
002527.SZ,20250722,16.22,4.3636,0.59,,,8.6823,3.2033,1075485.414,858156.1335,0.0
002527.SZ,20250721,16.47,7.0418,0.85,,,8.8161,3.2527,1092061.9463,871382.9543,0.0
002527.SZ,20250718,15.81,5.7009,0.74,,,8.4628,3.1224,1048299.9011,836464.1474,0.0
002527.SZ,20250717,16.12,5.6067,0.79,,,8.6287,3.1836,1068854.8011,852865.4052,0.0
002527.SZ,20250716,16.25,8.4789,1.4,,,8.6983,3.2093,1077474.5979,859743.352,0.0
002527.SZ,20250715,15.78,10.4599,2.36,,,8.4467,3.1164,1046310.7172,834876.9289,0.0
002527.SZ,20250714,15.79,11.1922,4.38,,,8.4521,3.1184,1046973.7785,835406.0017,0.0
002527.SZ,20250711,14.35,2.9024,1.21,,,7.6813,2.834,951492.9526,759219.5139,0.0
002527.SZ,20250710,14.14,2.2592,0.95,,,7.5689,2.7925,937568.6655,748108.9844,0.0
002527.SZ,20250709,14.17,3.4925,1.42,,,7.5849,2.7985,939557.8493,749696.2029,0.0
002527.SZ,20250708,14.12,2.2851,0.94,,,7.5582,2.7886,936242.5429,747050.8388,0.0
002527.SZ,20250707,13.89,1.8433,0.73,,,7.435,2.7432,920992.1332,734882.1636,0.0
002527.SZ,20250704,14.02,2.1324,0.78,,,7.5046,2.7688,929611.93,741760.1105,0.0
002527.SZ,20250703,14.2,2.1433,0.63,,,7.601,2.8044,941547.0332,751283.4214,0.0
002527.SZ,20250702,14.37,3.9014,1.11,,,7.692,2.838,952819.0752,760277.6596,0.0
002527.SZ,20250701,14.41,2.0922,0.51,,,7.7134,2.8459,955471.3203,762393.9509,0.0
002527.SZ,20250630,14.59,2.3527,0.53,,,7.8097,2.8814,967406.4236,771917.2619,0.0
002527.SZ,20250627,14.46,3.1718,0.64,,,7.7402,2.8557,958786.6268,765039.3151,0.0
002527.SZ,20250626,14.59,5.4325,1.26,,,7.8097,2.8814,967406.4236,771917.2619,0.0
002527.SZ,20250625,15.06,4.513,1.18,,,8.0613,2.9742,998570.3042,796783.685,0.0
002527.SZ,20250624,15.02,5.1229,1.6,,,8.0399,2.9663,995918.0591,794667.3937,0.0
002527.SZ,20250623,14.48,3.8186,1.36,,,7.7509,2.8597,960112.7494,766097.4607,0.0
002527.SZ,20250620,14.16,5.85,2.7,,,7.5796,2.7965,938894.7881,749167.1301,0.0
002527.SZ,20250619,13.93,2.2352,1.02,,,7.4565,2.7511,923644.3784,736998.455,0.0
002527.SZ,20250618,14.19,2.1396,1.03,,,7.5956,2.8024,940883.9719,750754.3486,0.0
002527.SZ,20250617,14.12,1.9179,0.91,,,7.5582,2.7886,936242.5429,747050.8388,0.0
002527.SZ,20250616,14.25,1.9313,0.92,,,7.6277,2.8143,944862.3397,753928.7856,0.0
002527.SZ,20250613,14.34,2.598,1.33,,,7.6759,2.832,950829.8913,758690.4411,0.0
002527.SZ,20250612,14.58,2.4026,1.26,,,7.8044,2.8794,966743.3623,771388.1891,0.0
002527.SZ,20250611,14.75,1.5221,0.78,,,7.8954,2.913,978015.4042,780382.4272,0.0
002527.SZ,20250610,14.7,2.0647,1.04,,,7.8686,2.9031,974700.0978,777737.063,0.0
002527.SZ,20250609,14.8,1.8897,0.91,,,7.9222,2.9229,981330.7107,783027.7914,0.0
002527.SZ,20250606,14.76,1.9173,0.84,,,7.9007,2.915,978678.4655,780911.5,0.0
002527.SZ,20250605,14.87,2.1143,0.93,,,7.9596,2.9367,985972.1397,786731.3012,0.0
002527.SZ,20250604,14.75,1.7459,0.69,,,7.8954,2.913,978015.4042,780382.4272,0.0
002527.SZ,20250603,14.82,2.2737,0.84,,,7.9329,2.9268,982656.8333,784085.937,0.0
002527.SZ,20250530,14.66,2.2949,0.7,,,7.8472,2.8952,972047.8526,775620.7717,0.0
002527.SZ,20250529,14.91,2.9951,0.88,,,7.981,2.9446,988624.3849,788847.5925,0.0
002527.SZ,20250528,14.99,2.0812,0.56,,,8.0239,2.9604,993928.8752,793080.1752,0.0
002527.SZ,20250527,15.15,3.0186,0.8,,,8.1095,2.992,1004537.8559,801545.3405,0.0
002527.SZ,20250526,15.44,3.2234,0.8,,,8.2647,3.0493,1023766.6333,816888.4526,0.0
002527.SZ,20250523,15.35,4.9873,1.27,,,8.2166,3.0315,1017799.0817,812126.7971,0.0
002527.SZ,20250522,15.4,3.6629,0.87,,,8.2433,3.0414,1021114.3881,814772.1613,0.0
002527.SZ,20250521,15.41,3.8504,0.84,,,8.2487,3.0434,1021777.4494,815301.2341,0.0
002527.SZ,20250520,15.5,3.1359,0.59,,,8.2969,3.0611,1027745.0011,820062.8896,0.0
002527.SZ,20250519,15.64,4.3938,0.7,,,8.3718,3.0888,1037027.8591,827469.9092,0.0
002527.SZ,20250516,16.07,4.5752,0.6,,,8.602,3.1737,1065539.4946,850220.041,0.0
002527.SZ,20250515,15.91,5.0773,0.52,,,8.5163,3.1421,1054930.514,841754.8757,0.0
002527.SZ,20250514,16.23,5.8326,0.49,,,8.6876,3.2053,1076148.4753,858685.2063,0.0
002527.SZ,20250513,16.4,6.5309,0.52,,,8.7786,3.2389,1087420.5172,867679.4445,0.0
002527.SZ,20250512,16.45,9.4033,0.76,,,8.8054,3.2488,1090735.8237,870324.8086,0.0
002527.SZ,20250509,15.9,11.2325,0.93,,,8.511,3.1401,1054267.4527,841225.8029,0.0
002527.SZ,20250508,16.52,15.7961,1.52,,,8.8428,3.2626,1095377.2527,874028.3185,0.0
002527.SZ,20250507,16.5,15.9825,2.1,,,8.8321,3.2586,1094051.1302,872970.1728,0.0
002527.SZ,20250506,15.28,10.39,1.67,,,8.1791,3.0177,1013157.6526,808423.2873,0.0
002527.SZ,20250430,14.43,8.4713,1.55,,,7.7241,2.8498,956797.4429,763452.0966,0.0
002527.SZ,20250429,13.95,9.8866,2.41,,,7.4672,2.755,924970.5009,738056.6006,0.0
002527.SZ,20250428,12.99,7.2577,2.01,,,6.9533,2.5654,861316.617,687265.6088,0.0
002527.SZ,20250425,12.71,2.0701,0.58,,,5.6398,2.4879,842750.9009,672588.4562,0.0
002527.SZ,20250424,12.73,3.452,1.05,,,5.6486,2.4918,844077.0234,673646.8172,0.0
002527.SZ,20250423,12.96,4.7085,1.57,,,5.7507,2.5368,859327.4331,685817.9695,0.0
002527.SZ,20250422,12.71,3.0492,1.04,,,5.6398,2.4879,842750.9009,672588.4562,0.0
002527.SZ,20250421,12.91,4.7779,1.8,,,5.7285,2.527,856012.1267,683172.0668,0.0
002527.SZ,20250418,12.36,1.7702,0.58,,,5.4845,2.4194,819543.7557,654067.1376,0.0
002527.SZ,20250417,12.25,2.1156,0.58,,,5.4356,2.3978,812250.0815,648246.1517,0.0
002527.SZ,20250416,12.29,3.2416,0.77,,,5.4534,2.4056,814902.3266,650362.8738,0.0
002527.SZ,20250415,12.63,2.7177,0.52,,,5.6043,2.4722,837446.4105,668355.0119,0.0
002527.SZ,20250414,12.63,3.4536,0.62,,,5.6043,2.4722,837446.4105,668355.0119,0.0
002527.SZ,20250411,12.44,3.8057,0.67,,,5.52,2.435,824848.246,658300.5818,0.0
002527.SZ,20250410,12.21,4.9909,0.9,,,5.4179,2.39,809597.8363,646129.4296,0.0
002527.SZ,20250409,11.95,5.9697,1.18,,,5.3025,2.3391,792358.2427,632370.7357,0.0
002527.SZ,20250408,11.74,7.8712,1.67,,,5.2093,2.298,778433.9556,621257.9446,0.0
002527.SZ,20250407,12.3,5.0427,1.05,,,5.4578,2.4076,815565.3879,650892.0544,0.0
002527.SZ,20250403,13.67,4.534,0.73,,,6.0657,2.6758,906404.7848,723389.7872,0.0
002527.SZ,20250402,13.84,4.4137,0.49,,,6.1412,2.709,917676.8267,732385.8563,0.0
002527.SZ,20250401,14.0,3.5122,0.36,,,6.2122,2.7404,928285.8074,740852.7448,0.0
002527.SZ,20250331,14.05,6.0915,0.61,,,6.2344,2.7502,931601.1139,743498.6475,0.0
002527.SZ,20250328,14.1,5.4312,0.51,,,6.2565,2.7599,934916.4203,746144.5501,0.0
002527.SZ,20250327,14.42,11.6104,1.08,,,6.3985,2.8226,956134.3816,763078.3271,0.0
002527.SZ,20250326,15.08,18.7306,1.78,,,6.6914,2.9518,999896.4268,798004.2423,0.0
002527.SZ,20250325,14.17,7.2662,0.7,,,6.2876,2.7736,939557.8493,749848.8138,0.0
002527.SZ,20250324,13.96,6.6266,0.66,,,6.1944,2.7325,925633.5622,738736.0227,0.0
002527.SZ,20250321,14.33,8.5316,0.88,,,6.3586,2.805,950166.83,758315.7024,0.0
002527.SZ,20250320,15.07,12.6461,1.34,,,6.687,2.9498,999233.3655,797475.0617,0.0
002527.SZ,20250319,15.24,17.4743,2.36,,,6.7624,2.9831,1010505.4075,806471.1308,0.0
002527.SZ,20250318,14.66,6.4731,0.84,,,6.505,2.8696,972047.8526,775778.6599,0.0
002527.SZ,20250317,14.55,5.34,0.65,,,6.4562,2.848,964754.1784,769957.6741,0.0
002527.SZ,20250314,14.48,6.5107,0.73,,,6.4252,2.8343,960112.7494,766253.4103,0.0
002527.SZ,20250313,14.38,11.5247,1.23,,,6.3808,2.8147,953482.1365,760961.605,0.0
002527.SZ,20250312,15.46,7.2075,0.71,,,6.86,3.0261,1025092.7559,818113.1025,0.0
002527.SZ,20250311,15.5,7.7952,0.68,,,6.8778,3.034,1027745.0011,820229.8246,0.0
002527.SZ,20250310,15.77,7.837,0.58,,,6.9976,3.0868,1045647.6559,834517.699,0.0
002527.SZ,20250307,15.79,10.4613,0.61,,,7.0064,3.0907,1046973.7785,835576.06,0.0
002527.SZ,20250306,15.74,13.3808,0.65,,,6.9843,3.081,1043658.472,832930.1574,0.0
002527.SZ,20250305,15.63,11.6092,0.46,,,6.9354,3.0594,1036364.7978,827109.1715,0.0
002527.SZ,20250304,15.49,13.8553,0.46,,,6.8733,3.032,1027081.9398,819700.6441,0.0
002527.SZ,20250303,15.52,18.277,0.67,,,6.8866,3.0379,1029071.1236,821288.1857,0.0
002527.SZ,20250228,17.24,27.942,1.28,,,7.6498,3.3746,1143117.6657,912307.2372,0.0
002527.SZ,20250227,18.9,31.1219,1.98,,,8.3864,3.6995,1253185.84,1000151.2055,0.0
002527.SZ,20250226,17.76,33.8253,3.72,,,7.8806,3.4763,1177596.8528,939824.6248,0.0
002527.SZ,20250225,18.31,41.0472,41.52,,,8.1246,3.584,1214065.2238,968929.5541,0.0
002527.SZ,20250224,18.0,1.5737,1.92,,,7.9871,3.5233,1193510.3238,952524.9576,0.0
002527.SZ,20250221,16.36,1.5789,0.76,,,7.2594,3.2023,1084768.2721,865739.3504,0.0
002527.SZ,20250220,14.87,0.7322,0.21,,,6.5982,2.9107,985972.1397,786891.4511,0.0
002527.SZ,20250219,13.52,0.5618,0.13,,,5.9992,2.6464,896458.8654,715452.0793,0.0
002527.SZ,20250218,12.29,0.4968,0.09,,,5.4534,2.4056,814902.3266,650362.8738,0.0
002527.SZ,20250217,11.17,0.722,0.11,,,4.9564,2.1864,740639.462,591094.6542,0.0
002527.SZ,20250207,10.15,7.9038,1.18,,,4.5038,1.9868,673007.2104,537118.24,0.0
002527.SZ,20250206,10.17,7.5474,1.11,,,4.5127,1.9907,674333.3329,538176.601,0.0
002527.SZ,20250205,9.73,5.3587,0.77,,,4.3175,1.9046,645158.6361,514892.6576,0.0
002527.SZ,20250127,9.36,5.5106,0.77,,,4.1533,1.8321,620625.3684,495312.978,0.0
002527.SZ,20250124,9.85,6.6771,1.0,,,4.3707,1.928,653115.3716,521242.824,0.0
002527.SZ,20250123,9.73,8.4636,1.4,,,4.3175,1.9046,645158.6361,514892.6576,0.0
002527.SZ,20250122,9.53,8.0212,1.39,,,4.2287,1.8654,631897.4103,504309.047,0.0
002527.SZ,20250121,9.64,6.0324,0.97,,,4.2775,1.8869,639191.0845,510130.0328,0.0
002527.SZ,20250120,9.5,6.3661,1.07,,,4.2154,1.8595,629908.2265,502721.5054,0.0
002527.SZ,20250117,9.34,4.6072,0.72,,,4.1444,1.8282,619299.2458,494254.6169,0.0
002527.SZ,20250116,9.33,5.21,0.78,,,4.14,1.8263,618636.1845,493725.4364,0.0
002527.SZ,20250115,9.46,6.633,1.03,,,4.1976,1.8517,627255.9813,500604.7833,0.0
002527.SZ,20250114,9.45,8.2767,1.48,,,4.1932,1.8497,626592.92,500075.6027,0.0
002527.SZ,20250113,8.72,4.9461,0.94,,,3.8693,1.7069,578189.4458,461445.4239,0.0
002527.SZ,20250110,8.67,6.9791,1.45,,,3.8471,1.6971,574874.1393,458799.5212,0.0
002527.SZ,20250109,8.84,6.4408,1.48,,,3.9225,1.7303,586146.1812,467795.5903,0.0
603728.SH,20260702,63.37,3.7802,1.32,434.246,391.7682,8.9269,9.6107,2654458.4025,2654458.4025,0.0379
603728.SH,20260701,63.14,3.6068,1.35,432.6699,390.3463,8.8945,9.5758,2644824.105,2644824.105,0.038
603728.SH,20260630,60.92,2.9598,1.15,417.4572,376.6217,8.5818,9.2391,2551832.19,2551832.19,0.0394
603728.SH,20260629,55.38,2.392,0.87,379.4941,342.3722,7.8014,8.3989,2319771.285,2319771.285,0.0433
603728.SH,20260626,55.84,2.4341,0.85,382.6463,345.216,7.8662,8.4687,2339039.88,2339039.88,0.043
603728.SH,20260625,58.83,2.9716,1.15,403.1354,363.7009,8.2874,8.9222,2464285.7475,2464285.7475,0.0408
603728.SH,20260624,59.69,2.5861,1.05,409.0286,369.0176,8.4085,9.0526,2500309.6425,2500309.6425,0.0402
603728.SH,20260623,59.42,2.5377,1.06,407.1784,367.3484,8.3705,9.0117,2488999.815,2488999.815,0.0404
603728.SH,20260622,60.3,3.208,1.35,413.2087,372.7888,8.4944,9.1451,2525861.475,2525861.475,0.0398
603728.SH,20260618,63.86,3.0464,1.35,437.6037,394.7975,8.9959,9.685,2674983.645,2674983.645,0.0376
603728.SH,20260617,61.33,1.5415,0.62,420.2668,379.1565,8.6395,9.3013,2569006.3725,2569006.3725,0.0391
603728.SH,20260616,62.2,2.0375,0.74,426.2285,384.535,8.7621,9.4333,2605449.15,2605449.15,0.0386
603728.SH,20260615,62.27,2.117,0.66,426.7082,384.9678,8.772,9.4439,2608381.3275,2608381.3275,0.0385
603728.SH,20260612,60.7,3.1315,0.89,415.9497,375.2616,8.5508,9.2058,2542616.775,2542616.775,0.0395
603728.SH,20260611,61.22,2.4272,0.68,419.513,378.4764,8.624,9.2846,2564398.665,2564398.665,0.0392
603728.SH,20260610,62.69,2.7868,0.79,429.5863,387.5643,8.8311,9.5076,2625974.3925,2625974.3925,0.0383
603728.SH,20260609,66.12,3.2859,0.94,453.0905,408.7694,9.3143,10.0278,2769651.09,2769651.09,0.0363
603728.SH,20260608,67.45,4.4826,1.46,462.2044,416.9917,9.5017,10.2295,2825362.4625,2825362.4625,0.0356
603728.SH,20260605,65.82,4.5673,1.7,451.0347,406.9147,9.272,9.9823,2757084.615,2757084.615,0.0365
603728.SH,20260604,63.52,2.712,0.99,435.2739,392.6956,8.948,9.6335,2660741.64,2660741.64,0.0378
603728.SH,20260603,62.28,2.6529,0.93,426.7767,385.0296,8.7734,9.4454,2608800.21,2608800.21,0.0385
603728.SH,20260602,62.51,3.1139,1.01,428.3528,386.4515,8.8058,9.4803,2618434.5075,2618434.5075,0.0384
603728.SH,20260601,59.77,2.3088,0.72,409.5768,369.5122,8.4198,9.0647,2503660.7025,2503660.7025,0.0402
603728.SH,20260529,61.32,2.6175,0.79,420.1983,379.0946,8.6381,9.2998,2568587.49,2568587.49,0.0391
603728.SH,20260528,64.74,3.0188,0.86,443.634,400.2379,9.1199,9.8185,2711845.305,2711845.305,0.0371
603728.SH,20260527,66.55,3.2483,0.97,456.0371,411.4277,9.3749,10.093,2787663.0375,2787663.0375,0.0361
603728.SH,20260526,70.0,4.2427,1.32,479.6784,432.7564,9.8609,10.6162,2932177.5,2932177.5,0.0343
603728.SH,20260525,68.99,2.906,0.84,472.7573,426.5124,9.7186,10.463,2889870.3675,2889870.3675,0.0348
603728.SH,20260522,68.19,3.087,0.84,467.2753,421.5666,9.6059,10.3417,2856359.7675,2856359.7675,0.0352
603728.SH,20260521,67.4,4.1636,1.31,461.8618,416.6826,9.4946,10.2219,2823268.05,2823268.05,0.0356
603728.SH,20260520,66.47,2.4208,0.8,455.4889,410.9331,9.3636,10.0809,2784311.9775,2784311.9775,0.0361
603728.SH,20260519,67.71,3.5308,1.32,463.986,418.5991,9.5383,10.2689,2836253.4075,2836253.4075,0.0354
603728.SH,20260518,67.15,4.1131,1.72,460.1486,415.1371,9.4594,10.184,2812795.9875,2812795.9875,0.0357
603728.SH,20260515,64.99,4.154,1.87,445.3471,401.7834,9.1551,9.8564,2722317.3675,2722317.3675,0.0369
603728.SH,20260514,61.74,1.6638,0.74,423.0763,381.6912,8.6973,9.3635,2586180.555,2586180.555,0.0389
603728.SH,20260513,63.45,1.5879,0.7,434.7942,392.2628,8.9382,9.6228,2657809.4625,2657809.4625,0.0378
603728.SH,20260512,63.43,1.8547,0.85,434.6571,392.1392,8.9354,9.6198,2656971.6975,2656971.6975,0.0378
603728.SH,20260511,63.91,2.6872,1.43,437.9464,395.1066,9.003,9.6926,2677078.0575,2677078.0575,0.0376
603728.SH,20260508,63.48,3.3397,2.31,434.9998,392.4483,8.9424,9.6274,2659066.11,2659066.11,0.0378
603728.SH,20260507,61.34,1.7097,1.26,420.3353,379.2183,8.6409,9.3028,2569425.255,2569425.255,0.0391
603728.SH,20260506,60.03,1.6827,1.38,411.3585,371.1196,8.4564,9.1042,2514551.6475,2514551.6475,0.04
603728.SH,20260430,59.35,1.4645,1.24,406.6987,366.9156,8.3606,9.001,2486067.6375,2486067.6375,0.0404
603728.SH,20260429,58.45,1.1678,1.03,400.5314,361.3516,8.2338,8.8645,2448368.2125,2448368.2125,0.0411
603728.SH,20260428,56.95,1.19,1.08,390.2526,352.0783,8.0225,8.6371,2385535.8375,2385535.8375,0.0421
603728.SH,20260427,57.72,1.2848,1.2,395.5291,395.5291,8.1222,8.7538,2417789.79,2417789.79,0.0416
603728.SH,20260424,57.07,0.9828,0.91,306.8484,297.0602,8.0641,9.895,2390562.4275,2390562.4275,0.0421
603728.SH,20260423,57.48,1.2929,1.24,309.0528,299.1943,8.122,9.9661,2407736.61,2407736.61,0.0418
603728.SH,20260422,58.97,0.9155,0.84,317.0641,306.9501,8.3326,10.2244,2470150.1025,2470150.1025,0.0407
603728.SH,20260421,58.59,1.0122,0.93,315.021,304.9721,8.2789,10.1586,2454232.5675,2454232.5675,0.041
603728.SH,20260420,59.18,1.168,1.17,318.1932,308.0431,8.3623,10.2609,2478946.635,2478946.635,0.0406
603728.SH,20260417,59.66,1.0269,1.02,320.774,310.5416,8.4301,10.3441,2499052.995,2499052.995,0.0402
603728.SH,20260416,59.3,1.0701,1.14,318.8384,308.6678,8.3792,10.2817,2483973.225,2483973.225,0.0405
603728.SH,20260415,58.57,1.1712,1.15,314.9134,304.868,8.2761,10.1551,2453394.8025,2453394.8025,0.041
603728.SH,20260414,58.87,1.0038,1.08,316.5264,306.4295,8.3185,10.2071,2465961.2775,2465961.2775,0.0408
603728.SH,20260413,58.01,0.7116,0.79,311.9025,301.9531,8.1969,10.058,2429937.3825,2429937.3825,0.0414
603728.SH,20260410,58.54,1.0534,1.25,314.7521,304.7118,8.2718,10.1499,2452138.155,2452138.155,0.041
603728.SH,20260409,57.31,0.7592,0.87,308.1388,298.3094,8.098,9.9366,2400615.6075,2400615.6075,0.0419
603728.SH,20260408,58.57,1.5464,2.11,314.9134,304.868,8.2761,10.1551,2453394.8025,2453394.8025,0.041
603728.SH,20260407,55.07,0.5645,0.74,296.095,286.6498,7.7815,9.5483,2306785.9275,2306785.9275,0.0436
603728.SH,20260403,55.62,0.5768,0.65,299.0522,289.5127,7.8592,9.6436,2329824.465,2329824.465,0.0431
603728.SH,20260402,56.52,0.778,0.8,303.8912,294.1973,7.9864,9.7997,2367523.89,2367523.89,0.0425
603728.SH,20260401,58.25,0.9167,0.88,313.1929,303.2023,8.2308,10.0996,2439990.5625,2439990.5625,0.0412
603728.SH,20260331,56.98,0.8313,0.67,306.3645,296.5917,8.0514,9.8794,2386792.485,2386792.485,0.0421
603728.SH,20260330,57.66,0.7156,0.46,310.0206,300.1313,8.1475,9.9973,2415276.495,2415276.495,0.0416
603728.SH,20260327,57.78,1.1682,0.78,310.6658,300.7559,8.1644,10.0181,2420303.085,2420303.085,0.0415
603728.SH,20260326,57.18,1.229,0.86,307.4398,297.6328,8.0797,9.9141,2395170.135,2395170.135,0.042
603728.SH,20260325,57.38,1.2925,0.95,308.5151,298.6738,8.1079,9.9488,2403547.785,2403547.785,0.0418
603728.SH,20260324,56.7,1.7814,1.43,304.859,295.1343,8.0118,9.8309,2375063.775,2375063.775,0.0423
603728.SH,20260323,57.54,2.3314,2.48,309.3754,299.5066,8.1305,9.9765,2410249.905,2410249.905,0.0417
603728.SH,20260320,57.18,0.8891,0.98,307.4398,297.6328,8.0797,9.9141,2395170.135,2395170.135,0.042
603728.SH,20260319,58.18,0.8821,0.97,312.8165,302.838,8.221,10.0875,2437058.385,2437058.385,0.0413
603728.SH,20260318,59.75,0.926,1.0,321.2579,311.0101,8.4428,10.3597,2502822.9375,2502822.9375,0.0402
603728.SH,20260317,59.12,1.2091,1.25,317.8706,307.7308,8.3538,10.2505,2476433.34,2476433.34,0.0406
603728.SH,20260316,60.96,0.793,0.73,327.7637,317.3084,8.6138,10.5695,2553507.72,2553507.72,0.0394
603728.SH,20260313,61.52,0.7133,0.66,330.7747,320.2233,8.6929,10.6666,2576965.14,2576965.14,0.039
603728.SH,20260312,62.57,0.8882,0.79,336.4202,325.6887,8.8413,10.8486,2620947.8025,2620947.8025,0.0384
603728.SH,20260311,63.12,1.0374,0.9,339.3774,328.5516,8.919,10.944,2643986.34,2643986.34,0.038
603728.SH,20260310,63.98,1.3864,1.12,344.0014,333.0281,9.0405,11.0931,2680010.235,2680010.235,0.0375
603728.SH,20260309,62.3,1.4006,1.09,334.9685,324.2833,8.8031,10.8018,2609637.975,2609637.975,0.0385
603728.SH,20260306,62.74,0.6843,0.5,337.3343,326.5736,8.8653,10.8781,2628068.805,2628068.805,0.0383
603728.SH,20260305,62.47,1.0819,0.74,335.8826,325.1682,8.8271,10.8313,2616758.9775,2616758.9775,0.0384
603728.SH,20260304,62.04,1.2073,0.79,333.5706,322.93,8.7664,10.7567,2598747.03,2598747.03,0.0387
603728.SH,20260303,62.61,1.8042,1.09,336.6353,325.8969,8.8469,10.8556,2622623.3325,2622623.3325,0.0383
603728.SH,20260302,66.55,1.6548,1.02,357.8195,346.4054,9.4037,11.5387,2787663.0375,2787663.0375,0.0361
603728.SH,20260227,69.13,1.156,0.72,371.6914,359.8348,9.7682,11.986,2895734.7225,2895734.7225,0.0347
603728.SH,20260226,69.3,1.5109,1.01,372.6054,360.7197,9.7922,12.0155,2902855.725,2902855.725,0.0346
603728.SH,20260225,70.47,1.4781,1.0,378.8962,366.8097,9.9576,12.2184,2951864.9775,2951864.9775,0.0341
603728.SH,20260224,71.97,2.4869,2.01,386.9612,374.6175,10.1695,12.4784,3014697.3525,3014697.3525,0.0333
603728.SH,20260213,72.46,1.4843,1.08,389.5958,377.1681,10.2388,12.5634,3035222.595,3035222.595,0.0331
603728.SH,20260212,71.69,1.0839,0.76,385.4558,373.1601,10.13,12.4299,3002968.6425,3002968.6425,0.0335
603728.SH,20260211,70.39,0.9639,0.66,378.466,366.3933,9.9463,12.2045,2948513.9175,2948513.9175,0.0341
603728.SH,20260210,71.92,1.3508,0.93,386.6924,374.3573,10.1624,12.4698,3012602.94,3012602.94,0.0334
603728.SH,20260209,71.17,1.2996,0.86,382.6599,370.4534,10.0565,12.3397,2981186.7525,2981186.7525,0.0337
603728.SH,20260206,70.14,2.1523,1.5,377.1219,365.092,9.9109,12.1611,2938041.855,2938041.855,0.0342
603728.SH,20260205,67.64,1.3615,0.89,363.6801,352.0791,9.5577,11.7277,2833321.23,2833321.23,0.0355
603728.SH,20260204,70.49,1.1082,0.67,379.0037,366.9138,9.9604,12.2218,2952702.7425,2952702.7425,0.034
603728.SH,20260203,70.39,1.3431,0.72,378.466,366.3933,9.9463,12.2045,2948513.9175,2948513.9175,0.0341
603728.SH,20260202,68.36,1.6174,0.76,367.5513,355.8268,9.6594,11.8525,2863480.77,2863480.77,0.0351
603728.SH,20260130,69.72,1.7327,0.75,374.8636,362.9058,9.8516,12.0883,2920448.79,2920448.79,0.0344
603728.SH,20260129,70.08,1.89,0.76,376.7993,364.7797,9.9025,12.1507,2935528.56,2935528.56,0.0342
603728.SH,20260128,71.37,1.7236,0.63,383.7352,371.4944,10.0847,12.3744,2989564.4025,2989564.4025,0.0336
603728.SH,20260127,73.56,2.3946,0.81,395.5102,382.8938,10.3942,12.7541,3081299.67,3081299.67,0.0326
603728.SH,20260126,72.94,2.841,0.91,392.1766,379.6666,10.3066,12.6466,3055328.955,3055328.955,0.0329
603728.SH,20260123,75.51,2.7772,0.86,405.9948,393.0439,10.6697,13.0922,3162981.7575,3162981.7575,0.0318
603728.SH,20260122,74.61,2.6311,0.86,401.1557,388.3592,10.5426,12.9362,3125282.3325,3125282.3325,0.0322
603728.SH,20260121,76.31,2.9565,0.95,410.2961,397.2081,10.7828,13.2309,3196492.3575,3196492.3575,0.0315
603728.SH,20260120,74.98,3.6059,1.17,403.1451,390.2851,10.5948,13.0003,3140780.985,3140780.985,0.032
603728.SH,20260119,75.26,3.7135,1.27,404.6506,391.7426,10.6344,13.0489,3152509.695,3152509.695,0.0319
603728.SH,20260116,73.65,3.2319,1.14,395.9941,383.3622,10.4069,12.7697,3085069.6125,3085069.6125,0.0326
603728.SH,20260115,71.19,1.7895,0.62,382.7674,370.5575,10.0593,12.3432,2982024.5175,2982024.5175,0.0337
603728.SH,20260114,71.87,3.2884,1.19,386.4236,374.097,10.1554,12.4611,3010508.5275,3010508.5275,0.0334
603728.SH,20260113,72.97,3.3451,1.29,392.3379,379.8227,10.3108,12.6518,3056585.6025,3056585.6025,0.0329
603728.SH,20260112,73.9,2.9633,1.17,397.3383,384.6635,10.4422,12.8131,3095541.675,3095541.675,0.0325
603728.SH,20260109,73.26,2.7968,1.06,393.8972,381.3322,10.3518,12.7021,3068733.195,3068733.195,0.0328
603728.SH,20260108,71.98,2.0107,0.62,387.015,374.6696,10.1709,12.4802,3015116.235,3015116.235,0.0333
603728.SH,20260107,72.33,2.7335,0.85,388.8968,376.4914,10.2204,12.5409,3029777.1225,3029777.1225,0.0332
603728.SH,20260106,72.66,2.4936,0.81,390.6712,378.2091,10.267,12.5981,3043600.245,3043600.245,0.033
603728.SH,20260105,71.64,2.584,0.87,385.1869,372.8998,10.1229,12.4212,3000874.23,3000874.23,0.0335
603728.SH,20251231,72.35,3.3848,1.36,389.0044,376.5955,10.2232,12.5443,3030614.8875,3030614.8875,0.0554
603728.SH,20251230,72.98,5.1343,3.09,392.3917,379.8748,10.3122,12.6536,3057004.485,3057004.485,0.055
603728.SH,20251229,67.43,2.414,1.57,362.551,350.986,9.528,11.6913,2824524.6975,2824524.6975,0.0595
603728.SH,20251226,66.28,1.8467,1.38,356.3678,345.0,9.3655,11.4919,2776353.21,2776353.21,0.0605
603728.SH,20251225,66.68,2.142,1.91,358.5185,347.0821,9.422,11.5612,2793108.51,2793108.51,0.0602
603728.SH,20251224,63.8,0.9343,0.77,343.0336,332.0911,9.0151,11.0619,2672470.35,2672470.35,0.0629
603728.SH,20251223,63.75,0.9826,0.78,342.7647,331.8309,9.008,11.0532,2670375.9375,2670375.9375,0.0629
603728.SH,20251222,64.41,1.8068,1.52,346.3134,335.2663,9.1013,11.1677,2698022.1825,2698022.1825,0.0623
603728.SH,20251219,62.12,0.8472,0.65,334.0007,323.3464,8.7777,10.7706,2602098.09,2602098.09,0.0646
603728.SH,20251218,61.78,1.033,0.78,332.1726,321.5766,8.7296,10.7117,2587856.085,2587856.085,0.0649
603728.SH,20251217,62.61,1.3725,1.08,336.6353,325.8969,8.8469,10.8556,2622623.3325,2622623.3325,0.0641
603728.SH,20251216,61.82,1.2782,0.94,332.3877,321.7848,8.7353,10.7186,2589531.615,2589531.615,0.0649
603728.SH,20251215,64.35,1.4259,0.96,345.9908,334.954,9.0928,11.1573,2695508.8875,2695508.8875,0.0623
603728.SH,20251212,67.0,1.38,0.84,360.239,348.7477,9.4672,11.6167,2806512.75,2806512.75,0.0599
603728.SH,20251211,66.84,1.1639,0.61,359.3787,347.9149,9.4446,11.589,2799810.63,2799810.63,0.06
603728.SH,20251210,68.5,1.0952,0.59,368.3041,356.5555,9.6792,11.8768,2869345.125,2869345.125,0.0586
603728.SH,20251209,68.43,1.7508,1.02,367.9277,356.1912,9.6693,11.8647,2866412.9475,2866412.9475,0.0586
603728.SH,20251208,69.51,2.0175,1.26,373.7345,361.8128,9.8219,12.0519,2911652.2575,2911652.2575,0.0577
603728.SH,20251205,68.65,2.1603,1.57,369.1106,357.3363,9.7004,11.9028,2875628.3625,2875628.3625,0.0584
603728.SH,20251204,67.35,2.5723,2.45,362.1209,350.5695,9.5167,11.6774,2821173.6375,2821173.6375,0.0596
603728.SH,20251203,64.51,0.7137,0.62,346.851,335.7868,9.1154,11.185,2702211.0075,2702211.0075,0.0622
603728.SH,20251202,65.44,1.1157,0.93,351.8514,340.6276,9.2468,11.3462,2741167.08,2741167.08,0.0613
603728.SH,20251201,67.62,1.4367,1.27,363.5726,351.975,9.5549,11.7242,2832483.465,2832483.465,0.0593
603728.SH,20251128,66.29,1.0427,0.81,356.4216,345.052,9.3669,11.4936,2776772.0925,2776772.0925,0.0605
603728.SH,20251127,65.65,0.9464,0.74,352.9805,341.7207,9.2765,11.3827,2749963.6125,2749963.6125,0.0611
603728.SH,20251126,66.29,1.256,1.06,356.4216,345.052,9.3669,11.4936,2776772.0925,2776772.0925,0.0605
603728.SH,20251125,65.63,1.3051,1.16,352.8729,341.6166,9.2737,11.3792,2749125.8475,2749125.8475,0.0611
603728.SH,20251124,66.04,1.1232,0.99,355.0774,343.7508,9.3316,11.4503,2766300.03,2766300.03,0.0607
603728.SH,20251121,64.64,1.8187,1.71,347.55,336.4635,9.1338,11.2075,2707656.48,2707656.48,0.0621
603728.SH,20251120,63.73,0.9307,0.88,342.6572,331.7268,9.0052,11.0498,2669538.1725,2669538.1725,0.0629
603728.SH,20251119,65.2,0.727,0.63,350.561,339.3784,9.2129,11.3046,2731113.9,2731113.9,0.0615
603728.SH,20251118,66.54,1.0166,0.88,357.7657,346.3533,9.4022,11.537,2787244.155,2787244.155,0.0603
603728.SH,20251117,66.83,1.1608,0.96,359.325,347.8629,9.4432,11.5872,2799391.7475,2799391.7475,0.06
603728.SH,20251114,66.32,1.4729,1.21,356.5829,345.2082,9.3712,11.4988,2778028.74,2778028.74,0.0605
603728.SH,20251113,66.0,0.8992,0.58,354.8623,343.5425,9.3259,11.4433,2764624.5,2764624.5,0.0608
603728.SH,20251112,65.42,1.2083,0.78,351.7438,340.5235,9.244,11.3428,2740329.315,2740329.315,0.0613
603728.SH,20251111,67.51,1.0602,0.63,362.9811,351.4024,9.5393,11.7051,2827875.7575,2827875.7575,0.0594
603728.SH,20251110,68.14,1.4068,0.78,366.3685,354.6816,9.6283,11.8144,2854265.355,2854265.355,0.0589
603728.SH,20251107,70.16,1.4909,0.72,377.2294,365.1961,9.9138,12.1646,2938879.62,2938879.62,0.0572
603728.SH,20251106,71.52,2.5794,1.25,384.5417,372.2752,10.1059,12.4004,2995847.64,2995847.64,0.0561
603728.SH,20251105,68.16,1.1947,0.53,366.476,354.7858,9.6312,11.8178,2855103.12,2855103.12,0.0589
603728.SH,20251104,69.36,1.7292,0.72,372.928,361.032,9.8007,12.0259,2905369.02,2905369.02,0.0578
603728.SH,20251103,71.75,1.995,0.8,385.7784,373.4724,10.1384,12.4403,3005481.9375,3005481.9375,0.0559
603728.SH,20251031,73.35,2.8952,1.24,394.3811,381.8007,10.3645,12.7177,3072503.1375,3072503.1375,0.0547
603728.SH,20251030,71.59,2.4765,1.17,384.9181,372.6396,10.1158,12.4126,2998779.8175,2998779.8175,0.056
603728.SH,20251029,72.22,2.1107,1.02,388.3054,375.9188,10.2048,12.5218,3025169.415,3025169.415,0.0555
603728.SH,20251028,71.98,2.5768,1.29,387.015,465.0597,10.2316,12.4802,3015116.235,3015116.235,0.0557
603728.SH,20251027,71.4,2.4313,1.16,383.8965,461.3124,10.1491,12.3796,2990821.05,2990821.05,0.0562
603728.SH,20251024,70.72,2.0967,1.02,380.2403,456.9189,10.0524,12.2617,2962337.04,2962337.04,0.0567
603728.SH,20251023,69.36,1.3333,0.63,372.928,448.132,9.8591,12.0259,2905369.02,2905369.02,0.0578
603728.SH,20251022,70.08,1.9098,0.8,376.7993,452.7839,9.9615,12.1507,2935528.56,2935528.56,0.0572
603728.SH,20251021,69.67,2.1826,0.8,374.5948,450.1349,9.9032,12.0797,2918354.3775,2918354.3775,0.0576
603728.SH,20251020,69.81,2.9859,1.02,375.3476,451.0394,9.9231,12.1039,2924218.7325,2924218.7325,0.0575
603728.SH,20251017,67.04,1.8503,0.53,360.4541,433.1426,9.5294,11.6237,2808188.28,2808188.28,0.0598
603728.SH,20251016,70.08,1.7075,0.43,376.7993,452.7839,9.9615,12.1507,2935528.56,2935528.56,0.0572
603728.SH,20251015,71.25,3.2759,0.74,383.09,460.3432,10.1278,12.3536,2984537.8125,2984537.8125,0.0563
603728.SH,20251014,68.12,3.8541,0.85,366.2609,440.1204,9.6829,11.8109,2853427.59,2853427.59,0.0589
603728.SH,20251013,73.53,4.0172,0.86,395.3489,475.0742,10.4519,12.7489,3080043.0225,3080043.0225,0.0546
603728.SH,20251010,78.52,4.721,0.87,422.1786,507.3144,11.1612,13.6141,3289065.39,3289065.39,0.0511
603728.SH,20251009,82.28,3.9181,0.66,442.395,531.6076,11.6956,14.266,3446565.21,3446565.21,0.0488
603728.SH,20250930,84.64,5.4908,1.0,455.084,546.8554,12.0311,14.6752,3545421.48,3545421.48,0.0474
603728.SH,20250929,81.8,4.6349,0.9,439.8142,528.5063,11.6274,14.1828,3426458.85,3426458.85,0.049
603728.SH,20250926,79.49,4.6602,0.9,427.394,513.5815,11.2991,13.7823,3329696.9925,3329696.9925,0.0505
603728.SH,20250925,83.67,8.286,1.67,449.8686,540.5883,11.8932,14.507,3504789.8775,3504789.8775,0.0479
603728.SH,20250924,80.31,6.709,1.35,431.8029,518.8795,11.4156,13.9245,3364045.3575,3364045.3575,0.0499
603728.SH,20250923,73.01,3.0803,0.55,392.553,471.7145,10.378,12.6588,3058261.1325,3058261.1325,0.0549
603728.SH,20250922,73.49,2.8892,0.48,395.1338,474.8158,10.4462,12.742,3078367.4925,3078367.4925,0.0546
603728.SH,20250919,72.37,4.8256,0.77,389.1119,467.5795,10.287,12.5478,3031452.6525,3031452.6525,0.0554
603728.SH,20250918,77.06,7.3556,1.2,414.3286,497.8814,10.9536,13.361,3227908.545,3227908.545,0.0521
603728.SH,20250917,78.14,6.6667,1.14,420.1355,504.8592,11.1072,13.5482,3273147.855,3273147.855,0.0513
603728.SH,20250916,78.15,6.0878,0.96,420.1892,504.9238,11.1086,13.55,3273566.7375,3273566.7375,0.0513
603728.SH,20250915,73.69,5.3028,0.83,396.2092,476.108,10.4746,12.7767,3086745.1425,3086745.1425,0.0544
603728.SH,20250912,71.9,5.8349,1.03,386.5849,464.5428,10.2202,12.4663,3011765.175,3011765.175,0.0558
603728.SH,20250911,72.26,6.7886,1.39,388.5205,466.8688,10.2714,12.5287,3026844.945,3026844.945,0.0555
603728.SH,20250910,68.89,5.239,1.16,370.401,445.0954,9.7923,11.9444,2885681.5425,2885681.5425,0.0582
603728.SH,20250909,68.33,8.516,2.14,367.39,441.4772,9.7127,11.8473,2862224.1225,2862224.1225,0.0587
603728.SH,20250908,68.85,5.3987,1.57,370.1859,444.8369,9.7866,11.9375,2884006.0125,2884006.0125,0.0583
603728.SH,20250905,62.59,2.2772,0.66,336.5278,404.3913,8.8968,10.8521,2621785.5675,2621785.5675,0.0641
603728.SH,20250904,60.58,2.9112,0.85,325.7206,391.4048,8.6111,10.5036,2537590.185,2537590.185,0.0662
603728.SH,20250903,63.72,3.4357,1.02,342.6034,411.6922,9.0574,11.048,2669119.29,2669119.29,0.063
603728.SH,20250902,65.74,5.8488,2.12,353.4644,424.7433,9.3446,11.3983,2753733.555,2753733.555,0.061
603728.SH,20250901,63.39,2.6949,0.94,340.8291,409.5601,9.0105,10.9908,2655296.1675,2655296.1675,0.0633
603728.SH,20250829,64.43,2.2504,0.75,346.4209,343.3281,9.2633,11.1711,2698859.9475,2698859.9475,0.0623
603728.SH,20250828,64.5,2.8718,0.96,346.7973,343.7011,9.2734,11.1833,2701792.125,2701792.125,0.0622
603728.SH,20250827,63.78,3.1915,1.06,342.926,339.8644,9.1699,11.0584,2671632.585,2671632.585,0.0629
603728.SH,20250826,65.2,2.7641,0.8,350.561,347.4312,9.3741,11.3046,2731113.9,2731113.9,0.0615
603728.SH,20250825,66.74,3.2348,0.92,358.8411,355.6374,9.5955,11.5716,2795621.805,2795621.805,0.0601
603728.SH,20250822,65.82,2.8692,0.78,353.8945,350.735,9.4632,11.4121,2757084.615,2757084.615,0.0609
603728.SH,20250821,64.97,2.8763,0.73,349.3243,346.2056,9.341,11.2648,2721479.6025,2721479.6025,0.0617
603728.SH,20250820,65.38,3.2487,0.88,351.5288,348.3903,9.3999,11.3358,2738653.785,2738653.785,0.0614
603728.SH,20250819,65.19,5.0961,1.59,350.5072,347.3779,9.3726,11.3029,2730695.0175,2730695.0175,0.0615
603728.SH,20250818,63.34,3.5331,1.23,340.5603,337.5198,9.1066,10.9821,2653201.755,2653201.755,0.0633
603728.SH,20250815,62.68,3.641,1.48,337.0117,334.0028,9.0117,10.8677,2625555.51,2625555.51,0.064
603728.SH,20250814,61.73,4.1772,2.01,331.9038,328.9406,8.8752,10.703,2585761.6725,2585761.6725,0.065
603728.SH,20250813,60.21,2.0707,0.84,323.7312,320.841,8.6566,10.4394,2522091.5325,2522091.5325,0.0666
603728.SH,20250812,59.61,2.6284,1.16,320.5052,317.6437,8.5704,10.3354,2496958.5825,2496958.5825,0.0673
603728.SH,20250811,60.45,1.8868,0.82,325.0216,322.1198,8.6911,10.4811,2532144.7125,2532144.7125,0.0664
603728.SH,20250808,60.4,1.5462,0.67,324.7528,321.8534,8.6839,10.4724,2530050.3,2530050.3,0.0664
603728.SH,20250807,61.98,2.2416,0.97,333.248,330.2728,8.9111,10.7463,2596233.735,2596233.735,0.0647
603728.SH,20250806,62.75,3.977,2.2,337.388,334.3759,9.0218,10.8798,2628487.6875,2628487.6875,0.0639
603728.SH,20250805,60.38,1.7008,0.91,324.6453,321.7468,8.6811,10.4689,2529212.535,2529212.535,0.0664
603728.SH,20250804,60.18,2.0447,1.16,323.5699,320.6811,8.6523,10.4342,2520834.885,2520834.885,0.0667
603728.SH,20250801,58.04,1.5372,0.86,312.0638,309.2777,8.3446,10.0632,2431194.03,2431194.03,0.0691
603728.SH,20250731,58.9,2.2547,1.31,316.6877,313.8604,8.4683,10.2123,2467217.925,2467217.925,0.0681
603728.SH,20250730,58.57,1.5059,0.79,314.9134,312.1019,8.4208,10.1551,2453394.8025,2453394.8025,0.0685
603728.SH,20250729,59.38,2.0388,0.99,319.2686,316.4181,8.5373,10.2955,2487324.285,2487324.285,0.0676
603728.SH,20250728,60.12,1.5115,0.57,323.2473,320.3614,8.6437,10.4238,2518321.59,2518321.59,0.0667
603728.SH,20250725,60.35,1.6479,0.62,324.484,321.587,8.6767,10.4637,2527955.8875,2527955.8875,0.0665
603728.SH,20250724,60.27,1.8783,0.67,324.0538,321.1607,8.6652,10.4498,2524604.8275,2524604.8275,0.0666
603728.SH,20250723,60.15,2.4061,0.8,323.4086,320.5212,8.648,10.429,2519578.2375,2519578.2375,0.0667
603728.SH,20250722,61.92,2.8658,1.02,332.9254,329.953,8.9025,10.7359,2593720.44,2593720.44,0.0648
603728.SH,20250721,62.99,4.4363,1.78,338.6784,335.6547,9.0563,10.9215,2638540.8675,2638540.8675,0.0637
603728.SH,20250718,59.03,1.7451,0.67,317.3867,314.5531,8.487,10.2349,2472663.3975,2472663.3975,0.068
603728.SH,20250717,58.86,2.6272,1.14,316.4727,313.6472,8.4625,10.2054,2465542.395,2465542.395,0.0681
603728.SH,20250716,58.89,3.4329,1.7,316.634,313.8071,8.4668,10.2106,2466799.0425,2466799.0425,0.0681
603728.SH,20250715,57.2,1.8681,0.99,307.5473,304.8016,8.2239,9.9176,2396007.9,2396007.9,0.0701
603728.SH,20250714,57.24,2.7757,1.81,307.7624,305.0147,8.2296,9.9245,2397683.43,2397683.43,0.0701
603728.SH,20250711,55.71,2.3368,1.67,299.5361,296.8618,8.0096,9.6592,2333594.4075,2333594.4075,0.072
603728.SH,20250710,54.04,1.0855,0.77,290.557,287.9629,7.7695,9.3697,2263641.03,2263641.03,0.0742
603728.SH,20250709,54.44,2.043,1.6,292.7076,290.0944,7.827,9.439,2280396.33,2280396.33,0.0737
603728.SH,20250708,54.75,1.1888,0.92,294.3744,291.7463,7.8716,9.4928,2293381.6875,2293381.6875,0.0733
603728.SH,20250707,53.94,1.0299,0.77,290.0193,287.43,7.7552,9.3523,2259452.205,2259452.205,0.0744
603728.SH,20250704,55.0,1.6305,1.28,295.7186,293.0784,7.9076,9.5361,2303853.75,2303853.75,0.0729
603728.SH,20250703,55.66,1.1892,0.84,299.2672,296.5954,8.0024,9.6505,2331499.995,2331499.995,0.0721
603728.SH,20250702,56.01,1.3636,0.84,301.1491,298.4604,8.0528,9.7112,2346160.8825,2346160.8825,0.0716
603728.SH,20250701,57.46,1.2827,0.63,308.9453,306.187,8.2612,9.9626,2406898.845,2406898.845,0.0698
603728.SH,20250630,57.47,1.2279,0.61,308.9991,306.2403,8.2627,9.9644,2407317.7275,2407317.7275,0.0698
603728.SH,20250627,57.12,1.292,0.61,307.1172,304.3753,8.2124,9.9037,2392656.84,2392656.84,0.0702
603728.SH,20250626,57.11,1.9479,0.83,307.0634,304.322,8.2109,9.902,2392237.9575,2392237.9575,0.0702
603728.SH,20250625,58.1,2.3406,1.08,312.3864,309.5974,8.3533,10.0736,2433707.325,2433707.325,0.069
603728.SH,20250624,57.49,3.3403,1.99,309.1066,306.3469,8.2656,9.9678,2408155.4925,2408155.4925,0.0698
603728.SH,20250623,54.24,1.1032,0.68,291.6323,289.0286,7.7983,9.4043,2272018.68,2272018.68,0.074
603728.SH,20250620,54.01,1.8596,1.22,290.3957,287.803,7.7652,9.3645,2262384.3825,2262384.3825,0.0743
603728.SH,20250619,56.29,3.0873,2.8,302.6545,299.9525,8.093,9.7598,2357889.5925,2357889.5925,0.0713
603728.SH,20250618,55.53,1.4645,1.33,298.5682,295.9026,7.9838,9.628,2326054.5225,2326054.5225,0.0722
603728.SH,20250617,54.5,0.894,0.68,293.0302,290.4141,7.8087,9.4494,2282909.625,2282909.625,0.0736
603728.SH,20250616,54.7,0.8609,0.6,294.1056,291.4798,7.8374,9.4841,2291287.275,2291287.275,0.0733
603728.SH,20250613,54.36,1.3148,0.94,292.2775,289.6681,7.7887,9.4251,2277045.27,2277045.27,0.0738
603728.SH,20250612,55.84,0.9824,0.62,300.235,297.5545,8.0007,9.6818,2339039.88,2339039.88,0.0718
603728.SH,20250611,56.26,1.4713,0.89,302.4932,299.7926,8.0609,9.7546,2356632.945,2356632.945,0.0713
603728.SH,20250610,55.57,1.8995,1.3,298.7833,296.1158,7.962,9.6349,2327730.0525,2327730.0525,0.0722
603728.SH,20250609,56.92,1.4521,1.02,306.0419,303.3095,8.1555,9.869,2384279.19,2384279.19,0.0705
603728.SH,20250606,56.68,1.2182,0.83,304.7515,302.0307,8.1211,9.8274,2374226.01,2374226.01,0.0708
603728.SH,20250605,57.5,1.8777,1.43,309.1604,306.4002,8.2386,9.9696,2408574.375,2408574.375,0.0698
603728.SH,20250604,56.7,1.8329,1.55,304.859,302.1372,8.1239,9.8309,2375063.775,2375063.775,0.0707
603728.SH,20250603,55.56,0.9526,0.77,298.7296,296.0625,7.9606,9.6332,2327311.17,2327311.17,0.0722
603728.SH,20250530,55.48,1.2342,0.94,298.2994,295.6362,7.9491,9.6193,2323960.11,2323960.11,0.0723
603728.SH,20250529,57.15,1.458,1.12,307.2785,304.5351,8.1884,9.9089,2393913.4875,2393913.4875,0.0702
603728.SH,20250528,56.58,1.0965,0.75,304.2138,301.4978,8.1067,9.8101,2370037.185,2370037.185,0.0709
603728.SH,20250527,56.95,1.1778,0.79,306.2032,303.4694,8.1598,9.8742,2385535.8375,2385535.8375,0.0704
603728.SH,20250526,58.19,1.2542,0.8,312.8703,310.077,8.3374,10.0892,2437477.2675,2437477.2675,0.0689
603728.SH,20250523,58.46,1.5993,0.94,314.322,311.5157,8.3761,10.136,2448787.095,2448787.095,0.0686
603728.SH,20250522,59.2,1.3965,0.77,318.3007,315.459,8.4821,10.2643,2479784.4,2479784.4,0.0678
603728.SH,20250521,59.45,1.8555,1.03,319.6449,316.7911,8.518,10.3077,2490256.4625,2490256.4625,0.0675
603728.SH,20250520,60.85,1.3797,0.72,327.1723,324.2513,8.7186,10.5504,2548900.0125,2548900.0125,0.0659
603728.SH,20250519,60.89,1.6112,0.77,327.3874,324.4645,8.7243,10.5573,2550575.5425,2550575.5425,0.0659
603728.SH,20250516,61.99,2.2386,1.1,333.3017,330.326,8.8819,10.7481,2596652.6175,2596652.6175,0.0647
603728.SH,20250515,62.06,1.9263,0.93,333.6781,330.6991,8.8919,10.7602,2599584.795,2599584.795,0.0646
603728.SH,20250514,64.8,1.8323,0.79,348.4103,345.2997,9.2845,11.2353,2714358.6,2714358.6,0.0619
603728.SH,20250513,65.29,1.9725,0.74,351.0449,347.9107,9.3547,11.3202,2734883.8425,2734883.8425,0.0614
603728.SH,20250512,66.36,2.5598,0.94,356.7979,353.6125,9.508,11.5058,2779704.27,2779704.27,0.0604
603728.SH,20250509,64.16,1.9162,0.71,344.9692,341.8893,9.1928,11.1243,2687550.12,2687550.12,0.0625
603728.SH,20250508,66.09,2.0995,0.79,355.3462,352.1737,9.4693,11.4589,2768394.4425,2768394.4425,0.0607
603728.SH,20250507,65.72,3.0142,1.21,353.3568,350.2021,9.4163,11.3948,2752895.79,2752895.79,0.061
603728.SH,20250506,67.15,3.6496,1.52,361.0455,357.8221,9.6212,11.6427,2812795.9875,2812795.9875,0.0597
603728.SH,20250430,65.87,2.9302,1.01,354.1633,351.0014,9.4378,11.4208,2759179.0275,2759179.0275,0.0609
603728.SH,20250429,62.86,1.7943,0.51,337.9795,337.9795,9.0389,10.8989,2633095.395,2633095.395,0.0638
603728.SH,20250428,62.3,1.9542,0.49,334.9685,334.9685,8.9584,10.8018,2609637.975,2609637.975,0.0644
603728.SH,20250425,64.09,2.1323,0.57,191.1528,258.7183,9.357,10.5578,2684617.9425,2684617.9425,0.0626
603728.SH,20250424,64.61,3.1764,0.96,192.7038,260.8174,9.4329,10.6434,2706399.8325,2706399.8325,0.0621
603728.SH,20250423,66.44,5.5006,2.19,198.1619,268.2048,9.7001,10.9449,2783055.33,2783055.33,0.0604
603728.SH,20250422,62.12,4.8694,2.63,185.2772,250.7658,9.0694,10.2332,2602098.09,2602098.09,0.0646
603728.SH,20250421,61.47,4.2946,2.95,183.3385,248.1419,8.9745,10.1262,2574870.7275,2574870.7275,0.0653
603728.SH,20250418,56.58,0.7649,0.42,168.7537,228.4019,8.2606,9.3206,2370037.185,2370037.185,0.0709
603728.SH,20250417,57.0,1.0943,0.51,170.0064,230.0974,8.3219,9.3898,2387630.25,2387630.25,0.0704
603728.SH,20250416,57.38,1.5477,0.59,171.1398,231.6314,8.3774,9.4524,2403547.785,2403547.785,0.0699
603728.SH,20250415,58.76,1.5633,0.53,175.2557,237.2022,8.5788,9.6797,2461353.57,2461353.57,0.0683
603728.SH,20250414,59.27,2.3117,0.89,176.7769,239.2609,8.6533,9.7637,2482716.5775,2482716.5775,0.0677
603728.SH,20250411,59.19,2.5592,1.09,176.5382,238.938,8.6416,9.7506,2479365.5175,2479365.5175,0.0678
603728.SH,20250410,57.3,2.8094,1.35,170.9012,231.3084,8.3657,9.4392,2400196.725,2400196.725,0.07
603728.SH,20250409,55.03,3.977,2.56,164.1308,222.1449,8.0343,9.0653,2305110.3975,2305110.3975,0.0729
603728.SH,20250408,53.49,3.0676,2.05,159.5376,215.9282,7.8094,8.8116,2240602.4925,2240602.4925,0.075
603728.SH,20250407,59.43,0.6029,0.37,177.2541,239.9068,8.6767,9.7901,2489418.6975,2489418.6975,0.0675
603728.SH,20250403,66.03,1.26,0.71,196.939,266.5497,9.6403,10.8773,2765881.1475,2765881.1475,0.0607
603728.SH,20250402,68.01,1.5105,0.76,202.8445,274.5425,9.9293,11.2035,2848819.8825,2848819.8825,0.059
603728.SH,20250401,67.19,1.3386,0.62,200.3988,271.2324,9.8096,11.0684,2814471.5175,2814471.5175,0.0597
603728.SH,20250331,67.5,2.7533,1.42,201.3234,272.4838,9.8549,11.1195,2827456.875,2827456.875,0.0594
603728.SH,20250328,69.3,1.3141,0.61,206.692,279.75,10.1177,11.416,2902855.725,2902855.725,0.0579
603728.SH,20250327,70.81,1.974,0.85,211.1957,285.8456,10.3381,11.6648,2966106.9825,2966106.9825,0.0566
603728.SH,20250326,71.8,2.501,1.15,214.1484,289.842,10.4827,11.8279,3007576.35,3007576.35,0.0559
603728.SH,20250325,70.16,2.1849,1.06,209.257,283.2216,10.2432,11.5577,2938879.62,2938879.62,0.0572
603728.SH,20250324,71.45,1.7251,0.79,213.1045,288.4291,10.4316,11.7702,2992915.4625,2992915.4625,0.0561
603728.SH,20250321,71.23,2.3184,0.97,212.4484,287.541,10.3994,11.734,2983700.0475,2983700.0475,0.0563
603728.SH,20250320,75.08,2.9314,1.15,223.9313,303.0827,10.9615,12.3682,3144969.81,3144969.81,0.0534
603728.SH,20250319,74.96,1.7117,0.66,223.5734,302.5983,10.944,12.3484,3139943.22,3139943.22,0.0535
603728.SH,20250318,75.8,1.5919,0.52,226.0787,305.9892,11.0667,12.4868,3175129.35,3175129.35,0.0529
603728.SH,20250317,76.3,2.3594,0.74,227.57,308.0076,11.1397,12.5692,3196073.475,3196073.475,0.0526
603728.SH,20250314,75.72,3.3449,1.06,225.8401,305.6662,11.055,12.4736,3171778.29,3171778.29,0.053
603728.SH,20250313,72.13,3.7708,1.23,215.1327,291.1741,10.5308,11.8822,3021399.4725,3021399.4725,0.0556
603728.SH,20250312,76.96,1.9975,0.58,229.5385,310.6719,11.236,12.6779,3223719.72,3223719.72,0.0521
603728.SH,20250311,78.32,3.9592,1.17,233.5948,316.1619,11.4346,12.9019,3280687.74,3280687.74,0.0512
603728.SH,20250310,81.66,2.9137,0.82,243.5566,329.6448,11.9222,13.4521,3420594.495,3420594.495,0.0491
603728.SH,20250307,80.6,3.1484,0.88,240.395,325.3658,11.7674,13.2775,3376192.95,3376192.95,0.0498
603728.SH,20250306,80.2,3.3471,0.91,239.202,323.7511,11.709,13.2116,3359437.65,3359437.65,0.05
603728.SH,20250305,80.48,3.7826,0.94,240.0371,324.8814,11.7499,13.2577,3371166.36,3371166.36,0.0498
603728.SH,20250304,77.94,3.7818,0.89,232.4614,314.6279,11.3791,12.8393,3264770.205,3264770.205,0.0515
603728.SH,20250303,74.11,3.6656,0.8,221.0382,299.167,10.8199,12.2084,3104338.2075,3104338.2075,0.0541
603728.SH,20250228,77.14,3.3266,0.64,230.0754,311.3985,11.2623,12.7075,3231259.605,3231259.605,0.052
603728.SH,20250227,85.71,3.8209,0.68,255.636,345.9938,12.5135,14.1193,3590241.9075,3590241.9075,0.0468
603728.SH,20250226,86.3,5.6269,1.03,257.3957,348.3755,12.5996,14.2165,3614955.975,3614955.975,0.0465
603728.SH,20250225,86.3,4.7998,0.94,257.3957,348.3755,12.5996,14.2165,3614955.975,3614955.975,0.0465
603728.SH,20250224,84.68,5.3859,1.13,252.5639,341.8359,12.3631,13.9496,3547097.01,3547097.01,0.0474
603728.SH,20250221,90.74,6.1991,1.53,270.6383,366.2989,13.2479,14.9479,3800939.805,3800939.805,0.0442
603728.SH,20250220,82.49,5.8808,1.62,246.0321,332.9953,12.0434,13.5889,3455361.7425,3455361.7425,0.0486
603728.SH,20250219,77.85,5.0481,1.44,232.193,314.2646,11.3659,12.8245,3261000.2625,3261000.2625,0.0515
603728.SH,20250218,72.64,3.0477,0.76,216.6538,293.2329,10.6053,11.9662,3042762.48,3042762.48,0.0552
603728.SH,20250217,74.8,3.6907,0.82,223.0961,301.9524,10.9207,12.3221,3133241.1,3133241.1,0.0536
603728.SH,20250214,72.4,2.6059,0.48,215.938,292.2641,10.5703,11.9267,3032709.3,3032709.3,0.0554
603728.SH,20250213,72.65,3.7691,0.75,216.6836,293.2733,10.6068,11.9679,3043181.3625,3043181.3625,0.0552
603728.SH,20250212,75.78,4.4353,0.94,226.0191,305.9084,11.0637,12.4835,3174291.585,3174291.585,0.0529
603728.SH,20250211,75.29,5.5095,1.3,224.5576,303.9304,10.9922,12.4028,3153766.3425,3153766.3425,0.0533
603728.SH,20250210,75.6,6.161,1.64,225.4822,305.1818,11.0375,12.4538,3166751.7,3166751.7,0.0531
603728.SH,20250207,78.6,7.1718,2.16,234.4299,317.2922,11.4754,12.948,3292416.45,3292416.45,0.051
603728.SH,20250206,75.41,2.0107,0.57,224.9155,304.4148,11.0097,12.4225,3158792.9325,3158792.9325,0.0532
603728.SH,20250205,68.55,2.7146,0.7,204.4551,276.7224,10.0082,11.2925,2871439.5375,2871439.5375,0.0585
603728.SH,20250127,62.32,3.186,0.83,185.8737,251.5732,9.0986,10.2662,2610475.74,2610475.74,0.0644
603728.SH,20250124,66.8,3.747,1.04,199.2356,269.658,9.7527,11.0042,2798135.1,2798135.1,0.06
603728.SH,20250123,64.67,4.911,1.42,192.8827,261.0596,9.4417,10.6533,2708913.1275,2708913.1275,0.062
603728.SH,20250122,64.05,3.1995,0.77,191.0335,258.5568,9.3512,10.5512,2682942.4125,2682942.4125,0.0626
603728.SH,20250121,64.51,4.485,0.98,192.4055,260.4137,9.4183,10.6269,2702211.0075,2702211.0075,0.0622
603728.SH,20250120,61.0,2.7881,0.58,181.9367,246.2446,8.9059,10.0487,2555183.25,2555183.25,0.0658
603728.SH,20250117,60.5,2.6507,0.52,180.4454,244.2262,8.8329,9.9664,2534239.125,2534239.125,0.0663
603728.SH,20250116,61.05,4.1608,0.82,182.0858,246.4464,8.9132,10.057,2557277.6625,2557277.6625,0.0657
603728.SH,20250115,61.62,6.5975,1.51,183.7859,248.7474,8.9964,10.1509,2581153.965,2581153.965,0.0651
603728.SH,20250114,59.51,6.7348,1.98,177.4927,240.2298,8.6883,9.8033,2492769.7575,2492769.7575,0.0674
603728.SH,20250113,54.1,3.7748,1.25,161.357,218.3907,7.8985,8.9121,2266154.325,2266154.325,0.0741
603728.SH,20250110,53.97,4.224,1.58,160.9692,217.8659,7.8795,8.8907,2260708.8525,2260708.8525,0.0743
603728.SH,20250109,54.45,4.1757,1.75,162.4009,219.8036,7.9496,8.9697,2280815.2125,2280815.2125,0.0737
002896.SZ,20260702,77.84,8.4891,1.33,243.9532,271.3745,12.6968,14.6964,1529732.6968,1529732.6968,0.2569
002896.SZ,20260701,76.36,6.5339,1.05,239.3148,266.2148,12.4554,14.4169,1500647.3372,1500647.3372,0.2619
002896.SZ,20260630,76.38,7.2786,1.18,239.3775,266.2845,12.4587,14.4207,1501040.3826,1501040.3826,0.2618
002896.SZ,20260629,71.76,5.7566,0.88,224.8982,250.1777,11.7051,13.5484,1410246.8952,1410246.8952,0.2787
002896.SZ,20260626,70.3,4.7632,0.64,220.3226,245.0877,11.4669,13.2728,1381554.581,1381554.581,0.2845
002896.SZ,20260625,73.04,7.491,1.07,228.9098,254.6402,11.9139,13.7901,1435401.8008,1435401.8008,0.2738
002896.SZ,20260624,76.87,5.7628,0.79,240.9132,267.9928,12.5386,14.5132,1510669.9949,1510669.9949,0.2602
002896.SZ,20260623,79.29,6.9957,0.95,248.4975,276.4297,12.9333,14.9701,1558228.4883,1558228.4883,0.2522
002896.SZ,20260622,79.67,7.7202,0.98,249.6885,277.7545,12.9953,15.0419,1565696.3509,1565696.3509,0.251
002896.SZ,20260618,82.3,8.9869,1.11,257.931,286.9235,13.4243,15.5384,1617381.821,1617381.821,0.243
002896.SZ,20260617,79.69,5.6935,0.6,249.7511,277.8242,12.9986,15.0456,1566089.3963,1566089.3963,0.251
002896.SZ,20260616,80.51,7.2285,0.65,252.321,280.683,13.1323,15.2005,1582204.2577,1582204.2577,0.2484
002896.SZ,20260615,80.41,7.353,0.52,252.0076,280.3343,13.116,15.1816,1580239.0307,1580239.0307,0.2487
002896.SZ,20260612,78.28,10.1902,0.68,245.3321,272.9085,12.7686,14.7794,1538379.6956,1538379.6956,0.2555
002896.SZ,20260611,81.56,10.1906,0.7,255.6117,284.3436,13.3036,15.3987,1602838.8965,1602838.8965,0.2452
002896.SZ,20260610,90.62,12.5701,0.85,284.0061,315.9295,14.7814,17.1092,1780888.4355,1780888.4355,0.2207
002896.SZ,20260609,90.69,15.5263,1.15,284.2255,316.1736,14.7928,17.1225,1782264.0942,1782264.0942,0.2205
002896.SZ,20260608,95.2,21.8571,2.13,298.3599,331.8968,15.5285,17.974,1870895.8184,1870895.8184,0.2101
002896.SZ,20260605,86.77,14.6117,1.61,271.9401,302.5072,14.1534,16.3824,1705227.2076,1705227.2076,0.2305
002896.SZ,20260604,78.88,8.7266,0.94,247.2125,275.0002,12.8665,14.8927,1550170.821,1550170.821,0.2535
002896.SZ,20260603,78.9,13.5432,1.44,247.2752,275.07,12.8697,14.8965,1550563.8663,1550563.8663,0.2535
002896.SZ,20260602,81.7,8.4976,0.79,256.0505,284.8316,13.3264,15.4251,1605590.2139,1605590.2139,0.2448
002896.SZ,20260601,74.27,5.8244,0.54,232.7646,258.9283,12.1145,14.0223,1459573.8701,1459573.8701,0.2693
002896.SZ,20260529,75.82,8.6976,0.85,237.6224,264.3321,12.3673,14.315,1490034.8839,1490034.8839,0.2638
002896.SZ,20260528,82.24,9.9457,0.98,257.7429,286.7142,13.4145,15.5271,1616202.4381,1616202.4381,0.2432
002896.SZ,20260527,86.11,14.0296,1.69,269.8716,300.2063,14.0458,16.2577,1692256.7114,1692256.7114,0.2323
002896.SZ,20260526,89.68,15.4865,2.51,281.0601,312.6524,14.6281,16.9318,1762415.3046,1762415.3046,0.223
002896.SZ,20260525,81.53,5.9743,0.94,255.5177,284.239,13.2987,15.393,1602249.3285,1602249.3285,0.2453
002896.SZ,20260522,80.36,5.5329,0.78,251.8509,280.16,13.1079,15.1721,1579256.1761,1579256.1761,0.2489
002896.SZ,20260521,79.93,9.5798,1.46,250.5033,278.6609,13.0377,15.091,1570805.7013,1570805.7013,0.2502
002896.SZ,20260520,76.73,4.824,0.68,240.4744,267.5047,12.5158,14.4868,1507918.4469,1507918.4469,0.2607
002896.SZ,20260519,79.65,4.8921,0.58,249.6257,277.6847,12.9921,15.0381,1565303.0666,1565303.0666,0.2511
002896.SZ,20260518,80.78,7.1127,0.9,253.1672,281.6242,13.1764,15.2514,1587510.1283,1587510.1283,0.2476
002896.SZ,20260515,80.6,9.2469,1.19,252.6031,280.9967,13.147,15.2175,1583972.7202,1583972.7202,0.2481
002896.SZ,20260514,77.56,6.7654,0.94,243.0756,270.3983,12.6512,14.6435,1524229.8285,1524229.8285,0.2579
002896.SZ,20260513,78.63,7.244,1.17,246.429,274.1287,12.8257,14.8455,1545257.7542,1545257.7542,0.2544
002896.SZ,20260512,80.4,11.4492,2.6,251.9763,280.2994,13.1144,15.1797,1580042.2668,1580042.2668,0.2488
002896.SZ,20260511,75.56,4.7949,1.28,236.8075,263.4257,12.3249,14.2659,1484925.2945,1484925.2945,0.2647
002896.SZ,20260508,76.0,8.614,3.29,238.1865,264.9597,12.3967,14.349,1493572.292,1493572.292,0.2632
002896.SZ,20260507,73.2,3.7459,1.72,229.4112,255.198,11.94,13.8203,1438545.9444,1438545.9444,0.2732
002896.SZ,20260506,70.9,2.3131,1.17,222.2029,247.1795,11.5648,13.3861,1393345.7303,1393345.7303,0.2821
002896.SZ,20260430,70.28,2.5597,1.32,220.2598,245.018,11.4637,13.269,1381161.3248,1381161.3248,0.2846
002896.SZ,20260429,68.31,1.4821,0.73,214.0858,238.1499,11.1423,12.8971,1342446.3588,1342446.3588,0.2928
002896.SZ,20260428,68.12,2.9722,1.58,213.4903,237.4875,11.1114,12.8612,1338712.428,1338712.428,0.2936
002896.SZ,20260427,71.36,1.5835,0.69,223.6446,223.6446,11.669,13.4729,1402385.7731,1402385.7731,0.2803
002896.SZ,20260424,71.29,1.2931,0.51,223.4252,223.4252,11.6576,13.4597,1401010.1144,1401010.1144,0.2805
002896.SZ,20260423,71.1,2.382,0.94,222.8298,222.8298,11.6265,13.4238,1397276.1837,1397276.1837,0.2813
002896.SZ,20260422,72.27,1.9482,0.76,226.4966,226.4966,11.8178,13.6447,1420269.3361,1420269.3361,0.2767
002896.SZ,20260421,72.6,2.2033,0.85,227.5308,227.5308,11.8718,13.707,1426754.5842,1426754.5842,0.2755
002896.SZ,20260420,72.88,3.5794,1.54,228.4083,228.4083,11.9176,13.7599,1432257.219,1432257.219,0.2744
002896.SZ,20260417,74.59,2.4703,0.96,233.7675,233.7675,12.1972,14.0827,1465862.5955,1465862.5955,0.2681
002896.SZ,20260416,73.83,2.498,0.99,231.3857,231.3857,12.0729,13.9393,1450926.8726,1450926.8726,0.2709
002896.SZ,20260415,73.96,2.0139,0.72,200.3411,199.5935,12.1613,14.887,1453481.6673,1453481.6673,0.2704
002896.SZ,20260414,75.1,2.3586,0.91,203.4291,202.67,12.3487,15.1165,1475885.2517,1475885.2517,0.2663
002896.SZ,20260413,74.14,2.2556,0.91,200.8287,200.0792,12.1909,14.9232,1457019.0754,1457019.0754,0.2698
002896.SZ,20260410,73.89,3.771,1.68,200.1515,199.4046,12.1498,14.8729,1452106.0086,1452106.0086,0.2707
002896.SZ,20260409,72.0,2.238,0.96,195.0319,194.3041,11.839,14.4925,1414963.224,1414963.224,0.2778
002896.SZ,20260408,74.24,3.3043,1.37,201.0995,200.3491,12.2073,14.9434,1458984.3021,1458984.3021,0.2694
002896.SZ,20260407,70.86,1.4144,0.52,191.9439,191.2276,11.6515,14.263,1392559.6396,1392559.6396,0.2822
002896.SZ,20260403,71.06,1.6813,0.53,192.4856,191.7673,11.6844,14.3033,1396490.093,1396490.093,0.2815
002896.SZ,20260402,72.45,2.6106,0.66,196.2508,195.5185,11.913,14.5831,1423806.7442,1423806.7442,0.2761
002896.SZ,20260401,75.5,2.6458,0.62,204.5126,203.7494,12.4145,15.197,1483746.1585,1483746.1585,0.2649
002896.SZ,20260331,74.95,3.7323,0.74,203.0228,202.2652,12.324,15.0863,1472937.4117,1472937.4117,0.2668
002896.SZ,20260330,75.52,2.8809,0.5,204.5668,203.8034,12.4178,15.201,1484139.2038,1484139.2038,0.2648
002896.SZ,20260327,77.1,3.964,0.75,208.8466,208.0673,12.6776,15.519,1515189.7857,1515189.7857,0.2594
002896.SZ,20260326,78.29,6.6624,1.55,212.0701,211.2787,12.8732,15.7586,1538575.9834,1538575.9834,0.2555
002896.SZ,20260325,74.44,4.2331,1.14,201.6413,200.8888,12.2402,14.9836,1462914.7555,1462914.7555,0.2687
002896.SZ,20260324,74.44,7.4272,3.01,201.6413,200.8888,12.2402,14.9836,1462914.7555,1462914.7555,0.2687
002896.SZ,20260323,77.0,6.4229,4.51,208.5758,207.7974,12.6611,15.4989,1513224.559,1513224.559,0.2597
002896.SZ,20260320,70.0,1.7828,1.33,189.6143,188.9068,11.5101,14.0899,1375658.69,1375658.69,0.2857
002896.SZ,20260319,72.2,1.6622,1.2,195.5736,194.8438,11.8719,14.5327,1418893.6774,1418893.6774,0.277
002896.SZ,20260318,74.87,1.2257,0.67,202.8061,202.0493,12.3109,15.0702,1471365.2303,1471365.2303,0.2671
002896.SZ,20260317,74.6,1.2348,0.58,202.0747,201.3206,12.2665,15.0158,1466059.1182,1466059.1182,0.2681
002896.SZ,20260316,76.32,1.2127,0.52,206.7338,205.9623,12.5493,15.362,1499861.0174,1499861.0174,0.2621
002896.SZ,20260313,76.91,1.3594,0.6,208.332,207.5545,12.6463,15.4808,1511455.855,1511455.855,0.26
002896.SZ,20260312,78.7,1.8985,0.86,213.1807,212.3852,12.9407,15.8411,1546633.4129,1546633.4129,0.2541
002896.SZ,20260311,80.5,3.4074,1.81,218.0565,217.2428,13.2366,16.2034,1582007.4935,1582007.4935,0.2484
002896.SZ,20260310,78.75,2.8429,1.48,213.3161,212.5201,12.9489,15.8512,1547616.0263,1547616.0263,0.254
002896.SZ,20260309,75.68,2.1926,1.05,205.0002,204.2352,12.4441,15.2332,1487283.5666,1487283.5666,0.2643
002896.SZ,20260306,77.68,1.0728,0.45,210.4177,209.6325,12.7729,15.6358,1526588.1006,1526588.1006,0.2575
002896.SZ,20260305,77.55,1.4682,0.56,210.0656,209.2817,12.7516,15.6096,1524033.3059,1524033.3059,0.2579
002896.SZ,20260304,77.16,1.8183,0.61,209.0092,208.2292,12.6874,15.5311,1516368.9217,1516368.9217,0.2592
002896.SZ,20260303,77.77,3.0326,0.82,210.6615,209.8754,12.7877,15.6539,1528356.8046,1528356.8046,0.2572
002896.SZ,20260302,80.41,3.0832,0.74,217.8127,216.9999,13.2218,16.1853,1580238.7895,1580238.7895,0.2487
002896.SZ,20260227,83.76,2.4695,0.62,226.8871,226.0404,13.7727,16.8596,1646073.8839,1646073.8839,0.2388
002896.SZ,20260226,83.65,2.7847,0.75,226.5891,225.7436,13.7546,16.8374,1643912.1346,1643912.1346,0.2391
002896.SZ,20260225,85.18,3.5379,0.97,230.7336,229.8725,14.0062,17.1454,1673980.1031,1673980.1031,0.2348
002896.SZ,20260224,87.16,6.5833,2.48,236.0969,235.2159,14.3317,17.544,1712891.5917,1712891.5917,0.2295
002896.SZ,20260213,86.19,5.3627,2.67,233.4694,232.5982,14.1722,17.3487,1693828.8927,1693828.8927,0.232
002896.SZ,20260212,82.53,1.6457,0.84,223.5553,222.7211,13.5704,16.612,1621901.5955,1621901.5955,0.2423
002896.SZ,20260211,81.73,1.5019,0.74,221.3883,220.5621,13.4389,16.451,1606179.7819,1606179.7819,0.2447
002896.SZ,20260210,82.8,3.1076,1.75,224.2867,223.4497,13.6148,16.6664,1627207.7076,1627207.7076,0.2415
002896.SZ,20260209,81.1,1.6424,0.87,219.6817,218.862,13.3353,16.3242,1593798.8537,1593798.8537,0.2466
002896.SZ,20260206,80.64,2.1292,1.06,218.4357,217.6206,13.2597,16.2316,1584758.8109,1584758.8109,0.248
002896.SZ,20260205,80.04,1.3846,0.63,216.8104,216.0014,13.161,16.1108,1572967.4507,1572967.4507,0.2499
002896.SZ,20260204,81.47,1.8594,0.81,220.684,219.8605,13.3961,16.3986,1601070.1925,1601070.1925,0.2455
002896.SZ,20260203,81.35,1.8479,0.71,220.3589,219.5366,13.3764,16.3745,1598711.9205,1598711.9205,0.2459
002896.SZ,20260202,80.48,2.2246,0.66,218.0023,217.1888,13.2333,16.1994,1581614.4482,1581614.4482,0.2485
002896.SZ,20260130,81.63,2.6812,0.7,221.1174,220.2923,13.4224,16.4309,1604214.5552,1604214.5552,0.245
002896.SZ,20260129,80.5,2.3946,0.59,218.0565,217.2428,13.2366,16.2034,1582007.4935,1582007.4935,0.2484
002896.SZ,20260128,81.71,2.3011,0.54,221.3341,220.5082,13.4356,16.447,1605786.7366,1605786.7366,0.2448
002896.SZ,20260127,82.99,3.4487,0.8,224.8013,223.9624,13.6461,16.7046,1630941.6383,1630941.6383,0.241
002896.SZ,20260126,83.35,5.9359,1.39,225.7765,224.934,13.7053,16.7771,1638016.4545,1638016.4545,0.24
002896.SZ,20260123,88.16,5.207,1.19,238.8057,237.9146,14.4962,17.7452,1732543.8587,1732543.8587,0.2269
002896.SZ,20260122,86.94,3.2509,0.75,235.501,234.6222,14.2956,17.4997,1708568.093,1708568.093,0.23
002896.SZ,20260121,88.14,3.5254,0.75,238.7515,237.8606,14.4929,17.7412,1732150.8134,1732150.8134,0.2269
002896.SZ,20260120,87.79,3.7107,0.73,237.8035,236.9161,14.4353,17.6708,1725272.5199,1725272.5199,0.2278
002896.SZ,20260119,89.86,5.5936,1.09,243.4106,242.5023,14.7757,18.0874,1765952.7126,1765952.7126,0.2226
002896.SZ,20260116,89.33,5.7659,1.13,241.975,241.072,14.6886,17.9807,1755537.0111,1755537.0111,0.2239
002896.SZ,20260115,86.7,2.9516,0.54,234.8509,233.9745,14.2561,17.4514,1703851.5489,1703851.5489,0.2307
002896.SZ,20260114,87.35,5.4088,1.04,236.6116,235.7286,14.363,17.5822,1716625.5225,1716625.5225,0.229
002896.SZ,20260113,87.26,5.7949,1.18,236.3678,235.4858,14.3482,17.5641,1714856.8184,1714856.8184,0.2292
002896.SZ,20260112,89.99,5.7107,1.2,243.7628,242.8531,14.7971,18.1136,1768507.5073,1768507.5073,0.2222
002896.SZ,20260109,89.04,5.6996,1.13,241.1894,240.2894,14.6409,17.9224,1749837.8537,1749837.8537,0.2246
002896.SZ,20260108,89.0,4.8089,0.76,241.0811,240.1814,14.6343,17.9143,1749051.763,1749051.763,0.2247
002896.SZ,20260107,87.98,3.9364,0.61,238.3181,237.4288,14.4666,17.709,1729006.4507,1729006.4507,0.2273
002896.SZ,20260106,88.22,4.3548,0.68,238.9682,238.0765,14.506,17.7573,1733722.9947,1733722.9947,0.2267
002896.SZ,20260105,88.48,4.9145,0.75,239.6725,238.7781,14.5488,17.8096,1738832.5842,1738832.5842,0.226
002896.SZ,20251231,89.36,7.3001,1.35,242.0562,241.153,14.6935,17.9868,1756126.5791,1756126.5791,0.0689
002896.SZ,20251230,92.15,11.1912,2.91,249.6137,248.6822,15.1522,18.5484,1810956.4041,1810956.4041,0.0668
002896.SZ,20251229,85.54,4.497,1.07,231.7087,230.8441,14.0654,17.2179,1681054.9192,1681054.9192,0.0719
002896.SZ,20251226,84.96,3.9745,1.05,230.1376,229.2788,13.97,17.1011,1669656.6043,1669656.6043,0.0724
002896.SZ,20251225,85.48,5.7444,1.9,231.5462,230.6821,14.0555,17.2058,1679875.7832,1679875.7832,0.072
002896.SZ,20251224,82.49,1.6997,0.54,223.4469,222.6131,13.5639,16.604,1621115.5048,1621115.5048,0.0746
002896.SZ,20251223,81.95,3.3374,1.11,221.9842,221.1558,13.4751,16.4953,1610503.2807,1610503.2807,0.0751
002896.SZ,20251222,84.0,6.3558,2.88,227.5372,226.6881,13.8121,16.9079,1650790.428,1650790.428,0.0733
002896.SZ,20251219,79.6,1.7168,0.67,215.6186,214.814,13.0886,16.0222,1564320.4532,1564320.4532,0.0773
002896.SZ,20251218,78.57,2.03,0.74,212.8285,212.0343,12.9193,15.8149,1544078.6182,1544078.6182,0.0783
002896.SZ,20251217,80.11,2.3846,0.89,217.0001,216.1903,13.1725,16.1249,1574343.1094,1574343.1094,0.0768
002896.SZ,20251216,78.92,2.5308,0.93,213.7766,212.9789,12.9768,15.8854,1550956.9116,1550956.9116,0.078
002896.SZ,20251215,81.77,2.387,0.79,221.4966,220.6701,13.4455,16.459,1606965.8726,1606965.8726,0.0753
002896.SZ,20251212,83.38,3.5177,1.12,225.8578,225.0149,13.7102,16.7831,1638606.0225,1638606.0225,0.0738
002896.SZ,20251211,82.09,2.8118,0.81,222.3634,221.5336,13.4981,16.5234,1613254.598,1613254.598,0.075
002896.SZ,20251210,84.79,2.1752,0.63,229.6771,228.8201,13.942,17.0669,1666315.7189,1666315.7189,0.0726
002896.SZ,20251209,84.45,2.6434,0.77,228.7561,227.9025,13.8861,16.9985,1659633.9482,1659633.9482,0.0729
002896.SZ,20251208,85.8,3.8907,1.21,232.413,231.5457,14.1081,17.2702,1686164.5086,1686164.5086,0.0717
002896.SZ,20251205,84.73,4.2446,1.43,229.5146,228.6581,13.9322,17.0548,1665136.5829,1665136.5829,0.0726
002896.SZ,20251204,83.46,4.3655,1.7,226.0745,225.2308,13.7234,16.7992,1640178.2038,1640178.2038,0.0737
002896.SZ,20251203,81.41,2.1538,0.79,220.5215,219.6986,13.3863,16.3866,1599891.0565,1599891.0565,0.0756
002896.SZ,20251202,83.3,2.4762,0.87,225.6411,224.799,13.697,16.767,1637033.8411,1637033.8411,0.0739
002896.SZ,20251201,85.29,2.8031,0.87,231.0315,230.1694,14.0243,17.1676,1676141.8524,1676141.8524,0.0722
002896.SZ,20251128,84.45,3.0122,0.78,228.7561,227.9025,13.8861,16.9985,1659633.9482,1659633.9482,0.0729
002896.SZ,20251127,83.47,2.4061,0.63,226.1015,225.2578,13.725,16.8012,1640374.7265,1640374.7265,0.0737
002896.SZ,20251126,83.48,2.8647,0.73,226.1286,225.2848,13.7266,16.8032,1640571.2492,1640571.2492,0.0737
002896.SZ,20251125,83.35,3.1379,0.8,225.7765,224.934,13.7053,16.7771,1638016.4545,1638016.4545,0.0738
002896.SZ,20251124,83.48,4.7052,1.25,226.1286,225.2848,13.7266,16.8032,1640571.2492,1640571.2492,0.0737
002896.SZ,20251121,86.74,6.1865,2.07,234.9592,234.0825,14.2627,17.4594,1704637.6396,1704637.6396,0.0709
002896.SZ,20251120,84.5,2.3464,0.8,228.8916,228.0374,13.8944,17.0085,1660616.5615,1660616.5615,0.0728
002896.SZ,20251119,84.27,3.2233,1.2,228.2686,227.4167,13.8565,16.9622,1656096.5401,1656096.5401,0.073
002896.SZ,20251118,84.13,3.2283,1.22,227.8893,227.0389,13.8335,16.9341,1653345.2227,1653345.2227,0.0731
002896.SZ,20251117,83.15,3.8589,1.68,225.2347,224.3942,13.6724,16.7368,1634086.0011,1634086.0011,0.074
002896.SZ,20251114,80.43,2.3224,0.98,217.8669,217.0539,13.2251,16.1893,1580631.8348,1580631.8348,0.0765
002896.SZ,20251113,82.65,1.9846,0.75,223.8804,223.0449,13.5902,16.6362,1624259.8676,1624259.8676,0.0745
002896.SZ,20251112,81.89,2.0574,0.76,221.8217,220.9939,13.4652,16.4832,1609324.1446,1609324.1446,0.0751
002896.SZ,20251111,82.8,2.9921,1.06,224.2867,223.4497,13.6148,16.6664,1627207.7076,1627207.7076,0.0743
002896.SZ,20251110,85.42,2.1201,0.63,231.3837,230.5202,14.0456,17.1937,1678696.6471,1678696.6471,0.072
002896.SZ,20251107,86.84,2.7238,0.75,235.2301,234.3523,14.2791,17.4795,1706602.8663,1706602.8663,0.0709
002896.SZ,20251106,88.85,3.2815,0.88,240.6748,239.7766,14.6096,17.8841,1746103.923,1746103.923,0.0693
002896.SZ,20251105,86.27,2.4796,0.63,233.6861,232.8141,14.1854,17.3648,1695401.0741,1695401.0741,0.0713
002896.SZ,20251104,87.58,3.5108,0.85,237.2346,236.3493,14.4008,17.6285,1721145.5439,1721145.5439,0.0703
002896.SZ,20251103,90.64,4.9375,1.21,245.5235,244.6073,14.904,18.2444,1781281.4809,1781281.4809,0.0679
002896.SZ,20251031,90.29,3.9292,0.97,244.5754,243.6627,14.8464,18.174,1774403.1874,1774403.1874,0.0682
002896.SZ,20251030,89.09,3.6996,0.95,241.3249,240.4243,14.6491,17.9324,1750820.467,1750820.467,0.0691
002896.SZ,20251029,91.11,3.5936,0.94,246.7966,245.8756,14.9812,18.339,1790518.0464,1790518.0464,0.0675
002896.SZ,20251028,90.32,4.5642,1.25,244.6567,243.7437,14.8513,18.18,1774992.7554,1774992.7554,0.0681
002896.SZ,20251027,90.24,4.6164,1.31,244.44,243.5278,14.8382,18.1639,1773420.5741,1773420.5741,0.0682
002896.SZ,20251024,89.55,3.7988,1.1,242.5709,233.4653,14.8684,18.025,1759860.5099,1759860.5099,0.0687
002896.SZ,20251023,87.58,2.8847,0.77,237.2346,228.3293,14.5413,17.6285,1721145.5439,1721145.5439,0.0703
002896.SZ,20251022,89.0,3.1582,0.71,241.0811,232.0314,14.7771,17.9143,1749051.763,1749051.763,0.0691
002896.SZ,20251021,89.08,3.7288,0.82,241.2978,232.24,14.7904,17.9304,1750623.9444,1750623.9444,0.0691
002896.SZ,20251020,88.7,4.0354,0.86,240.2684,231.2493,14.7273,17.8539,1743156.0829,1743156.0829,0.0694
002896.SZ,20251017,87.51,3.4103,0.68,237.045,228.1468,14.5297,17.6144,1719769.8852,1719769.8852,0.0703
002896.SZ,20251016,88.88,4.3012,0.83,240.756,231.7185,14.7571,17.8902,1746693.491,1746693.491,0.0692
002896.SZ,20251015,92.51,6.6878,1.34,250.5889,241.1823,15.3599,18.6208,1818031.2202,1818031.2202,0.0665
002896.SZ,20251014,87.2,4.3714,0.88,236.2053,227.3386,14.4782,17.552,1713677.6824,1713677.6824,0.0706
002896.SZ,20251013,89.87,4.6539,0.92,243.4377,234.2996,14.9215,18.0894,1766149.2353,1766149.2353,0.0685
002896.SZ,20251010,93.5,5.1564,1.0,253.2706,243.7633,15.5242,18.8201,1837486.9645,1837486.9645,0.0658
002896.SZ,20251009,96.5,5.1051,0.96,261.3969,251.5846,16.0223,19.424,1896443.7655,1896443.7655,0.0638
002896.SZ,20250930,96.53,5.7285,1.03,261.4782,251.6628,16.0273,19.43,1897033.3335,1897033.3335,0.0638
002896.SZ,20250929,95.0,4.1948,0.7,257.3337,247.674,15.7733,19.122,1866965.365,1866965.365,0.0648
002896.SZ,20250926,93.72,4.979,0.7,253.8665,244.3369,15.5608,18.8644,1841810.4632,1841810.4632,0.0657
002896.SZ,20250925,97.19,5.7197,0.6,263.266,253.3835,16.1369,19.5628,1910003.8297,1910003.8297,0.0633
002896.SZ,20250924,97.98,5.9288,0.52,265.4059,255.4431,16.2681,19.7219,1925529.1207,1925529.1207,0.0628
002896.SZ,20250923,96.43,7.0936,0.5,261.2073,251.4021,16.0107,19.4099,1895068.1068,1895068.1068,0.0638
002896.SZ,20250922,97.91,6.197,0.41,265.2163,255.2606,16.2564,19.7078,1924153.462,1924153.462,0.0629
002896.SZ,20250919,97.13,10.6745,0.73,263.1034,253.2271,16.1269,19.5508,1908824.6937,1908824.6937,0.0634
002896.SZ,20250918,102.8,17.4423,1.39,278.4622,268.0093,17.0683,20.692,2020253.0476,2020253.0476,0.0599
002896.SZ,20250917,105.47,15.229,1.46,285.6946,274.9702,17.5117,21.2295,2072724.6005,2072724.6005,0.0583
002896.SZ,20250916,105.6,21.5061,2.92,286.0468,275.3092,17.5332,21.2556,2075279.3952,2075279.3952,0.0583
002896.SZ,20250915,103.02,11.0173,1.57,279.0581,268.5828,17.1049,20.7363,2024576.5463,2024576.5463,0.0597
002896.SZ,20250912,93.65,7.48,1.07,253.6769,244.1544,15.5491,18.8503,1840434.8046,1840434.8046,0.0657
002896.SZ,20250911,93.6,7.3641,1.0,253.5415,244.024,15.5408,18.8402,1839452.1912,1839452.1912,0.0657
002896.SZ,20250910,91.05,4.784,0.55,246.6341,237.3759,15.1174,18.3269,1789338.9104,1789338.9104,0.0676
002896.SZ,20250909,91.65,6.1697,0.57,248.2593,238.9402,15.2171,18.4477,1801130.2706,1801130.2706,0.0671
002896.SZ,20250908,94.66,9.2908,0.92,256.4128,246.7875,15.7168,19.0536,1860283.5942,1860283.5942,0.065
002896.SZ,20250905,90.67,7.5013,0.76,245.6047,236.3852,15.0543,18.2505,1781871.0489,1781871.0489,0.0679
002896.SZ,20250904,86.55,9.1993,0.9,234.4446,225.644,14.3703,17.4212,1700903.7089,1700903.7089,0.0711
002896.SZ,20250903,92.91,11.0325,1.15,251.6724,242.2251,15.4263,18.7013,1825892.127,1825892.127,0.0662
002896.SZ,20250902,97.95,17.3269,2.23,265.3246,255.3649,16.2631,19.7158,1924939.5527,1924939.5527,0.0628
002896.SZ,20250901,91.85,5.2543,0.61,248.8011,239.4616,15.2503,18.488,1805060.724,1805060.724,0.067
002896.SZ,20250829,92.77,6.8286,0.75,251.2932,241.8601,15.403,18.6732,1823140.8096,1823140.8096,0.0663
002896.SZ,20250828,92.23,10.5104,1.14,249.8304,240.4523,15.3134,18.5645,1812528.5854,1812528.5854,0.0667
002896.SZ,20250827,93.99,8.1911,0.85,254.5979,245.0408,15.6056,18.9187,1847116.5753,1847116.5753,0.0655
002896.SZ,20250826,95.74,8.0445,0.76,259.3382,249.6032,15.8961,19.271,1881508.0426,1881508.0426,0.0643
002896.SZ,20250825,98.85,9.7353,0.86,267.7625,264.0527,16.8615,19.897,1942626.593,1942626.593,0.0623
002896.SZ,20250822,96.66,9.0468,0.77,261.8303,258.2027,16.488,19.4562,1899588.1282,1899588.1282,0.0637
002896.SZ,20250821,93.43,10.9813,0.85,253.081,249.5746,15.937,18.806,1836111.3058,1836111.3058,0.0659
002896.SZ,20250820,99.02,10.5891,0.74,268.223,264.5069,16.8905,19.9312,1945967.4783,1945967.4783,0.0621
002896.SZ,20250819,98.63,12.5617,0.87,267.1666,263.4651,16.824,19.8527,1938303.0942,1938303.0942,0.0624
002896.SZ,20250818,101.66,13.5344,0.93,275.3742,271.5589,17.3409,20.4626,1997849.4632,1997849.4632,0.0605
002896.SZ,20250815,99.59,11.2195,0.72,269.767,266.0295,16.9878,20.0459,1957169.2705,1957169.2705,0.0618
002896.SZ,20250814,99.58,16.5757,1.0,269.7399,266.0027,16.9861,20.0439,1956972.7479,1956972.7479,0.0618
002896.SZ,20250813,102.4,17.7654,1.12,277.3787,273.5357,17.4671,20.6115,2012392.1408,2012392.1408,0.0601
002896.SZ,20250812,96.66,13.4535,0.82,261.8303,258.2027,16.488,19.4562,1899588.1282,1899588.1282,0.0637
002896.SZ,20250811,97.07,13.686,0.86,262.9409,259.2979,16.5579,19.5387,1907645.5577,1907645.5577,0.0634
002896.SZ,20250808,96.02,16.9141,1.2,260.0967,256.4931,16.3788,19.3273,1887010.6773,1887010.6773,0.0641
002896.SZ,20250807,102.97,21.1845,1.79,278.9227,275.0583,17.5643,20.7263,2023593.933,2023593.933,0.0598
002896.SZ,20250806,94.38,14.1819,1.15,255.6543,252.1123,16.0991,18.9972,1854780.9595,1854780.9595,0.0652
002896.SZ,20250805,85.8,16.0121,1.28,232.413,229.193,14.6355,17.2702,1686164.5086,1686164.5086,0.0717
002896.SZ,20250804,82.49,11.6657,0.93,223.4469,220.3511,14.0709,16.604,1621115.5048,1621115.5048,0.0746
002896.SZ,20250801,78.4,7.2889,0.55,212.3681,209.4257,13.3732,15.7807,1540737.7328,1540737.7328,0.0785
002896.SZ,20250731,79.77,10.0277,0.73,216.0791,213.0854,13.6069,16.0565,1567661.3386,1567661.3386,0.0771
002896.SZ,20250730,79.53,16.7205,1.22,215.429,212.4443,13.566,16.0082,1562944.7945,1562944.7945,0.0774
002896.SZ,20250729,87.7,16.9271,1.17,237.5597,234.2683,14.9596,17.6526,1723503.8159,1723503.8159,0.0702
002896.SZ,20250728,84.45,11.7816,0.75,228.7561,225.5868,14.4052,16.9985,1659633.9482,1659633.9482,0.0729
002896.SZ,20250725,82.61,10.9736,0.64,223.772,220.6717,14.0914,16.6281,1623473.7769,1623473.7769,0.0745
002896.SZ,20250724,83.67,12.4649,0.65,226.6433,223.5032,14.2722,16.8415,1644305.1799,1644305.1799,0.0735
002896.SZ,20250723,84.41,16.2933,0.82,228.6478,225.4799,14.3984,16.9904,1658847.8575,1658847.8575,0.0729
002896.SZ,20250722,88.35,20.9066,1.03,239.3204,236.0046,15.0705,17.7835,1736277.7895,1736277.7895,0.0697
002896.SZ,20250721,88.28,17.7431,0.91,239.1308,235.8177,15.0585,17.7694,1734902.1308,1734902.1308,0.0697
002896.SZ,20250718,80.25,18.8599,1.0,217.3793,214.3676,13.6888,16.1531,1577094.4268,1577094.4268,0.0767
002896.SZ,20250717,76.4,22.7902,1.43,206.9505,204.0833,13.0321,15.3781,1501433.1988,1501433.1988,0.0805
002896.SZ,20250716,70.9,19.2379,1.28,192.0522,189.3914,12.0939,14.2711,1393345.7303,1393345.7303,0.0868
002896.SZ,20250715,67.8,22.7636,2.02,183.655,181.1105,11.5651,13.6471,1332423.7026,1332423.7026,0.0908
002896.SZ,20250714,67.58,14.2711,1.6,183.0591,180.5229,11.5276,13.6028,1328100.2039,1328100.2039,0.0911
002896.SZ,20250711,61.44,15.3445,2.41,166.4272,164.1214,10.4803,12.3669,1207435.2845,1207435.2845,0.1002
002896.SZ,20250710,55.85,8.1086,1.54,151.2852,149.1891,9.5267,11.2417,1097579.112,1097579.112,0.1102
002896.SZ,20250709,58.17,14.4569,4.65,157.5695,155.3864,9.9225,11.7087,1143172.3714,1143172.3714,0.1058
002896.SZ,20250708,55.28,4.1021,1.41,149.7411,147.6665,9.4295,11.127,1086377.3198,1086377.3198,0.1113
002896.SZ,20250707,54.12,2.4592,0.78,146.599,144.5679,9.2316,10.8935,1063580.69,1063580.69,0.1137
002896.SZ,20250704,55.09,2.6523,0.76,149.2265,147.159,9.3971,11.0888,1082643.389,1082643.389,0.1117
002896.SZ,20250703,55.5,2.6812,0.71,150.3371,148.2542,9.467,11.1713,1090700.8185,1090700.8185,0.1109
002896.SZ,20250702,55.74,3.6508,0.87,150.9872,148.8953,9.508,11.2196,1095417.3626,1095417.3626,0.1104
002896.SZ,20250701,57.54,3.09,0.63,155.863,153.7035,9.815,11.5819,1130791.4432,1130791.4432,0.1069
002896.SZ,20250630,57.91,3.6964,0.81,156.8652,154.6919,9.8781,11.6564,1138062.782,1138062.782,0.1063
002896.SZ,20250627,57.11,4.2559,0.98,154.6982,152.5549,9.7417,11.4954,1122340.9684,1122340.9684,0.1078
002896.SZ,20250626,74.2,5.5837,0.94,154.6086,152.4665,9.4148,11.4887,1121690.9347,1121690.9347,0.1078
002896.SZ,20250625,75.48,7.4478,1.49,157.2757,155.0967,9.5772,11.6869,1141040.8592,1141040.8592,0.106
002896.SZ,20250624,74.05,8.3014,2.17,154.2961,152.1583,9.3958,11.4655,1119423.3654,1119423.3654,0.108
002896.SZ,20250623,70.02,2.9589,0.78,145.8989,143.8775,8.8844,10.8415,1058501.3376,1058501.3376,0.1143
002896.SZ,20250620,69.77,4.0605,1.08,145.3779,143.3638,8.8527,10.8028,1054722.0554,1054722.0554,0.1147
002896.SZ,20250619,71.57,6.7796,2.3,149.1285,147.0624,9.0811,11.0815,1081932.8867,1081932.8867,0.1118
002896.SZ,20250618,71.98,2.8395,0.9,149.9829,147.9049,9.1331,11.145,1088130.9094,1088130.9094,0.1111
002896.SZ,20250617,71.53,2.4579,0.67,149.0452,146.9802,9.076,11.0753,1081328.2016,1081328.2016,0.1118
002896.SZ,20250616,72.37,2.7474,0.69,150.7955,148.7063,9.1826,11.2054,1094026.5895,1094026.5895,0.1105
002896.SZ,20250613,71.9,4.0333,1.07,149.8162,147.7405,9.123,11.1326,1086921.5392,1086921.5392,0.1113
002896.SZ,20250612,74.29,2.676,0.62,154.7961,152.6515,9.4262,11.5026,1123051.4763,1123051.4763,0.1077
002896.SZ,20250611,74.86,3.7908,0.88,155.9838,153.8227,9.4986,11.5909,1131668.2395,1131668.2395,0.1069
002896.SZ,20250610,74.23,5.2296,1.34,154.6711,152.5282,9.4186,11.4933,1122144.4486,1122144.4486,0.1078
002896.SZ,20250609,75.12,4.1705,1.09,156.5256,154.357,9.5316,11.6311,1135598.6929,1135598.6929,0.1065
002896.SZ,20250606,75.02,2.9802,0.74,156.3172,154.1515,9.5189,11.6157,1134086.9801,1134086.9801,0.1066
002896.SZ,20250605,76.22,5.5245,1.48,158.8176,156.6173,9.6711,11.8015,1152227.5343,1152227.5343,0.105
002896.SZ,20250604,75.36,3.7524,0.92,157.0257,154.8501,9.562,11.6683,1139226.8038,1139226.8038,0.1062
002896.SZ,20250603,74.37,3.0203,0.68,154.9628,152.8159,9.4364,11.515,1124260.8465,1124260.8465,0.1076
002896.SZ,20250530,74.29,3.7929,0.82,154.7961,152.6515,9.4262,11.5026,1123051.4763,1123051.4763,0.1077
002896.SZ,20250529,75.96,4.0837,0.87,158.2759,156.083,9.6381,11.7612,1148297.0809,1148297.0809,0.1053
002896.SZ,20250528,75.9,3.962,0.88,158.1509,155.9597,9.6305,11.7519,1147390.0532,1147390.0532,0.1054
002896.SZ,20250527,76.63,5.4541,1.36,159.6719,157.4597,9.7232,11.8649,1158425.557,1158425.557,0.1044
002896.SZ,20250526,79.19,4.7615,1.21,165.0061,162.72,10.048,12.2613,1197125.4059,1197125.4059,0.101
002896.SZ,20250523,80.3,4.8017,1.19,167.319,165.0009,10.1888,12.4332,1213905.4186,1213905.4186,0.0996
002896.SZ,20250522,82.4,4.3802,1.1,171.6947,169.3159,10.4553,12.7583,1245651.3884,1245651.3884,0.0971
002896.SZ,20250521,82.32,3.1106,0.73,171.528,169.1516,10.4451,12.746,1244442.0181,1244442.0181,0.0972
002896.SZ,20250520,83.35,2.9902,0.64,173.6742,171.268,10.5758,12.9054,1260012.6605,1260012.6605,0.096
002896.SZ,20250519,82.9,4.431,0.88,172.7366,170.3433,10.5187,12.8358,1253209.9527,1253209.9527,0.0965
002896.SZ,20250516,84.45,5.185,0.99,175.9663,173.5283,10.7154,13.0757,1276641.5018,1276641.5018,0.0947
002896.SZ,20250515,85.11,4.2837,0.76,177.3415,174.8845,10.7991,13.1779,1286618.8066,1286618.8066,0.094
002896.SZ,20250514,88.28,4.4472,0.69,183.9467,181.3982,11.2014,13.6688,1334540.104,1334540.104,0.0906
002896.SZ,20250513,89.73,5.1858,0.74,186.9681,184.3777,11.3853,13.8933,1356459.9403,1356459.9403,0.0892
002896.SZ,20250512,91.6,6.1732,0.82,190.8645,188.2202,11.6226,14.1828,1384728.9706,1384728.9706,0.0873
002896.SZ,20250509,88.86,6.0846,0.82,185.1553,182.59,11.2749,13.7586,1343308.0385,1343308.0385,0.09
002896.SZ,20250508,92.4,6.1836,0.84,192.5315,189.864,11.7241,14.3067,1396822.6734,1396822.6734,0.0866
002896.SZ,20250507,92.35,8.8159,1.31,192.4273,189.7613,11.7178,14.2989,1396066.817,1396066.817,0.0866
002896.SZ,20250506,92.05,7.7394,1.1,191.8022,189.1448,11.6797,14.2525,1391531.6784,1391531.6784,0.0869
002896.SZ,20250430,91.1,8.9136,1.16,189.8227,187.1928,11.5592,14.1054,1377170.4064,1377170.4064,0.0878
002896.SZ,20250429,87.55,5.6739,0.72,182.4257,179.8982,11.1087,13.5557,1323504.6002,1323504.6002,0.0914
002896.SZ,20250428,85.77,5.6079,0.66,178.7167,178.7167,11.0424,13.2801,1296596.1114,1296596.1114,0.0933
002896.SZ,20250425,89.12,5.7354,0.65,185.697,185.697,11.4737,13.7988,1347238.4919,1347238.4919,0.0898
002896.SZ,20250424,90.4,9.1457,1.03,188.3641,188.3641,11.6385,13.997,1366588.4164,1366588.4164,0.0885
002896.SZ,20250423,93.67,12.1235,1.37,195.1777,195.1777,12.0595,14.5033,1416021.4266,1416021.4266,0.0854
002896.SZ,20250422,86.32,6.8047,0.76,179.8627,179.8627,11.1132,13.3653,1304910.5321,1304910.5321,0.0927
002896.SZ,20250421,88.0,8.8477,0.95,183.3633,183.3633,11.3295,13.6254,1330307.308,1330307.308,0.0909
002896.SZ,20250418,84.77,7.0769,0.65,176.633,176.633,10.9136,13.1253,1281478.9829,1281478.9829,0.0944
002896.SZ,20250417,87.69,9.4663,0.81,181.2246,182.1892,11.4411,12.2066,1325620.9982,1325620.9982,0.0912
002896.SZ,20250416,87.13,12.0657,1.0,180.0673,181.0257,11.3681,12.1287,1317155.4062,1317155.4062,0.0918
002896.SZ,20250415,85.35,7.2248,0.57,176.3887,177.3275,11.1358,11.8809,1290246.9175,1290246.9175,0.0937
002896.SZ,20250414,85.75,10.6367,0.97,177.2153,178.1586,11.188,11.9366,1296293.7689,1296293.7689,0.0933
002896.SZ,20250411,86.22,15.4234,1.69,178.1866,179.135,11.2494,12.002,1303398.8193,1303398.8193,0.0928
002896.SZ,20250410,79.55,13.1759,1.77,164.4021,165.2771,10.3791,11.0735,1202567.5722,1202567.5722,0.1006
002896.SZ,20250409,74.06,14.0919,2.42,153.0562,153.8708,9.6628,10.3093,1119574.5367,1119574.5367,0.108
002896.SZ,20250408,67.33,10.0521,1.78,139.1476,139.8882,8.7847,9.3725,1017836.2619,1017836.2619,0.1188
002896.SZ,20250407,74.75,2.0679,0.3,154.4822,155.3044,9.7528,10.4054,1130005.3554,1130005.3554,0.107
002896.SZ,20250403,83.05,6.1624,0.82,171.6354,172.5489,10.8358,11.5607,1255477.5219,1255477.5219,0.0963
002896.SZ,20250402,86.65,4.9284,0.61,179.0753,180.0284,11.3055,12.0619,1309899.1845,1309899.1845,0.0923
002896.SZ,20250401,86.6,5.9493,0.71,178.972,179.9246,11.2989,12.0549,1309143.3281,1309143.3281,0.0924
002896.SZ,20250331,86.94,9.0546,1.1,179.6746,180.631,11.3433,12.1022,1314283.1518,1314283.1518,0.092
002896.SZ,20250328,88.03,8.9411,0.97,181.9273,182.8956,11.4855,12.254,1330760.8219,1330760.8219,0.0909
002896.SZ,20250327,92.35,8.6779,0.91,190.8552,191.871,12.0492,12.8553,1396066.817,1396066.817,0.0866
002896.SZ,20250326,92.56,7.7294,0.74,191.2892,192.3074,12.0766,12.8845,1399241.414,1399241.414,0.0864
002896.SZ,20250325,94.3,7.4476,0.62,194.8852,195.9225,12.3036,13.1268,1425545.2176,1425545.2176,0.0848
002896.SZ,20250324,96.77,8.213,0.6,199.9898,201.0543,12.6258,13.4706,1462884.5249,1462884.5249,0.0827
002896.SZ,20250321,100.47,13.9787,1.07,207.6364,208.7416,13.1086,13.9856,1518817.9004,1518817.9004,0.0796
002896.SZ,20250320,102.7,10.0596,0.76,212.2451,213.3747,13.3995,14.2961,1552529.097,1552529.097,0.0779
002896.SZ,20250319,108.15,12.1873,0.9,223.5083,224.6979,14.1106,15.0547,1634917.4473,1634917.4473,0.074
002896.SZ,20250318,106.6,15.5671,1.23,220.305,221.4776,13.9084,14.8389,1611485.8981,1611485.8981,0.075
002896.SZ,20250317,108.46,17.0635,1.48,224.149,225.342,14.1511,15.0979,1639603.7571,1639603.7571,0.0738
002896.SZ,20250314,98.6,10.6359,0.9,203.7718,204.8564,12.8646,13.7253,1490548.8701,1490548.8701,0.0811
002896.SZ,20250313,98.69,10.4863,0.85,203.9578,205.0434,12.8763,13.7379,1491909.4117,1491909.4117,0.0811
002896.SZ,20250312,105.28,14.317,1.18,217.577,218.7351,13.7362,14.6552,1591531.2885,1591531.2885,0.076
002896.SZ,20250311,99.0,10.9764,0.84,204.5984,205.6874,12.9168,13.781,1496595.7215,1496595.7215,0.0808
002896.SZ,20250310,96.82,11.2545,0.84,200.0931,201.1581,12.6324,13.4775,1463640.3814,1463640.3814,0.0826
002896.SZ,20250307,93.7,12.3435,1.0,193.6452,194.6759,12.2253,13.0432,1416474.9405,1416474.9405,0.0854
002896.SZ,20250306,99.28,12.4625,0.93,205.1771,206.2692,12.9533,13.82,1500828.5175,1500828.5175,0.0806
002896.SZ,20250305,99.6,13.3899,0.93,205.8384,206.934,12.9951,13.8645,1505665.9986,1505665.9986,0.0803
002896.SZ,20250304,96.72,15.5452,1.05,199.8865,200.9504,12.6193,13.4636,1462128.6685,1462128.6685,0.0827
002896.SZ,20250303,94.18,13.6396,0.87,194.6372,195.6731,12.2879,13.11,1423731.1621,1423731.1621,0.0849
002896.SZ,20250228,104.64,6.801,0.39,216.2544,217.4054,13.6527,14.5661,1581856.3262,1581856.3262,0.0765
002896.SZ,20250227,116.27,17.4589,1.03,240.2895,241.5685,15.1701,16.185,1757668.5307,1757668.5307,0.0688
002896.SZ,20250226,105.7,18.5894,1.16,218.445,219.6077,13.791,14.7137,1597880.4825,1597880.4825,0.0757
002896.SZ,20250225,96.09,17.6307,1.14,198.5845,199.6415,12.5371,13.3759,1452604.8776,1452604.8776,0.0833
002896.SZ,20250224,87.89,18.0941,1.21,181.638,182.6047,11.4672,12.2345,1328644.4239,1328644.4239,0.091
002896.SZ,20250221,97.57,16.4682,1.22,201.6431,202.7164,12.7302,13.5819,1474978.2277,1474978.2277,0.082
002896.SZ,20250220,88.7,13.8884,1.08,183.3119,184.2876,11.5729,12.3472,1340889.298,1340889.298,0.0902
002896.SZ,20250219,80.64,13.9129,1.13,166.6547,167.5418,10.5213,11.2253,1219045.2422,1219045.2422,0.0992
002896.SZ,20250218,73.31,15.1408,1.23,151.5062,152.3126,9.565,10.2049,1108236.6903,1108236.6903,0.1091
002896.SZ,20250217,71.01,15.1953,1.34,146.7529,147.534,9.2649,9.8847,1073467.2948,1073467.2948,0.1127
002896.SZ,20250214,64.56,9.5482,0.75,133.423,134.1331,8.4233,8.9869,975961.816,975961.816,0.1239
002896.SZ,20250213,64.22,10.7257,0.77,132.7203,133.4267,8.379,8.9396,970821.9923,970821.9923,0.1246
002896.SZ,20250212,66.5,11.1177,0.71,137.4323,138.1638,8.6764,9.2569,1005289.0453,1005289.0453,0.1203
002896.SZ,20250211,67.39,14.9315,0.91,139.2716,140.0129,8.7926,9.3808,1018743.2896,1018743.2896,0.1187
002896.SZ,20250210,63.02,10.5849,0.62,130.2403,130.9336,8.2224,8.7725,952681.4381,952681.4381,0.1269
002896.SZ,20250207,64.13,16.0104,0.9,132.5343,133.2397,8.3672,8.927,969461.4507,969461.4507,0.1247
002896.SZ,20250206,64.84,17.2747,1.02,134.0016,134.7149,8.4598,9.0259,980194.6119,980194.6119,0.1234
002896.SZ,20250205,59.3,18.9772,1.19,122.5524,123.2047,7.737,8.2547,896445.7201,896445.7201,0.1349
002896.SZ,20250127,57.52,19.6295,1.31,118.8738,119.5065,7.5048,8.0069,869537.2313,869537.2313,0.1391
002896.SZ,20250124,54.21,13.3768,0.84,112.0331,112.6294,7.0729,7.5461,819499.536,819499.536,0.1476
002896.SZ,20250123,49.28,19.2077,1.34,101.8446,102.3866,6.4297,6.8599,744972.0925,744972.0925,0.1623
002896.SZ,20250122,44.8,13.165,0.93,92.586,93.0788,5.8452,6.2363,677247.3568,677247.3568,0.1786
002896.SZ,20250121,44.07,14.2852,1.0,91.0773,91.5621,5.7499,6.1346,666211.853,666211.853,0.1815
002896.SZ,20250120,43.31,15.0185,1.11,89.5067,89.9831,5.6508,6.0288,654722.8353,654722.8353,0.1847
002896.SZ,20250117,43.64,17.6382,1.41,90.1886,90.6687,5.6938,6.0748,659711.4877,659711.4877,0.1833
002896.SZ,20250116,41.41,11.6084,0.94,85.58,86.0355,5.4029,5.7644,626000.2912,626000.2912,0.1932
002896.SZ,20250115,42.52,12.5402,1.06,87.874,88.3417,5.5477,5.9189,642780.3038,642780.3038,0.1881
002896.SZ,20250114,41.84,14.5127,1.43,86.4687,86.9289,5.459,5.8242,632500.6564,632500.6564,0.1912
002896.SZ,20250113,38.63,11.2998,1.26,79.8347,80.2596,5.0402,5.3774,583974.674,583974.674,0.2071
002896.SZ,20250110,38.69,12.4747,1.53,79.9587,80.3843,5.048,5.3857,584881.7017,584881.7017,0.2068
002896.SZ,20250109,38.35,11.2146,1.45,79.2561,79.6779,5.0036,5.3384,579741.878,579741.878,0.2086
000678.SZ,20260702,8.98,3.7839,1.15,,,5.2975,2.6814,412731.3964,412731.3964,
000678.SZ,20260701,8.94,4.3831,1.45,,,5.2739,2.6694,410892.9492,410892.9492,
000678.SZ,20260630,8.5,2.4889,0.71,,,5.0143,2.538,390670.03,390670.03,
000678.SZ,20260629,8.35,2.845,0.69,,,4.9258,2.4932,383775.853,383775.853,
000678.SZ,20260626,8.35,3.0008,0.72,,,4.9258,2.4932,383775.853,383775.853,
000678.SZ,20260625,8.72,3.7385,0.95,,,5.1441,2.6037,400781.4896,400781.4896,
000678.SZ,20260624,8.95,3.0769,0.75,,,5.2798,2.6724,411352.561,411352.561,
000678.SZ,20260623,9.23,4.8998,1.35,,,5.445,2.756,424221.6914,424221.6914,
000678.SZ,20260622,8.97,5.8166,1.74,,,5.2916,2.6784,412271.7846,412271.7846,
000678.SZ,20260618,9.72,3.2927,0.97,,,5.734,2.9023,446742.6696,446742.6696,
000678.SZ,20260617,9.64,2.6502,0.82,,,5.6868,2.8784,443065.7752,443065.7752,
000678.SZ,20260616,10.05,3.8283,1.34,,,5.9287,3.0009,461909.859,461909.859,
000678.SZ,20260615,9.87,2.5502,0.91,,,5.8225,2.9471,453636.8466,453636.8466,
000678.SZ,20260612,9.78,4.3461,1.67,,,5.7694,2.9202,449500.3404,449500.3404,
000678.SZ,20260611,10.24,3.6461,1.56,,,6.0408,3.0576,470642.4801,470642.4801,
000678.SZ,20260610,11.38,1.7539,0.67,,,6.7133,3.398,523038.225,523038.225,
000678.SZ,20260609,11.6,1.9853,0.66,,,6.8431,3.4637,533149.6845,533149.6845,
000678.SZ,20260608,11.48,2.231,0.76,,,6.7723,3.4278,527634.343,527634.343,
000678.SZ,20260605,11.83,3.3631,1.18,,,6.9787,3.5323,543720.7559,543720.7559,
000678.SZ,20260604,11.68,2.3896,0.83,,,6.8903,3.4876,536826.5789,536826.5789,
000678.SZ,20260603,11.92,3.17,1.0,,,7.0318,3.5592,547857.262,547857.262,
000678.SZ,20260602,12.16,3.9117,1.12,,,7.1734,3.6309,558887.9452,558887.9452,
000678.SZ,20260601,11.65,1.9226,0.5,,,6.8726,3.4786,535447.7435,535447.7435,
000678.SZ,20260529,11.44,2.8061,0.71,,,6.7487,3.4159,525795.8958,525795.8958,
000678.SZ,20260528,11.85,2.5602,0.6,,,6.9905,3.5383,544639.9794,544639.9794,
000678.SZ,20260527,11.76,4.6017,1.05,,,6.9375,3.5114,540503.4733,540503.4733,
000678.SZ,20260526,12.53,5.6411,1.39,,,7.3917,3.7414,575893.5816,575893.5816,
000678.SZ,20260525,12.0,3.634,0.77,,,7.079,3.5831,551534.1564,551534.1564,
000678.SZ,20260522,12.38,3.2031,0.51,,,7.3032,3.6966,568999.4047,568999.4047,
000678.SZ,20260521,12.35,4.3778,0.58,,,7.2855,3.6876,567620.5693,567620.5693,
000678.SZ,20260520,12.44,5.0945,0.65,,,7.3386,3.7145,571757.0755,571757.0755,
000678.SZ,20260519,13.2,4.0074,0.48,,,7.7869,3.9414,606687.572,606687.572,
000678.SZ,20260518,13.19,7.0533,0.75,,,7.781,3.9384,606227.9602,606227.9602,
000678.SZ,20260515,13.45,10.8265,1.11,,,7.9344,4.0161,618177.867,618177.867,
000678.SZ,20260514,13.18,10.5282,1.26,,,7.7751,3.9354,605768.3484,605768.3484,
000678.SZ,20260513,13.2,6.9009,0.94,,,7.7869,3.9414,606687.572,606687.572,
000678.SZ,20260512,12.81,6.5795,1.02,,,7.5569,3.825,588762.712,588762.712,
000678.SZ,20260511,12.92,11.9391,2.78,,,7.6218,3.8578,593818.4417,593818.4417,
000678.SZ,20260508,13.49,12.677,5.77,,,7.958,4.028,620016.3142,620016.3142,
000678.SZ,20260507,12.26,3.8209,2.23,,,7.2324,3.6607,563484.0631,563484.0631,
000678.SZ,20260506,11.8,1.8477,1.03,,,6.961,3.5234,542341.9205,542341.9205,
000678.SZ,20260430,11.64,1.8251,0.87,,,6.8667,3.4756,534988.1317,534988.1317,
000678.SZ,20260429,11.49,1.3116,0.57,,,6.7059,3.4308,528093.9548,528093.9548,
000678.SZ,20260428,11.42,2.1853,0.88,,,6.665,3.4099,524876.6722,524876.6722,
000678.SZ,20260427,11.77,1.4149,0.51,,,6.7844,3.7173,540963.0851,540963.0851,
000678.SZ,20260424,11.74,2.2606,0.74,,,6.7671,3.7078,539584.2497,539584.2497,
000678.SZ,20260423,12.13,3.2747,1.13,,,6.9919,3.831,557509.1098,557509.1098,
000678.SZ,20260422,12.05,2.2963,0.71,,,6.9458,3.8057,553832.2154,553832.2154,
000678.SZ,20260421,12.09,3.1685,0.8,,,6.9688,3.8184,555670.6626,555670.6626,
000678.SZ,20260420,12.43,2.7891,0.66,,,7.1648,3.9257,571297.4637,571297.4637,
000678.SZ,20260417,12.27,3.7409,0.8,,,7.0726,3.8752,563943.6749,563943.6749,
000678.SZ,20260416,12.62,2.5376,0.45,,,7.2743,3.9857,580030.0878,580030.0878,
000678.SZ,20260415,12.6,3.8949,0.53,,,7.2628,3.9794,579110.8642,579110.8642,
000678.SZ,20260414,12.94,6.8314,0.89,,,7.4588,4.0868,594737.6653,594737.6653,
000678.SZ,20260413,12.68,4.0783,0.49,,,7.3089,4.0047,582787.7586,582787.7586,
000678.SZ,20260410,13.01,5.8976,0.71,,,7.4991,4.1089,597954.9479,597954.9479,
000678.SZ,20260409,13.01,7.4571,0.83,,,7.4991,4.1089,597954.9479,597954.9479,
000678.SZ,20260408,13.67,12.5502,1.67,,,7.8796,4.3174,628289.3265,628289.3265,
000678.SZ,20260407,13.6,8.2628,1.34,,,7.8392,4.2953,625072.0439,625072.0439,
000678.SZ,20260403,13.15,7.1205,1.4,,,7.5798,4.1531,604389.5131,604389.5131,
000678.SZ,20260402,13.06,6.3029,1.43,,,7.528,4.1247,600253.0069,600253.0069,
000678.SZ,20260401,12.97,10.5193,3.84,,,7.4761,4.0963,596116.5007,596116.5007,
000678.SZ,20260331,12.64,5.4558,2.46,,,7.2859,3.9921,580949.3114,580949.3114,
000678.SZ,20260330,11.49,1.4438,0.49,,,6.623,3.6289,528093.9548,528093.9548,
000678.SZ,20260327,11.57,1.6552,0.56,,,6.6691,3.6541,531770.8491,531770.8491,
000678.SZ,20260326,11.56,2.8915,1.06,,,6.6633,3.651,531311.2373,531311.2373,
000678.SZ,20260325,11.73,2.2662,0.89,,,6.7613,3.7047,539124.6379,539124.6379,
000678.SZ,20260324,11.66,2.8256,1.26,,,6.721,3.6826,535907.3553,535907.3553,
000678.SZ,20260323,11.59,5.0373,3.43,,,6.6806,3.6604,532690.0727,532690.0727,
000678.SZ,20260320,11.45,1.6452,1.15,,,6.5999,3.6162,526255.5076,526255.5076,
000678.SZ,20260319,11.79,1.9275,1.43,,,6.7959,3.7236,541882.3087,541882.3087,
000678.SZ,20260318,12.21,1.3599,0.97,,,7.038,3.8563,561186.0041,561186.0041,
000678.SZ,20260317,12.18,1.2549,0.8,,,7.0207,3.8468,559807.1687,559807.1687,
000678.SZ,20260316,12.39,1.1639,0.68,,,7.1418,3.9131,569459.0165,569459.0165,
000678.SZ,20260313,12.35,1.4421,0.82,,,7.1187,3.9005,567620.5693,567620.5693,
000678.SZ,20260312,12.58,1.5257,0.86,,,7.2513,3.9731,578191.6406,578191.6406,
000678.SZ,20260311,12.87,1.603,0.86,,,7.4184,4.0647,591520.3827,591520.3827,
000678.SZ,20260310,12.94,2.099,1.01,,,7.4588,4.0868,594737.6653,594737.6653,
000678.SZ,20260309,12.65,1.8281,0.76,,,7.2916,3.9952,581408.9232,581408.9232,
000678.SZ,20260306,12.83,1.6942,0.7,,,7.3954,4.0521,589681.9356,589681.9356,
000678.SZ,20260305,12.66,1.6097,0.67,,,7.2974,3.9984,581868.535,581868.535,
000678.SZ,20260304,12.54,2.1211,0.91,,,7.2282,3.9605,576353.1934,576353.1934,
000678.SZ,20260303,12.37,3.1829,1.49,,,7.1302,3.9068,568539.7929,568539.7929,
000678.SZ,20260302,13.06,3.4681,1.85,,,7.528,4.1247,600253.0069,600253.0069,
000678.SZ,20260227,13.63,1.6788,0.89,,,7.8565,4.3047,626450.8793,626450.8793,
000678.SZ,20260226,13.74,1.5992,0.83,,,7.9199,4.3395,631506.6091,631506.6091,
000678.SZ,20260225,13.8,1.6936,0.77,,,7.9545,4.3584,634264.2799,634264.2799,
000678.SZ,20260224,13.76,2.2145,1.01,,,7.9315,4.3458,632425.8327,632425.8327,
000678.SZ,20260213,13.63,2.1801,1.01,,,7.8565,4.3047,626450.8793,626450.8793,
000678.SZ,20260212,13.49,1.7815,0.77,,,7.7758,4.2605,620016.3142,620016.3142,
000678.SZ,20260211,13.6,1.7468,0.74,,,7.8392,4.2953,625072.0439,625072.0439,
000678.SZ,20260210,13.84,3.0661,1.41,,,7.9776,4.3711,636102.727,636102.727,
000678.SZ,20260209,13.61,2.2069,0.99,,,7.845,4.2984,625531.6557,625531.6557,
000678.SZ,20260206,13.49,2.0421,0.8,,,7.7758,4.2605,620016.3142,620016.3142,
000678.SZ,20260205,13.4,2.4314,0.91,,,7.7239,4.2321,615879.808,615879.808,
000678.SZ,20260204,13.81,2.0584,0.75,,,7.9603,4.3616,634723.8917,634723.8917,
000678.SZ,20260203,13.98,2.1654,0.71,,,8.0583,4.4153,642537.2922,642537.2922,
000678.SZ,20260202,13.93,2.4976,0.69,,,8.0294,4.3995,640239.2332,640239.2332,
000678.SZ,20260130,14.19,3.6237,0.92,,,8.1793,4.4816,652189.1399,652189.1399,
000678.SZ,20260129,13.81,2.9998,0.71,,,7.9603,4.3616,634723.8917,634723.8917,
000678.SZ,20260128,14.08,2.3903,0.55,,,8.1159,4.4469,647133.4102,647133.4102,
000678.SZ,20260127,14.25,3.7413,0.84,,,8.2139,4.5005,654946.8107,654946.8107,
000678.SZ,20260126,14.55,5.3149,1.2,,,8.3868,4.5953,668735.1646,668735.1646,
000678.SZ,20260123,15.09,5.1942,1.1,,,8.6981,4.7658,693554.2017,693554.2017,
000678.SZ,20260122,14.94,4.5031,0.88,,,8.6116,4.7185,686660.0247,686660.0247,
000678.SZ,20260121,14.77,3.1293,0.5,,,8.5136,4.6648,678846.6242,678846.6242,
000678.SZ,20260120,14.84,4.1871,0.56,,,8.554,4.6869,682063.9067,682063.9067,
000678.SZ,20260119,15.05,5.0748,0.58,,,8.675,4.7532,691715.7545,691715.7545,
000678.SZ,20260116,14.94,6.6598,0.63,,,8.6116,4.7185,686660.0247,686660.0247,0.0
000678.SZ,20260115,14.63,6.4619,0.47,,,8.4329,4.6206,672412.059,672412.059,0.0
000678.SZ,20260114,14.98,8.841,0.64,,,8.6347,4.7311,688498.4719,688498.4719,0.0
000678.SZ,20260113,15.05,10.6038,0.75,,,8.675,4.7532,691715.7545,691715.7545,0.0
000678.SZ,20260112,15.82,11.4811,0.85,,,9.1189,4.9964,727105.8629,727105.8629,0.0
000678.SZ,20260109,15.58,15.3258,1.24,,,8.9805,4.9206,716075.1797,716075.1797,0.0
000678.SZ,20260108,15.87,22.99,2.08,,,9.1477,5.0122,729403.9218,729403.9218,0.0
000678.SZ,20260107,15.0,9.1339,0.8,,,8.6462,4.7374,689417.6955,689417.6955,0.0
000678.SZ,20260106,15.42,12.1511,1.15,,,8.8883,4.8701,708721.391,708721.391,0.0
000678.SZ,20260105,15.02,7.6346,0.68,,,8.6577,4.7437,690336.9191,690336.9191,0.0
000678.SZ,20251231,15.03,10.0223,0.98,,,8.6635,4.7469,690796.5309,690796.5309,0.0
000678.SZ,20251230,15.44,16.3973,1.88,,,8.8998,4.8764,709640.6146,709640.6146,0.0
000678.SZ,20251229,14.66,10.8068,1.2,,,8.4502,4.63,673790.8944,673790.8944,0.0
000678.SZ,20251226,14.47,8.1673,0.83,,,8.3407,4.57,665058.2703,665058.2703,0.0
000678.SZ,20251225,14.78,10.6414,1.12,,,8.5194,4.6679,679306.236,679306.236,0.0
000678.SZ,20251224,14.25,5.2603,0.5,,,8.2139,4.5005,654946.8107,654946.8107,0.0
000678.SZ,20251223,14.23,8.7661,0.75,,,8.2024,4.4942,654027.5871,654027.5871,0.0
000678.SZ,20251222,14.85,12.2544,1.0,,,8.5597,4.69,682523.5185,682523.5185,0.0
000678.SZ,20251219,14.51,12.5243,1.0,,,8.3638,4.5827,666896.7174,666896.7174,0.0
000678.SZ,20251218,13.96,8.5506,0.59,,,8.0467,4.409,641618.0686,641618.0686,0.0
000678.SZ,20251217,14.54,10.7287,0.7,,,8.3811,4.5921,668275.5528,668275.5528,0.0
000678.SZ,20251216,14.92,14.2024,0.95,,,8.6001,4.7122,685740.8011,685740.8011,0.0
000678.SZ,20251215,15.39,15.406,1.03,,,8.871,4.8606,707342.5556,707342.5556,0.0
000678.SZ,20251212,15.25,14.0469,0.88,,,8.7903,4.8164,700907.9904,700907.9904,0.0
000678.SZ,20251211,15.1,17.4809,0.98,,,8.7038,4.769,694013.8135,694013.8135,0.0
000678.SZ,20251210,15.51,15.3651,0.77,,,8.9402,4.8985,712857.8971,712857.8971,0.0
000678.SZ,20251209,14.1,12.3414,0.62,,,8.1274,4.4532,648052.6338,648052.6338,0.0
000678.SZ,20251208,14.98,15.8466,0.76,,,8.6347,4.7311,688498.4719,688498.4719,0.0
000678.SZ,20251205,14.59,18.5655,0.93,,,8.4099,4.6079,670573.6118,670573.6118,0.0
000678.SZ,20251204,15.0,26.984,1.65,,,8.6462,4.7374,689417.6955,689417.6955,0.0
000678.SZ,20251203,15.22,26.4156,1.82,,,8.773,4.8069,699529.155,699529.155,0.0
000678.SZ,20251202,14.32,11.2934,0.73,,,8.2542,4.5227,658164.0933,658164.0933,0.0
000678.SZ,20251201,14.66,21.5367,1.73,,,8.4502,4.63,673790.8944,673790.8944,0.0
000678.SZ,20251128,14.76,14.0991,1.21,,,8.5079,4.6616,678387.0124,678387.0124,0.0
000678.SZ,20251127,13.42,8.5388,0.82,,,7.7355,4.2384,616799.0316,616799.0316,0.0
000678.SZ,20251126,13.74,16.9262,2.27,,,7.9199,4.3395,631506.6091,631506.6091,0.0
000678.SZ,20251125,13.87,15.851,3.44,,,7.9949,4.3805,637481.5624,637481.5624,0.0
000678.SZ,20251124,12.61,7.0035,2.01,,,7.2686,3.9826,579570.476,579570.476,0.0
000678.SZ,20251121,12.95,10.114,5.67,,,7.4646,4.09,595197.2771,595197.2771,0.0
000678.SZ,20251120,12.08,2.4355,1.51,,,6.9631,3.8152,555211.0508,555211.0508,0.0
000678.SZ,20251119,12.46,1.919,1.17,,,7.1821,3.9352,572676.2991,572676.2991,0.0
000678.SZ,20251118,12.71,1.5403,0.86,,,7.3262,4.0142,584166.594,584166.594,0.0
000678.SZ,20251117,12.9,1.4062,0.66,,,7.4357,4.0742,592899.2181,592899.2181,0.0
000678.SZ,20251114,12.9,1.6145,0.52,,,7.4357,4.0742,592899.2181,592899.2181,0.0
000678.SZ,20251113,13.08,1.5607,0.33,,,7.5395,4.131,601172.2305,601172.2305,0.0
000678.SZ,20251112,13.04,2.0911,0.38,,,7.5164,4.1184,599333.7833,599333.7833,0.0
000678.SZ,20251111,13.23,2.2524,0.39,,,7.626,4.1784,608066.4074,608066.4074,0.0
000678.SZ,20251110,13.36,3.1394,0.52,,,7.7009,4.2195,614041.3608,614041.3608,0.0
000678.SZ,20251107,13.61,6.3998,1.22,,,7.845,4.2984,625531.6557,625531.6557,0.0
000678.SZ,20251106,14.22,10.0982,2.79,,,8.1966,4.4911,653567.9753,653567.9753,0.0
000678.SZ,20251105,13.71,5.4013,1.84,,,7.9026,4.33,630127.7737,630127.7737,0.0
000678.SZ,20251104,13.6,3.8071,1.41,,,7.8392,4.2953,625072.0439,625072.0439,0.0
000678.SZ,20251103,13.71,4.5033,2.12,,,7.9026,4.33,630127.7737,630127.7737,0.0
000678.SZ,20251031,13.38,2.3873,1.21,,,7.7124,4.2258,614960.5844,614960.5844,0.0
000678.SZ,20251030,13.23,2.0284,0.99,,,7.8508,4.1784,608066.4074,608066.4074,0.0
000678.SZ,20251029,13.39,1.925,0.84,,,7.9457,4.2289,615420.1962,615420.1962,0.0
000678.SZ,20251028,13.44,2.6126,1.16,,,7.9754,4.2447,617718.2552,617718.2552,0.0
000678.SZ,20251027,13.38,1.6797,0.71,,,7.9398,4.2258,614960.5844,614960.5844,0.0
000678.SZ,20251024,13.37,1.5922,0.66,,,7.9339,4.2226,614500.9726,614500.9726,0.0
000678.SZ,20251023,13.43,2.3978,1.0,,,7.9695,4.2416,617258.6434,617258.6434,0.0
000678.SZ,20251022,13.71,3.1363,1.34,,,8.1356,4.33,630127.7737,630127.7737,0.0
000678.SZ,20251021,13.54,2.4516,1.04,,,8.0347,4.2763,622314.3731,622314.3731,0.0
000678.SZ,20251020,13.37,2.1824,0.87,,,7.9339,4.2226,614500.9726,614500.9726,0.0
000678.SZ,20251017,13.06,1.9726,0.76,,,7.7499,4.1247,600253.0069,600253.0069,0.0
000678.SZ,20251016,13.32,2.2059,0.78,,,7.9042,4.2068,612202.9136,612202.9136,0.0
000678.SZ,20251015,13.65,2.8861,1.08,,,8.1,4.311,627370.1029,627370.1029,0.0
000678.SZ,20251014,13.35,2.5746,0.91,,,7.922,4.2163,613581.749,613581.749,0.0
000678.SZ,20251013,13.45,2.8324,1.05,,,7.9813,4.2479,618177.867,618177.867,0.0
000678.SZ,20251010,13.59,2.5446,0.95,,,8.0644,4.2921,624612.4321,624612.4321,0.0
000678.SZ,20251009,13.71,3.3522,1.29,,,8.1356,4.33,630127.7737,630127.7737,0.0
000678.SZ,20250930,13.39,2.0838,0.7,,,7.9457,4.2289,615420.1962,615420.1962,0.0
000678.SZ,20250929,13.35,3.3052,1.19,,,7.922,4.2163,613581.749,613581.749,0.0
000678.SZ,20250926,13.65,2.2343,0.69,,,8.1,4.311,627370.1029,627370.1029,0.0
000678.SZ,20250925,13.76,2.4345,0.64,,,8.1653,4.3458,632425.8327,632425.8327,0.0
000678.SZ,20250924,13.89,2.9762,0.73,,,8.2424,4.3868,638400.786,638400.786,0.0
000678.SZ,20250923,13.87,3.8664,0.85,,,8.2306,4.3805,637481.5624,637481.5624,0.0
000678.SZ,20250922,14.5,2.3303,0.5,,,8.6044,4.5795,666437.1057,666437.1057,0.0
000678.SZ,20250919,14.56,4.6566,1.07,,,8.64,4.5985,669194.7764,669194.7764,0.0
000678.SZ,20250918,15.06,5.217,1.32,,,8.9367,4.7564,692175.3663,692175.3663,0.0
000678.SZ,20250917,15.17,4.3163,1.22,,,9.002,4.7911,697231.096,697231.096,0.0
000678.SZ,20250916,15.38,6.3558,2.23,,,9.1266,4.8574,706882.9438,706882.9438,0.0
000678.SZ,20250915,15.03,2.81,0.94,,,8.9189,4.7469,690796.5309,690796.5309,0.0
000678.SZ,20250912,14.99,3.0722,1.01,,,8.8952,4.7343,688958.0837,688958.0837,0.0
000678.SZ,20250911,15.08,3.2455,1.03,,,8.9486,4.7627,693094.5899,693094.5899,0.0
000678.SZ,20250910,14.99,2.2452,0.58,,,8.8952,4.7343,688958.0837,688958.0837,0.0
000678.SZ,20250909,15.09,2.9088,0.53,,,8.9545,4.7658,693554.2017,693554.2017,0.0
000678.SZ,20250908,15.32,3.4725,0.64,,,9.091,4.8385,704125.273,704125.273,0.0
000678.SZ,20250905,15.21,3.2869,0.59,,,9.0257,4.8037,699069.5432,699069.5432,0.0
000678.SZ,20250904,14.98,3.9002,0.64,,,8.8892,4.7311,688498.4719,688498.4719,0.0
000678.SZ,20250903,15.14,5.7559,0.85,,,8.9842,4.7816,695852.2607,695852.2607,0.0
000678.SZ,20250902,15.95,10.9909,1.96,,,9.4649,5.0375,733080.8162,733080.8162,0.0
000678.SZ,20250901,15.39,3.3383,0.51,,,9.1325,4.8606,707342.5556,707342.5556,0.0
000678.SZ,20250829,15.3,3.8137,0.54,,,9.0791,4.8322,703206.0494,703206.0494,0.0
000678.SZ,20250828,15.48,6.6357,0.88,,,9.1056,4.889,711479.0618,711479.0618,0.0
000678.SZ,20250827,15.55,9.0394,1.11,,,9.1467,4.9111,714696.3443,714696.3443,0.0
000678.SZ,20250826,16.2,5.28,0.54,,,9.5291,5.1164,744571.1111,744571.1111,0.0
000678.SZ,20250825,16.35,7.8553,0.81,,,9.6173,5.1638,751465.2881,751465.2881,0.0
000678.SZ,20250822,16.26,6.4214,0.69,,,9.5644,5.1354,747328.7819,747328.7819,0.0
000678.SZ,20250821,16.21,8.9474,0.98,,,9.535,5.1196,745030.7229,745030.7229,0.0
000678.SZ,20250820,16.68,12.1546,1.47,,,9.8114,5.268,766632.4774,766632.4774,0.0
000678.SZ,20250819,16.46,13.1106,1.94,,,9.682,5.1985,756521.0179,756521.0179,0.0
000678.SZ,20250818,16.2,7.9388,1.26,,,9.5291,5.1164,744571.1111,744571.1111,0.0
000678.SZ,20250815,15.93,4.6664,0.68,,,9.3703,5.0311,732161.5926,732161.5926,0.0
000678.SZ,20250814,15.83,7.8289,1.09,,,9.3114,4.9996,727565.4747,727565.4747,0.0
000678.SZ,20250813,16.27,7.8792,0.89,,,9.5702,5.1385,747788.3937,747788.3937,0.0
000678.SZ,20250812,16.12,5.5104,0.6,,,9.482,5.0911,740894.2168,740894.2168,0.0
000678.SZ,20250811,16.13,5.7187,0.58,,,9.4879,5.0943,741353.8286,741353.8286,0.0
000678.SZ,20250808,16.18,7.3807,0.78,,,9.5173,5.1101,743651.8875,743651.8875,0.0
000678.SZ,20250807,16.41,9.3699,1.11,,,9.6526,5.1827,754222.9589,754222.9589,0.0
000678.SZ,20250806,16.75,16.2793,2.47,,,9.8526,5.2901,769849.76,769849.76,0.0
000678.SZ,20250805,16.19,7.1361,1.13,,,9.5232,5.1133,744111.4993,744111.4993,0.0
000678.SZ,20250804,16.35,9.2623,1.58,,,9.6173,5.1638,751465.2881,751465.2881,0.0
000678.SZ,20250801,15.72,5.5666,0.92,,,9.2467,4.9648,722509.7449,722509.7449,0.0
000678.SZ,20250731,15.54,4.0667,0.62,,,9.1409,4.908,714236.7325,714236.7325,0.0
000678.SZ,20250730,15.6,6.9201,0.9,,,9.1761,4.9269,716994.4033,716994.4033,0.0
000678.SZ,20250729,16.11,5.6865,0.56,,,9.4761,5.088,740434.605,740434.605,0.0
000678.SZ,20250728,16.32,7.0102,0.53,,,9.5997,5.1543,750086.4527,750086.4527,0.0
000678.SZ,20250725,16.28,6.7121,0.46,,,9.5761,5.1417,748248.0055,748248.0055,0.0
000678.SZ,20250724,16.22,6.4307,0.38,,,9.5408,5.1227,745490.3347,745490.3347,0.0
000678.SZ,20250723,16.15,12.7869,0.67,,,9.4997,5.1006,742273.0522,742273.0522,0.0
000678.SZ,20250722,16.93,17.5415,0.82,,,9.9585,5.347,778122.7723,778122.7723,0.0
000678.SZ,20250721,17.45,22.7858,1.02,,,10.2643,5.5112,802022.5858,802022.5858,0.0
000678.SZ,20250718,16.61,12.7984,0.61,,,9.7702,5.2459,763415.1948,763415.1948,0.0
000678.SZ,20250717,16.99,19.8256,1.08,,,9.9938,5.3659,780880.4431,780880.4431,0.0
000678.SZ,20250716,17.06,22.4893,1.4,,,10.0349,5.388,784097.7257,784097.7257,0.0
000678.SZ,20250715,16.55,28.8463,2.34,,,9.7349,5.2269,760657.524,760657.524,0.0
000678.SZ,20250714,16.72,27.6658,3.57,,,9.8349,5.2806,768470.9246,768470.9246,0.0
000678.SZ,20250711,15.2,6.0294,0.8,,,8.9409,4.8006,698609.9314,698609.9314,0.0
000678.SZ,20250710,15.18,6.4157,0.91,,,8.9291,4.7943,697690.7078,697690.7078,0.0
000678.SZ,20250709,15.37,11.2337,1.87,,,9.0409,4.8543,706423.332,706423.332,0.0
000678.SZ,20250708,15.4,10.1875,1.88,,,9.0585,4.8637,707802.1674,707802.1674,0.0
000678.SZ,20250707,15.05,4.9136,0.83,,,8.8526,4.7532,691715.7545,691715.7545,0.0
000678.SZ,20250704,14.91,4.7217,0.71,,,8.7703,4.709,685281.1893,685281.1893,0.0
000678.SZ,20250703,15.17,4.2584,0.52,,,8.9232,4.7911,697231.096,697231.096,0.0
000678.SZ,20250702,15.11,5.9404,0.6,,,8.8879,4.7722,694473.4253,694473.4253,0.0
000678.SZ,20250701,15.41,7.3129,0.66,,,9.0644,4.8669,708261.7792,708261.7792,0.0
000678.SZ,20250630,15.32,7.5244,0.66,,,9.0114,4.8385,704125.273,704125.273,0.0
000678.SZ,20250627,15.08,8.4338,0.67,,,8.8703,4.7627,693094.5899,693094.5899,0.0
000678.SZ,20250626,15.27,11.7968,0.91,,,8.982,4.8227,701827.214,701827.214,0.0
000678.SZ,20250625,15.52,14.3763,1.09,,,9.1291,4.9016,713317.5089,713317.5089,0.0
000678.SZ,20250624,15.97,13.4369,0.91,,,9.3938,5.0438,734000.0398,734000.0398,0.0
000678.SZ,20250623,15.52,8.8547,0.55,,,9.1291,4.9016,713317.5089,713317.5089,0.0
000678.SZ,20250620,15.35,14.226,0.84,,,9.0291,4.848,705504.1084,705504.1084,0.0
000678.SZ,20250619,16.41,14.0499,0.78,,,9.6526,5.1827,754222.9589,754222.9589,0.0
000678.SZ,20250618,16.81,15.2472,0.74,,,9.8879,5.3091,772607.4308,772607.4308,0.0
000678.SZ,20250617,17.2,21.7225,1.13,,,10.1173,5.4322,790532.2908,790532.2908,0.0
000678.SZ,20250616,16.46,15.7465,0.87,,,9.682,5.1985,756521.0179,756521.0179,0.0
000678.SZ,20250613,16.07,18.3122,1.12,,,9.4526,5.0754,738596.1578,738596.1578,0.0
000678.SZ,20250612,15.83,19.2892,1.29,,,9.3114,4.9996,727565.4747,727565.4747,0.0
000678.SZ,20250611,16.74,27.7414,2.42,,,9.8467,5.287,769390.1482,769390.1482,0.0
000678.SZ,20250610,15.4,15.305,1.45,,,9.0585,4.8637,707802.1674,707802.1674,0.0
000678.SZ,20250609,15.0,9.8031,0.83,,,8.8232,4.7374,689417.6955,689417.6955,0.0
000678.SZ,20250606,14.71,9.8478,0.68,,,8.6526,4.6458,676088.9534,676088.9534,0.0
000678.SZ,20250605,15.3,12.3089,0.68,,,8.9997,4.8322,703206.0494,703206.0494,0.0
000678.SZ,20250604,15.0,9.961,0.52,,,8.8232,4.7374,689417.6955,689417.6955,0.0
000678.SZ,20250603,15.21,10.6987,0.55,,,8.9467,4.8037,699069.5432,699069.5432,0.0
000678.SZ,20250530,15.6,15.9997,0.81,,,9.1761,4.9269,716994.4033,716994.4033,0.0
000678.SZ,20250529,17.04,23.9214,1.25,,,10.0232,5.3817,783178.5021,783178.5021,0.0
000678.SZ,20250528,17.48,30.421,1.77,,,10.282,5.5207,803401.4212,803401.4212,0.0
000678.SZ,20250527,16.0,15.5164,0.86,,,9.4114,5.0532,735378.8752,735378.8752,0.0
000678.SZ,20250526,15.83,11.5127,0.57,,,9.3114,4.9996,727565.4747,727565.4747,0.0
000678.SZ,20250523,16.0,17.5837,0.79,,,9.4114,5.0532,735378.8752,735378.8752,0.0
000678.SZ,20250522,16.28,20.5395,0.81,,,9.5761,5.1417,748248.0055,748248.0055,0.0
000678.SZ,20250521,15.89,20.7618,0.79,,,9.3467,5.0185,730323.1454,730323.1454,0.0
000678.SZ,20250520,17.1,19.9303,0.68,,,10.0585,5.4007,785936.1729,785936.1729,0.0
000678.SZ,20250519,17.12,21.7471,0.73,,,10.0702,5.407,786855.3965,786855.3965,0.0
000678.SZ,20250516,18.16,28.9865,0.98,,,10.682,5.7354,834655.0234,834655.0234,0.0
000678.SZ,20250515,18.04,35.6345,1.26,,,10.6114,5.6975,829139.6818,829139.6818,0.0
000678.SZ,20250514,18.15,24.6157,0.9,,,10.6761,5.7323,834195.4116,834195.4116,0.0
000678.SZ,20250513,16.5,34.7728,1.45,,,9.7055,5.2112,758359.4651,758359.4651,0.0
000678.SZ,20250512,16.82,24.9954,1.1,,,9.8938,5.3122,773067.0426,773067.0426,0.0
000678.SZ,20250509,15.29,27.3303,1.38,,,8.9938,4.829,702746.4376,702746.4376,0.0
000678.SZ,20250508,14.61,29.9572,1.8,,,8.5938,4.6142,671492.8354,671492.8354,0.0
000678.SZ,20250507,13.9,20.3252,1.24,,,8.1762,4.39,638860.3978,638860.3978,0.0
000678.SZ,20250506,12.64,17.6968,0.93,,,7.435,3.9921,580949.3114,580949.3114,0.0
000678.SZ,20250430,12.15,18.2371,1.09,,,7.1468,3.8373,558428.3334,558428.3334,0.0
000678.SZ,20250429,11.37,13.1006,0.82,,,6.688,3.591,522578.6132,522578.6132,0.0
000678.SZ,20250428,11.07,13.843,0.91,,,6.5115,3.4962,508790.2593,508790.2593,0.0
000678.SZ,20250425,11.86,19.0663,1.47,,,6.6897,3.909,545099.5912,545099.5912,0.0
000678.SZ,20250424,12.4,31.2052,3.65,,,6.9943,4.087,569918.6283,569918.6283,0.0
000678.SZ,20250423,11.84,6.6639,0.72,,,6.6784,3.9024,544180.3676,544180.3676,0.0
000678.SZ,20250422,10.76,9.5029,0.9,,,6.0692,3.5465,494542.2936,494542.2936,0.0
000678.SZ,20250421,11.32,9.6657,0.84,,,6.3851,3.7311,520280.5542,520280.5542,0.0
000678.SZ,20250418,11.12,7.9693,0.59,,,6.2723,3.6651,511088.3183,511088.3183,0.0
000678.SZ,20250417,11.05,8.9839,0.56,,,6.2328,3.6421,507871.0357,507871.0357,0.0
000678.SZ,20250416,11.32,10.1484,0.57,,,6.3851,3.7311,520280.5542,520280.5542,0.0
000678.SZ,20250415,11.9,15.9015,0.91,,,6.7122,3.9222,546938.0384,546938.0384,0.0
000678.SZ,20250414,11.86,14.3102,0.86,,,6.6897,3.909,545099.5912,545099.5912,0.0
000678.SZ,20250411,11.79,17.8753,1.13,,,6.6502,3.886,541882.3087,541882.3087,0.0
000678.SZ,20250410,11.37,21.6668,1.59,,,6.4133,3.7475,522578.6132,522578.6132,0.0
000678.SZ,20250409,11.47,19.8949,1.61,,,6.4697,3.7805,527174.7312,527174.7312,0.0
000678.SZ,20250408,10.46,13.2511,1.03,,,5.9,3.4476,480753.9397,480753.9397,0.0
000678.SZ,20250407,10.24,10.5701,0.73,,,5.7759,3.3751,470642.4801,470642.4801,0.0
000678.SZ,20250403,11.38,13.7461,0.84,,,6.4189,3.7508,523038.225,523038.225,0.0
000678.SZ,20250402,11.95,10.8317,0.57,,,6.7404,3.9387,549236.0974,549236.0974,0.0
000678.SZ,20250401,11.89,13.2969,0.57,,,6.7066,3.9189,546478.4266,546478.4266,0.0
000678.SZ,20250331,12.11,15.6655,0.77,,,6.8307,3.9914,556589.8862,556589.8862,0.0
000678.SZ,20250328,11.9,19.2904,0.92,,,6.7122,3.9222,546938.0384,546938.0384,0.0
000678.SZ,20250327,12.44,22.3654,1.06,,,7.0168,4.1002,571757.0755,571757.0755,0.0
000678.SZ,20250326,13.14,24.4808,1.19,,,7.4117,4.3309,603929.9013,603929.9013,0.0
000678.SZ,20250325,13.8,34.6805,1.68,,,7.7839,4.5485,634264.2799,634264.2799,0.0
000678.SZ,20250324,15.31,1.5413,0.06,,,8.6357,5.0462,703665.6612,703665.6612,0.0
000678.SZ,20250321,17.01,21.9663,0.81,,,9.5946,5.6065,781799.6667,781799.6667,0.0
000678.SZ,20250320,18.9,22.9799,0.78,,,10.6606,6.2294,868666.2963,868666.2963,0.0
000678.SZ,20250319,17.18,21.7802,0.76,,,9.6904,5.6625,789613.0672,789613.0672,0.0
000678.SZ,20250318,15.62,35.1964,1.32,,,8.8105,5.1483,717913.6269,717913.6269,0.0
000678.SZ,20250317,14.2,22.4415,0.86,,,8.0096,4.6803,652648.7517,652648.7517,0.0
000678.SZ,20250314,12.91,32.5484,1.36,,,7.2819,4.2551,593358.8299,593358.8299,0.0
000678.SZ,20250313,13.84,35.5721,1.68,,,7.8065,4.5616,636102.727,636102.727,0.0
000678.SZ,20250312,12.58,18.1356,0.79,,,7.0958,4.1464,578191.6406,578191.6406,0.0
000678.SZ,20250311,11.44,24.9571,1.16,,,6.4528,3.7706,525795.8958,525795.8958,0.0
000678.SZ,20250310,10.4,18.5781,0.85,,,5.8662,3.4278,477996.2689,477996.2689,0.0
000678.SZ,20250307,9.45,22.5363,1.14,,,5.3303,3.1147,434333.1482,434333.1482,0.0
000678.SZ,20250306,9.19,21.3704,1.18,,,5.1837,3.029,422383.2414,422383.2414,0.0
000678.SZ,20250305,8.89,27.5231,1.84,,,5.0144,2.9301,408594.8875,408594.8875,0.0
000678.SZ,20250304,8.67,17.5815,1.35,,,4.8903,2.8576,398483.428,398483.428,0.0
000678.SZ,20250303,7.88,20.3531,1.91,,,4.4447,2.5972,362174.096,362174.096,0.0
000678.SZ,20250228,8.69,12.4402,1.2,,,4.9016,2.8642,399402.6516,399402.6516,0.0
000678.SZ,20250227,7.9,12.33,1.14,,,4.456,2.6038,363093.3196,363093.3196,0.0
000678.SZ,20250226,7.6,12.0009,1.03,,,4.2868,2.505,349304.9657,349304.9657,0.0
000678.SZ,20250225,7.36,8.0543,0.68,,,4.1514,2.4258,338274.2826,338274.2826,0.0
000678.SZ,20250224,7.19,8.4623,0.78,,,4.0555,2.3698,330460.882,330460.882,0.0
000678.SZ,20250221,7.45,10.96,1.19,,,4.2022,2.4555,342410.7888,342410.7888,0.0
000678.SZ,20250220,7.63,14.7129,2.14,,,4.3037,2.5148,350683.8011,350683.8011,0.0
000678.SZ,20250219,7.32,15.7891,3.5,,,4.1289,2.4127,336435.8354,336435.8354,0.0
000678.SZ,20250218,7.05,8.8768,2.51,,,3.9766,2.3237,324026.3169,324026.3169,0.0
000678.SZ,20250217,6.81,3.8403,0.99,,,3.8412,2.2446,312995.6338,312995.6338,0.0
000678.SZ,20250214,6.58,2.6888,0.53,,,3.7115,2.1688,302424.5624,302424.5624,0.0
000678.SZ,20250213,6.67,3.2283,0.51,,,3.7622,2.1984,306561.0686,306561.0686,0.0
000678.SZ,20250212,6.84,3.9504,0.55,,,3.8581,2.2545,314374.4691,314374.4691,0.0
000678.SZ,20250211,6.79,3.9805,0.54,,,3.8299,2.238,312076.4102,312076.4102,0.0
000678.SZ,20250210,6.92,5.6267,0.72,,,3.9033,2.2808,318051.3635,318051.3635,0.0
000678.SZ,20250207,6.83,8.4368,1.03,,,3.8525,2.2512,313914.8574,313914.8574,0.0
000678.SZ,20250206,6.84,9.8221,1.42,,,3.8581,2.2545,314374.4691,314374.4691,0.0
000678.SZ,20250205,6.44,8.3539,1.38,,,3.6325,2.1226,295989.9973,295989.9973,0.0
000678.SZ,20250127,6.12,4.5173,0.78,,,3.452,2.0171,281282.4198,281282.4198,0.0
000678.SZ,20250124,6.49,8.1596,1.7,,,3.6607,2.1391,298288.0563,298288.0563,0.0
000678.SZ,20250123,6.41,10.2898,3.0,,,3.6156,2.1127,294611.1619,294611.1619,0.0
000678.SZ,20250122,6.17,3.1682,0.86,,,3.4802,2.0336,283580.4787,283580.4787,0.0
000678.SZ,20250121,6.4,4.1992,1.02,,,3.6099,2.1094,294151.5501,294151.5501,0.0
000678.SZ,20250120,6.28,3.3101,0.77,,,3.5423,2.0699,288636.2085,288636.2085,0.0
000678.SZ,20250117,6.2,3.1021,0.65,,,3.4971,2.0435,284959.3141,284959.3141,0.0
000678.SZ,20250116,6.32,3.3944,0.7,,,3.5648,2.0831,290474.6557,290474.6557,0.0
000678.SZ,20250115,6.29,4.4679,0.91,,,3.5479,2.0732,289095.8203,289095.8203,0.0
000678.SZ,20250114,6.25,6.2992,1.33,,,3.5253,2.06,287257.3731,287257.3731,0.0
000678.SZ,20250113,5.85,4.2591,0.84,,,3.2997,1.9282,268872.9012,268872.9012,0.0
000678.SZ,20250110,5.78,5.5897,0.93,,,3.2602,1.9051,265655.6187,265655.6187,0.0
000678.SZ,20250109,5.88,3.5081,0.44,,,3.3166,1.938,270251.7366,270251.7366,0.0
300585.SZ,20260702,16.62,3.6851,0.92,,,4.4878,6.0934,284386.6482,284386.6482,
300585.SZ,20260701,16.81,5.1451,1.4,,,4.5391,6.1631,287637.7591,287637.7591,
300585.SZ,20260630,16.33,5.8586,1.86,,,4.4095,5.9871,279424.4263,279424.4263,
300585.SZ,20260629,15.4,2.6952,0.81,,,4.1584,5.6461,263511.094,263511.094,
300585.SZ,20260626,16.14,3.2818,1.01,,,4.3582,5.9174,276173.3154,276173.3154,
300585.SZ,20260625,16.13,3.1123,1.03,,,4.3555,5.9137,276002.2043,276002.2043,
300585.SZ,20260624,16.7,3.457,1.19,,,4.5094,6.1227,285755.537,285755.537,
300585.SZ,20260623,17.29,3.2394,1.21,,,4.6688,6.339,295851.0919,295851.0919,
300585.SZ,20260622,17.7,3.5073,1.32,,,4.7795,6.4894,302866.647,302866.647,
300585.SZ,20260618,17.92,2.8989,1.11,,,4.8389,6.57,306631.0912,306631.0912,
300585.SZ,20260617,17.9,1.9672,0.7,,,4.8335,6.5627,306288.869,306288.869,
300585.SZ,20260616,18.2,2.91,0.98,,,4.9145,6.6727,311422.202,311422.202,
300585.SZ,20260615,17.93,2.0558,0.57,,,4.8416,6.5737,306802.2023,306802.2023,
300585.SZ,20260612,17.67,3.4154,0.83,,,4.7714,6.4784,302353.3137,302353.3137,
300585.SZ,20260611,17.93,2.6615,0.64,,,4.8416,6.5737,306802.222,306802.222,
300585.SZ,20260610,17.91,3.0311,0.73,,,4.8362,6.5663,306459.9998,306459.9998,
300585.SZ,20260609,18.56,3.6404,0.89,,,5.0117,6.8047,317582.222,317582.222,
300585.SZ,20260608,18.88,5.1283,1.3,,,5.0981,6.922,323057.7776,323057.7776,
300585.SZ,20260605,19.05,6.1243,1.62,,,5.144,6.9843,325966.6665,325966.6665,
300585.SZ,20260604,18.24,2.7506,0.63,,,4.9253,6.6873,312106.6665,312106.6665,
300585.SZ,20260603,18.22,3.0171,0.67,,,4.9199,6.68,311764.4442,311764.4442,
300585.SZ,20260602,18.15,3.3765,0.7,,,4.901,6.6543,310566.6665,310566.6665,
300585.SZ,20260601,18.27,4.5089,0.81,,,4.9334,6.6983,312619.9998,312619.9998,
300585.SZ,20260529,18.39,5.2388,0.85,,,4.9658,6.7423,314673.3331,314673.3331,
300585.SZ,20260528,20.15,5.8402,0.93,,,5.441,7.3876,344788.8887,344788.8887,
300585.SZ,20260527,19.17,3.6167,0.55,,,5.1764,7.0283,328019.9998,328019.9998,
300585.SZ,20260526,19.43,5.0198,0.76,,,5.2466,7.1236,332468.8887,332468.8887,
300585.SZ,20260525,20.32,7.9544,1.27,,,5.4869,7.4499,347697.7776,347697.7776,
300585.SZ,20260522,20.79,8.4964,1.52,,,5.6138,7.6222,355739.9998,355739.9998,
300585.SZ,20260521,22.14,6.1995,1.09,,,5.9784,8.1172,378839.9998,378839.9998,
300585.SZ,20260520,22.91,5.0248,0.89,,,6.1863,8.3995,392015.5553,392015.5553,
300585.SZ,20260519,22.9,5.289,0.85,,,6.1836,8.3958,391844.4442,391844.4442,
300585.SZ,20260518,23.29,6.2614,1.0,,,6.2889,8.5388,398517.7775,398517.7775,
300585.SZ,20260515,22.27,5.1792,0.81,,,6.0135,8.1649,381064.4442,381064.4442,
300585.SZ,20260514,22.18,6.6622,0.95,,,5.9892,8.1319,379524.4442,379524.4442,
300585.SZ,20260513,21.84,4.8087,0.66,,,5.8974,8.0072,373706.6664,373706.6664,
300585.SZ,20260512,21.68,8.269,1.17,,,5.8542,7.9485,370968.8886,370968.8886,
300585.SZ,20260511,21.16,6.3031,0.9,,,5.7138,7.7579,362071.1109,362071.1109,
300585.SZ,20260508,21.7,5.749,0.73,,,5.8596,7.9559,371311.1109,371311.1109,
300585.SZ,20260507,21.77,9.7593,1.41,,,5.8785,7.9815,372508.8886,372508.8886,
300585.SZ,20260506,19.77,6.1211,0.92,,,5.3384,7.2483,338286.6664,338286.6664,
300585.SZ,20260430,19.51,7.2846,1.19,,,5.2682,7.153,333837.7776,333837.7776,
300585.SZ,20260429,20.15,6.188,1.01,,,5.441,7.3876,344788.8887,344788.8887,
300585.SZ,20260428,19.85,10.0256,2.01,,,5.36,7.2776,339655.5553,339655.5553,
300585.SZ,20260427,19.1,4.8886,1.0,,,5.1158,7.0026,326822.222,326822.222,
300585.SZ,20260424,18.93,5.0049,1.0,,,5.0703,6.9403,323913.3331,323913.3331,
300585.SZ,20260423,19.09,4.6071,0.91,,,5.1131,6.999,326651.1109,326651.1109,
300585.SZ,20260422,18.91,6.2518,1.18,,,5.0649,6.933,323571.1109,323571.1109,
300585.SZ,20260421,18.36,4.2326,0.61,,,4.9176,6.7313,314159.9998,314159.9998,
300585.SZ,20260420,18.22,4.2685,0.55,,,4.8801,6.68,311764.4442,311764.4442,
300585.SZ,20260417,18.18,5.6631,0.78,,,4.8694,6.6653,311079.9998,311079.9998,
300585.SZ,20260416,17.6,4.9438,0.69,,,4.7141,6.4527,301155.5554,301155.5554,
300585.SZ,20260415,17.68,7.4413,1.23,,,4.7355,6.482,302524.4442,302524.4442,
300585.SZ,20260414,18.36,12.4879,3.15,,,4.4096,7.1374,314159.9998,314159.9998,
300585.SZ,20260413,17.03,7.9521,2.81,,,4.0902,6.6204,291402.222,291402.222,
300585.SZ,20260410,16.08,3.2642,1.21,,,3.862,6.2511,275146.6665,275146.6665,
300585.SZ,20260409,16.01,4.5065,1.81,,,3.8452,6.2239,273948.8887,273948.8887,
300585.SZ,20260408,15.95,2.042,0.66,,,3.8308,6.2006,272922.222,272922.222,
300585.SZ,20260407,15.38,2.0377,0.49,,,3.6939,5.979,263168.8887,263168.8887,
300585.SZ,20260403,15.51,2.3159,0.56,,,3.7251,6.0295,265393.3332,265393.3332,
300585.SZ,20260402,16.12,2.5657,0.63,,,3.8717,6.2666,275831.1109,275831.1109,
300585.SZ,20260401,16.32,3.4693,0.91,,,3.9197,6.3444,279253.3332,279253.3332,
300585.SZ,20260331,15.95,5.0299,1.55,,,3.8308,6.2006,272922.222,272922.222,
300585.SZ,20260330,16.5,7.4254,3.05,,,3.9629,6.4144,282333.3332,282333.3332,
300585.SZ,20260327,15.18,2.2241,0.91,,,3.6459,5.9012,259746.6665,259746.6665,
300585.SZ,20260326,14.74,2.0845,0.87,,,3.5402,5.7302,252217.7776,252217.7776,
300585.SZ,20260325,15.03,2.2729,0.98,,,3.6099,5.8429,257179.9998,257179.9998,
300585.SZ,20260324,14.83,2.2344,0.95,,,3.5618,5.7652,253757.7776,253757.7776,
300585.SZ,20260323,14.27,3.3446,1.55,,,3.4273,5.5475,244175.5554,244175.5554,
300585.SZ,20260320,15.3,2.3354,1.1,,,3.6747,5.9479,261799.9998,261799.9998,
300585.SZ,20260319,15.93,1.833,0.8,,,3.826,6.1928,272579.9998,272579.9998,
300585.SZ,20260318,16.39,1.8344,0.65,,,3.9365,6.3716,280451.1109,280451.1109,
300585.SZ,20260317,16.14,2.3923,0.75,,,3.8765,6.2744,276173.3332,276173.3332,
300585.SZ,20260316,16.67,2.3688,0.72,,,4.0037,6.4805,285242.222,285242.222,
300585.SZ,20260313,16.44,2.2162,0.66,,,3.9485,6.391,281306.6665,281306.6665,
300585.SZ,20260312,16.49,2.6544,0.79,,,3.9605,6.4105,282162.222,282162.222,
300585.SZ,20260311,16.79,4.5056,1.49,,,4.0326,6.5271,287295.5554,287295.5554,
300585.SZ,20260310,16.47,4.2336,1.51,,,3.9557,6.4027,281819.9998,281819.9998,
300585.SZ,20260309,15.84,2.7511,0.88,,,3.8044,6.1578,271039.9998,271039.9998,
300585.SZ,20260306,15.86,2.5234,0.75,,,3.8092,6.1656,271382.222,271382.222,
300585.SZ,20260305,15.66,2.8357,0.83,,,3.7612,6.0878,267959.9998,267959.9998,
300585.SZ,20260304,15.6,2.7544,0.69,,,3.7468,6.0645,266933.3332,266933.3332,
300585.SZ,20260303,15.56,3.1766,0.61,,,3.7372,6.0489,266248.8887,266248.8887,
300585.SZ,20260302,16.16,4.4084,0.85,,,3.8813,6.2822,276515.5554,276515.5554,
300585.SZ,20260227,16.91,3.7603,0.77,,,4.0614,6.5738,289348.8887,289348.8887,
300585.SZ,20260226,16.91,2.8821,0.61,,,4.0614,6.5738,289348.8887,289348.8887,
300585.SZ,20260225,16.88,5.6155,1.34,,,4.0542,6.5621,288835.5554,288835.5554,
300585.SZ,20260224,16.59,9.1632,2.79,,,3.9845,6.4494,283873.3331,283873.3331,
300585.SZ,20260213,18.2,4.3843,1.53,,,4.3712,7.0752,311422.222,311422.222,
300585.SZ,20260212,17.65,2.5132,0.93,,,4.2391,6.8614,302011.1109,302011.1109,
300585.SZ,20260211,17.6,2.1395,0.79,,,4.2271,6.842,301155.5554,301155.5554,
300585.SZ,20260210,17.85,2.6925,1.07,,,4.2872,6.9392,305433.3331,305433.3331,
300585.SZ,20260209,18.19,4.7152,2.14,,,4.3688,7.0713,311251.1109,311251.1109,
300585.SZ,20260206,17.37,2.2958,1.0,,,4.1719,6.7526,297219.9998,297219.9998,
300585.SZ,20260205,17.05,1.6031,0.6,,,4.095,6.6282,291744.4443,291744.4443,
300585.SZ,20260204,17.36,2.1806,0.77,,,4.1695,6.7487,297048.8887,297048.8887,
300585.SZ,20260203,17.22,1.8179,0.56,,,4.1358,6.6943,294653.3331,294653.3331,
300585.SZ,20260202,16.87,3.096,0.85,,,4.0518,6.5582,288664.4443,288664.4443,
300585.SZ,20260130,17.47,2.8229,0.62,,,4.1959,6.7915,298931.1109,298931.1109,
300585.SZ,20260129,17.17,3.4589,0.8,,,4.1238,6.6748,293797.7776,293797.7776,
300585.SZ,20260128,17.74,2.9741,0.67,,,4.2607,6.8964,303551.1109,303551.1109,
300585.SZ,20260127,18.26,3.8099,0.84,,,4.3856,7.0986,312448.8887,312448.8887,
300585.SZ,20260126,18.13,5.0847,1.24,,,4.3544,7.048,310224.4442,310224.4442,
300585.SZ,20260123,18.99,7.3611,2.19,,,4.561,7.3823,324939.9998,324939.9998,
300585.SZ,20260122,18.07,2.2802,0.65,,,4.34,7.0247,309197.7776,309197.7776,
300585.SZ,20260121,17.87,3.7702,0.99,,,4.292,6.9469,305775.5554,305775.5554,
300585.SZ,20260120,18.06,4.092,1.02,,,4.3376,7.0208,309026.6665,309026.6665,
300585.SZ,20260119,18.32,2.974,0.59,,,4.4,7.1219,313475.5554,313475.5554,
300585.SZ,20260116,18.45,3.7206,0.66,,,4.4313,7.1724,315699.9998,315699.9998,0.0
300585.SZ,20260115,18.41,3.0274,0.44,,,4.4217,7.1569,315015.5554,315015.5554,0.0
300585.SZ,20260114,18.4,5.1768,0.7,,,4.4193,7.153,314844.4442,314844.4442,0.0
300585.SZ,20260113,18.61,5.2323,0.55,,,4.4697,7.2346,318437.7776,318437.7776,0.0
300585.SZ,20260112,19.23,8.0089,0.85,,,4.6186,7.4756,329046.6665,329046.6665,0.0
300585.SZ,20260109,19.39,6.6764,0.67,,,4.657,7.5378,331784.4442,331784.4442,0.0
300585.SZ,20260108,19.25,8.9361,0.83,,,4.6234,7.4834,329388.8887,329388.8887,0.0
300585.SZ,20260107,18.45,8.2942,0.67,,,4.4313,7.1724,315699.9998,315699.9998,0.0
300585.SZ,20260106,19.12,15.9694,1.4,,,4.5922,7.4329,327164.4442,327164.4442,0.0
300585.SZ,20260105,17.57,7.374,0.67,,,4.2199,6.8303,300642.222,300642.222,0.0
300585.SZ,20251231,17.79,9.6051,0.97,,,4.2727,6.9158,304406.6665,304406.6665,0.0562
300585.SZ,20251230,18.25,12.6217,1.48,,,4.3832,7.0947,312277.7776,312277.7776,0.0548
300585.SZ,20251229,19.91,15.9295,2.21,,,4.7819,7.74,340682.222,340682.222,0.0502
300585.SZ,20251219,22.68,11.5559,1.8,,,5.4472,8.8168,388079.9997,388079.9997,0.0441
300585.SZ,20251218,20.81,4.9652,0.77,,,4.9981,8.0899,356082.222,356082.222,0.0481
300585.SZ,20251217,20.74,4.6098,0.73,,,4.9813,8.0627,354884.4442,354884.4442,0.0482
300585.SZ,20251216,20.96,5.5028,0.88,,,5.0341,8.1482,358648.8887,358648.8887,0.0477
300585.SZ,20251215,21.55,9.3706,1.67,,,5.1758,8.3775,368744.4442,368744.4442,0.0464
300585.SZ,20251212,21.1,7.6932,1.48,,,5.0677,8.2026,361044.4442,361044.4442,0.0474
300585.SZ,20251211,20.45,4.8713,0.93,,,4.9116,7.9499,349922.222,349922.222,0.0489
300585.SZ,20251210,20.44,4.0745,0.76,,,4.9092,7.946,349751.1109,349751.1109,0.0489
300585.SZ,20251209,20.58,5.1243,1.01,,,4.9428,8.0005,352146.6664,352146.6664,0.0486
300585.SZ,20251208,20.25,6.3152,1.29,,,4.8636,7.8722,346499.9998,346499.9998,0.0494
300585.SZ,20251205,20.65,5.6456,1.04,,,4.9597,8.0277,353344.4442,353344.4442,0.0484
300585.SZ,20251204,19.95,5.0951,0.75,,,4.7915,7.7555,341366.6664,341366.6664,0.0501
300585.SZ,20251203,19.75,4.4873,0.68,,,4.7435,7.6778,337944.4442,337944.4442,0.0506
300585.SZ,20251202,19.56,3.7795,0.59,,,4.6979,7.6039,334693.3331,334693.3331,0.0511
300585.SZ,20251201,19.77,5.3774,0.88,,,4.7483,7.6856,338286.6664,338286.6664,0.0506
300585.SZ,20251128,19.24,8.3449,1.53,,,4.621,7.4795,329217.7776,329217.7776,0.052
300585.SZ,20251127,18.0,11.7798,3.02,,,4.3232,6.9975,307999.9998,307999.9998,0.0556
300585.SZ,20251126,20.37,3.717,0.89,,,4.8924,7.9188,348553.3331,348553.3331,0.0491
300585.SZ,20251125,19.94,2.9383,0.66,,,4.7891,7.7517,341195.5553,341195.5553,0.0502
300585.SZ,20251124,19.5,3.6844,0.73,,,4.6834,7.5806,333666.6665,333666.6665,0.0513
300585.SZ,20251121,19.07,5.1645,1.04,,,4.5802,7.4134,326308.8887,326308.8887,0.0524
300585.SZ,20251120,19.88,4.018,0.77,,,4.7747,7.7283,340168.8887,340168.8887,0.0503
300585.SZ,20251119,20.23,5.163,0.98,,,4.8588,7.8644,346157.7776,346157.7776,0.0494
300585.SZ,20251118,19.92,4.2406,0.77,,,4.7843,7.7439,340853.3331,340853.3331,0.0502
300585.SZ,20251117,19.84,6.5138,1.11,,,4.7651,7.7128,339484.4442,339484.4442,0.0504
300585.SZ,20251114,20.84,4.8837,0.64,,,5.0053,8.1015,356595.5553,356595.5553,0.048
300585.SZ,20251113,21.14,5.3499,0.69,,,5.0773,8.2182,361728.8887,361728.8887,0.0473
300585.SZ,20251112,21.05,5.4369,0.71,,,5.0557,8.1832,360188.8887,360188.8887,0.0475
300585.SZ,20251111,21.9,5.2286,0.67,,,5.2599,8.5136,374733.3331,374733.3331,0.0457
300585.SZ,20251110,22.2,8.3636,1.09,,,5.3319,8.6302,379866.6664,379866.6664,0.045
300585.SZ,20251107,22.94,13.5813,2.17,,,5.5097,8.9179,392528.8886,392528.8886,0.0436
300585.SZ,20251106,21.08,5.937,0.88,,,5.0629,8.1948,360702.222,360702.222,0.0474
300585.SZ,20251105,20.86,5.0496,0.71,,,5.0101,8.1093,356937.7775,356937.7775,0.0479
300585.SZ,20251104,21.01,6.0516,0.75,,,5.0461,8.1676,359504.4442,359504.4442,0.0476
300585.SZ,20251103,21.71,7.8616,0.93,,,5.2142,8.4397,371482.222,371482.222,0.0461
300585.SZ,20251031,21.16,6.4509,0.63,,,5.0821,8.2259,362071.1109,362071.1109,0.0473
300585.SZ,20251030,21.08,8.1753,0.8,,,5.0629,8.1948,360702.222,360702.222,0.0474
300585.SZ,20251029,20.81,7.0818,0.74,,,4.9981,8.0899,356082.222,356082.222,0.0481
300585.SZ,20251028,20.62,10.7912,1.24,,,4.9524,8.016,352831.1109,352831.1109,0.0485
300585.SZ,20251027,20.25,9.9712,1.27,,,4.8761,7.8722,346499.9998,346499.9998,0.0494
300585.SZ,20251024,21.09,15.3119,2.53,,,5.0784,8.1987,360873.3331,360873.3331,0.0474
300585.SZ,20251023,19.3,7.7727,1.39,,,4.6474,7.5029,330244.4442,330244.4442,0.0518
300585.SZ,20251022,18.59,4.146,0.63,,,4.4764,7.2268,318095.5553,318095.5553,0.0538
300585.SZ,20251021,18.82,6.2532,0.84,,,4.5318,7.3163,322031.1109,322031.1109,0.0531
300585.SZ,20251020,18.39,5.6972,0.76,,,4.4282,7.1491,314673.3331,314673.3331,0.0544
300585.SZ,20251017,17.83,6.407,0.9,,,4.2934,6.9314,305091.1109,305091.1109,0.0561
300585.SZ,20251016,18.28,5.4929,0.77,,,4.4018,7.1063,312791.1109,312791.1109,0.0547
300585.SZ,20251015,18.57,8.868,1.27,,,4.4716,7.2191,317753.3331,317753.3331,0.0538
300585.SZ,20251014,17.82,10.7195,1.4,,,4.291,6.9275,304919.9998,304919.9998,0.0561
300585.SZ,20251013,16.85,6.2209,0.9,,,4.0574,6.5504,288322.222,288322.222,0.0593
300585.SZ,20251010,17.11,4.4503,0.66,,,4.12,6.6515,292771.1109,292771.1109,0.0584
300585.SZ,20251009,17.27,5.4664,0.87,,,4.1586,6.7137,295508.8887,295508.8887,0.0579
300585.SZ,20250930,17.35,8.0069,1.44,,,4.1778,6.7448,296877.7776,296877.7776,0.0576
300585.SZ,20250929,17.66,14.1135,4.0,,,4.2525,6.8653,302182.222,302182.222,0.0566
300585.SZ,20250926,15.68,2.7022,0.66,,,3.7757,6.0956,268302.222,268302.222,0.0638
300585.SZ,20250925,15.78,3.581,0.75,,,3.7998,6.1345,270013.3332,270013.3332,0.0634
300585.SZ,20250924,16.16,3.0119,0.6,,,3.8913,6.2822,276515.5554,276515.5554,0.0619
300585.SZ,20250923,16.35,4.4209,0.81,,,3.937,6.3561,279766.6665,279766.6665,0.0612
300585.SZ,20250922,16.6,3.9436,0.68,,,3.9972,6.4532,284044.4443,284044.4443,0.0602
300585.SZ,20250919,16.31,5.3771,0.81,,,3.9274,6.3405,279082.222,279082.222,0.0613
300585.SZ,20250918,16.8,7.1451,1.19,,,4.0454,6.531,287466.6665,287466.6665,0.0595
300585.SZ,20250917,17.07,4.3436,0.75,,,4.1104,6.636,292086.6665,292086.6665,0.0586
300585.SZ,20250916,17.01,6.3966,1.22,,,4.0959,6.6126,291059.9998,291059.9998,0.0588
300585.SZ,20250915,16.61,5.6726,1.08,,,3.9996,6.4571,284215.5554,284215.5554,0.0602
300585.SZ,20250912,16.91,9.6756,2.36,,,4.0719,6.5738,289348.8887,289348.8887,0.0591
300585.SZ,20250911,16.41,3.8451,0.94,,,3.9515,6.3794,280793.3332,280793.3332,0.0609
300585.SZ,20250910,16.46,3.3407,0.73,,,3.9635,6.3988,281648.8887,281648.8887,0.0608
300585.SZ,20250909,16.42,3.6393,0.67,,,3.9539,6.3833,280964.4443,280964.4443,0.0609
300585.SZ,20250908,16.55,5.7064,0.91,,,3.9852,6.4338,283188.8887,283188.8887,0.0604
300585.SZ,20250905,15.97,3.929,0.56,,,3.8455,6.2083,273264.4443,273264.4443,0.0626
300585.SZ,20250904,15.61,3.8716,0.49,,,3.7588,6.0684,267104.4443,267104.4443,0.0641
300585.SZ,20250903,15.78,5.6855,0.71,,,3.7998,6.1345,270013.3332,270013.3332,0.0634
300585.SZ,20250902,16.3,7.7827,0.98,,,3.925,6.3366,278911.1109,278911.1109,0.0613
300585.SZ,20250901,16.63,10.1524,1.53,,,4.0044,6.4649,284557.7776,284557.7776,0.0601
300585.SZ,20250829,16.24,7.6928,1.35,,,3.9105,6.3133,277884.4443,277884.4443,0.0616
300585.SZ,20250828,15.83,7.8085,1.64,,,3.8118,6.1539,270868.8887,270868.8887,0.0632
300585.SZ,20250827,15.53,6.6352,1.7,,,3.7396,6.0373,265735.5554,265735.5554,0.0644
300585.SZ,20250826,15.96,7.2231,2.34,,,3.8431,6.2044,273093.3332,273093.3332,0.0627
300585.SZ,20250825,15.76,3.9211,1.35,,,3.8193,6.1267,269671.1109,269671.1109,0.0635
300585.SZ,20250822,15.58,2.9847,1.0,,,3.7757,6.0567,266591.1109,266591.1109,0.0642
300585.SZ,20250821,15.59,2.9975,0.85,,,3.7781,6.0606,266762.222,266762.222,0.0641
300585.SZ,20250820,15.6,2.3618,0.65,,,3.7805,6.0645,266933.3332,266933.3332,0.0641
300585.SZ,20250819,15.56,3.2003,0.91,,,3.7708,6.0489,266248.8887,266248.8887,0.0643
300585.SZ,20250818,15.45,3.0181,0.76,,,3.7442,6.0062,264366.6665,264366.6665,0.0647
300585.SZ,20250815,15.19,3.3914,0.91,,,3.6812,5.9051,259917.7776,259917.7776,0.0658
300585.SZ,20250814,14.89,5.6626,1.86,,,3.6085,5.7885,254784.4443,254784.4443,0.0672
300585.SZ,20250813,15.74,2.9794,0.97,,,3.8145,6.1189,269328.8887,269328.8887,0.0635
300585.SZ,20250812,15.66,2.5703,0.74,,,3.7951,6.0878,267959.9998,267959.9998,0.0639
300585.SZ,20250811,15.85,5.2076,1.62,,,3.8411,6.1617,271211.1109,271211.1109,0.0631
300585.SZ,20250808,15.4,2.1562,0.65,,,3.7321,5.9867,263511.1109,263511.1109,0.0649
300585.SZ,20250807,15.52,2.2815,0.68,,,3.7612,6.0334,265564.4443,265564.4443,0.0644
300585.SZ,20250806,15.62,3.0814,0.93,,,3.7854,6.0723,267275.5554,267275.5554,0.064
300585.SZ,20250805,15.6,4.742,1.53,,,3.7805,6.0645,266933.3332,266933.3332,0.0641
300585.SZ,20250804,15.25,3.8175,1.29,,,3.6957,5.9284,260944.4443,260944.4443,0.0656
300585.SZ,20250801,14.95,2.5965,0.88,,,3.623,5.8118,255811.1109,255811.1109,0.0669
300585.SZ,20250731,14.73,2.4876,0.88,,,3.5697,5.7263,252046.6665,252046.6665,0.0679
300585.SZ,20250730,15.03,2.9484,1.1,,,3.6424,5.8429,257179.9998,257179.9998,0.0665
300585.SZ,20250729,15.3,3.6864,1.42,,,3.7078,5.9479,261799.9998,261799.9998,0.0654
300585.SZ,20250728,15.41,3.0908,1.18,,,3.7345,5.9906,263682.2221,263682.2221,0.0649
300585.SZ,20250725,15.25,2.5033,0.94,,,3.6957,5.9284,260944.4443,260944.4443,0.0656
300585.SZ,20250724,15.0,1.845,0.68,,,3.6351,5.8312,256666.6665,256666.6665,0.0667
300585.SZ,20250723,14.9,2.2662,0.77,,,3.6109,5.7924,254955.5554,254955.5554,0.0671
300585.SZ,20250722,15.17,3.2857,1.11,,,3.6763,5.8973,259575.5554,259575.5554,0.0659
300585.SZ,20250721,15.31,3.2231,1.21,,,3.7103,5.9518,261971.1109,261971.1109,0.0653
300585.SZ,20250718,15.25,2.7542,0.91,,,3.6957,5.9284,260944.4443,260944.4443,0.0656
300585.SZ,20250717,15.18,2.0019,0.64,,,3.6788,5.9012,259746.6665,259746.6665,0.0659
300585.SZ,20250716,15.12,3.5038,1.18,,,3.6642,5.8779,258719.9998,258719.9998,0.0661
300585.SZ,20250715,14.82,3.2876,1.08,,,3.5915,5.7613,253586.6665,253586.6665,0.0675
300585.SZ,20250714,15.05,1.8031,0.45,,,3.6473,5.8507,257522.2221,257522.2221,0.0664
300585.SZ,20250711,15.08,4.5039,1.23,,,3.6545,5.8623,258035.5554,258035.5554,0.0663
300585.SZ,20250710,15.37,2.4538,0.59,,,3.7248,5.9751,262997.7776,262997.7776,0.0651
300585.SZ,20250709,15.4,2.7729,0.54,,,3.7321,5.9867,263511.1109,263511.1109,0.0649
300585.SZ,20250708,15.59,3.7149,0.76,,,3.7781,6.0606,266762.222,266762.222,0.0641
300585.SZ,20250707,15.87,6.6021,1.54,,,3.846,6.1695,271553.3332,271553.3332,0.063
300585.SZ,20250704,14.81,2.7751,0.58,,,3.5891,5.7574,253415.5554,253415.5554,0.0675
300585.SZ,20250703,15.17,4.9572,1.13,,,3.6763,5.8973,259575.5554,259575.5554,0.0659
300585.SZ,20250702,14.75,7.5799,2.24,,,3.5745,5.7341,252388.8887,252388.8887,0.0678
300585.SZ,20250701,15.9,2.6603,0.73,,,3.8532,6.1811,272066.6665,272066.6665,0.0629
300585.SZ,20250630,15.85,3.438,0.96,,,3.8411,6.1617,271211.1109,271211.1109,0.0631
300585.SZ,20250627,15.86,5.2859,1.91,,,3.8435,6.1656,271382.222,271382.222,0.0631
300585.SZ,20250626,16.2,2.9137,1.12,,,3.9259,6.2977,277199.9998,277199.9998,0.0617
300585.SZ,20250625,16.11,2.6449,1.04,,,3.9041,6.2628,275659.9998,275659.9998,0.0621
300585.SZ,20250624,16.34,3.8936,1.79,,,3.9599,6.3522,279595.5554,279595.5554,0.0612
300585.SZ,20250623,15.71,3.1412,1.57,,,3.8072,6.1073,268815.5554,268815.5554,0.0637
300585.SZ,20250620,15.03,1.2782,0.47,,,3.6424,5.8429,257179.9998,257179.9998,0.0665
300585.SZ,20250619,15.13,2.0407,0.7,,,3.6666,5.8818,258891.1109,258891.1109,0.0661
300585.SZ,20250618,15.63,2.4175,0.81,,,3.7878,6.0762,267446.6665,267446.6665,0.064
300585.SZ,20250617,15.43,1.9973,0.58,,,3.7393,5.9984,264024.4443,264024.4443,0.0648
300585.SZ,20250616,15.21,2.2603,0.56,,,3.686,5.9129,260259.9998,260259.9998,0.0657
300585.SZ,20250613,15.51,4.8364,1.45,,,3.7587,6.0295,265393.3332,265393.3332,0.0645
300585.SZ,20250612,15.81,3.065,0.93,,,3.8314,6.1461,270526.6665,270526.6665,0.0633
300585.SZ,20250611,15.41,2.6793,0.82,,,3.7345,5.9906,263682.2221,263682.2221,0.0649
300585.SZ,20250610,15.18,4.2489,1.54,,,3.6788,5.9012,259746.6665,259746.6665,0.0659
300585.SZ,20250609,15.27,5.2787,2.27,,,3.7006,5.9362,261286.6665,261286.6665,0.0655
300585.SZ,20250606,14.52,1.4052,0.54,,,3.5188,5.6446,248453.3332,248453.3332,0.0689
300585.SZ,20250605,14.48,2.8263,1.14,,,3.5091,5.6291,247768.8887,247768.8887,0.0691
300585.SZ,20250604,14.39,2.5128,0.88,,,3.4873,5.5941,246228.8887,246228.8887,0.0695
300585.SZ,20250603,14.12,1.7507,0.48,,,3.4219,5.4891,241608.8887,241608.8887,0.0708
300585.SZ,20250530,14.09,3.1069,0.85,,,3.4146,5.4775,241095.5554,241095.5554,0.071
300585.SZ,20250529,14.5,2.7047,0.73,,,3.514,5.6369,248111.111,248111.111,0.069
300585.SZ,20250528,14.23,2.3339,0.6,,,3.4485,5.5319,243491.111,243491.111,0.0703
300585.SZ,20250527,14.47,4.4404,1.27,,,3.5067,5.6252,247597.7776,247597.7776,0.0691
300585.SZ,20250526,14.31,5.4797,1.91,,,3.4679,5.563,244859.9998,244859.9998,0.0699
300585.SZ,20250523,14.27,3.3109,1.26,,,3.4582,5.5475,244175.5554,244175.5554,0.0701
300585.SZ,20250522,14.24,2.9825,1.22,,,3.451,5.5358,243662.2221,243662.2221,0.0702
300585.SZ,20250521,14.22,3.1031,1.46,,,3.4461,5.528,243319.9998,243319.9998,0.0703
300585.SZ,20250520,14.26,2.5611,1.3,,,3.4558,5.5436,244004.4443,244004.4443,0.0701
300585.SZ,20250519,14.0,2.3645,1.34,,,3.3928,5.4425,239555.5554,239555.5554,0.0714
300585.SZ,20250516,13.89,2.1002,1.22,,,3.3661,5.3997,237673.3332,237673.3332,0.072
300585.SZ,20250515,13.61,2.0839,1.19,,,3.2983,5.2909,232882.2221,232882.2221,0.0735
300585.SZ,20250514,13.78,1.5528,0.8,,,3.3395,5.357,235791.111,235791.111,0.0726
300585.SZ,20250513,13.85,1.7188,0.84,,,3.3564,5.3842,236988.8887,236988.8887,0.0722
300585.SZ,20250512,14.1,1.3522,0.64,,,3.417,5.4814,241266.6665,241266.6665,0.0709
300585.SZ,20250509,13.83,1.8849,0.86,,,3.3516,5.3764,236646.6665,236646.6665,0.0723
300585.SZ,20250508,14.13,2.2291,1.08,,,3.4243,5.493,241779.9998,241779.9998,0.0708
300585.SZ,20250507,13.85,2.5718,1.39,,,3.3564,5.3842,236988.8887,236988.8887,0.0722
300585.SZ,20250506,13.69,2.234,1.21,,,3.3177,5.322,234251.111,234251.111,0.073
300585.SZ,20250430,13.27,1.6911,0.83,,,3.2159,5.1587,227064.4443,227064.4443,0.0754
300585.SZ,20250429,12.97,2.2669,1.2,,,3.1432,5.0421,221931.111,221931.111,0.0771
300585.SZ,20250428,12.5,1.5564,0.83,,,3.0293,4.8594,213888.8888,213888.8888,0.08
300585.SZ,20250425,12.73,1.5019,0.79,,,3.085,4.9488,217824.4443,217824.4443,0.0786
300585.SZ,20250424,12.71,2.2231,1.26,,,3.0802,4.941,217482.2221,217482.2221,0.0787
300585.SZ,20250423,13.04,2.616,1.55,,,3.1601,5.0693,223128.8887,223128.8887,0.0767
300585.SZ,20250422,12.64,1.5155,0.88,,,3.0632,4.9138,216284.4443,216284.4443,0.0791
300585.SZ,20250421,12.7,1.4708,0.79,415.9734,,3.0317,4.451,217311.111,217311.111,0.0787
300585.SZ,20250418,12.52,1.6663,0.82,410.0777,,2.9887,4.3879,214231.111,214231.111,0.0799
300585.SZ,20250417,12.61,1.5477,0.62,413.0256,,3.0102,4.4194,215771.111,215771.111,0.0793
300585.SZ,20250416,12.58,2.2243,0.76,412.043,,3.003,4.4089,215257.7776,215257.7776,0.0795
300585.SZ,20250415,12.94,1.7186,0.5,423.8343,,3.089,4.5351,221417.7776,221417.7776,0.0773
300585.SZ,20250414,12.92,2.1657,0.57,423.1793,,3.0842,4.5281,221075.5554,221075.5554,0.0774
300585.SZ,20250411,12.6,2.5327,0.68,412.698,,3.0078,4.4159,215599.9999,215599.9999,0.0794
300585.SZ,20250410,12.53,3.799,1.17,410.4053,,2.9911,4.3914,214402.2221,214402.2221,0.0798
300585.SZ,20250409,12.03,4.4192,1.64,394.0284,,2.8717,4.2161,205846.6665,205846.6665,0.0831
300585.SZ,20250408,11.65,4.2641,1.87,381.5819,,2.781,4.083,199344.4443,199344.4443,0.0858
300585.SZ,20250407,11.68,3.8404,2.04,382.5645,,2.7882,4.0935,199857.7776,199857.7776,0.0856
300585.SZ,20250403,14.6,2.324,1.26,478.2057,,3.4852,5.1169,249822.2221,249822.2221,0.0685
300585.SZ,20250402,14.97,1.3353,0.66,490.3246,,3.5735,5.2465,256153.3332,256153.3332,0.0668
300585.SZ,20250401,14.89,1.6955,0.81,487.7043,,3.5544,5.2185,254784.4443,254784.4443,0.0672
300585.SZ,20250331,14.89,2.2262,0.97,487.7043,,3.5544,5.2185,254784.4443,254784.4443,0.0672
300585.SZ,20250328,15.01,1.8307,0.65,491.6347,,3.5831,5.2605,256837.7776,256837.7776,0.0666
300585.SZ,20250327,15.25,2.1473,0.62,499.4957,,3.6404,5.3447,260944.4443,260944.4443,0.0656
300585.SZ,20250326,15.65,2.2915,0.61,512.5972,,3.7359,5.4848,267788.8887,267788.8887,0.0639
300585.SZ,20250325,15.29,1.9274,0.47,500.8058,,3.6499,5.3587,261628.8887,261628.8887,0.0654
300585.SZ,20250324,15.55,3.3355,0.84,509.3218,,3.712,5.4498,266077.7776,266077.7776,0.0643
300585.SZ,20250321,16.21,4.3783,1.19,530.9393,,3.8695,5.6811,277371.1109,277371.1109,0.0617
300585.SZ,20250320,17.02,5.3895,1.57,557.4699,,4.0629,5.965,291231.1109,291231.1109,0.0588
300585.SZ,20250319,16.73,3.828,1.01,547.9713,,3.9937,5.8634,286268.8887,286268.8887,0.0598
300585.SZ,20250318,16.99,3.7407,0.97,556.4873,,4.0557,5.9545,290717.7776,290717.7776,0.0589
300585.SZ,20250317,16.7,2.5903,0.57,546.9887,,3.9865,5.8528,285755.5554,285755.5554,0.0599
300585.SZ,20250314,16.8,2.8501,0.63,550.2641,,4.0104,5.8879,287466.6665,287466.6665,0.0595
300585.SZ,20250313,16.95,4.199,0.99,555.1771,,4.0462,5.9405,290033.3331,290033.3331,0.059
300585.SZ,20250312,17.6,5.629,1.56,576.4671,,4.2014,6.1683,301155.5554,301155.5554,0.0568
300585.SZ,20250311,16.91,3.9394,1.16,553.867,,4.0366,5.9264,289348.8887,289348.8887,0.0591
300585.SZ,20250310,17.07,6.0788,2.17,559.1076,,4.0748,5.9825,292086.6665,292086.6665,0.0586
300585.SZ,20250307,16.35,2.8057,0.87,535.5248,,3.903,5.7302,279766.6665,279766.6665,0.0612
300585.SZ,20250306,16.47,2.6693,0.75,539.4553,,3.9316,5.7722,281819.9998,281819.9998,0.0607
300585.SZ,20250305,16.5,2.5278,0.63,540.4379,,3.9388,5.7827,282333.3332,282333.3332,0.0606
300585.SZ,20250304,16.36,2.8905,0.7,535.8524,,3.9054,5.7337,279937.7776,279937.7776,0.0611
300585.SZ,20250303,15.93,3.0875,0.66,521.7682,,3.8027,5.583,272579.9998,272579.9998,0.0628
300585.SZ,20250228,16.26,4.965,0.94,532.577,,3.8815,5.6986,278226.6665,278226.6665,0.0615
300585.SZ,20250227,17.18,4.3288,0.76,562.7105,,4.1011,6.0211,293968.8887,293968.8887,0.0582
300585.SZ,20250226,17.4,4.7068,0.68,569.9164,,4.1536,6.0982,297733.3331,297733.3331,0.0575
300585.SZ,20250225,17.63,3.5485,0.51,577.4497,,4.2085,6.1788,301668.8887,301668.8887,0.0567
300585.SZ,20250224,17.55,5.8997,0.84,574.8294,,4.1894,6.1507,300299.9998,300299.9998,0.057
300585.SZ,20250221,18.39,7.9506,1.18,602.3426,,4.3899,6.4451,314673.3331,314673.3331,0.0544
300585.SZ,20250220,17.62,6.3214,0.95,577.1222,,4.2061,6.1753,301497.7776,301497.7776,0.0568
300585.SZ,20250219,17.65,11.068,2.13,578.1048,,4.2133,6.1858,302011.1109,302011.1109,0.0567
300585.SZ,20250218,15.74,3.5914,0.65,515.545,,3.7573,5.5164,269328.8887,269328.8887,0.0635
300585.SZ,20250217,16.28,6.0184,1.09,533.2321,,3.8863,5.7056,278568.8887,278568.8887,0.0614
300585.SZ,20250214,16.7,6.8119,1.36,546.9887,,3.9865,5.8528,285755.5554,285755.5554,0.0599
300585.SZ,20250213,16.36,5.7597,1.21,535.8524,,3.9054,5.7337,279937.7776,279937.7776,0.0611
300585.SZ,20250212,16.29,3.8051,0.84,533.5596,,3.8886,5.7091,278739.9998,278739.9998,0.0614
300585.SZ,20250211,16.2,5.349,1.35,530.6118,,3.8672,5.6776,277199.9998,277199.9998,0.0617
300585.SZ,20250210,16.18,5.7599,1.68,529.9567,,3.8624,5.6706,276857.7776,276857.7776,0.0618
300585.SZ,20250207,15.64,4.3126,1.36,512.2696,,3.7335,5.4813,267617.7776,267617.7776,0.0639
300585.SZ,20250206,15.81,4.6089,1.66,517.8378,,3.7741,5.5409,270526.6665,270526.6665,0.0633
300585.SZ,20250205,14.88,2.5409,0.88,487.3767,,3.5521,5.215,254613.3332,254613.3332,0.0672
300585.SZ,20250127,14.97,2.5481,0.8,490.3246,,3.5735,5.2465,256153.3332,256153.3332,0.0668
300585.SZ,20250124,15.2,3.0926,0.82,497.858,,3.6284,5.3271,260088.8887,260088.8887,0.0658
300585.SZ,20250123,14.78,3.0456,0.78,484.1014,,3.5282,5.1799,252902.2221,252902.2221,0.0677
300585.SZ,20250122,14.79,2.6532,0.66,484.4289,,3.5306,5.1834,253073.3332,253073.3332,0.0676
300585.SZ,20250121,15.21,3.0304,0.69,498.1855,,3.6308,5.3306,260259.9998,260259.9998,0.0657
300585.SZ,20250120,15.0,4.0692,0.88,491.3072,,3.5807,5.257,256666.6665,256666.6665,0.0667
300585.SZ,20250117,15.4,6.0714,1.56,504.4087,,3.6762,5.3972,263511.1109,263511.1109,0.0649
300585.SZ,20250116,14.84,3.6441,0.99,486.0666,,3.5425,5.201,253928.8887,253928.8887,0.0674
300585.SZ,20250115,15.18,3.3768,0.97,497.2029,,3.6237,5.3201,259746.6665,259746.6665,0.0659
300585.SZ,20250114,15.01,4.7202,1.59,491.6347,,3.5831,5.2605,256837.7776,256837.7776,0.0666
300585.SZ,20250113,14.56,5.2361,2.17,476.8955,,3.4757,5.1028,249137.7776,249137.7776,0.0687
300585.SZ,20250110,13.53,2.5362,0.98,443.1591,,3.2298,4.7419,231513.3332,231513.3332,0.0739
300585.SZ,20250109,13.8,2.5567,0.91,452.0026,,3.2942,4.8365,236133.3332,236133.3332,0.0725
