ts_code,trade_date,open,high,low,close,pre_close,change,pct_chg,vol,amount
002708.SZ,20260702,12.78,13.79,12.65,12.97,12.87,0.1,0.777,353705.4,469460.9854
002708.SZ,20260701,13.1,13.42,12.8,12.87,13.19,-0.32,-2.4261,252089.0,328204.779
002708.SZ,20260630,12.65,13.42,12.5,13.19,12.65,0.54,4.2688,254039.11,331193.44552
002708.SZ,20260629,13.32,13.38,12.1,12.65,13.37,-0.72,-5.3852,333274.08,422638.64364
002708.SZ,20260626,14.01,14.23,13.35,13.37,14.0,-0.63,-4.5,270643.57,370200.46969
002708.SZ,20260625,14.83,14.87,13.88,14.0,14.83,-0.83,-5.5968,285823.0,407161.409
002708.SZ,20260624,14.78,15.12,14.3,14.83,14.92,-0.09,-0.6032,236606.0,349494.86
002708.SZ,20260623,14.92,15.5,14.81,14.92,14.98,-0.06,-0.4005,292044.85,441266.3707
002708.SZ,20260622,15.14,15.49,14.28,14.98,15.18,-0.2,-1.3175,412965.0,614091.725
002708.SZ,20260618,14.17,15.42,14.16,15.18,14.13,1.05,7.431,460532.97,690682.95749
002708.SZ,20260617,13.87,14.59,13.75,14.13,13.94,0.19,1.363,293931.98,415881.65447
002708.SZ,20260616,13.39,14.21,13.23,13.94,13.41,0.53,3.9523,315438.12,436419.90576
002708.SZ,20260615,13.16,13.72,13.11,13.41,13.1,0.31,2.3664,296050.0,396657.095
002708.SZ,20260612,13.99,14.4,13.04,13.1,13.79,-0.69,-5.0036,354814.0,479709.689
002708.SZ,20260611,14.12,14.56,13.59,13.79,14.24,-0.45,-3.1601,303996.62,423773.18574
002708.SZ,20260610,14.45,14.54,13.79,14.24,14.7,-0.46,-3.1293,343138.22,486576.2939
002708.SZ,20260609,15.14,15.43,14.45,14.7,15.09,-0.39,-2.5845,439849.0,646830.855
002708.SZ,20260608,15.24,15.83,14.94,15.09,15.86,-0.77,-4.855,585556.42,900537.845
002708.SZ,20260605,14.28,15.86,14.23,15.86,14.42,1.44,9.9861,615242.58,946710.524
002708.SZ,20260604,13.94,14.97,13.87,14.42,14.08,0.34,2.4148,302582.22,438709.543
002708.SZ,20260603,13.4,14.6,13.17,14.08,13.39,0.69,5.1531,305641.02,425280.315
002708.SZ,20260602,13.72,13.8,13.27,13.39,13.6,-0.21,-1.5441,161255.0,217366.058
002708.SZ,20260601,13.61,14.12,13.43,13.6,13.7,-0.1,-0.7299,189150.84,260148.727
002708.SZ,20260529,14.85,14.95,13.58,13.7,14.87,-1.17,-7.8682,271079.29,382211.257
002708.SZ,20260528,15.12,15.28,14.59,14.87,15.12,-0.25,-1.6534,228634.0,340246.173
002708.SZ,20260527,15.65,15.68,15.05,15.12,15.75,-0.63,-4.0,222006.0,339816.81
002708.SZ,20260526,15.69,16.15,15.41,15.75,15.6,0.15,0.9615,263392.72,412145.618
002708.SZ,20260525,15.99,16.35,15.4,15.6,15.98,-0.38,-2.378,257489.62,403423.054
002708.SZ,20260522,15.4,16.05,15.11,15.98,15.28,0.7,4.5812,308422.53,485126.563
002708.SZ,20260521,15.47,16.3,15.27,15.28,15.38,-0.1,-0.6502,327329.0,516118.37
002708.SZ,20260520,15.48,15.56,15.08,15.38,15.71,-0.33,-2.1006,265771.0,407390.612
002708.SZ,20260519,16.32,16.5,15.58,15.71,15.82,-0.11,-0.6953,339090.0,538016.189
002708.SZ,20260518,15.41,16.08,15.26,15.82,15.53,0.29,1.8674,274809.86,431591.387
002708.SZ,20260515,15.25,15.98,14.92,15.53,15.41,0.12,0.7787,337696.49,523116.838
002708.SZ,20260514,15.83,16.07,15.34,15.41,15.85,-0.44,-2.776,251251.0,392519.778
002708.SZ,20260513,15.47,15.94,15.32,15.85,15.67,0.18,1.1487,308808.0,484802.324
002708.SZ,20260512,15.34,15.76,15.08,15.67,15.32,0.35,2.2846,418341.85,645037.951
002708.SZ,20260511,14.3,15.76,14.2,15.32,14.33,0.99,6.9086,581732.6,876312.021
002708.SZ,20260508,13.79,14.41,13.76,14.33,13.95,0.38,2.724,272843.65,386938.06
002708.SZ,20260507,13.51,14.13,13.41,13.95,13.51,0.44,3.2568,245861.65,340564.908
002708.SZ,20260506,13.34,13.64,13.3,13.51,13.34,0.17,1.2744,156259.0,210342.247
002708.SZ,20260430,13.13,13.5,13.13,13.34,13.17,0.17,1.2908,132881.14,176924.116
002708.SZ,20260429,13.15,13.43,13.11,13.17,13.17,0.0,0.0,131638.0,174645.855
002708.SZ,20260428,13.48,13.48,13.11,13.17,13.51,-0.34,-2.5167,135735.28,179396.77
002708.SZ,20260427,13.02,13.76,12.95,13.51,13.01,0.5,3.8432,192446.1,258354.847
002708.SZ,20260424,13.22,13.22,12.84,13.01,13.22,-0.21,-1.5885,141037.0,183151.894
002708.SZ,20260423,13.57,13.57,13.14,13.22,13.57,-0.35,-2.5792,177061.34,235398.311
002708.SZ,20260422,13.52,13.7,13.45,13.57,13.57,0.0,0.0,194166.1,263673.668
002708.SZ,20260421,13.48,13.95,13.36,13.57,13.69,-0.12,-0.8766,319182.96,436650.686
002708.SZ,20260420,14.51,14.51,13.4,13.69,14.72,-1.03,-6.9973,603166.16,825946.726
002708.SZ,20260417,14.02,14.98,13.6,14.72,13.78,0.94,6.8215,551319.0,802975.296
002708.SZ,20260416,13.22,14.16,13.22,13.78,13.12,0.66,5.0305,319396.85,442608.009
002708.SZ,20260415,13.32,13.48,13.05,13.12,13.26,-0.14,-1.0558,127701.38,169526.742
002708.SZ,20260414,13.39,13.4,13.14,13.26,13.2,0.06,0.4545,124146.0,164382.501
002708.SZ,20260413,13.37,13.64,13.15,13.2,13.43,-0.23,-1.7126,198279.0,263952.15
002708.SZ,20260410,13.6,13.86,13.41,13.43,13.49,-0.06,-0.4448,320287.1,437368.09
002708.SZ,20260409,12.64,13.9,12.58,13.49,12.79,0.7,5.473,474310.24,637490.557
002708.SZ,20260408,12.03,12.79,11.95,12.79,11.63,1.16,9.9742,201968.48,250503.862
002708.SZ,20260407,11.31,11.88,11.26,11.63,11.23,0.4,3.5619,90113.76,104671.199
002708.SZ,20260403,11.65,11.69,11.21,11.23,11.61,-0.38,-3.273,59289.0,67270.144
002708.SZ,20260402,11.94,11.94,11.52,11.61,11.93,-0.32,-2.6823,61614.0,72076.547
002708.SZ,20260401,11.88,12.15,11.86,11.93,11.72,0.21,1.7918,74902.0,89700.809
002708.SZ,20260331,11.95,11.97,11.7,11.72,11.9,-0.18,-1.5126,66661.0,78764.626
002708.SZ,20260330,11.71,11.96,11.66,11.9,11.93,-0.03,-0.2515,49357.0,58321.177
002708.SZ,20260327,11.5,12.02,11.47,11.93,11.64,0.29,2.4914,65363.31,77218.572
002708.SZ,20260326,11.79,11.87,11.58,11.64,11.82,-0.18,-1.5228,58657.0,68726.936
002708.SZ,20260325,11.56,11.83,11.51,11.82,11.56,0.26,2.2491,69880.08,82174.612
002708.SZ,20260324,11.64,11.69,11.22,11.56,11.36,0.2,1.7606,84985.74,97246.168
002708.SZ,20260323,11.8,11.96,11.22,11.36,12.04,-0.68,-5.6478,136960.88,158817.647
002708.SZ,20260320,12.51,12.57,12.01,12.04,12.45,-0.41,-3.2932,87233.0,106709.239
002708.SZ,20260319,12.63,12.68,12.41,12.45,12.78,-0.33,-2.5822,72345.0,90683.877
002708.SZ,20260318,12.62,12.81,12.55,12.78,12.62,0.16,1.2678,48804.0,61822.808
002708.SZ,20260317,12.98,13.02,12.58,12.62,12.94,-0.32,-2.473,73449.0,94141.559
002708.SZ,20260316,12.72,12.96,12.61,12.94,12.71,0.23,1.8096,69328.0,88840.541
002708.SZ,20260313,12.85,12.95,12.68,12.71,12.95,-0.24,-1.8533,80598.92,103273.946
002708.SZ,20260312,13.36,13.38,12.93,12.95,13.39,-0.44,-3.286,103778.0,135966.011
002708.SZ,20260311,13.3,13.45,13.21,13.39,13.32,0.07,0.5255,92503.0,123612.626
002708.SZ,20260310,12.99,13.35,12.98,13.32,12.69,0.63,4.9645,138032.02,182364.091
002708.SZ,20260309,12.75,12.75,12.43,12.69,12.95,-0.26,-2.0077,97557.31,122644.393
002708.SZ,20260306,12.89,13.05,12.8,12.95,12.92,0.03,0.2322,69679.02,90379.848
002708.SZ,20260305,12.81,13.07,12.81,12.92,12.55,0.37,2.9482,121901.0,157895.499
002708.SZ,20260304,12.24,12.8,12.24,12.55,12.51,0.04,0.3197,109178.0,137467.377
002708.SZ,20260303,13.32,13.51,12.48,12.51,13.33,-0.82,-6.1515,192753.01,248277.195
002708.SZ,20260302,13.46,13.57,13.21,13.33,13.74,-0.41,-2.984,159461.61,213295.248
002708.SZ,20260227,13.97,14.01,13.72,13.74,14.03,-0.29,-2.067,140279.0,194084.994
002708.SZ,20260226,14.09,14.1,13.86,14.03,14.11,-0.08,-0.567,123059.77,172205.273
002708.SZ,20260225,13.92,14.15,13.83,14.11,13.95,0.16,1.147,146234.76,204830.123
002708.SZ,20260224,14.08,14.14,13.81,13.95,13.94,0.01,0.0717,132991.0,185074.751
002708.SZ,20260213,13.82,14.05,13.77,13.94,13.86,0.08,0.5772,108960.6,152023.814
002708.SZ,20260212,13.8,13.92,13.69,13.86,13.77,0.09,0.6536,94167.65,130437.386
002708.SZ,20260211,13.82,14.02,13.74,13.77,13.89,-0.12,-0.8639,101749.0,141221.862
002708.SZ,20260210,13.73,13.99,13.67,13.89,13.75,0.14,1.0182,117548.0,163086.494
002708.SZ,20260209,13.7,13.82,13.61,13.75,13.6,0.15,1.1029,108532.0,149021.743
002708.SZ,20260206,13.34,13.8,13.34,13.6,13.45,0.15,1.1152,137488.0,187632.22
002708.SZ,20260205,13.64,13.65,13.31,13.45,13.53,-0.08,-0.5913,137373.0,185652.288
002708.SZ,20260204,13.6,13.75,13.4,13.53,13.61,-0.08,-0.5878,107940.0,146471.946
002708.SZ,20260203,13.55,13.65,13.41,13.61,13.3,0.31,2.3308,103651.0,140393.844
002708.SZ,20260202,13.64,13.82,13.3,13.3,13.64,-0.34,-2.4927,125139.02,169530.796
002708.SZ,20260130,13.67,13.8,13.38,13.64,13.75,-0.11,-0.8,123490.72,168059.903
002708.SZ,20260129,13.9,14.15,13.68,13.75,13.7,0.05,0.365,204308.0,284633.31
002708.SZ,20260128,13.99,14.02,13.66,13.7,13.98,-0.28,-2.0029,131003.0,180787.898
002708.SZ,20260127,14.0,14.03,13.47,13.98,13.9,0.08,0.5755,145282.0,200702.015
002708.SZ,20260126,14.29,14.65,13.71,13.9,14.25,-0.35,-2.4561,223074.0,313932.78
002708.SZ,20260123,14.13,14.25,13.95,14.25,14.13,0.12,0.8493,170536.71,240672.751
002708.SZ,20260122,14.01,14.2,13.91,14.13,13.98,0.15,1.073,141427.0,199336.818
002708.SZ,20260121,13.72,14.11,13.66,13.98,13.85,0.13,0.9386,132734.0,184669.576
002708.SZ,20260120,14.04,14.16,13.7,13.85,14.13,-0.28,-1.9816,169526.0,236047.887
002708.SZ,20260119,13.71,14.28,13.71,14.13,13.73,0.4,2.9133,199415.0,280748.774
002708.SZ,20260116,13.95,13.99,13.62,13.73,13.99,-0.26,-1.8585,228299.62,314765.486
002708.SZ,20260115,14.18,14.3,13.88,13.99,14.17,-0.18,-1.2703,199471.0,280812.163
002708.SZ,20260114,14.0,14.45,13.83,14.17,14.19,-0.02,-0.1409,372848.7,529369.881
002708.SZ,20260113,13.61,14.91,13.3,14.19,13.73,0.46,3.3503,549013.84,778319.921
002708.SZ,20260112,13.44,13.83,13.37,13.73,13.46,0.27,2.0059,259287.87,352112.766
002708.SZ,20260109,13.24,13.63,13.24,13.46,13.19,0.27,2.047,206289.0,277561.725
002708.SZ,20260108,13.02,13.26,13.01,13.19,13.15,0.04,0.3042,140696.3,185281.04
002708.SZ,20260107,13.38,13.45,13.03,13.15,13.37,-0.22,-1.6455,192640.01,253911.055
002708.SZ,20260106,13.29,13.43,13.19,13.37,13.27,0.1,0.7536,171453.16,228268.517
002708.SZ,20260105,13.22,13.38,13.07,13.27,13.28,-0.01,-0.0753,149193.1,197366.415
002708.SZ,20251231,13.45,13.5,13.21,13.28,13.42,-0.14,-1.0432,137590.3,182682.627
002708.SZ,20251230,13.24,13.55,13.12,13.42,13.24,0.18,1.3595,208874.48,278658.69
002708.SZ,20251229,13.0,13.33,12.97,13.24,12.99,0.25,1.9246,167746.21,220966.544
002708.SZ,20251226,13.12,13.2,12.91,12.99,13.12,-0.13,-0.9909,151922.1,198096.226
002708.SZ,20251225,12.89,13.33,12.81,13.12,12.69,0.43,3.3885,275179.4,361751.215
002708.SZ,20251224,12.42,12.78,12.41,12.69,12.45,0.24,1.9277,105178.48,133400.916
002708.SZ,20251223,12.61,12.67,12.38,12.45,12.64,-0.19,-1.5032,91676.9,114688.198
002708.SZ,20251222,12.58,12.75,12.53,12.64,12.47,0.17,1.3633,116179.9,147142.576
002708.SZ,20251219,12.2,12.52,12.19,12.47,12.2,0.27,2.2131,106410.0,132335.768
002708.SZ,20251218,12.2,12.49,12.17,12.2,12.32,-0.12,-0.974,76111.0,93967.623
002708.SZ,20251217,12.13,12.34,12.05,12.32,12.21,0.11,0.9009,78803.0,96256.46
002708.SZ,20251216,12.3,12.37,12.03,12.21,12.28,-0.07,-0.57,76573.0,93097.174
002708.SZ,20251215,12.47,12.55,12.26,12.28,12.56,-0.28,-2.2293,94744.0,117194.775
002708.SZ,20251212,12.2,12.65,12.17,12.56,12.21,0.35,2.8665,124587.0,154945.746
002708.SZ,20251211,12.5,12.52,12.21,12.21,12.5,-0.29,-2.32,83310.0,102842.324
002708.SZ,20251210,12.34,12.56,12.3,12.5,12.35,0.15,1.2146,107512.0,134134.181
002708.SZ,20251209,12.31,12.52,12.27,12.35,12.39,-0.04,-0.3228,88453.0,109723.016
002708.SZ,20251208,12.37,12.43,12.27,12.39,12.37,0.02,0.1617,94111.12,116272.089
002708.SZ,20251205,12.0,12.38,11.93,12.37,12.02,0.35,2.9118,117776.02,143891.315
002708.SZ,20251204,12.11,12.2,11.98,12.02,12.0,0.02,0.1667,81348.36,98308.263
002708.SZ,20251203,12.14,12.17,11.94,12.0,12.17,-0.17,-1.3969,78311.46,94231.825
002708.SZ,20251202,12.41,12.46,12.13,12.17,12.44,-0.27,-2.1704,111464.03,136228.506
002708.SZ,20251201,12.34,12.49,12.25,12.44,12.35,0.09,0.7287,95231.0,117825.441
002708.SZ,20251128,12.05,12.35,11.95,12.35,12.03,0.32,2.66,123141.0,150359.595
002708.SZ,20251127,12.2,12.23,12.0,12.03,12.13,-0.1,-0.8244,76562.53,92724.535
002708.SZ,20251126,12.29,12.39,12.1,12.13,12.33,-0.2,-1.6221,97757.0,119771.505
002708.SZ,20251125,12.18,12.39,12.15,12.33,12.16,0.17,1.398,80073.44,98567.317
002708.SZ,20251124,12.1,12.21,11.83,12.16,12.06,0.1,0.8292,100509.44,120941.19
002708.SZ,20251121,12.4,12.43,11.92,12.06,12.45,-0.39,-3.1325,127160.75,154497.868
002708.SZ,20251120,12.55,12.65,12.41,12.45,12.45,0.0,0.0,59388.0,74130.942
002708.SZ,20251119,12.77,12.77,12.42,12.45,12.79,-0.34,-2.6583,93050.22,116655.543
002708.SZ,20251118,12.69,12.79,12.51,12.79,12.72,0.07,0.5503,107592.26,135830.692
002708.SZ,20251117,12.96,12.96,12.67,12.72,13.01,-0.29,-2.2291,140402.48,179205.672
002708.SZ,20251114,13.2,13.25,12.99,13.01,13.31,-0.3,-2.2539,161126.0,211408.924
002708.SZ,20251113,13.35,13.39,13.1,13.31,13.52,-0.21,-1.5533,200509.48,265557.32
002708.SZ,20251112,13.6,14.0,13.4,13.52,13.65,-0.13,-0.9524,281658.0,383804.342
002708.SZ,20251111,13.19,14.36,13.1,13.65,13.05,0.6,4.5977,419553.09,580735.144
002708.SZ,20251110,13.26,13.39,12.98,13.05,13.43,-0.38,-2.8295,248560.4,326143.189
002708.SZ,20251107,14.24,14.36,13.43,13.43,13.95,-0.52,-3.7276,382505.2,523425.206
002708.SZ,20251106,13.6,14.26,13.32,13.95,13.41,0.54,4.0268,375496.56,520708.28
002708.SZ,20251105,13.33,13.64,13.25,13.41,13.56,-0.15,-1.1062,134269.0,180819.114
002708.SZ,20251104,13.52,14.24,13.41,13.56,13.66,-0.1,-0.7321,214420.78,293994.226
002708.SZ,20251103,13.92,13.95,13.38,13.66,13.87,-0.21,-1.5141,222822.37,302188.825
002708.SZ,20251031,13.8,14.19,13.77,13.87,13.75,0.12,0.8727,321662.2,449555.59
002708.SZ,20251030,13.73,13.95,13.63,13.75,13.73,0.02,0.1457,192647.0,265606.019
002708.SZ,20251029,13.68,13.87,13.59,13.73,13.73,0.0,0.0,117048.2,160474.398
002708.SZ,20251028,13.6,13.84,13.56,13.73,13.59,0.14,1.0302,139110.0,190784.6
002708.SZ,20251027,13.74,13.83,13.54,13.59,13.73,-0.14,-1.0197,154043.0,210276.48
002708.SZ,20251024,13.31,13.94,13.31,13.73,13.31,0.42,3.1555,194831.52,268095.926
002708.SZ,20251023,13.47,13.56,13.18,13.31,13.5,-0.19,-1.4074,108217.52,143641.069
002708.SZ,20251022,13.89,13.93,13.43,13.5,13.89,-0.39,-2.8078,150355.0,204996.442
002708.SZ,20251021,13.5,14.16,13.38,13.89,13.36,0.53,3.9671,253721.0,349206.36
002708.SZ,20251020,13.06,13.55,13.05,13.36,12.85,0.51,3.9689,163843.37,218340.066
002708.SZ,20251017,13.38,13.44,12.8,12.85,13.37,-0.52,-3.8893,183008.0,238726.196
002708.SZ,20251016,13.58,13.66,13.3,13.37,13.66,-0.29,-2.123,138900.6,186582.832
002708.SZ,20251015,13.61,13.68,13.34,13.66,13.6,0.06,0.4412,168117.5,227333.284
002708.SZ,20251014,14.13,14.3,13.57,13.6,13.91,-0.31,-2.2286,243835.92,339351.675
002708.SZ,20251013,13.28,13.99,13.0,13.91,13.98,-0.07,-0.5007,287944.47,391297.067
002708.SZ,20251010,13.94,14.43,13.84,13.98,13.95,0.03,0.2151,343365.66,486023.892
002708.SZ,20251009,13.81,14.05,13.45,13.95,13.95,0.0,0.0,321158.52,442494.424
002708.SZ,20250930,14.5,14.6,13.89,13.95,13.89,0.06,0.432,584915.87,825312.274
002708.SZ,20250929,14.03,14.23,13.8,13.89,14.03,-0.14,-0.9979,283855.73,395501.542
002708.SZ,20250926,14.23,14.63,14.0,14.03,14.47,-0.44,-3.0408,425836.8,606567.07
002708.SZ,20250925,15.07,15.27,14.39,14.47,15.33,-0.86,-5.6099,779986.43,1143282.119
002708.SZ,20250924,13.9,15.33,13.69,15.33,13.94,1.39,9.9713,748141.22,1113315.07
002708.SZ,20250923,14.28,14.44,13.69,13.94,14.31,-0.37,-2.5856,472144.75,661305.512
002708.SZ,20250922,13.58,14.68,13.58,14.31,13.82,0.49,3.5456,633981.2,906685.255
002708.SZ,20250919,13.6,14.2,13.24,13.82,13.32,0.5,3.7538,716581.52,990954.032
002708.SZ,20250918,13.18,14.25,13.17,13.32,12.95,0.37,2.8571,769544.89,1059348.516
002708.SZ,20250917,12.93,13.08,12.83,12.95,12.93,0.02,0.1547,195384.05,252642.598
002708.SZ,20250916,12.56,12.97,12.51,12.93,12.49,0.44,3.5228,242392.05,310014.274
002708.SZ,20250915,12.68,12.79,12.47,12.49,12.63,-0.14,-1.1085,158933.0,200590.952
002708.SZ,20250912,12.84,12.88,12.55,12.63,12.86,-0.23,-1.7885,199112.0,252880.966
002708.SZ,20250911,12.52,13.0,12.27,12.86,12.56,0.3,2.3885,297300.0,374640.598
002708.SZ,20250910,12.36,12.97,12.25,12.56,12.39,0.17,1.3721,263792.15,332331.668
002708.SZ,20250909,12.3,12.8,12.13,12.39,12.2,0.19,1.5574,372236.0,463509.098
002708.SZ,20250908,11.75,12.46,11.75,12.2,11.79,0.41,3.4775,291231.14,352449.965
002708.SZ,20250905,11.5,11.79,11.38,11.79,11.44,0.35,3.0594,145118.0,168945.782
002708.SZ,20250904,11.8,11.9,11.26,11.44,11.7,-0.26,-2.2222,187108.0,217386.214
002708.SZ,20250903,12.2,12.29,11.6,11.7,12.14,-0.44,-3.6244,161574.63,191778.74
002708.SZ,20250902,12.29,12.36,11.69,12.14,12.25,-0.11,-0.898,252641.0,303185.566
002708.SZ,20250901,12.38,12.43,12.1,12.25,12.34,-0.09,-0.7293,161188.0,196850.9
002708.SZ,20250829,12.56,12.6,12.26,12.34,12.56,-0.22,-1.7516,146416.0,181089.844
002708.SZ,20250828,12.53,12.7,12.05,12.56,12.56,0.0,0.0,237558.0,294565.775
002708.SZ,20250827,13.06,13.23,12.51,12.56,13.14,-0.58,-4.414,346633.0,446841.32
002708.SZ,20250826,13.16,13.41,13.11,13.14,13.31,-0.17,-1.2772,297691.22,393705.842
002708.SZ,20250825,13.2,13.77,13.15,13.31,13.06,0.25,1.9142,460077.99,618022.969
002708.SZ,20250822,12.89,13.4,12.82,13.06,12.82,0.24,1.8721,327412.0,428470.554
002708.SZ,20250821,13.05,13.05,12.72,12.82,13.1,-0.28,-2.1374,302477.14,388671.529
002708.SZ,20250820,12.69,13.24,12.56,13.1,12.8,0.3,2.3438,546797.0,704516.628
002708.SZ,20250819,12.49,13.05,12.23,12.8,12.46,0.34,2.7287,817506.13,1037213.041
002708.SZ,20250818,11.48,12.46,11.48,12.46,11.33,1.13,9.9735,300744.33,367462.959
002708.SZ,20250815,11.11,11.38,11.1,11.33,11.1,0.23,2.0721,193845.05,219159.738
002708.SZ,20250814,11.38,11.41,11.03,11.1,11.35,-0.25,-2.2026,181076.0,202532.593
002708.SZ,20250813,11.39,11.41,11.23,11.35,11.37,-0.02,-0.1759,148669.48,168509.246
002708.SZ,20250812,11.28,11.44,11.23,11.37,11.3,0.07,0.6195,170999.07,194137.411
002708.SZ,20250811,11.21,11.38,11.2,11.3,11.17,0.13,1.1638,152574.22,172560.359
002708.SZ,20250808,11.13,11.33,11.07,11.17,11.18,-0.01,-0.0894,170342.6,190800.422
002708.SZ,20250807,11.2,11.3,11.11,11.18,11.24,-0.06,-0.5338,165680.0,185247.807
002708.SZ,20250806,11.29,11.3,11.12,11.24,11.19,0.05,0.4468,197779.2,222097.162
002708.SZ,20250805,10.99,11.24,10.94,11.19,10.97,0.22,2.0055,253868.0,282527.648
002708.SZ,20250804,10.62,10.98,10.57,10.97,10.68,0.29,2.7154,180475.0,196072.836
002708.SZ,20250801,10.71,10.82,10.6,10.68,10.7,-0.02,-0.1869,101333.97,108231.848
002708.SZ,20250731,10.85,11.03,10.67,10.7,10.74,-0.04,-0.3724,185270.0,201193.349
002708.SZ,20250730,10.83,10.87,10.65,10.74,10.89,-0.15,-1.3774,137336.0,147526.066
002708.SZ,20250729,10.95,11.0,10.78,10.89,10.94,-0.05,-0.457,139731.0,151784.093
002708.SZ,20250728,10.82,11.08,10.79,10.94,10.81,0.13,1.2026,220687.05,240848.336
002708.SZ,20250725,10.77,10.93,10.68,10.81,10.79,0.02,0.1854,136384.6,146895.427
002708.SZ,20250724,10.72,10.92,10.71,10.79,10.7,0.09,0.8411,107095.0,115867.518
002708.SZ,20250723,10.74,10.81,10.67,10.7,10.75,-0.05,-0.4651,110170.6,118350.731
002708.SZ,20250722,10.91,10.93,10.74,10.75,10.93,-0.18,-1.6468,163859.0,177221.999
002708.SZ,20250721,10.85,10.96,10.8,10.93,10.81,0.12,1.1101,155864.12,169587.752
002708.SZ,20250718,10.86,10.92,10.76,10.81,10.9,-0.09,-0.8257,126183.0,136359.294
002708.SZ,20250717,10.75,10.93,10.71,10.9,10.76,0.14,1.3011,174187.52,189236.145
002708.SZ,20250716,10.55,10.83,10.54,10.76,10.6,0.16,1.5094,179851.0,193276.529
002708.SZ,20250715,10.58,10.72,10.46,10.6,10.68,-0.08,-0.7491,142793.0,151197.64
002708.SZ,20250714,10.49,10.78,10.43,10.68,10.45,0.23,2.201,190624.0,202811.896
002708.SZ,20250711,10.36,10.5,10.35,10.45,10.37,0.08,0.7715,111394.0,116108.646
002708.SZ,20250710,10.4,10.48,10.33,10.37,10.42,-0.05,-0.4798,89785.0,93147.306
002708.SZ,20250709,10.5,10.76,10.4,10.42,10.5,-0.08,-0.7619,136895.0,144360.217
002708.SZ,20250708,10.4,10.51,10.36,10.5,10.39,0.11,1.0587,108771.0,113744.081
002708.SZ,20250707,10.37,10.43,10.28,10.39,10.39,0.0,0.0,75274.0,77941.783
002708.SZ,20250704,10.49,10.5,10.36,10.39,10.49,-0.1,-0.9533,101509.67,105617.464
002708.SZ,20250703,10.43,10.59,10.36,10.49,10.83,-0.34,-3.1394,239365.0,250254.162
002708.SZ,20250702,10.93,10.95,10.77,10.83,10.97,-0.14,-1.2762,98620.0,106975.944
002708.SZ,20250701,11.03,11.1,10.86,10.97,11.03,-0.06,-0.544,119613.0,131196.36
002708.SZ,20250630,10.82,11.06,10.79,11.03,10.85,0.18,1.659,143487.0,157333.48
002708.SZ,20250627,10.91,11.0,10.8,10.85,10.88,-0.03,-0.2757,132906.67,144492.65
002708.SZ,20250626,10.99,11.09,10.87,10.88,11.07,-0.19,-1.7164,220654.09,242311.505
002708.SZ,20250625,10.75,11.39,10.7,11.07,10.75,0.32,2.9767,307743.78,338534.515
002708.SZ,20250624,10.39,10.78,10.39,10.75,10.32,0.43,4.1667,215950.6,230227.325
002708.SZ,20250623,10.15,10.35,10.15,10.32,10.29,0.03,0.2915,115570.33,118912.942
002708.SZ,20250620,10.4,10.47,10.26,10.29,10.4,-0.11,-1.0577,96203.67,99504.199
002708.SZ,20250619,10.51,10.66,10.38,10.4,10.56,-0.16,-1.5152,159710.92,168517.514
002708.SZ,20250618,10.48,10.57,10.39,10.56,10.52,0.04,0.3802,117451.85,123121.61
002708.SZ,20250617,10.7,10.73,10.45,10.52,10.65,-0.13,-1.2207,146993.0,154830.551
002708.SZ,20250616,10.6,10.74,10.56,10.65,10.7,-0.05,-0.4673,114808.0,122361.895
002708.SZ,20250613,10.81,10.94,10.55,10.7,10.85,-0.15,-1.3825,223349.67,239153.747
002708.SZ,20250612,11.06,11.06,10.84,10.85,11.07,-0.22,-1.9874,178936.52,195673.165
002708.SZ,20250611,11.18,11.18,11.03,11.07,11.13,-0.06,-0.5391,207149.05,229702.411
002708.SZ,20250610,11.15,11.3,10.85,11.13,11.14,-0.01,-0.0898,280496.12,309892.696
002708.SZ,20250609,11.02,11.18,10.98,11.14,10.98,0.16,1.4572,175158.4,194714.58
002708.SZ,20250606,11.12,11.12,10.95,10.98,11.12,-0.14,-1.259,167108.2,183888.865
002708.SZ,20250605,11.1,11.24,10.9,11.12,11.09,0.03,0.2705,244666.8,270607.729
002708.SZ,20250604,11.08,11.5,11.07,11.09,11.07,0.02,0.1807,266876.45,298910.021
002708.SZ,20250603,11.0,11.3,10.98,11.07,11.2,-0.13,-1.1607,314516.0,348798.603
002708.SZ,20250530,11.22,11.61,11.19,11.2,12.43,-1.23,-9.8954,633677.0,717377.544
002708.SZ,20250516,12.2,12.59,12.2,12.43,12.17,0.26,2.1364,388143.67,483824.69
002708.SZ,20250515,12.02,12.46,11.8,12.17,12.09,0.08,0.6617,308214.0,374322.53
002708.SZ,20250514,12.15,12.25,11.94,12.09,12.17,-0.08,-0.6574,222468.0,268580.71
002708.SZ,20250513,12.48,12.57,12.13,12.17,12.39,-0.22,-1.7756,222307.6,273714.081
002708.SZ,20250512,12.35,12.52,12.32,12.39,12.31,0.08,0.6499,249333.0,309378.274
002708.SZ,20250509,12.37,12.6,11.97,12.31,12.34,-0.03,-0.2431,372879.1,457124.937
002708.SZ,20250508,12.18,12.42,12.18,12.34,12.3,0.04,0.3252,252163.93,310905.986
002708.SZ,20250507,12.36,12.47,12.1,12.3,12.27,0.03,0.2445,337623.79,414781.972
002708.SZ,20250506,12.12,12.29,11.95,12.27,12.09,0.18,1.4888,349201.74,423122.704
002708.SZ,20250430,11.99,12.26,11.78,12.09,11.89,0.2,1.6821,362908.41,435810.05
002708.SZ,20250429,11.4,12.0,11.4,11.89,11.52,0.37,3.2118,373726.72,440585.07
002708.SZ,20250428,11.42,11.63,11.25,11.52,11.48,0.04,0.3484,301991.69,347096.583
002708.SZ,20250425,11.3,11.75,11.3,11.48,11.2,0.28,2.5,449601.67,519326.647
002708.SZ,20250424,11.33,11.57,11.15,11.2,11.24,-0.04,-0.3559,616571.81,699953.541
002708.SZ,20250423,10.35,11.24,10.35,11.24,10.22,1.02,9.9804,356052.93,390921.881
002708.SZ,20250422,10.37,10.39,10.14,10.22,10.4,-0.18,-1.7308,175630.0,179595.846
002708.SZ,20250421,10.1,10.42,10.01,10.4,10.15,0.25,2.4631,194510.4,198999.641
002708.SZ,20250418,10.03,10.3,9.92,10.15,9.96,0.19,1.9076,201075.08,202745.391
002708.SZ,20250417,10.09,10.3,9.95,9.96,10.18,-0.22,-2.1611,219528.04,221823.033
002708.SZ,20250416,10.55,10.62,10.08,10.18,10.62,-0.44,-4.1431,246893.04,254109.8
002708.SZ,20250415,10.69,10.78,10.47,10.62,10.69,-0.07,-0.6548,217335.44,231125.022
002708.SZ,20250414,10.7,10.95,10.64,10.69,10.5,0.19,1.8095,263457.8,283566.953
002708.SZ,20250411,10.12,10.63,10.12,10.5,10.34,0.16,1.5474,309818.2,324596.934
002708.SZ,20250410,10.37,10.72,10.32,10.34,10.12,0.22,2.1739,391437.59,410444.777
002708.SZ,20250409,9.7,10.34,9.09,10.12,10.1,0.02,0.198,492338.45,476720.17
002708.SZ,20250408,10.09,10.6,10.09,10.1,11.21,-1.11,-9.9019,418779.5,425972.418
002708.SZ,20250407,11.21,11.46,11.21,11.21,12.46,-1.25,-10.0321,103569.04,116365.49
002708.SZ,20250403,12.51,13.07,12.32,12.46,12.91,-0.45,-3.4857,387667.0,490442.669
002708.SZ,20250402,12.53,13.3,12.37,12.91,12.66,0.25,1.9747,516677.0,667447.695
002708.SZ,20250401,13.08,13.23,12.53,12.66,13.21,-0.55,-4.1635,497065.2,637403.5
002708.SZ,20250331,12.61,13.5,12.07,13.21,12.65,0.56,4.4269,681671.0,867544.186
002708.SZ,20250328,12.79,13.2,12.28,12.65,12.72,-0.07,-0.5503,526559.8,669348.042
002708.SZ,20250327,13.3,13.5,12.7,12.72,13.22,-0.5,-3.7821,689336.41,894675.694
002708.SZ,20250326,11.91,13.22,11.91,13.22,12.02,1.2,9.9834,291875.91,376668.71
002708.SZ,20250325,12.15,12.61,11.93,12.02,12.07,-0.05,-0.4143,505930.98,619475.575
002708.SZ,20250324,13.18,13.35,12.02,12.07,13.35,-1.28,-9.588,722994.38,900012.289
002708.SZ,20250321,13.64,14.45,13.25,13.35,14.09,-0.74,-5.252,971746.98,1331437.205
002708.SZ,20250320,13.57,14.74,13.42,14.09,13.4,0.69,5.1493,1232267.6,1736945.946
002708.SZ,20250319,12.97,13.85,12.75,13.4,12.78,0.62,4.8513,1059852.59,1414114.669
002708.SZ,20250318,13.11,13.3,12.62,12.78,12.56,0.22,1.7516,1075073.62,1384995.863
002708.SZ,20250317,11.43,12.56,11.24,12.56,11.42,1.14,9.9825,567252.29,680645.549
002708.SZ,20250314,11.22,11.49,11.01,11.42,11.33,0.09,0.7944,217830.69,245374.693
002708.SZ,20250313,11.82,12.03,11.11,11.33,11.83,-0.5,-4.2265,326147.52,371780.149
002708.SZ,20250312,11.68,11.98,11.61,11.83,11.64,0.19,1.6323,269210.52,318132.789
002708.SZ,20250311,11.53,11.73,11.33,11.64,11.73,-0.09,-0.7673,271342.45,313165.233
002708.SZ,20250310,11.89,11.89,11.57,11.73,11.73,0.0,0.0,235029.52,274931.123
002708.SZ,20250307,11.58,11.89,11.48,11.73,11.62,0.11,0.9466,338325.4,396348.489
002708.SZ,20250306,11.54,11.81,11.5,11.62,11.56,0.06,0.519,285172.4,332897.707
002708.SZ,20250305,11.32,11.59,11.22,11.56,11.42,0.14,1.2259,287979.02,328549.329
002708.SZ,20250304,10.94,11.65,10.88,11.42,11.06,0.36,3.255,324835.0,368949.888
002708.SZ,20250303,11.33,11.54,10.94,11.06,11.44,-0.38,-3.3217,312364.45,349120.518
002708.SZ,20250228,12.13,12.19,11.34,11.44,12.3,-0.86,-6.9919,433391.57,504710.629
002708.SZ,20250227,12.16,12.48,11.89,12.3,12.15,0.15,1.2346,540679.97,659902.44
002708.SZ,20250226,12.1,12.65,12.0,12.15,11.95,0.2,1.6736,751840.02,924982.222
002708.SZ,20250225,11.48,12.1,11.46,11.95,11.78,0.17,1.4431,502025.58,597282.26
002708.SZ,20250224,11.89,12.22,11.63,11.78,11.7,0.08,0.6838,653552.15,776769.736
002708.SZ,20250221,11.37,11.76,11.37,11.7,11.48,0.22,1.9164,434239.56,503805.385
002708.SZ,20250220,11.3,11.58,11.3,11.48,11.22,0.26,2.3173,504212.13,577288.982
002708.SZ,20250219,10.55,11.35,10.54,11.22,10.61,0.61,5.7493,533825.22,593664.805
002708.SZ,20250218,11.07,11.08,10.53,10.61,11.1,-0.49,-4.4144,295148.0,318301.104
002708.SZ,20250217,10.65,11.29,10.65,11.1,10.87,0.23,2.1159,346338.05,381104.76
002708.SZ,20250214,10.82,11.16,10.68,10.87,10.81,0.06,0.555,330675.0,359206.086
002708.SZ,20250213,11.38,11.71,10.81,10.81,11.04,-0.23,-2.0833,469345.4,524092.057
002708.SZ,20250212,10.9,11.14,10.77,11.04,10.94,0.1,0.9141,281070.0,309666.899
002708.SZ,20250211,10.91,11.14,10.83,10.94,11.0,-0.06,-0.5455,285178.0,312317.08
002708.SZ,20250210,10.94,11.07,10.8,11.0,11.03,-0.03,-0.272,327151.0,357616.981
002708.SZ,20250207,11.0,11.2,10.76,11.03,10.95,0.08,0.7306,492345.0,542255.792
002708.SZ,20250206,10.41,10.97,10.41,10.95,10.54,0.41,3.8899,388183.93,419403.113
002708.SZ,20250205,10.18,10.71,10.05,10.54,10.05,0.49,4.8756,352728.0,368873.811
002708.SZ,20250127,10.45,10.54,10.04,10.05,10.48,-0.43,-4.1031,250542.0,256574.718
002708.SZ,20250124,10.35,10.54,10.16,10.48,10.12,0.36,3.5573,345231.74,359104.689
002708.SZ,20250123,10.21,10.52,10.1,10.12,10.02,0.1,0.998,264540.99,272678.718
002708.SZ,20250122,10.29,10.32,10.01,10.02,10.44,-0.42,-4.023,265419.69,269479.042
002708.SZ,20250121,10.03,10.86,9.99,10.44,9.92,0.52,5.2419,461060.0,480230.452
002708.SZ,20250120,9.99,10.12,9.86,9.92,9.86,0.06,0.6085,174815.0,174382.204
002708.SZ,20250117,10.04,10.26,9.85,9.86,10.21,-0.35,-3.428,234544.0,234787.482
002708.SZ,20250116,10.3,10.49,10.05,10.21,10.23,-0.02,-0.1955,207141.8,212466.742
002708.SZ,20250115,10.29,10.4,10.1,10.23,10.19,0.04,0.3925,265660.69,271617.49
002708.SZ,20250114,9.57,10.2,9.57,10.19,9.47,0.72,7.603,322601.02,321771.045
002708.SZ,20250113,9.2,9.7,9.0,9.47,9.49,-0.02,-0.2107,220465.0,206489.576
002708.SZ,20250110,9.62,9.99,9.45,9.49,9.71,-0.22,-2.2657,262569.0,256850.784
002708.SZ,20250109,9.5,10.0,9.47,9.71,9.61,0.1,1.0406,241402.0,235980.661
300503.SZ,20260702,101.48,102.5,93.33,94.88,101.48,-6.6,-6.5037,371585.76,3601267.41444
300503.SZ,20260701,97.37,102.0,96.2,101.48,92.3,9.18,9.9458,515741.08,5140150.78387
300503.SZ,20260630,78.68,92.3,77.7,92.3,76.92,15.38,19.9948,410399.34,3576224.98073
300503.SZ,20260629,77.08,79.1,74.0,76.92,77.15,-0.23,-0.2981,162557.5,1246859.12964
300503.SZ,20260626,78.25,80.85,73.7,77.15,79.68,-2.53,-3.1752,220037.98,1693918.17122
300503.SZ,20260625,78.71,83.26,76.21,79.68,78.71,0.97,1.2324,196363.33,1576991.29096
300503.SZ,20260624,80.0,82.36,77.35,78.71,81.03,-2.32,-2.8631,186312.25,1496523.94652
300503.SZ,20260623,86.0,86.4,80.96,81.03,88.3,-7.27,-8.2333,232298.98,1941429.06991
300503.SZ,20260622,88.52,89.88,82.5,88.3,88.28,0.02,0.0227,331564.07,2870579.17059
300503.SZ,20260618,80.11,88.8,79.59,88.28,80.99,7.29,9.0011,350029.47,2972617.03222
300503.SZ,20260617,81.51,84.0,79.58,80.99,82.89,-1.9,-2.2922,213425.54,1749602.66585
300503.SZ,20260616,80.29,83.57,79.18,82.89,81.1,1.79,2.2072,221024.29,1816065.11085
300503.SZ,20260615,78.27,81.8,77.62,81.1,78.9,2.2,2.7883,204639.98,1643331.28193
300503.SZ,20260612,80.32,82.96,76.8,78.9,79.81,-0.91,-1.1402,249228.98,1986657.84174
300503.SZ,20260611,76.0,82.0,74.25,79.81,79.0,0.81,1.0253,249699.26,1941688.5439
300503.SZ,20260610,84.51,87.33,79.0,79.0,86.59,-7.59,-8.7654,270773.87,2249598.2208
300503.SZ,20260609,83.5,86.66,82.51,86.59,87.01,-0.42,-0.4827,309913.65,2617760.00978
300503.SZ,20260608,78.1,88.99,78.09,87.01,81.77,5.24,6.4082,450040.61,3778822.916
300503.SZ,20260605,75.01,83.97,70.0,81.77,75.09,6.68,8.896,406443.47,3155931.099
300503.SZ,20260604,73.04,77.38,73.0,75.09,74.98,0.11,0.1467,203405.95,1539721.992
300503.SZ,20260603,73.01,77.63,73.01,74.98,74.37,0.61,0.8202,242901.0,1833817.187
300503.SZ,20260602,74.51,77.88,73.61,74.37,72.37,2.0,2.7636,244570.2,1842988.293
300503.SZ,20260601,73.37,77.3,72.1,72.37,73.5,-1.13,-1.5374,178122.85,1327100.898
300503.SZ,20260529,78.97,80.43,72.5,73.5,78.61,-5.11,-6.5004,256939.11,1943481.424
300503.SZ,20260528,79.7,79.7,75.72,78.61,79.79,-1.18,-1.4789,295148.61,2287001.034
300503.SZ,20260527,82.5,84.0,79.05,79.79,84.4,-4.61,-5.4621,328181.77,2674387.506
300503.SZ,20260526,86.14,93.9,82.4,84.5,88.1,-3.6,-4.0863,424840.38,3738242.454
300503.SZ,20260525,87.76,91.68,84.3,88.1,89.34,-1.24,-1.388,405143.26,3524752.894
300503.SZ,20260522,86.97,90.1,83.88,89.34,86.97,2.37,2.7251,455739.17,3999788.209
300503.SZ,20260521,77.36,91.01,77.02,86.97,75.84,11.13,14.6756,613655.87,5256049.402
300503.SZ,20260520,78.54,78.78,74.97,75.84,78.98,-3.14,-3.9757,270444.01,2063510.077
300503.SZ,20260519,70.09,79.9,69.33,78.98,69.93,9.05,12.9415,370243.62,2802894.846
300503.SZ,20260518,69.45,71.79,68.88,69.93,71.14,-1.21,-1.7009,194054.21,1366715.28
300503.SZ,20260515,68.0,74.6,65.01,71.14,68.4,2.74,4.0058,323794.83,2259999.184
300503.SZ,20260514,69.98,71.68,68.37,68.4,69.08,-0.68,-0.9844,200913.99,1408537.98
300503.SZ,20260513,68.49,69.99,67.38,69.08,69.33,-0.25,-0.3606,184081.13,1268748.878
300503.SZ,20260512,71.76,72.07,68.73,69.33,72.8,-3.47,-4.7665,249754.58,1749531.274
300503.SZ,20260511,69.06,74.5,69.05,72.8,68.49,4.31,6.2929,301190.41,2170953.107
300503.SZ,20260508,65.5,71.68,65.09,68.49,67.07,1.42,2.1172,310106.97,2131993.517
300503.SZ,20260507,66.0,68.26,64.95,67.07,65.99,1.08,1.6366,233300.93,1563866.789
300503.SZ,20260506,63.25,66.78,62.25,65.99,62.65,3.34,5.3312,234830.65,1533950.72
300503.SZ,20260430,63.8,64.4,61.36,62.65,64.4,-1.75,-2.7174,175157.77,1098339.758
300503.SZ,20260429,64.0,65.19,63.25,64.4,65.0,-0.6,-0.9231,175418.89,1127068.012
300503.SZ,20260428,61.69,65.0,61.61,65.0,62.93,2.07,3.2894,218155.07,1389564.717
300503.SZ,20260427,62.62,65.6,62.58,62.93,63.62,-0.69,-1.0846,231664.47,1489129.524
300503.SZ,20260424,60.23,64.06,60.02,63.62,60.75,2.87,4.7243,260713.15,1626589.722
300503.SZ,20260423,62.67,62.9,60.05,60.75,62.98,-2.23,-3.5408,237162.45,1455305.548
300503.SZ,20260422,60.2,63.64,59.22,62.98,61.14,1.84,3.0095,313019.79,1923132.395
300503.SZ,20260421,64.0,67.77,60.28,61.14,62.44,-1.3,-2.082,449967.16,2879764.051
300503.SZ,20260420,59.7,62.8,58.01,62.44,59.29,3.15,5.3129,279613.48,1704489.232
300503.SZ,20260417,56.51,59.9,56.23,59.29,56.37,2.92,5.1801,261936.5,1529032.135
300503.SZ,20260416,55.92,57.0,54.7,56.37,55.1,1.27,2.3049,197988.65,1110257.652
300503.SZ,20260415,56.3,56.76,54.7,55.1,56.49,-1.39,-2.4606,172193.07,958009.232
300503.SZ,20260414,55.48,56.6,54.28,56.49,54.67,1.82,3.3291,192107.0,1070865.967
300503.SZ,20260413,51.81,55.25,51.5,54.67,52.5,2.17,4.1333,172386.3,930585.481
300503.SZ,20260410,53.49,55.18,52.44,52.5,53.22,-0.72,-1.3529,132461.94,711492.304
300503.SZ,20260409,53.5,54.39,52.41,53.22,54.95,-1.73,-3.1483,105448.24,563070.565
300503.SZ,20260408,53.58,55.3,53.38,54.95,52.31,2.64,5.0468,131323.14,717469.863
300503.SZ,20260407,53.0,53.6,51.79,52.31,53.06,-0.75,-1.4135,104370.14,547619.996
300503.SZ,20260403,54.3,55.46,53.0,53.06,54.3,-1.24,-2.2836,117962.0,636967.648
300503.SZ,20260402,54.8,56.38,54.0,54.3,55.33,-1.03,-1.8616,200086.13,1101342.838
300503.SZ,20260401,53.41,55.58,51.35,55.33,52.03,3.3,6.3425,288269.14,1533028.087
300503.SZ,20260331,49.53,53.34,49.24,52.03,49.62,2.41,4.8569,262712.64,1367172.34
300503.SZ,20260330,45.68,49.8,45.51,49.62,46.75,2.87,6.139,147871.0,712303.107
300503.SZ,20260327,46.0,47.11,45.33,46.75,46.73,0.02,0.0428,74959.0,347275.826
300503.SZ,20260326,47.25,48.57,46.2,46.73,46.96,-0.23,-0.4898,125715.84,597068.278
300503.SZ,20260325,46.77,48.06,46.58,46.96,46.42,0.54,1.1633,106583.0,504805.797
300503.SZ,20260324,47.88,47.99,45.03,46.42,46.78,-0.36,-0.7696,135601.37,625181.006
300503.SZ,20260323,49.01,50.95,46.19,46.78,49.73,-2.95,-5.932,152394.94,738889.4
300503.SZ,20260320,50.5,51.88,49.33,49.73,50.13,-0.4,-0.7979,118361.43,597584.331
300503.SZ,20260319,51.34,51.75,49.83,50.13,53.18,-3.05,-5.7352,150806.93,764620.318
300503.SZ,20260318,51.76,54.38,51.76,53.18,51.69,1.49,2.8826,223049.0,1182209.307
300503.SZ,20260317,51.45,54.95,51.01,51.69,50.54,1.15,2.2754,231420.56,1218661.377
300503.SZ,20260316,48.35,51.05,47.61,50.54,48.12,2.42,5.0291,143303.0,708489.698
300503.SZ,20260313,49.99,49.99,48.06,48.12,49.39,-1.27,-2.5714,59977.5,291556.809
300503.SZ,20260312,50.6,50.65,49.11,49.39,50.79,-1.4,-2.7564,93973.0,467131.068
300503.SZ,20260311,51.3,52.48,50.56,50.79,50.8,-0.01,-0.0197,154974.31,793345.989
300503.SZ,20260310,49.73,51.16,49.51,50.8,49.06,1.74,3.5467,140575.0,708785.801
300503.SZ,20260309,48.0,49.21,47.63,49.06,49.4,-0.34,-0.6883,108022.5,523438.072
300503.SZ,20260306,49.14,50.06,49.14,49.4,49.59,-0.19,-0.3831,64195.0,317955.248
300503.SZ,20260305,49.58,50.23,49.17,49.59,48.46,1.13,2.3318,91512.0,454222.868
300503.SZ,20260304,47.95,49.29,47.85,48.46,48.44,0.02,0.0413,95580.09,464518.338
300503.SZ,20260303,52.0,52.46,48.25,48.44,52.15,-3.71,-7.1141,166874.7,830519.268
300503.SZ,20260302,51.7,53.5,51.51,52.15,53.16,-1.01,-1.8999,134789.55,705759.737
300503.SZ,20260227,53.71,54.18,53.05,53.16,54.69,-1.53,-2.7976,134686.0,720442.097
300503.SZ,20260226,54.89,55.09,53.8,54.69,55.13,-0.44,-0.7981,108025.51,590416.443
300503.SZ,20260225,53.5,55.41,53.1,55.13,53.24,1.89,3.55,167871.55,916185.256
300503.SZ,20260224,56.99,57.0,52.0,53.24,55.23,-1.99,-3.6031,173681.36,934282.111
300503.SZ,20260213,54.82,56.0,54.7,55.23,55.01,0.22,0.3999,118078.5,655116.122
300503.SZ,20260212,54.86,56.33,54.73,55.01,55.0,0.01,0.0182,129845.14,719073.19
300503.SZ,20260211,56.2,56.85,54.9,55.0,57.3,-2.3,-4.014,189199.6,1050024.04
300503.SZ,20260210,55.87,59.0,55.41,57.3,56.35,0.95,1.6859,251613.89,1435501.14
300503.SZ,20260209,56.46,56.8,54.85,56.35,55.56,0.79,1.4219,183362.12,1022813.646
300503.SZ,20260206,54.12,57.07,53.9,55.56,54.69,0.87,1.5908,207782.33,1162433.396
300503.SZ,20260205,55.2,55.66,54.3,54.69,56.61,-1.92,-3.3916,137111.5,752012.187
300503.SZ,20260204,57.39,57.88,55.66,56.61,58.35,-1.74,-2.982,211000.33,1194504.875
300503.SZ,20260203,56.58,58.86,55.44,58.35,57.15,1.2,2.0997,279032.84,1610931.229
300503.SZ,20260202,55.63,59.95,55.63,57.15,55.57,1.58,2.8433,322639.56,1851912.093
300503.SZ,20260130,55.42,56.7,52.99,55.57,56.0,-0.43,-0.7679,253127.42,1384693.71
300503.SZ,20260129,57.71,58.03,55.81,56.0,57.71,-1.71,-2.9631,204493.11,1160818.986
300503.SZ,20260128,59.92,59.94,56.84,57.71,59.4,-1.69,-2.8451,269398.5,1555190.637
300503.SZ,20260127,59.8,61.0,58.1,59.4,61.7,-2.3,-3.7277,327591.1,1948048.699
300503.SZ,20260126,71.55,71.76,61.58,61.7,71.65,-9.95,-13.887,471427.78,3084669.86
300503.SZ,20260123,68.0,72.56,66.88,71.65,67.26,4.39,6.5269,478529.61,3364222.288
300503.SZ,20260122,65.12,68.68,64.8,67.26,65.88,1.38,2.0947,386276.8,2594485.624
300503.SZ,20260121,64.65,69.77,62.86,65.88,64.01,1.87,2.9214,410666.8,2751026.289
300503.SZ,20260120,66.11,68.98,63.17,64.01,67.5,-3.49,-5.1704,403280.81,2629191.723
300503.SZ,20260119,63.0,70.85,63.0,67.5,62.92,4.58,7.2791,532665.59,3548799.152
300503.SZ,20260116,61.64,64.49,60.38,62.92,60.22,2.7,4.4836,486646.93,3036653.503
300503.SZ,20260115,60.57,61.5,59.54,60.22,61.44,-1.22,-1.9857,257160.92,1552759.37
300503.SZ,20260114,63.64,66.61,60.75,61.44,62.9,-1.46,-2.3211,476402.5,3000771.924
300503.SZ,20260113,66.89,69.0,55.72,62.9,69.27,-6.37,-9.1959,536893.35,3417996.742
300503.SZ,20260112,63.26,74.65,63.26,69.27,64.91,4.36,6.717,634300.71,4365571.388
300503.SZ,20260109,63.08,69.93,62.26,64.91,60.8,4.11,6.7599,689343.97,4540869.027
300503.SZ,20260108,59.62,61.5,58.85,60.8,59.62,1.18,1.9792,458474.89,2774736.603
300503.SZ,20260107,58.0,62.77,56.88,59.62,61.91,-2.29,-3.6989,508648.86,3054776.688
300503.SZ,20260106,60.03,62.85,58.45,61.91,60.66,1.25,2.0607,643580.13,3902904.768
300503.SZ,20260105,62.22,62.93,60.0,60.66,63.72,-3.06,-4.8023,567416.0,3453173.15
300503.SZ,20251231,62.4,66.65,60.48,63.72,63.8,-0.08,-0.1254,731803.94,4671083.763
300503.SZ,20251230,50.74,64.56,50.74,63.8,53.8,10.0,18.5874,814531.14,4760407.56
300503.SZ,20251229,45.02,54.55,45.02,53.8,46.72,7.08,15.1541,759428.0,3802574.716
300503.SZ,20251226,46.0,49.56,45.88,46.72,43.42,3.3,7.6002,726284.69,3449217.495
300503.SZ,20251225,37.55,43.42,37.02,43.42,36.18,7.24,20.0111,524465.89,2128048.311
300503.SZ,20251224,34.9,36.58,34.63,36.18,34.98,1.2,3.4305,170677.0,610104.794
300503.SZ,20251223,35.7,35.89,34.88,34.98,35.66,-0.68,-1.9069,173006.89,608962.629
300503.SZ,20251222,36.29,36.37,35.48,35.66,35.93,-0.27,-0.7515,189439.0,678096.983
300503.SZ,20251219,36.16,37.24,35.8,35.93,36.06,-0.13,-0.3605,191046.0,693052.366
300503.SZ,20251218,35.55,37.7,35.08,36.06,36.0,0.06,0.1667,255544.8,940039.418
300503.SZ,20251217,35.76,36.75,35.52,36.0,35.91,0.09,0.2506,191675.97,692151.689
300503.SZ,20251216,37.0,37.21,35.55,35.91,37.66,-1.75,-4.6468,237946.5,863052.43
300503.SZ,20251215,38.32,38.56,36.5,37.66,38.6,-0.94,-2.4352,344325.75,1295453.013
300503.SZ,20251212,35.91,39.2,35.35,38.6,36.3,2.3,6.3361,432589.76,1622638.644
300503.SZ,20251211,36.93,37.47,36.16,36.3,36.88,-0.58,-1.5727,288435.59,1057882.298
300503.SZ,20251210,35.56,37.99,35.51,36.88,34.95,1.93,5.5222,467332.76,1723991.253
300503.SZ,20251209,35.5,36.1,34.4,34.95,35.8,-0.85,-2.3743,308285.33,1079119.72
300503.SZ,20251208,34.99,36.2,33.6,35.8,34.47,1.33,3.8584,569676.81,1985649.733
300503.SZ,20251205,30.01,36.55,29.66,34.47,30.46,4.01,13.1648,684437.69,2323237.911
300503.SZ,20251204,30.01,31.13,29.51,30.46,28.94,1.52,5.2522,270356.75,819170.351
300503.SZ,20251203,29.59,29.75,28.88,28.94,29.46,-0.52,-1.7651,100270.0,292031.097
300503.SZ,20251202,30.16,30.4,29.4,29.46,30.68,-1.22,-3.9765,145413.58,432577.801
300503.SZ,20251201,29.5,31.23,29.1,30.68,29.25,1.43,4.8889,272764.0,829037.442
300503.SZ,20251128,27.8,30.19,27.51,29.25,27.51,1.74,6.325,226952.83,659585.895
300503.SZ,20251127,27.6,28.39,27.34,27.51,28.15,-0.64,-2.2735,127771.13,354228.982
300503.SZ,20251126,28.6,29.5,28.15,28.15,27.5,0.65,2.3636,198825.92,575443.902
300503.SZ,20251125,27.0,27.69,26.81,27.5,26.77,0.73,2.7269,83799.0,227697.222
300503.SZ,20251124,26.39,26.95,26.09,26.77,26.33,0.44,1.6711,61689.0,163663.929
300503.SZ,20251121,26.61,27.22,25.81,26.33,26.86,-0.53,-1.9732,102418.7,271747.388
300503.SZ,20251120,27.3,27.48,26.8,26.86,27.16,-0.3,-1.1046,48476.7,131260.106
300503.SZ,20251119,27.49,27.74,27.01,27.16,27.69,-0.53,-1.914,53774.0,146976.051
300503.SZ,20251118,27.59,27.89,27.27,27.69,27.81,-0.12,-0.4315,54384.0,149979.443
300503.SZ,20251117,27.72,28.12,27.51,27.81,27.71,0.1,0.3609,63680.0,176717.013
300503.SZ,20251114,28.33,28.34,27.68,27.71,28.65,-0.94,-3.281,89033.0,248505.903
300503.SZ,20251113,29.0,29.13,28.37,28.65,29.19,-0.54,-1.8499,124086.9,355850.059
300503.SZ,20251112,30.1,30.33,28.88,29.19,30.48,-1.29,-4.2323,118080.5,348818.167
300503.SZ,20251111,30.3,30.77,29.64,30.48,29.86,0.62,2.0764,149561.62,452307.444
300503.SZ,20251110,30.02,30.27,29.5,29.86,30.16,-0.3,-0.9947,97422.0,290569.495
300503.SZ,20251107,30.75,30.85,30.01,30.16,31.23,-1.07,-3.4262,171137.1,518026.086
300503.SZ,20251106,29.08,31.35,28.85,31.23,28.94,2.29,7.9129,276959.7,845094.473
300503.SZ,20251105,28.71,29.2,28.36,28.94,29.37,-0.43,-1.4641,97132.7,280061.525
300503.SZ,20251104,29.9,30.09,28.96,29.37,30.17,-0.8,-2.6516,124015.3,364576.788
300503.SZ,20251103,30.66,30.92,29.85,30.17,31.14,-0.97,-3.115,151092.91,456353.071
300503.SZ,20251031,30.85,31.49,30.33,31.14,30.84,0.3,0.9728,221498.62,686051.753
300503.SZ,20251030,30.89,32.83,30.52,30.84,29.86,0.98,3.282,334270.57,1052357.802
300503.SZ,20251029,29.16,29.86,28.8,29.86,28.87,0.99,3.4292,196308.46,577073.785
300503.SZ,20251028,28.83,29.03,28.51,28.87,29.03,-0.16,-0.5512,98121.5,282242.734
300503.SZ,20251027,29.01,29.38,28.66,29.03,28.8,0.23,0.7986,160811.16,465687.251
300503.SZ,20251024,27.67,30.18,27.5,28.8,27.33,1.47,5.3787,234727.66,677368.134
300503.SZ,20251023,27.5,27.5,26.83,27.33,27.71,-0.38,-1.3713,63363.1,171841.871
300503.SZ,20251022,27.35,28.14,27.22,27.71,27.44,0.27,0.984,82103.0,227662.363
300503.SZ,20251021,27.4,27.7,27.07,27.44,27.32,0.12,0.4392,58112.5,159145.752
300503.SZ,20251020,27.12,27.7,27.03,27.32,26.77,0.55,2.0545,65827.5,180442.93
300503.SZ,20251017,27.95,28.09,26.71,26.77,28.04,-1.27,-4.5292,69416.5,189034.791
300503.SZ,20251016,28.5,28.61,27.82,28.04,28.8,-0.76,-2.6389,69973.0,197185.234
300503.SZ,20251015,27.9,28.8,27.38,28.8,27.7,1.1,3.9711,104326.5,294876.739
300503.SZ,20251014,29.29,29.53,27.48,27.7,29.16,-1.46,-5.0069,111307.0,315703.68
300503.SZ,20251013,27.86,29.32,27.27,29.16,29.58,-0.42,-1.4199,112471.7,321681.284
300503.SZ,20251010,30.21,30.85,29.36,29.58,30.21,-0.63,-2.0854,114052.31,342110.638
300503.SZ,20251009,30.85,31.19,30.2,30.21,30.97,-0.76,-2.454,125992.09,387059.085
300503.SZ,20250930,31.03,31.45,30.87,30.97,31.03,-0.06,-0.1934,85870.01,267193.515
300503.SZ,20250929,30.59,31.18,30.21,31.03,30.63,0.4,1.3059,96476.51,296682.953
300503.SZ,20250926,31.5,31.68,30.6,30.63,31.97,-1.34,-4.1914,118455.5,367989.454
300503.SZ,20250925,31.85,32.51,31.64,31.97,31.9,0.07,0.2194,148988.5,477527.633
300503.SZ,20250924,31.3,32.03,30.74,31.9,31.37,0.53,1.6895,139895.5,439638.713
300503.SZ,20250923,31.9,32.11,30.51,31.37,31.93,-0.56,-1.7538,163491.2,508655.139
300503.SZ,20250922,31.68,32.12,31.03,31.93,31.39,0.54,1.7203,139437.5,442710.128
300503.SZ,20250919,32.53,32.86,31.18,31.39,32.88,-1.49,-4.5316,234209.6,743237.674
300503.SZ,20250918,33.71,34.85,32.24,32.88,34.18,-1.3,-3.8034,400508.6,1349393.907
300503.SZ,20250917,32.1,36.88,31.71,34.18,32.26,1.92,5.9516,358463.56,1210589.227
300503.SZ,20250916,30.81,32.59,30.8,32.26,30.99,1.27,4.0981,288747.95,919838.139
300503.SZ,20250915,30.85,31.4,30.43,30.99,30.92,0.07,0.2264,189490.5,587489.647
300503.SZ,20250912,30.57,31.47,30.21,30.92,30.85,0.07,0.2269,235405.5,728003.502
300503.SZ,20250911,29.37,30.9,29.17,30.85,29.69,1.16,3.907,228113.09,688406.685
300503.SZ,20250910,29.51,30.38,29.23,29.69,29.4,0.29,0.9864,176797.0,526716.643
300503.SZ,20250909,29.64,30.03,29.33,29.4,30.02,-0.62,-2.0653,130736.3,387522.396
300503.SZ,20250908,28.68,30.39,28.68,30.02,28.97,1.05,3.6244,226099.0,672826.73
300503.SZ,20250905,28.06,28.97,27.9,28.97,28.1,0.87,3.0961,152349.1,435455.833
300503.SZ,20250904,29.53,29.93,27.33,28.1,29.28,-1.18,-4.0301,216272.37,620263.077
300503.SZ,20250903,30.8,31.21,29.11,29.28,30.83,-1.55,-5.0276,227017.93,679755.78
300503.SZ,20250902,31.8,31.98,29.07,30.83,31.15,-0.32,-1.0273,408023.98,1244865.948
300503.SZ,20250901,30.4,31.85,30.21,31.15,30.42,0.73,2.3997,364024.24,1135537.83
300503.SZ,20250829,30.87,30.98,29.43,30.42,30.45,-0.03,-0.0985,287341.5,863868.936
300503.SZ,20250828,30.3,30.99,29.61,30.45,30.37,0.08,0.2634,285799.64,865812.511
300503.SZ,20250827,31.5,31.96,30.37,30.37,31.27,-0.9,-2.8782,372642.36,1165699.007
300503.SZ,20250826,32.94,33.06,31.11,31.27,33.54,-2.27,-6.768,576370.89,1831081.887
300503.SZ,20250825,28.7,33.54,28.4,33.54,27.95,5.59,20.0,718104.45,2357380.11
300503.SZ,20250822,27.22,28.24,27.22,27.95,27.74,0.21,0.757,275153.01,761587.63
300503.SZ,20250821,26.63,29.58,26.63,27.74,26.82,0.92,3.4303,391835.95,1102866.528
300503.SZ,20250820,26.31,27.4,26.03,26.82,26.52,0.3,1.1312,261582.1,702080.342
300503.SZ,20250819,25.59,26.86,25.25,26.52,25.85,0.67,2.5919,293176.4,766411.542
300503.SZ,20250818,25.28,26.3,25.15,25.85,25.05,0.8,3.1936,229652.0,590766.114
300503.SZ,20250815,24.03,25.08,24.03,25.05,24.04,1.01,4.2013,189966.5,471746.668
300503.SZ,20250814,24.56,24.75,23.75,24.04,24.5,-0.46,-1.8776,122274.0,296061.747
300503.SZ,20250813,24.31,24.65,24.13,24.5,24.3,0.2,0.823,105775.0,257721.829
300503.SZ,20250812,24.51,24.56,24.05,24.3,24.58,-0.28,-1.1391,96521.0,234291.085
300503.SZ,20250811,24.48,24.88,24.42,24.58,24.44,0.14,0.5728,96230.34,236832.616
300503.SZ,20250808,24.83,24.94,24.38,24.44,24.99,-0.55,-2.2009,112456.16,276651.646
300503.SZ,20250807,25.26,25.26,24.83,24.99,25.2,-0.21,-0.8333,156511.5,391458.872
300503.SZ,20250806,24.73,25.33,24.46,25.2,24.7,0.5,2.0243,214496.0,537448.286
300503.SZ,20250805,24.35,24.88,24.28,24.7,24.1,0.6,2.4896,186573.0,458745.04
300503.SZ,20250804,22.98,24.1,22.9,24.1,23.05,1.05,4.5553,124865.01,295238.507
300503.SZ,20250801,23.39,23.47,22.87,23.05,23.24,-0.19,-0.8176,71680.0,165564.976
300503.SZ,20250731,23.36,23.95,23.11,23.24,23.52,-0.28,-1.1905,112470.0,265724.316
300503.SZ,20250730,23.91,23.91,23.38,23.52,23.97,-0.45,-1.8773,97918.0,231145.983
300503.SZ,20250729,24.02,24.02,23.52,23.97,24.08,-0.11,-0.4568,128765.0,306590.491
300503.SZ,20250728,23.77,24.12,23.51,24.08,23.47,0.61,2.5991,176351.71,421225.376
300503.SZ,20250725,23.56,23.69,23.06,23.47,23.09,0.38,1.6457,122012.0,285172.181
300503.SZ,20250724,22.79,23.29,22.78,23.09,22.81,0.28,1.2275,76182.0,175619.853
300503.SZ,20250723,22.95,23.15,22.76,22.81,23.19,-0.38,-1.6386,97917.0,224280.219
300503.SZ,20250722,23.26,23.58,23.03,23.19,23.42,-0.23,-0.9821,129694.0,301012.53
300503.SZ,20250721,23.76,24.1,23.2,23.42,23.19,0.23,0.9918,159126.96,374404.903
300503.SZ,20250718,23.45,23.55,23.02,23.19,23.4,-0.21,-0.8974,113591.01,263723.915
300503.SZ,20250717,22.72,23.85,22.5,23.4,22.72,0.68,2.993,203000.9,472148.924
300503.SZ,20250716,22.62,23.07,22.35,22.72,22.64,0.08,0.3534,141378.5,321645.984
300503.SZ,20250715,22.6,22.65,22.23,22.64,22.56,0.08,0.3546,137274.46,308325.687
300503.SZ,20250714,21.7,22.9,21.67,22.61,21.74,0.87,4.0018,193318.96,434090.127
300503.SZ,20250711,21.29,21.91,21.1,21.74,21.28,0.46,2.1617,84616.5,182275.224
300503.SZ,20250710,21.41,21.55,21.1,21.28,21.5,-0.22,-1.0233,56749.06,120950.939
300503.SZ,20250709,21.83,22.3,21.43,21.5,21.58,-0.08,-0.3707,114905.0,251988.277
300503.SZ,20250708,21.17,21.65,21.06,21.58,21.08,0.5,2.3719,61628.56,132085.663
300503.SZ,20250707,21.22,21.23,20.91,21.08,21.28,-0.2,-0.9398,45061.0,94974.937
300503.SZ,20250704,21.66,21.86,21.27,21.28,21.75,-0.47,-2.1609,67260.0,144219.956
300503.SZ,20250703,21.57,21.96,21.57,21.75,21.63,0.12,0.5548,48023.0,104595.214
300503.SZ,20250702,22.1,22.1,21.41,21.63,22.0,-0.37,-1.6818,64740.0,140381.922
300503.SZ,20250701,22.05,22.24,21.91,22.0,22.13,-0.13,-0.5874,63300.5,139525.232
300503.SZ,20250630,21.87,22.19,21.82,22.13,21.85,0.28,1.2815,66740.5,147059.384
300503.SZ,20250627,21.94,22.1,21.71,21.85,21.84,0.01,0.0458,68729.0,150482.873
300503.SZ,20250626,22.08,22.44,21.82,21.84,22.2,-0.36,-1.6216,99103.21,218876.014
300503.SZ,20250625,22.05,22.32,21.8,22.2,22.0,0.2,0.9091,130318.0,287775.968
300503.SZ,20250624,20.8,22.17,20.8,22.0,20.78,1.22,5.871,160871.0,349614.364
300503.SZ,20250623,20.22,20.78,20.02,20.78,20.36,0.42,2.0629,54828.2,112726.069
300503.SZ,20250620,21.01,21.25,20.35,20.36,21.2,-0.84,-3.9623,79162.8,163537.256
300503.SZ,20250619,20.99,21.65,20.9,21.2,21.1,0.1,0.4739,126528.5,269942.875
300503.SZ,20250618,20.8,21.11,20.6,21.1,20.89,0.21,1.0053,57638.5,120313.851
300503.SZ,20250617,20.72,21.25,20.65,20.89,20.68,0.21,1.0155,56553.5,118258.064
300503.SZ,20250616,20.53,20.82,20.46,20.68,20.57,0.11,0.5348,46573.0,96420.654
300503.SZ,20250613,21.06,21.15,20.46,20.57,21.17,-0.6,-2.8342,69930.0,145027.866
300503.SZ,20250612,21.4,21.49,21.16,21.17,21.45,-0.28,-1.3054,53033.5,112854.516
300503.SZ,20250611,21.33,21.55,21.33,21.45,21.33,0.12,0.5626,65662.5,140879.916
300503.SZ,20250610,21.5,21.53,20.76,21.33,21.41,-0.08,-0.3737,87310.58,184964.034
300503.SZ,20250609,21.25,21.58,21.18,21.41,21.18,0.23,1.0859,73788.0,158096.779
300503.SZ,20250606,21.5,21.52,21.1,21.18,21.48,-0.3,-1.3966,67321.0,142757.454
300503.SZ,20250605,21.1,21.52,20.82,21.48,20.99,0.49,2.3344,102000.0,216819.766
300503.SZ,20250604,21.0,21.29,20.94,20.99,20.97,0.02,0.0954,58805.0,124047.385
300503.SZ,20250603,20.76,21.19,20.7,20.97,21.01,-0.04,-0.1904,53211.5,111906.162
300503.SZ,20250530,21.62,21.64,20.89,21.01,21.65,-0.64,-2.9561,82320.71,173806.651
300503.SZ,20250529,21.48,21.76,21.36,21.65,21.32,0.33,1.5478,77175.0,166740.031
300503.SZ,20250528,21.5,21.79,21.22,21.32,21.5,-0.18,-0.8372,68077.71,146116.577
300503.SZ,20250527,22.01,22.02,21.43,21.5,22.03,-0.53,-2.4058,70961.0,153226.704
300503.SZ,20250526,21.81,22.1,21.73,22.03,21.81,0.22,1.0087,62578.23,137192.148
300503.SZ,20250523,21.86,22.49,21.75,21.81,22.08,-0.27,-1.2228,95635.72,211414.528
300503.SZ,20250522,22.2,22.6,21.96,22.08,22.2,-0.12,-0.5405,81045.08,180102.183
300503.SZ,20250521,22.63,22.63,21.92,22.2,22.71,-0.51,-2.2457,102745.0,227989.083
300503.SZ,20250520,22.7,22.95,22.3,22.71,22.78,-0.07,-0.3073,86589.38,196354.855
300503.SZ,20250519,23.25,23.35,22.1,22.78,23.4,-0.62,-2.6496,150856.5,339504.299
300503.SZ,20250516,23.23,23.92,23.12,23.4,23.34,0.06,0.2571,132075.5,312692.151
300503.SZ,20250515,23.9,24.02,23.18,23.34,24.05,-0.71,-2.9522,120699.91,282918.927
300503.SZ,20250514,24.05,24.78,23.88,24.05,24.11,-0.06,-0.2489,173860.5,422205.268
300503.SZ,20250513,24.9,25.07,24.03,24.11,24.34,-0.23,-0.9449,172664.5,423454.864
300503.SZ,20250512,23.66,24.44,23.61,24.34,23.4,0.94,4.0171,176010.6,426364.511
300503.SZ,20250509,23.94,24.11,22.93,23.4,24.08,-0.68,-2.8239,130099.91,304253.762
300503.SZ,20250508,23.78,24.26,23.58,24.08,23.83,0.25,1.0491,119738.64,288205.945
300503.SZ,20250507,24.53,24.6,23.43,23.83,24.19,-0.36,-1.4882,180796.8,433025.259
300503.SZ,20250506,23.53,24.3,23.53,24.19,23.52,0.67,2.8486,157677.89,378221.409
300503.SZ,20250430,22.96,23.76,22.79,23.52,22.85,0.67,2.9322,157086.5,366932.779
300503.SZ,20250429,22.24,23.06,22.1,22.85,22.4,0.45,2.0089,114098.0,260079.101
300503.SZ,20250428,22.74,22.93,22.3,22.4,22.87,-0.47,-2.0551,81403.0,183144.582
300503.SZ,20250425,23.04,23.14,22.57,22.87,22.95,-0.08,-0.3486,121180.0,277134.389
300503.SZ,20250424,23.14,23.62,22.8,22.95,23.24,-0.29,-1.2478,156687.23,362785.825
300503.SZ,20250423,22.41,23.59,22.41,23.24,22.08,1.16,5.2536,237871.0,548640.298
300503.SZ,20250422,22.58,22.78,22.04,22.08,22.93,-0.85,-3.7069,149247.0,332995.715
300503.SZ,20250421,21.39,22.95,21.29,22.93,21.46,1.47,6.85,174767.5,389376.586
300503.SZ,20250418,21.33,21.72,21.25,21.46,21.54,-0.08,-0.3714,69686.0,149346.851
300503.SZ,20250417,21.67,22.1,21.49,21.54,21.78,-0.24,-1.1019,86811.5,188820.991
300503.SZ,20250416,22.14,22.47,21.51,21.78,22.35,-0.57,-2.5503,111869.42,245292.702
300503.SZ,20250415,22.06,22.65,21.93,22.35,22.16,0.19,0.8574,139287.42,310412.937
300503.SZ,20250414,22.25,22.75,22.03,22.16,21.98,0.18,0.8189,147578.5,330323.831
300503.SZ,20250411,21.01,22.44,21.01,21.98,21.45,0.53,2.4709,186267.0,410356.437
300503.SZ,20250410,21.13,22.12,21.13,21.45,20.4,1.05,5.1471,214483.0,463535.386
300503.SZ,20250409,18.94,20.63,17.61,20.4,19.63,0.77,3.9226,217614.0,424366.333
300503.SZ,20250408,19.56,20.58,18.82,19.63,19.54,0.09,0.4606,198808.5,390729.514
300503.SZ,20250407,21.22,22.18,19.54,19.54,24.43,-4.89,-20.0164,202314.0,413451.264
300503.SZ,20250403,24.59,25.38,24.15,24.43,24.99,-0.56,-2.2409,102992.0,253735.425
300503.SZ,20250402,24.56,25.5,24.54,24.99,24.56,0.43,1.7508,119471.0,299744.551
300503.SZ,20250401,25.18,25.25,24.47,24.56,24.98,-0.42,-1.6813,99782.5,247264.35
300503.SZ,20250331,25.0,25.29,23.8,24.98,25.5,-0.52,-2.0392,171461.0,417538.445
300503.SZ,20250328,25.64,26.32,25.39,25.5,25.93,-0.43,-1.6583,106726.0,274550.275
300503.SZ,20250327,25.82,26.65,25.39,25.93,26.06,-0.13,-0.4988,142301.01,372296.498
300503.SZ,20250326,25.07,26.77,25.01,26.06,25.32,0.74,2.9226,171728.0,449865.088
300503.SZ,20250325,26.2,26.63,25.24,25.32,26.45,-1.13,-4.2722,161284.0,417211.655
300503.SZ,20250324,26.9,27.24,25.48,26.45,27.17,-0.72,-2.65,222855.0,584311.644
300503.SZ,20250321,28.6,28.74,27.07,27.17,29.36,-2.19,-7.4591,290773.07,803622.471
300503.SZ,20250320,28.64,30.35,28.28,29.36,29.12,0.24,0.8242,410904.0,1206990.235
300503.SZ,20250319,28.1,29.4,27.9,29.12,28.18,0.94,3.3357,382561.0,1104512.295
300503.SZ,20250318,27.9,28.48,27.14,28.18,27.9,0.28,1.0036,268722.0,748821.402
300503.SZ,20250317,27.46,28.36,26.8,27.9,27.61,0.29,1.0503,230457.5,634696.235
300503.SZ,20250314,26.27,28.05,26.23,27.61,26.57,1.04,3.9142,240838.19,653532.365
300503.SZ,20250313,28.03,28.2,26.06,26.57,28.58,-2.01,-7.0329,328250.0,880494.545
300503.SZ,20250312,29.1,29.49,28.45,28.58,29.08,-0.5,-1.7194,275849.0,798557.21
300503.SZ,20250311,28.0,30.57,27.95,29.08,28.63,0.45,1.5718,335819.2,979780.864
300503.SZ,20250310,29.68,29.68,28.48,28.63,29.78,-1.15,-3.8617,335110.7,969509.311
300503.SZ,20250307,27.21,29.99,27.21,29.78,27.54,2.24,8.1336,520024.06,1493780.636
300503.SZ,20250306,27.54,28.16,27.22,27.54,27.28,0.26,0.9531,290867.5,806322.834
300503.SZ,20250305,26.66,27.5,26.46,27.28,26.66,0.62,2.3256,289203.19,780955.47
300503.SZ,20250304,25.7,27.2,25.7,26.66,25.99,0.67,2.5779,273780.68,733482.219
300503.SZ,20250303,26.63,26.98,25.69,25.99,26.63,-0.64,-2.4033,262997.04,690380.563
300503.SZ,20250228,28.56,29.0,26.5,26.63,28.79,-2.16,-7.5026,381332.53,1041394.936
300503.SZ,20250227,28.48,30.19,28.06,28.79,28.92,-0.13,-0.4495,462843.5,1339065.289
300503.SZ,20250226,29.37,31.74,28.55,28.92,29.3,-0.38,-1.2969,612673.5,1847173.093
300503.SZ,20250225,28.99,30.48,28.88,29.3,30.0,-0.7,-2.3333,513992.3,1521965.541
300503.SZ,20250224,27.28,32.06,26.0,30.0,27.38,2.62,9.569,650357.81,1876143.38
300503.SZ,20250221,25.17,28.12,25.17,27.38,25.62,1.76,6.8696,546879.84,1461981.502
300503.SZ,20250220,24.93,26.17,24.45,25.62,25.17,0.45,1.7878,517987.88,1322276.426
300503.SZ,20250219,24.2,25.48,24.0,25.17,24.02,1.15,4.7877,550230.69,1376947.602
300503.SZ,20250218,22.9,24.38,22.58,24.02,23.09,0.93,4.0277,525839.01,1245316.69
300503.SZ,20250217,22.0,23.16,21.8,23.09,22.0,1.09,4.9545,287596.0,654524.754
300503.SZ,20250214,22.12,22.44,21.55,22.0,22.27,-0.27,-1.2124,220602.44,484940.769
300503.SZ,20250213,23.05,23.33,22.23,22.27,23.2,-0.93,-4.0086,244231.03,552097.68
300503.SZ,20250212,22.22,23.5,21.85,23.2,22.43,0.77,3.4329,296646.46,680911.171
300503.SZ,20250211,22.9,23.19,22.36,22.43,22.94,-0.51,-2.2232,257029.46,581989.033
300503.SZ,20250210,22.8,23.0,22.32,22.94,23.38,-0.44,-1.882,321164.44,727574.184
300503.SZ,20250207,23.38,24.3,22.86,23.38,23.6,-0.22,-0.9322,435615.96,1027568.155
300503.SZ,20250206,22.19,24.15,22.13,23.6,22.46,1.14,5.0757,371538.83,872855.12
300503.SZ,20250205,22.14,22.99,21.91,22.46,21.89,0.57,2.6039,280209.35,630214.686
300503.SZ,20250127,23.0,23.05,21.86,21.89,23.31,-1.42,-6.0918,252564.94,562410.941
300503.SZ,20250124,21.79,23.31,21.7,23.31,22.17,1.14,5.1421,366075.85,829607.591
300503.SZ,20250123,22.13,23.04,21.58,22.17,21.82,0.35,1.604,351310.0,786544.402
300503.SZ,20250122,21.74,22.18,21.48,21.82,22.27,-0.45,-2.0207,225304.0,491498.655
300503.SZ,20250121,21.63,22.39,21.29,22.27,21.63,0.64,2.9589,345975.37,756801.948
300503.SZ,20250120,21.6,21.95,21.25,21.63,21.16,0.47,2.2212,243227.02,525178.677
300503.SZ,20250117,21.02,22.0,20.89,21.16,21.09,0.07,0.3319,252824.5,542681.198
300503.SZ,20250116,21.24,21.68,20.7,21.09,21.24,-0.15,-0.7062,253509.0,537617.63
300503.SZ,20250115,21.14,21.54,20.89,21.24,21.14,0.1,0.473,293288.5,622896.8
300503.SZ,20250114,19.0,21.33,18.93,21.14,19.11,2.03,10.6227,374957.44,762947.018
300503.SZ,20250113,18.46,19.87,18.18,19.11,18.57,0.54,2.9079,298901.55,575830.743
300503.SZ,20250110,18.61,19.59,18.45,18.57,18.64,-0.07,-0.3755,283735.65,541445.84
300503.SZ,20250109,18.03,18.88,18.01,18.64,18.23,0.41,2.249,227263.14,419708.61
000551.SZ,20260702,20.05,20.5,19.5,19.76,21.0,-1.24,-5.9048,455208.46,908954.65624
000551.SZ,20260701,20.53,21.98,20.4,21.0,20.63,0.37,1.7935,582892.83,1233536.61178
000551.SZ,20260630,20.58,21.32,19.2,20.63,20.08,0.55,2.739,755517.33,1551432.37107
000551.SZ,20260629,18.75,20.08,18.39,20.08,18.25,1.83,10.0274,624368.97,1203043.64843
000551.SZ,20260626,16.88,18.9,16.71,18.25,17.18,1.07,6.2282,669606.06,1222219.90003
000551.SZ,20260625,16.61,17.53,16.53,17.18,16.81,0.37,2.2011,488119.46,833461.94093
000551.SZ,20260624,17.14,17.14,15.72,16.81,16.84,-0.03,-0.1781,434583.13,715260.35617
000551.SZ,20260623,15.42,16.84,15.4,16.84,15.31,1.53,9.9935,175475.22,287179.41988
000551.SZ,20260622,15.6,15.65,14.62,15.31,15.63,-0.32,-2.0473,238318.15,360874.22687
000551.SZ,20260618,15.18,15.65,15.02,15.63,15.21,0.42,2.7613,221371.56,341389.0148
000551.SZ,20260617,15.3,15.49,15.08,15.21,15.39,-0.18,-1.1696,195358.09,297640.91767
000551.SZ,20260616,15.56,15.56,15.27,15.39,15.72,-0.33,-2.0992,199141.2,306572.58101
000551.SZ,20260615,14.99,15.72,14.71,15.72,14.89,0.83,5.5742,237642.54,361292.83967
000551.SZ,20260612,15.33,15.5,14.61,14.89,14.99,-0.1,-0.6671,199757.21,298457.5947
000551.SZ,20260611,15.0,15.06,14.65,14.99,15.09,-0.1,-0.6627,127517.57,189676.76079
000551.SZ,20260610,14.8,15.12,14.71,15.09,15.03,0.06,0.3992,150897.77,225810.5088
000551.SZ,20260609,14.45,15.05,14.3,15.03,14.45,0.58,4.0138,130183.8,189779.29345
000551.SZ,20260608,14.55,14.96,14.2,14.45,15.12,-0.67,-4.4312,117051.98,170188.314
000551.SZ,20260605,15.11,15.22,14.6,15.12,15.11,0.01,0.0662,127627.87,190748.322
000551.SZ,20260604,15.06,15.19,14.88,15.11,15.32,-0.21,-1.3708,103535.06,155619.769
000551.SZ,20260603,15.42,15.6,15.09,15.32,15.45,-0.13,-0.8414,129783.64,199500.313
000551.SZ,20260602,15.6,15.62,15.03,15.45,15.64,-0.19,-1.2148,119893.68,183724.467
000551.SZ,20260601,15.69,15.8,15.49,15.64,15.82,-0.18,-1.1378,121269.6,189699.916
000551.SZ,20260529,16.31,16.37,15.46,15.82,16.32,-0.5,-3.0637,150139.86,238496.242
000551.SZ,20260528,16.17,16.33,16.0,16.32,16.17,0.15,0.9276,133084.12,215307.552
000551.SZ,20260527,16.47,16.5,15.95,16.17,16.45,-0.28,-1.7021,167297.36,270619.463
000551.SZ,20260526,16.89,16.9,16.17,16.45,17.11,-0.66,-3.8574,204384.66,336036.484
000551.SZ,20260525,17.42,17.78,16.7,17.11,17.34,-0.23,-1.3264,255301.81,435382.494
000551.SZ,20260522,17.03,17.36,16.44,17.34,17.34,0.0,0.0,300687.25,509808.947
000551.SZ,20260521,17.76,18.05,16.76,17.34,17.74,-0.4,-2.2548,428606.44,748832.944
000551.SZ,20260520,17.48,17.75,17.25,17.74,17.59,0.15,0.8528,218142.14,382187.02
000551.SZ,20260519,17.27,17.61,17.08,17.59,17.48,0.11,0.6293,236446.53,411567.94
000551.SZ,20260518,17.0,17.92,16.89,17.48,17.09,0.39,2.282,315126.92,551114.919
000551.SZ,20260515,16.41,17.65,16.32,17.09,16.41,0.68,4.1438,314031.09,532717.538
000551.SZ,20260514,17.5,17.65,16.39,16.41,17.5,-1.09,-6.2286,392877.6,657646.988
000551.SZ,20260513,16.98,17.72,16.95,17.5,17.08,0.42,2.459,222809.63,388349.25
000551.SZ,20260512,17.19,17.5,16.96,17.08,17.12,-0.04,-0.2336,217480.04,373356.314
000551.SZ,20260511,16.99,17.3,16.81,17.12,16.99,0.13,0.7652,259908.56,443827.233
000551.SZ,20260508,16.43,17.09,16.38,16.99,16.62,0.37,2.2262,302159.58,510985.644
000551.SZ,20260507,16.43,16.73,16.3,16.62,16.42,0.2,1.218,290896.16,480654.523
000551.SZ,20260506,16.35,16.64,16.27,16.42,16.28,0.14,0.86,445084.11,730914.331
000551.SZ,20260430,15.92,16.61,15.78,16.28,15.76,0.52,3.2995,597804.67,973367.675
000551.SZ,20260429,15.45,15.76,15.45,15.76,14.33,1.43,9.9791,214444.3,336723.922
000551.SZ,20260428,14.45,14.6,14.25,14.33,14.53,-0.2,-1.3765,112686.33,161720.478
000551.SZ,20260427,14.6,14.74,14.42,14.53,14.64,-0.11,-0.7514,138132.42,201145.414
000551.SZ,20260424,14.84,15.15,14.58,14.64,14.98,-0.34,-2.2697,204626.47,303573.571
000551.SZ,20260423,14.78,15.46,14.66,14.98,14.76,0.22,1.4905,296881.14,445754.457
000551.SZ,20260422,14.58,14.86,14.4,14.76,14.46,0.3,2.0747,194046.51,284916.399
000551.SZ,20260421,14.42,14.46,14.27,14.46,14.45,0.01,0.0692,82746.7,118836.323
000551.SZ,20260420,14.24,14.52,14.16,14.45,14.24,0.21,1.4747,115759.4,166680.813
000551.SZ,20260417,14.26,14.38,14.16,14.24,14.26,-0.02,-0.1403,93812.45,133607.438
000551.SZ,20260416,14.12,14.29,14.02,14.26,14.18,0.08,0.5642,84011.7,119381.435
000551.SZ,20260415,14.33,14.41,14.1,14.18,14.31,-0.13,-0.9085,113855.06,162279.474
000551.SZ,20260414,14.26,14.41,14.12,14.31,14.2,0.11,0.7746,135949.82,193224.842
000551.SZ,20260413,13.96,14.32,13.83,14.2,14.03,0.17,1.2117,164235.11,232882.599
000551.SZ,20260410,14.22,14.32,13.94,14.03,13.94,0.09,0.6456,171987.88,242078.018
000551.SZ,20260409,14.12,14.17,13.8,13.94,13.94,0.0,0.0,263705.9,368710.036
000551.SZ,20260408,13.31,13.94,13.31,13.94,12.67,1.27,10.0237,113700.21,156602.607
000551.SZ,20260407,12.71,12.82,12.6,12.67,12.72,-0.05,-0.3931,49276.6,62577.841
000551.SZ,20260403,13.07,13.17,12.72,12.72,13.07,-0.35,-2.6779,64128.39,82339.848
000551.SZ,20260402,13.3,13.48,13.0,13.07,13.45,-0.38,-2.8253,64439.0,85015.018
000551.SZ,20260401,13.55,13.64,13.33,13.45,13.24,0.21,1.5861,81109.08,109196.358
000551.SZ,20260331,13.28,13.6,13.23,13.24,13.34,-0.1,-0.7496,82868.09,111167.055
000551.SZ,20260330,13.01,13.37,13.0,13.34,13.25,0.09,0.6792,78960.21,104170.037
000551.SZ,20260327,13.0,13.32,12.95,13.25,13.18,0.07,0.5311,68295.4,90079.011
000551.SZ,20260326,13.31,13.51,13.12,13.18,13.4,-0.22,-1.6418,65352.2,86714.379
000551.SZ,20260325,13.21,13.8,13.16,13.4,13.14,0.26,1.9787,125271.83,168975.912
000551.SZ,20260324,12.89,13.15,12.68,13.14,12.59,0.55,4.3685,93928.81,121100.835
000551.SZ,20260323,12.92,13.31,12.51,12.59,13.33,-0.74,-5.5514,126473.95,162882.17
000551.SZ,20260320,13.6,13.76,13.31,13.33,13.56,-0.23,-1.6962,78469.98,106064.372
000551.SZ,20260319,13.8,13.8,13.5,13.56,13.94,-0.38,-2.726,85109.39,116044.155
000551.SZ,20260318,13.9,13.98,13.74,13.94,13.86,0.08,0.5772,74886.81,103886.737
000551.SZ,20260317,14.01,14.35,13.83,13.86,14.0,-0.14,-1.0,110896.54,155808.045
000551.SZ,20260316,14.16,14.17,13.72,14.0,14.15,-0.15,-1.0601,104579.28,145403.171
000551.SZ,20260313,14.17,14.52,14.06,14.15,14.28,-0.13,-0.9104,88271.0,125893.667
000551.SZ,20260312,14.5,14.55,14.19,14.28,14.57,-0.29,-1.9904,88860.44,127326.147
000551.SZ,20260311,14.73,14.88,14.49,14.57,14.72,-0.15,-1.019,85241.0,124741.992
000551.SZ,20260310,14.5,14.75,14.5,14.72,14.38,0.34,2.3644,89284.85,131057.446
000551.SZ,20260309,14.3,14.45,14.03,14.38,14.57,-0.19,-1.304,107215.57,152813.289
000551.SZ,20260306,14.26,14.74,14.26,14.57,14.37,0.2,1.3918,106479.75,155210.338
000551.SZ,20260305,14.19,14.57,14.19,14.37,13.88,0.49,3.5303,155021.61,222753.868
000551.SZ,20260304,13.72,14.17,13.72,13.88,14.0,-0.12,-0.8571,120777.61,168469.241
000551.SZ,20260303,15.0,15.12,13.93,14.0,14.8,-0.8,-5.4054,213210.27,306661.317
000551.SZ,20260302,15.0,15.28,14.73,14.8,15.36,-0.56,-3.6458,171659.24,256237.589
000551.SZ,20260227,15.3,15.4,15.19,15.36,15.45,-0.09,-0.5825,123433.75,188988.832
000551.SZ,20260226,15.41,15.48,15.26,15.45,15.39,0.06,0.3899,160376.12,246850.968
000551.SZ,20260225,15.17,15.48,15.16,15.39,15.19,0.2,1.3167,160245.71,246402.008
000551.SZ,20260224,14.99,15.36,14.99,15.19,14.88,0.31,2.0833,125245.39,190557.169
000551.SZ,20260213,14.98,15.25,14.88,14.88,14.99,-0.11,-0.7338,88698.23,133335.981
000551.SZ,20260212,14.91,15.22,14.81,14.99,14.9,0.09,0.604,106800.94,160786.513
000551.SZ,20260211,15.23,15.29,14.88,14.9,15.25,-0.35,-2.2951,123505.3,185904.601
000551.SZ,20260210,15.32,15.61,15.1,15.25,15.26,-0.01,-0.0655,150377.29,229977.206
000551.SZ,20260209,15.2,15.45,15.16,15.26,15.03,0.23,1.5303,171128.01,261766.639
000551.SZ,20260206,15.05,15.36,14.82,15.03,15.29,-0.26,-1.7005,169942.9,256598.792
000551.SZ,20260205,15.32,15.64,15.13,15.29,15.48,-0.19,-1.2274,167416.61,256842.194
000551.SZ,20260204,14.82,15.99,14.78,15.48,14.92,0.56,3.7534,347610.83,539290.913
000551.SZ,20260203,14.6,14.93,14.57,14.92,14.51,0.41,2.8256,142584.1,211290.777
000551.SZ,20260202,14.56,14.88,14.49,14.51,14.68,-0.17,-1.158,156722.53,230304.793
000551.SZ,20260130,14.5,15.08,14.37,14.68,14.5,0.18,1.2414,212232.66,312065.481
000551.SZ,20260129,14.82,15.09,14.5,14.5,14.85,-0.35,-2.3569,237837.38,350825.339
000551.SZ,20260128,15.35,15.44,14.85,14.85,15.52,-0.67,-4.317,313042.08,472332.658
000551.SZ,20260127,15.15,15.79,14.83,15.52,15.24,0.28,1.8373,355407.83,547939.727
000551.SZ,20260126,15.8,15.88,15.1,15.24,15.98,-0.74,-4.6308,366311.9,566051.182
000551.SZ,20260123,15.9,16.08,15.56,15.98,16.0,-0.02,-0.125,480928.19,761300.122
000551.SZ,20260122,15.3,16.07,15.13,16.0,15.24,0.76,4.9869,616330.82,967264.579
000551.SZ,20260121,15.0,15.77,14.71,15.24,15.37,-0.13,-0.8458,347217.59,526740.352
000551.SZ,20260120,15.64,15.99,15.05,15.37,15.78,-0.41,-2.5982,451814.82,698081.648
000551.SZ,20260119,15.89,16.3,15.66,15.78,15.97,-0.19,-1.1897,531235.21,843783.911
000551.SZ,20260116,15.36,16.16,15.25,15.97,15.14,0.83,5.4822,716112.99,1129940.692
000551.SZ,20260115,15.3,15.69,14.98,15.14,15.6,-0.46,-2.9487,456759.04,697909.08
000551.SZ,20260114,14.27,15.71,14.21,15.6,14.28,1.32,9.2437,811332.34,1225981.484
000551.SZ,20260113,15.15,15.23,14.25,14.28,15.42,-1.14,-7.393,544631.78,794175.626
000551.SZ,20260112,14.79,15.68,14.79,15.42,14.9,0.52,3.4899,660919.45,1010738.285
000551.SZ,20260109,14.88,15.4,14.73,14.9,14.93,-0.03,-0.2009,575311.95,866306.473
000551.SZ,20260108,14.61,15.04,14.48,14.93,14.59,0.34,2.3304,502921.33,743935.555
000551.SZ,20260107,15.26,15.28,14.55,14.59,15.17,-0.58,-3.8233,578005.42,856345.22
000551.SZ,20260106,14.5,15.28,14.47,15.17,14.72,0.45,3.0571,692943.95,1031116.484
000551.SZ,20260105,14.44,15.1,14.4,14.72,14.7,0.02,0.1361,714915.89,1053164.192
000551.SZ,20251231,14.3,15.14,13.53,14.7,14.15,0.55,3.8869,1019974.19,1451261.143
000551.SZ,20251230,14.0,15.0,13.75,14.15,15.27,-1.12,-7.3346,1039849.96,1470703.619
000551.SZ,20251229,15.8,16.26,15.27,15.27,16.97,-1.7,-10.0177,509098.93,791156.465
000551.SZ,20251226,17.66,18.35,16.21,16.97,16.68,0.29,1.7386,1500102.87,2576817.783
000551.SZ,20251225,15.18,16.68,15.16,16.68,15.16,1.52,10.0264,1322426.22,2166040.578
000551.SZ,20251224,15.16,15.16,15.16,15.16,13.78,1.38,10.0145,101325.56,153609.549
000551.SZ,20251223,12.79,13.78,12.79,13.78,12.53,1.25,9.9761,636542.04,857269.261
000551.SZ,20251222,11.4,12.53,11.4,12.53,11.39,1.14,10.0088,685330.34,841506.873
000551.SZ,20251219,11.27,11.44,11.24,11.39,11.26,0.13,1.1545,60519.8,68905.721
000551.SZ,20251218,11.09,11.45,11.06,11.26,11.17,0.09,0.8057,73406.79,83138.632
000551.SZ,20251217,11.31,11.38,10.92,11.17,11.35,-0.18,-1.5859,111123.54,123372.64
000551.SZ,20251216,11.63,11.63,11.25,11.35,11.61,-0.26,-2.2394,96529.74,109578.678
000551.SZ,20251215,11.5,11.75,11.45,11.61,11.5,0.11,0.9565,152572.6,177590.075
000551.SZ,20251212,11.0,11.52,11.0,11.5,11.1,0.4,3.6036,167682.64,191092.171
000551.SZ,20251211,11.07,11.26,11.06,11.1,11.07,0.03,0.271,107086.38,119608.623
000551.SZ,20251210,11.07,11.1,10.97,11.07,11.07,0.0,0.0,40534.24,44734.423
000551.SZ,20251209,11.12,11.18,11.02,11.07,11.17,-0.1,-0.8953,59666.65,66137.969
000551.SZ,20251208,11.15,11.29,11.14,11.17,11.15,0.02,0.1794,70053.44,78466.927
000551.SZ,20251205,10.99,11.17,10.95,11.15,11.05,0.1,0.905,65780.88,72937.752
000551.SZ,20251204,10.96,11.18,10.9,11.05,11.06,-0.01,-0.0904,80418.8,88700.103
000551.SZ,20251203,10.92,11.43,10.83,11.06,10.92,0.14,1.2821,115542.03,128264.671
000551.SZ,20251202,10.76,10.97,10.69,10.92,10.78,0.14,1.2987,57023.08,61716.476
000551.SZ,20251201,10.81,10.85,10.76,10.78,10.81,-0.03,-0.2775,51984.17,56179.626
000551.SZ,20251128,10.68,10.82,10.65,10.81,10.69,0.12,1.1225,35428.13,38101.647
000551.SZ,20251127,10.59,10.78,10.59,10.69,10.59,0.1,0.9443,43763.25,46834.138
000551.SZ,20251126,10.78,10.81,10.57,10.59,10.74,-0.15,-1.3966,42510.65,45401.782
000551.SZ,20251125,10.69,10.81,10.66,10.74,10.67,0.07,0.656,36076.78,38776.996
000551.SZ,20251124,10.69,10.72,10.58,10.67,10.64,0.03,0.282,38299.79,40790.379
000551.SZ,20251121,10.93,11.05,10.6,10.64,11.02,-0.38,-3.4483,77909.01,83957.15
000551.SZ,20251120,11.19,11.2,10.98,11.02,11.08,-0.06,-0.5415,52592.44,58207.582
000551.SZ,20251119,11.23,11.29,11.05,11.08,11.25,-0.17,-1.5111,60615.82,67445.145
000551.SZ,20251118,11.19,11.38,11.1,11.25,11.19,0.06,0.5362,90168.94,101305.767
000551.SZ,20251117,11.42,11.46,11.14,11.19,11.41,-0.22,-1.9281,93990.1,105605.353
000551.SZ,20251114,11.36,11.55,11.34,11.41,11.43,-0.02,-0.175,75106.6,86136.799
000551.SZ,20251113,11.38,11.47,11.31,11.43,11.44,-0.01,-0.0874,62756.7,71593.632
000551.SZ,20251112,11.39,11.59,11.3,11.44,11.38,0.06,0.5272,93055.82,106352.364
000551.SZ,20251111,11.39,11.53,11.33,11.38,11.37,0.01,0.088,68131.0,77835.44
000551.SZ,20251110,11.37,11.41,11.26,11.37,11.36,0.01,0.088,61200.4,69444.688
000551.SZ,20251107,11.39,11.47,11.31,11.36,11.43,-0.07,-0.6124,71635.41,81532.715
000551.SZ,20251106,11.34,11.55,11.34,11.43,11.36,0.07,0.6162,107709.34,123568.752
000551.SZ,20251105,11.02,11.39,11.01,11.36,11.13,0.23,2.0665,78336.03,88339.497
000551.SZ,20251104,11.27,11.31,11.06,11.13,11.27,-0.14,-1.2422,53787.22,60127.078
000551.SZ,20251103,11.22,11.32,11.2,11.27,11.19,0.08,0.7149,51571.51,58094.111
000551.SZ,20251031,11.17,11.27,11.14,11.19,11.15,0.04,0.3587,47101.38,52788.115
000551.SZ,20251030,11.31,11.35,11.13,11.15,11.48,-0.33,-2.8746,102099.8,114457.265
000551.SZ,20251029,11.45,11.48,11.29,11.48,11.43,0.05,0.4374,71939.2,82062.051
000551.SZ,20251028,11.35,11.49,11.34,11.43,11.42,0.01,0.0876,63302.85,72304.902
000551.SZ,20251027,11.38,11.45,11.26,11.42,11.29,0.13,1.1515,69037.8,78511.11
000551.SZ,20251024,11.28,11.37,11.28,11.29,11.27,0.02,0.1775,45967.8,52021.77
000551.SZ,20251023,11.19,11.29,11.07,11.27,11.21,0.06,0.5352,44432.81,49563.249
000551.SZ,20251022,11.29,11.35,11.18,11.21,11.29,-0.08,-0.7086,49121.44,55273.102
000551.SZ,20251021,11.09,11.35,11.06,11.29,11.07,0.22,1.9874,66465.4,74836.723
000551.SZ,20251020,10.95,11.17,10.95,11.07,10.86,0.21,1.9337,60818.46,67276.431
000551.SZ,20251017,11.3,11.33,10.84,10.86,11.3,-0.44,-3.8938,100736.2,111202.497
000551.SZ,20251016,11.49,11.54,11.27,11.3,11.57,-0.27,-2.3336,65206.28,74144.469
000551.SZ,20251015,11.33,11.58,11.24,11.57,11.35,0.22,1.9383,85287.52,97350.182
000551.SZ,20251014,11.63,11.68,11.29,11.35,11.5,-0.15,-1.3043,80261.13,92307.647
000551.SZ,20251013,11.2,11.51,11.1,11.5,11.63,-0.13,-1.1178,86100.43,97680.881
000551.SZ,20251010,11.4,11.71,11.37,11.63,11.46,0.17,1.4834,109643.79,127132.955
000551.SZ,20251009,11.31,11.53,11.3,11.46,11.3,0.16,1.4159,86274.72,98432.85
000551.SZ,20250930,11.48,11.52,11.27,11.3,11.47,-0.17,-1.4821,97481.4,110622.18
000551.SZ,20250929,11.57,11.62,11.29,11.47,11.61,-0.14,-1.2059,92672.67,106073.795
000551.SZ,20250926,11.58,11.88,11.53,11.61,11.61,0.0,0.0,118978.2,139361.737
000551.SZ,20250925,11.74,11.84,11.57,11.61,11.79,-0.18,-1.5267,172605.26,202026.444
000551.SZ,20250924,11.48,11.85,11.25,11.79,11.52,0.27,2.3438,278508.68,324613.753
000551.SZ,20250923,11.22,11.63,10.8,11.52,11.22,0.3,2.6738,147295.17,164113.731
000551.SZ,20250922,11.27,11.31,11.07,11.22,11.3,-0.08,-0.708,66380.37,74394.726
000551.SZ,20250919,11.48,11.54,11.24,11.3,11.48,-0.18,-1.5679,90150.38,102508.209
000551.SZ,20250918,11.46,11.88,11.39,11.48,11.49,-0.01,-0.087,140137.01,162915.893
000551.SZ,20250917,11.42,11.53,11.36,11.49,11.41,0.08,0.7011,63483.01,72815.281
000551.SZ,20250916,11.35,11.42,11.25,11.41,11.35,0.06,0.5286,59506.21,67583.008
000551.SZ,20250915,11.43,11.5,11.3,11.35,11.45,-0.1,-0.8734,58526.39,66715.547
000551.SZ,20250912,11.56,11.57,11.42,11.45,11.57,-0.12,-1.0372,71834.42,82569.486
000551.SZ,20250911,11.28,11.57,11.17,11.57,11.28,0.29,2.5709,94929.86,108477.83
000551.SZ,20250910,11.29,11.38,11.24,11.28,11.3,-0.02,-0.177,45420.81,51346.814
000551.SZ,20250909,11.43,11.43,11.23,11.3,11.43,-0.13,-1.1374,58082.61,65714.611
000551.SZ,20250908,11.36,11.46,11.28,11.43,11.36,0.07,0.6162,71496.8,81295.155
000551.SZ,20250905,11.22,11.36,11.15,11.36,11.13,0.23,2.0665,69948.2,78925.571
000551.SZ,20250904,11.18,11.34,10.97,11.13,11.18,-0.05,-0.4472,89039.61,99536.238
000551.SZ,20250903,11.44,11.5,11.15,11.18,11.42,-0.24,-2.1016,83542.22,94291.202
000551.SZ,20250902,11.67,11.67,11.24,11.42,11.67,-0.25,-2.1422,127989.88,145680.447
000551.SZ,20250901,11.71,11.75,11.58,11.67,11.67,0.0,0.0,76672.41,89290.196
000551.SZ,20250829,11.79,11.8,11.6,11.67,11.8,-0.13,-1.1017,87742.9,102680.183
000551.SZ,20250828,11.62,11.87,11.43,11.8,11.68,0.12,1.0274,151394.03,176971.466
000551.SZ,20250827,12.1,12.13,11.68,11.68,12.09,-0.41,-3.3912,175404.86,209194.879
000551.SZ,20250826,12.01,12.18,11.94,12.09,12.01,0.08,0.6661,128140.0,154577.646
000551.SZ,20250825,12.24,12.28,11.89,12.01,12.22,-0.21,-1.7185,255281.15,307476.486
000551.SZ,20250822,12.26,12.32,12.11,12.22,12.26,-0.04,-0.3263,134829.15,164442.154
000551.SZ,20250821,12.62,12.68,12.18,12.26,12.61,-0.35,-2.7756,188725.42,233174.852
000551.SZ,20250820,12.06,12.96,12.05,12.61,12.13,0.48,3.9571,306768.92,384867.252
000551.SZ,20250819,12.3,12.31,11.86,12.13,12.33,-0.2,-1.6221,208558.22,251197.151
000551.SZ,20250818,12.41,12.49,12.27,12.33,12.28,0.05,0.4072,183791.5,227035.579
000551.SZ,20250815,11.78,12.48,11.76,12.28,11.77,0.51,4.3331,216190.85,263954.806
000551.SZ,20250814,12.17,12.18,11.75,11.77,12.08,-0.31,-2.5662,146981.21,174796.415
000551.SZ,20250813,12.09,12.14,11.98,12.08,12.09,-0.01,-0.0827,122188.11,147129.797
000551.SZ,20250812,12.06,12.13,11.9,12.09,12.12,-0.03,-0.2475,155055.46,186303.615
000551.SZ,20250811,11.9,12.27,11.86,12.12,11.91,0.21,1.7632,201431.57,243613.921
000551.SZ,20250808,11.67,11.96,11.64,11.91,11.68,0.23,1.9692,175108.24,207232.945
000551.SZ,20250807,11.64,11.77,11.46,11.68,11.65,0.03,0.2575,164230.83,190713.471
000551.SZ,20250806,11.51,11.68,11.35,11.65,11.59,0.06,0.5177,185218.73,214112.624
000551.SZ,20250805,11.12,12.1,11.08,11.59,11.05,0.54,4.8869,294800.86,341445.418
000551.SZ,20250804,11.0,11.07,10.95,11.05,11.06,-0.01,-0.0904,58172.2,64062.128
000551.SZ,20250801,10.97,11.12,10.95,11.06,10.96,0.1,0.9124,68461.6,75598.529
000551.SZ,20250731,11.02,11.16,10.9,10.96,11.02,-0.06,-0.5445,86374.21,95315.584
000551.SZ,20250730,11.16,11.19,10.88,11.02,11.16,-0.14,-1.2545,96421.8,106253.035
000551.SZ,20250729,11.31,11.38,11.03,11.16,11.3,-0.14,-1.2389,125593.01,140183.208
000551.SZ,20250728,11.16,11.45,11.03,11.3,11.19,0.11,0.983,197100.74,221196.662
000551.SZ,20250725,11.02,11.23,10.95,11.19,10.99,0.2,1.8198,137779.65,152959.764
000551.SZ,20250724,10.98,11.02,10.9,10.99,10.98,0.01,0.0911,83080.4,90924.481
000551.SZ,20250723,11.09,11.18,10.93,10.98,11.05,-0.07,-0.6335,112755.0,124650.433
000551.SZ,20250722,11.07,11.13,10.96,11.05,11.07,-0.02,-0.1807,117348.07,129395.194
000551.SZ,20250721,10.74,11.09,10.72,11.07,10.72,0.35,3.2649,133699.75,146327.126
000551.SZ,20250718,10.72,10.79,10.63,10.72,10.74,-0.02,-0.1862,55071.2,58795.391
000551.SZ,20250717,10.77,10.78,10.69,10.74,10.77,-0.03,-0.2786,46105.29,49460.522
000551.SZ,20250716,10.61,10.77,10.56,10.77,10.59,0.18,1.6997,64085.9,68456.624
000551.SZ,20250715,10.8,10.87,10.58,10.59,10.78,-0.19,-1.7625,104373.6,111343.334
000551.SZ,20250714,10.75,10.94,10.75,10.78,10.73,0.05,0.466,105912.75,114868.73
000551.SZ,20250711,10.87,10.87,10.7,10.73,10.86,-0.13,-1.1971,87925.8,94561.296
000551.SZ,20250710,10.71,10.91,10.67,10.86,10.73,0.13,1.2116,66524.12,71761.066
000551.SZ,20250709,10.75,10.84,10.67,10.73,10.7,0.03,0.2804,60103.1,64638.782
000551.SZ,20250708,10.64,10.78,10.56,10.7,10.61,0.09,0.8483,73252.7,78392.794
000551.SZ,20250707,10.53,10.65,10.49,10.61,10.53,0.08,0.7597,77226.24,81705.443
000551.SZ,20250704,10.72,10.72,10.49,10.53,10.67,-0.14,-1.3121,80414.48,85000.828
000551.SZ,20250703,12.93,13.01,12.84,12.9,12.92,-0.02,-0.1548,47321.77,61096.086
000551.SZ,20250702,13.05,13.05,12.84,12.92,13.04,-0.12,-0.9202,48601.0,62743.718
000551.SZ,20250701,12.85,13.04,12.8,13.04,12.85,0.19,1.4786,59708.11,77464.395
000551.SZ,20250630,12.78,12.95,12.75,12.85,12.73,0.12,0.9427,53407.66,68724.821
000551.SZ,20250627,12.72,12.79,12.66,12.73,12.65,0.08,0.6324,40997.15,52233.702
000551.SZ,20250626,12.66,12.76,12.57,12.65,12.68,-0.03,-0.2366,44584.0,56466.875
000551.SZ,20250625,12.44,12.7,12.41,12.68,12.46,0.22,1.7657,54185.5,68273.851
000551.SZ,20250624,12.09,12.49,12.08,12.46,12.08,0.38,3.1457,54890.71,67993.846
000551.SZ,20250623,11.97,12.12,11.9,12.08,12.0,0.08,0.6667,32500.0,39126.911
000551.SZ,20250620,11.95,12.13,11.95,12.0,11.98,0.02,0.1669,33435.0,40317.336
000551.SZ,20250619,12.27,12.31,11.94,11.98,12.31,-0.33,-2.6807,52499.22,63539.102
000551.SZ,20250618,12.3,12.34,12.2,12.31,12.3,0.01,0.0813,33776.76,41433.929
000551.SZ,20250617,12.41,12.47,12.19,12.3,12.41,-0.11,-0.8864,48159.0,59306.605
000551.SZ,20250616,12.32,12.54,12.3,12.41,12.37,0.04,0.3234,39615.15,49300.775
000551.SZ,20250613,12.58,12.68,12.3,12.37,12.63,-0.26,-2.0586,49851.0,62097.219
000551.SZ,20250612,12.68,12.76,12.58,12.63,12.76,-0.13,-1.0188,60493.0,76617.849
000551.SZ,20250611,12.63,12.85,12.63,12.76,12.71,0.05,0.3934,60920.17,77680.658
000551.SZ,20250610,12.64,12.79,12.4,12.71,12.67,0.04,0.3157,75134.75,94842.366
000551.SZ,20250609,12.33,12.88,12.33,12.67,12.34,0.33,2.6742,97099.63,122658.026
000551.SZ,20250606,12.37,12.38,12.26,12.34,12.4,-0.06,-0.4839,27545.0,33954.199
000551.SZ,20250605,12.29,12.41,12.21,12.4,12.28,0.12,0.9772,49684.62,61230.122
000551.SZ,20250604,12.28,12.37,12.25,12.28,12.3,-0.02,-0.1626,43044.81,52970.421
000551.SZ,20250603,12.33,12.45,12.21,12.3,12.36,-0.06,-0.4854,45435.0,55767.468
000551.SZ,20250530,12.57,12.57,12.33,12.36,12.6,-0.24,-1.9048,53380.0,66278.518
000551.SZ,20250529,12.41,12.68,12.35,12.6,12.41,0.19,1.531,68144.63,85653.176
000551.SZ,20250528,12.32,12.47,12.29,12.41,12.31,0.1,0.8123,41231.0,51072.932
000551.SZ,20250527,12.39,12.44,12.23,12.31,12.36,-0.05,-0.4045,31518.02,38806.077
000551.SZ,20250526,12.26,12.42,12.18,12.36,12.23,0.13,1.063,30575.0,37694.858
000551.SZ,20250523,12.22,12.43,12.18,12.23,12.22,0.01,0.0818,43495.64,53625.739
000551.SZ,20250522,12.39,12.48,12.21,12.22,12.37,-0.15,-1.2126,40224.0,49597.659
000551.SZ,20250521,12.49,12.49,12.31,12.37,12.51,-0.14,-1.1191,36270.0,44924.774
000551.SZ,20250520,12.36,12.53,12.31,12.51,12.37,0.14,1.1318,41382.0,51460.269
000551.SZ,20250519,12.29,12.39,12.26,12.37,12.33,0.04,0.3244,33476.37,41273.48
000551.SZ,20250516,12.28,12.46,12.26,12.33,12.26,0.07,0.571,43446.0,53767.719
000551.SZ,20250515,12.42,12.42,12.26,12.26,12.4,-0.14,-1.129,39666.82,48836.743
000551.SZ,20250514,12.4,12.6,12.29,12.4,12.4,0.0,0.0,60557.46,75160.303
000551.SZ,20250513,12.54,12.57,12.3,12.4,12.4,0.0,0.0,46860.0,58171.289
000551.SZ,20250512,12.43,12.48,12.31,12.4,12.37,0.03,0.2425,39589.0,49098.96
000551.SZ,20250509,12.49,12.49,12.28,12.37,12.5,-0.13,-1.04,43671.05,54052.148
000551.SZ,20250508,12.34,12.6,12.27,12.5,12.34,0.16,1.2966,60378.0,75581.037
000551.SZ,20250507,12.43,12.52,12.23,12.34,12.39,-0.05,-0.4036,68954.0,85303.276
000551.SZ,20250506,12.15,12.4,12.15,12.39,12.08,0.31,2.5662,81386.0,100127.416
000551.SZ,20250430,11.62,12.22,11.59,12.08,11.59,0.49,4.2278,107500.0,128721.655
000551.SZ,20250429,11.38,11.75,11.38,11.59,11.28,0.31,2.7482,77074.02,89543.943
000551.SZ,20250428,11.53,11.59,11.28,11.28,11.52,-0.24,-2.0833,50291.65,57329.532
000551.SZ,20250425,11.34,11.58,11.33,11.52,11.39,0.13,1.1414,48233.38,55314.584
000551.SZ,20250424,11.48,11.57,11.29,11.39,11.47,-0.08,-0.6975,56598.0,64631.284
000551.SZ,20250423,11.34,11.65,11.29,11.47,11.28,0.19,1.6844,69550.0,79835.552
000551.SZ,20250422,11.07,11.34,11.03,11.28,11.11,0.17,1.5302,56624.34,63416.856
000551.SZ,20250421,10.88,11.11,10.82,11.11,10.9,0.21,1.9266,46997.0,51781.405
000551.SZ,20250418,10.86,11.01,10.77,10.9,10.86,0.04,0.3683,48425.0,52683.344
000551.SZ,20250417,10.77,11.03,10.7,10.86,10.75,0.11,1.0233,74543.0,81290.155
000551.SZ,20250416,10.9,10.9,10.56,10.75,10.9,-0.15,-1.3761,58695.0,62948.367
000551.SZ,20250415,10.96,11.03,10.76,10.9,10.96,-0.06,-0.5474,57477.0,62443.977
000551.SZ,20250414,11.06,11.18,10.92,10.96,10.86,0.1,0.9208,71781.0,79207.19
000551.SZ,20250411,10.66,10.98,10.63,10.86,10.7,0.16,1.4953,82241.82,89445.288
000551.SZ,20250410,10.75,10.98,10.69,10.7,10.51,0.19,1.8078,104675.37,113364.286
000551.SZ,20250409,10.25,10.63,9.5,10.51,10.41,0.1,0.9606,153159.92,155750.266
000551.SZ,20250408,11.0,11.15,10.08,10.41,11.1,-0.69,-6.2162,214305.25,223058.837
000551.SZ,20250407,11.53,11.6,11.1,11.1,12.33,-1.23,-9.9757,56334.0,63051.455
000551.SZ,20250403,12.51,12.74,12.21,12.33,12.63,-0.3,-2.3753,62871.67,78075.397
000551.SZ,20250402,12.45,12.84,12.43,12.63,12.49,0.14,1.1209,62666.12,79478.369
000551.SZ,20250401,12.5,12.64,12.38,12.49,12.49,0.0,0.0,55315.0,69293.405
000551.SZ,20250331,12.59,12.7,12.19,12.49,12.7,-0.21,-1.6535,81883.24,101573.803
000551.SZ,20250328,12.93,13.17,12.64,12.7,12.95,-0.25,-1.9305,73166.0,93641.792
000551.SZ,20250327,13.16,13.2,12.86,12.95,13.26,-0.31,-2.3379,74670.0,97163.442
000551.SZ,20250326,13.01,13.39,12.9,13.26,13.02,0.24,1.8433,84673.01,112081.962
000551.SZ,20250325,13.13,13.33,12.97,13.02,13.2,-0.18,-1.3636,98897.5,129823.506
000551.SZ,20250324,13.74,13.79,12.85,13.2,13.6,-0.4,-2.9412,163267.56,215367.548
000551.SZ,20250321,13.74,13.98,13.5,13.6,13.8,-0.2,-1.4493,221300.65,302650.163
000551.SZ,20250320,13.45,14.1,13.4,13.8,13.44,0.36,2.6786,299141.26,412708.382
000551.SZ,20250319,13.29,13.62,13.25,13.44,13.37,0.07,0.5236,92914.0,124982.927
000551.SZ,20250318,13.19,13.4,13.15,13.37,13.25,0.12,0.9057,87253.84,115811.375
000551.SZ,20250317,13.05,13.35,12.97,13.25,13.07,0.18,1.3772,84401.06,111072.696
000551.SZ,20250314,12.8,13.11,12.74,13.07,12.84,0.23,1.7913,73806.0,95566.391
000551.SZ,20250313,13.16,13.2,12.67,12.84,13.16,-0.32,-2.4316,91677.0,117731.392
000551.SZ,20250312,13.16,13.25,13.05,13.16,13.16,0.0,0.0,89290.15,117291.675
000551.SZ,20250311,13.2,13.24,12.99,13.16,13.35,-0.19,-1.4232,90600.75,118830.789
000551.SZ,20250310,13.25,13.76,13.21,13.35,13.2,0.15,1.1364,163712.55,220942.061
000551.SZ,20250307,13.2,13.42,13.09,13.2,13.13,0.07,0.5331,132984.13,176045.412
000551.SZ,20250306,13.05,13.24,12.99,13.13,12.97,0.16,1.2336,114016.5,149717.734
000551.SZ,20250305,13.01,13.06,12.8,12.97,13.0,-0.03,-0.2308,84969.88,109969.011
000551.SZ,20250304,12.45,13.19,12.44,13.0,12.55,0.45,3.5857,152320.31,197165.343
000551.SZ,20250303,12.75,12.95,12.46,12.55,12.83,-0.28,-2.1824,123475.01,156750.174
000551.SZ,20250228,13.01,13.15,12.63,12.83,13.08,-0.25,-1.9113,140183.02,179790.91
000551.SZ,20250227,13.19,13.45,12.87,13.08,13.14,-0.06,-0.4566,159275.51,209662.618
000551.SZ,20250226,12.72,13.28,12.72,13.14,12.69,0.45,3.5461,177759.51,232296.293
000551.SZ,20250225,12.49,12.93,12.42,12.69,12.6,0.09,0.7143,88730.27,112446.32
000551.SZ,20250224,12.75,12.81,12.52,12.6,12.76,-0.16,-1.2539,86875.5,109942.876
000551.SZ,20250221,12.67,12.85,12.59,12.76,12.82,-0.06,-0.468,129363.92,164607.207
000551.SZ,20250220,12.38,12.9,12.38,12.82,12.2,0.62,5.082,186289.04,235237.783
000551.SZ,20250219,11.85,12.2,11.81,12.2,11.85,0.35,2.9536,66701.5,80712.422
000551.SZ,20250218,12.19,12.24,11.84,11.85,12.2,-0.35,-2.8689,67516.88,81357.094
000551.SZ,20250217,11.86,12.3,11.8,12.2,11.82,0.38,3.2149,86085.5,103880.919
000551.SZ,20250214,11.94,11.99,11.78,11.82,11.92,-0.1,-0.8389,49702.88,58899.438
000551.SZ,20250213,12.16,12.19,11.92,11.92,12.17,-0.25,-2.0542,56262.45,67548.127
000551.SZ,20250212,12.13,12.2,12.05,12.17,12.12,0.05,0.4125,46596.91,56549.098
000551.SZ,20250211,12.1,12.16,11.98,12.12,12.12,0.0,0.0,43749.33,52768.167
000551.SZ,20250210,12.19,12.2,12.02,12.12,12.14,-0.02,-0.1647,56639.0,68483.043
000551.SZ,20250207,12.04,12.22,11.96,12.14,11.96,0.18,1.505,75145.82,91072.444
000551.SZ,20250206,11.64,11.96,11.59,11.96,11.66,0.3,2.5729,51986.51,61484.832
000551.SZ,20250205,11.75,11.79,11.61,11.66,11.68,-0.02,-0.1712,45831.38,53590.961
000551.SZ,20250127,11.87,11.95,11.67,11.68,11.85,-0.17,-1.4346,57029.0,67275.084
000551.SZ,20250124,11.77,11.89,11.73,11.85,11.81,0.04,0.3387,53336.0,63062.297
000551.SZ,20250123,11.96,12.06,11.79,11.81,11.9,-0.09,-0.7563,57129.63,68171.795
000551.SZ,20250122,11.99,12.03,11.83,11.9,12.0,-0.1,-0.8333,46102.0,54947.42
000551.SZ,20250121,11.96,12.1,11.86,12.0,11.96,0.04,0.3344,60989.62,73044.402
000551.SZ,20250120,11.89,12.46,11.81,11.96,11.73,0.23,1.9608,101396.64,122202.933
000551.SZ,20250117,11.66,11.89,11.58,11.73,11.61,0.12,1.0336,65680.6,76988.33
000551.SZ,20250116,11.68,12.2,11.47,11.61,11.3,0.31,2.7434,120474.65,142140.943
000551.SZ,20250115,11.38,11.48,11.25,11.3,11.36,-0.06,-0.5282,51078.0,58044.45
000551.SZ,20250114,10.96,11.37,10.92,11.36,10.92,0.44,4.0293,58081.2,65222.599
000551.SZ,20250113,10.88,10.98,10.58,10.92,10.97,-0.05,-0.4558,35273.53,38189.669
000551.SZ,20250110,11.28,11.35,10.97,10.97,11.27,-0.3,-2.6619,39918.63,44700.729
000551.SZ,20250109,11.26,11.41,11.21,11.27,11.33,-0.06,-0.5296,35634.0,40327.385
688017.SH,20260702,424.36,458.0,403.99,413.05,423.98,-10.93,-2.578,208697.77,9017661.502
688017.SH,20260701,406.0,434.96,400.28,423.98,417.86,6.12,1.4646,191196.75,7939265.026
688017.SH,20260630,372.0,422.0,362.0,417.86,361.62,56.24,15.5522,209997.72,8251774.361
688017.SH,20260629,368.22,371.98,345.0,361.62,369.46,-7.84,-2.122,136530.75,4889780.848
688017.SH,20260626,385.66,396.76,368.95,369.46,391.0,-21.54,-5.509,121304.98,4605056.007
688017.SH,20260625,380.0,404.0,373.0,391.0,383.18,7.82,2.0408,146611.75,5712242.48
688017.SH,20260624,378.0,394.5,368.0,383.18,378.53,4.65,1.2284,121114.73,4645075.066
688017.SH,20260623,381.0,394.99,366.15,378.53,393.31,-14.78,-3.7579,127751.93,4857324.844
688017.SH,20260622,404.15,415.76,376.33,393.31,408.01,-14.7,-3.6029,194356.79,7681348.253
688017.SH,20260618,381.6,413.82,375.64,408.01,381.6,26.41,6.9209,192016.16,7694417.272
688017.SH,20260617,370.88,384.98,364.47,381.6,376.22,5.38,1.43,130002.67,4896291.507
688017.SH,20260616,371.99,384.97,363.5,376.22,372.62,3.6,0.9661,143780.36,5400290.25
688017.SH,20260615,355.0,373.9,347.98,372.62,351.0,21.62,6.1595,150832.85,5496760.095
688017.SH,20260612,372.18,386.99,348.0,351.0,367.0,-16.0,-4.3597,224884.97,8193027.258
688017.SH,20260611,402.1,407.96,362.0,367.0,424.0,-57.0,-13.4434,217755.41,8192869.071
688017.SH,20260610,412.0,431.31,400.13,424.0,420.17,3.83,0.9115,193172.72,8100965.453
688017.SH,20260609,413.0,429.2,393.98,420.17,428.25,-8.08,-1.8867,203291.72,8451108.143
688017.SH,20260608,375.54,450.2,375.45,428.25,393.0,35.25,8.9695,290407.69,11949975.351
688017.SH,20260605,322.78,393.0,314.9,393.0,327.5,65.5,20.0,223937.59,7928886.998
688017.SH,20260604,310.01,340.6,310.0,327.5,314.88,12.62,4.0079,144596.29,4759006.614
688017.SH,20260603,304.09,330.58,304.0,314.88,306.0,8.88,2.902,138193.13,4419268.412
688017.SH,20260602,299.98,318.77,299.98,306.0,287.3,18.7,6.5089,128645.21,3964868.856
688017.SH,20260601,305.0,309.68,287.0,287.3,306.0,-18.7,-6.1111,116903.53,3458758.787
688017.SH,20260529,319.99,332.57,302.0,306.0,316.13,-10.13,-3.2044,119840.55,3793203.537
688017.SH,20260528,318.02,318.8,301.04,316.13,321.0,-4.87,-1.5171,128467.67,4016887.663
688017.SH,20260527,332.8,341.2,318.8,321.0,338.47,-17.47,-5.1615,174649.5,5763150.591
688017.SH,20260526,351.3,383.88,325.01,338.47,349.0,-10.53,-3.0172,187238.39,6655744.552
688017.SH,20260525,338.58,359.8,330.23,349.0,342.0,7.0,2.0468,122539.81,4191484.645
688017.SH,20260522,335.0,344.2,322.72,342.0,335.0,7.0,2.0896,132328.77,4435173.433
688017.SH,20260521,321.0,353.8,320.99,335.0,323.66,11.34,3.5037,184043.28,6231609.815
688017.SH,20260520,320.0,325.99,315.45,323.66,326.17,-2.51,-0.7695,103037.01,3312494.511
688017.SH,20260519,323.0,332.8,315.01,326.17,322.88,3.29,1.019,139023.85,4502086.5
688017.SH,20260518,300.0,331.76,297.36,322.88,305.5,17.38,5.689,166182.45,5302344.777
688017.SH,20260515,265.5,315.0,262.0,305.5,265.0,40.5,15.283,201244.25,5845814.799
688017.SH,20260514,282.0,282.74,265.0,265.0,279.65,-14.65,-5.2387,121145.25,3302698.977
688017.SH,20260513,268.88,282.09,265.0,279.65,273.87,5.78,2.1105,105465.24,2896291.714
688017.SH,20260512,269.0,279.5,266.04,273.87,271.0,2.87,1.059,115062.43,3139150.748
688017.SH,20260511,265.86,277.77,260.21,271.0,262.99,8.01,3.0457,147361.75,3983938.651
688017.SH,20260508,230.5,270.99,228.58,262.99,230.48,32.51,14.1053,164801.05,4189243.596
688017.SH,20260507,227.56,233.0,224.1,230.48,226.81,3.67,1.6181,68454.59,1572550.583
688017.SH,20260506,228.0,230.5,222.0,226.81,224.12,2.69,1.2002,76554.55,1743944.466
688017.SH,20260430,214.1,229.62,214.1,224.12,215.01,9.11,4.237,83440.1,1870403.691
688017.SH,20260429,205.03,216.16,205.0,215.01,207.65,7.36,3.5444,64103.25,1365030.924
688017.SH,20260428,212.0,217.0,206.21,207.65,213.8,-6.15,-2.8765,60878.67,1278461.707
688017.SH,20260427,204.53,216.99,204.0,213.8,205.26,8.54,4.1606,71199.88,1512577.757
688017.SH,20260424,202.9,207.99,200.6,205.26,203.77,1.49,0.7312,52989.0,1080785.465
688017.SH,20260423,214.0,214.0,202.34,203.77,219.99,-16.22,-7.3731,98665.06,2047420.122
688017.SH,20260422,210.9,220.0,209.6,219.99,213.32,6.67,3.1268,68006.44,1467268.862
688017.SH,20260421,212.14,216.25,207.17,213.32,210.77,2.55,1.2098,50921.93,1076902.593
688017.SH,20260420,214.33,216.33,209.36,210.77,213.0,-2.23,-1.0469,60970.01,1294017.385
688017.SH,20260417,206.0,213.74,202.28,213.0,207.98,5.02,2.4137,58150.86,1215355.609
688017.SH,20260416,212.0,213.77,204.0,207.98,206.5,1.48,0.7167,50055.15,1039493.862
688017.SH,20260415,209.0,213.82,205.88,206.5,206.9,-0.4,-0.1933,59752.48,1255402.682
688017.SH,20260414,206.19,207.85,202.73,206.9,202.98,3.92,1.9312,44242.27,908834.735
688017.SH,20260413,201.0,206.5,200.02,202.98,204.0,-1.02,-0.5,39534.54,804451.104
688017.SH,20260410,202.1,207.98,201.08,204.0,199.28,4.72,2.3685,50437.54,1032432.468
688017.SH,20260409,199.99,202.12,197.35,199.28,203.45,-4.17,-2.0496,39799.76,794983.83
688017.SH,20260408,195.0,203.5,193.0,203.45,185.66,17.79,9.582,71686.86,1430841.837
688017.SH,20260407,187.9,189.49,183.41,185.66,187.3,-1.64,-0.8756,30490.48,567862.637
688017.SH,20260403,193.49,195.0,186.51,187.3,193.5,-6.2,-3.2041,44762.45,847178.659
688017.SH,20260402,200.0,200.76,192.58,193.5,201.99,-8.49,-4.2032,45663.02,895328.45
688017.SH,20260401,192.11,205.68,192.11,201.99,187.16,14.83,7.9237,92425.9,1845542.023
688017.SH,20260331,191.99,194.85,187.1,187.16,191.26,-4.1,-2.1437,41429.83,790145.745
688017.SH,20260330,183.0,192.12,183.0,191.26,187.66,3.6,1.9184,41323.45,779614.026
688017.SH,20260327,185.01,190.28,182.8,187.66,188.3,-0.64,-0.3399,39583.22,739114.591
688017.SH,20260326,187.92,193.33,186.6,188.3,187.97,0.33,0.1756,51148.99,970703.104
688017.SH,20260325,183.05,189.85,183.05,187.97,181.99,5.98,3.2859,49128.14,920454.206
688017.SH,20260324,183.6,185.5,176.1,181.99,180.88,1.11,0.6137,44571.64,802627.842
688017.SH,20260323,183.71,193.5,180.03,180.88,186.02,-5.14,-2.7631,67166.69,1255990.273
688017.SH,20260320,192.8,193.03,186.0,186.02,189.65,-3.63,-1.9141,36152.67,685601.646
688017.SH,20260319,190.02,193.95,189.0,189.65,194.8,-5.15,-2.6437,36341.63,695063.844
688017.SH,20260318,192.8,197.49,191.3,194.8,190.51,4.29,2.2519,33981.61,661795.264
688017.SH,20260317,197.46,198.49,190.51,190.51,196.25,-5.74,-2.9248,35343.17,686064.842
688017.SH,20260316,195.51,197.98,189.7,196.25,198.0,-1.75,-0.8838,50530.98,976107.04
688017.SH,20260313,202.51,204.34,197.6,198.0,204.71,-6.71,-3.2778,46016.19,923659.707
688017.SH,20260312,207.96,210.68,203.0,204.71,208.7,-3.99,-1.9118,38129.86,785515.453
688017.SH,20260311,214.66,215.55,208.35,208.7,215.8,-7.1,-3.2901,46716.07,988295.059
688017.SH,20260310,212.04,217.3,211.0,215.8,208.34,7.46,3.5807,54413.47,1165302.465
688017.SH,20260309,204.03,209.66,200.1,208.34,212.45,-4.11,-1.9346,59425.09,1211869.114
688017.SH,20260306,212.66,216.88,211.69,212.45,212.99,-0.54,-0.2535,35822.47,766749.533
688017.SH,20260305,217.95,218.18,211.66,212.99,211.2,1.79,0.8475,44026.24,946779.48
688017.SH,20260304,208.91,214.88,208.91,211.2,209.58,1.62,0.773,58432.72,1241869.454
688017.SH,20260303,226.9,229.0,209.05,209.58,227.55,-17.97,-7.8972,104316.82,2260971.692
688017.SH,20260302,224.0,235.0,222.35,227.55,232.37,-4.82,-2.0743,84157.9,1913594.894
688017.SH,20260227,233.0,237.9,229.3,232.37,237.03,-4.66,-1.966,57213.52,1335099.684
688017.SH,20260226,233.0,243.95,230.9,237.03,236.6,0.43,0.1817,87770.45,2091416.355
688017.SH,20260225,228.05,237.88,223.01,236.6,232.7,3.9,1.676,94006.93,2157291.295
688017.SH,20260224,242.42,248.42,226.0,232.7,242.38,-9.68,-3.9937,130951.59,3086510.608
688017.SH,20260213,231.0,242.53,228.25,242.38,234.48,7.9,3.3692,99918.58,2373978.672
688017.SH,20260212,230.51,237.66,229.79,234.48,228.8,5.68,2.4825,73563.79,1720232.303
688017.SH,20260211,228.0,236.8,225.01,228.8,229.0,-0.2,-0.0873,61530.46,1416120.489
688017.SH,20260210,226.5,233.78,225.0,229.0,226.12,2.88,1.2737,82858.95,1897416.604
688017.SH,20260209,221.0,227.0,215.5,226.12,217.4,8.72,4.011,88915.46,1970498.504
688017.SH,20260206,202.0,224.68,198.48,217.4,205.12,12.28,5.9867,122211.14,2616926.611
688017.SH,20260205,210.0,211.82,202.8,205.12,216.51,-11.39,-5.2607,80441.67,1658421.489
688017.SH,20260204,221.56,223.99,212.5,216.51,224.99,-8.48,-3.7691,87283.59,1890596.781
688017.SH,20260203,220.54,230.0,216.0,224.99,219.28,5.71,2.604,110344.82,2478793.128
688017.SH,20260202,226.0,232.28,216.28,219.28,229.0,-9.72,-4.2445,113605.5,2533922.586
688017.SH,20260130,212.96,241.98,205.12,229.0,212.46,16.54,7.785,147291.4,3267485.728
688017.SH,20260129,210.4,224.22,210.2,212.46,210.54,1.92,0.9119,91245.65,1985136.211
688017.SH,20260128,218.0,219.88,208.89,210.54,221.0,-10.46,-4.733,80315.96,1709290.222
688017.SH,20260127,203.7,224.1,200.94,221.0,204.4,16.6,8.1213,125591.32,2657945.783
688017.SH,20260126,225.0,229.68,203.68,204.4,216.21,-11.81,-5.4623,115530.23,2462211.59
688017.SH,20260123,211.5,224.5,211.5,216.21,211.7,4.51,2.1304,80359.23,1746396.58
688017.SH,20260122,216.0,221.03,207.89,211.7,215.0,-3.3,-1.5349,81840.67,1747403.218
688017.SH,20260121,212.78,219.97,210.5,215.0,216.44,-1.44,-0.6653,78433.63,1683120.643
688017.SH,20260120,214.42,223.3,212.61,216.44,214.35,2.09,0.975,91895.86,1993758.519
688017.SH,20260119,223.0,224.92,213.8,214.35,220.5,-6.15,-2.7891,117041.39,2555126.275
688017.SH,20260116,201.03,228.66,201.03,220.5,200.87,19.63,9.7725,156545.63,3395532.602
688017.SH,20260115,199.6,205.8,195.08,200.87,200.0,0.87,0.435,99746.3,1988296.026
688017.SH,20260114,203.0,220.66,198.6,200.0,205.0,-5.0,-2.439,145357.15,3024784.175
688017.SH,20260113,197.88,215.24,195.0,205.0,198.0,7.0,3.5354,143387.71,2975491.459
688017.SH,20260112,196.08,199.88,191.83,198.0,195.7,2.3,1.1753,94856.33,1861843.822
688017.SH,20260109,190.0,199.77,190.0,195.7,191.0,4.7,2.4607,87825.44,1720297.801
688017.SH,20260108,189.0,194.66,188.0,191.0,190.88,0.12,0.0629,69907.9,1340199.411
688017.SH,20260107,195.0,198.66,189.18,190.88,199.8,-8.92,-4.4645,108176.58,2087339.2
688017.SH,20260106,191.36,203.77,191.36,199.8,191.06,8.74,4.5745,112850.29,2219699.366
688017.SH,20260105,187.5,196.0,187.03,191.06,192.1,-1.04,-0.5414,100185.97,1917090.78
688017.SH,20251231,191.07,196.52,185.21,192.1,191.1,1.0,0.5233,112156.56,2145182.213
688017.SH,20251230,172.02,200.0,171.5,191.1,175.01,16.09,9.1938,149692.73,2760467.222
688017.SH,20251229,168.42,179.45,168.11,175.01,169.48,5.53,3.2629,83248.97,1451660.766
688017.SH,20251226,167.2,172.0,165.2,169.48,167.24,2.24,1.3394,61369.79,1032276.575
688017.SH,20251225,160.89,170.0,159.82,167.24,159.75,7.49,4.6886,72028.71,1191681.63
688017.SH,20251224,156.38,159.96,155.6,159.75,156.35,3.4,2.1746,34221.73,540888.178
688017.SH,20251223,159.24,159.24,155.6,156.35,159.35,-3.0,-1.8826,33407.95,525159.897
688017.SH,20251222,157.27,160.85,155.15,159.35,154.14,5.21,3.38,52834.05,835792.041
688017.SH,20251219,152.9,156.28,152.9,154.14,151.76,2.38,1.5683,28150.9,435608.737
688017.SH,20251218,152.17,156.22,151.48,151.76,154.66,-2.9,-1.8751,26082.51,400212.27
688017.SH,20251217,151.0,155.0,150.03,154.66,150.68,3.98,2.6414,29266.69,447009.752
688017.SH,20251216,152.99,155.35,149.9,150.68,153.67,-2.99,-1.9457,26722.6,405223.24
688017.SH,20251215,153.0,157.77,152.2,153.67,153.5,0.17,0.1107,42062.12,656366.202
688017.SH,20251212,153.29,155.0,150.79,153.5,153.84,-0.34,-0.221,51119.9,781812.194
688017.SH,20251211,158.19,158.9,153.8,153.84,158.27,-4.43,-2.799,40635.61,633183.616
688017.SH,20251210,156.61,158.94,156.13,158.27,157.79,0.48,0.3042,32530.9,512490.126
688017.SH,20251209,157.11,160.77,156.61,157.79,158.92,-1.13,-0.711,39424.23,625333.051
688017.SH,20251208,157.32,159.8,155.07,158.92,157.49,1.43,0.908,58745.64,926072.651
688017.SH,20251205,152.0,157.5,151.43,157.49,153.21,4.28,2.7936,60830.22,944534.89
688017.SH,20251204,150.0,157.66,149.32,153.21,145.45,7.76,5.3352,93297.52,1429965.349
688017.SH,20251203,144.92,145.98,142.86,145.45,144.39,1.06,0.7341,19869.36,285857.045
688017.SH,20251202,149.97,149.97,144.12,144.39,149.9,-5.51,-3.6758,34518.87,504531.019
688017.SH,20251201,146.71,149.9,146.53,149.9,146.93,2.97,2.0214,35684.79,529618.461
688017.SH,20251128,144.4,147.35,143.0,146.93,144.8,2.13,1.471,32613.73,475005.953
688017.SH,20251127,145.01,147.55,144.2,144.8,145.31,-0.51,-0.351,27959.64,407693.571
688017.SH,20251126,142.8,146.68,141.9,145.31,143.71,1.6,1.1134,33433.77,485260.795
688017.SH,20251125,147.0,147.71,143.53,143.71,145.51,-1.8,-1.237,42573.37,619582.563
688017.SH,20251124,143.81,148.0,140.5,145.51,143.35,2.16,1.5068,36053.16,519310.285
688017.SH,20251121,140.3,146.46,139.62,143.35,141.92,1.43,1.0076,42801.31,613657.585
688017.SH,20251120,145.79,146.48,141.9,141.92,143.88,-1.96,-1.3622,22275.94,319878.744
688017.SH,20251119,145.8,147.38,143.57,143.88,146.12,-2.24,-1.533,20535.6,297776.517
688017.SH,20251118,144.48,147.0,143.22,146.12,144.77,1.35,0.9325,23383.54,340714.848
688017.SH,20251117,143.5,146.51,143.01,144.77,143.79,0.98,0.6815,19599.64,284254.204
688017.SH,20251114,145.98,147.2,143.46,143.79,147.8,-4.01,-2.7131,25293.27,367258.483
688017.SH,20251113,146.08,149.29,145.0,147.8,146.92,0.88,0.599,27100.78,400004.253
688017.SH,20251112,151.2,152.82,145.88,146.92,150.05,-3.13,-2.086,38575.93,573754.486
688017.SH,20251111,154.31,154.86,149.22,150.05,152.52,-2.47,-1.6195,30483.73,462183.566
688017.SH,20251110,156.6,158.53,151.58,152.52,156.53,-4.01,-2.5618,35231.11,540530.105
688017.SH,20251107,163.8,163.8,156.5,156.53,160.9,-4.37,-2.716,40122.03,634740.902
688017.SH,20251106,153.48,163.68,153.04,160.9,150.5,10.4,6.9103,66975.93,1061683.21
688017.SH,20251105,150.06,153.61,149.09,150.5,154.6,-4.1,-2.652,33500.78,506836.058
688017.SH,20251104,159.41,159.44,153.58,154.6,159.5,-4.9,-3.0721,40183.63,625538.326
688017.SH,20251103,164.88,165.82,158.51,159.5,163.24,-3.74,-2.2911,47838.04,774328.714
688017.SH,20251031,161.84,167.7,160.66,163.24,159.92,3.32,2.076,64238.73,1056866.208
688017.SH,20251030,161.9,164.09,159.0,159.92,161.91,-1.99,-1.2291,45329.8,729431.084
688017.SH,20251029,159.82,161.91,158.1,161.91,159.92,1.99,1.2444,39634.51,633754.04
688017.SH,20251028,160.2,163.0,157.7,159.92,160.36,-0.44,-0.2744,52576.21,843389.632
688017.SH,20251027,161.95,162.88,157.26,160.36,159.5,0.86,0.5392,47831.18,764904.851
688017.SH,20251024,156.1,160.0,156.1,159.5,154.51,4.99,3.2296,41505.64,656575.591
688017.SH,20251023,155.0,155.0,150.6,154.51,155.7,-1.19,-0.7643,31369.12,478484.282
688017.SH,20251022,154.0,157.77,153.0,155.7,156.4,-0.7,-0.4476,32879.98,511193.053
688017.SH,20251021,156.92,157.81,153.58,156.4,155.68,0.72,0.4625,46831.13,730019.68
688017.SH,20251020,155.65,159.36,152.99,155.68,152.6,3.08,2.0183,46288.59,723100.866
688017.SH,20251017,156.0,158.26,151.95,152.6,156.65,-4.05,-2.5854,38358.29,594035.849
688017.SH,20251016,157.09,158.64,156.0,156.65,160.95,-4.3,-2.6716,32039.68,503735.233
688017.SH,20251015,153.99,162.82,151.8,160.95,153.27,7.68,5.0108,58419.72,920745.727
688017.SH,20251014,167.86,167.86,152.2,153.27,164.89,-11.62,-7.0471,71406.27,1133593.181
688017.SH,20251013,160.0,166.5,160.0,164.89,173.0,-8.11,-4.6879,71095.24,1162133.236
688017.SH,20251010,179.0,185.27,170.42,173.0,180.12,-7.12,-3.9529,71812.72,1266461.774
688017.SH,20251009,180.4,183.94,172.02,180.12,180.78,-0.66,-0.3651,70537.49,1270288.805
688017.SH,20250930,179.0,181.88,178.07,180.78,178.7,2.08,1.164,57835.39,1040997.916
688017.SH,20250929,171.71,180.96,171.05,178.7,171.79,6.91,4.0224,67203.19,1192143.492
688017.SH,20250926,175.0,177.06,171.35,171.79,177.51,-5.72,-3.2224,46316.54,805536.494
688017.SH,20250925,178.88,180.86,176.01,177.51,178.02,-0.51,-0.2865,64058.33,1142991.459
688017.SH,20250924,168.99,178.88,167.81,178.02,170.54,7.48,4.3861,88635.05,1546758.042
688017.SH,20250923,172.88,174.68,166.0,170.54,172.39,-1.85,-1.0731,72200.76,1228267.489
688017.SH,20250922,170.98,172.8,169.58,172.39,169.92,2.47,1.4536,66979.29,1147143.017
688017.SH,20250919,177.0,178.0,169.0,169.92,182.19,-12.27,-6.7347,112286.92,1931317.2
688017.SH,20250918,182.87,192.68,174.6,182.19,179.38,2.81,1.5665,169568.02,3133363.941
688017.SH,20250917,180.0,186.69,176.0,179.38,180.39,-1.01,-0.5599,130276.48,2352971.976
688017.SH,20250916,175.0,182.88,171.38,180.39,171.8,8.59,5.0,132726.73,2354033.141
688017.SH,20250915,165.85,178.0,164.84,171.8,166.03,5.77,3.4753,123406.44,2141262.355
688017.SH,20250912,168.8,173.0,163.98,166.03,165.88,0.15,0.0904,102291.14,1721812.798
688017.SH,20250911,161.79,166.57,159.69,165.88,161.48,4.4,2.7248,99141.79,1625541.941
688017.SH,20250910,162.49,166.8,160.53,161.48,162.5,-1.02,-0.6277,81414.99,1329375.088
688017.SH,20250909,167.0,167.0,161.68,162.5,168.7,-6.2,-3.6752,96750.87,1577963.286
688017.SH,20250908,147.65,171.0,147.58,168.7,147.15,21.55,14.6449,179175.43,2953321.142
688017.SH,20250905,143.41,147.42,142.08,147.15,144.05,3.1,2.152,72807.41,1059173.997
688017.SH,20250904,155.0,156.11,142.0,144.05,154.45,-10.4,-6.7336,107220.54,1584861.016
688017.SH,20250903,162.0,163.5,152.98,154.45,159.69,-5.24,-3.2814,96510.25,1517453.181
688017.SH,20250902,151.29,165.0,144.17,159.69,151.35,8.34,5.5104,165694.38,2550348.531
688017.SH,20250901,151.81,154.69,147.77,151.35,150.76,0.59,0.3914,74560.48,1124842.671
688017.SH,20250829,150.5,153.36,146.02,150.76,150.89,-0.13,-0.0862,71921.11,1076278.2
688017.SH,20250828,147.85,151.15,145.66,150.89,148.66,2.23,1.5001,83434.8,1239212.372
688017.SH,20250827,152.0,159.55,148.61,148.66,151.75,-3.09,-2.0362,100962.26,1560592.613
688017.SH,20250826,151.98,154.2,151.0,151.75,154.7,-2.95,-1.9069,51492.61,784976.005
688017.SH,20250825,152.0,159.5,151.55,154.7,150.01,4.69,3.1265,104707.24,1626131.599
688017.SH,20250822,146.66,150.21,146.21,150.01,145.96,4.05,2.7747,70469.08,1048704.135
688017.SH,20250821,149.88,150.86,145.08,145.96,149.01,-3.05,-2.0468,58885.4,867932.321
688017.SH,20250820,150.7,150.7,145.47,149.01,151.18,-2.17,-1.4354,74628.5,1104513.594
688017.SH,20250819,147.48,154.44,145.68,151.18,147.46,3.72,2.5227,99141.61,1486591.184
688017.SH,20250818,149.66,151.77,145.51,147.46,148.31,-0.85,-0.5731,97263.52,1439180.737
688017.SH,20250815,137.52,149.47,137.02,148.31,137.64,10.67,7.7521,118812.37,1718336.978
688017.SH,20250814,138.3,140.7,134.5,137.64,138.51,-0.87,-0.6281,71724.48,989427.85
688017.SH,20250813,137.59,138.79,135.28,138.51,137.11,1.4,1.0211,50319.85,690739.707
688017.SH,20250812,136.11,137.5,134.3,137.11,137.0,0.11,0.0803,37341.7,507117.359
688017.SH,20250811,134.55,138.48,134.21,137.0,134.2,2.8,2.0864,47218.94,644742.638
688017.SH,20250808,138.52,138.57,133.8,134.2,138.6,-4.4,-3.1746,45184.26,611307.114
688017.SH,20250807,141.5,141.5,136.54,138.6,140.13,-1.53,-1.0918,60933.37,841816.314
688017.SH,20250806,134.63,142.0,133.07,140.13,133.99,6.14,4.5824,104098.28,1440425.788
688017.SH,20250805,133.98,134.58,132.04,133.99,133.98,0.01,0.0075,43613.84,581716.372
688017.SH,20250804,127.6,134.22,127.15,133.98,127.51,6.47,5.0741,71890.35,948221.199
688017.SH,20250801,129.4,131.44,126.17,127.51,129.66,-2.15,-1.6582,40985.44,525241.406
688017.SH,20250731,127.75,134.48,127.38,129.66,127.8,1.86,1.4554,68720.4,905182.424
688017.SH,20250730,129.99,130.2,126.54,127.8,130.4,-2.6,-1.9939,38541.86,495303.217
688017.SH,20250729,129.0,131.68,128.33,130.4,129.83,0.57,0.439,34905.6,453603.549
688017.SH,20250728,132.35,133.88,129.66,129.83,130.45,-0.62,-0.4753,38738.11,507822.732
688017.SH,20250725,130.8,130.87,128.3,130.45,130.29,0.16,0.1228,32765.0,424467.33
688017.SH,20250724,128.88,131.67,128.88,130.29,128.8,1.49,1.1568,38988.43,509077.837
688017.SH,20250723,128.8,130.75,128.03,128.8,130.4,-1.6,-1.227,42124.08,544561.596
688017.SH,20250722,133.0,133.6,130.0,130.4,134.67,-4.27,-3.1707,59281.27,778161.76
688017.SH,20250721,132.1,138.0,130.78,134.67,128.89,5.78,4.4844,82439.32,1109577.228
688017.SH,20250718,130.3,130.97,127.6,128.89,129.01,-0.12,-0.093,39427.96,507695.449
688017.SH,20250717,125.0,130.88,124.61,129.01,126.39,2.62,2.0729,63789.16,819461.39
688017.SH,20250716,124.5,129.2,123.74,126.39,124.4,1.99,1.5997,57714.24,730993.85
688017.SH,20250715,125.0,125.27,122.25,124.4,124.72,-0.32,-0.2566,40596.84,502460.992
688017.SH,20250714,123.49,126.0,121.99,124.72,121.89,2.83,2.3218,54537.09,677249.157
688017.SH,20250711,118.08,123.85,117.88,121.89,118.86,3.03,2.5492,53533.1,649293.954
688017.SH,20250710,116.74,119.47,116.67,118.86,118.09,0.77,0.652,28769.62,339091.077
688017.SH,20250709,122.0,123.88,117.66,118.09,118.79,-0.7,-0.5893,48848.49,590926.175
688017.SH,20250708,115.32,119.29,114.66,118.79,115.12,3.67,3.188,35343.33,415912.091
688017.SH,20250707,117.0,117.0,114.23,115.12,119.06,-3.94,-3.3093,42861.76,494410.388
688017.SH,20250704,121.0,121.66,117.82,119.06,120.1,-1.04,-0.8659,24074.09,287398.829
688017.SH,20250703,119.91,121.17,118.9,120.1,120.05,0.05,0.0416,17729.38,212380.751
688017.SH,20250702,122.2,123.13,119.0,120.05,123.14,-3.09,-2.5093,25425.54,305891.013
688017.SH,20250701,124.28,124.97,122.22,123.14,124.89,-1.75,-1.4012,22443.51,276694.229
688017.SH,20250630,124.8,126.37,123.58,124.89,124.1,0.79,0.6366,27684.42,346153.401
688017.SH,20250627,124.65,125.7,123.23,124.1,124.11,-0.01,-0.0081,24140.58,300511.239
688017.SH,20250626,126.9,128.33,124.09,124.11,126.93,-2.82,-2.2217,34749.02,438508.46
688017.SH,20250625,125.47,127.03,124.44,126.93,125.7,1.23,0.9785,45520.37,572864.335
688017.SH,20250624,118.6,127.57,118.6,125.7,118.42,7.28,6.1476,62351.47,772453.262
688017.SH,20250623,113.59,118.47,113.59,118.42,116.32,2.1,1.8054,21959.65,256653.098
688017.SH,20250620,121.48,121.57,116.07,116.32,121.48,-5.16,-4.2476,36254.57,427123.376
688017.SH,20250619,120.72,124.79,120.72,121.48,121.4,0.08,0.0659,41313.11,509174.953
688017.SH,20250618,120.93,122.5,120.0,121.5,120.63,0.87,0.7212,28805.05,349488.186
688017.SH,20250617,119.67,120.93,118.96,120.63,119.68,0.95,0.7938,20886.73,250320.057
688017.SH,20250616,117.67,120.42,117.41,119.68,118.62,1.06,0.8936,21124.84,252137.366
688017.SH,20250613,119.64,122.8,117.88,118.62,120.8,-2.18,-1.8046,27508.3,329507.893
688017.SH,20250612,121.0,122.49,119.8,120.8,121.31,-0.51,-0.4204,22433.04,271962.519
688017.SH,20250611,122.45,122.95,120.89,121.31,122.1,-0.79,-0.647,24552.3,299281.037
688017.SH,20250610,123.96,124.61,119.4,122.1,123.93,-1.83,-1.4766,41034.09,499099.156
688017.SH,20250609,125.55,126.2,122.34,123.93,126.09,-2.16,-1.7131,39988.45,495948.938
688017.SH,20250606,127.71,128.8,125.72,126.09,130.29,-4.2,-3.2236,50603.66,642305.132
688017.SH,20250605,122.93,134.58,120.61,130.29,122.9,7.39,6.013,81192.14,1035661.765
688017.SH,20250604,118.5,127.97,117.61,122.9,117.48,5.42,4.6136,68370.1,838004.413
688017.SH,20250603,115.82,119.44,115.33,117.48,116.0,1.48,1.2759,30750.48,362681.26
688017.SH,20250530,117.2,117.4,115.18,116.0,118.02,-2.02,-1.7116,25489.34,296712.085
688017.SH,20250529,115.5,118.19,115.18,118.02,115.55,2.47,2.1376,41482.53,486151.45
688017.SH,20250528,118.0,118.0,114.86,115.55,117.99,-2.44,-2.068,49812.32,577086.935
688017.SH,20250527,122.01,122.39,117.5,117.99,128.79,-10.8,-8.3857,73532.01,876762.815
688017.SH,20250526,128.55,129.5,127.21,128.79,128.55,0.24,0.1867,24066.11,309085.018
688017.SH,20250523,132.32,133.65,128.4,128.55,132.6,-4.05,-3.0543,42447.55,556177.463
688017.SH,20250522,134.2,136.33,132.33,132.6,134.45,-1.85,-1.376,23681.56,317876.132
688017.SH,20250521,136.0,136.89,133.5,134.45,136.02,-1.57,-1.1542,25164.63,338318.633
688017.SH,20250520,136.22,137.68,134.63,136.02,136.22,-0.2,-0.1468,22331.24,304456.227
688017.SH,20250519,140.0,140.0,134.5,136.22,140.68,-4.46,-3.1703,29993.74,409181.847
688017.SH,20250516,139.8,143.39,139.0,140.68,140.02,0.66,0.4714,26908.01,382046.689
688017.SH,20250515,145.9,145.99,139.51,140.02,145.48,-5.46,-3.7531,29424.52,415383.518
688017.SH,20250514,147.9,148.54,144.36,145.48,146.06,-0.58,-0.3971,40392.79,591813.069
688017.SH,20250513,148.43,148.88,144.01,146.06,146.6,-0.54,-0.3683,34809.09,509821.622
688017.SH,20250512,143.9,148.49,143.89,146.6,141.99,4.61,3.2467,38588.62,563893.757
688017.SH,20250509,146.63,146.89,140.7,141.99,146.9,-4.91,-3.3424,31620.47,451162.855
688017.SH,20250508,146.0,149.67,144.65,146.9,146.07,0.83,0.5682,30400.91,447532.333
688017.SH,20250507,150.21,151.6,144.51,146.07,148.58,-2.51,-1.6893,43985.42,649692.795
688017.SH,20250506,150.0,150.5,147.2,148.58,147.45,1.13,0.7664,42123.16,626553.144
688017.SH,20250430,142.01,149.0,141.63,147.45,140.63,6.82,4.8496,46417.71,675818.951
688017.SH,20250429,139.87,143.5,139.87,140.63,140.88,-0.25,-0.1775,27623.68,390987.229
688017.SH,20250428,142.5,143.95,139.4,140.88,143.06,-2.18,-1.5238,26820.11,378077.201
688017.SH,20250425,142.74,145.65,140.01,143.06,142.66,0.4,0.2804,34347.34,491371.465
688017.SH,20250424,145.18,146.6,142.06,142.66,146.0,-3.34,-2.2877,40346.35,580419.71
688017.SH,20250423,143.0,147.68,140.9,146.0,140.01,5.99,4.2783,71980.15,1043533.308
688017.SH,20250422,141.55,143.55,139.8,140.01,142.98,-2.97,-2.0772,35963.74,509032.372
688017.SH,20250421,133.43,144.98,131.2,142.98,133.43,9.55,7.1573,54524.48,754222.364
688017.SH,20250418,133.18,135.78,132.6,133.43,133.68,-0.25,-0.187,15981.21,213512.754
688017.SH,20250417,134.12,137.31,133.68,133.68,135.46,-1.78,-1.314,24828.21,336432.022
688017.SH,20250416,134.75,137.08,132.37,135.46,135.08,0.38,0.2813,39025.74,525219.391
688017.SH,20250415,136.0,137.6,133.2,135.08,135.86,-0.78,-0.5741,31673.25,427800.139
688017.SH,20250414,136.87,140.0,135.37,135.86,134.85,1.01,0.749,39260.92,539155.529
688017.SH,20250411,129.7,136.65,129.03,134.85,131.52,3.33,2.5319,53601.1,718273.951
688017.SH,20250410,129.22,136.86,129.22,131.52,125.57,5.95,4.7384,71617.45,954951.958
688017.SH,20250409,115.81,126.2,111.0,125.57,119.44,6.13,5.1323,76481.27,920437.472
688017.SH,20250408,119.19,124.4,115.12,119.44,117.2,2.24,1.9113,64567.82,773768.043
688017.SH,20250407,135.17,136.59,116.72,117.2,145.9,-28.7,-19.671,80333.16,1005960.339
688017.SH,20250403,144.88,149.85,144.88,145.9,146.9,-1.0,-0.6807,24728.62,364194.632
688017.SH,20250402,144.0,147.76,144.0,146.9,144.45,2.45,1.6961,27999.12,409962.001
688017.SH,20250401,149.88,150.0,144.01,144.45,149.1,-4.65,-3.1187,37954.02,556822.248
688017.SH,20250331,151.0,151.2,141.92,149.1,153.2,-4.1,-2.6762,65508.65,953724.499
688017.SH,20250328,152.68,156.38,151.95,153.2,153.5,-0.3,-0.1954,24648.39,379419.516
688017.SH,20250327,153.03,157.98,152.43,153.5,155.45,-1.95,-1.2544,33268.28,516354.287
688017.SH,20250326,155.0,161.7,154.88,155.45,157.0,-1.55,-0.9873,38574.49,608461.543
688017.SH,20250325,157.65,163.26,155.0,157.0,157.6,-0.6,-0.3807,51026.33,813642.114
688017.SH,20250324,155.98,158.0,152.8,157.6,155.17,2.43,1.566,46917.88,729834.234
688017.SH,20250321,165.06,166.39,155.0,155.17,166.39,-11.22,-6.7432,84111.48,1328136.42
688017.SH,20250320,166.1,176.97,163.0,166.39,167.58,-1.19,-0.7101,81182.66,1374280.918
688017.SH,20250319,169.5,172.0,163.5,167.58,169.71,-2.13,-1.2551,54473.71,913851.771
688017.SH,20250318,171.0,172.3,168.57,169.71,170.33,-0.62,-0.364,37928.25,645155.299
688017.SH,20250317,170.5,172.43,166.9,170.33,171.09,-0.76,-0.4442,56417.32,953666.149
688017.SH,20250314,153.96,174.9,152.5,171.09,154.61,16.48,10.6591,103503.67,1709026.298
688017.SH,20250313,165.86,165.99,153.58,154.61,165.72,-11.11,-6.7041,68112.56,1069705.354
688017.SH,20250312,167.82,171.0,164.88,165.72,167.83,-2.11,-1.2572,48980.39,819268.692
688017.SH,20250311,166.0,172.0,158.58,167.83,169.4,-1.57,-0.9268,75539.52,1249877.496
688017.SH,20250310,170.0,174.0,166.0,169.4,166.69,2.71,1.6258,64692.03,1099533.083
688017.SH,20250307,162.0,171.48,161.61,166.69,164.0,2.69,1.6402,73241.59,1227210.317
688017.SH,20250306,165.5,166.84,161.51,164.0,163.0,1.0,0.6135,61070.63,1007236.519
688017.SH,20250305,158.21,166.6,158.0,163.0,160.03,2.97,1.8559,66264.95,1080408.71
688017.SH,20250304,152.51,162.17,150.97,160.03,152.97,7.06,4.6153,70759.57,1124856.575
688017.SH,20250303,156.03,159.36,150.0,152.97,153.7,-0.73,-0.475,64481.64,995407.598
688017.SH,20250228,170.18,171.0,153.08,153.7,174.5,-20.8,-11.9198,128403.48,2046452.783
688017.SH,20250227,175.4,185.22,168.9,174.5,178.4,-3.9,-2.1861,118318.72,2084241.898
688017.SH,20250226,170.0,192.8,168.2,178.4,171.25,7.15,4.1752,142743.6,2607204.386
688017.SH,20250225,166.92,179.1,166.11,171.25,172.85,-1.6,-0.9257,87417.67,1518960.563
688017.SH,20250224,174.95,181.98,163.0,172.85,176.0,-3.15,-1.7898,101689.23,1742654.566
688017.SH,20250221,169.83,180.4,168.55,176.0,169.83,6.17,3.633,110569.17,1936994.264
688017.SH,20250220,172.52,174.0,165.24,169.83,173.24,-3.41,-1.9684,105241.15,1779616.428
688017.SH,20250219,157.68,173.37,157.67,173.24,157.4,15.84,10.0635,125540.35,2108207.581
688017.SH,20250218,163.5,163.8,155.8,157.4,167.0,-9.6,-5.7485,82059.87,1312082.561
688017.SH,20250217,156.35,167.12,155.97,167.0,156.81,10.19,6.4983,99223.25,1606184.117
688017.SH,20250214,157.82,160.79,155.15,156.81,159.8,-2.99,-1.8711,70088.23,1104233.719
688017.SH,20250213,166.58,169.88,159.35,159.8,168.8,-9.0,-5.3318,79525.24,1296381.137
688017.SH,20250212,163.0,169.82,161.02,168.8,167.0,1.8,1.0778,60410.32,1005361.171
688017.SH,20250211,166.0,175.8,164.11,167.0,168.53,-1.53,-0.9079,89199.3,1514293.36
688017.SH,20250210,167.3,169.98,160.36,168.53,170.4,-1.87,-1.0974,94888.2,1563754.805
688017.SH,20250207,172.84,179.83,166.0,170.4,176.37,-5.97,-3.3849,118759.63,2052057.662
688017.SH,20250206,160.0,184.98,159.0,176.37,163.12,13.25,8.1229,111099.45,1932741.8
688017.SH,20250205,149.0,169.18,149.0,163.12,145.0,18.12,12.4966,112380.42,1789376.594
688017.SH,20250127,154.9,154.9,143.43,145.0,157.85,-12.85,-8.1406,84354.2,1246823.419
688017.SH,20250124,148.5,163.68,146.05,157.85,149.84,8.01,5.3457,98356.82,1510102.341
688017.SH,20250123,146.0,158.99,142.5,149.84,145.99,3.85,2.6372,115387.86,1747848.748
688017.SH,20250122,146.5,149.86,143.99,145.99,147.1,-1.11,-0.7546,79746.45,1169801.378
688017.SH,20250121,139.88,147.9,137.82,147.1,138.88,8.22,5.9188,106400.6,1526764.675
688017.SH,20250120,144.0,144.88,138.0,138.88,142.6,-3.72,-2.6087,88191.43,1237074.934
688017.SH,20250117,142.0,146.88,140.01,142.6,142.82,-0.22,-0.154,76541.33,1098277.266
688017.SH,20250116,145.0,151.68,139.58,142.82,145.99,-3.17,-2.1714,110096.16,1597001.34
688017.SH,20250115,145.0,148.5,141.0,145.99,149.0,-3.01,-2.0201,102914.29,1492585.82
688017.SH,20250114,129.94,150.88,125.18,149.0,129.62,19.38,14.9514,165051.94,2266094.832
688017.SH,20250113,125.0,141.0,124.0,129.62,120.04,9.58,7.9807,179390.07,2366119.529
688017.SH,20250110,111.0,122.5,110.0,120.04,111.7,8.34,7.4664,136216.78,1588210.975
688017.SH,20250109,104.68,113.94,104.19,111.7,106.81,4.89,4.5782,89311.05,972667.272
688162.SH,20260702,24.0,25.03,23.93,24.25,24.36,-0.11,-0.4516,15040.35,37065.906
688162.SH,20260701,23.85,24.6,23.55,24.36,23.64,0.72,3.0457,19829.81,47769.058
688162.SH,20260630,23.0,23.65,22.96,23.64,22.77,0.87,3.8208,15391.02,35949.662
688162.SH,20260629,22.79,23.42,22.21,22.77,22.94,-0.17,-0.7411,16395.05,37212.453
688162.SH,20260626,23.88,23.94,22.93,22.94,23.66,-0.72,-3.0431,14416.66,33470.065
688162.SH,20260625,24.44,24.72,23.59,23.66,24.44,-0.78,-3.1915,14717.83,35176.253
688162.SH,20260624,25.35,25.53,24.0,24.44,25.32,-0.88,-3.4755,18709.53,45808.807
688162.SH,20260623,25.19,25.87,25.12,25.32,25.18,0.14,0.556,13379.4,34078.54
688162.SH,20260622,26.19,26.19,24.48,25.38,26.19,-0.81,-3.0928,20908.85,52273.637
688162.SH,20260618,25.66,26.45,25.39,26.19,25.88,0.31,1.1978,12331.68,32099.35
688162.SH,20260617,26.07,26.32,25.75,25.88,26.33,-0.45,-1.7091,12388.66,32146.259
688162.SH,20260616,25.83,26.64,25.72,26.33,25.82,0.51,1.9752,17507.93,45972.708
688162.SH,20260615,25.62,26.22,25.5,25.82,25.28,0.54,2.1361,12194.34,31542.214
688162.SH,20260612,25.4,25.87,25.1,25.28,25.22,0.06,0.2379,16837.37,42858.832
688162.SH,20260611,25.84,26.1,24.92,25.22,25.92,-0.7,-2.7006,16599.74,42023.754
688162.SH,20260610,27.3,27.3,25.58,25.92,27.05,-1.13,-4.1774,17840.56,46537.03
688162.SH,20260609,26.89,27.17,26.4,27.05,26.77,0.28,1.0459,14489.71,38856.15
688162.SH,20260608,27.51,27.74,26.18,26.77,28.18,-1.41,-5.0035,19796.43,53498.051
688162.SH,20260605,27.45,28.91,26.6,28.18,27.45,0.73,2.6594,23763.32,65974.04
688162.SH,20260604,28.31,28.64,27.34,27.45,28.72,-1.27,-4.422,22058.44,61349.658
688162.SH,20260603,29.18,29.69,28.46,28.72,29.29,-0.57,-1.9461,20171.13,58559.89
688162.SH,20260602,29.7,29.98,28.67,29.29,29.95,-0.66,-2.2037,22075.05,64775.017
688162.SH,20260601,29.98,30.6,29.57,29.95,30.4,-0.45,-1.4803,28901.37,86878.796
688162.SH,20260529,34.8,34.8,30.1,30.4,34.47,-4.07,-11.8074,42501.96,133908.46
688162.SH,20260528,34.51,34.7,33.4,34.47,34.74,-0.27,-0.7772,21155.05,72176.018
688162.SH,20260527,35.8,36.4,34.41,34.74,35.93,-1.19,-3.312,29847.36,105156.726
688162.SH,20260526,35.46,35.99,34.29,35.93,35.67,0.26,0.7289,30163.0,106003.888
688162.SH,20260525,35.1,36.59,35.0,35.67,35.35,0.32,0.9052,34647.68,123753.099
688162.SH,20260522,34.19,35.67,33.82,35.35,34.06,1.29,3.7874,31859.71,111065.693
688162.SH,20260521,34.13,35.47,33.87,34.06,34.13,-0.07,-0.2051,29507.03,102674.711
688162.SH,20260520,34.5,34.5,33.8,34.13,34.55,-0.42,-1.2156,16802.11,57227.288
688162.SH,20260519,33.51,34.69,33.51,34.55,34.01,0.54,1.5878,24553.64,84020.586
688162.SH,20260518,33.7,34.26,33.01,34.01,33.55,0.46,1.3711,27903.35,94192.46
688162.SH,20260515,31.66,34.26,31.43,33.55,32.0,1.55,4.8438,40593.07,134325.805
688162.SH,20260514,32.77,32.96,31.91,32.0,32.68,-0.68,-2.0808,13904.26,44798.447
688162.SH,20260513,31.89,32.93,31.36,32.68,31.81,0.87,2.735,18672.97,60231.285
688162.SH,20260512,33.22,33.22,31.77,31.81,32.91,-1.1,-3.3424,21073.01,67994.185
688162.SH,20260511,33.27,33.43,32.58,32.91,33.27,-0.36,-1.0821,21211.8,69722.495
688162.SH,20260508,33.08,33.45,32.7,33.27,33.08,0.19,0.5744,19276.1,63705.496
688162.SH,20260507,32.78,33.16,32.18,33.08,32.24,0.84,2.6055,18551.35,60942.108
688162.SH,20260506,32.64,32.94,32.13,32.24,32.35,-0.11,-0.34,22862.68,74297.913
688162.SH,20260430,32.51,32.64,32.05,32.35,32.54,-0.19,-0.5839,18258.02,59060.181
688162.SH,20260429,32.97,32.97,31.78,32.54,33.25,-0.71,-2.1353,28907.25,93695.846
688162.SH,20260428,34.16,34.49,32.93,33.25,34.08,-0.83,-2.4354,23580.69,79172.869
688162.SH,20260427,34.01,34.35,33.29,34.08,33.85,0.23,0.6795,22876.18,77410.159
688162.SH,20260424,34.7,34.8,33.38,33.85,34.6,-0.75,-2.1676,27889.42,94523.41
688162.SH,20260423,36.0,36.0,34.39,34.6,35.88,-1.28,-3.5674,29401.63,102667.854
688162.SH,20260422,35.23,36.02,35.2,35.88,35.58,0.3,0.8432,21260.18,75709.064
688162.SH,20260421,35.88,36.33,35.41,35.58,36.02,-0.44,-1.2215,20518.14,73159.785
688162.SH,20260420,36.56,36.7,35.73,36.02,36.26,-0.24,-0.6619,23619.79,85392.504
688162.SH,20260417,35.23,36.55,35.1,36.26,35.34,0.92,2.6033,40951.24,147423.197
688162.SH,20260416,33.42,35.96,33.13,35.34,33.47,1.87,5.5871,52053.85,181761.749
688162.SH,20260415,34.32,34.62,33.41,33.47,33.99,-0.52,-1.5299,15165.23,51491.558
688162.SH,20260414,34.88,35.08,33.71,33.99,34.12,-0.13,-0.381,32659.77,111832.887
688162.SH,20260413,31.47,34.45,31.41,34.12,31.77,2.35,7.3969,36072.77,120654.654
688162.SH,20260410,31.44,32.26,31.28,31.77,31.12,0.65,2.0887,10251.15,32702.883
688162.SH,20260409,31.17,31.56,30.95,31.12,31.46,-0.34,-1.0807,10291.48,32161.158
688162.SH,20260408,30.46,31.48,30.44,31.46,29.83,1.63,5.4643,13006.88,40454.294
688162.SH,20260407,29.2,30.25,29.2,29.83,29.36,0.47,1.6008,9375.17,28059.675
688162.SH,20260403,29.85,30.18,29.19,29.36,29.71,-0.35,-1.1781,10997.25,32554.409
688162.SH,20260402,30.56,30.59,29.57,29.71,30.55,-0.84,-2.7496,10238.75,30770.107
688162.SH,20260401,30.15,30.68,30.15,30.55,29.8,0.75,2.5168,10939.41,33327.079
688162.SH,20260331,29.9,30.63,29.8,29.8,30.0,-0.2,-0.6667,10142.4,30658.436
688162.SH,20260330,30.1,30.26,29.57,30.0,30.4,-0.4,-1.3158,11487.74,34348.936
688162.SH,20260327,29.61,30.48,29.61,30.4,30.21,0.19,0.6289,9667.53,29165.518
688162.SH,20260326,30.01,31.18,29.86,30.21,30.13,0.08,0.2655,19055.77,58176.676
688162.SH,20260325,30.31,30.44,29.9,30.13,29.7,0.43,1.4478,9785.07,29504.679
688162.SH,20260324,29.01,29.8,28.71,29.7,28.56,1.14,3.9916,16686.98,48806.818
688162.SH,20260323,30.05,30.64,28.42,28.56,30.86,-2.3,-7.453,24565.48,72406.136
688162.SH,20260320,31.63,31.86,30.81,30.86,31.63,-0.77,-2.4344,13885.8,43367.965
688162.SH,20260319,32.01,32.23,31.49,31.63,32.62,-0.99,-3.0349,11406.23,36229.491
688162.SH,20260318,32.59,32.72,32.0,32.62,32.18,0.44,1.3673,10566.85,34197.943
688162.SH,20260317,33.1,33.29,32.08,32.18,33.14,-0.96,-2.8968,13178.71,42922.952
688162.SH,20260316,32.98,33.4,32.36,33.14,33.16,-0.02,-0.0603,14215.27,46827.15
688162.SH,20260313,33.02,33.85,32.61,33.16,33.25,-0.09,-0.2707,13219.85,44079.274
688162.SH,20260312,33.11,34.43,33.01,33.25,33.0,0.25,0.7576,22679.13,76428.808
688162.SH,20260311,33.68,33.88,32.91,33.0,33.3,-0.3,-0.9009,12709.16,42470.23
688162.SH,20260310,32.47,33.4,32.42,33.3,32.15,1.15,3.577,15937.17,52646.101
688162.SH,20260309,32.69,32.69,31.12,32.15,32.83,-0.68,-2.0713,18793.91,59630.231
688162.SH,20260306,32.32,33.22,32.28,32.83,32.53,0.3,0.9222,15808.01,51890.571
688162.SH,20260305,32.47,33.18,32.31,32.53,31.69,0.84,2.6507,17048.81,55819.697
688162.SH,20260304,31.93,32.59,31.59,31.69,32.34,-0.65,-2.0099,21123.32,67664.185
688162.SH,20260303,34.62,35.1,32.34,32.34,34.89,-2.55,-7.3087,29105.23,97070.532
688162.SH,20260302,35.36,35.95,34.66,34.89,35.73,-0.84,-2.351,23478.65,82474.473
688162.SH,20260227,36.13,36.15,35.32,35.73,36.28,-0.55,-1.516,14611.64,52089.11
688162.SH,20260226,35.7,36.44,35.52,36.28,35.75,0.53,1.4825,17984.59,64900.151
688162.SH,20260225,36.44,36.44,35.51,35.75,36.3,-0.55,-1.5152,18784.9,67223.611
688162.SH,20260224,35.5,36.47,35.08,36.3,35.09,1.21,3.4483,30651.22,110338.053
688162.SH,20260213,34.71,35.54,34.5,35.09,34.86,0.23,0.6598,15112.1,53141.697
688162.SH,20260212,34.53,35.15,34.35,34.86,34.5,0.36,1.0435,15690.71,54705.33
688162.SH,20260211,34.94,35.24,34.39,34.5,34.87,-0.37,-1.0611,17451.11,60780.663
688162.SH,20260210,35.22,35.48,34.74,34.87,35.22,-0.35,-0.9938,16504.7,57768.705
688162.SH,20260209,34.55,35.5,34.22,35.22,34.19,1.03,3.0126,25441.48,88970.446
688162.SH,20260206,33.77,34.53,33.23,34.19,33.62,0.57,1.6954,15595.19,53114.874
688162.SH,20260205,34.6,34.6,33.5,33.62,34.49,-0.87,-2.5225,14205.84,48128.173
688162.SH,20260204,34.3,35.12,34.17,34.49,34.27,0.22,0.642,19518.55,67308.488
688162.SH,20260203,33.97,34.6,33.42,34.27,33.28,0.99,2.9748,23774.36,80998.538
688162.SH,20260202,33.2,34.12,33.13,33.28,33.66,-0.38,-1.1289,22577.15,76012.055
688162.SH,20260130,33.33,34.12,32.76,33.66,32.76,0.9,2.7473,25908.58,86558.367
688162.SH,20260129,33.0,33.56,32.51,32.76,33.4,-0.64,-1.9162,17334.78,57424.855
688162.SH,20260128,34.03,34.2,32.91,33.4,34.08,-0.68,-1.9953,20789.38,69199.475
688162.SH,20260127,34.38,34.38,32.8,34.08,34.16,-0.08,-0.2342,19720.5,66210.62
688162.SH,20260126,34.85,34.88,33.57,34.16,34.58,-0.42,-1.2146,29982.49,102609.757
688162.SH,20260123,34.0,34.58,34.0,34.58,33.86,0.72,2.1264,16428.61,56469.218
688162.SH,20260122,33.62,34.12,33.48,33.86,33.62,0.24,0.7139,13672.61,46276.17
688162.SH,20260121,32.85,33.88,32.77,33.62,33.05,0.57,1.7247,17284.59,57931.714
688162.SH,20260120,33.34,33.78,32.74,33.05,33.38,-0.33,-0.9886,18629.11,61882.344
688162.SH,20260119,33.22,33.81,33.15,33.38,33.33,0.05,0.15,15336.85,51281.211
688162.SH,20260116,33.13,33.59,32.96,33.33,32.85,0.48,1.4612,21421.67,71246.575
688162.SH,20260115,32.65,32.94,32.27,32.85,32.54,0.31,0.9527,18139.82,59359.996
688162.SH,20260114,32.37,33.22,32.04,32.54,32.54,0.0,0.0,24329.77,79465.906
688162.SH,20260113,33.24,33.4,32.33,32.54,33.24,-0.7,-2.1059,22633.85,74146.24
688162.SH,20260112,32.28,33.8,32.02,33.24,32.25,0.99,3.0698,32866.64,107988.023
688162.SH,20260109,31.95,32.25,31.8,32.25,31.94,0.31,0.9706,15404.61,49326.109
688162.SH,20260108,31.81,32.16,31.66,31.94,31.88,0.06,0.1882,13370.9,42703.524
688162.SH,20260107,31.3,32.3,31.21,31.88,31.38,0.5,1.5934,23080.16,73411.42
688162.SH,20260106,31.29,31.7,31.14,31.38,31.19,0.19,0.6092,13850.8,43561.818
688162.SH,20260105,30.84,31.43,30.65,31.19,30.8,0.39,1.2662,12014.27,37402.732
688162.SH,20251231,31.61,31.89,30.61,30.8,31.19,-0.39,-1.2504,12126.84,37377.914
688162.SH,20251230,30.0,31.65,30.0,31.19,30.52,0.67,2.1953,16971.75,52634.47
688162.SH,20251229,30.69,30.75,30.36,30.52,30.48,0.04,0.1312,10023.17,30627.526
688162.SH,20251226,30.9,30.98,30.38,30.48,30.89,-0.41,-1.3273,11129.86,34142.608
688162.SH,20251225,30.6,31.14,30.53,30.89,30.64,0.25,0.8159,11093.95,34255.27
688162.SH,20251224,30.76,30.83,30.45,30.64,30.75,-0.11,-0.3577,12029.29,36848.098
688162.SH,20251223,29.79,31.1,29.79,30.75,29.91,0.84,2.8084,20882.61,64051.762
688162.SH,20251222,28.91,30.15,28.91,29.91,29.06,0.85,2.925,15436.18,46079.473
688162.SH,20251219,28.85,29.39,28.82,29.06,28.78,0.28,0.9729,9929.74,28939.709
688162.SH,20251218,28.6,29.11,28.46,28.78,28.68,0.1,0.3487,8192.36,23623.618
688162.SH,20251217,28.62,28.79,27.96,28.68,28.58,0.1,0.3499,9513.55,26946.826
688162.SH,20251216,29.05,29.25,28.47,28.58,29.02,-0.44,-1.5162,9749.97,27975.193
688162.SH,20251215,29.5,30.06,29.02,29.02,29.92,-0.9,-3.008,12182.4,35975.627
688162.SH,20251212,29.46,29.99,29.13,29.92,29.25,0.67,2.2906,11042.44,32810.459
688162.SH,20251211,29.76,30.04,29.24,29.25,29.82,-0.57,-1.9115,9167.22,27106.853
688162.SH,20251210,30.0,30.12,29.39,29.82,30.06,-0.24,-0.7984,12190.95,36185.693
688162.SH,20251209,30.31,30.65,30.0,30.06,30.26,-0.2,-0.6609,9120.81,27675.483
688162.SH,20251208,30.4,30.54,30.01,30.26,30.01,0.25,0.8331,9296.99,28204.089
688162.SH,20251205,28.92,30.48,28.86,30.01,29.03,0.98,3.3758,18127.57,53980.305
688162.SH,20251204,29.4,29.55,28.92,29.03,29.3,-0.27,-0.9215,7434.4,21688.991
688162.SH,20251203,29.79,29.79,29.19,29.3,29.65,-0.35,-1.1804,6715.45,19735.019
688162.SH,20251202,30.02,30.2,29.51,29.65,30.02,-0.37,-1.2325,7707.83,22867.513
688162.SH,20251201,29.83,30.24,29.82,30.02,30.01,0.01,0.0333,9899.13,29678.093
688162.SH,20251128,29.48,30.1,29.2,30.01,29.32,0.69,2.3533,12753.81,37827.487
688162.SH,20251127,28.94,29.55,28.8,29.32,28.89,0.43,1.4884,10124.3,29735.583
688162.SH,20251126,29.39,29.67,28.84,28.89,29.25,-0.36,-1.2308,9812.64,28718.168
688162.SH,20251125,29.45,29.72,29.2,29.25,29.19,0.06,0.2055,9349.35,27504.277
688162.SH,20251124,28.83,29.36,28.42,29.19,28.28,0.91,3.2178,12497.57,36098.521
688162.SH,20251121,29.38,29.65,28.2,28.28,29.57,-1.29,-4.3625,15643.06,44884.243
688162.SH,20251120,30.12,30.33,29.5,29.57,29.83,-0.26,-0.8716,9529.11,28382.91
688162.SH,20251119,30.7,30.7,29.62,29.83,30.58,-0.75,-2.4526,15361.91,45988.846
688162.SH,20251118,31.16,31.16,30.38,30.58,30.9,-0.32,-1.0356,11379.63,34872.53
688162.SH,20251117,31.2,31.66,30.88,30.9,31.4,-0.5,-1.5924,12594.55,39228.513
688162.SH,20251114,31.46,31.89,31.05,31.4,31.46,-0.06,-0.1907,14217.03,44839.321
688162.SH,20251113,30.59,31.98,30.59,31.46,31.15,0.31,0.9952,17685.53,55646.217
688162.SH,20251112,31.45,31.7,30.99,31.15,31.45,-0.3,-0.9539,9050.62,28244.153
688162.SH,20251111,31.61,31.86,31.28,31.45,31.51,-0.06,-0.1904,11104.89,35071.606
688162.SH,20251110,31.75,32.74,31.45,31.51,31.43,0.08,0.2545,21463.82,68395.266
688162.SH,20251107,32.1,32.22,31.31,31.43,32.39,-0.96,-2.9639,16438.26,52252.347
688162.SH,20251106,32.16,32.43,31.86,32.39,31.97,0.42,1.3137,12935.42,41688.354
688162.SH,20251105,31.68,32.24,31.5,31.97,32.11,-0.14,-0.436,14646.13,46761.201
688162.SH,20251104,33.29,33.62,31.85,32.11,33.57,-1.46,-4.3491,25470.48,82505.988
688162.SH,20251103,33.93,34.03,32.98,33.57,33.75,-0.18,-0.5333,19493.72,65169.828
688162.SH,20251031,33.13,34.89,33.0,33.75,33.41,0.34,1.0177,29499.59,101068.414
688162.SH,20251030,34.55,34.68,33.15,33.41,34.68,-1.27,-3.6621,25837.3,87111.023
688162.SH,20251029,35.03,35.18,34.23,34.68,35.48,-0.8,-2.2548,26259.82,90759.189
688162.SH,20251028,34.25,36.5,34.21,35.48,34.24,1.24,3.6215,35348.14,126057.774
688162.SH,20251027,34.35,34.83,33.95,34.24,33.99,0.25,0.7355,17325.72,59527.179
688162.SH,20251024,32.64,34.1,32.64,33.99,32.63,1.36,4.1679,19378.55,65047.286
688162.SH,20251023,33.22,33.4,32.02,32.63,33.29,-0.66,-1.9826,18961.61,61366.654
688162.SH,20251022,33.5,33.85,32.93,33.29,33.69,-0.4,-1.1873,12607.69,42078.463
688162.SH,20251021,33.7,33.99,33.43,33.69,33.52,0.17,0.5072,12155.65,40977.68
688162.SH,20251020,32.96,34.35,32.96,33.52,32.91,0.61,1.8535,19447.86,65602.917
688162.SH,20251017,34.84,34.89,32.66,32.91,34.5,-1.59,-4.6087,24551.87,82286.5
688162.SH,20251016,34.82,35.85,34.36,34.5,35.0,-0.5,-1.4286,27392.53,96076.658
688162.SH,20251015,33.59,35.05,33.18,35.0,33.64,1.36,4.0428,20849.72,71276.13
688162.SH,20251014,34.52,36.2,33.37,33.64,34.21,-0.57,-1.6662,29530.61,102489.759
688162.SH,20251013,34.25,34.48,32.51,34.21,34.96,-0.75,-2.1453,25543.37,86754.278
688162.SH,20251010,35.69,36.02,34.63,34.96,35.69,-0.73,-2.0454,21384.75,74970.165
688162.SH,20251009,36.11,36.25,35.44,35.69,36.16,-0.47,-1.2998,35339.85,126322.873
688162.SH,20250930,36.76,37.25,36.02,36.16,36.78,-0.62,-1.6857,38273.07,139566.37
688162.SH,20250929,35.99,37.27,35.33,36.78,36.3,0.48,1.3223,45332.83,164735.719
688162.SH,20250926,35.31,37.76,34.71,36.3,35.3,1.0,2.8329,62060.73,226637.56
688162.SH,20250925,32.97,36.48,32.8,35.3,33.0,2.3,6.9697,55082.46,192541.582
688162.SH,20250924,32.34,33.11,31.68,33.0,32.11,0.89,2.7717,21731.77,70619.132
688162.SH,20250923,32.64,32.78,31.15,32.11,32.52,-0.41,-1.2608,22872.67,72550.168
688162.SH,20250922,32.9,32.99,32.2,32.52,32.42,0.1,0.3085,16066.25,52412.957
688162.SH,20250919,33.3,33.47,32.11,32.42,33.36,-0.94,-2.8177,22639.11,74084.383
688162.SH,20250918,34.06,34.99,32.91,33.36,34.54,-1.18,-3.4163,38530.08,131343.625
688162.SH,20250917,33.27,34.73,33.23,34.54,33.54,1.0,2.9815,34808.54,118817.949
688162.SH,20250916,33.24,33.88,32.92,33.54,33.1,0.44,1.3293,24966.47,83397.819
688162.SH,20250915,32.8,33.73,32.79,33.1,32.85,0.25,0.761,25820.62,86061.44
688162.SH,20250912,33.05,33.43,32.78,32.85,33.34,-0.49,-1.4697,21669.88,71630.646
688162.SH,20250911,32.93,33.59,32.38,33.34,33.12,0.22,0.6643,27231.79,90036.345
688162.SH,20250910,34.08,34.8,33.0,33.12,34.2,-1.08,-3.1579,42810.75,143609.307
688162.SH,20250909,33.1,35.58,32.15,34.2,32.58,1.62,4.9724,69354.35,236769.783
688162.SH,20250908,31.75,32.99,31.28,32.58,31.25,1.33,4.256,30669.99,98631.148
688162.SH,20250905,30.15,31.3,29.68,31.25,29.91,1.34,4.4801,24332.55,74867.227
688162.SH,20250904,30.6,31.4,29.4,29.91,30.46,-0.55,-1.8056,22935.13,70007.289
688162.SH,20250903,31.35,31.74,30.22,30.46,31.1,-0.64,-2.0579,18510.1,57274.251
688162.SH,20250902,31.4,31.83,30.2,31.1,31.65,-0.55,-1.7378,28552.36,88382.349
688162.SH,20250901,32.0,32.34,31.21,31.65,31.89,-0.24,-0.7526,24855.1,78515.858
688162.SH,20250829,31.85,32.3,30.91,31.89,31.83,0.06,0.1885,27005.55,85613.155
688162.SH,20250828,31.89,32.38,30.7,31.83,31.89,-0.06,-0.1881,34549.33,108927.179
688162.SH,20250827,32.94,33.48,31.82,31.89,32.94,-1.05,-3.1876,37428.36,122919.86
688162.SH,20250826,33.0,34.48,32.8,32.94,32.42,0.52,1.6039,49786.45,166405.292
688162.SH,20250825,32.73,33.14,32.24,32.42,32.59,-0.17,-0.5216,25458.63,83144.184
688162.SH,20250822,32.43,32.8,32.16,32.59,32.35,0.24,0.7419,22505.84,73134.431
688162.SH,20250821,33.51,33.51,32.0,32.35,33.4,-1.05,-3.1437,24955.56,81291.655
688162.SH,20250820,33.33,33.41,32.61,33.4,32.96,0.44,1.335,22055.96,72908.574
688162.SH,20250819,32.88,33.16,32.1,32.96,32.88,0.08,0.2433,27740.31,90798.939
688162.SH,20250818,32.47,34.19,32.15,32.88,32.38,0.5,1.5442,42628.77,140894.103
688162.SH,20250815,30.8,32.38,30.76,32.38,30.8,1.58,5.1299,29406.06,93282.676
688162.SH,20250814,31.75,31.83,30.72,30.8,31.64,-0.84,-2.6549,21623.43,67493.736
688162.SH,20250813,31.68,31.84,31.2,31.64,31.49,0.15,0.4763,19992.1,63113.727
688162.SH,20250812,31.98,31.98,31.22,31.49,31.85,-0.36,-1.1303,19388.45,61046.812
688162.SH,20250811,31.48,31.98,31.22,31.85,31.47,0.38,1.2075,25552.58,81034.018
688162.SH,20250808,31.5,31.74,31.04,31.47,31.3,0.17,0.5431,23628.61,74268.243
688162.SH,20250807,32.23,32.23,31.13,31.3,32.08,-0.78,-2.4314,30206.25,95100.521
688162.SH,20250806,30.32,32.52,30.16,32.08,30.42,1.66,5.4569,47367.0,149764.158
688162.SH,20250805,30.33,30.58,29.9,30.42,30.15,0.27,0.8955,19675.15,59593.781
688162.SH,20250804,29.58,30.15,29.1,30.15,29.66,0.49,1.6521,19117.79,56947.897
688162.SH,20250801,30.19,30.35,29.41,29.66,29.76,-0.1,-0.336,23607.13,70452.305
688162.SH,20250731,30.44,30.8,29.65,29.76,30.52,-0.76,-2.4902,33112.51,99972.678
688162.SH,20250730,31.38,31.38,30.08,30.52,31.45,-0.93,-2.9571,40006.78,122275.891
688162.SH,20250729,29.8,31.9,29.67,31.45,29.83,1.62,5.4308,68286.61,210487.408
688162.SH,20250728,28.49,30.5,28.49,29.83,28.49,1.34,4.7034,48009.81,142624.834
688162.SH,20250725,28.29,28.59,28.1,28.49,28.34,0.15,0.5293,16749.81,47384.552
688162.SH,20250724,28.04,28.78,27.83,28.34,27.92,0.42,1.5043,17492.95,49730.493
688162.SH,20250723,28.0,28.3,27.6,27.92,28.05,-0.13,-0.4635,16457.61,46001.091
688162.SH,20250722,28.01,28.59,27.84,28.05,28.15,-0.1,-0.3552,20145.74,56663.193
688162.SH,20250721,28.2,28.4,27.9,28.15,28.2,-0.05,-0.1773,15411.03,43344.244
688162.SH,20250718,27.95,28.28,27.67,28.2,27.92,0.28,1.0029,18976.09,53191.561
688162.SH,20250717,27.49,28.0,27.31,27.92,27.49,0.43,1.5642,19798.15,55089.677
688162.SH,20250716,27.1,27.8,26.98,27.49,27.09,0.4,1.4766,17497.82,48093.562
688162.SH,20250715,27.37,27.71,26.83,27.09,27.37,-0.28,-1.023,18542.46,50456.292
688162.SH,20250714,26.84,27.5,26.81,27.37,26.98,0.39,1.4455,18122.04,49183.508
688162.SH,20250711,26.57,27.29,26.26,26.98,26.57,0.41,1.5431,15303.74,40956.533
688162.SH,20250710,26.52,26.8,26.16,26.57,26.46,0.11,0.4157,10487.02,27739.214
688162.SH,20250709,26.97,27.14,26.46,26.46,26.97,-0.51,-1.891,11798.97,31551.225
688162.SH,20250708,26.58,27.0,26.48,26.97,26.58,0.39,1.4673,9601.99,25795.425
688162.SH,20250707,26.45,26.63,26.11,26.58,26.51,0.07,0.2641,8532.38,22505.11
688162.SH,20250704,26.9,27.07,26.03,26.51,26.88,-0.37,-1.3765,11139.63,29626.644
688162.SH,20250703,26.96,27.14,26.61,26.88,26.93,-0.05,-0.1857,13189.86,35408.118
688162.SH,20250702,27.01,27.55,26.7,26.93,27.22,-0.29,-1.0654,10754.37,29105.291
688162.SH,20250701,27.42,27.6,26.91,27.22,27.24,-0.02,-0.0734,12778.74,34801.649
688162.SH,20250630,26.69,27.68,26.6,27.24,26.72,0.52,1.9461,19396.59,52760.667
688162.SH,20250627,27.0,27.28,26.55,26.72,26.52,0.2,0.7541,12162.86,32592.531
688162.SH,20250626,26.9,26.92,26.46,26.52,26.75,-0.23,-0.8598,10881.27,29030.068
688162.SH,20250625,26.55,27.18,26.51,26.75,26.52,0.23,0.8673,14316.17,38290.787
688162.SH,20250624,25.46,26.55,25.46,26.52,25.38,1.14,4.4917,16286.94,42575.175
688162.SH,20250623,24.95,25.39,24.83,25.38,24.94,0.44,1.7642,7748.75,19527.243
688162.SH,20250620,24.96,25.64,24.9,24.94,25.11,-0.17,-0.677,7485.12,18855.901
688162.SH,20250619,25.63,25.92,25.03,25.11,25.63,-0.52,-2.0289,11497.41,29275.688
688162.SH,20250618,26.19,26.19,25.35,25.63,26.2,-0.57,-2.1756,12920.44,33123.58
688162.SH,20250617,26.2,26.39,26.0,26.2,26.23,-0.03,-0.1144,7115.07,18630.81
688162.SH,20250616,25.78,26.3,25.78,26.23,26.05,0.18,0.691,6432.28,16797.975
688162.SH,20250613,26.73,26.73,26.0,26.05,26.75,-0.7,-2.6168,8988.38,23554.186
688162.SH,20250612,26.94,27.13,26.5,26.75,26.98,-0.23,-0.8525,13285.21,35529.432
688162.SH,20250611,26.69,27.49,26.4,26.98,26.61,0.37,1.3905,13143.43,35628.688
688162.SH,20250610,27.07,27.24,26.16,26.61,27.06,-0.45,-1.663,13545.25,36013.604
688162.SH,20250609,27.01,27.38,26.85,27.06,26.95,0.11,0.4082,13731.18,37246.797
688162.SH,20250606,26.93,27.18,26.79,26.95,26.95,0.0,0.0,8584.41,23155.622
688162.SH,20250605,27.3,27.3,26.5,26.95,27.14,-0.19,-0.7001,15980.09,42920.2
688162.SH,20250604,27.5,27.5,26.87,27.14,27.12,0.02,0.0737,8305.09,22601.634
688162.SH,20250603,27.76,27.76,27.0,27.12,27.76,-0.64,-2.3055,17167.81,46789.474
688162.SH,20250530,28.0,28.2,27.61,27.76,28.03,-0.27,-0.9633,12136.55,33858.478
688162.SH,20250529,27.63,28.48,27.63,28.03,28.0,0.03,0.1071,14194.57,39984.56
688162.SH,20250528,28.97,28.97,27.75,28.0,28.48,-0.48,-1.6854,11226.82,31521.155
688162.SH,20250527,28.66,29.07,28.15,28.48,28.64,-0.16,-0.5587,18814.13,53797.895
688162.SH,20250526,27.55,28.93,27.05,28.64,27.35,1.29,4.7166,34987.0,98721.7
688162.SH,20250523,28.1,28.5,27.25,27.35,28.22,-0.87,-3.0829,26090.77,72390.296
688162.SH,20250522,28.25,29.4,28.02,28.22,28.43,-0.21,-0.7387,24285.03,69727.879
688162.SH,20250521,28.85,29.6,28.37,28.43,29.07,-0.64,-2.2016,28568.73,82561.571
688162.SH,20250520,28.41,29.98,28.41,29.07,28.43,0.64,2.2511,37706.4,110234.783
688162.SH,20250519,27.48,28.66,27.21,28.43,27.58,0.85,3.0819,31192.9,88060.483
688162.SH,20250516,27.46,28.81,27.0,27.58,27.2,0.38,1.3971,39219.11,110410.762
688162.SH,20250515,26.57,27.63,26.2,27.2,26.56,0.64,2.4096,24189.21,65427.143
688162.SH,20250514,26.83,27.06,26.37,26.56,26.91,-0.35,-1.3006,16883.96,44957.696
688162.SH,20250513,27.04,27.5,26.78,26.91,26.79,0.12,0.4479,14108.52,38098.966
688162.SH,20250512,26.15,27.33,26.15,26.79,26.11,0.68,2.6044,20540.3,55246.269
688162.SH,20250509,27.02,27.02,26.0,26.11,26.9,-0.79,-2.9368,18826.86,49447.647
688162.SH,20250508,26.8,27.7,26.7,26.9,26.93,-0.03,-0.1114,26373.12,71389.41
688162.SH,20250507,26.82,28.08,26.44,26.93,26.4,0.53,2.0076,48554.69,132521.029
688162.SH,20250506,24.8,26.5,24.61,26.4,24.68,1.72,6.9692,34216.75,87604.036
688162.SH,20250430,23.98,24.87,23.66,24.68,23.66,1.02,4.3111,16980.38,41590.131
688162.SH,20250429,23.35,23.76,22.97,23.66,23.08,0.58,2.513,13858.18,32481.686
688162.SH,20250428,23.52,23.65,22.94,23.08,23.41,-0.33,-1.4097,8260.57,19149.62
688162.SH,20250425,22.89,23.78,22.75,23.41,22.89,0.52,2.2717,12514.3,29180.217
688162.SH,20250424,23.16,23.4,22.55,22.89,23.23,-0.34,-1.4636,11583.49,26558.844
688162.SH,20250423,22.56,23.37,22.56,23.23,22.46,0.77,3.4283,11601.89,26801.666
688162.SH,20250422,22.45,22.7,22.4,22.46,22.64,-0.18,-0.7951,5998.82,13507.53
688162.SH,20250421,22.14,22.64,21.72,22.64,22.14,0.5,2.2584,10703.8,23844.275
688162.SH,20250418,21.85,22.25,21.61,22.14,21.74,0.4,1.8399,8545.84,18729.418
688162.SH,20250417,21.77,22.17,21.63,21.74,21.78,-0.04,-0.1837,9868.97,21673.992
688162.SH,20250416,22.1,22.48,21.31,21.78,22.33,-0.55,-2.4631,11468.18,24973.878
688162.SH,20250415,22.16,22.66,22.12,22.33,22.33,0.0,0.0,7548.54,16889.474
688162.SH,20250414,22.83,22.86,22.13,22.33,22.14,0.19,0.8582,13950.86,31341.054
688162.SH,20250411,21.35,22.68,21.35,22.14,21.66,0.48,2.2161,18189.79,40465.422
688162.SH,20250410,21.48,22.08,21.15,21.66,20.95,0.71,3.389,16268.69,35463.652
688162.SH,20250409,20.07,21.08,18.71,20.95,20.58,0.37,1.7979,23781.46,47670.902
688162.SH,20250408,20.5,21.18,20.17,20.58,20.26,0.32,1.5795,19980.4,41205.294
688162.SH,20250407,23.5,23.67,20.26,20.26,25.33,-5.07,-20.0158,28695.04,62243.23
688162.SH,20250403,26.07,26.48,25.17,25.33,26.32,-0.99,-3.7614,14407.44,36986.699
688162.SH,20250402,25.91,26.8,25.91,26.32,26.07,0.25,0.959,8745.72,23159.577
688162.SH,20250401,25.93,26.49,25.93,26.07,25.93,0.14,0.5399,10357.13,27160.958
688162.SH,20250331,26.42,26.48,25.36,25.93,26.81,-0.88,-3.2824,14494.47,37353.561
688162.SH,20250328,26.6,27.11,26.49,26.81,26.61,0.2,0.7516,12103.21,32459.347
688162.SH,20250327,27.15,27.23,26.34,26.61,27.42,-0.81,-2.954,15867.76,42520.146
688162.SH,20250326,26.84,27.73,26.62,27.42,26.88,0.54,2.0089,16345.87,44850.812
688162.SH,20250325,26.7,27.73,26.52,26.88,26.88,0.0,0.0,18441.05,50196.945
688162.SH,20250324,27.59,28.26,26.05,26.88,27.94,-1.06,-3.7938,26940.81,73002.92
688162.SH,20250321,29.02,29.06,27.68,27.94,29.46,-1.52,-5.1595,31421.9,89071.015
688162.SH,20250320,28.74,30.15,28.13,29.46,28.92,0.54,1.8672,48278.16,141273.732
688162.SH,20250319,28.5,29.31,27.98,28.92,28.56,0.36,1.2605,42124.77,120816.531
688162.SH,20250318,28.02,29.55,27.81,28.56,28.02,0.54,1.9272,46961.46,134108.79
688162.SH,20250317,27.93,28.68,27.38,28.02,28.04,-0.02,-0.0713,28276.39,79460.175
688162.SH,20250314,27.01,28.16,26.49,28.04,27.28,0.76,2.7859,29559.58,80834.24
688162.SH,20250313,28.2,28.47,27.06,27.28,28.45,-1.17,-4.1125,25576.4,70225.104
688162.SH,20250312,27.85,28.63,27.6,28.45,27.85,0.6,2.1544,32414.13,91278.0
688162.SH,20250311,28.53,28.88,27.38,27.85,29.01,-1.16,-3.9986,38401.32,107796.772
688162.SH,20250310,27.99,29.28,27.96,29.01,27.47,1.54,5.6061,59234.87,170530.803
688162.SH,20250307,26.4,27.92,25.88,27.47,26.51,0.96,3.6213,42543.62,114441.701
688162.SH,20250306,26.05,27.23,26.03,26.51,25.95,0.56,2.158,25713.98,68894.238
688162.SH,20250305,25.85,26.25,25.23,25.95,25.9,0.05,0.1931,19752.86,50759.314
688162.SH,20250304,25.98,26.23,25.6,25.9,26.14,-0.24,-0.9181,22983.8,59522.58
688162.SH,20250303,26.18,26.79,25.4,26.14,25.72,0.42,1.633,19894.49,52180.043
688162.SH,20250228,27.24,27.6,25.59,25.72,27.37,-1.65,-6.0285,22749.37,59883.025
688162.SH,20250227,27.37,27.84,26.68,27.37,27.32,0.05,0.183,21293.49,58138.747
688162.SH,20250226,27.28,28.17,27.2,27.32,27.31,0.01,0.0366,25761.49,71191.658
688162.SH,20250225,27.7,28.0,26.88,27.31,28.05,-0.74,-2.6381,30016.06,82132.592
688162.SH,20250224,28.48,28.7,27.33,28.05,28.5,-0.45,-1.5789,27216.01,76331.981
688162.SH,20250221,27.68,28.84,27.37,28.5,27.77,0.73,2.6287,30464.72,85649.894
688162.SH,20250220,28.0,28.4,27.62,27.77,28.07,-0.3,-1.0688,25631.92,71645.107
688162.SH,20250219,27.47,28.51,27.28,28.07,27.48,0.59,2.147,31850.31,88963.712
688162.SH,20250218,27.4,28.99,27.24,27.48,27.51,-0.03,-0.1091,49409.09,139130.718
688162.SH,20250217,27.93,27.93,26.89,27.51,27.62,-0.11,-0.3983,32469.78,88530.874
688162.SH,20250214,25.69,27.65,25.52,27.62,25.72,1.9,7.3872,53800.46,143838.071
688162.SH,20250213,27.5,27.5,25.72,25.72,27.5,-1.78,-6.4727,42321.19,111227.057
688162.SH,20250212,26.7,28.61,25.63,27.5,26.8,0.7,2.6119,62670.59,169746.691
688162.SH,20250211,24.54,26.82,24.2,26.8,24.62,2.18,8.8546,59421.25,152644.179
688162.SH,20250210,24.7,24.95,23.87,24.62,24.68,-0.06,-0.2431,31714.43,77254.953
688162.SH,20250207,24.47,25.29,24.12,24.68,24.3,0.38,1.5638,33576.08,82973.694
688162.SH,20250206,23.2,24.53,23.2,24.3,23.45,0.85,3.6247,26022.89,62838.237
688162.SH,20250205,24.0,24.08,23.15,23.45,23.82,-0.37,-1.5533,17650.88,41342.442
688162.SH,20250127,23.43,23.99,22.83,23.82,23.07,0.75,3.251,24529.85,57519.789
688162.SH,20250124,22.57,23.22,22.36,23.07,22.52,0.55,2.4423,19417.97,44407.579
688162.SH,20250123,22.81,23.26,22.52,22.52,22.48,0.04,0.1779,15498.98,35523.499
688162.SH,20250122,22.95,22.96,22.31,22.48,23.0,-0.52,-2.2609,14318.85,32286.988
688162.SH,20250121,23.2,23.48,22.86,23.0,23.15,-0.15,-0.6479,17278.11,39968.843
688162.SH,20250120,23.03,23.88,23.03,23.15,22.79,0.36,1.5796,21428.6,50002.103
688162.SH,20250117,23.06,23.36,22.49,22.79,23.21,-0.42,-1.8096,37171.2,84955.438
688162.SH,20250116,26.36,26.51,22.88,23.21,26.9,-3.69,-13.7175,63312.33,154510.199
688162.SH,20250115,25.6,27.99,25.2,26.9,25.72,1.18,4.5879,26431.23,70852.703
688162.SH,20250114,23.76,26.3,23.76,25.72,23.76,1.96,8.2492,19083.14,48262.685
688162.SH,20250113,23.88,24.34,23.05,23.76,24.0,-0.24,-1.0,9045.98,21412.371
688162.SH,20250110,24.84,25.2,24.0,24.0,24.89,-0.89,-3.5757,17985.02,44099.796
688162.SH,20250109,24.25,25.32,24.25,24.89,25.11,-0.22,-0.8761,10123.39,25173.46
603270.SH,20260702,32.36,35.6,32.02,34.88,33.0,1.88,5.697,173163.41,590580.486
603270.SH,20260701,34.0,34.0,32.3,33.0,33.51,-0.51,-1.5219,119870.05,395016.113
603270.SH,20260630,31.6,33.88,31.6,33.51,32.0,1.51,4.7188,145654.81,484038.11
603270.SH,20260629,32.26,32.4,30.73,32.0,31.59,0.41,1.2979,137965.38,437105.254
603270.SH,20260626,28.68,31.59,28.0,31.59,28.72,2.87,9.993,70447.98,217445.056
603270.SH,20260625,29.71,29.99,28.11,28.72,29.75,-1.03,-3.4622,56451.97,162610.812
603270.SH,20260624,30.38,30.52,29.09,29.75,30.49,-0.74,-2.427,46652.0,138511.512
603270.SH,20260623,30.59,31.2,30.27,30.49,31.06,-0.57,-1.8352,53502.4,164015.852
603270.SH,20260622,31.84,31.9,29.36,31.06,31.73,-0.67,-2.1116,91222.22,277864.392
603270.SH,20260618,30.25,31.98,29.9,31.73,30.2,1.53,5.0662,100355.2,311449.709
603270.SH,20260617,29.0,30.78,28.27,30.2,28.66,1.54,5.3733,82544.77,246132.806
603270.SH,20260616,28.73,29.2,28.2,28.66,28.75,-0.09,-0.313,55832.96,160566.694
603270.SH,20260615,26.99,29.08,26.96,28.75,28.9,-0.15,-0.519,78062.39,221796.348
603270.SH,20260612,30.0,30.23,28.75,28.9,30.1,-1.2,-3.9867,88721.36,260497.579
603270.SH,20260611,30.19,30.83,29.65,30.1,30.08,0.02,0.0665,81787.16,246352.425
603270.SH,20260610,30.38,31.68,29.85,30.08,30.88,-0.8,-2.5907,76297.22,233614.255
603270.SH,20260609,30.37,30.88,29.66,30.88,30.08,0.8,2.6596,88600.18,268003.908
603270.SH,20260608,29.66,31.0,29.08,30.08,29.77,0.31,1.0413,139096.5,419623.462
603270.SH,20260605,26.79,29.77,25.95,29.77,27.06,2.71,10.0148,75950.64,212883.106
603270.SH,20260604,27.4,28.03,26.86,27.06,27.4,-0.34,-1.2409,40556.41,110877.4
603270.SH,20260603,28.3,28.3,27.1,27.52,27.91,-0.39,-1.3973,35530.57,98608.866
603270.SH,20260602,27.99,28.71,27.5,27.91,28.12,-0.21,-0.7468,30171.0,84229.696
603270.SH,20260601,27.91,28.62,27.31,28.12,27.6,0.52,1.8841,40862.62,114815.667
603270.SH,20260529,29.5,29.74,27.3,27.6,29.5,-1.9,-6.4407,60549.0,170818.003
603270.SH,20260528,29.3,29.97,29.08,29.5,29.27,0.23,0.7858,36750.0,108789.666
603270.SH,20260527,30.1,30.5,29.06,29.27,30.36,-1.09,-3.5903,46876.0,138354.309
603270.SH,20260526,30.8,31.44,29.86,30.36,30.8,-0.44,-1.4286,52010.9,158247.495
603270.SH,20260525,31.5,32.12,30.5,30.8,31.74,-0.94,-2.9616,65029.06,202363.087
603270.SH,20260522,31.6,32.24,30.65,31.74,31.1,0.64,2.0579,66867.06,210607.696
603270.SH,20260521,31.22,32.57,30.85,31.1,31.47,-0.37,-1.1757,87337.02,277383.768
603270.SH,20260520,30.15,32.28,29.91,31.47,30.45,1.02,3.3498,93357.08,293372.472
603270.SH,20260519,29.3,30.5,29.19,30.45,29.19,1.26,4.3165,78493.78,236670.982
603270.SH,20260518,29.1,29.46,28.5,29.19,29.14,0.05,0.1716,53848.21,155645.108
603270.SH,20260515,28.22,29.55,28.01,29.14,28.33,0.81,2.8592,66246.99,191797.057
603270.SH,20260514,28.53,28.87,28.2,28.33,28.52,-0.19,-0.6662,38503.01,109942.797
603270.SH,20260513,27.89,29.14,27.78,28.52,27.97,0.55,1.9664,37457.72,106869.455
603270.SH,20260512,28.51,28.64,27.9,27.97,28.67,-0.7,-2.4416,31131.59,87785.004
603270.SH,20260511,28.48,28.79,28.04,28.67,28.56,0.11,0.3852,36357.0,103252.876
603270.SH,20260508,28.27,28.86,28.15,28.56,28.21,0.35,1.2407,43096.85,122972.17
603270.SH,20260507,28.28,28.67,28.09,28.21,28.4,-0.19,-0.669,45631.99,129559.378
603270.SH,20260506,28.13,28.48,27.85,28.4,28.13,0.27,0.9598,56432.09,159207.533
603270.SH,20260430,27.0,28.5,27.0,28.13,27.32,0.81,2.9649,69916.2,195643.16
603270.SH,20260429,25.2,27.98,24.97,27.32,25.91,1.41,5.4419,86150.24,232344.329
603270.SH,20260428,26.38,26.53,25.71,25.91,26.51,-0.6,-2.2633,21541.06,56033.5
603270.SH,20260427,26.4,26.54,25.89,26.51,26.27,0.24,0.9136,21422.93,56262.975
603270.SH,20260424,25.99,26.46,25.72,26.27,26.04,0.23,0.8833,23760.83,62189.028
603270.SH,20260423,26.83,26.99,25.95,26.04,26.85,-0.81,-3.0168,30451.73,79855.458
603270.SH,20260422,26.4,26.95,26.26,26.85,26.44,0.41,1.5507,26161.42,69810.725
603270.SH,20260421,26.28,26.58,26.2,26.44,26.41,0.03,0.1136,20795.22,54896.839
603270.SH,20260420,26.19,26.5,25.91,26.41,26.19,0.22,0.84,22823.0,59968.84
603270.SH,20260417,25.87,26.22,25.86,26.19,25.98,0.21,0.8083,22939.93,59784.014
603270.SH,20260416,26.0,26.38,25.83,25.98,26.01,-0.03,-0.1153,28112.87,73176.513
603270.SH,20260415,25.4,26.74,25.09,26.01,25.3,0.71,2.8063,66597.89,173336.929
603270.SH,20260414,25.31,25.44,25.0,25.3,25.19,0.11,0.4367,17273.4,43539.486
603270.SH,20260413,25.42,25.48,25.03,25.19,25.5,-0.31,-1.2157,16968.94,42727.445
603270.SH,20260410,25.19,25.59,25.19,25.5,25.09,0.41,1.6341,22002.74,55903.422
603270.SH,20260409,25.26,25.34,25.01,25.09,25.35,-0.26,-1.0256,19283.0,48502.358
603270.SH,20260408,25.3,25.4,25.12,25.35,24.96,0.39,1.5625,27411.0,69210.865
603270.SH,20260407,24.39,24.96,24.21,24.96,24.39,0.57,2.337,24801.0,61337.42
603270.SH,20260403,24.78,25.02,24.34,24.39,24.78,-0.39,-1.5738,21017.07,51883.239
603270.SH,20260402,24.96,25.22,24.62,24.78,24.95,-0.17,-0.6814,27002.13,67151.54
603270.SH,20260401,24.9,24.97,24.6,24.95,24.55,0.4,1.6293,29356.0,72648.296
603270.SH,20260331,24.15,24.77,24.05,24.55,24.15,0.4,1.6563,39406.2,96247.424
603270.SH,20260330,23.94,24.24,23.72,24.15,23.94,0.21,0.8772,24768.84,59504.407
603270.SH,20260327,23.6,23.96,23.28,23.94,23.49,0.45,1.9157,24602.01,58436.221
603270.SH,20260326,23.81,24.15,23.43,23.49,23.81,-0.32,-1.344,21916.98,51894.514
603270.SH,20260325,23.64,24.08,23.6,23.81,23.52,0.29,1.233,26478.58,63191.359
603270.SH,20260324,24.22,24.22,22.87,23.52,23.08,0.44,1.9064,48666.47,113358.424
603270.SH,20260323,24.18,25.23,22.88,23.08,23.55,-0.47,-1.9958,79266.31,192184.122
603270.SH,20260320,24.18,24.4,23.5,23.55,24.1,-0.55,-2.2822,19417.37,46285.143
603270.SH,20260319,24.44,24.6,23.94,24.1,24.68,-0.58,-2.3501,19774.95,48014.082
603270.SH,20260318,24.51,24.77,24.34,24.68,24.51,0.17,0.6936,13169.0,32309.438
603270.SH,20260317,24.92,25.08,24.46,24.51,24.86,-0.35,-1.4079,16928.13,41950.61
603270.SH,20260316,25.07,25.3,24.73,24.86,25.13,-0.27,-1.0744,20220.78,50279.607
603270.SH,20260313,24.98,25.64,24.98,25.13,25.08,0.05,0.1994,19528.49,49345.97
603270.SH,20260312,25.59,25.68,24.96,25.08,25.68,-0.6,-2.3364,23021.0,58030.68
603270.SH,20260311,25.8,26.22,25.65,25.68,25.8,-0.12,-0.4651,20510.0,53116.638
603270.SH,20260310,25.5,25.96,25.49,25.8,25.16,0.64,2.5437,23636.17,60826.463
603270.SH,20260309,25.16,25.32,24.66,25.16,25.58,-0.42,-1.6419,26539.0,66329.335
603270.SH,20260306,25.35,25.85,25.06,25.58,25.47,0.11,0.4319,19461.24,49895.825
603270.SH,20260305,25.47,25.87,25.31,25.47,25.13,0.34,1.353,21214.0,54240.225
603270.SH,20260304,25.24,25.55,24.75,25.13,25.63,-0.5,-1.9508,37695.08,94732.68
603270.SH,20260303,27.17,27.38,25.62,25.63,27.06,-1.43,-5.2846,41871.99,110430.447
603270.SH,20260302,27.77,27.87,26.93,27.06,27.9,-0.84,-3.0108,34667.0,94421.303
603270.SH,20260227,27.86,27.98,27.63,27.9,28.07,-0.17,-0.6056,26069.0,72408.11
603270.SH,20260226,27.63,28.1,27.54,28.07,27.6,0.47,1.7029,37177.48,103734.78
603270.SH,20260225,27.72,27.85,27.38,27.6,27.5,0.1,0.3636,29422.94,80965.19
603270.SH,20260224,27.78,27.9,27.3,27.5,27.65,-0.15,-0.5425,32609.59,89719.184
603270.SH,20260213,27.27,27.89,27.27,27.65,27.48,0.17,0.6186,34445.48,95252.77
603270.SH,20260212,27.36,27.86,27.14,27.48,27.27,0.21,0.7701,29303.42,80763.499
603270.SH,20260211,27.39,27.5,27.14,27.27,27.31,-0.04,-0.1465,21717.55,59362.968
603270.SH,20260210,27.36,27.65,27.12,27.31,27.36,-0.05,-0.1827,24235.0,66371.162
603270.SH,20260209,27.5,27.79,27.1,27.36,26.83,0.53,1.9754,40205.04,110494.885
603270.SH,20260206,26.5,27.16,26.28,26.83,26.69,0.14,0.5245,22001.59,59140.088
603270.SH,20260205,27.28,27.28,26.6,26.69,27.28,-0.59,-2.1628,25886.07,69476.414
603270.SH,20260204,26.81,27.75,26.81,27.28,27.08,0.2,0.7386,33500.0,91741.654
603270.SH,20260203,26.37,27.3,26.05,27.08,26.14,0.94,3.596,38381.0,102807.726
603270.SH,20260202,26.38,26.73,26.06,26.14,26.5,-0.36,-1.3585,26440.0,69825.479
603270.SH,20260130,26.2,26.61,25.8,26.5,26.35,0.15,0.5693,34519.77,90618.585
603270.SH,20260129,26.98,27.26,26.14,26.35,27.13,-0.78,-2.875,38986.54,103955.629
603270.SH,20260128,27.75,27.75,27.01,27.13,27.83,-0.7,-2.5153,39827.85,108773.749
603270.SH,20260127,27.4,27.88,27.2,27.83,27.56,0.27,0.9797,44849.8,124079.387
603270.SH,20260126,28.19,28.35,27.43,27.56,28.19,-0.63,-2.2348,43383.51,120527.674
603270.SH,20260123,27.93,28.45,27.66,28.19,27.93,0.26,0.9309,50513.46,141745.675
603270.SH,20260122,27.99,28.66,27.88,27.93,27.88,0.05,0.1793,52120.39,146869.61
603270.SH,20260121,27.39,27.99,27.28,27.88,27.53,0.35,1.2713,46136.48,128031.817
603270.SH,20260120,27.8,27.93,27.29,27.53,27.51,0.02,0.0727,47853.15,131905.488
603270.SH,20260119,27.84,27.98,27.42,27.51,27.77,-0.26,-0.9363,51222.3,141522.408
603270.SH,20260116,27.0,27.97,26.77,27.77,26.87,0.9,3.3495,85053.82,233843.415
603270.SH,20260115,26.26,27.09,26.2,26.87,26.39,0.48,1.8189,52396.06,140093.34
603270.SH,20260114,26.5,26.93,26.12,26.39,26.56,-0.17,-0.6401,56969.12,151134.49
603270.SH,20260113,26.95,27.28,26.48,26.56,26.92,-0.36,-1.3373,59947.44,160929.463
603270.SH,20260112,26.97,27.2,26.78,26.92,26.91,0.01,0.0372,58566.51,157667.606
603270.SH,20260109,26.42,27.28,26.36,26.91,26.54,0.37,1.3941,64578.72,174139.953
603270.SH,20260108,26.36,26.56,26.19,26.54,26.36,0.18,0.6829,52601.03,138825.489
603270.SH,20260107,26.29,26.65,26.11,26.36,26.3,0.06,0.2281,49102.0,129347.598
603270.SH,20260106,26.5,26.75,26.16,26.3,26.69,-0.39,-1.4612,67359.28,177324.798
603270.SH,20260105,26.7,27.28,26.36,26.69,27.03,-0.34,-1.2579,76981.85,205543.432
603270.SH,20251231,26.48,27.4,26.01,27.03,26.67,0.36,1.3498,126632.87,336287.908
603270.SH,20251230,25.92,28.2,25.7,26.67,25.83,0.84,3.252,168705.74,457849.612
603270.SH,20251229,25.51,26.2,24.99,25.83,25.76,0.07,0.2717,97809.62,252126.246
603270.SH,20251226,25.52,25.8,24.75,25.76,25.23,0.53,2.1007,77126.9,195183.184
603270.SH,20251225,24.19,25.25,24.01,25.23,24.12,1.11,4.602,56739.36,140776.453
603270.SH,20251224,23.84,24.14,23.79,24.12,23.84,0.28,1.1745,10887.73,26188.187
603270.SH,20251223,24.14,24.14,23.82,23.84,24.1,-0.26,-1.0788,9589.0,22942.832
603270.SH,20251222,23.77,24.19,23.77,24.1,23.83,0.27,1.133,12923.19,31119.763
603270.SH,20251219,23.56,23.88,23.46,23.83,23.45,0.38,1.6205,13543.19,32237.715
603270.SH,20251218,23.42,23.7,23.27,23.45,23.42,0.03,0.1281,13002.0,30651.025
603270.SH,20251217,23.42,23.57,23.02,23.42,23.48,-0.06,-0.2555,13509.0,31432.467
603270.SH,20251216,23.91,23.91,23.38,23.48,23.91,-0.43,-1.7984,13099.0,30843.128
603270.SH,20251215,24.0,24.14,23.83,23.91,24.06,-0.15,-0.6234,11482.0,27495.852
603270.SH,20251212,23.9,24.27,23.71,24.06,23.89,0.17,0.7116,14688.0,35347.294
603270.SH,20251211,24.4,24.47,23.86,23.89,24.36,-0.47,-1.9294,19188.72,46161.262
603270.SH,20251210,24.54,24.61,24.19,24.36,24.39,-0.03,-0.123,13929.3,33929.91
603270.SH,20251209,24.54,24.69,24.34,24.39,24.54,-0.15,-0.6112,13501.16,33062.146
603270.SH,20251208,24.5,24.66,24.38,24.54,24.47,0.07,0.2861,18484.46,45287.096
603270.SH,20251205,24.32,24.52,24.12,24.47,24.24,0.23,0.9488,15947.14,38917.025
603270.SH,20251204,24.56,24.79,24.16,24.39,24.42,-0.03,-0.1229,22339.14,54679.653
603270.SH,20251203,24.45,24.93,24.3,24.42,24.47,-0.05,-0.2043,13416.0,32898.541
603270.SH,20251202,24.69,24.74,24.44,24.47,24.64,-0.17,-0.6899,13087.0,32127.863
603270.SH,20251201,24.2,24.8,24.2,24.64,24.3,0.34,1.3992,25577.44,62879.802
603270.SH,20251128,23.86,24.48,23.58,24.3,23.86,0.44,1.8441,26006.53,62871.488
603270.SH,20251127,23.81,23.97,23.69,23.86,23.81,0.05,0.21,10837.37,25855.33
603270.SH,20251126,24.12,24.25,23.8,23.81,24.1,-0.29,-1.2033,17005.76,40867.354
603270.SH,20251125,24.27,24.42,24.04,24.1,24.27,-0.17,-0.7005,22971.76,55604.863
603270.SH,20251124,23.72,24.35,23.72,24.27,23.59,0.68,2.8826,27916.81,67348.715
603270.SH,20251121,23.79,24.55,23.05,23.59,23.95,-0.36,-1.5031,37353.85,88859.142
603270.SH,20251120,24.37,24.55,23.91,23.95,24.31,-0.36,-1.4809,16375.0,39498.244
603270.SH,20251119,24.84,25.08,24.28,24.31,24.92,-0.61,-2.4478,25657.08,62847.223
603270.SH,20251118,24.76,25.18,24.6,24.92,24.92,0.0,0.0,22007.0,54752.735
603270.SH,20251117,25.28,25.3,24.81,24.92,25.28,-0.36,-1.4241,25038.0,62559.016
603270.SH,20251114,25.0,25.73,24.85,25.28,25.07,0.21,0.8377,39273.3,99837.326
603270.SH,20251113,24.74,25.13,24.68,25.07,24.73,0.34,1.3748,17159.07,42842.778
603270.SH,20251112,25.0,25.1,24.65,24.73,25.05,-0.32,-1.2774,20568.95,51043.856
603270.SH,20251111,25.11,25.28,24.97,25.05,25.08,-0.03,-0.1196,17213.35,43202.312
603270.SH,20251110,25.07,25.36,25.01,25.08,25.24,-0.16,-0.6339,19178.0,48125.7
603270.SH,20251107,25.36,25.44,25.11,25.24,25.35,-0.11,-0.4339,20273.0,51117.947
603270.SH,20251106,24.85,25.44,24.84,25.35,24.93,0.42,1.6847,29679.0,74984.763
603270.SH,20251105,24.56,24.99,24.52,24.93,24.83,0.1,0.4027,18270.85,45345.21
603270.SH,20251104,25.29,25.29,24.68,24.83,25.27,-0.44,-1.7412,19212.0,47920.582
603270.SH,20251103,25.3,25.49,25.12,25.27,25.25,0.02,0.0792,20713.36,52404.032
603270.SH,20251031,24.86,25.41,24.85,25.25,24.95,0.3,1.2024,26647.72,67124.283
603270.SH,20251030,25.17,25.41,24.95,24.95,24.98,-0.03,-0.1201,27851.08,70080.235
603270.SH,20251029,24.96,25.17,24.81,24.98,24.99,-0.01,-0.04,15034.0,37492.621
603270.SH,20251028,25.0,25.18,24.74,24.99,24.94,0.05,0.2005,18302.19,45732.282
603270.SH,20251027,24.63,25.02,24.63,24.94,24.6,0.34,1.3821,24329.83,60444.61
603270.SH,20251024,24.59,24.74,24.5,24.6,24.58,0.02,0.0814,16783.82,41274.024
603270.SH,20251023,24.43,24.63,24.3,24.63,24.61,0.02,0.0813,13989.22,34190.174
603270.SH,20251022,24.79,24.98,24.5,24.61,24.48,0.13,0.531,20990.23,51885.63
603270.SH,20251021,24.26,24.51,24.16,24.48,24.35,0.13,0.5339,16412.0,40066.832
603270.SH,20251020,24.24,24.35,24.0,24.35,23.9,0.45,1.8828,16957.87,41075.923
603270.SH,20251017,24.46,24.56,23.86,23.9,24.52,-0.62,-2.5285,24906.49,60167.983
603270.SH,20251016,24.72,24.88,24.48,24.52,24.7,-0.18,-0.7287,19662.0,48478.136
603270.SH,20251015,24.4,24.75,24.15,24.7,24.42,0.28,1.1466,21716.12,53275.239
603270.SH,20251014,24.99,25.19,24.27,24.42,24.86,-0.44,-1.7699,37536.0,92624.752
603270.SH,20251013,24.98,24.98,24.11,24.86,25.62,-0.76,-2.9664,35362.0,87158.487
603270.SH,20251010,25.76,26.25,25.58,25.62,25.8,-0.18,-0.6977,33079.0,85348.092
603270.SH,20251009,26.27,26.27,25.72,25.8,26.13,-0.33,-1.2629,43208.5,111749.233
603270.SH,20250930,26.35,26.69,26.11,26.13,26.35,-0.22,-0.8349,33696.0,88675.968
603270.SH,20250929,26.16,26.5,25.82,26.35,26.21,0.14,0.5341,31227.0,81763.06
603270.SH,20250926,26.7,26.71,26.1,26.21,26.77,-0.56,-2.0919,37076.05,97761.798
603270.SH,20250925,26.99,27.46,26.72,26.77,27.0,-0.23,-0.8519,49685.5,134581.431
603270.SH,20250924,26.32,27.36,26.02,27.0,26.64,0.36,1.3514,58775.03,157366.954
603270.SH,20250923,26.3,26.96,26.09,26.64,26.41,0.23,0.8709,57212.47,151552.874
603270.SH,20250922,26.99,27.1,26.2,26.41,26.2,0.21,0.8015,57955.98,154265.863
603270.SH,20250919,27.24,27.3,26.07,26.2,27.13,-0.93,-3.4279,59844.87,158582.743
603270.SH,20250918,26.91,28.1,26.81,27.13,26.83,0.3,1.1182,107048.72,294361.487
603270.SH,20250917,26.29,27.08,26.29,26.83,26.52,0.31,1.1689,38607.01,103756.264
603270.SH,20250916,25.97,26.57,25.93,26.52,26.02,0.5,1.9216,36832.01,96914.022
603270.SH,20250915,26.48,26.53,25.93,26.02,26.24,-0.22,-0.8384,29432.67,76910.228
603270.SH,20250912,26.19,26.56,26.01,26.24,26.25,-0.01,-0.0381,27547.0,72474.774
603270.SH,20250911,25.85,26.29,25.55,26.25,25.91,0.34,1.3122,28921.44,75353.193
603270.SH,20250910,26.06,26.48,25.84,25.91,26.2,-0.29,-1.1069,23854.89,62078.619
603270.SH,20250909,26.76,26.76,26.15,26.2,26.75,-0.55,-2.0561,33894.35,89232.607
603270.SH,20250908,26.43,27.08,26.25,26.75,26.43,0.32,1.2107,37243.35,99635.597
603270.SH,20250905,25.98,26.47,25.66,26.43,25.87,0.56,2.1647,34739.0,91077.581
603270.SH,20250904,26.31,26.65,25.39,25.87,26.37,-0.5,-1.8961,43554.6,113329.421
603270.SH,20250903,27.1,27.79,26.28,26.37,26.89,-0.52,-1.9338,47675.23,128024.787
603270.SH,20250902,27.5,27.5,26.15,26.89,27.38,-0.49,-1.7896,59212.26,158336.536
603270.SH,20250901,26.54,27.75,26.52,27.38,26.7,0.68,2.5468,75482.31,204711.693
603270.SH,20250829,27.08,27.18,26.48,26.7,27.09,-0.39,-1.4396,42216.0,112727.361
603270.SH,20250828,27.1,27.33,26.02,27.09,27.13,-0.04,-0.1474,54422.0,145532.246
603270.SH,20250827,27.9,28.28,27.1,27.13,27.98,-0.85,-3.0379,50593.44,140072.749
603270.SH,20250826,28.0,28.11,27.62,27.98,28.11,-0.13,-0.4625,36358.0,101519.503
603270.SH,20250825,28.28,28.5,27.88,28.11,28.22,-0.11,-0.3898,62845.41,177072.838
603270.SH,20250822,28.25,28.41,27.98,28.22,28.23,-0.01,-0.0354,46108.37,129982.488
603270.SH,20250821,28.62,29.48,28.12,28.23,28.47,-0.24,-0.843,90784.08,260222.292
603270.SH,20250820,27.68,28.59,27.52,28.47,27.82,0.65,2.3364,75703.0,213929.193
603270.SH,20250819,27.6,27.94,27.33,27.82,27.6,0.22,0.7971,55459.0,153672.432
603270.SH,20250818,27.43,27.77,27.32,27.6,27.31,0.29,1.0619,43980.39,121321.244
603270.SH,20250815,26.8,27.35,26.7,27.31,26.84,0.47,1.7511,32297.92,87911.216
603270.SH,20250814,27.43,27.46,26.81,26.84,27.43,-0.59,-2.1509,41021.93,111266.63
603270.SH,20250813,27.41,27.55,27.29,27.43,27.4,0.03,0.1095,32604.47,89399.953
603270.SH,20250812,27.7,27.79,27.32,27.4,27.61,-0.21,-0.7606,33641.16,92393.025
603270.SH,20250811,27.61,27.78,27.5,27.61,27.59,0.02,0.0725,37149.72,102742.886
603270.SH,20250808,27.47,27.64,27.23,27.59,27.53,0.06,0.2179,39584.0,108478.107
603270.SH,20250807,27.59,28.01,27.4,27.53,27.72,-0.19,-0.6854,51273.3,141550.646
603270.SH,20250806,27.3,27.92,27.1,27.72,27.26,0.46,1.6875,72161.49,199633.471
603270.SH,20250805,27.21,27.35,27.11,27.26,27.2,0.06,0.2206,41622.53,113311.693
603270.SH,20250804,26.31,27.28,26.31,27.2,26.55,0.65,2.4482,64538.28,174321.583
603270.SH,20250801,26.49,26.62,26.28,26.55,26.26,0.29,1.1043,33509.27,88675.695
603270.SH,20250731,26.54,26.72,26.2,26.26,26.43,-0.17,-0.6432,31667.84,83764.351
603270.SH,20250730,26.77,26.86,26.19,26.43,26.75,-0.32,-1.1963,37201.88,98478.356
603270.SH,20250729,26.66,26.82,26.54,26.75,26.79,-0.04,-0.1493,27701.93,73895.261
603270.SH,20250728,26.7,27.05,26.65,26.79,26.68,0.11,0.4123,39377.0,105690.62
603270.SH,20250725,26.48,26.99,26.44,26.68,26.48,0.2,0.7553,38417.34,102496.424
603270.SH,20250724,26.41,26.8,26.4,26.48,26.4,0.08,0.303,30851.45,81812.938
603270.SH,20250723,26.48,26.63,26.21,26.4,26.49,-0.09,-0.3398,48398.7,127819.352
603270.SH,20250722,26.53,27.1,26.3,26.49,26.52,-0.03,-0.1131,68734.78,183810.238
603270.SH,20250721,26.64,26.74,26.23,26.52,26.51,0.01,0.0377,42819.7,113228.708
603270.SH,20250718,26.44,26.52,25.97,26.51,26.45,0.06,0.2268,61761.7,162286.171
603270.SH,20250717,26.3,26.85,26.16,26.45,25.92,0.53,2.0448,90118.7,238998.072
603270.SH,20250716,25.62,26.04,25.48,25.92,25.62,0.3,1.171,45765.75,118360.954
603270.SH,20250715,25.59,25.73,25.32,25.62,25.59,0.03,0.1172,36765.18,93901.701
603270.SH,20250714,24.94,25.6,24.88,25.59,24.89,0.7,2.8124,45442.16,115358.994
603270.SH,20250711,24.73,25.01,24.48,24.89,24.72,0.17,0.6877,27740.43,68577.355
603270.SH,20250710,24.87,24.94,24.52,24.72,24.9,-0.18,-0.7229,21531.0,53131.295
603270.SH,20250709,24.99,25.35,24.87,24.95,24.95,0.0,0.0,30946.18,77773.837
603270.SH,20250708,24.82,25.11,24.7,24.95,24.77,0.18,0.7267,20893.95,52157.461
603270.SH,20250707,24.76,24.81,24.4,24.77,24.66,0.11,0.4461,16560.0,40789.634
603270.SH,20250704,25.14,25.14,24.63,24.66,25.16,-0.5,-1.9873,28798.0,71365.18
603270.SH,20250703,25.2,25.26,24.96,25.16,25.14,0.02,0.0796,18781.0,47151.036
603270.SH,20250702,25.51,25.58,25.0,25.14,25.52,-0.38,-1.489,29409.95,73981.386
603270.SH,20250701,25.78,25.78,25.28,25.52,25.69,-0.17,-0.6617,24724.81,63008.634
603270.SH,20250630,25.54,25.86,25.45,25.69,25.46,0.23,0.9034,33635.65,86287.606
603270.SH,20250627,25.12,25.56,25.12,25.46,25.15,0.31,1.2326,29023.0,73790.296
603270.SH,20250626,25.83,25.83,25.11,25.15,25.72,-0.57,-2.2162,35960.0,91559.867
603270.SH,20250625,25.45,25.93,25.28,25.72,25.52,0.2,0.7837,38652.0,98759.406
603270.SH,20250624,25.23,25.63,24.97,25.52,25.04,0.48,1.9169,37256.72,94626.918
603270.SH,20250623,24.28,25.05,22.58,25.04,24.28,0.76,3.1301,38008.8,93875.313
603270.SH,20250620,24.56,24.98,24.27,24.28,24.73,-0.45,-1.8197,28716.0,70392.125
603270.SH,20250619,25.0,25.48,24.64,24.73,25.08,-0.35,-1.3955,33103.84,82915.349
603270.SH,20250618,25.4,25.4,24.92,25.08,25.29,-0.21,-0.8304,24029.95,60246.279
603270.SH,20250617,25.42,25.48,25.08,25.29,25.22,0.07,0.2776,27554.97,69610.499
603270.SH,20250616,24.97,25.35,24.87,25.22,25.02,0.2,0.7994,29324.67,73949.578
603270.SH,20250613,25.92,26.05,24.81,25.02,26.09,-1.07,-4.1012,65407.83,165237.706
603270.SH,20250612,26.4,26.41,25.92,26.09,26.64,-0.55,-2.0646,64614.0,168530.331
603270.SH,20250611,26.25,27.19,26.1,26.64,26.19,0.45,1.7182,70328.76,188922.307
603270.SH,20250610,26.91,27.19,25.98,26.19,26.99,-0.8,-2.9641,68062.0,179891.352
603270.SH,20250609,27.4,27.54,26.85,26.99,27.24,-0.25,-0.9178,65767.65,178242.762
603270.SH,20250606,27.25,27.45,26.88,27.24,27.33,-0.09,-0.3293,59815.2,162038.764
603270.SH,20250605,26.46,27.51,26.1,27.33,26.53,0.8,3.0155,91921.0,248534.266
603270.SH,20250604,26.4,26.96,26.36,26.53,26.47,0.06,0.2267,44215.27,117787.372
603270.SH,20250603,26.0,26.69,25.8,26.47,26.17,0.3,1.1464,43930.0,115807.943
603270.SH,20250530,26.89,27.1,25.7,26.17,27.01,-0.84,-3.11,77505.0,203039.428
603270.SH,20250529,26.05,27.68,26.05,27.01,26.05,0.96,3.6852,89183.2,240349.159
603270.SH,20250528,26.87,27.03,25.96,26.05,26.87,-0.82,-3.0517,69298.27,182203.595
603270.SH,20250527,27.35,27.65,26.63,26.87,27.35,-0.48,-1.755,83046.0,224672.418
603270.SH,20250526,27.13,27.63,26.71,27.35,27.13,0.22,0.8109,103441.0,282561.565
603270.SH,20250523,26.6,27.96,26.32,27.13,26.31,0.82,3.1167,133106.53,364258.947
603270.SH,20250522,26.23,26.69,26.06,26.31,26.3,0.01,0.038,36480.0,96348.317
603270.SH,20250521,26.88,27.05,26.24,26.3,27.08,-0.78,-2.8804,55540.62,147345.474
603270.SH,20250520,27.29,27.38,26.65,27.08,26.98,0.1,0.3706,48632.6,131677.921
603270.SH,20250519,26.98,27.08,26.0,26.98,27.08,-0.1,-0.3693,58485.92,155332.636
603270.SH,20250516,26.28,27.9,26.2,27.08,26.47,0.61,2.3045,87637.19,239566.346
603270.SH,20250515,26.76,26.76,26.22,26.47,26.89,-0.42,-1.5619,49259.91,130166.991
603270.SH,20250514,27.5,27.58,26.63,26.89,27.3,-0.41,-1.5018,64061.6,172389.0
603270.SH,20250513,27.66,27.91,27.25,27.3,27.62,-0.32,-1.1586,59634.0,163752.341
603270.SH,20250512,27.42,28.27,27.42,27.62,27.25,0.37,1.3578,99953.0,278300.962
603270.SH,20250509,27.64,27.65,26.59,27.25,27.66,-0.41,-1.4823,71761.0,194149.063
603270.SH,20250508,27.54,28.09,27.17,27.66,27.48,0.18,0.655,86955.42,241322.6
603270.SH,20250507,27.86,28.45,27.08,27.48,27.34,0.14,0.5121,154165.1,427676.279
603270.SH,20250506,24.95,27.34,24.9,27.34,24.85,2.49,10.0201,108210.73,282672.368
603270.SH,20250430,23.83,25.25,23.83,24.85,23.83,1.02,4.2803,81044.69,199419.806
603270.SH,20250429,23.4,24.28,22.95,23.83,22.63,1.2,5.3027,90787.67,216825.519
603270.SH,20250428,23.25,23.25,22.51,22.63,23.27,-0.64,-2.7503,45748.85,104216.446
603270.SH,20250425,23.06,23.65,23.03,23.27,23.06,0.21,0.9107,40365.0,94232.115
603270.SH,20250424,23.46,23.69,22.93,23.06,23.51,-0.45,-1.9141,49081.0,114223.881
603270.SH,20250423,22.42,24.05,22.4,23.51,22.32,1.19,5.3315,91615.8,215083.382
603270.SH,20250422,22.38,22.86,22.2,22.32,22.58,-0.26,-1.1515,31453.0,70527.462
603270.SH,20250421,22.0,22.65,21.5,22.58,21.74,0.84,3.8638,41802.82,92694.845
603270.SH,20250418,21.81,22.18,21.4,21.74,21.92,-0.18,-0.8212,35202.0,76234.475
603270.SH,20250417,21.96,22.32,21.88,21.92,22.01,-0.09,-0.4089,34621.0,76542.057
603270.SH,20250416,22.86,23.07,21.7,22.01,22.96,-0.95,-4.1376,75884.54,168556.24
603270.SH,20250415,22.99,23.23,22.7,22.96,22.92,0.04,0.1745,39451.0,90571.215
603270.SH,20250414,23.33,23.64,22.85,22.92,22.87,0.05,0.2186,57911.65,134173.384
603270.SH,20250411,21.86,23.29,21.86,22.87,22.23,0.64,2.879,59556.38,135727.617
603270.SH,20250410,21.97,23.03,21.69,22.23,21.32,0.91,4.2683,79401.73,177138.765
603270.SH,20250409,19.5,21.6,18.25,21.32,20.08,1.24,6.1753,87634.95,177911.33
603270.SH,20250408,20.0,21.22,19.43,20.08,21.59,-1.51,-6.994,100695.73,201785.581
603270.SH,20250407,22.0,22.6,21.59,21.59,23.99,-2.4,-10.0042,19399.0,42310.026
603270.SH,20250403,24.7,25.66,23.98,23.99,25.6,-1.61,-6.2891,75317.65,185426.243
603270.SH,20250402,25.19,26.19,25.12,25.6,25.44,0.16,0.6289,50881.44,130795.891
603270.SH,20250401,26.77,26.77,25.0,25.44,26.41,-0.97,-3.6729,64834.1,167096.28
603270.SH,20250331,29.0,29.0,26.41,26.41,29.34,-2.93,-9.9864,102641.38,275114.165
603270.SH,20250328,28.45,29.41,27.81,29.34,28.65,0.69,2.4084,82364.65,238356.714
603270.SH,20250327,30.0,30.0,28.17,28.65,30.35,-1.7,-5.6013,105662.97,305014.226
603270.SH,20250326,28.21,31.05,27.7,30.35,28.6,1.75,6.1189,149915.33,443951.828
603270.SH,20250325,27.84,28.95,27.4,28.6,27.74,0.86,3.1002,116800.89,331092.291
603270.SH,20250324,29.49,29.61,26.95,27.74,29.3,-1.56,-5.3242,107772.75,300385.203
603270.SH,20250321,31.1,31.59,29.21,29.3,31.29,-1.99,-6.3599,135831.5,409112.646
603270.SH,20250320,31.5,33.4,31.03,31.29,31.08,0.21,0.6757,233244.11,742831.849
603270.SH,20250319,28.3,31.08,27.81,31.08,28.25,2.83,10.0177,159280.56,473227.454
603270.SH,20250318,27.29,28.65,27.03,28.25,27.27,0.98,3.5937,118766.91,330615.336
603270.SH,20250317,26.79,27.41,26.06,27.27,26.79,0.48,1.7917,86439.93,232330.687
603270.SH,20250314,27.24,27.36,26.33,26.79,27.24,-0.45,-1.652,101781.37,272781.248
603270.SH,20250313,29.44,29.59,26.98,27.24,29.07,-1.83,-6.2951,150602.0,418230.397
603270.SH,20250312,28.88,29.59,28.45,29.07,28.7,0.37,1.2892,191586.94,555301.369
603270.SH,20250311,28.92,29.66,27.45,28.7,28.02,0.68,2.4268,195881.27,558667.407
603270.SH,20250310,28.29,29.52,27.46,28.02,28.27,-0.25,-0.8843,233777.02,664652.429
603270.SH,20250307,26.8,29.96,26.68,28.27,27.24,1.03,3.7812,381103.31,1097544.441
603270.SH,20250306,25.2,27.24,25.2,27.24,24.76,2.48,10.0162,140218.23,377109.808
603270.SH,20250305,24.3,25.13,24.28,24.76,24.37,0.39,1.6003,81167.0,200894.024
603270.SH,20250304,23.45,24.6,23.45,24.37,23.83,0.54,2.2661,62419.18,151296.77
603270.SH,20250303,24.0,24.47,23.42,23.83,24.15,-0.32,-1.3251,70038.91,167438.999
603270.SH,20250228,25.11,25.25,23.93,24.15,25.1,-0.95,-3.7849,135495.73,334088.198
603270.SH,20250227,24.65,25.49,24.2,25.1,24.73,0.37,1.4962,122922.0,305792.038
603270.SH,20250226,24.38,25.5,24.28,24.73,24.26,0.47,1.9373,149283.0,373300.589
603270.SH,20250225,24.2,24.65,24.06,24.26,24.53,-0.27,-1.1007,64308.95,156495.751
603270.SH,20250224,24.67,24.99,24.29,24.53,24.83,-0.3,-1.2082,95580.89,235237.684
603270.SH,20250221,25.26,25.27,24.68,24.83,25.27,-0.44,-1.7412,129785.98,323478.055
603270.SH,20250220,24.85,25.83,24.65,25.27,24.6,0.67,2.7236,218705.09,551446.18
603270.SH,20250219,22.36,24.6,22.36,24.6,22.36,2.24,10.0179,117535.86,278418.933
603270.SH,20250218,23.12,23.24,22.34,22.36,23.22,-0.86,-3.7037,81249.82,184987.657
603270.SH,20250217,22.96,23.38,22.87,23.22,22.98,0.24,1.0444,92929.82,214837.957
603270.SH,20250214,23.43,23.54,22.93,22.98,23.43,-0.45,-1.9206,96192.22,222984.086
603270.SH,20250213,25.13,25.13,23.41,23.43,25.19,-1.76,-6.9869,161942.32,387639.714
603270.SH,20250212,27.69,27.69,24.36,25.19,26.41,-1.22,-4.6195,253398.99,644002.157
603270.SH,20250211,24.01,26.41,23.6,26.41,24.01,2.4,9.9958,190269.86,487223.107
603270.SH,20250210,22.0,24.01,21.5,24.01,21.83,2.18,9.9863,148832.49,338751.153
603270.SH,20250207,21.77,22.2,21.54,21.83,21.69,0.14,0.6455,68011.0,149015.906
603270.SH,20250206,20.6,21.77,20.56,21.69,20.69,1.0,4.8333,66481.07,142101.223
603270.SH,20250205,20.51,20.83,20.39,20.69,20.31,0.38,1.871,37831.0,77894.033
603270.SH,20250127,21.21,21.3,20.31,20.31,21.1,-0.79,-3.7441,47174.0,97364.213
603270.SH,20250124,21.25,21.55,20.93,21.1,21.58,-0.48,-2.2243,67212.28,141926.722
603270.SH,20250123,21.78,22.75,21.26,21.58,21.79,-0.21,-0.9637,119714.77,263227.022
603270.SH,20250122,21.09,23.0,21.0,21.79,21.26,0.53,2.4929,145027.12,321801.709
603270.SH,20250121,21.09,21.48,21.0,21.26,21.14,0.12,0.5676,48446.73,102861.49
603270.SH,20250120,21.19,21.19,20.76,21.14,20.92,0.22,1.0516,55038.43,115679.592
603270.SH,20250117,20.71,21.45,20.71,20.92,20.98,-0.06,-0.286,69831.17,147076.421
603270.SH,20250116,21.57,22.1,20.98,20.98,21.54,-0.56,-2.5998,130263.03,279159.448
603270.SH,20250115,19.7,21.54,19.38,21.54,19.58,1.96,10.0102,79887.84,164021.672
603270.SH,20250114,18.91,19.63,18.75,19.58,18.75,0.83,4.4267,38289.03,74165.454
603270.SH,20250113,18.31,19.12,18.18,18.75,18.57,0.18,0.9693,26591.0,49805.316
603270.SH,20250110,19.26,19.48,18.57,18.57,19.15,-0.58,-3.0287,27812.1,53145.789
603270.SH,20250109,18.98,19.45,18.92,19.25,19.09,0.16,0.8381,26004.0,49827.284
300660.SZ,20260702,28.75,30.32,28.45,29.11,28.45,0.66,2.3199,213739.35,630562.45371
300660.SZ,20260701,27.97,29.5,27.86,28.45,27.86,0.59,2.1177,133455.56,381999.6004
300660.SZ,20260630,26.36,28.03,26.31,27.86,26.23,1.63,6.2143,109513.45,299567.7327
300660.SZ,20260629,25.9,26.48,25.28,26.23,25.98,0.25,0.9623,101629.08,263597.80436
300660.SZ,20260626,27.05,27.21,25.98,25.98,27.18,-1.2,-4.415,91951.87,242606.16984
300660.SZ,20260625,28.01,28.38,27.01,27.18,28.01,-0.83,-2.9632,107389.96,294902.11295
300660.SZ,20260624,28.6,28.78,27.81,28.01,28.6,-0.59,-2.0629,78010.41,219721.7042
300660.SZ,20260623,28.67,29.5,28.28,28.6,28.93,-0.33,-1.1407,86431.28,249247.28671
300660.SZ,20260622,30.48,30.53,27.94,28.93,30.49,-1.56,-5.1164,154410.58,444325.28144
300660.SZ,20260618,30.04,30.86,29.61,30.49,30.04,0.45,1.498,87901.8,267400.00397
300660.SZ,20260617,30.61,30.63,29.77,30.04,30.85,-0.81,-2.6256,84803.08,255497.8918
300660.SZ,20260616,30.01,31.49,29.91,30.85,30.29,0.56,1.8488,88111.02,271337.49233
300660.SZ,20260615,29.9,30.4,29.5,30.29,29.46,0.83,2.8174,79112.68,238337.57997
300660.SZ,20260612,30.3,30.97,28.93,29.46,29.72,-0.26,-0.8748,110669.0,329778.23474
300660.SZ,20260611,31.72,31.86,29.44,29.72,32.0,-2.28,-7.125,129938.99,391615.12606
300660.SZ,20260610,33.31,33.7,31.45,32.0,33.97,-1.97,-5.7992,104972.2,339950.53018
300660.SZ,20260609,34.72,34.95,33.27,33.97,34.66,-0.69,-1.9908,127620.88,430272.55759
300660.SZ,20260608,32.42,34.99,32.42,34.66,33.84,0.82,2.4232,175983.64,605833.555
300660.SZ,20260605,32.25,35.0,30.92,33.84,32.43,1.41,4.3478,164717.13,543243.747
300660.SZ,20260604,31.51,33.06,31.32,32.43,31.99,0.44,1.3754,84881.71,275794.662
300660.SZ,20260603,32.5,33.29,31.79,31.99,32.82,-0.83,-2.5289,84409.3,274699.932
300660.SZ,20260602,43.35,44.17,42.65,42.87,42.69,0.18,0.4216,57487.62,248719.837
300660.SZ,20260601,42.47,43.39,42.23,42.69,42.49,0.2,0.4707,54277.3,231984.6
300660.SZ,20260529,45.36,45.7,42.2,42.49,45.36,-2.87,-6.3272,100525.91,437626.033
300660.SZ,20260528,46.99,47.01,44.72,45.36,47.0,-1.64,-3.4894,105275.13,478506.905
300660.SZ,20260527,47.5,47.93,46.8,47.0,48.54,-1.54,-3.1726,121495.45,574336.352
300660.SZ,20260526,47.51,49.82,47.39,48.54,47.14,1.4,2.9699,210485.43,1027426.475
300660.SZ,20260525,47.83,48.09,46.83,47.14,48.06,-0.92,-1.9143,110666.78,523025.768
300660.SZ,20260522,47.3,48.4,46.3,48.06,47.58,0.48,1.0088,135003.6,643088.044
300660.SZ,20260521,46.65,48.77,46.4,47.58,46.46,1.12,2.4107,205820.81,985729.306
300660.SZ,20260520,47.11,47.11,45.9,46.46,47.6,-1.14,-2.395,98465.06,457022.451
300660.SZ,20260519,47.11,48.32,46.8,47.6,47.74,-0.14,-0.2933,132443.21,629529.264
300660.SZ,20260518,46.0,48.18,45.67,47.74,46.27,1.47,3.177,189930.9,890284.566
300660.SZ,20260515,43.71,47.22,43.66,46.27,43.71,2.56,5.8568,204590.06,936949.633
300660.SZ,20260514,44.73,45.12,43.69,43.71,44.56,-0.85,-1.9075,90528.34,401948.193
300660.SZ,20260513,44.33,44.74,43.73,44.56,44.41,0.15,0.3378,57130.58,253190.722
300660.SZ,20260512,45.0,45.66,44.33,44.41,44.97,-0.56,-1.2453,79120.98,355118.518
300660.SZ,20260511,45.46,45.8,44.72,44.97,45.52,-0.55,-1.2083,100389.61,451984.104
300660.SZ,20260508,44.0,46.36,43.9,45.52,44.3,1.22,2.754,156313.69,711075.163
300660.SZ,20260507,43.53,44.68,43.12,44.3,43.34,0.96,2.215,87662.43,387961.962
300660.SZ,20260506,42.73,43.88,42.73,43.34,42.53,0.81,1.9045,63951.83,277189.214
300660.SZ,20260430,42.2,42.99,41.95,42.53,42.22,0.31,0.7342,49157.88,209478.177
300660.SZ,20260429,40.98,42.79,40.98,42.22,41.13,1.09,2.6501,66838.97,280842.275
300660.SZ,20260428,42.88,42.92,40.89,41.13,43.02,-1.89,-4.3933,65203.09,271384.893
300660.SZ,20260427,41.97,43.59,41.58,43.02,42.03,0.99,2.3555,56010.47,240628.391
300660.SZ,20260424,42.32,42.65,41.72,42.03,42.46,-0.43,-1.0127,39942.41,168287.537
300660.SZ,20260423,43.86,43.86,42.02,42.46,43.86,-1.4,-3.192,62018.94,265035.951
300660.SZ,20260422,43.44,43.89,43.15,43.86,43.63,0.23,0.5272,42614.75,186113.459
300660.SZ,20260421,43.74,44.27,43.1,43.63,44.0,-0.37,-0.8409,50948.52,221912.125
300660.SZ,20260420,44.46,44.48,43.56,44.0,44.0,0.0,0.0,52087.41,229910.717
300660.SZ,20260417,43.5,44.4,43.14,44.0,43.77,0.23,0.5255,54896.25,240092.618
300660.SZ,20260416,43.77,44.08,43.5,43.77,43.2,0.57,1.3194,44579.85,194800.472
300660.SZ,20260415,44.08,44.24,43.05,43.2,43.84,-0.64,-1.4599,51660.33,225543.375
300660.SZ,20260414,43.68,43.85,43.18,43.84,43.29,0.55,1.2705,48739.13,212464.055
300660.SZ,20260413,43.04,43.56,42.75,43.29,43.21,0.08,0.1851,39146.09,169204.802
300660.SZ,20260410,42.67,44.1,42.56,43.21,42.22,0.99,2.3449,57391.53,249541.28
300660.SZ,20260409,42.88,42.9,42.2,42.22,43.21,-0.99,-2.2911,40096.57,170341.202
300660.SZ,20260408,41.6,43.23,41.6,43.21,40.66,2.55,6.2715,66008.33,281687.642
300660.SZ,20260407,40.81,41.28,40.51,40.66,40.82,-0.16,-0.392,23941.02,97981.69
300660.SZ,20260403,41.93,42.06,40.7,40.82,41.83,-1.01,-2.4145,29949.34,123132.974
300660.SZ,20260402,42.95,42.96,41.62,41.83,43.09,-1.26,-2.9241,36212.1,152956.328
300660.SZ,20260401,43.06,43.28,42.57,43.09,42.25,0.84,1.9882,43994.2,189051.085
300660.SZ,20260331,42.49,43.49,42.2,42.25,42.66,-0.41,-0.9611,46484.49,199058.516
300660.SZ,20260330,42.08,43.46,41.8,42.66,42.51,0.15,0.3529,40415.98,172687.983
300660.SZ,20260327,41.27,42.78,41.23,42.51,42.07,0.44,1.0459,41046.24,173362.889
300660.SZ,20260326,42.73,43.49,41.96,42.07,42.71,-0.64,-1.4985,48767.65,208490.917
300660.SZ,20260325,41.98,42.88,41.98,42.71,41.95,0.76,1.8117,56900.97,242022.33
300660.SZ,20260324,42.62,42.7,40.53,41.95,42.0,-0.05,-0.119,67941.2,281477.096
300660.SZ,20260323,42.8,44.3,41.65,42.0,42.85,-0.85,-1.9837,83886.09,361748.404
300660.SZ,20260320,43.99,44.31,42.85,42.85,43.75,-0.9,-2.0571,46362.76,201880.837
300660.SZ,20260319,44.48,45.0,43.6,43.75,45.4,-1.65,-3.6344,53676.31,236912.553
300660.SZ,20260318,45.53,45.8,44.7,45.4,45.34,0.06,0.1323,40027.48,180874.703
300660.SZ,20260317,46.5,46.65,45.34,45.34,46.34,-1.0,-2.158,36189.93,166226.343
300660.SZ,20260316,46.02,46.38,45.37,46.34,46.02,0.32,0.6953,38436.5,176229.02
300660.SZ,20260313,46.53,46.82,45.91,46.02,46.85,-0.83,-1.7716,31643.93,146719.855
300660.SZ,20260312,47.53,47.85,46.53,46.85,47.71,-0.86,-1.8026,41102.14,193319.838
300660.SZ,20260311,48.1,48.39,47.7,47.71,48.05,-0.34,-0.7076,45003.82,215926.492
300660.SZ,20260310,47.24,48.47,47.24,48.05,46.53,1.52,3.2667,60632.95,290110.448
300660.SZ,20260309,46.67,47.08,45.05,46.53,47.33,-0.8,-1.6903,63671.57,292484.08
300660.SZ,20260306,47.0,47.9,46.83,47.33,47.14,0.19,0.4031,33510.71,159097.764
300660.SZ,20260305,47.7,48.0,46.85,47.14,46.94,0.2,0.4261,43157.63,204782.184
300660.SZ,20260304,46.6,47.8,46.54,46.94,47.13,-0.19,-0.4031,44992.18,212368.319
300660.SZ,20260303,50.0,50.35,47.11,47.13,49.9,-2.77,-5.5511,76317.16,368689.874
300660.SZ,20260302,50.42,51.2,49.89,49.9,51.94,-2.04,-3.9276,73313.73,369114.464
300660.SZ,20260227,52.07,52.69,51.78,51.94,52.3,-0.36,-0.6883,55474.94,288805.66
300660.SZ,20260226,53.2,53.28,52.28,52.3,53.29,-0.99,-1.8578,67872.63,356368.398
300660.SZ,20260225,53.6,53.8,52.83,53.29,53.89,-0.6,-1.1134,78806.13,419491.123
300660.SZ,20260224,55.0,55.16,53.26,53.89,53.85,0.04,0.0743,87929.75,473343.476
300660.SZ,20260213,52.84,54.18,52.69,53.85,53.1,0.75,1.4124,74230.61,398732.345
300660.SZ,20260212,52.82,53.6,52.82,53.1,52.91,0.19,0.3591,46111.61,245764.281
300660.SZ,20260211,53.3,53.7,52.83,52.91,53.68,-0.77,-1.4344,46540.23,247262.377
300660.SZ,20260210,52.9,54.28,52.6,53.68,52.61,1.07,2.0338,93991.54,503363.608
300660.SZ,20260209,52.45,52.77,51.89,52.61,51.9,0.71,1.368,47076.6,246511.416
300660.SZ,20260206,51.02,52.86,50.0,51.9,51.21,0.69,1.3474,67085.51,349194.941
300660.SZ,20260205,52.59,52.79,51.15,51.21,53.05,-1.84,-3.4684,56127.79,290599.519
300660.SZ,20260204,52.9,53.29,52.45,53.05,53.29,-0.24,-0.4504,55958.96,295536.854
300660.SZ,20260203,52.31,53.4,51.8,53.29,51.81,1.48,2.8566,78071.54,412454.15
300660.SZ,20260202,52.22,53.62,51.79,51.81,52.41,-0.6,-1.1448,78875.69,415160.224
300660.SZ,20260130,51.8,53.45,51.2,52.41,51.83,0.58,1.119,85001.69,444490.375
300660.SZ,20260129,53.01,53.8,51.8,51.83,53.08,-1.25,-2.3549,84923.34,447912.747
300660.SZ,20260128,53.94,54.46,52.92,53.08,54.43,-1.35,-2.4802,78247.3,418243.078
300660.SZ,20260127,53.61,54.79,51.7,54.43,54.0,0.43,0.7963,121854.21,650164.394
300660.SZ,20260126,57.18,57.5,53.58,54.0,56.61,-2.61,-4.6105,164988.72,909824.659
300660.SZ,20260123,57.07,57.75,55.9,56.61,56.96,-0.35,-0.6145,158930.38,900944.87
300660.SZ,20260122,57.61,59.2,56.77,56.96,57.48,-0.52,-0.9047,202257.06,1165536.267
300660.SZ,20260121,56.27,58.37,56.07,57.48,57.21,0.27,0.4719,223004.72,1282902.312
300660.SZ,20260120,56.29,58.36,55.55,57.21,56.32,0.89,1.5803,259787.49,1480812.318
300660.SZ,20260119,55.0,57.43,53.04,56.32,55.43,0.89,1.6056,270625.63,1508355.808
300660.SZ,20260116,54.2,56.64,53.51,55.43,53.6,1.83,3.4142,190110.63,1053936.21
300660.SZ,20260115,52.99,54.09,52.96,53.6,53.48,0.12,0.2244,86415.44,462092.683
300660.SZ,20260114,54.85,55.58,52.75,53.48,54.95,-1.47,-2.6752,157443.66,854295.168
300660.SZ,20260113,56.8,57.47,54.3,54.95,56.98,-2.03,-3.5627,159030.7,886101.477
300660.SZ,20260112,55.5,57.0,54.6,56.98,55.31,1.67,3.0193,194775.05,1089782.102
300660.SZ,20260109,53.89,55.98,53.52,55.31,54.02,1.29,2.388,149486.69,824406.545
300660.SZ,20260108,54.0,54.61,53.53,54.02,54.18,-0.16,-0.2953,96290.73,521209.897
300660.SZ,20260107,53.81,55.5,53.62,54.18,54.3,-0.12,-0.221,120539.59,657440.68
300660.SZ,20260106,54.1,55.25,53.96,54.3,54.25,0.05,0.0922,133418.29,727255.317
300660.SZ,20260105,53.62,54.66,53.3,54.25,54.82,-0.57,-1.0398,142197.77,768537.156
300660.SZ,20251231,56.3,56.7,54.6,54.82,56.45,-1.63,-2.8875,190418.42,1051432.458
300660.SZ,20251230,53.0,58.7,52.53,56.45,53.94,2.51,4.6533,277094.72,1549465.709
300660.SZ,20251229,53.14,55.46,52.6,53.94,53.14,0.8,1.5055,203561.92,1103184.457
300660.SZ,20251226,52.0,54.37,51.88,53.14,52.11,1.03,1.9766,217086.77,1153213.194
300660.SZ,20251225,49.56,53.23,49.56,52.11,48.85,3.26,6.6735,198275.63,1026211.713
300660.SZ,20251224,48.4,48.99,48.31,48.85,48.63,0.22,0.4524,49180.82,239993.723
300660.SZ,20251223,48.99,49.3,48.2,48.63,49.7,-1.07,-2.1529,72721.26,353866.466
300660.SZ,20251222,48.58,50.38,47.82,49.7,47.47,2.23,4.6977,127529.8,627727.519
300660.SZ,20251219,46.69,48.44,46.65,47.47,46.23,1.24,2.6822,76133.59,361378.567
300660.SZ,20251218,46.46,47.33,46.22,46.23,46.86,-0.63,-1.3444,45226.99,211300.953
300660.SZ,20251217,46.02,47.25,45.5,46.86,46.06,0.8,1.7369,56554.03,261514.04
300660.SZ,20251216,47.82,47.82,46.0,46.06,47.86,-1.8,-3.761,64128.59,298920.495
300660.SZ,20251215,49.13,49.3,47.86,47.86,49.65,-1.79,-3.6052,65630.84,318053.815
300660.SZ,20251212,49.4,49.88,48.47,49.65,49.46,0.19,0.3841,74321.22,366086.691
300660.SZ,20251211,50.24,50.5,49.33,49.46,50.25,-0.79,-1.5721,67937.33,338876.51
300660.SZ,20251210,50.43,50.8,49.71,50.25,50.44,-0.19,-0.3767,72508.93,363732.5
300660.SZ,20251209,50.75,51.64,50.2,50.44,51.77,-1.33,-2.5691,104118.32,528914.175
300660.SZ,20251208,50.36,52.08,49.7,51.77,50.94,0.83,1.6294,156671.23,802567.654
300660.SZ,20251205,49.79,51.19,49.02,50.94,50.1,0.84,1.6766,198020.43,999691.141
300660.SZ,20251204,47.3,52.0,47.0,50.1,46.04,4.06,8.8184,266178.27,1321089.399
300660.SZ,20251203,46.43,46.78,45.75,46.04,46.17,-0.13,-0.2816,39495.1,182398.693
300660.SZ,20251202,47.56,47.67,46.07,46.17,47.89,-1.72,-3.5916,60090.42,279953.371
300660.SZ,20251201,46.82,47.97,46.82,47.89,46.81,1.08,2.3072,65797.77,313162.509
300660.SZ,20251128,46.91,47.42,45.99,46.81,47.17,-0.36,-0.7632,72971.14,340301.246
300660.SZ,20251127,47.41,48.2,47.12,47.17,47.66,-0.49,-1.0281,60140.7,286014.237
300660.SZ,20251126,47.02,48.56,46.56,47.66,47.13,0.53,1.1245,80934.99,386016.26
300660.SZ,20251125,47.5,48.2,47.06,47.13,47.05,0.08,0.17,67907.28,322901.58
300660.SZ,20251124,46.5,47.26,45.71,47.05,46.36,0.69,1.4884,57549.33,267785.502
300660.SZ,20251121,45.94,47.31,45.28,46.36,46.4,-0.04,-0.0862,81840.84,380072.199
300660.SZ,20251120,47.28,47.66,46.4,46.4,47.11,-0.71,-1.5071,36997.5,173370.998
300660.SZ,20251119,47.38,47.88,46.76,47.11,47.38,-0.27,-0.5699,42220.41,199577.705
300660.SZ,20251118,47.71,48.0,47.1,47.38,47.71,-0.33,-0.6917,37286.63,177031.115
300660.SZ,20251117,46.89,48.39,46.8,47.71,47.25,0.46,0.9735,46146.46,219825.717
300660.SZ,20251114,47.85,48.2,47.24,47.25,48.47,-1.22,-2.517,47027.02,223998.546
300660.SZ,20251113,48.1,48.96,47.8,48.47,48.19,0.28,0.581,45177.14,218731.216
300660.SZ,20251112,49.02,49.36,47.75,48.19,48.95,-0.76,-1.5526,52685.38,255077.668
300660.SZ,20251111,50.51,50.6,48.8,48.95,49.65,-0.7,-1.4099,50695.21,250799.935
300660.SZ,20251110,50.55,51.1,49.12,49.65,50.5,-0.85,-1.6832,60399.8,300644.867
300660.SZ,20251107,52.18,52.2,50.5,50.5,52.32,-1.82,-3.4786,59264.64,302780.947
300660.SZ,20251106,50.95,52.94,50.8,52.32,50.69,1.63,3.2156,75979.37,394408.499
300660.SZ,20251105,49.88,51.27,49.88,50.69,51.01,-0.32,-0.6273,53011.54,268783.832
300660.SZ,20251104,53.39,53.8,50.68,51.01,54.11,-3.1,-5.7291,106184.19,549168.61
300660.SZ,20251103,55.19,55.35,53.67,54.11,54.84,-0.73,-1.3311,61937.38,336182.823
300660.SZ,20251031,54.46,56.07,54.46,54.84,54.43,0.41,0.7533,77333.12,427549.835
300660.SZ,20251030,55.98,56.5,54.3,54.43,55.77,-1.34,-2.4027,84846.66,468818.268
300660.SZ,20251029,56.1,56.33,55.08,55.77,56.26,-0.49,-0.871,84059.36,467586.53
300660.SZ,20251028,55.22,56.78,55.01,56.26,55.33,0.93,1.6808,120122.8,673467.076
300660.SZ,20251027,54.79,55.81,54.51,55.33,54.25,1.08,1.9908,90095.67,497622.774
300660.SZ,20251024,53.05,54.46,53.0,54.25,52.5,1.75,3.3333,77272.0,415909.602
300660.SZ,20251023,53.79,53.8,51.68,52.5,54.29,-1.79,-3.2971,81062.43,424394.263
300660.SZ,20251022,54.51,55.78,54.08,54.29,55.16,-0.87,-1.5772,71577.48,393403.229
300660.SZ,20251021,55.0,55.17,53.48,55.16,54.49,0.67,1.2296,76628.01,417751.023
300660.SZ,20251020,54.52,55.54,53.64,54.49,52.95,1.54,2.9084,79487.72,434379.206
300660.SZ,20251017,55.12,55.58,52.81,52.95,54.95,-2.0,-3.6397,77757.71,421209.737
300660.SZ,20251016,56.08,56.21,54.65,54.95,57.12,-2.17,-3.799,83922.86,464551.291
300660.SZ,20251015,54.01,57.12,53.31,57.12,53.8,3.32,6.171,123878.97,688972.415
300660.SZ,20251014,56.3,58.32,53.8,53.8,56.12,-2.32,-4.134,108603.38,609404.076
300660.SZ,20251013,54.63,56.66,53.13,56.12,58.58,-2.46,-4.1994,120397.71,668075.79
300660.SZ,20251010,59.27,59.99,57.79,58.58,58.99,-0.41,-0.695,140428.71,829124.666
300660.SZ,20251009,57.88,59.59,56.8,58.99,57.9,1.09,1.8826,123122.42,723637.891
300660.SZ,20250930,58.5,58.96,57.84,57.9,58.3,-0.4,-0.6861,104645.89,609596.801
300660.SZ,20250929,56.68,58.8,56.53,58.3,56.79,1.51,2.6589,110425.33,640823.819
300660.SZ,20250926,58.85,59.0,56.79,56.79,60.18,-3.39,-5.6331,159393.35,920640.481
300660.SZ,20250925,62.0,62.0,59.93,60.18,62.21,-2.03,-3.2631,176619.25,1072868.385
300660.SZ,20250924,59.66,62.58,58.01,62.21,59.6,2.61,4.3792,261403.4,1584677.377
300660.SZ,20250923,59.28,60.49,57.62,59.6,59.26,0.34,0.5737,177296.73,1046686.708
300660.SZ,20250922,59.04,60.07,58.67,59.41,59.0,0.41,0.6949,153644.77,910979.103
300660.SZ,20250919,62.01,62.33,58.11,59.0,64.13,-5.13,-7.9994,311283.88,1857215.223
300660.SZ,20250918,63.24,65.78,60.16,64.13,62.61,1.52,2.4277,438055.86,2762255.518
300660.SZ,20250917,62.0,66.0,60.3,62.61,61.99,0.62,1.0002,433377.57,2710074.031
300660.SZ,20250916,54.45,64.81,54.0,61.99,54.3,7.69,14.1621,454855.66,2672583.047
300660.SZ,20250915,53.26,55.5,52.75,54.3,53.29,1.01,1.8953,238227.87,1299230.223
300660.SZ,20250912,53.25,54.88,52.52,53.29,53.23,0.06,0.1127,227956.61,1227410.122
300660.SZ,20250911,51.36,53.45,50.34,53.23,51.5,1.73,3.3592,225986.91,1182439.126
300660.SZ,20250910,51.25,53.38,50.78,51.5,51.58,-0.08,-0.1551,161629.57,838318.432
300660.SZ,20250909,52.22,52.22,50.91,51.58,52.74,-1.16,-2.1995,149976.88,772801.463
300660.SZ,20250908,49.5,53.0,49.34,52.74,49.82,2.92,5.8611,251790.23,1311169.337
300660.SZ,20250905,48.24,49.9,48.0,49.82,48.21,1.61,3.3396,122566.44,601519.523
300660.SZ,20250904,50.5,51.11,47.47,48.21,49.93,-1.72,-3.4448,151615.27,746767.777
300660.SZ,20250903,52.51,52.95,49.6,49.93,52.47,-2.54,-4.8409,166159.82,846166.945
300660.SZ,20250902,50.92,53.97,47.82,52.47,50.9,1.57,3.0845,303529.49,1544077.1
300660.SZ,20250901,51.35,52.36,49.81,50.9,51.5,-0.6,-1.165,159171.64,806974.729
300660.SZ,20250829,51.99,53.16,50.53,51.5,52.21,-0.71,-1.3599,156127.71,806184.99
300660.SZ,20250828,51.3,52.44,50.47,52.21,51.66,0.55,1.0647,177984.02,916842.282
300660.SZ,20250827,54.0,54.89,51.5,51.66,53.75,-2.09,-3.8884,210610.39,1130071.312
300660.SZ,20250826,55.82,55.82,53.68,53.75,56.3,-2.55,-4.5293,203251.43,1105041.067
300660.SZ,20250825,52.83,56.59,52.77,56.3,52.96,3.34,6.3066,281175.69,1542195.388
300660.SZ,20250822,52.2,53.27,52.2,52.96,52.71,0.25,0.4743,157274.76,829361.468
300660.SZ,20250821,53.5,55.68,52.29,52.71,54.63,-1.92,-3.5146,232964.76,1246466.305
300660.SZ,20250820,53.9,56.68,53.02,54.63,54.3,0.33,0.6077,328914.57,1812629.57
300660.SZ,20250819,50.0,55.4,49.12,54.3,50.24,4.06,8.0812,381021.59,1999599.229
300660.SZ,20250818,50.9,51.3,49.11,50.24,49.51,0.73,1.4744,250909.57,1264105.286
300660.SZ,20250815,47.84,49.66,47.67,49.51,48.32,1.19,2.4627,236455.05,1159387.571
300660.SZ,20250814,48.38,49.67,46.42,48.32,48.32,0.0,0.0,244437.21,1179046.26
300660.SZ,20250813,47.49,48.5,46.91,48.32,47.43,0.89,1.8764,167854.61,801925.504
300660.SZ,20250812,47.7,48.0,46.9,47.43,47.83,-0.4,-0.8363,116780.23,552638.851
300660.SZ,20250811,47.71,48.23,47.42,47.83,47.71,0.12,0.2515,115945.72,554951.065
300660.SZ,20250808,48.4,48.93,47.4,47.71,48.66,-0.95,-1.9523,128734.46,617147.788
300660.SZ,20250807,49.63,49.65,47.9,48.66,49.63,-0.97,-1.9545,186618.34,905226.011
300660.SZ,20250806,48.12,50.27,47.47,49.63,48.15,1.48,3.0737,254823.11,1254976.336
300660.SZ,20250805,46.78,48.7,46.61,48.15,46.76,1.39,2.9726,209654.25,999395.702
300660.SZ,20250804,44.39,46.76,44.29,46.76,44.72,2.04,4.5617,150380.95,690775.993
300660.SZ,20250801,45.9,46.99,44.4,44.72,46.19,-1.47,-3.1825,151067.76,686486.202
300660.SZ,20250731,45.32,47.33,45.32,46.19,45.7,0.49,1.0722,186672.75,870513.111
300660.SZ,20250730,46.47,46.57,45.41,45.7,46.61,-0.91,-1.9524,126621.75,581006.378
300660.SZ,20250729,46.4,47.4,45.92,46.61,46.9,-0.29,-0.6183,154875.89,721033.162
300660.SZ,20250728,47.3,48.5,46.78,46.9,47.04,-0.14,-0.2976,160803.04,766226.659
300660.SZ,20250725,46.8,47.2,46.24,47.04,46.95,0.09,0.1917,115421.23,539301.543
300660.SZ,20250724,46.5,47.64,46.5,46.95,46.86,0.09,0.1921,119894.96,562631.769
300660.SZ,20250723,48.1,48.52,46.2,46.86,49.46,-2.6,-5.2568,236347.47,1116708.643
300660.SZ,20250722,48.5,50.67,47.67,49.46,49.4,0.06,0.1215,251058.9,1239949.122
300660.SZ,20250721,48.5,51.99,48.4,49.4,47.33,2.07,4.3735,321744.17,1607315.556
300660.SZ,20250718,47.08,48.07,46.53,47.33,46.92,0.41,0.8738,201140.2,949093.553
300660.SZ,20250717,46.81,50.0,46.64,46.92,47.56,-0.64,-1.3457,334216.03,1600386.777
300660.SZ,20250716,45.17,47.95,44.57,47.56,45.22,2.34,5.1747,312032.98,1457878.902
300660.SZ,20250715,45.61,45.8,44.74,45.22,46.27,-1.05,-2.2693,198444.93,896292.275
300660.SZ,20250714,45.52,46.96,44.22,46.27,44.59,1.68,3.7677,301484.61,1380334.122
300660.SZ,20250711,42.24,45.88,41.83,44.59,42.23,2.36,5.5884,242469.37,1064230.68
300660.SZ,20250710,43.35,43.48,41.84,42.23,43.5,-1.27,-2.9195,172357.21,731460.325
300660.SZ,20250709,43.96,46.98,43.09,43.5,42.99,0.51,1.1863,282500.29,1273279.816
300660.SZ,20250708,42.11,43.64,41.73,42.99,42.11,0.88,2.0898,174784.19,748249.327
300660.SZ,20250707,42.02,42.72,41.68,42.11,42.39,-0.28,-0.6605,76147.44,321024.983
300660.SZ,20250704,42.65,43.07,41.83,42.39,42.8,-0.41,-0.9579,97854.39,413852.907
300660.SZ,20250703,42.02,43.15,42.02,42.8,42.22,0.58,1.3738,113731.64,485254.974
300660.SZ,20250702,43.77,43.93,41.96,42.22,44.61,-2.39,-5.3575,191940.22,820450.739
300660.SZ,20250701,44.0,45.6,43.56,44.61,44.24,0.37,0.8363,202236.2,899168.64
300660.SZ,20250630,44.45,44.77,43.5,44.24,44.8,-0.56,-1.25,167174.35,737112.644
300660.SZ,20250627,45.5,45.51,44.11,44.8,45.66,-0.86,-1.8835,199707.31,895753.634
300660.SZ,20250626,45.03,47.21,44.88,45.66,45.41,0.25,0.5505,309771.47,1421492.602
300660.SZ,20250625,45.02,46.03,44.56,45.41,45.52,-0.11,-0.2417,372780.05,1688311.372
300660.SZ,20250624,39.27,46.6,39.27,45.52,38.83,6.69,17.2289,489544.34,2150087.066
300660.SZ,20250623,38.28,39.39,38.01,38.83,38.69,0.14,0.3619,137832.85,533976.431
300660.SZ,20250620,39.52,40.14,38.5,38.69,40.2,-1.51,-3.7562,197936.5,775471.419
300660.SZ,20250619,35.9,41.26,35.49,40.2,35.97,4.23,11.7598,342120.3,1330041.588
300660.SZ,20250618,35.32,36.13,35.15,35.97,35.54,0.43,1.2099,67426.58,240474.639
300660.SZ,20250617,35.38,36.46,35.25,35.54,35.24,0.3,0.8513,85069.04,303960.992
300660.SZ,20250616,35.19,35.47,35.06,35.24,35.34,-0.1,-0.283,44139.56,155670.049
300660.SZ,20250613,35.81,36.13,35.07,35.34,35.96,-0.62,-1.7241,55405.08,196588.714
300660.SZ,20250612,36.1,36.55,35.91,35.96,36.31,-0.35,-0.9639,52668.34,190683.843
300660.SZ,20250611,36.45,36.65,36.16,36.31,36.06,0.25,0.6933,57925.45,211040.221
300660.SZ,20250610,36.76,37.1,35.37,36.06,36.76,-0.7,-1.9042,88127.14,317774.683
300660.SZ,20250609,37.06,37.66,36.59,36.76,36.98,-0.22,-0.5949,78749.1,291968.775
300660.SZ,20250606,37.42,37.49,36.83,36.98,37.55,-0.57,-1.518,67790.98,251423.518
300660.SZ,20250605,36.51,37.88,35.95,37.55,36.62,0.93,2.5396,124351.91,460699.184
300660.SZ,20250604,36.46,36.89,36.19,36.62,36.37,0.25,0.6874,61414.32,224320.376
300660.SZ,20250603,36.16,36.69,36.0,36.37,36.48,-0.11,-0.3015,65688.68,238926.685
300660.SZ,20250530,37.64,37.78,36.25,36.48,37.61,-1.13,-3.0045,80550.94,295989.18
300660.SZ,20250529,53.0,54.24,52.55,52.97,53.25,-0.28,-0.5258,69815.11,371095.307
300660.SZ,20250528,52.65,54.07,52.29,53.25,52.52,0.73,1.3899,71662.03,380646.941
300660.SZ,20250527,54.0,54.1,51.72,52.52,56.93,-4.41,-7.7464,125599.27,660501.045
300660.SZ,20250526,57.01,57.22,56.15,56.93,56.7,0.23,0.4056,51069.84,289352.741
300660.SZ,20250523,56.85,58.84,56.69,56.7,57.4,-0.7,-1.2195,70931.2,408809.648
300660.SZ,20250522,58.39,58.8,57.33,57.4,58.35,-0.95,-1.6281,53633.6,310758.326
300660.SZ,20250521,58.42,58.8,57.22,58.35,58.45,-0.1,-0.1711,67893.2,393812.189
300660.SZ,20250520,58.48,59.47,57.57,58.45,58.39,0.06,0.1028,70919.44,415655.481
300660.SZ,20250519,58.9,59.48,56.92,58.39,60.04,-1.65,-2.7482,108206.4,628452.933
300660.SZ,20250516,60.04,62.47,59.9,60.04,60.29,-0.25,-0.4147,118559.94,727100.308
300660.SZ,20250515,60.79,61.86,59.66,60.29,60.77,-0.48,-0.7899,87082.34,529000.544
300660.SZ,20250514,60.81,61.64,60.07,60.77,61.2,-0.43,-0.7026,92291.19,561352.76
300660.SZ,20250513,62.5,64.36,61.11,61.2,61.65,-0.45,-0.7299,131654.4,824930.508
300660.SZ,20250512,60.64,61.88,60.4,61.65,59.9,1.75,2.9215,113913.11,698032.004
300660.SZ,20250509,61.0,62.3,59.06,59.9,61.29,-1.39,-2.2679,94265.8,566474.204
300660.SZ,20250508,60.0,61.9,59.88,61.29,60.45,0.84,1.3896,120501.51,732951.0
300660.SZ,20250507,61.6,61.8,59.47,60.45,61.19,-0.74,-1.2093,129466.89,785902.341
300660.SZ,20250506,59.93,62.99,59.25,61.19,60.0,1.19,1.9833,162512.63,990610.173
300660.SZ,20250430,57.27,62.54,56.98,60.0,57.65,2.35,4.0763,188444.22,1112645.783
300660.SZ,20250429,53.58,58.56,53.02,57.65,53.86,3.79,7.0368,182772.64,1018678.908
300660.SZ,20250428,53.99,55.46,53.25,53.86,53.17,0.69,1.2977,107924.52,586391.64
300660.SZ,20250425,53.7,54.18,52.46,53.17,53.7,-0.53,-0.987,97324.94,518703.468
300660.SZ,20250424,53.12,55.6,52.66,53.7,53.12,0.58,1.0919,165965.22,899903.801
300660.SZ,20250423,49.1,54.6,49.1,53.12,48.29,4.83,10.0021,195678.29,1016539.366
300660.SZ,20250422,49.28,49.68,48.23,48.29,49.4,-1.11,-2.247,56886.2,277534.54
300660.SZ,20250421,47.5,49.67,46.86,49.4,47.78,1.62,3.3905,83761.0,405690.102
300660.SZ,20250418,47.57,48.19,47.32,47.78,47.83,-0.05,-0.1045,37574.52,179204.303
300660.SZ,20250417,48.1,49.15,47.79,47.83,48.46,-0.63,-1.3,52334.28,253274.412
300660.SZ,20250416,48.8,49.37,47.65,48.46,49.29,-0.83,-1.6839,58396.72,283132.526
300660.SZ,20250415,48.82,50.47,48.28,49.29,49.03,0.26,0.5303,81723.0,401607.793
300660.SZ,20250414,49.5,50.36,48.66,49.03,48.67,0.36,0.7397,88868.2,439071.88
300660.SZ,20250411,46.8,49.55,46.67,48.67,47.5,1.17,2.4632,108934.52,529151.302
300660.SZ,20250410,48.01,49.98,47.15,47.5,45.56,1.94,4.2581,138191.05,670292.478
300660.SZ,20250409,42.39,46.05,39.28,45.56,43.3,2.26,5.2194,133203.37,579967.453
300660.SZ,20250408,42.6,45.05,42.01,43.3,42.29,1.01,2.3883,122301.24,530605.16
300660.SZ,20250407,44.25,49.0,42.29,42.29,52.86,-10.57,-19.9962,110038.34,492576.256
300660.SZ,20250403,53.76,55.33,52.75,52.86,54.97,-2.11,-3.8385,57635.1,309375.842
300660.SZ,20250402,54.4,55.6,54.25,54.97,54.4,0.57,1.0478,54530.73,300231.522
300660.SZ,20250401,56.16,56.5,54.09,54.4,55.51,-1.11,-1.9996,55427.2,303895.576
300660.SZ,20250331,55.51,55.97,53.0,55.51,56.15,-0.64,-1.1398,83675.4,455827.082
300660.SZ,20250328,56.62,57.81,56.0,56.15,56.83,-0.68,-1.1966,48825.8,276213.723
300660.SZ,20250327,56.74,58.39,56.12,56.83,57.31,-0.48,-0.8376,73150.6,419159.866
300660.SZ,20250326,55.18,58.66,55.18,57.31,55.81,1.5,2.6877,99586.57,573504.101
300660.SZ,20250325,58.7,59.77,55.58,55.81,58.4,-2.59,-4.4349,108405.38,618451.724
300660.SZ,20250324,58.98,59.59,56.71,58.4,59.44,-1.04,-1.7497,94050.65,544552.23
300660.SZ,20250321,61.58,61.94,58.77,59.44,62.69,-3.25,-5.1842,125441.83,751375.806
300660.SZ,20250320,63.02,64.48,61.2,62.69,63.7,-1.01,-1.5856,154375.17,971808.098
300660.SZ,20250319,61.58,65.02,60.9,63.7,62.08,1.62,2.6095,184310.04,1166062.594
300660.SZ,20250318,61.6,62.4,60.51,62.08,61.6,0.48,0.7792,116017.72,713628.371
300660.SZ,20250317,60.75,62.3,59.85,61.6,61.33,0.27,0.4402,128977.7,789670.924
300660.SZ,20250314,58.24,62.5,58.22,61.33,58.53,2.8,4.7839,151101.62,910269.026
300660.SZ,20250313,63.11,63.11,58.25,58.53,63.28,-4.75,-7.5063,169484.26,1011165.557
300660.SZ,20250312,65.0,66.36,63.22,63.28,64.46,-1.18,-1.8306,158987.42,1031325.548
300660.SZ,20250311,63.86,65.95,62.01,64.46,67.17,-2.71,-4.0345,188892.66,1205943.911
300660.SZ,20250310,66.0,70.0,64.94,67.17,65.23,1.94,2.9741,253629.1,1715393.174
300660.SZ,20250307,62.6,66.12,62.21,65.23,63.24,1.99,3.1467,252665.5,1622019.843
300660.SZ,20250306,62.9,63.98,62.17,63.24,62.9,0.34,0.5405,219080.32,1385172.617
300660.SZ,20250305,63.4,64.4,61.69,62.9,62.35,0.55,0.8821,217090.8,1365855.641
300660.SZ,20250304,59.05,64.21,59.05,62.35,60.13,2.22,3.692,233551.82,1460201.451
300660.SZ,20250303,61.26,62.0,58.76,60.13,61.0,-0.87,-1.4262,148085.03,894305.486
300660.SZ,20250228,65.85,66.66,60.59,61.0,66.51,-5.51,-8.2845,234627.5,1468297.08
300660.SZ,20250227,66.3,68.3,65.06,66.51,68.47,-1.96,-2.8626,257087.94,1709352.619
300660.SZ,20250226,69.12,73.73,65.02,68.47,71.37,-2.9,-4.0633,439839.0,3024916.061
300660.SZ,20250225,68.48,72.88,68.48,71.37,71.05,0.32,0.4504,298206.47,2110869.35
300660.SZ,20250224,74.7,74.7,67.89,71.05,74.8,-3.75,-5.0134,379750.91,2676481.209
300660.SZ,20250221,59.99,74.8,59.59,74.8,62.33,12.47,20.0064,479083.16,3211747.145
300660.SZ,20250220,58.3,66.2,56.38,62.33,58.34,3.99,6.8392,411971.85,2520433.861
300660.SZ,20250219,51.01,60.17,51.01,58.34,51.0,7.34,14.3922,384236.21,2120635.868
300660.SZ,20250218,49.9,53.5,49.51,51.0,49.67,1.33,2.6777,317162.2,1643950.246
300660.SZ,20250217,46.36,49.68,46.1,49.67,46.34,3.33,7.186,199511.4,955976.001
300660.SZ,20250214,45.88,47.36,45.8,46.34,47.17,-0.83,-1.7596,130459.51,605757.891
300660.SZ,20250213,49.9,50.99,47.13,47.17,50.0,-2.83,-5.66,213177.66,1037733.622
300660.SZ,20250212,48.85,52.33,47.75,50.0,49.66,0.34,0.6847,206143.76,1027630.047
300660.SZ,20250211,48.75,50.73,48.48,49.66,48.8,0.86,1.7623,214218.95,1063544.446
300660.SZ,20250210,48.8,49.05,47.72,48.8,49.68,-0.88,-1.7713,190096.89,919634.907
300660.SZ,20250207,49.3,51.5,48.01,49.68,49.41,0.27,0.5464,304921.19,1513439.041
300660.SZ,20250206,44.4,50.64,44.24,49.41,45.24,4.17,9.2175,286317.36,1372066.453
300660.SZ,20250205,44.5,46.63,44.1,45.24,43.99,1.25,2.8416,204122.25,928524.764
300660.SZ,20250127,46.4,46.94,43.5,43.99,47.0,-3.01,-6.4043,196109.07,873338.74
300660.SZ,20250124,46.78,47.46,44.92,47.0,46.58,0.42,0.9017,272094.75,1258895.075
300660.SZ,20250123,42.81,49.38,42.04,46.58,42.3,4.28,10.1182,366291.57,1683596.041
300660.SZ,20250122,43.0,43.0,41.51,42.3,43.84,-1.54,-3.5128,157310.12,666030.975
300660.SZ,20250121,42.39,43.85,41.68,43.84,42.03,1.81,4.3064,253681.41,1092096.86
300660.SZ,20250120,42.8,43.01,41.77,42.03,42.23,-0.2,-0.4736,106361.2,450065.662
300660.SZ,20250117,42.19,43.52,41.75,42.23,42.38,-0.15,-0.3539,123420.93,526310.05
300660.SZ,20250116,43.8,44.18,41.88,42.38,43.65,-1.27,-2.9095,193311.73,830203.829
300660.SZ,20250115,42.72,44.87,42.55,43.65,43.54,0.11,0.2526,230826.86,1013895.889
300660.SZ,20250114,40.5,43.73,40.04,43.54,40.59,2.95,7.2678,264122.29,1119209.631
300660.SZ,20250113,38.5,42.75,38.5,40.59,39.85,0.74,1.857,207320.31,848269.03
300660.SZ,20250110,39.72,42.0,39.72,39.85,40.07,-0.22,-0.549,226703.15,925643.317
300660.SZ,20250109,38.88,40.82,38.88,40.07,39.54,0.53,1.3404,185401.93,738656.422
300681.SZ,20260702,29.4,30.71,29.01,29.19,29.8,-0.61,-2.047,109085.5,325184.57064
300681.SZ,20260701,28.51,29.92,28.32,29.8,28.62,1.18,4.123,119792.54,350635.86449
300681.SZ,20260630,27.4,28.8,27.4,28.62,27.66,0.96,3.4707,86447.4,245117.76283
300681.SZ,20260629,28.99,29.44,27.4,27.66,28.36,-0.7,-2.4683,123475.11,347827.62873
300681.SZ,20260626,29.7,29.8,27.98,28.36,29.88,-1.52,-5.087,120095.03,344317.02402
300681.SZ,20260625,30.6,30.77,29.5,29.88,30.66,-0.78,-2.544,83346.55,249968.15385
300681.SZ,20260624,30.55,31.15,30.12,30.66,30.78,-0.12,-0.3899,85139.2,260339.04299
300681.SZ,20260623,30.68,31.3,29.9,30.78,30.68,0.1,0.3259,92180.52,282718.03618
300681.SZ,20260622,31.78,32.0,29.59,30.68,31.8,-1.12,-3.522,143535.55,436613.55837
300681.SZ,20260618,32.03,33.27,31.71,31.8,32.26,-0.46,-1.4259,103606.92,333048.91661
300681.SZ,20260617,32.0,32.42,31.45,32.26,31.7,0.56,1.7666,103777.12,332007.58788
300681.SZ,20260616,31.44,32.33,31.06,31.7,31.31,0.39,1.2456,101041.67,321541.0468
300681.SZ,20260615,30.34,31.45,30.05,31.31,30.3,1.01,3.3333,98321.73,303583.54494
300681.SZ,20260612,30.17,32.3,29.94,30.3,30.33,-0.03,-0.0989,139762.5,431209.14348
300681.SZ,20260611,31.08,31.58,29.99,30.33,31.48,-1.15,-3.6531,111980.79,341907.04473
300681.SZ,20260610,32.01,32.5,30.89,31.48,32.5,-1.02,-3.1385,115839.48,364667.38331
300681.SZ,20260609,32.11,33.85,32.11,32.56,31.53,1.03,3.2667,140608.55,461704.18618
300681.SZ,20260608,31.0,32.55,30.83,31.53,32.47,-0.94,-2.895,131621.64,417753.3
300681.SZ,20260605,32.54,33.5,32.06,32.47,32.35,0.12,0.3709,152699.92,498600.719
300681.SZ,20260604,34.3,34.9,31.9,32.35,34.18,-1.83,-5.354,246158.73,803229.982
300681.SZ,20260603,32.4,35.35,32.39,34.18,32.64,1.54,4.7181,210084.91,716442.851
300681.SZ,20260602,31.65,33.56,31.5,32.64,31.82,0.82,2.577,140845.57,456315.963
300681.SZ,20260601,33.5,33.57,31.53,31.82,32.76,-0.94,-2.8694,189112.65,614872.645
300681.SZ,20260529,35.37,35.38,32.59,32.76,34.79,-2.03,-5.835,156231.17,523775.633
300681.SZ,20260528,30.8,35.57,30.61,34.79,31.12,3.67,11.7931,266429.28,896585.924
300681.SZ,20260527,32.01,32.36,30.8,31.12,32.2,-1.08,-3.354,141684.77,446053.283
300681.SZ,20260526,33.14,34.0,31.81,32.2,33.44,-1.24,-3.7081,147566.0,479211.298
300681.SZ,20260525,33.7,34.09,33.1,33.44,33.57,-0.13,-0.3873,100936.1,339097.805
300681.SZ,20260522,33.32,33.85,32.83,33.57,33.25,0.32,0.9624,106623.07,355388.555
300681.SZ,20260521,33.54,35.22,33.0,33.25,33.69,-0.44,-1.306,157374.17,538408.135
300681.SZ,20260520,33.71,34.15,33.3,33.69,34.28,-0.59,-1.7211,90069.27,302450.659
300681.SZ,20260519,33.36,34.3,33.15,34.28,33.36,0.92,2.7578,134357.65,452945.045
300681.SZ,20260518,34.91,35.1,32.9,33.36,34.38,-1.02,-2.9668,184728.41,621489.916
300681.SZ,20260515,33.58,35.48,33.58,34.38,33.66,0.72,2.139,155595.74,536300.807
300681.SZ,20260514,33.59,34.36,33.2,33.66,33.58,0.08,0.2382,118648.95,401246.598
300681.SZ,20260513,32.78,33.95,32.62,33.58,32.8,0.78,2.378,121488.35,407211.971
300681.SZ,20260512,33.09,33.29,32.19,32.8,33.3,-0.5,-1.5015,107805.28,352463.501
300681.SZ,20260511,32.9,34.42,32.1,33.3,32.58,0.72,2.2099,191365.03,639153.423
300681.SZ,20260508,31.35,32.86,31.22,32.58,31.64,0.94,2.9709,143461.88,465098.958
300681.SZ,20260507,31.78,32.5,31.6,31.64,31.68,-0.04,-0.1263,131704.15,419955.429
300681.SZ,20260506,30.81,32.0,30.5,31.68,30.66,1.02,3.3268,153161.96,479190.544
300681.SZ,20260430,31.49,31.49,30.4,30.66,31.38,-0.72,-2.2945,119789.63,368789.147
300681.SZ,20260429,30.5,31.65,30.37,31.38,30.75,0.63,2.0488,140201.95,438834.777
300681.SZ,20260428,30.7,31.44,30.29,30.75,30.81,-0.06,-0.1947,131548.68,405790.611
300681.SZ,20260427,29.77,30.9,29.6,30.81,29.77,1.04,3.4934,151075.33,460626.554
300681.SZ,20260424,30.01,30.38,29.48,29.77,30.38,-0.61,-2.0079,184903.38,551739.37
300681.SZ,20260423,30.54,31.0,30.06,30.38,30.56,-0.18,-0.589,161336.88,491904.963
300681.SZ,20260422,29.72,30.85,29.68,30.56,29.9,0.66,2.2074,169764.32,515861.093
300681.SZ,20260421,29.65,30.58,29.44,29.9,29.42,0.48,1.6315,189959.94,571042.497
300681.SZ,20260420,29.48,29.99,29.16,29.42,29.58,-0.16,-0.5409,204733.11,603270.284
300681.SZ,20260417,27.85,30.16,27.8,29.58,27.52,2.06,7.4855,354811.81,1034405.494
300681.SZ,20260416,26.97,27.9,26.78,27.52,26.95,0.57,2.115,264096.54,723475.69
300681.SZ,20260415,27.8,28.01,26.3,26.95,25.42,1.53,6.0189,393082.7,1068597.767
300681.SZ,20260414,24.76,25.42,24.64,25.42,24.76,0.66,2.6656,138846.31,349294.197
300681.SZ,20260413,24.4,24.86,24.33,24.76,24.59,0.17,0.6913,85627.94,210908.328
300681.SZ,20260410,24.62,25.08,24.53,24.59,24.8,-0.21,-0.8468,118103.06,291751.07
300681.SZ,20260409,23.4,26.07,23.3,24.8,23.61,1.19,5.0402,263481.09,665733.192
300681.SZ,20260408,23.26,23.77,23.08,23.61,22.85,0.76,3.326,136043.94,319133.919
300681.SZ,20260407,23.0,23.34,22.59,22.85,23.27,-0.42,-1.8049,110644.22,253305.418
300681.SZ,20260403,21.44,23.54,21.44,23.27,21.38,1.89,8.84,186767.47,426645.791
300681.SZ,20260402,21.57,21.66,21.22,21.38,21.69,-0.31,-1.4292,52666.86,112561.745
300681.SZ,20260401,21.47,21.71,21.25,21.69,21.05,0.64,3.0404,53062.79,114098.433
300681.SZ,20260331,21.21,21.35,20.95,21.05,21.21,-0.16,-0.7544,45942.56,97283.52
300681.SZ,20260330,20.97,21.32,20.91,21.21,21.34,-0.13,-0.6092,36993.84,78142.836
300681.SZ,20260327,20.8,21.46,20.73,21.34,21.15,0.19,0.8983,42513.48,89786.623
300681.SZ,20260326,21.5,21.68,21.04,21.15,21.5,-0.35,-1.6279,46258.77,98780.578
300681.SZ,20260325,21.2,21.5,21.12,21.5,21.03,0.47,2.2349,54624.33,116635.303
300681.SZ,20260324,20.83,21.1,20.42,21.03,20.43,0.6,2.9369,63020.57,130542.035
300681.SZ,20260323,21.3,21.49,20.25,20.43,21.64,-1.21,-5.5915,91271.83,190941.862
300681.SZ,20260320,22.18,22.2,21.5,21.64,22.0,-0.36,-1.6364,48385.61,106029.127
300681.SZ,20260319,22.24,22.34,21.9,22.0,22.5,-0.5,-2.2222,49310.85,108980.325
300681.SZ,20260318,22.48,22.69,22.13,22.5,22.5,0.0,0.0,50811.54,113353.774
300681.SZ,20260317,23.0,23.12,22.45,22.5,22.87,-0.37,-1.6178,42738.78,97527.423
300681.SZ,20260316,22.88,22.88,22.41,22.87,22.81,0.06,0.263,43671.57,98917.531
300681.SZ,20260313,22.83,23.08,22.69,22.81,22.95,-0.14,-0.61,46582.77,106686.95
300681.SZ,20260312,23.32,23.48,22.85,22.95,23.38,-0.43,-1.8392,51692.92,119223.158
300681.SZ,20260311,23.69,23.85,23.36,23.38,23.63,-0.25,-1.058,56824.14,134075.962
300681.SZ,20260310,23.5,23.78,23.41,23.63,23.21,0.42,1.8096,48868.5,115371.702
300681.SZ,20260309,23.14,23.25,22.45,23.21,23.59,-0.38,-1.6109,84805.94,193908.893
300681.SZ,20260306,23.1,23.67,23.06,23.59,23.22,0.37,1.5935,48824.73,114824.207
300681.SZ,20260305,23.2,23.51,23.03,23.22,22.83,0.39,1.7083,64581.09,150303.02
300681.SZ,20260304,22.9,23.4,22.65,22.83,23.18,-0.35,-1.5099,71024.83,163425.886
300681.SZ,20260303,24.41,24.73,23.14,23.18,24.38,-1.2,-4.9221,102443.96,243777.186
300681.SZ,20260302,25.0,25.18,24.3,24.38,25.58,-1.2,-4.6912,122969.17,302887.444
300681.SZ,20260227,25.62,25.8,25.28,25.58,25.77,-0.19,-0.7373,59273.05,151414.845
300681.SZ,20260226,25.68,25.85,25.44,25.77,25.74,0.03,0.1166,67884.04,174224.021
300681.SZ,20260225,26.06,26.22,25.67,25.74,26.07,-0.33,-1.2658,74838.32,194079.756
300681.SZ,20260224,26.1,26.31,25.9,26.07,25.91,0.16,0.6175,59877.49,156288.487
300681.SZ,20260213,25.89,26.34,25.78,25.91,25.89,0.02,0.0772,56122.41,146382.071
300681.SZ,20260212,25.98,26.1,25.7,25.89,26.01,-0.12,-0.4614,60461.91,156696.489
300681.SZ,20260211,26.5,26.78,25.95,26.01,26.36,-0.35,-1.3278,65893.47,172918.451
300681.SZ,20260210,26.49,26.85,26.2,26.36,26.3,0.06,0.2281,77926.92,206074.884
300681.SZ,20260209,25.48,26.77,25.4,26.3,25.24,1.06,4.1997,123650.0,324424.079
300681.SZ,20260206,25.21,25.47,24.85,25.24,25.42,-0.18,-0.7081,65187.74,164223.877
300681.SZ,20260205,25.18,26.09,25.06,25.42,25.25,0.17,0.6733,96087.16,245923.783
300681.SZ,20260204,24.77,25.33,24.71,25.25,24.88,0.37,1.4871,79224.46,198572.49
300681.SZ,20260203,24.98,24.99,24.55,24.88,24.65,0.23,0.9331,71522.77,177197.636
300681.SZ,20260202,25.02,25.39,24.6,24.65,25.04,-0.39,-1.5575,86002.31,214585.263
300681.SZ,20260130,25.38,25.5,24.42,25.04,25.41,-0.37,-1.4561,86671.2,216146.806
300681.SZ,20260129,25.95,26.34,25.25,25.41,25.86,-0.45,-1.7401,103917.86,268386.611
300681.SZ,20260128,26.37,26.52,25.75,25.86,26.36,-0.5,-1.8968,76886.1,199760.849
300681.SZ,20260127,26.52,26.62,25.43,26.36,26.6,-0.24,-0.9023,114996.84,298847.721
300681.SZ,20260126,27.9,28.0,26.36,26.6,27.89,-1.29,-4.6253,193710.29,520187.149
300681.SZ,20260123,27.39,27.9,27.39,27.89,27.45,0.44,1.6029,86993.13,240525.374
300681.SZ,20260122,27.71,27.91,27.28,27.45,27.72,-0.27,-0.974,83851.62,230712.689
300681.SZ,20260121,26.9,27.96,26.77,27.72,27.19,0.53,1.9492,112739.35,310723.982
300681.SZ,20260120,27.04,27.35,26.85,27.19,27.06,0.13,0.4804,114970.8,311513.435
300681.SZ,20260119,27.49,27.63,26.9,27.06,27.3,-0.24,-0.8791,97141.22,264266.546
300681.SZ,20260116,26.82,27.46,26.72,27.3,26.84,0.46,1.7139,113783.27,308813.093
300681.SZ,20260115,26.63,27.5,26.55,26.84,26.74,0.1,0.374,96483.76,259260.173
300681.SZ,20260114,26.23,27.58,26.23,26.74,26.4,0.34,1.2879,152909.24,411395.951
300681.SZ,20260113,27.29,27.8,26.28,26.4,27.29,-0.89,-3.2613,112984.05,302041.769
300681.SZ,20260112,26.75,27.45,26.7,27.29,26.55,0.74,2.7872,122007.87,330628.832
300681.SZ,20260109,26.5,26.78,26.2,26.55,26.52,0.03,0.1131,103817.25,275016.618
300681.SZ,20260108,25.5,26.8,25.38,26.52,26.24,0.28,1.0671,148388.09,389083.382
300681.SZ,20260107,26.35,26.52,26.1,26.24,26.5,-0.26,-0.9811,101029.98,265420.198
300681.SZ,20260106,26.05,26.92,25.88,26.5,26.12,0.38,1.4548,134691.2,356918.077
300681.SZ,20260105,25.26,26.49,25.13,26.12,25.06,1.06,4.2298,151711.22,394259.543
300681.SZ,20251231,24.87,25.28,24.57,25.06,24.84,0.22,0.8857,98451.98,245594.422
300681.SZ,20251230,24.63,25.19,24.57,24.84,24.72,0.12,0.4854,73039.82,181804.979
300681.SZ,20251229,24.61,24.89,24.56,24.72,24.61,0.11,0.447,63291.07,156471.209
300681.SZ,20251226,24.72,25.2,24.52,24.61,24.78,-0.17,-0.686,70661.23,175294.234
300681.SZ,20251225,24.33,24.98,24.24,24.78,24.34,0.44,1.8077,63392.52,156254.713
300681.SZ,20251224,23.99,24.46,23.97,24.34,24.04,0.3,1.2479,60064.32,145925.963
300681.SZ,20251223,24.3,24.39,23.93,24.04,24.38,-0.34,-1.3946,61557.42,148675.612
300681.SZ,20251222,24.04,24.55,24.04,24.38,24.04,0.34,1.4143,75191.18,183416.851
300681.SZ,20251219,23.78,24.32,23.78,24.04,23.75,0.29,1.2211,74711.79,179772.201
300681.SZ,20251218,23.83,24.28,23.72,23.75,24.02,-0.27,-1.1241,65170.38,156407.369
300681.SZ,20251217,23.66,24.2,23.3,24.02,23.71,0.31,1.3075,98641.03,234284.293
300681.SZ,20251216,24.13,24.23,23.45,23.71,24.68,-0.97,-3.9303,137017.58,325176.952
300681.SZ,20251215,24.99,25.32,24.64,24.68,25.43,-0.75,-2.9493,83363.61,208271.654
300681.SZ,20251212,25.25,25.75,25.16,25.43,25.42,0.01,0.0393,69070.59,175870.761
300681.SZ,20251211,26.54,26.54,25.42,25.42,26.56,-1.14,-4.2922,104323.13,269726.017
300681.SZ,20251210,26.88,26.88,26.38,26.56,27.17,-0.61,-2.2451,81482.34,216605.536
300681.SZ,20251209,27.55,27.93,27.12,27.17,27.79,-0.62,-2.231,52443.9,144318.502
300681.SZ,20251208,27.8,28.08,27.61,27.79,27.77,0.02,0.072,61638.86,171726.616
300681.SZ,20251205,27.38,27.8,26.96,27.77,27.41,0.36,1.3134,54200.62,148583.914
300681.SZ,20251204,27.54,27.88,27.12,27.41,27.58,-0.17,-0.6164,38679.2,106245.271
300681.SZ,20251203,28.16,28.27,27.44,27.58,28.16,-0.58,-2.0597,44401.79,122932.071
300681.SZ,20251202,28.4,28.4,27.86,28.16,28.4,-0.24,-0.8451,33088.0,93000.058
300681.SZ,20251201,28.39,28.7,28.13,28.4,28.3,0.1,0.3534,43660.21,124084.18
300681.SZ,20251128,27.87,28.32,27.61,28.3,27.91,0.39,1.3973,38121.33,106870.855
300681.SZ,20251127,27.69,28.42,27.6,27.91,27.61,0.3,1.0866,47669.15,134057.705
300681.SZ,20251126,27.8,28.0,27.59,27.61,27.8,-0.19,-0.6835,33320.57,92530.937
300681.SZ,20251125,27.9,28.24,27.77,27.8,27.9,-0.1,-0.3584,43990.06,122949.006
300681.SZ,20251124,27.16,28.1,26.88,27.9,27.16,0.74,2.7246,63170.99,173658.54
300681.SZ,20251121,27.46,27.95,27.0,27.16,27.47,-0.31,-1.1285,58167.93,159528.011
300681.SZ,20251120,28.11,28.33,27.33,27.47,27.97,-0.5,-1.7876,41713.45,115268.23
300681.SZ,20251119,28.5,28.65,27.78,27.97,28.55,-0.58,-2.0315,52179.8,146636.304
300681.SZ,20251118,29.23,29.23,28.37,28.55,29.14,-0.59,-2.0247,67855.04,194326.315
300681.SZ,20251117,29.52,29.55,28.93,29.14,29.38,-0.24,-0.8169,56212.09,163872.791
300681.SZ,20251114,29.7,30.05,29.33,29.38,29.91,-0.53,-1.772,72973.49,216612.606
300681.SZ,20251113,30.1,30.26,29.81,29.91,30.33,-0.42,-1.3848,90273.2,270782.583
300681.SZ,20251112,31.08,31.43,30.02,30.33,31.38,-1.05,-3.3461,112719.73,344675.339
300681.SZ,20251111,30.05,32.63,29.97,31.38,29.82,1.56,5.2314,196226.6,619030.731
300681.SZ,20251110,29.6,30.07,29.42,29.82,29.61,0.21,0.7092,50656.84,150897.884
300681.SZ,20251107,30.4,30.4,29.46,29.61,30.45,-0.84,-2.7586,80643.0,239292.521
300681.SZ,20251106,29.79,30.87,29.69,30.45,29.8,0.65,2.1812,81508.62,246862.537
300681.SZ,20251105,29.59,29.99,29.4,29.8,29.95,-0.15,-0.5008,57027.41,169641.654
300681.SZ,20251104,31.0,31.2,29.71,29.95,31.21,-1.26,-4.0372,114665.84,345232.713
300681.SZ,20251103,31.89,32.5,30.72,31.21,31.88,-0.67,-2.1016,108924.71,340212.796
300681.SZ,20251031,30.95,32.48,30.95,31.88,31.08,0.8,2.574,139851.5,448130.635
300681.SZ,20251030,31.97,32.4,31.08,31.08,31.93,-0.85,-2.6621,90722.82,286838.645
300681.SZ,20251029,31.13,32.1,31.13,31.93,31.29,0.64,2.0454,117593.46,373379.563
300681.SZ,20251028,31.48,31.78,31.08,31.29,31.48,-0.19,-0.6036,85670.95,268606.979
300681.SZ,20251027,31.99,32.08,30.93,31.48,31.69,-0.21,-0.6627,135660.0,426882.66
300681.SZ,20251024,32.0,32.2,31.61,31.69,31.86,-0.17,-0.5336,95619.88,303894.044
300681.SZ,20251023,31.43,31.89,30.9,31.86,31.43,0.43,1.3681,112918.0,354596.317
300681.SZ,20251022,32.0,32.26,30.3,31.43,31.61,-0.18,-0.5694,205627.29,647112.103
300681.SZ,20251021,30.71,31.75,30.62,31.61,30.47,1.14,3.7414,131056.86,410508.698
300681.SZ,20251020,29.3,31.18,29.3,30.47,28.82,1.65,5.7252,151906.73,462711.066
300681.SZ,20251017,30.57,30.74,28.8,28.82,30.56,-1.74,-5.6937,108661.27,320854.416
300681.SZ,20251016,31.1,31.93,30.37,30.56,31.22,-0.66,-2.114,146020.79,450937.24
300681.SZ,20251015,31.5,31.68,30.5,31.22,30.86,0.36,1.1666,100920.35,314390.16
300681.SZ,20251014,32.17,32.5,30.74,30.86,31.39,-0.53,-1.6884,158067.52,499804.693
300681.SZ,20251013,30.04,31.71,29.1,31.39,31.95,-0.56,-1.7527,153784.52,469010.769
300681.SZ,20251010,30.69,32.8,30.53,31.95,30.64,1.31,4.2755,197086.17,627408.894
300681.SZ,20251009,30.9,31.19,30.56,30.64,30.67,-0.03,-0.0978,73953.46,228270.358
300681.SZ,20250930,30.45,31.46,30.35,30.67,30.39,0.28,0.9214,92845.82,287711.546
300681.SZ,20250929,30.27,31.0,29.82,30.39,30.27,0.12,0.3964,98508.26,298139.185
300681.SZ,20250926,30.72,31.31,30.27,30.27,31.04,-0.77,-2.4807,83968.45,258428.109
300681.SZ,20250925,31.48,31.65,30.81,31.04,31.48,-0.44,-1.3977,114457.09,357949.172
300681.SZ,20250924,29.2,31.75,29.05,31.48,29.5,1.98,6.7119,162540.81,497634.686
300681.SZ,20250923,29.96,30.08,28.72,29.5,29.98,-0.48,-1.6011,72471.89,211951.702
300681.SZ,20250922,29.26,30.08,29.02,29.98,29.29,0.69,2.3558,62925.96,187623.323
300681.SZ,20250919,30.21,30.34,29.1,29.29,30.21,-0.92,-3.0453,86110.89,254861.97
300681.SZ,20250918,30.92,31.65,29.77,30.21,31.08,-0.87,-2.7992,119585.57,368244.567
300681.SZ,20250917,30.61,31.5,30.5,31.08,30.72,0.36,1.1719,90848.26,281987.138
300681.SZ,20250916,30.01,30.88,29.9,30.72,30.01,0.71,2.3659,87640.6,266944.601
300681.SZ,20250915,30.36,30.69,29.95,30.01,30.1,-0.09,-0.299,71678.88,216473.868
300681.SZ,20250912,30.35,31.1,30.05,30.1,30.36,-0.26,-0.8564,78548.09,239468.111
300681.SZ,20250911,29.24,30.54,28.88,30.36,29.32,1.04,3.5471,95778.83,286257.964
300681.SZ,20250910,29.84,30.48,29.2,29.32,29.84,-0.52,-1.7426,86486.66,256747.718
300681.SZ,20250909,30.21,30.4,29.75,29.84,30.43,-0.59,-1.9389,50362.97,150955.072
300681.SZ,20250908,29.8,30.63,29.8,30.43,29.8,0.63,2.1141,73184.93,221557.773
300681.SZ,20250905,29.31,29.95,29.08,29.8,29.31,0.49,1.6718,69672.51,207055.359
300681.SZ,20250904,30.0,30.74,28.62,29.31,29.92,-0.61,-2.0388,100235.29,298477.252
300681.SZ,20250903,30.94,31.02,29.85,29.92,30.93,-1.01,-3.2654,75185.64,228471.428
300681.SZ,20250902,31.03,31.43,29.66,30.93,31.0,-0.07,-0.2258,148470.41,452938.92
300681.SZ,20250901,31.8,32.19,30.82,31.0,31.8,-0.8,-2.5157,108148.03,337849.088
300681.SZ,20250829,31.96,32.34,31.13,31.8,31.6,0.2,0.6329,145608.85,462128.539
300681.SZ,20250828,31.33,31.93,30.42,31.6,31.18,0.42,1.347,115527.51,360870.704
300681.SZ,20250827,32.4,32.82,31.11,31.18,32.82,-1.64,-4.997,135737.13,436486.773
300681.SZ,20250826,32.3,33.68,31.88,32.82,32.49,0.33,1.0157,144873.49,473220.406
300681.SZ,20250825,32.0,33.19,31.95,32.49,32.0,0.49,1.5313,120806.01,393145.499
300681.SZ,20250822,31.75,32.24,31.65,32.0,31.85,0.15,0.471,89190.29,284692.952
300681.SZ,20250821,32.84,33.12,31.57,31.85,32.84,-0.99,-3.0146,118078.6,380271.499
300681.SZ,20250820,32.46,33.1,32.1,32.84,32.63,0.21,0.6436,110367.76,359974.802
300681.SZ,20250819,32.28,32.86,31.1,32.63,32.27,0.36,1.1156,163383.47,524703.544
300681.SZ,20250818,32.62,32.89,31.64,32.27,32.02,0.25,0.7808,141008.51,455655.512
300681.SZ,20250815,30.25,32.13,30.25,32.02,30.4,1.62,5.3289,147017.9,461816.527
300681.SZ,20250814,31.1,31.2,30.05,30.4,31.08,-0.68,-2.1879,87410.48,267095.15
300681.SZ,20250813,30.11,31.15,30.1,31.08,30.17,0.91,3.0162,102458.03,314888.228
300681.SZ,20250812,30.8,30.86,29.68,30.17,30.77,-0.6,-1.95,116166.58,349688.463
300681.SZ,20250811,30.72,31.29,30.6,30.77,30.58,0.19,0.6213,72615.48,224776.953
300681.SZ,20250808,30.62,31.1,30.36,30.58,30.8,-0.22,-0.7143,77619.71,238521.112
300681.SZ,20250807,32.08,32.31,30.8,30.8,31.1,-0.3,-0.9646,124227.47,389810.482
300681.SZ,20250806,31.24,31.24,30.63,31.1,31.27,-0.17,-0.5437,106585.05,329915.004
300681.SZ,20250805,30.25,31.42,30.08,31.27,30.2,1.07,3.543,171607.66,530731.653
300681.SZ,20250804,28.9,30.33,28.8,30.2,28.92,1.28,4.426,156528.96,466831.929
300681.SZ,20250801,28.9,29.48,28.8,28.92,28.93,-0.01,-0.0346,100167.79,291379.326
300681.SZ,20250731,28.3,29.68,28.21,28.93,28.37,0.56,1.9739,171771.15,501898.161
300681.SZ,20250730,28.76,29.04,28.1,28.37,28.96,-0.59,-2.0373,78305.57,223215.206
300681.SZ,20250729,28.15,29.41,28.01,28.96,28.28,0.68,2.4045,124630.88,359487.35
300681.SZ,20250728,28.66,28.75,28.17,28.28,28.62,-0.34,-1.188,57701.6,163872.56
300681.SZ,20250725,28.48,28.7,28.01,28.62,28.5,0.12,0.4211,67270.07,190276.238
300681.SZ,20250724,28.29,28.85,28.2,28.5,28.12,0.38,1.3514,72926.86,208539.422
300681.SZ,20250723,28.6,28.94,28.06,28.12,28.5,-0.38,-1.3333,67458.85,191549.677
300681.SZ,20250722,28.75,29.08,28.4,28.5,28.94,-0.44,-1.5204,72367.69,207904.611
300681.SZ,20250721,28.26,29.3,28.19,28.94,28.52,0.42,1.4727,97974.36,280973.102
300681.SZ,20250718,28.7,29.0,28.34,28.52,29.12,-0.6,-2.0604,103526.48,295659.925
300681.SZ,20250717,28.81,29.31,28.38,29.12,28.26,0.86,3.0432,169467.65,491302.434
300681.SZ,20250716,27.08,28.59,26.99,28.26,27.13,1.13,4.1651,137309.77,383950.316
300681.SZ,20250715,27.28,27.47,26.8,27.13,27.41,-0.28,-1.0215,64123.37,173654.853
300681.SZ,20250714,27.24,27.57,26.76,27.41,27.2,0.21,0.7721,70746.86,192343.135
300681.SZ,20250711,26.9,27.71,26.52,27.2,26.33,0.87,3.3042,109965.19,298649.896
300681.SZ,20250710,26.6,27.19,26.27,26.33,26.4,-0.07,-0.2652,64221.4,170764.767
300681.SZ,20250709,26.75,27.06,26.31,26.4,26.63,-0.23,-0.8637,45406.75,121071.753
300681.SZ,20250708,26.33,26.72,26.24,26.63,26.37,0.26,0.986,32263.0,85751.487
300681.SZ,20250707,26.35,26.4,25.9,26.37,26.32,0.05,0.19,31996.83,83769.788
300681.SZ,20250704,26.8,26.81,26.23,26.32,26.72,-0.4,-1.497,42337.2,111921.275
300681.SZ,20250703,26.87,27.1,26.43,26.72,26.6,0.12,0.4511,44190.76,118253.86
300681.SZ,20250702,27.33,27.33,26.46,26.6,27.39,-0.79,-2.8843,62210.73,166720.529
300681.SZ,20250701,27.87,28.14,27.25,27.39,27.66,-0.27,-0.9761,55083.9,151663.493
300681.SZ,20250630,27.41,27.86,27.41,27.66,27.41,0.25,0.9121,37960.02,104943.871
300681.SZ,20250627,27.71,27.88,27.3,27.41,27.52,-0.11,-0.3997,40766.5,112278.389
300681.SZ,20250626,28.26,28.3,27.52,27.52,28.25,-0.73,-2.5841,60671.87,169353.628
300681.SZ,20250625,27.53,28.35,27.4,28.25,27.46,0.79,2.8769,72287.08,201713.513
300681.SZ,20250624,26.46,27.5,26.15,27.46,26.18,1.28,4.8892,72351.01,196565.086
300681.SZ,20250623,25.7,26.3,25.66,26.18,26.0,0.18,0.6923,28130.28,73463.788
300681.SZ,20250620,26.7,26.8,26.0,26.0,26.57,-0.57,-2.1453,36886.18,96781.437
300681.SZ,20250619,27.18,27.48,26.5,26.57,27.17,-0.6,-2.2083,45293.26,122054.104
300681.SZ,20250618,27.42,27.42,26.9,27.17,27.52,-0.35,-1.2718,37318.3,101214.049
300681.SZ,20250617,27.3,28.0,27.11,27.52,27.24,0.28,1.0279,38856.12,106938.099
300681.SZ,20250616,26.84,27.42,26.81,27.24,27.07,0.17,0.628,35323.96,96200.241
300681.SZ,20250613,27.8,27.85,26.95,27.07,28.09,-1.02,-3.6312,63232.52,172548.422
300681.SZ,20250612,27.75,28.27,27.11,28.12,27.95,0.17,0.6082,85459.03,236532.604
300681.SZ,20250611,28.47,28.66,27.92,27.95,28.21,-0.26,-0.9217,53137.36,149964.689
300681.SZ,20250610,29.79,29.79,27.68,28.21,29.63,-1.42,-4.7924,109233.13,311673.344
300681.SZ,20250609,28.5,29.8,28.5,29.63,28.53,1.1,3.8556,100109.86,294092.861
300681.SZ,20250606,29.05,29.2,28.42,28.53,29.28,-0.75,-2.5615,53488.72,153282.98
300681.SZ,20250605,28.1,29.46,27.76,29.28,28.13,1.15,4.0882,103332.4,297045.719
300681.SZ,20250604,28.07,28.44,28.05,28.13,28.18,-0.05,-0.1774,41426.94,116854.398
300681.SZ,20250603,28.6,28.89,27.81,28.18,28.9,-0.72,-2.4913,69625.0,196932.42
300681.SZ,20250530,28.56,29.44,28.35,28.9,28.7,0.2,0.6969,95024.9,274246.277
300681.SZ,20250529,28.51,28.97,28.3,28.7,28.23,0.47,1.6649,60015.91,172308.811
300681.SZ,20250528,28.23,28.84,27.92,28.23,28.41,-0.18,-0.6336,53060.04,150232.494
300681.SZ,20250527,29.03,29.1,28.35,28.41,29.35,-0.94,-3.2027,66364.24,189828.13
300681.SZ,20250526,29.0,29.87,28.57,29.35,29.22,0.13,0.4449,69146.47,202167.489
300681.SZ,20250523,29.39,30.34,29.13,29.22,29.5,-0.28,-0.9492,61724.14,183040.855
300681.SZ,20250522,29.65,30.35,29.47,29.5,29.83,-0.33,-1.1063,58401.87,174123.678
300681.SZ,20250521,30.0,30.23,29.44,29.83,29.98,-0.15,-0.5003,61547.02,183496.26
300681.SZ,20250520,30.02,30.49,28.81,29.98,31.05,-1.07,-3.4461,157795.75,466530.002
300681.SZ,20250519,31.93,31.93,30.32,31.05,31.94,-0.89,-2.7865,101327.07,313362.932
300681.SZ,20250516,32.05,32.8,31.8,31.94,32.25,-0.31,-0.9612,78151.62,252908.408
300681.SZ,20250515,33.01,33.33,32.01,32.25,33.5,-1.25,-3.7313,90370.85,293392.377
300681.SZ,20250514,34.35,35.19,33.15,33.5,34.63,-1.13,-3.2631,146374.95,497194.609
300681.SZ,20250513,34.0,35.9,33.6,34.63,33.1,1.53,4.6224,178806.09,618478.494
300681.SZ,20250512,32.69,33.48,32.66,33.1,32.5,0.6,1.8462,54173.41,179131.583
300681.SZ,20250509,33.4,33.64,32.4,32.5,33.47,-0.97,-2.8981,60850.3,199574.048
300681.SZ,20250508,33.31,33.97,33.3,33.47,33.69,-0.22,-0.653,69814.08,234456.479
300681.SZ,20250507,34.02,35.52,33.25,33.69,33.59,0.1,0.2977,109650.61,375272.251
300681.SZ,20250506,33.17,33.66,32.64,33.59,32.7,0.89,2.7217,86657.56,287383.981
300681.SZ,20250430,32.4,33.11,32.32,32.7,32.38,0.32,0.9883,62116.98,203059.104
300681.SZ,20250429,31.76,32.89,31.52,32.38,31.89,0.49,1.5365,58755.5,191088.718
300681.SZ,20250428,32.18,32.65,31.29,31.89,32.58,-0.69,-2.1179,49291.0,158567.687
300681.SZ,20250425,32.89,33.18,32.39,32.58,32.81,-0.23,-0.701,77357.0,253045.921
300681.SZ,20250424,33.35,33.49,32.6,32.81,33.16,-0.35,-1.0555,103691.0,342577.182
300681.SZ,20250423,31.12,33.54,30.6,33.16,30.8,2.36,7.6623,162400.5,525074.187
300681.SZ,20250422,31.49,31.49,30.37,30.8,31.8,-1.0,-3.1447,84444.0,260105.394
300681.SZ,20250421,29.55,31.94,29.42,31.8,29.62,2.18,7.3599,99055.0,305059.376
300681.SZ,20250418,29.48,29.98,29.22,29.62,29.2,0.42,1.4384,49858.67,147496.08
300681.SZ,20250417,29.13,29.79,29.13,29.2,29.42,-0.22,-0.7478,50350.32,148502.5
300681.SZ,20250416,29.05,30.1,28.93,29.42,29.35,0.07,0.2385,77090.16,227353.665
300681.SZ,20250415,29.85,29.99,29.0,29.35,29.6,-0.25,-0.8446,58113.0,171202.321
300681.SZ,20250414,29.86,30.49,29.43,29.6,29.11,0.49,1.6833,70606.09,210315.32
300681.SZ,20250411,28.28,29.66,28.05,29.11,28.66,0.45,1.5701,86304.51,251246.277
300681.SZ,20250410,28.51,29.78,28.51,28.66,27.79,0.87,3.1306,129476.31,376558.366
300681.SZ,20250409,25.85,28.27,23.7,27.79,26.49,1.3,4.9075,161286.95,425947.997
300681.SZ,20250408,26.03,27.5,25.3,26.49,26.02,0.47,1.8063,128757.5,339649.121
300681.SZ,20250407,28.4,29.8,26.02,26.02,32.52,-6.5,-19.9877,144689.95,399025.314
300681.SZ,20250403,33.14,33.81,31.88,32.52,33.82,-1.3,-3.8439,121150.0,396515.161
300681.SZ,20250402,34.57,34.88,33.5,33.82,35.59,-1.77,-4.9733,116089.79,396546.689
300681.SZ,20250401,36.57,36.98,35.52,35.59,36.9,-1.31,-3.5501,147072.19,532147.191
300681.SZ,20250331,36.18,38.15,35.42,36.9,34.79,2.11,6.065,224967.59,827317.235
300681.SZ,20250328,34.7,35.45,34.35,34.79,34.99,-0.2,-0.5716,51797.7,180353.321
300681.SZ,20250327,34.5,35.98,34.35,34.99,34.83,0.16,0.4594,88435.0,312149.078
300681.SZ,20250326,32.71,35.46,32.68,34.83,32.88,1.95,5.9307,117381.35,404035.044
300681.SZ,20250325,34.0,34.38,32.8,32.88,33.97,-1.09,-3.2087,68800.75,231047.854
300681.SZ,20250324,33.81,34.1,32.15,33.97,33.79,0.18,0.5327,101927.55,338156.878
300681.SZ,20250321,36.48,36.8,33.68,33.79,37.08,-3.29,-8.8727,154788.91,540806.054
300681.SZ,20250320,37.58,38.58,37.08,37.08,37.87,-0.79,-2.0861,86244.29,325794.519
300681.SZ,20250319,37.44,38.06,36.7,37.87,38.06,-0.19,-0.4992,89496.3,334205.392
300681.SZ,20250318,37.66,39.3,37.44,38.06,37.09,0.97,2.6153,137281.09,528141.625
300681.SZ,20250317,37.08,37.8,36.74,37.09,36.53,0.56,1.533,80507.4,300290.339
300681.SZ,20250314,36.28,36.69,35.9,36.53,36.23,0.3,0.828,81103.04,294271.954
300681.SZ,20250313,36.55,37.4,35.84,36.23,38.49,-2.26,-5.8717,142918.55,521953.651
300681.SZ,20250312,37.0,39.14,36.42,38.49,36.62,1.87,5.1065,183853.85,690182.628
300681.SZ,20250311,37.0,37.48,35.19,36.62,38.04,-1.42,-3.7329,174155.5,628167.942
300681.SZ,20250310,39.2,39.39,37.41,38.04,38.38,-0.34,-0.8859,115014.95,437148.208
300681.SZ,20250307,36.88,38.98,36.01,38.38,37.48,0.9,2.4013,186681.76,710533.466
300681.SZ,20250306,37.59,38.04,36.9,37.48,36.66,0.82,2.2368,167848.3,628536.618
300681.SZ,20250305,36.49,37.43,35.53,36.66,36.69,-0.03,-0.0818,131748.85,480054.193
300681.SZ,20250304,36.0,37.9,36.0,36.69,36.71,-0.02,-0.0545,126817.86,467552.308
300681.SZ,20250303,35.55,37.28,34.6,36.71,35.22,1.49,4.2306,179789.65,650432.515
300681.SZ,20250228,39.05,39.71,35.09,35.22,39.66,-4.44,-11.1952,254337.43,928291.572
300681.SZ,20250227,41.7,42.35,39.0,39.66,41.42,-1.76,-4.2492,178313.6,718620.632
300681.SZ,20250226,41.0,42.25,40.3,41.42,41.41,0.01,0.0241,195901.05,808972.224
300681.SZ,20250225,38.98,41.89,38.98,41.41,39.9,1.51,3.7845,270786.62,1101566.706
300681.SZ,20250224,38.96,44.36,38.2,39.9,36.97,2.93,7.9253,305586.88,1236642.42
300681.SZ,20250221,35.79,37.43,35.41,36.97,36.28,0.69,1.9019,189951.39,693079.141
300681.SZ,20250220,35.5,36.76,34.83,36.28,35.73,0.55,1.5393,157130.64,562783.548
300681.SZ,20250219,34.09,36.1,34.09,35.73,33.98,1.75,5.1501,169988.8,597107.355
300681.SZ,20250218,35.14,35.83,33.8,33.98,35.4,-1.42,-4.0113,154074.35,536029.499
300681.SZ,20250217,34.75,35.5,34.0,35.4,36.0,-0.6,-1.6667,210011.37,734147.851
300681.SZ,20250214,36.13,37.1,34.76,36.0,35.93,0.07,0.1948,304630.37,1090725.038
300681.SZ,20250213,39.99,41.0,35.59,35.93,36.6,-0.67,-1.8306,372992.15,1406404.53
300681.SZ,20250212,33.05,37.39,33.03,36.6,32.92,3.68,11.1786,260938.05,928202.709
300681.SZ,20250211,32.75,34.26,32.0,32.92,32.76,0.16,0.4884,202272.73,669593.067
300681.SZ,20250210,33.15,33.93,31.99,32.76,32.52,0.24,0.738,230171.2,757102.438
300681.SZ,20250207,31.2,33.35,30.78,32.52,31.08,1.44,4.6332,275433.08,886068.034
300681.SZ,20250206,28.7,31.6,28.5,31.08,29.0,2.08,7.1724,233134.02,709028.668
300681.SZ,20250205,26.7,29.59,26.1,29.0,26.54,2.46,9.269,187074.19,518918.788
300681.SZ,20250127,27.37,28.64,26.48,26.54,27.5,-0.96,-3.4909,151212.5,416433.311
300681.SZ,20250124,27.35,27.8,27.01,27.5,27.38,0.12,0.4383,104878.95,287392.682
300681.SZ,20250123,27.89,28.73,27.1,27.38,27.54,-0.16,-0.581,141757.3,395775.951
300681.SZ,20250122,27.41,28.0,27.2,27.54,27.9,-0.36,-1.2903,111606.8,307889.067
300681.SZ,20250121,26.6,28.3,26.29,27.9,26.48,1.42,5.3625,187703.4,517886.553
300681.SZ,20250120,26.76,27.0,26.0,26.48,26.52,-0.04,-0.1508,106965.0,282821.785
300681.SZ,20250117,26.4,26.93,25.88,26.52,26.39,0.13,0.4926,110661.15,292593.445
300681.SZ,20250116,26.52,27.24,25.89,26.39,26.36,0.03,0.1138,117386.7,312837.771
300681.SZ,20250115,26.85,26.99,26.1,26.36,27.02,-0.66,-2.4426,128405.14,339825.817
300681.SZ,20250114,24.5,27.25,24.5,27.02,23.92,3.1,12.9599,225055.64,581877.955
300681.SZ,20250113,24.0,24.78,23.31,23.92,24.7,-0.78,-3.1579,105596.5,254378.816
300681.SZ,20250110,24.06,25.49,23.66,24.7,24.4,0.3,1.2295,168332.18,411608.848
300681.SZ,20250109,24.5,25.92,24.26,24.4,23.55,0.85,3.6093,234289.22,584836.247
688160.SH,20260702,126.0,138.88,125.37,134.0,124.0,10.0,8.0645,77478.33,1027930.971
688160.SH,20260701,108.7,126.4,107.56,124.0,108.77,15.23,14.002,69352.23,832483.483
688160.SH,20260630,101.0,109.5,100.6,108.77,100.13,8.64,8.6288,31061.6,328728.768
688160.SH,20260629,100.71,103.65,96.2,100.13,102.9,-2.77,-2.6919,30039.69,299701.22
688160.SH,20260626,107.56,113.59,102.21,102.9,109.33,-6.43,-5.8813,32216.17,344805.212
688160.SH,20260625,114.99,116.35,109.3,109.33,114.84,-5.51,-4.798,30735.79,344249.39
688160.SH,20260624,107.0,117.77,105.63,114.84,108.66,6.18,5.6875,45688.83,512476.207
688160.SH,20260623,108.08,112.61,105.43,108.66,109.03,-0.37,-0.3394,23910.76,260567.821
688160.SH,20260622,113.0,114.08,105.0,109.03,112.09,-3.06,-2.7299,36248.98,394136.375
688160.SH,20260618,109.48,114.2,107.69,112.09,109.3,2.79,2.5526,35160.42,392631.575
688160.SH,20260617,110.5,112.0,109.11,109.3,112.27,-2.97,-2.6454,23850.22,262449.111
688160.SH,20260616,110.72,113.5,109.02,112.27,111.15,1.12,1.0076,26726.97,298057.445
688160.SH,20260615,108.8,111.68,108.27,111.15,108.02,3.13,2.8976,23384.04,257368.063
688160.SH,20260612,109.0,114.3,106.7,108.02,107.0,1.02,0.9533,25730.31,282942.568
688160.SH,20260611,110.73,111.08,105.11,107.0,111.48,-4.48,-4.0187,26801.03,288045.305
688160.SH,20260610,118.0,118.49,110.0,111.48,118.77,-7.29,-6.1379,32240.75,365665.863
688160.SH,20260609,119.99,120.0,114.4,118.77,123.8,-5.03,-4.063,43479.13,508838.397
688160.SH,20260608,116.0,128.28,115.11,123.8,122.0,1.8,1.4754,59343.61,728289.531
688160.SH,20260605,109.0,126.0,104.51,122.0,109.56,12.44,11.3545,59894.72,689169.968
688160.SH,20260604,104.06,111.85,104.03,109.56,106.45,3.11,2.9216,32318.63,353839.657
688160.SH,20260603,104.65,110.87,104.26,106.45,106.32,0.13,0.1223,34292.43,372012.872
688160.SH,20260602,107.88,111.88,105.33,106.32,105.5,0.82,0.7773,32196.79,346887.793
688160.SH,20260601,111.49,111.9,104.36,105.5,110.93,-5.43,-4.895,27982.81,301855.832
688160.SH,20260529,119.75,122.6,108.62,110.93,119.73,-8.8,-7.3499,38469.45,439319.79
688160.SH,20260528,123.59,123.9,117.3,119.73,123.93,-4.2,-3.389,36662.45,439288.901
688160.SH,20260527,132.0,132.66,123.17,123.93,134.53,-10.6,-7.8793,51722.3,657562.568
688160.SH,20260526,142.0,151.89,132.88,134.53,141.45,-6.92,-4.8922,60198.37,859537.767
688160.SH,20260525,140.58,145.0,136.77,141.45,142.0,-0.55,-0.3873,44037.63,615547.254
688160.SH,20260522,137.67,144.32,134.4,142.0,138.69,3.31,2.3866,55272.35,774672.264
688160.SH,20260521,128.96,147.45,127.0,138.69,128.9,9.79,7.595,77688.3,1062627.859
688160.SH,20260520,131.0,131.5,127.77,128.9,133.7,-4.8,-3.5901,38940.63,502607.509
688160.SH,20260519,132.0,138.0,131.52,133.7,128.74,4.96,3.8527,51845.55,695652.021
688160.SH,20260518,125.51,132.96,125.44,128.74,128.0,0.74,0.5781,52570.79,680682.534
688160.SH,20260515,118.24,133.66,117.2,128.0,117.77,10.23,8.6864,59865.68,752374.238
688160.SH,20260514,123.27,126.0,118.01,118.07,121.9,-3.83,-3.1419,33153.34,405697.766
688160.SH,20260513,121.11,122.77,117.88,121.9,123.6,-1.7,-1.3754,29140.1,351117.501
688160.SH,20260512,122.9,128.75,122.03,123.6,120.85,2.75,2.2755,44408.85,554718.478
688160.SH,20260511,121.5,122.28,117.6,120.85,122.31,-1.46,-1.1937,38192.06,459593.035
688160.SH,20260508,117.2,126.88,116.18,122.31,116.8,5.51,4.7175,55163.21,674356.532
688160.SH,20260507,110.85,117.9,109.01,116.8,110.3,6.5,5.893,39377.96,453204.343
688160.SH,20260506,107.75,111.7,107.75,110.3,107.42,2.88,2.6811,22679.86,250267.728
688160.SH,20260430,101.93,108.98,101.93,107.42,102.6,4.82,4.6979,23386.27,249681.867
688160.SH,20260429,100.9,103.75,100.23,102.6,101.4,1.2,1.1834,16023.01,164480.4
688160.SH,20260428,106.0,106.0,100.88,101.4,107.26,-5.86,-5.4634,23063.05,236265.862
688160.SH,20260427,104.2,108.83,103.89,107.26,104.78,2.48,2.3669,20346.4,217736.858
688160.SH,20260424,104.83,106.32,103.5,104.78,105.0,-0.22,-0.2095,15480.4,162496.332
688160.SH,20260423,109.55,109.55,103.32,105.0,109.55,-4.55,-4.1534,23166.99,244295.869
688160.SH,20260422,107.44,110.68,106.04,109.55,108.04,1.51,1.3976,20877.4,226584.937
688160.SH,20260421,107.53,110.5,105.12,108.04,107.89,0.15,0.139,18744.25,201078.395
688160.SH,20260420,110.99,111.0,107.55,107.89,110.1,-2.21,-2.0073,18982.64,205612.44
688160.SH,20260417,108.0,110.98,106.14,110.1,109.0,1.1,1.0092,21042.64,228852.723
688160.SH,20260416,111.28,112.29,107.36,109.0,107.59,1.41,1.3105,23500.14,256594.549
688160.SH,20260415,110.67,112.8,107.17,107.59,109.29,-1.7,-1.5555,22743.0,249883.282
688160.SH,20260414,108.0,109.49,106.01,109.29,106.2,3.09,2.9096,18194.44,196848.763
688160.SH,20260413,106.51,108.5,104.77,106.2,106.81,-0.61,-0.5711,16111.0,171723.524
688160.SH,20260410,106.0,110.92,105.86,106.81,104.9,1.91,1.8208,20414.51,221408.419
688160.SH,20260409,106.54,106.79,104.1,104.9,108.48,-3.58,-3.3001,17603.18,185305.895
688160.SH,20260408,104.8,108.91,104.8,108.48,101.36,7.12,7.0245,22192.17,237555.024
688160.SH,20260407,102.05,103.19,100.6,101.36,102.55,-1.19,-1.1604,10096.07,102904.905
688160.SH,20260403,102.6,105.76,101.35,102.55,102.3,0.25,0.2444,15356.11,159059.98
688160.SH,20260402,105.85,106.31,101.68,102.3,106.96,-4.66,-4.3568,15126.06,156738.932
688160.SH,20260401,105.88,107.43,105.1,106.96,103.8,3.16,3.0443,15334.97,163198.91
688160.SH,20260331,105.51,107.79,103.39,103.8,105.5,-1.7,-1.6114,13494.57,142535.227
688160.SH,20260330,102.51,106.5,102.35,105.5,104.81,0.69,0.6583,11444.51,119904.522
688160.SH,20260327,100.05,105.79,100.05,104.81,103.25,1.56,1.5109,11864.37,123524.002
688160.SH,20260326,104.0,106.6,102.32,103.25,104.76,-1.51,-1.4414,12847.61,134410.491
688160.SH,20260325,101.68,105.6,101.6,104.76,101.64,3.12,3.0697,14779.48,154165.617
688160.SH,20260324,102.91,104.01,98.28,101.64,101.0,0.64,0.6337,14255.88,144019.958
688160.SH,20260323,104.69,109.03,100.01,101.0,105.81,-4.81,-4.5459,20548.5,214079.17
688160.SH,20260320,108.44,110.5,105.64,105.81,108.89,-3.08,-2.8285,11059.01,119264.437
688160.SH,20260319,110.18,111.5,108.28,108.89,112.99,-4.1,-3.6286,10454.75,114586.172
688160.SH,20260318,111.12,112.99,110.0,112.99,111.13,1.86,1.6737,8852.79,98849.473
688160.SH,20260317,115.49,115.49,111.04,111.13,114.4,-3.27,-2.8584,7309.9,82701.095
688160.SH,20260316,113.34,114.7,112.02,114.4,113.9,0.5,0.439,8730.62,99130.832
688160.SH,20260313,114.46,116.46,113.41,113.9,115.68,-1.78,-1.5387,9117.13,104746.793
688160.SH,20260312,117.08,118.53,115.3,115.68,117.99,-2.31,-1.9578,10622.2,123826.789
688160.SH,20260311,118.2,120.74,117.75,117.99,119.2,-1.21,-1.0151,13994.75,166364.882
688160.SH,20260310,117.0,120.48,115.43,119.2,114.35,4.85,4.2414,19805.83,234078.084
688160.SH,20260309,112.22,115.13,109.31,114.35,115.87,-1.52,-1.3118,14216.52,159559.644
688160.SH,20260306,115.2,116.88,113.8,115.87,115.2,0.67,0.5816,9250.25,106971.019
688160.SH,20260305,117.0,117.68,113.41,115.2,114.7,0.5,0.4359,13996.86,161501.695
688160.SH,20260304,113.0,117.68,112.89,114.7,115.25,-0.55,-0.4772,14461.27,166808.512
688160.SH,20260303,120.9,124.87,115.0,115.25,121.51,-6.26,-5.1518,20450.92,242886.538
688160.SH,20260302,122.0,125.0,120.66,121.51,125.3,-3.79,-3.0247,18234.85,222710.491
688160.SH,20260227,123.79,126.3,122.68,125.3,124.69,0.61,0.4892,12527.99,156597.682
688160.SH,20260226,125.0,125.96,122.45,124.69,124.19,0.5,0.4026,14417.84,179646.457
688160.SH,20260225,122.1,124.88,120.02,124.19,122.16,2.03,1.6618,22618.19,277217.891
688160.SH,20260224,134.9,135.01,121.24,122.16,130.45,-8.29,-6.3549,34073.08,423125.682
688160.SH,20260213,129.6,131.86,128.5,130.45,130.31,0.14,0.1074,18518.15,241825.887
688160.SH,20260212,129.0,132.0,128.0,130.31,128.48,1.83,1.4243,16616.22,216801.216
688160.SH,20260211,129.7,129.9,127.65,128.48,129.93,-1.45,-1.116,16083.85,206763.302
688160.SH,20260210,130.0,132.97,128.0,129.93,130.6,-0.67,-0.513,29352.81,382756.777
688160.SH,20260209,131.93,131.99,128.39,130.6,129.8,0.8,0.6163,23887.67,310526.02
688160.SH,20260206,125.6,133.79,123.63,129.8,125.62,4.18,3.3275,39004.85,506364.482
688160.SH,20260205,128.1,129.1,125.21,125.62,130.0,-4.38,-3.3692,15597.15,197348.315
688160.SH,20260204,130.99,132.5,128.06,130.0,131.85,-1.85,-1.4031,20260.89,263245.251
688160.SH,20260203,127.56,132.45,125.98,131.85,125.52,6.33,5.043,28711.1,374962.66
688160.SH,20260202,130.01,133.44,125.0,125.52,130.45,-4.93,-3.7792,31820.27,411439.391
688160.SH,20260130,132.3,134.55,126.16,130.45,130.0,0.45,0.3462,33139.87,432785.722
688160.SH,20260129,135.17,136.58,130.0,130.0,135.17,-5.17,-3.8248,22195.64,294842.17
688160.SH,20260128,138.54,139.71,133.4,135.17,139.01,-3.84,-2.7624,21588.74,292703.396
688160.SH,20260127,135.0,139.8,131.8,139.01,134.7,4.31,3.1997,31442.64,428042.818
688160.SH,20260126,147.33,150.38,134.68,134.7,147.39,-12.69,-8.6098,44686.23,620108.623
688160.SH,20260123,144.48,151.86,142.0,147.39,143.7,3.69,2.5678,40363.17,592950.609
688160.SH,20260122,142.88,147.5,140.6,143.7,143.04,0.66,0.4614,29874.14,429787.022
688160.SH,20260121,144.0,148.88,139.07,143.04,148.99,-5.95,-3.9936,49813.4,710107.949
688160.SH,20260120,156.2,160.0,147.46,148.99,159.98,-10.99,-6.8696,38105.75,581950.875
688160.SH,20260119,155.0,163.98,150.1,159.98,155.62,4.36,2.8017,42598.03,670078.104
688160.SH,20260116,145.3,161.88,144.0,155.62,145.28,10.34,7.1173,50346.73,770110.272
688160.SH,20260115,146.18,149.49,142.9,145.28,150.0,-4.72,-3.1467,26770.88,388319.278
688160.SH,20260114,156.07,166.44,145.0,150.0,162.5,-12.5,-7.6923,54584.74,845186.721
688160.SH,20260113,144.0,172.0,141.54,162.5,147.45,15.05,10.2068,61060.74,973867.223
688160.SH,20260112,144.94,158.0,137.8,147.45,147.13,0.32,0.2175,55720.37,819691.258
688160.SH,20260109,138.43,149.03,136.0,147.13,139.15,7.98,5.7348,54836.33,790402.907
688160.SH,20260108,138.08,143.3,137.08,139.15,140.0,-0.85,-0.6071,32330.76,451345.86
688160.SH,20260107,137.0,142.8,136.36,140.0,144.1,-4.1,-2.8452,36298.81,508404.539
688160.SH,20260106,149.0,149.48,140.03,144.1,147.0,-2.9,-1.9728,49216.98,706046.802
688160.SH,20260105,146.55,149.97,142.23,147.0,152.5,-5.5,-3.6066,65832.98,955279.219
688160.SH,20251231,149.93,163.88,145.99,152.5,145.99,6.51,4.4592,83939.7,1276997.493
688160.SH,20251230,120.9,145.99,118.01,145.99,121.66,24.33,19.9984,60129.68,805264.931
688160.SH,20251229,101.38,121.66,101.01,121.66,101.38,20.28,20.0039,52065.58,585829.564
688160.SH,20251226,102.96,106.25,99.5,101.38,102.98,-1.6,-1.5537,21368.54,218411.463
688160.SH,20251225,98.0,104.8,96.18,102.98,96.65,6.33,6.5494,27016.22,273291.024
688160.SH,20251224,96.0,97.99,95.4,96.65,96.34,0.31,0.3218,10533.31,101622.184
688160.SH,20251223,100.0,100.01,95.8,96.34,100.0,-3.66,-3.66,15722.3,153385.893
688160.SH,20251222,96.42,101.65,95.81,100.0,94.82,5.18,5.463,27594.52,273252.514
688160.SH,20251219,97.37,97.98,94.68,94.82,95.13,-0.31,-0.3259,13184.7,126973.234
688160.SH,20251218,97.15,98.75,95.05,95.13,97.92,-2.79,-2.8493,11929.76,115694.457
688160.SH,20251217,95.72,98.98,95.72,97.92,96.91,1.01,1.0422,13066.14,127025.279
688160.SH,20251216,101.0,101.5,95.83,96.91,100.68,-3.77,-3.7445,15034.39,146820.279
688160.SH,20251215,101.86,104.33,100.38,100.68,103.55,-2.87,-2.7716,12658.62,128753.433
688160.SH,20251212,104.8,105.97,101.79,103.55,104.61,-1.06,-1.0133,18596.74,193276.377
688160.SH,20251211,107.48,108.5,103.99,104.61,108.5,-3.89,-3.5853,18412.09,193806.721
688160.SH,20251210,105.25,108.5,103.33,108.5,105.08,3.42,3.2547,26654.37,282456.023
688160.SH,20251209,105.11,106.84,104.25,105.08,108.78,-3.7,-3.4014,21710.4,228798.406
688160.SH,20251208,106.0,109.0,103.45,108.78,107.88,0.9,0.8343,37414.43,397201.716
688160.SH,20251205,97.75,114.44,96.11,107.88,96.16,11.72,12.188,59321.93,630063.428
688160.SH,20251204,95.0,99.45,91.4,96.16,91.16,5.0,5.4849,36120.68,343561.056
688160.SH,20251203,94.02,95.11,90.66,91.16,94.19,-3.03,-3.2169,12652.38,116675.575
688160.SH,20251202,95.53,96.88,93.23,94.19,96.25,-2.06,-2.1403,10334.82,97600.125
688160.SH,20251201,98.5,98.58,95.39,96.25,98.81,-2.56,-2.5908,19392.32,187687.007
688160.SH,20251128,87.96,99.53,87.04,98.81,87.95,10.86,12.3479,39046.55,372724.486
688160.SH,20251127,87.13,90.0,87.12,87.95,88.0,-0.05,-0.0568,8762.5,77357.63
688160.SH,20251126,86.42,90.23,85.48,88.0,86.91,1.09,1.2542,15698.38,138231.684
688160.SH,20251125,84.51,89.4,84.51,86.91,84.42,2.49,2.9495,16802.27,146165.036
688160.SH,20251124,83.7,85.77,82.36,84.42,84.0,0.42,0.5,11323.19,95327.61
688160.SH,20251121,81.98,86.64,81.98,84.0,83.74,0.26,0.3105,19269.81,162976.52
688160.SH,20251120,86.22,87.0,83.29,83.74,85.54,-1.8,-2.1043,9403.93,79145.131
688160.SH,20251119,87.18,87.95,85.0,85.54,87.15,-1.61,-1.8474,9028.61,77822.504
688160.SH,20251118,88.08,88.48,86.8,87.15,88.26,-1.11,-1.2576,8432.73,73910.915
688160.SH,20251117,87.7,88.89,86.65,88.26,87.7,0.56,0.6385,11061.12,97262.952
688160.SH,20251114,90.15,90.6,87.68,87.7,91.58,-3.88,-4.2367,10500.05,93297.581
688160.SH,20251113,92.8,93.8,90.7,91.58,93.16,-1.58,-1.696,15337.13,141027.079
688160.SH,20251112,94.49,97.72,92.63,93.16,94.02,-0.86,-0.9147,20244.15,192493.167
688160.SH,20251111,92.22,96.29,91.88,94.02,92.09,1.93,2.0958,19571.72,183700.201
688160.SH,20251110,94.45,95.97,91.5,92.09,95.0,-2.91,-3.0632,11211.33,104364.206
688160.SH,20251107,98.97,98.97,94.53,95.0,99.73,-4.73,-4.7428,15845.11,151952.521
688160.SH,20251106,97.97,102.2,96.54,99.73,97.81,1.92,1.963,22512.72,224341.03
688160.SH,20251105,94.0,99.68,93.66,97.81,95.99,1.82,1.896,23891.87,232798.471
688160.SH,20251104,97.8,98.49,94.2,95.99,97.61,-1.62,-1.6597,20890.89,200319.173
688160.SH,20251103,104.0,104.98,95.89,97.61,102.92,-5.31,-5.1593,36839.32,363950.172
688160.SH,20251031,100.29,104.5,99.0,102.92,101.31,1.61,1.5892,43565.27,445553.839
688160.SH,20251030,91.93,104.55,91.93,101.31,88.79,12.52,14.1007,67324.02,665494.788
688160.SH,20251029,87.41,88.96,86.7,88.79,88.2,0.59,0.6689,11976.5,105058.963
688160.SH,20251028,86.25,88.4,85.1,88.2,85.88,2.32,2.7014,16224.4,141112.001
688160.SH,20251027,86.51,87.88,85.14,85.88,85.4,0.48,0.5621,10661.9,92047.969
688160.SH,20251024,84.0,85.94,83.33,85.4,83.3,2.1,2.521,9778.15,83058.538
688160.SH,20251023,84.02,84.1,81.79,83.3,84.39,-1.09,-1.2916,8302.08,68780.673
688160.SH,20251022,84.28,86.38,83.68,84.39,84.87,-0.48,-0.5656,11297.55,95821.866
688160.SH,20251021,84.0,85.29,83.12,84.87,83.52,1.35,1.6164,8795.98,74230.415
688160.SH,20251020,82.84,85.39,82.36,83.52,81.97,1.55,1.8909,11036.08,92643.04
688160.SH,20251017,85.43,86.0,81.91,81.97,85.33,-3.36,-3.9377,11444.5,95787.307
688160.SH,20251016,86.54,87.41,85.0,85.33,87.55,-2.22,-2.5357,10153.82,87307.977
688160.SH,20251015,85.04,88.33,84.2,87.55,84.56,2.99,3.536,18393.15,159468.95
688160.SH,20251014,89.86,90.48,84.0,84.56,89.5,-4.94,-5.5196,17878.07,155446.201
688160.SH,20251013,89.85,91.5,87.0,89.5,95.31,-5.81,-6.0959,24274.09,216794.999
688160.SH,20251010,99.51,100.64,95.01,95.31,100.7,-5.39,-5.3525,20865.3,203068.936
688160.SH,20251009,103.55,105.11,100.0,100.7,103.55,-2.85,-2.7523,20922.6,212870.77
688160.SH,20250930,102.76,105.38,101.44,103.55,102.8,0.75,0.7296,19598.93,201953.243
688160.SH,20250929,100.72,104.0,100.67,102.8,100.31,2.49,2.4823,19184.47,196789.783
688160.SH,20250926,104.99,105.68,100.11,100.31,104.9,-4.59,-4.3756,20406.64,209234.856
688160.SH,20250925,105.01,107.88,104.8,104.9,109.1,-4.2,-3.8497,28385.01,300741.347
688160.SH,20250924,95.0,110.77,93.85,109.1,95.64,13.46,14.0736,48202.88,498345.182
688160.SH,20250923,97.71,99.33,93.12,95.64,97.54,-1.9,-1.9479,20477.34,195682.443
688160.SH,20250922,95.48,99.96,94.77,97.54,95.33,2.21,2.3183,21481.77,210318.97
688160.SH,20250919,101.0,102.38,94.68,95.33,101.38,-6.05,-5.9676,33255.31,324234.019
688160.SH,20250918,104.04,107.0,99.27,101.38,104.56,-3.18,-3.0413,45719.82,475629.578
688160.SH,20250917,102.99,106.93,101.1,104.56,102.78,1.78,1.7319,48016.27,502334.719
688160.SH,20250916,91.27,105.0,90.83,102.78,91.18,11.6,12.7221,57441.56,566213.051
688160.SH,20250915,89.0,94.22,88.36,91.18,89.6,1.58,1.7634,27851.28,256591.78
688160.SH,20250912,90.69,92.49,89.41,89.6,90.77,-1.17,-1.289,19316.19,175347.599
688160.SH,20250911,88.11,91.0,87.07,90.77,89.0,1.77,1.9888,19513.63,174921.108
688160.SH,20250910,91.57,92.5,88.6,89.0,92.1,-3.1,-3.3659,16843.1,152063.086
688160.SH,20250909,89.3,92.88,87.51,92.1,90.06,2.04,2.2652,31039.83,281948.415
688160.SH,20250908,86.95,91.79,86.2,90.06,86.11,3.95,4.5872,25072.82,225822.803
688160.SH,20250905,83.65,86.3,83.3,86.11,83.76,2.35,2.8056,13508.46,115211.698
688160.SH,20250904,89.21,90.0,82.1,83.76,89.2,-5.44,-6.0987,23345.27,200768.847
688160.SH,20250903,93.61,94.49,88.68,89.2,93.75,-4.55,-4.8533,21227.26,193028.882
688160.SH,20250902,92.72,96.18,86.11,93.75,90.3,3.45,3.8206,40628.94,370874.484
688160.SH,20250901,88.9,92.29,88.0,90.3,89.21,1.09,1.2218,20247.36,181850.098
688160.SH,20250829,89.81,91.61,87.8,89.21,89.81,-0.6,-0.6681,20171.62,180780.042
688160.SH,20250828,91.05,91.13,86.01,89.81,91.02,-1.21,-1.3294,28431.75,250980.448
688160.SH,20250827,94.0,96.35,90.99,91.02,93.88,-2.86,-3.0464,25984.66,244515.026
688160.SH,20250826,97.38,97.4,93.2,93.88,97.67,-3.79,-3.8804,23100.95,217541.627
688160.SH,20250825,95.88,99.98,95.87,97.67,94.86,2.81,2.9623,26783.08,261965.376
688160.SH,20250822,93.0,95.88,91.84,94.86,92.9,1.96,2.1098,24849.73,234543.261
688160.SH,20250821,94.52,96.89,92.33,92.9,95.47,-2.57,-2.6919,19651.81,185212.599
688160.SH,20250820,97.49,97.49,92.8,95.47,97.59,-2.12,-2.1724,21351.59,202119.729
688160.SH,20250819,95.6,99.83,93.12,97.59,95.24,2.35,2.4675,27778.62,269378.13
688160.SH,20250818,93.7,96.67,93.7,95.24,93.55,1.69,1.8065,19168.47,183267.711
688160.SH,20250815,92.8,94.11,91.52,93.55,93.0,0.55,0.5914,19375.53,179639.991
688160.SH,20250814,95.84,96.4,91.67,93.0,95.11,-2.11,-2.2185,12582.17,118087.762
688160.SH,20250813,93.94,95.8,93.24,95.11,93.91,1.2,1.2778,10845.28,102720.537
688160.SH,20250812,93.4,94.71,92.12,93.91,93.76,0.15,0.16,9626.44,89820.21
688160.SH,20250811,94.0,95.28,93.05,93.76,94.3,-0.54,-0.5726,16114.14,151275.17
688160.SH,20250808,97.44,97.44,94.0,94.3,97.97,-3.67,-3.746,11850.81,112687.681
688160.SH,20250807,100.5,100.5,97.12,97.97,100.5,-2.53,-2.5174,13664.74,134206.534
688160.SH,20250806,97.51,101.95,95.61,100.5,96.47,4.03,4.1775,23501.1,232921.715
688160.SH,20250805,98.0,98.85,95.58,96.47,98.85,-2.38,-2.4077,14932.82,144614.012
688160.SH,20250804,92.72,99.31,92.48,98.85,93.6,5.25,5.609,14993.7,144533.849
688160.SH,20250801,94.78,96.06,92.66,93.6,95.2,-1.6,-1.6807,11623.1,108949.056
688160.SH,20250731,93.76,98.6,93.76,95.2,94.2,1.0,1.0616,12458.7,119943.832
688160.SH,20250730,97.21,97.21,93.55,94.2,96.8,-2.6,-2.686,12096.78,114813.898
688160.SH,20250729,97.0,98.61,96.1,96.8,97.2,-0.4,-0.4115,11715.07,113881.127
688160.SH,20250728,100.0,101.13,96.55,97.2,99.41,-2.21,-2.2231,12842.27,125365.222
688160.SH,20250725,96.8,99.99,95.83,99.41,96.8,2.61,2.6963,14116.54,138904.078
688160.SH,20250724,95.55,98.31,95.32,96.8,95.88,0.92,0.9595,7478.07,72497.496
688160.SH,20250723,96.88,97.77,95.1,95.88,98.3,-2.42,-2.4619,11362.49,109510.479
688160.SH,20250722,98.85,102.51,96.56,98.3,100.18,-1.88,-1.8766,18232.54,179537.942
688160.SH,20250721,98.8,103.8,96.88,100.18,96.55,3.63,3.7597,20355.23,204058.343
688160.SH,20250718,96.11,97.39,94.8,96.55,96.06,0.49,0.5101,14437.96,138708.117
688160.SH,20250717,97.12,98.49,94.97,96.06,96.61,-0.55,-0.5693,19551.09,188029.164
688160.SH,20250716,93.35,99.6,91.0,96.61,91.83,4.78,5.2053,29857.89,287258.974
688160.SH,20250715,93.0,95.02,91.07,91.83,93.51,-1.68,-1.7966,24698.11,229339.261
688160.SH,20250714,85.74,94.48,83.77,93.51,83.85,9.66,11.5206,39797.6,357405.044
688160.SH,20250711,81.41,85.8,81.41,83.85,82.12,1.73,2.1067,14497.96,121347.795
688160.SH,20250710,82.26,82.96,81.0,82.12,83.0,-0.88,-1.0602,10156.23,83019.341
688160.SH,20250709,84.89,89.22,83.0,83.0,81.94,1.06,1.2936,23903.42,205367.675
688160.SH,20250708,80.6,82.97,79.72,81.94,79.91,2.03,2.5404,10554.43,86127.136
688160.SH,20250707,82.41,82.55,79.54,79.91,82.41,-2.5,-3.0336,12199.83,98136.674
688160.SH,20250704,85.81,86.66,82.31,82.41,85.81,-3.4,-3.9622,15924.85,131977.531
688160.SH,20250703,84.16,91.98,83.1,85.81,85.05,0.76,0.8936,25394.28,224147.346
688160.SH,20250702,84.35,85.97,81.54,85.05,84.7,0.35,0.4132,11805.33,97851.786
688160.SH,20250701,85.61,87.16,84.69,84.7,85.7,-1.0,-1.1669,8925.04,76587.621
688160.SH,20250630,85.04,86.86,84.52,85.7,84.77,0.93,1.0971,7234.61,61990.439
688160.SH,20250627,86.0,86.02,84.2,84.77,85.52,-0.75,-0.877,7919.4,67306.289
688160.SH,20250626,86.39,88.77,85.3,85.52,86.71,-1.19,-1.3724,12853.25,111624.886
688160.SH,20250625,84.9,88.0,84.8,86.71,84.83,1.88,2.2162,17946.02,154971.341
688160.SH,20250624,81.03,86.6,79.99,84.83,80.01,4.82,6.0242,19922.32,167928.615
688160.SH,20250623,78.54,80.7,78.01,80.01,79.61,0.4,0.5024,6914.2,55193.116
688160.SH,20250620,83.36,83.37,79.0,79.61,82.85,-3.24,-3.9107,11501.82,92354.141
688160.SH,20250619,81.5,85.1,81.25,82.85,81.78,1.07,1.3084,18423.4,153886.596
688160.SH,20250618,79.92,82.34,79.3,81.78,80.45,1.33,1.6532,10239.91,82781.751
688160.SH,20250617,82.16,83.17,80.11,80.45,82.82,-2.37,-2.8616,11953.74,97037.372
688160.SH,20250616,85.5,86.0,82.18,82.82,86.0,-3.18,-3.6977,19095.72,158860.873
688160.SH,20250613,86.23,87.16,85.38,86.0,86.9,-0.9,-1.0357,7759.82,66881.307
688160.SH,20250612,85.56,87.66,85.11,86.9,85.9,1.0,1.1641,7804.19,67705.318
688160.SH,20250611,85.01,87.49,84.61,85.9,85.17,0.73,0.8571,8794.11,75901.729
688160.SH,20250610,88.44,89.18,82.73,85.17,88.3,-3.13,-3.5447,17149.58,145796.57
688160.SH,20250609,88.99,90.6,87.6,88.3,89.38,-1.08,-1.2083,11173.31,99626.976
688160.SH,20250606,89.86,90.44,87.29,89.38,90.6,-1.22,-1.3466,15815.5,140554.681
688160.SH,20250605,83.05,92.0,82.28,90.6,83.55,7.05,8.4381,26538.94,233224.885
688160.SH,20250604,83.42,85.17,82.78,83.55,83.23,0.32,0.3845,8886.27,74508.025
688160.SH,20250603,81.92,84.5,81.64,83.23,83.23,0.0,0.0,9257.4,77130.058
688160.SH,20250530,87.39,87.44,82.58,83.23,86.48,-3.25,-3.7581,10497.84,88232.648
688160.SH,20250529,85.3,86.96,84.94,86.78,85.3,1.48,1.7351,12142.31,104374.141
688160.SH,20250528,86.0,87.49,84.8,85.3,86.0,-0.7,-0.814,10585.18,91135.008
688160.SH,20250527,88.58,89.0,85.79,86.0,88.31,-2.31,-2.6158,10886.17,94486.655
688160.SH,20250526,90.23,90.23,86.31,88.31,89.34,-1.03,-1.1529,14989.98,131306.931
688160.SH,20250523,89.91,92.9,89.15,89.34,89.82,-0.48,-0.5344,14225.51,129343.47
688160.SH,20250522,92.9,93.8,89.73,89.82,92.25,-2.43,-2.6341,11904.97,108476.649
688160.SH,20250521,92.54,93.9,90.8,92.25,92.8,-0.55,-0.5927,8782.3,80956.088
688160.SH,20250520,93.0,94.41,91.46,92.8,92.8,0.0,0.0,8583.36,79819.201
688160.SH,20250519,93.77,94.5,89.56,92.8,93.68,-0.88,-0.9394,16756.53,153917.138
688160.SH,20250516,95.71,98.95,93.38,93.68,96.67,-2.99,-3.093,16750.14,160657.193
688160.SH,20250515,96.92,98.5,93.95,96.67,96.95,-0.28,-0.2888,13959.97,134566.18
688160.SH,20250514,101.38,103.39,96.0,96.95,99.62,-2.67,-2.6802,14863.24,146616.718
688160.SH,20250513,103.9,104.49,99.5,99.62,102.85,-3.23,-3.1405,11684.09,118611.849
688160.SH,20250512,100.87,103.69,99.95,102.85,99.66,3.19,3.2009,15984.74,162432.778
688160.SH,20250509,102.98,102.98,98.7,99.66,102.99,-3.33,-3.2333,13140.39,131102.883
688160.SH,20250508,103.42,105.5,101.08,102.99,103.9,-0.91,-0.8758,13426.57,138194.721
688160.SH,20250507,108.82,111.0,101.79,103.9,105.82,-1.92,-1.8144,22457.79,238195.146
688160.SH,20250506,105.8,107.88,103.35,105.82,104.35,1.47,1.4087,16357.05,172996.801
688160.SH,20250430,100.49,106.39,99.5,104.35,99.5,4.85,4.8744,18194.73,188697.286
688160.SH,20250429,98.8,101.18,97.5,99.5,99.28,0.22,0.2216,12044.58,119847.194
688160.SH,20250428,102.0,102.0,98.61,99.28,101.47,-2.19,-2.1583,11790.42,117759.14
688160.SH,20250425,105.61,106.2,101.32,101.47,104.35,-2.88,-2.7599,14568.88,149762.453
688160.SH,20250424,109.58,109.88,103.51,104.35,108.65,-4.3,-3.9577,15884.54,169079.444
688160.SH,20250423,98.79,109.4,98.71,108.65,97.78,10.87,11.1168,28337.59,295728.279
688160.SH,20250422,98.49,101.52,97.2,97.78,99.11,-1.33,-1.3419,11799.51,116611.348
688160.SH,20250421,97.6,101.5,95.0,99.11,97.91,1.2,1.2256,16988.94,167763.507
688160.SH,20250418,99.74,101.69,97.01,97.91,99.0,-1.09,-1.101,12050.28,119167.099
688160.SH,20250417,102.27,103.51,98.67,99.0,102.27,-3.27,-3.1974,17360.92,175079.082
688160.SH,20250416,103.5,105.4,101.58,102.27,104.88,-2.61,-2.4886,16392.66,169312.299
688160.SH,20250415,98.8,108.0,97.55,104.88,98.57,6.31,6.4015,25218.56,259423.4
688160.SH,20250414,93.71,100.22,92.63,98.57,91.81,6.76,7.363,24419.54,237207.562
688160.SH,20250411,82.13,94.38,81.89,91.81,83.8,8.01,9.5585,30738.97,275586.918
688160.SH,20250410,78.99,86.98,78.0,83.8,74.7,9.1,12.1821,30487.67,254722.221
688160.SH,20250409,70.86,75.2,64.0,74.7,72.14,2.56,3.5487,29752.78,211157.314
688160.SH,20250408,77.25,78.05,69.3,72.14,76.46,-4.32,-5.65,35586.07,259148.279
688160.SH,20250407,86.34,90.2,76.46,76.46,95.58,-19.12,-20.0042,20846.73,170099.042
688160.SH,20250403,95.0,99.18,95.0,95.58,95.61,-0.03,-0.0314,16670.16,161780.475
688160.SH,20250402,91.51,96.85,91.31,95.61,91.45,4.16,4.5489,17060.57,161684.498
688160.SH,20250401,94.79,94.79,90.97,91.45,93.11,-1.66,-1.7828,10581.19,98085.012
688160.SH,20250331,90.5,93.44,89.1,93.11,92.96,0.15,0.1614,16665.06,151879.489
688160.SH,20250328,95.0,96.69,92.81,92.96,95.32,-2.36,-2.4759,11387.0,107026.18
688160.SH,20250327,96.89,98.58,94.0,95.32,96.6,-1.28,-1.3251,9403.68,90436.979
688160.SH,20250326,95.0,99.24,94.94,96.6,96.32,0.28,0.2907,12556.62,122581.901
688160.SH,20250325,97.05,99.66,95.84,96.32,96.0,0.32,0.3333,21883.91,213985.639
688160.SH,20250324,98.0,98.77,92.52,96.0,98.2,-2.2,-2.2403,22728.84,215907.677
688160.SH,20250321,105.59,105.59,98.2,98.2,105.7,-7.5,-7.0956,23662.48,238896.639
688160.SH,20250320,108.0,112.19,104.5,105.7,110.53,-4.83,-4.3699,19455.98,208876.558
688160.SH,20250319,110.05,114.5,106.52,110.53,109.95,0.58,0.5275,20160.66,223875.221
688160.SH,20250318,112.6,113.98,109.0,109.95,113.08,-3.13,-2.768,17136.56,189801.213
688160.SH,20250317,113.9,114.86,109.01,113.08,115.47,-2.39,-2.0698,21048.36,236509.254
688160.SH,20250314,108.0,117.33,105.0,115.47,109.69,5.78,5.2694,33873.29,378777.625
688160.SH,20250313,113.0,116.0,104.44,109.69,113.39,-3.7,-3.2631,38733.68,423629.657
688160.SH,20250312,107.0,121.9,104.5,113.39,107.1,6.29,5.873,46107.62,527581.849
688160.SH,20250311,102.0,111.01,100.93,107.1,105.1,2.0,1.9029,45051.87,476482.809
688160.SH,20250310,106.08,112.0,101.81,105.1,97.6,7.5,7.6844,53758.34,570823.902
688160.SH,20250307,95.0,98.2,94.2,97.6,96.21,1.39,1.4448,30814.25,297518.982
688160.SH,20250306,98.51,99.5,95.49,96.21,98.06,-1.85,-1.8866,27635.47,267618.927
688160.SH,20250305,99.0,101.48,95.8,98.06,99.08,-1.02,-1.0295,25936.24,254510.842
688160.SH,20250304,92.01,102.0,91.01,99.08,94.0,5.08,5.4043,28164.5,277016.159
688160.SH,20250303,92.05,98.34,87.23,94.0,92.79,1.21,1.304,27790.57,258337.389
688160.SH,20250228,102.91,104.96,92.5,92.79,105.88,-13.09,-12.3631,44177.01,426654.476
688160.SH,20250227,95.84,105.88,95.6,105.88,96.85,9.03,9.3237,39033.25,391475.26
688160.SH,20250226,94.0,103.86,93.16,96.85,94.5,2.35,2.4868,42535.11,419331.256
688160.SH,20250225,90.0,98.8,90.0,94.5,92.88,1.62,1.7442,32419.67,303806.794
688160.SH,20250224,90.48,99.99,84.55,92.88,89.5,3.38,3.7765,41109.83,379878.608
688160.SH,20250221,89.5,92.0,85.87,89.5,88.82,0.68,0.7656,35489.35,312246.44
688160.SH,20250220,86.1,91.83,84.88,88.82,87.54,1.28,1.4622,39357.11,345769.665
688160.SH,20250219,80.58,88.15,80.36,87.54,80.5,7.04,8.7453,42757.77,366638.704
688160.SH,20250218,81.63,84.3,80.0,80.5,82.8,-2.3,-2.7778,26378.79,216726.929
688160.SH,20250217,80.0,83.0,78.21,82.8,78.8,4.0,5.0761,26354.24,214936.215
688160.SH,20250214,80.8,82.06,78.0,78.8,81.78,-2.98,-3.6439,25851.28,206338.689
688160.SH,20250213,84.3,86.78,81.0,81.78,86.15,-4.37,-5.0725,28950.81,241392.657
688160.SH,20250212,80.0,87.58,79.73,86.15,83.02,3.13,3.7702,36583.63,306102.698
688160.SH,20250211,83.36,90.3,82.2,83.02,84.2,-1.18,-1.4014,39697.29,340607.28
688160.SH,20250210,77.5,85.0,76.01,84.2,79.41,4.79,6.032,44489.85,357595.898
688160.SH,20250207,82.04,82.53,76.49,79.41,82.04,-2.63,-3.2058,47176.57,376254.052
688160.SH,20250206,75.55,84.87,75.05,82.04,77.04,5.0,6.4901,44325.31,359040.187
688160.SH,20250205,77.02,80.5,75.87,77.04,75.81,1.23,1.6225,40868.85,317377.577
688160.SH,20250127,79.16,79.5,75.1,75.81,79.74,-3.93,-4.9285,34570.79,264593.566
688160.SH,20250124,79.5,81.3,76.63,79.74,80.6,-0.86,-1.067,51984.54,409965.803
688160.SH,20250123,72.0,85.21,72.0,80.6,71.01,9.59,13.5051,75355.08,612585.277
688160.SH,20250122,67.96,73.89,67.18,71.01,68.3,2.71,3.9678,48192.79,341817.073
688160.SH,20250121,67.0,68.74,66.44,68.3,66.66,1.64,2.4602,30821.63,208642.326
688160.SH,20250120,68.0,69.39,66.08,66.66,67.5,-0.84,-1.2444,27794.3,187367.794
688160.SH,20250117,64.58,71.3,64.5,67.5,64.98,2.52,3.8781,45283.38,311474.138
688160.SH,20250116,65.02,68.88,63.2,64.98,66.18,-1.2,-1.8132,44243.54,291146.978
688160.SH,20250115,64.71,66.66,63.58,66.18,67.06,-0.88,-1.3123,40532.57,263144.24
688160.SH,20250114,60.24,67.78,59.98,67.06,60.84,6.22,10.2235,49518.11,321162.656
688160.SH,20250113,60.0,63.4,59.07,60.84,61.7,-0.86,-1.3938,36209.92,221649.356
688160.SH,20250110,58.98,64.99,58.98,61.7,60.0,1.7,2.8333,46173.26,288584.163
688160.SH,20250109,55.22,61.17,55.07,60.0,56.08,3.92,6.99,43310.15,254439.075
603667.SH,20260702,68.06,72.99,68.05,70.18,68.06,2.12,3.1149,431599.45,3056935.797
603667.SH,20260701,65.46,70.72,64.8,68.06,65.52,2.54,3.8767,359003.47,2445716.321
603667.SH,20260630,62.5,65.68,61.45,65.52,61.23,4.29,7.0064,272886.31,1747328.833
603667.SH,20260629,59.8,62.25,58.53,61.23,60.66,0.57,0.9397,231960.09,1402642.19
603667.SH,20260626,63.5,64.57,60.66,60.66,64.07,-3.41,-5.3223,216489.1,1344172.821
603667.SH,20260625,65.0,67.42,64.03,64.07,66.1,-2.03,-3.0711,240029.56,1567219.19
603667.SH,20260624,65.61,67.15,63.4,66.1,63.51,2.59,4.0781,265242.76,1738287.269
603667.SH,20260623,65.12,66.8,63.5,63.51,65.77,-2.26,-3.4362,200380.47,1295722.605
603667.SH,20260622,67.02,67.5,63.35,65.77,67.73,-1.96,-2.8938,285983.5,1866370.898
603667.SH,20260618,66.75,68.44,66.01,67.73,66.52,1.21,1.819,232367.29,1571455.857
603667.SH,20260617,66.0,67.45,65.52,66.52,66.38,0.14,0.2109,180516.44,1199116.881
603667.SH,20260616,66.65,67.79,65.09,66.38,67.0,-0.62,-0.9254,211548.61,1407357.56
603667.SH,20260615,64.5,67.29,64.1,67.0,63.93,3.07,4.8021,219817.34,1454444.036
603667.SH,20260612,66.0,66.39,63.72,63.93,64.89,-0.96,-1.4794,194972.3,1266867.624
603667.SH,20260611,65.27,67.77,63.57,65.01,67.08,-2.07,-3.0859,236745.16,1538511.735
603667.SH,20260610,71.72,72.47,67.04,67.08,73.08,-6.0,-8.2102,265650.4,1849999.044
603667.SH,20260609,75.0,75.0,70.8,73.08,74.59,-1.51,-2.0244,313051.31,2264395.694
603667.SH,20260608,70.7,76.17,70.63,74.59,74.34,0.25,0.3363,381016.0,2845805.991
603667.SH,20260605,71.2,78.08,67.3,74.34,71.84,2.5,3.48,484290.94,3479828.571
603667.SH,20260604,69.46,73.88,68.71,71.84,70.27,1.57,2.2342,325757.27,2350324.55
603667.SH,20260603,68.45,73.0,67.96,70.27,69.03,1.24,1.7963,344819.79,2451758.714
603667.SH,20260602,69.79,72.21,68.7,69.03,68.33,0.7,1.0244,286259.86,2009056.511
603667.SH,20260601,71.74,72.56,68.3,68.33,71.76,-3.43,-4.7798,260561.21,1826054.418
603667.SH,20260529,74.8,76.39,70.55,71.76,74.74,-2.98,-3.9872,312183.04,2275781.21
603667.SH,20260528,76.75,76.99,72.3,74.74,78.05,-3.31,-4.2409,398212.31,2968030.97
603667.SH,20260527,84.0,84.0,78.05,78.05,86.72,-8.67,-9.9977,484682.73,3913466.989
603667.SH,20260526,87.08,90.58,85.0,86.72,87.08,-0.36,-0.4134,442327.36,3893920.365
603667.SH,20260525,88.0,90.33,85.5,87.08,88.17,-1.09,-1.2362,431039.26,3762265.946
603667.SH,20260522,84.4,89.04,81.4,88.17,84.74,3.43,4.0477,577798.64,4998323.845
603667.SH,20260521,80.1,87.87,80.1,84.74,80.0,4.74,5.925,627500.37,5284358.151
603667.SH,20260520,82.2,82.56,79.05,80.0,83.88,-3.88,-4.6257,401939.3,3236789.563
603667.SH,20260519,84.98,87.0,82.84,83.88,85.0,-1.12,-1.3176,390574.3,3290181.037
603667.SH,20260518,81.7,87.8,81.0,85.0,84.43,0.57,0.6751,673048.65,5673094.217
603667.SH,20260515,77.03,84.65,75.9,84.43,76.95,7.48,9.7206,801311.85,6573526.534
603667.SH,20260514,81.0,85.5,76.84,76.95,81.4,-4.45,-5.4668,519555.13,4223186.127
603667.SH,20260513,79.0,82.6,78.2,81.4,79.94,1.46,1.8264,385456.39,3108446.382
603667.SH,20260512,78.8,83.0,78.01,79.94,79.18,0.76,0.9598,456630.6,3677213.33
603667.SH,20260511,78.2,80.5,76.0,79.18,78.17,1.01,1.2921,608443.89,4796777.339
603667.SH,20260508,71.32,78.17,71.3,78.17,71.06,7.11,10.0056,381498.72,2887365.873
603667.SH,20260507,67.2,71.77,66.92,71.06,67.19,3.87,5.7598,286072.38,2017431.537
603667.SH,20260506,66.41,68.17,66.41,67.19,66.38,0.81,1.2202,158827.31,1069061.761
603667.SH,20260430,63.63,67.3,63.6,66.38,64.15,2.23,3.4762,169310.65,1119993.212
603667.SH,20260429,62.52,64.6,62.3,64.15,63.07,1.08,1.7124,131194.26,838928.1
603667.SH,20260428,66.0,66.68,62.83,63.07,66.69,-3.62,-5.4281,182970.26,1171978.497
603667.SH,20260427,66.3,67.43,65.17,66.69,67.03,-0.34,-0.5072,142415.69,946159.004
603667.SH,20260424,68.01,69.49,67.01,67.03,68.3,-1.27,-1.8594,147456.07,999468.414
603667.SH,20260423,71.0,71.05,67.19,68.3,71.22,-2.92,-4.1,284698.82,1955816.583
603667.SH,20260422,70.05,72.27,70.04,71.22,71.16,0.06,0.0843,188385.76,1340834.249
603667.SH,20260421,69.7,72.76,68.91,71.16,70.16,1.0,1.4253,257119.13,1819489.884
603667.SH,20260420,70.72,71.49,69.88,70.16,70.55,-0.39,-0.5528,198007.65,1396340.509
603667.SH,20260417,69.87,71.58,69.01,70.55,70.95,-0.4,-0.5638,191705.59,1344810.044
603667.SH,20260416,72.9,73.48,70.01,70.95,70.19,0.76,1.0828,253473.44,1804167.119
603667.SH,20260415,72.0,72.86,69.8,70.19,71.25,-1.06,-1.4877,210438.38,1499057.921
603667.SH,20260414,70.38,71.33,68.68,71.25,69.35,1.9,2.7397,232208.93,1631081.277
603667.SH,20260413,69.07,70.47,69.06,69.35,70.47,-1.12,-1.5893,159658.46,1112032.305
603667.SH,20260410,68.61,74.0,68.58,70.47,67.61,2.86,4.2301,282208.82,2013118.555
603667.SH,20260409,68.41,69.06,67.29,67.61,69.78,-2.17,-3.1098,150374.64,1023064.994
603667.SH,20260408,67.4,69.8,67.4,69.78,65.65,4.13,6.2909,194172.82,1337621.712
603667.SH,20260407,66.27,66.74,65.16,65.65,66.28,-0.63,-0.9505,89238.9,587956.396
603667.SH,20260403,67.21,67.69,66.2,66.28,66.57,-0.29,-0.4356,115465.06,771346.955
603667.SH,20260402,67.39,68.98,66.5,66.57,68.42,-1.85,-2.7039,140737.69,948517.547
603667.SH,20260401,67.52,69.0,67.03,68.42,66.33,2.09,3.1509,212280.24,1445885.863
603667.SH,20260331,67.07,68.62,66.3,66.33,67.02,-0.69,-1.0295,146536.77,986653.114
603667.SH,20260330,65.32,67.39,65.32,67.02,66.71,0.31,0.4647,116784.34,776615.132
603667.SH,20260327,66.0,67.5,65.4,66.71,66.72,-0.01,-0.015,142629.26,949998.553
603667.SH,20260326,67.99,69.8,66.39,66.72,67.0,-0.28,-0.4179,242785.71,1650468.778
603667.SH,20260325,64.02,68.15,64.02,67.0,64.02,2.98,4.6548,237496.43,1582199.98
603667.SH,20260324,65.0,65.35,62.1,64.02,63.53,0.49,0.7713,161606.24,1021920.091
603667.SH,20260323,64.52,67.69,62.73,63.53,65.49,-1.96,-2.9928,202454.59,1327984.875
603667.SH,20260320,67.97,68.06,65.41,65.49,66.92,-1.43,-2.1369,137749.83,918044.344
603667.SH,20260319,68.55,68.81,66.57,66.92,69.95,-3.03,-4.3317,164462.1,1108697.753
603667.SH,20260318,69.0,70.38,68.6,69.95,69.01,0.94,1.3621,126891.73,883045.512
603667.SH,20260317,72.0,72.31,69.01,69.01,71.61,-2.6,-3.6308,147597.81,1038707.067
603667.SH,20260316,72.5,72.63,70.6,71.61,72.19,-0.58,-0.8034,124673.67,892543.06
603667.SH,20260313,74.72,75.3,72.18,72.19,76.14,-3.95,-5.1878,208677.94,1534582.097
603667.SH,20260312,75.14,77.48,74.55,76.14,75.38,0.76,1.0082,247977.1,1886431.121
603667.SH,20260311,75.51,77.08,74.08,75.38,76.48,-1.1,-1.4383,245860.0,1854522.063
603667.SH,20260310,73.22,78.88,73.11,76.48,72.05,4.43,6.1485,337319.19,2551614.355
603667.SH,20260309,70.47,72.68,68.52,72.05,72.57,-0.52,-0.7165,237570.16,1669973.114
603667.SH,20260306,72.24,73.84,72.19,72.57,72.95,-0.38,-0.5209,141643.34,1035520.131
603667.SH,20260305,73.87,74.3,72.51,72.95,72.15,0.8,1.1088,213432.81,1564379.088
603667.SH,20260304,70.5,73.19,70.5,72.15,71.55,0.6,0.8386,218092.2,1568346.595
603667.SH,20260303,76.54,77.68,71.51,71.55,76.9,-5.35,-6.9571,313239.96,2319530.724
603667.SH,20260302,77.0,79.5,76.54,76.9,80.01,-3.11,-3.887,309057.48,2396181.852
603667.SH,20260227,80.32,81.0,79.21,80.01,80.31,-0.3,-0.3736,209611.25,1678057.601
603667.SH,20260226,79.03,82.0,79.03,80.31,80.18,0.13,0.1621,292240.18,2360801.682
603667.SH,20260225,82.7,82.9,79.44,80.18,84.39,-4.21,-4.9887,435326.21,3515478.715
603667.SH,20260224,90.4,90.49,81.58,84.39,90.64,-6.25,-6.8954,496194.53,4181788.026
603667.SH,20260213,85.69,93.81,85.5,90.64,86.34,4.3,4.9803,540257.78,4849235.546
603667.SH,20260212,86.0,88.88,85.22,86.34,87.45,-1.11,-1.2693,359285.07,3138656.015
603667.SH,20260211,88.23,89.76,87.0,87.45,91.18,-3.73,-4.0908,461515.21,4070745.287
603667.SH,20260210,86.87,96.69,86.04,91.18,88.02,3.16,3.5901,759864.96,6838938.298
603667.SH,20260209,86.0,89.2,84.65,88.02,85.65,2.37,2.7671,579608.98,5075455.08
603667.SH,20260206,76.5,85.65,76.5,85.65,77.86,7.79,10.0051,470445.87,3909081.2
603667.SH,20260205,79.03,81.49,76.7,77.86,81.93,-4.07,-4.9677,350712.93,2760046.226
603667.SH,20260204,79.01,84.04,77.45,81.93,80.39,1.54,1.9157,502554.72,4068804.019
603667.SH,20260203,79.6,80.6,76.51,80.39,79.66,0.73,0.9164,456320.58,3614705.669
603667.SH,20260202,75.0,82.07,74.78,79.66,75.84,3.82,5.0369,567318.8,4462127.716
603667.SH,20260130,75.26,78.28,72.7,75.84,76.0,-0.16,-0.2105,482722.86,3642017.628
603667.SH,20260129,78.91,80.25,75.54,76.0,78.88,-2.88,-3.6511,387307.94,2996614.05
603667.SH,20260128,82.45,82.45,76.8,78.88,82.3,-3.42,-4.1555,458314.03,3614311.29
603667.SH,20260127,82.95,83.85,80.01,82.3,83.31,-1.01,-1.2123,377888.4,3095174.079
603667.SH,20260126,87.8,89.2,82.28,83.31,87.13,-3.82,-4.3843,411919.25,3493168.251
603667.SH,20260123,90.83,92.5,86.86,87.13,90.83,-3.7,-4.0735,581934.58,5145045.603
603667.SH,20260122,88.01,94.27,88.0,90.83,89.11,1.72,1.9302,604086.82,5484940.574
603667.SH,20260121,83.79,91.05,83.78,89.11,85.5,3.61,4.2222,633526.45,5601237.135
603667.SH,20260120,89.0,91.87,83.51,85.5,89.2,-3.7,-4.148,638301.1,5522751.632
603667.SH,20260119,83.7,89.2,82.87,89.2,81.09,8.11,10.0012,611950.74,5270506.252
603667.SH,20260116,74.32,81.09,74.0,81.09,73.72,7.37,9.9973,591552.3,4645941.648
603667.SH,20260115,74.18,77.18,73.2,73.72,76.54,-2.82,-3.6843,437730.37,3272297.093
603667.SH,20260114,80.0,84.41,75.48,76.54,82.65,-6.11,-7.3926,712775.59,5679629.626
603667.SH,20260113,78.6,88.0,74.74,82.65,80.3,2.35,2.9265,723378.57,5933312.073
603667.SH,20260112,81.71,82.0,78.68,80.3,78.11,2.19,2.8037,694016.55,5567621.905
603667.SH,20260109,76.92,80.92,75.4,78.11,75.94,2.17,2.8575,632518.58,4968813.473
603667.SH,20260108,75.61,79.37,75.18,75.94,75.6,0.34,0.4497,586697.92,4512138.46
603667.SH,20260107,74.97,82.88,74.97,75.6,77.49,-1.89,-2.439,808759.5,6322340.317
603667.SH,20260106,74.46,79.85,74.33,77.49,74.2,3.29,4.434,842852.45,6524001.37
603667.SH,20260105,69.0,76.98,68.01,74.2,69.98,4.22,6.0303,1032214.37,7707446.921
603667.SH,20251231,69.98,69.98,67.38,69.98,63.62,6.36,9.9969,368344.66,2570907.34
603667.SH,20251230,58.2,63.62,57.89,63.62,57.84,5.78,9.9931,411416.9,2538968.363
603667.SH,20251229,52.79,57.84,52.45,57.84,52.58,5.26,10.0038,478855.76,2679998.151
603667.SH,20251226,52.3,53.88,51.81,52.58,52.95,-0.37,-0.6988,348213.78,1828784.969
603667.SH,20251225,49.91,53.65,49.91,52.95,49.72,3.23,6.4964,428307.32,2219587.113
603667.SH,20251224,49.44,50.1,48.91,49.72,49.79,-0.07,-0.1406,174896.55,869335.854
603667.SH,20251223,50.5,50.99,49.37,49.79,50.65,-0.86,-1.6979,212146.8,1060504.84
603667.SH,20251222,51.27,51.47,49.76,50.65,50.31,0.34,0.6758,325188.21,1645124.119
603667.SH,20251219,51.97,52.55,50.21,50.31,51.29,-0.98,-1.9107,225324.2,1149248.408
603667.SH,20251218,50.0,53.33,49.86,51.29,51.09,0.2,0.3915,299824.34,1560155.568
603667.SH,20251217,47.8,51.8,47.75,51.09,47.72,3.37,7.062,347193.02,1748036.426
603667.SH,20251216,49.12,49.49,47.6,47.72,49.11,-1.39,-2.8304,185190.28,892365.322
603667.SH,20251215,50.12,51.29,49.11,49.11,50.98,-1.87,-3.6681,292328.55,1458992.054
603667.SH,20251212,53.55,53.93,50.8,50.98,54.62,-3.64,-6.6642,488242.86,2533375.468
603667.SH,20251211,53.5,55.8,53.21,54.62,53.46,1.16,2.1698,439228.07,2397521.223
603667.SH,20251210,53.03,54.72,52.8,53.46,53.52,-0.06,-0.1121,436237.01,2342984.861
603667.SH,20251209,53.9,57.57,53.47,53.52,53.97,-0.45,-0.8338,694745.17,3819886.818
603667.SH,20251208,48.6,53.97,47.81,53.97,49.06,4.91,10.0082,614181.02,3165671.05
603667.SH,20251205,45.08,50.49,44.65,49.06,45.9,3.16,6.8845,486235.62,2329551.181
603667.SH,20251204,49.0,49.96,45.89,45.9,46.22,-0.32,-0.6923,387768.81,1844623.562
603667.SH,20251203,45.29,47.5,45.09,46.22,44.78,1.44,3.2157,252387.76,1162646.333
603667.SH,20251202,46.02,46.02,44.67,44.78,46.28,-1.5,-3.2411,155574.35,704096.23
603667.SH,20251201,45.4,46.67,44.78,46.28,44.91,1.37,3.0505,228631.86,1052157.055
603667.SH,20251128,42.8,45.42,42.53,44.91,43.29,1.62,3.7422,224374.93,992212.429
603667.SH,20251127,43.5,44.58,43.02,43.29,43.74,-0.45,-1.0288,135348.39,592655.505
603667.SH,20251126,42.08,44.35,42.08,43.74,43.36,0.38,0.8764,150706.58,655390.038
603667.SH,20251125,44.14,44.77,43.29,43.36,43.57,-0.21,-0.482,149213.55,657082.94
603667.SH,20251124,42.6,44.0,41.54,43.57,42.88,0.69,1.6091,147991.31,635168.61
603667.SH,20251121,41.0,44.4,40.9,42.88,41.9,0.98,2.3389,198174.5,847390.997
603667.SH,20251120,44.05,44.35,41.55,41.9,44.01,-2.11,-4.7944,130215.57,556949.54
603667.SH,20251119,43.27,44.2,43.1,44.01,43.7,0.31,0.7094,114216.6,501497.379
603667.SH,20251118,42.78,43.91,42.0,43.7,43.13,0.57,1.3216,152894.71,655417.421
603667.SH,20251117,42.72,44.35,42.63,43.13,43.42,-0.29,-0.6679,122745.27,533754.771
603667.SH,20251114,44.51,45.17,43.41,43.42,45.55,-2.13,-4.6762,182366.91,805616.706
603667.SH,20251113,45.57,46.53,44.4,45.55,46.92,-1.37,-2.9199,216287.35,982991.228
603667.SH,20251112,48.37,48.78,46.3,46.92,48.37,-1.45,-2.9977,283581.02,1342039.715
603667.SH,20251111,46.83,49.36,46.46,48.37,45.89,2.48,5.4042,409489.82,1947722.929
603667.SH,20251110,46.07,47.38,45.56,45.89,47.1,-1.21,-2.569,286768.53,1330335.861
603667.SH,20251107,47.0,49.15,45.01,47.1,47.84,-0.74,-1.5468,519400.06,2426171.237
603667.SH,20251106,45.29,48.72,44.01,47.84,44.29,3.55,8.0154,580904.23,2745568.503
603667.SH,20251105,42.06,45.98,41.7,44.29,43.58,0.71,1.6292,223235.16,979607.922
603667.SH,20251104,45.51,45.51,43.51,43.58,45.96,-2.38,-5.1784,212517.85,936112.031
603667.SH,20251103,45.8,47.16,44.88,45.96,45.9,0.06,0.1307,319646.1,1473376.735
603667.SH,20251031,44.22,47.5,44.11,45.9,44.05,1.85,4.1998,447377.79,2057528.994
603667.SH,20251030,43.42,44.26,42.7,44.05,43.29,0.76,1.7556,279633.66,1220653.084
603667.SH,20251029,43.01,43.86,42.8,43.29,43.53,-0.24,-0.5513,135800.37,587648.733
603667.SH,20251028,43.29,43.76,42.5,43.53,43.69,-0.16,-0.3662,208633.96,902948.903
603667.SH,20251027,42.3,44.37,42.3,43.69,41.78,1.91,4.5716,292333.82,1268384.536
603667.SH,20251024,40.81,42.1,40.72,41.78,40.6,1.18,2.9064,180052.29,745430.794
603667.SH,20251023,41.41,41.8,39.87,40.6,42.19,-1.59,-3.7687,176507.95,712969.637
603667.SH,20251022,41.78,42.85,41.29,42.19,42.08,0.11,0.2614,178729.38,750359.728
603667.SH,20251021,42.15,42.24,41.11,42.08,42.14,-0.06,-0.1424,170516.31,711763.074
603667.SH,20251020,42.06,43.0,41.51,42.14,41.43,0.71,1.7137,189664.7,802570.63
603667.SH,20251017,43.0,43.07,41.3,41.43,42.8,-1.37,-3.2009,184378.39,774456.128
603667.SH,20251016,43.55,43.94,42.56,42.8,45.55,-2.75,-6.0373,367884.78,1592625.89
603667.SH,20251015,42.53,45.55,41.89,45.55,41.41,4.14,9.9976,561858.56,2506010.024
603667.SH,20251014,44.29,44.29,41.09,41.41,43.63,-2.22,-5.0882,176286.52,749475.857
603667.SH,20251013,39.71,43.63,39.71,43.63,44.12,-0.49,-1.1106,268204.23,1131896.316
603667.SH,20251010,46.0,46.68,43.94,44.12,46.1,-1.98,-4.295,200719.53,904185.174
603667.SH,20251009,45.8,46.98,45.32,46.1,46.15,-0.05,-0.1083,190718.19,883453.83
603667.SH,20250930,46.56,46.89,45.82,46.15,46.55,-0.4,-0.8593,196375.33,907755.934
603667.SH,20250929,46.2,47.27,45.4,46.55,45.21,1.34,2.9639,233636.38,1084807.973
603667.SH,20250926,45.8,47.4,45.21,45.21,46.47,-1.26,-2.7114,252460.7,1170143.592
603667.SH,20250925,47.43,47.77,46.19,46.47,47.07,-0.6,-1.2747,223563.72,1046960.76
603667.SH,20250924,46.72,47.7,45.0,47.07,47.35,-0.28,-0.5913,352699.85,1638974.316
603667.SH,20250923,49.14,49.57,46.4,47.35,49.25,-1.9,-3.8579,381429.44,1830395.775
603667.SH,20250922,46.53,50.25,46.52,49.25,46.62,2.63,5.6414,486934.94,2361341.403
603667.SH,20250919,49.46,49.88,46.62,46.62,51.8,-5.18,-10.0,452394.05,2150858.938
603667.SH,20250918,48.51,52.5,47.79,51.8,47.73,4.07,8.5271,825836.61,4179356.346
603667.SH,20250917,46.0,49.46,45.88,47.73,46.66,1.07,2.2932,533346.11,2526733.237
603667.SH,20250916,45.47,47.15,44.6,46.66,45.2,1.46,3.2301,545454.95,2506755.164
603667.SH,20250915,43.17,47.67,42.85,45.2,43.6,1.6,3.6697,507038.42,2311874.502
603667.SH,20250912,42.4,45.76,41.75,43.6,41.6,2.0,4.8077,511077.54,2237596.278
603667.SH,20250911,40.77,41.67,39.85,41.6,40.58,1.02,2.5136,253748.6,1044184.343
603667.SH,20250910,40.25,41.8,40.23,40.58,41.03,-0.45,-1.0968,217135.9,889808.744
603667.SH,20250909,40.05,41.43,40.0,41.03,40.75,0.28,0.6871,269834.99,1101459.197
603667.SH,20250908,38.89,42.14,38.89,40.75,38.88,1.87,4.8097,334620.9,1368009.399
603667.SH,20250905,37.29,39.05,36.72,38.88,37.3,1.58,4.2359,250278.31,958611.384
603667.SH,20250904,39.4,39.88,36.5,37.3,39.99,-2.69,-6.7267,330796.6,1269427.121
603667.SH,20250903,42.03,42.4,39.7,39.99,42.03,-2.04,-4.8537,455175.88,1855683.639
603667.SH,20250902,39.99,43.04,38.43,42.03,39.13,2.9,7.4112,710144.85,2953960.678
603667.SH,20250901,39.59,39.73,38.81,39.13,39.47,-0.34,-0.8614,144376.0,565337.249
603667.SH,20250829,39.02,40.21,38.34,39.47,38.98,0.49,1.2571,199602.86,785708.483
603667.SH,20250828,38.88,39.0,37.52,38.98,39.03,-0.05,-0.1281,221623.49,851024.616
603667.SH,20250827,39.72,40.5,38.9,39.03,39.88,-0.85,-2.1314,199368.33,794663.353
603667.SH,20250826,40.39,40.4,39.5,39.88,40.43,-0.55,-1.3604,165291.88,661420.566
603667.SH,20250825,40.8,41.36,40.2,40.43,40.41,0.02,0.0495,236235.19,962816.883
603667.SH,20250822,39.99,40.48,39.86,40.41,39.98,0.43,1.0755,164684.68,662530.684
603667.SH,20250821,41.18,41.69,39.98,39.98,41.9,-1.92,-4.5823,254899.66,1036606.401
603667.SH,20250820,41.65,43.05,41.39,41.9,42.33,-0.43,-1.0158,269662.14,1137490.832
603667.SH,20250819,40.85,43.0,40.11,42.33,41.32,1.01,2.4443,406332.99,1692155.546
603667.SH,20250818,40.5,41.9,39.79,41.32,40.74,0.58,1.4237,388708.53,1579834.962
603667.SH,20250815,39.38,41.45,39.0,40.74,39.89,0.85,2.1309,391802.91,1586660.869
603667.SH,20250814,38.77,40.4,38.0,39.89,38.62,1.27,3.2885,459251.69,1805350.554
603667.SH,20250813,38.15,38.88,37.8,38.62,38.22,0.4,1.0466,203923.73,783709.293
603667.SH,20250812,38.45,38.58,37.81,38.22,38.45,-0.23,-0.5982,176188.42,671908.973
603667.SH,20250811,38.38,38.86,38.08,38.45,38.4,0.05,0.1302,206541.57,794593.495
603667.SH,20250808,39.16,39.47,38.2,38.4,39.16,-0.76,-1.9408,247673.66,960295.688
603667.SH,20250807,40.0,40.07,38.7,39.16,40.22,-1.06,-2.6355,346094.76,1353409.239
603667.SH,20250806,37.87,41.0,37.5,40.22,38.07,2.15,5.6475,583702.9,2299465.922
603667.SH,20250805,38.95,39.62,37.85,38.07,37.29,0.78,2.0917,549854.87,2116306.564
603667.SH,20250804,33.63,37.29,33.58,37.29,33.9,3.39,10.0,383970.46,1380857.314
603667.SH,20250801,34.25,34.64,33.6,33.9,34.29,-0.39,-1.1374,98838.8,335913.343
603667.SH,20250731,34.03,35.23,34.03,34.29,34.28,0.01,0.0292,140970.43,489417.778
603667.SH,20250730,35.28,35.29,34.02,34.28,35.22,-0.94,-2.6689,117433.88,405285.403
603667.SH,20250729,35.29,35.38,34.9,35.22,35.43,-0.21,-0.5927,98428.9,345570.097
603667.SH,20250728,35.88,35.97,35.23,35.43,35.43,0.0,0.0,99438.0,353612.408
603667.SH,20250725,35.39,35.6,35.05,35.43,35.63,-0.2,-0.5613,120522.6,425522.715
603667.SH,20250724,35.36,36.06,35.36,35.63,35.39,0.24,0.6782,110523.98,393923.43
603667.SH,20250723,35.21,35.87,35.05,35.39,35.65,-0.26,-0.7293,121550.66,430877.185
603667.SH,20250722,36.6,36.64,35.56,35.65,36.77,-1.12,-3.046,196601.28,706571.438
603667.SH,20250721,36.44,37.53,36.0,36.77,35.96,0.81,2.2525,229258.85,842288.142
603667.SH,20250718,36.3,36.32,35.57,35.96,36.31,-0.35,-0.9639,176695.0,633110.778
603667.SH,20250717,35.43,36.94,35.17,36.31,35.7,0.61,1.7087,305791.5,1107445.105
603667.SH,20250716,34.57,36.06,34.33,35.7,34.58,1.12,3.2389,314366.6,1113506.419
603667.SH,20250715,34.5,34.88,34.01,34.58,34.93,-0.35,-1.002,220359.0,756770.008
603667.SH,20250714,33.32,36.18,32.9,34.93,33.0,1.93,5.8485,365609.59,1262405.713
603667.SH,20250711,32.0,33.37,31.83,33.0,31.94,1.06,3.3187,171130.72,560054.539
603667.SH,20250710,31.8,32.11,31.73,31.94,32.22,-0.28,-0.869,77199.62,246039.143
603667.SH,20250709,32.83,33.42,32.16,32.22,32.2,0.02,0.0621,160156.25,524399.531
603667.SH,20250708,31.61,32.3,31.61,32.2,31.97,0.23,0.7194,82855.81,265713.402
603667.SH,20250707,32.13,32.14,31.69,31.97,32.13,-0.16,-0.498,55937.46,178337.844
603667.SH,20250704,32.55,32.61,32.01,32.13,32.55,-0.42,-1.2903,72732.46,234213.083
603667.SH,20250703,32.54,32.98,32.32,32.55,32.71,-0.16,-0.4891,68946.36,224815.453
603667.SH,20250702,33.18,33.3,32.5,32.71,33.38,-0.67,-2.0072,89576.1,293890.745
603667.SH,20250701,33.55,33.68,33.16,33.38,33.51,-0.13,-0.3879,90378.0,301944.184
603667.SH,20250630,33.19,33.8,33.11,33.51,33.18,0.33,0.9946,94560.48,316247.417
603667.SH,20250627,33.4,33.5,32.92,33.18,33.31,-0.13,-0.3903,97878.74,325272.728
603667.SH,20250626,33.87,34.14,33.3,33.31,33.75,-0.44,-1.3037,142935.48,482132.475
603667.SH,20250625,33.2,33.88,32.92,33.75,33.16,0.59,1.7793,173717.89,582471.397
603667.SH,20250624,32.03,33.6,32.0,33.16,31.81,1.35,4.2439,209545.23,692693.892
603667.SH,20250623,31.34,32.0,31.29,31.81,31.91,-0.1,-0.3134,102596.0,325818.126
603667.SH,20250620,32.63,33.08,31.85,31.91,32.95,-1.04,-3.1563,144494.58,466066.967
603667.SH,20250619,33.44,34.21,32.91,32.95,33.47,-0.52,-1.5536,176022.28,590670.674
603667.SH,20250618,32.77,33.48,32.5,33.47,32.92,0.55,1.6707,155967.34,514566.371
603667.SH,20250617,35.0,35.15,32.7,32.92,34.99,-2.07,-5.916,245719.38,825964.831
603667.SH,20250616,35.01,35.6,34.8,34.99,35.4,-0.41,-1.1582,98286.14,344939.219
603667.SH,20250613,35.58,35.97,34.91,35.4,35.89,-0.49,-1.3653,117171.66,414276.667
603667.SH,20250612,35.82,36.35,35.53,36.01,35.96,0.05,0.139,102072.0,368189.035
603667.SH,20250611,36.0,36.23,35.68,35.96,35.89,0.07,0.195,88030.6,316860.961
603667.SH,20250610,36.18,36.28,34.92,35.89,36.23,-0.34,-0.9384,156435.58,556961.491
603667.SH,20250609,35.89,36.82,35.82,36.23,35.99,0.24,0.6669,115106.23,419078.966
603667.SH,20250606,36.51,36.64,35.97,35.99,36.81,-0.82,-2.2277,116262.41,420079.117
603667.SH,20250605,36.15,37.2,35.8,36.81,36.26,0.55,1.5168,169890.0,619460.559
603667.SH,20250604,36.46,36.64,36.02,36.26,36.24,0.02,0.0552,128985.3,467746.029
603667.SH,20250603,36.5,37.32,35.82,36.24,37.07,-0.83,-2.239,179597.93,655267.067
603667.SH,20250530,39.35,39.44,37.05,37.07,39.87,-2.8,-7.0228,244269.42,925763.856
603667.SH,20250529,40.31,40.99,39.83,39.87,40.73,-0.86,-2.1115,221106.68,891719.626
603667.SH,20250528,39.7,41.59,39.56,40.73,39.82,0.91,2.2853,266191.6,1081882.275
603667.SH,20250527,39.58,40.78,39.0,39.82,40.0,-0.18,-0.45,191858.37,766090.134
603667.SH,20250526,39.6,40.58,38.8,40.0,40.01,-0.01,-0.025,169478.0,672253.453
603667.SH,20250523,39.34,40.88,38.41,40.01,39.51,0.5,1.2655,269919.52,1076819.388
603667.SH,20250522,40.5,40.85,39.3,39.51,41.0,-1.49,-3.6341,214771.0,857283.528
603667.SH,20250521,40.11,41.8,39.31,41.0,41.06,-0.06,-0.1461,345316.2,1387276.207
603667.SH,20250520,41.88,43.5,40.67,41.06,40.61,0.45,1.1081,498886.3,2092355.618
603667.SH,20250519,39.2,41.46,37.77,40.61,38.87,1.74,4.4765,419666.3,1663252.244
603667.SH,20250516,36.88,39.88,36.78,38.87,37.1,1.77,4.7709,354807.72,1370990.326
603667.SH,20250515,37.9,38.11,36.9,37.1,38.11,-1.01,-2.6502,152891.71,569421.605
603667.SH,20250514,39.09,39.15,37.76,38.11,38.99,-0.88,-2.257,240134.1,918557.105
603667.SH,20250513,39.89,39.96,38.65,38.99,39.59,-0.6,-1.5155,260899.1,1023831.687
603667.SH,20250512,37.55,40.66,37.54,39.59,36.96,2.63,7.1158,414700.9,1612936.614
603667.SH,20250509,38.33,38.4,36.3,36.96,38.25,-1.29,-3.3725,229862.0,851017.233
603667.SH,20250508,37.2,39.0,37.16,38.25,37.5,0.75,2.0,295394.7,1122444.523
603667.SH,20250507,38.49,38.55,36.9,37.5,38.0,-0.5,-1.3158,252303.06,951015.612
603667.SH,20250506,37.5,38.16,37.39,38.0,37.39,0.61,1.6315,282909.26,1069462.814
603667.SH,20250430,35.6,37.51,35.36,37.39,35.49,1.9,5.3536,287529.2,1054890.15
603667.SH,20250429,34.58,35.8,33.91,35.49,34.6,0.89,2.5723,198819.7,699645.691
603667.SH,20250428,35.74,35.74,34.6,34.6,35.66,-1.06,-2.9725,147176.4,513778.784
603667.SH,20250425,35.9,36.1,34.88,35.66,35.73,-0.07,-0.1959,214768.0,762232.395
603667.SH,20250424,36.42,37.15,35.37,35.73,36.43,-0.7,-1.9215,316592.5,1144648.428
603667.SH,20250423,34.47,37.22,34.45,36.43,33.84,2.59,7.6537,444590.12,1602076.975
603667.SH,20250422,35.16,35.39,33.71,33.84,34.99,-1.15,-3.2867,204138.0,702433.422
603667.SH,20250421,32.0,35.83,31.8,34.99,32.8,2.19,6.6768,307769.82,1044735.092
603667.SH,20250418,33.06,33.48,32.7,32.8,33.03,-0.23,-0.6963,114135.41,376202.22
603667.SH,20250417,32.98,34.5,32.98,33.03,33.1,-0.07,-0.2115,183292.0,617643.284
603667.SH,20250416,33.57,34.1,32.6,33.1,33.88,-0.78,-2.3022,178314.0,593967.578
603667.SH,20250415,33.85,34.7,33.38,33.88,33.61,0.27,0.8033,208941.1,710275.498
603667.SH,20250414,34.08,34.5,33.32,33.61,33.25,0.36,1.0827,207638.38,703882.108
603667.SH,20250411,31.28,34.05,31.25,33.25,32.24,1.01,3.1328,270959.59,895627.73
603667.SH,20250410,32.35,33.88,32.11,32.24,31.33,0.91,2.9046,336525.91,1104098.956
603667.SH,20250409,28.01,32.0,27.73,31.33,30.81,0.52,1.6878,403619.98,1191532.425
603667.SH,20250408,30.81,32.47,30.81,30.81,34.23,-3.42,-9.9912,143593.11,448581.429
603667.SH,20250407,34.23,34.5,34.23,34.23,38.03,-3.8,-9.9921,33285.0,113968.769
603667.SH,20250403,38.0,39.2,37.71,38.03,38.85,-0.82,-2.1107,111796.68,428495.831
603667.SH,20250402,38.37,39.5,38.22,38.85,38.38,0.47,1.2246,151333.9,588817.71
603667.SH,20250401,38.71,39.0,38.15,38.38,38.72,-0.34,-0.8781,112792.31,434618.397
603667.SH,20250331,38.42,38.79,36.98,38.72,38.98,-0.26,-0.667,205791.32,777399.642
603667.SH,20250328,40.09,40.67,38.95,38.98,40.47,-1.49,-3.6817,200621.42,790979.111
603667.SH,20250327,41.1,41.86,40.38,40.47,41.58,-1.11,-2.6696,172117.75,705948.503
603667.SH,20250326,40.8,42.92,40.8,41.58,41.89,-0.31,-0.74,192265.1,808585.303
603667.SH,20250325,42.13,43.6,41.47,41.89,42.14,-0.25,-0.5933,222867.6,946713.022
603667.SH,20250324,43.09,43.12,40.77,42.14,43.04,-0.9,-2.0911,228796.58,953313.518
603667.SH,20250321,44.31,45.5,42.29,43.04,44.48,-1.44,-3.2374,317716.36,1380477.682
603667.SH,20250320,43.04,45.46,42.66,44.48,44.36,0.12,0.2705,345688.46,1524319.359
603667.SH,20250319,45.48,46.28,43.88,44.36,45.31,-0.95,-2.0967,353559.6,1585761.477
603667.SH,20250318,45.9,46.43,44.52,45.31,45.9,-0.59,-1.2854,294939.13,1335287.562
603667.SH,20250317,46.4,47.08,43.88,45.9,46.04,-0.14,-0.3041,503389.26,2291033.658
603667.SH,20250314,41.2,46.04,41.2,46.04,41.85,4.19,10.0119,606664.05,2707964.956
603667.SH,20250313,45.06,45.06,41.2,41.85,45.05,-3.2,-7.1032,354254.4,1501803.242
603667.SH,20250312,45.99,47.2,45.03,45.05,44.66,0.39,0.8733,406394.33,1866902.738
603667.SH,20250311,44.54,45.5,43.0,44.66,46.25,-1.59,-3.4378,365044.89,1615543.833
603667.SH,20250310,46.78,47.72,44.72,46.25,47.12,-0.87,-1.8463,394770.43,1805259.859
603667.SH,20250307,44.04,48.4,44.04,47.12,45.0,2.12,4.7111,628758.87,2924211.248
603667.SH,20250306,44.97,45.75,44.12,45.0,44.96,0.04,0.089,491349.72,2215913.578
603667.SH,20250305,44.01,46.0,43.99,44.96,44.94,0.02,0.0445,421767.76,1889619.739
603667.SH,20250304,43.29,46.01,43.0,44.94,43.29,1.65,3.8115,375820.49,1682842.147
603667.SH,20250303,47.09,47.31,42.24,43.29,46.58,-3.29,-7.0631,437147.89,1934444.075
603667.SH,20250228,47.01,49.34,44.19,46.58,49.1,-2.52,-5.1324,590272.38,2724839.037
603667.SH,20250227,52.16,52.16,47.88,49.1,53.2,-4.1,-7.7068,828012.42,4113127.125
603667.SH,20250226,48.5,53.2,48.5,53.2,48.36,4.84,10.0083,615608.88,3228888.916
603667.SH,20250225,43.45,49.64,43.3,48.36,45.13,3.23,7.1571,856477.52,3997248.731
603667.SH,20250224,43.0,47.36,41.59,45.13,43.05,2.08,4.8316,771748.99,3462524.389
603667.SH,20250221,43.3,44.15,42.02,43.05,43.76,-0.71,-1.6225,471359.39,2013536.367
603667.SH,20250220,43.32,46.27,42.36,43.76,43.35,0.41,0.9458,621564.55,2725685.204
603667.SH,20250219,40.33,43.65,40.33,43.35,40.81,2.54,6.224,509897.31,2180100.859
603667.SH,20250218,41.41,42.24,40.5,40.81,41.92,-1.11,-2.6479,342835.32,1412524.311
603667.SH,20250217,39.77,42.0,39.77,41.92,39.8,2.12,5.3266,473655.39,1941293.531
603667.SH,20250214,42.84,42.99,39.01,39.8,42.9,-3.1,-7.2261,646865.8,2610500.664
603667.SH,20250213,44.45,46.35,42.77,42.9,44.89,-1.99,-4.4331,561034.71,2486533.573
603667.SH,20250212,42.57,44.99,42.05,44.89,43.0,1.89,4.3953,623404.8,2734853.309
603667.SH,20250211,43.81,44.44,42.2,43.0,44.12,-1.12,-2.5385,579209.12,2503770.912
603667.SH,20250210,45.0,45.15,42.5,44.12,46.5,-2.38,-5.1183,770242.4,3390967.141
603667.SH,20250207,44.1,48.57,43.7,46.5,44.15,2.35,5.3228,1058338.97,4955455.078
603667.SH,20250206,42.0,45.22,41.5,44.15,42.06,2.09,4.9691,831450.87,3639653.971
603667.SH,20250205,43.0,44.26,41.4,42.06,43.46,-1.4,-3.2214,895526.98,3847414.404
603667.SH,20250127,47.8,47.81,43.46,43.46,48.29,-4.83,-10.0021,701148.53,3116683.687
603667.SH,20250124,42.38,48.29,42.15,48.29,43.9,4.39,10.0,945741.3,4305097.778
603667.SH,20250123,43.86,46.79,41.9,43.9,43.86,0.04,0.0912,916712.8,4080045.091
603667.SH,20250122,44.2,45.7,43.51,43.86,45.9,-2.04,-4.4444,732909.58,3245332.489
603667.SH,20250121,43.09,45.9,41.58,45.9,43.1,2.8,6.4965,1108325.27,4808293.367
603667.SH,20250120,39.91,45.0,39.66,43.1,42.01,1.09,2.5946,992184.71,4208358.716
603667.SH,20250117,41.7,43.77,40.34,42.01,40.3,1.71,4.2432,1042748.16,4379963.904
603667.SH,20250116,39.5,41.79,39.3,40.3,37.99,2.31,6.0805,1350848.03,5517281.7
603667.SH,20250115,37.99,37.99,37.99,37.99,34.54,3.45,9.9884,142008.79,539491.393
603667.SH,20250114,32.0,34.54,31.4,34.54,31.4,3.14,10.0,660773.31,2172046.283
603667.SH,20250113,33.81,34.21,30.55,31.4,31.1,0.3,0.9646,1219692.25,4013251.06
603667.SH,20250110,30.92,31.1,30.02,31.1,28.27,2.83,10.0106,332401.47,1026019.923
603667.SH,20250109,25.24,28.27,24.91,28.27,25.7,2.57,10.0,557275.93,1469778.372
301596.SZ,20260702,51.61,55.79,51.41,53.31,51.78,1.53,2.9548,26162.04,141549.76253
301596.SZ,20260701,50.08,53.1,50.08,51.78,50.4,1.38,2.7381,21221.1,110355.43352
301596.SZ,20260630,47.71,50.87,47.03,50.4,47.68,2.72,5.7047,18079.72,89245.49186
301596.SZ,20260629,48.1,48.1,45.41,47.68,48.12,-0.44,-0.9144,20192.97,94726.03216
301596.SZ,20260626,51.15,51.48,48.08,48.12,51.57,-3.45,-6.6899,26553.33,131015.67138
301596.SZ,20260625,54.66,54.8,51.07,51.57,54.66,-3.09,-5.6531,26735.3,139635.94698
301596.SZ,20260624,54.61,55.55,52.36,54.66,55.1,-0.44,-0.7985,21583.81,116590.56713
301596.SZ,20260623,55.73,56.8,54.0,55.1,56.6,-1.5,-2.6502,22129.04,122568.48152
301596.SZ,20260622,59.48,59.65,54.62,56.6,59.74,-3.14,-5.2561,37860.19,215056.70724
301596.SZ,20260618,56.24,59.99,55.83,59.74,56.38,3.36,5.9596,41094.08,239689.50254
301596.SZ,20260617,57.98,58.2,56.04,56.38,58.73,-2.35,-4.0014,25882.19,147580.41464
301596.SZ,20260616,57.23,58.8,56.63,58.73,57.2,1.53,2.6748,26309.92,151720.62507
301596.SZ,20260615,56.0,57.28,54.85,57.2,55.38,1.82,3.2864,24234.29,136331.17011
301596.SZ,20260612,58.1,58.5,55.0,55.38,57.66,-2.28,-3.9542,28573.78,161582.97776
301596.SZ,20260611,55.47,58.58,54.7,57.66,56.29,1.37,2.4338,27743.8,157613.74528
301596.SZ,20260610,80.06,83.69,77.89,79.0,81.2,-2.2,-2.7094,20955.17,168358.42106
301596.SZ,20260609,79.51,81.5,78.5,81.2,79.8,1.4,1.7544,22049.56,177024.6586
301596.SZ,20260608,77.9,81.44,77.43,79.8,80.75,-0.95,-1.1765,25889.77,207165.548
301596.SZ,20260605,75.35,83.8,72.11,80.75,75.5,5.25,6.9536,36384.12,283140.321
301596.SZ,20260604,72.86,77.29,72.0,75.5,73.61,1.89,2.5676,19488.93,146602.296
301596.SZ,20260603,71.81,76.43,71.56,73.61,72.3,1.31,1.8119,21430.55,159478.929
301596.SZ,20260602,73.58,75.01,71.2,72.3,73.12,-0.82,-1.1214,18831.51,136987.624
301596.SZ,20260601,76.43,76.83,72.82,73.12,76.2,-3.08,-4.042,16811.97,125152.962
301596.SZ,20260529,82.1,83.7,75.72,76.2,81.74,-5.54,-6.7776,24737.85,194325.017
301596.SZ,20260528,81.3,82.91,80.22,81.74,81.87,-0.13,-0.1588,19415.45,158290.413
301596.SZ,20260527,84.0,86.41,81.1,81.87,87.0,-5.13,-5.8966,29779.32,248014.967
301596.SZ,20260526,88.57,93.0,86.82,87.0,89.46,-2.46,-2.7498,33875.25,304445.128
301596.SZ,20260525,89.0,91.0,86.91,89.46,89.5,-0.04,-0.0447,28315.15,250302.951
301596.SZ,20260522,87.36,89.88,85.02,89.5,87.2,2.3,2.6376,39338.07,343696.633
301596.SZ,20260521,82.21,94.0,81.06,87.2,81.79,5.41,6.6145,52849.5,461690.285
301596.SZ,20260520,82.94,84.12,81.18,81.79,84.46,-2.67,-3.1613,26236.46,215399.504
301596.SZ,20260519,82.47,87.0,81.93,84.46,82.92,1.54,1.8572,38527.58,328195.132
301596.SZ,20260518,80.82,84.84,79.1,82.92,81.5,1.42,1.7423,43790.06,360768.781
301596.SZ,20260515,72.87,82.97,72.55,81.5,72.82,8.68,11.9198,47632.91,375537.394
301596.SZ,20260514,72.41,74.5,72.01,72.82,72.4,0.42,0.5801,15271.55,112119.158
301596.SZ,20260513,72.01,72.98,70.89,72.4,72.53,-0.13,-0.1792,10108.73,72818.053
301596.SZ,20260512,72.51,73.74,72.1,72.53,73.14,-0.61,-0.834,9071.35,66051.071
301596.SZ,20260511,75.37,75.5,72.32,73.14,72.57,0.57,0.7854,15044.67,110051.797
301596.SZ,20260508,70.48,73.33,69.59,72.57,70.49,2.08,2.9508,16705.49,120576.028
301596.SZ,20260507,68.36,70.59,68.02,70.49,68.36,2.13,3.1159,13947.26,97493.864
301596.SZ,20260506,68.55,69.5,67.8,68.36,68.54,-0.18,-0.2626,14734.38,100852.186
301596.SZ,20260430,67.12,69.14,67.12,68.54,67.68,0.86,1.2707,5139.31,35192.199
301596.SZ,20260429,66.8,68.0,66.68,67.68,67.31,0.37,0.5497,4884.92,33024.025
301596.SZ,20260428,68.78,69.0,66.79,67.31,69.09,-1.78,-2.5763,7171.04,48403.917
301596.SZ,20260427,66.98,70.66,66.38,69.09,66.41,2.68,4.0355,13823.3,95505.759
301596.SZ,20260424,67.3,67.88,65.63,66.41,67.29,-0.88,-1.3078,8265.23,55033.896
301596.SZ,20260423,72.52,72.56,66.97,67.29,73.46,-6.17,-8.3991,21285.03,146104.24
301596.SZ,20260422,73.96,74.48,72.72,73.46,74.2,-0.74,-0.9973,12058.81,88320.403
301596.SZ,20260421,70.91,75.57,70.52,74.2,70.84,3.36,4.7431,23583.5,173389.928
301596.SZ,20260420,70.0,71.4,69.6,70.84,69.91,0.93,1.3303,8724.62,61598.149
301596.SZ,20260417,69.63,70.17,69.22,69.91,70.25,-0.34,-0.484,5877.8,40945.599
301596.SZ,20260416,69.42,70.36,69.06,70.25,69.01,1.24,1.7968,7195.3,50200.87
301596.SZ,20260415,69.92,70.37,68.88,69.01,69.96,-0.95,-1.3579,6952.24,48439.854
301596.SZ,20260414,68.66,69.96,68.66,69.96,68.43,1.53,2.2359,8486.9,58945.14
301596.SZ,20260413,67.94,68.5,67.3,68.43,68.64,-0.21,-0.3059,6927.8,47123.923
301596.SZ,20260410,68.7,70.16,68.53,68.64,68.3,0.34,0.4978,8595.99,59502.317
301596.SZ,20260409,69.51,69.51,67.61,68.3,70.24,-1.94,-2.762,10054.2,68699.428
301596.SZ,20260408,69.47,70.36,68.16,70.24,67.54,2.7,3.9976,13156.2,91545.284
301596.SZ,20260407,67.78,67.78,66.6,67.54,67.79,-0.25,-0.3688,8268.44,55564.445
301596.SZ,20260403,69.1,70.48,66.5,67.79,70.03,-2.24,-3.1986,12529.02,85038.173
301596.SZ,20260402,71.08,71.25,68.59,70.03,72.16,-2.13,-2.9518,15983.15,111753.78
301596.SZ,20260401,65.39,75.0,65.16,72.16,64.18,7.98,12.4338,28804.74,206803.095
301596.SZ,20260331,65.0,65.5,64.09,64.18,64.87,-0.69,-1.0637,3677.2,23872.366
301596.SZ,20260330,64.03,65.1,63.62,64.87,64.94,-0.07,-0.1078,3406.4,21901.233
301596.SZ,20260327,64.89,65.5,64.0,64.94,65.26,-0.32,-0.4903,3305.0,21435.868
301596.SZ,20260326,66.77,66.98,64.9,65.26,66.66,-1.4,-2.1002,3481.0,22896.433
301596.SZ,20260325,64.13,66.78,63.26,66.66,64.24,2.42,3.7671,6784.2,44742.553
301596.SZ,20260324,63.75,64.25,62.0,64.24,62.5,1.74,2.784,6164.33,38865.129
301596.SZ,20260323,65.0,65.91,62.36,62.5,66.0,-3.5,-5.303,9941.2,63536.195
301596.SZ,20260320,67.24,67.83,66.0,66.0,67.04,-1.04,-1.5513,5708.18,38120.001
301596.SZ,20260319,69.0,69.0,66.83,67.04,69.59,-2.55,-3.6643,7133.8,48289.696
301596.SZ,20260318,68.86,69.76,68.37,69.59,68.51,1.08,1.5764,3932.69,27137.298
301596.SZ,20260317,70.67,70.67,68.5,68.51,69.16,-0.65,-0.9398,4652.2,32386.563
301596.SZ,20260316,69.34,69.59,68.5,69.16,69.03,0.13,0.1883,3773.12,26004.024
301596.SZ,20260313,69.8,70.48,68.88,69.03,69.9,-0.87,-1.2446,4315.8,30094.548
301596.SZ,20260312,71.13,71.44,69.3,69.9,71.29,-1.39,-1.9498,4742.88,33267.731
301596.SZ,20260311,72.71,72.88,70.89,71.29,72.5,-1.21,-1.669,5199.35,37234.813
301596.SZ,20260310,71.2,72.52,70.45,72.5,70.41,2.09,2.9683,8538.97,61442.035
301596.SZ,20260309,69.99,71.65,68.62,70.41,70.88,-0.47,-0.6631,6774.94,47224.688
301596.SZ,20260306,69.35,72.0,69.35,70.88,69.82,1.06,1.5182,7455.49,52820.376
301596.SZ,20260305,69.79,71.17,68.63,69.82,68.12,1.7,2.4956,7907.52,55189.296
301596.SZ,20260304,68.0,68.6,67.19,68.12,68.53,-0.41,-0.5983,6963.52,47334.123
301596.SZ,20260303,70.91,71.94,68.51,68.53,70.74,-2.21,-3.1241,10377.99,72355.915
301596.SZ,20260302,74.05,74.05,70.3,70.74,74.44,-3.7,-4.9704,13887.58,99234.237
301596.SZ,20260227,75.18,75.34,74.19,74.44,75.18,-0.74,-0.9843,4251.1,31649.045
301596.SZ,20260226,74.4,75.26,73.5,75.18,74.33,0.85,1.1435,6516.6,48472.277
301596.SZ,20260225,74.7,74.88,74.08,74.33,74.76,-0.43,-0.5752,6605.86,49138.571
301596.SZ,20260224,76.38,77.09,74.19,74.76,75.16,-0.4,-0.5322,8639.2,64965.691
301596.SZ,20260213,74.36,75.47,73.71,75.16,74.32,0.84,1.1302,6264.0,46955.292
301596.SZ,20260212,74.1,75.4,74.04,74.32,74.2,0.12,0.1617,5616.3,42042.498
301596.SZ,20260211,74.45,75.37,74.02,74.2,74.82,-0.62,-0.8287,3796.8,28183.467
301596.SZ,20260210,73.85,76.15,73.47,74.82,73.32,1.5,2.0458,11116.18,83432.746
301596.SZ,20260209,73.98,73.98,73.0,73.32,72.97,0.35,0.4796,4451.8,32688.994
301596.SZ,20260206,71.72,73.37,71.09,72.97,71.96,1.01,1.4036,6208.62,45093.019
301596.SZ,20260205,72.39,72.79,71.81,71.96,72.43,-0.47,-0.6489,4975.58,35964.725
301596.SZ,20260204,73.0,73.13,71.88,72.43,73.3,-0.87,-1.1869,5930.54,42923.902
301596.SZ,20260203,72.82,73.68,72.33,73.3,71.82,1.48,2.0607,6712.94,49101.349
301596.SZ,20260202,74.11,74.41,71.81,71.82,74.41,-2.59,-3.4807,9818.8,71905.496
301596.SZ,20260130,74.08,75.33,72.3,74.41,73.15,1.26,1.7225,8463.0,62587.947
301596.SZ,20260129,75.6,76.36,73.15,73.15,75.6,-2.45,-3.2407,9703.6,72339.482
301596.SZ,20260128,77.97,79.67,75.6,75.6,77.4,-1.8,-2.3256,12463.5,96079.351
301596.SZ,20260127,77.29,77.46,73.6,77.4,77.0,0.4,0.5195,11379.6,86156.151
301596.SZ,20260126,79.81,81.2,76.41,77.0,79.9,-2.9,-3.6295,13397.13,104438.735
301596.SZ,20260123,79.93,80.61,79.21,79.9,79.44,0.46,0.5791,9038.65,72083.585
301596.SZ,20260122,81.01,81.76,79.26,79.44,81.02,-1.58,-1.9501,9561.89,76645.525
301596.SZ,20260121,80.0,81.2,79.21,81.02,80.16,0.86,1.0729,9320.82,75218.048
301596.SZ,20260120,81.41,83.35,79.52,80.16,81.47,-1.31,-1.608,12842.42,103920.072
301596.SZ,20260119,82.6,82.92,80.33,81.47,81.28,0.19,0.2338,10525.18,85616.394
301596.SZ,20260116,78.9,82.65,78.33,81.28,78.88,2.4,3.0426,19604.33,158479.767
301596.SZ,20260115,77.96,78.88,77.2,78.88,78.43,0.45,0.5738,9154.8,71781.247
301596.SZ,20260114,79.0,79.97,77.07,78.43,79.01,-0.58,-0.7341,16169.56,127194.043
301596.SZ,20260113,80.99,81.5,78.7,79.01,80.92,-1.91,-2.3604,14192.98,113460.199
301596.SZ,20260112,79.11,81.97,78.43,80.92,78.73,2.19,2.7817,20119.01,161284.26
301596.SZ,20260109,78.39,79.49,77.7,78.73,78.39,0.34,0.4337,12387.83,97489.452
301596.SZ,20260108,77.4,79.23,77.4,78.39,77.66,0.73,0.94,10305.44,80898.39
301596.SZ,20260107,79.0,79.88,77.37,77.66,79.0,-1.34,-1.6962,12673.89,99091.989
301596.SZ,20260106,78.3,79.99,77.63,79.0,78.64,0.36,0.4578,13212.72,104337.054
301596.SZ,20260105,78.08,78.65,76.9,78.64,78.62,0.02,0.0254,13625.81,106120.994
301596.SZ,20251231,79.0,79.58,77.11,78.62,78.9,-0.28,-0.3549,15009.24,117587.637
301596.SZ,20251230,75.5,79.68,75.0,78.9,75.76,3.14,4.1447,21816.71,169437.37
301596.SZ,20251229,74.0,76.51,73.9,75.76,74.28,1.48,1.9925,11086.0,83697.074
301596.SZ,20251226,74.8,75.35,73.78,74.28,74.84,-0.56,-0.7483,8386.92,62536.312
301596.SZ,20251225,72.47,74.99,72.47,74.84,72.66,2.18,3.0003,10661.58,79153.942
301596.SZ,20251224,72.68,72.81,72.05,72.66,72.61,0.05,0.0689,4141.0,30000.053
301596.SZ,20251223,73.6,73.93,72.4,72.61,73.98,-1.37,-1.8519,6381.92,46552.502
301596.SZ,20251222,71.25,74.49,71.19,73.98,70.32,3.66,5.2048,11823.47,86564.058
301596.SZ,20251219,69.8,70.88,69.77,70.32,69.6,0.72,1.0345,3659.86,25797.437
301596.SZ,20251218,69.75,70.78,69.0,69.6,69.88,-0.28,-0.4007,3900.66,27373.086
301596.SZ,20251217,69.1,70.17,68.44,69.88,69.32,0.56,0.8078,4805.31,33232.952
301596.SZ,20251216,71.15,71.39,69.3,69.32,71.15,-1.83,-2.572,5825.01,40688.35
301596.SZ,20251215,72.69,72.77,71.03,71.15,72.86,-1.71,-2.347,5096.37,36626.07
301596.SZ,20251212,72.7,73.62,72.01,72.86,72.71,0.15,0.2063,5966.93,43472.972
301596.SZ,20251211,74.71,74.79,72.7,72.71,74.49,-1.78,-2.3896,5948.19,43644.591
301596.SZ,20251210,74.11,74.96,73.62,74.49,74.3,0.19,0.2557,5731.28,42532.311
301596.SZ,20251209,74.99,75.38,74.06,74.3,75.14,-0.84,-1.1179,4857.2,36279.442
301596.SZ,20251208,74.79,75.18,74.3,75.14,74.36,0.78,1.049,5781.72,43295.888
301596.SZ,20251205,72.61,74.36,72.38,74.36,73.08,1.28,1.7515,5100.52,37653.736
301596.SZ,20251204,74.0,74.59,72.52,73.08,72.54,0.54,0.7444,5278.0,38755.386
301596.SZ,20251203,73.02,74.65,72.35,72.54,73.77,-1.23,-1.6673,4236.92,30913.593
301596.SZ,20251202,74.12,74.77,73.6,73.77,74.7,-0.93,-1.245,3779.4,27966.735
301596.SZ,20251201,73.5,74.98,73.3,74.7,73.36,1.34,1.8266,6078.8,45246.02
301596.SZ,20251128,72.85,73.43,71.61,73.36,72.54,0.82,1.1304,4231.6,30774.649
301596.SZ,20251127,71.7,72.88,71.7,72.54,71.84,0.7,0.9744,4099.96,29682.592
301596.SZ,20251126,72.3,72.9,71.77,71.84,72.3,-0.46,-0.6362,4551.68,32935.465
301596.SZ,20251125,72.5,73.49,72.16,72.3,72.16,0.14,0.194,4852.02,35317.656
301596.SZ,20251124,70.98,72.38,70.47,72.16,70.5,1.66,2.3546,6558.71,46983.831
301596.SZ,20251121,71.99,72.5,69.91,70.5,72.26,-1.76,-2.4356,8278.11,59019.874
301596.SZ,20251120,73.37,73.97,72.16,72.26,73.37,-1.11,-1.5129,4502.4,32716.746
301596.SZ,20251119,74.61,74.87,73.17,73.37,74.58,-1.21,-1.6224,5157.99,38033.142
301596.SZ,20251118,75.01,75.65,74.07,74.58,75.64,-1.06,-1.4014,5433.0,40561.135
301596.SZ,20251117,75.08,75.79,74.85,75.64,75.14,0.5,0.6654,4982.6,37484.144
301596.SZ,20251114,74.92,76.68,74.5,75.14,75.28,-0.14,-0.186,6479.3,49051.035
301596.SZ,20251113,75.35,75.94,74.78,75.28,75.31,-0.03,-0.0398,6287.9,47313.366
301596.SZ,20251112,76.02,76.42,74.75,75.31,76.3,-0.99,-1.2975,5990.87,45214.26
301596.SZ,20251111,76.98,77.66,76.0,76.3,76.88,-0.58,-0.7544,5621.72,43075.133
301596.SZ,20251110,77.76,78.38,76.67,76.88,77.7,-0.82,-1.0553,5752.45,44336.176
301596.SZ,20251107,79.55,79.55,77.4,77.7,79.5,-1.8,-2.2642,8781.2,68416.261
301596.SZ,20251106,78.88,80.24,78.32,79.5,78.77,0.73,0.9267,7877.2,62586.213
301596.SZ,20251105,78.2,79.23,77.5,78.77,78.62,0.15,0.1908,5435.4,42730.931
301596.SZ,20251104,80.96,80.96,78.2,78.62,80.96,-2.34,-2.8903,7611.4,60218.512
301596.SZ,20251103,81.57,81.97,80.1,80.96,81.35,-0.39,-0.4794,5506.2,44469.588
301596.SZ,20251031,80.46,82.0,80.2,81.35,80.46,0.89,1.1061,7207.4,58700.092
301596.SZ,20251030,82.3,82.79,80.43,80.46,82.44,-1.98,-2.4017,7827.8,63637.941
301596.SZ,20251029,81.5,82.78,81.5,82.44,82.05,0.39,0.4753,7092.04,58247.443
301596.SZ,20251028,82.46,83.36,81.8,82.05,82.46,-0.41,-0.4972,7833.38,64676.598
301596.SZ,20251027,82.19,82.8,81.2,82.46,80.67,1.79,2.2189,10307.6,84539.456
301596.SZ,20251024,78.9,82.36,78.9,80.67,78.88,1.79,2.2693,9313.8,75257.494
301596.SZ,20251023,78.75,79.35,77.61,78.88,78.87,0.01,0.0127,6097.6,47726.415
301596.SZ,20251022,79.4,80.08,78.5,78.87,79.4,-0.53,-0.6675,5718.2,45344.283
301596.SZ,20251021,79.3,79.97,78.5,79.4,79.3,0.1,0.1261,6330.6,50147.477
301596.SZ,20251020,77.5,80.12,77.5,79.3,77.11,2.19,2.8401,10580.56,83851.875
301596.SZ,20251017,80.4,80.51,77.03,77.11,80.26,-3.15,-3.9247,11625.56,91525.92
301596.SZ,20251016,81.51,82.0,80.05,80.26,82.21,-1.95,-2.372,9360.2,75587.727
301596.SZ,20251015,81.09,82.88,80.02,82.21,81.08,1.13,1.3937,12021.85,98291.403
301596.SZ,20251014,84.38,85.88,80.81,81.08,84.3,-3.22,-3.8197,16705.26,138550.17
301596.SZ,20251013,83.4,85.01,81.0,84.3,88.0,-3.7,-4.2045,20445.97,170455.533
301596.SZ,20251010,90.0,93.94,87.32,88.0,89.09,-1.09,-1.2235,26444.9,240195.26
301596.SZ,20251009,89.23,90.44,86.66,89.09,89.28,-0.19,-0.2128,12844.4,114275.459
301596.SZ,20250930,88.63,91.47,88.03,89.28,88.43,0.85,0.9612,14936.2,133651.567
301596.SZ,20250929,89.2,90.19,87.87,88.43,89.25,-0.82,-0.9188,12029.42,106566.245
301596.SZ,20250926,91.32,92.7,89.25,89.25,92.48,-3.23,-3.4926,12473.8,113384.104
301596.SZ,20250925,92.0,92.98,91.24,92.48,92.39,0.09,0.0974,13818.65,127438.653
301596.SZ,20250924,89.0,92.74,88.0,92.39,89.58,2.81,3.1369,15689.62,142724.888
301596.SZ,20250923,92.0,92.32,87.78,89.58,91.99,-2.41,-2.6198,16149.2,144321.155
301596.SZ,20250922,91.48,93.13,91.42,92.39,91.48,0.91,0.9948,11845.85,109224.797
301596.SZ,20250919,93.41,94.77,90.7,91.48,93.86,-2.38,-2.5357,18589.42,171428.116
301596.SZ,20250918,95.04,97.9,92.6,93.86,94.9,-1.04,-1.0959,29620.79,283537.693
301596.SZ,20250917,94.6,96.13,94.06,94.9,95.1,-0.2,-0.2103,19302.41,183264.558
301596.SZ,20250916,91.23,95.5,91.19,95.1,91.23,3.87,4.242,31001.9,291478.461
301596.SZ,20250915,91.01,93.31,90.26,91.23,91.14,0.09,0.0987,15565.57,143155.316
301596.SZ,20250912,92.66,92.88,90.02,91.14,92.66,-1.52,-1.6404,16120.35,147202.157
301596.SZ,20250911,87.01,93.0,86.56,92.66,87.4,5.26,6.0183,29000.72,263143.566
301596.SZ,20250910,87.39,89.58,86.86,87.4,88.18,-0.78,-0.8846,10339.8,90967.188
301596.SZ,20250909,89.99,89.99,87.7,88.18,90.73,-2.55,-2.8105,13783.87,121756.177
301596.SZ,20250908,87.24,91.6,86.2,90.73,86.96,3.77,4.3353,21108.19,190224.136
301596.SZ,20250905,84.6,87.0,84.01,86.96,84.38,2.58,3.0576,11213.18,96466.809
301596.SZ,20250904,87.31,88.98,82.65,84.38,87.22,-2.84,-3.2561,17269.54,148082.868
301596.SZ,20250903,90.68,92.6,87.21,87.22,90.84,-3.62,-3.985,16620.9,147935.392
301596.SZ,20250902,92.99,93.3,87.19,90.84,92.58,-1.74,-1.8795,30226.5,272637.891
301596.SZ,20250901,91.04,93.3,90.8,92.58,91.21,1.37,1.502,16111.6,148789.858
301596.SZ,20250829,93.0,94.45,90.68,91.21,93.27,-2.06,-2.2086,23487.14,216832.612
301596.SZ,20250828,93.55,95.78,90.5,93.27,93.98,-0.71,-0.7555,26539.76,246427.546
301596.SZ,20250827,94.25,100.48,93.55,93.98,93.05,0.93,0.9995,39390.3,379361.722
301596.SZ,20250826,94.92,95.04,93.0,93.05,95.39,-2.34,-2.4531,17194.6,161559.756
301596.SZ,20250825,94.46,96.66,94.3,95.39,94.55,0.84,0.8884,23725.2,226275.853
301596.SZ,20250822,94.0,96.2,92.62,94.55,93.92,0.63,0.6708,22279.0,210255.315
301596.SZ,20250821,94.48,99.0,92.67,93.92,94.29,-0.37,-0.3924,31108.33,296432.09
301596.SZ,20250820,94.2,94.78,92.57,94.29,94.9,-0.61,-0.6428,19719.28,184653.068
301596.SZ,20250819,93.41,96.58,91.3,94.9,93.27,1.63,1.7476,33394.78,314023.04
301596.SZ,20250818,92.18,93.88,91.27,93.27,92.18,1.09,1.1825,23961.48,221629.47
301596.SZ,20250815,90.83,92.53,90.6,92.18,90.83,1.35,1.4863,19813.8,181516.402
301596.SZ,20250814,93.0,93.5,89.8,90.83,92.28,-1.45,-1.5713,23840.51,218069.302
301596.SZ,20250813,89.99,93.39,89.01,92.28,90.18,2.1,2.3287,27061.48,247329.762
301596.SZ,20250812,89.19,91.86,88.27,90.18,89.05,1.13,1.269,21021.4,189479.439
301596.SZ,20250811,88.88,90.56,88.6,89.05,88.8,0.25,0.2815,13845.91,124051.531
301596.SZ,20250808,91.0,91.0,88.68,88.8,91.54,-2.74,-2.9932,14958.47,133643.495
301596.SZ,20250807,90.21,92.18,89.21,91.54,91.24,0.3,0.3288,20834.07,188731.317
301596.SZ,20250806,88.91,92.2,87.58,91.24,90.66,0.58,0.6398,29702.8,267075.295
301596.SZ,20250805,92.47,92.8,89.86,90.66,91.6,-0.94,-1.0262,17968.86,163060.479
301596.SZ,20250804,86.81,92.88,86.77,91.6,86.98,4.62,5.3116,30486.64,276463.078
301596.SZ,20250801,85.01,87.77,84.64,86.98,85.41,1.57,1.8382,17169.8,148573.817
301596.SZ,20250731,83.88,87.99,83.82,85.41,84.48,0.93,1.1009,18403.0,159067.358
301596.SZ,20250730,86.22,86.22,83.61,84.48,86.46,-1.98,-2.2901,11545.6,97886.483
301596.SZ,20250729,86.02,87.09,85.5,86.46,86.8,-0.34,-0.3917,9300.8,80159.61
301596.SZ,20250728,88.56,88.56,86.28,86.8,87.08,-0.28,-0.3215,8424.2,73306.185
301596.SZ,20250725,86.36,87.48,85.86,87.08,86.36,0.72,0.8337,11572.0,100386.37
301596.SZ,20250724,85.4,87.65,85.4,86.36,85.4,0.96,1.1241,11067.8,96037.504
301596.SZ,20250723,85.95,86.17,85.1,85.4,86.28,-0.88,-1.0199,9117.8,77971.452
301596.SZ,20250722,87.61,87.8,85.91,86.28,87.66,-1.38,-1.5743,12598.2,109221.109
301596.SZ,20250721,86.48,88.46,85.71,87.66,85.75,1.91,2.2274,17697.0,154416.437
301596.SZ,20250718,86.58,86.58,85.2,85.75,85.93,-0.18,-0.2095,8716.72,74702.539
301596.SZ,20250717,86.15,87.88,85.0,85.93,86.08,-0.15,-0.1743,14476.4,125052.692
301596.SZ,20250716,83.77,86.75,83.54,86.08,83.77,2.31,2.7576,16389.2,140404.158
301596.SZ,20250715,84.51,85.5,82.86,83.77,84.51,-0.74,-0.8756,11309.15,94785.578
301596.SZ,20250714,82.16,85.82,82.16,84.51,82.59,1.92,2.3247,13951.4,117596.157
301596.SZ,20250711,80.51,83.39,80.23,82.59,80.99,1.6,1.9756,9835.4,80751.369
301596.SZ,20250710,82.18,82.71,80.4,80.99,82.68,-1.69,-2.044,9623.6,78022.34
301596.SZ,20250709,82.15,84.5,82.15,82.68,82.15,0.53,0.6452,11512.8,96190.443
301596.SZ,20250708,81.12,82.8,80.56,82.15,81.16,0.99,1.2198,7255.0,59586.182
301596.SZ,20250707,82.51,82.51,81.02,81.16,82.5,-1.34,-1.6242,5746.4,46686.352
301596.SZ,20250704,82.25,85.8,81.55,82.5,83.08,-0.58,-0.6981,9205.6,76347.679
301596.SZ,20250703,83.32,83.83,82.22,83.08,83.32,-0.24,-0.288,6535.0,54139.646
301596.SZ,20250702,86.08,87.0,82.98,83.32,86.09,-2.77,-3.2176,9369.35,78998.576
301596.SZ,20250701,87.4,87.4,85.78,86.09,87.42,-1.33,-1.5214,8069.2,69576.894
301596.SZ,20250630,86.0,88.71,86.0,87.42,85.69,1.73,2.0189,11234.0,98506.972
301596.SZ,20250627,86.08,87.48,85.39,85.69,86.06,-0.37,-0.4299,8782.2,75439.461
301596.SZ,20250626,87.4,88.0,85.86,86.06,87.41,-1.35,-1.5444,10039.87,87274.868
301596.SZ,20250625,87.0,88.0,85.46,87.41,86.99,0.42,0.4828,14535.07,126123.874
301596.SZ,20250624,83.73,87.85,83.16,86.99,83.72,3.27,3.9059,15556.07,134151.472
301596.SZ,20250623,79.39,83.97,78.29,83.72,79.6,4.12,5.1759,11254.8,92036.255
301596.SZ,20250620,82.46,82.97,79.5,79.6,83.06,-3.46,-4.1657,8826.13,71179.694
301596.SZ,20250619,120.0,121.29,116.5,116.84,120.13,-3.29,-2.7387,7569.89,90241.33
301596.SZ,20250618,117.0,120.6,116.8,120.13,117.79,2.34,1.9866,6285.0,74712.654
301596.SZ,20250617,117.5,119.3,116.9,117.79,117.16,0.63,0.5377,4465.0,52533.218
301596.SZ,20250616,116.88,118.63,116.51,117.16,117.4,-0.24,-0.2044,3999.21,46988.204
301596.SZ,20250613,118.9,120.37,117.1,117.4,118.95,-1.55,-1.3031,4700.0,55631.553
301596.SZ,20250612,118.0,120.49,116.01,118.95,118.21,0.74,0.626,5191.0,61788.525
301596.SZ,20250611,118.9,119.07,117.0,118.21,118.01,0.2,0.1695,3772.0,44677.606
301596.SZ,20250610,120.58,120.58,115.63,118.01,120.12,-2.11,-1.7566,7693.0,90536.391
301596.SZ,20250609,121.65,122.55,119.7,120.12,121.45,-1.33,-1.0951,7229.0,87351.564
301596.SZ,20250606,123.0,123.01,120.6,121.45,123.1,-1.65,-1.3404,5158.0,62580.793
301596.SZ,20250605,120.83,123.68,119.02,123.1,120.86,2.24,1.8534,6791.0,82638.598
301596.SZ,20250604,119.51,122.16,119.51,120.86,120.08,0.78,0.6496,4438.0,53685.587
301596.SZ,20250603,118.0,121.01,117.71,120.08,119.8,0.28,0.2337,4003.0,48063.243
301596.SZ,20250530,122.91,122.91,118.34,119.8,123.67,-3.87,-3.1293,7831.98,94239.073
301596.SZ,20250529,121.0,124.5,121.0,123.67,120.86,2.81,2.325,8628.0,106286.081
301596.SZ,20250528,123.8,124.63,120.15,120.86,123.8,-2.94,-2.3748,8386.0,102313.342
301596.SZ,20250527,126.0,126.36,122.6,123.8,125.89,-2.09,-1.6602,7393.0,91772.352
301596.SZ,20250526,126.13,126.41,124.09,125.89,127.4,-1.51,-1.1852,8320.0,104038.935
301596.SZ,20250523,124.45,133.87,124.1,127.4,125.03,2.37,1.8955,15299.38,197677.714
301596.SZ,20250522,125.42,128.03,124.8,125.03,126.3,-1.27,-1.0055,5746.38,72421.726
301596.SZ,20250521,127.72,128.04,125.05,126.3,128.09,-1.79,-1.3975,7510.0,94839.322
301596.SZ,20250520,129.92,130.3,126.7,128.09,129.92,-1.83,-1.4086,8489.91,108863.12
301596.SZ,20250519,135.0,135.3,126.98,129.92,136.52,-6.6,-4.8345,17013.91,220141.112
301596.SZ,20250516,131.08,139.22,131.02,136.52,132.43,4.09,3.0884,20633.0,281416.8
301596.SZ,20250515,129.9,136.17,127.28,132.43,129.01,3.42,2.651,20333.0,269170.462
301596.SZ,20250514,126.99,131.5,125.31,129.01,127.85,1.16,0.9073,10587.03,136753.585
301596.SZ,20250513,129.0,130.88,127.0,127.85,127.85,0.0,0.0,12316.0,158759.919
301596.SZ,20250512,125.55,130.97,125.55,127.85,123.98,3.87,3.1215,16382.0,210562.9
301596.SZ,20250509,130.02,131.0,121.05,123.98,132.08,-8.1,-6.1326,18706.03,232920.679
301596.SZ,20250508,127.8,134.99,126.89,132.08,127.8,4.28,3.349,19759.0,261144.677
301596.SZ,20250507,129.58,131.77,125.41,127.8,128.28,-0.48,-0.3742,16937.0,217996.958
301596.SZ,20250506,125.5,129.95,123.0,128.28,123.82,4.46,3.602,19830.0,249911.575
301596.SZ,20250430,117.98,124.8,115.67,123.82,116.68,7.14,6.1193,18921.0,229295.046
301596.SZ,20250429,113.08,117.43,112.3,116.68,114.14,2.54,2.2253,10692.0,123609.769
301596.SZ,20250428,114.29,115.87,112.86,114.14,114.3,-0.16,-0.14,7076.0,80788.94
301596.SZ,20250425,114.88,116.0,112.6,114.3,115.53,-1.23,-1.0647,8881.0,101830.027
301596.SZ,20250424,117.71,120.28,114.6,115.53,118.7,-3.17,-2.6706,12008.0,140597.23
301596.SZ,20250423,114.68,120.77,113.96,118.7,113.16,5.54,4.8957,18130.0,213680.337
301596.SZ,20250422,114.87,115.99,112.8,113.16,115.85,-2.69,-2.322,7185.0,81783.225
301596.SZ,20250421,110.44,116.5,109.91,115.85,111.69,4.16,3.7246,10496.0,119235.126
301596.SZ,20250418,112.61,114.83,111.11,111.69,113.51,-1.82,-1.6034,6561.0,73572.886
301596.SZ,20250417,114.81,116.75,113.5,113.51,114.83,-1.32,-1.1495,7561.0,86918.084
301596.SZ,20250416,116.45,117.23,113.3,114.83,116.46,-1.63,-1.3996,8435.0,97090.155
301596.SZ,20250415,118.68,119.48,115.06,116.46,118.28,-1.82,-1.5387,9921.0,115759.479
301596.SZ,20250414,116.0,120.28,115.98,118.28,114.02,4.26,3.7362,12848.0,151860.845
301596.SZ,20250411,110.24,115.85,110.07,114.02,111.82,2.2,1.9674,13660.0,155502.105
301596.SZ,20250410,114.52,115.9,110.0,111.82,107.17,4.65,4.3389,17186.0,194540.281
301596.SZ,20250409,99.0,108.5,91.9,107.17,102.98,4.19,4.0688,18380.0,187306.036
301596.SZ,20250408,101.1,107.2,99.52,102.98,100.8,2.18,2.1627,16772.0,172679.016
301596.SZ,20250407,111.16,119.0,100.8,100.8,126.0,-25.2,-20.0,17527.0,189800.353
301596.SZ,20250403,129.5,134.0,125.72,126.0,132.33,-6.33,-4.7835,13134.39,169307.706
301596.SZ,20250402,127.12,135.55,127.12,132.33,126.22,6.11,4.8408,19179.0,252613.751
301596.SZ,20250401,128.52,129.32,126.13,126.22,128.98,-2.76,-2.1399,9288.0,118333.463
301596.SZ,20250331,131.88,132.53,123.58,128.98,134.2,-5.22,-3.8897,14791.0,187394.955
301596.SZ,20250328,136.3,138.54,133.68,134.2,136.28,-2.08,-1.5263,8995.0,121787.741
301596.SZ,20250327,138.59,140.4,135.6,136.28,139.15,-2.87,-2.0625,8477.1,116990.834
301596.SZ,20250326,136.99,143.5,136.0,139.15,138.6,0.55,0.3968,9463.1,132890.731
301596.SZ,20250325,142.19,144.0,137.53,138.6,142.18,-3.58,-2.5179,11270.0,158300.128
301596.SZ,20250324,142.62,146.09,137.69,142.18,143.79,-1.61,-1.1197,15046.71,212387.422
301596.SZ,20250321,154.0,154.0,143.01,143.79,155.67,-11.88,-7.6315,22317.0,326141.788
301596.SZ,20250320,162.16,162.95,153.86,155.67,162.78,-7.11,-4.3679,20862.72,326845.452
301596.SZ,20250319,159.85,172.0,156.38,162.78,161.66,1.12,0.6928,27890.0,454118.478
301596.SZ,20250318,164.0,166.64,159.0,161.66,164.98,-3.32,-2.0124,24839.0,402190.914
301596.SZ,20250317,144.8,166.0,143.8,164.98,144.35,20.63,14.2917,42014.99,653096.835
301596.SZ,20250314,137.2,145.33,135.1,144.35,138.46,5.89,4.2539,20554.96,288605.038
301596.SZ,20250313,151.0,153.0,136.68,138.46,153.55,-15.09,-9.8274,28249.0,404341.123
301596.SZ,20250312,147.0,155.5,145.0,153.55,146.22,7.33,5.013,31879.0,481798.184
301596.SZ,20250311,143.0,148.5,142.6,146.22,146.0,0.22,0.1507,14900.91,216159.506
301596.SZ,20250310,149.0,149.5,143.01,146.0,148.8,-2.8,-1.8817,16224.0,237204.62
301596.SZ,20250307,145.0,154.07,143.38,148.8,145.6,3.2,2.1978,23283.0,347345.334
301596.SZ,20250306,147.5,152.15,145.0,145.6,143.99,1.61,1.1181,20182.18,298049.991
301596.SZ,20250305,142.69,145.88,140.51,143.99,143.17,0.82,0.5727,17495.0,250849.234
301596.SZ,20250304,133.0,145.66,132.2,143.17,133.73,9.44,7.059,26231.98,368374.378
301596.SZ,20250303,135.5,137.45,132.0,133.73,135.56,-1.83,-1.35,18625.44,251153.692
301596.SZ,20250228,149.99,150.87,135.01,135.56,152.31,-16.75,-10.9973,30646.6,429428.156
301596.SZ,20250227,151.82,157.95,147.02,152.31,153.0,-0.69,-0.451,32550.73,497915.672
301596.SZ,20250226,146.58,159.0,144.85,153.0,144.85,8.15,5.6265,45209.18,692952.472
301596.SZ,20250225,144.02,148.88,142.9,144.85,147.47,-2.62,-1.7766,22210.0,322752.752
301596.SZ,20250224,149.0,152.59,143.0,147.47,151.45,-3.98,-2.6279,26995.13,398038.331
301596.SZ,20250221,148.0,152.73,145.5,151.45,149.73,1.72,1.1487,29427.82,438482.65
301596.SZ,20250220,152.99,153.06,146.5,149.73,156.2,-6.47,-4.1421,34165.0,511820.748
301596.SZ,20250219,141.0,159.5,141.0,156.2,143.2,13.0,9.0782,41659.0,637684.716
301596.SZ,20250218,149.53,149.94,142.48,143.2,153.0,-9.8,-6.4052,28241.0,411064.241
301596.SZ,20250217,143.88,153.84,143.39,153.0,145.57,7.43,5.1041,38896.07,579274.056
301596.SZ,20250214,149.88,150.0,143.4,145.57,151.13,-5.56,-3.679,37787.81,551267.961
301596.SZ,20250213,160.6,167.08,151.13,151.13,163.03,-11.9,-7.2993,48290.74,762313.028
301596.SZ,20250212,152.0,173.01,148.38,163.03,153.68,9.35,6.0841,56615.75,913618.385
301596.SZ,20250211,156.0,161.28,151.5,153.68,159.01,-5.33,-3.352,53173.01,825663.266
301596.SZ,20250210,135.0,166.0,132.99,159.01,139.08,19.93,14.3299,76524.24,1144641.209
301596.SZ,20250207,122.8,146.3,121.0,139.08,121.92,17.16,14.0748,73158.42,986353.424
301596.SZ,20250206,108.95,128.4,108.3,121.92,109.88,12.04,10.9574,42282.38,511858.906
301596.SZ,20250205,104.51,114.5,104.51,109.88,104.21,5.67,5.4409,25518.0,279033.996
301596.SZ,20250127,109.99,110.05,104.11,104.21,109.99,-5.78,-5.255,21348.0,225490.688
301596.SZ,20250124,106.0,110.46,104.66,109.99,107.41,2.58,2.402,28075.38,303906.16
301596.SZ,20250123,104.56,110.28,103.02,107.41,103.75,3.66,3.5277,28346.0,304854.13
301596.SZ,20250122,106.15,106.94,103.0,103.75,108.1,-4.35,-4.0241,19108.0,200146.978
301596.SZ,20250121,105.8,108.28,104.23,108.1,105.38,2.72,2.5811,26231.0,280097.495
301596.SZ,20250120,110.5,111.05,105.28,105.38,109.48,-4.1,-3.745,27094.54,289175.266
301596.SZ,20250117,101.18,111.41,101.18,109.48,102.5,6.98,6.8098,38935.26,420454.402
301596.SZ,20250116,105.6,107.2,101.69,102.5,104.96,-2.46,-2.3438,18785.0,196109.022
301596.SZ,20250115,107.0,108.55,104.2,104.96,106.44,-1.48,-1.3905,22362.0,236307.739
301596.SZ,20250114,98.56,106.57,98.56,106.44,99.05,7.39,7.4609,34981.0,362582.257
301596.SZ,20250113,97.3,106.68,97.3,99.05,100.91,-1.86,-1.8432,28160.8,286855.624
301596.SZ,20250110,95.18,109.87,95.18,100.91,96.3,4.61,4.7871,31606.76,324929.029
301596.SZ,20250109,93.79,98.3,93.15,96.3,94.79,1.51,1.593,16537.0,158281.244
000795.SZ,20260702,9.52,9.96,9.25,9.7,9.52,0.18,1.8908,778390.07,757936.50362
000795.SZ,20260701,8.62,9.52,8.59,9.52,8.65,0.87,10.0578,348910.01,327937.00868
000795.SZ,20260630,8.47,8.72,8.27,8.65,8.44,0.21,2.4882,196370.34,167438.40745
000795.SZ,20260629,8.36,8.55,8.28,8.44,8.49,-0.05,-0.5889,169594.97,142111.33632
000795.SZ,20260626,9.02,9.09,8.49,8.49,9.17,-0.68,-7.4155,362277.09,316405.69397
000795.SZ,20260625,9.3,9.48,8.91,9.17,9.37,-0.2,-2.1345,415731.83,379413.17279
000795.SZ,20260624,9.6,9.74,9.2,9.37,9.69,-0.32,-3.3024,379403.02,356793.00128
000795.SZ,20260623,10.08,10.08,9.52,9.69,10.18,-0.49,-4.8134,527512.91,518419.57339
000795.SZ,20260622,9.86,10.18,9.73,10.18,9.84,0.34,3.4553,760743.05,757953.12957
000795.SZ,20260618,9.25,9.85,9.21,9.84,9.34,0.5,5.3533,647946.21,624077.00831
000795.SZ,20260617,9.51,9.59,9.23,9.34,9.67,-0.33,-3.4126,407724.94,381607.83258
000795.SZ,20260616,9.2,9.8,9.17,9.67,9.28,0.39,4.2026,572525.0,549124.1592
000795.SZ,20260615,9.38,9.41,9.19,9.28,9.32,-0.04,-0.4292,290750.0,270006.158
000795.SZ,20260612,9.21,9.45,8.99,9.32,9.14,0.18,1.9694,367103.04,340400.62369
000795.SZ,20260611,9.36,9.41,8.94,9.14,9.43,-0.29,-3.0753,326755.44,298297.58513
000795.SZ,20260610,9.17,9.57,9.16,9.43,9.31,0.12,1.2889,394996.0,370813.38451
000795.SZ,20260609,9.03,9.31,8.87,9.31,8.9,0.41,4.6067,344542.69,316641.78543
000795.SZ,20260608,9.08,9.27,8.82,8.9,9.2,-0.3,-3.2609,239577.49,216268.998
000795.SZ,20260605,8.92,9.34,8.81,9.2,9.03,0.17,1.8826,296298.79,270714.606
000795.SZ,20260604,8.98,9.1,8.71,9.03,9.05,-0.02,-0.221,213509.31,189531.759
000795.SZ,20260603,8.82,9.12,8.76,9.05,8.83,0.22,2.4915,185065.14,166351.273
000795.SZ,20260602,8.86,9.0,8.74,8.95,8.85,0.1,1.1299,130283.26,115734.103
000795.SZ,20260601,8.79,8.96,8.78,8.85,8.83,0.02,0.2265,112573.14,99924.548
000795.SZ,20260529,9.2,9.28,8.79,8.83,9.26,-0.43,-4.6436,245648.72,220284.85
000795.SZ,20260528,8.8,9.27,8.77,9.26,8.79,0.47,5.347,286689.48,262221.382
000795.SZ,20260527,9.02,9.11,8.74,8.79,9.07,-0.28,-3.0871,152040.0,134716.64
000795.SZ,20260526,9.02,9.14,8.95,9.07,9.08,-0.01,-0.1101,122385.02,110599.099
000795.SZ,20260525,9.1,9.16,8.93,9.08,9.1,-0.02,-0.2198,122189.48,110315.779
000795.SZ,20260522,8.97,9.13,8.85,9.1,8.89,0.21,2.3622,147831.73,133343.571
000795.SZ,20260521,9.07,9.22,8.89,8.89,9.06,-0.17,-1.8764,159549.0,144893.057
000795.SZ,20260520,9.08,9.17,8.86,9.06,9.14,-0.08,-0.8753,160599.09,144390.129
000795.SZ,20260519,9.2,9.24,9.05,9.14,9.22,-0.08,-0.8677,114436.8,104326.728
000795.SZ,20260518,9.25,9.28,9.05,9.22,9.34,-0.12,-1.2848,127283.76,116868.864
000795.SZ,20260515,9.26,9.62,9.22,9.34,9.28,0.06,0.6466,204509.0,192015.353
000795.SZ,20260514,9.56,9.56,9.28,9.28,9.55,-0.27,-2.8272,153456.0,143528.288
000795.SZ,20260513,9.52,9.62,9.49,9.55,9.54,0.01,0.1048,143125.85,136751.493
000795.SZ,20260512,9.73,9.78,9.48,9.54,9.71,-0.17,-1.7508,206865.02,197948.102
000795.SZ,20260511,9.47,9.8,9.45,9.71,9.43,0.28,2.9692,324189.64,313205.228
000795.SZ,20260508,9.36,9.46,9.32,9.43,9.37,0.06,0.6403,160194.0,150605.085
000795.SZ,20260507,9.4,9.42,9.35,9.37,9.38,-0.01,-0.1066,119950.0,112519.405
000795.SZ,20260506,9.23,9.45,9.23,9.38,9.23,0.15,1.6251,175846.04,164405.515
000795.SZ,20260430,9.19,9.27,9.15,9.23,9.23,0.0,0.0,115610.71,106515.011
000795.SZ,20260429,8.91,9.25,8.91,9.23,8.92,0.31,3.4753,174158.02,159635.81
000795.SZ,20260428,9.07,9.1,8.88,8.92,9.11,-0.19,-2.0856,115784.0,103569.723
000795.SZ,20260427,9.19,9.2,9.03,9.11,9.18,-0.07,-0.7625,87526.02,79744.329
000795.SZ,20260424,9.16,9.21,9.03,9.18,9.18,0.0,0.0,124520.0,113352.336
000795.SZ,20260423,9.36,9.38,9.16,9.18,9.38,-0.2,-2.1322,166291.74,153264.965
000795.SZ,20260422,9.32,9.41,9.28,9.38,9.4,-0.02,-0.2128,137654.21,128709.194
000795.SZ,20260421,9.4,9.49,9.36,9.4,9.43,-0.03,-0.3181,146991.25,138442.474
000795.SZ,20260420,9.3,9.47,9.3,9.43,9.33,0.1,1.0718,190014.03,178781.301
000795.SZ,20260417,9.27,9.41,9.24,9.33,9.33,0.0,0.0,154529.54,144448.363
000795.SZ,20260416,9.25,9.36,9.2,9.33,9.26,0.07,0.7559,140728.48,130878.757
000795.SZ,20260415,9.35,9.43,9.23,9.26,9.34,-0.08,-0.8565,163967.0,152977.082
000795.SZ,20260414,9.38,9.39,9.21,9.34,9.33,0.01,0.1072,184882.0,171498.287
000795.SZ,20260413,9.52,9.53,9.29,9.33,9.41,-0.08,-0.8502,254437.4,238512.034
000795.SZ,20260410,9.6,9.67,9.36,9.41,9.6,-0.19,-1.9792,474278.7,447312.564
000795.SZ,20260409,9.0,9.93,8.92,9.6,9.03,0.57,6.3123,656150.0,632397.507
000795.SZ,20260408,8.9,9.04,8.88,9.03,8.75,0.28,3.2,138347.0,124344.297
000795.SZ,20260407,8.58,8.79,8.57,8.75,8.56,0.19,2.2196,84799.0,73833.054
000795.SZ,20260403,8.73,8.77,8.54,8.56,8.73,-0.17,-1.9473,65551.0,56394.997
000795.SZ,20260402,8.81,8.86,8.66,8.73,8.86,-0.13,-1.4673,85890.0,75109.859
000795.SZ,20260401,8.85,8.88,8.76,8.86,8.75,0.11,1.2571,91796.0,81044.687
000795.SZ,20260331,8.77,8.85,8.72,8.75,8.77,-0.02,-0.2281,93261.83,81883.697
000795.SZ,20260330,8.67,8.8,8.62,8.77,8.76,0.01,0.1142,107832.0,94062.451
000795.SZ,20260327,8.46,8.78,8.45,8.76,8.59,0.17,1.979,132926.8,115369.754
000795.SZ,20260326,8.68,8.74,8.56,8.59,8.7,-0.11,-1.2644,115111.65,99249.544
000795.SZ,20260325,8.53,8.71,8.51,8.7,8.44,0.26,3.0806,162959.0,140529.737
000795.SZ,20260324,8.43,8.46,8.21,8.44,8.22,0.22,2.6764,149667.0,124612.681
000795.SZ,20260323,8.6,8.66,8.18,8.22,8.72,-0.5,-5.7339,235849.99,198707.539
000795.SZ,20260320,9.1,9.15,8.71,8.72,9.09,-0.37,-4.0704,227222.13,201827.598
000795.SZ,20260319,9.43,9.44,9.02,9.09,9.55,-0.46,-4.8168,239778.0,220175.606
000795.SZ,20260318,9.51,9.56,9.38,9.55,9.53,0.02,0.2099,162850.77,154081.444
000795.SZ,20260317,9.73,9.75,9.5,9.53,9.7,-0.17,-1.7526,182136.84,175196.403
000795.SZ,20260316,9.85,9.86,9.56,9.7,9.87,-0.17,-1.7224,235161.02,227455.094
000795.SZ,20260313,9.9,10.1,9.84,9.87,9.95,-0.08,-0.804,190396.02,189532.249
000795.SZ,20260312,10.02,10.07,9.85,9.95,10.05,-0.1,-0.995,157560.27,156787.72
000795.SZ,20260311,10.13,10.23,10.02,10.05,10.18,-0.13,-1.277,137730.12,138963.386
000795.SZ,20260310,10.08,10.19,10.0,10.18,9.98,0.2,2.004,165761.22,167362.826
000795.SZ,20260309,10.0,10.08,9.62,9.98,10.17,-0.19,-1.8682,315238.53,309386.307
000795.SZ,20260306,10.06,10.28,10.01,10.17,10.13,0.04,0.3949,154806.51,157141.921
000795.SZ,20260305,10.44,10.46,10.06,10.13,10.26,-0.13,-1.2671,224726.0,229728.055
000795.SZ,20260304,10.2,10.53,10.19,10.26,10.28,-0.02,-0.1946,208863.04,216264.901
000795.SZ,20260303,10.65,10.74,10.25,10.28,10.76,-0.48,-4.461,309493.0,323765.386
000795.SZ,20260302,10.84,10.91,10.6,10.76,10.94,-0.18,-1.6453,283244.0,303918.903
000795.SZ,20260227,10.62,10.94,10.62,10.94,10.68,0.26,2.4345,300940.26,326821.399
000795.SZ,20260226,10.75,10.84,10.64,10.68,10.87,-0.19,-1.7479,308158.49,330135.766
000795.SZ,20260225,10.36,11.0,10.36,10.87,10.35,0.52,5.0242,525147.94,566252.511
000795.SZ,20260224,10.32,10.41,10.25,10.35,10.11,0.24,2.3739,170353.0,176157.251
000795.SZ,20260213,10.32,10.35,10.11,10.11,10.39,-0.28,-2.6949,181765.0,185781.77
000795.SZ,20260212,10.24,10.48,10.23,10.39,10.31,0.08,0.7759,206630.1,214977.55
000795.SZ,20260211,10.22,10.48,10.21,10.31,10.2,0.11,1.0784,204526.56,211648.765
000795.SZ,20260210,10.04,10.26,10.01,10.2,10.07,0.13,1.291,199861.47,202818.941
000795.SZ,20260209,9.88,10.13,9.86,10.07,9.76,0.31,3.1762,241923.36,243092.187
000795.SZ,20260206,9.71,9.87,9.65,9.76,9.83,-0.07,-0.7121,151712.85,148402.927
000795.SZ,20260205,10.1,10.11,9.76,9.83,10.17,-0.34,-3.3432,252707.0,249934.795
000795.SZ,20260204,10.17,10.24,10.06,10.17,10.19,-0.02,-0.1963,186686.35,189232.182
000795.SZ,20260203,9.97,10.2,9.85,10.19,9.82,0.37,3.7678,298530.44,299838.697
000795.SZ,20260202,10.18,10.18,9.81,9.82,10.38,-0.56,-5.395,346880.82,346530.933
000795.SZ,20260130,10.6,10.62,10.18,10.38,10.9,-0.52,-4.7706,498580.16,517794.755
000795.SZ,20260129,10.78,11.21,10.61,10.9,10.72,0.18,1.6791,839456.22,915260.032
000795.SZ,20260128,10.6,10.77,10.38,10.72,10.5,0.22,2.0952,421760.79,448183.247
000795.SZ,20260127,10.62,10.74,10.42,10.5,10.63,-0.13,-1.223,234441.87,247349.355
000795.SZ,20260126,10.7,10.74,10.55,10.63,10.66,-0.03,-0.2814,260435.77,277108.877
000795.SZ,20260123,10.64,10.75,10.52,10.66,10.62,0.04,0.3766,313948.1,333366.404
000795.SZ,20260122,10.54,10.64,10.49,10.62,10.53,0.09,0.8547,235434.02,249205.035
000795.SZ,20260121,10.4,10.59,10.38,10.53,10.47,0.06,0.5731,207341.41,218271.414
000795.SZ,20260120,10.6,10.62,10.36,10.47,10.53,-0.06,-0.5698,228814.42,239160.948
000795.SZ,20260119,10.31,10.65,10.3,10.53,10.37,0.16,1.5429,363793.17,383876.486
000795.SZ,20260116,10.25,10.43,10.23,10.37,10.24,0.13,1.2695,251864.02,260258.866
000795.SZ,20260115,10.19,10.34,10.15,10.24,10.23,0.01,0.0978,148636.0,152534.394
000795.SZ,20260114,10.24,10.44,10.08,10.23,10.22,0.01,0.0978,343060.89,352321.278
000795.SZ,20260113,10.42,10.48,10.2,10.22,10.41,-0.19,-1.8252,239350.22,246517.927
000795.SZ,20260112,10.35,10.43,10.26,10.41,10.34,0.07,0.677,290595.57,300755.057
000795.SZ,20260109,10.15,10.35,10.15,10.34,10.18,0.16,1.5717,251254.08,258965.913
000795.SZ,20260108,10.1,10.22,10.04,10.18,10.2,-0.02,-0.1961,216136.72,219567.478
000795.SZ,20260107,10.2,10.38,10.14,10.2,10.12,0.08,0.7905,349753.9,358840.853
000795.SZ,20260106,10.11,10.16,10.06,10.12,10.08,0.04,0.3968,154946.22,156758.921
000795.SZ,20260105,10.0,10.09,9.96,10.08,9.97,0.11,1.1033,138031.96,138806.666
000795.SZ,20251231,10.0,10.04,9.93,9.97,9.98,-0.01,-0.1002,93352.93,93187.619
000795.SZ,20251230,9.91,10.02,9.85,9.98,9.96,0.02,0.2008,102010.67,101665.702
000795.SZ,20251229,9.95,10.06,9.89,9.96,9.95,0.01,0.1005,106760.81,106587.255
000795.SZ,20251226,9.95,10.01,9.9,9.95,9.95,0.0,0.0,101923.0,101626.393
000795.SZ,20251225,9.86,9.96,9.8,9.95,9.85,0.1,1.0152,116727.09,115574.379
000795.SZ,20251224,9.75,9.87,9.75,9.85,9.77,0.08,0.8188,92603.0,90971.736
000795.SZ,20251223,9.83,9.86,9.74,9.77,9.82,-0.05,-0.5092,74443.88,72935.376
000795.SZ,20251222,9.78,9.89,9.77,9.82,9.76,0.06,0.6148,90093.15,88642.235
000795.SZ,20251219,9.65,9.78,9.65,9.76,9.63,0.13,1.3499,97127.2,94628.013
000795.SZ,20251218,9.64,9.78,9.61,9.63,9.68,-0.05,-0.5165,68429.2,66359.853
000795.SZ,20251217,9.67,9.7,9.5,9.68,9.67,0.01,0.1034,100089.17,96140.318
000795.SZ,20251216,9.87,9.89,9.65,9.67,9.89,-0.22,-2.2245,112156.02,108828.214
000795.SZ,20251215,9.95,9.98,9.89,9.89,9.95,-0.06,-0.603,72599.87,72020.578
000795.SZ,20251212,9.92,9.98,9.88,9.95,9.91,0.04,0.4036,70505.02,70130.74
000795.SZ,20251211,10.04,10.06,9.91,9.91,10.04,-0.13,-1.2948,70417.67,70142.773
000795.SZ,20251210,10.0,10.05,9.95,10.04,10.02,0.02,0.1996,68788.09,68702.29
000795.SZ,20251209,10.1,10.11,10.01,10.02,10.14,-0.12,-1.1834,86680.6,87134.669
000795.SZ,20251208,10.2,10.22,10.06,10.14,10.28,-0.14,-1.3619,196388.23,198918.244
000795.SZ,20251205,9.9,10.46,9.88,10.28,9.91,0.37,3.7336,262206.24,266336.664
000795.SZ,20251204,9.9,9.97,9.85,9.91,9.92,-0.01,-0.1008,73713.56,72918.317
000795.SZ,20251203,9.97,10.02,9.91,9.92,9.95,-0.03,-0.3015,82327.99,81862.604
000795.SZ,20251202,10.01,10.04,9.93,9.95,10.04,-0.09,-0.8964,73107.02,72801.552
000795.SZ,20251201,9.93,10.09,9.93,10.04,9.93,0.11,1.1078,109860.73,110301.198
000795.SZ,20251128,9.9,9.95,9.8,9.93,9.9,0.03,0.303,89498.73,88424.401
000795.SZ,20251127,9.98,10.0,9.9,9.9,9.97,-0.07,-0.7021,96940.77,96371.175
000795.SZ,20251126,10.03,10.05,9.96,9.97,10.04,-0.07,-0.6972,83009.18,82915.413
000795.SZ,20251125,9.99,10.13,9.98,10.04,10.0,0.04,0.4,99192.68,99844.017
000795.SZ,20251124,9.89,10.03,9.87,10.0,9.9,0.1,1.0101,84744.09,84201.657
000795.SZ,20251121,10.21,10.21,9.9,9.9,10.28,-0.38,-3.6965,170618.0,170608.998
000795.SZ,20251120,10.31,10.39,10.27,10.28,10.31,-0.03,-0.291,90527.0,93466.833
000795.SZ,20251119,10.3,10.35,10.17,10.31,10.3,0.01,0.0971,119300.71,122393.885
000795.SZ,20251118,10.34,10.39,10.28,10.3,10.37,-0.07,-0.675,107161.81,110465.484
000795.SZ,20251117,10.35,10.38,10.3,10.37,10.35,0.02,0.1932,109993.77,113695.328
000795.SZ,20251114,10.36,10.42,10.33,10.35,10.41,-0.06,-0.5764,114349.36,118644.355
000795.SZ,20251113,10.33,10.46,10.31,10.41,10.36,0.05,0.4826,105482.73,109765.254
000795.SZ,20251112,10.52,10.52,10.33,10.36,10.52,-0.16,-1.5209,157146.62,163386.057
000795.SZ,20251111,10.48,10.55,10.46,10.52,10.48,0.04,0.3817,140168.78,147223.348
000795.SZ,20251110,10.49,10.51,10.41,10.48,10.46,0.02,0.1912,117260.08,122612.605
000795.SZ,20251107,10.45,10.49,10.4,10.46,10.47,-0.01,-0.0955,122394.26,127848.239
000795.SZ,20251106,10.44,10.49,10.41,10.47,10.44,0.03,0.2874,121291.02,126678.324
000795.SZ,20251105,10.4,10.47,10.36,10.44,10.45,-0.01,-0.0957,113014.02,117828.394
000795.SZ,20251104,10.5,10.55,10.4,10.45,10.54,-0.09,-0.8539,125526.75,131367.623
000795.SZ,20251103,10.58,10.59,10.38,10.54,10.61,-0.07,-0.6598,172683.69,180819.363
000795.SZ,20251031,10.66,10.66,10.5,10.61,10.73,-0.12,-1.1184,195304.35,206504.974
000795.SZ,20251030,10.68,10.86,10.6,10.73,10.7,0.03,0.2804,321136.49,345102.659
000795.SZ,20251029,10.52,10.71,10.52,10.7,10.56,0.14,1.3258,157461.74,167409.606
000795.SZ,20251028,10.68,10.68,10.51,10.56,10.68,-0.12,-1.1236,165847.67,175484.64
000795.SZ,20251027,10.71,10.77,10.64,10.68,10.66,0.02,0.1876,200821.7,214777.316
000795.SZ,20251024,10.58,10.68,10.58,10.66,10.56,0.1,0.947,160889.33,171243.717
000795.SZ,20251023,10.47,10.57,10.32,10.56,10.52,0.04,0.3802,161229.13,168128.299
000795.SZ,20251022,10.64,10.64,10.45,10.52,10.75,-0.23,-2.1395,217008.92,228742.087
000795.SZ,20251021,10.69,10.76,10.6,10.75,10.67,0.08,0.7498,159065.67,170228.185
000795.SZ,20251020,10.72,10.77,10.58,10.67,10.72,-0.05,-0.4664,189894.02,202574.151
000795.SZ,20251017,10.91,11.05,10.65,10.72,10.9,-0.18,-1.6514,262706.48,284052.533
000795.SZ,20251016,11.06,11.13,10.86,10.9,11.12,-0.22,-1.9784,283799.61,311222.23
000795.SZ,20251015,11.19,11.35,10.98,11.12,11.25,-0.13,-1.1556,392369.75,436297.259
000795.SZ,20251014,11.63,11.65,11.17,11.25,11.74,-0.49,-4.1738,721346.62,823186.925
000795.SZ,20251013,11.16,11.85,11.12,11.74,10.99,0.75,6.8244,1052064.8,1207424.382
000795.SZ,20251010,11.19,11.2,10.95,10.99,11.13,-0.14,-1.2579,325105.43,359405.621
000795.SZ,20251009,10.9,11.14,10.77,11.13,10.73,0.4,3.7279,455297.52,500866.866
000795.SZ,20250930,10.59,10.79,10.58,10.73,10.57,0.16,1.5137,224154.74,240148.893
000795.SZ,20250929,10.5,10.62,10.44,10.57,10.51,0.06,0.5709,159038.0,167647.852
000795.SZ,20250926,10.66,10.75,10.5,10.51,10.73,-0.22,-2.0503,185877.55,197269.715
000795.SZ,20250925,10.52,10.75,10.48,10.73,10.55,0.18,1.7062,280597.1,299140.447
000795.SZ,20250924,10.4,10.57,10.28,10.55,10.35,0.2,1.9324,187782.23,196037.805
000795.SZ,20250923,10.68,10.7,10.18,10.35,10.68,-0.33,-3.0899,282355.0,292613.804
000795.SZ,20250922,10.63,10.71,10.54,10.68,10.64,0.04,0.3759,159222.55,169050.949
000795.SZ,20250919,10.77,10.83,10.59,10.64,10.77,-0.13,-1.2071,247859.95,264925.106
000795.SZ,20250918,11.08,11.1,10.68,10.77,11.14,-0.37,-3.3214,419721.88,458119.31
000795.SZ,20250917,10.98,11.14,10.92,11.14,11.02,0.12,1.0889,262661.29,290751.378
000795.SZ,20250916,11.04,11.06,10.78,11.02,11.05,-0.03,-0.2715,316617.16,345577.341
000795.SZ,20250915,11.17,11.17,11.01,11.05,11.08,-0.03,-0.2708,227045.57,251565.656
000795.SZ,20250912,11.2,11.3,11.11,11.21,11.17,0.04,0.3581,314309.92,352348.637
000795.SZ,20250911,10.91,11.19,10.84,11.17,10.93,0.24,2.1958,315443.06,349287.815
000795.SZ,20250910,10.99,11.13,10.9,10.93,10.99,-0.06,-0.546,261095.89,287022.834
000795.SZ,20250909,11.22,11.26,10.96,10.99,11.21,-0.22,-1.9625,268263.92,296826.703
000795.SZ,20250908,11.23,11.29,11.08,11.21,11.24,-0.03,-0.2669,261975.38,293028.117
000795.SZ,20250905,10.93,11.25,10.87,11.24,10.92,0.32,2.9304,318732.77,353967.125
000795.SZ,20250904,11.36,11.59,10.72,10.92,11.33,-0.41,-3.6187,442503.63,493378.371
000795.SZ,20250903,11.82,11.87,11.28,11.33,11.82,-0.49,-4.1455,403329.02,464633.242
000795.SZ,20250902,12.08,12.1,11.66,11.82,12.08,-0.26,-2.1523,536849.74,634254.554
000795.SZ,20250901,12.24,12.3,12.01,12.08,12.24,-0.16,-1.3072,482272.45,584226.493
000795.SZ,20250829,12.2,12.55,12.15,12.24,12.25,-0.01,-0.0816,691721.34,852043.831
000795.SZ,20250828,12.1,12.45,11.92,12.25,12.18,0.07,0.5747,784343.95,957605.475
000795.SZ,20250827,12.24,12.59,12.12,12.18,12.23,-0.05,-0.4088,984329.05,1214284.256
000795.SZ,20250826,12.52,12.52,12.15,12.23,12.64,-0.41,-3.2437,883498.56,1081541.361
000795.SZ,20250825,12.14,12.69,12.05,12.64,11.98,0.66,5.5092,1339756.34,1664397.153
000795.SZ,20250822,11.92,12.24,11.91,11.98,11.92,0.06,0.5034,622877.62,751458.904
000795.SZ,20250821,11.97,12.4,11.84,11.92,12.07,-0.15,-1.2428,636770.94,769420.911
000795.SZ,20250820,11.95,12.33,11.88,12.07,12.05,0.02,0.166,660650.14,799577.091
000795.SZ,20250819,11.95,12.25,11.86,12.05,11.99,0.06,0.5004,808226.18,973823.5
000795.SZ,20250818,11.83,12.11,11.65,11.99,11.77,0.22,1.8692,902492.97,1076468.049
000795.SZ,20250815,11.21,11.8,11.19,11.77,11.25,0.52,4.6222,976070.87,1133163.606
000795.SZ,20250814,11.46,11.54,11.22,11.25,11.46,-0.21,-1.8325,406808.71,461593.166
000795.SZ,20250813,11.2,11.48,11.19,11.46,11.2,0.26,2.3214,482011.39,546648.802
000795.SZ,20250812,11.4,11.4,11.17,11.2,11.46,-0.26,-2.2688,442767.81,496881.144
000795.SZ,20250811,11.52,11.53,11.36,11.46,11.52,-0.06,-0.5208,422536.5,483572.964
000795.SZ,20250808,11.4,11.7,11.35,11.52,11.55,-0.03,-0.2597,704335.85,810710.795
000795.SZ,20250807,11.27,11.7,10.95,11.55,11.15,0.4,3.5874,992709.54,1127218.618
000795.SZ,20250806,11.02,11.17,10.95,11.15,11.06,0.09,0.8137,320713.91,356054.299
000795.SZ,20250805,11.02,11.1,10.96,11.06,11.01,0.05,0.4541,268418.72,295979.318
000795.SZ,20250804,10.87,11.01,10.86,11.01,10.97,0.04,0.3646,245100.16,268154.832
000795.SZ,20250801,11.1,11.15,10.91,10.97,11.08,-0.11,-0.9928,293257.66,322776.152
000795.SZ,20250731,11.27,11.4,11.03,11.08,11.37,-0.29,-2.5506,403101.1,451473.053
000795.SZ,20250730,11.73,11.76,11.24,11.37,11.69,-0.32,-2.7374,576021.78,658786.873
000795.SZ,20250729,11.56,12.03,11.48,11.69,11.67,0.02,0.1714,709155.86,830510.167
000795.SZ,20250728,11.54,11.83,11.42,11.67,11.61,0.06,0.5168,705281.91,820329.201
000795.SZ,20250725,11.44,11.71,11.43,11.61,11.58,0.03,0.2591,871260.38,1006866.893
000795.SZ,20250724,11.04,11.69,11.01,11.58,11.1,0.48,4.3243,1154848.2,1324469.085
000795.SZ,20250723,11.2,11.31,11.0,11.1,11.25,-0.15,-1.3333,423490.87,472998.14
000795.SZ,20250722,11.25,11.38,11.19,11.25,11.37,-0.12,-1.0554,550927.02,620340.565
000795.SZ,20250721,11.3,11.45,11.11,11.37,11.23,0.14,1.2467,756895.2,857484.084
000795.SZ,20250718,11.15,11.44,11.01,11.23,11.03,0.2,1.8132,805959.3,905024.573
000795.SZ,20250717,10.92,11.07,10.79,11.03,10.97,0.06,0.5469,369755.02,405552.605
000795.SZ,20250716,10.91,11.06,10.85,10.97,10.93,0.04,0.366,382817.0,419027.536
000795.SZ,20250715,10.99,11.36,10.91,10.93,11.08,-0.15,-1.3538,630941.87,701083.329
000795.SZ,20250714,11.26,11.46,11.01,11.08,11.23,-0.15,-1.3357,805096.43,898516.91
000795.SZ,20250711,11.35,11.72,11.16,11.23,10.88,0.35,3.2169,1282526.94,1460739.788
000795.SZ,20250710,10.83,11.12,10.68,10.88,10.67,0.21,1.9681,856986.01,933269.39
000795.SZ,20250709,10.75,10.8,10.62,10.67,10.79,-0.12,-1.1121,345873.23,369826.981
000795.SZ,20250708,10.57,10.85,10.55,10.79,10.6,0.19,1.7925,514882.7,555002.706
000795.SZ,20250707,10.47,10.68,10.41,10.6,10.51,0.09,0.8563,236393.02,249911.541
000795.SZ,20250704,10.7,10.7,10.45,10.51,10.65,-0.14,-1.3146,266236.92,280298.967
000795.SZ,20250703,10.59,10.69,10.52,10.65,10.6,0.05,0.4717,251126.4,266553.275
000795.SZ,20250702,10.67,10.79,10.57,10.6,10.74,-0.14,-1.3035,309284.9,329392.526
000795.SZ,20250701,10.82,10.82,10.61,10.74,10.86,-0.12,-1.105,385744.0,412210.816
000795.SZ,20250630,10.6,10.9,10.56,10.86,10.55,0.31,2.9384,663548.01,713597.55
000795.SZ,20250627,10.5,10.68,10.5,10.55,10.45,0.1,0.9569,454090.05,480439.977
000795.SZ,20250626,10.56,10.62,10.43,10.45,10.58,-0.13,-1.2287,367094.0,386090.383
000795.SZ,20250625,10.49,10.6,10.44,10.58,10.55,0.03,0.2844,368300.99,387851.677
000795.SZ,20250624,10.4,10.59,10.29,10.55,10.39,0.16,1.5399,350444.97,368416.967
000795.SZ,20250623,10.15,10.42,10.15,10.39,10.31,0.08,0.7759,303091.0,312996.773
000795.SZ,20250620,10.37,10.49,10.28,10.31,10.33,-0.02,-0.1936,325632.0,337584.591
000795.SZ,20250619,10.71,10.74,10.3,10.33,10.77,-0.44,-4.0854,483907.96,506849.47
000795.SZ,20250618,11.06,11.14,10.66,10.77,11.15,-0.38,-3.4081,654827.96,705507.691
000795.SZ,20250617,11.39,11.65,11.11,11.15,11.4,-0.25,-2.193,703087.93,793337.684
000795.SZ,20250616,11.19,11.56,11.14,11.4,11.4,0.0,0.0,751706.19,855180.634
000795.SZ,20250613,11.71,11.89,11.33,11.4,11.56,-0.16,-1.3841,1042136.85,1208732.541
000795.SZ,20250612,11.8,11.85,11.39,11.56,11.91,-0.35,-2.9387,1265219.09,1462290.1
000795.SZ,20250611,11.15,12.48,11.11,11.91,11.45,0.46,4.0175,2027190.04,2381747.957
000795.SZ,20250610,11.2,12.0,10.99,11.45,11.12,0.33,2.9676,1985777.47,2256507.24
000795.SZ,20250609,10.23,11.12,10.2,11.12,10.11,1.01,9.9901,1489029.72,1635367.47
000795.SZ,20250606,10.3,10.39,10.09,10.11,10.31,-0.2,-1.9399,226203.1,230415.288
000795.SZ,20250605,10.18,10.44,10.13,10.31,10.25,0.06,0.5854,348183.23,358873.416
000795.SZ,20250604,10.04,10.33,10.02,10.25,10.1,0.15,1.4851,289946.6,296002.727
000795.SZ,20250603,9.9,10.14,9.9,10.1,9.9,0.2,2.0202,210010.16,210804.701
000795.SZ,20250530,10.0,10.02,9.87,9.9,10.03,-0.13,-1.2961,129663.0,128414.981
000795.SZ,20250529,9.9,10.06,9.9,10.03,9.87,0.16,1.6211,153900.65,153978.105
000795.SZ,20250528,10.04,10.08,9.87,9.87,10.03,-0.16,-1.5952,183155.57,181640.614
000795.SZ,20250527,10.13,10.15,10.0,10.03,10.12,-0.09,-0.8893,106084.67,106398.264
000795.SZ,20250526,10.05,10.12,9.98,10.12,10.08,0.04,0.3968,162400.57,163481.382
000795.SZ,20250523,10.21,10.29,10.08,10.08,10.24,-0.16,-1.5625,176704.78,179891.301
000795.SZ,20250522,10.42,10.43,10.22,10.24,10.38,-0.14,-1.3487,187946.0,193870.662
000795.SZ,20250521,10.55,10.58,10.45,10.5,10.6,-0.1,-0.9434,185141.0,194179.452
000795.SZ,20250520,10.56,10.69,10.44,10.6,10.62,-0.02,-0.1883,290394.65,306377.464
000795.SZ,20250519,10.87,10.9,10.5,10.62,10.92,-0.3,-2.7473,360302.0,381438.276
000795.SZ,20250516,10.75,11.15,10.71,10.92,10.89,0.03,0.2755,426029.24,468345.113
000795.SZ,20250515,10.88,11.18,10.83,10.89,10.93,-0.04,-0.366,484620.32,533654.243
000795.SZ,20250514,10.7,11.1,10.67,10.93,10.71,0.22,2.0542,513526.32,562121.038
000795.SZ,20250513,10.95,10.98,10.68,10.71,10.87,-0.16,-1.4719,267092.02,287614.71
000795.SZ,20250512,10.72,10.93,10.6,10.87,10.65,0.22,2.0657,332231.35,360212.925
000795.SZ,20250509,10.84,10.84,10.61,10.65,10.84,-0.19,-1.7528,206049.0,220151.961
000795.SZ,20250508,10.74,10.85,10.68,10.84,10.76,0.08,0.7435,250225.33,270256.932
000795.SZ,20250507,10.96,10.96,10.68,10.76,10.91,-0.15,-1.3749,390111.02,422078.677
000795.SZ,20250506,10.59,10.94,10.58,10.91,10.47,0.44,4.2025,494276.78,535370.465
000795.SZ,20250430,10.5,10.58,10.47,10.47,10.5,-0.03,-0.2857,229868.91,241492.52
000795.SZ,20250429,10.53,10.58,10.4,10.5,10.59,-0.09,-0.8499,155458.81,163282.421
000795.SZ,20250428,10.57,10.69,10.5,10.59,10.59,0.0,0.0,169839.0,179941.306
000795.SZ,20250425,10.64,10.69,10.57,10.59,10.63,-0.04,-0.3763,177337.65,188416.302
000795.SZ,20250424,10.73,10.8,10.57,10.63,10.9,-0.27,-2.4771,311555.02,332636.769
000795.SZ,20250423,10.49,11.05,10.47,10.9,10.45,0.45,4.3062,591317.14,639113.726
000795.SZ,20250422,10.66,10.69,10.45,10.45,10.69,-0.24,-2.2451,267092.88,280958.7
000795.SZ,20250421,10.54,10.72,10.46,10.69,10.6,0.09,0.8491,231020.2,245834.84
000795.SZ,20250418,10.56,10.65,10.39,10.6,10.6,0.0,0.0,277451.2,291209.412
000795.SZ,20250417,10.68,10.75,10.56,10.6,10.72,-0.12,-1.1194,263523.86,281179.491
000795.SZ,20250416,10.98,11.06,10.7,10.72,10.99,-0.27,-2.4568,329611.0,357389.432
000795.SZ,20250415,11.32,11.39,10.97,10.99,11.4,-0.41,-3.5965,483048.12,535248.327
000795.SZ,20250414,11.37,11.65,11.27,11.4,11.34,0.06,0.5291,575321.17,657937.946
000795.SZ,20250411,11.45,11.59,11.21,11.34,11.51,-0.17,-1.477,655789.11,744542.203
000795.SZ,20250410,11.18,11.89,11.11,11.51,11.41,0.1,0.8764,965140.8,1117632.007
000795.SZ,20250409,11.11,11.8,10.89,11.41,11.45,-0.04,-0.3493,1069966.73,1214085.778
000795.SZ,20250408,10.2,11.66,10.2,11.45,10.71,0.74,6.9094,1208561.37,1322559.038
000795.SZ,20250407,11.28,11.97,10.08,10.71,11.19,-0.48,-4.2895,1169387.54,1327660.04
000795.SZ,20250403,11.0,11.25,10.91,11.19,10.84,0.35,3.2288,552562.63,613558.537
000795.SZ,20250402,10.7,10.91,10.69,10.84,10.77,0.07,0.65,203906.6,220691.96
000795.SZ,20250401,10.65,10.91,10.63,10.77,10.61,0.16,1.508,242059.03,260902.536
000795.SZ,20250331,10.83,10.83,10.53,10.61,10.98,-0.37,-3.3698,255205.89,272012.018
000795.SZ,20250328,10.9,11.07,10.66,10.98,10.98,0.0,0.0,339620.86,367582.681
000795.SZ,20250327,11.2,11.26,10.95,10.98,11.28,-0.3,-2.6596,317618.18,352263.536
000795.SZ,20250326,10.9,11.39,10.86,11.28,10.91,0.37,3.3914,467866.33,523390.526
000795.SZ,20250325,10.87,11.16,10.87,10.91,10.93,-0.02,-0.183,271692.28,298986.04
000795.SZ,20250324,11.21,11.26,10.6,10.93,11.3,-0.37,-3.2743,452360.99,494344.425
000795.SZ,20250321,11.77,11.77,11.27,11.3,11.88,-0.58,-4.8822,638467.9,731434.589
000795.SZ,20250320,11.74,12.3,11.73,11.88,11.76,0.12,1.0204,783185.0,946154.343
000795.SZ,20250319,11.75,11.96,11.51,11.76,11.85,-0.09,-0.7595,497861.0,581122.921
000795.SZ,20250318,11.78,11.96,11.75,11.85,11.76,0.09,0.7653,475161.32,562838.978
000795.SZ,20250317,11.78,11.85,11.62,11.76,11.76,0.0,0.0,349331.42,410003.942
000795.SZ,20250314,11.8,11.88,11.56,11.76,11.7,0.06,0.5128,475103.0,557683.013
000795.SZ,20250313,12.16,12.22,11.5,11.7,12.24,-0.54,-4.4118,793054.93,932641.946
000795.SZ,20250312,12.39,12.63,12.21,12.24,12.43,-0.19,-1.5286,858572.23,1059805.501
000795.SZ,20250311,11.93,12.6,11.81,12.43,12.1,0.33,2.7273,1048708.67,1292568.759
000795.SZ,20250310,12.28,12.32,12.03,12.1,12.49,-0.39,-3.1225,832083.03,1011643.143
000795.SZ,20250307,11.86,12.97,11.84,12.49,11.97,0.52,4.3442,1605596.77,1975229.021
000795.SZ,20250306,11.88,12.13,11.79,11.97,11.94,0.03,0.2513,943896.02,1128128.126
000795.SZ,20250305,12.19,12.24,11.72,11.94,12.27,-0.33,-2.6895,951085.52,1133380.843
000795.SZ,20250304,12.01,12.38,11.84,12.27,12.13,0.14,1.1542,1345437.87,1632407.946
000795.SZ,20250303,11.28,12.38,11.26,12.13,11.28,0.85,7.5355,1507226.67,1798732.288
000795.SZ,20250228,11.54,11.84,11.26,11.28,11.76,-0.48,-4.0816,696277.83,795727.236
000795.SZ,20250227,11.95,12.18,11.5,11.76,11.84,-0.08,-0.6757,981816.63,1162936.548
000795.SZ,20250226,11.48,12.09,11.48,11.84,11.54,0.3,2.5997,1066678.06,1261863.093
000795.SZ,20250225,11.42,11.76,11.38,11.54,11.68,-0.14,-1.1986,635395.23,736407.95
000795.SZ,20250224,11.5,11.85,11.37,11.68,11.49,0.19,1.6536,841924.89,983758.299
000795.SZ,20250221,11.46,11.6,11.33,11.49,11.58,-0.09,-0.7772,644849.17,738710.579
000795.SZ,20250220,11.7,11.89,11.43,11.58,11.56,0.02,0.173,947941.0,1107391.961
000795.SZ,20250219,10.88,11.56,10.85,11.56,10.91,0.65,5.9578,906159.02,1026589.373
000795.SZ,20250218,11.37,11.5,10.91,10.91,11.37,-0.46,-4.0457,711972.0,796574.182
000795.SZ,20250217,11.16,11.44,11.15,11.37,11.22,0.15,1.3369,469336.11,531475.347
000795.SZ,20250214,11.37,11.55,11.16,11.22,11.38,-0.16,-1.406,515038.06,582077.267
000795.SZ,20250213,11.84,11.92,11.38,11.38,11.92,-0.54,-4.5302,818464.06,948533.176
000795.SZ,20250212,11.84,12.01,11.78,11.92,11.91,0.01,0.084,615627.8,731503.99
000795.SZ,20250211,12.15,12.16,11.84,11.91,12.15,-0.24,-1.9753,657642.0,784620.16
000795.SZ,20250210,12.08,12.17,11.88,12.15,12.19,-0.04,-0.3281,849916.12,1022347.601
000795.SZ,20250207,12.2,12.38,11.91,12.19,12.33,-0.14,-1.1354,1373880.92,1673306.825
000795.SZ,20250206,11.73,12.36,11.71,12.33,11.72,0.61,5.2048,1443895.32,1750903.956
000795.SZ,20250205,11.17,12.06,11.01,11.72,10.96,0.76,6.9343,1205102.49,1403424.484
000795.SZ,20250127,11.69,11.74,10.96,10.96,11.69,-0.73,-6.2447,794127.0,892548.752
000795.SZ,20250124,11.25,11.77,11.15,11.69,11.35,0.34,2.9956,955212.41,1099311.615
000795.SZ,20250123,11.48,11.84,11.35,11.35,11.38,-0.03,-0.2636,1071721.64,1243858.571
000795.SZ,20250122,11.45,11.66,11.28,11.38,11.5,-0.12,-1.0435,840907.82,964466.546
000795.SZ,20250121,11.85,11.89,11.15,11.5,11.95,-0.45,-3.7657,1341702.75,1534812.96
000795.SZ,20250120,11.8,12.27,11.8,11.95,12.06,-0.11,-0.9121,1122302.31,1343351.985
000795.SZ,20250117,12.18,12.67,11.78,12.06,12.38,-0.32,-2.5848,1617917.26,1978248.231
000795.SZ,20250116,12.5,13.09,12.35,12.38,13.01,-0.63,-4.8424,2215326.25,2804556.364
000795.SZ,20250115,11.61,13.01,11.37,13.01,11.83,1.18,9.9746,2791004.98,3476834.216
000795.SZ,20250114,11.1,12.35,10.96,11.83,11.26,0.57,5.0622,1803540.88,2091958.708
000795.SZ,20250113,10.83,11.5,10.76,11.26,11.19,0.07,0.6256,1449886.3,1629174.52
000795.SZ,20250110,10.8,11.46,10.45,11.19,10.92,0.27,2.4725,2052330.44,2250742.566
000795.SZ,20250109,10.13,11.13,10.13,10.92,10.12,0.8,7.9051,1815584.38,1976391.537
301368.SZ,20260702,43.8,45.88,43.44,43.81,43.43,0.38,0.875,47336.07,211041.04083
301368.SZ,20260701,42.53,44.08,41.9,43.43,41.63,1.8,4.3238,46840.88,202402.86718
301368.SZ,20260630,39.71,42.24,39.37,41.63,39.37,2.26,5.7404,33547.87,137574.04474
301368.SZ,20260629,39.01,39.69,37.93,39.37,39.08,0.29,0.7421,27034.0,105352.13747
301368.SZ,20260626,40.61,40.61,39.08,39.08,40.53,-1.45,-3.5776,25323.51,100370.34995
301368.SZ,20260625,41.73,43.9,40.36,40.53,41.73,-1.2,-2.8756,35563.53,147935.26533
301368.SZ,20260624,42.35,42.47,40.7,41.73,42.35,-0.62,-1.464,26701.0,110831.421
301368.SZ,20260623,42.07,43.7,41.77,42.35,42.47,-0.12,-0.2826,26512.0,113180.1
301368.SZ,20260622,44.02,44.58,41.2,42.47,44.4,-1.93,-4.3468,36421.86,154187.61479
301368.SZ,20260618,43.52,45.48,43.52,44.4,44.11,0.29,0.6574,28957.66,128880.47202
301368.SZ,20260617,45.29,45.52,43.8,44.11,45.51,-1.4,-3.0762,25237.85,112047.26532
301368.SZ,20260616,44.01,46.13,43.43,45.51,44.29,1.22,2.7546,32396.48,145697.80312
301368.SZ,20260615,43.81,44.48,43.28,44.29,43.54,0.75,1.7226,25126.83,110572.51597
301368.SZ,20260612,44.85,46.98,43.3,43.54,44.58,-1.04,-2.3329,39886.26,177225.687
301368.SZ,20260611,45.68,46.22,44.08,44.58,46.41,-1.83,-3.9431,29173.02,130753.80876
301368.SZ,20260610,47.91,48.99,45.63,46.41,48.8,-2.39,-4.8975,34284.97,160758.72229
301368.SZ,20260609,49.04,49.38,47.77,48.8,49.48,-0.68,-1.3743,43556.72,211351.98537
301368.SZ,20260608,46.4,49.68,46.33,49.48,48.63,0.85,1.7479,67307.67,329389.136
301368.SZ,20260605,43.95,51.4,41.33,48.63,43.95,4.68,10.6485,97789.93,453885.66
301368.SZ,20260604,44.27,45.25,43.69,43.95,45.02,-1.07,-2.3767,30455.98,135038.045
301368.SZ,20260603,46.63,47.58,44.35,45.02,46.87,-1.85,-3.9471,36554.0,167026.755
301368.SZ,20260602,47.51,48.33,46.03,46.87,47.31,-0.44,-0.93,22776.0,107211.369
301368.SZ,20260601,47.1,47.77,46.52,47.31,46.73,0.58,1.2412,19003.45,89582.717
301368.SZ,20260529,50.88,51.04,46.4,46.73,50.68,-3.95,-7.794,31514.51,151114.659
301368.SZ,20260528,51.39,51.42,49.22,50.68,51.39,-0.71,-1.3816,27914.51,140235.189
301368.SZ,20260527,53.5,53.99,51.1,51.39,54.0,-2.61,-4.8333,38911.98,203365.529
301368.SZ,20260526,54.47,56.32,52.9,54.0,53.86,0.14,0.2599,54771.34,301672.045
301368.SZ,20260525,55.26,55.5,53.0,53.86,55.04,-1.18,-2.1439,32855.27,177729.132
301368.SZ,20260522,55.66,56.46,54.12,55.04,56.18,-1.14,-2.0292,45232.0,249579.441
301368.SZ,20260521,54.58,57.89,54.5,56.18,54.62,1.56,2.8561,66436.62,374195.499
301368.SZ,20260520,55.59,55.85,54.3,54.62,56.49,-1.87,-3.3103,35870.26,196764.592
301368.SZ,20260519,55.34,57.93,55.0,56.49,55.16,1.33,2.4112,50156.65,283559.476
301368.SZ,20260518,54.05,55.55,53.89,55.16,54.55,0.61,1.1182,44903.84,245835.285
301368.SZ,20260515,52.2,56.4,52.0,54.55,51.75,2.8,5.4106,62216.49,340994.345
301368.SZ,20260514,53.37,53.8,51.75,51.75,53.38,-1.63,-3.0536,24143.0,126830.877
301368.SZ,20260513,53.04,54.18,53.0,53.38,53.61,-0.23,-0.429,20454.0,109508.16
301368.SZ,20260512,54.0,54.87,53.18,53.61,54.27,-0.66,-1.2161,26117.27,140699.438
301368.SZ,20260511,54.42,55.42,53.42,54.27,54.53,-0.26,-0.4768,36142.76,195912.062
301368.SZ,20260508,51.5,55.35,51.25,54.53,51.81,2.72,5.25,55271.72,298944.198
301368.SZ,20260507,50.33,52.1,50.0,51.81,50.28,1.53,3.043,24671.53,127263.119
301368.SZ,20260506,49.9,50.75,49.6,50.28,49.4,0.88,1.7814,18556.72,93383.716
301368.SZ,20260430,48.89,50.0,48.41,49.4,48.68,0.72,1.479,19527.0,96394.948
301368.SZ,20260429,48.11,49.22,47.59,48.68,48.1,0.58,1.2058,18571.64,90263.858
301368.SZ,20260428,49.0,50.44,48.0,48.1,48.8,-0.7,-1.4344,21871.68,107290.65
301368.SZ,20260427,47.21,49.06,46.4,48.8,47.75,1.05,2.199,24407.33,117266.622
301368.SZ,20260424,47.97,48.28,47.21,47.75,48.0,-0.25,-0.5208,17151.27,81976.727
301368.SZ,20260423,48.99,49.28,47.68,48.0,49.3,-1.3,-2.6369,22446.1,108344.272
301368.SZ,20260422,50.51,50.96,47.58,49.3,51.1,-1.8,-3.5225,43651.45,213573.964
301368.SZ,20260421,52.34,52.48,50.01,51.1,53.07,-1.97,-3.7121,36070.72,183327.75
301368.SZ,20260420,53.78,53.84,53.0,53.07,53.48,-0.41,-0.7666,15780.0,84344.034
301368.SZ,20260417,53.21,53.8,52.93,53.48,53.83,-0.35,-0.6502,15659.0,83504.375
301368.SZ,20260416,55.0,55.88,53.41,53.83,53.14,0.69,1.2985,22857.63,124006.429
301368.SZ,20260415,53.5,55.2,53.05,53.14,53.4,-0.26,-0.4869,18385.62,99159.09
301368.SZ,20260414,52.79,53.49,52.51,53.4,52.45,0.95,1.8112,13127.0,69721.866
301368.SZ,20260413,51.97,52.9,51.71,52.45,52.31,0.14,0.2676,10401.37,54459.282
301368.SZ,20260410,51.93,53.5,51.68,52.31,51.42,0.89,1.7308,15798.82,83242.168
301368.SZ,20260409,52.58,52.58,51.35,51.42,52.98,-1.56,-2.9445,13160.0,67952.362
301368.SZ,20260408,51.65,52.99,51.22,52.98,50.15,2.83,5.6431,17826.21,93109.256
301368.SZ,20260407,50.13,50.6,49.16,50.15,49.83,0.32,0.6422,9332.0,46684.154
301368.SZ,20260403,51.12,51.65,49.7,49.83,51.11,-1.28,-2.5044,11555.57,58092.695
301368.SZ,20260402,52.53,53.02,51.0,51.11,53.03,-1.92,-3.6206,16285.48,84557.968
301368.SZ,20260401,53.36,53.82,52.51,53.03,52.2,0.83,1.59,18886.11,100390.907
301368.SZ,20260331,51.8,53.36,51.64,52.2,52.03,0.17,0.3267,19421.0,102267.546
301368.SZ,20260330,51.12,53.45,50.59,52.03,51.63,0.4,0.7747,19001.61,99113.95
301368.SZ,20260327,50.5,52.0,50.27,51.63,51.43,0.2,0.3889,12265.0,62903.774
301368.SZ,20260326,52.26,53.45,51.23,51.43,52.47,-1.04,-1.9821,14180.01,74170.211
301368.SZ,20260325,51.65,52.66,51.65,52.47,51.56,0.91,1.7649,15448.0,80626.952
301368.SZ,20260324,52.8,53.0,50.02,51.56,51.88,-0.32,-0.6168,18878.4,96350.157
301368.SZ,20260323,52.0,54.23,51.0,51.88,52.61,-0.73,-1.3876,24162.58,128183.329
301368.SZ,20260320,54.8,55.08,52.57,52.61,54.68,-2.07,-3.7857,15196.0,81430.112
301368.SZ,20260319,55.77,55.83,54.3,54.68,56.4,-1.72,-3.0496,15076.06,82833.754
301368.SZ,20260318,56.39,56.54,55.52,56.4,55.88,0.52,0.9306,8209.0,46031.555
301368.SZ,20260317,57.38,57.41,55.85,55.88,57.01,-1.13,-1.9821,10325.0,58419.711
301368.SZ,20260316,56.7,57.01,56.0,57.01,56.64,0.37,0.6532,9402.0,53245.043
301368.SZ,20260313,57.14,57.64,56.5,56.64,57.62,-0.98,-1.7008,9629.0,54945.793
301368.SZ,20260312,58.71,58.9,57.3,57.62,58.65,-1.03,-1.7562,13779.07,79728.616
301368.SZ,20260311,59.79,60.19,58.51,58.65,59.71,-1.06,-1.7752,16795.01,99371.042
301368.SZ,20260310,58.68,59.86,58.36,59.71,57.99,1.72,2.966,23669.91,140275.373
301368.SZ,20260309,56.99,58.22,56.04,57.99,57.96,0.03,0.0518,16881.07,96290.233
301368.SZ,20260306,56.48,58.3,56.48,57.96,57.59,0.37,0.6425,14641.0,84700.053
301368.SZ,20260305,58.28,58.45,57.01,57.59,57.4,0.19,0.331,20419.0,117669.836
301368.SZ,20260304,56.0,58.45,55.06,57.4,56.27,1.13,2.0082,27596.66,157635.516
301368.SZ,20260303,59.6,59.73,56.15,56.27,59.23,-2.96,-4.9975,27223.48,156839.966
301368.SZ,20260302,62.12,62.3,59.05,59.23,63.32,-4.09,-6.4593,34663.72,208775.815
301368.SZ,20260227,63.22,63.5,62.54,63.32,63.16,0.16,0.2533,18545.88,116724.857
301368.SZ,20260226,63.4,63.87,63.03,63.16,63.4,-0.24,-0.3785,19011.51,120501.912
301368.SZ,20260225,64.0,64.49,63.12,63.4,63.99,-0.59,-0.922,20303.05,128980.577
301368.SZ,20260224,67.4,67.58,63.91,63.99,65.61,-1.62,-2.4691,29839.26,192760.355
301368.SZ,20260213,65.3,66.46,64.96,65.61,65.11,0.5,0.7679,28065.35,185037.893
301368.SZ,20260212,63.97,66.0,63.63,65.11,63.56,1.55,2.4386,38623.0,252171.019
301368.SZ,20260211,63.62,64.41,63.0,63.56,63.89,-0.33,-0.5165,17139.99,109136.723
301368.SZ,20260210,64.0,64.78,63.26,63.89,64.0,-0.11,-0.1719,29065.04,186169.478
301368.SZ,20260209,64.28,64.5,63.01,64.0,63.71,0.29,0.4552,32540.96,206992.23
301368.SZ,20260206,61.53,65.0,61.53,63.71,62.39,1.32,2.1157,31387.82,200556.323
301368.SZ,20260205,62.98,63.6,62.15,62.39,63.73,-1.34,-2.1026,17673.98,110556.666
301368.SZ,20260204,64.88,65.31,62.8,63.73,65.13,-1.4,-2.1495,25876.67,164911.426
301368.SZ,20260203,61.82,65.49,61.2,65.13,61.23,3.9,6.3694,47574.33,304276.642
301368.SZ,20260202,62.49,63.83,61.12,61.23,63.07,-1.84,-2.9174,24419.77,152669.747
301368.SZ,20260130,63.79,64.18,61.4,63.07,64.45,-1.38,-2.1412,35807.83,224904.867
301368.SZ,20260129,66.0,69.38,64.45,64.45,67.84,-3.39,-4.9971,56376.42,375117.027
301368.SZ,20260128,66.66,68.78,66.38,67.84,67.16,0.68,1.0125,43766.15,295350.833
301368.SZ,20260127,67.12,67.48,63.92,67.16,67.3,-0.14,-0.208,53936.01,354929.327
301368.SZ,20260126,71.7,73.0,66.76,67.3,71.68,-4.38,-6.1105,71101.48,490007.582
301368.SZ,20260123,68.9,72.51,68.9,71.68,68.89,2.79,4.0499,89985.7,642897.839
301368.SZ,20260122,70.49,71.23,68.7,68.89,70.49,-1.6,-2.2698,48427.24,337023.647
301368.SZ,20260121,68.09,71.31,67.88,70.49,69.29,1.2,1.7319,53224.99,372319.809
301368.SZ,20260120,70.36,72.81,68.51,69.29,71.27,-1.98,-2.7782,56688.95,398979.961
301368.SZ,20260119,70.5,73.5,68.35,71.27,71.25,0.02,0.0281,93767.03,667942.887
301368.SZ,20260116,67.82,71.8,67.82,71.25,68.0,3.25,4.7794,113023.09,796422.817
301368.SZ,20260115,67.22,69.73,67.22,68.0,68.68,-0.68,-0.9901,56348.18,384280.194
301368.SZ,20260114,69.0,71.49,67.6,68.68,69.9,-1.22,-1.7454,104761.65,728933.083
301368.SZ,20260113,69.5,73.68,68.38,69.9,70.09,-0.19,-0.2711,141967.49,1012936.794
301368.SZ,20260112,70.23,71.13,68.86,70.09,69.8,0.29,0.4155,106829.21,746582.935
301368.SZ,20260109,72.16,74.0,69.51,69.8,73.46,-3.66,-4.9823,149532.43,1055988.068
301368.SZ,20260108,61.68,73.46,61.51,73.46,61.22,12.24,19.9935,191687.6,1299575.739
301368.SZ,20260107,61.78,62.45,60.82,61.22,61.91,-0.69,-1.1145,33690.65,207057.322
301368.SZ,20260106,62.02,63.42,61.82,61.91,62.23,-0.32,-0.5142,37050.31,230273.172
301368.SZ,20260105,62.0,62.8,61.57,62.23,62.67,-0.44,-0.7021,42889.14,266506.271
301368.SZ,20251231,64.0,64.0,62.17,62.67,63.98,-1.31,-2.0475,51179.23,320917.392
301368.SZ,20251230,61.03,65.39,60.51,63.98,61.69,2.29,3.7121,87116.99,550345.439
301368.SZ,20251229,58.83,61.79,58.35,61.69,58.83,2.86,4.8615,63402.63,384253.168
301368.SZ,20251226,58.97,60.2,58.3,58.83,59.42,-0.59,-0.9929,38507.27,228219.285
301368.SZ,20251225,56.44,60.15,56.44,59.42,56.19,3.23,5.7484,54520.64,321903.769
301368.SZ,20251224,55.6,56.4,55.51,56.19,55.6,0.59,1.0612,11142.69,62537.572
301368.SZ,20251223,56.5,56.82,55.55,55.6,56.8,-1.2,-2.1127,16102.86,90429.527
301368.SZ,20251222,56.1,57.12,55.82,56.8,55.5,1.3,2.3423,24321.31,137585.746
301368.SZ,20251219,54.81,56.19,54.81,55.5,54.91,0.59,1.0745,14668.0,81810.676
301368.SZ,20251218,54.73,55.97,54.62,54.91,55.22,-0.31,-0.5614,14807.0,82039.015
301368.SZ,20251217,54.59,55.4,53.35,55.22,54.21,1.01,1.8631,20149.86,109617.094
301368.SZ,20251216,55.68,55.78,54.0,54.21,55.84,-1.63,-2.9191,18207.37,99351.861
301368.SZ,20251215,57.05,57.2,55.84,55.84,57.45,-1.61,-2.8024,16736.3,94400.67
301368.SZ,20251212,57.51,57.69,56.7,57.45,57.43,0.02,0.0348,23885.06,136277.267
301368.SZ,20251211,58.96,59.29,57.42,57.43,59.39,-1.96,-3.3002,24397.09,141806.716
301368.SZ,20251210,58.39,59.85,58.35,59.39,59.0,0.39,0.661,21861.0,129517.217
301368.SZ,20251209,59.61,60.48,59.0,59.0,60.22,-1.22,-2.0259,26213.96,156337.408
301368.SZ,20251208,59.77,60.56,59.0,60.22,60.3,-0.08,-0.1327,44087.47,263634.294
301368.SZ,20251205,57.53,60.93,57.26,60.3,58.4,1.9,3.2534,57653.73,341518.562
301368.SZ,20251204,57.22,59.77,57.0,58.4,55.63,2.77,4.9793,61446.27,358433.899
301368.SZ,20251203,57.22,57.6,55.61,55.63,57.09,-1.46,-2.5574,17391.12,97479.07
301368.SZ,20251202,57.67,58.39,56.98,57.09,58.15,-1.06,-1.8229,15975.37,91882.769
301368.SZ,20251201,57.0,58.42,57.0,58.15,57.34,0.81,1.4126,20999.45,121508.126
301368.SZ,20251128,56.36,58.0,55.66,57.34,56.51,0.83,1.4688,22638.38,129106.62
301368.SZ,20251127,56.35,57.5,56.3,56.51,56.85,-0.34,-0.5981,16367.26,93088.371
301368.SZ,20251126,57.0,58.17,56.5,56.85,57.29,-0.44,-0.768,19589.44,112398.292
301368.SZ,20251125,56.13,57.5,56.13,57.29,56.12,1.17,2.0848,23182.0,132334.012
301368.SZ,20251124,55.89,56.84,54.88,56.12,55.62,0.5,0.899,19606.85,109521.233
301368.SZ,20251121,55.3,56.7,53.78,55.62,55.85,-0.23,-0.4118,28515.69,157790.746
301368.SZ,20251120,57.48,57.57,55.7,55.85,56.88,-1.03,-1.8108,14434.55,81175.334
301368.SZ,20251119,58.16,58.16,56.76,56.88,57.8,-0.92,-1.5917,13071.0,74912.773
301368.SZ,20251118,58.06,58.19,57.57,57.8,58.03,-0.23,-0.3963,11737.7,67930.651
301368.SZ,20251117,57.49,58.37,57.32,58.03,57.5,0.53,0.9217,14032.73,81128.655
301368.SZ,20251114,58.65,58.7,57.48,57.5,59.1,-1.6,-2.7073,21122.34,122473.38
301368.SZ,20251113,59.23,59.48,58.58,59.1,59.19,-0.09,-0.1521,15710.0,92825.367
301368.SZ,20251112,60.44,60.68,58.67,59.19,61.11,-1.92,-3.1419,22904.16,136406.423
301368.SZ,20251111,60.5,61.44,60.13,61.11,60.48,0.63,1.0417,18121.32,110275.994
301368.SZ,20251110,61.27,61.6,60.03,60.48,61.85,-1.37,-2.215,25532.94,154889.578
301368.SZ,20251107,63.85,64.43,61.85,61.85,63.77,-1.92,-3.0108,32683.81,203880.625
301368.SZ,20251106,62.41,65.51,61.75,63.77,62.4,1.37,2.1955,46361.99,296098.452
301368.SZ,20251105,63.02,64.12,61.69,62.4,63.2,-0.8,-1.2658,25764.8,161090.86
301368.SZ,20251104,64.96,65.59,62.8,63.2,64.88,-1.68,-2.5894,26325.71,168131.435
301368.SZ,20251103,64.18,65.39,63.25,64.88,63.28,1.6,2.5284,34416.76,222246.458
301368.SZ,20251031,61.0,64.2,60.88,63.28,61.0,2.28,3.7377,46566.52,294116.845
301368.SZ,20251030,63.55,63.79,60.98,61.0,64.53,-3.53,-5.4703,55772.89,346712.037
301368.SZ,20251029,64.88,65.17,64.22,64.53,64.82,-0.29,-0.4474,20921.9,135017.683
301368.SZ,20251028,65.55,65.68,64.79,64.82,65.55,-0.73,-1.1137,24521.3,159559.141
301368.SZ,20251027,66.12,66.51,65.0,65.55,65.61,-0.06,-0.0914,26182.37,172004.451
301368.SZ,20251024,64.32,65.87,64.1,65.61,63.82,1.79,2.8048,30308.6,197527.661
301368.SZ,20251023,63.79,64.35,62.82,63.82,64.41,-0.59,-0.916,20416.55,129264.756
301368.SZ,20251022,64.6,65.66,63.8,64.41,64.74,-0.33,-0.5097,20257.6,130880.978
301368.SZ,20251021,64.5,64.75,63.5,64.74,64.18,0.56,0.8725,18752.76,120733.969
301368.SZ,20251020,63.6,64.88,63.36,64.18,62.71,1.47,2.3441,24316.85,156209.83
301368.SZ,20251017,64.66,65.58,62.51,62.71,65.03,-2.32,-3.5676,23323.39,149113.183
301368.SZ,20251016,65.3,65.96,64.66,65.03,65.99,-0.96,-1.4548,22824.55,148842.619
301368.SZ,20251015,63.84,66.36,62.7,65.99,63.7,2.29,3.595,37310.76,241973.605
301368.SZ,20251014,67.0,67.88,63.24,63.7,66.64,-2.94,-4.4118,36004.39,235928.312
301368.SZ,20251013,65.0,66.98,64.25,66.64,68.77,-2.13,-3.0973,39276.08,260008.056
301368.SZ,20251010,72.11,72.77,68.58,68.77,72.12,-3.35,-4.645,49746.58,349603.273
301368.SZ,20251009,72.33,73.19,71.2,72.12,72.31,-0.19,-0.2628,39720.7,286344.381
301368.SZ,20250930,72.98,73.77,72.28,72.31,72.96,-0.65,-0.8909,37906.91,276224.874
301368.SZ,20250929,71.82,73.78,70.6,72.96,72.23,0.73,1.0107,43228.25,313417.42
301368.SZ,20250926,74.45,74.89,72.1,72.23,74.91,-2.68,-3.5776,45061.55,330031.328
301368.SZ,20250925,74.08,76.8,74.01,74.91,75.18,-0.27,-0.3591,70740.24,534054.914
301368.SZ,20250924,72.74,75.56,72.01,75.18,73.5,1.68,2.2857,65332.33,484920.653
301368.SZ,20250923,74.52,75.17,70.88,73.5,74.52,-1.02,-1.3688,69610.93,506676.224
301368.SZ,20250922,75.35,75.56,73.93,74.52,74.32,0.2,0.2691,70609.49,527145.819
301368.SZ,20250919,76.17,76.5,74.09,74.32,77.38,-3.06,-3.9545,83727.52,628245.371
301368.SZ,20250918,81.51,83.17,76.0,77.38,82.11,-4.73,-5.7606,176125.74,1407633.433
301368.SZ,20250917,80.33,85.5,77.8,82.11,75.66,6.45,8.525,225837.0,1834684.054
301368.SZ,20250916,71.02,76.67,71.02,75.66,71.0,4.66,6.5634,153192.05,1135376.965
301368.SZ,20250915,70.71,73.0,70.31,71.0,70.78,0.22,0.3108,59673.58,428547.938
301368.SZ,20250912,72.24,73.12,70.68,70.78,72.5,-1.72,-2.3724,74771.54,536347.844
301368.SZ,20250911,70.58,72.5,70.0,72.5,71.6,0.9,1.257,72716.59,519832.905
301368.SZ,20250910,68.18,73.15,68.18,71.6,69.01,2.59,3.7531,82356.79,585478.451
301368.SZ,20250909,69.35,69.99,68.71,69.01,70.41,-1.4,-1.9884,42101.29,291611.133
301368.SZ,20250908,67.7,73.25,67.58,70.41,68.02,2.39,3.5137,67876.43,480607.76
301368.SZ,20250905,66.77,68.11,66.09,68.02,66.77,1.25,1.8721,39764.14,268763.362
301368.SZ,20250904,69.68,70.71,65.9,66.77,69.98,-3.21,-4.587,59635.85,405658.872
301368.SZ,20250903,74.13,74.45,69.88,69.98,74.07,-4.09,-5.5218,77129.91,552554.387
301368.SZ,20250902,71.67,77.53,69.02,74.07,71.11,2.96,4.1626,140219.91,1022522.07
301368.SZ,20250901,69.5,71.25,69.45,71.11,70.42,0.69,0.9798,50000.68,353764.156
301368.SZ,20250829,70.63,71.6,68.51,70.42,70.3,0.12,0.1707,55935.21,392110.984
301368.SZ,20250828,69.35,70.3,67.66,70.3,69.01,1.29,1.8693,68719.93,474243.671
301368.SZ,20250827,71.0,72.99,69.01,69.01,71.12,-2.11,-2.9668,77262.52,552792.532
301368.SZ,20250826,72.6,72.6,71.0,71.12,73.4,-2.28,-3.1063,66302.92,475732.053
301368.SZ,20250825,71.71,74.86,71.7,73.4,71.59,1.81,2.5283,104984.47,771227.132
301368.SZ,20250822,72.2,72.25,70.8,71.59,71.47,0.12,0.1679,71063.6,508142.397
301368.SZ,20250821,74.0,74.6,71.05,71.47,74.19,-2.72,-3.6663,90284.24,655242.51
301368.SZ,20250820,74.8,75.89,72.42,74.19,76.39,-2.2,-2.88,139832.74,1035037.408
301368.SZ,20250819,67.88,79.0,67.2,76.39,67.42,8.97,13.3047,217920.81,1586248.141
301368.SZ,20250818,66.8,67.68,66.03,67.42,65.86,1.56,2.3687,83081.17,556173.267
301368.SZ,20250815,64.26,66.2,64.0,65.86,64.27,1.59,2.4739,58760.55,385566.066
301368.SZ,20250814,66.2,66.3,63.6,64.27,66.19,-1.92,-2.9007,64526.5,419360.166
301368.SZ,20250813,65.2,66.69,64.63,66.19,65.26,0.93,1.4251,62417.68,410184.229
301368.SZ,20250812,65.7,65.95,64.5,65.26,65.58,-0.32,-0.488,40250.0,261660.569
301368.SZ,20250811,65.25,66.06,64.87,65.58,64.7,0.88,1.3601,45136.09,295745.19
301368.SZ,20250808,66.21,66.53,64.7,64.7,66.86,-2.16,-3.2306,62057.44,405931.1
301368.SZ,20250807,65.0,67.35,65.0,66.86,65.66,1.2,1.8276,124605.68,829961.127
301368.SZ,20250806,63.15,66.18,62.82,65.66,63.15,2.51,3.9747,115547.03,751791.888
301368.SZ,20250805,64.0,64.0,62.42,63.15,64.39,-1.24,-1.9258,75445.83,475650.072
301368.SZ,20250804,61.5,64.47,61.35,64.39,61.88,2.51,4.0562,58185.88,369131.034
301368.SZ,20250801,62.05,63.13,61.3,61.88,62.38,-0.5,-0.8015,31837.9,197236.8
301368.SZ,20250731,62.51,63.76,62.2,62.38,62.38,0.0,0.0,38240.03,241171.906
301368.SZ,20250730,63.5,63.5,62.13,62.38,63.5,-1.12,-1.7638,37365.67,234103.142
301368.SZ,20250729,63.6,64.08,63.03,63.5,64.12,-0.62,-0.9669,35642.87,226222.42
301368.SZ,20250728,65.0,65.4,63.95,64.12,64.68,-0.56,-0.8658,38230.04,246695.619
301368.SZ,20250725,64.2,64.76,63.8,64.68,64.18,0.5,0.7791,38628.15,248447.073
301368.SZ,20250724,63.99,65.0,63.9,64.18,63.95,0.23,0.3597,32208.6,206960.762
301368.SZ,20250723,64.6,65.1,63.5,63.95,64.5,-0.55,-0.8527,45436.62,292344.197
301368.SZ,20250722,65.71,65.98,64.48,64.5,66.49,-1.99,-2.9929,74419.84,484611.503
301368.SZ,20250721,64.98,67.0,63.98,66.49,63.47,3.02,4.7582,127780.37,840422.3
301368.SZ,20250718,63.3,63.62,62.42,63.47,63.3,0.17,0.2686,52503.0,331355.162
301368.SZ,20250717,62.05,64.35,61.82,63.3,62.45,0.85,1.3611,67820.36,428052.126
301368.SZ,20250716,62.0,63.61,61.43,62.45,61.88,0.57,0.9211,64434.2,403383.179
301368.SZ,20250715,62.0,62.3,61.05,61.88,62.16,-0.28,-0.4505,51636.98,318394.982
301368.SZ,20250714,60.86,62.88,60.63,62.16,60.87,1.29,2.1193,78895.66,488231.698
301368.SZ,20250711,58.93,61.43,58.41,60.87,58.95,1.92,3.257,60041.66,362009.008
301368.SZ,20250710,59.18,59.69,58.73,58.95,60.16,-1.21,-2.0113,42351.0,250243.368
301368.SZ,20250709,61.5,62.5,59.98,60.16,60.06,0.1,0.1665,77308.1,474711.878
301368.SZ,20250708,59.2,60.39,58.85,60.06,59.12,0.94,1.59,31389.0,187609.621
301368.SZ,20250707,60.13,60.13,58.81,59.12,60.13,-1.01,-1.6797,29150.0,172400.135
301368.SZ,20250704,60.1,61.5,59.0,60.13,60.1,0.03,0.0499,50828.0,306178.342
301368.SZ,20250703,59.45,60.71,59.01,60.1,59.81,0.29,0.4849,32673.0,195452.843
301368.SZ,20250702,61.3,61.3,59.22,59.81,61.08,-1.27,-2.0792,31391.0,188002.167
301368.SZ,20250701,61.85,61.98,60.2,61.08,61.83,-0.75,-1.213,39549.7,240970.644
301368.SZ,20250630,61.3,62.22,61.07,61.83,61.1,0.73,1.1948,37904.0,233798.227
301368.SZ,20250627,61.51,62.0,60.82,61.1,61.45,-0.35,-0.5696,37196.0,228585.496
301368.SZ,20250626,61.96,63.86,61.4,61.45,62.17,-0.72,-1.1581,60241.54,375338.323
301368.SZ,20250625,61.15,62.68,60.5,62.17,61.2,0.97,1.585,78397.82,485329.568
301368.SZ,20250624,57.11,61.22,57.11,61.2,56.79,4.41,7.7655,95010.43,570223.959
301368.SZ,20250623,56.0,57.46,55.8,56.79,57.48,-0.69,-1.2004,38370.74,217528.066
301368.SZ,20250620,59.66,60.23,57.39,57.48,60.25,-2.77,-4.5975,55175.92,323078.206
301368.SZ,20250619,57.97,62.77,57.21,60.25,58.14,2.11,3.6292,99706.64,596354.769
301368.SZ,20250618,57.34,58.39,56.81,58.14,57.33,0.81,1.4129,31117.9,178992.098
301368.SZ,20250617,57.25,57.87,56.78,57.33,57.33,0.0,0.0,24667.9,141137.801
301368.SZ,20250616,56.61,58.05,56.48,57.33,57.1,0.23,0.4028,28565.0,164304.138
301368.SZ,20250613,58.1,58.68,56.93,57.1,58.73,-1.63,-2.7754,30265.16,174281.929
301368.SZ,20250612,59.27,59.59,58.49,58.73,59.27,-0.54,-0.9111,24289.26,143542.356
301368.SZ,20250611,59.09,59.82,58.83,59.34,58.95,0.39,0.6616,33099.0,196372.344
301368.SZ,20250610,59.93,60.0,57.26,58.95,59.92,-0.97,-1.6188,50312.19,295352.137
301368.SZ,20250609,59.8,60.6,59.39,59.92,59.54,0.38,0.6382,37760.68,226676.049
301368.SZ,20250606,59.9,60.12,59.1,59.54,60.16,-0.62,-1.0306,32507.92,193378.868
301368.SZ,20250605,59.48,60.6,58.3,60.16,59.18,0.98,1.656,53777.76,320870.942
301368.SZ,20250604,60.0,60.0,58.92,59.18,59.06,0.12,0.2032,32169.15,190812.696
301368.SZ,20250603,58.96,59.56,58.21,59.06,59.0,0.06,0.1017,24074.15,142298.092
301368.SZ,20250530,61.27,61.27,58.69,59.0,61.27,-2.27,-3.7049,35945.28,213544.465
301368.SZ,20250529,60.8,62.14,60.46,61.27,60.85,0.42,0.6902,37351.79,229164.203
301368.SZ,20250528,62.9,63.2,60.49,60.85,62.38,-1.53,-2.4527,40966.93,252419.672
301368.SZ,20250527,64.51,64.52,62.17,62.38,64.52,-2.14,-3.3168,32715.0,205935.584
301368.SZ,20250526,64.03,65.0,63.08,64.52,63.72,0.8,1.2555,34778.0,222968.991
301368.SZ,20250523,64.53,66.08,63.5,63.72,64.88,-1.16,-1.7879,43012.76,278995.508
301368.SZ,20250522,66.44,66.97,64.78,64.88,66.24,-1.36,-2.0531,31997.0,210294.82
301368.SZ,20250521,67.42,67.48,65.9,66.24,67.4,-1.16,-1.7211,31928.66,212078.828
301368.SZ,20250520,67.17,68.8,65.8,67.4,67.17,0.23,0.3424,39797.5,268475.121
301368.SZ,20250519,68.0,68.27,65.47,67.17,68.19,-1.02,-1.4958,42906.5,285939.296
301368.SZ,20250516,68.0,70.26,67.85,68.19,68.4,-0.21,-0.307,39886.0,275660.952
301368.SZ,20250515,71.0,71.0,68.15,68.4,70.88,-2.48,-3.4989,46275.0,319135.9
301368.SZ,20250514,71.15,72.19,70.2,70.88,71.5,-0.62,-0.8671,48451.0,344411.565
301368.SZ,20250513,74.11,74.47,71.38,71.5,72.32,-0.82,-1.1338,68970.0,502465.202
301368.SZ,20250512,70.9,72.77,70.4,72.32,69.53,2.79,4.0127,62006.5,444969.582
301368.SZ,20250509,71.75,71.95,68.66,69.53,72.1,-2.57,-3.5645,54616.66,381376.314
301368.SZ,20250508,71.7,73.49,71.14,72.1,71.86,0.24,0.334,54090.66,391869.268
301368.SZ,20250507,73.6,74.0,70.37,71.86,72.89,-1.03,-1.4131,75263.15,544882.889
301368.SZ,20250506,72.5,73.16,70.49,72.89,71.43,1.46,2.044,80547.81,580976.385
301368.SZ,20250430,70.09,72.6,68.87,71.43,69.3,2.13,3.0736,74247.0,525588.867
301368.SZ,20250429,66.6,70.0,65.55,69.3,66.13,3.17,4.7936,72619.0,499248.766
301368.SZ,20250428,68.3,68.7,65.92,66.13,68.5,-2.37,-3.4599,44086.71,294274.984
301368.SZ,20250425,68.02,69.73,67.11,68.5,68.3,0.2,0.2928,59831.0,410441.364
301368.SZ,20250424,69.33,70.44,66.83,68.3,70.6,-2.3,-3.2578,84035.79,577672.302
301368.SZ,20250423,66.3,72.66,65.7,70.6,65.4,5.2,7.9511,117301.18,811737.524
301368.SZ,20250422,67.0,68.65,65.2,65.4,65.87,-0.47,-0.7135,72109.0,482036.89
301368.SZ,20250421,62.5,66.1,62.05,65.87,63.31,2.56,4.0436,56219.71,363652.436
301368.SZ,20250418,64.55,64.55,62.98,63.31,64.08,-0.77,-1.2016,23098.0,146943.562
301368.SZ,20250417,64.51,65.6,63.9,64.08,64.52,-0.44,-0.682,33342.0,215860.556
301368.SZ,20250416,66.57,66.84,63.7,64.52,66.57,-2.05,-3.0795,39131.0,254488.34
301368.SZ,20250415,66.8,67.95,65.26,66.57,66.94,-0.37,-0.5527,50028.0,332420.36
301368.SZ,20250414,67.74,68.6,66.06,66.94,65.75,1.19,1.8099,50454.12,338992.7
301368.SZ,20250411,63.28,67.28,63.28,65.75,64.3,1.45,2.2551,70234.0,464640.99
301368.SZ,20250410,63.72,67.77,62.9,64.3,61.16,3.14,5.1341,91818.76,598321.995
301368.SZ,20250409,56.0,61.67,50.3,61.16,56.9,4.26,7.4868,99108.5,565262.226
301368.SZ,20250408,58.0,60.35,55.1,56.9,56.7,0.2,0.3527,73289.0,421037.92
301368.SZ,20250407,63.33,65.98,56.7,56.7,70.87,-14.17,-19.9944,74483.66,447291.278
301368.SZ,20250403,72.58,74.33,70.7,70.87,73.31,-2.44,-3.3283,45071.91,324971.583
301368.SZ,20250402,71.12,75.36,71.12,73.31,71.2,2.11,2.9635,71098.0,525046.233
301368.SZ,20250401,73.65,73.72,71.13,71.2,72.78,-1.58,-2.1709,33587.33,241652.878
301368.SZ,20250331,72.5,73.1,68.88,72.78,73.36,-0.58,-0.7906,73767.5,519433.055
301368.SZ,20250328,75.53,76.74,73.07,73.36,75.91,-2.55,-3.3592,51315.12,381173.406
301368.SZ,20250327,76.0,78.98,74.69,75.91,76.41,-0.5,-0.6544,55665.97,428150.235
301368.SZ,20250326,74.62,78.5,74.48,76.41,75.23,1.18,1.5685,60860.34,469425.787
301368.SZ,20250325,78.61,79.25,75.0,75.23,78.0,-2.77,-3.5513,50514.72,386817.162
301368.SZ,20250324,78.87,80.37,74.86,78.0,79.0,-1.0,-1.2658,72749.87,561859.182
301368.SZ,20250321,83.1,84.48,79.0,79.0,84.49,-5.49,-6.4978,77206.37,620406.027
301368.SZ,20250320,84.55,87.78,81.41,84.49,87.08,-2.59,-2.9743,95613.98,805126.253
301368.SZ,20250319,87.83,91.42,85.8,87.08,86.24,0.84,0.974,110125.0,969644.456
301368.SZ,20250318,87.4,87.78,85.4,86.24,87.6,-1.36,-1.5525,68398.97,591057.061
301368.SZ,20250317,84.35,87.66,82.88,87.6,85.9,1.7,1.979,87282.97,748083.551
301368.SZ,20250314,81.6,87.75,80.09,85.9,82.99,2.91,3.5064,113321.0,951341.239
301368.SZ,20250313,87.47,89.0,80.08,82.99,89.3,-6.31,-7.0661,126848.97,1057417.675
301368.SZ,20250312,87.6,92.57,87.51,89.3,88.0,1.3,1.4773,124361.7,1119790.693
301368.SZ,20250311,86.9,90.48,83.75,88.0,89.2,-1.2,-1.3453,133044.7,1154554.979
301368.SZ,20250310,97.0,97.0,88.56,89.2,97.0,-7.8,-8.0412,156195.0,1427958.687
301368.SZ,20250307,84.0,101.04,83.2,97.0,84.2,12.8,15.2019,226049.03,2085395.425
301368.SZ,20250306,84.27,85.87,83.0,84.2,85.38,-1.18,-1.3821,123382.66,1039843.807
301368.SZ,20250305,81.85,86.46,80.27,85.38,84.38,1.0,1.1851,146454.99,1219881.379
301368.SZ,20250304,80.83,87.22,79.6,84.38,80.0,4.38,5.475,198037.46,1663150.297
301368.SZ,20250303,73.0,83.99,70.69,80.0,69.99,10.01,14.302,231107.96,1814031.986
301368.SZ,20250228,78.54,79.98,69.6,69.99,78.64,-8.65,-10.9995,149292.8,1092878.328
301368.SZ,20250227,85.6,88.88,75.32,78.64,78.55,0.09,0.1146,201143.51,1667137.527
301368.SZ,20250226,77.0,82.59,76.4,78.55,77.4,1.15,1.4858,146604.8,1170399.386
301368.SZ,20250225,75.61,81.18,75.61,77.4,78.1,-0.7,-0.8963,116838.0,913708.407
301368.SZ,20250224,75.88,79.6,73.68,78.1,77.23,0.87,1.1265,124308.66,958026.073
301368.SZ,20250221,76.25,79.7,75.58,77.23,78.15,-0.92,-1.1772,134127.0,1032513.545
301368.SZ,20250220,76.94,83.35,76.63,78.15,76.63,1.52,1.9836,193910.81,1528871.775
301368.SZ,20250219,64.68,76.63,64.58,76.63,63.86,12.77,19.9969,199117.35,1421453.235
301368.SZ,20250218,65.0,66.1,63.39,63.86,65.96,-2.1,-3.1837,88164.0,568562.851
301368.SZ,20250217,62.8,65.99,61.92,65.96,62.37,3.59,5.756,105739.97,681540.867
301368.SZ,20250214,62.48,65.2,61.9,62.37,64.16,-1.79,-2.7899,100123.31,634256.818
301368.SZ,20250213,65.93,68.49,63.8,64.16,65.94,-1.78,-2.6994,107131.0,708751.488
301368.SZ,20250212,65.8,67.71,63.45,65.94,67.31,-1.37,-2.0354,110049.52,722741.272
301368.SZ,20250211,64.21,67.41,63.16,67.31,64.58,2.73,4.2273,148657.66,973554.221
301368.SZ,20250210,63.88,64.83,62.58,64.58,66.16,-1.58,-2.3881,105740.79,673744.204
301368.SZ,20250207,65.51,68.3,63.99,66.16,66.84,-0.68,-1.0174,153049.71,1009424.117
301368.SZ,20250206,63.24,70.86,63.02,66.84,63.96,2.88,4.5028,178044.92,1192843.203
301368.SZ,20250205,58.82,66.58,58.81,63.96,57.14,6.82,11.9356,162418.95,1007307.507
301368.SZ,20250127,61.0,61.42,57.03,57.14,61.95,-4.81,-7.7643,117618.42,690641.222
301368.SZ,20250124,56.5,63.88,56.3,61.95,57.07,4.88,8.5509,197637.09,1184606.069
301368.SZ,20250123,56.07,59.93,55.4,57.07,55.45,1.62,2.9216,166729.84,959419.42
301368.SZ,20250122,55.8,56.93,55.15,55.45,56.45,-1.0,-1.7715,107089.79,599636.471
301368.SZ,20250121,55.1,56.5,54.31,56.45,55.19,1.26,2.283,142379.69,792466.896
301368.SZ,20250120,54.54,55.5,51.88,55.19,54.34,0.85,1.5642,146385.75,787669.628
301368.SZ,20250117,53.61,59.67,53.61,54.34,52.98,1.36,2.567,159170.05,898207.035
301368.SZ,20250116,53.47,55.9,52.5,52.98,53.38,-0.4,-0.7493,114012.25,617831.66
301368.SZ,20250115,54.43,56.0,52.5,53.38,52.44,0.94,1.7925,151764.36,820700.394
301368.SZ,20250114,47.94,52.45,47.38,52.44,47.93,4.51,9.4096,165023.55,834737.791
301368.SZ,20250113,45.99,51.4,45.96,47.93,46.77,1.16,2.4802,128099.87,623837.1
301368.SZ,20250110,45.6,48.8,45.38,46.77,46.06,0.71,1.5415,117244.5,557221.188
301368.SZ,20250109,44.45,46.5,44.4,46.06,44.83,1.23,2.7437,78646.05,358216.278
002472.SZ,20260702,43.43,44.28,42.03,42.74,42.7,0.04,0.0937,480563.8,2077114.24923
002472.SZ,20260701,42.21,43.68,42.05,42.7,41.51,1.19,2.8668,602367.13,2590001.75369
002472.SZ,20260630,38.2,41.51,38.11,41.51,37.74,3.77,9.9894,510614.04,2057253.69231
002472.SZ,20260629,37.1,38.38,36.51,37.74,37.15,0.59,1.5882,297298.3,1113180.49135
002472.SZ,20260626,39.03,39.28,37.15,37.15,39.42,-2.27,-5.7585,339183.81,1284294.33098
002472.SZ,20260625,39.65,41.48,38.93,39.42,40.05,-0.63,-1.573,396649.39,1583843.58078
002472.SZ,20260624,40.76,41.74,39.88,40.05,40.56,-0.51,-1.2574,353560.31,1432732.74319
002472.SZ,20260623,41.5,42.18,40.1,40.56,42.11,-1.55,-3.6808,373490.13,1532595.24876
002472.SZ,20260622,43.5,43.95,40.88,42.11,43.78,-1.67,-3.8145,455475.09,1919710.89794
002472.SZ,20260618,41.6,44.85,41.44,43.78,41.76,2.02,4.8372,534781.61,2321405.78514
002472.SZ,20260617,41.88,42.25,41.17,41.76,42.31,-0.55,-1.2999,274028.73,1141196.57433
002472.SZ,20260616,42.83,43.35,42.06,42.31,42.81,-0.5,-1.168,274203.25,1169623.20504
002472.SZ,20260615,40.99,42.87,40.73,42.81,41.0,1.81,4.4146,334148.71,1403468.06964
002472.SZ,20260612,41.8,43.28,40.14,41.0,41.08,-0.08,-0.1947,450139.93,1854432.69722
002472.SZ,20260611,42.33,42.65,40.68,41.08,42.69,-1.61,-3.7714,384686.6,1587090.33048
002472.SZ,20260610,44.5,45.54,42.46,42.69,44.87,-2.18,-4.8585,443902.96,1930777.66933
002472.SZ,20260609,44.63,44.97,43.68,44.87,45.03,-0.16,-0.3553,532141.77,2365037.15825
002472.SZ,20260608,41.85,45.98,41.83,45.03,42.86,2.17,5.063,799447.01,3566684.824
002472.SZ,20260605,41.4,44.21,39.05,42.86,41.39,1.47,3.5516,561344.02,2349735.662
002472.SZ,20260604,39.84,42.8,39.6,41.39,40.24,1.15,2.8579,423689.61,1761052.785
002472.SZ,20260603,39.72,41.64,39.33,40.24,39.98,0.26,0.6503,305650.08,1242594.076
002472.SZ,20260602,39.47,41.11,39.31,39.98,38.78,1.2,3.0944,318417.36,1279340.238
002472.SZ,20260601,39.23,39.87,38.69,38.78,39.23,-0.45,-1.1471,218916.06,857681.773
002472.SZ,20260529,41.5,42.11,38.91,39.23,41.39,-2.16,-5.2187,313362.23,1258536.121
002472.SZ,20260528,42.48,42.5,40.08,41.39,42.5,-1.11,-2.6118,395617.04,1624192.86
002472.SZ,20260527,43.5,44.25,42.3,42.5,44.72,-2.22,-4.9642,420969.56,1819094.331
002472.SZ,20260526,44.12,46.12,44.12,44.72,43.63,1.09,2.4983,575692.61,2590112.444
002472.SZ,20260525,44.82,45.0,43.22,43.63,44.4,-0.77,-1.7342,339500.38,1489226.975
002472.SZ,20260522,44.9,45.22,43.82,44.4,44.46,-0.06,-0.135,432714.96,1927523.918
002472.SZ,20260521,43.41,45.98,43.3,44.46,43.08,1.38,3.2033,621939.64,2786734.616
002472.SZ,20260520,43.52,43.87,42.69,43.08,44.01,-0.93,-2.1132,290283.87,1250567.178
002472.SZ,20260519,44.11,44.98,43.4,44.01,44.11,-0.1,-0.2267,425303.57,1871064.959
002472.SZ,20260518,42.62,44.43,42.3,44.11,42.5,1.61,3.7882,519450.53,2276230.488
002472.SZ,20260515,40.98,43.62,40.9,42.5,40.73,1.77,4.3457,477230.79,2022276.804
002472.SZ,20260514,42.3,42.54,40.7,40.73,42.23,-1.5,-3.552,258375.61,1071455.686
002472.SZ,20260513,42.18,42.39,41.41,42.23,42.33,-0.1,-0.2362,238297.42,998861.56
002472.SZ,20260512,42.26,43.1,42.0,42.33,42.43,-0.1,-0.2357,270084.6,1146918.137
002472.SZ,20260511,42.19,42.83,41.75,42.43,42.45,-0.02,-0.0471,322578.3,1365687.171
002472.SZ,20260508,40.5,42.79,40.18,42.45,40.61,1.84,4.5309,425410.44,1783196.199
002472.SZ,20260507,39.96,40.77,39.56,40.61,39.81,0.8,2.0095,229420.61,927792.875
002472.SZ,20260506,39.7,40.08,39.5,39.81,39.27,0.54,1.3751,218772.53,870074.611
002472.SZ,20260430,38.37,39.67,38.34,39.27,38.3,0.97,2.5326,190760.75,747253.697
002472.SZ,20260429,38.01,38.45,37.93,38.3,38.27,0.03,0.0784,100034.95,382359.947
002472.SZ,20260428,38.49,38.79,38.08,38.27,38.48,-0.21,-0.5457,136386.66,523420.805
002472.SZ,20260427,36.74,39.08,36.63,38.48,36.63,1.85,5.0505,207522.27,793942.77
002472.SZ,20260424,37.55,37.79,36.3,36.63,38.03,-1.4,-3.6813,191839.32,705169.194
002472.SZ,20260423,38.8,38.85,37.73,38.03,38.91,-0.88,-2.2616,146040.88,557105.773
002472.SZ,20260422,38.9,39.23,38.66,38.91,38.9,0.01,0.0257,98804.03,383987.23
002472.SZ,20260421,39.0,39.26,38.48,38.9,39.08,-0.18,-0.4606,114604.52,444372.336
002472.SZ,20260420,39.35,39.58,38.92,39.08,39.19,-0.11,-0.2807,136150.47,534726.024
002472.SZ,20260417,38.83,39.28,38.57,39.19,38.79,0.4,1.0312,114293.82,445290.339
002472.SZ,20260416,38.81,38.95,38.5,38.79,38.4,0.39,1.0156,120847.37,468206.204
002472.SZ,20260415,39.0,39.27,38.29,38.4,38.35,0.05,0.1304,124669.99,481934.209
002472.SZ,20260414,38.67,38.67,37.94,38.35,37.96,0.39,1.0274,120045.97,459527.478
002472.SZ,20260413,37.95,38.37,37.7,37.96,38.14,-0.18,-0.4719,101240.26,385470.174
002472.SZ,20260410,37.56,38.4,37.4,38.14,37.04,1.1,2.9698,145571.68,554576.672
002472.SZ,20260409,36.71,37.46,36.41,37.04,37.13,-0.09,-0.2424,107963.0,399864.688
002472.SZ,20260408,35.85,37.14,35.85,37.13,35.08,2.05,5.8438,164674.21,605149.358
002472.SZ,20260407,35.18,35.51,34.73,35.08,35.18,-0.1,-0.2843,76599.31,268919.533
002472.SZ,20260403,35.91,35.99,35.11,35.18,35.9,-0.72,-2.0056,74611.89,264001.218
002472.SZ,20260402,36.62,36.62,35.68,35.9,36.71,-0.81,-2.2065,83946.44,302958.403
002472.SZ,20260401,36.75,36.86,36.3,36.71,36.01,0.7,1.9439,102594.47,375449.471
002472.SZ,20260331,36.1,36.93,35.93,36.01,35.93,0.08,0.2227,106282.55,386077.522
002472.SZ,20260330,36.13,36.36,35.53,35.93,36.58,-0.65,-1.7769,114664.62,411722.756
002472.SZ,20260327,35.65,36.98,35.55,36.58,36.27,0.31,0.8547,115539.33,420990.769
002472.SZ,20260326,36.68,37.45,36.2,36.27,36.67,-0.4,-1.0908,138531.44,510759.604
002472.SZ,20260325,36.5,37.3,36.5,36.67,36.45,0.22,0.6036,141195.46,519686.046
002472.SZ,20260324,37.74,37.87,34.91,36.45,37.26,-0.81,-2.1739,226927.36,817532.888
002472.SZ,20260323,38.4,39.2,37.0,37.26,38.47,-1.21,-3.1453,231625.08,889474.657
002472.SZ,20260320,38.59,38.97,37.73,38.47,38.47,0.0,0.0,128546.73,492549.509
002472.SZ,20260319,38.39,39.04,38.11,38.47,38.85,-0.38,-0.9781,114736.81,442927.696
002472.SZ,20260318,38.88,39.11,38.49,38.85,39.05,-0.2,-0.5122,116533.81,451930.807
002472.SZ,20260317,39.0,39.39,38.78,39.05,38.88,0.17,0.4372,117669.82,459732.1
002472.SZ,20260316,38.05,38.88,37.8,38.88,38.2,0.68,1.7801,122598.75,470526.141
002472.SZ,20260313,38.51,38.78,38.18,38.2,38.87,-0.67,-1.7237,98708.85,379531.107
002472.SZ,20260312,39.5,39.59,38.71,38.87,39.59,-0.72,-1.8186,114488.18,447070.082
002472.SZ,20260311,39.42,39.83,39.18,39.59,39.56,0.03,0.0758,158855.08,627877.08
002472.SZ,20260310,38.95,39.66,38.9,39.56,38.61,0.95,2.4605,163385.08,642472.642
002472.SZ,20260309,38.51,38.88,37.37,38.61,39.17,-0.56,-1.4297,192927.09,732445.631
002472.SZ,20260306,38.35,39.55,38.25,39.17,38.5,0.67,1.7403,132690.98,518550.548
002472.SZ,20260305,38.88,39.1,38.35,38.5,38.31,0.19,0.496,146433.65,567001.651
002472.SZ,20260304,37.38,38.88,37.33,38.31,38.32,-0.01,-0.0261,173910.59,666257.363
002472.SZ,20260303,40.44,40.74,38.22,38.32,40.52,-2.2,-5.4294,258619.07,1013272.538
002472.SZ,20260302,40.38,41.02,39.94,40.52,41.42,-0.9,-2.1729,244377.78,987720.797
002472.SZ,20260227,41.64,41.94,41.31,41.42,41.75,-0.33,-0.7904,129487.31,536984.29
002472.SZ,20260226,42.26,42.45,41.55,41.75,42.46,-0.71,-1.6722,210184.89,880205.908
002472.SZ,20260225,42.87,42.89,42.2,42.46,42.89,-0.43,-1.0026,161511.37,685720.797
002472.SZ,20260224,44.26,44.49,42.65,42.89,42.92,-0.03,-0.0699,269560.77,1164237.857
002472.SZ,20260213,42.49,43.16,42.4,42.92,42.72,0.2,0.4682,167845.38,720185.233
002472.SZ,20260212,42.23,42.9,42.23,42.72,42.23,0.49,1.1603,134067.28,571518.963
002472.SZ,20260211,42.45,42.85,42.1,42.23,42.85,-0.62,-1.4469,138942.65,589015.251
002472.SZ,20260210,42.38,43.1,42.19,42.85,41.99,0.86,2.0481,231026.58,986875.719
002472.SZ,20260209,41.96,41.99,41.33,41.99,41.23,0.76,1.8433,153114.51,638371.858
002472.SZ,20260206,40.28,41.8,40.1,41.23,40.6,0.63,1.5517,185592.31,765744.2
002472.SZ,20260205,41.1,41.23,40.37,40.6,41.51,-0.91,-2.1922,151910.0,617600.962
002472.SZ,20260204,41.0,41.51,40.65,41.51,41.28,0.23,0.5572,150205.74,616051.662
002472.SZ,20260203,40.98,41.29,40.2,41.28,40.6,0.68,1.6749,221433.04,905567.657
002472.SZ,20260202,41.4,41.97,40.51,40.6,41.53,-0.93,-2.2393,243405.53,1001005.597
002472.SZ,20260130,41.55,42.32,40.41,41.53,41.65,-0.12,-0.2881,209930.15,869120.241
002472.SZ,20260129,43.03,43.11,41.51,41.65,43.14,-1.49,-3.4539,243264.61,1026978.218
002472.SZ,20260128,44.28,44.37,42.89,43.14,44.35,-1.21,-2.7283,249832.31,1081203.094
002472.SZ,20260127,44.78,44.93,43.07,44.35,44.95,-0.6,-1.3348,258977.11,1136493.65
002472.SZ,20260126,47.99,49.47,44.71,44.95,47.46,-2.51,-5.2887,348800.16,1618825.295
002472.SZ,20260123,46.3,47.68,46.08,47.46,46.44,1.02,2.1964,252435.36,1189504.672
002472.SZ,20260122,47.85,47.92,46.26,46.44,47.66,-1.22,-2.5598,237566.33,1111187.551
002472.SZ,20260121,46.18,47.89,46.17,47.66,46.89,0.77,1.6421,228615.26,1084496.206
002472.SZ,20260120,47.15,48.5,46.45,46.89,47.0,-0.11,-0.234,279447.68,1317536.142
002472.SZ,20260119,46.59,47.48,46.08,47.0,46.25,0.75,1.6216,282490.39,1323491.172
002472.SZ,20260116,44.8,46.7,44.8,46.25,44.62,1.63,3.6531,325065.69,1495499.402
002472.SZ,20260115,44.4,44.93,44.18,44.62,44.47,0.15,0.3373,158372.49,706295.773
002472.SZ,20260114,45.56,46.1,44.0,44.47,45.65,-1.18,-2.5849,362060.06,1629492.423
002472.SZ,20260113,46.27,47.5,45.23,45.65,46.26,-0.61,-1.3186,295089.15,1367792.428
002472.SZ,20260112,46.43,46.6,45.08,46.26,46.33,-0.07,-0.1511,297299.56,1364010.134
002472.SZ,20260109,45.6,47.0,45.36,46.33,45.76,0.57,1.2456,261400.49,1213205.637
002472.SZ,20260108,45.66,46.48,45.4,45.76,45.79,-0.03,-0.0655,232465.2,1068575.29
002472.SZ,20260107,45.89,46.57,45.3,45.79,46.31,-0.52,-1.1229,247967.83,1138189.61
002472.SZ,20260106,47.01,47.52,45.78,46.31,47.0,-0.69,-1.4681,339718.31,1576350.972
002472.SZ,20260105,46.64,47.84,46.38,47.0,47.41,-0.41,-0.8648,267408.37,1256207.954
002472.SZ,20251231,48.0,48.8,47.05,47.41,47.25,0.16,0.3386,344735.25,1645408.866
002472.SZ,20251230,43.8,48.68,43.62,47.25,44.33,2.92,6.587,427482.2,1968263.175
002472.SZ,20251229,44.27,45.38,43.81,44.33,44.39,-0.06,-0.1352,258382.61,1150177.714
002472.SZ,20251226,45.12,45.12,43.48,44.39,44.6,-0.21,-0.4709,232727.69,1026928.185
002472.SZ,20251225,42.74,44.6,42.52,44.6,42.65,1.95,4.5721,276576.24,1211672.793
002472.SZ,20251224,41.73,42.78,41.73,42.65,41.63,1.02,2.4502,186459.2,790581.427
002472.SZ,20251223,41.9,41.92,41.4,41.63,42.03,-0.4,-0.9517,124621.81,518946.908
002472.SZ,20251222,41.84,42.37,41.53,42.03,41.44,0.59,1.4237,232790.66,977053.544
002472.SZ,20251219,40.07,42.19,40.01,41.44,39.82,1.62,4.0683,271679.78,1124379.326
002472.SZ,20251218,40.0,40.75,39.8,39.82,40.41,-0.59,-1.46,106877.82,428791.845
002472.SZ,20251217,39.96,40.66,39.43,40.41,40.07,0.34,0.8485,132703.64,532560.037
002472.SZ,20251216,40.21,40.49,39.51,40.07,40.37,-0.3,-0.7431,127750.74,510601.409
002472.SZ,20251215,40.59,41.28,40.33,40.37,41.18,-0.81,-1.967,125766.5,510892.626
002472.SZ,20251212,40.82,41.22,40.33,41.18,40.84,0.34,0.8325,175094.93,716559.829
002472.SZ,20251211,41.74,41.9,40.81,40.84,41.61,-0.77,-1.8505,148903.77,613677.812
002472.SZ,20251210,40.7,41.86,40.38,41.61,40.92,0.69,1.6862,194108.42,800070.404
002472.SZ,20251209,41.2,41.92,40.73,40.92,41.76,-0.84,-2.0115,192994.58,795361.184
002472.SZ,20251208,41.11,41.98,40.5,41.76,41.1,0.66,1.6058,277014.48,1141266.219
002472.SZ,20251205,40.59,41.4,40.34,41.1,41.02,0.08,0.195,235986.05,967155.283
002472.SZ,20251204,39.62,41.22,39.37,41.02,38.65,2.37,6.132,370184.22,1499446.841
002472.SZ,20251203,39.02,39.58,38.58,38.65,39.03,-0.38,-0.9736,119717.55,465134.333
002472.SZ,20251202,40.24,40.24,38.95,39.03,40.44,-1.41,-3.4866,144230.73,567298.087
002472.SZ,20251201,39.85,40.45,39.61,40.44,39.88,0.56,1.4042,173417.2,696515.065
002472.SZ,20251128,39.45,40.28,39.3,39.88,39.66,0.22,0.5547,124416.26,495565.291
002472.SZ,20251127,39.9,40.32,39.52,39.66,39.8,-0.14,-0.3518,140630.3,560546.625
002472.SZ,20251126,39.04,40.19,38.94,39.8,39.11,0.69,1.7643,191336.93,761194.115
002472.SZ,20251125,39.04,39.46,39.0,39.11,38.6,0.51,1.3212,167601.68,657331.07
002472.SZ,20251124,38.05,38.79,37.53,38.6,37.99,0.61,1.6057,147608.3,563857.063
002472.SZ,20251121,37.4,39.0,37.05,37.99,38.09,-0.1,-0.2625,230485.13,874517.267
002472.SZ,20251120,38.98,39.19,37.95,38.09,38.8,-0.71,-1.8299,132857.47,508931.667
002472.SZ,20251119,38.77,39.36,38.61,38.8,38.75,0.05,0.129,124609.72,485413.359
002472.SZ,20251118,38.9,39.19,38.5,38.75,38.9,-0.15,-0.3856,109214.54,424078.932
002472.SZ,20251117,38.3,39.09,37.92,38.9,38.51,0.39,1.0127,126040.15,488464.983
002472.SZ,20251114,38.86,39.15,38.51,38.51,39.47,-0.96,-2.4322,140347.42,544753.07
002472.SZ,20251113,39.31,39.75,39.1,39.47,39.31,0.16,0.407,113694.64,447867.501
002472.SZ,20251112,39.75,40.2,39.08,39.31,39.64,-0.33,-0.8325,140923.31,557894.438
002472.SZ,20251111,39.99,40.28,39.54,39.64,39.7,-0.06,-0.1511,138787.6,552704.838
002472.SZ,20251110,40.4,40.68,39.3,39.7,40.13,-0.43,-1.0715,170459.36,676230.656
002472.SZ,20251107,41.13,41.2,40.1,40.13,41.33,-1.2,-2.9035,203183.96,820611.332
002472.SZ,20251106,40.94,41.49,40.56,41.33,40.56,0.77,1.8984,195396.93,802262.575
002472.SZ,20251105,40.5,41.24,40.38,40.56,41.42,-0.86,-2.0763,164352.82,669490.955
002472.SZ,20251104,42.63,42.74,40.81,41.42,42.83,-1.41,-3.2921,235085.36,975267.845
002472.SZ,20251103,44.0,44.33,42.33,42.83,43.63,-0.8,-1.8336,211565.35,914186.201
002472.SZ,20251031,43.21,44.93,43.03,43.63,43.26,0.37,0.8553,277926.26,1227144.072
002472.SZ,20251030,44.5,44.51,42.9,43.26,44.49,-1.23,-2.7647,279828.46,1214762.776
002472.SZ,20251029,43.44,44.65,43.32,44.49,43.58,0.91,2.0881,243691.12,1076776.44
002472.SZ,20251028,43.75,44.18,43.0,43.58,43.68,-0.1,-0.2289,268825.55,1173186.206
002472.SZ,20251027,44.0,44.18,42.86,43.68,43.32,0.36,0.831,270002.22,1173653.454
002472.SZ,20251024,42.99,43.84,42.64,43.5,42.77,0.73,1.7068,230111.41,995388.219
002472.SZ,20251023,42.5,43.08,42.01,42.77,42.94,-0.17,-0.3959,132928.78,564042.65
002472.SZ,20251022,42.7,43.8,42.57,42.94,42.96,-0.02,-0.0466,193360.18,833454.001
002472.SZ,20251021,43.4,43.4,42.42,42.96,42.58,0.38,0.8924,233305.79,1003198.325
002472.SZ,20251020,42.03,43.5,41.75,42.58,41.2,1.38,3.3495,249170.76,1063004.45
002472.SZ,20251017,42.94,43.02,41.1,41.2,42.69,-1.49,-3.4903,207706.43,867997.169
002472.SZ,20251016,42.7,43.2,42.5,42.69,43.81,-1.12,-2.5565,214333.08,918033.561
002472.SZ,20251015,42.19,43.85,41.29,43.81,41.78,2.03,4.8588,382787.99,1637586.009
002472.SZ,20251014,45.96,46.0,41.75,41.78,45.19,-3.41,-7.5459,392232.33,1698672.42
002472.SZ,20251013,44.0,45.37,43.84,45.19,46.86,-1.67,-3.5638,362033.55,1615034.225
002472.SZ,20251010,49.18,49.76,46.8,46.86,49.2,-2.34,-4.7561,317519.5,1520726.967
002472.SZ,20251009,49.31,50.1,47.5,49.2,49.81,-0.61,-1.2247,321962.59,1582578.703
002472.SZ,20250930,50.0,50.23,49.33,49.81,50.03,-0.22,-0.4397,301476.26,1499123.513
002472.SZ,20250929,48.99,50.35,48.72,50.03,49.01,1.02,2.0812,352964.35,1753908.279
002472.SZ,20250926,50.45,51.04,48.82,49.01,51.33,-2.32,-4.5198,412684.88,2055742.142
002472.SZ,20250925,51.94,53.12,50.6,51.33,51.31,0.02,0.039,449751.95,2318076.774
002472.SZ,20250924,50.66,53.3,49.2,51.31,51.69,-0.38,-0.7352,592131.97,3055740.241
002472.SZ,20250923,50.48,53.5,50.0,51.69,50.48,1.21,2.397,660990.23,3417136.031
002472.SZ,20250922,47.15,51.3,46.61,50.48,46.69,3.79,8.1174,627577.31,3074589.747
002472.SZ,20250919,48.45,48.8,46.37,46.69,50.89,-4.2,-8.2531,597259.96,2826003.686
002472.SZ,20250918,48.6,52.67,48.0,50.89,48.45,2.44,5.0361,1003352.04,5030591.125
002472.SZ,20250917,45.78,49.24,45.2,48.45,44.76,3.69,8.244,948122.12,4539677.299
002472.SZ,20250916,41.0,44.76,40.65,44.76,40.69,4.07,10.0025,548264.23,2356575.357
002472.SZ,20250915,39.3,41.17,39.3,40.69,39.36,1.33,3.3791,382353.92,1551621.166
002472.SZ,20250912,39.45,40.4,39.01,39.36,39.26,0.1,0.2547,343945.02,1365898.989
002472.SZ,20250911,38.54,39.46,38.01,39.26,38.46,0.8,2.0801,317439.05,1235692.477
002472.SZ,20250910,38.99,39.5,37.9,38.46,39.15,-0.69,-1.7625,272483.07,1052974.867
002472.SZ,20250909,38.97,39.7,38.23,39.15,39.11,0.04,0.1023,375853.46,1468309.945
002472.SZ,20250908,37.1,39.59,36.98,39.11,36.79,2.32,6.3061,558791.82,2170374.143
002472.SZ,20250905,35.59,36.86,35.53,36.79,35.7,1.09,3.0532,181442.65,658520.3
002472.SZ,20250904,37.41,37.68,35.07,35.7,37.49,-1.79,-4.7746,307265.77,1114626.675
002472.SZ,20250903,38.18,39.1,37.0,37.49,37.68,-0.19,-0.5042,432099.49,1646517.743
002472.SZ,20250902,36.51,37.89,35.1,37.68,36.6,1.08,2.9508,453067.76,1662703.526
002472.SZ,20250901,37.37,37.8,36.41,36.6,37.26,-0.66,-1.7713,243862.22,895695.118
002472.SZ,20250829,37.07,37.84,36.35,37.26,37.11,0.15,0.4042,250193.22,930605.705
002472.SZ,20250828,36.3,37.11,36.04,37.11,36.51,0.6,1.6434,252798.87,923305.569
002472.SZ,20250827,37.51,38.27,36.5,36.51,37.5,-0.99,-2.64,274101.29,1030693.559
002472.SZ,20250826,37.73,37.79,37.3,37.5,37.99,-0.49,-1.2898,212910.1,798283.028
002472.SZ,20250825,38.1,39.08,37.45,37.99,37.95,0.04,0.1054,242954.12,926570.159
002472.SZ,20250822,37.17,38.04,37.0,37.95,37.2,0.75,2.0161,220094.38,830272.543
002472.SZ,20250821,37.79,38.1,37.0,37.2,37.97,-0.77,-2.0279,209390.44,782493.044
002472.SZ,20250820,37.64,38.18,37.21,37.97,37.64,0.33,0.8767,216247.0,816071.229
002472.SZ,20250819,37.5,38.63,36.41,37.64,37.31,0.33,0.8845,336319.05,1261718.699
002472.SZ,20250818,37.06,37.59,36.54,37.31,36.87,0.44,1.1934,292947.22,1087513.916
002472.SZ,20250815,35.73,36.95,35.61,36.87,35.9,0.97,2.7019,250432.53,916488.868
002472.SZ,20250814,36.15,36.53,35.3,35.9,36.13,-0.23,-0.6366,235445.3,848405.93
002472.SZ,20250813,35.98,36.35,35.6,36.13,35.82,0.31,0.8654,213476.79,767587.644
002472.SZ,20250812,35.6,35.96,35.23,35.82,35.6,0.22,0.618,157042.99,560032.556
002472.SZ,20250811,35.22,35.88,35.22,35.6,35.05,0.55,1.5692,173951.19,618551.6
002472.SZ,20250808,35.78,35.79,34.91,35.05,35.99,-0.94,-2.6118,192862.61,679841.756
002472.SZ,20250807,36.36,36.37,35.7,35.99,36.35,-0.36,-0.9904,203900.0,733159.222
002472.SZ,20250806,34.77,37.15,34.52,36.35,34.6,1.75,5.0578,410972.75,1476915.936
002472.SZ,20250805,34.51,34.65,34.11,34.6,34.33,0.27,0.7865,157219.46,540833.82
002472.SZ,20250804,33.4,34.35,33.3,34.33,33.7,0.63,1.8694,154258.66,520863.113
002472.SZ,20250801,33.01,34.24,32.91,33.7,33.01,0.69,2.0903,167989.73,565930.931
002472.SZ,20250731,33.26,33.89,32.88,33.01,33.24,-0.23,-0.6919,149596.24,499602.994
002472.SZ,20250730,33.87,33.91,33.01,33.24,33.99,-0.75,-2.2065,165716.73,552431.43
002472.SZ,20250729,34.27,34.36,33.78,33.99,34.38,-0.39,-1.1344,146791.13,499315.223
002472.SZ,20250728,34.75,35.13,34.26,34.38,34.64,-0.26,-0.7506,164937.2,572063.736
002472.SZ,20250725,34.76,34.99,34.35,34.64,34.74,-0.1,-0.2879,123913.14,428857.374
002472.SZ,20250724,34.2,34.88,34.12,34.74,33.75,0.99,2.9333,181299.98,627004.896
002472.SZ,20250723,33.75,34.0,33.62,33.75,33.92,-0.17,-0.5012,118765.58,401258.139
002472.SZ,20250722,34.07,34.27,33.65,33.92,34.26,-0.34,-0.9924,162092.53,549389.618
002472.SZ,20250721,34.79,35.13,34.08,34.26,34.05,0.21,0.6167,234430.1,809435.864
002472.SZ,20250718,34.05,34.13,33.62,34.05,34.0,0.05,0.1471,130856.95,443778.844
002472.SZ,20250717,34.26,34.34,33.84,34.0,34.23,-0.23,-0.6719,169843.51,578247.387
002472.SZ,20250716,33.58,34.43,32.85,34.23,33.25,0.98,2.9474,250256.93,850009.311
002472.SZ,20250715,32.45,33.65,32.44,33.25,32.52,0.73,2.2448,262852.1,873143.324
002472.SZ,20250714,32.36,32.66,31.85,32.52,31.73,0.79,2.4898,191628.9,620846.23
002472.SZ,20250711,31.03,31.96,31.03,31.73,31.02,0.71,2.2888,168057.08,532410.863
002472.SZ,20250710,31.22,31.27,30.73,31.02,31.28,-0.26,-0.8312,129042.24,399980.195
002472.SZ,20250709,31.58,32.1,31.23,31.28,31.41,-0.13,-0.4139,125402.1,396984.237
002472.SZ,20250708,31.0,31.49,31.0,31.41,31.1,0.31,0.9968,100356.23,314404.878
002472.SZ,20250707,31.8,31.83,31.0,31.1,31.8,-0.7,-2.2013,101788.32,317088.471
002472.SZ,20250704,32.23,32.25,31.68,31.8,32.23,-0.43,-1.3342,96806.91,309188.092
002472.SZ,20250703,32.27,32.48,32.05,32.23,32.27,-0.04,-0.124,100455.77,323761.781
002472.SZ,20250702,32.82,32.96,32.03,32.27,32.88,-0.61,-1.8552,94544.46,305581.576
002472.SZ,20250701,33.35,33.37,32.71,32.88,33.49,-0.61,-1.8214,118994.58,391089.021
002472.SZ,20250630,31.79,34.0,31.51,33.49,31.73,1.76,5.5468,217869.33,716348.118
002472.SZ,20250627,31.81,32.0,31.52,31.73,31.81,-0.08,-0.2515,81173.13,257881.593
002472.SZ,20250626,32.35,32.39,31.72,31.81,32.18,-0.37,-1.1498,113417.37,362740.108
002472.SZ,20250625,31.25,32.2,31.11,32.18,31.27,0.91,2.9101,155025.22,494225.653
002472.SZ,20250624,30.29,31.43,30.29,31.27,30.05,1.22,4.0599,138547.37,429976.267
002472.SZ,20250623,30.0,30.33,29.8,30.05,30.27,-0.22,-0.7268,87275.35,262190.934
002472.SZ,20250620,30.72,30.85,30.21,30.27,30.76,-0.49,-1.593,77280.19,234903.819
002472.SZ,20250619,30.72,31.6,30.61,30.76,30.78,-0.02,-0.065,115154.7,358549.971
002472.SZ,20250618,30.29,30.9,30.22,30.78,30.33,0.45,1.4837,70770.63,216646.228
002472.SZ,20250617,30.73,30.74,30.19,30.33,30.83,-0.5,-1.6218,82247.98,249738.777
002472.SZ,20250616,30.6,30.95,30.56,30.83,30.83,0.0,0.0,54668.33,168284.618
002472.SZ,20250613,31.19,31.43,30.6,30.83,31.29,-0.46,-1.4701,84067.22,259997.481
002472.SZ,20250612,31.44,31.86,31.14,31.51,31.36,0.15,0.4783,79292.8,249963.097
002472.SZ,20250611,31.21,31.73,31.0,31.36,31.15,0.21,0.6742,107688.63,339309.979
002472.SZ,20250610,31.95,32.01,30.95,31.15,31.91,-0.76,-2.3817,106387.04,333673.627
002472.SZ,20250609,32.0,32.3,31.84,31.91,32.11,-0.2,-0.6229,82510.0,264340.52
002472.SZ,20250606,32.4,32.4,31.96,32.11,32.35,-0.24,-0.7419,60647.0,194396.471
002472.SZ,20250605,31.97,32.46,31.72,32.35,31.96,0.39,1.2203,79174.38,254555.042
002472.SZ,20250604,31.7,32.43,31.55,31.96,31.61,0.35,1.1072,90672.73,291020.343
002472.SZ,20250603,31.41,31.87,31.37,31.61,31.83,-0.22,-0.6912,77986.92,246707.036
002472.SZ,20250530,32.5,32.51,31.72,31.83,32.6,-0.77,-2.362,108880.39,347870.666
002472.SZ,20250529,32.31,32.96,32.31,32.6,32.3,0.3,0.9288,97917.74,320274.542
002472.SZ,20250528,32.28,32.8,32.12,32.3,32.28,0.02,0.062,65854.42,213424.272
002472.SZ,20250527,32.95,32.99,31.9,32.28,32.87,-0.59,-1.7949,102599.05,330589.985
002472.SZ,20250526,33.07,33.36,32.72,32.87,33.08,-0.21,-0.6348,80776.0,266158.777
002472.SZ,20250523,33.52,34.14,33.0,33.08,33.53,-0.45,-1.3421,132558.54,445699.167
002472.SZ,20250522,33.47,33.98,33.4,33.53,33.73,-0.2,-0.5929,65600.62,220830.629
002472.SZ,20250521,33.35,33.93,33.02,33.73,33.54,0.19,0.5665,122626.67,410152.002
002472.SZ,20250520,33.68,33.8,32.91,33.54,33.64,-0.1,-0.2973,106332.8,354778.037
002472.SZ,20250519,34.12,34.13,33.2,33.64,34.33,-0.69,-2.0099,138890.25,466484.195
002472.SZ,20250516,34.31,35.28,34.0,34.33,34.59,-0.26,-0.7517,129377.1,449671.181
002472.SZ,20250515,35.07,35.07,34.1,34.59,35.09,-0.5,-1.4249,108724.21,374219.544
002472.SZ,20250514,34.8,35.47,34.61,35.09,34.7,0.39,1.1239,137262.2,480931.653
002472.SZ,20250513,35.27,35.27,34.35,34.7,34.79,-0.09,-0.2587,161778.53,562598.276
002472.SZ,20250512,34.41,34.82,34.26,34.79,34.05,0.74,2.1733,171446.88,593377.592
002472.SZ,20250509,34.29,34.5,33.28,34.05,34.46,-0.41,-1.1898,163564.26,553983.123
002472.SZ,20250508,34.31,35.16,34.17,34.46,34.32,0.14,0.4079,163245.61,565970.108
002472.SZ,20250507,34.98,35.39,33.91,34.32,34.68,-0.36,-1.0381,184138.45,634137.074
002472.SZ,20250506,34.01,35.14,33.8,34.68,33.7,0.98,2.908,198121.88,684578.658
002472.SZ,20250430,32.51,33.98,32.43,33.7,32.41,1.29,3.9803,190976.52,635668.307
002472.SZ,20250429,32.06,32.7,32.01,32.41,31.85,0.56,1.7582,129990.17,421861.709
002472.SZ,20250428,32.24,32.35,31.58,31.85,32.23,-0.38,-1.179,89782.33,286779.619
002472.SZ,20250425,32.16,32.43,31.7,32.23,32.07,0.16,0.4989,134740.72,433101.695
002472.SZ,20250424,32.6,32.7,31.87,32.07,32.39,-0.32,-0.988,134118.57,432328.148
002472.SZ,20250423,31.4,32.93,31.16,32.39,30.88,1.51,4.8899,275373.5,883835.209
002472.SZ,20250422,31.01,31.5,30.88,30.88,31.3,-0.42,-1.3419,94288.72,292803.251
002472.SZ,20250421,29.98,31.35,29.61,31.3,29.95,1.35,4.5075,164900.12,506901.595
002472.SZ,20250418,29.91,30.24,29.69,29.95,29.9,0.05,0.1672,80209.1,240102.817
002472.SZ,20250417,29.94,30.43,29.9,29.9,30.22,-0.32,-1.0589,89517.52,269698.023
002472.SZ,20250416,30.88,30.93,29.75,30.22,31.14,-0.92,-2.9544,152692.71,462050.016
002472.SZ,20250415,31.14,31.59,30.77,31.14,31.09,0.05,0.1608,117199.45,364557.837
002472.SZ,20250414,32.0,32.28,30.92,31.09,31.28,-0.19,-0.6074,170767.82,535930.579
002472.SZ,20250411,30.28,31.9,30.15,31.28,30.45,0.83,2.7258,220901.71,682695.464
002472.SZ,20250410,30.38,31.15,30.22,30.45,28.94,1.51,5.2177,260202.0,797085.962
002472.SZ,20250409,27.02,29.09,26.12,28.94,27.82,1.12,4.0259,319806.79,902064.094
002472.SZ,20250408,29.3,29.9,27.24,27.82,30.24,-2.42,-8.0026,393559.49,1104072.489
002472.SZ,20250407,30.77,31.18,30.24,30.24,33.6,-3.36,-10.0,107561.16,327372.323
002472.SZ,20250403,34.0,34.64,33.5,33.6,34.64,-1.04,-3.0023,138655.14,469809.52
002472.SZ,20250402,34.03,34.98,33.91,34.64,34.07,0.57,1.673,147104.17,509447.927
002472.SZ,20250401,35.48,35.58,34.05,34.07,35.45,-1.38,-3.8928,208617.6,723583.676
002472.SZ,20250331,36.1,36.36,34.8,35.45,36.58,-1.13,-3.0891,224270.62,792908.909
002472.SZ,20250328,36.53,36.9,36.12,36.58,36.68,-0.1,-0.2726,104031.4,380270.342
002472.SZ,20250327,36.0,37.33,35.83,36.68,36.22,0.46,1.27,170515.59,627582.022
002472.SZ,20250326,35.63,37.06,35.53,36.22,35.92,0.3,0.8352,145913.99,532075.339
002472.SZ,20250325,37.07,37.59,35.71,35.92,37.18,-1.26,-3.3889,186624.57,679520.867
002472.SZ,20250324,36.55,37.23,36.11,37.18,36.61,0.57,1.557,172486.35,633416.106
002472.SZ,20250321,38.23,38.29,36.5,36.61,38.56,-1.95,-5.0571,265412.97,984272.785
002472.SZ,20250320,38.41,39.2,37.73,38.56,38.45,0.11,0.2861,268865.9,1036338.594
002472.SZ,20250319,37.86,38.86,37.33,38.45,37.86,0.59,1.5584,283610.76,1085333.54
002472.SZ,20250318,37.92,38.27,37.18,37.86,37.74,0.12,0.318,207709.23,783536.314
002472.SZ,20250317,37.36,38.0,36.68,37.74,37.49,0.25,0.6668,226422.32,846936.155
002472.SZ,20250314,35.55,38.0,35.25,37.49,35.81,1.68,4.6914,375755.51,1384722.151
002472.SZ,20250313,38.33,38.42,35.5,35.81,38.15,-2.34,-6.1337,403899.19,1468340.527
002472.SZ,20250312,38.36,39.54,37.61,38.15,38.21,-0.06,-0.157,353629.58,1353821.462
002472.SZ,20250311,39.03,40.31,37.51,38.21,40.55,-2.34,-5.7707,533544.72,2060163.567
002472.SZ,20250310,39.5,41.88,39.5,40.55,38.07,2.48,6.5143,685062.02,2796489.079
002472.SZ,20250307,38.0,38.59,37.44,38.07,38.1,-0.03,-0.0787,249985.62,951374.414
002472.SZ,20250306,37.8,38.61,37.65,38.1,37.42,0.68,1.8172,315020.85,1203478.814
002472.SZ,20250305,36.5,37.61,36.4,37.42,36.79,0.63,1.7124,251427.09,935710.573
002472.SZ,20250304,36.68,37.8,36.5,36.79,36.63,0.16,0.4368,278489.75,1034579.449
002472.SZ,20250303,37.32,37.65,36.41,36.63,37.18,-0.55,-1.4793,235618.52,872871.288
002472.SZ,20250228,39.43,39.55,36.99,37.18,39.85,-2.67,-6.7001,405438.29,1540185.658
002472.SZ,20250227,39.9,40.52,39.0,39.85,40.3,-0.45,-1.1166,331409.7,1317587.929
002472.SZ,20250226,40.6,42.3,39.9,40.3,40.46,-0.16,-0.3955,460260.53,1895766.969
002472.SZ,20250225,40.01,41.58,39.75,40.46,41.14,-0.68,-1.6529,354524.44,1436674.382
002472.SZ,20250224,41.38,43.0,39.7,41.14,41.79,-0.65,-1.5554,399662.03,1651455.717
002472.SZ,20250221,38.5,42.19,38.41,41.79,39.18,2.61,6.6616,468643.07,1897648.21
002472.SZ,20250220,38.7,40.38,37.87,39.18,38.9,0.28,0.7198,435208.82,1698102.586
002472.SZ,20250219,36.5,39.0,36.12,38.9,36.55,2.35,6.4295,506790.72,1926613.208
002472.SZ,20250218,36.48,37.38,36.11,36.55,36.38,0.17,0.4673,340232.34,1250866.424
002472.SZ,20250217,35.18,36.48,35.18,36.38,35.35,1.03,2.9137,296412.13,1067142.531
002472.SZ,20250214,35.16,35.85,34.88,35.35,35.55,-0.2,-0.5626,231213.78,816985.763
002472.SZ,20250213,36.39,36.95,35.42,35.55,36.39,-0.84,-2.3083,292174.91,1051750.727
002472.SZ,20250212,35.99,36.66,35.23,36.39,36.24,0.15,0.4139,276301.45,997727.63
002472.SZ,20250211,36.5,37.08,36.05,36.24,36.73,-0.49,-1.3341,275677.66,1003028.257
002472.SZ,20250210,37.4,37.5,35.96,36.73,37.67,-0.94,-2.4954,369879.81,1351640.97
002472.SZ,20250207,37.93,38.4,36.9,37.67,37.96,-0.29,-0.764,433337.09,1631553.43
002472.SZ,20250206,35.54,38.5,35.28,37.96,35.85,2.11,5.8856,446648.69,1661405.686
002472.SZ,20250205,35.2,36.83,34.95,35.85,34.9,0.95,2.7221,383870.05,1382463.237
002472.SZ,20250127,35.33,35.93,34.78,34.9,35.33,-0.43,-1.2171,235659.06,828903.289
002472.SZ,20250124,34.85,35.9,34.26,35.33,34.28,1.05,3.063,335831.53,1183834.494
002472.SZ,20250123,35.83,36.0,34.12,34.28,35.43,-1.15,-3.2458,417924.4,1461545.148
002472.SZ,20250122,35.31,35.65,34.84,35.43,35.65,-0.22,-0.6171,267489.68,942920.308
002472.SZ,20250121,33.41,35.8,33.0,35.65,33.21,2.44,7.3472,507292.93,1761112.154
002472.SZ,20250120,33.71,33.86,33.0,33.21,33.46,-0.25,-0.7472,220903.07,737136.919
002472.SZ,20250117,33.6,34.2,32.87,33.46,33.64,-0.18,-0.5351,265358.5,886139.816
002472.SZ,20250116,33.74,34.75,33.0,33.64,33.94,-0.3,-0.8839,456664.0,1544552.495
002472.SZ,20250115,32.6,34.34,32.31,33.94,32.8,1.14,3.4756,567757.35,1901948.247
002472.SZ,20250114,30.64,32.95,30.27,32.8,30.67,2.13,6.9449,463070.86,1487162.537
002472.SZ,20250113,30.2,31.78,30.1,30.67,29.61,1.06,3.5799,430613.19,1333828.2
002472.SZ,20250110,28.74,30.65,28.22,29.61,29.5,0.11,0.3729,320818.6,951663.737
002472.SZ,20250109,28.74,29.93,28.65,29.5,29.02,0.48,1.654,205613.23,605147.374
002527.SZ,20260702,13.33,13.77,13.08,13.12,13.28,-0.16,-1.2048,175004.97,234539.45238
002527.SZ,20260701,12.75,13.72,12.7,13.28,12.83,0.45,3.5074,222620.97,297282.73389
002527.SZ,20260630,12.35,12.94,12.2,12.83,12.39,0.44,3.5513,163360.03,207062.46736
002527.SZ,20260629,12.41,12.51,11.77,12.39,12.52,-0.13,-1.0383,180054.37,218213.17184
002527.SZ,20260626,13.0,13.04,12.5,12.52,12.99,-0.47,-3.6182,137522.04,174783.90293
002527.SZ,20260625,14.0,14.0,12.92,12.99,13.89,-0.9,-6.4795,251566.9,337563.15602
002527.SZ,20260624,13.66,14.05,13.22,13.89,13.85,0.04,0.2888,201087.77,273603.36152
002527.SZ,20260623,14.01,14.23,13.75,13.85,14.15,-0.3,-2.1201,181787.33,253970.0135
002527.SZ,20260622,14.68,14.76,13.85,14.15,14.65,-0.5,-3.413,307587.43,436699.71733
002527.SZ,20260618,13.79,15.2,13.71,14.65,13.83,0.82,5.9291,335147.15,485569.12401
002527.SZ,20260617,14.05,14.05,13.74,13.83,14.19,-0.36,-2.537,174081.62,241026.0407
002527.SZ,20260616,13.81,14.75,13.51,14.19,13.89,0.3,2.1598,270979.33,384506.79721
002527.SZ,20260615,13.57,13.91,13.45,13.89,13.57,0.32,2.3581,195524.02,268735.99108
002527.SZ,20260612,14.2,14.24,13.41,13.57,13.93,-0.36,-2.5844,309040.86,422443.68483
002527.SZ,20260611,14.89,14.9,13.7,13.93,15.19,-1.26,-8.2949,370460.92,524342.17415
002527.SZ,20260610,15.83,15.96,15.12,15.19,16.16,-0.97,-6.0025,352794.44,542514.02955
002527.SZ,20260609,16.02,16.81,15.68,16.16,16.29,-0.13,-0.798,553385.9,898676.49483
002527.SZ,20260608,14.83,16.93,14.8,16.29,15.43,0.86,5.5736,605536.87,960733.666
002527.SZ,20260605,14.68,15.6,14.51,15.43,14.89,0.54,3.6266,424704.17,643351.455
002527.SZ,20260604,14.45,15.21,14.3,14.89,14.66,0.23,1.5689,367168.22,547650.961
002527.SZ,20260603,14.6,14.89,14.39,14.66,14.64,0.02,0.1366,336807.69,494115.822
002527.SZ,20260602,15.08,15.5,14.57,14.64,15.46,-0.82,-5.304,490930.35,729093.88
002527.SZ,20260601,14.5,15.46,14.2,15.46,14.05,1.41,10.0356,438864.25,660840.399
002527.SZ,20260529,14.01,14.52,14.01,14.05,13.2,0.85,6.4394,463645.75,664731.215
002527.SZ,20260528,13.6,13.61,12.84,13.2,13.61,-0.41,-3.0125,192316.57,252321.74
002527.SZ,20260527,14.26,14.26,13.58,13.61,14.4,-0.79,-5.4861,208723.25,289289.266
002527.SZ,20260526,14.12,14.6,14.12,14.4,14.26,0.14,0.9818,284326.04,409022.541
002527.SZ,20260525,14.01,14.42,13.93,14.26,14.0,0.26,1.8571,226257.67,320979.802
002527.SZ,20260522,14.04,14.12,13.63,14.0,14.04,-0.04,-0.2849,166988.29,232326.264
002527.SZ,20260521,13.8,14.41,13.8,14.04,13.8,0.24,1.7391,277877.01,392151.69
002527.SZ,20260520,14.15,14.19,13.71,13.8,14.29,-0.49,-3.429,193237.25,268295.937
002527.SZ,20260519,13.9,14.4,13.82,14.29,13.9,0.39,2.8058,270991.14,384803.815
002527.SZ,20260518,13.72,14.11,13.67,13.9,13.73,0.17,1.2382,203924.51,282470.789
002527.SZ,20260515,13.1,14.38,13.07,13.73,13.11,0.62,4.7292,275457.73,378966.602
002527.SZ,20260514,13.49,13.58,13.08,13.11,13.49,-0.38,-2.8169,106091.07,140245.438
002527.SZ,20260513,13.5,13.55,13.33,13.49,13.49,0.0,0.0,85200.17,114550.85
002527.SZ,20260512,13.68,13.76,13.43,13.49,13.71,-0.22,-1.6047,106472.46,144347.553
002527.SZ,20260511,13.92,13.92,13.64,13.71,13.9,-0.19,-1.3669,149878.09,205733.523
002527.SZ,20260508,13.46,14.07,13.35,13.9,13.52,0.38,2.8107,183847.26,254637.744
002527.SZ,20260507,13.21,13.55,13.11,13.52,13.17,0.35,2.6576,129506.9,174241.388
002527.SZ,20260506,12.94,13.27,12.94,13.17,12.92,0.25,1.935,99176.58,130433.796
002527.SZ,20260430,12.66,13.0,12.65,12.92,12.7,0.22,1.7323,73809.33,95224.802
002527.SZ,20260429,12.48,12.79,12.41,12.7,12.48,0.22,1.7628,80912.28,102506.619
002527.SZ,20260428,12.9,12.93,12.44,12.48,13.1,-0.62,-4.7328,126190.87,158863.332
002527.SZ,20260427,12.78,13.13,12.51,13.1,12.74,0.36,2.8257,98528.53,127265.853
002527.SZ,20260424,12.85,12.93,12.58,12.74,12.97,-0.23,-1.7733,89352.07,113773.276
002527.SZ,20260423,13.4,13.4,12.87,12.97,13.39,-0.42,-3.1367,142448.16,185949.807
002527.SZ,20260422,13.27,13.44,13.18,13.39,13.36,0.03,0.2246,73607.9,98017.508
002527.SZ,20260421,13.66,13.66,13.25,13.36,13.66,-0.3,-2.1962,101082.0,134784.677
002527.SZ,20260420,13.46,13.91,13.31,13.66,13.34,0.32,2.3988,135006.91,183476.913
002527.SZ,20260417,13.4,13.42,13.04,13.34,13.46,-0.12,-0.8915,131474.5,173623.564
002527.SZ,20260416,13.37,13.54,13.34,13.46,13.34,0.12,0.8996,73858.5,99247.501
002527.SZ,20260415,13.93,13.95,13.3,13.34,13.93,-0.59,-4.2355,144824.23,196088.748
002527.SZ,20260414,13.91,13.97,13.77,13.93,13.79,0.14,1.0152,57950.67,80364.393
002527.SZ,20260413,13.76,13.93,13.71,13.79,13.9,-0.11,-0.7914,48718.57,67380.939
002527.SZ,20260410,13.7,14.02,13.7,13.9,13.59,0.31,2.2811,70898.26,98679.498
002527.SZ,20260409,13.66,13.69,13.47,13.59,13.82,-0.23,-1.6643,55764.32,75745.197
002527.SZ,20260408,13.41,13.84,13.41,13.82,13.15,0.67,5.0951,85853.29,117397.266
002527.SZ,20260407,13.06,13.22,13.03,13.15,13.06,0.09,0.6891,39643.8,52095.572
002527.SZ,20260403,13.3,13.33,13.01,13.06,13.24,-0.18,-1.3595,55593.0,72764.592
002527.SZ,20260402,13.65,13.66,13.18,13.24,13.64,-0.4,-2.9326,60185.34,80423.154
002527.SZ,20260401,13.61,13.7,13.53,13.64,13.41,0.23,1.7151,55767.0,75994.525
002527.SZ,20260331,13.5,13.73,13.37,13.41,13.5,-0.09,-0.6667,66485.9,90209.512
002527.SZ,20260330,13.38,13.55,13.3,13.5,13.57,-0.07,-0.5158,46497.26,62479.702
002527.SZ,20260327,13.36,13.6,13.24,13.57,13.51,0.06,0.4441,77919.81,104973.356
002527.SZ,20260326,13.71,13.99,13.46,13.51,13.76,-0.25,-1.8169,88695.1,121649.357
002527.SZ,20260325,13.61,13.81,13.6,13.76,13.6,0.16,1.1765,61125.84,83977.828
002527.SZ,20260324,13.6,13.68,13.18,13.6,13.36,0.24,1.7964,82471.33,110809.617
002527.SZ,20260323,13.93,14.03,13.3,13.36,13.93,-0.57,-4.0919,127932.35,174764.225
002527.SZ,20260320,14.3,14.5,13.93,13.93,14.34,-0.41,-2.8591,82797.45,117255.217
002527.SZ,20260319,14.61,14.66,14.28,14.34,14.77,-0.43,-2.9113,88293.11,127575.854
002527.SZ,20260318,14.62,14.8,14.57,14.77,14.58,0.19,1.3032,57187.72,83903.302
002527.SZ,20260317,14.9,14.94,14.58,14.58,14.85,-0.27,-1.8182,72047.0,106306.384
002527.SZ,20260316,14.83,14.93,14.7,14.85,14.83,0.02,0.1349,62848.87,93038.065
002527.SZ,20260313,14.85,15.07,14.78,14.83,14.92,-0.09,-0.6032,63395.17,94552.096
002527.SZ,20260312,15.11,15.12,14.85,14.92,15.15,-0.23,-1.5182,68102.17,101903.712
002527.SZ,20260311,15.35,15.44,15.11,15.15,15.28,-0.13,-0.8508,78326.6,119482.615
002527.SZ,20260310,15.11,15.37,15.11,15.28,14.98,0.3,2.0027,80474.15,122853.094
002527.SZ,20260309,14.76,15.08,14.6,14.98,15.14,-0.16,-1.0568,101979.33,151018.07
002527.SZ,20260306,14.9,15.14,14.85,15.14,14.98,0.16,1.0681,63746.81,96058.186
002527.SZ,20260305,14.9,15.06,14.9,14.98,14.66,0.32,2.1828,110809.61,165876.504
002527.SZ,20260304,14.51,14.9,14.44,14.66,14.69,-0.03,-0.2042,119089.0,174735.284
002527.SZ,20260303,15.5,15.64,14.66,14.69,15.51,-0.82,-5.2869,182448.77,275745.026
002527.SZ,20260302,15.84,15.94,15.5,15.51,16.18,-0.67,-4.1409,162750.97,254802.78
002527.SZ,20260227,16.35,16.35,16.08,16.18,16.39,-0.21,-1.2813,130875.86,211479.903
002527.SZ,20260226,16.39,16.43,16.16,16.39,16.38,0.01,0.0611,157399.43,256193.259
002527.SZ,20260225,16.33,16.55,16.29,16.38,16.35,0.03,0.1835,93522.46,153170.382
002527.SZ,20260224,16.94,16.94,16.28,16.35,16.67,-0.32,-1.9196,175465.1,288287.811
002527.SZ,20260213,16.5,16.8,16.46,16.67,16.55,0.12,0.7251,129310.23,215791.184
002527.SZ,20260212,16.55,16.71,16.48,16.55,16.52,0.03,0.1816,94810.54,157432.214
002527.SZ,20260211,16.63,16.71,16.51,16.52,16.71,-0.19,-1.137,96180.43,159433.008
002527.SZ,20260210,16.59,16.85,16.54,16.71,16.66,0.05,0.3001,137519.56,229259.965
002527.SZ,20260209,16.85,16.91,16.49,16.66,16.62,0.04,0.2407,137474.56,228339.114
002527.SZ,20260206,15.97,16.99,15.86,16.62,16.07,0.55,3.4225,232484.27,384702.379
002527.SZ,20260205,16.16,16.3,16.01,16.07,16.26,-0.19,-1.1685,119948.23,193402.657
002527.SZ,20260204,16.5,16.53,16.18,16.26,16.59,-0.33,-1.9892,130197.78,212807.369
002527.SZ,20260203,16.08,16.6,15.85,16.59,15.91,0.68,4.274,205270.44,334442.123
002527.SZ,20260202,16.08,16.42,15.91,15.91,16.08,-0.17,-1.0572,184342.14,298718.679
002527.SZ,20260130,16.0,16.3,15.73,16.08,16.1,-0.02,-0.1242,189840.0,303756.639
002527.SZ,20260129,16.55,16.67,16.09,16.1,16.55,-0.45,-2.719,215213.94,351744.122
002527.SZ,20260128,16.91,17.04,16.51,16.55,17.08,-0.53,-3.103,208443.64,347111.437
002527.SZ,20260127,17.12,17.23,16.46,17.08,17.3,-0.22,-1.2717,260445.73,438741.133
002527.SZ,20260126,18.35,18.52,17.17,17.3,18.06,-0.76,-4.2082,367346.77,649014.752
002527.SZ,20260123,17.56,18.06,17.56,18.06,17.63,0.43,2.439,357507.63,636935.231
002527.SZ,20260122,17.85,18.07,17.5,17.63,17.53,0.1,0.5705,348889.12,617064.259
002527.SZ,20260121,17.5,17.85,17.3,17.53,17.73,-0.2,-1.128,558703.01,984159.667
002527.SZ,20260120,17.71,18.5,17.61,17.73,16.82,0.91,5.4102,935137.16,1692802.914
002527.SZ,20260119,17.13,17.25,16.77,16.82,16.93,-0.11,-0.6497,268688.32,454801.106
002527.SZ,20260116,16.45,16.97,16.36,16.93,16.41,0.52,3.1688,333916.11,559670.54
002527.SZ,20260115,16.3,16.5,16.22,16.41,16.45,-0.04,-0.2432,173518.96,283623.544
002527.SZ,20260114,16.62,16.85,16.2,16.45,16.64,-0.19,-1.1418,290770.23,482679.091
002527.SZ,20260113,17.11,17.27,16.5,16.64,17.1,-0.46,-2.6901,337269.87,566901.24
002527.SZ,20260112,16.91,17.13,16.74,17.1,16.72,0.38,2.2727,356870.57,604997.675
002527.SZ,20260109,16.68,16.91,16.6,16.72,16.85,-0.13,-0.7715,331357.01,554320.666
002527.SZ,20260108,16.63,17.18,16.51,16.85,16.42,0.43,2.6188,472313.9,794802.973
002527.SZ,20260107,16.47,16.76,16.35,16.42,16.67,-0.25,-1.4997,338151.25,558523.44
002527.SZ,20260106,17.0,17.12,16.64,16.67,16.96,-0.29,-1.7099,459769.45,773079.753
002527.SZ,20260105,17.35,17.64,16.92,16.96,17.74,-0.78,-4.3968,632544.99,1082103.447
002527.SZ,20251231,18.58,18.58,17.52,17.74,17.15,0.59,3.4402,1072667.98,1920942.373
002527.SZ,20251230,15.89,17.15,15.89,17.15,15.59,1.56,10.0064,357078.98,599731.08
002527.SZ,20251229,15.71,15.72,15.25,15.59,15.34,0.25,1.6297,291135.14,453015.691
002527.SZ,20251226,15.21,15.7,15.1,15.34,15.18,0.16,1.054,298588.65,457551.443
002527.SZ,20251225,15.06,15.42,15.0,15.18,14.95,0.23,1.5385,223403.0,340719.905
002527.SZ,20251224,14.92,15.08,14.86,14.95,14.92,0.03,0.2011,78713.0,117941.306
002527.SZ,20251223,15.36,15.36,14.91,14.92,15.34,-0.42,-2.7379,84224.44,127042.476
002527.SZ,20251222,15.17,15.43,15.16,15.34,15.07,0.27,1.7916,79455.66,121700.483
002527.SZ,20251219,14.74,15.15,14.7,15.07,14.75,0.32,2.1695,82222.01,123757.702
002527.SZ,20251218,14.78,15.01,14.72,14.75,14.95,-0.2,-1.3378,66643.01,98958.526
002527.SZ,20251217,14.6,14.97,14.54,14.95,14.64,0.31,2.1175,90646.7,133630.758
002527.SZ,20251216,14.91,14.97,14.55,14.64,14.95,-0.31,-2.0736,91556.55,134431.576
002527.SZ,20251215,15.33,15.33,14.87,14.95,15.4,-0.45,-2.9221,122659.5,184694.217
002527.SZ,20251212,15.46,15.54,15.21,15.4,15.47,-0.07,-0.4525,82920.62,127627.237
002527.SZ,20251211,15.93,15.95,15.46,15.47,15.87,-0.4,-2.5205,84509.35,131923.949
002527.SZ,20251210,15.92,15.94,15.64,15.87,15.9,-0.03,-0.1887,84986.08,134106.525
002527.SZ,20251209,16.16,16.3,15.87,15.9,16.24,-0.34,-2.0936,100313.62,160736.924
002527.SZ,20251208,16.39,16.51,16.23,16.24,16.34,-0.1,-0.612,124961.21,203886.377
002527.SZ,20251205,15.6,16.38,15.52,16.34,15.58,0.76,4.878,159995.5,256064.72
002527.SZ,20251204,15.85,15.95,15.46,15.58,15.48,0.1,0.646,130555.48,204710.56
002527.SZ,20251203,15.66,15.75,15.35,15.48,15.63,-0.15,-0.9597,80035.18,123862.897
002527.SZ,20251202,16.16,16.17,15.57,15.63,16.2,-0.57,-3.5185,140991.0,222197.471
002527.SZ,20251201,16.01,16.29,15.91,16.2,16.04,0.16,0.9975,81924.72,132425.59
002527.SZ,20251128,16.01,16.19,15.89,16.04,16.0,0.04,0.25,77393.52,124280.117
002527.SZ,20251127,16.06,16.28,16.0,16.0,16.25,-0.25,-1.5385,67745.13,109241.863
002527.SZ,20251126,16.15,16.56,16.04,16.25,16.15,0.1,0.6192,105877.1,172407.006
002527.SZ,20251125,16.1,16.48,16.06,16.15,15.97,0.18,1.1271,71459.56,116191.964
002527.SZ,20251124,16.01,16.14,15.78,15.97,15.96,0.01,0.0627,95601.12,152548.373
002527.SZ,20251121,16.19,16.35,15.9,15.96,16.35,-0.39,-2.3853,110083.72,177132.625
002527.SZ,20251120,16.66,16.74,16.3,16.35,16.56,-0.21,-1.2681,57067.24,93881.33
002527.SZ,20251119,16.81,16.82,16.44,16.56,16.81,-0.25,-1.4872,75594.83,125421.121
002527.SZ,20251118,16.91,17.0,16.71,16.81,17.01,-0.2,-1.1758,62271.75,104878.994
002527.SZ,20251117,17.01,17.18,16.87,17.01,17.08,-0.07,-0.4098,60540.74,102843.872
002527.SZ,20251114,16.99,17.4,16.85,17.08,17.09,-0.01,-0.0585,81227.94,139241.206
002527.SZ,20251113,16.92,17.12,16.85,17.09,16.98,0.11,0.6478,76244.89,129678.046
002527.SZ,20251112,17.59,17.59,16.9,16.98,17.62,-0.64,-3.6322,110966.49,190158.239
002527.SZ,20251111,17.36,17.77,17.25,17.62,17.23,0.39,2.2635,129813.47,227240.687
002527.SZ,20251110,17.36,17.6,17.15,17.23,17.38,-0.15,-0.8631,117259.1,203225.683
002527.SZ,20251107,17.94,18.0,17.35,17.38,17.94,-0.56,-3.1215,143285.0,250417.638
002527.SZ,20251106,17.77,18.15,17.63,17.94,17.62,0.32,1.8161,105877.43,189469.84
002527.SZ,20251105,17.5,17.85,17.43,17.62,17.8,-0.18,-1.0112,103133.11,182085.47
002527.SZ,20251104,18.24,18.25,17.55,17.8,18.24,-0.44,-2.4123,153387.85,272508.507
002527.SZ,20251103,18.07,18.37,17.88,18.24,18.05,0.19,1.0526,148245.17,268963.406
002527.SZ,20251031,17.75,18.3,17.68,18.05,17.72,0.33,1.8623,138178.65,250123.088
002527.SZ,20251030,18.12,18.13,17.7,17.72,18.1,-0.38,-2.0994,124032.37,221430.365
002527.SZ,20251029,18.07,18.22,17.85,18.1,17.96,0.14,0.7795,117728.35,212322.712
002527.SZ,20251028,18.19,18.2,17.81,17.96,18.18,-0.22,-1.2101,140436.65,252367.441
002527.SZ,20251027,18.38,18.58,18.05,18.18,18.33,-0.15,-0.8183,183766.8,335022.973
002527.SZ,20251024,17.92,18.67,17.79,18.33,17.9,0.43,2.4022,217031.04,395154.228
002527.SZ,20251023,17.56,18.24,17.32,17.9,17.7,0.2,1.1299,224297.91,398428.793
002527.SZ,20251022,17.78,18.1,17.6,17.7,17.87,-0.17,-0.9513,137314.94,244627.402
002527.SZ,20251021,17.81,18.05,17.35,17.87,17.77,0.1,0.5627,171903.0,304989.076
002527.SZ,20251020,17.38,18.55,17.17,17.77,17.13,0.64,3.7361,278372.99,498724.082
002527.SZ,20251017,17.55,17.65,17.03,17.13,17.59,-0.46,-2.6151,213349.08,368272.748
002527.SZ,20251016,17.98,18.08,17.54,17.59,18.08,-0.49,-2.7102,154923.54,275603.404
002527.SZ,20251015,17.7,18.1,17.41,18.08,17.68,0.4,2.2624,200958.48,357069.57
002527.SZ,20251014,18.76,18.88,17.6,17.68,18.63,-0.95,-5.0993,278286.45,505109.444
002527.SZ,20251013,18.01,19.48,17.61,18.63,18.91,-0.28,-1.4807,337876.28,625275.989
002527.SZ,20251010,20.02,20.28,18.84,18.91,19.86,-0.95,-4.7835,308373.35,601786.425
002527.SZ,20251009,20.95,21.23,19.68,19.86,20.48,-0.62,-3.0273,374824.7,753769.278
002527.SZ,20250930,20.28,20.97,20.17,20.48,19.52,0.96,4.918,429467.36,882102.656
002527.SZ,20250929,19.57,19.76,19.09,19.52,19.74,-0.22,-1.1145,230822.67,448132.657
002527.SZ,20250926,19.93,20.44,19.74,19.74,20.33,-0.59,-2.9021,287051.04,573228.652
002527.SZ,20250925,20.3,20.68,20.01,20.33,19.73,0.6,3.0411,434626.57,882719.698
002527.SZ,20250924,19.54,19.94,19.18,19.73,19.58,0.15,0.7661,252949.99,496403.136
002527.SZ,20250923,20.09,20.57,19.01,19.58,19.89,-0.31,-1.5586,351827.44,689297.506
002527.SZ,20250922,20.05,20.47,19.6,19.89,19.88,0.01,0.0503,311783.88,620514.83
002527.SZ,20250919,20.5,20.5,19.65,19.88,20.39,-0.51,-2.5012,291461.94,582555.502
002527.SZ,20250918,20.91,21.25,20.11,20.39,20.9,-0.51,-2.4402,456228.28,946646.458
002527.SZ,20250917,20.9,21.86,20.79,20.9,21.03,-0.13,-0.6182,526132.14,1115055.288
002527.SZ,20250916,20.24,21.2,20.0,21.03,20.23,0.8,3.9545,600047.97,1241836.864
002527.SZ,20250915,19.98,20.66,19.78,20.23,20.14,0.09,0.4469,523596.49,1055810.864
002527.SZ,20250912,20.1,20.86,19.88,20.14,19.72,0.42,2.1298,876832.46,1776520.015
002527.SZ,20250911,18.51,19.72,18.51,19.72,17.93,1.79,9.9833,469067.15,908907.254
002527.SZ,20250910,17.51,18.45,17.41,17.93,17.6,0.33,1.875,387909.27,697536.66
002527.SZ,20250909,16.85,18.0,16.58,17.6,16.93,0.67,3.9575,467970.34,819847.38
002527.SZ,20250908,16.36,17.3,16.35,16.93,16.35,0.58,3.5474,262008.41,444469.416
002527.SZ,20250905,15.73,16.39,15.65,16.35,15.72,0.63,4.0076,199442.69,321483.389
002527.SZ,20250904,16.26,16.56,15.46,15.72,16.26,-0.54,-3.321,223582.17,358548.765
002527.SZ,20250903,16.93,17.33,16.22,16.26,16.68,-0.42,-2.518,249614.46,418746.534
002527.SZ,20250902,16.66,17.05,15.7,16.68,16.52,0.16,0.9685,416941.48,681007.157
002527.SZ,20250901,16.8,17.34,16.33,16.52,16.57,-0.05,-0.3018,233462.65,388816.581
002527.SZ,20250829,16.67,16.9,16.34,16.57,16.68,-0.11,-0.6595,170465.17,282913.33
002527.SZ,20250828,16.78,16.85,16.08,16.68,16.78,-0.1,-0.5959,276081.19,455545.788
002527.SZ,20250827,17.48,17.9,16.74,16.78,17.46,-0.68,-3.8946,232222.76,404221.25
002527.SZ,20250826,17.58,17.68,17.25,17.46,17.73,-0.27,-1.5228,176634.18,308282.971
002527.SZ,20250825,17.39,18.09,17.38,17.73,17.18,0.55,3.2014,358786.57,637933.267
002527.SZ,20250822,16.89,17.25,16.8,17.18,16.88,0.3,1.7773,212849.26,362116.232
002527.SZ,20250821,17.69,17.75,16.79,16.88,17.65,-0.77,-4.3626,271592.87,465635.303
002527.SZ,20250820,17.6,17.97,17.47,17.65,17.7,-0.05,-0.2825,208491.15,368889.653
002527.SZ,20250819,17.22,18.1,16.96,17.7,17.22,0.48,2.7875,391772.64,686748.479
002527.SZ,20250818,17.29,17.64,17.18,17.22,17.18,0.04,0.2328,196786.4,340865.672
002527.SZ,20250815,16.95,17.25,16.82,17.18,16.94,0.24,1.4168,145044.34,248023.974
002527.SZ,20250814,17.42,17.45,16.65,16.94,17.37,-0.43,-2.4755,185164.97,315335.751
002527.SZ,20250813,16.88,17.42,16.82,17.37,16.85,0.52,3.0861,223192.64,382893.407
002527.SZ,20250812,16.93,16.95,16.63,16.85,17.0,-0.15,-0.8824,137096.63,230111.93
002527.SZ,20250811,16.96,17.18,16.9,17.0,16.92,0.08,0.4728,157519.39,268365.056
002527.SZ,20250808,17.12,17.24,16.88,16.92,17.21,-0.29,-1.6851,161349.7,274458.176
002527.SZ,20250807,17.68,17.72,17.17,17.21,17.83,-0.62,-3.4773,270266.15,468493.825
002527.SZ,20250806,17.2,18.08,17.0,17.83,17.29,0.54,3.1232,398258.44,704392.61
002527.SZ,20250805,17.11,17.68,16.96,17.29,17.09,0.2,1.1703,249021.38,431226.397
002527.SZ,20250804,16.43,17.18,16.43,17.09,16.55,0.54,3.2628,200244.55,337163.978
002527.SZ,20250801,16.8,17.24,16.52,16.55,16.67,-0.12,-0.7199,204675.1,344465.436
002527.SZ,20250731,16.65,17.03,16.55,16.67,16.74,-0.07,-0.4182,155871.72,261697.767
002527.SZ,20250730,16.98,17.07,16.6,16.74,16.88,-0.14,-0.8294,154317.17,259471.08
002527.SZ,20250729,17.11,17.18,16.75,16.88,17.2,-0.32,-1.8605,158950.2,268542.748
002527.SZ,20250728,17.38,17.48,17.05,17.2,17.38,-0.18,-1.0357,253298.53,437685.429
002527.SZ,20250725,16.18,17.58,16.14,17.38,16.18,1.2,7.4166,476767.88,815312.348
002527.SZ,20250724,16.0,16.37,15.92,16.18,15.96,0.22,1.3784,154687.08,250917.561
002527.SZ,20250723,16.11,16.29,15.9,15.96,16.22,-0.26,-1.603,163522.34,262392.673
002527.SZ,20250722,16.5,16.55,16.17,16.22,16.47,-0.25,-1.5179,230868.01,376890.114
002527.SZ,20250721,16.02,16.48,15.95,16.47,15.81,0.66,4.1746,372562.12,605916.915
002527.SZ,20250718,16.5,16.77,15.7,15.81,16.12,-0.31,-1.9231,301621.23,482002.473
002527.SZ,20250717,16.16,16.3,15.94,16.12,16.25,-0.13,-0.8,296633.82,477791.279
002527.SZ,20250716,15.79,16.28,15.5,16.25,15.78,0.47,2.9785,448597.63,715720.682
002527.SZ,20250715,15.97,16.05,15.42,15.78,15.79,-0.01,-0.0633,553404.57,869977.209
002527.SZ,20250714,14.57,15.79,14.57,15.79,14.35,1.44,10.0348,592150.69,900073.53
002527.SZ,20250711,14.06,14.43,13.92,14.35,14.14,0.21,1.4851,153559.42,218186.066
002527.SZ,20250710,14.06,14.18,13.95,14.14,14.17,-0.03,-0.2117,119529.06,167951.813
002527.SZ,20250709,14.47,14.59,14.15,14.17,14.12,0.05,0.3541,184779.72,265504.297
002527.SZ,20250708,13.85,14.4,13.82,14.12,13.89,0.23,1.6559,120896.56,171067.989
002527.SZ,20250707,14.0,14.02,13.7,13.89,14.02,-0.13,-0.9272,97526.0,134933.98
002527.SZ,20250704,14.18,14.2,14.0,14.02,14.2,-0.18,-1.2676,112821.0,158944.169
002527.SZ,20250703,14.23,14.48,14.16,14.2,14.37,-0.17,-1.183,113393.86,161705.374
002527.SZ,20250702,14.4,14.8,14.09,14.37,14.41,-0.04,-0.2776,206415.1,297471.568
002527.SZ,20250701,14.67,14.67,14.35,14.41,14.59,-0.18,-1.2337,110690.02,160086.666
002527.SZ,20250630,14.5,14.66,14.42,14.59,14.46,0.13,0.899,124477.43,180931.404
002527.SZ,20250627,14.59,14.68,14.35,14.46,14.59,-0.13,-0.891,167810.82,242656.357
002527.SZ,20250626,15.36,15.36,14.58,14.59,15.06,-0.47,-3.1208,287417.38,426053.241
002527.SZ,20250625,14.92,15.1,14.85,15.06,15.02,0.04,0.2663,238768.19,358266.308
002527.SZ,20250624,14.48,15.05,14.42,15.02,14.48,0.54,3.7293,271041.28,403048.839
002527.SZ,20250623,14.0,14.68,13.92,14.48,14.16,0.32,2.2599,202031.47,290399.542
002527.SZ,20250620,13.98,14.87,13.93,14.16,13.93,0.23,1.6511,309510.06,442838.081
002527.SZ,20250619,14.13,14.37,13.91,13.93,14.19,-0.26,-1.8323,118258.02,167345.238
002527.SZ,20250618,14.06,14.25,13.88,14.19,14.12,0.07,0.4958,113198.79,159406.285
002527.SZ,20250617,14.23,14.28,14.0,14.12,14.25,-0.13,-0.9123,101472.48,143324.891
002527.SZ,20250616,14.25,14.46,14.16,14.25,14.34,-0.09,-0.6276,102181.0,145638.889
002527.SZ,20250613,14.44,14.7,14.27,14.34,14.58,-0.24,-1.6461,137450.5,198255.5
002527.SZ,20250612,14.76,14.9,14.5,14.58,14.75,-0.17,-1.1525,127116.0,186529.762
002527.SZ,20250611,14.68,14.87,14.67,14.75,14.7,0.05,0.3401,80531.72,118876.534
002527.SZ,20250610,14.8,14.91,14.48,14.7,14.8,-0.1,-0.6757,109237.3,160437.529
002527.SZ,20250609,14.75,15.01,14.73,14.8,14.76,0.04,0.271,99976.38,148467.222
002527.SZ,20250606,14.89,14.95,14.63,14.76,14.87,-0.11,-0.7397,101438.5,149980.339
002527.SZ,20250605,14.8,14.93,14.63,14.87,14.75,0.12,0.8136,111862.29,165684.559
002527.SZ,20250604,14.82,14.94,14.67,14.75,14.82,-0.07,-0.4723,92369.0,136596.347
002527.SZ,20250603,14.5,14.95,14.46,14.82,14.66,0.16,1.0914,120296.14,177447.276
002527.SZ,20250530,14.89,14.9,14.55,14.66,14.91,-0.25,-1.6767,121419.0,177757.08
002527.SZ,20250529,14.91,15.22,14.89,14.91,14.99,-0.08,-0.5337,158464.33,237827.413
002527.SZ,20250528,15.08,15.26,14.96,14.99,15.15,-0.16,-1.0561,110109.54,165908.638
002527.SZ,20250527,15.44,15.44,14.95,15.15,15.44,-0.29,-1.8782,159708.5,241002.86
002527.SZ,20250526,15.21,15.61,15.0,15.44,15.35,0.09,0.5863,170541.16,261306.608
002527.SZ,20250523,15.3,15.99,15.28,15.35,15.4,-0.05,-0.3247,263861.87,411228.415
002527.SZ,20250522,15.63,15.91,15.35,15.4,15.41,-0.01,-0.0649,193792.14,301263.301
002527.SZ,20250521,15.56,15.88,15.22,15.41,15.5,-0.09,-0.5806,203716.14,315527.319
002527.SZ,20250520,15.56,15.68,15.23,15.5,15.64,-0.14,-0.8951,165911.74,256453.535
002527.SZ,20250519,16.19,16.36,15.4,15.64,16.07,-0.43,-2.6758,232464.5,365306.187
002527.SZ,20250516,15.87,16.32,15.76,16.07,15.91,0.16,1.0057,242059.18,390642.968
002527.SZ,20250515,15.94,16.19,15.64,15.91,16.23,-0.32,-1.9717,268623.52,426518.5
002527.SZ,20250514,16.31,16.82,16.08,16.23,16.4,-0.17,-1.0366,308586.23,505159.764
002527.SZ,20250513,16.54,16.89,16.35,16.4,16.45,-0.05,-0.304,345531.0,572630.56
002527.SZ,20250512,16.25,16.53,15.81,16.45,15.9,0.55,3.4591,497502.5,804431.406
002527.SZ,20250509,16.61,16.83,15.78,15.9,16.52,-0.62,-3.753,594283.46,955250.998
002527.SZ,20250508,16.61,17.29,16.31,16.52,16.5,0.02,0.1212,835730.91,1398282.534
002527.SZ,20250507,15.57,16.79,15.31,16.5,15.28,1.22,7.9843,845591.23,1364878.936
002527.SZ,20250506,14.55,15.85,14.44,15.28,14.43,0.85,5.8905,549709.11,827939.492
002527.SZ,20250430,13.96,14.55,13.8,14.43,13.95,0.48,3.4409,448193.63,637353.543
002527.SZ,20250429,12.92,14.26,12.79,13.95,12.99,0.96,7.3903,523072.7,711770.08
002527.SZ,20250428,12.91,13.76,12.86,12.99,12.71,0.28,2.203,383986.3,505263.812
002527.SZ,20250425,12.73,12.9,12.58,12.71,12.73,-0.02,-0.1571,109547.0,139355.401
002527.SZ,20250424,12.97,13.2,12.7,12.73,12.96,-0.23,-1.7747,182672.76,236087.99
002527.SZ,20250423,12.8,13.13,12.8,12.96,12.71,0.25,1.967,249167.05,323481.099
002527.SZ,20250422,12.87,12.91,12.64,12.71,12.91,-0.2,-1.5492,161359.0,206011.332
002527.SZ,20250421,12.36,13.14,12.22,12.91,12.36,0.55,4.4498,252835.33,322429.458
002527.SZ,20250418,12.32,12.39,12.15,12.36,12.25,0.11,0.898,93673.53,114964.213
002527.SZ,20250417,12.26,12.51,12.24,12.25,12.29,-0.04,-0.3255,111955.0,138630.403
002527.SZ,20250416,12.62,12.9,12.18,12.29,12.63,-0.34,-2.692,171539.1,214114.994
002527.SZ,20250415,12.59,12.78,12.43,12.63,12.63,0.0,0.0,143817.0,181224.467
002527.SZ,20250414,12.66,12.85,12.55,12.63,12.44,0.19,1.5273,182756.0,231658.364
002527.SZ,20250411,12.02,12.59,12.02,12.44,12.21,0.23,1.8837,201389.7,250130.582
002527.SZ,20250410,12.15,12.65,12.06,12.21,11.95,0.26,2.1757,264107.21,326810.112
002527.SZ,20250409,11.52,12.06,10.66,11.95,11.74,0.21,1.7888,315904.41,362812.908
002527.SZ,20250408,12.23,12.37,11.3,11.74,12.3,-0.56,-4.5528,416530.34,490001.148
002527.SZ,20250407,12.5,12.93,12.3,12.3,13.67,-1.37,-10.0219,266850.0,330533.239
002527.SZ,20250403,13.83,14.25,13.66,13.67,13.84,-0.17,-1.2283,239933.0,333526.078
002527.SZ,20250402,14.1,14.23,13.83,13.84,14.0,-0.16,-1.1429,233562.72,326647.239
002527.SZ,20250401,14.13,14.28,13.89,14.0,14.05,-0.05,-0.3559,185857.03,260276.718
002527.SZ,20250331,13.98,14.29,13.5,14.05,14.1,-0.05,-0.3546,322352.8,444638.779
002527.SZ,20250328,14.43,14.77,14.1,14.1,14.42,-0.32,-2.2191,287406.0,411722.546
002527.SZ,20250327,15.07,15.28,14.38,14.42,15.08,-0.66,-4.3767,614399.0,909515.864
002527.SZ,20250326,14.0,15.59,14.0,15.08,14.17,0.91,6.422,991187.38,1503327.54
002527.SZ,20250325,14.2,14.82,14.03,14.17,13.96,0.21,1.5043,384514.0,550377.814
002527.SZ,20250324,14.3,14.35,13.61,13.96,14.33,-0.37,-2.582,350667.75,486903.499
002527.SZ,20250321,15.0,15.0,14.24,14.33,15.07,-0.74,-4.9104,451477.51,654014.282
002527.SZ,20250320,15.1,15.5,14.8,15.07,15.24,-0.17,-1.1155,669206.05,1012130.176
002527.SZ,20250319,15.17,15.61,14.73,15.24,14.66,0.58,3.9563,924706.59,1403958.337
002527.SZ,20250318,14.56,14.79,14.43,14.66,14.55,0.11,0.756,342545.0,500232.703
002527.SZ,20250317,14.5,14.68,14.33,14.55,14.48,0.07,0.4834,282582.62,410017.488
002527.SZ,20250314,14.45,14.58,14.16,14.48,14.38,0.1,0.6954,344536.0,495259.327
002527.SZ,20250313,15.37,15.46,14.24,14.38,15.46,-1.08,-6.9858,609863.24,890642.435
002527.SZ,20250312,15.59,15.74,15.37,15.46,15.5,-0.04,-0.2581,381405.29,592768.152
002527.SZ,20250311,15.42,15.79,15.22,15.5,15.77,-0.27,-1.7121,412506.52,637486.864
002527.SZ,20250310,15.66,15.99,15.56,15.77,15.79,-0.02,-0.1267,414719.67,653493.685
002527.SZ,20250307,15.62,16.29,15.62,15.79,15.74,0.05,0.3177,553589.62,879965.21
002527.SZ,20250306,15.8,16.16,15.65,15.74,15.63,0.11,0.7038,708085.18,1124910.556
002527.SZ,20250305,15.58,15.75,15.16,15.63,15.49,0.14,0.9038,614334.63,950641.561
002527.SZ,20250304,15.18,15.75,15.1,15.49,15.52,-0.03,-0.1933,733195.53,1136334.57
002527.SZ,20250303,16.93,17.19,15.52,15.52,17.24,-1.72,-9.9768,967181.9,1532474.696
002527.SZ,20250228,18.9,19.35,17.01,17.24,18.9,-1.66,-8.7831,1478633.81,2627460.975
002527.SZ,20250227,17.58,19.19,17.58,18.9,17.76,1.14,6.4189,1646909.64,3057551.803
002527.SZ,20250226,18.33,19.19,17.5,17.76,18.31,-0.55,-3.0038,1789971.38,3302429.632
002527.SZ,20250225,18.44,19.6,18.28,18.31,18.0,0.31,1.7222,2172136.02,4094288.115
002527.SZ,20250224,18.0,18.0,18.0,18.0,16.36,1.64,10.0244,83277.05,149898.69
002527.SZ,20250221,16.36,16.36,16.36,16.36,14.87,1.49,10.0202,83550.38,136688.422
002527.SZ,20250220,14.87,14.87,14.87,14.87,13.52,1.35,9.9852,38748.78,57619.436
002527.SZ,20250219,13.52,13.52,13.52,13.52,12.29,1.23,10.0081,29729.5,40194.284
002527.SZ,20250218,12.29,12.29,12.29,12.29,11.17,1.12,10.0269,26290.0,32310.41
002527.SZ,20250217,11.17,11.17,11.17,11.17,10.15,1.02,10.0493,38209.1,42679.565
002527.SZ,20250207,10.14,10.3,9.97,10.15,10.17,-0.02,-0.1967,418253.87,423623.311
002527.SZ,20250206,9.7,10.27,9.61,10.17,9.73,0.44,4.5221,399392.42,403124.973
002527.SZ,20250205,9.56,9.8,9.5,9.73,9.36,0.37,3.953,283573.4,273798.522
002527.SZ,20250127,9.86,9.94,9.31,9.36,9.85,-0.49,-4.9746,291610.46,277997.603
002527.SZ,20250124,9.61,9.92,9.46,9.85,9.73,0.12,1.2333,353339.37,343371.842
002527.SZ,20250123,9.63,9.89,9.46,9.73,9.53,0.2,2.0986,447878.13,435004.64
002527.SZ,20250122,9.64,9.96,9.42,9.53,9.64,-0.11,-1.1411,424468.0,411811.972
002527.SZ,20250121,9.52,9.74,9.35,9.64,9.5,0.14,1.4737,319223.31,305627.122
002527.SZ,20250120,9.3,9.8,9.3,9.5,9.34,0.16,1.7131,336882.0,321536.342
002527.SZ,20250117,9.31,9.59,9.24,9.34,9.33,0.01,0.1072,243804.0,229402.688
002527.SZ,20250116,9.46,9.65,9.21,9.33,9.46,-0.13,-1.3742,275705.0,259674.672
002527.SZ,20250115,9.63,9.66,9.35,9.46,9.45,0.01,0.1058,351004.0,333022.763
002527.SZ,20250114,8.7,9.55,8.66,9.45,8.72,0.73,8.3716,437988.0,403730.929
002527.SZ,20250113,8.43,8.92,8.33,8.72,8.67,0.05,0.5767,261736.0,227021.679
002527.SZ,20250110,8.85,9.21,8.65,8.67,8.84,-0.17,-1.9231,369322.03,330484.768
002527.SZ,20250109,8.4,8.92,8.4,8.84,8.51,0.33,3.8778,340834.97,299176.21
603728.SH,20260702,63.14,65.8,62.31,63.37,63.14,0.23,0.3643,158345.95,1016481.794
603728.SH,20260701,60.88,63.8,60.6,63.14,60.92,2.22,3.6441,151081.78,951091.674
603728.SH,20260630,56.0,60.92,56.0,60.92,55.38,5.54,10.0036,123982.28,730043.638
603728.SH,20260629,55.51,56.1,53.15,55.38,55.84,-0.46,-0.8238,100194.83,547908.116
603728.SH,20260626,58.8,58.83,55.8,55.84,58.83,-2.99,-5.0824,101960.59,577401.467
603728.SH,20260625,59.7,62.18,58.0,58.83,59.69,-0.86,-1.4408,124474.12,746750.024
603728.SH,20260624,59.49,62.18,59.02,59.69,59.42,0.27,0.4544,108325.13,656207.168
603728.SH,20260623,59.58,61.95,57.57,59.42,60.3,-0.88,-1.4594,106299.0,634927.54
603728.SH,20260622,63.23,63.8,58.52,60.3,63.86,-3.56,-5.5747,134378.86,814662.197
603728.SH,20260618,61.16,65.6,60.58,63.86,61.31,2.55,4.1592,127608.37,812790.196
603728.SH,20260617,61.5,61.86,60.6,61.33,62.2,-0.87,-1.3987,64569.61,395384.618
603728.SH,20260616,61.9,63.26,61.66,62.2,62.27,-0.07,-0.1124,85348.92,532174.35
603728.SH,20260615,60.7,62.45,60.0,62.27,60.7,1.57,2.5865,88677.88,547322.282
603728.SH,20260612,61.99,64.28,59.45,60.7,61.22,-0.52,-0.8494,131170.98,805462.272
603728.SH,20260611,62.07,62.7,59.81,61.22,62.69,-1.47,-2.3449,101670.99,620129.241
603728.SH,20260610,65.16,66.08,62.15,62.69,66.12,-3.43,-5.1875,116734.81,745281.116
603728.SH,20260609,66.98,66.98,64.68,66.12,67.45,-1.33,-1.9718,137641.93,903655.715
603728.SH,20260608,63.38,67.92,63.37,67.45,65.82,1.63,2.4765,187770.27,1254646.652
603728.SH,20260605,63.0,67.88,59.88,65.82,63.52,2.3,3.6209,191315.75,1225108.26
603728.SH,20260604,61.92,65.75,60.82,63.52,62.28,1.24,1.991,113599.07,726983.966
603728.SH,20260603,62.19,64.95,61.71,62.28,62.51,-0.23,-0.3679,111123.89,703935.873
603728.SH,20260602,60.93,64.55,60.93,62.51,59.77,2.74,4.5842,130436.79,818191.087
603728.SH,20260601,61.0,62.35,59.7,59.77,61.32,-1.55,-2.5277,96712.63,588785.041
603728.SH,20260529,64.67,66.38,60.75,61.32,64.74,-3.42,-5.2827,109640.54,688235.52
603728.SH,20260528,66.86,66.94,62.97,64.74,66.55,-1.81,-2.7198,126451.71,813150.108
603728.SH,20260527,68.0,69.3,66.5,66.55,70.0,-3.45,-4.9286,136065.7,921107.687
603728.SH,20260526,69.61,73.0,68.49,70.0,68.99,1.01,1.464,177718.91,1258294.709
603728.SH,20260525,69.2,69.99,68.0,68.99,68.19,0.8,1.1732,121727.05,836190.14
603728.SH,20260522,67.78,68.38,66.0,68.19,67.4,0.79,1.1721,129307.77,874175.693
603728.SH,20260521,65.99,69.8,65.97,67.4,66.47,0.93,1.3991,174405.57,1187299.44
603728.SH,20260520,66.72,67.44,65.51,66.47,67.71,-1.24,-1.8313,101402.95,674810.618
603728.SH,20260519,67.48,69.0,67.01,67.71,67.15,0.56,0.834,147898.79,1004651.737
603728.SH,20260518,65.3,67.71,65.0,67.15,64.99,2.16,3.3236,172292.12,1146514.904
603728.SH,20260515,61.74,66.58,61.74,64.99,61.74,3.25,5.264,174004.95,1127321.242
603728.SH,20260514,63.83,63.91,61.73,61.74,63.45,-1.71,-2.695,69693.88,436566.897
603728.SH,20260513,63.2,63.68,62.02,63.45,63.43,0.02,0.0315,66512.84,418848.109
603728.SH,20260512,63.88,65.16,63.1,63.43,63.91,-0.48,-0.7511,77691.33,496617.26
603728.SH,20260511,64.19,64.55,62.35,63.91,63.48,0.43,0.6774,112561.04,716875.892
603728.SH,20260508,61.35,64.59,61.0,63.48,61.34,2.14,3.4888,139893.49,886518.209
603728.SH,20260507,60.22,61.58,59.6,61.34,60.03,1.31,2.1822,71614.69,437423.892
603728.SH,20260506,59.35,60.8,59.34,60.03,59.35,0.68,1.1457,70487.2,424423.137
603728.SH,20260430,58.16,59.92,58.01,59.35,58.45,0.9,1.5398,61344.0,363713.59
603728.SH,20260429,56.66,58.58,56.66,58.45,56.95,1.5,2.6339,48915.84,283699.027
603728.SH,20260428,58.1,58.5,56.57,56.95,57.72,-0.77,-1.334,49848.31,286194.158
603728.SH,20260427,56.31,58.27,55.5,57.72,57.07,0.65,1.139,53817.73,308189.267
603728.SH,20260424,57.46,57.87,56.64,57.07,57.48,-0.41,-0.7133,41168.86,235506.417
603728.SH,20260423,59.08,59.08,57.07,57.48,58.97,-1.49,-2.5267,54155.99,313038.099
603728.SH,20260422,58.11,59.05,58.02,58.97,58.59,0.38,0.6486,38348.12,225137.364
603728.SH,20260421,59.03,59.49,57.92,58.59,59.18,-0.59,-0.997,42398.3,247735.822
603728.SH,20260420,60.0,60.19,59.07,59.18,59.66,-0.48,-0.8046,48927.36,290920.067
603728.SH,20260417,59.07,59.77,58.51,59.66,59.3,0.36,0.6071,43013.0,254775.92
603728.SH,20260416,59.51,59.99,58.63,59.3,58.57,0.73,1.2464,44826.0,265384.171
603728.SH,20260415,59.49,60.08,58.33,58.57,58.87,-0.3,-0.5096,49057.63,291049.283
603728.SH,20260414,58.8,59.07,58.1,58.87,58.01,0.86,1.4825,42049.44,246503.528
603728.SH,20260413,58.0,58.73,57.8,58.01,58.54,-0.53,-0.9054,29807.7,173475.043
603728.SH,20260410,57.6,59.36,57.6,58.54,57.31,1.23,2.1462,44125.81,259085.068
603728.SH,20260409,58.0,58.0,57.13,57.31,58.57,-1.26,-2.1513,31803.02,182764.287
603728.SH,20260408,56.3,58.62,56.17,58.57,55.07,3.5,6.3555,64776.0,374867.31
603728.SH,20260407,55.62,55.98,54.76,55.07,55.62,-0.55,-0.9889,23646.47,130930.686
603728.SH,20260403,56.52,56.75,55.6,55.62,56.52,-0.9,-1.5924,24161.4,135446.056
603728.SH,20260402,57.71,58.0,56.25,56.52,58.25,-1.73,-2.97,32588.34,185699.395
603728.SH,20260401,57.95,58.35,57.51,58.25,56.98,1.27,2.2289,38397.83,222683.941
603728.SH,20260331,57.9,58.63,56.93,56.98,57.66,-0.68,-1.1793,34821.05,201031.749
603728.SH,20260330,57.0,57.98,56.63,57.66,57.78,-0.12,-0.2077,29976.95,171968.689
603728.SH,20260327,56.0,58.35,56.0,57.78,57.18,0.6,1.0493,48931.77,280341.281
603728.SH,20260326,58.01,59.28,57.05,57.18,57.38,-0.2,-0.3486,51481.4,298887.054
603728.SH,20260325,57.0,58.08,56.9,57.38,56.7,0.68,1.1993,54138.55,310613.206
603728.SH,20260324,58.18,58.5,54.83,56.7,57.54,-0.84,-1.4599,74620.6,418640.233
603728.SH,20260323,58.1,60.2,57.08,57.54,57.18,0.36,0.6296,97656.86,575408.294
603728.SH,20260320,58.18,58.87,57.11,57.18,58.18,-1.0,-1.7188,37242.16,215674.681
603728.SH,20260319,58.8,59.15,58.05,58.18,59.75,-1.57,-2.6276,36948.92,216391.208
603728.SH,20260318,59.5,59.89,58.68,59.75,59.12,0.63,1.0656,38789.73,229846.193
603728.SH,20260317,61.32,61.57,59.03,59.12,60.96,-1.84,-3.0184,50645.36,304646.495
603728.SH,20260316,61.38,61.38,60.25,60.96,61.52,-0.56,-0.9103,33219.14,202056.124
603728.SH,20260313,62.02,62.4,61.35,61.52,62.57,-1.05,-1.6781,29880.15,185086.574
603728.SH,20260312,63.12,63.55,62.1,62.57,63.12,-0.55,-0.8714,37203.17,233100.274
603728.SH,20260311,63.99,64.19,62.96,63.12,63.98,-0.86,-1.3442,43456.34,275927.361
603728.SH,20260310,62.99,64.1,62.89,63.98,62.3,1.68,2.6966,58075.6,369121.951
603728.SH,20260309,61.7,62.48,59.81,62.3,62.74,-0.44,-0.7013,58667.67,357639.102
603728.SH,20260306,62.37,63.09,62.01,62.74,62.47,0.27,0.4322,28663.3,179930.545
603728.SH,20260305,63.14,63.5,62.11,62.47,62.04,0.43,0.6931,45320.74,284619.584
603728.SH,20260304,61.6,63.19,61.5,62.04,62.61,-0.57,-0.9104,50572.86,315810.891
603728.SH,20260303,66.65,67.3,62.55,62.61,66.55,-3.94,-5.9204,75574.27,486283.48
603728.SH,20260302,67.07,68.0,66.5,66.55,69.13,-2.58,-3.7321,69314.99,464094.442
603728.SH,20260227,69.28,69.86,68.88,69.13,69.3,-0.17,-0.2453,48422.0,335143.119
603728.SH,20260226,70.48,70.83,68.81,69.3,70.47,-1.17,-1.6603,63290.28,439366.58
603728.SH,20260225,71.26,71.49,70.24,70.47,71.97,-1.5,-2.0842,61913.08,437447.052
603728.SH,20260224,74.73,74.73,71.0,71.97,72.46,-0.49,-0.6762,104169.92,752925.248
603728.SH,20260213,71.62,73.0,71.1,72.46,71.69,0.77,1.0741,62173.07,449919.55
603728.SH,20260212,70.12,71.87,70.11,71.69,70.39,1.3,1.8469,45401.38,324202.742
603728.SH,20260211,71.8,71.8,70.25,70.39,71.92,-1.53,-2.1274,40376.7,285597.317
603728.SH,20260210,71.19,72.38,70.86,71.92,71.17,0.75,1.0538,56581.45,406205.047
603728.SH,20260209,70.97,71.47,69.9,71.17,70.14,1.03,1.4685,54437.11,384808.132
603728.SH,20260206,66.92,71.19,66.66,70.14,67.64,2.5,3.696,90158.02,627747.864
603728.SH,20260205,69.96,69.96,67.6,67.64,70.49,-2.85,-4.0431,57030.65,389260.336
603728.SH,20260204,70.01,70.49,68.81,70.49,70.39,0.1,0.1421,46420.78,322320.913
603728.SH,20260203,69.0,70.45,68.01,70.39,68.36,2.03,2.9696,56258.44,391296.881
603728.SH,20260202,69.6,70.97,68.32,68.36,69.72,-1.36,-1.9507,67750.6,470312.822
603728.SH,20260130,69.57,71.31,68.19,69.72,70.08,-0.36,-0.5137,72581.76,505508.532
603728.SH,20260129,71.64,73.55,70.0,70.08,71.37,-1.29,-1.8075,79170.48,567959.865
603728.SH,20260128,72.5,73.2,70.82,71.37,73.56,-2.19,-2.9772,72196.93,517043.778
603728.SH,20260127,72.33,73.9,69.63,73.56,72.94,0.62,0.85,100304.24,718533.76
603728.SH,20260126,77.03,77.66,72.0,72.94,75.51,-2.57,-3.4035,119002.56,879043.574
603728.SH,20260123,74.6,76.76,73.6,75.51,74.61,0.9,1.2063,116332.82,875662.845
603728.SH,20260122,76.33,77.62,74.53,74.61,76.31,-1.7,-2.2278,110214.21,833596.352
603728.SH,20260121,74.7,76.67,74.32,76.31,74.98,1.33,1.7738,123844.52,940768.89
603728.SH,20260120,75.61,77.9,74.27,74.98,75.26,-0.28,-0.372,151044.08,1143141.682
603728.SH,20260119,74.39,76.46,73.17,75.26,73.65,1.61,2.186,155551.86,1170958.046
603728.SH,20260116,71.44,74.98,71.07,73.65,71.19,2.46,3.4555,135377.43,992549.948
603728.SH,20260115,71.75,72.38,70.28,71.19,71.87,-0.68,-0.9462,74960.55,532862.772
603728.SH,20260114,72.97,74.19,70.8,71.87,72.97,-1.1,-1.5075,137744.26,999583.488
603728.SH,20260113,73.9,75.88,72.04,72.97,73.9,-0.93,-1.2585,140119.94,1038129.225
603728.SH,20260112,73.43,74.98,72.13,73.9,73.26,0.64,0.8736,124126.74,911798.819
603728.SH,20260109,71.68,74.0,71.48,73.26,71.98,1.28,1.7783,117151.0,858282.706
603728.SH,20260108,72.28,73.2,71.46,71.98,72.33,-0.35,-0.4839,84225.03,609238.515
603728.SH,20260107,71.61,73.2,71.02,72.33,72.66,-0.33,-0.4542,114499.68,826138.167
603728.SH,20260106,72.0,73.5,71.72,72.66,71.64,1.02,1.4238,104451.31,757888.709
603728.SH,20260105,71.28,72.76,70.93,71.64,72.35,-0.71,-0.9813,108239.76,777240.821
603728.SH,20251231,74.06,74.06,71.55,72.35,72.98,-0.63,-0.8633,141783.84,1029230.003
603728.SH,20251230,66.88,73.89,66.88,72.98,67.43,5.55,8.2308,215067.0,1531105.292
603728.SH,20251229,66.76,68.93,66.45,67.43,66.28,1.15,1.7351,101116.99,684297.342
603728.SH,20251226,67.24,67.55,65.67,66.28,66.68,-0.4,-0.5999,77354.69,515047.2
603728.SH,20251225,64.5,66.79,64.12,66.68,63.8,2.88,4.5141,89723.51,589680.714
603728.SH,20251224,63.32,64.2,63.3,63.8,63.75,0.05,0.0784,39135.2,249849.648
603728.SH,20251223,64.41,64.44,63.29,63.75,64.41,-0.66,-1.0247,41157.81,262650.72
603728.SH,20251222,63.11,65.0,62.67,64.41,62.12,2.29,3.6864,75685.63,484592.523
603728.SH,20251219,62.31,62.85,61.9,62.12,61.78,0.34,0.5503,35489.05,221570.08
603728.SH,20251218,62.0,62.98,61.75,61.78,62.61,-0.83,-1.3257,43268.86,269662.255
603728.SH,20251217,61.82,62.87,60.75,62.61,61.82,0.79,1.2779,57489.99,355424.213
603728.SH,20251216,64.03,64.28,61.82,61.82,64.35,-2.53,-3.9316,53543.2,335323.576
603728.SH,20251215,66.7,66.97,64.19,64.35,67.0,-2.65,-3.9552,59729.98,390479.12
603728.SH,20251212,66.66,67.37,65.76,67.0,66.84,0.16,0.2394,57805.02,385183.566
603728.SH,20251211,68.65,68.76,66.84,66.84,68.5,-1.66,-2.4234,48754.96,329610.663
603728.SH,20251210,68.54,68.94,67.71,68.5,68.43,0.07,0.1023,45874.67,313446.102
603728.SH,20251209,69.0,70.0,67.85,68.43,69.51,-1.08,-1.5537,73336.0,504727.318
603728.SH,20251208,68.7,69.91,67.73,69.51,68.65,0.86,1.2527,84509.07,583013.986
603728.SH,20251205,67.0,68.88,66.6,68.65,67.35,1.3,1.9302,90492.49,617608.028
603728.SH,20251204,66.5,67.76,65.3,67.35,64.51,2.84,4.4024,107747.72,719755.012
603728.SH,20251203,65.75,66.29,64.33,64.51,65.44,-0.93,-1.4211,29896.0,194006.851
603728.SH,20251202,67.62,67.66,65.2,65.44,67.62,-2.18,-3.2239,46733.71,308757.795
603728.SH,20251201,66.5,67.85,66.3,67.62,66.29,1.33,2.0063,60181.76,404346.606
603728.SH,20251128,65.5,66.46,64.6,66.29,65.65,0.64,0.9749,43674.88,287200.513
603728.SH,20251127,66.29,67.23,65.6,65.65,66.29,-0.64,-0.9655,39642.43,262810.375
603728.SH,20251126,65.5,67.0,65.0,66.29,65.63,0.66,1.0056,52609.75,348565.04
603728.SH,20251125,66.01,67.3,65.55,65.63,66.04,-0.41,-0.6208,54670.21,363126.155
603728.SH,20251124,64.65,66.1,63.5,66.04,64.64,1.4,2.1658,47048.5,306198.589
603728.SH,20251121,62.71,65.86,62.68,64.64,63.73,0.91,1.4279,76180.55,491125.159
603728.SH,20251120,65.7,65.99,63.68,63.73,65.2,-1.47,-2.2546,38983.64,250711.432
603728.SH,20251119,66.67,66.88,65.13,65.2,66.54,-1.34,-2.0138,30452.03,200309.503
603728.SH,20251118,66.34,67.26,65.62,66.54,66.83,-0.29,-0.4339,42584.33,283387.245
603728.SH,20251117,65.67,67.72,65.0,66.83,66.32,0.51,0.769,48625.81,325075.235
603728.SH,20251114,65.16,67.88,64.47,66.32,66.0,0.32,0.4848,61698.0,405953.457
603728.SH,20251113,64.99,66.5,64.85,66.0,65.42,0.58,0.8866,37666.82,247802.167
603728.SH,20251112,67.28,67.49,65.0,65.42,67.51,-2.09,-3.0958,50613.74,333671.244
603728.SH,20251111,68.38,69.18,67.12,67.51,68.14,-0.63,-0.9246,44411.17,302370.697
603728.SH,20251110,70.0,70.4,68.0,68.14,70.16,-2.02,-2.8791,58928.99,403973.997
603728.SH,20251107,71.6,71.78,69.9,70.16,71.52,-1.36,-1.9016,62449.48,440965.453
603728.SH,20251106,68.96,71.78,68.04,71.52,68.16,3.36,4.9296,108044.64,760720.435
603728.SH,20251105,68.0,69.25,67.38,68.16,69.36,-1.2,-1.7301,50045.11,341629.32
603728.SH,20251104,71.88,71.9,68.93,69.36,71.75,-2.39,-3.331,72435.21,505348.226
603728.SH,20251103,73.72,73.79,71.18,71.75,73.35,-1.6,-2.1813,83565.23,601401.927
603728.SH,20251031,70.96,74.27,70.74,73.35,71.59,1.76,2.4584,121276.17,889774.849
603728.SH,20251030,72.5,74.3,71.58,71.59,72.22,-0.63,-0.8723,103737.8,754108.68
603728.SH,20251029,72.33,73.06,71.11,72.22,71.98,0.24,0.3334,88415.22,636490.894
603728.SH,20251028,71.42,73.24,70.88,71.98,71.4,0.58,0.8123,107936.12,776216.731
603728.SH,20251027,71.72,71.89,69.58,71.4,70.72,0.68,0.9615,101841.44,721768.023
603728.SH,20251024,70.45,71.22,69.74,70.72,69.36,1.36,1.9608,87825.38,619044.536
603728.SH,20251023,69.5,69.66,67.8,69.36,70.08,-0.72,-1.0274,55847.97,383783.128
603728.SH,20251022,69.84,71.0,68.86,70.08,69.67,0.41,0.5885,79999.66,560606.452
603728.SH,20251021,70.05,70.26,68.55,69.67,69.81,-0.14,-0.2005,91426.14,635804.103
603728.SH,20251020,68.1,71.93,67.68,69.81,67.04,2.77,4.1319,125072.42,876907.496
603728.SH,20251017,69.64,69.78,67.0,67.04,70.08,-3.04,-4.3379,77507.19,527435.004
603728.SH,20251016,70.0,70.87,69.8,70.08,71.25,-1.17,-1.6421,71522.93,502780.709
603728.SH,20251015,68.8,72.41,67.92,71.25,68.12,3.13,4.5948,137219.86,964379.695
603728.SH,20251014,73.9,74.4,67.58,68.12,73.53,-5.41,-7.3575,161440.31,1141632.865
603728.SH,20251013,71.0,74.46,71.0,73.53,78.52,-4.99,-6.3551,168272.92,1226359.596
603728.SH,20251010,82.28,84.38,77.8,78.52,82.28,-3.76,-4.5698,197753.44,1604228.254
603728.SH,20251009,84.0,84.18,80.03,82.28,84.64,-2.36,-2.7883,164122.4,1352457.987
603728.SH,20250930,82.78,86.4,81.2,84.64,81.8,2.84,3.4719,230000.98,1923220.913
603728.SH,20250929,80.35,82.5,79.49,81.8,79.49,2.31,2.906,194148.12,1575786.41
603728.SH,20250926,83.6,84.0,79.38,79.49,83.67,-4.18,-4.9958,195208.59,1583031.413
603728.SH,20250925,81.75,88.0,79.88,83.67,80.31,3.36,4.1838,347084.15,2881115.923
603728.SH,20250924,73.01,80.31,71.71,80.31,73.01,7.3,9.9986,281029.95,2157294.152
603728.SH,20250923,73.49,73.91,71.0,73.01,73.49,-0.48,-0.6532,129030.36,935569.202
603728.SH,20250922,72.37,73.76,72.08,73.49,72.37,1.12,1.5476,121021.49,884136.443
603728.SH,20250919,75.0,75.45,72.01,72.37,77.06,-4.69,-6.0862,202134.28,1481654.744
603728.SH,20250918,78.14,80.79,73.8,77.06,78.14,-1.08,-1.3821,308113.51,2412389.915
603728.SH,20250917,78.18,81.58,77.0,78.14,78.15,-0.01,-0.0128,279258.43,2211973.164
603728.SH,20250916,74.35,79.2,73.08,78.15,73.69,4.46,6.0524,255006.0,1934756.337
603728.SH,20250915,71.2,75.38,71.2,73.69,71.9,1.79,2.4896,222124.74,1643347.224
603728.SH,20250912,72.45,74.29,71.0,71.9,72.26,-0.36,-0.4982,244413.46,1776014.518
603728.SH,20250911,68.5,72.54,68.41,72.26,68.89,3.37,4.8919,284364.24,2034008.15
603728.SH,20250910,67.05,70.5,67.0,68.89,68.33,0.56,0.8196,219451.91,1501100.164
603728.SH,20250909,69.0,71.21,68.01,68.33,68.85,-0.52,-0.7553,356720.58,2482536.912
603728.SH,20250908,63.96,68.85,63.96,68.85,62.59,6.26,10.0016,226142.58,1541608.978
603728.SH,20250905,60.42,62.65,60.03,62.59,60.58,2.01,3.3179,95386.72,588000.634
603728.SH,20250904,64.24,64.3,59.32,60.58,63.72,-3.14,-4.9278,121944.13,756059.261
603728.SH,20250903,66.64,66.8,62.8,63.72,65.74,-2.02,-3.0727,143914.43,924872.447
603728.SH,20250902,63.41,67.0,60.68,65.74,63.39,2.35,3.7072,244997.91,1575312.334
603728.SH,20250901,63.6,64.45,62.15,63.39,64.43,-1.04,-1.6142,112885.78,712360.066
603728.SH,20250829,64.9,65.88,63.2,64.43,64.5,-0.07,-0.1085,94264.5,607259.467
603728.SH,20250828,63.32,64.67,62.3,64.5,63.78,0.72,1.1289,120294.0,765743.124
603728.SH,20250827,65.21,66.77,63.71,63.78,65.2,-1.42,-2.1779,133684.88,877571.188
603728.SH,20250826,66.06,66.45,65.16,65.2,66.74,-1.54,-2.3075,115783.17,761062.665
603728.SH,20250825,66.01,67.38,65.8,66.74,65.82,0.92,1.3978,135498.43,903414.438
603728.SH,20250822,64.9,65.93,64.3,65.82,64.97,0.85,1.3083,120186.69,783838.694
603728.SH,20250821,65.42,66.54,64.68,64.97,65.38,-0.41,-0.6271,120483.5,789623.394
603728.SH,20250820,65.15,66.0,64.1,65.38,65.19,0.19,0.2915,136082.26,887470.866
603728.SH,20250819,63.38,67.03,62.15,65.19,63.34,1.85,2.9207,213466.37,1378917.466
603728.SH,20250818,62.98,63.98,62.06,63.34,62.68,0.66,1.053,147995.81,934157.938
603728.SH,20250815,61.47,62.88,61.26,62.68,61.73,0.95,1.539,152515.16,947930.265
603728.SH,20250814,60.35,63.2,58.77,61.73,60.21,1.52,2.5245,174974.59,1066377.435
603728.SH,20250813,59.8,60.58,59.12,60.21,59.61,0.6,1.0065,86738.9,520227.273
603728.SH,20250812,60.57,60.97,59.0,59.61,60.45,-0.84,-1.3896,110100.89,655919.441
603728.SH,20250811,60.4,61.54,60.4,60.45,60.4,0.05,0.0828,79035.46,481912.853
603728.SH,20250808,61.79,61.83,60.37,60.4,61.98,-1.58,-2.5492,64766.16,394106.433
603728.SH,20250807,62.86,62.86,61.71,61.98,62.75,-0.77,-1.2271,93895.27,583096.136
603728.SH,20250806,60.8,63.34,60.11,62.75,60.38,2.37,3.9251,166590.31,1035680.935
603728.SH,20250805,60.22,60.54,59.68,60.38,60.18,0.2,0.3323,71244.45,428291.079
603728.SH,20250804,57.75,60.18,57.7,60.18,58.04,2.14,3.6871,85647.61,508140.791
603728.SH,20250801,58.89,59.57,57.59,58.04,58.9,-0.86,-1.4601,64388.65,375886.021
603728.SH,20250731,58.3,60.44,58.29,58.9,58.57,0.33,0.5634,94444.96,562844.784
603728.SH,20250730,59.29,59.31,58.14,58.57,59.38,-0.81,-1.3641,63077.79,370329.437
603728.SH,20250729,59.58,59.95,58.65,59.38,60.12,-0.74,-1.2309,85399.88,505799.976
603728.SH,20250728,60.65,61.3,60.09,60.12,60.35,-0.23,-0.3811,63314.11,383272.87
603728.SH,20250725,60.5,60.68,59.7,60.35,60.27,0.08,0.1327,69028.6,414696.539
603728.SH,20250724,59.8,61.15,59.51,60.27,60.15,0.12,0.1995,78680.16,474919.969
603728.SH,20250723,61.3,61.56,59.8,60.15,61.92,-1.77,-2.8585,100786.58,609513.997
603728.SH,20250722,62.0,62.96,61.38,61.92,62.99,-1.07,-1.6987,120042.26,744653.032
603728.SH,20250721,60.98,64.78,60.06,62.99,59.03,3.96,6.7085,185829.37,1157886.116
603728.SH,20250718,58.85,59.3,58.4,59.03,58.86,0.17,0.2888,73099.0,430719.996
603728.SH,20250717,58.64,59.57,57.9,58.86,58.89,-0.03,-0.0509,110048.46,648074.867
603728.SH,20250716,57.36,59.26,57.06,58.89,57.2,1.69,2.9545,143799.93,838482.474
603728.SH,20250715,57.71,57.71,56.18,57.2,57.24,-0.04,-0.0699,78250.0,444348.892
603728.SH,20250714,55.97,57.64,55.76,57.24,55.71,1.53,2.7464,116270.67,660305.791
603728.SH,20250711,54.03,56.5,53.75,55.71,54.04,1.67,3.0903,97883.5,541168.508
603728.SH,20250710,54.15,54.55,53.88,54.04,54.44,-0.4,-0.7348,45468.01,246036.472
603728.SH,20250709,54.98,56.49,54.31,54.44,54.75,-0.31,-0.5662,85578.3,474784.084
603728.SH,20250708,53.94,55.0,53.7,54.75,53.94,0.81,1.5017,49796.91,271590.85
603728.SH,20250707,54.71,54.91,53.7,53.94,55.0,-1.06,-1.9273,43140.16,233067.883
603728.SH,20250704,55.77,56.0,54.46,55.0,55.66,-0.66,-1.1858,68297.97,376238.1
603728.SH,20250703,55.63,56.71,55.12,55.66,56.01,-0.35,-0.6249,49814.9,276992.091
603728.SH,20250702,57.02,57.41,55.66,56.01,57.46,-1.45,-2.5235,57120.0,321702.025
603728.SH,20250701,57.47,57.81,56.8,57.46,57.47,-0.01,-0.0174,53728.0,308196.588
603728.SH,20250630,57.2,57.98,57.06,57.47,57.12,0.35,0.6127,51433.0,296074.259
603728.SH,20250627,56.98,57.79,56.51,57.12,57.11,0.01,0.0175,54120.0,309502.542
603728.SH,20250626,58.09,58.87,57.03,57.11,58.1,-0.99,-1.704,81592.61,471748.503
603728.SH,20250625,57.5,58.12,57.02,58.1,57.49,0.61,1.0611,98043.0,565877.904
603728.SH,20250624,54.38,57.55,54.38,57.49,54.24,3.25,5.9919,139917.32,795402.616
603728.SH,20250623,52.86,54.35,52.54,54.24,54.01,0.23,0.4258,46212.1,248858.083
603728.SH,20250620,56.31,56.33,53.75,54.01,56.29,-2.28,-4.0505,77894.22,426151.334
603728.SH,20250619,55.48,57.58,55.13,56.29,55.53,0.76,1.3686,129321.13,733785.88
603728.SH,20250618,54.47,55.77,54.15,55.53,54.48,1.05,1.9273,61346.39,338623.403
603728.SH,20250617,54.8,54.98,54.2,54.5,54.7,-0.2,-0.3656,37446.23,203961.581
603728.SH,20250616,53.52,54.98,53.52,54.7,54.36,0.34,0.6255,36062.0,196838.484
603728.SH,20250613,55.7,55.7,54.14,54.36,55.84,-1.48,-2.6504,55074.42,301702.427
603728.SH,20250612,55.95,56.76,55.69,55.84,56.26,-0.42,-0.7465,41151.49,231154.864
603728.SH,20250611,55.63,56.77,55.63,56.26,55.57,0.69,1.2417,61631.0,347124.169
603728.SH,20250610,56.93,57.01,54.48,55.57,56.92,-1.35,-2.3717,79568.51,442005.49
603728.SH,20250609,56.51,57.77,56.5,56.92,56.68,0.24,0.4234,60827.0,348202.393
603728.SH,20250606,57.21,57.34,56.27,56.68,57.5,-0.82,-1.4261,51028.83,289371.419
603728.SH,20250605,56.9,58.0,56.0,57.5,56.7,0.8,1.4109,78654.75,448968.92
603728.SH,20250604,55.97,57.22,55.7,56.7,55.56,1.14,2.0518,76776.02,433754.11
603728.SH,20250603,54.9,55.98,54.9,55.56,55.48,0.08,0.1442,39901.3,222108.378
603728.SH,20250530,56.89,56.9,55.33,55.48,57.15,-1.67,-2.9221,51698.01,288065.156
603728.SH,20250529,56.61,57.46,56.55,57.15,56.58,0.57,1.0074,61073.8,348318.034
603728.SH,20250528,57.0,57.38,56.27,56.58,56.95,-0.37,-0.6497,45928.91,260454.469
603728.SH,20250527,58.25,58.3,56.79,56.95,58.19,-1.24,-2.131,49334.04,282104.11
603728.SH,20250526,58.4,58.5,57.63,58.19,58.46,-0.27,-0.4619,52534.87,304700.86
603728.SH,20250523,58.88,60.09,58.3,58.46,59.2,-0.74,-1.25,66990.12,396610.239
603728.SH,20250522,59.63,60.47,59.1,59.2,59.45,-0.25,-0.4205,58498.12,349223.304
603728.SH,20250521,60.75,60.94,59.2,59.45,60.85,-1.4,-2.3007,77725.33,463984.11
603728.SH,20250520,60.59,61.59,59.8,60.85,60.89,-0.04,-0.0657,57792.0,351283.882
603728.SH,20250519,61.86,61.86,59.65,60.89,61.99,-1.1,-1.7745,67489.75,408763.26
603728.SH,20250516,62.2,63.89,61.85,61.99,62.06,-0.07,-0.1128,93770.75,590100.402
603728.SH,20250515,64.5,64.55,61.77,62.06,64.8,-2.74,-4.2284,80687.44,506415.438
603728.SH,20250514,65.0,66.1,63.88,64.8,65.29,-0.49,-0.7505,76752.48,497583.19
603728.SH,20250513,67.75,67.86,65.16,65.29,66.36,-1.07,-1.6124,82623.54,546436.064
603728.SH,20250512,65.12,66.88,65.0,66.36,64.16,2.2,3.4289,107225.19,708216.559
603728.SH,20250509,66.11,66.11,63.65,64.16,66.09,-1.93,-2.9203,80266.02,516478.166
603728.SH,20250508,65.6,66.95,65.19,66.09,65.72,0.37,0.563,87945.11,581045.624
603728.SH,20250507,67.97,67.98,64.68,65.72,67.15,-1.43,-2.1296,126261.58,835420.506
603728.SH,20250506,66.53,67.78,64.79,67.15,65.87,1.28,1.9432,152874.88,1012303.158
603728.SH,20250430,63.0,66.88,62.3,65.87,62.86,3.01,4.7884,122742.0,797339.062
603728.SH,20250429,62.14,63.68,61.35,62.86,62.3,0.56,0.8989,75162.0,472997.765
603728.SH,20250428,63.5,64.07,61.86,62.3,64.09,-1.79,-2.7929,81855.93,510997.466
603728.SH,20250425,64.6,64.91,63.5,64.09,64.61,-0.52,-0.8048,89317.01,573159.624
603728.SH,20250424,65.71,66.5,64.3,64.61,66.44,-1.83,-2.7544,133052.0,866357.58
603728.SH,20250423,63.6,66.69,62.4,66.44,62.12,4.32,6.9543,230410.12,1495735.391
603728.SH,20250422,60.69,64.5,60.28,62.12,61.47,0.65,1.0574,203969.99,1279009.061
603728.SH,20250421,57.0,62.24,55.78,61.47,56.58,4.89,8.6426,179891.76,1088068.255
603728.SH,20250418,56.96,57.33,56.2,56.58,57.0,-0.42,-0.7368,32042.32,181365.088
603728.SH,20250417,57.1,58.23,56.97,57.0,57.38,-0.38,-0.6623,45840.18,263629.452
603728.SH,20250416,58.5,58.65,56.32,57.38,58.76,-1.38,-2.3485,64828.5,372064.904
603728.SH,20250415,59.23,59.81,58.05,58.76,59.27,-0.51,-0.8605,65483.18,385067.476
603728.SH,20250414,60.0,60.95,59.0,59.27,59.19,0.08,0.1352,96831.38,578977.112
603728.SH,20250411,56.96,60.56,56.0,59.19,57.3,1.89,3.2984,107201.0,631688.916
603728.SH,20250410,57.0,59.28,56.99,57.3,55.03,2.27,4.125,117682.2,680997.416
603728.SH,20250409,53.4,55.39,48.68,55.03,53.49,1.54,2.879,166591.3,875417.905
603728.SH,20250408,57.2,57.64,53.49,53.49,59.43,-5.94,-9.995,128497.58,698232.7
603728.SH,20250407,60.5,62.0,59.43,59.43,66.03,-6.6,-9.9955,25254.0,151598.522
603728.SH,20250403,67.05,68.85,66.0,66.03,68.01,-1.98,-2.9113,52778.89,354220.891
603728.SH,20250402,67.2,68.5,67.17,68.01,67.19,0.82,1.2204,63271.3,430413.786
603728.SH,20250401,67.67,68.25,66.5,67.19,67.5,-0.31,-0.4593,56070.0,377536.297
603728.SH,20250331,68.5,68.92,65.52,67.5,69.3,-1.8,-2.5974,115331.01,768897.368
603728.SH,20250328,70.6,71.5,69.3,69.3,70.81,-1.51,-2.1325,55045.68,384494.758
603728.SH,20250327,71.5,73.3,70.6,70.81,71.8,-0.99,-1.3788,82686.0,592212.457
603728.SH,20250326,69.97,73.38,69.0,71.8,70.16,1.64,2.3375,104763.58,757248.457
603728.SH,20250325,72.02,73.83,69.88,70.16,71.45,-1.29,-1.8055,91523.13,659280.428
603728.SH,20250324,71.2,71.88,69.18,71.45,71.23,0.22,0.3089,72260.3,508752.176
603728.SH,20250321,74.33,74.9,71.01,71.23,75.08,-3.85,-5.1279,97114.55,698815.36
603728.SH,20250320,75.0,77.0,72.55,75.08,74.96,0.12,0.1601,122792.67,920337.612
603728.SH,20250319,75.5,76.4,74.4,74.96,75.8,-0.84,-1.1082,71700.76,539698.242
603728.SH,20250318,76.45,77.68,75.23,75.8,76.3,-0.5,-0.6553,66683.55,507577.582
603728.SH,20250317,75.72,77.5,73.73,76.3,75.72,0.58,0.766,98832.68,748464.776
603728.SH,20250314,71.41,77.05,71.2,75.72,72.13,3.59,4.9771,140112.26,1039158.567
603728.SH,20250313,76.49,76.51,70.96,72.13,76.96,-4.83,-6.276,157952.79,1151284.78
603728.SH,20250312,78.33,78.79,76.06,76.96,78.32,-1.36,-1.7365,83672.12,648412.451
603728.SH,20250311,79.93,81.5,75.52,78.32,81.66,-3.34,-4.0901,165845.3,1290459.627
603728.SH,20250310,81.0,82.88,80.0,81.66,80.6,1.06,1.3151,122049.34,994587.036
603728.SH,20250307,79.0,81.5,78.6,80.6,80.2,0.4,0.4988,131879.63,1056754.228
603728.SH,20250306,80.3,81.69,79.25,80.2,80.48,-0.28,-0.3479,140202.87,1128389.545
603728.SH,20250305,77.2,81.66,76.88,80.48,77.94,2.54,3.2589,158446.7,1248480.409
603728.SH,20250304,74.0,79.22,74.0,77.94,74.11,3.83,5.168,158414.46,1229279.868
603728.SH,20250303,77.1,77.1,73.06,74.11,77.14,-3.03,-3.9279,153544.72,1147099.072
603728.SH,20250228,84.0,84.0,77.14,77.14,85.71,-8.57,-9.9988,139343.47,1104972.18
603728.SH,20250227,84.0,87.49,82.2,85.71,86.3,-0.59,-0.6837,160051.71,1356676.045
603728.SH,20250226,86.31,92.5,84.61,86.3,86.3,0.0,0.0,235701.53,2089572.509
603728.SH,20250225,80.5,90.08,80.2,86.3,84.68,1.62,1.9131,201053.98,1725642.404
603728.SH,20250224,90.0,90.74,84.19,84.68,90.74,-6.06,-6.6784,225606.09,1954626.762
603728.SH,20250221,81.0,90.74,80.1,90.74,82.49,8.25,10.0012,259668.17,2195342.63
603728.SH,20250220,77.3,85.64,75.68,82.49,77.85,4.64,5.9602,246335.02,1974529.469
603728.SH,20250219,72.63,78.5,72.1,77.85,72.64,5.21,7.1724,211456.04,1611783.268
603728.SH,20250218,73.77,75.75,72.1,72.64,74.8,-2.16,-2.8877,127662.72,943293.694
603728.SH,20250217,72.38,74.9,72.15,74.8,72.4,2.4,3.3149,154598.19,1139899.643
603728.SH,20250214,71.71,72.8,71.0,72.4,72.65,-0.25,-0.3441,109158.25,784595.602
603728.SH,20250213,75.11,76.6,71.87,72.65,75.78,-3.13,-4.1304,157879.61,1164711.203
603728.SH,20250212,73.47,77.0,71.71,75.78,75.29,0.49,0.6508,185785.76,1383910.258
603728.SH,20250211,74.85,78.6,74.32,75.29,75.6,-0.31,-0.4101,230784.4,1762134.964
603728.SH,20250210,77.0,77.7,73.5,75.6,78.6,-3.0,-3.8168,258071.82,1929540.333
603728.SH,20250207,79.21,79.8,75.08,78.6,75.41,3.19,4.2302,300414.62,2332294.2
603728.SH,20250206,69.23,75.41,69.13,75.41,68.55,6.86,10.0073,84225.11,610404.221
603728.SH,20250205,63.77,68.55,63.77,68.55,62.32,6.23,9.9968,113708.72,755128.874
603728.SH,20250127,65.38,65.48,61.58,62.32,66.8,-4.48,-6.7066,133454.34,836348.255
603728.SH,20250124,64.26,66.99,63.1,66.8,64.67,2.13,3.2936,156955.3,1027670.852
603728.SH,20250123,64.0,69.01,62.67,64.67,64.05,0.62,0.968,205715.23,1351976.175
603728.SH,20250122,63.45,65.11,62.58,64.05,64.51,-0.46,-0.7131,134023.4,855387.961
603728.SH,20250121,61.61,65.5,61.4,64.51,61.0,3.51,5.7541,187868.25,1200395.22
603728.SH,20250120,61.03,62.5,60.7,61.0,60.5,0.5,0.8264,116787.0,718730.166
603728.SH,20250117,60.74,62.58,60.5,60.5,61.05,-0.55,-0.9009,111031.84,680358.41
603728.SH,20250116,62.22,62.68,60.2,61.05,61.62,-0.57,-0.925,174288.82,1069624.941
603728.SH,20250115,60.0,63.26,59.47,61.62,59.51,2.11,3.5456,276357.37,1687476.941
603728.SH,20250114,53.8,59.51,53.03,59.51,54.1,5.41,10.0,282107.29,1618837.459
603728.SH,20250113,52.8,56.97,52.78,54.1,53.97,0.13,0.2409,158120.0,873184.038
603728.SH,20250110,53.58,58.0,53.55,53.97,54.45,-0.48,-0.8815,176935.58,983119.632
603728.SH,20250109,50.98,55.33,50.66,54.45,51.82,2.63,5.0753,174911.52,936013.665
002896.SZ,20260702,76.05,81.68,75.5,77.84,76.36,1.48,1.9382,166829.35,1314745.93971
002896.SZ,20260701,76.08,78.29,75.69,76.36,76.38,-0.02,-0.0262,128405.46,986278.52818
002896.SZ,20260630,74.19,76.96,72.21,76.38,71.76,4.62,6.4381,143040.56,1070087.06204
002896.SZ,20260629,70.1,72.5,67.83,71.76,70.3,1.46,2.0768,113131.12,790883.08749
002896.SZ,20260626,72.71,73.3,70.3,70.3,73.04,-2.74,-3.7514,93608.01,669060.49065
002896.SZ,20260625,76.0,77.09,72.74,73.04,76.87,-3.83,-4.9824,147216.11,1096233.76378
002896.SZ,20260624,79.05,80.35,76.47,76.87,79.29,-2.42,-3.0521,113252.41,878504.94791
002896.SZ,20260623,78.5,81.54,76.0,79.29,79.67,-0.38,-0.477,137480.77,1088425.93311
002896.SZ,20260622,81.13,82.38,78.0,79.67,82.3,-2.63,-3.1956,151718.48,1209204.77611
002896.SZ,20260618,79.72,83.35,79.72,82.3,79.69,2.61,3.2752,176612.57,1446591.06766
002896.SZ,20260617,79.2,80.39,78.0,79.69,80.51,-0.82,-1.0185,111890.87,887157.89097
002896.SZ,20260616,79.74,81.81,79.06,80.51,80.41,0.1,0.1244,142055.48,1143201.62525
002896.SZ,20260615,78.28,80.76,77.89,80.41,78.28,2.13,2.721,144503.49,1151943.82531
002896.SZ,20260612,82.5,83.33,78.0,78.28,81.56,-3.28,-4.0216,200259.64,1608056.13192
002896.SZ,20260611,86.77,87.0,81.56,81.56,90.62,-9.06,-9.9978,200269.25,1658345.6409
002896.SZ,20260610,88.8,93.84,88.03,90.62,90.69,-0.07,-0.0772,247030.9,2240875.04331
002896.SZ,20260609,90.0,91.44,87.71,90.69,95.2,-4.51,-4.7374,305126.23,2724862.58746
002896.SZ,20260608,88.0,95.4,87.58,95.2,86.77,8.43,9.7153,429542.3,3897644.175
002896.SZ,20260605,78.0,86.77,74.41,86.77,78.88,7.89,10.0025,287153.43,2351434.358
002896.SZ,20260604,77.99,81.99,76.95,78.88,78.9,-0.02,-0.0253,171498.32,1372340.124
002896.SZ,20260603,81.7,83.88,78.3,78.9,81.7,-2.8,-3.4272,266155.11,2165710.327
002896.SZ,20260602,80.11,81.7,79.16,81.7,74.27,7.43,10.004,166998.07,1357183.054
002896.SZ,20260601,74.18,76.99,73.6,74.27,75.82,-1.55,-2.0443,114462.32,859731.901
002896.SZ,20260529,81.42,81.45,75.0,75.82,82.24,-6.42,-7.8064,170926.91,1322066.048
002896.SZ,20260528,85.25,86.4,79.8,82.24,86.11,-3.87,-4.4943,195455.32,1606919.344
002896.SZ,20260527,87.01,92.2,84.86,86.11,89.68,-3.57,-3.9808,275713.11,2426409.553
002896.SZ,20260526,86.0,89.68,86.0,89.68,81.53,8.15,9.9963,304345.19,2692918.157
002896.SZ,20260525,80.68,82.72,80.0,81.53,80.36,1.17,1.4559,117409.09,956700.445
002896.SZ,20260522,80.0,81.05,77.86,80.36,79.93,0.43,0.538,108733.4,869090.656
002896.SZ,20260521,77.01,82.87,77.01,79.93,76.73,3.2,4.1705,188264.11,1510425.919
002896.SZ,20260520,78.61,78.99,76.46,76.73,79.65,-2.92,-3.666,94802.04,731758.63
002896.SZ,20260519,81.5,81.98,79.1,79.65,80.78,-1.13,-1.3989,96141.6,769590.763
002896.SZ,20260518,79.24,81.61,78.6,80.78,80.6,0.18,0.2233,139780.44,1121995.64
002896.SZ,20260515,77.48,82.6,76.2,80.6,77.56,3.04,3.9195,181722.63,1451446.939
002896.SZ,20260514,78.4,81.14,76.1,77.56,78.63,-1.07,-1.3608,132954.65,1045008.012
002896.SZ,20260513,78.0,78.77,76.38,78.63,80.4,-1.77,-2.2015,142361.0,1107685.162
002896.SZ,20260512,77.86,83.12,77.86,80.4,75.56,4.84,6.4055,225002.05,1825222.747
002896.SZ,20260511,75.2,76.15,74.1,75.56,76.0,-0.44,-0.5789,94230.78,708305.913
002896.SZ,20260508,71.08,80.47,70.77,76.0,73.2,2.8,3.8251,169284.72,1284800.505
002896.SZ,20260507,71.25,73.48,70.7,73.2,70.9,2.3,3.244,73615.96,535624.905
002896.SZ,20260506,70.3,71.5,70.2,70.9,70.28,0.62,0.8822,45458.33,322525.037
002896.SZ,20260430,68.19,70.74,68.13,70.28,68.31,1.97,2.8839,50304.61,352028.185
002896.SZ,20260429,67.5,68.81,67.41,68.31,68.12,0.19,0.2789,29126.95,198921.722
002896.SZ,20260428,70.0,70.3,68.0,68.12,71.36,-3.24,-4.5404,58409.81,401705.506
002896.SZ,20260427,71.05,71.86,70.37,71.36,71.29,0.07,0.0982,31120.32,221875.712
002896.SZ,20260424,70.88,71.49,70.88,71.29,71.1,0.19,0.2672,25413.29,181002.554
002896.SZ,20260423,72.27,72.49,70.77,71.1,72.27,-1.17,-1.6189,46811.69,333389.099
002896.SZ,20260422,72.5,72.89,71.97,72.27,72.6,-0.33,-0.4545,38286.4,276824.835
002896.SZ,20260421,72.6,73.45,71.8,72.6,72.88,-0.28,-0.3842,43299.29,313537.587
002896.SZ,20260420,74.0,74.0,72.25,72.88,74.59,-1.71,-2.2925,70344.2,512832.492
002896.SZ,20260417,74.0,74.69,72.83,74.59,73.83,0.76,1.0294,48546.84,358556.689
002896.SZ,20260416,74.0,74.9,73.01,73.83,73.96,-0.13,-0.1758,49091.56,361183.554
002896.SZ,20260415,75.58,75.68,73.62,73.96,75.1,-1.14,-1.518,39578.63,295109.877
002896.SZ,20260414,74.84,75.53,74.21,75.1,74.14,0.96,1.2948,46351.47,346743.169
002896.SZ,20260413,73.37,75.3,73.08,74.14,73.89,0.25,0.3383,44327.7,328689.568
002896.SZ,20260410,73.6,75.75,73.15,73.89,72.0,1.89,2.625,74109.57,552589.669
002896.SZ,20260409,73.01,73.18,71.74,72.0,74.24,-2.24,-3.0172,43982.45,317701.387
002896.SZ,20260408,72.35,74.38,72.13,74.24,70.86,3.38,4.77,64936.16,475382.78
002896.SZ,20260407,71.09,71.66,70.3,70.86,71.06,-0.2,-0.2815,27796.43,197214.33
002896.SZ,20260403,72.33,72.87,70.85,71.06,72.45,-1.39,-1.9186,33040.95,235877.165
002896.SZ,20260402,74.6,74.85,72.2,72.45,75.5,-3.05,-4.0397,51303.99,376563.96
002896.SZ,20260401,76.15,76.45,74.89,75.5,74.95,0.55,0.7338,51996.93,392770.773
002896.SZ,20260331,75.52,77.4,73.77,74.95,75.52,-0.57,-0.7548,73347.43,553273.541
002896.SZ,20260330,75.5,76.86,74.8,75.52,77.1,-1.58,-2.0493,56615.41,427163.471
002896.SZ,20260327,75.0,77.8,74.95,77.1,78.29,-1.19,-1.52,77902.34,598626.804
002896.SZ,20260326,73.93,81.5,73.93,78.29,74.44,3.85,5.172,130930.87,1020482.616
002896.SZ,20260325,73.01,75.4,72.68,74.44,74.44,0.0,0.0,83190.17,617607.497
002896.SZ,20260324,79.96,79.96,72.38,74.44,77.0,-2.56,-3.3247,145961.07,1098417.931
002896.SZ,20260323,74.02,77.0,74.02,77.0,70.0,7.0,10.0,126224.53,967470.984
002896.SZ,20260320,72.9,72.9,70.0,70.0,72.2,-2.2,-3.0471,35036.71,250114.852
002896.SZ,20260319,73.72,74.1,72.0,72.2,74.87,-2.67,-3.5662,32665.7,237991.143
002896.SZ,20260318,74.99,75.44,73.68,74.87,74.6,0.27,0.3619,24087.84,179100.542
002896.SZ,20260317,76.88,77.08,74.55,74.6,76.32,-1.72,-2.2537,24265.86,183283.25
002896.SZ,20260316,76.9,76.9,75.05,76.32,76.91,-0.59,-0.7671,23832.16,180882.369
002896.SZ,20260313,78.0,78.4,76.68,76.91,78.7,-1.79,-2.2745,26715.34,206500.548
002896.SZ,20260312,80.07,81.5,78.44,78.7,80.5,-1.8,-2.236,37309.99,297146.005
002896.SZ,20260311,78.78,81.19,78.78,80.5,78.75,1.75,2.2222,66962.3,538447.26
002896.SZ,20260310,76.69,79.6,76.65,78.75,75.68,3.07,4.0566,55869.33,437052.936
002896.SZ,20260309,76.0,76.19,73.4,75.68,77.68,-2.0,-2.5747,43089.56,322697.241
002896.SZ,20260306,77.11,77.85,77.01,77.68,77.55,0.13,0.1676,21083.44,163616.56
002896.SZ,20260305,78.69,78.88,77.23,77.55,77.16,0.39,0.5054,28854.0,225022.453
002896.SZ,20260304,76.0,78.5,75.75,77.16,77.77,-0.61,-0.7844,35732.93,276694.167
002896.SZ,20260303,80.2,80.7,77.68,77.77,80.41,-2.64,-3.2832,59597.24,471459.995
002896.SZ,20260302,80.17,81.58,80.17,80.41,83.76,-3.35,-3.9995,60592.53,488817.428
002896.SZ,20260227,84.85,85.0,83.59,83.76,83.65,0.11,0.1315,48532.23,408055.766
002896.SZ,20260226,85.0,85.0,83.25,83.65,85.18,-1.53,-1.7962,54726.06,458185.646
002896.SZ,20260225,86.29,86.29,84.55,85.18,87.16,-1.98,-2.2717,69527.5,591900.652
002896.SZ,20260224,90.78,91.0,86.01,87.16,86.19,0.97,1.1254,129377.1,1133211.137
002896.SZ,20260213,82.54,87.53,82.1,86.19,82.53,3.66,4.4348,105389.0,897959.34
002896.SZ,20260212,81.74,82.79,81.52,82.53,81.73,0.8,0.9788,32340.86,266467.398
002896.SZ,20260211,82.0,82.7,81.72,81.73,82.8,-1.07,-1.2923,29515.9,242048.686
002896.SZ,20260210,81.18,83.27,81.18,82.8,81.1,1.7,2.0962,61072.08,504681.582
002896.SZ,20260209,81.46,81.64,80.5,81.1,80.64,0.46,0.5704,32276.17,261369.513
002896.SZ,20260206,79.57,81.5,78.68,80.64,80.04,0.6,0.7496,41843.15,337185.427
002896.SZ,20260205,80.5,81.1,80.0,80.04,81.47,-1.43,-1.7552,27210.9,218412.158
002896.SZ,20260204,81.0,81.55,80.21,81.47,81.35,0.12,0.1475,36541.86,294955.617
002896.SZ,20260203,80.5,81.39,80.07,81.35,80.48,0.87,1.081,36315.58,293737.495
002896.SZ,20260202,81.04,82.8,80.42,80.48,81.63,-1.15,-1.4088,43717.51,355584.27
002896.SZ,20260130,80.11,82.48,79.66,81.63,80.5,1.13,1.4037,52691.75,428298.48
002896.SZ,20260129,81.72,82.3,80.29,80.5,81.71,-1.21,-1.4808,47058.96,382149.659
002896.SZ,20260128,82.5,82.6,81.25,81.71,82.99,-1.28,-1.5424,45221.59,369619.273
002896.SZ,20260127,83.38,83.65,80.56,82.99,83.35,-0.36,-0.4319,67774.89,556009.146
002896.SZ,20260126,89.02,89.64,83.2,83.35,88.16,-4.81,-5.456,116653.08,991928.413
002896.SZ,20260123,87.29,91.33,87.29,88.16,86.94,1.22,1.4033,102329.15,908910.264
002896.SZ,20260122,88.57,89.49,86.7,86.94,88.14,-1.2,-1.3615,63886.94,559429.605
002896.SZ,20260121,86.7,89.19,86.5,88.14,87.79,0.35,0.3987,69283.04,610888.807
002896.SZ,20260120,89.44,91.0,87.35,87.79,89.86,-2.07,-2.3036,72923.5,646994.825
002896.SZ,20260119,90.69,91.78,89.12,89.86,89.33,0.53,0.5933,109926.68,995371.446
002896.SZ,20260116,86.66,90.3,86.66,89.33,86.7,2.63,3.0334,113313.53,1007818.225
002896.SZ,20260115,87.0,87.85,85.66,86.7,87.35,-0.65,-0.7441,58006.49,501937.721
002896.SZ,20260114,87.0,89.59,86.54,87.35,87.26,0.09,0.1031,106295.28,938182.981
002896.SZ,20260113,90.0,91.4,86.98,87.26,89.99,-2.73,-3.0337,113882.3,1014311.865
002896.SZ,20260112,89.05,90.49,88.2,89.99,89.04,0.95,1.0669,112227.49,1004445.007
002896.SZ,20260109,88.02,90.72,87.88,89.04,89.0,0.04,0.0449,112010.35,1003266.873
002896.SZ,20260108,87.69,89.99,86.95,89.0,87.98,1.02,1.1594,94505.52,835340.201
002896.SZ,20260107,87.83,89.3,86.78,87.98,88.22,-0.24,-0.272,77359.3,679711.24
002896.SZ,20260106,88.88,89.39,87.7,88.22,88.48,-0.26,-0.2939,85581.57,756838.502
002896.SZ,20260105,88.08,89.14,86.78,88.48,89.36,-0.88,-0.9848,96580.44,851944.422
002896.SZ,20251231,92.0,92.0,89.0,89.36,92.15,-2.79,-3.0277,143464.22,1290040.291
002896.SZ,20251230,85.0,92.2,84.5,92.15,85.54,6.61,7.7274,219932.94,1977846.034
002896.SZ,20251229,85.96,86.78,84.2,85.54,84.96,0.58,0.6827,88375.96,758945.465
002896.SZ,20251226,85.5,86.29,83.66,84.96,85.48,-0.52,-0.6083,78106.97,663723.106
002896.SZ,20251225,82.95,86.49,82.95,85.48,82.49,2.99,3.6247,112889.85,958558.008
002896.SZ,20251224,81.92,82.75,81.61,82.49,81.95,0.54,0.6589,33403.34,275060.993
002896.SZ,20251223,83.0,83.42,81.7,81.95,84.0,-2.05,-2.4405,65586.79,540366.794
002896.SZ,20251222,82.1,85.53,81.64,84.0,79.6,4.4,5.5276,124906.09,1047204.168
002896.SZ,20251219,79.5,80.3,79.01,79.6,78.57,1.03,1.3109,33738.77,268639.076
002896.SZ,20251218,79.5,80.88,78.53,78.57,80.11,-1.54,-1.9224,39894.35,316813.132
002896.SZ,20251217,78.91,80.5,78.26,80.11,78.92,1.19,1.5079,46862.61,372388.51
002896.SZ,20251216,81.73,81.73,78.76,78.92,81.77,-2.85,-3.4854,49736.79,396120.225
002896.SZ,20251215,82.51,83.88,81.72,81.77,83.38,-1.61,-1.9309,46909.68,386442.788
002896.SZ,20251212,82.0,83.38,81.0,83.38,82.09,1.29,1.5714,69130.93,567200.564
002896.SZ,20251211,84.5,84.6,81.98,82.09,84.79,-2.7,-3.1843,55258.71,458144.157
002896.SZ,20251210,84.15,84.8,83.2,84.79,84.45,0.34,0.4026,42748.0,358846.361
002896.SZ,20251209,85.01,86.76,84.4,84.45,85.8,-1.35,-1.5734,51948.14,443645.74
002896.SZ,20251208,84.52,86.35,84.28,85.8,84.73,1.07,1.2628,76460.72,653541.866
002896.SZ,20251205,82.27,84.84,81.4,84.73,83.46,1.27,1.5217,83416.16,698143.507
002896.SZ,20251204,83.0,84.5,82.02,83.46,81.41,2.05,2.5181,85792.55,715279.758
002896.SZ,20251203,83.27,84.05,81.3,81.41,83.3,-1.89,-2.2689,42326.14,347451.05
002896.SZ,20251202,84.6,85.2,82.8,83.3,85.29,-1.99,-2.3332,48662.12,406984.511
002896.SZ,20251201,84.42,85.58,84.0,85.29,84.45,0.84,0.9947,55086.33,468218.174
002896.SZ,20251128,83.01,84.59,82.13,84.45,83.47,0.98,1.1741,59196.38,495662.51
002896.SZ,20251127,82.88,84.88,82.88,83.47,83.48,-0.01,-0.012,47285.42,396067.827
002896.SZ,20251126,82.88,84.9,81.8,83.48,83.35,0.13,0.156,56298.52,470914.003
002896.SZ,20251125,83.53,84.6,82.82,83.35,83.48,-0.13,-0.1557,61666.26,516254.913
002896.SZ,20251124,85.05,85.8,81.4,83.48,86.74,-3.26,-3.7584,92467.78,767384.435
002896.SZ,20251121,83.5,88.88,83.03,86.74,84.5,2.24,2.6509,121579.64,1049804.481
002896.SZ,20251120,84.28,85.0,83.01,84.5,84.27,0.23,0.2729,46112.96,388618.434
002896.SZ,20251119,84.84,86.5,84.03,84.27,84.13,0.14,0.1664,63344.88,540012.143
002896.SZ,20251118,82.3,85.77,81.85,84.13,83.15,0.98,1.1786,63443.0,531506.621
002896.SZ,20251117,81.0,84.54,81.0,83.15,80.43,2.72,3.3818,75835.52,630451.437
002896.SZ,20251114,82.0,82.03,80.4,80.43,82.65,-2.22,-2.686,45640.03,370436.577
002896.SZ,20251113,81.89,83.45,81.21,82.65,81.89,0.76,0.9281,39001.95,320945.582
002896.SZ,20251112,82.8,83.47,81.72,81.89,82.8,-0.91,-1.099,40433.52,333056.247
002896.SZ,20251111,85.42,86.14,82.03,82.8,85.42,-2.62,-3.0672,58800.82,493320.532
002896.SZ,20251110,86.71,87.1,85.2,85.42,86.84,-1.42,-1.6352,41663.95,356738.334
002896.SZ,20251107,89.39,89.39,86.8,86.84,88.85,-2.01,-2.2622,53529.48,467739.833
002896.SZ,20251106,86.52,89.49,86.28,88.85,86.27,2.58,2.9906,64489.46,567963.318
002896.SZ,20251105,86.14,87.2,85.03,86.27,87.58,-1.31,-1.4958,48729.09,419088.083
002896.SZ,20251104,90.0,90.0,87.5,87.58,90.64,-3.06,-3.376,68994.6,608136.857
002896.SZ,20251103,91.02,94.0,90.1,90.64,90.29,0.35,0.3876,97032.53,892696.516
002896.SZ,20251031,88.61,91.32,88.33,90.29,89.09,1.2,1.347,77217.74,698719.042
002896.SZ,20251030,92.0,92.0,88.8,89.09,91.11,-2.02,-2.2171,72705.46,655170.245
002896.SZ,20251029,90.0,91.25,89.61,91.11,90.32,0.79,0.8747,70621.48,638355.284
002896.SZ,20251028,90.01,91.55,89.22,90.32,90.24,0.08,0.0887,89696.86,810260.101
002896.SZ,20251027,88.07,90.69,88.07,90.24,89.55,0.69,0.7705,90723.02,815080.224
002896.SZ,20251024,88.13,90.15,87.9,89.55,87.58,1.97,2.2494,74655.07,666836.115
002896.SZ,20251023,88.0,88.0,86.22,87.58,89.0,-1.42,-1.5955,56691.85,492579.707
002896.SZ,20251022,89.35,90.57,88.22,89.0,89.08,-0.08,-0.0898,62065.2,555234.451
002896.SZ,20251021,88.02,89.23,86.6,89.08,88.7,0.38,0.4284,73279.5,646175.904
002896.SZ,20251020,88.85,90.8,88.02,88.7,87.51,1.19,1.3598,79304.29,707716.814
002896.SZ,20251017,88.89,90.5,87.5,87.51,88.88,-1.37,-1.5414,67020.68,595705.379
002896.SZ,20251016,90.76,90.89,88.59,88.88,92.51,-3.63,-3.9239,84528.89,757293.944
002896.SZ,20251015,87.23,93.82,86.01,92.51,87.2,5.31,6.0894,131431.14,1188289.009
002896.SZ,20251014,90.88,91.95,87.1,87.2,89.87,-2.67,-2.971,85908.56,767617.009
002896.SZ,20251013,86.7,90.5,86.7,89.87,93.5,-3.63,-3.8824,91459.68,812811.737
002896.SZ,20251010,96.69,97.79,93.0,93.5,96.5,-3.0,-3.1088,101335.62,966127.11
002896.SZ,20251009,96.01,97.32,91.97,96.5,96.53,-0.03,-0.0311,100326.04,961869.548
002896.SZ,20250930,95.9,97.6,95.0,96.53,95.0,1.53,1.6105,112577.84,1084889.21
002896.SZ,20250929,93.69,95.44,93.31,95.0,93.72,1.28,1.3658,82438.2,779538.869
002896.SZ,20250926,96.07,96.97,93.7,93.72,97.19,-3.47,-3.5703,97847.76,929963.818
002896.SZ,20250925,97.99,99.24,96.9,97.19,97.98,-0.79,-0.8063,112404.56,1100503.974
002896.SZ,20250924,95.5,98.5,94.17,97.98,96.43,1.55,1.6074,116513.38,1130983.457
002896.SZ,20250923,98.3,99.46,93.65,96.43,97.91,-1.48,-1.5116,139405.98,1343498.567
002896.SZ,20250922,97.14,98.8,97.14,97.91,97.13,0.78,0.803,121785.51,1192055.885
002896.SZ,20250919,100.0,101.94,96.64,97.13,102.8,-5.67,-5.5156,209777.27,2063037.122
002896.SZ,20250918,105.61,109.35,100.19,102.8,105.47,-2.67,-2.5315,342780.82,3611773.708
002896.SZ,20250917,107.18,108.68,103.73,105.47,105.6,-0.13,-0.1231,299283.48,3177713.8
002896.SZ,20250916,103.69,107.89,101.45,105.6,103.02,2.58,2.5044,422642.73,4428822.33
002896.SZ,20250915,93.65,103.02,93.01,103.02,93.65,9.37,10.0053,216515.41,2177137.094
002896.SZ,20250912,94.0,95.88,92.94,93.65,93.6,0.05,0.0534,146998.89,1390633.973
002896.SZ,20250911,90.5,94.23,90.1,93.6,91.05,2.55,2.8007,144720.87,1342297.932
002896.SZ,20250910,91.49,93.0,90.07,91.05,91.65,-0.6,-0.6547,94016.49,859110.469
002896.SZ,20250909,93.45,93.89,91.3,91.65,94.66,-3.01,-3.1798,121248.31,1118278.249
002896.SZ,20250908,90.06,96.27,90.01,94.66,90.67,3.99,4.4006,182584.31,1720540.66
002896.SZ,20250905,86.45,91.1,85.68,90.67,86.55,4.12,4.7603,147418.17,1314798.367
002896.SZ,20250904,92.27,92.88,85.0,86.55,92.91,-6.36,-6.8453,180787.41,1611700.425
002896.SZ,20250903,99.0,99.65,92.54,92.91,97.95,-5.04,-5.1455,216813.49,2081304.828
002896.SZ,20250902,91.97,100.0,87.78,97.95,91.85,6.1,6.6413,340512.13,3211208.892
002896.SZ,20250901,92.67,93.58,91.0,91.85,92.77,-0.92,-0.9917,103259.24,947711.403
002896.SZ,20250829,91.99,94.76,91.25,92.77,92.23,0.54,0.5855,134197.9,1245060.158
002896.SZ,20250828,93.12,93.3,89.05,92.23,93.99,-1.76,-1.8725,206554.13,1874365.821
002896.SZ,20250827,95.74,97.89,93.93,93.99,95.74,-1.75,-1.8279,160974.24,1545731.149
002896.SZ,20250826,98.35,98.68,95.56,95.74,98.85,-3.11,-3.1462,158091.81,1530396.177
002896.SZ,20250825,97.5,100.9,97.32,98.85,96.66,2.19,2.2657,191320.62,1895924.618
002896.SZ,20250822,93.38,97.45,93.28,96.66,93.43,3.23,3.4571,177790.12,1705268.578
002896.SZ,20250821,97.6,98.61,93.4,93.43,99.02,-5.59,-5.6453,215807.58,2064072.31
002896.SZ,20250820,97.79,103.0,96.7,99.02,98.63,0.39,0.3954,208100.13,2083427.399
002896.SZ,20250819,99.6,104.0,97.8,98.63,101.66,-3.03,-2.9805,246866.86,2458438.054
002896.SZ,20250818,101.76,104.28,97.51,101.66,99.59,2.07,2.0785,265981.02,2664486.494
002896.SZ,20250815,98.92,101.51,98.01,99.59,99.58,0.01,0.01,220489.16,2199581.898
002896.SZ,20250814,102.36,106.66,96.28,99.58,102.4,-2.82,-2.7539,325750.07,3267017.532
002896.SZ,20250813,96.0,106.0,94.5,102.4,96.66,5.74,5.9383,349131.03,3483442.593
002896.SZ,20250812,96.01,99.66,93.68,96.66,97.07,-0.41,-0.4224,264391.03,2532365.592
002896.SZ,20250811,95.5,98.86,95.41,97.07,96.02,1.05,1.0935,268961.55,2604795.343
002896.SZ,20250808,99.01,99.05,95.39,96.02,102.97,-6.95,-6.7495,332400.73,3222783.091
002896.SZ,20250807,99.0,103.22,97.8,102.97,94.38,8.59,9.1015,416322.6,4185668.763
002896.SZ,20250806,86.68,94.38,85.3,94.38,85.8,8.58,10.0,278705.92,2523544.727
002896.SZ,20250805,84.5,88.0,83.5,85.8,82.49,3.31,4.0126,314674.72,2692164.477
002896.SZ,20250804,78.86,82.5,78.6,82.49,78.4,4.09,5.2168,229258.14,1857983.101
002896.SZ,20250801,78.98,80.53,77.55,78.4,79.77,-1.37,-1.7174,143244.22,1127063.189
002896.SZ,20250731,78.53,81.9,78.11,79.77,79.53,0.24,0.3018,197068.02,1587211.133
002896.SZ,20250730,85.27,86.0,79.0,79.53,87.7,-8.17,-9.3158,328595.95,2690547.797
002896.SZ,20250729,83.5,89.96,82.8,87.7,84.45,3.25,3.8484,332656.38,2894210.972
002896.SZ,20250728,83.62,86.0,82.8,84.45,82.61,1.84,2.2273,231535.04,1951886.944
002896.SZ,20250725,83.56,85.26,82.01,82.61,83.67,-1.06,-1.2669,215655.79,1796043.618
002896.SZ,20250724,84.12,85.98,83.0,83.67,84.41,-0.74,-0.8767,244963.58,2057025.567
002896.SZ,20250723,84.4,88.98,83.8,84.41,88.35,-3.94,-4.4595,320199.82,2735222.249
002896.SZ,20250722,86.7,92.58,83.0,88.35,88.28,0.07,0.0793,410861.88,3629519.211
002896.SZ,20250721,84.0,88.28,83.0,88.28,80.25,8.03,10.0062,348692.26,3026014.187
002896.SZ,20250718,76.2,81.45,74.88,80.25,76.4,3.85,5.0393,370639.56,2905350.793
002896.SZ,20250717,70.91,77.99,69.41,76.4,70.9,5.5,7.7574,447878.88,3370406.36
002896.SZ,20250716,67.48,74.3,65.52,70.9,67.8,3.1,4.5723,378068.09,2624919.683
002896.SZ,20250715,70.0,70.97,67.2,67.8,67.58,0.22,0.3255,447355.73,3087539.076
002896.SZ,20250714,63.83,67.58,63.18,67.58,61.44,6.14,9.9935,280459.33,1840033.501
002896.SZ,20250711,55.49,61.44,55.01,61.44,55.85,5.59,10.009,301553.23,1793336.233
002896.SZ,20250710,56.23,56.95,55.64,55.85,58.17,-2.32,-3.9883,159352.28,894531.792
002896.SZ,20250709,58.81,60.81,58.0,58.17,55.28,2.89,5.2279,284110.85,1695918.579
002896.SZ,20250708,53.66,56.37,53.66,55.28,54.12,1.16,2.1434,80615.59,444022.171
002896.SZ,20250707,55.0,55.05,53.9,54.12,55.09,-0.97,-1.7608,48328.2,261777.627
002896.SZ,20250704,55.35,55.95,54.56,55.09,55.5,-0.41,-0.7387,52122.98,287411.455
002896.SZ,20250703,55.35,56.35,55.0,55.5,55.74,-0.24,-0.4306,52690.86,292542.429
002896.SZ,20250702,57.32,57.32,55.31,55.74,57.54,-1.8,-3.1283,71746.8,402023.107
002896.SZ,20250701,57.85,58.18,56.95,57.54,57.91,-0.37,-0.6389,60726.41,348491.818
002896.SZ,20250630,57.1,58.2,57.06,57.91,57.11,0.8,1.4008,72641.76,419699.882
002896.SZ,20250627,56.89,57.72,55.9,57.11,56.88,0.23,0.4044,83637.24,477076.332
002896.SZ,20250626,75.92,76.67,74.12,74.2,75.48,-1.28,-1.6958,84409.71,636978.548
002896.SZ,20250625,74.07,75.8,73.81,75.48,74.05,1.43,1.9311,112589.13,842862.047
002896.SZ,20250624,70.35,74.8,70.32,74.05,70.02,4.03,5.7555,125493.16,921102.398
002896.SZ,20250623,68.7,70.33,68.55,70.02,69.77,0.25,0.3583,44730.4,312501.906
002896.SZ,20250620,71.57,72.09,69.56,69.77,71.57,-1.8,-2.515,61383.2,431886.581
002896.SZ,20250619,71.98,74.37,71.5,71.57,71.98,-0.41,-0.5696,102488.64,747867.527
002896.SZ,20250618,71.52,72.23,70.89,71.98,71.53,0.45,0.6291,42925.0,307256.212
002896.SZ,20250617,72.5,72.91,71.36,71.53,72.37,-0.84,-1.1607,37155.8,267439.131
002896.SZ,20250616,71.9,72.77,71.9,72.37,71.9,0.47,0.6537,41532.69,300483.303
002896.SZ,20250613,73.7,73.9,71.6,71.9,74.29,-2.39,-3.2171,60971.69,441715.854
002896.SZ,20250612,74.47,75.42,74.0,74.29,74.86,-0.57,-0.7614,40454.0,301025.257
002896.SZ,20250611,74.0,75.8,73.68,74.86,74.23,0.63,0.8487,57306.09,427915.373
002896.SZ,20250610,74.98,75.55,72.41,74.23,75.12,-0.89,-1.1848,79057.24,584915.905
002896.SZ,20250609,75.1,76.6,74.84,75.12,75.02,0.1,0.1333,63046.25,477132.804
002896.SZ,20250606,76.0,76.05,74.8,75.02,76.22,-1.2,-1.5744,45051.85,338474.439
002896.SZ,20250605,75.02,77.2,74.5,76.22,75.36,0.86,1.1412,83514.35,633586.16
002896.SZ,20250604,74.38,75.89,74.38,75.36,74.37,0.99,1.3312,56724.99,426831.225
002896.SZ,20250603,73.3,75.02,73.3,74.37,74.29,0.08,0.1077,45658.42,340175.445
002896.SZ,20250530,76.0,76.16,73.8,74.29,75.96,-1.67,-2.1985,57338.11,427664.996
002896.SZ,20250529,75.9,76.96,75.59,75.96,75.9,0.06,0.0791,61733.39,469447.082
002896.SZ,20250528,77.11,77.88,75.56,75.9,76.63,-0.73,-0.9526,59894.61,457394.39
002896.SZ,20250527,78.88,79.15,76.47,76.63,79.19,-2.56,-3.2327,82450.24,635031.468
002896.SZ,20250526,80.0,80.0,78.24,79.19,80.3,-1.11,-1.3823,71980.45,568378.584
002896.SZ,20250523,81.5,82.58,80.03,80.3,82.4,-2.1,-2.5485,72587.52,590929.53
002896.SZ,20250522,82.33,84.55,81.93,82.4,82.32,0.08,0.0972,66215.31,550782.181
002896.SZ,20250521,83.1,83.79,81.5,82.32,83.35,-1.03,-1.2358,47022.76,387452.145
002896.SZ,20250520,82.91,84.36,82.18,83.35,82.9,0.45,0.5428,45202.7,376421.668
002896.SZ,20250519,84.0,84.05,81.14,82.9,84.45,-1.55,-1.8354,66984.45,552101.191
002896.SZ,20250516,84.12,86.72,84.11,84.45,85.11,-0.66,-0.7755,78381.86,671123.154
002896.SZ,20250515,88.0,88.16,85.08,85.11,88.28,-3.17,-3.5908,64757.32,555712.956
002896.SZ,20250514,89.01,89.73,88.08,88.28,89.73,-1.45,-1.616,67228.39,595586.657
002896.SZ,20250513,92.2,92.38,89.5,89.73,91.6,-1.87,-2.0415,78394.75,710452.445
002896.SZ,20250512,90.34,92.06,89.88,91.6,88.86,2.74,3.0835,93321.61,850357.131
002896.SZ,20250509,91.48,91.98,88.0,88.86,92.4,-3.54,-3.8312,91981.73,820867.836
002896.SZ,20250508,91.88,94.98,91.39,92.4,92.35,0.05,0.0541,93478.29,868513.957
002896.SZ,20250507,93.46,96.19,90.8,92.35,92.05,0.3,0.3259,133271.01,1237494.205
002896.SZ,20250506,91.1,92.9,89.61,92.05,91.1,0.95,1.0428,116997.0,1070186.561
002896.SZ,20250430,88.28,92.35,87.0,91.1,87.55,3.55,4.0548,134748.44,1213624.83
002896.SZ,20250429,85.77,88.01,85.11,87.55,85.77,1.78,2.0753,85772.59,746108.894
002896.SZ,20250428,88.05,89.3,85.69,85.77,89.12,-3.35,-3.759,84775.0,735462.011
002896.SZ,20250425,90.7,90.81,88.18,89.12,90.4,-1.28,-1.4159,86703.03,775923.02
002896.SZ,20250424,93.0,94.2,89.65,90.4,93.67,-3.27,-3.491,138257.18,1265483.964
002896.SZ,20250423,87.34,94.9,87.04,93.67,86.32,7.35,8.5148,183272.83,1677555.365
002896.SZ,20250422,89.91,90.07,86.3,86.32,88.0,-1.68,-1.9091,102867.0,899884.414
002896.SZ,20250421,82.0,88.19,82.0,88.0,84.77,3.23,3.8103,133751.19,1143030.674
002896.SZ,20250418,86.18,87.43,83.08,84.77,87.69,-2.92,-3.3299,106982.58,912507.036
002896.SZ,20250417,86.86,91.0,86.01,87.69,87.13,0.56,0.6427,143103.59,1266760.428
002896.SZ,20250416,84.43,89.9,84.2,87.13,85.35,1.78,2.0855,182398.47,1591920.418
002896.SZ,20250415,87.0,87.2,83.82,85.35,85.75,-0.4,-0.4665,109218.65,930006.43
002896.SZ,20250414,86.22,88.29,84.1,85.75,86.22,-0.47,-0.5451,160795.84,1386750.218
002896.SZ,20250411,78.0,87.51,78.0,86.22,79.55,6.67,8.3847,233157.65,1975291.576
002896.SZ,20250410,76.84,81.47,76.0,79.55,74.06,5.49,7.4129,199182.07,1576653.263
002896.SZ,20250409,67.0,74.06,62.55,74.06,67.33,6.73,9.9955,213029.59,1467997.306
002896.SZ,20250408,71.0,73.49,67.28,67.33,74.75,-7.42,-9.9264,151959.56,1046935.105
002896.SZ,20250407,74.75,77.8,74.75,74.75,83.05,-8.3,-9.994,31260.0,234797.574
002896.SZ,20250403,85.22,87.0,82.8,83.05,86.65,-3.6,-4.1546,93157.43,786699.043
002896.SZ,20250402,86.7,87.79,86.0,86.65,86.6,0.05,0.0577,74502.84,646583.656
002896.SZ,20250401,87.49,88.27,86.0,86.6,86.94,-0.34,-0.3911,89936.37,781862.848
002896.SZ,20250331,87.79,88.27,83.36,86.94,88.03,-1.09,-1.2382,136880.12,1167278.919
002896.SZ,20250328,91.01,92.08,87.88,88.03,92.35,-4.32,-4.6779,135163.56,1205666.352
002896.SZ,20250327,92.98,96.0,91.56,92.35,92.56,-0.21,-0.2269,131184.66,1228125.613
002896.SZ,20250326,92.05,96.5,92.01,92.56,94.3,-1.74,-1.8452,116846.54,1100747.241
002896.SZ,20250325,96.0,99.4,94.04,94.3,96.77,-2.47,-2.5524,112586.8,1088644.827
002896.SZ,20250324,98.01,99.66,94.0,96.77,100.47,-3.7,-3.6827,124157.29,1202282.097
002896.SZ,20250321,99.15,106.03,95.0,100.47,102.7,-2.23,-2.1714,211318.3,2107899.813
002896.SZ,20250320,106.0,110.48,102.58,102.7,108.15,-5.45,-5.0393,152072.04,1615538.923
002896.SZ,20250319,106.68,108.6,102.48,108.15,106.6,1.55,1.454,184237.0,1935292.9
002896.SZ,20250318,108.46,112.58,105.0,106.6,108.46,-1.86,-1.7149,235330.52,2563510.14
002896.SZ,20250317,96.8,108.46,94.0,108.46,98.6,9.86,10.0,257951.13,2644229.429
002896.SZ,20250314,96.01,104.02,95.1,98.6,98.69,-0.09,-0.0912,160784.92,1590962.66
002896.SZ,20250313,102.13,105.0,96.8,98.69,105.28,-6.59,-6.2595,158522.27,1606375.348
002896.SZ,20250312,98.97,108.25,97.7,105.28,99.0,6.28,6.3434,216432.46,2228225.856
002896.SZ,20250311,95.9,99.7,93.01,99.0,96.82,2.18,2.2516,165931.49,1598430.205
002896.SZ,20250310,96.98,99.95,95.0,96.82,93.7,3.12,3.3298,170135.2,1655972.855
002896.SZ,20250307,97.18,98.57,91.98,93.7,99.28,-5.58,-5.6205,186597.96,1782666.453
002896.SZ,20250306,99.0,102.0,96.88,99.28,99.6,-0.32,-0.3213,188396.55,1870844.357
002896.SZ,20250305,94.8,102.0,93.05,99.6,96.72,2.88,2.9777,202416.86,1975131.373
002896.SZ,20250304,89.95,102.49,89.93,96.72,94.18,2.54,2.697,234998.2,2273382.345
002896.SZ,20250303,94.18,104.46,94.18,94.18,104.64,-10.46,-9.9962,206190.96,1981558.892
002896.SZ,20250228,114.07,114.27,104.64,104.64,116.27,-11.63,-10.0026,102811.66,1094672.906
002896.SZ,20250227,103.0,116.27,102.6,116.27,105.7,10.57,10.0,263928.78,2911921.948
002896.SZ,20250226,94.8,105.7,94.0,105.7,96.09,9.61,10.001,281018.11,2885165.68
002896.SZ,20250225,84.02,96.68,84.02,96.09,87.89,8.2,9.3298,266525.82,2474892.874
002896.SZ,20250224,92.6,97.0,87.81,87.89,97.57,-9.68,-9.9211,273531.06,2502331.793
002896.SZ,20250221,89.6,97.57,86.66,97.57,88.7,8.87,10.0,248951.54,2309657.53
002896.SZ,20250220,83.06,88.7,79.01,88.7,80.64,8.06,9.995,209952.1,1764821.696
002896.SZ,20250219,72.0,80.64,72.0,80.64,73.31,7.33,9.9986,210323.3,1663614.678
002896.SZ,20250218,68.0,77.06,67.6,73.31,71.01,2.3,3.239,228884.91,1643543.486
002896.SZ,20250217,63.6,71.02,63.04,71.01,64.56,6.45,9.9907,229709.08,1557646.009
002896.SZ,20250214,62.77,66.1,62.77,64.56,64.22,0.34,0.5294,144341.56,934016.385
002896.SZ,20250213,67.0,68.63,63.23,64.22,66.5,-2.28,-3.4286,162141.66,1058573.243
002896.SZ,20250212,65.0,67.48,63.5,66.5,67.39,-0.89,-1.3207,168067.27,1100144.927
002896.SZ,20250211,62.5,68.33,62.01,67.39,63.02,4.37,6.9343,225720.86,1490132.038
002896.SZ,20250210,62.56,64.13,61.18,63.02,64.13,-1.11,-1.7309,160012.94,1000137.874
002896.SZ,20250207,62.0,65.15,61.61,64.13,64.84,-0.71,-1.095,242030.59,1534272.239
002896.SZ,20250206,57.0,65.23,56.96,64.84,59.3,5.54,9.3423,261143.94,1614199.195
002896.SZ,20250205,57.7,62.88,57.44,59.3,57.52,1.78,3.0946,286881.28,1709969.171
002896.SZ,20250127,57.65,59.6,55.6,57.52,54.21,3.31,6.1059,296740.94,1700096.476
002896.SZ,20250124,49.24,54.21,48.62,54.21,49.28,4.93,10.0041,202218.74,1027537.694
002896.SZ,20250123,45.2,49.28,44.5,49.28,44.8,4.48,10.0,290365.74,1406475.293
002896.SZ,20250122,43.63,46.56,43.01,44.8,44.07,0.73,1.6565,199017.18,891556.4
002896.SZ,20250121,43.45,44.68,43.02,44.07,43.31,0.76,1.7548,215951.57,951156.378
002896.SZ,20250120,44.0,44.43,42.4,43.31,43.64,-0.33,-0.7562,227037.28,982897.641
002896.SZ,20250117,42.65,45.55,42.65,43.64,41.41,2.23,5.3852,266638.77,1188172.894
002896.SZ,20250116,42.3,43.19,40.99,41.41,42.52,-1.11,-2.6105,175485.07,737195.471
002896.SZ,20250115,41.63,43.68,41.42,42.52,41.84,0.68,1.6252,189571.29,805144.091
002896.SZ,20250114,38.53,42.49,38.05,41.84,38.63,3.21,8.3096,219390.91,900061.679
002896.SZ,20250113,37.84,40.28,37.71,38.63,38.69,-0.06,-0.1551,170820.89,667857.612
002896.SZ,20250110,37.8,40.5,37.56,38.69,38.35,0.34,0.8866,188582.37,744386.79
002896.SZ,20250109,37.0,39.67,36.7,38.35,37.19,1.16,3.1191,169533.04,640246.172
000678.SZ,20260702,8.95,9.36,8.88,8.98,8.94,0.04,0.4474,173912.67,159228.44167
000678.SZ,20260701,8.55,9.13,8.5,8.94,8.5,0.44,5.1765,201452.23,178876.06802
000678.SZ,20260630,8.31,8.55,8.26,8.5,8.35,0.15,1.7964,114393.59,96336.76169
000678.SZ,20260629,8.35,8.41,8.05,8.35,8.35,0.0,0.0,130761.0,107972.18493
000678.SZ,20260626,8.64,8.64,8.34,8.35,8.72,-0.37,-4.2431,137919.84,116336.66628
000678.SZ,20260625,8.94,8.98,8.54,8.72,8.95,-0.23,-2.5698,171827.83,149680.49976
000678.SZ,20260624,9.24,9.29,8.81,8.95,9.23,-0.28,-3.0336,141416.22,126824.57255
000678.SZ,20260623,8.81,9.35,8.7,9.23,8.97,0.26,2.8986,225198.66,206897.46748
000678.SZ,20260622,9.62,9.64,8.75,8.97,9.72,-0.75,-7.716,267339.15,240143.17563
000678.SZ,20260618,9.55,10.0,9.41,9.72,9.64,0.08,0.8299,151338.34,146717.69007
000678.SZ,20260617,9.93,9.93,9.61,9.64,10.05,-0.41,-4.0796,121806.21,118702.4643
000678.SZ,20260616,9.85,10.35,9.54,10.05,9.87,0.18,1.8237,175954.75,175680.09622
000678.SZ,20260615,9.8,9.95,9.68,9.87,9.78,0.09,0.9202,117211.78,115116.9346
000678.SZ,20260612,10.17,10.29,9.49,9.78,10.24,-0.46,-4.4922,199749.64,195668.76077
000678.SZ,20260611,11.0,11.14,10.24,10.24,11.38,-1.14,-10.0176,167580.3,174194.72479
000678.SZ,20260610,11.45,11.55,11.36,11.38,11.6,-0.22,-1.8966,80610.45,91976.29771
000678.SZ,20260609,11.8,11.8,11.45,11.6,11.48,0.12,1.0453,91247.63,105720.79802
000678.SZ,20260608,11.36,11.77,11.36,11.48,11.83,-0.35,-2.9586,102541.1,118548.984
000678.SZ,20260605,11.58,12.12,11.32,11.83,11.68,0.15,1.2842,154572.2,180593.514
000678.SZ,20260604,11.81,11.95,11.52,11.68,11.92,-0.24,-2.0134,109829.5,128544.841
000678.SZ,20260603,12.02,12.24,11.79,11.92,12.16,-0.24,-1.9737,145696.12,175028.08
000678.SZ,20260602,11.75,12.16,11.7,12.16,11.65,0.51,4.3777,179787.72,215785.206
000678.SZ,20260601,11.44,11.84,11.37,11.65,11.44,0.21,1.8357,88363.94,102667.821
000678.SZ,20260529,11.79,11.99,11.4,11.44,11.85,-0.41,-3.4599,128972.82,149405.03
000678.SZ,20260528,11.6,12.02,11.52,11.85,11.76,0.09,0.7653,117668.08,138583.971
000678.SZ,20260527,12.16,12.3,11.69,11.76,12.53,-0.77,-6.1453,211501.73,252916.575
000678.SZ,20260526,12.2,12.96,12.1,12.53,12.0,0.53,4.4167,259272.34,325747.538
000678.SZ,20260525,12.37,12.43,11.91,12.0,12.38,-0.38,-3.0695,167022.12,201587.455
000678.SZ,20260522,12.3,12.47,11.9,12.38,12.35,0.03,0.2429,147220.15,180917.698
000678.SZ,20260521,12.51,12.8,12.3,12.35,12.44,-0.09,-0.7235,201207.07,252765.603
000678.SZ,20260520,13.15,13.17,12.43,12.44,13.2,-0.76,-5.7576,234149.5,296390.359
000678.SZ,20260519,13.19,13.29,12.95,13.2,13.19,0.01,0.0758,184182.75,241726.777
000678.SZ,20260518,13.05,13.4,12.85,13.19,13.45,-0.26,-1.9331,324178.12,422743.582
000678.SZ,20260515,12.92,13.8,12.72,13.45,13.18,0.27,2.0486,497598.97,666575.784
000678.SZ,20260514,13.31,13.9,13.04,13.18,13.2,-0.02,-0.1515,483889.78,654525.726
000678.SZ,20260513,12.81,13.29,12.58,13.2,12.81,0.39,3.0445,317172.89,412448.563
000678.SZ,20260512,12.99,13.19,12.81,12.81,12.92,-0.11,-0.8514,302401.78,392679.272
000678.SZ,20260511,13.4,13.4,12.89,12.92,13.49,-0.57,-4.2254,548733.79,713739.908
000678.SZ,20260508,12.21,13.49,12.04,13.49,12.26,1.23,10.0326,582651.4,770884.962
000678.SZ,20260507,11.84,12.39,11.77,12.26,11.8,0.46,3.8983,175613.92,214613.706
000678.SZ,20260506,11.64,11.83,11.63,11.8,11.64,0.16,1.3746,84921.59,99897.293
000678.SZ,20260430,11.45,11.73,11.39,11.64,11.49,0.15,1.3055,83885.38,97245.413
000678.SZ,20260429,11.43,11.54,11.42,11.49,11.42,0.07,0.613,60282.28,69317.953
000678.SZ,20260428,11.8,11.81,11.41,11.42,11.77,-0.35,-2.9737,100437.9,115707.476
000678.SZ,20260427,11.64,11.87,11.61,11.77,11.74,0.03,0.2555,65032.73,76658.049
000678.SZ,20260424,12.0,12.01,11.74,11.74,12.13,-0.39,-3.2152,103901.0,122779.979
000678.SZ,20260423,12.01,12.3,11.8,12.13,12.05,0.08,0.6639,150508.84,181732.539
000678.SZ,20260422,12.01,12.16,11.93,12.05,12.09,-0.04,-0.3309,105541.87,126648.359
000678.SZ,20260421,12.4,12.4,12.01,12.09,12.43,-0.34,-2.7353,145625.79,176671.943
000678.SZ,20260420,12.31,12.46,12.08,12.43,12.27,0.16,1.304,128190.78,158709.054
000678.SZ,20260417,12.52,12.62,12.25,12.27,12.62,-0.35,-2.7734,171935.18,212359.53
000678.SZ,20260416,12.74,12.79,12.53,12.62,12.6,0.02,0.1587,116629.0,147218.02
000678.SZ,20260415,12.8,12.9,12.52,12.6,12.94,-0.34,-2.6275,179015.64,227716.909
000678.SZ,20260414,12.75,13.18,12.36,12.94,12.68,0.26,2.0505,313979.35,398257.446
000678.SZ,20260413,12.85,12.87,12.55,12.68,13.01,-0.33,-2.5365,187443.12,237807.009
000678.SZ,20260410,12.95,13.28,12.84,13.01,13.01,0.0,0.0,271060.32,353766.705
000678.SZ,20260409,13.2,13.54,12.88,13.01,13.67,-0.66,-4.8281,342736.02,451223.652
000678.SZ,20260408,13.55,14.44,13.3,13.67,13.6,0.07,0.5147,576820.54,792976.755
000678.SZ,20260407,13.02,13.61,12.68,13.6,13.15,0.45,3.4221,379766.71,504798.288
000678.SZ,20260403,12.93,13.3,12.79,13.15,13.06,0.09,0.6891,327265.5,428527.994
000678.SZ,20260402,12.69,13.12,12.58,13.06,12.97,0.09,0.6939,289687.54,373364.38
000678.SZ,20260401,12.8,13.4,12.55,12.97,12.64,0.33,2.6108,483481.48,622457.462
000678.SZ,20260331,11.53,12.64,11.5,12.64,11.49,1.15,10.0087,250757.26,306939.834
000678.SZ,20260330,11.4,11.57,11.29,11.49,11.57,-0.08,-0.6914,66359.0,75775.006
000678.SZ,20260327,11.31,11.59,11.31,11.57,11.56,0.01,0.0865,76076.19,87339.651
000678.SZ,20260326,11.67,12.19,11.55,11.56,11.73,-0.17,-1.4493,132896.77,157224.942
000678.SZ,20260325,11.66,11.78,11.54,11.73,11.66,0.07,0.6003,104155.0,121453.926
000678.SZ,20260324,11.72,11.94,11.42,11.66,11.59,0.07,0.604,129865.74,150806.349
000678.SZ,20260323,11.3,12.24,11.22,11.59,11.45,0.14,1.2227,231520.9,272891.591
000678.SZ,20260320,11.79,11.94,11.45,11.45,11.79,-0.34,-2.8838,75615.23,87849.566
000678.SZ,20260319,12.09,12.09,11.74,11.79,12.21,-0.42,-3.4398,88588.3,105262.699
000678.SZ,20260318,12.26,12.27,11.99,12.21,12.18,0.03,0.2463,62501.41,75647.972
000678.SZ,20260317,12.41,12.48,12.17,12.18,12.39,-0.21,-1.6949,57676.73,71082.481
000678.SZ,20260316,12.31,12.41,12.24,12.39,12.35,0.04,0.3239,53495.01,65903.888
000678.SZ,20260313,12.59,12.6,12.33,12.35,12.58,-0.23,-1.8283,66279.01,82548.837
000678.SZ,20260312,12.87,12.87,12.58,12.58,12.87,-0.29,-2.2533,70122.41,88791.504
000678.SZ,20260311,12.93,13.04,12.83,12.87,12.94,-0.07,-0.541,73675.29,95178.411
000678.SZ,20260310,12.79,12.99,12.75,12.94,12.65,0.29,2.2925,96473.69,124300.018
000678.SZ,20260309,12.65,12.71,12.44,12.65,12.83,-0.18,-1.403,84022.45,105591.91
000678.SZ,20260306,12.65,12.87,12.57,12.83,12.66,0.17,1.3428,77867.84,99654.19
000678.SZ,20260305,12.65,12.78,12.6,12.66,12.54,0.12,0.9569,73983.4,93775.717
000678.SZ,20260304,12.34,12.59,12.13,12.54,12.37,0.17,1.3743,97489.18,121607.955
000678.SZ,20260303,13.05,13.15,12.34,12.37,13.06,-0.69,-5.2833,146289.68,186199.766
000678.SZ,20260302,13.45,13.48,13.03,13.06,13.63,-0.57,-4.182,159396.01,209893.762
000678.SZ,20260227,13.72,13.72,13.59,13.63,13.74,-0.11,-0.8006,77158.16,105101.252
000678.SZ,20260226,13.85,13.85,13.66,13.74,13.8,-0.06,-0.4348,73502.41,100746.015
000678.SZ,20260225,13.76,13.84,13.63,13.8,13.76,0.04,0.2907,77840.0,107208.167
000678.SZ,20260224,13.87,13.91,13.61,13.76,13.63,0.13,0.9538,101780.33,140049.018
000678.SZ,20260213,13.44,13.79,13.42,13.63,13.49,0.14,1.0378,100198.99,136575.433
000678.SZ,20260212,13.61,13.68,13.49,13.49,13.6,-0.11,-0.8088,81878.29,110929.332
000678.SZ,20260211,13.72,13.77,13.6,13.6,13.84,-0.24,-1.7341,80286.0,109686.632
000678.SZ,20260210,13.61,13.94,13.53,13.84,13.61,0.23,1.6899,140919.96,194370.208
000678.SZ,20260209,13.6,13.72,13.56,13.61,13.49,0.12,0.8895,101433.55,138096.377
000678.SZ,20260206,13.32,13.62,13.25,13.49,13.4,0.09,0.6716,93856.07,126843.969
000678.SZ,20260205,13.79,13.79,13.4,13.4,13.81,-0.41,-2.9689,111751.95,150908.23
000678.SZ,20260204,13.88,13.94,13.74,13.81,13.98,-0.17,-1.216,94606.84,130827.184
000678.SZ,20260203,13.94,14.07,13.81,13.98,13.93,0.05,0.3589,99525.33,138638.521
000678.SZ,20260202,13.9,14.3,13.82,13.93,14.19,-0.26,-1.8323,114790.59,160614.726
000678.SZ,20260130,13.75,14.35,13.68,14.19,13.81,0.38,2.7516,166547.73,233498.093
000678.SZ,20260129,14.08,14.16,13.72,13.81,14.08,-0.27,-1.9176,137873.29,192088.609
000678.SZ,20260128,14.19,14.3,14.01,14.08,14.25,-0.17,-1.193,109860.09,155055.686
000678.SZ,20260127,14.45,14.51,14.0,14.25,14.55,-0.3,-2.0619,171955.0,243653.328
000678.SZ,20260126,15.01,15.04,14.38,14.55,15.09,-0.54,-3.5785,244278.08,357385.759
000678.SZ,20260123,14.93,15.25,14.86,15.09,14.94,0.15,1.004,238733.69,359009.29
000678.SZ,20260122,14.89,15.07,14.78,14.94,14.77,0.17,1.151,206965.65,309360.222
000678.SZ,20260121,14.7,14.91,14.52,14.77,14.84,-0.07,-0.4717,143824.61,212331.75
000678.SZ,20260120,14.9,15.15,14.74,14.84,15.05,-0.21,-1.3953,192444.52,286561.144
000678.SZ,20260119,14.97,15.2,14.84,15.05,14.94,0.11,0.7363,233242.41,350458.538
000678.SZ,20260116,14.63,15.07,14.63,14.94,14.63,0.31,2.1189,306094.09,456237.316
000678.SZ,20260115,15.07,15.12,14.51,14.63,14.98,-0.35,-2.3364,296995.5,437042.911
000678.SZ,20260114,14.99,15.38,14.69,14.98,15.05,-0.07,-0.4651,406341.46,612019.056
000678.SZ,20260113,15.7,15.94,15.0,15.05,15.82,-0.77,-4.8673,487361.19,749480.911
000678.SZ,20260112,15.81,15.9,15.54,15.82,15.58,0.24,1.5404,527683.29,829708.177
000678.SZ,20260109,16.12,16.12,15.53,15.58,15.87,-0.29,-1.8273,704393.18,1110411.702
000678.SZ,20260108,15.03,16.5,14.9,15.87,15.0,0.87,5.8,1056648.3,1687445.995
000678.SZ,20260107,15.27,15.35,14.87,15.0,15.42,-0.42,-2.7237,419802.63,631846.481
000678.SZ,20260106,14.92,15.59,14.8,15.42,15.02,0.4,2.6631,558480.54,853121.908
000678.SZ,20260105,14.85,15.18,14.68,15.02,15.03,-0.01,-0.0665,350893.9,524318.293
000678.SZ,20251231,15.3,15.3,14.85,15.03,15.44,-0.41,-2.6554,460635.35,690698.616
000678.SZ,20251230,14.43,15.8,14.31,15.44,14.66,0.78,5.3206,753640.24,1143555.527
000678.SZ,20251229,14.95,15.11,14.59,14.66,14.47,0.19,1.3131,496692.99,739556.495
000678.SZ,20251226,14.6,14.79,14.22,14.47,14.78,-0.31,-2.0974,375379.38,544801.981
000678.SZ,20251225,14.26,14.87,14.26,14.78,14.25,0.53,3.7193,489090.41,716478.861
000678.SZ,20251224,14.1,14.29,13.96,14.25,14.23,0.02,0.1405,241767.74,343232.711
000678.SZ,20251223,14.6,14.69,14.13,14.23,14.85,-0.62,-4.1751,402898.54,574865.974
000678.SZ,20251222,14.58,15.22,14.38,14.85,14.51,0.34,2.3432,563228.81,830559.233
000678.SZ,20251219,14.04,15.3,14.04,14.51,13.96,0.55,3.9398,575633.68,849493.254
000678.SZ,20251218,14.2,14.65,13.9,13.96,14.54,-0.58,-3.989,392994.42,558009.982
000678.SZ,20251217,14.39,15.09,14.0,14.54,14.92,-0.38,-2.5469,493101.56,714256.733
000678.SZ,20251216,15.39,15.85,14.8,14.92,15.39,-0.47,-3.0539,652758.62,1005352.944
000678.SZ,20251215,14.97,15.85,14.97,15.39,15.25,0.14,0.918,708079.65,1096230.949
000678.SZ,20251212,15.1,15.48,14.7,15.25,15.1,0.15,0.9934,645613.63,981962.721
000678.SZ,20251211,15.02,15.54,14.84,15.1,15.51,-0.41,-2.6435,803440.79,1216520.006
000678.SZ,20251210,14.07,15.51,14.0,15.51,14.1,1.41,10.0,706199.12,1070726.729
000678.SZ,20251209,14.63,14.79,14.1,14.1,14.98,-0.88,-5.8745,567224.16,816292.529
000678.SZ,20251208,14.9,15.25,14.29,14.98,14.59,0.39,2.6731,728327.02,1075806.175
000678.SZ,20251205,14.4,14.99,13.6,14.59,15.0,-0.41,-2.7333,853293.62,1216855.037
000678.SZ,20251204,16.28,16.74,15.0,15.0,15.22,-0.22,-1.4455,1240215.76,1986286.188
000678.SZ,20251203,14.36,15.75,14.05,15.22,14.32,0.9,6.2849,1214092.5,1841514.567
000678.SZ,20251202,14.45,14.85,14.23,14.32,14.66,-0.34,-2.3192,519057.66,746174.052
000678.SZ,20251201,14.81,15.42,14.66,14.66,14.76,-0.1,-0.6775,989853.19,1479907.309
000678.SZ,20251128,13.24,14.76,13.04,14.76,13.42,1.34,9.9851,648013.41,930255.775
000678.SZ,20251127,13.71,13.83,13.35,13.42,13.74,-0.32,-2.329,392453.17,530157.361
000678.SZ,20251126,13.65,14.5,13.4,13.74,13.87,-0.13,-0.9373,777948.41,1076376.275
000678.SZ,20251125,12.66,13.87,12.5,13.87,12.61,1.26,9.9921,728530.02,989769.819
000678.SZ,20251124,12.75,12.76,12.25,12.61,12.95,-0.34,-2.6255,321889.14,402322.883
000678.SZ,20251121,11.96,13.29,11.6,12.95,12.08,0.87,7.202,464851.34,598141.938
000678.SZ,20251120,12.44,12.5,12.03,12.08,12.46,-0.38,-3.0498,111938.12,136632.739
000678.SZ,20251119,12.71,12.79,12.41,12.46,12.71,-0.25,-1.967,88199.1,110214.21
000678.SZ,20251118,12.87,12.87,12.7,12.71,12.9,-0.19,-1.4729,70795.1,90267.783
000678.SZ,20251117,12.88,13.0,12.79,12.9,12.9,0.0,0.0,64631.38,83260.153
000678.SZ,20251114,13.0,13.07,12.9,12.9,13.08,-0.18,-1.3761,74203.38,96319.497
000678.SZ,20251113,13.03,13.11,12.85,13.08,13.04,0.04,0.3067,71733.82,93334.433
000678.SZ,20251112,13.15,13.22,13.0,13.04,13.23,-0.19,-1.4361,96107.4,125553.833
000678.SZ,20251111,13.36,13.4,13.2,13.23,13.36,-0.13,-0.9731,103522.11,137405.321
000678.SZ,20251110,13.59,13.59,13.31,13.36,13.61,-0.25,-1.8369,144291.89,192651.244
000678.SZ,20251107,14.0,14.12,13.6,13.61,14.22,-0.61,-4.2897,294142.78,403012.29
000678.SZ,20251106,13.75,14.64,13.54,14.22,13.71,0.51,3.7199,464123.63,659266.921
000678.SZ,20251105,13.47,14.2,13.46,13.71,13.6,0.11,0.8088,248250.41,343729.255
000678.SZ,20251104,13.7,13.84,13.43,13.6,13.71,-0.11,-0.8023,174976.97,237877.982
000678.SZ,20251103,13.39,13.88,13.35,13.71,13.38,0.33,2.4664,206977.09,282255.768
000678.SZ,20251031,13.16,13.44,13.13,13.38,13.23,0.15,1.1338,109722.14,146656.99
000678.SZ,20251030,13.4,13.48,13.23,13.23,13.39,-0.16,-1.1949,93229.01,124209.347
000678.SZ,20251029,13.44,13.44,13.26,13.39,13.44,-0.05,-0.372,88475.2,117882.959
000678.SZ,20251028,13.38,13.62,13.27,13.44,13.38,0.06,0.4484,120077.15,161275.824
000678.SZ,20251027,13.38,13.48,13.33,13.38,13.37,0.01,0.0748,77199.79,103376.302
000678.SZ,20251024,13.45,13.53,13.35,13.37,13.43,-0.06,-0.4468,73179.93,98236.356
000678.SZ,20251023,13.57,13.62,13.26,13.43,13.71,-0.28,-2.0423,110206.0,147522.911
000678.SZ,20251022,13.51,13.93,13.45,13.71,13.54,0.17,1.2555,144148.24,197819.855
000678.SZ,20251021,13.35,13.58,13.24,13.54,13.37,0.17,1.2715,112679.01,151678.271
000678.SZ,20251020,13.15,13.45,13.15,13.37,13.06,0.31,2.3737,100307.12,134007.708
000678.SZ,20251017,13.38,13.43,13.04,13.06,13.32,-0.26,-1.952,90661.0,119837.152
000678.SZ,20251016,13.52,13.62,13.3,13.32,13.65,-0.33,-2.4176,101385.54,136151.313
000678.SZ,20251015,13.35,13.65,13.19,13.65,13.35,0.3,2.2472,132648.23,178791.315
000678.SZ,20251014,13.46,13.77,13.3,13.35,13.45,-0.1,-0.7435,118332.47,159831.625
000678.SZ,20251013,13.0,13.5,12.7,13.45,13.59,-0.14,-1.0302,130180.2,172280.58
000678.SZ,20251010,13.72,13.84,13.58,13.59,13.71,-0.12,-0.8753,116952.0,159978.454
000678.SZ,20251009,13.45,13.74,13.37,13.71,13.39,0.32,2.3898,154071.42,210109.558
000678.SZ,20250930,13.35,13.5,13.35,13.39,13.35,0.04,0.2996,95774.9,128462.912
000678.SZ,20250929,13.5,13.65,13.25,13.35,13.65,-0.3,-2.1978,151912.02,203149.366
000678.SZ,20250926,13.66,13.88,13.56,13.65,13.76,-0.11,-0.7994,102693.24,141216.306
000678.SZ,20250925,13.8,14.09,13.71,13.76,13.89,-0.13,-0.9359,111893.31,155244.26
000678.SZ,20250924,13.84,13.93,13.55,13.89,13.87,0.02,0.1442,136788.92,187802.057
000678.SZ,20250923,14.5,14.57,13.57,13.87,14.5,-0.63,-4.3448,177702.58,247826.043
000678.SZ,20250922,14.53,14.75,14.48,14.5,14.56,-0.06,-0.4121,107102.76,156098.008
000678.SZ,20250919,14.9,14.91,14.52,14.56,15.06,-0.5,-3.3201,214024.0,313012.414
000678.SZ,20250918,15.16,15.55,15.0,15.06,15.17,-0.11,-0.7251,239779.54,365004.893
000678.SZ,20250917,15.25,15.36,15.12,15.17,15.38,-0.21,-1.3654,198384.3,301849.066
000678.SZ,20250916,15.1,15.58,14.98,15.38,15.03,0.35,2.3287,292121.22,446594.689
000678.SZ,20250915,14.91,15.25,14.88,15.03,14.99,0.04,0.2668,129152.5,194662.785
000678.SZ,20250912,15.11,15.15,14.98,14.99,15.08,-0.09,-0.5968,141202.62,212564.15
000678.SZ,20250911,14.91,15.08,14.8,15.08,14.99,0.09,0.6004,149164.9,223189.055
000678.SZ,20250910,15.09,15.15,14.95,14.99,15.09,-0.1,-0.6627,103191.83,154941.508
000678.SZ,20250909,15.23,15.27,15.06,15.09,15.32,-0.23,-1.5013,133693.0,202029.924
000678.SZ,20250908,15.1,15.43,15.0,15.32,15.21,0.11,0.7232,159599.79,244402.037
000678.SZ,20250905,15.03,15.29,14.8,15.21,14.98,0.23,1.5354,151070.5,227564.923
000678.SZ,20250904,15.06,15.29,14.7,14.98,15.14,-0.16,-1.0568,179258.28,269961.718
000678.SZ,20250903,15.95,15.96,15.1,15.14,15.95,-0.81,-5.0784,264548.76,407914.78
000678.SZ,20250902,15.4,16.25,14.98,15.95,15.39,0.56,3.6387,505153.54,791685.776
000678.SZ,20250901,15.3,15.4,15.14,15.39,15.3,0.09,0.5882,153432.0,234454.282
000678.SZ,20250829,15.48,15.53,15.26,15.3,15.48,-0.18,-1.1628,175281.82,269189.689
000678.SZ,20250828,15.55,15.7,15.0,15.48,15.55,-0.07,-0.4502,304982.51,467435.721
000678.SZ,20250827,16.19,16.22,15.55,15.55,16.2,-0.65,-4.0123,415461.34,661152.587
000678.SZ,20250826,16.36,16.36,16.02,16.2,16.35,-0.15,-0.9174,242675.64,392434.541
000678.SZ,20250825,16.27,16.71,16.16,16.35,16.26,0.09,0.5535,361037.64,591206.753
000678.SZ,20250822,16.16,16.3,15.98,16.26,16.21,0.05,0.3085,295134.83,475976.844
000678.SZ,20250821,16.7,16.7,16.13,16.21,16.68,-0.47,-2.8177,411232.8,672000.524
000678.SZ,20250820,16.3,16.95,16.18,16.68,16.46,0.22,1.3366,558641.64,933133.11
000678.SZ,20250819,16.21,16.79,15.91,16.46,16.2,0.26,1.6049,602577.33,989500.82
000678.SZ,20250818,15.93,16.34,15.9,16.2,15.93,0.27,1.6949,364876.57,589053.791
000678.SZ,20250815,15.83,15.98,15.77,15.93,15.83,0.1,0.6317,214473.0,341358.29
000678.SZ,20250814,16.16,16.17,15.7,15.83,16.27,-0.44,-2.7044,359827.01,573317.843
000678.SZ,20250813,16.13,16.38,15.97,16.27,16.12,0.15,0.9305,362138.15,585025.36
000678.SZ,20250812,16.12,16.24,15.92,16.12,16.13,-0.01,-0.062,253265.57,407022.517
000678.SZ,20250811,16.02,16.25,15.97,16.13,16.18,-0.05,-0.309,262836.03,424187.336
000678.SZ,20250808,16.28,16.7,16.1,16.18,16.41,-0.23,-1.4016,339226.04,554351.872
000678.SZ,20250807,16.46,16.68,16.3,16.41,16.75,-0.34,-2.0299,430653.22,708192.449
000678.SZ,20250806,16.2,17.5,16.09,16.75,16.19,0.56,3.4589,748215.3,1259308.777
000678.SZ,20250805,16.38,16.45,16.12,16.19,16.35,-0.16,-0.9786,327984.85,532893.215
000678.SZ,20250804,15.55,16.43,15.42,16.35,15.72,0.63,4.0076,425707.77,685076.167
000678.SZ,20250801,15.58,15.83,15.3,15.72,15.54,0.18,1.1583,255848.29,399165.602
000678.SZ,20250731,15.5,15.7,15.42,15.54,15.6,-0.06,-0.3846,186908.84,291596.307
000678.SZ,20250730,16.07,16.07,15.6,15.6,16.11,-0.51,-3.1657,318055.46,499979.353
000678.SZ,20250729,16.33,16.33,16.01,16.11,16.32,-0.21,-1.2868,261358.95,421180.77
000678.SZ,20250728,16.29,16.61,16.2,16.32,16.28,0.04,0.2457,322198.11,527550.838
000678.SZ,20250725,16.12,16.38,16.06,16.28,16.22,0.06,0.3699,308498.0,499425.719
000678.SZ,20250724,16.07,16.35,16.01,16.22,16.15,0.07,0.4334,295563.72,478012.831
000678.SZ,20250723,16.77,16.77,16.05,16.15,16.93,-0.78,-4.6072,587701.46,955558.521
000678.SZ,20250722,17.12,17.82,16.89,16.93,17.45,-0.52,-2.9799,806228.01,1388733.293
000678.SZ,20250721,16.81,17.98,16.6,17.45,16.61,0.84,5.0572,1047261.85,1811423.48
000678.SZ,20250718,17.01,17.09,16.59,16.61,16.99,-0.38,-2.2366,588230.01,987793.671
000678.SZ,20250717,16.88,17.5,16.47,16.99,17.06,-0.07,-0.4103,911210.06,1551212.209
000678.SZ,20250716,16.48,17.21,16.08,17.06,16.55,0.51,3.0816,1033635.62,1727696.022
000678.SZ,20250715,16.83,17.38,16.43,16.55,16.72,-0.17,-1.0167,1325808.38,2248870.952
000678.SZ,20250714,15.2,16.72,15.13,16.72,15.2,1.52,10.0,1271554.22,2075732.977
000678.SZ,20250711,15.04,15.36,14.9,15.2,15.18,0.02,0.1318,277120.23,419195.398
000678.SZ,20250710,15.02,15.56,14.91,15.18,15.37,-0.19,-1.2362,294871.0,447114.899
000678.SZ,20250709,15.36,16.12,15.2,15.37,15.4,-0.03,-0.1948,516313.32,809284.38
000678.SZ,20250708,15.03,15.75,14.9,15.4,15.05,0.35,2.3256,468230.98,717871.067
000678.SZ,20250707,14.85,15.1,14.61,15.05,14.91,0.14,0.939,225833.81,336302.773
000678.SZ,20250704,15.1,15.15,14.9,14.91,15.17,-0.26,-1.7139,217016.42,324332.868
000678.SZ,20250703,15.02,15.22,14.97,15.17,15.11,0.06,0.3971,195719.0,295392.5
000678.SZ,20250702,15.39,15.39,15.05,15.11,15.41,-0.3,-1.9468,273028.99,413769.081
000678.SZ,20250701,15.29,15.67,15.2,15.41,15.32,0.09,0.5875,336109.42,516442.635
000678.SZ,20250630,15.09,15.45,14.97,15.32,15.08,0.24,1.5915,345831.13,528371.258
000678.SZ,20250627,15.27,15.4,14.85,15.08,15.27,-0.19,-1.2443,387626.0,584450.899
000678.SZ,20250626,15.5,15.92,15.23,15.27,15.52,-0.25,-1.6108,542197.03,843206.035
000678.SZ,20250625,15.2,15.93,15.2,15.52,15.97,-0.45,-2.8178,660751.63,1026694.901
000678.SZ,20250624,15.57,16.41,15.57,15.97,15.52,0.45,2.8995,617576.09,989051.578
000678.SZ,20250623,14.88,15.72,14.82,15.52,15.35,0.17,1.1075,406974.66,624860.575
000678.SZ,20250620,16.0,16.34,15.0,15.35,16.41,-1.06,-6.4595,653844.86,1015310.328
000678.SZ,20250619,16.65,17.36,16.01,16.41,16.81,-0.4,-2.3795,645749.97,1080410.648
000678.SZ,20250618,17.0,17.39,16.55,16.81,17.2,-0.39,-2.2674,700778.23,1184964.981
000678.SZ,20250617,16.3,17.58,16.21,17.2,16.46,0.74,4.4957,998389.69,1689943.904
000678.SZ,20250616,15.65,16.95,15.32,16.46,16.07,0.39,2.4269,723727.25,1178863.751
000678.SZ,20250613,15.51,16.8,15.51,16.07,15.83,0.24,1.5161,841649.17,1366665.407
000678.SZ,20250612,16.1,16.48,15.72,15.83,16.74,-0.91,-5.4361,886554.81,1418134.45
000678.SZ,20250611,15.22,16.94,15.16,16.74,15.4,1.34,8.7013,1275026.53,2062250.572
000678.SZ,20250610,15.15,15.88,14.43,15.4,15.0,0.4,2.6667,703436.58,1062318.635
000678.SZ,20250609,14.56,15.36,14.56,15.0,14.71,0.29,1.9714,450564.1,679850.007
000678.SZ,20250606,15.31,15.31,14.66,14.71,15.3,-0.59,-3.8562,452615.05,669790.148
000678.SZ,20250605,15.07,15.6,14.72,15.3,15.0,0.3,2.0,565733.12,862847.026
000678.SZ,20250604,15.14,15.3,14.85,15.0,15.21,-0.21,-1.3807,457818.9,686604.817
000678.SZ,20250603,15.11,15.8,15.11,15.21,15.6,-0.39,-2.5,491727.14,752997.562
000678.SZ,20250530,16.67,16.67,15.5,15.6,17.04,-1.44,-8.4507,735366.8,1179616.712
000678.SZ,20250529,16.8,17.79,16.52,17.04,17.48,-0.44,-2.5172,1099457.14,1870767.219
000678.SZ,20250528,15.81,17.6,15.8,17.48,16.0,1.48,9.25,1398186.64,2373084.775
000678.SZ,20250527,15.83,16.21,15.28,16.0,15.83,0.17,1.0739,713150.94,1124524.149
000678.SZ,20250526,16.1,16.18,15.61,15.83,16.0,-0.17,-1.0625,529135.65,834539.065
000678.SZ,20250523,16.37,16.88,15.59,16.0,16.28,-0.28,-1.7199,808167.24,1304195.088
000678.SZ,20250522,15.65,16.95,15.61,16.28,15.89,0.39,2.4544,944020.77,1547219.615
000678.SZ,20250521,16.23,16.97,15.8,15.89,17.1,-1.21,-7.076,954237.4,1541888.243
000678.SZ,20250520,16.88,18.19,16.88,17.1,17.12,-0.02,-0.1168,916019.67,1598890.748
000678.SZ,20250519,17.9,18.7,16.89,17.12,18.16,-1.04,-5.7269,999524.5,1760985.106
000678.SZ,20250516,17.08,19.2,16.83,18.16,18.04,0.12,0.6652,1332252.58,2429274.619
000678.SZ,20250515,18.0,19.63,16.34,18.04,18.15,-0.11,-0.6061,1637803.56,2883575.495
000678.SZ,20250514,15.75,18.15,15.75,18.15,16.5,1.65,10.0,1131365.88,1969871.652
000678.SZ,20250513,17.2,18.2,15.96,16.5,16.82,-0.32,-1.9025,1598199.97,2760873.595
000678.SZ,20250512,15.15,16.82,14.38,16.82,15.29,1.53,10.0065,1148817.94,1829165.268
000678.SZ,20250509,14.19,15.76,14.11,15.29,14.61,0.68,4.6543,1256131.19,1890070.504
000678.SZ,20250508,14.0,15.14,14.0,14.61,13.9,0.71,5.1079,1376868.21,2003766.228
000678.SZ,20250507,12.92,13.9,12.43,13.9,12.64,1.26,9.9684,934171.49,1224807.759
000678.SZ,20250506,12.36,12.78,12.36,12.64,12.15,0.49,4.0329,813365.04,1021450.665
000678.SZ,20250430,11.65,12.48,11.36,12.15,11.37,0.78,6.8602,838200.05,996051.06
000678.SZ,20250429,11.0,11.6,10.65,11.37,11.07,0.3,2.71,602120.66,678570.655
000678.SZ,20250428,11.45,11.65,11.0,11.07,11.86,-0.79,-6.661,636242.66,713802.359
000678.SZ,20250425,12.18,12.49,11.66,11.86,12.4,-0.54,-4.3548,876311.01,1047406.388
000678.SZ,20250424,12.77,13.02,12.31,12.4,11.84,0.56,4.7297,1434226.23,1810488.336
000678.SZ,20250423,10.95,11.84,10.95,11.84,10.76,1.08,10.0372,306279.0,356935.294
000678.SZ,20250422,11.32,11.48,10.76,10.76,11.32,-0.56,-4.947,436763.53,478915.859
000678.SZ,20250421,11.12,11.32,10.86,11.32,11.12,0.2,1.7986,444245.01,493532.255
000678.SZ,20250418,11.08,11.32,10.92,11.12,11.05,0.07,0.6335,366280.05,408123.22
000678.SZ,20250417,11.15,11.55,11.04,11.05,11.32,-0.27,-2.3852,412912.43,464483.724
000678.SZ,20250416,11.66,11.93,11.21,11.32,11.9,-0.58,-4.8739,466432.6,537510.512
000678.SZ,20250415,11.75,12.24,11.32,11.9,11.86,0.04,0.3373,730852.26,860848.709
000678.SZ,20250414,11.78,12.16,11.61,11.86,11.79,0.07,0.5937,657711.63,778419.096
000678.SZ,20250411,11.3,12.17,11.22,11.79,11.37,0.42,3.6939,821569.74,967318.088
000678.SZ,20250410,11.4,12.0,11.17,11.37,11.47,-0.1,-0.8718,995829.46,1157755.657
000678.SZ,20250409,10.11,11.51,9.7,11.47,10.46,1.01,9.6558,914391.23,995717.608
000678.SZ,20250408,10.4,10.55,9.86,10.46,10.24,0.22,2.1484,609038.38,625131.353
000678.SZ,20250407,10.66,10.86,10.24,10.24,11.38,-1.14,-10.0176,485812.44,510518.811
000678.SZ,20250403,11.76,11.99,10.99,11.38,11.95,-0.57,-4.7699,631788.97,722309.274
000678.SZ,20250402,12.07,12.16,11.75,11.95,11.89,0.06,0.5046,497837.44,595399.914
000678.SZ,20250401,12.01,12.22,11.81,11.89,12.11,-0.22,-1.8167,611143.43,735607.328
000678.SZ,20250331,12.04,12.15,11.39,12.11,11.9,0.21,1.7647,720003.74,848940.392
000678.SZ,20250328,12.44,12.62,11.74,11.9,12.44,-0.54,-4.3408,886608.6,1072385.987
000678.SZ,20250327,13.13,13.54,12.38,12.44,13.14,-0.7,-5.3272,1027941.12,1332740.174
000678.SZ,20250326,12.92,13.8,12.86,13.14,13.8,-0.66,-4.7826,1125165.94,1495941.311
000678.SZ,20250325,13.78,15.31,13.78,13.8,15.31,-1.51,-9.8628,1593956.8,2256149.257
000678.SZ,20250324,15.31,15.31,15.31,15.31,17.01,-1.7,-9.9941,70839.0,108454.509
000678.SZ,20250321,18.87,18.9,17.01,17.01,18.9,-1.89,-10.0,1009594.8,1771710.431
000678.SZ,20250320,17.5,18.9,17.28,18.9,17.18,1.72,10.0116,1056185.35,1959762.809
000678.SZ,20250319,15.55,17.18,15.5,17.18,15.62,1.56,9.9872,1001042.93,1654530.08
000678.SZ,20250318,14.4,15.62,14.2,15.62,14.2,1.42,10.0,1617669.74,2478305.155
000678.SZ,20250317,13.08,14.2,12.27,14.2,12.91,1.29,9.9923,1031438.6,1409127.713
000678.SZ,20250314,12.49,14.5,12.46,12.91,13.84,-0.93,-6.7197,1495964.41,1962057.731
000678.SZ,20250313,12.93,13.84,12.85,13.84,12.58,1.26,10.0159,1634933.63,2219708.657
000678.SZ,20250312,11.94,12.58,11.2,12.58,11.44,1.14,9.965,833535.16,1009532.143
000678.SZ,20250311,10.52,11.44,10.52,11.44,10.4,1.04,10.0,1147058.98,1268261.766
000678.SZ,20250310,9.2,10.4,9.12,10.4,9.45,0.95,10.0529,853869.51,850131.981
000678.SZ,20250307,8.95,10.11,8.65,9.45,9.19,0.26,2.8292,1035794.72,968425.156
000678.SZ,20250306,8.67,9.5,8.51,9.19,8.89,0.3,3.3746,982206.86,890135.359
000678.SZ,20250305,8.7,9.54,8.57,8.89,8.67,0.22,2.5375,1264992.96,1145514.986
000678.SZ,20250304,7.43,8.67,7.43,8.67,7.88,0.79,10.0254,808067.57,669945.524
000678.SZ,20250303,8.6,8.77,7.82,7.88,8.69,-0.81,-9.3211,935453.91,762258.812
000678.SZ,20250228,7.85,8.69,7.55,8.69,7.9,0.79,10.0,571765.86,481299.058
000678.SZ,20250227,7.45,8.1,7.45,7.9,7.6,0.3,3.9474,566700.42,445537.714
000678.SZ,20250226,7.3,8.1,7.28,7.6,7.36,0.24,3.2609,551575.42,423374.039
000678.SZ,20250225,7.01,7.43,6.95,7.36,7.19,0.17,2.3644,370186.13,267601.382
000678.SZ,20250224,7.35,7.38,7.08,7.19,7.45,-0.26,-3.4899,388936.0,280466.069
000678.SZ,20250221,7.5,7.61,7.33,7.45,7.63,-0.18,-2.3591,503734.81,373596.745
000678.SZ,20250220,7.28,7.83,7.13,7.63,7.32,0.31,4.235,676220.81,506457.37
000678.SZ,20250219,7.0,7.76,6.91,7.32,7.05,0.27,3.8298,725687.02,533335.751
000678.SZ,20250218,6.75,7.1,6.67,7.05,6.81,0.24,3.5242,407990.3,281403.427
000678.SZ,20250217,6.57,6.81,6.57,6.81,6.58,0.23,3.4954,176506.23,118551.192
000678.SZ,20250214,6.68,6.74,6.52,6.58,6.67,-0.09,-1.3493,123582.23,81800.382
000678.SZ,20250213,6.85,6.88,6.66,6.67,6.84,-0.17,-2.4854,148375.0,99992.805
000678.SZ,20250212,6.75,6.87,6.71,6.84,6.79,0.05,0.7364,181567.06,123613.069
000678.SZ,20250211,6.92,6.94,6.74,6.79,6.92,-0.13,-1.8786,182949.0,124694.374
000678.SZ,20250210,6.83,6.97,6.77,6.92,6.83,0.09,1.3177,258610.0,177329.429
000678.SZ,20250207,6.79,6.93,6.7,6.83,6.84,-0.01,-0.1462,387765.0,263897.228
000678.SZ,20250206,6.5,6.85,6.46,6.84,6.44,0.4,6.2112,451437.13,302050.556
000678.SZ,20250205,6.2,6.73,6.19,6.44,6.12,0.32,5.2288,383954.85,251363.289
000678.SZ,20250127,6.47,6.49,6.11,6.12,6.49,-0.37,-5.7011,207621.0,129330.248
000678.SZ,20250124,6.24,6.55,6.18,6.49,6.41,0.08,1.248,375026.98,238707.152
000678.SZ,20250123,6.27,6.79,6.21,6.41,6.17,0.24,3.8898,472933.29,311520.043
000678.SZ,20250122,6.28,6.42,6.17,6.17,6.4,-0.23,-3.5938,145615.93,91170.96
000678.SZ,20250121,6.37,6.45,6.2,6.4,6.28,0.12,1.9108,192999.99,122734.405
000678.SZ,20250120,6.26,6.4,6.11,6.28,6.2,0.08,1.2903,152134.0,95038.477
000678.SZ,20250117,6.28,6.44,6.15,6.2,6.32,-0.12,-1.8987,142577.0,89612.333
000678.SZ,20250116,6.3,6.46,6.25,6.32,6.29,0.03,0.4769,156010.0,99078.454
000678.SZ,20250115,6.27,6.37,6.21,6.29,6.25,0.04,0.64,205349.35,129212.177
000678.SZ,20250114,5.85,6.26,5.82,6.25,5.85,0.4,6.8376,289520.84,176735.672
000678.SZ,20250113,5.66,6.1,5.51,5.85,5.78,0.07,1.2111,195752.0,113903.647
000678.SZ,20250110,5.97,6.42,5.74,5.78,5.88,-0.1,-1.7007,256910.8,154627.008
000678.SZ,20250109,5.86,5.98,5.82,5.88,5.91,-0.03,-0.5076,161236.0,95216.399
300585.SZ,20260702,16.82,17.63,16.57,16.62,16.81,-0.19,-1.1303,63057.0,107996.413
300585.SZ,20260701,16.35,17.23,15.9,16.81,16.33,0.48,2.9394,88037.54,147015.98132
300585.SZ,20260630,15.66,17.12,15.25,16.33,15.4,0.93,6.039,100248.0,163205.824
300585.SZ,20260629,16.1,16.34,15.13,15.4,16.14,-0.74,-4.5849,46118.0,71314.051
300585.SZ,20260626,16.25,16.43,15.6,16.14,16.13,0.01,0.062,56155.0,89627.197
300585.SZ,20260625,16.7,16.7,15.9,16.13,16.7,-0.57,-3.4132,53255.0,86058.776
300585.SZ,20260624,17.3,17.39,16.39,16.7,17.29,-0.59,-3.4124,59153.0,99418.328
300585.SZ,20260623,17.71,17.9,17.12,17.29,17.7,-0.41,-2.3164,55430.0,97009.698
300585.SZ,20260622,17.9,18.11,16.77,17.7,17.92,-0.22,-1.2277,60013.43,104218.46295
300585.SZ,20260618,17.89,18.36,17.51,17.92,17.9,0.02,0.1117,49604.0,89117.418
300585.SZ,20260617,18.21,18.37,17.87,17.9,18.2,-0.3,-1.6484,33661.0,60741.897
300585.SZ,20260616,17.77,18.49,17.61,18.2,17.93,0.27,1.5059,49794.02,90372.79858
300585.SZ,20260615,17.86,18.1,17.56,17.93,17.67,0.26,1.4714,35177.0,62623.006
300585.SZ,20260612,18.18,19.11,17.45,17.67,17.93,-0.26,-1.4501,58442.07,105548.97857
300585.SZ,20260611,17.8,18.28,17.44,17.93,17.91,0.02,0.1117,45541.0,81641.553
300585.SZ,20260610,18.41,18.56,17.5,17.91,18.56,-0.65,-3.5022,51866.0,93007.437
300585.SZ,20260609,18.86,19.38,18.21,18.56,18.88,-0.32,-1.6949,62291.0,116183.694
300585.SZ,20260608,18.2,19.19,17.84,18.88,19.05,-0.17,-0.8924,87751.0,163693.452
300585.SZ,20260605,18.46,19.37,18.02,19.05,18.24,0.81,4.4408,104794.0,196969.251
300585.SZ,20260604,18.22,18.61,17.9,18.24,18.22,0.02,0.1098,47066.0,85943.367
300585.SZ,20260603,18.2,18.8,17.91,18.22,18.15,0.07,0.3857,51626.0,94462.391
300585.SZ,20260602,18.45,18.5,17.31,18.15,18.27,-0.12,-0.6568,57776.0,103328.915
300585.SZ,20260601,18.19,19.18,18.15,18.27,18.39,-0.12,-0.6525,77152.0,143408.369
300585.SZ,20260529,20.12,20.24,18.18,18.39,20.15,-1.76,-8.7345,89641.7,168618.514
300585.SZ,20260528,19.22,20.52,18.68,20.15,19.17,0.98,5.1122,99933.0,194882.185
300585.SZ,20260527,19.38,19.72,18.9,19.17,19.43,-0.26,-1.3381,61886.0,119022.193
300585.SZ,20260526,20.32,20.32,19.17,19.43,20.32,-0.89,-4.3799,85895.0,167946.466
300585.SZ,20260525,20.65,20.69,19.57,20.32,20.79,-0.47,-2.2607,136109.0,274334.328
300585.SZ,20260522,22.36,22.44,20.61,20.79,22.14,-1.35,-6.0976,145382.0,306015.241
300585.SZ,20260521,22.85,23.33,22.03,22.14,22.91,-0.77,-3.361,106080.0,240238.238
300585.SZ,20260520,22.7,23.41,22.6,22.91,22.9,0.01,0.0437,85980.0,198016.857
300585.SZ,20260519,23.76,23.76,22.47,22.9,23.29,-0.39,-1.6745,90500.0,207709.322
300585.SZ,20260518,22.13,23.61,21.84,23.29,22.27,1.02,4.5802,107139.0,245222.999
300585.SZ,20260515,22.47,22.9,21.96,22.27,22.18,0.09,0.4058,88622.0,197879.945
300585.SZ,20260514,21.85,22.9,21.77,22.18,21.84,0.34,1.5568,113997.0,256190.768
300585.SZ,20260513,21.51,22.1,21.17,21.84,21.68,0.16,0.738,82281.96,178361.218
300585.SZ,20260512,21.16,22.28,20.98,21.68,21.16,0.52,2.4575,141492.02,306956.356
300585.SZ,20260511,21.56,21.8,20.54,21.16,21.7,-0.54,-2.4885,107853.02,225893.27
300585.SZ,20260508,21.8,22.16,21.12,21.7,21.77,-0.07,-0.3215,98372.0,213230.353
300585.SZ,20260507,19.96,21.96,19.68,21.77,19.77,2.0,10.1163,166993.0,348576.251
300585.SZ,20260506,19.83,20.3,19.67,19.77,19.51,0.26,1.3326,104739.0,208427.892
300585.SZ,20260430,20.15,21.6,18.96,19.51,20.15,-0.64,-3.1762,124647.0,244184.158
300585.SZ,20260429,19.86,20.34,19.7,20.15,19.85,0.3,1.5113,105884.0,212415.347
300585.SZ,20260428,18.91,20.4,18.9,19.85,19.1,0.75,3.9267,171549.0,339119.737
300585.SZ,20260427,18.88,19.47,18.7,19.1,18.93,0.17,0.898,83650.0,160399.682
300585.SZ,20260424,19.15,19.89,18.68,18.93,19.09,-0.16,-0.8381,85639.0,163415.974
300585.SZ,20260423,18.89,19.14,18.55,19.09,18.91,0.18,0.9519,78832.0,148579.858
300585.SZ,20260422,18.36,19.11,18.17,18.91,18.36,0.55,2.9956,106975.0,200315.631
300585.SZ,20260421,18.13,18.58,18.12,18.36,18.22,0.14,0.7684,72425.0,132897.322
300585.SZ,20260420,18.17,18.68,18.06,18.22,18.18,0.04,0.22,73039.0,133659.862
300585.SZ,20260417,17.49,18.57,17.2,18.18,17.6,0.58,3.2955,96902.0,173435.8
300585.SZ,20260416,17.72,17.95,17.2,17.6,17.68,-0.08,-0.4525,84594.0,148110.188
300585.SZ,20260415,18.3,18.35,17.6,17.68,18.36,-0.68,-3.7037,127329.02,228882.929
300585.SZ,20260414,17.18,18.46,17.0,18.36,17.03,1.33,7.8097,213681.78,384853.219
300585.SZ,20260413,16.03,17.4,15.99,17.03,16.08,0.95,5.908,136070.0,229084.004
300585.SZ,20260410,16.06,16.54,15.93,16.08,16.01,0.07,0.4372,55854.0,90807.633
300585.SZ,20260409,15.85,16.29,15.53,16.01,15.95,0.06,0.3762,77112.0,122730.887
300585.SZ,20260408,15.74,15.98,15.67,15.95,15.38,0.57,3.7061,34941.0,55477.46
300585.SZ,20260407,15.5,15.63,15.27,15.38,15.51,-0.13,-0.8382,34867.0,53768.076
300585.SZ,20260403,16.17,16.26,15.47,15.51,16.12,-0.61,-3.7841,39628.24,62355.662
300585.SZ,20260402,16.26,16.48,16.0,16.12,16.32,-0.2,-1.2255,43902.0,71206.075
300585.SZ,20260401,16.25,16.57,16.06,16.32,15.95,0.37,2.3197,59363.0,96413.223
300585.SZ,20260331,16.67,16.72,15.9,15.95,16.5,-0.55,-3.3333,86067.0,140094.594
300585.SZ,20260330,14.81,16.67,14.8,16.5,15.18,1.32,8.6957,127057.0,203767.918
300585.SZ,20260327,14.54,15.18,14.53,15.18,14.74,0.44,2.9851,38057.0,56704.467
300585.SZ,20260326,15.11,15.21,14.6,14.74,15.03,-0.29,-1.9295,35667.4,52978.1
300585.SZ,20260325,14.87,15.15,14.87,15.03,14.83,0.2,1.3486,38891.0,58411.917
300585.SZ,20260324,14.58,14.88,14.27,14.83,14.27,0.56,3.9243,38233.0,55791.418
300585.SZ,20260323,15.26,15.28,14.11,14.27,15.3,-1.03,-6.732,57230.0,83967.704
300585.SZ,20260320,15.95,16.13,15.29,15.3,15.93,-0.63,-3.9548,39961.0,62373.292
300585.SZ,20260319,16.17,16.44,15.86,15.93,16.39,-0.46,-2.8066,31364.0,50471.146
300585.SZ,20260318,16.21,16.47,16.05,16.39,16.14,0.25,1.5489,31389.0,51156.569
300585.SZ,20260317,16.72,16.88,16.11,16.14,16.67,-0.53,-3.1794,40935.0,67348.812
300585.SZ,20260316,16.36,16.75,16.23,16.67,16.44,0.23,1.399,40532.0,67259.155
300585.SZ,20260313,16.53,16.89,16.42,16.44,16.49,-0.05,-0.3032,37922.0,63117.047
300585.SZ,20260312,16.71,16.99,16.45,16.49,16.79,-0.3,-1.7868,45419.0,75644.058
300585.SZ,20260311,16.45,17.21,16.45,16.79,16.47,0.32,1.9429,77096.0,130080.852
300585.SZ,20260310,16.02,16.69,15.92,16.47,15.84,0.63,3.9773,72442.0,118239.251
300585.SZ,20260309,15.65,15.92,15.25,15.84,15.86,-0.02,-0.1261,47075.0,73444.658
300585.SZ,20260306,15.57,15.93,15.57,15.86,15.66,0.2,1.2771,43179.0,68224.602
300585.SZ,20260305,15.88,16.03,15.59,15.66,15.6,0.06,0.3846,48522.0,76635.288
300585.SZ,20260304,15.5,15.73,15.32,15.6,15.56,0.04,0.2571,47130.0,73181.474
300585.SZ,20260303,16.16,16.34,15.48,15.56,16.16,-0.6,-3.7129,54356.0,86367.506
300585.SZ,20260302,16.69,16.72,15.98,16.16,16.91,-0.75,-4.4352,75433.0,122501.851
300585.SZ,20260227,16.84,16.91,16.59,16.91,16.91,0.0,0.0,64343.0,107851.486
300585.SZ,20260226,17.09,17.09,16.67,16.91,16.88,0.03,0.1777,49316.0,82958.805
300585.SZ,20260225,16.72,17.37,16.6,16.88,16.59,0.29,1.748,96088.0,163130.234
300585.SZ,20260224,17.86,17.98,15.81,16.59,18.2,-1.61,-8.8462,156792.0,258175.71
300585.SZ,20260213,17.66,18.49,17.56,18.2,17.65,0.55,3.1161,75020.38,137154.386
300585.SZ,20260212,17.68,17.96,17.53,17.65,17.6,0.05,0.2841,43004.0,76333.849
300585.SZ,20260211,17.92,18.02,17.58,17.6,17.85,-0.25,-1.4006,36610.0,65090.049
300585.SZ,20260210,18.2,18.25,17.8,17.85,18.19,-0.34,-1.8692,46071.0,82646.446
300585.SZ,20260209,18.0,18.38,17.62,18.19,17.37,0.82,4.7208,80683.0,145846.008
300585.SZ,20260206,17.07,17.52,16.93,17.37,17.05,0.32,1.8768,39283.0,68152.127
300585.SZ,20260205,17.26,17.35,17.03,17.05,17.36,-0.31,-1.7857,27431.0,47065.465
300585.SZ,20260204,17.22,17.5,17.1,17.36,17.22,0.14,0.813,37312.0,64639.79
300585.SZ,20260203,16.99,17.23,16.88,17.22,16.87,0.35,2.0747,31105.67,53195.027
300585.SZ,20260202,16.91,17.26,16.81,16.87,17.47,-0.6,-3.4345,52976.0,90276.885
300585.SZ,20260130,17.12,17.58,16.89,17.47,17.17,0.3,1.7472,48303.0,83350.87
300585.SZ,20260129,17.74,17.74,17.11,17.17,17.74,-0.57,-3.2131,59185.0,102824.144
300585.SZ,20260128,18.26,18.26,17.7,17.74,18.26,-0.52,-2.8478,50890.0,90882.636
300585.SZ,20260127,18.07,18.4,17.57,18.26,18.13,0.13,0.717,65191.0,117761.859
300585.SZ,20260126,18.99,19.13,18.03,18.13,18.99,-0.86,-4.5287,87004.83,159815.444
300585.SZ,20260123,18.08,19.15,18.03,18.99,18.07,0.92,5.0913,125956.0,236531.096
300585.SZ,20260122,17.88,18.08,17.83,18.07,17.87,0.2,1.1192,39016.0,69995.015
300585.SZ,20260121,17.8,18.06,17.55,17.87,18.06,-0.19,-1.052,64513.0,115413.996
300585.SZ,20260120,18.32,18.6,17.95,18.06,18.32,-0.26,-1.4192,70018.0,127539.022
300585.SZ,20260119,18.4,18.5,18.21,18.32,18.45,-0.13,-0.7046,50887.83,93450.324
300585.SZ,20260116,18.4,18.56,18.16,18.45,18.41,0.04,0.2173,63664.01,116782.12
300585.SZ,20260115,18.3,18.62,18.2,18.41,18.4,0.01,0.0543,51802.0,95107.485
300585.SZ,20260114,18.6,18.85,18.1,18.4,18.61,-0.21,-1.1284,88581.0,163928.585
300585.SZ,20260113,19.2,19.33,18.54,18.61,19.23,-0.62,-3.2241,89531.0,168613.396
300585.SZ,20260112,19.46,20.49,19.13,19.23,19.39,-0.16,-0.8252,137042.0,266743.139
300585.SZ,20260109,19.18,19.68,19.07,19.39,19.25,0.14,0.7273,114241.0,221066.91
300585.SZ,20260108,18.37,19.65,18.25,19.25,18.45,0.8,4.336,152905.97,292188.365
300585.SZ,20260107,18.99,18.99,18.32,18.45,19.12,-0.67,-3.5042,141923.0,263299.381
300585.SZ,20260106,17.49,20.67,17.46,19.12,17.57,1.55,8.8219,273254.0,518082.138
300585.SZ,20260105,17.84,18.0,17.42,17.57,17.79,-0.22,-1.2366,126178.0,221176.049
300585.SZ,20251231,18.3,18.98,17.75,17.79,18.25,-0.46,-2.5205,164353.97,300130.274
300585.SZ,20251230,19.0,19.17,17.98,18.25,19.91,-1.66,-8.3375,215972.0,395475.703
300585.SZ,20251229,21.0,21.0,19.45,19.91,22.68,-2.77,-12.2134,272571.83,544505.315
300585.SZ,20251219,20.51,22.94,20.51,22.68,20.81,1.87,8.9861,197734.41,438678.345
300585.SZ,20251218,20.67,21.4,20.32,20.81,20.74,0.07,0.3375,84959.41,177597.199
300585.SZ,20251217,21.0,21.27,20.17,20.74,20.96,-0.22,-1.0496,78879.41,162169.015
300585.SZ,20251216,21.41,21.66,20.8,20.96,21.55,-0.59,-2.7378,94159.0,199775.336
300585.SZ,20251215,20.91,22.19,20.18,21.55,21.1,0.45,2.1327,160341.01,342094.269
300585.SZ,20251212,20.45,21.58,20.32,21.1,20.45,0.65,3.1785,131639.0,277754.904
300585.SZ,20251211,20.44,20.98,20.3,20.45,20.44,0.01,0.0489,83354.0,171803.447
300585.SZ,20251210,20.58,20.8,20.22,20.44,20.58,-0.14,-0.6803,69719.0,142587.112
300585.SZ,20251209,20.3,20.95,20.02,20.58,20.25,0.33,1.6296,87683.0,179951.443
300585.SZ,20251208,20.99,21.15,19.82,20.25,20.65,-0.4,-1.937,108060.0,219632.517
300585.SZ,20251205,20.0,20.88,19.43,20.65,19.95,0.7,3.5088,96602.0,195993.855
300585.SZ,20251204,19.71,20.52,19.65,19.95,19.75,0.2,1.0127,87182.88,175213.445
300585.SZ,20251203,19.8,20.19,19.32,19.75,19.56,0.19,0.9714,76782.0,152083.583
300585.SZ,20251202,19.71,19.87,19.24,19.56,19.77,-0.21,-1.0622,64671.49,125993.19
300585.SZ,20251201,19.24,20.09,18.85,19.77,19.24,0.53,2.7547,92013.0,181513.79
300585.SZ,20251128,18.02,19.39,17.92,19.24,18.0,1.24,6.8889,142791.0,269502.969
300585.SZ,20251127,20.17,20.28,17.73,18.0,20.37,-2.37,-11.6348,201565.0,375715.845
300585.SZ,20251126,20.29,20.66,19.86,20.37,19.94,0.43,2.1565,63602.0,129296.879
300585.SZ,20251125,19.69,20.29,19.59,19.94,19.5,0.44,2.2564,50277.18,100352.863
300585.SZ,20251124,19.19,19.68,18.81,19.5,19.07,0.43,2.2549,63045.0,121552.289
300585.SZ,20251121,19.58,20.28,18.9,19.07,19.88,-0.81,-4.0744,88371.0,171955.16
300585.SZ,20251120,20.33,20.5,19.65,19.88,20.23,-0.35,-1.7301,68752.0,137633.245
300585.SZ,20251119,19.92,20.56,19.5,20.23,19.92,0.31,1.5562,88345.01,177815.531
300585.SZ,20251118,20.15,20.58,19.85,19.92,19.84,0.08,0.4032,72562.01,146589.558
300585.SZ,20251117,20.85,20.9,19.52,19.84,20.84,-1.0,-4.7985,111459.0,222238.615
300585.SZ,20251114,21.0,21.11,20.46,20.84,21.14,-0.3,-1.4191,83565.41,173412.973
300585.SZ,20251113,20.9,21.49,20.6,21.14,21.05,0.09,0.4276,91543.41,193028.059
300585.SZ,20251112,21.77,21.98,20.82,21.05,21.9,-0.85,-3.8813,93031.0,198340.689
300585.SZ,20251111,22.12,22.5,21.78,21.9,22.2,-0.3,-1.3514,89467.0,197137.927
300585.SZ,20251110,23.08,23.32,22.07,22.2,22.94,-0.74,-3.2258,143111.0,323838.527
300585.SZ,20251107,20.92,23.6,20.92,22.94,21.08,1.86,8.8235,232391.0,530674.308
300585.SZ,20251106,20.78,21.2,20.06,21.08,20.86,0.22,1.0547,101588.99,209895.76
300585.SZ,20251105,20.88,21.18,20.5,20.86,21.01,-0.15,-0.7139,86404.99,180077.657
300585.SZ,20251104,21.66,21.84,20.72,21.01,21.71,-0.7,-3.2243,103549.0,218687.691
300585.SZ,20251103,21.18,22.06,20.72,21.71,21.16,0.55,2.5992,134521.0,290807.116
300585.SZ,20251031,21.13,21.58,20.71,21.16,21.08,0.08,0.3795,110382.0,234022.511
300585.SZ,20251030,20.88,21.48,20.38,21.08,20.81,0.27,1.2975,139888.0,294280.874
300585.SZ,20251029,20.49,21.1,20.05,20.81,20.62,0.19,0.9214,121177.88,249956.086
300585.SZ,20251028,20.66,22.19,20.5,20.62,20.25,0.37,1.8272,184650.0,391828.973
300585.SZ,20251027,20.97,21.18,20.03,20.25,21.09,-0.84,-3.9829,170618.0,347746.987
300585.SZ,20251024,19.2,22.0,19.01,21.09,19.3,1.79,9.2746,262002.98,554886.531
300585.SZ,20251023,18.55,19.35,18.45,19.3,18.59,0.71,3.8193,133000.0,252950.479
300585.SZ,20251022,18.68,18.95,18.36,18.59,18.82,-0.23,-1.2221,70942.0,131843.27
300585.SZ,20251021,18.26,19.0,18.07,18.82,18.39,0.43,2.3382,106999.0,199991.293
300585.SZ,20251020,18.12,18.64,17.94,18.39,17.83,0.56,3.1408,97485.0,178699.852
300585.SZ,20251017,18.18,18.65,17.75,17.83,18.28,-0.45,-2.4617,109631.0,198442.461
300585.SZ,20251016,18.31,18.85,18.01,18.28,18.57,-0.29,-1.5617,93989.0,172645.286
300585.SZ,20251015,17.87,18.97,17.75,18.57,17.82,0.75,4.2088,151741.0,279770.834
300585.SZ,20251014,17.35,19.19,17.3,17.82,16.85,0.97,5.7567,183423.0,334899.808
300585.SZ,20251013,16.25,17.4,15.89,16.85,17.11,-0.26,-1.5196,106447.0,179391.929
300585.SZ,20251010,17.27,17.39,16.85,17.11,17.27,-0.16,-0.9265,76149.98,129819.005
300585.SZ,20251009,17.45,17.85,17.1,17.27,17.35,-0.08,-0.4611,93537.0,162402.942
300585.SZ,20250930,17.72,17.77,17.2,17.35,17.66,-0.31,-1.7554,137007.0,238869.041
300585.SZ,20250929,15.68,18.0,15.68,17.66,15.68,1.98,12.6276,241497.19,413298.235
300585.SZ,20250926,15.78,16.03,15.58,15.68,15.78,-0.1,-0.6337,46237.0,73069.615
300585.SZ,20250925,16.15,16.26,15.7,15.78,16.16,-0.38,-2.3515,61275.0,97781.935
300585.SZ,20250924,16.43,16.47,16.03,16.16,16.35,-0.19,-1.1621,51537.0,83451.947
300585.SZ,20250923,16.69,16.69,15.94,16.35,16.6,-0.25,-1.506,75647.0,122361.823
300585.SZ,20250922,16.31,16.78,16.3,16.6,16.31,0.29,1.7781,67480.0,111493.747
300585.SZ,20250919,16.7,16.93,16.12,16.31,16.8,-0.49,-2.9167,92008.0,150813.562
300585.SZ,20250918,16.97,17.56,16.6,16.8,17.07,-0.27,-1.5817,122260.0,209925.476
300585.SZ,20250917,16.98,17.15,16.87,17.07,17.01,0.06,0.3527,74323.42,126234.328
300585.SZ,20250916,16.56,17.15,16.4,17.01,16.61,0.4,2.4082,109453.42,184195.948
300585.SZ,20250915,16.76,16.99,16.53,16.61,16.91,-0.3,-1.7741,97064.0,161998.277
300585.SZ,20250912,16.3,17.4,16.27,16.91,16.41,0.5,3.0469,165559.42,281863.204
300585.SZ,20250911,16.41,16.48,16.02,16.41,16.46,-0.05,-0.3038,65794.0,107198.793
300585.SZ,20250910,16.36,16.63,16.25,16.46,16.42,0.04,0.2436,57162.65,93858.981
300585.SZ,20250909,16.48,16.79,16.23,16.42,16.55,-0.13,-0.7855,62272.0,102167.972
300585.SZ,20250908,15.93,16.55,15.85,16.55,15.97,0.58,3.6318,97642.07,160053.345
300585.SZ,20250905,15.61,16.0,15.55,15.97,15.61,0.36,2.3062,67229.18,106439.275
300585.SZ,20250904,15.7,15.98,15.28,15.61,15.78,-0.17,-1.0773,66248.0,104176.712
300585.SZ,20250903,16.25,16.29,15.57,15.78,16.3,-0.52,-3.1902,97285.0,154192.137
300585.SZ,20250902,16.47,16.5,15.72,16.3,16.63,-0.33,-1.9844,133170.18,214744.894
300585.SZ,20250901,16.13,17.11,15.95,16.63,16.24,0.39,2.4015,173717.99,286591.839
300585.SZ,20250829,15.97,16.38,15.56,16.24,15.83,0.41,2.59,131633.0,211316.497
300585.SZ,20250828,15.49,16.39,15.27,15.83,15.53,0.3,1.9317,133612.0,211971.638
300585.SZ,20250827,15.95,16.28,15.53,15.53,15.96,-0.43,-2.6942,113536.0,182170.933
300585.SZ,20250826,16.2,16.37,15.8,15.96,15.76,0.2,1.269,123595.0,199559.057
300585.SZ,20250825,15.56,15.9,15.47,15.76,15.58,0.18,1.1553,67093.99,105523.412
300585.SZ,20250822,15.61,15.62,15.36,15.58,15.59,-0.01,-0.0641,51071.0,79121.812
300585.SZ,20250821,15.65,15.87,15.45,15.59,15.6,-0.01,-0.0641,51290.18,80207.148
300585.SZ,20250820,15.55,15.6,15.35,15.6,15.56,0.04,0.2571,40412.19,62622.803
300585.SZ,20250819,15.54,15.64,15.21,15.56,15.45,0.11,0.712,54761.18,84652.506
300585.SZ,20250818,15.28,15.52,15.21,15.45,15.19,0.26,1.7117,51643.0,79484.761
300585.SZ,20250815,14.84,15.33,14.84,15.19,14.89,0.3,2.0148,58031.0,87748.393
300585.SZ,20250814,15.75,15.78,14.8,14.89,15.74,-0.85,-5.4003,96893.0,146509.192
300585.SZ,20250813,15.64,15.8,15.55,15.74,15.66,0.08,0.5109,50981.0,80109.634
300585.SZ,20250812,15.78,15.87,15.55,15.66,15.85,-0.19,-1.1987,43980.0,68806.074
300585.SZ,20250811,15.45,16.08,15.44,15.85,15.4,0.45,2.9221,89107.0,141040.324
300585.SZ,20250808,15.51,15.58,15.29,15.4,15.52,-0.12,-0.7732,36895.0,56738.931
300585.SZ,20250807,15.68,15.68,15.43,15.52,15.62,-0.1,-0.6402,39039.0,60582.606
300585.SZ,20250806,15.61,15.75,15.49,15.62,15.6,0.02,0.1282,52726.0,82284.751
300585.SZ,20250805,15.27,15.82,15.27,15.6,15.25,0.35,2.2951,81141.0,126427.892
300585.SZ,20250804,14.92,15.26,14.81,15.25,14.95,0.3,2.0067,65322.0,99019.605
300585.SZ,20250801,14.73,15.01,14.67,14.95,14.73,0.22,1.4936,44429.0,66350.398
300585.SZ,20250731,14.9,15.12,14.67,14.73,15.03,-0.3,-1.996,42566.0,63322.052
300585.SZ,20250730,15.33,15.33,14.82,15.03,15.3,-0.27,-1.7647,50450.0,75865.883
300585.SZ,20250729,15.45,15.65,15.19,15.3,15.41,-0.11,-0.7138,63078.0,97400.778
300585.SZ,20250728,15.24,15.6,15.24,15.41,15.25,0.16,1.0492,52887.0,81459.062
300585.SZ,20250725,15.0,15.29,14.91,15.25,15.0,0.25,1.6667,42835.0,64946.443
300585.SZ,20250724,14.92,15.13,14.9,15.0,14.9,0.1,0.6711,31570.0,47368.137
300585.SZ,20250723,15.15,15.3,14.85,14.9,15.17,-0.27,-1.7798,38778.0,58060.428
300585.SZ,20250722,15.38,15.59,15.12,15.17,15.31,-0.14,-0.9144,56222.0,86187.826
300585.SZ,20250721,15.26,15.56,15.19,15.31,15.25,0.06,0.3934,55150.0,84899.632
300585.SZ,20250718,15.18,15.36,14.95,15.25,15.18,0.07,0.4611,47127.0,71287.347
300585.SZ,20250717,15.12,15.2,15.01,15.18,15.12,0.06,0.3968,34255.18,51775.391
300585.SZ,20250716,14.81,15.2,14.8,15.12,14.82,0.3,2.0243,59954.0,90342.8
300585.SZ,20250715,14.99,15.1,14.54,14.82,15.05,-0.23,-1.5282,56254.0,83087.154
300585.SZ,20250714,15.06,15.16,14.95,15.05,15.08,-0.03,-0.1989,30853.0,46417.705
300585.SZ,20250711,15.45,15.45,14.73,15.08,15.37,-0.29,-1.8868,77066.0,115514.054
300585.SZ,20250710,15.38,15.63,15.22,15.37,15.4,-0.03,-0.1948,41987.0,64524.852
300585.SZ,20250709,15.7,15.7,15.31,15.4,15.59,-0.19,-1.2187,47448.0,73032.548
300585.SZ,20250708,15.84,15.92,15.5,15.59,15.87,-0.28,-1.7643,63566.0,99368.608
300585.SZ,20250707,14.8,16.25,14.76,15.87,14.81,1.06,7.1573,112969.0,178115.211
300585.SZ,20250704,15.17,15.17,14.76,14.81,15.17,-0.36,-2.3731,47485.0,70719.856
300585.SZ,20250703,14.72,15.3,14.66,15.17,14.75,0.42,2.8475,84824.0,127020.16
300585.SZ,20250702,15.82,15.88,14.68,14.75,15.9,-1.15,-7.2327,129699.99,196053.472
300585.SZ,20250701,15.85,15.91,15.51,15.9,15.85,0.05,0.3155,45521.0,71544.087
300585.SZ,20250630,15.8,15.94,15.6,15.85,15.86,-0.01,-0.0631,58828.36,92975.126
300585.SZ,20250627,16.66,16.73,15.5,15.86,16.2,-0.34,-2.0988,90448.37,144098.525
300585.SZ,20250626,16.08,16.56,15.95,16.2,16.11,0.09,0.5587,49857.0,81230.11
300585.SZ,20250625,16.26,16.36,15.97,16.11,16.34,-0.23,-1.4076,45258.0,72941.983
300585.SZ,20250624,15.81,16.45,15.67,16.34,15.71,0.63,4.0102,66624.0,107324.124
300585.SZ,20250623,15.17,15.93,14.83,15.71,15.03,0.68,4.5243,53750.0,83609.373
300585.SZ,20250620,15.14,15.29,14.96,15.03,15.13,-0.1,-0.6609,21871.0,32958.699
300585.SZ,20250619,15.45,15.64,15.1,15.13,15.63,-0.5,-3.199,34918.0,53540.345
300585.SZ,20250618,15.43,15.66,15.24,15.63,15.43,0.2,1.2962,41366.0,63987.474
300585.SZ,20250617,15.21,15.46,15.08,15.43,15.21,0.22,1.4464,34176.37,52040.278
300585.SZ,20250616,15.53,15.53,15.13,15.21,15.51,-0.3,-1.9342,38676.0,58907.25
300585.SZ,20250613,15.81,16.17,15.31,15.51,15.81,-0.3,-1.8975,82756.0,130177.884
300585.SZ,20250612,15.36,15.86,15.27,15.81,15.41,0.4,2.5957,52446.02,81853.765
300585.SZ,20250611,15.38,15.49,15.17,15.41,15.18,0.23,1.5152,45844.99,70386.656
300585.SZ,20250610,15.26,15.6,15.07,15.18,15.27,-0.09,-0.5894,72703.0,111165.156
300585.SZ,20250609,14.49,15.63,14.45,15.27,14.52,0.75,5.1653,90323.99,137573.534
300585.SZ,20250606,14.52,14.54,14.33,14.52,14.48,0.04,0.2762,24044.0,34680.907
300585.SZ,20250605,14.5,14.77,14.28,14.48,14.39,0.09,0.6254,48361.0,70099.445
300585.SZ,20250604,14.22,14.54,14.06,14.39,14.12,0.27,1.9122,42997.0,61711.092
300585.SZ,20250603,14.02,14.22,13.95,14.12,14.09,0.03,0.2129,29956.0,42270.571
300585.SZ,20250530,14.48,14.58,14.01,14.09,14.5,-0.41,-2.8276,53163.0,75673.809
300585.SZ,20250529,14.2,14.55,14.12,14.5,14.23,0.27,1.8974,46280.0,66646.069
300585.SZ,20250528,14.55,14.7,14.22,14.23,14.47,-0.24,-1.6586,39935.0,57460.218
300585.SZ,20250527,14.5,14.82,14.03,14.47,14.31,0.16,1.1181,75981.0,109789.58
300585.SZ,20250526,14.27,15.04,14.23,14.31,14.27,0.04,0.2803,93764.0,136656.449
300585.SZ,20250523,14.27,14.58,14.26,14.27,14.24,0.03,0.2107,56653.0,81615.562
300585.SZ,20250522,14.39,14.69,14.05,14.24,14.22,0.02,0.1406,51033.58,73325.254
300585.SZ,20250521,14.18,14.73,14.18,14.22,14.26,-0.04,-0.2805,53098.0,76429.978
300585.SZ,20250520,13.98,14.31,13.82,14.26,14.0,0.26,1.8571,43823.0,61966.209
300585.SZ,20250519,14.0,14.03,13.6,14.0,13.89,0.11,0.7919,40459.0,55870.314
300585.SZ,20250516,13.68,13.95,13.51,13.89,13.61,0.28,2.0573,35937.0,49839.325
300585.SZ,20250515,13.78,13.79,13.44,13.61,13.78,-0.17,-1.2337,35657.0,48428.139
300585.SZ,20250514,13.82,13.91,13.65,13.78,13.85,-0.07,-0.5054,26570.0,36594.462
300585.SZ,20250513,14.26,14.26,13.84,13.85,14.1,-0.25,-1.773,29411.01,41187.545
300585.SZ,20250512,13.95,14.11,13.95,14.1,13.83,0.27,1.9523,23138.01,32527.752
300585.SZ,20250509,14.07,14.18,13.81,13.83,14.13,-0.3,-2.1231,32253.01,44891.129
300585.SZ,20250508,13.75,14.2,13.75,14.13,13.85,0.28,2.0217,38143.0,53642.68
300585.SZ,20250507,13.91,14.08,13.67,13.85,13.69,0.16,1.1687,44006.0,60967.158
300585.SZ,20250506,13.48,13.78,13.48,13.69,13.27,0.42,3.165,38226.0,52084.737
300585.SZ,20250430,12.96,13.31,12.87,13.27,12.97,0.3,2.313,28937.0,38139.84
300585.SZ,20250429,12.52,13.04,12.41,12.97,12.5,0.47,3.76,38790.0,50049.471
300585.SZ,20250428,12.72,12.72,12.36,12.5,12.73,-0.23,-1.8068,26631.0,33242.117
300585.SZ,20250425,12.71,12.9,12.69,12.73,12.71,0.02,0.1574,25700.0,32831.881
300585.SZ,20250424,13.02,13.1,12.64,12.71,13.04,-0.33,-2.5307,38039.0,48690.081
300585.SZ,20250423,12.75,13.08,12.69,13.04,12.64,0.4,3.1646,44762.0,57727.425
300585.SZ,20250422,12.74,12.85,12.56,12.64,12.7,-0.06,-0.4724,25932.0,32826.498
300585.SZ,20250421,12.58,12.71,12.4,12.7,12.52,0.18,1.4377,25167.0,31740.969
300585.SZ,20250418,12.71,12.75,12.3,12.52,12.61,-0.09,-0.7137,28512.0,35595.693
300585.SZ,20250417,12.55,12.84,12.38,12.61,12.58,0.03,0.2385,26483.0,33634.933
300585.SZ,20250416,13.0,13.0,12.31,12.58,12.94,-0.36,-2.7821,38061.0,48027.77
300585.SZ,20250415,13.02,13.12,12.79,12.94,12.92,0.02,0.1548,29408.0,38038.118
300585.SZ,20250414,12.9,13.1,12.86,12.92,12.6,0.32,2.5397,37058.0,48056.053
300585.SZ,20250411,12.49,12.84,12.31,12.6,12.53,0.07,0.5587,43338.0,54759.448
300585.SZ,20250410,12.47,13.1,12.47,12.53,12.03,0.5,4.1563,65005.0,82934.756
300585.SZ,20250409,11.32,12.15,10.34,12.03,11.65,0.38,3.2618,75617.88,86167.6
300585.SZ,20250408,11.6,12.28,11.26,11.65,11.68,-0.03,-0.2568,72964.0,84993.306
300585.SZ,20250407,13.69,13.69,11.68,11.68,14.6,-2.92,-20.0,65713.0,80633.43
300585.SZ,20250403,14.79,15.02,14.34,14.6,14.97,-0.37,-2.4716,39767.0,58135.199
300585.SZ,20250402,15.0,15.25,14.84,14.97,14.89,0.08,0.5373,22849.0,34375.849
300585.SZ,20250401,15.01,15.28,14.88,14.89,14.89,0.0,0.0,29012.0,43604.201
300585.SZ,20250331,15.04,15.1,14.5,14.89,15.01,-0.12,-0.7995,38092.0,56102.684
300585.SZ,20250328,15.39,15.39,14.95,15.01,15.25,-0.24,-1.5738,31326.0,47335.131
300585.SZ,20250327,15.59,15.59,15.1,15.25,15.65,-0.4,-2.5559,36743.0,56182.135
300585.SZ,20250326,15.48,15.96,15.29,15.65,15.29,0.36,2.3545,39210.0,61559.32
300585.SZ,20250325,15.44,15.65,15.24,15.29,15.55,-0.26,-1.672,32980.0,50873.134
300585.SZ,20250324,16.24,16.35,15.2,15.55,16.21,-0.66,-4.0716,57074.0,89431.759
300585.SZ,20250321,16.86,17.07,16.13,16.21,17.02,-0.81,-4.7591,74917.0,123099.161
300585.SZ,20250320,16.74,17.45,16.58,17.02,16.73,0.29,1.7334,92220.0,157690.624
300585.SZ,20250319,16.9,17.25,16.6,16.73,16.99,-0.26,-1.5303,65501.0,110907.407
300585.SZ,20250318,16.7,17.0,16.46,16.99,16.7,0.29,1.7365,64008.0,107261.493
300585.SZ,20250317,16.78,16.93,16.52,16.7,16.8,-0.1,-0.5952,44323.0,73960.135
300585.SZ,20250314,16.95,16.98,16.42,16.8,16.95,-0.15,-0.885,48769.0,81487.043
300585.SZ,20250313,17.45,17.63,16.52,16.95,17.6,-0.65,-3.6932,71850.0,121792.302
300585.SZ,20250312,16.92,17.87,16.85,17.6,16.91,0.69,4.0804,96319.0,167570.455
300585.SZ,20250311,16.8,16.94,16.44,16.91,17.07,-0.16,-0.9373,67407.0,112713.616
300585.SZ,20250310,16.38,17.38,16.2,17.07,16.35,0.72,4.4037,104015.0,175050.537
300585.SZ,20250307,16.5,16.67,16.24,16.35,16.47,-0.12,-0.7286,48009.0,78941.753
300585.SZ,20250306,16.56,16.79,16.42,16.47,16.5,-0.03,-0.1818,45675.0,75797.19
300585.SZ,20250305,16.31,16.56,16.1,16.5,16.36,0.14,0.8557,43254.0,70849.722
300585.SZ,20250304,15.81,16.47,15.7,16.36,15.93,0.43,2.6993,49459.0,79781.621
300585.SZ,20250303,16.3,16.49,15.8,15.93,16.26,-0.33,-2.0295,52830.0,85302.965
300585.SZ,20250228,17.32,17.65,16.12,16.26,17.18,-0.92,-5.3551,84956.0,141641.088
300585.SZ,20250227,17.43,17.75,16.93,17.18,17.4,-0.22,-1.2644,74070.0,128367.523
300585.SZ,20250226,17.5,17.58,17.22,17.4,17.63,-0.23,-1.3046,80539.0,139958.213
300585.SZ,20250225,17.3,17.75,17.2,17.63,17.55,0.08,0.4558,60718.0,106466.068
300585.SZ,20250224,18.03,18.18,17.3,17.55,18.39,-0.84,-4.5677,100951.0,178163.271
300585.SZ,20250221,17.6,18.45,17.52,18.39,17.62,0.77,4.37,136044.0,246360.422
300585.SZ,20250220,17.7,18.15,17.31,17.62,17.65,-0.03,-0.17,108166.0,190244.009
300585.SZ,20250219,15.58,17.73,15.58,17.65,15.74,1.91,12.1347,189386.59,321883.477
300585.SZ,20250218,16.28,16.28,15.68,15.74,16.28,-0.54,-3.317,61453.0,97936.553
300585.SZ,20250217,16.58,16.58,15.91,16.28,16.7,-0.42,-2.515,102981.18,166724.357
300585.SZ,20250214,16.4,17.02,16.37,16.7,16.36,0.34,2.0782,116560.0,195618.606
300585.SZ,20250213,16.21,16.85,15.99,16.36,16.29,0.07,0.4297,98555.0,162314.468
300585.SZ,20250212,16.17,16.53,15.9,16.29,16.2,0.09,0.5556,65109.0,105345.376
300585.SZ,20250211,16.18,16.85,16.06,16.2,16.18,0.02,0.1236,91528.0,150086.878
300585.SZ,20250210,15.65,16.36,15.4,16.18,15.64,0.54,3.4527,98559.0,157210.549
300585.SZ,20250207,15.79,16.0,15.4,15.64,15.81,-0.17,-1.0753,73793.0,116041.835
300585.SZ,20250206,14.88,15.82,14.75,15.81,14.88,0.93,6.25,78864.0,122272.252
300585.SZ,20250205,15.06,15.13,14.77,14.88,14.97,-0.09,-0.6012,43477.0,64854.381
300585.SZ,20250127,15.15,15.4,14.94,14.97,15.2,-0.23,-1.5132,43600.0,66121.369
300585.SZ,20250124,14.7,15.3,14.6,15.2,14.78,0.42,2.8417,52918.0,79217.159
300585.SZ,20250123,14.8,15.15,14.74,14.78,14.79,-0.01,-0.0676,52113.0,77646.889
300585.SZ,20250122,15.14,15.27,14.78,14.79,15.21,-0.42,-2.7613,45400.0,68009.982
300585.SZ,20250121,15.01,15.4,14.95,15.21,15.0,0.21,1.4,51853.05,78622.152
300585.SZ,20250120,15.39,15.58,14.93,15.0,15.4,-0.4,-2.5974,69629.0,105511.684
300585.SZ,20250117,15.08,15.99,14.78,15.4,14.84,0.56,3.7736,103888.59,158511.923
300585.SZ,20250116,15.32,15.32,14.65,14.84,15.18,-0.34,-2.2398,62355.0,93166.095
300585.SZ,20250115,14.96,15.25,14.9,15.18,15.01,0.17,1.1326,57780.0,86984.809
300585.SZ,20250114,14.78,15.15,14.5,15.01,14.56,0.45,3.0907,80767.18,120601.824
300585.SZ,20250113,13.3,14.64,13.04,14.56,13.53,1.03,7.6127,89596.05,126232.654
300585.SZ,20250110,13.8,14.12,13.53,13.53,13.8,-0.27,-1.9565,43398.01,60078.984
300585.SZ,20250109,13.54,13.85,13.4,13.8,13.64,0.16,1.173,43748.0,59698.404
