ts_code,end_date,bz_item,bz_code,bz_sales,bz_profit,bz_cost,curr_type,code6
000001.SZ,20251231,非利息收入:手续费及佣金收入:银行卡业务(产品),P,12393000000.0,,,CNY,000001
000001.SZ,20251231,非利息收入:手续费及佣金收入:资产托管(产品),P,1510000000.0,,,CNY,000001
000001.SZ,20251231,非利息收入:手续费及佣金收入:结算业务(产品),P,3161000000.0,,,CNY,000001
000001.SZ,20251231,非利息收入:手续费及佣金收入:其他(产品),P,4050000000.0,,,CNY,000001
000001.SZ,20251231,非利息收入:手续费及佣金收入:代理委托业务(产品),P,6126000000.0,,,CNY,000001
000001.SZ,20251231,利息收入:金融投资利息收入(产品),P,27327000000.0,,,CNY,000001
000001.SZ,20251231,利息收入:存放同业、拆放同业及买入返售金融资产(产品),P,8915000000.0,,,CNY,000001
000001.SZ,20251231,利息收入:存放中央银行款项(产品),P,3120000000.0,,,CNY,000001
000001.SZ,20251231,利息收入:发放贷款及垫款:票据贴现业务(产品),P,1876000000.0,,,CNY,000001
000001.SZ,20251231,利息收入:发放贷款及垫款:公司贷款业务(产品),P,46382000000.0,,,CNY,000001
000001.SZ,20251231,利息收入:发放贷款及垫款:个人贷款业务(产品),P,82243000000.0,,,CNY,000001
000001.SZ,20250630,非利息收入:手续费及佣金收入:银行卡业务(产品),P,6408000000.0,,,CNY,000001
000001.SZ,20250630,非利息收入:手续费及佣金收入:资产托管(产品),P,798000000.0,,,CNY,000001
000001.SZ,20250630,非利息收入:手续费及佣金收入:结算业务(产品),P,1907000000.0,,,CNY,000001
000001.SZ,20250630,非利息收入:手续费及佣金收入:其他(产品),P,2122000000.0,,,CNY,000001
000001.SZ,20250630,非利息收入:手续费及佣金收入:代理委托业务(产品),P,3124000000.0,,,CNY,000001
000001.SZ,20250630,利息收入:金融投资利息收入(产品),P,13982000000.0,,,CNY,000001
000001.SZ,20250630,利息收入:存放同业、拆放同业及买入返售金融资产(产品),P,4884000000.0,,,CNY,000001
000001.SZ,20250630,利息收入:存放中央银行款项(产品),P,1608000000.0,,,CNY,000001
000001.SZ,20250630,利息收入:发放贷款及垫款:票据贴现业务(产品),P,1274000000.0,,,CNY,000001
000001.SZ,20250630,利息收入:发放贷款及垫款:公司贷款业务(产品),P,23126000000.0,,,CNY,000001
000001.SZ,20250630,利息收入:发放贷款及垫款:个人贷款业务(产品),P,43057000000.0,,,CNY,000001
000001.SZ,20241231,非利息收入:手续费及佣金收入:银行卡业务(产品),P,13174000000.0,,,CNY,000001
000001.SZ,20241231,非利息收入:手续费及佣金收入:资产托管(产品),P,1456000000.0,,,CNY,000001
000001.SZ,20241231,非利息收入:手续费及佣金收入:结算业务(产品),P,3022000000.0,,,CNY,000001
000001.SZ,20241231,非利息收入:手续费及佣金收入:其他(产品),P,4758000000.0,,,CNY,000001
000001.SZ,20241231,非利息收入:手续费及佣金收入:代理委托业务(产品),P,5434000000.0,,,CNY,000001
000001.SZ,20241231,利息收入:金融投资利息收入(产品),P,30538000000.0,,,CNY,000001
000001.SZ,20241231,利息收入:存放同业、拆放同业及买入返售金融资产(产品),P,10206000000.0,,,CNY,000001
000001.SZ,20241231,利息收入:存放中央银行款项(产品),P,3438000000.0,,,CNY,000001
000001.SZ,20241231,利息收入:发放贷款及垫款:票据贴现业务(产品),P,3428000000.0,,,CNY,000001
000001.SZ,20241231,利息收入:发放贷款及垫款:公司贷款业务(产品),P,49206000000.0,,,CNY,000001
000001.SZ,20241231,利息收入:发放贷款及垫款:个人贷款业务(产品),P,101565000000.0,,,CNY,000001
000001.SZ,20240630,非利息收入:手续费及佣金收入:银行卡业务(产品),P,6412000000.0,,,CNY,000001
000001.SZ,20240630,非利息收入:手续费及佣金收入:资产托管(产品),P,807000000.0,,,CNY,000001
000001.SZ,20240630,非利息收入:手续费及佣金收入:结算业务(产品),P,1836000000.0,,,CNY,000001
000001.SZ,20240630,非利息收入:手续费及佣金收入:其他(产品),P,2975000000.0,,,CNY,000001
000001.SZ,20240630,非利息收入:手续费及佣金收入:代理委托业务(产品),P,2902000000.0,,,CNY,000001
000001.SZ,20240630,利息收入:金融投资利息收入(产品),P,15597000000.0,,,CNY,000001
000001.SZ,20240630,利息收入:存放同业、拆放同业及买入返售金融资产(产品),P,5284000000.0,,,CNY,000001
000001.SZ,20240630,利息收入:存放中央银行款项(产品),P,1722000000.0,,,CNY,000001
000001.SZ,20240630,利息收入:发放贷款及垫款:票据贴现业务(产品),P,1927000000.0,,,CNY,000001
000001.SZ,20240630,利息收入:发放贷款及垫款:公司贷款业务(产品),P,24660000000.0,,,CNY,000001
000001.SZ,20240630,利息收入:发放贷款及垫款:个人贷款业务(产品),P,54939000000.0,,,CNY,000001
000001.SZ,20231231,非利息收入:手续费及佣金收入:银行卡业务(产品),P,16128000000.0,,,CNY,000001
000001.SZ,20231231,非利息收入:手续费及佣金收入:资产托管(产品),P,1745000000.0,,,CNY,000001
000001.SZ,20231231,非利息收入:手续费及佣金收入:结算业务(产品),P,3294000000.0,,,CNY,000001
000001.SZ,20231231,非利息收入:手续费及佣金收入:其他(产品),P,6178000000.0,,,CNY,000001
000001.SZ,20231231,非利息收入:手续费及佣金收入:代理委托业务(产品),P,7697000000.0,,,CNY,000001
000001.SZ,20231231,利息收入:金融投资利息收入(产品),P,31148000000.0,,,CNY,000001
000001.SZ,20231231,利息收入:存放同业、拆放同业及买入返售金融资产(产品),P,8776000000.0,,,CNY,000001
000001.SZ,20231231,利息收入:存放中央银行款项(产品),P,3844000000.0,,,CNY,000001
000001.SZ,20231231,利息收入:发放贷款及垫款:票据贴现业务(产品),P,4056000000.0,,,CNY,000001
000001.SZ,20231231,利息收入:发放贷款及垫款:公司贷款业务(产品),P,46343000000.0,,,CNY,000001
000001.SZ,20231231,利息收入:发放贷款及垫款:个人贷款业务(产品),P,133450000000.0,,,CNY,000001
000001.SZ,20230630,非利息收入:手续费及佣金收入:银行卡业务(产品),P,8360000000.0,,,CNY,000001
000001.SZ,20230630,非利息收入:手续费及佣金收入:资产托管(产品),P,1062000000.0,,,CNY,000001
000001.SZ,20230630,非利息收入:手续费及佣金收入:结算业务(产品),P,1854000000.0,,,CNY,000001
000001.SZ,20230630,非利息收入:手续费及佣金收入:其他(产品),P,3118000000.0,,,CNY,000001
000001.SZ,20230630,非利息收入:手续费及佣金收入:代理委托业务(产品),P,4888000000.0,,,CNY,000001
000001.SZ,20230630,利息收入:金融投资利息收入(产品),P,15686000000.0,,,CNY,000001
000001.SZ,20230630,利息收入:存放同业、拆放同业及买入返售金融资产(产品),P,4104000000.0,,,CNY,000001
000001.SZ,20230630,利息收入:存放中央银行款项(产品),P,1915000000.0,,,CNY,000001
000001.SZ,20230630,利息收入:发放贷款及垫款:票据贴现业务(产品),P,2228000000.0,,,CNY,000001
000001.SZ,20230630,利息收入:发放贷款及垫款:公司贷款业务(产品),P,22802000000.0,,,CNY,000001
000001.SZ,20230630,利息收入:发放贷款及垫款:个人贷款业务(产品),P,69732000000.0,,,CNY,000001
000001.SZ,20221231,非利息收入:手续费及佣金收入:银行卡业务(产品),P,18553000000.0,,,CNY,000001
000001.SZ,20221231,非利息收入:手续费及佣金收入:资产托管(产品),P,1981000000.0,,,CNY,000001
000001.SZ,20221231,非利息收入:手续费及佣金收入:结算业务(产品),P,3042000000.0,,,CNY,000001
000001.SZ,20221231,非利息收入:手续费及佣金收入:其他(产品),P,6882000000.0,,,CNY,000001
000001.SZ,20221231,非利息收入:手续费及佣金收入:代理委托业务(产品),P,7296000000.0,,,CNY,000001
000001.SZ,20221231,利息收入:金融投资利息收入(产品),P,32024000000.0,,,CNY,000001
000001.SZ,20221231,利息收入:存放同业、拆放同业及买入返售金融资产(产品),P,4795000000.0,,,CNY,000001
000001.SZ,20221231,利息收入:存放中央银行款项(产品),P,3715000000.0,,,CNY,000001
000001.SZ,20221231,利息收入:发放贷款及垫款:票据贴现业务(产品),P,4159000000.0,,,CNY,000001
000001.SZ,20221231,利息收入:发放贷款及垫款:公司贷款业务(产品),P,41158000000.0,,,CNY,000001
000001.SZ,20221231,利息收入:发放贷款及垫款:个人贷款业务(产品),P,143027000000.0,,,CNY,000001
000001.SZ,20220630,非利息收入:手续费及佣金收入:银行卡业务(产品),P,9559000000.0,,,CNY,000001
000001.SZ,20220630,非利息收入:手续费及佣金收入:资产托管(产品),P,1154000000.0,,,CNY,000001
000001.SZ,20220630,非利息收入:手续费及佣金收入:结算业务(产品),P,1719000000.0,,,CNY,000001
000001.SZ,20220630,非利息收入:手续费及佣金收入:其他(产品),P,2941000000.0,,,CNY,000001
000001.SZ,20220630,非利息收入:手续费及佣金收入:代理委托业务(产品),P,4229000000.0,,,CNY,000001
000001.SZ,20220630,利息收入:金融投资利息收入(产品),P,16111000000.0,,,CNY,000001
000001.SZ,20220630,利息收入:存放同业、拆放同业及买入返售金融资产(产品),P,2023000000.0,,,CNY,000001
000001.SZ,20220630,利息收入:存放中央银行款项(产品),P,1799000000.0,,,CNY,000001
000001.SZ,20220630,利息收入:发放贷款及垫款:票据贴现业务(产品),P,2098000000.0,,,CNY,000001
000001.SZ,20220630,利息收入:发放贷款及垫款:公司贷款业务(产品),P,19770000000.0,,,CNY,000001
000001.SZ,20220630,利息收入:发放贷款及垫款:个人贷款业务(产品),P,70988000000.0,,,CNY,000001
000001.SZ,20211231,非利息收入:手续费及佣金收入:银行卡业务(产品),P,19540000000.0,,,CNY,000001
000001.SZ,20211231,非利息收入:手续费及佣金收入:资产托管(产品),P,1971000000.0,,,CNY,000001
000001.SZ,20211231,非利息收入:手续费及佣金收入:结算业务(产品),P,2973000000.0,,,CNY,000001
000001.SZ,20211231,非利息收入:手续费及佣金收入:其他(产品),P,7131000000.0,,,CNY,000001
000001.SZ,20211231,非利息收入:手续费及佣金收入:代理委托业务(产品),P,8575000000.0,,,CNY,000001
000001.SZ,20211231,利息收入:金融投资利息收入(产品),P,31391000000.0,,,CNY,000001
000001.SZ,20211231,利息收入:金融企业往来(产品),P,7253000000.0,,,CNY,000001
000001.SZ,20211231,利息收入:存放中央银行款项(产品),P,3595000000.0,,,CNY,000001
000001.SZ,20211231,利息收入:发放贷款及垫款:公司贷款业务(产品),P,39895000000.0,,,CNY,000001
000001.SZ,20211231,利息收入:发放贷款及垫款:个人贷款业务(产品),P,130769000000.0,,,CNY,000001
000001.SZ,20210630,非利息收入:手续费及佣金收入:银行卡业务(产品),P,9413000000.0,,,CNY,000001
000001.SZ,20210630,非利息收入:手续费及佣金收入:资产托管(产品),P,1143000000.0,,,CNY,000001
000001.SZ,20210630,非利息收入:手续费及佣金收入:结算业务(产品),P,1753000000.0,,,CNY,000001
000001.SZ,20210630,非利息收入:手续费及佣金收入:其他(产品),P,3353000000.0,,,CNY,000001
000001.SZ,20210630,非利息收入:手续费及佣金收入:代理委托业务(产品),P,5026000000.0,,,CNY,000001
000001.SZ,20210630,利息收入:金融投资利息收入(产品),P,15509000000.0,,,CNY,000001
000001.SZ,20210630,利息收入:金融企业往来(产品),P,3731000000.0,,,CNY,000001
000001.SZ,20210630,利息收入:存放中央银行款项(产品),P,1790000000.0,,,CNY,000001
000001.SZ,20210630,利息收入:发放贷款及垫款:公司贷款业务(产品),P,19885000000.0,,,CNY,000001
000001.SZ,20210630,利息收入:发放贷款及垫款:个人贷款业务(产品),P,63566000000.0,,,CNY,000001
000001.SZ,20201231,非利息收入:手续费及佣金收入:银行卡业务(产品),P,32775000000.0,,,CNY,000001
000001.SZ,20201231,非利息收入:手续费及佣金收入:资产托管(产品),P,2189000000.0,,,CNY,000001
000001.SZ,20201231,非利息收入:手续费及佣金收入:结算业务(产品),P,2692000000.0,,,CNY,000001
000001.SZ,20201231,非利息收入:手续费及佣金收入:托管及其他受托业务(产品),P,2189000000.0,,,CNY,000001
000001.SZ,20201231,非利息收入:手续费及佣金收入:其他(产品),P,6214000000.0,,,CNY,000001
000001.SZ,20201231,非利息收入:手续费及佣金收入:代理委托业务(产品),P,9426000000.0,,,CNY,000001
000001.SZ,20201231,利息收入:金融投资利息收入(产品),P,31543000000.0,,,CNY,000001
000001.SZ,20201231,利息收入:金融企业往来(产品),P,7850000000.0,,,CNY,000001
000001.SZ,20201231,利息收入:存放中央银行款项(产品),P,3379000000.0,,,CNY,000001
000001.SZ,20201231,利息收入:发放贷款及垫款:公司贷款业务(产品),P,40227000000.0,,,CNY,000001
000001.SZ,20201231,利息收入:发放贷款及垫款:个人贷款业务(产品),P,103585000000.0,,,CNY,000001
000001.SZ,20200630,非利息收入:手续费及佣金收入:银行卡业务(产品),P,14246000000.0,,,CNY,000001
000001.SZ,20200630,非利息收入:手续费及佣金收入:资产托管(产品),P,1173000000.0,,,CNY,000001
000001.SZ,20200630,非利息收入:手续费及佣金收入:结算业务(产品),P,1522000000.0,,,CNY,000001
000001.SZ,20200630,非利息收入:手续费及佣金收入:托管及其他受托业务(产品),P,1173000000.0,,,CNY,000001
000001.SZ,20200630,非利息收入:手续费及佣金收入:其他(产品),P,2755000000.0,,,CNY,000001
000001.SZ,20200630,非利息收入:手续费及佣金收入:代理委托业务(产品),P,4659000000.0,,,CNY,000001
000001.SZ,20200630,利息收入:金融投资利息收入(产品),P,16199000000.0,,,CNY,000001
000001.SZ,20200630,利息收入:金融企业往来(产品),P,4079000000.0,,,CNY,000001
000001.SZ,20200630,利息收入:存放中央银行款项(产品),P,1700000000.0,,,CNY,000001
000001.SZ,20200630,利息收入:发放贷款及垫款:公司贷款业务(产品),P,20422000000.0,,,CNY,000001
000001.SZ,20200630,利息收入:发放贷款及垫款:个人贷款业务(产品),P,52385000000.0,,,CNY,000001
000001.SZ,20191231,非利息收入:手续费及佣金收入:银行卡业务(产品),P,30200000000.0,,,CNY,000001
000001.SZ,20191231,非利息收入:手续费及佣金收入:资产托管(产品),P,2181000000.0,,,CNY,000001
000001.SZ,20191231,非利息收入:手续费及佣金收入:财务顾问业务(产品),P,1245000000.0,,,CNY,000001
000001.SZ,20191231,非利息收入:手续费及佣金收入:结算业务(产品),P,2789000000.0,,,CNY,000001
000001.SZ,20191231,非利息收入:手续费及佣金收入:其他(产品),P,2647000000.0,,,CNY,000001
000001.SZ,20191231,非利息收入:手续费及佣金收入:代理委托业务(产品),P,6841000000.0,,,CNY,000001
000001.SZ,20191231,利息收入:金融投资利息收入(产品),P,30913000000.0,,,CNY,000001
000001.SZ,20191231,利息收入:金融企业往来(产品),P,9681000000.0,,,CNY,000001
000001.SZ,20191231,利息收入:存放中央银行款项(产品),P,3345000000.0,,,CNY,000001
000001.SZ,20191231,利息收入:发放贷款及垫款:公司贷款业务(产品),P,38004000000.0,,,CNY,000001
000001.SZ,20191231,利息收入:发放贷款及垫款:个人贷款业务(产品),P,95274000000.0,,,CNY,000001
000001.SZ,20190630,非利息收入:手续费及佣金收入:银行卡业务(产品),P,14868000000.0,,,CNY,000001
000001.SZ,20190630,非利息收入:手续费及佣金收入:资产托管(产品),P,1266000000.0,,,CNY,000001
000001.SZ,20190630,非利息收入:手续费及佣金收入:财务顾问业务(产品),P,638000000.0,,,CNY,000001
000001.SZ,20190630,非利息收入:手续费及佣金收入:结算业务(产品),P,1607000000.0,,,CNY,000001
000001.SZ,20190630,非利息收入:手续费及佣金收入:其他(产品),P,1142000000.0,,,CNY,000001
000001.SZ,20190630,非利息收入:手续费及佣金收入:代理委托业务(产品),P,3034000000.0,,,CNY,000001
000001.SZ,20190630,利息收入:金融投资利息收入(产品),P,14872000000.0,,,CNY,000001
000001.SZ,20190630,利息收入:金融企业往来(产品),P,4807000000.0,,,CNY,000001
000001.SZ,20190630,利息收入:存放中央银行款项(产品),P,1660000000.0,,,CNY,000001
000001.SZ,20190630,利息收入:发放贷款及垫款:公司贷款业务(产品),P,20023000000.0,,,CNY,000001
000001.SZ,20190630,利息收入:发放贷款及垫款:个人贷款业务(产品),P,45604000000.0,,,CNY,000001
000001.SZ,20181231,非利息收入:手续费及佣金收入:银行卡业务(产品),P,25266000000.0,,,CNY,000001
000001.SZ,20181231,非利息收入:手续费及佣金收入:资产托管(产品),P,2856000000.0,,,CNY,000001
000001.SZ,20181231,非利息收入:手续费及佣金收入:账户管理费收入(产品),P,149000000.0,,,CNY,000001
000001.SZ,20181231,非利息收入:手续费及佣金收入:财务顾问业务(产品),P,1463000000.0,,,CNY,000001
000001.SZ,20181231,非利息收入:手续费及佣金收入:结算业务(产品),P,2477000000.0,,,CNY,000001
000001.SZ,20181231,非利息收入:手续费及佣金收入:理财业务(产品),P,1365000000.0,,,CNY,000001
000001.SZ,20181231,非利息收入:手续费及佣金收入:其他(产品),P,1663000000.0,,,CNY,000001
000001.SZ,20181231,非利息收入:手续费及佣金收入:代理委托业务(产品),P,4123000000.0,,,CNY,000001
000001.SZ,20181231,利息收入:金融投资利息收入(产品),P,28363000000.0,,,CNY,000001
000001.SZ,20181231,利息收入:金融企业往来(产品),P,10933000000.0,,,CNY,000001
000001.SZ,20181231,利息收入:存放中央银行款项(产品),P,4002000000.0,,,CNY,000001
000001.SZ,20181231,利息收入:发放贷款及垫款:公司贷款业务(产品),P,39021000000.0,,,CNY,000001
000001.SZ,20181231,利息收入:发放贷款及垫款:个人贷款业务(产品),P,78926000000.0,,,CNY,000001
000001.SZ,20181231,利息收入:其他(产品),P,1406000000.0,,,CNY,000001
000001.SZ,20180630,非利息收入:手续费及佣金收入:银行卡业务(产品),P,13766000000.0,,,CNY,000001
000001.SZ,20180630,非利息收入:手续费及佣金收入:资产托管(产品),P,1531000000.0,,,CNY,000001
000001.SZ,20180630,非利息收入:手续费及佣金收入:账户管理费收入(产品),P,71000000.0,,,CNY,000001
000001.SZ,20180630,非利息收入:手续费及佣金收入:财务顾问业务(产品),P,984000000.0,,,CNY,000001
000001.SZ,20180630,非利息收入:手续费及佣金收入:结算业务(产品),P,1306000000.0,,,CNY,000001
000001.SZ,20180630,非利息收入:手续费及佣金收入:理财业务(产品),P,559000000.0,,,CNY,000001
000001.SZ,20180630,非利息收入:手续费及佣金收入:其他(产品),P,778000000.0,,,CNY,000001
000001.SZ,20180630,非利息收入:手续费及佣金收入:代理委托业务(产品),P,2066000000.0,,,CNY,000001
000001.SZ,20180630,利息收入:金融投资利息收入(产品),P,17634000000.0,,,CNY,000001
000001.SZ,20180630,利息收入:金融企业往来(产品),P,5908000000.0,,,CNY,000001
000001.SZ,20180630,利息收入:存放中央银行款项(产品),P,2051000000.0,,,CNY,000001
000001.SZ,20180630,利息收入:发放贷款及垫款:公司贷款业务(产品),P,19425000000.0,,,CNY,000001
000001.SZ,20180630,利息收入:发放贷款及垫款:个人贷款业务(产品),P,34204000000.0,,,CNY,000001
000001.SZ,20180630,利息收入:其他(产品),P,2658000000.0,,,CNY,000001
000001.SZ,20171231,非利息收入:手续费及佣金收入:银行卡业务(产品),P,18511000000.0,,,CNY,000001
000001.SZ,20171231,非利息收入:手续费及佣金收入:资产托管(产品),P,3046000000.0,,,CNY,000001
000001.SZ,20171231,非利息收入:手续费及佣金收入:账户管理费收入(产品),P,156000000.0,,,CNY,000001
000001.SZ,20171231,非利息收入:手续费及佣金收入:财务顾问业务(产品),P,2659000000.0,,,CNY,000001
000001.SZ,20171231,非利息收入:手续费及佣金收入:结算业务(产品),P,2392000000.0,,,CNY,000001
000001.SZ,20171231,非利息收入:手续费及佣金收入:理财业务(产品),P,3411000000.0,,,CNY,000001
000001.SZ,20171231,非利息收入:手续费及佣金收入:其他(产品),P,2200000000.0,,,CNY,000001
000001.SZ,20171231,非利息收入:手续费及佣金收入:代理委托业务(产品),P,3350000000.0,,,CNY,000001
000001.SZ,20171231,利息收入:金融企业往来:同业转贴现及买入返售票据(产品),P,1666000000.0,,,CNY,000001
000001.SZ,20171231,利息收入:存放中央银行款项(产品),P,4232000000.0,,,CNY,000001
000001.SZ,20171231,利息收入:发放贷款及垫款:票据贴现业务(产品),P,201000000.0,,,CNY,000001
000001.SZ,20171231,利息收入:发放贷款及垫款:公司贷款业务(产品),P,41497000000.0,,,CNY,000001
000001.SZ,20171231,利息收入:发放贷款及垫款:个人贷款业务(产品),P,53278000000.0,,,CNY,000001
000001.SZ,20171231,利息收入:其他(产品),P,4056000000.0,,,CNY,000001
000001.SZ,20171231,利息收入:债券投资(产品),P,32170000000.0,,,CNY,000001
000001.SZ,20171231,利息收入:交易性金融资产(产品),P,1908000000.0,,,CNY,000001
000001.SZ,20170630,非利息收入:手续费及佣金收入:银行卡业务(产品),P,7642000000.0,,,CNY,000001
000001.SZ,20170630,非利息收入:手续费及佣金收入:资产托管(产品),P,1857000000.0,,,CNY,000001
000001.SZ,20170630,非利息收入:手续费及佣金收入:账户管理费收入(产品),P,82000000.0,,,CNY,000001
000001.SZ,20170630,非利息收入:手续费及佣金收入:财务顾问业务(产品),P,1752000000.0,,,CNY,000001
000001.SZ,20170630,非利息收入:手续费及佣金收入:结算业务(产品),P,1274000000.0,,,CNY,000001
000001.SZ,20170630,非利息收入:手续费及佣金收入:理财业务(产品),P,2242000000.0,,,CNY,000001
000001.SZ,20170630,非利息收入:手续费及佣金收入:其他(产品),P,1360000000.0,,,CNY,000001
000001.SZ,20170630,非利息收入:手续费及佣金收入:代理委托业务(产品),P,1660000000.0,,,CNY,000001
000001.SZ,20170630,利息收入:金融企业往来:同业转贴现及买入返售票据(产品),P,480000000.0,,,CNY,000001
000001.SZ,20170630,利息收入:存放中央银行款项(产品),P,2085000000.0,,,CNY,000001
000001.SZ,20170630,利息收入:发放贷款及垫款:票据贴现业务(产品),P,106000000.0,,,CNY,000001
000001.SZ,20170630,利息收入:发放贷款及垫款:公司贷款业务(产品),P,21386000000.0,,,CNY,000001
000001.SZ,20170630,利息收入:发放贷款及垫款:个人贷款业务(产品),P,24420000000.0,,,CNY,000001
000001.SZ,20170630,利息收入:其他(产品),P,1844000000.0,,,CNY,000001
000001.SZ,20170630,利息收入:债券投资(产品),P,16142000000.0,,,CNY,000001
000001.SZ,20170630,利息收入:交易性金融资产(产品),P,1002000000.0,,,CNY,000001
000001.SZ,20161231,非利息收入:手续费及佣金收入:银行卡业务(产品),P,12401000000.0,,,CNY,000001
000001.SZ,20161231,非利息收入:手续费及佣金收入:资产托管(产品),P,2745000000.0,,,CNY,000001
000001.SZ,20161231,非利息收入:手续费及佣金收入:账户管理费收入(产品),P,166000000.0,,,CNY,000001
000001.SZ,20161231,非利息收入:手续费及佣金收入:财务顾问业务(产品),P,3963000000.0,,,CNY,000001
000001.SZ,20161231,非利息收入:手续费及佣金收入:结算业务(产品),P,2216000000.0,,,CNY,000001
000001.SZ,20161231,非利息收入:手续费及佣金收入:理财业务(产品),P,4835000000.0,,,CNY,000001
000001.SZ,20161231,非利息收入:手续费及佣金收入:其他(产品),P,1978000000.0,,,CNY,000001
000001.SZ,20161231,非利息收入:手续费及佣金收入:代理委托业务(产品),P,3005000000.0,,,CNY,000001
000001.SZ,20161231,非利息收入:手续费及佣金收入(产品),P,31309000000.0,,,CNY,000001
000001.SZ,20161231,利息收入:金融企业往来:同业转贴现及买入返售票据(产品),P,2376000000.0,,,CNY,000001
000001.SZ,20161231,利息收入:金融企业往来(产品),P,8787000000.0,,,CNY,000001
000001.SZ,20161231,利息收入:存放中央银行款项(产品),P,4240000000.0,,,CNY,000001
000001.SZ,20161231,利息收入:发放贷款及垫款:票据贴现业务(产品),P,427000000.0,,,CNY,000001
000001.SZ,20161231,利息收入:发放贷款及垫款:公司贷款业务(产品),P,42074000000.0,,,CNY,000001
000001.SZ,20161231,利息收入:发放贷款及垫款:个人贷款业务(产品),P,42403000000.0,,,CNY,000001
000001.SZ,20161231,利息收入:发放贷款及垫款(产品),P,84904000000.0,,,CNY,000001
000001.SZ,20161231,利息收入:其他(产品),P,3523000000.0,,,CNY,000001
000001.SZ,20161231,利息收入:债券投资(产品),P,28737000000.0,,,CNY,000001
000001.SZ,20161231,利息收入:交易性金融资产(产品),P,928000000.0,,,CNY,000001
000001.SZ,20160630,非利息收入:手续费及佣金收入:银行卡业务(产品),P,5652000000.0,,,CNY,000001
000001.SZ,20160630,非利息收入:手续费及佣金收入:资产托管(产品),P,2000000000.0,,,CNY,000001
000001.SZ,20160630,非利息收入:手续费及佣金收入:账户管理费收入(产品),P,90000000.0,,,CNY,000001
000001.SZ,20160630,非利息收入:手续费及佣金收入:财务顾问业务(产品),P,2059000000.0,,,CNY,000001
000001.SZ,20160630,非利息收入:手续费及佣金收入:结算业务(产品),P,1162000000.0,,,CNY,000001
000001.SZ,20160630,非利息收入:手续费及佣金收入:理财业务(产品),P,2424000000.0,,,CNY,000001
000001.SZ,20160630,非利息收入:手续费及佣金收入:其他(产品),P,1531000000.0,,,CNY,000001
000001.SZ,20160630,非利息收入:手续费及佣金收入:代理委托业务(产品),P,3182000000.0,,,CNY,000001
000001.SZ,20160630,利息收入:金融企业往来:同业转贴现及买入返售票据(产品),P,1331000000.0,,,CNY,000001
000001.SZ,20160630,利息收入:金融企业往来(产品),P,4693000000.0,,,CNY,000001
000001.SZ,20160630,利息收入:存放中央银行款项(产品),P,2069000000.0,,,CNY,000001
000001.SZ,20160630,利息收入:发放贷款及垫款:票据贴现业务(产品),P,174000000.0,,,CNY,000001
000001.SZ,20160630,利息收入:发放贷款及垫款:公司贷款业务(产品),P,20937000000.0,,,CNY,000001
000001.SZ,20160630,利息收入:发放贷款及垫款:个人贷款业务(产品),P,20933000000.0,,,CNY,000001
000001.SZ,20160630,利息收入:其他(产品),P,131000000.0,,,CNY,000001
000001.SZ,20160630,利息收入:债券投资(产品),P,14084000000.0,,,CNY,000001
000001.SZ,20160630,利息收入:交易性金融资产(产品),P,547000000.0,,,CNY,000001
000001.SZ,20151231,非利息收入:手续费及佣金收入:银行卡业务(产品),P,9207000000.0,,,CNY,000001
000001.SZ,20151231,非利息收入:手续费及佣金收入:资产托管(产品),P,2939000000.0,,,CNY,000001
000001.SZ,20151231,非利息收入:手续费及佣金收入:账户管理费收入(产品),P,164000000.0,,,CNY,000001
000001.SZ,20151231,非利息收入:手续费及佣金收入:财务顾问业务(产品),P,5250000000.0,,,CNY,000001
000001.SZ,20151231,非利息收入:手续费及佣金收入:结算业务(产品),P,1936000000.0,,,CNY,000001
000001.SZ,20151231,非利息收入:手续费及佣金收入:理财业务(产品),P,3421000000.0,,,CNY,000001
000001.SZ,20151231,非利息收入:手续费及佣金收入:其他(产品),P,1521000000.0,,,CNY,000001
000001.SZ,20151231,非利息收入:手续费及佣金收入:代理委托业务(产品),P,4747000000.0,,,CNY,000001
000001.SZ,20151231,非利息收入:手续费及佣金收入(产品),P,29185000000.0,,,CNY,000001
000001.SZ,20151231,利息收入:金融企业往来:同业转贴现及买入返售票据(产品),P,7288000000.0,,,CNY,000001
000001.SZ,20151231,利息收入:金融企业往来(产品),P,12660000000.0,,,CNY,000001
000001.SZ,20151231,利息收入:存放中央银行款项(产品),P,4206000000.0,,,CNY,000001
000001.SZ,20151231,利息收入:发放贷款及垫款:票据贴现业务(产品),P,413000000.0,,,CNY,000001
000001.SZ,20151231,利息收入:发放贷款及垫款:公司贷款业务(产品),P,44664000000.0,,,CNY,000001
000001.SZ,20151231,利息收入:发放贷款及垫款:个人贷款业务(产品),P,41063000000.0,,,CNY,000001
000001.SZ,20151231,利息收入:发放贷款及垫款(产品),P,86140000000.0,,,CNY,000001
000001.SZ,20151231,利息收入:其他(产品),P,372000000.0,,,CNY,000001
000001.SZ,20151231,利息收入:债券投资(产品),P,27023000000.0,,,CNY,000001
000001.SZ,20151231,利息收入:交易性金融资产(产品),P,1248000000.0,,,CNY,000001
000001.SZ,20151231,利息收入(产品),P,131649000000.0,,,CNY,000001
000001.SZ,20150630,非利息收入:手续费及佣金收入:银行卡业务(产品),P,4030000000.0,,,CNY,000001
000001.SZ,20150630,非利息收入:手续费及佣金收入:资产托管(产品),P,1519000000.0,,,CNY,000001
000001.SZ,20150630,非利息收入:手续费及佣金收入:账户管理费收入(产品),P,78000000.0,,,CNY,000001
000001.SZ,20150630,非利息收入:手续费及佣金收入:财务顾问业务(产品),P,3676000000.0,,,CNY,000001
000001.SZ,20150630,非利息收入:手续费及佣金收入:结算业务(产品),P,1045000000.0,,,CNY,000001
000001.SZ,20150630,非利息收入:手续费及佣金收入:理财业务(产品),P,1584000000.0,,,CNY,000001
000001.SZ,20150630,非利息收入:手续费及佣金收入:托管及其他受托业务(产品),P,1519000000.0,,,CNY,000001
000001.SZ,20150630,非利息收入:手续费及佣金收入:其他(产品),P,620000000.0,,,CNY,000001
000001.SZ,20150630,非利息收入:手续费及佣金收入:代理委托业务(产品),P,2409000000.0,,,CNY,000001
000001.SZ,20150630,非利息收入:手续费及佣金收入(产品),P,14961000000.0,,,CNY,000001
000001.SZ,20150630,利息收入:金融企业往来:同业转贴现及买入返售票据(产品),P,486000000.0,,,CNY,000001
000001.SZ,20150630,利息收入:金融企业往来(产品),P,6311000000.0,,,CNY,000001
000001.SZ,20150630,利息收入:存放中央银行款项(产品),P,2067000000.0,,,CNY,000001
000001.SZ,20150630,利息收入:发放贷款及垫款:票据贴现业务(产品),P,258000000.0,,,CNY,000001
000001.SZ,20150630,利息收入:发放贷款及垫款:公司贷款业务(产品),P,22015000000.0,,,CNY,000001
000001.SZ,20150630,利息收入:发放贷款及垫款:个人贷款业务(产品),P,19854000000.0,,,CNY,000001
000001.SZ,20150630,利息收入:发放贷款及垫款(产品),P,42127000000.0,,,CNY,000001
000001.SZ,20150630,利息收入:其他(产品),P,223000000.0,,,CNY,000001
000001.SZ,20150630,利息收入:债券投资(产品),P,14284000000.0,,,CNY,000001
000001.SZ,20150630,利息收入:交易性金融资产(产品),P,852000000.0,,,CNY,000001
000001.SZ,20150630,利息收入(产品),P,65864000000.0,,,CNY,000001
000001.SZ,20141231,非利息收入:手续费及佣金收入:银行卡业务(产品),P,6780000000.0,,,CNY,000001
000001.SZ,20141231,非利息收入:手续费及佣金收入:账户管理费收入(产品),P,203000000.0,,,CNY,000001
000001.SZ,20141231,非利息收入:手续费及佣金收入:财务顾问业务(产品),P,3730000000.0,,,CNY,000001
000001.SZ,20141231,非利息收入:手续费及佣金收入:结算业务(产品),P,1544000000.0,,,CNY,000001
000001.SZ,20141231,非利息收入:手续费及佣金收入:理财业务(产品),P,1967000000.0,,,CNY,000001
000001.SZ,20141231,非利息收入:手续费及佣金收入:其他(产品),P,2535000000.0,,,CNY,000001
000001.SZ,20141231,非利息收入:手续费及佣金收入:代理委托业务(产品),P,2947000000.0,,,CNY,000001
000001.SZ,20141231,非利息收入:手续费及佣金收入(产品),P,19706000000.0,,,CNY,000001
000001.SZ,20141231,利息收入:金融企业往来:同业转贴现及买入返售票据(产品),P,3089000000.0,,,CNY,000001
000001.SZ,20141231,利息收入:金融企业往来(产品),P,20422000000.0,,,CNY,000001
000001.SZ,20141231,利息收入:存放中央银行款项(产品),P,3885000000.0,,,CNY,000001
000001.SZ,20141231,利息收入:发放贷款及垫款:票据贴现业务(产品),P,308000000.0,,,CNY,000001
000001.SZ,20141231,利息收入:发放贷款及垫款:公司贷款业务(产品),P,37492000000.0,,,CNY,000001
000001.SZ,20141231,利息收入:发放贷款及垫款:个人贷款业务(产品),P,33470000000.0,,,CNY,000001
000001.SZ,20141231,利息收入:发放贷款及垫款(产品),P,71270000000.0,,,CNY,000001
000001.SZ,20141231,利息收入:其他(产品),P,446000000.0,,,CNY,000001
000001.SZ,20141231,利息收入:债券投资(产品),P,22074000000.0,,,CNY,000001
000001.SZ,20141231,利息收入:交易性金融资产(产品),P,1105000000.0,,,CNY,000001
000001.SZ,20141231,利息收入(产品),P,119202000000.0,,,CNY,000001
000001.SZ,20140630,非利息收入:手续费及佣金收入:银行卡业务(产品),P,3096000000.0,,,CNY,000001
000001.SZ,20140630,非利息收入:手续费及佣金收入:账户管理费收入(产品),P,116000000.0,,,CNY,000001
000001.SZ,20140630,非利息收入:手续费及佣金收入:财务顾问业务(产品),P,1699000000.0,,,CNY,000001
000001.SZ,20140630,非利息收入:手续费及佣金收入:结算业务(产品),P,828000000.0,,,CNY,000001
000001.SZ,20140630,非利息收入:手续费及佣金收入:理财业务(产品),P,820000000.0,,,CNY,000001
000001.SZ,20140630,非利息收入:手续费及佣金收入:其他(产品),P,1162000000.0,,,CNY,000001
000001.SZ,20140630,非利息收入:手续费及佣金收入:代理委托业务(产品),P,1220000000.0,,,CNY,000001
000001.SZ,20140630,非利息收入:手续费及佣金收入(产品),P,8941000000.0,,,CNY,000001
000001.SZ,20140630,利息收入:金融企业往来:同业转贴现及买入返售票据(产品),P,1712000000.0,,,CNY,000001
000001.SZ,20140630,利息收入:金融企业往来(产品),P,11090000000.0,,,CNY,000001
000001.SZ,20140630,利息收入:存放中央银行款项(产品),P,1860000000.0,,,CNY,000001
000001.SZ,20140630,利息收入:发放贷款及垫款:票据贴现业务(产品),P,115000000.0,,,CNY,000001
000001.SZ,20140630,利息收入:发放贷款及垫款:公司贷款业务(产品),P,17604000000.0,,,CNY,000001
000001.SZ,20140630,利息收入:发放贷款及垫款:个人贷款业务(产品),P,15281000000.0,,,CNY,000001
000001.SZ,20140630,利息收入:发放贷款及垫款(产品),P,33000000000.0,,,CNY,000001
000001.SZ,20140630,利息收入:其他(产品),P,173000000.0,,,CNY,000001
000001.SZ,20140630,利息收入:债券投资(产品),P,10251000000.0,,,CNY,000001
000001.SZ,20140630,利息收入:交易性金融资产(产品),P,576000000.0,,,CNY,000001
000001.SZ,20140630,利息收入(产品),P,56950000000.0,,,CNY,000001
000001.SZ,20131231,非利息收入:手续费及佣金收入:银行卡业务(产品),P,4996000000.0,,,CNY,000001
000001.SZ,20131231,非利息收入:手续费及佣金收入:账户管理费收入(产品),P,282000000.0,,,CNY,000001
000001.SZ,20131231,非利息收入:手续费及佣金收入:财务顾问业务(产品),P,1895000000.0,,,CNY,000001
000001.SZ,20131231,非利息收入:手续费及佣金收入:结算业务(产品),P,1220000000.0,,,CNY,000001
000001.SZ,20131231,非利息收入:手续费及佣金收入:理财业务(产品),P,1467000000.0,,,CNY,000001
000001.SZ,20131231,非利息收入:手续费及佣金收入:其他(产品),P,1233000000.0,,,CNY,000001
000001.SZ,20131231,非利息收入:手续费及佣金收入:代理委托业务(产品),P,728000000.0,,,CNY,000001
000001.SZ,20131231,非利息收入:手续费及佣金收入(产品),P,11821000000.0,,,CNY,000001
000001.SZ,20131231,利息收入:金融企业往来:同业转贴现及买入返售票据(产品),P,5557000000.0,,,CNY,000001
000001.SZ,20131231,利息收入:金融企业往来(产品),P,19188000000.0,,,CNY,000001
000001.SZ,20131231,利息收入:存放中央银行款项(产品),P,3315000000.0,,,CNY,000001
000001.SZ,20131231,利息收入:发放贷款及垫款:票据贴现业务(产品),P,294000000.0,,,CNY,000001
000001.SZ,20131231,利息收入:发放贷款及垫款:公司贷款业务(产品),P,30697000000.0,,,CNY,000001
000001.SZ,20131231,利息收入:发放贷款及垫款:个人贷款业务(产品),P,22537000000.0,,,CNY,000001
000001.SZ,20131231,利息收入:发放贷款及垫款(产品),P,53528000000.0,,,CNY,000001
000001.SZ,20131231,利息收入:其他(产品),P,229000000.0,,,CNY,000001
000001.SZ,20131231,利息收入:债券投资(产品),P,16276000000.0,,,CNY,000001
000001.SZ,20131231,利息收入:交易性金融资产(产品),P,566000000.0,,,CNY,000001
000001.SZ,20131231,利息收入(产品),P,93102000000.0,,,CNY,000001
000001.SZ,20130630,非利息收入:手续费及佣金收入:银行卡业务(产品),P,2086000000.0,,,CNY,000001
000001.SZ,20130630,非利息收入:手续费及佣金收入:账户管理费收入(产品),P,101000000.0,,,CNY,000001
000001.SZ,20130630,非利息收入:手续费及佣金收入:财务顾问业务(产品),P,647000000.0,,,CNY,000001
000001.SZ,20130630,非利息收入:手续费及佣金收入:结算业务(产品),P,582000000.0,,,CNY,000001
000001.SZ,20130630,非利息收入:手续费及佣金收入:理财业务(产品),P,622000000.0,,,CNY,000001
000001.SZ,20130630,非利息收入:手续费及佣金收入:其他(产品),P,640000000.0,,,CNY,000001
000001.SZ,20130630,非利息收入:手续费及佣金收入:代理委托业务(产品),P,213000000.0,,,CNY,000001
000001.SZ,20130630,非利息收入:手续费及佣金收入(产品),P,4891000000.0,,,CNY,000001
000001.SZ,20130630,利息收入:金融企业往来:同业转贴现及买入返售票据(产品),P,3140000000.0,,,CNY,000001
000001.SZ,20130630,利息收入:金融企业往来(产品),P,10144000000.0,,,CNY,000001
000001.SZ,20130630,利息收入:存放中央银行款项(产品),P,1561000000.0,,,CNY,000001
000001.SZ,20130630,利息收入:发放贷款及垫款:票据贴现业务(产品),P,158000000.0,,,CNY,000001
000001.SZ,20130630,利息收入:发放贷款及垫款:公司贷款业务(产品),P,14638000000.0,,,CNY,000001
000001.SZ,20130630,利息收入:发放贷款及垫款:个人贷款业务(产品),P,9459000000.0,,,CNY,000001
000001.SZ,20130630,利息收入:发放贷款及垫款(产品),P,24255000000.0,,,CNY,000001
000001.SZ,20130630,利息收入:其他(产品),P,128000000.0,,,CNY,000001
000001.SZ,20130630,利息收入:债券投资(产品),P,6914000000.0,,,CNY,000001
000001.SZ,20130630,利息收入:交易性金融资产(产品),P,224000000.0,,,CNY,000001
000001.SZ,20130630,利息收入(产品),P,43226000000.0,,,CNY,000001
000001.SZ,20121231,非利息收入:手续费及佣金收入:银行卡业务(产品),P,2483815000.0,,,CNY,000001
000001.SZ,20121231,非利息收入:手续费及佣金收入:账户管理费收入(产品),P,409884000.0,,,CNY,000001
000001.SZ,20121231,非利息收入:手续费及佣金收入:财务顾问业务(产品),P,452463000.0,,,CNY,000001
000001.SZ,20121231,非利息收入:手续费及佣金收入:结算业务(产品),P,893663000.0,,,CNY,000001
000001.SZ,20121231,非利息收入:手续费及佣金收入:理财业务(产品),P,653525000.0,,,CNY,000001
000001.SZ,20121231,非利息收入:手续费及佣金收入:其他(产品),P,785155000.0,,,CNY,000001
000001.SZ,20121231,非利息收入:手续费及佣金收入:代理委托业务(产品),P,771013000.0,,,CNY,000001
000001.SZ,20121231,非利息收入:手续费及佣金收入(产品),P,6449518000.0,,,CNY,000001
000001.SZ,20121231,利息收入:金融企业往来:同业转贴现及买入返售票据(产品),P,4002391000.0,,,CNY,000001
000001.SZ,20121231,利息收入:金融企业往来(产品),P,9702950000.0,,,CNY,000001
000001.SZ,20121231,利息收入:存放中央银行款项(产品),P,2690786000.0,,,CNY,000001
000001.SZ,20121231,利息收入:发放贷款及垫款:票据贴现业务(产品),P,593874000.0,,,CNY,000001
000001.SZ,20121231,利息收入:发放贷款及垫款:公司贷款业务(产品),P,29803035000.0,,,CNY,000001
000001.SZ,20121231,利息收入:发放贷款及垫款:个人贷款业务(产品),P,14483136000.0,,,CNY,000001
000001.SZ,20121231,利息收入:发放贷款及垫款(产品),P,44880045000.0,,,CNY,000001
000001.SZ,20121231,利息收入:其他(产品),P,7351559000.0,,,CNY,000001
000001.SZ,20121231,利息收入:债券投资(产品),P,9782587000.0,,,CNY,000001
000001.SZ,20121231,利息收入:交易性金融资产(产品),P,205748000.0,,,CNY,000001
000001.SZ,20121231,利息收入(产品),P,74613675000.0,,,CNY,000001
000001.SZ,20120630,非利息收入:手续费及佣金收入:银行卡业务(产品),P,1037124000.0,,,CNY,000001
000001.SZ,20120630,非利息收入:手续费及佣金收入:账户管理费收入(产品),P,227031000.0,,,CNY,000001
000001.SZ,20120630,非利息收入:手续费及佣金收入:财务顾问业务(产品),P,177481000.0,,,CNY,000001
000001.SZ,20120630,非利息收入:手续费及佣金收入:结算业务(产品),P,450118000.0,,,CNY,000001
000001.SZ,20120630,非利息收入:手续费及佣金收入:理财业务(产品),P,326472000.0,,,CNY,000001
000001.SZ,20120630,非利息收入:手续费及佣金收入:其他(产品),P,381569000.0,,,CNY,000001
000001.SZ,20120630,非利息收入:手续费及佣金收入:代理委托业务(产品),P,499921000.0,,,CNY,000001
000001.SZ,20120630,非利息收入:手续费及佣金收入(产品),P,3099716000.0,,,CNY,000001
000001.SZ,20120630,利息收入:金融企业往来:同业转贴现及买入返售票据(产品),P,2007138000.0,,,CNY,000001
000001.SZ,20120630,利息收入:存放中央银行款项(产品),P,1319824000.0,,,CNY,000001
000001.SZ,20120630,利息收入:发放贷款及垫款:票据贴现业务(产品),P,289809000.0,,,CNY,000001
000001.SZ,20120630,利息收入:发放贷款及垫款:公司贷款业务(产品),P,15075157000.0,,,CNY,000001
000001.SZ,20120630,利息收入:发放贷款及垫款:个人贷款业务(产品),P,6745587000.0,,,CNY,000001
000001.SZ,20120630,利息收入:发放贷款及垫款(产品),P,22110553000.0,,,CNY,000001
000001.SZ,20120630,利息收入:其他(产品),P,5003066000.0,,,CNY,000001
000001.SZ,20120630,利息收入:债券投资(产品),P,4623219000.0,,,CNY,000001
000001.SZ,20120630,利息收入:交易性金融资产(产品),P,86511000.0,,,CNY,000001
000001.SZ,20120630,利息收入(产品),P,37226844000.0,,,CNY,000001
000001.SZ,20111231,非利息收入:手续费及佣金收入:银行卡业务(产品),P,1171866000.0,,,CNY,000001
000001.SZ,20111231,非利息收入:手续费及佣金收入:账户管理费收入(产品),P,189941000.0,,,CNY,000001
000001.SZ,20111231,非利息收入:手续费及佣金收入:财务顾问业务(产品),P,611076000.0,,,CNY,000001
000001.SZ,20111231,非利息收入:手续费及佣金收入:结算业务(产品),P,840060000.0,,,CNY,000001
000001.SZ,20111231,非利息收入:手续费及佣金收入:理财业务(产品),P,284226000.0,,,CNY,000001
000001.SZ,20111231,非利息收入:手续费及佣金收入:其他(产品),P,466971000.0,,,CNY,000001
000001.SZ,20111231,非利息收入:手续费及佣金收入:代理委托业务(产品),P,565460000.0,,,CNY,000001
000001.SZ,20111231,非利息收入:手续费及佣金收入(产品),P,4129600000.0,,,CNY,000001
000001.SZ,20111231,利息收入:金融企业往来:同业转贴现及买入返售票据(产品),P,6253797000.0,,,CNY,000001
000001.SZ,20111231,利息收入:金融企业往来(产品),P,8133710000.0,,,CNY,000001
000001.SZ,20111231,利息收入:存放中央银行款项(产品),P,1668547000.0,,,CNY,000001
000001.SZ,20111231,利息收入:发放贷款及垫款:票据贴现业务(产品),P,634797000.0,,,CNY,000001
000001.SZ,20111231,利息收入:发放贷款及垫款:公司贷款业务(产品),P,22401574000.0,,,CNY,000001
000001.SZ,20111231,利息收入:发放贷款及垫款:个人贷款业务(产品),P,9696386000.0,,,CNY,000001
000001.SZ,20111231,利息收入:发放贷款及垫款(产品),P,32732757000.0,,,CNY,000001
000001.SZ,20111231,利息收入:其他(产品),P,3481564000.0,,,CNY,000001
000001.SZ,20111231,利息收入:债券投资(产品),P,6249138000.0,,,CNY,000001
000001.SZ,20111231,利息收入:交易性金融资产(产品),P,64981000.0,,,CNY,000001
000001.SZ,20111231,利息收入(产品),P,52330697000.0,,,CNY,000001
000001.SZ,20110630,非利息收入:手续费及佣金收入:银行卡业务(产品),P,301186000.0,,,CNY,000001
000001.SZ,20110630,非利息收入:手续费及佣金收入:账户管理费收入(产品),P,22892000.0,,,CNY,000001
000001.SZ,20110630,非利息收入:手续费及佣金收入:财务顾问业务(产品),P,274661000.0,,,CNY,000001
000001.SZ,20110630,非利息收入:手续费及佣金收入:结算业务(产品),P,315566000.0,,,CNY,000001
000001.SZ,20110630,非利息收入:手续费及佣金收入:理财业务(产品),P,95474000.0,,,CNY,000001
000001.SZ,20110630,非利息收入:手续费及佣金收入:其他(产品),P,165552000.0,,,CNY,000001
000001.SZ,20110630,非利息收入:手续费及佣金收入:代理委托业务(产品),P,154704000.0,,,CNY,000001
000001.SZ,20110630,非利息收入:手续费及佣金收入(产品),P,1330035000.0,,,CNY,000001
000001.SZ,20110630,利息收入:金融企业往来:同业转贴现及买入返售票据(产品),P,3631838000.0,,,CNY,000001
000001.SZ,20110630,利息收入:金融企业往来:其他(产品),P,464304000.0,,,CNY,000001
000001.SZ,20110630,利息收入:金融企业往来(产品),P,4096142000.0,,,CNY,000001
000001.SZ,20110630,利息收入:存放中央银行款项(产品),P,610507000.0,,,CNY,000001
000001.SZ,20110630,利息收入:发放贷款及垫款:票据贴现业务(产品),P,221436000.0,,,CNY,000001
000001.SZ,20110630,利息收入:发放贷款及垫款:公司贷款业务(产品),P,8474867000.0,,,CNY,000001
000001.SZ,20110630,利息收入:发放贷款及垫款:个人贷款业务(产品),P,3635560000.0,,,CNY,000001
000001.SZ,20110630,利息收入:发放贷款及垫款(产品),P,12331863000.0,,,CNY,000001
000001.SZ,20110630,利息收入:其他(产品),P,350458000.0,,,CNY,000001
000001.SZ,20110630,利息收入:债券投资(产品),P,2116978000.0,,,CNY,000001
000001.SZ,20110630,利息收入:交易性金融资产(产品),P,34513000.0,,,CNY,000001
000001.SZ,20110630,利息收入(产品),P,19540461000.0,,,CNY,000001
000001.SZ,20101231,非利息收入:手续费及佣金收入:银行卡业务(产品),P,621272000.0,,,CNY,000001
000001.SZ,20101231,非利息收入:手续费及佣金收入:账户管理费收入(产品),P,47705000.0,,,CNY,000001
000001.SZ,20101231,非利息收入:手续费及佣金收入:财务顾问业务(产品),P,276997000.0,,,CNY,000001
000001.SZ,20101231,非利息收入:手续费及佣金收入:结算业务(产品),P,501072000.0,,,CNY,000001
000001.SZ,20101231,非利息收入:手续费及佣金收入:理财业务(产品),P,55948000.0,,,CNY,000001
000001.SZ,20101231,非利息收入:手续费及佣金收入:其他(产品),P,164290000.0,,,CNY,000001
000001.SZ,20101231,非利息收入:手续费及佣金收入:代理委托业务(产品),P,169092000.0,,,CNY,000001
000001.SZ,20101231,非利息收入:手续费及佣金收入(产品),P,1836376000.0,,,CNY,000001
000001.SZ,20101231,利息收入:金融企业往来:同业转贴现及买入返售票据(产品),P,2345347000.0,,,CNY,000001
000001.SZ,20101231,利息收入:金融企业往来:其他(产品),P,460476000.0,,,CNY,000001
000001.SZ,20101231,利息收入:金融企业往来(产品),P,2805823000.0,,,CNY,000001
000001.SZ,20101231,利息收入:存放中央银行款项(产品),P,856418000.0,,,CNY,000001
000001.SZ,20101231,利息收入:发放贷款及垫款:票据贴现业务(产品),P,316995000.0,,,CNY,000001
000001.SZ,20101231,利息收入:发放贷款及垫款:公司贷款业务(产品),P,13344187000.0,,,CNY,000001
000001.SZ,20101231,利息收入:发放贷款及垫款:个人贷款业务(产品),P,5737924000.0,,,CNY,000001
000001.SZ,20101231,利息收入:发放贷款及垫款(产品),P,19399106000.0,,,CNY,000001
000001.SZ,20101231,利息收入:债券投资(产品),P,3175925000.0,,,CNY,000001
000001.SZ,20101231,利息收入:交易性金融资产(产品),P,14518000.0,,,CNY,000001
000001.SZ,20101231,利息收入(产品),P,26251790000.0,,,CNY,000001
000001.SZ,20100630,非利息收入:手续费及佣金收入:银行卡业务(产品),P,338036000.0,,,CNY,000001
000001.SZ,20100630,非利息收入:手续费及佣金收入:账户管理费收入(产品),P,21175000.0,,,CNY,000001
000001.SZ,20100630,非利息收入:手续费及佣金收入:财务顾问业务(产品),P,125934000.0,,,CNY,000001
000001.SZ,20100630,非利息收入:手续费及佣金收入:结算业务(产品),P,229832000.0,,,CNY,000001
000001.SZ,20100630,非利息收入:手续费及佣金收入:理财业务(产品),P,21223000.0,,,CNY,000001
000001.SZ,20100630,非利息收入:手续费及佣金收入:其他(产品),P,70997000.0,,,CNY,000001
000001.SZ,20100630,非利息收入:手续费及佣金收入:代理委托业务(产品),P,57531000.0,,,CNY,000001
000001.SZ,20100630,非利息收入:手续费及佣金收入(产品),P,864728000.0,,,CNY,000001
000001.SZ,20100630,利息收入:金融企业往来:同业转贴现及买入返售票据(产品),P,1064734000.0,,,CNY,000001
000001.SZ,20100630,利息收入:金融企业往来:其他(产品),P,170672000.0,,,CNY,000001
000001.SZ,20100630,利息收入:金融企业往来(产品),P,1235406000.0,,,CNY,000001
000001.SZ,20100630,利息收入:存放中央银行款项(产品),P,372350000.0,,,CNY,000001
000001.SZ,20100630,利息收入:发放贷款及垫款:票据贴现业务(产品),P,130851000.0,,,CNY,000001
000001.SZ,20100630,利息收入:发放贷款及垫款:公司贷款业务(产品),P,6268374000.0,,,CNY,000001
000001.SZ,20100630,利息收入:发放贷款及垫款:个人贷款业务(产品),P,2627560000.0,,,CNY,000001
000001.SZ,20100630,利息收入:发放贷款及垫款(产品),P,9026785000.0,,,CNY,000001
000001.SZ,20100630,利息收入:债券投资(产品),P,1538466000.0,,,CNY,000001
000001.SZ,20100630,利息收入:交易性金融资产(产品),P,6588000.0,,,CNY,000001
000001.SZ,20100630,利息收入(产品),P,12179595000.0,,,CNY,000001
000001.SZ,20091231,非利息收入:手续费及佣金收入:银行卡业务(产品),P,392259000.0,,,CNY,000001
000001.SZ,20091231,非利息收入:手续费及佣金收入:账户管理费收入(产品),P,29966000.0,,,CNY,000001
000001.SZ,20091231,非利息收入:手续费及佣金收入:财务顾问业务(产品),P,338021000.0,,,CNY,000001
000001.SZ,20091231,非利息收入:手续费及佣金收入:结算业务(产品),P,387014000.0,,,CNY,000001
000001.SZ,20091231,非利息收入:手续费及佣金收入:理财业务(产品),P,17025000.0,,,CNY,000001
000001.SZ,20091231,非利息收入:手续费及佣金收入:其他(产品),P,119969000.0,,,CNY,000001
000001.SZ,20091231,非利息收入:手续费及佣金收入:代理委托业务(产品),P,102718000.0,,,CNY,000001
000001.SZ,20091231,非利息收入:手续费及佣金收入(产品),P,1386972000.0,,,CNY,000001
000001.SZ,20091231,利息收入:金融企业往来:同业转贴现及买入返售票据(产品),P,1629764000.0,,,CNY,000001
000001.SZ,20091231,利息收入:金融企业往来:其他(产品),P,823984000.0,,,CNY,000001
000001.SZ,20091231,利息收入:金融企业往来(产品),P,2453748000.0,,,CNY,000001
000001.SZ,20091231,利息收入:存放中央银行款项(产品),P,639322000.0,,,CNY,000001
000001.SZ,20091231,利息收入:发放贷款及垫款:票据贴现业务(产品),P,591686000.0,,,CNY,000001
000001.SZ,20091231,利息收入:发放贷款及垫款:公司贷款业务(产品),P,10817870000.0,,,CNY,000001
000001.SZ,20091231,利息收入:发放贷款及垫款:个人贷款业务(产品),P,4849172000.0,,,CNY,000001
000001.SZ,20091231,利息收入:发放贷款及垫款(产品),P,16258728000.0,,,CNY,000001
000001.SZ,20091231,利息收入:债券投资(产品),P,2601525000.0,,,CNY,000001
000001.SZ,20091231,利息收入:交易性金融资产(产品),P,32189000.0,,,CNY,000001
000001.SZ,20091231,利息收入(产品),P,21985512000.0,,,CNY,000001
000001.SZ,20090630,非利息收入:手续费及佣金收入:银行卡业务(产品),P,100771000.0,,,CNY,000001
000001.SZ,20090630,非利息收入:手续费及佣金收入:结算手续费收入(产品),P,131335000.0,,,CNY,000001
000001.SZ,20090630,非利息收入:手续费及佣金收入:结算业务(产品),P,182662000.0,,,CNY,000001
000001.SZ,20090630,非利息收入:手续费及佣金收入:国际结算手续费收入(产品),P,51327000.0,,,CNY,000001
000001.SZ,20090630,非利息收入:手续费及佣金收入:其他(产品),P,261324000.0,,,CNY,000001
000001.SZ,20090630,非利息收入:手续费及佣金收入:代理委托业务(产品),P,25055000.0,,,CNY,000001
000001.SZ,20090630,非利息收入:手续费及佣金收入(产品),P,569812000.0,,,CNY,000001
000001.SZ,20090630,利息收入:金融企业往来(产品),P,1518694000.0,,,CNY,000001
000001.SZ,20090630,利息收入:存放中央银行款项(产品),P,298421000.0,,,CNY,000001
000001.SZ,20090630,利息收入:发放贷款及垫款:票据贴现业务(产品),P,467776000.0,,,CNY,000001
000001.SZ,20090630,利息收入:发放贷款及垫款:公司贷款业务(产品),P,5125606000.0,,,CNY,000001
000001.SZ,20090630,利息收入:发放贷款及垫款:个人贷款业务(产品),P,2428516000.0,,,CNY,000001
000001.SZ,20090630,利息收入:发放贷款及垫款(产品),P,8021898000.0,,,CNY,000001
000001.SZ,20090630,利息收入:债券投资(产品),P,1316361000.0,,,CNY,000001
000001.SZ,20090630,利息收入:交易性金融资产(产品),P,15918000.0,,,CNY,000001
000001.SZ,20090630,利息收入(产品),P,11171292000.0,,,CNY,000001
000001.SZ,20081231,非利息收入:手续费及佣金收入:银行卡业务(产品),P,221086000.0,,,CNY,000001
000001.SZ,20081231,非利息收入:手续费及佣金收入:结算手续费收入(产品),P,215993000.0,,,CNY,000001
000001.SZ,20081231,非利息收入:手续费及佣金收入:结算业务(产品),P,347013000.0,,,CNY,000001
000001.SZ,20081231,非利息收入:手续费及佣金收入:国际结算手续费收入(产品),P,131020000.0,,,CNY,000001
000001.SZ,20081231,非利息收入:手续费及佣金收入:其他(产品),P,404493000.0,,,CNY,000001
000001.SZ,20081231,非利息收入:手续费及佣金收入:代理委托业务(产品),P,84055000.0,,,CNY,000001
000001.SZ,20081231,非利息收入:手续费及佣金收入(产品),P,1056647000.0,,,CNY,000001
000001.SZ,20081231,利息收入:金融企业往来(产品),P,3941979000.0,,,CNY,000001
000001.SZ,20081231,利息收入:存放中央银行款项(产品),P,728694000.0,,,CNY,000001
000001.SZ,20081231,利息收入:发放贷款及垫款:票据贴现业务(产品),P,2828661000.0,,,CNY,000001
000001.SZ,20081231,利息收入:发放贷款及垫款:公司贷款业务(产品),P,11686554000.0,,,CNY,000001
000001.SZ,20081231,利息收入:发放贷款及垫款:个人贷款业务(产品),P,4891174000.0,,,CNY,000001
000001.SZ,20081231,利息收入:发放贷款及垫款(产品),P,19406389000.0,,,CNY,000001
000001.SZ,20081231,利息收入:债券投资(产品),P,2330843000.0,,,CNY,000001
000001.SZ,20081231,利息收入:交易性金融资产(产品),P,57359000.0,,,CNY,000001
000001.SZ,20081231,利息收入(产品),P,26465264000.0,,,CNY,000001
000001.SZ,20080630,非利息收入:手续费及佣金收入:银行卡业务(产品),P,101766000.0,,,CNY,000001
000001.SZ,20080630,非利息收入:手续费及佣金收入:结算手续费收入(产品),P,89353000.0,,,CNY,000001
000001.SZ,20080630,非利息收入:手续费及佣金收入:结算业务(产品),P,149459000.0,,,CNY,000001
000001.SZ,20080630,非利息收入:手续费及佣金收入:国际结算手续费收入(产品),P,60106000.0,,,CNY,000001
000001.SZ,20080630,非利息收入:手续费及佣金收入:其他(产品),P,160754000.0,,,CNY,000001
000001.SZ,20080630,非利息收入:手续费及佣金收入:代理委托业务(产品),P,58018000.0,,,CNY,000001
000001.SZ,20080630,非利息收入:手续费及佣金收入(产品),P,469997000.0,,,CNY,000001
000001.SZ,20080630,利息收入:金融企业往来(产品),P,2117239000.0,,,CNY,000001
000001.SZ,20080630,利息收入:存放中央银行款项(产品),P,355856000.0,,,CNY,000001
000001.SZ,20080630,利息收入:发放贷款及垫款:票据贴现业务(产品),P,1709174000.0,,,CNY,000001
000001.SZ,20080630,利息收入:发放贷款及垫款:公司贷款业务(产品),P,5682742000.0,,,CNY,000001
000001.SZ,20080630,利息收入:发放贷款及垫款:个人贷款业务(产品),P,2307060000.0,,,CNY,000001
000001.SZ,20080630,利息收入:发放贷款及垫款(产品),P,9698976000.0,,,CNY,000001
000001.SZ,20080630,利息收入:债券投资(产品),P,1023386000.0,,,CNY,000001
000001.SZ,20080630,利息收入(产品),P,13195457000.0,,,CNY,000001
000001.SZ,20071231,非利息收入:手续费及佣金收入:银行卡业务(产品),P,131102000.0,,,CNY,000001
000001.SZ,20071231,非利息收入:手续费及佣金收入:结算手续费收入(产品),P,161744000.0,,,CNY,000001
000001.SZ,20071231,非利息收入:手续费及佣金收入:结算业务(产品),P,265309000.0,,,CNY,000001
000001.SZ,20071231,非利息收入:手续费及佣金收入:国际结算手续费收入(产品),P,103565000.0,,,CNY,000001
000001.SZ,20071231,非利息收入:手续费及佣金收入:其他(产品),P,200922000.0,,,CNY,000001
000001.SZ,20071231,非利息收入:手续费及佣金收入:代理委托业务(产品),P,70418000.0,,,CNY,000001
000001.SZ,20071231,非利息收入:手续费及佣金收入(产品),P,667751000.0,,,CNY,000001
000001.SZ,20071231,利息收入:金融企业往来(产品),P,2057207000.0,,,CNY,000001
000001.SZ,20071231,利息收入:存放中央银行款项(产品),P,463496000.0,,,CNY,000001
000001.SZ,20071231,利息收入:发放贷款及垫款:票据贴现业务(产品),P,2164801000.0,,,CNY,000001
000001.SZ,20071231,利息收入:发放贷款及垫款:公司贷款业务(产品),P,8789274000.0,,,CNY,000001
000001.SZ,20071231,利息收入:发放贷款及垫款:个人贷款业务(产品),P,3268017000.0,,,CNY,000001
000001.SZ,20071231,利息收入:发放贷款及垫款(产品),P,14222092000.0,,,CNY,000001
000001.SZ,20071231,利息收入:债券投资(产品),P,1301105000.0,,,CNY,000001
000001.SZ,20071231,利息收入(产品),P,18043900000.0,,,CNY,000001
000001.SZ,20070630,非利息收入:手续费及佣金收入:银行卡业务(产品),P,49833000.0,,,CNY,000001
000001.SZ,20070630,非利息收入:手续费及佣金收入:结算手续费收入(产品),P,75557000.0,,,CNY,000001
000001.SZ,20070630,非利息收入:手续费及佣金收入:结算业务(产品),P,122023000.0,,,CNY,000001
000001.SZ,20070630,非利息收入:手续费及佣金收入:国际结算手续费收入(产品),P,46466000.0,,,CNY,000001
000001.SZ,20070630,非利息收入:手续费及佣金收入:其他(产品),P,61585000.0,,,CNY,000001
000001.SZ,20070630,非利息收入:手续费及佣金收入:代理委托业务(产品),P,29310000.0,,,CNY,000001
000001.SZ,20070630,非利息收入:手续费及佣金收入(产品),P,262751000.0,,,CNY,000001
000001.SZ,20070630,利息收入:金融企业往来:同业转贴现及买入返售票据(产品),P,62819000.0,,,CNY,000001
000001.SZ,20070630,利息收入:金融企业往来(产品),P,340649000.0,,,CNY,000001
000001.SZ,20070630,利息收入:拆出资金(产品),P,124846000.0,,,CNY,000001
000001.SZ,20070630,利息收入:拆借存放等同业业务(产品),P,277830000.0,,,CNY,000001
000001.SZ,20070630,利息收入:存放同业款项(产品),P,152984000.0,,,CNY,000001
000001.SZ,20070630,利息收入:存放中央银行款项(产品),P,196243000.0,,,CNY,000001
000001.SZ,20070630,利息收入:发放贷款及垫款:票据贴现业务(产品),P,850060000.0,,,CNY,000001
000001.SZ,20070630,利息收入:发放贷款及垫款:公司贷款业务(产品),P,3674357000.0,,,CNY,000001
000001.SZ,20070630,利息收入:发放贷款及垫款:个人贷款业务(产品),P,1379374000.0,,,CNY,000001
000001.SZ,20070630,利息收入:发放贷款及垫款(产品),P,5903791000.0,,,CNY,000001
000001.SZ,20070630,利息收入:其他(产品),P,641380000.0,,,CNY,000001
000001.SZ,20070630,利息收入:债券投资(产品),P,539153000.0,,,CNY,000001
000001.SZ,20070630,利息收入:买入返售金融资产(产品),P,62819000.0,,,CNY,000001
000001.SZ,20070630,利息收入(产品),P,7621216000.0,,,CNY,000001
000001.SZ,20061231,非利息收入:手续费及佣金收入:银行卡业务(产品),P,98819193.0,,,CNY,000001
000001.SZ,20061231,非利息收入:手续费及佣金收入:结算手续费收入(产品),P,131187085.0,,,CNY,000001
000001.SZ,20061231,非利息收入:手续费及佣金收入:结算业务(产品),P,216095259.0,,,CNY,000001
000001.SZ,20061231,非利息收入:手续费及佣金收入:委托贷款手续费收入(产品),P,13994060.0,,,CNY,000001
000001.SZ,20061231,非利息收入:手续费及佣金收入:国际结算手续费收入(产品),P,84908174.0,,,CNY,000001
000001.SZ,20061231,非利息收入:手续费及佣金收入:其他(产品),P,78092779.0,,,CNY,000001
000001.SZ,20061231,非利息收入:手续费及佣金收入:代理委托业务(产品),P,32387611.0,,,CNY,000001
000001.SZ,20061231,非利息收入:手续费及佣金收入:代理业务手续费收入(产品),P,18393551.0,,,CNY,000001
000001.SZ,20061231,非利息收入:手续费及佣金收入(产品),P,425394842.0,,,CNY,000001
000001.SZ,20061231,利息收入:金融企业往来:同业转贴现及买入返售票据(产品),P,60825904.0,,,CNY,000001
000001.SZ,20061231,利息收入:金融企业往来(产品),P,492902440.0,,,CNY,000001
000001.SZ,20061231,利息收入:拆出资金(产品),P,190706219.0,,,CNY,000001
000001.SZ,20061231,利息收入:拆借存放等同业业务(产品),P,432076536.0,,,CNY,000001
000001.SZ,20061231,利息收入:存放同业款项(产品),P,241370317.0,,,CNY,000001
000001.SZ,20061231,利息收入:存放中央银行款项(产品),P,281430318.0,,,CNY,000001
000001.SZ,20061231,利息收入:发放贷款及垫款(产品),P,9896603408.0,,,CNY,000001
000001.SZ,20061231,利息收入:债券投资(产品),P,880281113.0,,,CNY,000001
000001.SZ,20061231,利息收入:买入返售款项(产品),P,60825904.0,,,CNY,000001
000001.SZ,20061231,利息收入(产品),P,11551217279.0,,,CNY,000001
000001.SZ,20060630,非利息收入:手续费及佣金收入(产品),P,185387529.0,,,CNY,000001
000001.SZ,20060630,利息收入:金融企业往来:同业转贴现及买入返售票据(产品),P,18853208.0,,,CNY,000001
000001.SZ,20060630,利息收入:金融企业往来(产品),P,661401018.0,,,CNY,000001
000001.SZ,20060630,利息收入:拆借存放等同业业务(产品),P,642547810.0,,,CNY,000001
000001.SZ,20060630,利息收入:发放贷款及垫款(产品),P,4127270503.0,,,CNY,000001
000001.SZ,20060630,利息收入:债券投资(产品),P,421922733.0,,,CNY,000001
000001.SZ,20060630,利息收入:买入返售证券收入(产品),P,18853208.0,,,CNY,000001
000001.SZ,20060630,利息收入(产品),P,5210594254.0,,,CNY,000001
000002.SZ,20251231,物业服务,P,35524514188.86,4385600967.74,31138913221.12,CNY,000002
000002.SZ,20251231,房地产开发及相关资产经营业务,P,190651153540.56,16472341619.53,174178811921.03,CNY,000002
000002.SZ,20251231,其他业务,P,7257101231.01,1227534602.28,6029566628.73,CNY,000002
000002.SZ,20250630,物业管理,P,17090171974.86,2381862282.39,14708309692.47,CNY,000002
000002.SZ,20250630,物业服务,P,17090171974.86,2381862282.39,14708309692.47,CNY,000002
000002.SZ,20250630,房地产开发及相关资产经营业务,P,84436051307.46,7348507893.66,77087543413.8,CNY,000002
000002.SZ,20250630,房地产,P,84436051307.46,7348507893.66,77087543413.8,CNY,000002
000002.SZ,20250630,其他业务,P,3797081126.82,768390885.86,3028690240.96,CNY,000002
000002.SZ,20241231,物业管理,P,33132311956.26,4376111924.08,28756200032.18,CNY,000002
000002.SZ,20241231,物业服务,P,33132311956.26,4376111924.08,28756200032.18,CNY,000002
000002.SZ,20241231,房地产开发及相关资产经营业务,P,301028397710.66,28702460070.76,272325937639.9,CNY,000002
000002.SZ,20241231,房地产,P,301028397710.66,28702460070.76,272325937639.9,CNY,000002
000002.SZ,20241231,其他业务,P,9015731046.04,1832997278.62,7182733767.42,CNY,000002
000002.SZ,20240630,物业管理,P,15999402907.03,2184156182.73,13815246724.3,CNY,000002
000002.SZ,20240630,物业服务,P,15999402907.03,2184156182.73,13815246724.3,CNY,000002
000002.SZ,20240630,房地产开发及相关资产经营业务,P,123398764020.37,8941815948.03,114456948072.34,CNY,000002
000002.SZ,20240630,房地产,P,123398764020.37,8941815948.03,114456948072.34,CNY,000002
000002.SZ,20240630,其他业务,P,3380597152.4,460753865.53,2919843286.87,CNY,000002
000002.SZ,20231231,物业管理,P,29427038790.16,4402383850.67,25024654939.49,CNY,000002
000002.SZ,20231231,物业服务,P,29427038790.16,4402383850.67,25024654939.49,CNY,000002
000002.SZ,20231231,房地产开发及相关资产经营业务,P,429745794636.27,66232361049.29,363513433586.98,CNY,000002
000002.SZ,20231231,房地产,P,429745794636.27,66232361049.29,363513433586.98,CNY,000002
000002.SZ,20231231,其他收入-产品,P,6566243275.8,320472284.48,6245770991.32,CNY,000002
000002.SZ,20231231,其他业务收入,P,6566243275.8,320472284.48,6245770991.32,CNY,000002
000002.SZ,20231231,其他业务,P,6566243275.8,320472284.48,6245770991.32,CNY,000002
000002.SZ,20230630,物业管理,P,14037337074.47,2160722737.34,11876614337.13,CNY,000002
000002.SZ,20230630,物业服务,P,14037337074.47,2160722737.34,11876614337.13,CNY,000002
000002.SZ,20230630,房地产开发及相关资产经营业务,P,184361839659.57,35594919125.15,148766920534.42,CNY,000002
000002.SZ,20230630,房地产,P,184361839659.57,35594919125.15,148766920534.42,CNY,000002
000002.SZ,20230630,其他业务,P,2493413333.18,145773710.26,2347639622.92,CNY,000002
000002.SZ,20221231,物业管理,P,25773938129.27,3716345883.45,22057592245.82,CNY,000002
000002.SZ,20221231,物业服务,P,25773938129.27,3716345883.45,22057592245.82,CNY,000002
000002.SZ,20221231,房地产开发及相关资产经营业务,P,470446059472.72,93047976818.16,377398082654.56,CNY,000002
000002.SZ,20221231,房地产,P,470446059472.72,93047976818.16,377398082654.56,CNY,000002
000002.SZ,20221231,其他业务,P,7618369756.77,1754757677.51,5863612079.26,CNY,000002
000002.SZ,20220630,物业管理,P,12192346690.71,1853008130.88,10339338559.83,CNY,000002
000002.SZ,20220630,物业服务,P,12192346690.71,1853008130.88,10339338559.83,CNY,000002
000002.SZ,20220630,房地产开发及相关资产经营业务,P,191672022030.37,39956829639.76,151715192390.61,CNY,000002
000002.SZ,20220630,房地产,P,191672022030.37,39956829639.76,151715192390.61,CNY,000002
000002.SZ,20220630,其他业务,P,3051920728.64,535382720.85,2516538007.79,CNY,000002
000002.SZ,20211231,物业管理,P,19830881965.46,3454998462.19,16375883503.27,CNY,000002
000002.SZ,20211231,物业服务,P,19830881965.46,3454998462.19,16375883503.27,CNY,000002
000002.SZ,20211231,房地产开发及相关资产经营业务,P,429931912690.41,93446665337.69,336485247352.72,CNY,000002
000002.SZ,20211231,房地产,P,429931912690.41,93446665337.69,336485247352.72,CNY,000002
000002.SZ,20211231,其他业务,P,3034979318.27,1918972202.12,1116007116.15,CNY,000002
000002.SZ,20210630,物业管理,P,8574985264.65,1532713147.24,7042272117.41,CNY,000002
000002.SZ,20210630,物业服务,P,8574985264.65,1532713147.24,7042272117.41,CNY,000002
000002.SZ,20210630,房地产开发及相关资产经营业务,P,157525428300.24,36266912044.33,121258516255.91,CNY,000002
000002.SZ,20210630,房地产,P,157525428300.24,36266912044.33,121258516255.91,CNY,000002
000002.SZ,20210630,其他业务,P,1010521679.67,536089559.55,474432120.12,CNY,000002
000002.SZ,20201231,物业管理,P,15432211007.47,2828192034.92,12604018972.55,CNY,000002
000002.SZ,20201231,物业服务,P,15432211007.47,2828192034.92,12604018972.55,CNY,000002
000002.SZ,20201231,房地产开发及相关资产经营业务,P,400448735926.86,117581467021.65,282867268905.21,CNY,000002
000002.SZ,20201231,房地产,P,400448735926.86,117581467021.65,282867268905.21,CNY,000002
000002.SZ,20201231,其他业务,P,3230730779.79,2161330682.28,1069400097.51,CNY,000002
000002.SZ,20200630,物业管理,P,6698358861.88,1000894197.02,5697464664.86,CNY,000002
000002.SZ,20200630,物业服务,P,6698358861.88,1000894197.02,5697464664.86,CNY,000002
000002.SZ,20200630,房地产开发及相关资产经营业务,P,138140078962.45,44410299330.28,93729779632.17,CNY,000002
000002.SZ,20200630,房地产,P,138140078962.45,44410299330.28,93729779632.17,CNY,000002
000002.SZ,20200630,其他业务,P,1511068905.38,1141025796.32,370043109.06,CNY,000002
000002.SZ,20191231,物业管理,P,12700185214.43,2358810452.36,10341374762.07,CNY,000002
000002.SZ,20191231,物业服务,P,12700185214.43,2358810452.36,10341374762.07,CNY,000002
000002.SZ,20191231,房地产开发及相关资产经营业务,P,352653531592.37,128796374535.66,223857157056.71,CNY,000002
000002.SZ,20191231,房地产,P,352653531592.37,128796374535.66,223857157056.71,CNY,000002
000002.SZ,20191231,其他业务,P,2540160732.14,2188359744.87,351800987.27,CNY,000002
000002.SZ,20190630,物业管理,P,5282540619.68,816821953.81,4465718665.87,CNY,000002
000002.SZ,20190630,物业服务,P,5282540619.68,816821953.81,4465718665.87,CNY,000002
000002.SZ,20190630,房地产开发及相关资产经营业务,P,132990283528.38,48935647798.86,84054635729.52,CNY,000002
000002.SZ,20190630,房地产,P,132990283528.38,48935647798.86,84054635729.52,CNY,000002
000002.SZ,20190630,其他业务,P,1047252693.27,744520793.11,302731900.16,CNY,000002
000002.SZ,20181231,物业管理,P,9795648412.21,1825697295.17,7969951117.04,CNY,000002
000002.SZ,20181231,物业服务,P,9795648412.21,1825697295.17,7969951117.04,CNY,000002
000002.SZ,20181231,房地产开发及相关资产经营业务,P,284621125354.51,107535217015.46,177085908339.05,CNY,000002
000002.SZ,20181231,房地产,P,284621125354.51,107535217015.46,177085908339.05,CNY,000002
000002.SZ,20181231,其他业务,P,3262557336.47,2214192550.75,1048364785.72,CNY,000002
000002.SZ,20180630,物业管理,P,4157700163.21,719842550.13,3437857613.08,CNY,000002
000002.SZ,20180630,物业服务,P,4157700163.21,719842550.13,3437857613.08,CNY,000002
000002.SZ,20180630,房地产开发及相关资产经营业务,P,100636111261.53,34898874646.94,65737236614.59,CNY,000002
000002.SZ,20180630,房地产,P,100636111261.53,34898874646.94,65737236614.59,CNY,000002
000002.SZ,20180630,其他业务,P,1180725845.2,875906636.54,304819208.66,CNY,000002
000002.SZ,20171231,物业管理,P,7126587001.93,1333953764.33,5792633237.6,CNY,000002
000002.SZ,20171231,物业服务,P,7126587001.93,1333953764.33,5792633237.6,CNY,000002
000002.SZ,20171231,房地产开发及相关资产经营业务,P,233013061825.96,79627870126.56,153385191699.4,CNY,000002
000002.SZ,20171231,房地产,P,233013061825.96,79627870126.56,153385191699.4,CNY,000002
000002.SZ,20171231,其他业务,P,2757461422.63,1855370456.2,902090966.43,CNY,000002
000002.SZ,20170630,物业管理,P,2998736385.0,662589414.79,2336146970.21,CNY,000002
000002.SZ,20170630,物业服务,P,2998736385.0,662589414.79,2336146970.21,CNY,000002
000002.SZ,20170630,房地产开发及相关资产经营业务,P,65523464141.24,21238104422.05,44285359719.19,CNY,000002
000002.SZ,20170630,房地产,P,65523464141.24,21238104422.05,44285359719.19,CNY,000002
000002.SZ,20170630,其他业务,P,1288277041.25,894759061.28,393517979.97,CNY,000002
000002.SZ,20161231,物业管理,P,4260251414.57,941452601.65,3318798812.92,CNY,000002
000002.SZ,20161231,物业服务,P,4260251414.57,941452601.65,3318798812.92,CNY,000002
000002.SZ,20161231,房地产开发及相关资产经营业务,P,234140296577.54,67965384782.39,166174911795.15,CNY,000002
000002.SZ,20161231,房地产,P,234140296577.54,67965384782.39,166174911795.15,CNY,000002
000002.SZ,20161231,其他业务,P,2076688931.23,1827996107.53,248692823.7,CNY,000002
000002.SZ,20160630,物业管理,P,1764995731.18,436774099.46,1328221631.72,CNY,000002
000002.SZ,20160630,物业服务,P,1764995731.18,436774099.46,1328221631.72,CNY,000002
000002.SZ,20160630,房地产开发及相关资产经营业务,P,72484392187.12,18879891054.92,53604501132.2,CNY,000002
000002.SZ,20160630,房地产,P,72484392187.12,18879891054.92,53604501132.2,CNY,000002
000002.SZ,20160630,其他业务,P,545906387.99,361141246.21,184765141.78,CNY,000002
000002.SZ,20151231,物业管理,P,2970383842.24,686993444.18,2283390398.06,CNY,000002
000002.SZ,20151231,物业服务,P,2970383842.24,686993444.18,2283390398.06,CNY,000002
000002.SZ,20151231,房地产开发及相关资产经营业务,P,190212835808.18,54682474558.84,135530361249.34,CNY,000002
000002.SZ,20151231,房地产,P,190212835808.18,54682474558.84,135530361249.34,CNY,000002
000002.SZ,20151231,其他业务,P,2365910370.48,2029033341.64,336877028.84,CNY,000002
000002.SZ,20150630,物业管理,P,1107604496.76,203892718.72,903711778.04,CNY,000002
000002.SZ,20150630,物业服务,P,1107604496.76,203892718.72,903711778.04,CNY,000002
000002.SZ,20150630,房地产开发及相关资产经营业务,P,48418523659.95,14499571148.76,33918952511.19,CNY,000002
000002.SZ,20150630,房地产,P,48418523659.95,14499571148.76,33918952511.19,CNY,000002
000002.SZ,20150630,其他业务,P,740669835.82,602519326.14,138150509.68,CNY,000002
000002.SZ,20141231,物业管理,P,1988012449.59,311611444.18,1676401005.41,CNY,000002
000002.SZ,20141231,物业服务,P,1988012449.59,311611444.18,1676401005.41,CNY,000002
000002.SZ,20141231,房地产开发及相关资产经营业务,P,143530092080.2,42724665521.15,100805426559.05,CNY,000002
000002.SZ,20141231,房地产,P,143530092080.2,42724665521.15,100805426559.05,CNY,000002
000002.SZ,20141231,其他业务,P,869899968.65,794663802.0,75236166.65,CNY,000002
000002.SZ,20140630,物业管理,P,840538706.93,163842033.79,676696673.14,CNY,000002
000002.SZ,20140630,物业服务,P,840538706.93,163842033.79,676696673.14,CNY,000002
000002.SZ,20140630,房地产开发及相关资产经营业务,P,39944011295.19,12400417829.38,27543593465.81,CNY,000002
000002.SZ,20140630,房地产,P,39944011295.19,12400417829.38,27543593465.81,CNY,000002
000002.SZ,20140630,其他业务,P,177352092.59,99228091.89,78124000.7,CNY,000002
000002.SZ,20131231,物业管理,P,1471209469.41,307651658.89,1163557810.52,CNY,000002
000002.SZ,20131231,物业服务,P,1471209469.41,307651658.89,1163557810.52,CNY,000002
000002.SZ,20131231,房地产开发及相关资产经营业务,P,132787685050.71,41259176149.99,91528508900.72,CNY,000002
000002.SZ,20131231,房地产,P,132787685050.71,41259176149.99,91528508900.72,CNY,000002
000002.SZ,20131231,其他业务,P,1159896560.23,1054312508.66,105584051.57,CNY,000002
000002.SZ,20130630,物业管理,P,589160615.41,109115306.34,480045309.07,CNY,000002
000002.SZ,20130630,物业服务,P,589160615.41,109115306.34,480045309.07,CNY,000002
000002.SZ,20130630,房地产开发及相关资产经营业务,P,40627025985.51,13687781027.25,26939244958.26,CNY,000002
000002.SZ,20130630,房地产,P,40627025985.51,13687781027.25,26939244958.26,CNY,000002
000002.SZ,20130630,其他业务,P,174158966.8,104570184.53,69588782.27,CNY,000002
000002.SZ,20121231,物业管理,P,859322851.63,134522389.13,724800462.5,CNY,000002
000002.SZ,20121231,物业服务,P,859322851.63,134522389.13,724800462.5,CNY,000002
000002.SZ,20121231,房地产开发及相关资产经营业务,P,101579716943.91,37011379416.27,64568337527.64,CNY,000002
000002.SZ,20121231,房地产,P,101579716943.91,37011379416.27,64568337527.64,CNY,000002
000002.SZ,20121231,其他业务,P,677205340.88,548728983.02,128476357.86,CNY,000002
000002.SZ,20120630,物业管理,P,350851260.34,52911426.84,297939833.5,CNY,000002
000002.SZ,20120630,物业服务,P,350851260.34,52911426.84,297939833.5,CNY,000002
000002.SZ,20120630,房地产开发及相关资产经营业务,P,30217928834.54,11284934621.5,18932994213.04,CNY,000002
000002.SZ,20120630,房地产,P,30217928834.54,11284934621.5,18932994213.04,CNY,000002
000002.SZ,20120630,其他业务,P,154211120.94,110699972.03,43511148.91,CNY,000002
000002.SZ,20111231,物业管理,P,572916381.85,122594800.33,450321581.52,CNY,000002
000002.SZ,20111231,物业服务,P,572916381.85,122594800.33,450321581.52,CNY,000002
000002.SZ,20111231,房地产开发及相关资产经营业务,P,70646855400.94,28020778149.5,42626077251.44,CNY,000002
000002.SZ,20111231,房地产,P,70646855400.94,28020778149.5,42626077251.44,CNY,000002
000002.SZ,20111231,其他业务,P,562978017.89,411213248.72,151764769.17,CNY,000002
000002.SZ,20110630,物业管理,P,238123016.77,26595135.53,211527881.24,CNY,000002
000002.SZ,20110630,物业服务,P,238123016.77,26595135.53,211527881.24,CNY,000002
000002.SZ,20110630,房地产开发及相关资产经营业务,P,19442981400.92,8734226819.24,10708754581.68,CNY,000002
000002.SZ,20110630,房地产,P,19442981400.92,8734226819.24,10708754581.68,CNY,000002
000002.SZ,20110630,其他业务,P,307733659.45,235285716.54,72447942.91,CNY,000002
000002.SZ,20101231,物业管理,P,430587405.45,81238105.99,349349299.46,CNY,000002
000002.SZ,20101231,物业服务,P,430587405.45,81238105.99,349349299.46,CNY,000002
000002.SZ,20101231,房地产开发及相关资产经营业务,P,50030951738.23,20401389116.87,29629562621.36,CNY,000002
000002.SZ,20101231,房地产,P,50030951738.23,20401389116.87,29629562621.36,CNY,000002
000002.SZ,20101231,其他业务,P,252312298.95,157728988.59,94583310.36,CNY,000002
000002.SZ,20100630,物业管理,P,178285024.0,23367894.0,154917130.0,CNY,000002
000002.SZ,20100630,物业服务,P,178285024.0,23367894.0,154917130.0,CNY,000002
000002.SZ,20100630,房地产开发及相关资产经营业务,P,16450674785.1,6445452303.31,10005222481.79,CNY,000002
000002.SZ,20100630,房地产,P,16450674785.1,6445452303.31,10005222481.79,CNY,000002
000002.SZ,20100630,其他业务,P,137370640.66,57761388.16,79609252.5,CNY,000002
000002.SZ,20091231,物业管理,P,328798883.78,80338398.91,248460484.87,CNY,000002
000002.SZ,20091231,物业服务,P,328798883.78,80338398.91,248460484.87,CNY,000002
000002.SZ,20091231,房地产开发及相关资产经营业务,P,48316228602.72,14167412346.19,34148816256.53,CNY,000002
000002.SZ,20091231,房地产,P,48316228602.72,14167412346.19,34148816256.53,CNY,000002
000002.SZ,20091231,其他业务,P,235985656.99,118544693.39,117440963.6,CNY,000002
000002.SZ,20090630,物业管理,P,129718211.8,20375385.05,109342826.75,CNY,000002
000002.SZ,20090630,物业服务,P,129718211.8,20375385.05,109342826.75,CNY,000002
000002.SZ,20090630,房地产开发及相关资产经营业务,P,21594539395.65,6740431267.81,14854108127.84,CNY,000002
000002.SZ,20090630,房地产,P,21594539395.65,6740431267.81,14854108127.84,CNY,000002
000002.SZ,20090630,其他业务,P,84394820.37,40542406.76,43852413.61,CNY,000002
000002.SZ,20081231,物业管理,P,252800310.83,8510148.29,244290162.54,CNY,000002
000002.SZ,20081231,物业服务,P,252800310.83,8510148.29,244290162.54,CNY,000002
000002.SZ,20081231,房地产开发及相关资产经营业务,P,40489603590.01,15836119137.74,24653484452.27,CNY,000002
000002.SZ,20081231,房地产,P,40489603590.01,15836119137.74,24653484452.27,CNY,000002
000002.SZ,20081231,其他业务,P,249375314.12,141875464.02,107499850.1,CNY,000002
000002.SZ,20080630,物业管理,P,121451843.81,12798464.98,108653378.83,CNY,000002
000002.SZ,20080630,物业服务,P,121451843.81,12798464.98,108653378.83,CNY,000002
000002.SZ,20080630,房地产开发及相关资产经营业务,P,17014209108.35,6998546707.33,10015662401.02,CNY,000002
000002.SZ,20080630,房地产,P,17014209108.35,6998546707.33,10015662401.02,CNY,000002
000002.SZ,20080630,其他业务,P,119352067.05,72256301.28,47095765.77,CNY,000002
000002.SZ,20071231,物业管理,P,210034694.86,114874337.11,95160357.75,CNY,000002
000002.SZ,20071231,物业服务,P,210034694.86,114874337.11,95160357.75,CNY,000002
000002.SZ,20071231,房地产开发及相关资产经营业务,P,35175177026.9,14728438875.96,20446738150.94,CNY,000002
000002.SZ,20071231,房地产,P,35175177026.9,14728438875.96,20446738150.94,CNY,000002
000002.SZ,20071231,其他业务,P,141399580.18,75959124.43,65440455.75,CNY,000002
000002.SZ,20070630,物业管理,P,103491660.56,23370103.01,80121557.55,CNY,000002
000002.SZ,20070630,物业服务,P,103491660.56,23370103.01,80121557.55,CNY,000002
000002.SZ,20070630,房地产开发及相关资产经营业务,P,10939499350.0,5007232346.55,5932267003.45,CNY,000002
000002.SZ,20070630,房地产,P,10939499350.0,5007232346.55,5932267003.45,CNY,000002
000002.SZ,20070630,其他业务,P,53529931.63,19603134.71,33926796.92,CNY,000002
000002.SZ,20061231,物业管理,P,178550651.03,57242099.0,121308552.03,CNY,000002
000002.SZ,20061231,物业服务,P,178550651.03,57242099.0,121308552.03,CNY,000002
000002.SZ,20061231,房地产开发及相关资产经营业务,P,17669659631.14,6589101830.11,11080557801.03,CNY,000002
000002.SZ,20061231,房地产,P,17669659631.14,6589101830.11,11080557801.03,CNY,000002
000002.SZ,20060630,物业管理,P,77895501.62,6126188.07,71769313.55,CNY,000002
000002.SZ,20060630,物业服务,P,77895501.62,6126188.07,71769313.55,CNY,000002
000002.SZ,20060630,房地产开发及相关资产经营业务,P,6539787694.15,2648019263.21,3891768430.94,CNY,000002
000002.SZ,20060630,房地产,P,6539787694.15,2648019263.21,3891768430.94,CNY,000002
000004.SZ,20251231,移动网络安全业务,P,100547353.26,88076523.31,12470829.95,CNY,000004
000004.SZ,20251231,新能源工程,P,8937545.86,202610.45,8734935.41,CNY,000004
000004.SZ,20251231,应急,P,5453235.43,5449932.12,3303.31,CNY,000004
000004.SZ,20251231,双预警摄像头,P,4583534.88,-162558.2,4746093.08,CNY,000004
000004.SZ,20251231,医药,P,49502465.61,45027068.55,4475397.06,CNY,000004
000004.SZ,20251231,其他业务收入,P,7307676.86,4306589.6,3001087.26,CNY,000004
000004.SZ,20251231,光伏发电工程,P,625542.97,362074.93,263468.04,CNY,000004
000004.SZ,20250630,移动网络安全业务,P,23436489.46,14453687.62,8982801.84,CNY,000004
000004.SZ,20250630,应急,P,466981.14,,,CNY,000004
000004.SZ,20250630,医药技术服务,P,3560139.37,1109686.57,2450452.8,CNY,000004
000004.SZ,20250630,其他收入,P,1038939.26,,,CNY,000004
000004.SZ,20241231,集成产品类,P,3932871.68,,,CNY,000004
000004.SZ,20241231,应急,P,3601338.16,,,CNY,000004
000004.SZ,20241231,安全平台产品,P,10114640.84,7453683.74,2660957.1,CNY,000004
000004.SZ,20241231,安全加固检测类,P,78531656.27,67120062.92,11411593.35,CNY,000004
000004.SZ,20241231,其他收入,P,2479846.76,,,CNY,000004
000004.SZ,20240630,移动网络安全业务,P,35873618.42,29210696.55,6662921.87,CNY,000004
000004.SZ,20240630,应急,P,465145.55,25145.57,439999.98,CNY,000004
000004.SZ,20240630,其他业务,P,778935.05,769203.47,9731.58,CNY,000004
000004.SZ,20231231,集成产品,P,3966000.0,,,CNY,000004
000004.SZ,20231231,移动应用安全检测平台,P,9165112.81,,,CNY,000004
000004.SZ,20231231,移动应用安全加固平台,P,4349633.04,,,CNY,000004
000004.SZ,20231231,源代码审计平台,P,1399115.04,,,CNY,000004
000004.SZ,20231231,应急,P,4536419.05,1421329.1,3115089.95,CNY,000004
000004.SZ,20231231,定制产品开发,P,3160377.36,,,CNY,000004
000004.SZ,20231231,安全管理,P,2415015.24,,,CNY,000004
000004.SZ,20231231,安全检测,P,27271817.97,16644585.87,10627232.1,CNY,000004
000004.SZ,20231231,安全加固检测类,P,46812463.98,27567708.24,19244755.74,CNY,000004
000004.SZ,20231231,威胁态势感知平台,P,3005977.63,,,CNY,000004
000004.SZ,20231231,其他收入,P,950687.0,,,CNY,000004
000004.SZ,20231231,其他平台,P,3015929.2,,,CNY,000004
000004.SZ,20230630,移动网络安全业务,P,27686327.58,18404897.39,9281430.19,CNY,000004
000004.SZ,20230630,应急,P,3803367.75,1119072.29,2684295.46,CNY,000004
000004.SZ,20230630,其他业务,P,479786.0,470054.42,9731.58,CNY,000004
000004.SZ,20221231,集成产品,P,8406613.8,1015235.92,7391377.88,CNY,000004
000004.SZ,20221231,评估增值部分摊销,P,,,4058750.0,CNY,000004
000004.SZ,20221231,移动应用安全检测平台,P,4346264.18,2882827.61,1463436.57,CNY,000004
000004.SZ,20221231,移动应用安全加固平台,P,738028.3,624219.39,113808.91,CNY,000004
000004.SZ,20221231,源代码审计平台,P,461345.8,99222.6,362123.2,CNY,000004
000004.SZ,20221231,应急,P,80628951.29,7985619.89,72643331.4,CNY,000004
000004.SZ,20221231,定制产品开发,P,2158979.62,1191499.54,967480.08,CNY,000004
000004.SZ,20221231,安全管理,P,337264.17,52121.99,285142.18,CNY,000004
000004.SZ,20221231,安全检测,P,22937041.45,16582707.18,6354334.27,CNY,000004
000004.SZ,20221231,安全加固检测类,P,43798705.5,34082262.42,9716443.08,CNY,000004
000004.SZ,20221231,威胁态势感知平台,P,525283.05,160547.1,364735.95,CNY,000004
000004.SZ,20221231,其他平台,P,1236320.79,704022.7,532298.09,CNY,000004
000004.SZ,20221231,其他业务,P,888492.0,869028.83,19463.17,CNY,000004
000004.SZ,20220630,应急,P,752212.39,-1969482.05,2721694.44,CNY,000004
000004.SZ,20220630,安全产品,P,21466303.22,15130510.37,6335792.85,CNY,000004
000004.SZ,20220630,其他业务,P,444246.0,434514.42,9731.58,CNY,000004
000004.SZ,20211231,集成产品,P,25220793.75,7286797.44,17933996.31,CNY,000004
000004.SZ,20211231,评估增值部分摊销,P,,,4058750.0,CNY,000004
000004.SZ,20211231,移动应用安全检测平台,P,12708390.59,10810171.28,1898219.31,CNY,000004
000004.SZ,20211231,移动应用安全加固平台,P,5095555.17,4078129.81,1017425.36,CNY,000004
000004.SZ,20211231,源代码审计平台,P,2158679.25,413515.75,1745163.5,CNY,000004
000004.SZ,20211231,智慧业务,P,20899115.04,7613165.45,13285949.59,CNY,000004
000004.SZ,20211231,应急,P,70946270.46,17146580.28,53799690.18,CNY,000004
000004.SZ,20211231,定制产品开发,P,1807547.17,535114.27,1272432.9,CNY,000004
000004.SZ,20211231,安全管理,P,2712902.44,2019065.94,693836.5,CNY,000004
000004.SZ,20211231,安全检测,P,62538184.86,55228188.16,7309996.7,CNY,000004
000004.SZ,20211231,安全加固检测类,P,70505657.37,52301754.31,18203903.06,CNY,000004
000004.SZ,20211231,威胁态势感知平台,P,4572576.77,2386726.98,2185849.79,CNY,000004
000004.SZ,20211231,其他平台,P,4448803.7,1917298.03,2531505.67,CNY,000004
000004.SZ,20211231,其他业务,P,5329705.05,4330125.07,999579.98,CNY,000004
000004.SZ,20210630,应急类,P,5554827.29,1381559.77,4173267.52,CNY,000004
000004.SZ,20210630,应急,P,5554827.29,1381559.77,4173267.52,CNY,000004
000004.SZ,20210630,安全产品,P,87038329.05,53191468.59,33846860.46,CNY,000004
000004.SZ,20210630,其他业务,P,419100.0,409368.42,9731.58,CNY,000004
000004.SZ,20201231,集成产品类,P,53375246.11,28925159.77,24450086.34,CNY,000004
000004.SZ,20201231,集成产品及定制开发类,P,53375246.11,28925159.77,24450086.34,CNY,000004
000004.SZ,20201231,安全系统平台类,P,73534095.93,58986513.8,14547582.13,CNY,000004
000004.SZ,20201231,安全平台产品,P,73534095.93,58986513.8,14547582.13,CNY,000004
000004.SZ,20201231,安全加固检测类,P,152922969.6,126797245.6,26125724.0,CNY,000004
000004.SZ,20201231,创世神曲,P,190218.62,-3963413.06,4153631.68,CNY,000004
000004.SZ,20201231,其他业务,P,508477.96,489014.8,19463.16,CNY,000004
000004.SZ,20200630,游戏类,P,171473.86,94080.53,77393.33,CNY,000004
000004.SZ,20200630,游戏收入,P,171473.86,94080.53,77393.33,CNY,000004
000004.SZ,20200630,安全产品,P,53149226.97,40299945.07,12849281.9,CNY,000004
000004.SZ,20200630,其他业务,P,160416.03,150684.45,9731.58,CNY,000004
000004.SZ,20191231,注射用门冬氨酸钾镁,P,3834690.52,2893437.59,941252.93,CNY,000004
000004.SZ,20191231,注射用盐酸罂粟碱,P,55870972.16,43175143.49,12695828.67,CNY,000004
000004.SZ,20191231,注射用复方二氯醋酸二异丙胺,P,22148040.43,21260222.01,887818.42,CNY,000004
000004.SZ,20191231,注射用三磷酸胞苷二钠,P,5226682.73,4954043.66,272639.07,CNY,000004
000004.SZ,20191231,复方二氯醋酸二异丙胺,P,22148040.43,21260222.01,887818.42,CNY,000004
000004.SZ,20191231,创世神曲,P,3334794.28,1869618.57,1465175.71,CNY,000004
000004.SZ,20191231,其他收入,P,17831517.2,4878645.47,12952871.73,CNY,000004
000004.SZ,20191231,三磷酸胞苷二钠,P,5226682.73,4954043.66,272639.07,CNY,000004
000004.SZ,20190630,注射用门冬氨酸钾镁,P,3834690.52,2893437.59,941252.93,CNY,000004
000004.SZ,20190630,注射用盐酸罂粟碱,P,55870972.16,43175143.49,12695828.67,CNY,000004
000004.SZ,20190630,注射用复方二氯醋酸二异丙胺,P,22148040.43,21260222.01,887818.42,CNY,000004
000004.SZ,20190630,注射用三磷酸胞苷二钠,P,5226682.73,4954043.66,272639.07,CNY,000004
000004.SZ,20190630,复方二氯醋酸二异丙胺,P,22148040.43,21260222.01,887818.42,CNY,000004
000004.SZ,20190630,创世神曲,P,3714795.88,1503446.52,2211349.36,CNY,000004
000004.SZ,20190630,其他业务,P,16861943.18,7973658.48,8888284.7,CNY,000004
000004.SZ,20190630,三磷酸胞苷二钠,P,5226682.73,4954043.66,272639.07,CNY,000004
000004.SZ,20181231,注射用门冬氨酸钾镁,P,14840407.69,11113942.43,3726465.26,CNY,000004
000004.SZ,20181231,注射用盐酸罂粟碱,P,87199491.92,77512913.42,9686578.5,CNY,000004
000004.SZ,20181231,注射用复方二氯醋酸二异丙胺,P,105078156.33,100728805.15,4349351.18,CNY,000004
000004.SZ,20181231,注射用三磷酸腺苷二钠氯化镁,P,23360066.78,6186795.09,17173271.69,CNY,000004
000004.SZ,20181231,注射用三磷酸胞苷二钠,P,22874716.43,21975247.37,899469.06,CNY,000004
000004.SZ,20181231,复方二氯醋酸二异丙胺,P,105078156.33,100728805.15,4349351.18,CNY,000004
000004.SZ,20181231,创世神曲,P,26142195.31,18737801.72,7404393.59,CNY,000004
000004.SZ,20181231,其他主营业务,P,87373770.24,64133682.44,23240087.8,CNY,000004
000004.SZ,20181231,三磷酸腺苷二钠氯化镁,P,23360066.78,6186795.09,17173271.69,CNY,000004
000004.SZ,20181231,三磷酸胞苷二钠,P,22874716.43,21975247.37,899469.06,CNY,000004
000004.SZ,20180630,黑暗与荣耀(魔兽归来),P,3379560.47,2655801.16,723759.31,CNY,000004
000004.SZ,20180630,环磷腺苷葡胺,P,11433185.67,8078928.46,3354257.21,CNY,000004
000004.SZ,20180630,注射用盐酸罂粟碱,P,24194870.15,23140644.55,1054225.6,CNY,000004
000004.SZ,20180630,注射用环磷腺苷葡胺,P,11433185.67,8078928.46,3354257.21,CNY,000004
000004.SZ,20180630,注射用复方二氯醋酸二异丙胺,P,46652582.62,44963933.09,1688649.53,CNY,000004
000004.SZ,20180630,注射用三磷酸腺苷二钠氯化镁,P,12036107.63,3411055.35,8625052.28,CNY,000004
000004.SZ,20180630,注射用三磷酸胞苷二钠,P,11051044.23,10612685.83,438358.4,CNY,000004
000004.SZ,20180630,复方二氯醋酸二异丙胺,P,46652582.62,44963933.09,1688649.53,CNY,000004
000004.SZ,20180630,创世神曲,P,3204501.65,2148181.96,1056319.69,CNY,000004
000004.SZ,20180630,其他业务,P,37992219.43,28030514.03,9961705.4,CNY,000004
000004.SZ,20180630,仙武乾坤,P,4547243.9,3541937.87,1005306.03,CNY,000004
000004.SZ,20180630,三磷酸腺苷二钠氯化镁,P,12036107.63,3411055.35,8625052.28,CNY,000004
000004.SZ,20180630,三磷酸胞苷二钠,P,11051044.23,10612685.83,438358.4,CNY,000004
000004.SZ,20171231,环磷腺苷葡胺,P,26455180.95,16970107.04,9485073.91,CNY,000004
000004.SZ,20171231,注射用门冬氨酸钾镁,P,6628781.27,3527273.76,3101507.51,CNY,000004
000004.SZ,20171231,注射用环磷腺苷葡胺,P,26455180.95,16970107.04,9485073.91,CNY,000004
000004.SZ,20171231,注射用氢氟酸高乌甲素,P,9131995.25,7222934.24,1909061.01,CNY,000004
000004.SZ,20171231,注射用复方二氯醋酸二异丙胺,P,43114161.1,40563060.45,2551100.65,CNY,000004
000004.SZ,20171231,注射用三磷酸胞苷二钠,P,9700497.36,,,CNY,000004
000004.SZ,20171231,复方二氯醋酸二异丙胺,P,43114161.1,40563060.45,2551100.65,CNY,000004
000004.SZ,20171231,其他主营业务,P,33685754.51,5597088.5,28088666.01,CNY,000004
000004.SZ,20171231,仙武乾坤,P,9889471.54,4944735.7,4944735.84,CNY,000004
000004.SZ,20171231,三磷酸胞苷二钠,P,9700497.36,7028970.7,2671526.66,CNY,000004
000004.SZ,20170630,环磷腺苷葡胺,P,3704119.63,975374.88,2728744.75,CNY,000004
000004.SZ,20170630,注射用环磷腺苷葡胺,P,3704119.63,975374.88,2728744.75,CNY,000004
000004.SZ,20170630,注射用尿激酶,P,1775391.5,404329.84,1371061.66,CNY,000004
000004.SZ,20170630,注射用复方二氯醋酸二异丙胺,P,6434162.43,5103572.07,1330590.36,CNY,000004
000004.SZ,20170630,注射用克林霉素磷酸脂,P,1989521.33,429669.46,1559851.87,CNY,000004
000004.SZ,20170630,注射用三磷酸胞苷二钠,P,3838548.71,2244542.43,1594006.28,CNY,000004
000004.SZ,20170630,复方二氯醋酸二异丙胺,P,6434162.43,5103572.07,1330590.36,CNY,000004
000004.SZ,20170630,其他业务,P,11546104.07,-1928670.35,13474774.42,CNY,000004
000004.SZ,20170630,克林霉素磷酸酯,P,1989521.33,429669.46,1559851.87,CNY,000004
000004.SZ,20170630,三磷酸胞苷二钠,P,3838548.71,2244542.43,1594006.28,CNY,000004
000004.SZ,20161231,环磷腺苷葡胺,P,7457318.83,3777681.98,3679636.85,CNY,000004
000004.SZ,20161231,注射用环磷腺苷葡胺,P,7457318.83,3777681.98,3679636.85,CNY,000004
000004.SZ,20161231,注射用尿激酶,P,2784128.36,216754.08,2567374.28,CNY,000004
000004.SZ,20161231,注射用复方二氯醋酸二异丙胺,P,10264626.1,7336525.99,2928100.11,CNY,000004
000004.SZ,20161231,注射用克林霉素磷酸脂,P,4913956.37,459336.98,4454619.39,CNY,000004
000004.SZ,20161231,房地产业,P,237379773.82,90623655.86,146756117.96,CNY,000004
000004.SZ,20161231,复方二氯醋酸二异丙胺,P,10264626.1,7336525.99,2928100.11,CNY,000004
000004.SZ,20161231,其他主营业务,P,24870223.1,-2816641.4,27686864.5,CNY,000004
000004.SZ,20161231,其他,P,24870223.1,-2816641.4,27686864.5,CNY,000004
000004.SZ,20161231,克林霉素磷酸酯,P,4913956.37,459336.98,4454619.39,CNY,000004
000004.SZ,20160630,生物医药,P,21857938.22,3338708.28,18519229.94,CNY,000004
000004.SZ,20160630,环磷腺苷葡胺,P,4074558.15,2143792.59,1930765.56,CNY,000004
000004.SZ,20160630,注射用尿激酶,P,1695000.08,40749.4,1654250.68,CNY,000004
000004.SZ,20160630,房地产业,P,79707196.9,24504122.94,55203073.96,CNY,000004
000004.SZ,20160630,复方二氯醋酸二异丙胺,P,4366942.29,3085034.52,1281907.77,CNY,000004
000004.SZ,20160630,其他业务,P,8694323.89,-2119943.99,10814267.88,CNY,000004
000004.SZ,20160630,克林霉素磷酸酯,P,2277687.15,226654.12,2051033.03,CNY,000004
000004.SZ,20160630,三磷酸胞苷二钠,P,1334789.24,547784.22,787005.02,CNY,000004
000004.SZ,20151231,生物医药,P,49905479.48,10587998.21,39317481.27,CNY,000004
000004.SZ,20151231,环磷腺苷葡胺,P,10335318.7,6863052.83,3472265.87,CNY,000004
000004.SZ,20151231,物业管理,P,1111914.68,190449.46,921465.22,CNY,000004
000004.SZ,20151231,注射用尿激酶,P,5023547.23,356144.14,4667403.09,CNY,000004
000004.SZ,20151231,房地产业,P,68377874.32,30788850.52,37589023.8,CNY,000004
000004.SZ,20151231,复方二氯醋酸二异丙胺,P,10399780.82,6965539.34,3434241.48,CNY,000004
000004.SZ,20151231,其他主营业务,P,21025988.64,-3289749.32,24315737.96,CNY,000004
000004.SZ,20151231,其他业务,P,687454.0,558345.12,129108.88,CNY,000004
000004.SZ,20151231,其他,P,305000.0,,,CNY,000004
000004.SZ,20151231,克林霉素磷酸酯,P,5291912.77,813505.8,4478406.97,CNY,000004
000004.SZ,20150630,生物医药,P,22978314.29,5012091.51,17966222.78,CNY,000004
000004.SZ,20150630,环磷腺苷葡胺,P,4839525.61,3324325.89,1515199.72,CNY,000004
000004.SZ,20150630,物业管理,P,1111914.68,337987.87,773926.81,CNY,000004
000004.SZ,20150630,注射用尿激酶,P,2806666.78,273542.55,2533124.23,CNY,000004
000004.SZ,20150630,房地产业,P,35061412.62,15773715.69,19287696.93,CNY,000004
000004.SZ,20150630,复方二氯醋酸二异丙胺,P,4708476.51,3417269.72,1291206.79,CNY,000004
000004.SZ,20150630,其他业务,P,7559239.25,-2760797.23,10320036.48,CNY,000004
000004.SZ,20150630,克林霉素磷酸酯,P,2656769.29,530063.85,2126705.44,CNY,000004
000004.SZ,20150630,三磷酸胞苷二钠,P,1913719.6,850816.19,1062903.41,CNY,000004
000004.SZ,20141231,生物医药,P,61969485.55,22284212.23,39685273.32,CNY,000004
000004.SZ,20141231,环磷腺苷葡胺,P,11582177.4,7639179.19,3942998.21,CNY,000004
000004.SZ,20141231,物业管理,P,2882039.02,1343348.55,1538690.47,CNY,000004
000004.SZ,20141231,房地产业,P,14510152.82,6667380.95,7842771.87,CNY,000004
000004.SZ,20141231,其他业务,P,27954626.48,14708154.92,13246471.56,CNY,000004
000004.SZ,20141231,其他,P,591160.0,,,CNY,000004
000004.SZ,20141231,克林霉素磷酸酯,P,7598803.26,2193840.51,5404962.75,CNY,000004
000004.SZ,20141231,三磷酸腺苷二钠氯化镁,P,12406222.33,-4037242.46,16443464.79,CNY,000004
000004.SZ,20141231,三磷酸胞苷二钠,P,6556837.71,4068472.23,2488365.48,CNY,000004
000004.SZ,20140630,生物医药,P,25774849.98,15454720.09,10320129.89,CNY,000004
000004.SZ,20140630,环磷腺苷葡胺,P,5578290.59,3746722.72,1831567.87,CNY,000004
000004.SZ,20140630,物业管理,P,1134145.24,363828.8,770316.44,CNY,000004
000004.SZ,20140630,复方二氯醋酸二异丙胺,P,2612414.6,1503695.08,1108719.52,CNY,000004
000004.SZ,20140630,其他主营业务,P,7981208.85,4481064.75,3500144.1,CNY,000004
000004.SZ,20140630,其他业务,P,393079.83,159744.3,233335.53,CNY,000004
000004.SZ,20140630,其他,P,128000.0,,,CNY,000004
000004.SZ,20140630,克林霉素磷酸酯,P,3820816.18,1103504.91,2717311.27,CNY,000004
000004.SZ,20140630,三磷酸腺苷二钠氯化镁,P,5370666.73,4354121.85,1016544.88,CNY,000004
000004.SZ,20140630,三磷酸胞苷二钠,P,1673598.27,757439.58,916158.69,CNY,000004
000004.SZ,20131231,生物医药,P,57481330.54,32575471.73,24905858.81,CNY,000004
000004.SZ,20131231,环磷腺苷葡胺,P,11002410.3,7017845.28,3984565.02,CNY,000004
000004.SZ,20131231,物业管理,P,3068178.67,1649947.77,1418230.9,CNY,000004
000004.SZ,20131231,房地产业,P,11173900.9,3436910.07,7736990.83,CNY,000004
000004.SZ,20131231,其他业务,P,26632482.55,16249632.75,10382849.8,CNY,000004
000004.SZ,20131231,其他,P,140000.0,140000.0,,CNY,000004
000004.SZ,20131231,克林霉素磷酸酯,P,6621025.5,1718867.33,4902158.17,CNY,000004
000004.SZ,20131231,三磷酸腺苷二钠氯化镁,P,11455688.13,6914596.72,4541091.41,CNY,000004
000004.SZ,20131231,三磷酸胞苷二钠,P,5899059.78,2876759.22,3022300.56,CNY,000004
000004.SZ,20130630,葡萄糖酸钠原料,P,2107425.21,1949604.27,157820.94,CNY,000004
000004.SZ,20130630,生物医药,P,24634897.61,13408277.09,11226620.52,CNY,000004
000004.SZ,20130630,环磷腺苷葡胺,P,6138547.02,3700924.32,2437622.7,CNY,000004
000004.SZ,20130630,物业管理,P,1347564.26,587623.42,759940.84,CNY,000004
000004.SZ,20130630,房地产业,P,8979182.86,2531185.52,6447997.34,CNY,000004
000004.SZ,20130630,其他主营业务,P,7566822.99,4414581.26,3152241.73,CNY,000004
000004.SZ,20130630,其他业务,P,314019.21,120822.43,193196.78,CNY,000004
000004.SZ,20130630,克林霉素磷酸酯,P,3035546.96,771913.58,2263633.38,CNY,000004
000004.SZ,20130630,三磷酸腺苷二钠氯化镁,P,4616923.11,2466873.76,2150049.35,CNY,000004
000004.SZ,20130630,三磷酸胞苷二钠,P,2517196.58,1288801.76,1228394.82,CNY,000004
000004.SZ,20121231,软件技术,P,3398117.96,1857578.33,1540539.63,CNY,000004
000004.SZ,20121231,生物医药,P,55547109.03,29683190.69,25863918.34,CNY,000004
000004.SZ,20121231,环磷腺苷葡胺,P,9557243.02,6214813.57,3342429.45,CNY,000004
000004.SZ,20121231,物业管理,P,2698036.98,969884.65,1728152.33,CNY,000004
000004.SZ,20121231,房地产业,P,34609789.26,8887523.71,25722265.55,CNY,000004
000004.SZ,20121231,其他主营业务,P,25311617.76,17400016.96,7911600.8,CNY,000004
000004.SZ,20121231,其他业务,P,634248.38,119147.28,515101.1,CNY,000004
000004.SZ,20121231,其他,P,476000.0,,,CNY,000004
000004.SZ,20121231,克林霉素磷酸酯,P,7853576.68,2163007.58,5690569.1,CNY,000004
000004.SZ,20121231,三磷酸腺苷二钠氯化镁,P,13585073.5,6795243.86,6789829.64,CNY,000004
000004.SZ,20121231,三磷酸胞苷二钠,P,5811753.01,2704116.54,3107636.47,CNY,000004
000004.SZ,20120630,软件技术,P,2271376.94,1131783.17,1139593.77,CNY,000004
000004.SZ,20120630,生物医药,P,25393534.9,12119024.93,13274509.97,CNY,000004
000004.SZ,20120630,环磷腺苷葡胺,P,3789829.29,2241178.67,1548650.62,CNY,000004
000004.SZ,20120630,物业管理,P,1015693.73,272306.09,743387.64,CNY,000004
000004.SZ,20120630,复方二氯醋酸二异丙胺,P,2783656.39,1595153.47,1188502.92,CNY,000004
000004.SZ,20120630,其他主营业务,P,8954803.83,4748828.44,4205975.39,CNY,000004
000004.SZ,20120630,其他业务,P,291209.0,2598.52,288610.48,CNY,000004
000004.SZ,20120630,其他,P,16000.0,10800.0,5200.0,CNY,000004
000004.SZ,20120630,克林霉素磷酸酯,P,4200525.44,1035795.22,3164730.22,CNY,000004
000004.SZ,20120630,三磷酸腺苷二钠氯化镁,P,6591991.48,3062574.27,3529417.21,CNY,000004
000004.SZ,20120630,三磷酸胞苷二钠,P,2375799.14,850384.12,1525415.02,CNY,000004
000004.SZ,20111231,软件技术,P,5010917.24,2431447.35,2579469.89,CNY,000004
000004.SZ,20111231,生物医药,P,54164195.52,27685042.2,26479153.32,CNY,000004
000004.SZ,20111231,环磷腺苷葡胺,P,6064900.0,3436900.0,2628000.0,CNY,000004
000004.SZ,20111231,物业管理,P,3014506.3,1515233.63,1499272.67,CNY,000004
000004.SZ,20111231,房地产业,P,11228200.0,5570300.0,5657900.0,CNY,000004
000004.SZ,20111231,其他业务,P,27395218.53,13700309.51,13694909.02,CNY,000004
000004.SZ,20111231,其他,P,595075.0,,,CNY,000004
000004.SZ,20111231,克林霉素磷酸酯,P,13467400.0,4824700.0,8642700.0,CNY,000004
000004.SZ,20111231,三磷酸腺苷二钠氯化镁,P,10364200.0,7402900.0,2961300.0,CNY,000004
000004.SZ,20111231,三磷酸胞苷二钠,P,5983800.0,2933300.0,3050500.0,CNY,000004
000004.SZ,20110630,软件技术,P,3142467.24,1568469.29,1573997.95,CNY,000004
000004.SZ,20110630,生物医药,P,27219857.07,13120123.7,14099733.37,CNY,000004
000004.SZ,20110630,环磷腺苷葡胺,P,2601800.0,1640600.0,961200.0,CNY,000004
000004.SZ,20110630,物业管理,P,1134848.96,358430.95,776418.01,CNY,000004
000004.SZ,20110630,房地产业,P,11219193.75,3129804.91,8089388.84,CNY,000004
000004.SZ,20110630,复方二氯醋酸二异丙胺,P,2199000.0,1423400.0,775600.0,CNY,000004
000004.SZ,20110630,其他业务,P,22567626.02,6532734.87,16034891.15,CNY,000004
000004.SZ,20110630,其他,P,87075.0,,,CNY,000004
000004.SZ,20110630,克林霉素磷酸酯,P,8898300.0,4147200.0,4751100.0,CNY,000004
000004.SZ,20110630,三磷酸腺苷二钠氯化镁,P,4619900.0,3429300.0,1190600.0,CNY,000004
000004.SZ,20110630,三磷酸胞苷二钠,P,2270700.0,1316100.0,954600.0,CNY,000004
000004.SZ,20101231,软件技术,P,5899614.61,3081412.25,2818202.36,CNY,000004
000004.SZ,20101231,生物医药,P,57517412.28,25970601.09,31546811.19,CNY,000004
000004.SZ,20101231,环磷腺苷葡胺,P,5757000.0,3561200.0,2195800.0,CNY,000004
000004.SZ,20101231,物业管理,P,2562146.5,1153608.64,1408537.86,CNY,000004
000004.SZ,20101231,房地产业,P,64235100.0,22254500.0,41980600.0,CNY,000004
000004.SZ,20101231,其他业务,P,34823194.69,13506785.78,21316408.91,CNY,000004
000004.SZ,20101231,其他,P,274075.0,,,CNY,000004
000004.SZ,20101231,克林霉素磷酸酯,P,14432300.0,6225100.0,8207200.0,CNY,000004
000004.SZ,20101231,三磷酸腺苷二钠氯化镁,P,6846000.0,5006300.0,1839700.0,CNY,000004
000004.SZ,20101231,三磷酸胞苷二钠,P,5237900.0,2769800.0,2468100.0,CNY,000004
000004.SZ,20100630,软件技术,P,1997415.53,1325669.27,671746.26,CNY,000004
000004.SZ,20100630,生物医药,P,34060213.54,15402110.7,18658102.84,CNY,000004
000004.SZ,20100630,环磷腺苷葡胺,P,5344000.0,3363800.0,1980200.0,CNY,000004
000004.SZ,20100630,物业管理,P,738009.0,218293.02,519715.98,CNY,000004
000004.SZ,20100630,其他业务,P,24168613.63,10094386.45,14074227.18,CNY,000004
000004.SZ,20100630,其他,P,243875.56,122213.46,121662.1,CNY,000004
000004.SZ,20100630,克林霉素磷酸酯,P,7526900.0,3610100.0,3916800.0,CNY,000004
000004.SZ,20091231,软件技术,P,6369744.67,3196140.28,3173604.39,CNY,000004
000004.SZ,20091231,生物医药,P,50096944.96,25096653.54,25000291.42,CNY,000004
000004.SZ,20091231,环磷腺苷葡胺,P,6127100.0,3127900.0,2999200.0,CNY,000004
000004.SZ,20091231,物业管理,P,2655591.64,1185639.59,1469952.05,CNY,000004
000004.SZ,20091231,水溶性维生素,P,1215200.0,72400.0,1142800.0,CNY,000004
000004.SZ,20091231,其他业务,P,31803000.35,18221760.88,13581239.47,CNY,000004
000004.SZ,20091231,其他,P,201150.0,175350.0,25800.0,CNY,000004
000004.SZ,20091231,克林霉素磷酸酯,P,17191300.0,6564600.0,10626700.0,CNY,000004
000004.SZ,20091231,三磷酸腺苷二钠氯化镁,P,3744000.0,2179700.0,1564300.0,CNY,000004
000004.SZ,20090630,软件技术,P,3533006.81,1599510.28,1933496.53,CNY,000004
000004.SZ,20090630,生物医药,P,23157583.48,11287495.72,11870087.76,CNY,000004
000004.SZ,20090630,环磷腺苷葡胺,P,2638052.86,1406871.15,1231181.71,CNY,000004
000004.SZ,20090630,物业管理,P,1186277.5,370660.96,815616.54,CNY,000004
000004.SZ,20090630,其他业务,P,15206552.86,7389704.11,7816848.75,CNY,000004
000004.SZ,20090630,其他,P,302522.44,177624.62,124897.82,CNY,000004
000004.SZ,20090630,克林霉素磷酸酯,P,10334784.51,4638716.32,5696068.19,CNY,000004
000004.SZ,20081231,门冬氨酸钾镁,P,4840000.0,2190000.0,2650000.0,CNY,000004
000004.SZ,20081231,软件技术,P,2491776.65,975311.97,1516464.68,CNY,000004
000004.SZ,20081231,生物医药,P,36513771.38,17105070.21,19408701.17,CNY,000004
000004.SZ,20081231,环磷腺苷葡胺,P,620000.0,110000.0,510000.0,CNY,000004
000004.SZ,20081231,物业管理,P,2484102.67,786960.39,1697142.28,CNY,000004
000004.SZ,20081231,水溶性维生素,P,960000.0,-50000.0,1010000.0,CNY,000004
000004.SZ,20081231,其他业务,P,14664824.87,7708877.9,6955946.97,CNY,000004
000004.SZ,20081231,其他,P,1825174.17,1371535.33,453638.84,CNY,000004
000004.SZ,20081231,克林霉素磷酸酯,P,19410000.0,8910000.0,10500000.0,CNY,000004
000004.SZ,20081231,三磷酸腺苷二钠氯化镁,P,2820000.0,1370000.0,1450000.0,CNY,000004
000004.SZ,20080630,软件技术,P,870317.23,383433.33,486883.9,CNY,000004
000004.SZ,20080630,生物医药,P,15384681.63,8787014.5,6597667.13,CNY,000004
000004.SZ,20080630,环磷腺苷葡胺,P,1831363.26,708728.26,1122635.0,CNY,000004
000004.SZ,20080630,物业管理,P,1160543.45,391575.86,768967.59,CNY,000004
000004.SZ,20080630,其他业务,P,8600537.17,6759763.46,1840773.71,CNY,000004
000004.SZ,20080630,其他,P,1322944.42,1189213.64,133730.78,CNY,000004
000004.SZ,20080630,克林霉素磷酸酯,P,8306586.3,3282745.61,5023840.69,CNY,000004
000004.SZ,20071231,门冬氨酸钾镁,P,3101100.0,394300.0,2706800.0,CNY,000004
000004.SZ,20071231,软件技术,P,4048264.15,2749059.55,1299204.6,CNY,000004
000004.SZ,20071231,生物医药,P,33060987.1,12003387.28,21057599.82,CNY,000004
000004.SZ,20071231,环磷腺苷葡胺,P,2228400.0,648400.0,1580000.0,CNY,000004
000004.SZ,20071231,物业管理,P,2530685.53,513113.86,2017571.67,CNY,000004
000004.SZ,20071231,水溶性维生素,P,2571900.0,727600.0,1844300.0,CNY,000004
000004.SZ,20071231,其他业务,P,18322241.51,8571432.65,9750808.86,CNY,000004
000004.SZ,20071231,其他,P,809604.73,453471.96,356132.77,CNY,000004
000004.SZ,20071231,克林霉素磷酸酯,P,12737900.0,4646300.0,8091600.0,CNY,000004
000004.SZ,20071231,三磷酸腺苷二钠氯化镁,P,1488000.0,731000.0,757000.0,CNY,000004
000004.SZ,20070630,门冬氨酸钾镁,P,2191458.63,500245.03,1691213.6,CNY,000004
000004.SZ,20070630,软件技术,P,1268166.03,833536.23,434629.8,CNY,000004
000004.SZ,20070630,生物医药,P,13053520.07,5417595.82,7635924.25,CNY,000004
000004.SZ,20070630,物业管理,P,1286014.46,,,CNY,000004
000004.SZ,20070630,水溶性维生素,P,1341006.0,500039.0,840967.0,CNY,000004
000004.SZ,20070630,其他业务,P,8586733.93,4974239.46,3612494.47,CNY,000004
000004.SZ,20070630,克林霉素磷酸酯,P,4706753.9,2138033.75,2568720.15,CNY,000004
000004.SZ,20061231,门冬氨酸钾镁,P,6060732.49,1989961.35,4070771.14,CNY,000004
000004.SZ,20061231,软件技术,P,3517011.34,2245979.14,1271032.2,CNY,000004
000004.SZ,20061231,绒促性素,P,988981.84,322561.15,666420.69,CNY,000004
000004.SZ,20061231,生物医药,P,32029107.16,10485369.9,21543737.26,CNY,000004
000004.SZ,20061231,物业管理,P,2668468.0,,,CNY,000004
000004.SZ,20061231,水溶性维生素,P,2282095.46,302483.39,1979612.07,CNY,000004
000004.SZ,20061231,房地产业,P,7424411.0,6329359.83,1095051.17,CNY,000004
000004.SZ,20061231,卡铂,P,610401.61,132393.28,478008.33,CNY,000004
000004.SZ,20061231,克林霉素磷酸酯,P,8769035.44,4333928.29,4435107.15,CNY,000004
000004.SZ,20060630,门冬氨酸钾镁,P,3009368.36,1224085.56,1785282.8,CNY,000004
000004.SZ,20060630,软件技术,P,1615664.15,1138658.47,477005.68,CNY,000004
000004.SZ,20060630,生物医药,P,13314990.25,6263185.2,7051805.05,CNY,000004
000004.SZ,20060630,克林霉素磷酸酯,P,4983017.53,2676384.48,2306633.05,CNY,000004
000004.SZ,20051231,绒促性素,P,2308321.76,763169.88,1545151.88,CNY,000004
000004.SZ,20051231,滚动指纹采集仪,P,4612090.6,1532239.92,3079850.68,CNY,000004
000004.SZ,20051231,AFIS(指纹自动识别系统),P,16248752.97,10522485.99,5726266.98,CNY,000004
000004.SZ,20050630,滚动指纹采集仪,P,2182028.21,836191.73,1345836.48,CNY,000004
000004.SZ,20050630,AFIS(指纹自动识别系统),P,8036350.39,5028123.59,3008226.8,CNY,000004
000004.SZ,20041231,蛇毒血凝酶,P,49487172.93,11654676.01,37832496.92,CNY,000004
000004.SZ,20041231,绒促性素,P,2379853.36,720820.05,1659033.31,CNY,000004
000004.SZ,20041231,滚动指纹采集仪,P,6742052.3,4644302.44,2097749.86,CNY,000004
000004.SZ,20041231,MIS(公安刑侦综合信息系统),P,667829.06,601034.19,66794.87,CNY,000004
000004.SZ,20041231,AFIS(指纹自动识别系统),P,19282849.53,12599769.0,6683080.53,CNY,000004
000004.SZ,20040630,注射用血凝酶,P,20640000.16,4503675.16,16136325.0,CNY,000004
000004.SZ,20040630,AFIS(指纹自动识别系统),P,6687998.32,3531899.29,3156099.03,CNY,000004
000004.SZ,20031231,绒促性素,P,2392430.4,884587.01,1507843.39,CNY,000004
000004.SZ,20031231,滚动指纹采集仪,P,4457029.06,2933587.02,1523442.04,CNY,000004
000004.SZ,20031231,注射用蝮蛇血凝酶,P,43860000.33,12620095.33,31239905.0,CNY,000004
000004.SZ,20031231,MIS(公安刑侦综合信息系统),P,1843487.26,1423863.34,419623.92,CNY,000004
000004.SZ,20031231,AFIS(指纹自动识别系统),P,52904050.99,25909771.18,26994279.81,CNY,000004
000004.SZ,20030630,绒促性素,P,4988907.0,2937286.0,2051621.0,CNY,000004
000004.SZ,20030630,注射用蝮蛇血凝酶,P,11213077.0,953419.0,10259658.0,CNY,000004
000004.SZ,20030630,AFIS,P,20055352.74,13299743.44,6755609.3,CNY,000004
000006.SZ,20251231,物管服务,P,17139654.21,-13427267.38,30566921.59,CNY,000006
000006.SZ,20251231,房产销售业务,P,2398098203.82,400944010.19,1997154193.63,CNY,000006
000006.SZ,20251231,房产租赁,P,131264727.4,52824126.25,78440601.15,CNY,000006
000006.SZ,20251231,其他业务,P,68131121.3,61942600.93,6188520.37,CNY,000006
000006.SZ,20251231,代建及旧改前期服务,P,3382674.58,-2339111.39,5721785.97,CNY,000006
000006.SZ,20250630,租赁业务,P,58602260.25,15132250.85,43470009.4,CNY,000006
000006.SZ,20250630,物管服务,P,6258973.52,-5029411.83,11288385.35,CNY,000006
000006.SZ,20250630,房产销售业务,P,1809084442.35,290020567.4,1519063874.95,CNY,000006
000006.SZ,20250630,房产租赁,P,58602260.25,15132250.85,43470009.4,CNY,000006
000006.SZ,20250630,代建服务,P,8761206.94,7183206.41,1578000.53,CNY,000006
000006.SZ,20250630,代建及旧改前期服务,P,8761206.94,7183206.41,1578000.53,CNY,000006
000006.SZ,20241231,租赁业务,P,134989508.4,51318566.51,83670941.89,CNY,000006
000006.SZ,20241231,物管服务,P,8551507.88,-9396123.63,17947631.51,CNY,000006
000006.SZ,20241231,房产销售业务,P,5901200052.4,423927555.09,5477272497.31,CNY,000006
000006.SZ,20241231,房产租赁,P,134989508.4,51318566.51,83670941.89,CNY,000006
000006.SZ,20241231,代建服务,P,20207089.16,19915798.53,291290.63,CNY,000006
000006.SZ,20241231,代建及旧改前期服务,P,20207089.16,19915798.53,291290.63,CNY,000006
000006.SZ,20240630,租赁业务,P,60429576.28,20556135.71,39873440.57,CNY,000006
000006.SZ,20240630,物管服务,P,3433867.51,-2356786.46,5790653.97,CNY,000006
000006.SZ,20240630,房产销售业务,P,3157314034.93,227267001.75,2930047033.18,CNY,000006
000006.SZ,20240630,房产租赁,P,60429576.28,20556135.71,39873440.57,CNY,000006
000006.SZ,20240630,代建服务,P,15436797.08,15358341.88,78455.2,CNY,000006
000006.SZ,20240630,代建及旧改前期服务,P,15436797.08,15358341.88,78455.2,CNY,000006
000006.SZ,20231231,租赁业务,P,127738182.38,59679435.02,68058747.36,CNY,000006
000006.SZ,20231231,物管服务,P,4851346.55,-2113111.65,6964458.2,CNY,000006
000006.SZ,20231231,房产销售业务,P,2648699932.94,1012625000.81,1636074932.13,CNY,000006
000006.SZ,20231231,房产租赁,P,127738182.38,59679435.02,68058747.36,CNY,000006
000006.SZ,20231231,代建服务,P,29313985.98,29038574.33,275411.65,CNY,000006
000006.SZ,20231231,代建及旧改前期服务,P,29313985.98,29038574.33,275411.65,CNY,000006
000006.SZ,20230630,租赁业务,P,51232072.28,19031185.73,32200886.55,CNY,000006
000006.SZ,20230630,物管服务,P,2530894.72,420824.14,2110070.58,CNY,000006
000006.SZ,20230630,房产销售业务,P,502874317.37,159173446.77,343700870.6,CNY,000006
000006.SZ,20230630,房产租赁,P,51232072.28,19031185.73,32200886.55,CNY,000006
000006.SZ,20230630,代建服务,P,19510293.24,19415953.62,94339.62,CNY,000006
000006.SZ,20230630,代建及旧改前期服务,P,19510293.24,19415953.62,94339.62,CNY,000006
000006.SZ,20221231,租赁业务,P,91884830.47,34022137.15,57862693.32,CNY,000006
000006.SZ,20221231,物管服务,P,3443700.34,878089.99,2565610.35,CNY,000006
000006.SZ,20221231,房产销售业务,P,3583572011.36,1374403189.42,2209168821.94,CNY,000006
000006.SZ,20221231,房产租赁,P,91884830.47,34022137.15,57862693.32,CNY,000006
000006.SZ,20221231,代建服务,P,20913009.24,20007348.87,905660.37,CNY,000006
000006.SZ,20221231,代建及旧改前期服务,P,20913009.24,20007348.87,905660.37,CNY,000006
000006.SZ,20220630,租赁业务,P,29695155.69,2431088.34,27264067.35,CNY,000006
000006.SZ,20220630,房产销售业务,P,1316166218.78,540682136.73,775484082.05,CNY,000006
000006.SZ,20220630,房产租赁,P,29695155.69,2431088.34,27264067.35,CNY,000006
000006.SZ,20220630,代建服务,P,8417731.19,,,CNY,000006
000006.SZ,20220630,代建及旧改前期服务,P,8417731.19,,,CNY,000006
000006.SZ,20211231,租赁业务,P,115348752.0,56226797.07,59121954.93,CNY,000006
000006.SZ,20211231,房产销售业务,P,2962154541.75,1274055675.03,1688098866.72,CNY,000006
000006.SZ,20211231,房产租赁,P,115348752.0,56226797.07,59121954.93,CNY,000006
000006.SZ,20211231,其他业务,P,849056.6,,,CNY,000006
000006.SZ,20211231,代建服务,P,10218172.42,,,CNY,000006
000006.SZ,20211231,代建及旧改前期服务,P,10218172.42,,,CNY,000006
000006.SZ,20210630,租赁业务,P,46564025.19,18135291.33,28428733.86,CNY,000006
000006.SZ,20210630,房产销售业务,P,1422690195.04,674576099.09,748114095.95,CNY,000006
000006.SZ,20210630,房产租赁,P,46564025.19,18135291.33,28428733.86,CNY,000006
000006.SZ,20210630,代建服务,P,4416344.55,,,CNY,000006
000006.SZ,20210630,代建及旧改前期服务,P,4416344.55,,,CNY,000006
000006.SZ,20201231,租赁业务,P,89794086.26,36737801.78,53056284.48,CNY,000006
000006.SZ,20201231,房产销售业务,P,2840133159.6,1325808342.63,1514324816.97,CNY,000006
000006.SZ,20201231,房产租赁,P,89794086.26,36737801.78,53056284.48,CNY,000006
000006.SZ,20201231,代建服务,P,4806049.03,,,CNY,000006
000006.SZ,20201231,代建及旧改前期服务,P,4806049.03,,,CNY,000006
000006.SZ,20200630,租赁业务,P,30790008.67,5865216.2,24924792.47,CNY,000006
000006.SZ,20200630,房产销售业务,P,1169547634.3,535274480.13,634273154.17,CNY,000006
000006.SZ,20200630,房产租赁,P,30790008.67,5865216.2,24924792.47,CNY,000006
000006.SZ,20200630,代建服务,P,1487921.19,,,CNY,000006
000006.SZ,20200630,代建及旧改前期服务,P,1487921.19,,,CNY,000006
000006.SZ,20191231,租赁业务,P,105156534.02,45502502.32,59654031.7,CNY,000006
000006.SZ,20191231,房产销售业务,P,3626173605.71,1641509470.42,1984664135.29,CNY,000006
000006.SZ,20191231,房产租赁,P,105156534.02,45502502.32,59654031.7,CNY,000006
000006.SZ,20190630,租赁业务,P,45639750.95,17394764.94,28244986.01,CNY,000006
000006.SZ,20190630,房产销售业务,P,907871011.12,362172762.78,545698248.34,CNY,000006
000006.SZ,20190630,房产租赁,P,45639750.95,17394764.94,28244986.01,CNY,000006
000006.SZ,20181231,租赁业务,P,90443751.26,21627591.36,68816159.9,CNY,000006
000006.SZ,20181231,房产销售业务,P,2421400678.1,952630908.02,1468769770.08,CNY,000006
000006.SZ,20181231,房产租赁,P,90443751.26,21627591.36,68816159.9,CNY,000006
000006.SZ,20180630,租赁业务,P,34127378.11,5568687.62,28558690.49,CNY,000006
000006.SZ,20180630,房产销售业务,P,1021458651.98,406025927.22,615432724.76,CNY,000006
000006.SZ,20180630,房产租赁,P,34127378.11,5568687.62,28558690.49,CNY,000006
000006.SZ,20171231,租赁业务,P,85538589.45,22713381.49,62825207.96,CNY,000006
000006.SZ,20171231,房产销售业务,P,2873911654.26,856671475.66,2017240178.6,CNY,000006
000006.SZ,20171231,房产租赁,P,85538589.45,22713381.49,62825207.96,CNY,000006
000006.SZ,20170630,租赁业务,P,35780037.17,6433458.3,29346578.87,CNY,000006
000006.SZ,20170630,房产销售业务,P,1833817873.3,520661174.89,1313156698.41,CNY,000006
000006.SZ,20170630,房产租赁,P,35780037.17,6433458.3,29346578.87,CNY,000006
000006.SZ,20161231,租赁业务,P,83330393.03,24665044.11,58665348.92,CNY,000006
000006.SZ,20161231,房产销售业务,P,3275496052.82,953629349.03,2321866703.79,CNY,000006
000006.SZ,20161231,房产租赁,P,83330393.03,24665044.11,58665348.92,CNY,000006
000006.SZ,20160630,租赁业务,P,46516016.63,17449779.7,29066236.93,CNY,000006
000006.SZ,20160630,房产销售业务,P,822173189.17,352421095.83,469752093.34,CNY,000006
000006.SZ,20160630,房产租赁,P,46516016.63,17449779.7,29066236.93,CNY,000006
000006.SZ,20151231,租赁业务,P,85842198.67,31946596.05,53895602.62,CNY,000006
000006.SZ,20151231,房产销售业务,P,3568467298.56,1234020017.81,2334447280.75,CNY,000006
000006.SZ,20151231,房产租赁,P,85842198.67,31946596.05,53895602.62,CNY,000006
000006.SZ,20150630,租赁业务,P,38248738.28,14570776.02,23677962.26,CNY,000006
000006.SZ,20150630,房产销售业务,P,1984365661.56,667782110.18,1316583551.38,CNY,000006
000006.SZ,20150630,房产租赁,P,38248738.28,14570776.02,23677962.26,CNY,000006
000006.SZ,20141231,租赁业务,P,82277418.68,36944869.43,45332549.25,CNY,000006
000006.SZ,20141231,房产销售业务,P,2246452174.04,814327345.17,1432124828.87,CNY,000006
000006.SZ,20141231,房产租赁,P,82277418.68,36944869.43,45332549.25,CNY,000006
000006.SZ,20140630,租赁业务,P,38441170.64,16306961.9,22134208.74,CNY,000006
000006.SZ,20140630,房产销售业务,P,453047218.04,177598518.75,275448699.29,CNY,000006
000006.SZ,20140630,房产租赁,P,38441170.64,16306961.9,22134208.74,CNY,000006
000006.SZ,20131231,租赁业务,P,80988892.65,39744574.16,41244318.49,CNY,000006
000006.SZ,20131231,房产销售业务,P,4529866131.55,1491674884.03,3038191247.52,CNY,000006
000006.SZ,20131231,房产租赁,P,80988892.65,39744574.16,41244318.49,CNY,000006
000006.SZ,20130630,租赁业务,P,35900800.26,17586014.22,18314786.04,CNY,000006
000006.SZ,20130630,房产销售业务,P,1134621669.55,514293586.65,620328082.9,CNY,000006
000006.SZ,20130630,房产租赁,P,35900800.26,17586014.22,18314786.04,CNY,000006
000006.SZ,20121231,租赁业务,P,99480012.81,50962492.37,48517520.44,CNY,000006
000006.SZ,20121231,房产销售业务,P,2976765070.14,1307551952.9,1669213117.24,CNY,000006
000006.SZ,20121231,房产租赁,P,99480012.81,50962492.37,48517520.44,CNY,000006
000006.SZ,20120630,租赁业务,P,20027415.06,5508354.01,14519061.05,CNY,000006
000006.SZ,20120630,房产销售业务,P,1493679781.91,624420641.22,869259140.69,CNY,000006
000006.SZ,20120630,房产租赁,P,20027415.06,5508354.01,14519061.05,CNY,000006
000006.SZ,20111231,租赁业务,P,42196856.97,17597120.59,24599736.38,CNY,000006
000006.SZ,20111231,房产销售业务,P,2547078418.06,1338501422.82,1208576995.24,CNY,000006
000006.SZ,20111231,房产租赁,P,42196856.97,17597120.59,24599736.38,CNY,000006
000006.SZ,20110630,租赁业务,P,17829397.04,7266850.05,10562546.99,CNY,000006
000006.SZ,20110630,房产销售业务,P,1050877008.0,473568771.82,577308236.18,CNY,000006
000006.SZ,20110630,房产租赁,P,17829397.04,7266850.05,10562546.99,CNY,000006
000006.SZ,20101231,租赁业务,P,38683417.48,15530152.25,23153265.23,CNY,000006
000006.SZ,20101231,房产销售业务,P,2300051123.2,910854806.94,1389196316.26,CNY,000006
000006.SZ,20101231,房产租赁,P,38683417.48,15530152.25,23153265.23,CNY,000006
000006.SZ,20100630,租赁业务,P,15899820.41,6721902.2,9177918.21,CNY,000006
000006.SZ,20100630,房产销售业务,P,763420020.2,288367412.18,475052608.02,CNY,000006
000006.SZ,20100630,房产租赁,P,15899820.41,6721902.2,9177918.21,CNY,000006
000006.SZ,20091231,租赁业务,P,32937069.96,10651901.86,22285168.1,CNY,000006
000006.SZ,20091231,房产销售业务,P,1816298743.76,709461776.46,1106836967.3,CNY,000006
000006.SZ,20091231,房产租赁,P,32937069.96,10651901.86,22285168.1,CNY,000006
000006.SZ,20090630,租赁业务,P,13636542.53,1993571.62,11642970.91,CNY,000006
000006.SZ,20090630,房产销售业务,P,465363904.96,255084255.14,210279649.82,CNY,000006
000006.SZ,20090630,房产租赁,P,13636542.53,1993571.62,11642970.91,CNY,000006
000006.SZ,20081231,租赁业务,P,33235058.06,11832433.84,21402624.22,CNY,000006
000006.SZ,20081231,房产销售业务,P,988509511.0,684415353.22,304094157.78,CNY,000006
000006.SZ,20081231,房产租赁,P,33235058.06,11832433.84,21402624.22,CNY,000006
000006.SZ,20080630,租赁业务,P,15489349.87,5717932.52,9771417.35,CNY,000006
000006.SZ,20080630,房产销售业务,P,795294677.0,540570724.04,254723952.96,CNY,000006
000006.SZ,20080630,房产租赁,P,15489349.87,5717932.52,9771417.35,CNY,000006
000006.SZ,20071231,租赁业务,P,28030042.95,8736411.7,19293631.25,CNY,000006
000006.SZ,20071231,服务费收入,P,48248230.53,7815809.01,40432421.52,CNY,000006
000006.SZ,20071231,服务收入,P,48248230.53,7815809.01,40432421.52,CNY,000006
000006.SZ,20071231,房产销售业务,P,943725814.0,550888256.59,392837557.41,CNY,000006
000006.SZ,20071231,房产租赁,P,28030042.95,8736411.7,19293631.25,CNY,000006
000006.SZ,20071231,工业产品销售收入,P,4034169.22,3011028.72,1023140.5,CNY,000006
000006.SZ,20071231,工业产品销售,P,4034169.22,3011028.72,1023140.5,CNY,000006
000006.SZ,20070630,服务费收入,P,43906415.34,11633901.46,32272513.88,CNY,000006
000006.SZ,20070630,服务收入,P,43906415.34,11633901.46,32272513.88,CNY,000006
000006.SZ,20070630,房产销售业务,P,155658400.0,66945370.377,88713029.623,CNY,000006
000006.SZ,20070630,工业产品销售收入,P,4034169.22,3011028.72,1023140.5,CNY,000006
000006.SZ,20070630,工业产品销售,P,4034169.22,3011028.72,1023140.5,CNY,000006
000006.SZ,20061231,服务费收入,P,84619676.22,18332836.02,66286840.2,CNY,000006
000006.SZ,20061231,服务收入,P,84619676.22,18332836.02,66286840.2,CNY,000006
000006.SZ,20061231,房产销售业务,P,1160121671.76,461393426.06,698728245.7,CNY,000006
000006.SZ,20061231,工业产品销售收入,P,9797847.02,6988346.4,2809500.62,CNY,000006
000006.SZ,20061231,工业产品销售,P,9797847.02,6988346.4,2809500.62,CNY,000006
000006.SZ,20060630,服务费收入,P,38727200.34,9616587.82,29110612.52,CNY,000006
000006.SZ,20060630,服务收入,P,38727200.34,9616587.82,29110612.52,CNY,000006
000006.SZ,20060630,房产销售业务,P,842195731.24,312217877.05,529977854.19,CNY,000006
000006.SZ,20060630,工业产品销售收入,P,1280349.96,953360.1,326989.86,CNY,000006
000006.SZ,20060630,工业产品销售,P,1280349.96,953360.1,326989.86,CNY,000006
000006.SZ,20051231,施工劳务,P,536150700.0,35634100.0,500516600.0,CNY,000006
000006.SZ,20051231,房产销售业务,P,751657200.0,279676300.0,471980900.0,CNY,000006
000006.SZ,20050630,租赁业务,P,58309600.0,24079800.0,34229800.0,CNY,000006
000006.SZ,20050630,施工劳务,P,643619700.0,28456600.0,615163100.0,CNY,000006
000006.SZ,20050630,房产销售业务,P,281568900.0,91243300.0,190325600.0,CNY,000006
000006.SZ,20050630,房产租赁,P,58309600.0,24079800.0,34229800.0,CNY,000006
000006.SZ,20041231,租赁业务,P,76468800.0,23494100.0,52974700.0,CNY,000006
000006.SZ,20041231,混凝土,P,99223000.0,9117400.0,90105600.0,CNY,000006
000006.SZ,20041231,施工劳务,P,964585700.0,51296500.0,913289200.0,CNY,000006
000006.SZ,20041231,房产销售业务,P,937783700.0,236554600.0,701229100.0,CNY,000006
000006.SZ,20041231,房产租赁,P,76468800.0,23494100.0,52974700.0,CNY,000006
000006.SZ,20031231,服务费收入,P,77766751.69,33699335.62,44067416.07,CNY,000006
000006.SZ,20031231,服务收入,P,77766751.69,33699335.62,44067416.07,CNY,000006
000006.SZ,20031231,工业产品销售收入,P,75230683.01,-6716156.94,81946839.95,CNY,000006
000006.SZ,20031231,工业产品销售,P,75230683.01,-6716156.94,81946839.95,CNY,000006
000006.SZ,20030630,服务费收入,P,31900000.0,13420000.0,18480000.0,CNY,000006
000006.SZ,20030630,服务收入,P,31900000.0,13420000.0,18480000.0,CNY,000006
000006.SZ,20030630,工业产品销售收入,P,39640000.0,-1100000.0,40740000.0,CNY,000006
000006.SZ,20030630,工业产品销售,P,39640000.0,-1100000.0,40740000.0,CNY,000006
000006.SZ,20021231,服务费收入,P,69356556.82,25987760.13,43368796.69,CNY,000006
000006.SZ,20021231,服务收入,P,69356556.82,25987760.13,43368796.69,CNY,000006
000006.SZ,20021231,工业产品销售收入,P,124318883.52,2797498.3,121521385.22,CNY,000006
000006.SZ,20021231,工业产品销售,P,124318883.52,2797498.3,121521385.22,CNY,000006
000006.SZ,20011231,服务费收入,P,62560000.0,32100000.0,,CNY,000006
000006.SZ,20011231,服务收入,P,62560000.0,32100000.0,,CNY,000006
000006.SZ,20011231,工业产品销售收入,P,137620000.0,3880000.0,,CNY,000006
000006.SZ,20011231,工业产品销售,P,137620000.0,3880000.0,,CNY,000006
000007.SZ,20251231,软件产品及系统服务,P,22659641.96,7054658.07,15604983.89,CNY,000007
000007.SZ,20251231,药品销售,P,35681.41,,,CNY,000007
000007.SZ,20251231,物业租赁及管理,P,41563910.59,28695105.96,12868804.63,CNY,000007
000007.SZ,20251231,汽车销售及相关服务,P,299733572.35,1220007.19,298513565.16,CNY,000007
000007.SZ,20251231,汽车售后服务,P,29498481.11,10272008.08,19226473.03,CNY,000007
000007.SZ,20251231,日常用品,P,1254362.33,782189.3,472173.03,CNY,000007
000007.SZ,20251231,其他业务,P,991638.01,902792.03,88845.98,CNY,000007
000007.SZ,20250630,纳米胶囊,P,102181.6,,,CNY,000007
000007.SZ,20250630,物业管理,P,9737340.31,4301479.06,5435861.25,CNY,000007
000007.SZ,20250630,物业租赁,P,10696373.32,10213938.28,482435.04,CNY,000007
000007.SZ,20250630,汽车销售及相关服务,P,156286087.07,492762.78,155793324.29,CNY,000007
000007.SZ,20250630,汽车售后服务,P,14931398.41,5115661.65,9815736.76,CNY,000007
000007.SZ,20250630,杀菌纸巾,P,688477.73,,,CNY,000007
000007.SZ,20250630,日常用品,P,478707.94,,,CNY,000007
000007.SZ,20250630,房屋租赁,P,10696373.32,10213938.28,482435.04,CNY,000007
000007.SZ,20250630,其他业务,P,460289.04,,,CNY,000007
000007.SZ,20241231,药品销售,P,9054.16,,,CNY,000007
000007.SZ,20241231,物业管理,P,19669566.66,7426092.58,12243474.08,CNY,000007
000007.SZ,20241231,物业租赁,P,24140315.76,23178345.68,961970.08,CNY,000007
000007.SZ,20241231,汽车销售及相关服务,P,224843546.64,4785340.46,220058206.18,CNY,000007
000007.SZ,20241231,汽车售后服务,P,23520277.71,8134447.53,15385830.18,CNY,000007
000007.SZ,20241231,杀菌纸巾,P,13129304.59,49584.62,13079719.97,CNY,000007
000007.SZ,20241231,日常用品其他类,P,897142.49,,,CNY,000007
000007.SZ,20241231,日常用品中杀菌纸巾,P,13129304.59,49584.62,13079719.97,CNY,000007
000007.SZ,20241231,房屋租赁,P,24140315.76,23178345.68,961970.08,CNY,000007
000007.SZ,20241231,其他业务,P,1066803.83,,,CNY,000007
000007.SZ,20240630,物业管理,P,9872371.91,3444321.9,6428050.01,CNY,000007
000007.SZ,20240630,物业租赁,P,12094466.13,11959686.52,134779.61,CNY,000007
000007.SZ,20240630,汽车销售及相关服务,P,41398799.37,-2460348.82,43859148.19,CNY,000007
000007.SZ,20240630,汽车售后服务,P,10689802.17,4879622.97,5810179.2,CNY,000007
000007.SZ,20240630,杀菌纸巾,P,4051617.09,113357.3,3938259.79,CNY,000007
000007.SZ,20240630,日常用品其他类,P,389164.33,377217.42,11946.91,CNY,000007
000007.SZ,20240630,日常用品中杀菌纸巾,P,4051617.09,113357.3,3938259.79,CNY,000007
000007.SZ,20240630,房屋租赁,P,12094466.13,11959686.52,134779.61,CNY,000007
000007.SZ,20240630,其他主营业务,P,34066.39,,,CNY,000007
000007.SZ,20231231,物业管理,P,19660015.99,7130949.35,12529066.64,CNY,000007
000007.SZ,20231231,物业租赁,P,26565508.1,25736638.02,828870.08,CNY,000007
000007.SZ,20231231,汽车销售及相关服务,P,132858836.76,4167532.71,128691304.05,CNY,000007
000007.SZ,20231231,汽车售后服务,P,18886063.05,7090299.58,11795763.47,CNY,000007
000007.SZ,20231231,杀菌纸巾,P,16458433.48,545240.64,15913192.84,CNY,000007
000007.SZ,20231231,日常用品其他类,P,1000111.18,,,CNY,000007
000007.SZ,20231231,日常用品中杀菌纸巾,P,16458433.48,545240.64,15913192.84,CNY,000007
000007.SZ,20231231,房屋租赁,P,26565508.1,25736638.02,828870.08,CNY,000007
000007.SZ,20231231,其他主营业务,P,959000.92,,,CNY,000007
000007.SZ,20231231,其他业务,P,959000.92,,,CNY,000007
000007.SZ,20230630,物业管理,P,9815312.34,,,CNY,000007
000007.SZ,20230630,物业租赁,P,13387054.3,12999119.26,387935.04,CNY,000007
000007.SZ,20230630,汽车销售及相关服务,P,64933989.68,-2821881.52,67755871.2,CNY,000007
000007.SZ,20230630,汽车售后服务,P,9328957.87,,,CNY,000007
000007.SZ,20230630,杀菌纸巾,P,5442707.27,,,CNY,000007
000007.SZ,20230630,日常用品贸易,P,930945.77,,,CNY,000007
000007.SZ,20230630,日常用品其他类,P,930945.77,,,CNY,000007
000007.SZ,20230630,房屋租赁,P,13387054.3,12999119.26,387935.04,CNY,000007
000007.SZ,20230630,其他主营业务,P,13004.43,,,CNY,000007
000007.SZ,20221231,物业管理,P,19339893.43,7255770.5,12084122.93,CNY,000007
000007.SZ,20221231,物业租赁,P,26421571.11,25587480.54,834090.57,CNY,000007
000007.SZ,20221231,汽车销售及相关服务,P,139097289.44,3356805.94,135740483.5,CNY,000007
000007.SZ,20221231,汽车售后服务,P,16456986.57,6204820.13,10252166.44,CNY,000007
000007.SZ,20221231,杀菌纸巾,P,17873728.73,102258.03,17771470.7,CNY,000007
000007.SZ,20221231,日常用品其他类,P,923993.21,871887.02,52106.19,CNY,000007
000007.SZ,20221231,日常用品中杀菌纸巾,P,17873728.73,102258.03,17771470.7,CNY,000007
000007.SZ,20221231,房屋租赁,P,26421571.11,25587480.54,834090.57,CNY,000007
000007.SZ,20221231,其他业务,P,724572.4,724572.4,,CNY,000007
000007.SZ,20220630,物业管理,P,9703634.55,,,CNY,000007
000007.SZ,20220630,物业租赁,P,13006106.57,12562623.14,443483.43,CNY,000007
000007.SZ,20220630,汽车销售及相关服务,P,64207558.0,-2755145.41,66962703.41,CNY,000007
000007.SZ,20220630,汽车售后服务,P,7919537.43,,,CNY,000007
000007.SZ,20220630,杀菌纸巾,P,9800415.41,,,CNY,000007
000007.SZ,20220630,房屋租赁,P,13006106.57,12562623.14,443483.43,CNY,000007
000007.SZ,20220630,出口贸易-日用品,P,13409627.44,362754.32,13046873.12,CNY,000007
000007.SZ,20220630,出口贸易-办公用品,P,1151162.69,,,CNY,000007
000007.SZ,20220630,其他主营业务,P,8326.54,,,CNY,000007
000007.SZ,20220630,其他业务,P,8326.54,,,CNY,000007
000007.SZ,20211231,纳米胶囊,P,243893.88,175486.78,68407.1,CNY,000007
000007.SZ,20211231,物业管理,P,19963003.05,8109203.85,11853799.2,CNY,000007
000007.SZ,20211231,物业租赁,P,25973466.72,25154194.72,819272.0,CNY,000007
000007.SZ,20211231,汽车销售及相关服务,P,100616766.58,2565160.95,98051605.63,CNY,000007
000007.SZ,20211231,汽车售后服务,P,10115347.62,3523350.02,6591997.6,CNY,000007
000007.SZ,20211231,杀菌纸巾,P,19896884.66,303558.98,19593325.68,CNY,000007
000007.SZ,20211231,日常用品其他类,P,25094291.27,635813.1,24458478.17,CNY,000007
000007.SZ,20211231,房屋租赁,P,25973466.72,25154194.72,819272.0,CNY,000007
000007.SZ,20211231,口罩,P,398.25,-15861.63,16259.88,CNY,000007
000007.SZ,20211231,其他业务,P,641756.32,,,CNY,000007
000007.SZ,20210630,纳米胶囊,P,214159.36,,,CNY,000007
000007.SZ,20210630,物业管理,P,9571728.98,4554462.56,5017266.42,CNY,000007
000007.SZ,20210630,物业租赁,P,13048457.37,12618589.87,429867.5,CNY,000007
000007.SZ,20210630,汽车整车销售,P,15517675.71,-1644862.45,17162538.16,CNY,000007
000007.SZ,20210630,汽车整车,P,15517675.71,-1644862.45,17162538.16,CNY,000007
000007.SZ,20210630,汽车售后服务,P,805698.69,,,CNY,000007
000007.SZ,20210630,汽车其他业务,P,718830.64,,,CNY,000007
000007.SZ,20210630,汽车-其他,P,718830.64,,,CNY,000007
000007.SZ,20210630,杀菌纸巾,P,33882.94,,,CNY,000007
000007.SZ,20210630,房屋租赁,P,13048457.37,12618589.87,429867.5,CNY,000007
000007.SZ,20210630,口罩,P,6566.39,,,CNY,000007
000007.SZ,20210630,出口贸易-日用品,P,14453107.4,791049.86,13662057.54,CNY,000007
000007.SZ,20210630,出口贸易-办公用品,P,546663.39,,,CNY,000007
000007.SZ,20210630,出口贸易-其他,P,35257.96,,,CNY,000007
000007.SZ,20201231,纳米胶囊,P,215221.29,161415.96,53805.33,CNY,000007
000007.SZ,20201231,物业管理,P,19796515.65,8846534.41,10949981.24,CNY,000007
000007.SZ,20201231,物业租赁,P,23006541.2,22124498.58,882042.62,CNY,000007
000007.SZ,20201231,杀菌纸巾,P,43093.49,26802.63,16290.86,CNY,000007
000007.SZ,20201231,房屋租赁,P,23006541.2,22124498.58,882042.62,CNY,000007
000007.SZ,20201231,口罩,P,995125.8,345038.0,650087.8,CNY,000007
000007.SZ,20201231,其他业务,P,1089900.01,,,CNY,000007
000007.SZ,20200630,物业管理,P,9135164.56,3946507.2,5188657.36,CNY,000007
000007.SZ,20200630,物业租赁,P,10624087.84,10184608.78,439479.06,CNY,000007
000007.SZ,20200630,杀菌纸巾,P,248732.71,,,CNY,000007
000007.SZ,20200630,房屋租赁,P,10624087.84,10184608.78,439479.06,CNY,000007
000007.SZ,20200630,口罩,P,777411.01,,,CNY,000007
000007.SZ,20200630,其他业务,P,524447.12,,,CNY,000007
000007.SZ,20191231,物业管理,P,20004617.59,7861756.32,12142861.27,CNY,000007
000007.SZ,20191231,物业租赁,P,21049616.86,20023558.11,1026058.75,CNY,000007
000007.SZ,20191231,房屋租赁,P,21049616.86,20023558.11,1026058.75,CNY,000007
000007.SZ,20191231,其他业务,P,966607.36,,,CNY,000007
000007.SZ,20190630,物业管理,P,9743182.59,4429336.92,5313845.67,CNY,000007
000007.SZ,20190630,物业租赁,P,10735409.56,9883458.55,851951.01,CNY,000007
000007.SZ,20190630,房屋租赁,P,10735409.56,9883458.55,851951.01,CNY,000007
000007.SZ,20190630,其他业务,P,544847.18,,,CNY,000007
000007.SZ,20181231,物业管理,P,20497535.71,9265476.33,11232059.38,CNY,000007
000007.SZ,20181231,物业租赁,P,19869435.36,18102634.6,1766800.76,CNY,000007
000007.SZ,20181231,房屋租赁,P,19869435.36,18102634.6,1766800.76,CNY,000007
000007.SZ,20181231,其他业务,P,2076871.03,,,CNY,000007
000007.SZ,20180630,物业管理,P,10706714.99,5581802.73,5124912.26,CNY,000007
000007.SZ,20180630,物业租赁,P,10151010.55,9301343.35,849667.2,CNY,000007
000007.SZ,20180630,房屋租赁,P,10151010.55,9301343.35,849667.2,CNY,000007
000007.SZ,20180630,其他业务,P,1534806.73,,,CNY,000007
000007.SZ,20171231,物业管理,P,19214074.12,8604448.47,10609625.65,CNY,000007
000007.SZ,20171231,物业租赁及管理,P,34328405.15,22020285.1,12308120.05,CNY,000007
000007.SZ,20171231,物业租赁,P,15114331.03,13415836.63,1698494.4,CNY,000007
000007.SZ,20171231,房屋租赁,P,15114331.03,13415836.63,1698494.4,CNY,000007
000007.SZ,20171231,其他业务,P,5315606.8,,,CNY,000007
000007.SZ,20170630,软件技术服务,P,516852.86,,,CNY,000007
000007.SZ,20170630,物业管理,P,11282185.24,4693418.41,6588766.83,CNY,000007
000007.SZ,20170630,物业租赁,P,6883197.79,6813384.31,69813.48,CNY,000007
000007.SZ,20170630,房屋租赁,P,6883197.79,6813384.31,69813.48,CNY,000007
000007.SZ,20170630,其他业务,P,3043412.94,,,CNY,000007
000007.SZ,20161231,物业管理,P,17929749.71,6904674.52,11025075.19,CNY,000007
000007.SZ,20161231,物业租赁及管理,P,31280116.08,18842006.91,12438109.17,CNY,000007
000007.SZ,20161231,物业租赁,P,13350366.37,11937332.39,1413033.98,CNY,000007
000007.SZ,20161231,房屋租赁,P,13350366.37,11937332.39,1413033.98,CNY,000007
000007.SZ,20161231,其他业务,P,7580282.53,6880282.53,700000.0,CNY,000007
000007.SZ,20160630,物业管理,P,8536889.49,3538603.58,4998285.91,CNY,000007
000007.SZ,20160630,物业租赁及管理,P,14081311.18,8896392.29,5184918.89,CNY,000007
000007.SZ,20160630,物业租赁,P,5544421.69,5357788.71,186632.98,CNY,000007
000007.SZ,20160630,房屋租赁,P,5544421.69,5357788.71,186632.98,CNY,000007
000007.SZ,20160630,其他业务,P,3082589.53,,,CNY,000007
000007.SZ,20151231,物业管理,P,18686533.17,8023089.73,10663443.44,CNY,000007
000007.SZ,20151231,物业租赁及管理,P,32631664.07,21667458.87,10964205.2,CNY,000007
000007.SZ,20151231,物业租赁,P,13945130.9,13644369.14,300761.76,CNY,000007
000007.SZ,20151231,旅游饮食,P,60600055.05,49926034.43,10674020.62,CNY,000007
000007.SZ,20151231,房屋租赁,P,13945130.9,13644369.14,300761.76,CNY,000007
000007.SZ,20151231,其他业务,P,5729744.87,5729347.87,397.0,CNY,000007
000007.SZ,20150630,物业管理,P,9484022.74,4803657.2,4680365.54,CNY,000007
000007.SZ,20150630,物业租赁及管理,P,16495440.14,11674209.72,4821230.42,CNY,000007
000007.SZ,20150630,物业租赁,P,7011417.4,6870552.52,140864.88,CNY,000007
000007.SZ,20150630,旅游饮食,P,39230219.9,33088552.69,6141667.21,CNY,000007
000007.SZ,20150630,房屋租赁,P,7011417.4,6870552.52,140864.88,CNY,000007
000007.SZ,20150630,其他业务,P,2689809.27,2689679.27,130.0,CNY,000007
000007.SZ,20141231,物业管理,P,21787861.61,9128731.87,12659129.74,CNY,000007
000007.SZ,20141231,物业租赁及管理,P,36619071.23,23678491.73,12940579.5,CNY,000007
000007.SZ,20141231,物业租赁,P,14831209.62,14549759.86,281449.76,CNY,000007
000007.SZ,20141231,旅游饮食,P,84702714.86,70054047.74,14648667.12,CNY,000007
000007.SZ,20141231,房屋租赁,P,14831209.62,14549759.86,281449.76,CNY,000007
000007.SZ,20141231,商品贸易(钛矿产品),P,70766847.41,3180285.52,67586561.89,CNY,000007
000007.SZ,20141231,其他业务,P,6009228.21,6006028.21,3200.0,CNY,000007
000007.SZ,20140630,物业管理,P,10780361.17,5354800.43,5425560.74,CNY,000007
000007.SZ,20140630,物业租赁及管理,P,18043355.94,12477098.32,5566257.62,CNY,000007
000007.SZ,20140630,物业租赁,P,7262994.77,7122297.89,140696.88,CNY,000007
000007.SZ,20140630,旅游饮食,P,36314096.19,29884798.83,6429297.36,CNY,000007
000007.SZ,20140630,房屋租赁,P,7262994.77,7122297.89,140696.88,CNY,000007
000007.SZ,20140630,其他业务,P,3712102.4,3709942.4,2160.0,CNY,000007
000007.SZ,20131231,物业管理,P,23856641.8,10820334.64,13036307.16,CNY,000007
000007.SZ,20131231,物业租赁及管理,P,39199933.32,25744019.53,13455913.79,CNY,000007
000007.SZ,20131231,物业租赁,P,15343291.52,14923684.89,419606.63,CNY,000007
000007.SZ,20131231,旅游饮食,P,87234409.78,70602724.19,16631685.59,CNY,000007
000007.SZ,20131231,房屋租赁,P,15343291.52,14923684.89,419606.63,CNY,000007
000007.SZ,20131231,商品贸易(钛矿产品),P,1536540.0,179940.0,1356600.0,CNY,000007
000007.SZ,20131231,其他业务,P,86377655.36,44601845.08,41775810.28,CNY,000007
000007.SZ,20130630,物业管理,P,9962903.56,4099238.81,5863664.75,CNY,000007
000007.SZ,20130630,物业租赁及管理,P,18315789.94,12174659.68,6141130.26,CNY,000007
000007.SZ,20130630,物业租赁,P,8352886.38,8075420.87,277465.51,CNY,000007
000007.SZ,20130630,旅游饮食,P,41175787.05,32146936.79,9028850.26,CNY,000007
000007.SZ,20130630,房屋租赁,P,8352886.38,8075420.87,277465.51,CNY,000007
000007.SZ,20130630,商品贸易(钛矿产品),P,1536540.0,179940.0,1356600.0,CNY,000007
000007.SZ,20130630,其他业务,P,3396227.09,,,CNY,000007
000007.SZ,20130630,停车费,P,1771262.0,1771262.0,,CNY,000007
000007.SZ,20121231,物业管理,P,17454337.21,7044029.95,10410307.26,CNY,000007
000007.SZ,20121231,物业租赁及管理,P,34034575.56,23288206.97,10746368.59,CNY,000007
000007.SZ,20121231,物业租赁,P,16580238.35,16244177.02,336061.33,CNY,000007
000007.SZ,20121231,旅游饮食,P,106880643.46,84098115.99,22782527.47,CNY,000007
000007.SZ,20121231,房屋租赁,P,16580238.35,16244177.02,336061.33,CNY,000007
000007.SZ,20121231,商品贸易(钛矿产品),P,160410636.34,22880312.06,137530324.28,CNY,000007
000007.SZ,20121231,其他业务,P,6570472.39,6570329.39,143.0,CNY,000007
000007.SZ,20121231,停车费,P,4768584.3,2540150.39,2228433.91,CNY,000007
000007.SZ,20120630,物业管理,P,9123404.15,3654021.8,5469382.35,CNY,000007
000007.SZ,20120630,物业租赁及管理,P,17621045.73,11959366.5,5661679.23,CNY,000007
000007.SZ,20120630,物业租赁,P,8497641.58,8305344.7,192296.88,CNY,000007
000007.SZ,20120630,旅游饮食,P,50448741.83,38267218.01,12181523.82,CNY,000007
000007.SZ,20120630,房屋租赁,P,8497641.58,8305344.7,192296.88,CNY,000007
000007.SZ,20120630,商品贸易(钛矿产品),P,33236277.88,10650077.88,22586200.0,CNY,000007
000007.SZ,20120630,其他业务,P,3563213.38,,,CNY,000007
000007.SZ,20120630,停车费,P,1951350.0,,,CNY,000007
000007.SZ,20111231,物业管理,P,19049720.23,9314473.28,9735246.95,CNY,000007
000007.SZ,20111231,物业租赁及管理,P,35326921.04,25369513.43,9957407.61,CNY,000007
000007.SZ,20111231,物业租赁,P,16277200.81,16055040.15,222160.66,CNY,000007
000007.SZ,20111231,旅游饮食,P,122016900.58,99461434.39,22555466.19,CNY,000007
000007.SZ,20111231,房屋租赁,P,16277200.81,16055040.15,222160.66,CNY,000007
000007.SZ,20111231,典当行,P,500.0,,,CNY,000007
000007.SZ,20111231,其他业务,P,3659802.67,3659094.67,708.0,CNY,000007
000007.SZ,20111231,停车费,P,4335399.0,2228444.34,2106954.66,CNY,000007
000007.SZ,20110630,物业管理,P,9042383.15,4413560.92,4628822.23,CNY,000007
000007.SZ,20110630,物业租赁及管理,P,17183676.93,12445667.22,4738009.71,CNY,000007
000007.SZ,20110630,物业租赁,P,8141293.78,8032106.3,109187.48,CNY,000007
000007.SZ,20110630,旅游饮食,P,53294646.61,43423872.35,9870774.26,CNY,000007
000007.SZ,20110630,房屋租赁,P,8141293.78,8032106.3,109187.48,CNY,000007
000007.SZ,20110630,典当行,P,500.0,,,CNY,000007
000007.SZ,20110630,其他业务,P,1609593.26,1609190.26,403.0,CNY,000007
000007.SZ,20110630,停车费,P,1582071.0,,,CNY,000007
000007.SZ,20101231,物业管理,P,18660997.12,9037762.19,9623234.93,CNY,000007
000007.SZ,20101231,物业租赁及管理,P,34677918.27,24332368.98,10345549.29,CNY,000007
000007.SZ,20101231,物业租赁,P,16016921.15,15294606.79,722314.36,CNY,000007
000007.SZ,20101231,旅游饮食,P,101143531.44,80619356.48,20524174.96,CNY,000007
000007.SZ,20101231,房屋租赁,P,16016921.15,15294606.79,722314.36,CNY,000007
000007.SZ,20101231,其他业务,P,2982014.76,2156800.12,825214.64,CNY,000007
000007.SZ,20101231,停车费,P,4488627.0,,,CNY,000007
000007.SZ,20100630,物业管理,P,8975666.73,4624375.46,4351291.27,CNY,000007
000007.SZ,20100630,物业租赁及管理,P,15643657.12,11042330.63,4601326.49,CNY,000007
000007.SZ,20100630,物业租赁,P,6667990.39,6417955.17,250035.22,CNY,000007
000007.SZ,20100630,旅游饮食,P,45305161.24,35516890.93,9788270.31,CNY,000007
000007.SZ,20100630,房屋租赁,P,6667990.39,6417955.17,250035.22,CNY,000007
000007.SZ,20100630,其他业务,P,1706704.42,1706522.42,182.0,CNY,000007
000007.SZ,20100630,停车费,P,1916226.0,,,CNY,000007
000007.SZ,20091231,物业管理,P,15725445.41,5357732.14,10367713.27,CNY,000007
000007.SZ,20091231,物业租赁及管理,P,34126683.25,23427891.37,10698791.88,CNY,000007
000007.SZ,20091231,物业租赁,P,18401237.84,18070159.23,331078.61,CNY,000007
000007.SZ,20091231,旅游饮食,P,92635030.43,74588538.27,18046492.16,CNY,000007
000007.SZ,20091231,房屋租赁,P,18401237.84,18070159.23,331078.61,CNY,000007
000007.SZ,20091231,典当行,P,23204.0,,,CNY,000007
000007.SZ,20091231,其他业务,P,2460771.51,1632481.87,828289.64,CNY,000007
000007.SZ,20091231,停车费,P,4065464.0,,,CNY,000007
000007.SZ,20090630,物业租赁及管理,P,22746775.71,17064686.16,5682089.55,CNY,000007
000007.SZ,20090630,旅游饮食,P,40821130.33,33924158.04,6896972.29,CNY,000007
000007.SZ,20090630,其他主营业务,P,10078.0,,,CNY,000007
000007.SZ,20090630,其他,P,10078.0,,,CNY,000007
000007.SZ,20081231,物业管理,P,15450906.62,6120038.78,9330867.84,CNY,000007
000007.SZ,20081231,物业租赁及管理,P,36265226.66,25920915.21,10344311.45,CNY,000007
000007.SZ,20081231,物业租赁,P,20814320.04,19800876.43,1013443.61,CNY,000007
000007.SZ,20081231,旅游饮食,P,106107834.88,88506422.77,17601412.11,CNY,000007
000007.SZ,20081231,房屋租赁,P,20814320.04,19800876.43,1013443.61,CNY,000007
000007.SZ,20081231,房地产业,P,8630000.0,3333841.42,5296158.58,CNY,000007
000007.SZ,20081231,典当行,P,53300.05,,,CNY,000007
000007.SZ,20081231,其他业务,P,3675116.26,2197242.66,1477873.6,CNY,000007
000007.SZ,20081231,停车费,P,4258423.0,,,CNY,000007
000007.SZ,20080630,物业租赁及管理,P,20001857.57,14224473.88,5777383.69,CNY,000007
000007.SZ,20080630,旅游饮食,P,51510078.68,43019986.27,8490092.41,CNY,000007
000007.SZ,20080630,房地产业,P,8510000.0,3280731.67,5229268.33,CNY,000007
000007.SZ,20080630,其他主营业务,P,13795.0,,,CNY,000007
000007.SZ,20080630,其他,P,13795.0,,,CNY,000007
000007.SZ,20071231,物业管理,P,14932195.19,4411212.79,10520982.4,CNY,000007
000007.SZ,20071231,物业租赁及管理,P,27518840.47,16102369.0,11416471.47,CNY,000007
000007.SZ,20071231,物业租赁,P,12586645.28,11691156.21,895489.07,CNY,000007
000007.SZ,20071231,旅游饮食,P,110387082.22,93949270.37,16437811.85,CNY,000007
000007.SZ,20071231,房屋租赁,P,12586645.28,11691156.21,895489.07,CNY,000007
000007.SZ,20071231,房地产业,P,39589519.2,16728331.04,22861188.16,CNY,000007
000007.SZ,20071231,典当行,P,190561.0,,,CNY,000007
000007.SZ,20071231,其他业务,P,3593856.73,3319614.49,274242.24,CNY,000007
000007.SZ,20071231,停车费,P,4027820.4,,,CNY,000007
000007.SZ,20070630,物业租赁及管理,P,17681348.18,10169125.78,7512222.4,CNY,000007
000007.SZ,20070630,旅游饮食,P,49998358.63,43346590.24,6651768.39,CNY,000007
000007.SZ,20070630,其他主营业务,P,21752.0,,,CNY,000007
000007.SZ,20070630,其他,P,21752.0,,,CNY,000007
000007.SZ,20061231,物业管理,P,13632484.48,4602301.96,9030182.52,CNY,000007
000007.SZ,20061231,物业租赁,P,17528876.78,16141423.52,1387453.26,CNY,000007
000007.SZ,20061231,旅游饮食,P,100013918.46,86301248.42,13712670.04,CNY,000007
000007.SZ,20061231,房屋租赁,P,17528876.78,16141423.52,1387453.26,CNY,000007
000007.SZ,20061231,房地产业,P,59255595.3,3985962.06,55269633.24,CNY,000007
000007.SZ,20061231,典当行,P,186383.0,,,CNY,000007
000007.SZ,20061231,其他,P,3124599.5,,,CNY,000007
000007.SZ,20060630,物业租赁及管理,P,16597635.82,12050554.52,4547081.3,CNY,000007
000007.SZ,20060630,旅游饮食,P,52758778.43,45436257.07,7322521.36,CNY,000007
000007.SZ,20060630,房地产开发与经营业,P,2180440.0,270620.86,1909819.14,CNY,000007
000007.SZ,20060630,其他主营业务,P,169889.0,,,CNY,000007
000007.SZ,20060630,其他,P,169889.0,,,CNY,000007
000007.SZ,20051231,其他主营业务,P,1910000.0,1910000.0,,CNY,000007
000007.SZ,20051231,其他,P,1910000.0,1910000.0,,CNY,000007
000007.SZ,20050630,其他主营业务,P,279924.0,,,CNY,000007
000007.SZ,20050630,其他,P,279924.0,,,CNY,000007
000007.SZ,20041231,货币使用权,P,496400.0,,,CNY,000007
000007.SZ,20041231,房产使用权,P,16246200.0,13245800.0,3000400.0,CNY,000007
000007.SZ,20041231,房产,P,37781500.0,6986800.0,30794700.0,CNY,000007
000007.SZ,20041231,农宽运营(行业),P,37781500.0,6986800.0,30794700.0,CNY,000007
000007.SZ,20041231,其他,P,1633500.0,,,CNY,000007
000007.SZ,20040630,房产使用权,P,13517799.95,9310364.06,4207435.89,CNY,000007
000007.SZ,20040630,房产,P,20056743.0,3869601.01,16187141.99,CNY,000007
000007.SZ,20040630,农宽运营(行业),P,20056743.0,3869601.01,16187141.99,CNY,000007
000007.SZ,20040630,其他主营业务,P,396833.0,,,CNY,000007
000007.SZ,20040630,其他,P,396833.0,,,CNY,000007
000007.SZ,20031231,货币使用权,P,2109600.0,2109600.0,,CNY,000007
000007.SZ,20031231,房产使用权,P,17828300.0,15652700.0,2175600.0,CNY,000007
000007.SZ,20031231,房产,P,244332000.0,97934800.0,146397200.0,CNY,000007
000007.SZ,20031231,农宽运营(行业),P,244332000.0,97934800.0,146397200.0,CNY,000007
000007.SZ,20030630,其他主营业务,P,6147343.3,2539463.22,3607880.08,CNY,000007
000007.SZ,20030630,其他,P,6147343.3,2539463.22,3607880.08,CNY,000007
000007.SZ,20021231,房产,P,207637600.0,207637600.0,,CNY,000007
000007.SZ,20021231,农宽运营(行业),P,207637600.0,207637600.0,,CNY,000007
000007.SZ,20011231,通信器材,P,21292600.0,21292600.0,,CNY,000007
000007.SZ,20011231,房产,P,312276100.0,312276100.0,,CNY,000007
000007.SZ,20011231,农宽运营(行业),P,312276100.0,312276100.0,,CNY,000007
