trade_date,month,rank,trigger_stocks,selected_concepts,cb_code,cb_name,stk_code,stk_name,matched_concepts,trigger_sources,theme_score,relation_reason,risk_notes,open,close,return_pct
2026-01-05,2026-01,1,"锋龙股份(002931,封单14.83亿)、岩山科技(002195,封单10.06亿)、雷科防务(002413,封单8.08亿)、创新医疗(002173,封单7.56亿)",金属制品(0.0486)、太赫兹(0.0106),128143.SZ,锋龙转债,002931,锋龙股份,金属制品,002931,1124.8285,正股为触发股，命中金属制品,强赎中；退市日期2025-03-13,,,
2026-01-05,2026-01,2,"锋龙股份(002931,封单14.83亿)、岩山科技(002195,封单10.06亿)、雷科防务(002413,封单8.08亿)、创新医疗(002173,封单7.56亿)",金属制品(0.0486)、太赫兹(0.0106),124007.SZ,雷科定转,002413,雷科防务,太赫兹,002413,1118.084,正股为触发股，命中太赫兹,,,,
2026-01-05,2026-01,3,"锋龙股份(002931,封单14.83亿)、岩山科技(002195,封单10.06亿)、雷科防务(002413,封单8.08亿)、创新医疗(002173,封单7.56亿)",金属制品(0.0486)、太赫兹(0.0106),124012.SZ,雷科定02,002413,雷科防务,太赫兹,002413,1118.084,正股为触发股，命中太赫兹,,,,
2026-01-05,2026-01,4,"锋龙股份(002931,封单14.83亿)、岩山科技(002195,封单10.06亿)、雷科防务(002413,封单8.08亿)、创新医疗(002173,封单7.56亿)",金属制品(0.0486)、太赫兹(0.0106),110005.SH,西洋转债,600558,大西洋,金属制品,002931,124.8285,命中金属制品,退市日期2010-05-19,,,
2026-01-05,2026-01,5,"锋龙股份(002931,封单14.83亿)、岩山科技(002195,封单10.06亿)、雷科防务(002413,封单8.08亿)、创新医疗(002173,封单7.56亿)",金属制品(0.0486)、太赫兹(0.0106),113535.SH,大业转债,603278,大业股份,金属制品,002931,124.8285,命中金属制品,强赎中；退市日期2024-01-16,,,
2026-01-05,2026-01,6,"锋龙股份(002931,封单14.83亿)、岩山科技(002195,封单10.06亿)、雷科防务(002413,封单8.08亿)、创新医疗(002173,封单7.56亿)",金属制品(0.0486)、太赫兹(0.0106),113568.SH,新春转债,603667,五洲新春,金属制品,002931,124.8285,命中金属制品,强赎中；退市日期2022-06-13,,,
2026-01-05,2026-01,7,"锋龙股份(002931,封单14.83亿)、岩山科技(002195,封单10.06亿)、雷科防务(002413,封单8.08亿)、创新医疗(002173,封单7.56亿)",金属制品(0.0486)、太赫兹(0.0106),113697.SH,应流转债,603308,应流股份,金属制品,002931,124.8285,命中金属制品,成交额偏低2.6万；剩余规模15.00亿,192.63,201.149,4.4225
2026-01-05,2026-01,8,"锋龙股份(002931,封单14.83亿)、岩山科技(002195,封单10.06亿)、雷科防务(002413,封单8.08亿)、创新医疗(002173,封单7.56亿)",金属制品(0.0486)、太赫兹(0.0106),113706.SH,金帝转债,603270,金帝股份,金属制品,002931,124.8285,命中金属制品,,,,
2026-01-05,2026-01,9,"锋龙股份(002931,封单14.83亿)、岩山科技(002195,封单10.06亿)、雷科防务(002413,封单8.08亿)、创新医疗(002173,封单7.56亿)",金属制品(0.0486)、太赫兹(0.0106),118009.SH,华锐转债,688059,华锐精密,金属制品,002931,124.8285,命中金属制品,强赎中；成交额偏低1.8万；退市日期2026-02-03,139.3,137.929,-0.9842
2026-01-05,2026-01,10,"锋龙股份(002931,封单14.83亿)、岩山科技(002195,封单10.06亿)、雷科防务(002413,封单8.08亿)、创新医疗(002173,封单7.56亿)",金属制品(0.0486)、太赫兹(0.0106),123215.SZ,铭利转债,301268,铭利达,金属制品,002931,124.8285,命中金属制品,成交额偏低0.4万,131.495,133.645,1.635
2026-01-05,2026-01,11,"锋龙股份(002931,封单14.83亿)、岩山科技(002195,封单10.06亿)、雷科防务(002413,封单8.08亿)、创新医疗(002173,封单7.56亿)",金属制品(0.0486)、太赫兹(0.0106),123239.SZ,锋工转债,300488,恒锋工具,金属制品,002931,124.8285,命中金属制品,强赎中；成交额偏低0.4万；退市日期2026-04-09,154.59,155.76,0.7568
2026-01-05,2026-01,12,"锋龙股份(002931,封单14.83亿)、岩山科技(002195,封单10.06亿)、雷科防务(002413,封单8.08亿)、创新医疗(002173,封单7.56亿)",金属制品(0.0486)、太赫兹(0.0106),127048.SZ,中大转债,002896,中大力德,金属制品,002931,124.8285,命中金属制品,强赎中；退市日期2022-09-13,,,
2026-01-05,2026-01,13,"锋龙股份(002931,封单14.83亿)、岩山科技(002195,封单10.06亿)、雷科防务(002413,封单8.08亿)、创新医疗(002173,封单7.56亿)",金属制品(0.0486)、太赫兹(0.0106),127106.SZ,伟隆转债,002871,伟隆股份,金属制品,002931,124.8285,命中金属制品,强赎中；退市日期2025-08-11,,,
2026-01-05,2026-01,14,"锋龙股份(002931,封单14.83亿)、岩山科技(002195,封单10.06亿)、雷科防务(002413,封单8.08亿)、创新医疗(002173,封单7.56亿)",金属制品(0.0486)、太赫兹(0.0106),128001.SZ,泰尔转债,002347,泰尔股份,金属制品,002931,124.8285,命中金属制品,退市日期2014-11-21,,,
2026-01-05,2026-01,15,"锋龙股份(002931,封单14.83亿)、岩山科技(002195,封单10.06亿)、雷科防务(002413,封单8.08亿)、创新医疗(002173,封单7.56亿)",金属制品(0.0486)、太赫兹(0.0106),128070.SZ,智能转债,002877,智能自控,金属制品,002931,124.8285,命中金属制品,公告到期赎回；退市日期2025-07-03,,,
2026-01-05,2026-01,16,"锋龙股份(002931,封单14.83亿)、岩山科技(002195,封单10.06亿)、雷科防务(002413,封单8.08亿)、创新医疗(002173,封单7.56亿)",金属制品(0.0486)、太赫兹(0.0106),110056.SH,亨通转债,600487,亨通光电,太赫兹,002413,118.084,命中太赫兹,强赎中；退市日期2022-12-06,,,
2026-01-05,2026-01,17,"锋龙股份(002931,封单14.83亿)、岩山科技(002195,封单10.06亿)、雷科防务(002413,封单8.08亿)、创新医疗(002173,封单7.56亿)",金属制品(0.0486)、太赫兹(0.0106),123112.SZ,万讯转债,300112,万讯自控,太赫兹,002413,118.084,命中太赫兹,成交额偏低0.3万,137.2,138.33,0.8236
2026-01-05,2026-01,18,"锋龙股份(002931,封单14.83亿)、岩山科技(002195,封单10.06亿)、雷科防务(002413,封单8.08亿)、创新医疗(002173,封单7.56亿)",金属制品(0.0486)、太赫兹(0.0106),128041.SZ,盛路转债,002446,盛路通信,太赫兹,002413,118.084,命中太赫兹,公告到期赎回；退市日期2024-07-17,,,
2026-01-12,2026-01,1,"烽火通信(600498,封单8.64亿)、通宇通讯(002792,封单6.13亿)",中俄贸易概念(-0.0003)、央企国企改革(-0.0012),110062.SH,烽火转债,600498,烽火通信,央企国企改革,600498,1118.6433,正股为触发股，命中央企国企改革,公告到期赎回；退市日期2025-12-02,,,
2026-01-12,2026-01,2,"烽火通信(600498,封单8.64亿)、通宇通讯(002792,封单6.13亿)",中俄贸易概念(-0.0003)、央企国企改革(-0.0012),127029.SZ,中钢转债,000928,中钢国际,中俄贸易概念、央企国企改革,002792、600498,218.6433,命中中俄贸易概念、央企国企改革,强赎中；退市日期2023-11-08,,,
2026-01-12,2026-01,3,"烽火通信(600498,封单8.64亿)、通宇通讯(002792,封单6.13亿)",中俄贸易概念(-0.0003)、央企国企改革(-0.0012),100236.SH,桂冠转债,600236,桂冠电力,央企国企改革,600498,118.6433,命中央企国企改革,退市日期2008-07-04,,,
2026-01-12,2026-01,4,"烽火通信(600498,封单8.64亿)、通宇通讯(002792,封单6.13亿)",中俄贸易概念(-0.0003)、央企国企改革(-0.0012),100726.SH,华电转债,600726,华电能源,央企国企改革,600498,118.6433,命中央企国企改革,退市日期2007-06-05,,,
2026-01-12,2026-01,5,"烽火通信(600498,封单8.64亿)、通宇通讯(002792,封单6.13亿)",中俄贸易概念(-0.0003)、央企国企改革(-0.0012),100795.SH,国电转债,600795,国电电力,央企国企改革,600498,118.6433,命中央企国企改革,退市日期2007-04-30,,,
2026-01-12,2026-01,6,"烽火通信(600498,封单8.64亿)、通宇通讯(002792,封单6.13亿)",中俄贸易概念(-0.0003)、央企国企改革(-0.0012),110003.SH,新钢转债,600782,新钢股份,央企国企改革,600498,118.6433,命中央企国企改革,退市日期2013-08-27,,,
2026-01-12,2026-01,7,"烽火通信(600498,封单8.64亿)、通宇通讯(002792,封单6.13亿)",中俄贸易概念(-0.0003)、央企国企改革(-0.0012),110011.SH,歌华转债,600037,歌华有线,央企国企改革,600498,118.6433,命中央企国企改革,退市日期2015-05-06,,,
2026-01-12,2026-01,8,"烽火通信(600498,封单8.64亿)、通宇通讯(002792,封单6.13亿)",中俄贸易概念(-0.0003)、央企国企改革(-0.0012),110013.SH,国投转债,600886,国投电力,央企国企改革,600498,118.6433,命中央企国企改革,退市日期2013-07-12,,,
2026-01-12,2026-01,9,"烽火通信(600498,封单8.64亿)、通宇通讯(002792,封单6.13亿)",中俄贸易概念(-0.0003)、央企国企改革(-0.0012),110015.SH,石化转债,600028,中国石化,央企国企改革,600498,118.6433,命中央企国企改革,退市日期2015-02-17,,,
2026-01-12,2026-01,10,"烽火通信(600498,封单8.64亿)、通宇通讯(002792,封单6.13亿)",中俄贸易概念(-0.0003)、央企国企改革(-0.0012),110017.SH,中海转债,600026,中远海能,央企国企改革,600498,118.6433,命中央企国企改革,退市日期2015-02-13,,,
2026-01-12,2026-01,11,"烽火通信(600498,封单8.64亿)、通宇通讯(002792,封单6.13亿)",中俄贸易概念(-0.0003)、央企国企改革(-0.0012),110018.SH,国电转债,600795,国电电力,央企国企改革,600498,118.6433,命中央企国企改革,退市日期2015-03-05,,,
2026-01-12,2026-01,12,"烽火通信(600498,封单8.64亿)、通宇通讯(002792,封单6.13亿)",中俄贸易概念(-0.0003)、央企国企改革(-0.0012),110021.SH,上电转债,600021,上海电力,央企国企改革,600498,118.6433,命中央企国企改革,退市日期2007-08-27,,,
2026-01-12,2026-01,13,"烽火通信(600498,封单8.64亿)、通宇通讯(002792,封单6.13亿)",中俄贸易概念(-0.0003)、央企国企改革(-0.0012),110026.SH,中海转债,600026,中远海能,央企国企改革,600498,118.6433,命中央企国企改革,退市日期2008-04-09,,,
2026-01-12,2026-01,14,"烽火通信(600498,封单8.64亿)、通宇通讯(002792,封单6.13亿)",中俄贸易概念(-0.0003)、央企国企改革(-0.0012),110027.SH,东方转债,600875,东方电气,央企国企改革,600498,118.6433,命中央企国企改革,退市日期2015-02-27,,,
2026-01-12,2026-01,15,"烽火通信(600498,封单8.64亿)、通宇通讯(002792,封单6.13亿)",中俄贸易概念(-0.0003)、央企国企改革(-0.0012),110031.SH,航信转债,600271,航天信息,央企国企改革,600498,118.6433,命中央企国企改革,退市日期2021-06-15,,,
2026-01-12,2026-01,16,"烽火通信(600498,封单8.64亿)、通宇通讯(002792,封单6.13亿)",中俄贸易概念(-0.0003)、央企国企改革(-0.0012),110037.SH,歌华转债,600037,歌华有线,央企国企改革,600498,118.6433,命中央企国企改革,退市日期2009-05-18,,,
2026-01-12,2026-01,17,"烽火通信(600498,封单8.64亿)、通宇通讯(002792,封单6.13亿)",中俄贸易概念(-0.0003)、央企国企改革(-0.0012),110039.SH,宝信转债,600845,宝信软件,央企国企改革,600498,118.6433,命中央企国企改革,退市日期2018-07-13,,,
2026-01-12,2026-01,18,"烽火通信(600498,封单8.64亿)、通宇通讯(002792,封单6.13亿)",中俄贸易概念(-0.0003)、央企国企改革(-0.0012),110041.SH,蒙电转债,600863,华能蒙电,央企国企改革,600498,118.6433,命中央企国企改革,退市日期2021-11-05,,,
2026-01-12,2026-01,19,"烽火通信(600498,封单8.64亿)、通宇通讯(002792,封单6.13亿)",中俄贸易概念(-0.0003)、央企国企改革(-0.0012),110042.SH,航电转债,600372,中航机载,央企国企改革,600498,118.6433,命中央企国企改革,退市日期2020-09-08,,,
2026-01-12,2026-01,20,"烽火通信(600498,封单8.64亿)、通宇通讯(002792,封单6.13亿)",中俄贸易概念(-0.0003)、央企国企改革(-0.0012),110057.SH,现代转债,600420,国药现代,央企国企改革,600498,118.6433,命中央企国企改革,强赎中；退市日期2023-06-16,,,
2026-01-12,2026-01,21,"烽火通信(600498,封单8.64亿)、通宇通讯(002792,封单6.13亿)",中俄贸易概念(-0.0003)、央企国企改革(-0.0012),110070.SH,凌钢转债,600231,凌钢股份,央企国企改革,600498,118.6433,命中央企国企改革,公告到期赎回；成交额偏低0.3万；退市日期2026-04-13,127.01,128.795,1.4054
2026-01-12,2026-01,22,"烽火通信(600498,封单8.64亿)、通宇通讯(002792,封单6.13亿)",中俄贸易概念(-0.0003)、央企国企改革(-0.0012),110073.SH,国投转债,600061,国投资本,央企国企改革,600498,118.6433,命中央企国企改革,公告到期赎回；成交额偏低3.3万；剩余规模79.99亿；退市日期2026-07-24,114.987,116.001,0.8818
2026-01-12,2026-01,23,"烽火通信(600498,封单8.64亿)、通宇通讯(002792,封单6.13亿)",中俄贸易概念(-0.0003)、央企国企改革(-0.0012),110075.SH,南航转债,600029,南方航空,央企国企改革,600498,118.6433,命中央企国企改革,成交额偏低2.7万；剩余规模58.96亿,136.699,136.549,-0.1097
2026-01-12,2026-01,24,"烽火通信(600498,封单8.64亿)、通宇通讯(002792,封单6.13亿)",中俄贸易概念(-0.0003)、央企国企改革(-0.0012),110807.SH,动力定01,600482,中国动力,央企国企改革,600498,118.6433,命中央企国企改革,退市日期2024-12-05,,,
2026-01-12,2026-01,25,"烽火通信(600498,封单8.64亿)、通宇通讯(002792,封单6.13亿)",中俄贸易概念(-0.0003)、央企国企改革(-0.0012),110808.SH,动力定02,600482,中国动力,央企国企改革,600498,118.6433,命中央企国企改革,退市日期2026-03-23,,,
2026-01-12,2026-01,26,"烽火通信(600498,封单8.64亿)、通宇通讯(002792,封单6.13亿)",中俄贸易概念(-0.0003)、央企国企改革(-0.0012),110814.SH,华电定转,600027,华电国际,央企国企改革,600498,118.6433,命中央企国企改革,退市日期2023-06-08,,,
2026-01-12,2026-01,27,"烽火通信(600498,封单8.64亿)、通宇通讯(002792,封单6.13亿)",中俄贸易概念(-0.0003)、央企国企改革(-0.0012),110817.SH,保利定转,600048,保利发展,央企国企改革,600498,118.6433,命中央企国企改革,剩余规模85.00亿,,,
2026-01-12,2026-01,28,"烽火通信(600498,封单8.64亿)、通宇通讯(002792,封单6.13亿)",中俄贸易概念(-0.0003)、央企国企改革(-0.0012),113024.SH,核建转债,601611,中国核建,央企国企改革,600498,118.6433,命中央企国企改革,公告到期赎回；退市日期2025-04-08,,,
2026-01-12,2026-01,29,"烽火通信(600498,封单8.64亿)、通宇通讯(002792,封单6.13亿)",中俄贸易概念(-0.0003)、央企国企改革(-0.0012),113026.SH,核能转债,601985,中国核电,央企国企改革,600498,118.6433,命中央企国企改革,强赎中；退市日期2022-03-09,,,
2026-01-12,2026-01,30,"烽火通信(600498,封单8.64亿)、通宇通讯(002792,封单6.13亿)",中俄贸易概念(-0.0003)、央企国企改革(-0.0012),113051.SH,节能转债,601016,节能风电,央企国企改革,600498,118.6433,命中央企国企改革,成交额偏低1.1万；剩余规模26.52亿,123.67,124.792,0.9073
2026-01-12,2026-01,31,"烽火通信(600498,封单8.64亿)、通宇通讯(002792,封单6.13亿)",中俄贸易概念(-0.0003)、央企国企改革(-0.0012),113688.SH,国检转债,603060,国检集团,央企国企改革,600498,118.6433,命中央企国企改革,成交额偏低0.4万,134.85,137.038,1.6225
2026-01-12,2026-01,32,"烽火通信(600498,封单8.64亿)、通宇通讯(002792,封单6.13亿)",中俄贸易概念(-0.0003)、央企国企改革(-0.0012),118022.SH,锂科转债,688779,五矿新能,央企国企改革,600498,118.6433,命中央企国企改革,成交额偏低1.2万；剩余规模32.50亿,123.998,124.907,0.7331
2026-01-12,2026-01,33,"烽火通信(600498,封单8.64亿)、通宇通讯(002792,封单6.13亿)",中俄贸易概念(-0.0003)、央企国企改革(-0.0012),123002.SZ,国祯转债,300388,节能国祯,央企国企改革,600498,118.6433,命中央企国企改革,公告到期赎回；退市日期2023-11-27,,,
2026-01-12,2026-01,34,"烽火通信(600498,封单8.64亿)、通宇通讯(002792,封单6.13亿)",中俄贸易概念(-0.0003)、央企国企改革(-0.0012),123004.SZ,铁汉转债,300197,节能铁汉,央企国企改革,600498,118.6433,命中央企国企改革,公告到期赎回；退市日期2023-12-19,,,
2026-01-12,2026-01,35,"烽火通信(600498,封单8.64亿)、通宇通讯(002792,封单6.13亿)",中俄贸易概念(-0.0003)、央企国企改革(-0.0012),123048.SZ,应急转债,300527,ST应急,央企国企改革,600498,118.6433,命中央企国企改革,强赎中；退市日期2025-09-05,,,
2026-01-12,2026-01,36,"烽火通信(600498,封单8.64亿)、通宇通讯(002792,封单6.13亿)",中俄贸易概念(-0.0003)、央企国企改革(-0.0012),123272.SZ,中汽转债,301215,中汽股份,央企国企改革,600498,118.6433,命中央企国企改革,剩余规模10.39亿,,,
2026-01-12,2026-01,37,"烽火通信(600498,封单8.64亿)、通宇通讯(002792,封单6.13亿)",中俄贸易概念(-0.0003)、央企国企改革(-0.0012),125069.SZ,侨城转债,000069,华侨城A,央企国企改革,600498,118.6433,命中央企国企改革,退市日期2005-04-29,,,
2026-01-12,2026-01,38,"烽火通信(600498,封单8.64亿)、通宇通讯(002792,封单6.13亿)",中俄贸易概念(-0.0003)、央企国企改革(-0.0012),125717.SZ,韶钢转债,000717,中南股份,央企国企改革,600498,118.6433,命中央企国企改革,退市日期2007-10-16,,,
2026-01-12,2026-01,39,"烽火通信(600498,封单8.64亿)、通宇通讯(002792,封单6.13亿)",中俄贸易概念(-0.0003)、央企国企改革(-0.0012),125731.SZ,美丰转债,000731,四川美丰,央企国企改革,600498,118.6433,命中央企国企改革,退市日期2013-04-24,,,
2026-01-12,2026-01,40,"烽火通信(600498,封单8.64亿)、通宇通讯(002792,封单6.13亿)",中俄贸易概念(-0.0003)、央企国企改革(-0.0012),125898.SZ,鞍钢转债,000898,鞍钢股份,央企国企改革,600498,118.6433,命中央企国企改革,退市日期2005-03-14,,,
2026-01-12,2026-01,41,"烽火通信(600498,封单8.64亿)、通宇通讯(002792,封单6.13亿)",中俄贸易概念(-0.0003)、央企国企改革(-0.0012),125930.SZ,丰原转债,000930,中粮科技,央企国企改革,600498,118.6433,命中央企国企改革,退市日期2006-03-24,,,
2026-01-12,2026-01,42,"烽火通信(600498,封单8.64亿)、通宇通讯(002792,封单6.13亿)",中俄贸易概念(-0.0003)、央企国企改革(-0.0012),125969.SZ,安泰转债,000969,安泰科技,央企国企改革,600498,118.6433,命中央企国企改革,退市日期2010-06-23,,,
2026-01-12,2026-01,43,"烽火通信(600498,封单8.64亿)、通宇通讯(002792,封单6.13亿)",中俄贸易概念(-0.0003)、央企国企改革(-0.0012),127012.SZ,招路转债,001965,招商公路,央企国企改革,600498,118.6433,命中央企国企改革,强赎中；退市日期2024-04-03,,,
2026-01-12,2026-01,44,"烽火通信(600498,封单8.64亿)、通宇通讯(002792,封单6.13亿)",中俄贸易概念(-0.0003)、央企国企改革(-0.0012),127014.SZ,北方转债,000065,北方国际,央企国企改革,600498,118.6433,命中央企国企改革,强赎中；退市日期2025-04-15,,,
2026-01-12,2026-01,45,"烽火通信(600498,封单8.64亿)、通宇通讯(002792,封单6.13亿)",中俄贸易概念(-0.0003)、央企国企改革(-0.0012),127018.SZ,本钢转债,000761,本钢板材,央企国企改革,600498,118.6433,命中央企国企改革,公告到期赎回；成交额偏低1.3万；退市日期2026-06-29,122.6,123.174,0.4682
2026-01-12,2026-01,46,"烽火通信(600498,封单8.64亿)、通宇通讯(002792,封单6.13亿)",中俄贸易概念(-0.0003)、央企国企改革(-0.0012),127071.SZ,天箭转债,003009,中天火箭,央企国企改革,600498,118.6433,命中央企国企改革,强赎中；成交额偏低29.8万；退市日期2026-03-16,192.0,214.5,11.7188
2026-01-12,2026-01,47,"烽火通信(600498,封单8.64亿)、通宇通讯(002792,封单6.13亿)",中俄贸易概念(-0.0003)、央企国企改革(-0.0012),127108.SZ,太能转债,000591,太阳能,央企国企改革,600498,118.6433,命中央企国企改革,成交额偏低0.9万；剩余规模29.50亿,125.998,125.985,-0.0103
2026-01-12,2026-01,48,"烽火通信(600498,封单8.64亿)、通宇通讯(002792,封单6.13亿)",中俄贸易概念(-0.0003)、央企国企改革(-0.0012),127110.SZ,广核转债,003816,中国广核,央企国企改革,600498,118.6433,命中央企国企改革,成交额偏低0.7万；剩余规模48.99亿,145.754,146.501,0.5125
2026-01-12,2026-01,49,"烽火通信(600498,封单8.64亿)、通宇通讯(002792,封单6.13亿)",中俄贸易概念(-0.0003)、央企国企改革(-0.0012),128078.SZ,太极转债,002368,太极股份,央企国企改革,600498,118.6433,命中央企国企改革,强赎中；退市日期2023-05-04,,,
2026-01-12,2026-01,50,"烽火通信(600498,封单8.64亿)、通宇通讯(002792,封单6.13亿)",中俄贸易概念(-0.0003)、央企国企改革(-0.0012),128088.SZ,深南转债,002916,深南电路,央企国企改革,600498,118.6433,命中央企国企改革,退市日期2020-09-11,,,
2026-01-15,2026-01,1,"紫光国微(002049,封单11.71亿)",移动支付(0.1483)、数字货币(0.126),127038.SZ,国微转债,002049,紫光国微,数字货币、移动支付,002049,1221.7126,正股为触发股，命中数字货币、移动支付,成交额偏低25.9万；剩余规模14.92亿,157.0,151.339,-3.6057
2026-01-15,2026-01,2,"紫光国微(002049,封单11.71亿)",移动支付(0.1483)、数字货币(0.126),110031.SH,航信转债,600271,航天信息,数字货币、移动支付,002049,221.7126,命中数字货币、移动支付,退市日期2021-06-15,,,
2026-01-15,2026-01,3,"紫光国微(002049,封单11.71亿)",移动支付(0.1483)、数字货币(0.126),123043.SZ,正元转债,300645,正元智慧,数字货币、移动支付,002049,221.7126,命中数字货币、移动支付,强赎中；退市日期2022-02-28,,,
2026-01-15,2026-01,4,"紫光国微(002049,封单11.71亿)",移动支付(0.1483)、数字货币(0.126),123157.SZ,科蓝转债,300663,科蓝软件,数字货币、移动支付,002049,221.7126,命中数字货币、移动支付,成交额偏低1.0万,159.8,154.574,-3.2703
2026-01-15,2026-01,5,"紫光国微(002049,封单11.71亿)",移动支付(0.1483)、数字货币(0.126),123196.SZ,正元转02,300645,正元智慧,数字货币、移动支付,002049,221.7126,命中数字货币、移动支付,成交额偏低0.4万,142.202,140.262,-1.3643
2026-01-15,2026-01,6,"紫光国微(002049,封单11.71亿)",移动支付(0.1483)、数字货币(0.126),110050.SH,佳都转债,600728,佳都科技,移动支付,002049,121.7126,命中移动支付,退市日期2020-04-09,,,
2026-01-15,2026-01,7,"紫光国微(002049,封单11.71亿)",移动支付(0.1483)、数字货币(0.126),110074.SH,精达转债,600577,精达股份,移动支付,002049,121.7126,命中移动支付,成交额偏低12.7万,486.7,513.783,5.5646
2026-01-15,2026-01,8,"紫光国微(002049,封单11.71亿)",移动支付(0.1483)、数字货币(0.126),118021.SH,新致转债,688590,新致软件,数字货币,002049,121.7126,命中数字货币,强赎中；成交额偏低7.2万；退市日期2026-03-25,300.326,292.977,-2.447
2026-01-15,2026-01,9,"紫光国微(002049,封单11.71亿)",移动支付(0.1483)、数字货币(0.126),118057.SH,甬矽转债,688362,甬矽电子,数字货币,002049,121.7126,命中数字货币,强赎中；成交额偏低13.4万；退市日期2026-06-16,245.0,246.787,0.7294
2026-01-15,2026-01,10,"紫光国微(002049,封单11.71亿)",移动支付(0.1483)、数字货币(0.126),123005.SZ,万信转债,300168,万达信息,移动支付,002049,121.7126,命中移动支付,退市日期2018-08-29,,,
2026-01-15,2026-01,11,"紫光国微(002049,封单11.71亿)",移动支付(0.1483)、数字货币(0.126),123021.SZ,万信转2,300168,万达信息,移动支付,002049,121.7126,命中移动支付,退市日期2020-04-22,,,
2026-01-15,2026-01,12,"紫光国微(002049,封单11.71亿)",移动支付(0.1483)、数字货币(0.126),123105.SZ,拓尔转债,300229,拓尔思,数字货币,002049,121.7126,命中数字货币,强赎中；退市日期2023-03-16,,,
2026-01-15,2026-01,13,"紫光国微(002049,封单11.71亿)",移动支付(0.1483)、数字货币(0.126),123164.SZ,法本转债,300925,法本信息,数字货币,002049,121.7126,命中数字货币,强赎中；退市日期2024-01-15,,,
2026-01-15,2026-01,14,"紫光国微(002049,封单11.71亿)",移动支付(0.1483)、数字货币(0.126),123184.SZ,天阳转债,300872,天阳科技,数字货币,002049,121.7126,命中数字货币,强赎中；退市日期2025-07-21,,,
2026-01-15,2026-01,15,"紫光国微(002049,封单11.71亿)",移动支付(0.1483)、数字货币(0.126),124002.SZ,华铭定转,300462,ST华铭,移动支付,002049,121.7126,命中移动支付,公告到期赎回,,,
2026-01-15,2026-01,16,"紫光国微(002049,封单11.71亿)",移动支付(0.1483)、数字货币(0.126),124014.SZ,华铭定02,300462,ST华铭,移动支付,002049,121.7126,命中移动支付,,,,
2026-01-15,2026-01,17,"紫光国微(002049,封单11.71亿)",移动支付(0.1483)、数字货币(0.126),127032.SZ,苏行转债,002966,苏州银行,移动支付,002049,121.7126,命中移动支付,强赎中；退市日期2025-03-17,,,
2026-01-15,2026-01,18,"紫光国微(002049,封单11.71亿)",移动支付(0.1483)、数字货币(0.126),127033.SZ,中装转2,002822,ST中装,数字货币,002049,121.7126,命中数字货币,成交额偏低0.0万,0.0,89.726,
2026-01-15,2026-01,19,"紫光国微(002049,封单11.71亿)",移动支付(0.1483)、数字货币(0.126),128057.SZ,博彦转债,002649,博彦科技,数字货币,002049,121.7126,命中数字货币,退市日期2021-12-08,,,
2026-01-15,2026-01,20,"紫光国微(002049,封单11.71亿)",移动支付(0.1483)、数字货币(0.126),128060.SZ,中装转债,002822,ST中装,数字货币,002049,121.7126,命中数字货币,退市日期2020-03-30,,,
2026-01-15,2026-01,21,"紫光国微(002049,封单11.71亿)",移动支付(0.1483)、数字货币(0.126),128061.SZ,启明转债,002439,启明星辰,数字货币,002049,121.7126,命中数字货币,退市日期2020-03-26,,,
2026-01-15,2026-01,22,"紫光国微(002049,封单11.71亿)",移动支付(0.1483)、数字货币(0.126),128078.SZ,太极转债,002368,太极股份,数字货币,002049,121.7126,命中数字货币,强赎中；退市日期2023-05-04,,,
2026-01-15,2026-01,23,"紫光国微(002049,封单11.71亿)",移动支付(0.1483)、数字货币(0.126),128083.SZ,新北转债,002376,新北洋,数字货币,002049,121.7126,命中数字货币,强赎中；退市日期2025-01-07,,,
2026-01-19,2026-01,1,"锋龙股份(002931,封单12.93亿)",股权转让(并购重组)(0.0051)、机器人概念(0.0028),128143.SZ,锋龙转债,002931,锋龙股份,机器人概念、股权转让(并购重组),002931,1222.9257,正股为触发股，命中机器人概念、股权转让(并购重组),强赎中；退市日期2025-03-13,,,
2026-01-19,2026-01,2,"锋龙股份(002931,封单12.93亿)",股权转让(并购重组)(0.0051)、机器人概念(0.0028),110028.SH,冠城转债,600067,冠城新材,机器人概念、股权转让(并购重组),002931,222.9257,命中机器人概念、股权转让(并购重组),退市日期2015-04-29,,,
2026-01-19,2026-01,3,"锋龙股份(002931,封单12.93亿)",股权转让(并购重组)(0.0051)、机器人概念(0.0028),110074.SH,精达转债,600577,精达股份,机器人概念、股权转让(并购重组),002931,222.9257,命中机器人概念、股权转让(并购重组),成交额偏低12.4万,530.6,551.996,4.0324
2026-01-19,2026-01,4,"锋龙股份(002931,封单12.93亿)",股权转让(并购重组)(0.0051)、机器人概念(0.0028),113016.SH,小康转债,601127,赛力斯,机器人概念、股权转让(并购重组),002931,222.9257,命中机器人概念、股权转让(并购重组),强赎中；退市日期2023-06-26,,,
2026-01-19,2026-01,5,"锋龙股份(002931,封单12.93亿)",股权转让(并购重组)(0.0051)、机器人概念(0.0028),113595.SH,花王转债,603007,顺景科技,机器人概念、股权转让(并购重组),002931,222.9257,命中机器人概念、股权转让(并购重组),强赎中；退市日期2024-02-27,,,
2026-01-19,2026-01,6,"锋龙股份(002931,封单12.93亿)",股权转让(并购重组)(0.0051)、机器人概念(0.0028),113598.SH,法兰转债,603966,法兰泰克,机器人概念、股权转让(并购重组),002931,222.9257,命中机器人概念、股权转让(并购重组),强赎中；退市日期2025-06-20,,,
2026-01-19,2026-01,7,"锋龙股份(002931,封单12.93亿)",股权转让(并购重组)(0.0051)、机器人概念(0.0028),113609.SH,永安转债,603776,永安行,机器人概念、股权转让(并购重组),002931,222.9257,命中机器人概念、股权转让(并购重组),强赎中；退市日期2025-08-12,,,
2026-01-19,2026-01,8,"锋龙股份(002931,封单12.93亿)",股权转让(并购重组)(0.0051)、机器人概念(0.0028),113619.SH,世运转债,603920,世运电路,机器人概念、股权转让(并购重组),002931,222.9257,命中机器人概念、股权转让(并购重组),强赎中；退市日期2024-12-03,,,
2026-01-19,2026-01,9,"锋龙股份(002931,封单12.93亿)",股权转让(并购重组)(0.0051)、机器人概念(0.0028),113698.SH,凯众转债,603037,凯众股份,机器人概念、股权转让(并购重组),002931,222.9257,命中机器人概念、股权转让(并购重组),成交额偏低1.8万,181.08,183.183,1.1614
2026-01-19,2026-01,10,"锋龙股份(002931,封单12.93亿)",股权转让(并购重组)(0.0051)、机器人概念(0.0028),118500.SH,思瑞定转,688536,思瑞浦,机器人概念、股权转让(并购重组),002931,222.9257,命中机器人概念、股权转让(并购重组),,,,
2026-01-19,2026-01,11,"锋龙股份(002931,封单12.93亿)",股权转让(并购重组)(0.0051)、机器人概念(0.0028),123011.SZ,德尔转债,300473,德尔股份,机器人概念、股权转让(并购重组),002931,222.9257,命中机器人概念、股权转让(并购重组),公告到期赎回；退市日期2024-07-19,,,
2026-01-19,2026-01,12,"锋龙股份(002931,封单12.93亿)",股权转让(并购重组)(0.0051)、机器人概念(0.0028),123051.SZ,今天转债,300532,今天国际,机器人概念、股权转让(并购重组),002931,222.9257,命中机器人概念、股权转让(并购重组),退市日期2021-10-25,,,
2026-01-19,2026-01,13,"锋龙股份(002931,封单12.93亿)",股权转让(并购重组)(0.0051)、机器人概念(0.0028),123054.SZ,思特转债,300608,思特奇,机器人概念、股权转让(并购重组),002931,222.9257,命中机器人概念、股权转让(并购重组),强赎中；成交额偏低0.3万；退市日期2026-06-09,151.999,151.2,-0.5257
2026-01-19,2026-01,14,"锋龙股份(002931,封单12.93亿)",股权转让(并购重组)(0.0051)、机器人概念(0.0028),123086.SZ,海兰转债,300065,海兰信,机器人概念、股权转让(并购重组),002931,222.9257,命中机器人概念、股权转让(并购重组),强赎中；退市日期2022-09-01,,,
2026-01-19,2026-01,15,"锋龙股份(002931,封单12.93亿)",股权转让(并购重组)(0.0051)、机器人概念(0.0028),123096.SZ,思创转债,300078,思创智联,机器人概念、股权转让(并购重组),002931,222.9257,命中机器人概念、股权转让(并购重组),强赎中；退市日期2024-12-02,,,
2026-01-19,2026-01,16,"锋龙股份(002931,封单12.93亿)",股权转让(并购重组)(0.0051)、机器人概念(0.0028),123097.SZ,美力转债,300611,美力科技,机器人概念、股权转让(并购重组),002931,222.9257,命中机器人概念、股权转让(并购重组),强赎中；退市日期2022-09-19,,,
2026-01-19,2026-01,17,"锋龙股份(002931,封单12.93亿)",股权转让(并购重组)(0.0051)、机器人概念(0.0028),123162.SZ,东杰转债,300486,东杰智能,机器人概念、股权转让(并购重组),002931,222.9257,命中机器人概念、股权转让(并购重组),强赎中；退市日期2025-10-14,,,
2026-01-19,2026-01,18,"锋龙股份(002931,封单12.93亿)",股权转让(并购重组)(0.0051)、机器人概念(0.0028),123205.SZ,大叶转债,300879,大叶股份,机器人概念、股权转让(并购重组),002931,222.9257,命中机器人概念、股权转让(并购重组),强赎中；退市日期2024-12-10,,,
2026-01-19,2026-01,19,"锋龙股份(002931,封单12.93亿)",股权转让(并购重组)(0.0051)、机器人概念(0.0028),123227.SZ,雅创转债,301099,雅创电子,机器人概念、股权转让(并购重组),002931,222.9257,命中机器人概念、股权转让(并购重组),强赎中；退市日期2025-04-10,,,
2026-01-19,2026-01,20,"锋龙股份(002931,封单12.93亿)",股权转让(并购重组)(0.0051)、机器人概念(0.0028),127061.SZ,美锦转债,000723,美锦能源,机器人概念、股权转让(并购重组),002931,222.9257,命中机器人概念、股权转让(并购重组),成交额偏低1.1万；剩余规模27.89亿,119.8,121.325,1.273
2026-01-19,2026-01,21,"锋龙股份(002931,封单12.93亿)",股权转让(并购重组)(0.0051)、机器人概念(0.0028),128018.SZ,时达转债,002527,新时达,机器人概念、股权转让(并购重组),002931,222.9257,命中机器人概念、股权转让(并购重组),退市日期2021-11-05,,,
2026-01-19,2026-01,22,"锋龙股份(002931,封单12.93亿)",股权转让(并购重组)(0.0051)、机器人概念(0.0028),128101.SZ,联创转债,002036,联创电子,机器人概念、股权转让(并购重组),002931,222.9257,命中机器人概念、股权转让(并购重组),公告到期赎回；成交额偏低0.6万；退市日期2026-03-17,129.499,129.0,-0.3853
2026-01-19,2026-01,23,"锋龙股份(002931,封单12.93亿)",股权转让(并购重组)(0.0051)、机器人概念(0.0028),128117.SZ,道恩转债,002838,道恩股份,机器人概念、股权转让(并购重组),002931,222.9257,命中机器人概念、股权转让(并购重组),强赎中；退市日期2025-05-21,,,
2026-01-19,2026-01,24,"锋龙股份(002931,封单12.93亿)",股权转让(并购重组)(0.0051)、机器人概念(0.0028),100196.SH,复星转债,600196,复星医药,机器人概念,002931,122.9257,命中机器人概念,退市日期2006-07-24,,,
2026-01-19,2026-01,25,"锋龙股份(002931,封单12.93亿)",股权转让(并购重组)(0.0051)、机器人概念(0.0028),110002.SH,南山转债,600219,南山铝业,机器人概念,002931,122.9257,命中机器人概念,退市日期2009-09-24,,,
2026-01-19,2026-01,26,"锋龙股份(002931,封单12.93亿)",股权转让(并购重组)(0.0051)、机器人概念(0.0028),110020.SH,南山转债,600219,南山铝业,机器人概念,002931,122.9257,命中机器人概念,退市日期2015-03-13,,,
2026-01-19,2026-01,27,"锋龙股份(002931,封单12.93亿)",股权转让(并购重组)(0.0051)、机器人概念(0.0028),110024.SH,隧道转债,600820,隧道股份,机器人概念,002931,122.9257,命中机器人概念,退市日期2014-12-18,,,
2026-01-19,2026-01,28,"锋龙股份(002931,封单12.93亿)",股权转让(并购重组)(0.0051)、机器人概念(0.0028),110030.SH,格力转债,600185,珠免集团,股权转让(并购重组),002931,122.9257,命中股权转让(并购重组),退市日期2019-12-25,,,
2026-01-19,2026-01,29,"锋龙股份(002931,封单12.93亿)",股权转让(并购重组)(0.0051)、机器人概念(0.0028),110032.SH,三一转债,600031,三一重工,机器人概念,002931,122.9257,命中机器人概念,退市日期2019-03-26,,,
2026-01-19,2026-01,30,"锋龙股份(002931,封单12.93亿)",股权转让(并购重组)(0.0051)、机器人概念(0.0028),110034.SH,九州转债,600998,九州通,机器人概念,002931,122.9257,命中机器人概念,退市日期2022-01-17,,,
2026-01-19,2026-01,31,"锋龙股份(002931,封单12.93亿)",股权转让(并购重组)(0.0051)、机器人概念(0.0028),110039.SH,宝信转债,600845,宝信软件,机器人概念,002931,122.9257,命中机器人概念,退市日期2018-07-13,,,
2026-01-19,2026-01,32,"锋龙股份(002931,封单12.93亿)",股权转让(并购重组)(0.0051)、机器人概念(0.0028),110049.SH,海尔转债,600690,海尔智家,机器人概念,002931,122.9257,命中机器人概念,退市日期2019-12-17,,,
2026-01-19,2026-01,33,"锋龙股份(002931,封单12.93亿)",股权转让(并购重组)(0.0051)、机器人概念(0.0028),110051.SH,中天转债,600522,中天科技,机器人概念,002931,122.9257,命中机器人概念,退市日期2021-12-17,,,
2026-01-19,2026-01,34,"锋龙股份(002931,封单12.93亿)",股权转让(并购重组)(0.0051)、机器人概念(0.0028),110056.SH,亨通转债,600487,亨通光电,机器人概念,002931,122.9257,命中机器人概念,强赎中；退市日期2022-12-06,,,
2026-01-19,2026-01,35,"锋龙股份(002931,封单12.93亿)",股权转让(并购重组)(0.0051)、机器人概念(0.0028),110068.SH,龙净转债,600388,龙净环保,机器人概念,002931,122.9257,命中机器人概念,强赎中；退市日期2024-12-18,,,
2026-01-19,2026-01,36,"锋龙股份(002931,封单12.93亿)",股权转让(并购重组)(0.0051)、机器人概念(0.0028),110069.SH,瀚蓝转债,600323,瀚蓝环境,股权转让(并购重组),002931,122.9257,命中股权转让(并购重组),退市日期2021-04-28,,,
2026-01-19,2026-01,37,"锋龙股份(002931,封单12.93亿)",股权转让(并购重组)(0.0051)、机器人概念(0.0028),110081.SH,闻泰转债,600745,*ST闻泰,股权转让(并购重组),002931,122.9257,命中股权转让(并购重组),成交额偏低1.8万；剩余规模80.63亿,117.3,116.883,-0.3555
2026-01-19,2026-01,38,"锋龙股份(002931,封单12.93亿)",股权转让(并购重组)(0.0051)、机器人概念(0.0028),110082.SH,宏发转债,600885,宏发股份,机器人概念,002931,122.9257,命中机器人概念,强赎中；退市日期2025-12-12,,,
2026-01-19,2026-01,39,"锋龙股份(002931,封单12.93亿)",股权转让(并购重组)(0.0051)、机器人概念(0.0028),110089.SH,兴发转债,600141,兴发集团,机器人概念,002931,122.9257,命中机器人概念,强赎中；成交额偏低4.4万；退市日期2026-03-04,144.05,147.969,2.7206
2026-01-19,2026-01,40,"锋龙股份(002931,封单12.93亿)",股权转让(并购重组)(0.0051)、机器人概念(0.0028),110090.SH,爱迪转债,600933,爱柯迪,机器人概念,002931,122.9257,命中机器人概念,成交额偏低1.0万；剩余规模15.70亿,146.51,149.0,1.6995
2026-01-19,2026-01,41,"锋龙股份(002931,封单12.93亿)",股权转让(并购重组)(0.0051)、机器人概念(0.0028),110091.SH,合力转债,600761,安徽合力,机器人概念,002931,122.9257,命中机器人概念,强赎中；退市日期2024-07-04,,,
2026-01-19,2026-01,42,"锋龙股份(002931,封单12.93亿)",股权转让(并购重组)(0.0051)、机器人概念(0.0028),110093.SH,神马转债,600810,神马股份,股权转让(并购重组),002931,122.9257,命中股权转让(并购重组),成交额偏低0.7万；剩余规模22.20亿,136.92,137.373,0.3309
2026-01-19,2026-01,43,"锋龙股份(002931,封单12.93亿)",股权转让(并购重组)(0.0051)、机器人概念(0.0028),110219.SH,南山转债,600219,南山铝业,机器人概念,002931,122.9257,命中机器人概念,退市日期2006-08-24,,,
2026-01-19,2026-01,44,"锋龙股份(002931,封单12.93亿)",股权转让(并购重组)(0.0051)、机器人概念(0.0028),110811.SH,神马定01,600810,神马股份,股权转让(并购重组),002931,122.9257,命中股权转让(并购重组),公告提示强赎,,,
2026-01-19,2026-01,45,"锋龙股份(002931,封单12.93亿)",股权转让(并购重组)(0.0051)、机器人概念(0.0028),110812.SH,神马定02,600810,神马股份,股权转让(并购重组),002931,122.9257,命中股权转让(并购重组),退市日期2022-01-21,,,
2026-01-19,2026-01,46,"锋龙股份(002931,封单12.93亿)",股权转让(并购重组)(0.0051)、机器人概念(0.0028),110814.SH,华电定转,600027,华电国际,股权转让(并购重组),002931,122.9257,命中股权转让(并购重组),退市日期2023-06-08,,,
2026-01-19,2026-01,47,"锋龙股份(002931,封单12.93亿)",股权转让(并购重组)(0.0051)、机器人概念(0.0028),110874.SH,创业转债,600874,创业环保,机器人概念,002931,122.9257,命中机器人概念,退市日期2007-09-07,,,
2026-01-19,2026-01,48,"锋龙股份(002931,封单12.93亿)",股权转让(并购重组)(0.0051)、机器人概念(0.0028),111000.SH,起帆转债,605222,起帆电缆,机器人概念,002931,122.9257,命中机器人概念,成交额偏低8.0万,140.757,143.961,2.2763
2026-01-19,2026-01,49,"锋龙股份(002931,封单12.93亿)",股权转让(并购重组)(0.0051)、机器人概念(0.0028),111004.SH,明新转债,605068,明新旭腾,机器人概念,002931,122.9257,命中机器人概念,成交额偏低0.6万,139.23,140.4,0.8403
2026-01-19,2026-01,50,"锋龙股份(002931,封单12.93亿)",股权转让(并购重组)(0.0051)、机器人概念(0.0028),111005.SH,富春转债,605189,富春染织,机器人概念,002931,122.9257,命中机器人概念,强赎中；成交额偏低0.7万；退市日期2026-05-29,163.338,165.943,1.5949
2026-01-20,2026-01,1,"盈方微(000670,封单7.28亿)、江化微(603078,封单7.18亿)",其他电子(0.062)、其他电子Ⅲ(0.062),118035.SH,国力转债,688103,国力电子,其他电子、其他电子Ⅲ,000670,217.2766,命中其他电子、其他电子Ⅲ,成交额偏低0.3万,152.66,152.006,-0.4284
2026-01-20,2026-01,2,"盈方微(000670,封单7.28亿)、江化微(603078,封单7.18亿)",其他电子(0.062)、其他电子Ⅲ(0.062),118060.SH,瑞可转债,688800,瑞可达,其他电子、其他电子Ⅲ,000670,217.2766,命中其他电子、其他电子Ⅲ,成交额偏低1.0万,194.33,191.458,-1.4779
2026-01-20,2026-01,3,"盈方微(000670,封单7.28亿)、江化微(603078,封单7.18亿)",其他电子(0.062)、其他电子Ⅲ(0.062),123167.SZ,商络转债,300975,商络电子,其他电子、其他电子Ⅲ,000670,217.2766,命中其他电子、其他电子Ⅲ,强赎中；退市日期2024-05-08,,,
2026-01-20,2026-01,4,"盈方微(000670,封单7.28亿)、江化微(603078,封单7.18亿)",其他电子(0.062)、其他电子Ⅲ(0.062),123227.SZ,雅创转债,301099,雅创电子,其他电子、其他电子Ⅲ,000670,217.2766,命中其他电子、其他电子Ⅲ,强赎中；退市日期2025-04-10,,,
2026-01-20,2026-01,5,"盈方微(000670,封单7.28亿)、江化微(603078,封单7.18亿)",其他电子(0.062)、其他电子Ⅲ(0.062),128137.SZ,洁美转债,002859,洁美科技,其他电子、其他电子Ⅲ,000670,217.2766,命中其他电子、其他电子Ⅲ,强赎中；成交额偏低1.8万,150.351,148.0,-1.5637
2026-01-21,2026-01,1,"潍柴重机(000880,封单5.02亿)",海工装备(0.0169)、其他通用设备(0.0146),113593.SH,沪工转债,603131,上海沪工,其他通用设备、海工装备,000880,215.0165,命中其他通用设备、海工装备,强赎中；成交额偏低0.0万；退市日期2026-01-22,0.0,135.022,
2026-01-21,2026-01,2,"潍柴重机(000880,封单5.02亿)",海工装备(0.0169)、其他通用设备(0.0146),113664.SH,大元转债,603757,大元泵业,其他通用设备、海工装备,000880,215.0165,命中其他通用设备、海工装备,强赎中；退市日期2025-09-17,,,
2026-01-21,2026-01,3,"潍柴重机(000880,封单5.02亿)",海工装备(0.0169)、其他通用设备(0.0146),128038.SZ,利欧转债,002131,利欧股份,其他通用设备、海工装备,000880,215.0165,命中其他通用设备、海工装备,退市日期2020-04-09,,,
2026-01-21,2026-01,4,"潍柴重机(000880,封单5.02亿)",海工装备(0.0169)、其他通用设备(0.0146),100117.SH,西钢转债,600117,西宁特钢,海工装备,000880,115.0165,命中海工装备,退市日期2007-06-14,,,
2026-01-21,2026-01,5,"潍柴重机(000880,封单5.02亿)",海工装备(0.0169)、其他通用设备(0.0146),110005.SH,西洋转债,600558,大西洋,海工装备,000880,115.0165,命中海工装备,退市日期2010-05-19,,,
2026-01-21,2026-01,6,"潍柴重机(000880,封单5.02亿)",海工装备(0.0169)、其他通用设备(0.0146),110051.SH,中天转债,600522,中天科技,海工装备,000880,115.0165,命中海工装备,退市日期2021-12-17,,,
2026-01-21,2026-01,7,"潍柴重机(000880,封单5.02亿)",海工装备(0.0169)、其他通用设备(0.0146),110056.SH,亨通转债,600487,亨通光电,海工装备,000880,115.0165,命中海工装备,强赎中；退市日期2022-12-06,,,
2026-01-21,2026-01,8,"潍柴重机(000880,封单5.02亿)",海工装备(0.0169)、其他通用设备(0.0146),110058.SH,永鼎转债,600105,永鼎股份,海工装备,000880,115.0165,命中海工装备,强赎中；退市日期2024-12-20,,,
2026-01-21,2026-01,9,"潍柴重机(000880,封单5.02亿)",海工装备(0.0169)、其他通用设备(0.0146),110062.SH,烽火转债,600498,烽火通信,海工装备,000880,115.0165,命中海工装备,公告到期赎回；退市日期2025-12-02,,,
2026-01-21,2026-01,10,"潍柴重机(000880,封单5.02亿)",海工装备(0.0169)、其他通用设备(0.0146),110101.SH,宝钛转债,600456,宝钛股份,海工装备,000880,115.0165,命中海工装备,剩余规模35.00亿,,,
2026-01-21,2026-01,11,"潍柴重机(000880,封单5.02亿)",海工装备(0.0169)、其他通用设备(0.0146),110807.SH,动力定01,600482,中国动力,海工装备,000880,115.0165,命中海工装备,退市日期2024-12-05,,,
2026-01-21,2026-01,12,"潍柴重机(000880,封单5.02亿)",海工装备(0.0169)、其他通用设备(0.0146),110808.SH,动力定02,600482,中国动力,海工装备,000880,115.0165,命中海工装备,退市日期2026-03-23,,,
2026-01-21,2026-01,13,"潍柴重机(000880,封单5.02亿)",海工装备(0.0169)、其他通用设备(0.0146),111000.SH,起帆转债,605222,起帆电缆,海工装备,000880,115.0165,命中海工装备,成交额偏低1.2万,144.164,144.841,0.4696
2026-01-21,2026-01,14,"潍柴重机(000880,封单5.02亿)",海工装备(0.0169)、其他通用设备(0.0146),111023.SH,利柏转债,605167,利柏特,海工装备,000880,115.0165,命中海工装备,强赎中；成交额偏低2.6万；退市日期2026-06-24,182.51,180.911,-0.8761
2026-01-21,2026-01,15,"潍柴重机(000880,封单5.02亿)",海工装备(0.0169)、其他通用设备(0.0146),113029.SH,明阳转债,601615,明阳智能,海工装备,000880,115.0165,命中海工装备,退市日期2021-03-19,,,
2026-01-21,2026-01,16,"潍柴重机(000880,封单5.02亿)",海工装备(0.0169)、其他通用设备(0.0146),113031.SH,博威转债,601137,博威合金,海工装备,000880,115.0165,命中海工装备,退市日期2020-08-31,,,
2026-01-21,2026-01,17,"潍柴重机(000880,封单5.02亿)",海工装备(0.0169)、其他通用设备(0.0146),113046.SH,金田转债,601609,金田股份,海工装备,000880,115.0165,命中海工装备,成交额偏低1.5万；剩余规模14.99亿,143.0,145.1,1.4685
2026-01-21,2026-01,18,"潍柴重机(000880,封单5.02亿)",海工装备(0.0169)、其他通用设备(0.0146),113068.SH,金铜转债,601609,金田股份,海工装备,000880,115.0165,命中海工装备,强赎中；退市日期2025-08-26,,,
2026-01-21,2026-01,19,"潍柴重机(000880,封单5.02亿)",海工装备(0.0169)、其他通用设备(0.0146),113069.SH,博23转债,601137,博威合金,海工装备,000880,115.0165,命中海工装备,强赎中；成交额偏低0.0万；退市日期2026-01-22,0.0,155.575,
2026-01-21,2026-01,20,"潍柴重机(000880,封单5.02亿)",海工装备(0.0169)、其他通用设备(0.0146),113558.SH,日月转债,603218,日月股份,海工装备,000880,115.0165,命中海工装备,退市日期2020-08-19,,,
2026-01-21,2026-01,21,"潍柴重机(000880,封单5.02亿)",海工装备(0.0169)、其他通用设备(0.0146),113567.SH,君禾转债,603617,君禾股份,其他通用设备,000880,115.0165,命中其他通用设备,强赎中；退市日期2023-03-15,,,
2026-01-21,2026-01,22,"潍柴重机(000880,封单5.02亿)",海工装备(0.0169)、其他通用设备(0.0146),113570.SH,百达转债,603331,百达精工,其他通用设备,000880,115.0165,命中其他通用设备,强赎中；退市日期2023-03-24,,,
2026-01-21,2026-01,23,"潍柴重机(000880,封单5.02亿)",海工装备(0.0169)、其他通用设备(0.0146),113603.SH,东缆转债,603606,东方电缆,海工装备,000880,115.0165,命中海工装备,退市日期2021-11-30,,,
2026-01-21,2026-01,24,"潍柴重机(000880,封单5.02亿)",海工装备(0.0169)、其他通用设备(0.0146),113671.SH,武进转债,603878,武进不锈,海工装备,000880,115.0165,命中海工装备,成交额偏低0.3万,142.98,143.736,0.5287
2026-01-21,2026-01,25,"潍柴重机(000880,封单5.02亿)",海工装备(0.0169)、其他通用设备(0.0146),113697.SH,应流转债,603308,应流股份,海工装备,000880,115.0165,命中海工装备,成交额偏低2.8万；剩余规模15.00亿,250.998,250.043,-0.3805
2026-01-21,2026-01,26,"潍柴重机(000880,封单5.02亿)",海工装备(0.0169)、其他通用设备(0.0146),118019.SH,金盘转债,688676,金盘科技,海工装备,000880,115.0165,命中海工装备,强赎中；退市日期2024-05-28,,,
2026-01-21,2026-01,27,"潍柴重机(000880,封单5.02亿)",海工装备(0.0169)、其他通用设备(0.0146),118023.SH,广大转债,688186,广大特材,海工装备,000880,115.0165,命中海工装备,强赎中；退市日期2025-08-25,,,
2026-01-21,2026-01,28,"潍柴重机(000880,封单5.02亿)",海工装备(0.0169)、其他通用设备(0.0146),118050.SH,航宇转债,688239,航宇科技,海工装备,000880,115.0165,命中海工装备,成交额偏低5.9万,318.0,322.82,1.5157
2026-01-21,2026-01,29,"潍柴重机(000880,封单5.02亿)",海工装备(0.0169)、其他通用设备(0.0146),118063.SH,金05转债,688676,金盘科技,海工装备,000880,115.0165,命中海工装备,成交额偏低5.7万；剩余规模16.71亿,197.5,200.604,1.5716
2026-01-21,2026-01,30,"潍柴重机(000880,封单5.02亿)",海工装备(0.0169)、其他通用设备(0.0146),118068.SH,迪威转债,688377,迪威尔,海工装备,000880,115.0165,命中海工装备,,,,
2026-01-21,2026-01,31,"潍柴重机(000880,封单5.02亿)",海工装备(0.0169)、其他通用设备(0.0146),123034.SZ,通光转债,300265,通光线缆,海工装备,000880,115.0165,命中海工装备,公告到期赎回；退市日期2025-11-04,,,
2026-01-21,2026-01,32,"潍柴重机(000880,封单5.02亿)",海工装备(0.0169)、其他通用设备(0.0146),123035.SZ,利德转债,300296,利亚德,海工装备,000880,115.0165,命中海工装备,强赎中；退市日期2025-01-20,,,
2026-01-21,2026-01,33,"潍柴重机(000880,封单5.02亿)",海工装备(0.0169)、其他通用设备(0.0146),123048.SZ,应急转债,300527,ST应急,海工装备,000880,115.0165,命中海工装备,强赎中；退市日期2025-09-05,,,
2026-01-21,2026-01,34,"潍柴重机(000880,封单5.02亿)",海工装备(0.0169)、其他通用设备(0.0146),123060.SZ,苏试转债,300416,苏试试验,海工装备,000880,115.0165,命中海工装备,强赎中；退市日期2023-01-30,,,
2026-01-21,2026-01,35,"潍柴重机(000880,封单5.02亿)",海工装备(0.0169)、其他通用设备(0.0146),123071.SZ,天能转债,300569,天能重工,海工装备,000880,115.0165,命中海工装备,成交额偏低0.4万,126.8,127.768,0.7634
2026-01-21,2026-01,36,"潍柴重机(000880,封单5.02亿)",海工装备(0.0169)、其他通用设备(0.0146),123079.SZ,运达转债,300772,运达股份,海工装备,000880,115.0165,命中海工装备,退市日期2021-09-17,,,
2026-01-21,2026-01,37,"潍柴重机(000880,封单5.02亿)",海工装备(0.0169)、其他通用设备(0.0146),123086.SZ,海兰转债,300065,海兰信,海工装备,000880,115.0165,命中海工装备,强赎中；退市日期2022-09-01,,,
2026-01-21,2026-01,38,"潍柴重机(000880,封单5.02亿)",海工装备(0.0169)、其他通用设备(0.0146),123114.SZ,三角转债,300775,三角防务,海工装备,000880,115.0165,命中海工装备,成交额偏低1.5万,145.5,148.7,2.1993
2026-01-21,2026-01,39,"潍柴重机(000880,封单5.02亿)",海工装备(0.0169)、其他通用设备(0.0146),123120.SZ,隆华转债,300263,隆华科技,其他通用设备,000880,115.0165,命中其他通用设备,强赎中；退市日期2025-09-09,,,
2026-01-21,2026-01,40,"潍柴重机(000880,封单5.02亿)",海工装备(0.0169)、其他通用设备(0.0146),123142.SZ,申昊转债,300853,申昊科技,海工装备,000880,115.0165,命中海工装备,成交额偏低0.2万,121.972,122.498,0.4312
2026-01-21,2026-01,41,"潍柴重机(000880,封单5.02亿)",海工装备(0.0169)、其他通用设备(0.0146),123149.SZ,通裕转债,300185,通裕重工,海工装备,000880,115.0165,命中海工装备,成交额偏低0.6万；剩余规模11.07亿,139.1,139.418,0.2286
2026-01-21,2026-01,42,"潍柴重机(000880,封单5.02亿)",海工装备(0.0169)、其他通用设备(0.0146),123160.SZ,泰福转债,300992,泰福泵业,其他通用设备,000880,115.0165,命中其他通用设备,成交额偏低2.1万,188.356,189.225,0.4614
2026-01-21,2026-01,43,"潍柴重机(000880,封单5.02亿)",海工装备(0.0169)、其他通用设备(0.0146),123161.SZ,强联转债,300850,新强联,海工装备,000880,115.0165,命中海工装备,强赎中；退市日期2025-10-17,,,
2026-01-21,2026-01,44,"潍柴重机(000880,封单5.02亿)",海工装备(0.0169)、其他通用设备(0.0146),123163.SZ,金沃转债,300984,金沃股份,其他通用设备,000880,115.0165,命中其他通用设备,强赎中；退市日期2025-01-24,,,
2026-01-21,2026-01,45,"潍柴重机(000880,封单5.02亿)",海工装备(0.0169)、其他通用设备(0.0146),123182.SZ,广联转债,300900,广联航空,海工装备,000880,115.0165,命中海工装备,强赎中；成交额偏低14.2万；退市日期2026-03-17,146.229,150.0,2.5788
2026-01-21,2026-01,46,"潍柴重机(000880,封单5.02亿)",海工装备(0.0169)、其他通用设备(0.0146),123245.SZ,集智转债,300553,集智股份,海工装备,000880,115.0165,命中海工装备,成交额偏低2.5万,302.053,311.595,3.159
2026-01-21,2026-01,47,"潍柴重机(000880,封单5.02亿)",海工装备(0.0169)、其他通用设备(0.0146),123248.SZ,恒辉转债,300952,恒辉安防,海工装备,000880,115.0165,命中海工装备,强赎中；退市日期2025-08-11,,,
2026-01-21,2026-01,48,"潍柴重机(000880,封单5.02亿)",海工装备(0.0169)、其他通用设备(0.0146),123252.SZ,银邦转债,300337,银邦股份,海工装备,000880,115.0165,命中海工装备,成交额偏低3.7万,152.5,153.0,0.3279
2026-01-21,2026-01,49,"潍柴重机(000880,封单5.02亿)",海工装备(0.0169)、其他通用设备(0.0146),123253.SZ,永贵转债,300351,永贵电器,海工装备,000880,115.0165,命中海工装备,成交额偏低0.3万,143.72,145.394,1.1648
2026-01-21,2026-01,50,"潍柴重机(000880,封单5.02亿)",海工装备(0.0169)、其他通用设备(0.0146),124003.SZ,必创定转,300667,必创科技,海工装备,000880,115.0165,命中海工装备,,,,
2026-01-22,2026-01,1,"中超控股(002471,封单5.38亿)",石墨烯(-0.0206)、一带一路(-0.0259),110094.SH,众和转债,600888,新疆众和,一带一路、石墨烯,002471,215.383,命中一带一路、石墨烯,强赎中；成交额偏低1.4万；退市日期2026-03-12,139.262,138.306,-0.6865
2026-01-22,2026-01,2,"中超控股(002471,封单5.38亿)",石墨烯(-0.0206)、一带一路(-0.0259),123022.SZ,长信转债,300088,长信科技,一带一路、石墨烯,002471,215.383,命中一带一路、石墨烯,公告到期赎回；退市日期2025-03-19,,,
2026-01-22,2026-01,3,"中超控股(002471,封单5.38亿)",石墨烯(-0.0206)、一带一路(-0.0259),123058.SZ,欣旺转债,300207,欣旺达,一带一路、石墨烯,002471,215.383,命中一带一路、石墨烯,退市日期2021-07-14,,,
2026-01-22,2026-01,4,"中超控股(002471,封单5.38亿)",石墨烯(-0.0206)、一带一路(-0.0259),125009.SZ,宝安转券,000009,中国宝安,一带一路、石墨烯,002471,215.383,命中一带一路、石墨烯,退市日期1996-01-01,,,
2026-01-22,2026-01,5,"中超控股(002471,封单5.38亿)",石墨烯(-0.0206)、一带一路(-0.0259),128016.SZ,雨虹转债,002271,东方雨虹,一带一路、石墨烯,002471,215.383,命中一带一路、石墨烯,退市日期2020-04-22,,,
2026-01-22,2026-01,6,"中超控股(002471,封单5.38亿)",石墨烯(-0.0206)、一带一路(-0.0259),100567.SH,山鹰转债,600567,山鹰国际,一带一路,002471,115.383,命中一带一路,退市日期2007-02-13,,,
2026-01-22,2026-01,7,"中超控股(002471,封单5.38亿)",石墨烯(-0.0206)、一带一路(-0.0259),110002.SH,南山转债,600219,南山铝业,一带一路,002471,115.383,命中一带一路,退市日期2009-09-24,,,
2026-01-22,2026-01,8,"中超控股(002471,封单5.38亿)",石墨烯(-0.0206)、一带一路(-0.0259),110010.SH,包钢转债,600010,包钢股份,一带一路,002471,115.383,命中一带一路,退市日期2009-11-16,,,
2026-01-22,2026-01,9,"中超控股(002471,封单5.38亿)",石墨烯(-0.0206)、一带一路(-0.0259),110012.SH,海运转债,600798,宁波海运,一带一路,002471,115.383,命中一带一路,退市日期2015-05-15,,,
2026-01-22,2026-01,10,"中超控股(002471,封单5.38亿)",石墨烯(-0.0206)、一带一路(-0.0259),110015.SH,石化转债,600028,中国石化,一带一路,002471,115.383,命中一带一路,退市日期2015-02-17,,,
2026-01-22,2026-01,11,"中超控股(002471,封单5.38亿)",石墨烯(-0.0206)、一带一路(-0.0259),110017.SH,中海转债,600026,中远海能,一带一路,002471,115.383,命中一带一路,退市日期2015-02-13,,,
2026-01-22,2026-01,12,"中超控股(002471,封单5.38亿)",石墨烯(-0.0206)、一带一路(-0.0259),110020.SH,南山转债,600219,南山铝业,一带一路,002471,115.383,命中一带一路,退市日期2015-03-13,,,
2026-01-22,2026-01,13,"中超控股(002471,封单5.38亿)",石墨烯(-0.0206)、一带一路(-0.0259),110021.SH,上电转债,600021,上海电力,一带一路,002471,115.383,命中一带一路,退市日期2007-08-27,,,
2026-01-22,2026-01,14,"中超控股(002471,封单5.38亿)",石墨烯(-0.0206)、一带一路(-0.0259),110024.SH,隧道转债,600820,隧道股份,一带一路,002471,115.383,命中一带一路,退市日期2014-12-18,,,
2026-01-22,2026-01,15,"中超控股(002471,封单5.38亿)",石墨烯(-0.0206)、一带一路(-0.0259),110026.SH,中海转债,600026,中远海能,一带一路,002471,115.383,命中一带一路,退市日期2008-04-09,,,
2026-01-22,2026-01,16,"中超控股(002471,封单5.38亿)",石墨烯(-0.0206)、一带一路(-0.0259),110032.SH,三一转债,600031,三一重工,一带一路,002471,115.383,命中一带一路,退市日期2019-03-26,,,
2026-01-22,2026-01,17,"中超控股(002471,封单5.38亿)",石墨烯(-0.0206)、一带一路(-0.0259),110033.SH,国贸转债,600755,厦门国贸,一带一路,002471,115.383,命中一带一路,退市日期2021-11-05,,,
2026-01-22,2026-01,18,"中超控股(002471,封单5.38亿)",石墨烯(-0.0206)、一带一路(-0.0259),110047.SH,山鹰转债,600567,山鹰国际,一带一路,002471,115.383,命中一带一路,公告到期赎回；退市日期2024-11-21,,,
2026-01-22,2026-01,19,"中超控股(002471,封单5.38亿)",石墨烯(-0.0206)、一带一路(-0.0259),110051.SH,中天转债,600522,中天科技,一带一路,002471,115.383,命中一带一路,退市日期2021-12-17,,,
2026-01-22,2026-01,20,"中超控股(002471,封单5.38亿)",石墨烯(-0.0206)、一带一路(-0.0259),110056.SH,亨通转债,600487,亨通光电,一带一路,002471,115.383,命中一带一路,强赎中；退市日期2022-12-06,,,
2026-01-22,2026-01,21,"中超控股(002471,封单5.38亿)",石墨烯(-0.0206)、一带一路(-0.0259),110058.SH,永鼎转债,600105,永鼎股份,一带一路,002471,115.383,命中一带一路,强赎中；退市日期2024-12-20,,,
2026-01-22,2026-01,22,"中超控股(002471,封单5.38亿)",石墨烯(-0.0206)、一带一路(-0.0259),110060.SH,天路转债,600326,西藏天路,一带一路,002471,115.383,命中一带一路,公告到期赎回；退市日期2025-10-28,,,
2026-01-22,2026-01,23,"中超控股(002471,封单5.38亿)",石墨烯(-0.0206)、一带一路(-0.0259),110062.SH,烽火转债,600498,烽火通信,一带一路,002471,115.383,命中一带一路,公告到期赎回；退市日期2025-12-02,,,
2026-01-22,2026-01,24,"中超控股(002471,封单5.38亿)",石墨烯(-0.0206)、一带一路(-0.0259),110063.SH,鹰19转债,600567,山鹰国际,一带一路,002471,115.383,命中一带一路,公告到期赎回；退市日期2025-12-15,,,
2026-01-22,2026-01,25,"中超控股(002471,封单5.38亿)",石墨烯(-0.0206)、一带一路(-0.0259),110064.SH,建工转债,600939,重庆建工,一带一路,002471,115.383,命中一带一路,公告到期赎回；退市日期2025-12-22,,,
2026-01-22,2026-01,26,"中超控股(002471,封单5.38亿)",石墨烯(-0.0206)、一带一路(-0.0259),110086.SH,精工转债,600496,精工钢构,一带一路,002471,115.383,命中一带一路,成交额偏低0.6万；剩余规模20.00亿,133.621,134.923,0.9744
2026-01-22,2026-01,27,"中超控股(002471,封单5.38亿)",石墨烯(-0.0206)、一带一路(-0.0259),110087.SH,天业转债,600075,新疆天业,一带一路,002471,115.383,命中一带一路,成交额偏低1.3万；剩余规模29.98亿,140.932,141.055,0.0873
2026-01-22,2026-01,28,"中超控股(002471,封单5.38亿)",石墨烯(-0.0206)、一带一路(-0.0259),110090.SH,爱迪转债,600933,爱柯迪,一带一路,002471,115.383,命中一带一路,成交额偏低0.7万；剩余规模15.70亿,148.008,147.48,-0.3567
2026-01-22,2026-01,29,"中超控股(002471,封单5.38亿)",石墨烯(-0.0206)、一带一路(-0.0259),110100.SH,龙建转债,600853,龙建股份,一带一路,002471,115.383,命中一带一路,剩余规模10.00亿,,,
2026-01-22,2026-01,30,"中超控股(002471,封单5.38亿)",石墨烯(-0.0206)、一带一路(-0.0259),110219.SH,南山转债,600219,南山铝业,一带一路,002471,115.383,命中一带一路,退市日期2006-08-24,,,
2026-01-22,2026-01,31,"中超控股(002471,封单5.38亿)",石墨烯(-0.0206)、一带一路(-0.0259),110232.SH,金鹰转债,600232,金鹰股份,一带一路,002471,115.383,命中一带一路,退市日期2009-05-19,,,
2026-01-22,2026-01,32,"中超控股(002471,封单5.38亿)",石墨烯(-0.0206)、一带一路(-0.0259),110567.SH,山鹰转债,600567,山鹰国际,一带一路,002471,115.383,命中一带一路,退市日期2010-02-05,,,
2026-01-22,2026-01,33,"中超控股(002471,封单5.38亿)",石墨烯(-0.0206)、一带一路(-0.0259),110807.SH,动力定01,600482,中国动力,石墨烯,002471,115.383,命中石墨烯,退市日期2024-12-05,,,
2026-01-22,2026-01,34,"中超控股(002471,封单5.38亿)",石墨烯(-0.0206)、一带一路(-0.0259),110808.SH,动力定02,600482,中国动力,石墨烯,002471,115.383,命中石墨烯,退市日期2026-03-23,,,
2026-01-22,2026-01,35,"中超控股(002471,封单5.38亿)",石墨烯(-0.0206)、一带一路(-0.0259),110809.SH,天业定01,600075,新疆天业,一带一路,002471,115.383,命中一带一路,,,,
2026-01-22,2026-01,36,"中超控股(002471,封单5.38亿)",石墨烯(-0.0206)、一带一路(-0.0259),110810.SH,天业定02,600075,新疆天业,一带一路,002471,115.383,命中一带一路,退市日期2022-01-14,,,
2026-01-22,2026-01,37,"中超控股(002471,封单5.38亿)",石墨烯(-0.0206)、一带一路(-0.0259),111007.SH,永和转债,605020,永和股份,一带一路,002471,115.383,命中一带一路,强赎中；退市日期2025-10-10,,,
2026-01-22,2026-01,38,"中超控股(002471,封单5.38亿)",石墨烯(-0.0206)、一带一路(-0.0259),111009.SH,盛泰转债,605138,盛泰集团,一带一路,002471,115.383,命中一带一路,成交额偏低0.3万,124.782,126.295,1.2125
2026-01-22,2026-01,39,"中超控股(002471,封单5.38亿)",石墨烯(-0.0206)、一带一路(-0.0259),111023.SH,利柏转债,605167,利柏特,一带一路,002471,115.383,命中一带一路,强赎中；成交额偏低2.6万；退市日期2026-06-24,181.312,181.912,0.3309
2026-01-22,2026-01,40,"中超控股(002471,封单5.38亿)",石墨烯(-0.0206)、一带一路(-0.0259),111024.SH,澳弘转债,605058,澳弘电子,一带一路,002471,115.383,命中一带一路,成交额偏低2.6万,186.9,184.766,-1.1418
2026-01-22,2026-01,41,"中超控股(002471,封单5.38亿)",石墨烯(-0.0206)、一带一路(-0.0259),111025.SH,圣泉转债,605589,圣泉集团,石墨烯,002471,115.383,命中石墨烯,剩余规模25.00亿,,,
2026-01-22,2026-01,42,"中超控股(002471,封单5.38亿)",石墨烯(-0.0206)、一带一路(-0.0259),113009.SH,广汽转债,601238,广汽集团,石墨烯,002471,115.383,命中石墨烯,公告到期赎回；退市日期2022-01-24,,,
2026-01-22,2026-01,43,"中超控股(002471,封单5.38亿)",石墨烯(-0.0206)、一带一路(-0.0259),113012.SH,骆驼转债,601311,骆驼股份,一带一路,002471,115.383,命中一带一路,退市日期2021-09-03,,,
2026-01-22,2026-01,44,"中超控股(002471,封单5.38亿)",石墨烯(-0.0206)、一带一路(-0.0259),113019.SH,玲珑转债,601966,玲珑轮胎,一带一路,002471,115.383,命中一带一路,退市日期2020-09-04,,,
2026-01-22,2026-01,45,"中超控股(002471,封单5.38亿)",石墨烯(-0.0206)、一带一路(-0.0259),113024.SH,核建转债,601611,中国核建,一带一路,002471,115.383,命中一带一路,公告到期赎回；退市日期2025-04-08,,,
2026-01-22,2026-01,46,"中超控股(002471,封单5.38亿)",石墨烯(-0.0206)、一带一路(-0.0259),113027.SH,华钰转债,601020,华钰矿业,一带一路,002471,115.383,命中一带一路,强赎中；退市日期2024-06-13,,,
2026-01-22,2026-01,47,"中超控股(002471,封单5.38亿)",石墨烯(-0.0206)、一带一路(-0.0259),113031.SH,博威转债,601137,博威合金,一带一路,002471,115.383,命中一带一路,退市日期2020-08-31,,,
2026-01-22,2026-01,48,"中超控股(002471,封单5.38亿)",石墨烯(-0.0206)、一带一路(-0.0259),113035.SH,福莱转债,601865,福莱特,一带一路,002471,115.383,命中一带一路,退市日期2021-02-01,,,
2026-01-22,2026-01,49,"中超控股(002471,封单5.38亿)",石墨烯(-0.0206)、一带一路(-0.0259),113041.SH,紫金转债,601899,紫金矿业,一带一路,002471,115.383,命中一带一路,退市日期2021-06-28,,,
2026-01-22,2026-01,50,"中超控股(002471,封单5.38亿)",石墨烯(-0.0206)、一带一路(-0.0259),113045.SH,环旭转债,601231,环旭电子,一带一路,002471,115.383,命中一带一路,强赎中；成交额偏低12.7万；退市日期2026-01-29,163.001,170.019,4.3055
2026-01-23,2026-01,1,"明阳智能(601615,封单13.95亿)",行业龙头(0.0016)、2025年报预增(-0.025),113029.SH,明阳转债,601615,明阳智能,2025年报预增、行业龙头,601615,1223.9488,正股为触发股，命中2025年报预增、行业龙头,退市日期2021-03-19,,,
2026-01-23,2026-01,2,"明阳智能(601615,封单13.95亿)",行业龙头(0.0016)、2025年报预增(-0.025),113020.SH,桐昆转债,601233,桐昆股份,2025年报预增、行业龙头,601615,223.9488,命中2025年报预增、行业龙头,退市日期2020-11-27,,,
2026-01-23,2026-01,3,"明阳智能(601615,封单13.95亿)",行业龙头(0.0016)、2025年报预增(-0.025),113032.SH,桐20转债,601233,桐昆股份,2025年报预增、行业龙头,601615,223.9488,命中2025年报预增、行业龙头,退市日期2021-01-14,,,
2026-01-23,2026-01,4,"明阳智能(601615,封单13.95亿)",行业龙头(0.0016)、2025年报预增(-0.025),113041.SH,紫金转债,601899,紫金矿业,2025年报预增、行业龙头,601615,223.9488,命中2025年报预增、行业龙头,退市日期2021-06-28,,,
2026-01-23,2026-01,5,"明阳智能(601615,封单13.95亿)",行业龙头(0.0016)、2025年报预增(-0.025),123033.SZ,金力转债,300748,金力永磁,2025年报预增、行业龙头,601615,223.9488,命中2025年报预增、行业龙头,退市日期2021-09-08,,,
2026-01-23,2026-01,6,"明阳智能(601615,封单13.95亿)",行业龙头(0.0016)、2025年报预增(-0.025),124016.SZ,TCL定转1,000100,TCL科技,2025年报预增、行业龙头,601615,223.9488,命中2025年报预增、行业龙头,,,,
2026-01-23,2026-01,7,"明阳智能(601615,封单13.95亿)",行业龙头(0.0016)、2025年报预增(-0.025),124017.SZ,TCL定转2,000100,TCL科技,2025年报预增、行业龙头,601615,223.9488,命中2025年报预增、行业龙头,退市日期2022-11-30,,,
2026-01-23,2026-01,8,"明阳智能(601615,封单13.95亿)",行业龙头(0.0016)、2025年报预增(-0.025),100096.SH,云化转债,600096,云天化,行业龙头,601615,123.9488,命中行业龙头,退市日期2006-09-09,,,
2026-01-23,2026-01,9,"明阳智能(601615,封单13.95亿)",行业龙头(0.0016)、2025年报预增(-0.025),100177.SH,雅戈转债,600177,雅戈尔,行业龙头,601615,123.9488,命中行业龙头,退市日期2006-04-10,,,
2026-01-23,2026-01,10,"明阳智能(601615,封单13.95亿)",行业龙头(0.0016)、2025年报预增(-0.025),100196.SH,复星转债,600196,复星医药,行业龙头,601615,123.9488,命中行业龙头,退市日期2006-07-24,,,
2026-01-23,2026-01,11,"明阳智能(601615,封单13.95亿)",行业龙头(0.0016)、2025年报预增(-0.025),110015.SH,石化转债,600028,中国石化,行业龙头,601615,123.9488,命中行业龙头,退市日期2015-02-17,,,
2026-01-23,2026-01,12,"明阳智能(601615,封单13.95亿)",行业龙头(0.0016)、2025年报预增(-0.025),110017.SH,中海转债,600026,中远海能,行业龙头,601615,123.9488,命中行业龙头,退市日期2015-02-13,,,
2026-01-23,2026-01,13,"明阳智能(601615,封单13.95亿)",行业龙头(0.0016)、2025年报预增(-0.025),110019.SH,恒丰转债,600356,恒丰纸业,2025年报预增,601615,123.9488,命中2025年报预增,退市日期2015-05-05,,,
2026-01-23,2026-01,14,"明阳智能(601615,封单13.95亿)",行业龙头(0.0016)、2025年报预增(-0.025),110026.SH,中海转债,600026,中远海能,行业龙头,601615,123.9488,命中行业龙头,退市日期2008-04-09,,,
2026-01-23,2026-01,15,"明阳智能(601615,封单13.95亿)",行业龙头(0.0016)、2025年报预增(-0.025),110027.SH,东方转债,600875,东方电气,行业龙头,601615,123.9488,命中行业龙头,退市日期2015-02-27,,,
2026-01-23,2026-01,16,"明阳智能(601615,封单13.95亿)",行业龙头(0.0016)、2025年报预增(-0.025),110032.SH,三一转债,600031,三一重工,行业龙头,601615,123.9488,命中行业龙头,退市日期2019-03-26,,,
2026-01-23,2026-01,17,"明阳智能(601615,封单13.95亿)",行业龙头(0.0016)、2025年报预增(-0.025),110034.SH,九州转债,600998,九州通,行业龙头,601615,123.9488,命中行业龙头,退市日期2022-01-17,,,
2026-01-23,2026-01,18,"明阳智能(601615,封单13.95亿)",行业龙头(0.0016)、2025年报预增(-0.025),110039.SH,宝信转债,600845,宝信软件,行业龙头,601615,123.9488,命中行业龙头,退市日期2018-07-13,,,
2026-01-23,2026-01,19,"明阳智能(601615,封单13.95亿)",行业龙头(0.0016)、2025年报预增(-0.025),110040.SH,生益转债,600183,生益科技,2025年报预增,601615,123.9488,命中2025年报预增,退市日期2019-08-01,,,
2026-01-23,2026-01,20,"明阳智能(601615,封单13.95亿)",行业龙头(0.0016)、2025年报预增(-0.025),110042.SH,航电转债,600372,中航机载,行业龙头,601615,123.9488,命中行业龙头,退市日期2020-09-08,,,
2026-01-23,2026-01,21,"明阳智能(601615,封单13.95亿)",行业龙头(0.0016)、2025年报预增(-0.025),110046.SH,圆通转债,600233,圆通速递,行业龙头,601615,123.9488,命中行业龙头,退市日期2020-03-23,,,
2026-01-23,2026-01,22,"明阳智能(601615,封单13.95亿)",行业龙头(0.0016)、2025年报预增(-0.025),110049.SH,海尔转债,600690,海尔智家,行业龙头,601615,123.9488,命中行业龙头,退市日期2019-12-17,,,
2026-01-23,2026-01,23,"明阳智能(601615,封单13.95亿)",行业龙头(0.0016)、2025年报预增(-0.025),110054.SH,通威转债,600438,通威股份,行业龙头,601615,123.9488,命中行业龙头,退市日期2020-03-17,,,
2026-01-23,2026-01,24,"明阳智能(601615,封单13.95亿)",行业龙头(0.0016)、2025年报预增(-0.025),110058.SH,永鼎转债,600105,永鼎股份,2025年报预增,601615,123.9488,命中2025年报预增,强赎中；退市日期2024-12-20,,,
2026-01-23,2026-01,25,"明阳智能(601615,封单13.95亿)",行业龙头(0.0016)、2025年报预增(-0.025),110068.SH,龙净转债,600388,龙净环保,行业龙头,601615,123.9488,命中行业龙头,强赎中；退市日期2024-12-18,,,
2026-01-23,2026-01,26,"明阳智能(601615,封单13.95亿)",行业龙头(0.0016)、2025年报预增(-0.025),110073.SH,国投转债,600061,国投资本,行业龙头,601615,123.9488,命中行业龙头,公告到期赎回；成交额偏低2.0万；剩余规模79.99亿；退市日期2026-07-24,112.699,112.829,0.1154
2026-01-23,2026-01,27,"明阳智能(601615,封单13.95亿)",行业龙头(0.0016)、2025年报预增(-0.025),110081.SH,闻泰转债,600745,*ST闻泰,行业龙头,601615,123.9488,命中行业龙头,成交额偏低3.6万；剩余规模80.63亿,117.257,118.429,0.9995
2026-01-23,2026-01,28,"明阳智能(601615,封单13.95亿)",行业龙头(0.0016)、2025年报预增(-0.025),110083.SH,苏租转债,600901,江苏金租,行业龙头,601615,123.9488,命中行业龙头,强赎中；退市日期2024-10-18,,,
2026-01-23,2026-01,29,"明阳智能(601615,封单13.95亿)",行业龙头(0.0016)、2025年报预增(-0.025),110084.SH,贵燃转债,600903,贵州燃气,行业龙头,601615,123.9488,命中行业龙头,成交额偏低0.8万,130.438,130.444,0.0046
2026-01-23,2026-01,30,"明阳智能(601615,封单13.95亿)",行业龙头(0.0016)、2025年报预增(-0.025),110085.SH,通22转债,600438,通威股份,行业龙头,601615,123.9488,命中行业龙头,成交额偏低2.3万；剩余规模119.83亿,123.84,124.373,0.4304
2026-01-23,2026-01,31,"明阳智能(601615,封单13.95亿)",行业龙头(0.0016)、2025年报预增(-0.025),110598.SH,大荒转债,600598,北大荒,行业龙头,601615,123.9488,命中行业龙头,退市日期2010-03-12,,,
2026-01-23,2026-01,32,"明阳智能(601615,封单13.95亿)",行业龙头(0.0016)、2025年报预增(-0.025),110817.SH,保利定转,600048,保利发展,行业龙头,601615,123.9488,命中行业龙头,剩余规模85.00亿,,,
2026-01-23,2026-01,33,"明阳智能(601615,封单13.95亿)",行业龙头(0.0016)、2025年报预增(-0.025),111007.SH,永和转债,605020,永和股份,2025年报预增,601615,123.9488,命中2025年报预增,强赎中；退市日期2025-10-10,,,
2026-01-23,2026-01,34,"明阳智能(601615,封单13.95亿)",行业龙头(0.0016)、2025年报预增(-0.025),113002.SH,工行转债,601398,工商银行,行业龙头,601615,123.9488,命中行业龙头,退市日期2015-02-26,,,
2026-01-23,2026-01,35,"明阳智能(601615,封单13.95亿)",行业龙头(0.0016)、2025年报预增(-0.025),113005.SH,平安转债,601318,中国平安,行业龙头,601615,123.9488,命中行业龙头,退市日期2015-01-15,,,
2026-01-23,2026-01,36,"明阳智能(601615,封单13.95亿)",行业龙头(0.0016)、2025年报预增(-0.025),113006.SH,深燃转债,601139,深圳燃气,行业龙头,601615,123.9488,命中行业龙头,退市日期2015-05-08,,,
2026-01-23,2026-01,37,"明阳智能(601615,封单13.95亿)",行业龙头(0.0016)、2025年报预增(-0.025),113013.SH,国君转债,601211,国泰海通,2025年报预增,601615,123.9488,命中2025年报预增,公告到期赎回；退市日期2023-07-07,,,
2026-01-23,2026-01,38,"明阳智能(601615,封单13.95亿)",行业龙头(0.0016)、2025年报预增(-0.025),113015.SH,隆基转债,601012,隆基绿能,行业龙头,601615,123.9488,命中行业龙头,退市日期2019-09-04,,,
2026-01-23,2026-01,39,"明阳智能(601615,封单13.95亿)",行业龙头(0.0016)、2025年报预增(-0.025),113026.SH,核能转债,601985,中国核电,行业龙头,601615,123.9488,命中行业龙头,强赎中；退市日期2022-03-09,,,
2026-01-23,2026-01,40,"明阳智能(601615,封单13.95亿)",行业龙头(0.0016)、2025年报预增(-0.025),113027.SH,华钰转债,601020,华钰矿业,2025年报预增,601615,123.9488,命中2025年报预增,强赎中；退市日期2024-06-13,,,
2026-01-23,2026-01,41,"明阳智能(601615,封单13.95亿)",行业龙头(0.0016)、2025年报预增(-0.025),113031.SH,博威转债,601137,博威合金,行业龙头,601615,123.9488,命中行业龙头,退市日期2020-08-31,,,
2026-01-23,2026-01,42,"明阳智能(601615,封单13.95亿)",行业龙头(0.0016)、2025年报预增(-0.025),113038.SH,隆20转债,601012,隆基绿能,行业龙头,601615,123.9488,命中行业龙头,退市日期2021-03-31,,,
2026-01-23,2026-01,43,"明阳智能(601615,封单13.95亿)",行业龙头(0.0016)、2025年报预增(-0.025),113044.SH,大秦转债,601006,大秦铁路,行业龙头,601615,123.9488,命中行业龙头,强赎中；退市日期2025-02-11,,,
2026-01-23,2026-01,44,"明阳智能(601615,封单13.95亿)",行业龙头(0.0016)、2025年报预增(-0.025),113046.SH,金田转债,601609,金田股份,2025年报预增,601615,123.9488,命中2025年报预增,成交额偏低1.1万；剩余规模14.99亿,155.196,150.918,-2.7565
2026-01-23,2026-01,45,"明阳智能(601615,封单13.95亿)",行业龙头(0.0016)、2025年报预增(-0.025),113053.SH,隆22转债,601012,隆基绿能,行业龙头,601615,123.9488,命中行业龙头,成交额偏低7.5万；剩余规模69.95亿,133.97,138.065,3.0567
2026-01-23,2026-01,46,"明阳智能(601615,封单13.95亿)",行业龙头(0.0016)、2025年报预增(-0.025),113058.SH,友发转债,601686,友发集团,2025年报预增,601615,123.9488,命中2025年报预增,成交额偏低1.6万；剩余规模18.64亿,160.79,163.462,1.6618
2026-01-23,2026-01,47,"明阳智能(601615,封单13.95亿)",行业龙头(0.0016)、2025年报预增(-0.025),113064.SH,东材转债,601208,东材科技,2025年报预增,601615,123.9488,命中2025年报预增,强赎中；退市日期2025-09-08,,,
2026-01-23,2026-01,48,"明阳智能(601615,封单13.95亿)",行业龙头(0.0016)、2025年报预增(-0.025),113067.SH,燃23转债,601139,深圳燃气,行业龙头,601615,123.9488,命中行业龙头,成交额偏低0.7万；剩余规模30.00亿,131.477,131.854,0.2867
2026-01-23,2026-01,49,"明阳智能(601615,封单13.95亿)",行业龙头(0.0016)、2025年报预增(-0.025),113068.SH,金铜转债,601609,金田股份,2025年报预增,601615,123.9488,命中2025年报预增,强赎中；退市日期2025-08-26,,,
2026-01-23,2026-01,50,"明阳智能(601615,封单13.95亿)",行业龙头(0.0016)、2025年报预增(-0.025),113069.SH,博23转债,601137,博威合金,行业龙头,601615,123.9488,命中行业龙头,强赎中；退市日期2026-01-22,,,
2026-01-26,2026-01,1,"湖南黄金(002155,封单44.43亿)、天奇股份(002009,封单7.32亿)",脑机接口(0.0387)、金属铅(0.0218),100001.SH,南化转债,600301,华锡有色,金属铅,002155,154.4272,命中金属铅,退市日期2001-05-28,,,
2026-01-26,2026-01,2,"湖南黄金(002155,封单44.43亿)、天奇股份(002009,封单7.32亿)",脑机接口(0.0387)、金属铅(0.0218),110066.SH,盛屯转债,600711,盛屯矿业,金属铅,002155,154.4272,命中金属铅,强赎中；退市日期2022-03-18,,,
2026-01-26,2026-01,3,"湖南黄金(002155,封单44.43亿)、天奇股份(002009,封单7.32亿)",脑机接口(0.0387)、金属铅(0.0218),110096.SH,豫光转债,600531,豫光金铅,金属铅,002155,154.4272,命中金属铅,强赎中；退市日期2025-12-19,,,
2026-01-26,2026-01,4,"湖南黄金(002155,封单44.43亿)、天奇股份(002009,封单7.32亿)",脑机接口(0.0387)、金属铅(0.0218),113027.SH,华钰转债,601020,华钰矿业,金属铅,002155,154.4272,命中金属铅,强赎中；退市日期2024-06-13,,,
2026-01-26,2026-01,5,"湖南黄金(002155,封单44.43亿)、天奇股份(002009,封单7.32亿)",脑机接口(0.0387)、金属铅(0.0218),113041.SH,紫金转债,601899,紫金矿业,金属铅,002155,154.4272,命中金属铅,退市日期2021-06-28,,,
2026-01-26,2026-01,6,"湖南黄金(002155,封单44.43亿)、天奇股份(002009,封单7.32亿)",脑机接口(0.0387)、金属铅(0.0218),113515.SH,高能转债,603588,高能环境,金属铅,002155,154.4272,命中金属铅,退市日期2020-06-18,,,
2026-01-26,2026-01,7,"湖南黄金(002155,封单44.43亿)、天奇股份(002009,封单7.32亿)",脑机接口(0.0387)、金属铅(0.0218),113691.SH,和邦转债,603077,和邦生物,金属铅,002155,154.4272,命中金属铅,成交额偏低8.0万；剩余规模45.99亿,161.0,153.859,-4.4354
2026-01-26,2026-01,8,"湖南黄金(002155,封单44.43亿)、天奇股份(002009,封单7.32亿)",脑机接口(0.0387)、金属铅(0.0218),123180.SZ,浙矿转债,300837,浙矿股份,金属铅,002155,154.4272,命中金属铅,成交额偏低37.6万,191.0,184.2,-3.5602
2026-01-26,2026-01,9,"湖南黄金(002155,封单44.43亿)、天奇股份(002009,封单7.32亿)",脑机接口(0.0387)、金属铅(0.0218),125960.SZ,锡业转债,000960,锡业股份,金属铅,002155,154.4272,命中金属铅,退市日期2010-12-14,,,
2026-01-26,2026-01,10,"湖南黄金(002155,封单44.43亿)、天奇股份(002009,封单7.32亿)",脑机接口(0.0387)、金属铅(0.0218),127019.SZ,国城转债,000688,国城矿业,金属铅,002155,154.4272,命中金属铅,强赎中；退市日期2025-12-22,,,
2026-01-26,2026-01,11,"湖南黄金(002155,封单44.43亿)、天奇股份(002009,封单7.32亿)",脑机接口(0.0387)、金属铅(0.0218),127020.SZ,中金转债,000060,中金岭南,金属铅,002155,154.4272,命中金属铅,强赎中；退市日期2025-12-04,,,
2026-01-26,2026-01,12,"湖南黄金(002155,封单44.43亿)、天奇股份(002009,封单7.32亿)",脑机接口(0.0387)、金属铅(0.0218),127070.SZ,大中转债,001203,大中矿业,金属铅,002155,154.4272,命中金属铅,成交额偏低35.1万,400.0,400.66,0.165
2026-01-26,2026-01,13,"湖南黄金(002155,封单44.43亿)、天奇股份(002009,封单7.32亿)",脑机接口(0.0387)、金属铅(0.0218),127086.SZ,恒邦转债,002237,恒邦股份,金属铅,002155,154.4272,命中金属铅,强赎中；退市日期2025-12-08,,,
2026-01-26,2026-01,14,"湖南黄金(002155,封单44.43亿)、天奇股份(002009,封单7.32亿)",脑机接口(0.0387)、金属铅(0.0218),128064.SZ,司尔转债,002538,ST司特,金属铅,002155,154.4272,命中金属铅,退市日期2021-09-02,,,
2026-01-26,2026-01,15,"湖南黄金(002155,封单44.43亿)、天奇股份(002009,封单7.32亿)",脑机接口(0.0387)、金属铅(0.0218),110034.SH,九州转债,600998,九州通,脑机接口,002009,117.3235,命中脑机接口,退市日期2022-01-17,,,
2026-01-26,2026-01,16,"湖南黄金(002155,封单44.43亿)、天奇股份(002009,封单7.32亿)",脑机接口(0.0387)、金属铅(0.0218),113601.SH,塞力转债,603716,塞力医疗,脑机接口,002009,117.3235,命中脑机接口,强赎中；成交额偏低18.1万；退市日期2026-04-10,258.0,261.232,1.2527
2026-01-26,2026-01,17,"湖南黄金(002155,封单44.43亿)、天奇股份(002009,封单7.32亿)",脑机接口(0.0387)、金属铅(0.0218),113606.SH,荣泰转债,603579,荣泰健康,脑机接口,002009,117.3235,命中脑机接口,强赎中；退市日期2025-09-12,,,
2026-01-26,2026-01,18,"湖南黄金(002155,封单44.43亿)、天奇股份(002009,封单7.32亿)",脑机接口(0.0387)、金属铅(0.0218),113619.SH,世运转债,603920,世运电路,脑机接口,002009,117.3235,命中脑机接口,强赎中；退市日期2024-12-03,,,
2026-01-26,2026-01,19,"湖南黄金(002155,封单44.43亿)、天奇股份(002009,封单7.32亿)",脑机接口(0.0387)、金属铅(0.0218),123007.SZ,道氏转债,300409,道氏技术,脑机接口,002009,117.3235,命中脑机接口,退市日期2021-08-23,,,
2026-01-26,2026-01,20,"湖南黄金(002155,封单44.43亿)、天奇股份(002009,封单7.32亿)",脑机接口(0.0387)、金属铅(0.0218),123040.SZ,乐普转债,300003,乐普医疗,脑机接口,002009,117.3235,命中脑机接口,退市日期2020-08-31,,,
2026-01-26,2026-01,21,"湖南黄金(002155,封单44.43亿)、天奇股份(002009,封单7.32亿)",脑机接口(0.0387)、金属铅(0.0218),123045.SZ,雷迪转债,300652,雷迪克,脑机接口,002009,117.3235,命中脑机接口,强赎中；退市日期2022-09-09,,,
2026-01-26,2026-01,22,"湖南黄金(002155,封单44.43亿)、天奇股份(002009,封单7.32亿)",脑机接口(0.0387)、金属铅(0.0218),123082.SZ,北陆转债,300016,北陆药业,脑机接口,002009,117.3235,命中脑机接口,强赎中；退市日期2025-08-13,,,
2026-01-26,2026-01,23,"湖南黄金(002155,封单44.43亿)、天奇股份(002009,封单7.32亿)",脑机接口(0.0387)、金属铅(0.0218),123108.SZ,乐普转2,300003,乐普医疗,脑机接口,002009,117.3235,命中脑机接口,公告到期赎回；成交额偏低0.6万；退市日期2026-03-30,109.899,108.653,-1.1338
2026-01-26,2026-01,24,"湖南黄金(002155,封单44.43亿)、天奇股份(002009,封单7.32亿)",脑机接口(0.0387)、金属铅(0.0218),123157.SZ,科蓝转债,300663,科蓝软件,脑机接口,002009,117.3235,命中脑机接口,成交额偏低0.6万,156.5,153.142,-2.1457
2026-01-26,2026-01,25,"湖南黄金(002155,封单44.43亿)、天奇股份(002009,封单7.32亿)",脑机接口(0.0387)、金属铅(0.0218),123190.SZ,道氏转02,300409,道氏技术,脑机接口,002009,117.3235,命中脑机接口,强赎中；退市日期2025-04-24,,,
2026-01-26,2026-01,26,"湖南黄金(002155,封单44.43亿)、天奇股份(002009,封单7.32亿)",脑机接口(0.0387)、金属铅(0.0218),123227.SZ,雅创转债,301099,雅创电子,脑机接口,002009,117.3235,命中脑机接口,强赎中；退市日期2025-04-10,,,
2026-01-26,2026-01,27,"湖南黄金(002155,封单44.43亿)、天奇股份(002009,封单7.32亿)",脑机接口(0.0387)、金属铅(0.0218),123237.SZ,佳禾转债,300793,佳禾智能,脑机接口,002009,117.3235,命中脑机接口,成交额偏低0.6万,171.257,163.34,-4.6229
2026-01-26,2026-01,28,"湖南黄金(002155,封单44.43亿)、天奇股份(002009,封单7.32亿)",脑机接口(0.0387)、金属铅(0.0218),123254.SZ,亿纬转债,300014,亿纬锂能,脑机接口,002009,117.3235,命中脑机接口,强赎中；成交额偏低4.1万；退市日期2026-05-07,172.99,168.5,-2.5955
2026-02-02,2026-02,1,"民爆光电(301362,封单5.43亿)",生态农业(0.0445)、人民币贬值受益(0.008),110002.SH,南山转债,600219,南山铝业,人民币贬值受益,301362,115.4279,命中人民币贬值受益,退市日期2009-09-24,,,
2026-02-02,2026-02,2,"民爆光电(301362,封单5.43亿)",生态农业(0.0445)、人民币贬值受益(0.008),110017.SH,中海转债,600026,中远海能,人民币贬值受益,301362,115.4279,命中人民币贬值受益,退市日期2015-02-13,,,
2026-02-02,2026-02,3,"民爆光电(301362,封单5.43亿)",生态农业(0.0445)、人民币贬值受益(0.008),110020.SH,南山转债,600219,南山铝业,人民币贬值受益,301362,115.4279,命中人民币贬值受益,退市日期2015-03-13,,,
2026-02-02,2026-02,4,"民爆光电(301362,封单5.43亿)",生态农业(0.0445)、人民币贬值受益(0.008),110026.SH,中海转债,600026,中远海能,人民币贬值受益,301362,115.4279,命中人民币贬值受益,退市日期2008-04-09,,,
2026-02-02,2026-02,5,"民爆光电(301362,封单5.43亿)",生态农业(0.0445)、人民币贬值受益(0.008),110032.SH,三一转债,600031,三一重工,人民币贬值受益,301362,115.4279,命中人民币贬值受益,退市日期2019-03-26,,,
2026-02-02,2026-02,6,"民爆光电(301362,封单5.43亿)",生态农业(0.0445)、人民币贬值受益(0.008),110066.SH,盛屯转债,600711,盛屯矿业,人民币贬值受益,301362,115.4279,命中人民币贬值受益,强赎中；退市日期2022-03-18,,,
2026-02-02,2026-02,7,"民爆光电(301362,封单5.43亿)",生态农业(0.0445)、人民币贬值受益(0.008),110081.SH,闻泰转债,600745,*ST闻泰,人民币贬值受益,301362,115.4279,命中人民币贬值受益,成交额偏低10.1万；剩余规模80.63亿,114.79,110.433,-3.7956
2026-02-02,2026-02,8,"民爆光电(301362,封单5.43亿)",生态农业(0.0445)、人民币贬值受益(0.008),110087.SH,天业转债,600075,新疆天业,生态农业,301362,115.4279,命中生态农业,成交额偏低3.3万；剩余规模29.98亿,140.2,135.841,-3.1091
2026-02-02,2026-02,9,"民爆光电(301362,封单5.43亿)",生态农业(0.0445)、人民币贬值受益(0.008),110090.SH,爱迪转债,600933,爱柯迪,人民币贬值受益,301362,115.4279,命中人民币贬值受益,成交额偏低1.1万；剩余规模15.70亿,143.0,139.452,-2.4811
2026-02-02,2026-02,10,"民爆光电(301362,封单5.43亿)",生态农业(0.0445)、人民币贬值受益(0.008),110100.SH,龙建转债,600853,龙建股份,生态农业,301362,115.4279,命中生态农业,剩余规模10.00亿,,,
2026-02-02,2026-02,11,"民爆光电(301362,封单5.43亿)",生态农业(0.0445)、人民币贬值受益(0.008),110219.SH,南山转债,600219,南山铝业,人民币贬值受益,301362,115.4279,命中人民币贬值受益,退市日期2006-08-24,,,
2026-02-02,2026-02,12,"民爆光电(301362,封单5.43亿)",生态农业(0.0445)、人民币贬值受益(0.008),110598.SH,大荒转债,600598,北大荒,生态农业,301362,115.4279,命中生态农业,退市日期2010-03-12,,,
2026-02-02,2026-02,13,"民爆光电(301362,封单5.43亿)",生态农业(0.0445)、人民币贬值受益(0.008),110801.SH,继峰定01,603997,继峰股份,人民币贬值受益,301362,115.4279,命中人民币贬值受益,公告到期赎回；退市日期2025-11-18,,,
2026-02-02,2026-02,14,"民爆光电(301362,封单5.43亿)",生态农业(0.0445)、人民币贬值受益(0.008),110802.SH,继峰定02,603997,继峰股份,人民币贬值受益,301362,115.4279,命中人民币贬值受益,退市日期2022-01-21,,,
2026-02-02,2026-02,15,"民爆光电(301362,封单5.43亿)",生态农业(0.0445)、人民币贬值受益(0.008),110809.SH,天业定01,600075,新疆天业,生态农业,301362,115.4279,命中生态农业,,,,
2026-02-02,2026-02,16,"民爆光电(301362,封单5.43亿)",生态农业(0.0445)、人民币贬值受益(0.008),110810.SH,天业定02,600075,新疆天业,生态农业,301362,115.4279,命中生态农业,退市日期2022-01-14,,,
2026-02-02,2026-02,17,"民爆光电(301362,封单5.43亿)",生态农业(0.0445)、人民币贬值受益(0.008),111009.SH,盛泰转债,605138,盛泰集团,人民币贬值受益,301362,115.4279,命中人民币贬值受益,成交额偏低0.5万,125.89,123.914,-1.5696
2026-02-02,2026-02,18,"民爆光电(301362,封单5.43亿)",生态农业(0.0445)、人民币贬值受益(0.008),111011.SH,冠盛转债,605088,冠盛股份,人民币贬值受益,301362,115.4279,命中人民币贬值受益,强赎中；退市日期2025-07-29,,,
2026-02-02,2026-02,19,"民爆光电(301362,封单5.43亿)",生态农业(0.0445)、人民币贬值受益(0.008),111021.SH,奥锐转债,605116,奥锐特,人民币贬值受益,301362,115.4279,命中人民币贬值受益,成交额偏低1.6万,161.681,149.349,-7.6274
2026-02-02,2026-02,20,"民爆光电(301362,封单5.43亿)",生态农业(0.0445)、人民币贬值受益(0.008),113027.SH,华钰转债,601020,华钰矿业,人民币贬值受益,301362,115.4279,命中人民币贬值受益,强赎中；退市日期2024-06-13,,,
2026-02-02,2026-02,21,"民爆光电(301362,封单5.43亿)",生态农业(0.0445)、人民币贬值受益(0.008),113063.SH,赛轮转债,601058,赛轮轮胎,人民币贬值受益,301362,115.4279,命中人民币贬值受益,强赎中；退市日期2024-02-23,,,
2026-02-02,2026-02,22,"民爆光电(301362,封单5.43亿)",生态农业(0.0445)、人民币贬值受益(0.008),113501.SH,洛钼转债,603993,洛阳钼业,人民币贬值受益,301362,115.4279,命中人民币贬值受益,退市日期2015-07-16,,,
2026-02-02,2026-02,23,"民爆光电(301362,封单5.43亿)",生态农业(0.0445)、人民币贬值受益(0.008),113520.SH,百合转债,603313,梦百合,人民币贬值受益,301362,115.4279,命中人民币贬值受益,退市日期2021-01-07,,,
2026-02-02,2026-02,24,"民爆光电(301362,封单5.43亿)",生态农业(0.0445)、人民币贬值受益(0.008),113521.SH,科森转债,603626,科森科技,人民币贬值受益,301362,115.4279,命中人民币贬值受益,退市日期2020-11-27,,,
2026-02-02,2026-02,25,"民爆光电(301362,封单5.43亿)",生态农业(0.0445)、人民币贬值受益(0.008),113555.SH,振德转债,603301,振德医疗,人民币贬值受益,301362,115.4279,命中人民币贬值受益,退市日期2020-12-04,,,
2026-02-02,2026-02,26,"民爆光电(301362,封单5.43亿)",生态农业(0.0445)、人民币贬值受益(0.008),113561.SH,正裕转债,603089,正裕工业,人民币贬值受益,301362,115.4279,命中人民币贬值受益,强赎中；退市日期2025-06-19,,,
2026-02-02,2026-02,27,"民爆光电(301362,封单5.43亿)",生态农业(0.0445)、人民币贬值受益(0.008),113567.SH,君禾转债,603617,君禾股份,人民币贬值受益,301362,115.4279,命中人民币贬值受益,强赎中；退市日期2023-03-15,,,
2026-02-02,2026-02,28,"民爆光电(301362,封单5.43亿)",生态农业(0.0445)、人民币贬值受益(0.008),113577.SH,春秋转债,603890,春秋电子,人民币贬值受益,301362,115.4279,命中人民币贬值受益,强赎中；退市日期2025-11-07,,,
2026-02-02,2026-02,29,"民爆光电(301362,封单5.43亿)",生态农业(0.0445)、人民币贬值受益(0.008),113579.SH,健友转债,603707,健友股份,人民币贬值受益,301362,115.4279,命中人民币贬值受益,公告到期赎回；成交额偏低0.3万；退市日期2026-04-23,108.808,108.794,-0.0129
2026-02-02,2026-02,30,"民爆光电(301362,封单5.43亿)",生态农业(0.0445)、人民币贬值受益(0.008),113580.SH,康隆转债,603665,康隆达,人民币贬值受益,301362,115.4279,命中人民币贬值受益,退市日期2021-11-19,,,
2026-02-02,2026-02,31,"民爆光电(301362,封单5.43亿)",生态农业(0.0445)、人民币贬值受益(0.008),113593.SH,沪工转债,603131,上海沪工,人民币贬值受益,301362,115.4279,命中人民币贬值受益,强赎中；退市日期2026-01-22,,,
2026-02-02,2026-02,32,"民爆光电(301362,封单5.43亿)",生态农业(0.0445)、人民币贬值受益(0.008),113606.SH,荣泰转债,603579,荣泰健康,人民币贬值受益,301362,115.4279,命中人民币贬值受益,强赎中；退市日期2025-09-12,,,
2026-02-02,2026-02,33,"民爆光电(301362,封单5.43亿)",生态农业(0.0445)、人民币贬值受益(0.008),113612.SH,永冠转债,603681,永冠新材,人民币贬值受益,301362,115.4279,命中人民币贬值受益,退市日期2021-09-10,,,
2026-02-02,2026-02,34,"民爆光电(301362,封单5.43亿)",生态农业(0.0445)、人民币贬值受益(0.008),113614.SH,健20转债,603707,健友股份,人民币贬值受益,301362,115.4279,命中人民币贬值受益,退市日期2021-12-15,,,
2026-02-02,2026-02,35,"民爆光电(301362,封单5.43亿)",生态农业(0.0445)、人民币贬值受益(0.008),113615.SH,金诚转债,603979,金诚信,人民币贬值受益,301362,115.4279,命中人民币贬值受益,成交额偏低7.9万,818.0,791.009,-3.2996
2026-02-02,2026-02,36,"民爆光电(301362,封单5.43亿)",生态农业(0.0445)、人民币贬值受益(0.008),113616.SH,韦尔转债,603501,豪威集团,人民币贬值受益,301362,115.4279,命中人民币贬值受益,成交额偏低0.5万；剩余规模24.32亿,126.8,125.124,-1.3218
2026-02-02,2026-02,37,"民爆光电(301362,封单5.43亿)",生态农业(0.0445)、人民币贬值受益(0.008),113618.SH,美诺转债,603538,美诺华,人民币贬值受益,301362,115.4279,命中人民币贬值受益,强赎中；成交额偏低0.5万；退市日期2026-05-08,138.691,136.621,-1.4925
2026-02-02,2026-02,38,"民爆光电(301362,封单5.43亿)",生态农业(0.0445)、人民币贬值受益(0.008),113619.SH,世运转债,603920,世运电路,人民币贬值受益,301362,115.4279,命中人民币贬值受益,强赎中；退市日期2024-12-03,,,
2026-02-02,2026-02,39,"民爆光电(301362,封单5.43亿)",生态农业(0.0445)、人民币贬值受益(0.008),113641.SH,华友转债,603799,华友钴业,人民币贬值受益,301362,115.4279,命中人民币贬值受益,强赎中；退市日期2025-09-29,,,
2026-02-02,2026-02,40,"民爆光电(301362,封单5.43亿)",生态农业(0.0445)、人民币贬值受益(0.008),113647.SH,禾丰转债,603609,禾丰股份,生态农业,301362,115.4279,命中生态农业,成交额偏低0.7万；剩余规模14.67亿,124.046,123.204,-0.6788
2026-02-02,2026-02,41,"民爆光电(301362,封单5.43亿)",生态农业(0.0445)、人民币贬值受益(0.008),113651.SH,松霖转债,603992,松霖科技,人民币贬值受益,301362,115.4279,命中人民币贬值受益,强赎中；成交额偏低4.7万；退市日期2026-03-23,325.786,290.136,-10.9428
2026-02-02,2026-02,42,"民爆光电(301362,封单5.43亿)",生态农业(0.0445)、人民币贬值受益(0.008),113653.SH,永22转债,603681,永冠新材,人民币贬值受益,301362,115.4279,命中人民币贬值受益,强赎中；成交额偏低1.5万；退市日期2026-04-22,145.126,142.463,-1.835
2026-02-02,2026-02,43,"民爆光电(301362,封单5.43亿)",生态农业(0.0445)、人民币贬值受益(0.008),113659.SH,莱克转债,603355,莱克电气,人民币贬值受益,301362,115.4279,命中人民币贬值受益,成交额偏低1.1万；剩余规模12.00亿,138.725,136.063,-1.9189
2026-02-02,2026-02,44,"民爆光电(301362,封单5.43亿)",生态农业(0.0445)、人民币贬值受益(0.008),113667.SH,春23转债,603890,春秋电子,人民币贬值受益,301362,115.4279,命中人民币贬值受益,成交额偏低1.7万,183.824,177.99,-3.1737
2026-02-02,2026-02,45,"民爆光电(301362,封单5.43亿)",生态农业(0.0445)、人民币贬值受益(0.008),113673.SH,岱美转债,603730,岱美股份,人民币贬值受益,301362,115.4279,命中人民币贬值受益,成交额偏低3.4万,183.0,175.042,-4.3486
2026-02-02,2026-02,46,"民爆光电(301362,封单5.43亿)",生态农业(0.0445)、人民币贬值受益(0.008),113699.SH,金25转债,603979,金诚信,人民币贬值受益,301362,115.4279,命中人民币贬值受益,成交额偏低5.9万；剩余规模20.00亿,188.0,181.766,-3.316
2026-02-02,2026-02,47,"民爆光电(301362,封单5.43亿)",生态农业(0.0445)、人民币贬值受益(0.008),113702.SH,斯达转债,603290,斯达半导,人民币贬值受益,301362,115.4279,命中人民币贬值受益,剩余规模15.00亿,,,
2026-02-02,2026-02,48,"民爆光电(301362,封单5.43亿)",生态农业(0.0445)、人民币贬值受益(0.008),113704.SH,春风转债,603129,春风动力,人民币贬值受益,301362,115.4279,命中人民币贬值受益,剩余规模21.79亿,,,
2026-02-02,2026-02,49,"民爆光电(301362,封单5.43亿)",生态农业(0.0445)、人民币贬值受益(0.008),118010.SH,洁特转债,688026,洁特生物,人民币贬值受益,301362,115.4279,命中人民币贬值受益,成交额偏低0.2万,124.383,124.1,-0.2275
2026-02-02,2026-02,50,"民爆光电(301362,封单5.43亿)",生态农业(0.0445)、人民币贬值受益(0.008),118013.SH,道通转债,688208,道通科技,人民币贬值受益,301362,115.4279,命中人民币贬值受益,成交额偏低1.2万；剩余规模12.80亿,217.3,211.677,-2.5877
2026-02-09,2026-02,1,"中文在线(300364,封单5.75亿)",数据确权(-0.012)、高市净率(-0.0411),110030.SH,格力转债,600185,珠免集团,高市净率,300364,115.7509,命中高市净率,退市日期2019-12-25,,,
2026-02-09,2026-02,2,"中文在线(300364,封单5.75亿)",数据确权(-0.012)、高市净率(-0.0411),110040.SH,生益转债,600183,生益科技,高市净率,300364,115.7509,命中高市净率,退市日期2019-08-01,,,
2026-02-09,2026-02,3,"中文在线(300364,封单5.75亿)",数据确权(-0.012)、高市净率(-0.0411),110044.SH,广电转债,600831,广电网络,数据确权,300364,115.7509,命中数据确权,公告到期赎回；退市日期2024-06-27,,,
2026-02-09,2026-02,4,"中文在线(300364,封单5.75亿)",数据确权(-0.012)、高市净率(-0.0411),110058.SH,永鼎转债,600105,永鼎股份,高市净率,300364,115.7509,命中高市净率,强赎中；退市日期2024-12-20,,,
2026-02-09,2026-02,5,"中文在线(300364,封单5.75亿)",数据确权(-0.012)、高市净率(-0.0411),113502.SH,嘉澳转债,603822,ST嘉澳,高市净率,300364,115.7509,命中高市净率,强赎中；退市日期2022-09-23,,,
2026-02-09,2026-02,6,"中文在线(300364,封单5.75亿)",数据确权(-0.012)、高市净率(-0.0411),113540.SH,南威转债,603636,南威软件,数据确权,300364,115.7509,命中数据确权,退市日期2020-03-25,,,
2026-02-09,2026-02,7,"中文在线(300364,封单5.75亿)",数据确权(-0.012)、高市净率(-0.0411),113572.SH,三祥转债,603663,三祥新材,高市净率,300364,115.7509,命中高市净率,退市日期2021-09-24,,,
2026-02-09,2026-02,8,"中文在线(300364,封单5.75亿)",数据确权(-0.012)、高市净率(-0.0411),113576.SH,起步转债,603557,*ST起步,高市净率,300364,115.7509,命中高市净率,强赎中；退市日期2025-01-17,,,
2026-02-09,2026-02,9,"中文在线(300364,封单5.75亿)",数据确权(-0.012)、高市净率(-0.0411),113595.SH,花王转债,603007,顺景科技,高市净率,300364,115.7509,命中高市净率,强赎中；退市日期2024-02-27,,,
2026-02-09,2026-02,10,"中文在线(300364,封单5.75亿)",数据确权(-0.012)、高市净率(-0.0411),118021.SH,新致转债,688590,新致软件,数据确权,300364,115.7509,命中数据确权,强赎中；成交额偏低5.6万；退市日期2026-03-25,168.0,171.578,2.1298
2026-02-09,2026-02,11,"中文在线(300364,封单5.75亿)",数据确权(-0.012)、高市净率(-0.0411),118061.SH,茂莱转债,688502,茂莱光学,高市净率,300364,115.7509,命中高市净率,成交额偏低2.0万,187.999,190.189,1.1649
2026-02-09,2026-02,12,"中文在线(300364,封单5.75亿)",数据确权(-0.012)、高市净率(-0.0411),118064.SH,联瑞转债,688300,联瑞新材,高市净率,300364,115.7509,命中高市净率,成交额偏低2.5万,191.0,192.086,0.5686
2026-02-09,2026-02,13,"中文在线(300364,封单5.75亿)",数据确权(-0.012)、高市净率(-0.0411),118072.SH,鼎通转债,688668,鼎通科技,高市净率,300364,115.7509,命中高市净率,,,,
2026-02-09,2026-02,14,"中文在线(300364,封单5.75亿)",数据确权(-0.012)、高市净率(-0.0411),123032.SZ,万里转债,300591,万里马,高市净率,300364,115.7509,命中高市净率,退市日期2020-12-09,,,
2026-02-09,2026-02,15,"中文在线(300364,封单5.75亿)",数据确权(-0.012)、高市净率(-0.0411),123054.SZ,思特转债,300608,思特奇,数据确权,300364,115.7509,命中数据确权,强赎中；成交额偏低1.5万；退市日期2026-06-09,154.88,157.78,1.8724
2026-02-09,2026-02,16,"中文在线(300364,封单5.75亿)",数据确权(-0.012)、高市净率(-0.0411),123157.SZ,科蓝转债,300663,科蓝软件,数据确权,300364,115.7509,命中数据确权,成交额偏低0.2万,149.2,149.8,0.4021
2026-02-09,2026-02,17,"中文在线(300364,封单5.75亿)",数据确权(-0.012)、高市净率(-0.0411),123226.SZ,中富转债,300814,中富电路,高市净率,300364,115.7509,命中高市净率,强赎中；退市日期2025-04-22,,,
2026-02-09,2026-02,18,"中文在线(300364,封单5.75亿)",数据确权(-0.012)、高市净率(-0.0411),123267.SZ,珂玛转债,301611,珂玛科技,高市净率,300364,115.7509,命中高市净率,,,,
2026-02-09,2026-02,19,"中文在线(300364,封单5.75亿)",数据确权(-0.012)、高市净率(-0.0411),127007.SZ,湖广转债,000665,湖北广电,数据确权,300364,115.7509,命中数据确权,公告到期赎回；退市日期2024-07-01,,,
2026-02-09,2026-02,20,"中文在线(300364,封单5.75亿)",数据确权(-0.012)、高市净率(-0.0411),127019.SZ,国城转债,000688,国城矿业,高市净率,300364,115.7509,命中高市净率,强赎中；退市日期2025-12-22,,,
2026-02-09,2026-02,21,"中文在线(300364,封单5.75亿)",数据确权(-0.012)、高市净率(-0.0411),128044.SZ,岭南转债,002717,*ST岭南,数据确权,300364,115.7509,命中数据确权,公告到期赎回；成交额偏低0.0万,0.0,71.372,
2026-03-02,2026-03,1,"洲际油气(600759,封单17.36亿)",海南(0.1935)、海南自贸区(0.1894),118019.SH,金盘转债,688676,金盘科技,海南、海南自贸区,600759,227.3552,命中海南、海南自贸区,强赎中；退市日期2024-05-28,,,
2026-03-02,2026-03,2,"洲际油气(600759,封单17.36亿)",海南(0.1935)、海南自贸区(0.1894),118063.SH,金05转债,688676,金盘科技,海南、海南自贸区,600759,227.3552,命中海南、海南自贸区,成交额偏低1.1万；剩余规模16.71亿,193.0,196.226,1.6715
2026-03-02,2026-03,3,"洲际油气(600759,封单17.36亿)",海南(0.1935)、海南自贸区(0.1894),125572.SZ,海马转债,000572,海马汽车,海南、海南自贸区,600759,227.3552,命中海南、海南自贸区,退市日期2009-06-09,,,
2026-03-02,2026-03,4,"洲际油气(600759,封单17.36亿)",海南(0.1935)、海南自贸区(0.1894),128050.SZ,钧达转债,002865,钧达股份,海南、海南自贸区,600759,227.3552,命中海南、海南自贸区,退市日期2022-02-14,,,
2026-03-04,2026-03,1,"佰维存储(688525,封单8.09亿)",近期并购重组(0.0109)、AI PC(0.0018),123068.SZ,弘信转债,300657,弘信电子,AI PC、近期并购重组,688525,218.0898,命中AI PC、近期并购重组,退市日期2021-10-20,,,
2026-03-04,2026-03,2,"佰维存储(688525,封单8.09亿)",近期并购重组(0.0109)、AI PC(0.0018),124016.SZ,TCL定转1,000100,TCL科技,AI PC、近期并购重组,688525,218.0898,命中AI PC、近期并购重组,,,,
2026-03-04,2026-03,3,"佰维存储(688525,封单8.09亿)",近期并购重组(0.0109)、AI PC(0.0018),124017.SZ,TCL定转2,000100,TCL科技,AI PC、近期并购重组,688525,218.0898,命中AI PC、近期并购重组,退市日期2022-11-30,,,
2026-03-04,2026-03,4,"佰维存储(688525,封单8.09亿)",近期并购重组(0.0109)、AI PC(0.0018),100001.SH,南化转债,600301,华锡有色,近期并购重组,688525,118.0898,命中近期并购重组,退市日期2001-05-28,,,
2026-03-04,2026-03,5,"佰维存储(688525,封单8.09亿)",近期并购重组(0.0109)、AI PC(0.0018),100196.SH,复星转债,600196,复星医药,近期并购重组,688525,118.0898,命中近期并购重组,退市日期2006-07-24,,,
2026-03-04,2026-03,6,"佰维存储(688525,封单8.09亿)",近期并购重组(0.0109)、AI PC(0.0018),110010.SH,包钢转债,600010,包钢股份,近期并购重组,688525,118.0898,命中近期并购重组,退市日期2009-11-16,,,
2026-03-04,2026-03,7,"佰维存储(688525,封单8.09亿)",近期并购重组(0.0109)、AI PC(0.0018),110017.SH,中海转债,600026,中远海能,近期并购重组,688525,118.0898,命中近期并购重组,退市日期2015-02-13,,,
2026-03-04,2026-03,8,"佰维存储(688525,封单8.09亿)",近期并购重组(0.0109)、AI PC(0.0018),110026.SH,中海转债,600026,中远海能,近期并购重组,688525,118.0898,命中近期并购重组,退市日期2008-04-09,,,
2026-03-04,2026-03,9,"佰维存储(688525,封单8.09亿)",近期并购重组(0.0109)、AI PC(0.0018),110069.SH,瀚蓝转债,600323,瀚蓝环境,近期并购重组,688525,118.0898,命中近期并购重组,退市日期2021-04-28,,,
2026-03-04,2026-03,10,"佰维存储(688525,封单8.09亿)",近期并购重组(0.0109)、AI PC(0.0018),110075.SH,南航转债,600029,南方航空,近期并购重组,688525,118.0898,命中近期并购重组,成交额偏低2.6万；剩余规模58.96亿,131.5,129.218,-1.7354
2026-03-04,2026-03,11,"佰维存储(688525,封单8.09亿)",近期并购重组(0.0109)、AI PC(0.0018),110081.SH,闻泰转债,600745,*ST闻泰,AI PC,688525,118.0898,命中AI PC,成交额偏低2.2万；剩余规模80.63亿,114.788,114.914,0.1098
2026-03-04,2026-03,12,"佰维存储(688525,封单8.09亿)",近期并购重组(0.0109)、AI PC(0.0018),110089.SH,兴发转债,600141,兴发集团,近期并购重组,688525,118.0898,命中近期并购重组,强赎中；退市日期2026-03-04,,,
2026-03-04,2026-03,13,"佰维存储(688525,封单8.09亿)",近期并购重组(0.0109)、AI PC(0.0018),110092.SH,三房转债,600370,*ST三房,近期并购重组,688525,118.0898,命中近期并购重组,成交额偏低1.7万；剩余规模21.19亿,101.88,102.594,0.7008
2026-03-04,2026-03,14,"佰维存储(688525,封单8.09亿)",近期并购重组(0.0109)、AI PC(0.0018),110097.SH,天润转债,600419,天润乳业,近期并购重组,688525,118.0898,命中近期并购重组,成交额偏低0.8万,148.451,148.035,-0.2802
2026-03-04,2026-03,15,"佰维存储(688525,封单8.09亿)",近期并购重组(0.0109)、AI PC(0.0018),110098.SH,南药转债,600713,南京医药,近期并购重组,688525,118.0898,命中近期并购重组,成交额偏低1.1万；剩余规模10.81亿,136.79,134.888,-1.3905
2026-03-04,2026-03,16,"佰维存储(688525,封单8.09亿)",近期并购重组(0.0109)、AI PC(0.0018),110488.SH,天药转债,600488,津药药业,近期并购重组,688525,118.0898,命中近期并购重组,退市日期2007-07-04,,,
2026-03-04,2026-03,17,"佰维存储(688525,封单8.09亿)",近期并购重组(0.0109)、AI PC(0.0018),110817.SH,保利定转,600048,保利发展,近期并购重组,688525,118.0898,命中近期并购重组,剩余规模85.00亿,,,
2026-03-04,2026-03,18,"佰维存储(688525,封单8.09亿)",近期并购重组(0.0109)、AI PC(0.0018),111001.SH,山玻转债,605006,山东玻纤,近期并购重组,688525,118.0898,命中近期并购重组,强赎中；成交额偏低1.6万；退市日期2026-07-07,137.501,139.871,1.7236
2026-03-04,2026-03,19,"佰维存储(688525,封单8.09亿)",近期并购重组(0.0109)、AI PC(0.0018),113013.SH,国君转债,601211,国泰海通,近期并购重组,688525,118.0898,命中近期并购重组,公告到期赎回；退市日期2023-07-07,,,
2026-03-04,2026-03,20,"佰维存储(688525,封单8.09亿)",近期并购重组(0.0109)、AI PC(0.0018),113031.SH,博威转债,601137,博威合金,近期并购重组,688525,118.0898,命中近期并购重组,退市日期2020-08-31,,,
2026-03-04,2026-03,21,"佰维存储(688525,封单8.09亿)",近期并购重组(0.0109)、AI PC(0.0018),113048.SH,晶科转债,601778,晶科科技,近期并购重组,688525,118.0898,命中近期并购重组,成交额偏低1.5万；剩余规模15.45亿,131.297,131.597,0.2285
2026-03-04,2026-03,22,"佰维存储(688525,封单8.09亿)",近期并购重组(0.0109)、AI PC(0.0018),113058.SH,友发转债,601686,友发集团,近期并购重组,688525,118.0898,命中近期并购重组,成交额偏低1.6万；剩余规模18.64亿,162.84,161.897,-0.5791
2026-03-04,2026-03,23,"佰维存储(688525,封单8.09亿)",近期并购重组(0.0109)、AI PC(0.0018),113069.SH,博23转债,601137,博威合金,近期并购重组,688525,118.0898,命中近期并购重组,强赎中；退市日期2026-01-22,,,
2026-03-04,2026-03,24,"佰维存储(688525,封单8.09亿)",近期并购重组(0.0109)、AI PC(0.0018),113512.SH,景旺转债,603228,景旺电子,AI PC,688525,118.0898,命中AI PC,退市日期2019-04-30,,,
2026-03-04,2026-03,25,"佰维存储(688525,封单8.09亿)",近期并购重组(0.0109)、AI PC(0.0018),113521.SH,科森转债,603626,科森科技,AI PC,688525,118.0898,命中AI PC,退市日期2020-11-27,,,
2026-03-04,2026-03,26,"佰维存储(688525,封单8.09亿)",近期并购重组(0.0109)、AI PC(0.0018),113523.SH,伟明转债,603568,伟明环保,近期并购重组,688525,118.0898,命中近期并购重组,退市日期2020-02-06,,,
2026-03-04,2026-03,27,"佰维存储(688525,封单8.09亿)",近期并购重组(0.0109)、AI PC(0.0018),113544.SH,桃李转债,603866,桃李面包,近期并购重组,688525,118.0898,命中近期并购重组,退市日期2020-09-18,,,
2026-03-04,2026-03,28,"佰维存储(688525,封单8.09亿)",近期并购重组(0.0109)、AI PC(0.0018),113547.SH,索发转债,603612,索通发展,近期并购重组,688525,118.0898,命中近期并购重组,退市日期2020-09-16,,,
2026-03-04,2026-03,29,"佰维存储(688525,封单8.09亿)",近期并购重组(0.0109)、AI PC(0.0018),113551.SH,福特转债,603806,福斯特,近期并购重组,688525,118.0898,命中近期并购重组,退市日期2020-07-16,,,
2026-03-04,2026-03,30,"佰维存储(688525,封单8.09亿)",近期并购重组(0.0109)、AI PC(0.0018),113562.SH,璞泰转债,603659,璞泰来,近期并购重组,688525,118.0898,命中近期并购重组,退市日期2020-12-21,,,
2026-03-04,2026-03,31,"佰维存储(688525,封单8.09亿)",近期并购重组(0.0109)、AI PC(0.0018),113565.SH,宏辉转债,603336,宏辉果蔬,近期并购重组,688525,118.0898,命中近期并购重组,强赎中；退市日期2025-09-19,,,
2026-03-04,2026-03,32,"佰维存储(688525,封单8.09亿)",近期并购重组(0.0109)、AI PC(0.0018),113574.SH,华体转债,603679,华体科技,近期并购重组,688525,118.0898,命中近期并购重组,公告到期赎回；成交额偏低0.4万；退市日期2026-03-31,116.0,116.566,0.4879
2026-03-04,2026-03,33,"佰维存储(688525,封单8.09亿)",近期并购重组(0.0109)、AI PC(0.0018),113577.SH,春秋转债,603890,春秋电子,AI PC,688525,118.0898,命中AI PC,强赎中；退市日期2025-11-07,,,
2026-03-04,2026-03,34,"佰维存储(688525,封单8.09亿)",近期并购重组(0.0109)、AI PC(0.0018),113589.SH,天创转债,603608,天创时尚,近期并购重组,688525,118.0898,命中近期并购重组,成交额偏低18.4万；退市日期2026-06-24,265.5,279.829,5.397
2026-03-04,2026-03,35,"佰维存储(688525,封单8.09亿)",近期并购重组(0.0109)、AI PC(0.0018),113600.SH,新星转债,603978,深圳新星,近期并购重组,688525,118.0898,命中近期并购重组,强赎中；退市日期2024-11-21,,,
2026-03-04,2026-03,36,"佰维存储(688525,封单8.09亿)",近期并购重组(0.0109)、AI PC(0.0018),113601.SH,塞力转债,603716,塞力医疗,近期并购重组,688525,118.0898,命中近期并购重组,强赎中；成交额偏低1.2万；退市日期2026-04-10,211.75,211.096,-0.3089
2026-03-04,2026-03,37,"佰维存储(688525,封单8.09亿)",近期并购重组(0.0109)、AI PC(0.0018),113602.SH,景20转债,603228,景旺电子,AI PC,688525,118.0898,命中AI PC,强赎中；退市日期2024-08-13,,,
2026-03-04,2026-03,38,"佰维存储(688525,封单8.09亿)",近期并购重组(0.0109)、AI PC(0.0018),113607.SH,伟20转债,603568,伟明环保,近期并购重组,688525,118.0898,命中近期并购重组,退市日期2021-12-29,,,
2026-03-04,2026-03,39,"佰维存储(688525,封单8.09亿)",近期并购重组(0.0109)、AI PC(0.0018),113611.SH,福20转债,603806,福斯特,近期并购重组,688525,118.0898,命中近期并购重组,退市日期2021-07-29,,,
2026-03-04,2026-03,40,"佰维存储(688525,封单8.09亿)",近期并购重组(0.0109)、AI PC(0.0018),113624.SH,正川转债,603976,正川股份,近期并购重组,688525,118.0898,命中近期并购重组,成交额偏低0.3万,136.9,136.877,-0.0168
2026-03-04,2026-03,41,"佰维存储(688525,封单8.09亿)",近期并购重组(0.0109)、AI PC(0.0018),113634.SH,珀莱转债,603605,珀莱雅,近期并购重组,688525,118.0898,命中近期并购重组,成交额偏低0.3万,128.244,128.887,0.5014
2026-03-04,2026-03,42,"佰维存储(688525,封单8.09亿)",近期并购重组(0.0109)、AI PC(0.0018),113652.SH,伟22转债,603568,伟明环保,近期并购重组,688525,118.0898,命中近期并购重组,成交额偏低1.1万；剩余规模14.77亿,144.075,143.373,-0.4872
2026-03-04,2026-03,43,"佰维存储(688525,封单8.09亿)",近期并购重组(0.0109)、AI PC(0.0018),113661.SH,福22转债,603806,福斯特,近期并购重组,688525,118.0898,命中近期并购重组,成交额偏低1.9万；剩余规模30.30亿,142.998,143.395,0.2776
2026-03-04,2026-03,44,"佰维存储(688525,封单8.09亿)",近期并购重组(0.0109)、AI PC(0.0018),113664.SH,大元转债,603757,大元泵业,近期并购重组,688525,118.0898,命中近期并购重组,强赎中；退市日期2025-09-17,,,
2026-03-04,2026-03,45,"佰维存储(688525,封单8.09亿)",近期并购重组(0.0109)、AI PC(0.0018),113666.SH,爱玛转债,603529,爱玛科技,近期并购重组,688525,118.0898,命中近期并购重组,成交额偏低0.6万；剩余规模19.99亿,128.44,128.659,0.1705
2026-03-04,2026-03,46,"佰维存储(688525,封单8.09亿)",近期并购重组(0.0109)、AI PC(0.0018),113667.SH,春23转债,603890,春秋电子,AI PC,688525,118.0898,命中AI PC,成交额偏低0.9万,168.262,170.472,1.3134
2026-03-04,2026-03,47,"佰维存储(688525,封单8.09亿)",近期并购重组(0.0109)、AI PC(0.0018),113669.SH,景23转债,603228,景旺电子,AI PC,688525,118.0898,命中AI PC,强赎中；退市日期2025-10-09,,,
2026-03-04,2026-03,48,"佰维存储(688525,封单8.09亿)",近期并购重组(0.0109)、AI PC(0.0018),113683.SH,伟24转债,603568,伟明环保,近期并购重组,688525,118.0898,命中近期并购重组,强赎中；退市日期2025-12-18,,,
2026-03-04,2026-03,49,"佰维存储(688525,封单8.09亿)",近期并购重组(0.0109)、AI PC(0.0018),113698.SH,凯众转债,603037,凯众股份,近期并购重组,688525,118.0898,命中近期并购重组,成交额偏低0.9万,161.928,161.175,-0.465
2026-03-04,2026-03,50,"佰维存储(688525,封单8.09亿)",近期并购重组(0.0109)、AI PC(0.0018),118000.SH,嘉元转债,688388,嘉元科技,近期并购重组,688525,118.0898,命中近期并购重组,强赎中；成交额偏低3.0万；退市日期2026-04-02,138.5,136.114,-1.7227
2026-03-20,2026-03,1,"云南锗业(002428,封单5.81亿)",云南(-0.0496)、金属回收(-0.0504),100096.SH,云化转债,600096,云天化,云南,002428,115.8055,命中云南,退市日期2006-09-09,,,
2026-03-20,2026-03,2,"云南锗业(002428,封单5.81亿)",云南(-0.0496)、金属回收(-0.0504),110002.SH,南山转债,600219,南山铝业,金属回收,002428,115.8055,命中金属回收,退市日期2009-09-24,,,
2026-03-20,2026-03,3,"云南锗业(002428,封单5.81亿)",云南(-0.0496)、金属回收(-0.0504),110020.SH,南山转债,600219,南山铝业,金属回收,002428,115.8055,命中金属回收,退市日期2015-03-13,,,
2026-03-20,2026-03,4,"云南锗业(002428,封单5.81亿)",云南(-0.0496)、金属回收(-0.0504),110096.SH,豫光转债,600531,豫光金铅,金属回收,002428,115.8055,命中金属回收,强赎中；退市日期2025-12-19,,,
2026-03-20,2026-03,5,"云南锗业(002428,封单5.81亿)",云南(-0.0496)、金属回收(-0.0504),110219.SH,南山转债,600219,南山铝业,金属回收,002428,115.8055,命中金属回收,退市日期2006-08-24,,,
2026-03-20,2026-03,6,"云南锗业(002428,封单5.81亿)",云南(-0.0496)、金属回收(-0.0504),113025.SH,明泰转债,601677,明泰铝业,金属回收,002428,115.8055,命中金属回收,强赎中；退市日期2023-10-24,,,
2026-03-20,2026-03,7,"云南锗业(002428,封单5.81亿)",云南(-0.0496)、金属回收(-0.0504),113046.SH,金田转债,601609,金田股份,金属回收,002428,115.8055,命中金属回收,成交额偏低1.0万；剩余规模14.99亿,129.219,128.494,-0.5611
2026-03-20,2026-03,8,"云南锗业(002428,封单5.81亿)",云南(-0.0496)、金属回收(-0.0504),113068.SH,金铜转债,601609,金田股份,金属回收,002428,115.8055,命中金属回收,强赎中；退市日期2025-08-26,,,
2026-03-20,2026-03,9,"云南锗业(002428,封单5.81亿)",云南(-0.0496)、金属回收(-0.0504),113515.SH,高能转债,603588,高能环境,金属回收,002428,115.8055,命中金属回收,退市日期2020-06-18,,,
2026-03-20,2026-03,10,"云南锗业(002428,封单5.81亿)",云南(-0.0496)、金属回收(-0.0504),113641.SH,华友转债,603799,华友钴业,金属回收,002428,115.8055,命中金属回收,强赎中；退市日期2025-09-29,,,
2026-03-20,2026-03,11,"云南锗业(002428,封单5.81亿)",云南(-0.0496)、金属回收(-0.0504),113672.SH,福蓉转债,603327,福蓉科技,金属回收,002428,115.8055,命中金属回收,强赎中；退市日期2026-01-29,,,
2026-03-20,2026-03,12,"云南锗业(002428,封单5.81亿)",云南(-0.0496)、金属回收(-0.0504),118020.SH,芳源转债,688148,芳源股份,金属回收,002428,115.8055,命中金属回收,成交额偏低0.1万,123.2,121.96,-1.0065
2026-03-20,2026-03,13,"云南锗业(002428,封单5.81亿)",云南(-0.0496)、金属回收(-0.0504),123027.SZ,蓝晓转债,300487,蓝晓科技,金属回收,002428,115.8055,命中金属回收,强赎中；退市日期2022-11-01,,,
2026-03-20,2026-03,14,"云南锗业(002428,封单5.81亿)",云南(-0.0496)、金属回收(-0.0504),123058.SZ,欣旺转债,300207,欣旺达,金属回收,002428,115.8055,命中金属回收,退市日期2021-07-14,,,
2026-03-20,2026-03,15,"云南锗业(002428,封单5.81亿)",云南(-0.0496)、金属回收(-0.0504),123069.SZ,金诺转债,300505,川金诺,云南,002428,115.8055,命中云南,退市日期2021-11-16,,,
2026-03-20,2026-03,16,"云南锗业(002428,封单5.81亿)",云南(-0.0496)、金属回收(-0.0504),123103.SZ,震安转债,300767,震安科技,云南,002428,115.8055,命中云南,强赎中；退市日期2025-01-06,,,
2026-03-20,2026-03,17,"云南锗业(002428,封单5.81亿)",云南(-0.0496)、金属回收(-0.0504),123195.SZ,蓝晓转02,300487,蓝晓科技,金属回收,002428,115.8055,命中金属回收,成交额偏低1.0万,150.348,151.461,0.7403
2026-03-20,2026-03,18,"云南锗业(002428,封单5.81亿)",云南(-0.0496)、金属回收(-0.0504),123212.SZ,立中转债,300428,立中集团,金属回收,002428,115.8055,命中金属回收,强赎中；退市日期2025-12-25,,,
2026-03-20,2026-03,19,"云南锗业(002428,封单5.81亿)",云南(-0.0496)、金属回收(-0.0504),125009.SZ,宝安转券,000009,中国宝安,金属回收,002428,115.8055,命中金属回收,退市日期1996-01-01,,,
2026-03-20,2026-03,20,"云南锗业(002428,封单5.81亿)",云南(-0.0496)、金属回收(-0.0504),125898.SZ,鞍钢转债,000898,鞍钢股份,金属回收,002428,115.8055,命中金属回收,退市日期2005-03-14,,,
2026-03-20,2026-03,21,"云南锗业(002428,封单5.81亿)",云南(-0.0496)、金属回收(-0.0504),125960.SZ,锡业转债,000960,锡业股份,云南,002428,115.8055,命中云南,退市日期2010-12-14,,,
2026-03-20,2026-03,22,"云南锗业(002428,封单5.81亿)",云南(-0.0496)、金属回收(-0.0504),127020.SZ,中金转债,000060,中金岭南,金属回收,002428,115.8055,命中金属回收,强赎中；退市日期2025-12-04,,,
2026-03-20,2026-03,23,"云南锗业(002428,封单5.81亿)",云南(-0.0496)、金属回收(-0.0504),127068.SZ,顺博转债,002996,顺博合金,金属回收,002428,115.8055,命中金属回收,成交额偏低0.2万,122.383,121.222,-0.9487
2026-03-20,2026-03,24,"云南锗业(002428,封单5.81亿)",云南(-0.0496)、金属回收(-0.0504),127070.SZ,大中转债,001203,大中矿业,金属回收,002428,115.8055,命中金属回收,成交额偏低22.2万,392.0,397.084,1.2969
2026-03-20,2026-03,25,"云南锗业(002428,封单5.81亿)",云南(-0.0496)、金属回收(-0.0504),127075.SZ,百川转2,002455,百川股份,金属回收,002428,115.8055,命中金属回收,强赎中；成交额偏低12.9万；退市日期2026-04-10,172.516,160.499,-6.9657
2026-03-20,2026-03,26,"云南锗业(002428,封单5.81亿)",云南(-0.0496)、金属回收(-0.0504),127077.SZ,华宏转债,002645,华宏科技,金属回收,002428,115.8055,命中金属回收,强赎中；退市日期2025-09-25,,,
2026-03-20,2026-03,27,"云南锗业(002428,封单5.81亿)",云南(-0.0496)、金属回收(-0.0504),127086.SZ,恒邦转债,002237,恒邦股份,金属回收,002428,115.8055,命中金属回收,强赎中；退市日期2025-12-08,,,
2026-03-20,2026-03,28,"云南锗业(002428,封单5.81亿)",云南(-0.0496)、金属回收(-0.0504),128067.SZ,一心转债,002727,一心堂,云南,002428,115.8055,命中云南,退市日期2020-11-11,,,
2026-03-20,2026-03,29,"云南锗业(002428,封单5.81亿)",云南(-0.0496)、金属回收(-0.0504),128093.SZ,百川转债,002455,百川股份,金属回收,002428,115.8055,命中金属回收,强赎中；退市日期2022-03-10,,,
2026-03-20,2026-03,30,"云南锗业(002428,封单5.81亿)",云南(-0.0496)、金属回收(-0.0504),128095.SZ,恩捷转债,002812,恩捷股份,云南,002428,115.8055,命中云南,强赎中；退市日期2025-11-10,,,
2026-03-20,2026-03,31,"云南锗业(002428,封单5.81亿)",云南(-0.0496)、金属回收(-0.0504),128111.SZ,中矿转债,002738,中矿资源,金属回收,002428,115.8055,命中金属回收,强赎中；退市日期2023-11-17,,,
2026-03-30,2026-03,1,"天山铝业(002532,封单5.63亿)",低市盈率(0.0267)、2026一季报预增(0.0222),100016.SH,民生转债,600016,民生银行,低市盈率,002532,115.6288,命中低市盈率,退市日期2008-02-26,,,
2026-03-30,2026-03,2,"天山铝业(002532,封单5.63亿)",低市盈率(0.0267)、2026一季报预增(0.0222),100096.SH,云化转债,600096,云天化,低市盈率,002532,115.6288,命中低市盈率,退市日期2006-09-09,,,
2026-03-30,2026-03,3,"天山铝业(002532,封单5.63亿)",低市盈率(0.0267)、2026一季报预增(0.0222),110023.SH,民生转债,600016,民生银行,低市盈率,002532,115.6288,命中低市盈率,退市日期2015-07-01,,,
2026-03-30,2026-03,4,"天山铝业(002532,封单5.63亿)",低市盈率(0.0267)、2026一季报预增(0.0222),110024.SH,隧道转债,600820,隧道股份,低市盈率,002532,115.6288,命中低市盈率,退市日期2014-12-18,,,
2026-03-30,2026-03,5,"天山铝业(002532,封单5.63亿)",低市盈率(0.0267)、2026一季报预增(0.0222),110029.SH,浙能转债,600023,浙能电力,低市盈率,002532,115.6288,命中低市盈率,退市日期2015-06-05,,,
2026-03-30,2026-03,6,"天山铝业(002532,封单5.63亿)",低市盈率(0.0267)、2026一季报预增(0.0222),110034.SH,九州转债,600998,九州通,低市盈率,002532,115.6288,命中低市盈率,退市日期2022-01-17,,,
2026-03-30,2026-03,7,"天山铝业(002532,封单5.63亿)",低市盈率(0.0267)、2026一季报预增(0.0222),110036.SH,招行转债,600036,招商银行,低市盈率,002532,115.6288,命中低市盈率,退市日期2009-11-17,,,
2026-03-30,2026-03,8,"天山铝业(002532,封单5.63亿)",低市盈率(0.0267)、2026一季报预增(0.0222),110043.SH,无锡转债,600908,无锡银行,低市盈率,002532,115.6288,命中低市盈率,公告到期赎回；退市日期2024-01-31,,,
2026-03-30,2026-03,9,"天山铝业(002532,封单5.63亿)",低市盈率(0.0267)、2026一季报预增(0.0222),110048.SH,福能转债,600483,福能股份,低市盈率,002532,115.6288,命中低市盈率,公告到期赎回；退市日期2024-12-09,,,
2026-03-30,2026-03,10,"天山铝业(002532,封单5.63亿)",低市盈率(0.0267)、2026一季报预增(0.0222),110049.SH,海尔转债,600690,海尔智家,低市盈率,002532,115.6288,命中低市盈率,退市日期2019-12-17,,,
2026-03-30,2026-03,11,"天山铝业(002532,封单5.63亿)",低市盈率(0.0267)、2026一季报预增(0.0222),110053.SH,苏银转债,600919,江苏银行,低市盈率,002532,115.6288,命中低市盈率,强赎中；退市日期2023-10-20,,,
2026-03-30,2026-03,12,"天山铝业(002532,封单5.63亿)",低市盈率(0.0267)、2026一季报预增(0.0222),110059.SH,浦发转债,600000,浦发银行,低市盈率,002532,115.6288,命中低市盈率,公告到期赎回；退市日期2025-10-28,,,
2026-03-30,2026-03,13,"天山铝业(002532,封单5.63亿)",低市盈率(0.0267)、2026一季报预增(0.0222),110066.SH,盛屯转债,600711,盛屯矿业,2026一季报预增,002532,115.6288,命中2026一季报预增,强赎中；退市日期2022-03-18,,,
2026-03-30,2026-03,14,"天山铝业(002532,封单5.63亿)",低市盈率(0.0267)、2026一季报预增(0.0222),110069.SH,瀚蓝转债,600323,瀚蓝环境,低市盈率,002532,115.6288,命中低市盈率,退市日期2021-04-28,,,
2026-03-30,2026-03,15,"天山铝业(002532,封单5.63亿)",低市盈率(0.0267)、2026一季报预增(0.0222),110073.SH,国投转债,600061,国投资本,低市盈率,002532,115.6288,命中低市盈率,公告到期赎回；成交额偏低1.2万；剩余规模79.99亿；退市日期2026-07-24,107.201,107.2,-0.0009
2026-03-30,2026-03,16,"天山铝业(002532,封单5.63亿)",低市盈率(0.0267)、2026一季报预增(0.0222),110077.SH,洪城转债,600461,洪城环境,低市盈率,002532,115.6288,命中低市盈率,成交额偏低0.5万,215.319,214.622,-0.3237
2026-03-30,2026-03,17,"天山铝业(002532,封单5.63亿)",低市盈率(0.0267)、2026一季报预增(0.0222),110079.SH,杭银转债,600926,杭州银行,低市盈率,002532,115.6288,命中低市盈率,强赎中；退市日期2025-07-07,,,
2026-03-30,2026-03,18,"天山铝业(002532,封单5.63亿)",低市盈率(0.0267)、2026一季报预增(0.0222),110083.SH,苏租转债,600901,江苏金租,低市盈率,002532,115.6288,命中低市盈率,强赎中；退市日期2024-10-18,,,
2026-03-30,2026-03,19,"天山铝业(002532,封单5.63亿)",低市盈率(0.0267)、2026一季报预增(0.0222),110098.SH,南药转债,600713,南京医药,低市盈率,002532,115.6288,命中低市盈率,成交额偏低0.4万；剩余规模10.81亿,133.233,133.33,0.0728
2026-03-30,2026-03,20,"天山铝业(002532,封单5.63亿)",低市盈率(0.0267)、2026一季报预增(0.0222),110099.SH,福能转债,600483,福能股份,低市盈率,002532,115.6288,命中低市盈率,成交额偏低0.8万；剩余规模38.02亿,149.382,147.59,-1.1996
2026-03-30,2026-03,21,"天山铝业(002532,封单5.63亿)",低市盈率(0.0267)、2026一季报预增(0.0222),110100.SH,龙建转债,600853,龙建股份,低市盈率,002532,115.6288,命中低市盈率,成交额偏低0.3万；剩余规模10.00亿,133.998,133.677,-0.2396
2026-03-30,2026-03,22,"天山铝业(002532,封单5.63亿)",低市盈率(0.0267)、2026一季报预增(0.0222),110368.SH,五洲转债,600368,五洲交通,低市盈率,002532,115.6288,命中低市盈率,退市日期2009-07-08,,,
2026-03-30,2026-03,23,"天山铝业(002532,封单5.63亿)",低市盈率(0.0267)、2026一季报预增(0.0222),110814.SH,华电定转,600027,华电国际,低市盈率,002532,115.6288,命中低市盈率,退市日期2023-06-08,,,
2026-03-30,2026-03,24,"天山铝业(002532,封单5.63亿)",低市盈率(0.0267)、2026一季报预增(0.0222),110874.SH,创业转债,600874,创业环保,低市盈率,002532,115.6288,命中低市盈率,退市日期2007-09-07,,,
2026-03-30,2026-03,25,"天山铝业(002532,封单5.63亿)",低市盈率(0.0267)、2026一季报预增(0.0222),111005.SH,富春转债,605189,富春染织,2026一季报预增,002532,115.6288,命中2026一季报预增,强赎中；成交额偏低0.9万；退市日期2026-05-29,143.654,144.927,0.8862
2026-03-30,2026-03,26,"天山铝业(002532,封单5.63亿)",低市盈率(0.0267)、2026一季报预增(0.0222),113001.SH,中行转债,601988,中国银行,低市盈率,002532,115.6288,命中低市盈率,退市日期2015-03-13,,,
2026-03-30,2026-03,27,"天山铝业(002532,封单5.63亿)",低市盈率(0.0267)、2026一季报预增(0.0222),113002.SH,工行转债,601398,工商银行,低市盈率,002532,115.6288,命中低市盈率,退市日期2015-02-26,,,
2026-03-30,2026-03,28,"天山铝业(002532,封单5.63亿)",低市盈率(0.0267)、2026一季报预增(0.0222),113005.SH,平安转债,601318,中国平安,低市盈率,002532,115.6288,命中低市盈率,退市日期2015-01-15,,,
2026-03-30,2026-03,29,"天山铝业(002532,封单5.63亿)",低市盈率(0.0267)、2026一季报预增(0.0222),113011.SH,光大转债,601818,光大银行,低市盈率,002532,115.6288,命中低市盈率,公告到期赎回；退市日期2023-03-17,,,
2026-03-30,2026-03,30,"天山铝业(002532,封单5.63亿)",低市盈率(0.0267)、2026一季报预增(0.0222),113018.SH,常熟转债,601128,常熟银行,低市盈率,002532,115.6288,命中低市盈率,退市日期2019-05-23,,,
2026-03-30,2026-03,31,"天山铝业(002532,封单5.63亿)",低市盈率(0.0267)、2026一季报预增(0.0222),113021.SH,中信转债,601998,中信银行,低市盈率,002532,115.6288,命中低市盈率,公告到期赎回；退市日期2025-03-04,,,
2026-03-30,2026-03,32,"天山铝业(002532,封单5.63亿)",低市盈率(0.0267)、2026一季报预增(0.0222),113025.SH,明泰转债,601677,明泰铝业,低市盈率,002532,115.6288,命中低市盈率,强赎中；退市日期2023-10-24,,,
2026-03-30,2026-03,33,"天山铝业(002532,封单5.63亿)",低市盈率(0.0267)、2026一季报预增(0.0222),113037.SH,紫银转债,601860,紫金银行,低市盈率,002532,115.6288,命中低市盈率,成交额偏低1.3万；剩余规模44.99亿,109.564,109.491,-0.0666
2026-03-30,2026-03,34,"天山铝业(002532,封单5.63亿)",低市盈率(0.0267)、2026一季报预增(0.0222),113042.SH,上银转债,601229,上海银行,低市盈率,002532,115.6288,命中低市盈率,成交额偏低3.5万；剩余规模199.77亿,123.632,123.7,0.055
2026-03-30,2026-03,35,"天山铝业(002532,封单5.63亿)",低市盈率(0.0267)、2026一季报预增(0.0222),113043.SH,财通转债,601108,财通证券,低市盈率,002532,115.6288,命中低市盈率,成交额偏低0.9万；剩余规模37.99亿,122.213,122.04,-0.1416
2026-03-30,2026-03,36,"天山铝业(002532,封单5.63亿)",低市盈率(0.0267)、2026一季报预增(0.0222),113050.SH,南银转债,601009,南京银行,低市盈率,002532,115.6288,命中低市盈率,强赎中；退市日期2025-07-18,,,
2026-03-30,2026-03,37,"天山铝业(002532,封单5.63亿)",低市盈率(0.0267)、2026一季报预增(0.0222),113052.SH,兴业转债,601166,兴业银行,低市盈率,002532,115.6288,命中低市盈率,成交额偏低7.3万；剩余规模413.52亿,120.6,119.79,-0.6716
2026-03-30,2026-03,38,"天山铝业(002532,封单5.63亿)",低市盈率(0.0267)、2026一季报预增(0.0222),113055.SH,成银转债,601838,成都银行,低市盈率,002532,115.6288,命中低市盈率,强赎中；退市日期2025-02-06,,,
2026-03-30,2026-03,39,"天山铝业(002532,封单5.63亿)",低市盈率(0.0267)、2026一季报预增(0.0222),113056.SH,重银转债,601963,重庆银行,低市盈率,002532,115.6288,命中低市盈率,成交额偏低3.2万；剩余规模115.63亿,126.829,126.73,-0.0781
2026-03-30,2026-03,40,"天山铝业(002532,封单5.63亿)",低市盈率(0.0267)、2026一季报预增(0.0222),113057.SH,中银转债,601881,中国银河,低市盈率,002532,115.6288,命中低市盈率,强赎中；退市日期2023-12-19,,,
2026-03-30,2026-03,41,"天山铝业(002532,封单5.63亿)",低市盈率(0.0267)、2026一季报预增(0.0222),113058.SH,友发转债,601686,友发集团,低市盈率,002532,115.6288,命中低市盈率,成交额偏低1.2万；剩余规模18.64亿,147.69,145.798,-1.2811
2026-03-30,2026-03,42,"天山铝业(002532,封单5.63亿)",低市盈率(0.0267)、2026一季报预增(0.0222),113062.SH,常银转债,601128,常熟银行,低市盈率,002532,115.6288,命中低市盈率,成交额偏低2.1万；剩余规模59.99亿,129.24,129.295,0.0426
2026-03-30,2026-03,43,"天山铝业(002532,封单5.63亿)",低市盈率(0.0267)、2026一季报预增(0.0222),113063.SH,赛轮转债,601058,赛轮轮胎,低市盈率,002532,115.6288,命中低市盈率,强赎中；退市日期2024-02-23,,,
2026-03-30,2026-03,44,"天山铝业(002532,封单5.63亿)",低市盈率(0.0267)、2026一季报预增(0.0222),113065.SH,齐鲁转债,601665,齐鲁银行,低市盈率,002532,115.6288,命中低市盈率,强赎中；退市日期2025-08-14,,,
2026-03-30,2026-03,45,"天山铝业(002532,封单5.63亿)",低市盈率(0.0267)、2026一季报预增(0.0222),113516.SH,苏农转债,603323,苏农银行,低市盈率,002532,115.6288,命中低市盈率,公告到期赎回；退市日期2024-08-02,,,
2026-03-30,2026-03,46,"天山铝业(002532,封单5.63亿)",低市盈率(0.0267)、2026一季报预增(0.0222),113527.SH,维格转债,603518,锦泓集团,低市盈率,002532,115.6288,命中低市盈率,公告到期赎回；退市日期2025-01-24,,,
2026-03-30,2026-03,47,"天山铝业(002532,封单5.63亿)",低市盈率(0.0267)、2026一季报预增(0.0222),113543.SH,欧派转债,603833,欧派家居,低市盈率,002532,115.6288,命中低市盈率,退市日期2021-07-12,,,
2026-03-30,2026-03,48,"天山铝业(002532,封单5.63亿)",低市盈率(0.0267)、2026一季报预增(0.0222),113563.SH,柳药转债,603368,柳药集团,低市盈率,002532,115.6288,命中低市盈率,公告到期赎回；退市日期2026-01-16,,,
2026-03-30,2026-03,49,"天山铝业(002532,封单5.63亿)",低市盈率(0.0267)、2026一季报预增(0.0222),113598.SH,法兰转债,603966,法兰泰克,2026一季报预增,002532,115.6288,命中2026一季报预增,强赎中；退市日期2025-06-20,,,
2026-03-30,2026-03,50,"天山铝业(002532,封单5.63亿)",低市盈率(0.0267)、2026一季报预增(0.0222),113636.SH,甬金转债,603995,甬金股份,低市盈率,002532,115.6288,命中低市盈率,成交额偏低0.2万,125.0,124.23,-0.616
2026-04-08,2026-04,1,"东山精密(002384,封单11.51亿)",2026一季报预增(-0.0373)、行业龙头(-0.0457),123255.SZ,鼎龙转债,300054,鼎龙股份,2026一季报预增、行业龙头,002384,221.5056,命中2026一季报预增、行业龙头,成交额偏低4.9万,240.8,245.635,2.0079
2026-04-08,2026-04,2,"东山精密(002384,封单11.51亿)",2026一季报预增(-0.0373)、行业龙头(-0.0457),125960.SZ,锡业转债,000960,锡业股份,2026一季报预增、行业龙头,002384,221.5056,命中2026一季报预增、行业龙头,退市日期2010-12-14,,,
2026-04-08,2026-04,3,"东山精密(002384,封单11.51亿)",2026一季报预增(-0.0373)、行业龙头(-0.0457),100096.SH,云化转债,600096,云天化,行业龙头,002384,121.5056,命中行业龙头,退市日期2006-09-09,,,
2026-04-08,2026-04,4,"东山精密(002384,封单11.51亿)",2026一季报预增(-0.0373)、行业龙头(-0.0457),100177.SH,雅戈转债,600177,雅戈尔,行业龙头,002384,121.5056,命中行业龙头,退市日期2006-04-10,,,
2026-04-08,2026-04,5,"东山精密(002384,封单11.51亿)",2026一季报预增(-0.0373)、行业龙头(-0.0457),100196.SH,复星转债,600196,复星医药,行业龙头,002384,121.5056,命中行业龙头,退市日期2006-07-24,,,
2026-04-08,2026-04,6,"东山精密(002384,封单11.51亿)",2026一季报预增(-0.0373)、行业龙头(-0.0457),110015.SH,石化转债,600028,中国石化,行业龙头,002384,121.5056,命中行业龙头,退市日期2015-02-17,,,
2026-04-08,2026-04,7,"东山精密(002384,封单11.51亿)",2026一季报预增(-0.0373)、行业龙头(-0.0457),110017.SH,中海转债,600026,中远海能,行业龙头,002384,121.5056,命中行业龙头,退市日期2015-02-13,,,
2026-04-08,2026-04,8,"东山精密(002384,封单11.51亿)",2026一季报预增(-0.0373)、行业龙头(-0.0457),110026.SH,中海转债,600026,中远海能,行业龙头,002384,121.5056,命中行业龙头,退市日期2008-04-09,,,
2026-04-08,2026-04,9,"东山精密(002384,封单11.51亿)",2026一季报预增(-0.0373)、行业龙头(-0.0457),110027.SH,东方转债,600875,东方电气,行业龙头,002384,121.5056,命中行业龙头,退市日期2015-02-27,,,
2026-04-08,2026-04,10,"东山精密(002384,封单11.51亿)",2026一季报预增(-0.0373)、行业龙头(-0.0457),110032.SH,三一转债,600031,三一重工,行业龙头,002384,121.5056,命中行业龙头,退市日期2019-03-26,,,
2026-04-08,2026-04,11,"东山精密(002384,封单11.51亿)",2026一季报预增(-0.0373)、行业龙头(-0.0457),110034.SH,九州转债,600998,九州通,行业龙头,002384,121.5056,命中行业龙头,退市日期2022-01-17,,,
2026-04-08,2026-04,12,"东山精密(002384,封单11.51亿)",2026一季报预增(-0.0373)、行业龙头(-0.0457),110039.SH,宝信转债,600845,宝信软件,行业龙头,002384,121.5056,命中行业龙头,退市日期2018-07-13,,,
2026-04-08,2026-04,13,"东山精密(002384,封单11.51亿)",2026一季报预增(-0.0373)、行业龙头(-0.0457),110042.SH,航电转债,600372,中航机载,行业龙头,002384,121.5056,命中行业龙头,退市日期2020-09-08,,,
2026-04-08,2026-04,14,"东山精密(002384,封单11.51亿)",2026一季报预增(-0.0373)、行业龙头(-0.0457),110046.SH,圆通转债,600233,圆通速递,行业龙头,002384,121.5056,命中行业龙头,退市日期2020-03-23,,,
2026-04-08,2026-04,15,"东山精密(002384,封单11.51亿)",2026一季报预增(-0.0373)、行业龙头(-0.0457),110049.SH,海尔转债,600690,海尔智家,行业龙头,002384,121.5056,命中行业龙头,退市日期2019-12-17,,,
2026-04-08,2026-04,16,"东山精密(002384,封单11.51亿)",2026一季报预增(-0.0373)、行业龙头(-0.0457),110054.SH,通威转债,600438,通威股份,行业龙头,002384,121.5056,命中行业龙头,退市日期2020-03-17,,,
2026-04-08,2026-04,17,"东山精密(002384,封单11.51亿)",2026一季报预增(-0.0373)、行业龙头(-0.0457),110066.SH,盛屯转债,600711,盛屯矿业,2026一季报预增,002384,121.5056,命中2026一季报预增,强赎中；退市日期2022-03-18,,,
2026-04-08,2026-04,18,"东山精密(002384,封单11.51亿)",2026一季报预增(-0.0373)、行业龙头(-0.0457),110068.SH,龙净转债,600388,龙净环保,行业龙头,002384,121.5056,命中行业龙头,强赎中；退市日期2024-12-18,,,
2026-04-08,2026-04,19,"东山精密(002384,封单11.51亿)",2026一季报预增(-0.0373)、行业龙头(-0.0457),110073.SH,国投转债,600061,国投资本,行业龙头,002384,121.5056,命中行业龙头,公告到期赎回；成交额偏低3.5万；剩余规模79.99亿；退市日期2026-07-24,107.089,107.23,0.1317
2026-04-08,2026-04,20,"东山精密(002384,封单11.51亿)",2026一季报预增(-0.0373)、行业龙头(-0.0457),110081.SH,闻泰转债,600745,*ST闻泰,行业龙头,002384,121.5056,命中行业龙头,成交额偏低3.6万；剩余规模80.63亿,112.5,115.203,2.4027
2026-04-08,2026-04,21,"东山精密(002384,封单11.51亿)",2026一季报预增(-0.0373)、行业龙头(-0.0457),110083.SH,苏租转债,600901,江苏金租,行业龙头,002384,121.5056,命中行业龙头,强赎中；退市日期2024-10-18,,,
2026-04-08,2026-04,22,"东山精密(002384,封单11.51亿)",2026一季报预增(-0.0373)、行业龙头(-0.0457),110084.SH,贵燃转债,600903,贵州燃气,行业龙头,002384,121.5056,命中行业龙头,成交额偏低0.6万,125.8,128.703,2.3076
2026-04-08,2026-04,23,"东山精密(002384,封单11.51亿)",2026一季报预增(-0.0373)、行业龙头(-0.0457),110085.SH,通22转债,600438,通威股份,行业龙头,002384,121.5056,命中行业龙头,成交额偏低1.8万；剩余规模119.83亿,122.23,125.393,2.5877
2026-04-08,2026-04,24,"东山精密(002384,封单11.51亿)",2026一季报预增(-0.0373)、行业龙头(-0.0457),110598.SH,大荒转债,600598,北大荒,行业龙头,002384,121.5056,命中行业龙头,退市日期2010-03-12,,,
2026-04-08,2026-04,25,"东山精密(002384,封单11.51亿)",2026一季报预增(-0.0373)、行业龙头(-0.0457),110817.SH,保利定转,600048,保利发展,行业龙头,002384,121.5056,命中行业龙头,剩余规模85.00亿,,,
2026-04-08,2026-04,26,"东山精密(002384,封单11.51亿)",2026一季报预增(-0.0373)、行业龙头(-0.0457),111005.SH,富春转债,605189,富春染织,2026一季报预增,002384,121.5056,命中2026一季报预增,强赎中；成交额偏低1.3万；退市日期2026-05-29,150.727,152.174,0.96
2026-04-08,2026-04,27,"东山精密(002384,封单11.51亿)",2026一季报预增(-0.0373)、行业龙头(-0.0457),113002.SH,工行转债,601398,工商银行,行业龙头,002384,121.5056,命中行业龙头,退市日期2015-02-26,,,
2026-04-08,2026-04,28,"东山精密(002384,封单11.51亿)",2026一季报预增(-0.0373)、行业龙头(-0.0457),113005.SH,平安转债,601318,中国平安,行业龙头,002384,121.5056,命中行业龙头,退市日期2015-01-15,,,
2026-04-08,2026-04,29,"东山精密(002384,封单11.51亿)",2026一季报预增(-0.0373)、行业龙头(-0.0457),113006.SH,深燃转债,601139,深圳燃气,行业龙头,002384,121.5056,命中行业龙头,退市日期2015-05-08,,,
2026-04-08,2026-04,30,"东山精密(002384,封单11.51亿)",2026一季报预增(-0.0373)、行业龙头(-0.0457),113015.SH,隆基转债,601012,隆基绿能,行业龙头,002384,121.5056,命中行业龙头,退市日期2019-09-04,,,
2026-04-08,2026-04,31,"东山精密(002384,封单11.51亿)",2026一季报预增(-0.0373)、行业龙头(-0.0457),113020.SH,桐昆转债,601233,桐昆股份,行业龙头,002384,121.5056,命中行业龙头,退市日期2020-11-27,,,
2026-04-08,2026-04,32,"东山精密(002384,封单11.51亿)",2026一季报预增(-0.0373)、行业龙头(-0.0457),113026.SH,核能转债,601985,中国核电,行业龙头,002384,121.5056,命中行业龙头,强赎中；退市日期2022-03-09,,,
2026-04-08,2026-04,33,"东山精密(002384,封单11.51亿)",2026一季报预增(-0.0373)、行业龙头(-0.0457),113029.SH,明阳转债,601615,明阳智能,行业龙头,002384,121.5056,命中行业龙头,退市日期2021-03-19,,,
2026-04-08,2026-04,34,"东山精密(002384,封单11.51亿)",2026一季报预增(-0.0373)、行业龙头(-0.0457),113031.SH,博威转债,601137,博威合金,行业龙头,002384,121.5056,命中行业龙头,退市日期2020-08-31,,,
2026-04-08,2026-04,35,"东山精密(002384,封单11.51亿)",2026一季报预增(-0.0373)、行业龙头(-0.0457),113032.SH,桐20转债,601233,桐昆股份,行业龙头,002384,121.5056,命中行业龙头,退市日期2021-01-14,,,
2026-04-08,2026-04,36,"东山精密(002384,封单11.51亿)",2026一季报预增(-0.0373)、行业龙头(-0.0457),113038.SH,隆20转债,601012,隆基绿能,行业龙头,002384,121.5056,命中行业龙头,退市日期2021-03-31,,,
2026-04-08,2026-04,37,"东山精密(002384,封单11.51亿)",2026一季报预增(-0.0373)、行业龙头(-0.0457),113041.SH,紫金转债,601899,紫金矿业,行业龙头,002384,121.5056,命中行业龙头,退市日期2021-06-28,,,
2026-04-08,2026-04,38,"东山精密(002384,封单11.51亿)",2026一季报预增(-0.0373)、行业龙头(-0.0457),113044.SH,大秦转债,601006,大秦铁路,行业龙头,002384,121.5056,命中行业龙头,强赎中；退市日期2025-02-11,,,
2026-04-08,2026-04,39,"东山精密(002384,封单11.51亿)",2026一季报预增(-0.0373)、行业龙头(-0.0457),113053.SH,隆22转债,601012,隆基绿能,行业龙头,002384,121.5056,命中行业龙头,成交额偏低1.8万；剩余规模69.95亿,130.8,133.991,2.4396
2026-04-08,2026-04,40,"东山精密(002384,封单11.51亿)",2026一季报预增(-0.0373)、行业龙头(-0.0457),113067.SH,燃23转债,601139,深圳燃气,行业龙头,002384,121.5056,命中行业龙头,成交额偏低1.5万；剩余规模30.00亿,132.8,135.282,1.869
2026-04-08,2026-04,41,"东山精密(002384,封单11.51亿)",2026一季报预增(-0.0373)、行业龙头(-0.0457),113069.SH,博23转债,601137,博威合金,行业龙头,002384,121.5056,命中行业龙头,强赎中；退市日期2026-01-22,,,
2026-04-08,2026-04,42,"东山精密(002384,封单11.51亿)",2026一季报预增(-0.0373)、行业龙头(-0.0457),113518.SH,顾家转债,603816,顾家家居,行业龙头,002384,121.5056,命中行业龙头,退市日期2020-08-28,,,
2026-04-08,2026-04,43,"东山精密(002384,封单11.51亿)",2026一季报预增(-0.0373)、行业龙头(-0.0457),113523.SH,伟明转债,603568,伟明环保,行业龙头,002384,121.5056,命中行业龙头,退市日期2020-02-06,,,
2026-04-08,2026-04,44,"东山精密(002384,封单11.51亿)",2026一季报预增(-0.0373)、行业龙头(-0.0457),113543.SH,欧派转债,603833,欧派家居,行业龙头,002384,121.5056,命中行业龙头,退市日期2021-07-12,,,
2026-04-08,2026-04,45,"东山精密(002384,封单11.51亿)",2026一季报预增(-0.0373)、行业龙头(-0.0457),113548.SH,石英转债,603688,石英股份,行业龙头,002384,121.5056,命中行业龙头,强赎中；退市日期2022-08-15,,,
2026-04-08,2026-04,46,"东山精密(002384,封单11.51亿)",2026一季报预增(-0.0373)、行业龙头(-0.0457),113554.SH,仙鹤转债,603733,仙鹤股份,行业龙头,002384,121.5056,命中行业龙头,退市日期2020-09-11,,,
2026-04-08,2026-04,47,"东山精密(002384,封单11.51亿)",2026一季报预增(-0.0373)、行业龙头(-0.0457),113583.SH,益丰转债,603939,益丰药房,行业龙头,002384,121.5056,命中行业龙头,退市日期2021-03-05,,,
2026-04-08,2026-04,48,"东山精密(002384,封单11.51亿)",2026一季报预增(-0.0373)、行业龙头(-0.0457),113598.SH,法兰转债,603966,法兰泰克,2026一季报预增,002384,121.5056,命中2026一季报预增,强赎中；退市日期2025-06-20,,,
2026-04-08,2026-04,49,"东山精密(002384,封单11.51亿)",2026一季报预增(-0.0373)、行业龙头(-0.0457),113607.SH,伟20转债,603568,伟明环保,行业龙头,002384,121.5056,命中行业龙头,退市日期2021-12-29,,,
2026-04-08,2026-04,50,"东山精密(002384,封单11.51亿)",2026一季报预增(-0.0373)、行业龙头(-0.0457),113621.SH,彤程转债,603650,彤程新材,行业龙头,002384,121.5056,命中行业龙头,强赎中；退市日期2025-11-14,,,
2026-04-09,2026-04,1,"中恒电气(002364,封单10.42亿)",其他电源设备(0.1296)、其他电源设备Ⅲ(0.1296),110027.SH,东方转债,600875,东方电气,其他电源设备、其他电源设备Ⅲ,002364,220.4206,命中其他电源设备、其他电源设备Ⅲ,退市日期2015-02-27,,,
2026-04-09,2026-04,2,"中恒电气(002364,封单10.42亿)",其他电源设备(0.1296)、其他电源设备Ⅲ(0.1296),110807.SH,动力定01,600482,中国动力,其他电源设备、其他电源设备Ⅲ,002364,220.4206,命中其他电源设备、其他电源设备Ⅲ,退市日期2024-12-05,,,
2026-04-09,2026-04,3,"中恒电气(002364,封单10.42亿)",其他电源设备(0.1296)、其他电源设备Ⅲ(0.1296),110808.SH,动力定02,600482,中国动力,其他电源设备、其他电源设备Ⅲ,002364,220.4206,命中其他电源设备、其他电源设备Ⅲ,退市日期2026-03-23,,,
2026-04-09,2026-04,4,"中恒电气(002364,封单10.42亿)",其他电源设备(0.1296)、其他电源设备Ⅲ(0.1296),113008.SH,电气转债,601727,上海电气,其他电源设备、其他电源设备Ⅲ,002364,220.4206,命中其他电源设备、其他电源设备Ⅲ,退市日期2021-02-02,,,
2026-04-09,2026-04,5,"中恒电气(002364,封单10.42亿)",其他电源设备(0.1296)、其他电源设备Ⅲ(0.1296),123102.SZ,华自转债,300490,华自科技,其他电源设备、其他电源设备Ⅲ,002364,220.4206,命中其他电源设备、其他电源设备Ⅲ,退市日期2021-11-26,,,
2026-04-09,2026-04,6,"中恒电气(002364,封单10.42亿)",其他电源设备(0.1296)、其他电源设备Ⅲ(0.1296),123241.SZ,欧通转债,300870,欧陆通,其他电源设备、其他电源设备Ⅲ,002364,220.4206,命中其他电源设备、其他电源设备Ⅲ,成交额偏低17.0万,731.455,750.0,2.5354
2026-04-09,2026-04,7,"中恒电气(002364,封单10.42亿)",其他电源设备(0.1296)、其他电源设备Ⅲ(0.1296),123271.SZ,通合转债,300491,通合科技,其他电源设备、其他电源设备Ⅲ,002364,220.4206,命中其他电源设备、其他电源设备Ⅲ,,,,
2026-04-09,2026-04,8,"中恒电气(002364,封单10.42亿)",其他电源设备(0.1296)、其他电源设备Ⅲ(0.1296),127052.SZ,西子转债,002534,西子洁能,其他电源设备、其他电源设备Ⅲ,002364,220.4206,命中其他电源设备、其他电源设备Ⅲ,强赎中；退市日期2025-09-30,,,
2026-04-09,2026-04,9,"中恒电气(002364,封单10.42亿)",其他电源设备(0.1296)、其他电源设备Ⅲ(0.1296),127074.SZ,麦米转2,002851,麦格米特,其他电源设备、其他电源设备Ⅲ,002364,220.4206,命中其他电源设备、其他电源设备Ⅲ,强赎中；退市日期2024-12-16,,,
2026-04-09,2026-04,10,"中恒电气(002364,封单10.42亿)",其他电源设备(0.1296)、其他电源设备Ⅲ(0.1296),127091.SZ,科数转债,002335,科华数据,其他电源设备、其他电源设备Ⅲ,002364,220.4206,命中其他电源设备、其他电源设备Ⅲ,强赎中；退市日期2025-04-24,,,
2026-04-09,2026-04,11,"中恒电气(002364,封单10.42亿)",其他电源设备(0.1296)、其他电源设备Ⅲ(0.1296),128089.SZ,麦米转债,002851,麦格米特,其他电源设备、其他电源设备Ⅲ,002364,220.4206,命中其他电源设备、其他电源设备Ⅲ,退市日期2020-09-10,,,
2026-04-13,2026-04,1,"博云新材(002297,封单6.6亿)",成飞概念(0.0874)、碳纤维(0.0729),123182.SZ,广联转债,300900,广联航空,成飞概念、碳纤维,002297,216.5958,命中成飞概念、碳纤维,强赎中；退市日期2026-03-17,,,
2026-04-13,2026-04,2,"博云新材(002297,封单6.6亿)",成飞概念(0.0874)、碳纤维(0.0729),113662.SH,豪能转债,603809,豪能股份,成飞概念,002297,116.5958,命中成飞概念,强赎中；退市日期2024-12-12,,,
2026-04-13,2026-04,3,"博云新材(002297,封单6.6亿)",成飞概念(0.0874)、碳纤维(0.0729),113690.SH,豪24转债,603809,豪能股份,成飞概念,002297,116.5958,命中成飞概念,强赎中；退市日期2025-10-13,,,
2026-04-13,2026-04,4,"博云新材(002297,封单6.6亿)",成飞概念(0.0874)、碳纤维(0.0729),113705.SH,豪26转债,603809,豪能股份,成飞概念,002297,116.5958,命中成飞概念,剩余规模18.00亿,,,
2026-04-13,2026-04,5,"博云新材(002297,封单6.6亿)",成飞概念(0.0874)、碳纤维(0.0729),113706.SH,金帝转债,603270,金帝股份,碳纤维,002297,116.5958,命中碳纤维,,,,
2026-04-13,2026-04,6,"博云新材(002297,封单6.6亿)",成飞概念(0.0874)、碳纤维(0.0729),118001.SH,金博转债,688598,金博股份,碳纤维,002297,116.5958,命中碳纤维,强赎中；退市日期2022-09-26,,,
2026-04-13,2026-04,7,"博云新材(002297,封单6.6亿)",成飞概念(0.0874)、碳纤维(0.0729),118028.SH,会通转债,688219,会通股份,碳纤维,002297,116.5958,命中碳纤维,强赎中；退市日期2025-07-25,,,
2026-04-13,2026-04,8,"博云新材(002297,封单6.6亿)",成飞概念(0.0874)、碳纤维(0.0729),123034.SZ,通光转债,300265,通光线缆,成飞概念,002297,116.5958,命中成飞概念,公告到期赎回；退市日期2025-11-04,,,
2026-04-13,2026-04,9,"博云新材(002297,封单6.6亿)",成飞概念(0.0874)、碳纤维(0.0729),123061.SZ,航新转债,300424,航新科技,成飞概念,002297,116.5958,命中成飞概念,强赎中；成交额偏低0.3万,133.173,134.773,1.2014
2026-04-13,2026-04,10,"博云新材(002297,封单6.6亿)",成飞概念(0.0874)、碳纤维(0.0729),123120.SZ,隆华转债,300263,隆华科技,碳纤维,002297,116.5958,命中碳纤维,强赎中；退市日期2025-09-09,,,
2026-04-13,2026-04,11,"博云新材(002297,封单6.6亿)",成飞概念(0.0874)、碳纤维(0.0729),123123.SZ,江丰转债,300666,江丰电子,碳纤维,002297,116.5958,命中碳纤维,强赎中；退市日期2022-12-30,,,
2026-04-13,2026-04,12,"博云新材(002297,封单6.6亿)",成飞概念(0.0874)、碳纤维(0.0729),123166.SZ,蒙泰转债,300876,蒙泰高新,碳纤维,002297,116.5958,命中碳纤维,强赎中；退市日期2025-11-07,,,
2026-04-13,2026-04,13,"博云新材(002297,封单6.6亿)",成飞概念(0.0874)、碳纤维(0.0729),123209.SZ,聚隆转债,300644,南京聚隆,碳纤维,002297,116.5958,命中碳纤维,成交额偏低0.4万,199.8,196.65,-1.5766
2026-04-13,2026-04,14,"博云新材(002297,封单6.6亿)",成飞概念(0.0874)、碳纤维(0.0729),123230.SZ,金钟转债,301133,金钟股份,碳纤维,002297,116.5958,命中碳纤维,强赎中；退市日期2026-01-28,,,
2026-04-13,2026-04,15,"博云新材(002297,封单6.6亿)",成飞概念(0.0874)、碳纤维(0.0729),123242.SZ,赛龙转债,301131,聚赛龙,碳纤维,002297,116.5958,命中碳纤维,强赎中；退市日期2026-03-13,,,
2026-04-13,2026-04,16,"博云新材(002297,封单6.6亿)",成飞概念(0.0874)、碳纤维(0.0729),124001.SZ,劲刚定转,300629,新劲刚,碳纤维,002297,116.5958,命中碳纤维,,,,
2026-04-13,2026-04,17,"博云新材(002297,封单6.6亿)",成飞概念(0.0874)、碳纤维(0.0729),124013.SZ,劲刚定02,300629,新劲刚,碳纤维,002297,116.5958,命中碳纤维,,,,
2026-04-13,2026-04,18,"博云新材(002297,封单6.6亿)",成飞概念(0.0874)、碳纤维(0.0729),125301.SZ,丝绸转债,000301,东方盛虹,碳纤维,002297,116.5958,命中碳纤维,退市日期2003-08-28,,,
2026-04-13,2026-04,19,"博云新材(002297,封单6.6亿)",成飞概念(0.0874)、碳纤维(0.0729),125528.SZ,柳工转债,000528,柳工,碳纤维,002297,116.5958,命中碳纤维,退市日期2009-06-30,,,
2026-04-13,2026-04,20,"博云新材(002297,封单6.6亿)",成飞概念(0.0874)、碳纤维(0.0729),125969.SZ,安泰转债,000969,安泰科技,碳纤维,002297,116.5958,命中碳纤维,退市日期2010-06-23,,,
2026-04-13,2026-04,21,"博云新材(002297,封单6.6亿)",成飞概念(0.0874)、碳纤维(0.0729),126301.SZ,丝绸转2,000301,东方盛虹,碳纤维,002297,116.5958,命中碳纤维,退市日期2006-09-18,,,
2026-04-13,2026-04,22,"博云新材(002297,封单6.6亿)",成飞概念(0.0874)、碳纤维(0.0729),127008.SZ,特发转债,000070,特发信息,成飞概念,002297,116.5958,命中成飞概念,退市日期2021-03-15,,,
2026-04-13,2026-04,23,"博云新材(002297,封单6.6亿)",成飞概念(0.0874)、碳纤维(0.0729),127021.SZ,特发转2,000070,特发信息,成飞概念,002297,116.5958,命中成飞概念,强赎中；退市日期2023-05-19,,,
2026-04-13,2026-04,24,"博云新材(002297,封单6.6亿)",成飞概念(0.0874)、碳纤维(0.0729),127030.SZ,盛虹转债,000301,东方盛虹,碳纤维,002297,116.5958,命中碳纤维,成交额偏低0.6万；剩余规模49.97亿,125.498,124.46,-0.8271
2026-04-13,2026-04,25,"博云新材(002297,封单6.6亿)",成飞概念(0.0874)、碳纤维(0.0729),127084.SZ,柳工转2,000528,柳工,碳纤维,002297,116.5958,命中碳纤维,成交额偏低2.1万；剩余规模24.81亿,148.2,149.3,0.7422
2026-04-13,2026-04,26,"博云新材(002297,封单6.6亿)",成飞概念(0.0874)、碳纤维(0.0729),127093.SZ,章鼓转债,002598,ST章鼓,碳纤维,002297,116.5958,命中碳纤维,成交额偏低0.7万,132.0,132.465,0.3523
2026-04-13,2026-04,27,"博云新材(002297,封单6.6亿)",成飞概念(0.0874)、碳纤维(0.0729),127095.SZ,广泰转债,002111,威海广泰,成飞概念,002297,116.5958,命中成飞概念,成交额偏低0.3万,143.036,142.945,-0.0636
2026-04-13,2026-04,28,"博云新材(002297,封单6.6亿)",成飞概念(0.0874)、碳纤维(0.0729),127107.SZ,领益转债,002600,领益智造,碳纤维,002297,116.5958,命中碳纤维,强赎中；退市日期2025-10-23,,,
2026-04-13,2026-04,29,"博云新材(002297,封单6.6亿)",成飞概念(0.0874)、碳纤维(0.0729),128005.SZ,齐翔转债,002408,齐翔腾达,碳纤维,002297,116.5958,命中碳纤维,退市日期2015-06-15,,,
2026-04-13,2026-04,30,"博云新材(002297,封单6.6亿)",成飞概念(0.0874)、碳纤维(0.0729),128047.SZ,光电转债,002179,中航光电,成飞概念,002297,116.5958,命中成飞概念,退市日期2019-11-07,,,
2026-04-13,2026-04,31,"博云新材(002297,封单6.6亿)",成飞概念(0.0874)、碳纤维(0.0729),128109.SZ,楚江转债,002171,楚江新材,碳纤维,002297,116.5958,命中碳纤维,强赎中；退市日期2025-08-22,,,
2026-04-13,2026-04,32,"博云新材(002297,封单6.6亿)",成飞概念(0.0874)、碳纤维(0.0729),128128.SZ,齐翔转2,002408,齐翔腾达,碳纤维,002297,116.5958,命中碳纤维,成交额偏低1.4万,139.0,138.082,-0.6604
2026-04-21,2026-04,1,"安诺其(300067,封单5.73亿)",纺织化学用品(0.2254)、多模态AI(0.0918),110006.SH,龙盛转债,600352,浙江龙盛,纺织化学用品,300067,115.7293,命中纺织化学用品,退市日期2010-05-12,,,
2026-04-21,2026-04,2,"安诺其(300067,封单5.73亿)",纺织化学用品(0.2254)、多模态AI(0.0918),110050.SH,佳都转债,600728,佳都科技,多模态AI,300067,115.7293,命中多模态AI,退市日期2020-04-09,,,
2026-04-21,2026-04,3,"安诺其(300067,封单5.73亿)",纺织化学用品(0.2254)、多模态AI(0.0918),113553.SH,金牌转债,603180,金牌家居,多模态AI,300067,115.7293,命中多模态AI,退市日期2020-12-04,,,
2026-04-21,2026-04,4,"安诺其(300067,封单5.73亿)",纺织化学用品(0.2254)、多模态AI(0.0918),113569.SH,科达转债,603660,苏州科达,多模态AI,300067,115.7293,命中多模态AI,强赎中；退市日期2025-10-21,,,
2026-04-21,2026-04,5,"安诺其(300067,封单5.73亿)",纺织化学用品(0.2254)、多模态AI(0.0918),113670.SH,金23转债,603180,金牌家居,多模态AI,300067,115.7293,命中多模态AI,成交额偏低0.2万,127.404,128.02,0.4835
2026-04-21,2026-04,6,"安诺其(300067,封单5.73亿)",纺织化学用品(0.2254)、多模态AI(0.0918),118014.SH,高测转债,688556,高测股份,多模态AI,300067,115.7293,命中多模态AI,强赎中；退市日期2025-09-09,,,
2026-04-21,2026-04,7,"安诺其(300067,封单5.73亿)",纺织化学用品(0.2254)、多模态AI(0.0918),118052.SH,浩瀚转债,688292,浩瀚深度,多模态AI,300067,115.7293,命中多模态AI,成交额偏低0.3万,155.18,152.907,-1.4648
2026-04-21,2026-04,8,"安诺其(300067,封单5.73亿)",纺织化学用品(0.2254)、多模态AI(0.0918),123016.SZ,洲明转债,300232,洲明科技,多模态AI,300067,115.7293,命中多模态AI,退市日期2020-03-20,,,
2026-04-21,2026-04,9,"安诺其(300067,封单5.73亿)",纺织化学用品(0.2254)、多模态AI(0.0918),123054.SZ,思特转债,300608,思特奇,多模态AI,300067,115.7293,命中多模态AI,强赎中；成交额偏低0.8万；退市日期2026-06-09,138.65,136.85,-1.2982
2026-04-21,2026-04,10,"安诺其(300067,封单5.73亿)",纺织化学用品(0.2254)、多模态AI(0.0918),123066.SZ,赛意转债,300687,赛意信息,多模态AI,300067,115.7293,命中多模态AI,退市日期2021-08-24,,,
2026-04-21,2026-04,11,"安诺其(300067,封单5.73亿)",纺织化学用品(0.2254)、多模态AI(0.0918),123077.SZ,汉得转债,300170,汉得信息,多模态AI,300067,115.7293,命中多模态AI,强赎中；退市日期2023-05-11,,,
2026-04-21,2026-04,12,"安诺其(300067,封单5.73亿)",纺织化学用品(0.2254)、多模态AI(0.0918),123102.SZ,华自转债,300490,华自科技,多模态AI,300067,115.7293,命中多模态AI,退市日期2021-11-26,,,
2026-04-21,2026-04,13,"安诺其(300067,封单5.73亿)",纺织化学用品(0.2254)、多模态AI(0.0918),123105.SZ,拓尔转债,300229,拓尔思,多模态AI,300067,115.7293,命中多模态AI,强赎中；退市日期2023-03-16,,,
2026-04-21,2026-04,14,"安诺其(300067,封单5.73亿)",纺织化学用品(0.2254)、多模态AI(0.0918),123116.SZ,万兴转债,300624,万兴科技,多模态AI,300067,115.7293,命中多模态AI,强赎中；退市日期2023-05-26,,,
2026-04-21,2026-04,15,"安诺其(300067,封单5.73亿)",纺织化学用品(0.2254)、多模态AI(0.0918),123129.SZ,锦鸡转债,300798,锦鸡股份,纺织化学用品,300067,115.7293,命中纺织化学用品,强赎中；成交额偏低10.2万；退市日期2026-05-19,158.0,142.2,-10.0
2026-04-21,2026-04,16,"安诺其(300067,封单5.73亿)",纺织化学用品(0.2254)、多模态AI(0.0918),123184.SZ,天阳转债,300872,天阳科技,多模态AI,300067,115.7293,命中多模态AI,强赎中；退市日期2025-07-21,,,
2026-04-21,2026-04,17,"安诺其(300067,封单5.73亿)",纺织化学用品(0.2254)、多模态AI(0.0918),123232.SZ,金现转债,300830,金现代,多模态AI,300067,115.7293,命中多模态AI,强赎中；退市日期2025-10-13,,,
2026-04-21,2026-04,18,"安诺其(300067,封单5.73亿)",纺织化学用品(0.2254)、多模态AI(0.0918),123263.SZ,鼎捷转债,300378,鼎捷数智,多模态AI,300067,115.7293,命中多模态AI,成交额偏低1.4万,167.1,164.8,-1.3764
2026-04-21,2026-04,19,"安诺其(300067,封单5.73亿)",纺织化学用品(0.2254)、多模态AI(0.0918),127080.SZ,声迅转债,003004,声迅股份,多模态AI,300067,115.7293,命中多模态AI,成交额偏低2.0万,171.0,166.469,-2.6497
2026-04-21,2026-04,20,"安诺其(300067,封单5.73亿)",纺织化学用品(0.2254)、多模态AI(0.0918),128038.SZ,利欧转债,002131,利欧股份,多模态AI,300067,115.7293,命中多模态AI,退市日期2020-04-09,,,
2026-04-21,2026-04,21,"安诺其(300067,封单5.73亿)",纺织化学用品(0.2254)、多模态AI(0.0918),128061.SZ,启明转债,002439,启明星辰,多模态AI,300067,115.7293,命中多模态AI,退市日期2020-03-26,,,
2026-04-21,2026-04,22,"安诺其(300067,封单5.73亿)",纺织化学用品(0.2254)、多模态AI(0.0918),128140.SZ,润建转债,002929,润建股份,多模态AI,300067,115.7293,命中多模态AI,强赎中；退市日期2023-08-30,,,
2026-04-28,2026-04,1,"利通电子(603629,封单5.52亿)",OLED(0.0514)、百元股(0.0372),123025.SZ,精测转债,300567,精测电子,OLED、百元股,603629,215.524,命中OLED、百元股,公告到期赎回；退市日期2025-03-31,,,
2026-04-28,2026-04,2,"利通电子(603629,封单5.52亿)",OLED(0.0514)、百元股(0.0372),123121.SZ,帝尔转债,300776,帝尔激光,OLED、百元股,603629,215.524,命中OLED、百元股,强赎中；成交额偏低2.6万；退市日期2026-06-11,160.877,159.005,-1.1636
2026-04-28,2026-04,3,"利通电子(603629,封单5.52亿)",OLED(0.0514)、百元股(0.0372),123123.SZ,江丰转债,300666,江丰电子,OLED、百元股,603629,215.524,命中OLED、百元股,强赎中；退市日期2022-12-30,,,
2026-04-28,2026-04,4,"利通电子(603629,封单5.52亿)",OLED(0.0514)、百元股(0.0372),123176.SZ,精测转2,300567,精测电子,OLED、百元股,603629,215.524,命中OLED、百元股,成交额偏低5.8万；剩余规模12.75亿,296.526,293.8,-0.9193
2026-04-28,2026-04,5,"利通电子(603629,封单5.52亿)",OLED(0.0514)、百元股(0.0372),123267.SZ,珂玛转债,301611,珂玛科技,OLED、百元股,603629,215.524,命中OLED、百元股,,,,
2026-04-28,2026-04,6,"利通电子(603629,封单5.52亿)",OLED(0.0514)、百元股(0.0372),128035.SZ,大族转债,002008,大族激光,OLED、百元股,603629,215.524,命中OLED、百元股,公告到期赎回；退市日期2024-02-07,,,
2026-04-28,2026-04,7,"利通电子(603629,封单5.52亿)",OLED(0.0514)、百元股(0.0372),110040.SH,生益转债,600183,生益科技,百元股,603629,115.524,命中百元股,退市日期2019-08-01,,,
2026-04-28,2026-04,8,"利通电子(603629,封单5.52亿)",OLED(0.0514)、百元股(0.0372),110056.SH,亨通转债,600487,亨通光电,百元股,603629,115.524,命中百元股,强赎中；退市日期2022-12-06,,,
2026-04-28,2026-04,9,"利通电子(603629,封单5.52亿)",OLED(0.0514)、百元股(0.0372),111025.SH,圣泉转债,605589,圣泉集团,OLED,603629,115.524,命中OLED,剩余规模25.00亿,,,
2026-04-28,2026-04,10,"利通电子(603629,封单5.52亿)",OLED(0.0514)、百元股(0.0372),113040.SH,星宇转债,601799,星宇股份,百元股,603629,115.524,命中百元股,退市日期2021-08-03,,,
2026-04-28,2026-04,11,"利通电子(603629,封单5.52亿)",OLED(0.0514)、百元股(0.0372),113064.SH,东材转债,601208,东材科技,OLED,603629,115.524,命中OLED,强赎中；退市日期2025-09-08,,,
2026-04-28,2026-04,12,"利通电子(603629,封单5.52亿)",OLED(0.0514)、百元股(0.0372),113512.SH,景旺转债,603228,景旺电子,OLED,603629,115.524,命中OLED,退市日期2019-04-30,,,
2026-04-28,2026-04,13,"利通电子(603629,封单5.52亿)",OLED(0.0514)、百元股(0.0372),113513.SH,安井转债,603345,安井食品,百元股,603629,115.524,命中百元股,退市日期2019-07-05,,,
2026-04-28,2026-04,14,"利通电子(603629,封单5.52亿)",OLED(0.0514)、百元股(0.0372),113592.SH,安20转债,603345,安井食品,百元股,603629,115.524,命中百元股,退市日期2021-03-08,,,
2026-04-28,2026-04,15,"利通电子(603629,封单5.52亿)",OLED(0.0514)、百元股(0.0372),113594.SH,淳中转债,603516,淳中科技,百元股,603629,115.524,命中百元股,强赎中；退市日期2024-04-12,,,
2026-04-28,2026-04,16,"利通电子(603629,封单5.52亿)",OLED(0.0514)、百元股(0.0372),113602.SH,景20转债,603228,景旺电子,OLED,603629,115.524,命中OLED,强赎中；退市日期2024-08-13,,,
2026-04-28,2026-04,17,"利通电子(603629,封单5.52亿)",OLED(0.0514)、百元股(0.0372),113616.SH,韦尔转债,603501,豪威集团,OLED,603629,115.524,命中OLED,成交额偏低0.9万；剩余规模24.32亿,118.75,117.004,-1.4703
2026-04-28,2026-04,18,"利通电子(603629,封单5.52亿)",OLED(0.0514)、百元股(0.0372),113619.SH,世运转债,603920,世运电路,OLED,603629,115.524,命中OLED,强赎中；退市日期2024-12-03,,,
2026-04-28,2026-04,19,"利通电子(603629,封单5.52亿)",OLED(0.0514)、百元股(0.0372),113621.SH,彤程转债,603650,彤程新材,OLED,603629,115.524,命中OLED,强赎中；退市日期2025-11-14,,,
2026-04-28,2026-04,20,"利通电子(603629,封单5.52亿)",OLED(0.0514)、百元股(0.0372),113630.SH,赛伍转债,603212,赛伍技术,OLED,603629,115.524,命中OLED,强赎中；退市日期2022-08-01,,,
2026-04-28,2026-04,21,"利通电子(603629,封单5.52亿)",OLED(0.0514)、百元股(0.0372),113639.SH,华正转债,603186,华正新材,百元股,603629,115.524,命中百元股,强赎中；退市日期2026-02-24,,,
2026-04-28,2026-04,22,"利通电子(603629,封单5.52亿)",OLED(0.0514)、百元股(0.0372),113668.SH,鹿山转债,603051,鹿山新材,OLED,603629,115.524,命中OLED,强赎中；退市日期2025-10-20,,,
2026-04-28,2026-04,23,"利通电子(603629,封单5.52亿)",OLED(0.0514)、百元股(0.0372),113669.SH,景23转债,603228,景旺电子,OLED,603629,115.524,命中OLED,强赎中；退市日期2025-10-09,,,
2026-04-28,2026-04,24,"利通电子(603629,封单5.52亿)",OLED(0.0514)、百元股(0.0372),113677.SH,华懋转债,603306,华懋科技,百元股,603629,115.524,命中百元股,成交额偏低5.3万；剩余规模10.49亿,336.93,329.669,-2.155
2026-04-28,2026-04,25,"利通电子(603629,封单5.52亿)",OLED(0.0514)、百元股(0.0372),113702.SH,斯达转债,603290,斯达半导,百元股,603629,115.524,命中百元股,剩余规模15.00亿,,,
2026-04-28,2026-04,26,"利通电子(603629,封单5.52亿)",OLED(0.0514)、百元股(0.0372),113704.SH,春风转债,603129,春风动力,百元股,603629,115.524,命中百元股,剩余规模21.79亿,,,
2026-04-28,2026-04,27,"利通电子(603629,封单5.52亿)",OLED(0.0514)、百元股(0.0372),118003.SH,华兴转债,688001,华兴源创,OLED,603629,115.524,命中OLED,强赎中；成交额偏低20.0万；退市日期2026-05-19,228.486,224.945,-1.5498
2026-04-28,2026-04,28,"利通电子(603629,封单5.52亿)",OLED(0.0514)、百元股(0.0372),118009.SH,华锐转债,688059,华锐精密,百元股,603629,115.524,命中百元股,强赎中；退市日期2026-02-03,,,
2026-04-28,2026-04,29,"利通电子(603629,封单5.52亿)",OLED(0.0514)、百元股(0.0372),118017.SH,深科转债,688328,深科达,OLED,603629,115.524,命中OLED,强赎中；退市日期2024-01-10,,,
2026-04-28,2026-04,30,"利通电子(603629,封单5.52亿)",OLED(0.0514)、百元股(0.0372),118019.SH,金盘转债,688676,金盘科技,百元股,603629,115.524,命中百元股,强赎中；退市日期2024-05-28,,,
2026-04-28,2026-04,31,"利通电子(603629,封单5.52亿)",OLED(0.0514)、百元股(0.0372),118025.SH,奕瑞转债,688301,奕瑞科技,百元股,603629,115.524,命中百元股,强赎中；成交额偏低1.0万；退市日期2026-07-06,144.798,142.551,-1.5518
2026-04-28,2026-04,32,"利通电子(603629,封单5.52亿)",OLED(0.0514)、百元股(0.0372),118030.SH,睿创转债,688002,睿创微纳,百元股,603629,115.524,命中百元股,成交额偏低13.6万；剩余规模12.62亿,495.0,446.986,-9.6998
2026-04-28,2026-04,33,"利通电子(603629,封单5.52亿)",OLED(0.0514)、百元股(0.0372),118033.SH,华特转债,688268,华特气体,百元股,603629,115.524,命中百元股,强赎中；成交额偏低106.1万；退市日期2026-06-10,226.5,254.545,12.3819
2026-04-28,2026-04,34,"利通电子(603629,封单5.52亿)",OLED(0.0514)、百元股(0.0372),118049.SH,汇成转债,688403,汇成股份,OLED,603629,115.524,命中OLED,强赎中；退市日期2026-04-28,,,
2026-04-28,2026-04,35,"利通电子(603629,封单5.52亿)",OLED(0.0514)、百元股(0.0372),118054.SH,安集转债,688019,安集科技,百元股,603629,115.524,命中百元股,强赎中；退市日期2026-03-27,,,
2026-04-28,2026-04,36,"利通电子(603629,封单5.52亿)",OLED(0.0514)、百元股(0.0372),118055.SH,伟测转债,688372,伟测科技,百元股,603629,115.524,命中百元股,强赎中；退市日期2026-04-03,,,
2026-04-28,2026-04,37,"利通电子(603629,封单5.52亿)",OLED(0.0514)、百元股(0.0372),118056.SH,路维转债,688401,路维光电,OLED,603629,115.524,命中OLED,成交额偏低12.2万,251.215,244.282,-2.7598
2026-04-28,2026-04,38,"利通电子(603629,封单5.52亿)",OLED(0.0514)、百元股(0.0372),118058.SH,微导转债,688147,微导纳米,OLED,603629,115.524,命中OLED,成交额偏低10.9万；剩余规模11.70亿,289.0,285.682,-1.1481
2026-04-28,2026-04,39,"利通电子(603629,封单5.52亿)",OLED(0.0514)、百元股(0.0372),118059.SH,颀中转债,688352,颀中科技,OLED,603629,115.524,命中OLED,成交额偏低1.1万,163.0,159.303,-2.2681
2026-04-28,2026-04,40,"利通电子(603629,封单5.52亿)",OLED(0.0514)、百元股(0.0372),118060.SH,瑞可转债,688800,瑞可达,百元股,603629,115.524,命中百元股,成交额偏低1.1万,175.5,172.98,-1.4359
2026-04-28,2026-04,41,"利通电子(603629,封单5.52亿)",OLED(0.0514)、百元股(0.0372),118061.SH,茂莱转债,688502,茂莱光学,百元股,603629,115.524,命中百元股,成交额偏低2.9万,218.522,220.115,0.729
2026-04-28,2026-04,42,"利通电子(603629,封单5.52亿)",OLED(0.0514)、百元股(0.0372),118062.SH,天准转债,688003,天准科技,百元股,603629,115.524,命中百元股,成交额偏低3.2万,213.26,210.641,-1.2281
2026-04-28,2026-04,43,"利通电子(603629,封单5.52亿)",OLED(0.0514)、百元股(0.0372),118063.SH,金05转债,688676,金盘科技,百元股,603629,115.524,命中百元股,成交额偏低1.0万；剩余规模16.71亿,175.15,172.137,-1.7202
2026-04-28,2026-04,44,"利通电子(603629,封单5.52亿)",OLED(0.0514)、百元股(0.0372),118064.SH,联瑞转债,688300,联瑞新材,百元股,603629,115.524,命中百元股,成交额偏低3.1万,251.99,229.122,-9.075
2026-04-28,2026-04,45,"利通电子(603629,封单5.52亿)",OLED(0.0514)、百元股(0.0372),118071.SH,华峰转债,688200,华峰测控,百元股,603629,115.524,命中百元股,,,,
2026-04-28,2026-04,46,"利通电子(603629,封单5.52亿)",OLED(0.0514)、百元股(0.0372),118072.SH,鼎通转债,688668,鼎通科技,百元股,603629,115.524,命中百元股,,,,
2026-04-28,2026-04,47,"利通电子(603629,封单5.52亿)",OLED(0.0514)、百元股(0.0372),118500.SH,思瑞定转,688536,思瑞浦,百元股,603629,115.524,命中百元股,,,,
2026-04-28,2026-04,48,"利通电子(603629,封单5.52亿)",OLED(0.0514)、百元股(0.0372),118501.SH,华海定转,688535,华海诚科,百元股,603629,115.524,命中百元股,,,,
2026-04-28,2026-04,49,"利通电子(603629,封单5.52亿)",OLED(0.0514)、百元股(0.0372),123003.SZ,蓝思转债,300433,蓝思科技,OLED,603629,115.524,命中OLED,退市日期2020-02-19,,,
2026-04-28,2026-04,50,"利通电子(603629,封单5.52亿)",OLED(0.0514)、百元股(0.0372),123012.SZ,万顺转债,300057,万顺新材,OLED,603629,115.524,命中OLED,公告到期赎回；退市日期2024-07-22,,,
2026-05-06,2026-05,1,"东阳光(600673,封单12.61亿)、通富微电(002156,封单11.04亿)",消毒剂(0.0511)、国家大基金持股(-0.0123),110089.SH,兴发转债,600141,兴发集团,消毒剂,600673,122.612,命中消毒剂,强赎中；退市日期2026-03-04,,,
2026-05-06,2026-05,2,"东阳光(600673,封单12.61亿)、通富微电(002156,封单11.04亿)",消毒剂(0.0511)、国家大基金持股(-0.0123),110423.SH,柳化转债,600423,*ST柳化,消毒剂,600673,122.612,命中消毒剂,退市日期2007-04-13,,,
2026-05-06,2026-05,3,"东阳光(600673,封单12.61亿)、通富微电(002156,封单11.04亿)",消毒剂(0.0511)、国家大基金持股(-0.0123),113034.SH,滨化转债,601678,滨化股份,消毒剂,600673,122.612,命中消毒剂,退市日期2022-01-11,,,
2026-05-06,2026-05,4,"东阳光(600673,封单12.61亿)、通富微电(002156,封单11.04亿)",消毒剂(0.0511)、国家大基金持股(-0.0123),113663.SH,新化转债,603867,新化股份,消毒剂,600673,122.612,命中消毒剂,强赎中；退市日期2025-12-26,,,
2026-05-06,2026-05,5,"东阳光(600673,封单12.61亿)、通富微电(002156,封单11.04亿)",消毒剂(0.0511)、国家大基金持股(-0.0123),113681.SH,镇洋转债,603213,镇洋发展,消毒剂,600673,122.612,命中消毒剂,成交额偏低0.5万,142.743,142.956,0.1492
2026-05-06,2026-05,6,"东阳光(600673,封单12.61亿)、通富微电(002156,封单11.04亿)",消毒剂(0.0511)、国家大基金持股(-0.0123),123010.SZ,博世转债,300422,博世科,消毒剂,600673,122.612,命中消毒剂,公告到期赎回；退市日期2024-07-08,,,
2026-05-06,2026-05,7,"东阳光(600673,封单12.61亿)、通富微电(002156,封单11.04亿)",消毒剂(0.0511)、国家大基金持股(-0.0123),123028.SZ,清水转债,300437,清水源,消毒剂,600673,122.612,命中消毒剂,退市日期2021-12-08,,,
2026-05-06,2026-05,8,"东阳光(600673,封单12.61亿)、通富微电(002156,封单11.04亿)",消毒剂(0.0511)、国家大基金持股(-0.0123),123057.SZ,美联转债,300586,美联新材,消毒剂,600673,122.612,命中消毒剂,强赎中；退市日期2023-04-21,,,
2026-05-06,2026-05,9,"东阳光(600673,封单12.61亿)、通富微电(002156,封单11.04亿)",消毒剂(0.0511)、国家大基金持股(-0.0123),127057.SZ,盘龙转债,002864,盘龙药业,消毒剂,600673,122.612,命中消毒剂,强赎中；退市日期2023-04-11,,,
2026-05-06,2026-05,10,"东阳光(600673,封单12.61亿)、通富微电(002156,封单11.04亿)",消毒剂(0.0511)、国家大基金持股(-0.0123),128051.SZ,光华转债,002741,光华科技,消毒剂,600673,122.612,命中消毒剂,退市日期2021-09-16,,,
2026-05-06,2026-05,11,"东阳光(600673,封单12.61亿)、通富微电(002156,封单11.04亿)",消毒剂(0.0511)、国家大基金持股(-0.0123),128144.SZ,利民转债,002734,利民股份,消毒剂,600673,122.612,命中消毒剂,强赎中；退市日期2026-01-07,,,
2026-05-06,2026-05,12,"东阳光(600673,封单12.61亿)、通富微电(002156,封单11.04亿)",消毒剂(0.0511)、国家大基金持股(-0.0123),123025.SZ,精测转债,300567,精测电子,国家大基金持股,002156,121.0391,命中国家大基金持股,公告到期赎回；退市日期2025-03-31,,,
2026-05-06,2026-05,13,"东阳光(600673,封单12.61亿)、通富微电(002156,封单11.04亿)",消毒剂(0.0511)、国家大基金持股(-0.0123),123031.SZ,晶瑞转债,300655,晶瑞电材,国家大基金持股,002156,121.0391,命中国家大基金持股,公告到期赎回；退市日期2025-08-29,,,
2026-05-06,2026-05,14,"东阳光(600673,封单12.61亿)、通富微电(002156,封单11.04亿)",消毒剂(0.0511)、国家大基金持股(-0.0123),123124.SZ,晶瑞转2,300655,晶瑞电材,国家大基金持股,002156,121.0391,命中国家大基金持股,成交额偏低1.1万,141.2,145.101,2.7627
2026-05-06,2026-05,15,"东阳光(600673,封单12.61亿)、通富微电(002156,封单11.04亿)",消毒剂(0.0511)、国家大基金持股(-0.0123),123170.SZ,南电转债,300346,南大光电,国家大基金持股,002156,121.0391,命中国家大基金持股,强赎中；退市日期2024-11-26,,,
2026-05-06,2026-05,16,"东阳光(600673,封单12.61亿)、通富微电(002156,封单11.04亿)",消毒剂(0.0511)、国家大基金持股(-0.0123),123176.SZ,精测转2,300567,精测电子,国家大基金持股,002156,121.0391,命中国家大基金持股,成交额偏低6.6万；剩余规模12.75亿,332.0,321.0,-3.3133
2026-05-06,2026-05,17,"东阳光(600673,封单12.61亿)、通富微电(002156,封单11.04亿)",消毒剂(0.0511)、国家大基金持股(-0.0123),128003.SZ,华天转债,002185,华天科技,国家大基金持股,002156,121.0391,命中国家大基金持股,退市日期2014-12-08,,,
2026-05-06,2026-05,18,"东阳光(600673,封单12.61亿)、通富微电(002156,封单11.04亿)",消毒剂(0.0511)、国家大基金持股(-0.0123),128088.SZ,深南转债,002916,深南电路,国家大基金持股,002156,121.0391,命中国家大基金持股,退市日期2020-09-11,,,
2026-05-18,2026-05,1,"合肥城建(002208,封单8.83亿)、弘信电子(300657,封单5.28亿)",租售同权(0.0636)、无线耳机(0.0572),123068.SZ,弘信转债,300657,弘信电子,无线耳机,300657,1115.2826,正股为触发股，命中无线耳机,退市日期2021-10-20,,,
2026-05-18,2026-05,2,"合肥城建(002208,封单8.83亿)、弘信电子(300657,封单5.28亿)",租售同权(0.0636)、无线耳机(0.0572),110325.SH,华发转债,600325,华发股份,租售同权,002208,118.832,命中租售同权,退市日期2007-04-13,,,
2026-05-18,2026-05,3,"合肥城建(002208,封单8.83亿)、弘信电子(300657,封单5.28亿)",租售同权(0.0636)、无线耳机(0.0572),110817.SH,保利定转,600048,保利发展,租售同权,002208,118.832,命中租售同权,剩余规模85.00亿,,,
2026-05-18,2026-05,4,"合肥城建(002208,封单8.83亿)、弘信电子(300657,封单5.28亿)",租售同权(0.0636)、无线耳机(0.0572),110818.SH,华发定转,600325,华发股份,租售同权,002208,118.832,命中租售同权,剩余规模48.00亿,,,
2026-05-18,2026-05,5,"合肥城建(002208,封单8.83亿)、弘信电子(300657,封单5.28亿)",租售同权(0.0636)、无线耳机(0.0572),125002.SZ,万科转债,000002,万科A,租售同权,002208,118.832,命中租售同权,退市日期2004-04-30,,,
2026-05-18,2026-05,6,"合肥城建(002208,封单8.83亿)、弘信电子(300657,封单5.28亿)",租售同权(0.0636)、无线耳机(0.0572),126002.SZ,万科转2,000002,万科A,租售同权,002208,118.832,命中租售同权,退市日期2006-04-14,,,
2026-05-18,2026-05,7,"合肥城建(002208,封单8.83亿)、弘信电子(300657,封单5.28亿)",租售同权(0.0636)、无线耳机(0.0572),110081.SH,闻泰转债,600745,*ST闻泰,无线耳机,300657,115.2826,命中无线耳机,成交额偏低3.0万；剩余规模80.63亿,88.799,88.237,-0.6329
2026-05-18,2026-05,8,"合肥城建(002208,封单8.83亿)、弘信电子(300657,封单5.28亿)",租售同权(0.0636)、无线耳机(0.0572),110800.SH,赛腾定转,603283,赛腾股份,无线耳机,300657,115.2826,命中无线耳机,退市日期2021-05-31,,,
2026-05-18,2026-05,9,"合肥城建(002208,封单8.83亿)、弘信电子(300657,封单5.28亿)",租售同权(0.0636)、无线耳机(0.0572),113031.SH,博威转债,601137,博威合金,无线耳机,300657,115.2826,命中无线耳机,退市日期2020-08-31,,,
2026-05-18,2026-05,10,"合肥城建(002208,封单8.83亿)、弘信电子(300657,封单5.28亿)",租售同权(0.0636)、无线耳机(0.0572),113045.SH,环旭转债,601231,环旭电子,无线耳机,300657,115.2826,命中无线耳机,强赎中；退市日期2026-01-29,,,
2026-05-18,2026-05,11,"合肥城建(002208,封单8.83亿)、弘信电子(300657,封单5.28亿)",租售同权(0.0636)、无线耳机(0.0572),113069.SH,博23转债,601137,博威合金,无线耳机,300657,115.2826,命中无线耳机,强赎中；退市日期2026-01-22,,,
2026-05-18,2026-05,12,"合肥城建(002208,封单8.83亿)、弘信电子(300657,封单5.28亿)",租售同权(0.0636)、无线耳机(0.0572),113521.SH,科森转债,603626,科森科技,无线耳机,300657,115.2826,命中无线耳机,退市日期2020-11-27,,,
2026-05-18,2026-05,13,"合肥城建(002208,封单8.83亿)、弘信电子(300657,封单5.28亿)",租售同权(0.0636)、无线耳机(0.0572),113616.SH,韦尔转债,603501,豪威集团,无线耳机,300657,115.2826,命中无线耳机,成交额偏低0.7万；剩余规模24.32亿,116.666,115.235,-1.2266
2026-05-18,2026-05,14,"合肥城建(002208,封单8.83亿)、弘信电子(300657,封单5.28亿)",租售同权(0.0636)、无线耳机(0.0572),113630.SH,赛伍转债,603212,赛伍技术,无线耳机,300657,115.2826,命中无线耳机,强赎中；退市日期2022-08-01,,,
2026-05-18,2026-05,15,"合肥城建(002208,封单8.83亿)、弘信电子(300657,封单5.28亿)",租售同权(0.0636)、无线耳机(0.0572),118003.SH,华兴转债,688001,华兴源创,无线耳机,300657,115.2826,命中无线耳机,强赎中；成交额偏低0.0万；退市日期2026-05-19,0.0,232.64,
2026-05-18,2026-05,16,"合肥城建(002208,封单8.83亿)、弘信电子(300657,封单5.28亿)",租售同权(0.0636)、无线耳机(0.0572),123003.SZ,蓝思转债,300433,蓝思科技,无线耳机,300657,115.2826,命中无线耳机,退市日期2020-02-19,,,
2026-05-18,2026-05,17,"合肥城建(002208,封单8.83亿)、弘信电子(300657,封单5.28亿)",租售同权(0.0636)、无线耳机(0.0572),123058.SZ,欣旺转债,300207,欣旺达,无线耳机,300657,115.2826,命中无线耳机,退市日期2021-07-14,,,
2026-05-18,2026-05,18,"合肥城建(002208,封单8.83亿)、弘信电子(300657,封单5.28亿)",租售同权(0.0636)、无线耳机(0.0572),123070.SZ,鹏辉转债,300438,鹏辉能源,无线耳机,300657,115.2826,命中无线耳机,强赎中；退市日期2022-08-08,,,
2026-05-18,2026-05,19,"合肥城建(002208,封单8.83亿)、弘信电子(300657,封单5.28亿)",租售同权(0.0636)、无线耳机(0.0572),123081.SZ,精研转债,300709,精研科技,无线耳机,300657,115.2826,命中无线耳机,退市日期2021-12-28,,,
2026-05-18,2026-05,20,"合肥城建(002208,封单8.83亿)、弘信电子(300657,封单5.28亿)",租售同权(0.0636)、无线耳机(0.0572),123193.SZ,海能转债,300787,海能实业,无线耳机,300657,115.2826,命中无线耳机,成交额偏低0.4万,130.916,130.607,-0.236
2026-05-18,2026-05,21,"合肥城建(002208,封单8.83亿)、弘信电子(300657,封单5.28亿)",租售同权(0.0636)、无线耳机(0.0572),123237.SZ,佳禾转债,300793,佳禾智能,无线耳机,300657,115.2826,命中无线耳机,成交额偏低0.5万,144.628,145.0,0.2572
2026-05-18,2026-05,22,"合肥城建(002208,封单8.83亿)、弘信电子(300657,封单5.28亿)",租售同权(0.0636)、无线耳机(0.0572),123254.SZ,亿纬转债,300014,亿纬锂能,无线耳机,300657,115.2826,命中无线耳机,强赎中；退市日期2026-05-07,,,
2026-05-18,2026-05,23,"合肥城建(002208,封单8.83亿)、弘信电子(300657,封单5.28亿)",租售同权(0.0636)、无线耳机(0.0572),123257.SZ,安克转债,300866,安克创新,无线耳机,300657,115.2826,命中无线耳机,成交额偏低1.3万；剩余规模11.05亿,158.73,161.12,1.5057
2026-05-18,2026-05,24,"合肥城建(002208,封单8.83亿)、弘信电子(300657,封单5.28亿)",租售同权(0.0636)、无线耳机(0.0572),124004.SZ,中京定转,002579,中京电子,无线耳机,300657,115.2826,命中无线耳机,退市日期2022-09-21,,,
2026-05-18,2026-05,25,"合肥城建(002208,封单8.83亿)、弘信电子(300657,封单5.28亿)",租售同权(0.0636)、无线耳机(0.0572),124005.SZ,中京定02,002579,中京电子,无线耳机,300657,115.2826,命中无线耳机,退市日期2022-09-21,,,
2026-05-18,2026-05,26,"合肥城建(002208,封单8.83亿)、弘信电子(300657,封单5.28亿)",租售同权(0.0636)、无线耳机(0.0572),127051.SZ,博杰转债,002975,博杰股份,无线耳机,300657,115.2826,命中无线耳机,强赎中；退市日期2025-05-08,,,
2026-05-18,2026-05,27,"合肥城建(002208,封单8.83亿)、弘信电子(300657,封单5.28亿)",租售同权(0.0636)、无线耳机(0.0572),127107.SZ,领益转债,002600,领益智造,无线耳机,300657,115.2826,命中无线耳机,强赎中；退市日期2025-10-23,,,
2026-05-18,2026-05,28,"合肥城建(002208,封单8.83亿)、弘信电子(300657,封单5.28亿)",租售同权(0.0636)、无线耳机(0.0572),128009.SZ,歌尔转债,002241,歌尔股份,无线耳机,300657,115.2826,命中无线耳机,退市日期2017-07-10,,,
2026-05-18,2026-05,29,"合肥城建(002208,封单8.83亿)、弘信电子(300657,封单5.28亿)",租售同权(0.0636)、无线耳机(0.0572),128028.SZ,赣锋转债,002460,赣锋锂业,无线耳机,300657,115.2826,命中无线耳机,退市日期2021-03-16,,,
2026-05-18,2026-05,30,"合肥城建(002208,封单8.83亿)、弘信电子(300657,封单5.28亿)",租售同权(0.0636)、无线耳机(0.0572),128058.SZ,拓邦转债,002139,拓邦股份,无线耳机,300657,115.2826,命中无线耳机,退市日期2020-12-07,,,
2026-05-18,2026-05,31,"合肥城建(002208,封单8.83亿)、弘信电子(300657,封单5.28亿)",租售同权(0.0636)、无线耳机(0.0572),128101.SZ,联创转债,002036,联创电子,无线耳机,300657,115.2826,命中无线耳机,公告到期赎回；退市日期2026-03-17,,,
2026-05-18,2026-05,32,"合肥城建(002208,封单8.83亿)、弘信电子(300657,封单5.28亿)",租售同权(0.0636)、无线耳机(0.0572),128112.SZ,歌尔转2,002241,歌尔股份,无线耳机,300657,115.2826,命中无线耳机,退市日期2021-03-11,,,
2026-05-18,2026-05,33,"合肥城建(002208,封单8.83亿)、弘信电子(300657,封单5.28亿)",租售同权(0.0636)、无线耳机(0.0572),128118.SZ,瀛通转债,002861,瀛通通讯,无线耳机,300657,115.2826,命中无线耳机,强赎中；退市日期2024-12-27,,,
2026-05-18,2026-05,34,"合肥城建(002208,封单8.83亿)、弘信电子(300657,封单5.28亿)",租售同权(0.0636)、无线耳机(0.0572),128126.SZ,赣锋转2,002460,赣锋锂业,无线耳机,300657,115.2826,命中无线耳机,退市日期2021-05-19,,,
2026-05-18,2026-05,35,"合肥城建(002208,封单8.83亿)、弘信电子(300657,封单5.28亿)",租售同权(0.0636)、无线耳机(0.0572),128136.SZ,立讯转债,002475,立讯精密,无线耳机,300657,115.2826,命中无线耳机,成交额偏低2.8万；剩余规模29.85亿,143.999,142.778,-0.8479
2026-05-20,2026-05,1,"金利华电(300069,封单5.4亿)",线缆部件及其他(0.1096)、文化传媒概念(0.0684),110011.SH,歌华转债,600037,歌华有线,文化传媒概念,300069,115.3987,命中文化传媒概念,退市日期2015-05-06,,,
2026-05-20,2026-05,2,"金利华电(300069,封单5.4亿)",线缆部件及其他(0.1096)、文化传媒概念(0.0684),110028.SH,冠城转债,600067,冠城新材,线缆部件及其他,300069,115.3987,命中线缆部件及其他,退市日期2015-04-29,,,
2026-05-20,2026-05,3,"金利华电(300069,封单5.4亿)",线缆部件及其他(0.1096)、文化传媒概念(0.0684),110037.SH,歌华转债,600037,歌华有线,文化传媒概念,300069,115.3987,命中文化传媒概念,退市日期2009-05-18,,,
2026-05-20,2026-05,4,"金利华电(300069,封单5.4亿)",线缆部件及其他(0.1096)、文化传媒概念(0.0684),110044.SH,广电转债,600831,广电网络,文化传媒概念,300069,115.3987,命中文化传媒概念,公告到期赎回；退市日期2024-06-27,,,
2026-05-20,2026-05,5,"金利华电(300069,封单5.4亿)",线缆部件及其他(0.1096)、文化传媒概念(0.0684),110052.SH,贵广转债,600996,贵广网络,文化传媒概念,300069,115.3987,命中文化传媒概念,公告到期赎回；退市日期2025-03-05,,,
2026-05-20,2026-05,6,"金利华电(300069,封单5.4亿)",线缆部件及其他(0.1096)、文化传媒概念(0.0684),110055.SH,伊力转债,600197,伊力特,文化传媒概念,300069,115.3987,命中文化传媒概念,公告到期赎回；退市日期2025-03-17,,,
2026-05-20,2026-05,7,"金利华电(300069,封单5.4亿)",线缆部件及其他(0.1096)、文化传媒概念(0.0684),110074.SH,精达转债,600577,精达股份,线缆部件及其他,300069,115.3987,命中线缆部件及其他,成交额偏低5.3万,468.0,455.333,-2.7066
2026-05-20,2026-05,8,"金利华电(300069,封单5.4亿)",线缆部件及其他(0.1096)、文化传媒概念(0.0684),111000.SH,起帆转债,605222,起帆电缆,线缆部件及其他,300069,115.3987,命中线缆部件及其他,成交额偏低7.4万,240.9,253.888,5.3914
2026-05-20,2026-05,9,"金利华电(300069,封单5.4亿)",线缆部件及其他(0.1096)、文化传媒概念(0.0684),113007.SH,吉视转债,601929,吉视传媒,文化传媒概念,300069,115.3987,命中文化传媒概念,退市日期2015-07-15,,,
2026-05-20,2026-05,10,"金利华电(300069,封单5.4亿)",线缆部件及其他(0.1096)、文化传媒概念(0.0684),113017.SH,吉视转债,601929,吉视传媒,文化传媒概念,300069,115.3987,命中文化传媒概念,公告到期赎回；退市日期2023-12-27,,,
2026-05-20,2026-05,11,"金利华电(300069,封单5.4亿)",线缆部件及其他(0.1096)、文化传媒概念(0.0684),113505.SH,杭电转债,603618,杭电股份,线缆部件及其他,300069,115.3987,命中线缆部件及其他,公告到期赎回；退市日期2024-03-06,,,
2026-05-20,2026-05,12,"金利华电(300069,封单5.4亿)",线缆部件及其他(0.1096)、文化传媒概念(0.0684),113528.SH,长城转债,603897,长城科技,线缆部件及其他,300069,115.3987,命中线缆部件及其他,退市日期2021-12-24,,,
2026-05-20,2026-05,13,"金利华电(300069,封单5.4亿)",线缆部件及其他(0.1096)、文化传媒概念(0.0684),113530.SH,大丰转债,603081,大丰实业,文化传媒概念,300069,115.3987,命中文化传媒概念,公告到期赎回；退市日期2025-03-27,,,
2026-05-20,2026-05,14,"金利华电(300069,封单5.4亿)",线缆部件及其他(0.1096)、文化传媒概念(0.0684),113603.SH,东缆转债,603606,东方电缆,线缆部件及其他,300069,115.3987,命中线缆部件及其他,退市日期2021-11-30,,,
2026-05-20,2026-05,15,"金利华电(300069,封单5.4亿)",线缆部件及其他(0.1096)、文化传媒概念(0.0684),113643.SH,风语转债,603466,风语筑,文化传媒概念,300069,115.3987,命中文化传媒概念,成交额偏低0.9万,141.02,139.988,-0.7318
2026-05-20,2026-05,16,"金利华电(300069,封单5.4亿)",线缆部件及其他(0.1096)、文化传媒概念(0.0684),123001.SZ,蓝标转债,300058,蓝色光标,文化传媒概念,300069,115.3987,命中文化传媒概念,退市日期2019-10-24,,,
2026-05-20,2026-05,17,"金利华电(300069,封单5.4亿)",线缆部件及其他(0.1096)、文化传媒概念(0.0684),123034.SZ,通光转债,300265,通光线缆,线缆部件及其他,300069,115.3987,命中线缆部件及其他,公告到期赎回；退市日期2025-11-04,,,
2026-05-20,2026-05,18,"金利华电(300069,封单5.4亿)",线缆部件及其他(0.1096)、文化传媒概念(0.0684),123035.SZ,利德转债,300296,利亚德,文化传媒概念,300069,115.3987,命中文化传媒概念,强赎中；退市日期2025-01-20,,,
2026-05-20,2026-05,19,"金利华电(300069,封单5.4亿)",线缆部件及其他(0.1096)、文化传媒概念(0.0684),123138.SZ,丝路转债,300556,丝路视觉,文化传媒概念,300069,115.3987,命中文化传媒概念,成交额偏低0.3万,139.2,137.499,-1.222
2026-05-20,2026-05,20,"金利华电(300069,封单5.4亿)",线缆部件及其他(0.1096)、文化传媒概念(0.0684),123147.SZ,中辰转债,300933,中辰股份,线缆部件及其他,300069,115.3987,命中线缆部件及其他,强赎中；退市日期2025-10-28,,,
2026-05-20,2026-05,21,"金利华电(300069,封单5.4亿)",线缆部件及其他(0.1096)、文化传媒概念(0.0684),123208.SZ,孩王转债,301078,孩子王,文化传媒概念,300069,115.3987,命中文化传媒概念,强赎中；退市日期2024-11-26,,,
2026-05-20,2026-05,22,"金利华电(300069,封单5.4亿)",线缆部件及其他(0.1096)、文化传媒概念(0.0684),127007.SZ,湖广转债,000665,湖北广电,文化传媒概念,300069,115.3987,命中文化传媒概念,公告到期赎回；退市日期2024-07-01,,,
2026-05-20,2026-05,23,"金利华电(300069,封单5.4亿)",线缆部件及其他(0.1096)、文化传媒概念(0.0684),127013.SZ,创维转债,000810,创维数字,文化传媒概念,300069,115.3987,命中文化传媒概念,强赎中；退市日期2022-07-07,,,
2026-05-20,2026-05,24,"金利华电(300069,封单5.4亿)",线缆部件及其他(0.1096)、文化传媒概念(0.0684),127104.SZ,姚记转债,002605,姚记科技,文化传媒概念,300069,115.3987,命中文化传媒概念,成交额偏低0.2万,149.9,148.089,-1.2081
2026-05-20,2026-05,25,"金利华电(300069,封单5.4亿)",线缆部件及其他(0.1096)、文化传媒概念(0.0684),128015.SZ,久其转债,002279,久其软件,文化传媒概念,300069,115.3987,命中文化传媒概念,强赎中；退市日期2022-12-20,,,
2026-05-20,2026-05,26,"金利华电(300069,封单5.4亿)",线缆部件及其他(0.1096)、文化传媒概念(0.0684),128037.SZ,岩土转债,002542,*ST中岩,文化传媒概念,300069,115.3987,命中文化传媒概念,公告到期赎回；退市日期2024-03-18,,,
2026-05-20,2026-05,27,"金利华电(300069,封单5.4亿)",线缆部件及其他(0.1096)、文化传媒概念(0.0684),128038.SZ,利欧转债,002131,利欧股份,文化传媒概念,300069,115.3987,命中文化传媒概念,退市日期2020-04-09,,,
2026-05-20,2026-05,28,"金利华电(300069,封单5.4亿)",线缆部件及其他(0.1096)、文化传媒概念(0.0684),128044.SZ,岭南转债,002717,*ST岭南,文化传媒概念,300069,115.3987,命中文化传媒概念,公告到期赎回；成交额偏低0.0万,0.0,71.372,
2026-05-20,2026-05,29,"金利华电(300069,封单5.4亿)",线缆部件及其他(0.1096)、文化传媒概念(0.0684),128125.SZ,华阳转债,002949,华阳国际,文化传媒概念,300069,115.3987,命中文化传媒概念,公告到期赎回；成交额偏低0.5万,114.755,114.066,-0.6004
2026-05-20,2026-05,30,"金利华电(300069,封单5.4亿)",线缆部件及其他(0.1096)、文化传媒概念(0.0684),128145.SZ,日丰转债,002953,日丰股份,线缆部件及其他,300069,115.3987,命中线缆部件及其他,强赎中；退市日期2023-03-10,,,
2026-05-21,2026-05,1,"京东方Ａ(000725,封单22.2亿)",民营医院(-0.0157)、沪深300样本股(-0.0218),100196.SH,复星转债,600196,复星医药,民营医院、沪深300样本股,000725,232.198,命中民营医院、沪深300样本股,退市日期2006-07-24,,,
2026-05-21,2026-05,2,"京东方Ａ(000725,封单22.2亿)",民营医院(-0.0157)、沪深300样本股(-0.0218),100009.SH,机场转债,600009,上海机场,沪深300样本股,000725,132.198,命中沪深300样本股,退市日期2004-05-14,,,
2026-05-21,2026-05,3,"京东方Ａ(000725,封单22.2亿)",民营医院(-0.0157)、沪深300样本股(-0.0218),100016.SH,民生转债,600016,民生银行,沪深300样本股,000725,132.198,命中沪深300样本股,退市日期2008-02-26,,,
2026-05-21,2026-05,4,"京东方Ａ(000725,封单22.2亿)",民营医院(-0.0157)、沪深300样本股(-0.0218),100795.SH,国电转债,600795,国电电力,沪深300样本股,000725,132.198,命中沪深300样本股,退市日期2007-04-30,,,
2026-05-21,2026-05,5,"京东方Ａ(000725,封单22.2亿)",民营医院(-0.0157)、沪深300样本股(-0.0218),110002.SH,南山转债,600219,南山铝业,沪深300样本股,000725,132.198,命中沪深300样本股,退市日期2009-09-24,,,
2026-05-21,2026-05,6,"京东方Ａ(000725,封单22.2亿)",民营医院(-0.0157)、沪深300样本股(-0.0218),110010.SH,包钢转债,600010,包钢股份,沪深300样本股,000725,132.198,命中沪深300样本股,退市日期2009-11-16,,,
2026-05-21,2026-05,7,"京东方Ａ(000725,封单22.2亿)",民营医院(-0.0157)、沪深300样本股(-0.0218),110013.SH,国投转债,600886,国投电力,沪深300样本股,000725,132.198,命中沪深300样本股,退市日期2013-07-12,,,
2026-05-21,2026-05,8,"京东方Ａ(000725,封单22.2亿)",民营医院(-0.0157)、沪深300样本股(-0.0218),110015.SH,石化转债,600028,中国石化,沪深300样本股,000725,132.198,命中沪深300样本股,退市日期2015-02-17,,,
2026-05-21,2026-05,9,"京东方Ａ(000725,封单22.2亿)",民营医院(-0.0157)、沪深300样本股(-0.0218),110016.SH,川投转债,600674,川投能源,沪深300样本股,000725,132.198,命中沪深300样本股,退市日期2014-09-10,,,
2026-05-21,2026-05,10,"京东方Ａ(000725,封单22.2亿)",民营医院(-0.0157)、沪深300样本股(-0.0218),110017.SH,中海转债,600026,中远海能,沪深300样本股,000725,132.198,命中沪深300样本股,退市日期2015-02-13,,,
2026-05-21,2026-05,11,"京东方Ａ(000725,封单22.2亿)",民营医院(-0.0157)、沪深300样本股(-0.0218),110018.SH,国电转债,600795,国电电力,沪深300样本股,000725,132.198,命中沪深300样本股,退市日期2015-03-05,,,
2026-05-21,2026-05,12,"京东方Ａ(000725,封单22.2亿)",民营医院(-0.0157)、沪深300样本股(-0.0218),110020.SH,南山转债,600219,南山铝业,沪深300样本股,000725,132.198,命中沪深300样本股,退市日期2015-03-13,,,
2026-05-21,2026-05,13,"京东方Ａ(000725,封单22.2亿)",民营医院(-0.0157)、沪深300样本股(-0.0218),110022.SH,同仁转债,600085,同仁堂,沪深300样本股,000725,132.198,命中沪深300样本股,退市日期2015-03-10,,,
2026-05-21,2026-05,14,"京东方Ａ(000725,封单22.2亿)",民营医院(-0.0157)、沪深300样本股(-0.0218),110023.SH,民生转债,600016,民生银行,沪深300样本股,000725,132.198,命中沪深300样本股,退市日期2015-07-01,,,
2026-05-21,2026-05,15,"京东方Ａ(000725,封单22.2亿)",民营医院(-0.0157)、沪深300样本股(-0.0218),110026.SH,中海转债,600026,中远海能,沪深300样本股,000725,132.198,命中沪深300样本股,退市日期2008-04-09,,,
2026-05-21,2026-05,16,"京东方Ａ(000725,封单22.2亿)",民营医院(-0.0157)、沪深300样本股(-0.0218),110027.SH,东方转债,600875,东方电气,沪深300样本股,000725,132.198,命中沪深300样本股,退市日期2015-02-27,,,
2026-05-21,2026-05,17,"京东方Ａ(000725,封单22.2亿)",民营医院(-0.0157)、沪深300样本股(-0.0218),110029.SH,浙能转债,600023,浙能电力,沪深300样本股,000725,132.198,命中沪深300样本股,退市日期2015-06-05,,,
2026-05-21,2026-05,18,"京东方Ａ(000725,封单22.2亿)",民营医院(-0.0157)、沪深300样本股(-0.0218),110032.SH,三一转债,600031,三一重工,沪深300样本股,000725,132.198,命中沪深300样本股,退市日期2019-03-26,,,
2026-05-21,2026-05,19,"京东方Ａ(000725,封单22.2亿)",民营医院(-0.0157)、沪深300样本股(-0.0218),110036.SH,招行转债,600036,招商银行,沪深300样本股,000725,132.198,命中沪深300样本股,退市日期2009-11-17,,,
2026-05-21,2026-05,20,"京东方Ａ(000725,封单22.2亿)",民营医院(-0.0157)、沪深300样本股(-0.0218),110039.SH,宝信转债,600845,宝信软件,沪深300样本股,000725,132.198,命中沪深300样本股,退市日期2018-07-13,,,
2026-05-21,2026-05,21,"京东方Ａ(000725,封单22.2亿)",民营医院(-0.0157)、沪深300样本股(-0.0218),110040.SH,生益转债,600183,生益科技,沪深300样本股,000725,132.198,命中沪深300样本股,退市日期2019-08-01,,,
2026-05-21,2026-05,22,"京东方Ａ(000725,封单22.2亿)",民营医院(-0.0157)、沪深300样本股(-0.0218),110042.SH,航电转债,600372,中航机载,沪深300样本股,000725,132.198,命中沪深300样本股,退市日期2020-09-08,,,
2026-05-21,2026-05,23,"京东方Ａ(000725,封单22.2亿)",民营医院(-0.0157)、沪深300样本股(-0.0218),110046.SH,圆通转债,600233,圆通速递,沪深300样本股,000725,132.198,命中沪深300样本股,退市日期2020-03-23,,,
2026-05-21,2026-05,24,"京东方Ａ(000725,封单22.2亿)",民营医院(-0.0157)、沪深300样本股(-0.0218),110049.SH,海尔转债,600690,海尔智家,沪深300样本股,000725,132.198,命中沪深300样本股,退市日期2019-12-17,,,
2026-05-21,2026-05,25,"京东方Ａ(000725,封单22.2亿)",民营医院(-0.0157)、沪深300样本股(-0.0218),110051.SH,中天转债,600522,中天科技,沪深300样本股,000725,132.198,命中沪深300样本股,退市日期2021-12-17,,,
2026-05-21,2026-05,26,"京东方Ａ(000725,封单22.2亿)",民营医院(-0.0157)、沪深300样本股(-0.0218),110053.SH,苏银转债,600919,江苏银行,沪深300样本股,000725,132.198,命中沪深300样本股,强赎中；退市日期2023-10-20,,,
2026-05-21,2026-05,27,"京东方Ａ(000725,封单22.2亿)",民营医院(-0.0157)、沪深300样本股(-0.0218),110054.SH,通威转债,600438,通威股份,沪深300样本股,000725,132.198,命中沪深300样本股,退市日期2020-03-17,,,
2026-05-21,2026-05,28,"京东方Ａ(000725,封单22.2亿)",民营医院(-0.0157)、沪深300样本股(-0.0218),110059.SH,浦发转债,600000,浦发银行,沪深300样本股,000725,132.198,命中沪深300样本股,公告到期赎回；退市日期2025-10-28,,,
2026-05-21,2026-05,29,"京东方Ａ(000725,封单22.2亿)",民营医院(-0.0157)、沪深300样本股(-0.0218),110061.SH,川投转债,600674,川投能源,沪深300样本股,000725,132.198,命中沪深300样本股,强赎中；退市日期2024-02-01,,,
2026-05-21,2026-05,30,"京东方Ａ(000725,封单22.2亿)",民营医院(-0.0157)、沪深300样本股(-0.0218),110073.SH,国投转债,600061,国投资本,沪深300样本股,000725,132.198,命中沪深300样本股,公告到期赎回；成交额偏低2.3万；剩余规模79.99亿；退市日期2026-07-24,106.725,106.782,0.0534
2026-05-21,2026-05,31,"京东方Ａ(000725,封单22.2亿)",民营医院(-0.0157)、沪深300样本股(-0.0218),110075.SH,南航转债,600029,南方航空,沪深300样本股,000725,132.198,命中沪深300样本股,成交额偏低1.1万；剩余规模58.96亿,110.761,111.5,0.6672
2026-05-21,2026-05,32,"京东方Ａ(000725,封单22.2亿)",民营医院(-0.0157)、沪深300样本股(-0.0218),110079.SH,杭银转债,600926,杭州银行,沪深300样本股,000725,132.198,命中沪深300样本股,强赎中；退市日期2025-07-07,,,
2026-05-21,2026-05,33,"京东方Ａ(000725,封单22.2亿)",民营医院(-0.0157)、沪深300样本股(-0.0218),110085.SH,通22转债,600438,通威股份,沪深300样本股,000725,132.198,命中沪深300样本股,成交额偏低1.0万；剩余规模119.83亿,124.2,122.704,-1.2045
2026-05-21,2026-05,34,"京东方Ａ(000725,封单22.2亿)",民营医院(-0.0157)、沪深300样本股(-0.0218),110219.SH,南山转债,600219,南山铝业,沪深300样本股,000725,132.198,命中沪深300样本股,退市日期2006-08-24,,,
2026-05-21,2026-05,35,"京东方Ａ(000725,封单22.2亿)",民营医院(-0.0157)、沪深300样本股(-0.0218),110227.SH,赤化转债,600227,赤天化,民营医院,000725,132.198,命中民营医院,退市日期2009-06-02,,,
2026-05-21,2026-05,36,"京东方Ａ(000725,封单22.2亿)",民营医院(-0.0157)、沪深300样本股(-0.0218),110807.SH,动力定01,600482,中国动力,沪深300样本股,000725,132.198,命中沪深300样本股,退市日期2024-12-05,,,
2026-05-21,2026-05,37,"京东方Ａ(000725,封单22.2亿)",民营医院(-0.0157)、沪深300样本股(-0.0218),110808.SH,动力定02,600482,中国动力,沪深300样本股,000725,132.198,命中沪深300样本股,退市日期2026-03-23,,,
2026-05-21,2026-05,38,"京东方Ａ(000725,封单22.2亿)",民营医院(-0.0157)、沪深300样本股(-0.0218),110814.SH,华电定转,600027,华电国际,沪深300样本股,000725,132.198,命中沪深300样本股,退市日期2023-06-08,,,
2026-05-21,2026-05,39,"京东方Ａ(000725,封单22.2亿)",民营医院(-0.0157)、沪深300样本股(-0.0218),110817.SH,保利定转,600048,保利发展,沪深300样本股,000725,132.198,命中沪深300样本股,剩余规模85.00亿,,,
2026-05-21,2026-05,40,"京东方Ａ(000725,封单22.2亿)",民营医院(-0.0157)、沪深300样本股(-0.0218),113001.SH,中行转债,601988,中国银行,沪深300样本股,000725,132.198,命中沪深300样本股,退市日期2015-03-13,,,
2026-05-21,2026-05,41,"京东方Ａ(000725,封单22.2亿)",民营医院(-0.0157)、沪深300样本股(-0.0218),113002.SH,工行转债,601398,工商银行,沪深300样本股,000725,132.198,命中沪深300样本股,退市日期2015-02-26,,,
2026-05-21,2026-05,42,"京东方Ａ(000725,封单22.2亿)",民营医院(-0.0157)、沪深300样本股(-0.0218),113005.SH,平安转债,601318,中国平安,沪深300样本股,000725,132.198,命中沪深300样本股,退市日期2015-01-15,,,
2026-05-21,2026-05,43,"京东方Ａ(000725,封单22.2亿)",民营医院(-0.0157)、沪深300样本股(-0.0218),113008.SH,电气转债,601727,上海电气,沪深300样本股,000725,132.198,命中沪深300样本股,退市日期2021-02-02,,,
2026-05-21,2026-05,44,"京东方Ａ(000725,封单22.2亿)",民营医院(-0.0157)、沪深300样本股(-0.0218),113009.SH,广汽转债,601238,广汽集团,沪深300样本股,000725,132.198,命中沪深300样本股,公告到期赎回；退市日期2022-01-24,,,
2026-05-21,2026-05,45,"京东方Ａ(000725,封单22.2亿)",民营医院(-0.0157)、沪深300样本股(-0.0218),113011.SH,光大转债,601818,光大银行,沪深300样本股,000725,132.198,命中沪深300样本股,公告到期赎回；退市日期2023-03-17,,,
2026-05-21,2026-05,46,"京东方Ａ(000725,封单22.2亿)",民营医院(-0.0157)、沪深300样本股(-0.0218),113013.SH,国君转债,601211,国泰海通,沪深300样本股,000725,132.198,命中沪深300样本股,公告到期赎回；退市日期2023-07-07,,,
2026-05-21,2026-05,47,"京东方Ａ(000725,封单22.2亿)",民营医院(-0.0157)、沪深300样本股(-0.0218),113015.SH,隆基转债,601012,隆基绿能,沪深300样本股,000725,132.198,命中沪深300样本股,退市日期2019-09-04,,,
2026-05-21,2026-05,48,"京东方Ａ(000725,封单22.2亿)",民营医院(-0.0157)、沪深300样本股(-0.0218),113016.SH,小康转债,601127,赛力斯,沪深300样本股,000725,132.198,命中沪深300样本股,强赎中；退市日期2023-06-26,,,
2026-05-21,2026-05,49,"京东方Ａ(000725,封单22.2亿)",民营医院(-0.0157)、沪深300样本股(-0.0218),113021.SH,中信转债,601998,中信银行,沪深300样本股,000725,132.198,命中沪深300样本股,公告到期赎回；退市日期2025-03-04,,,
2026-05-21,2026-05,50,"京东方Ａ(000725,封单22.2亿)",民营医院(-0.0157)、沪深300样本股(-0.0218),113022.SH,浙商转债,601878,浙商证券,沪深300样本股,000725,132.198,命中沪深300样本股,退市日期2020-08-26,,,
2026-05-22,2026-05,1,"鹏鼎控股(002938,封单6.84亿)",沪深300样本股(-0.0552)、行业龙头(-0.0918),100196.SH,复星转债,600196,复星医药,沪深300样本股、行业龙头,002938,216.8402,命中沪深300样本股、行业龙头,退市日期2006-07-24,,,
2026-05-22,2026-05,2,"鹏鼎控股(002938,封单6.84亿)",沪深300样本股(-0.0552)、行业龙头(-0.0918),110015.SH,石化转债,600028,中国石化,沪深300样本股、行业龙头,002938,216.8402,命中沪深300样本股、行业龙头,退市日期2015-02-17,,,
2026-05-22,2026-05,3,"鹏鼎控股(002938,封单6.84亿)",沪深300样本股(-0.0552)、行业龙头(-0.0918),110017.SH,中海转债,600026,中远海能,沪深300样本股、行业龙头,002938,216.8402,命中沪深300样本股、行业龙头,退市日期2015-02-13,,,
2026-05-22,2026-05,4,"鹏鼎控股(002938,封单6.84亿)",沪深300样本股(-0.0552)、行业龙头(-0.0918),110026.SH,中海转债,600026,中远海能,沪深300样本股、行业龙头,002938,216.8402,命中沪深300样本股、行业龙头,退市日期2008-04-09,,,
2026-05-22,2026-05,5,"鹏鼎控股(002938,封单6.84亿)",沪深300样本股(-0.0552)、行业龙头(-0.0918),110027.SH,东方转债,600875,东方电气,沪深300样本股、行业龙头,002938,216.8402,命中沪深300样本股、行业龙头,退市日期2015-02-27,,,
2026-05-22,2026-05,6,"鹏鼎控股(002938,封单6.84亿)",沪深300样本股(-0.0552)、行业龙头(-0.0918),110032.SH,三一转债,600031,三一重工,沪深300样本股、行业龙头,002938,216.8402,命中沪深300样本股、行业龙头,退市日期2019-03-26,,,
2026-05-22,2026-05,7,"鹏鼎控股(002938,封单6.84亿)",沪深300样本股(-0.0552)、行业龙头(-0.0918),110039.SH,宝信转债,600845,宝信软件,沪深300样本股、行业龙头,002938,216.8402,命中沪深300样本股、行业龙头,退市日期2018-07-13,,,
2026-05-22,2026-05,8,"鹏鼎控股(002938,封单6.84亿)",沪深300样本股(-0.0552)、行业龙头(-0.0918),110042.SH,航电转债,600372,中航机载,沪深300样本股、行业龙头,002938,216.8402,命中沪深300样本股、行业龙头,退市日期2020-09-08,,,
2026-05-22,2026-05,9,"鹏鼎控股(002938,封单6.84亿)",沪深300样本股(-0.0552)、行业龙头(-0.0918),110046.SH,圆通转债,600233,圆通速递,沪深300样本股、行业龙头,002938,216.8402,命中沪深300样本股、行业龙头,退市日期2020-03-23,,,
2026-05-22,2026-05,10,"鹏鼎控股(002938,封单6.84亿)",沪深300样本股(-0.0552)、行业龙头(-0.0918),110049.SH,海尔转债,600690,海尔智家,沪深300样本股、行业龙头,002938,216.8402,命中沪深300样本股、行业龙头,退市日期2019-12-17,,,
2026-05-22,2026-05,11,"鹏鼎控股(002938,封单6.84亿)",沪深300样本股(-0.0552)、行业龙头(-0.0918),110054.SH,通威转债,600438,通威股份,沪深300样本股、行业龙头,002938,216.8402,命中沪深300样本股、行业龙头,退市日期2020-03-17,,,
2026-05-22,2026-05,12,"鹏鼎控股(002938,封单6.84亿)",沪深300样本股(-0.0552)、行业龙头(-0.0918),110073.SH,国投转债,600061,国投资本,沪深300样本股、行业龙头,002938,216.8402,命中沪深300样本股、行业龙头,公告到期赎回；成交额偏低0.9万；剩余规模79.99亿；退市日期2026-07-24,106.812,106.807,-0.0047
2026-05-22,2026-05,13,"鹏鼎控股(002938,封单6.84亿)",沪深300样本股(-0.0552)、行业龙头(-0.0918),110085.SH,通22转债,600438,通威股份,沪深300样本股、行业龙头,002938,216.8402,命中沪深300样本股、行业龙头,成交额偏低1.1万；剩余规模119.83亿,122.635,121.068,-1.2778
2026-05-22,2026-05,14,"鹏鼎控股(002938,封单6.84亿)",沪深300样本股(-0.0552)、行业龙头(-0.0918),110817.SH,保利定转,600048,保利发展,沪深300样本股、行业龙头,002938,216.8402,命中沪深300样本股、行业龙头,剩余规模85.00亿,,,
2026-05-22,2026-05,15,"鹏鼎控股(002938,封单6.84亿)",沪深300样本股(-0.0552)、行业龙头(-0.0918),113002.SH,工行转债,601398,工商银行,沪深300样本股、行业龙头,002938,216.8402,命中沪深300样本股、行业龙头,退市日期2015-02-26,,,
2026-05-22,2026-05,16,"鹏鼎控股(002938,封单6.84亿)",沪深300样本股(-0.0552)、行业龙头(-0.0918),113005.SH,平安转债,601318,中国平安,沪深300样本股、行业龙头,002938,216.8402,命中沪深300样本股、行业龙头,退市日期2015-01-15,,,
2026-05-22,2026-05,17,"鹏鼎控股(002938,封单6.84亿)",沪深300样本股(-0.0552)、行业龙头(-0.0918),113015.SH,隆基转债,601012,隆基绿能,沪深300样本股、行业龙头,002938,216.8402,命中沪深300样本股、行业龙头,退市日期2019-09-04,,,
2026-05-22,2026-05,18,"鹏鼎控股(002938,封单6.84亿)",沪深300样本股(-0.0552)、行业龙头(-0.0918),113026.SH,核能转债,601985,中国核电,沪深300样本股、行业龙头,002938,216.8402,命中沪深300样本股、行业龙头,强赎中；退市日期2022-03-09,,,
2026-05-22,2026-05,19,"鹏鼎控股(002938,封单6.84亿)",沪深300样本股(-0.0552)、行业龙头(-0.0918),113038.SH,隆20转债,601012,隆基绿能,沪深300样本股、行业龙头,002938,216.8402,命中沪深300样本股、行业龙头,退市日期2021-03-31,,,
2026-05-22,2026-05,20,"鹏鼎控股(002938,封单6.84亿)",沪深300样本股(-0.0552)、行业龙头(-0.0918),113041.SH,紫金转债,601899,紫金矿业,沪深300样本股、行业龙头,002938,216.8402,命中沪深300样本股、行业龙头,退市日期2021-06-28,,,
2026-05-22,2026-05,21,"鹏鼎控股(002938,封单6.84亿)",沪深300样本股(-0.0552)、行业龙头(-0.0918),113044.SH,大秦转债,601006,大秦铁路,沪深300样本股、行业龙头,002938,216.8402,命中沪深300样本股、行业龙头,强赎中；退市日期2025-02-11,,,
2026-05-22,2026-05,22,"鹏鼎控股(002938,封单6.84亿)",沪深300样本股(-0.0552)、行业龙头(-0.0918),113053.SH,隆22转债,601012,隆基绿能,沪深300样本股、行业龙头,002938,216.8402,命中沪深300样本股、行业龙头,成交额偏低1.0万；剩余规模69.95亿,122.53,123.399,0.7092
2026-05-22,2026-05,23,"鹏鼎控股(002938,封单6.84亿)",沪深300样本股(-0.0552)、行业龙头(-0.0918),113641.SH,华友转债,603799,华友钴业,沪深300样本股、行业龙头,002938,216.8402,命中沪深300样本股、行业龙头,强赎中；退市日期2025-09-29,,,
2026-05-22,2026-05,24,"鹏鼎控股(002938,封单6.84亿)",沪深300样本股(-0.0552)、行业龙头(-0.0918),123006.SZ,东财转债,300059,东方财富,沪深300样本股、行业龙头,002938,216.8402,命中沪深300样本股、行业龙头,退市日期2019-05-21,,,
2026-05-22,2026-05,25,"鹏鼎控股(002938,封单6.84亿)",沪深300样本股(-0.0552)、行业龙头(-0.0918),123041.SZ,东财转2,300059,东方财富,沪深300样本股、行业龙头,002938,216.8402,命中沪深300样本股、行业龙头,退市日期2020-09-07,,,
2026-05-22,2026-05,26,"鹏鼎控股(002938,封单6.84亿)",沪深300样本股(-0.0552)、行业龙头(-0.0918),123111.SZ,东财转3,300059,东方财富,沪深300样本股、行业龙头,002938,216.8402,命中沪深300样本股、行业龙头,强赎中；退市日期2022-03-09,,,
2026-05-22,2026-05,27,"鹏鼎控股(002938,封单6.84亿)",沪深300样本股(-0.0552)、行业龙头(-0.0918),124006.SZ,高新定转,000661,长春高新,沪深300样本股、行业龙头,002938,216.8402,命中沪深300样本股、行业龙头,退市日期2024-12-25,,,
2026-05-22,2026-05,28,"鹏鼎控股(002938,封单6.84亿)",沪深300样本股(-0.0552)、行业龙头(-0.0918),124016.SZ,TCL定转1,000100,TCL科技,沪深300样本股、行业龙头,002938,216.8402,命中沪深300样本股、行业龙头,,,,
2026-05-22,2026-05,29,"鹏鼎控股(002938,封单6.84亿)",沪深300样本股(-0.0552)、行业龙头(-0.0918),124017.SZ,TCL定转2,000100,TCL科技,沪深300样本股、行业龙头,002938,216.8402,命中沪深300样本股、行业龙头,退市日期2022-11-30,,,
2026-05-22,2026-05,30,"鹏鼎控股(002938,封单6.84亿)",沪深300样本股(-0.0552)、行业龙头(-0.0918),125002.SZ,万科转债,000002,万科A,沪深300样本股、行业龙头,002938,216.8402,命中沪深300样本股、行业龙头,退市日期2004-04-30,,,
2026-05-22,2026-05,31,"鹏鼎控股(002938,封单6.84亿)",沪深300样本股(-0.0552)、行业龙头(-0.0918),125301.SZ,丝绸转债,000301,东方盛虹,沪深300样本股、行业龙头,002938,216.8402,命中沪深300样本股、行业龙头,退市日期2003-08-28,,,
2026-05-22,2026-05,32,"鹏鼎控股(002938,封单6.84亿)",沪深300样本股(-0.0552)、行业龙头(-0.0918),126002.SZ,万科转2,000002,万科A,沪深300样本股、行业龙头,002938,216.8402,命中沪深300样本股、行业龙头,退市日期2006-04-14,,,
2026-05-22,2026-05,33,"鹏鼎控股(002938,封单6.84亿)",沪深300样本股(-0.0552)、行业龙头(-0.0918),126301.SZ,丝绸转2,000301,东方盛虹,沪深300样本股、行业龙头,002938,216.8402,命中沪深300样本股、行业龙头,退市日期2006-09-18,,,
2026-05-22,2026-05,34,"鹏鼎控股(002938,封单6.84亿)",沪深300样本股(-0.0552)、行业龙头(-0.0918),127002.SZ,徐工转债,000425,徐工机械,沪深300样本股、行业龙头,002938,216.8402,命中沪深300样本股、行业龙头,退市日期2015-02-16,,,
2026-05-22,2026-05,35,"鹏鼎控股(002938,封单6.84亿)",沪深300样本股(-0.0552)、行业龙头(-0.0918),127012.SZ,招路转债,001965,招商公路,沪深300样本股、行业龙头,002938,216.8402,命中沪深300样本股、行业龙头,强赎中；退市日期2024-04-03,,,
2026-05-22,2026-05,36,"鹏鼎控股(002938,封单6.84亿)",沪深300样本股(-0.0552)、行业龙头(-0.0918),127030.SZ,盛虹转债,000301,东方盛虹,沪深300样本股、行业龙头,002938,216.8402,命中沪深300样本股、行业龙头,成交额偏低1.7万；剩余规模49.97亿,119.821,118.7,-0.9356
2026-05-22,2026-05,37,"鹏鼎控股(002938,封单6.84亿)",沪深300样本股(-0.0552)、行业龙头(-0.0918),127045.SZ,牧原转债,002714,牧原股份,沪深300样本股、行业龙头,002938,216.8402,命中沪深300样本股、行业龙头,成交额偏低3.2万；剩余规模95.43亿,123.175,119.867,-2.6856
2026-05-22,2026-05,38,"鹏鼎控股(002938,封单6.84亿)",沪深300样本股(-0.0552)、行业龙头(-0.0918),127056.SZ,中特转债,000708,中信特钢,沪深300样本股、行业龙头,002938,216.8402,命中沪深300样本股、行业龙头,成交额偏低0.4万；剩余规模50.00亿,125.659,125.818,0.1265
2026-05-22,2026-05,39,"鹏鼎控股(002938,封单6.84亿)",沪深300样本股(-0.0552)、行业龙头(-0.0918),127110.SZ,广核转债,003816,中国广核,沪深300样本股、行业龙头,002938,216.8402,命中沪深300样本股、行业龙头,成交额偏低5.0万；剩余规模48.99亿,140.16,139.32,-0.5993
2026-05-22,2026-05,40,"鹏鼎控股(002938,封单6.84亿)",沪深300样本股(-0.0552)、行业龙头(-0.0918),128028.SZ,赣锋转债,002460,赣锋锂业,沪深300样本股、行业龙头,002938,216.8402,命中沪深300样本股、行业龙头,退市日期2021-03-16,,,
2026-05-22,2026-05,41,"鹏鼎控股(002938,封单6.84亿)",沪深300样本股(-0.0552)、行业龙头(-0.0918),128047.SZ,光电转债,002179,中航光电,沪深300样本股、行业龙头,002938,216.8402,命中沪深300样本股、行业龙头,退市日期2019-11-07,,,
2026-05-22,2026-05,42,"鹏鼎控股(002938,封单6.84亿)",沪深300样本股(-0.0552)、行业龙头(-0.0918),128080.SZ,顺丰转债,002352,顺丰控股,沪深300样本股、行业龙头,002938,216.8402,命中沪深300样本股、行业龙头,退市日期2020-08-12,,,
2026-05-22,2026-05,43,"鹏鼎控股(002938,封单6.84亿)",沪深300样本股(-0.0552)、行业龙头(-0.0918),128102.SZ,海大转债,002311,海大集团,沪深300样本股、行业龙头,002938,216.8402,命中沪深300样本股、行业龙头,退市日期2020-12-31,,,
2026-05-22,2026-05,44,"鹏鼎控股(002938,封单6.84亿)",沪深300样本股(-0.0552)、行业龙头(-0.0918),128126.SZ,赣锋转2,002460,赣锋锂业,沪深300样本股、行业龙头,002938,216.8402,命中沪深300样本股、行业龙头,退市日期2021-05-19,,,
2026-05-22,2026-05,45,"鹏鼎控股(002938,封单6.84亿)",沪深300样本股(-0.0552)、行业龙头(-0.0918),128136.SZ,立讯转债,002475,立讯精密,沪深300样本股、行业龙头,002938,216.8402,命中沪深300样本股、行业龙头,成交额偏低5.7万；剩余规模29.85亿,143.99,144.4,0.2847
2026-05-22,2026-05,46,"鹏鼎控股(002938,封单6.84亿)",沪深300样本股(-0.0552)、行业龙头(-0.0918),100009.SH,机场转债,600009,上海机场,沪深300样本股,002938,116.8402,命中沪深300样本股,退市日期2004-05-14,,,
2026-05-22,2026-05,47,"鹏鼎控股(002938,封单6.84亿)",沪深300样本股(-0.0552)、行业龙头(-0.0918),100016.SH,民生转债,600016,民生银行,沪深300样本股,002938,116.8402,命中沪深300样本股,退市日期2008-02-26,,,
2026-05-22,2026-05,48,"鹏鼎控股(002938,封单6.84亿)",沪深300样本股(-0.0552)、行业龙头(-0.0918),100096.SH,云化转债,600096,云天化,行业龙头,002938,116.8402,命中行业龙头,退市日期2006-09-09,,,
2026-05-22,2026-05,49,"鹏鼎控股(002938,封单6.84亿)",沪深300样本股(-0.0552)、行业龙头(-0.0918),100177.SH,雅戈转债,600177,雅戈尔,行业龙头,002938,116.8402,命中行业龙头,退市日期2006-04-10,,,
2026-05-22,2026-05,50,"鹏鼎控股(002938,封单6.84亿)",沪深300样本股(-0.0552)、行业龙头(-0.0918),100795.SH,国电转债,600795,国电电力,沪深300样本股,002938,116.8402,命中沪深300样本股,退市日期2007-04-30,,,
2026-05-27,2026-05,1,"江海股份(002484,封单6.06亿)",人形机器人(0.0214)、国企改革(0.0041),110039.SH,宝信转债,600845,宝信软件,人形机器人、国企改革,002484,216.0561,命中人形机器人、国企改革,退市日期2018-07-13,,,
2026-05-27,2026-05,2,"江海股份(002484,封单6.06亿)",人形机器人(0.0214)、国企改革(0.0041),113008.SH,电气转债,601727,上海电气,人形机器人、国企改革,002484,216.0561,命中人形机器人、国企改革,退市日期2021-02-02,,,
2026-05-27,2026-05,3,"江海股份(002484,封单6.06亿)",人形机器人(0.0214)、国企改革(0.0041),113009.SH,广汽转债,601238,广汽集团,人形机器人、国企改革,002484,216.0561,命中人形机器人、国企改革,公告到期赎回；退市日期2022-01-24,,,
2026-05-27,2026-05,4,"江海股份(002484,封单6.06亿)",人形机器人(0.0214)、国企改革(0.0041),113522.SH,旭升转债,603305,旭升集团,人形机器人、国企改革,002484,216.0561,命中人形机器人、国企改革,退市日期2020-02-28,,,
2026-05-27,2026-05,5,"江海股份(002484,封单6.06亿)",人形机器人(0.0214)、国企改革(0.0041),113619.SH,世运转债,603920,世运电路,人形机器人、国企改革,002484,216.0561,命中人形机器人、国企改革,强赎中；退市日期2024-12-03,,,
2026-05-27,2026-05,6,"江海股份(002484,封单6.06亿)",人形机器人(0.0214)、国企改革(0.0041),113635.SH,升21转债,603305,旭升集团,人形机器人、国企改革,002484,216.0561,命中人形机器人、国企改革,强赎中；退市日期2022-09-29,,,
2026-05-27,2026-05,7,"江海股份(002484,封单6.06亿)",人形机器人(0.0214)、国企改革(0.0041),113685.SH,升24转债,603305,旭升集团,人形机器人、国企改革,002484,216.0561,命中人形机器人、国企改革,强赎中；退市日期2025-11-14,,,
2026-05-27,2026-05,8,"江海股份(002484,封单6.06亿)",人形机器人(0.0214)、国企改革(0.0041),125959.SZ,首钢转债,000959,首钢股份,人形机器人、国企改革,002484,216.0561,命中人形机器人、国企改革,退市日期2007-04-13,,,
2026-05-27,2026-05,9,"江海股份(002484,封单6.06亿)",人形机器人(0.0214)、国企改革(0.0041),100001.SH,南化转债,600301,华锡有色,国企改革,002484,116.0561,命中国企改革,退市日期2001-05-28,,,
2026-05-27,2026-05,10,"江海股份(002484,封单6.06亿)",人形机器人(0.0214)、国企改革(0.0041),100009.SH,机场转债,600009,上海机场,国企改革,002484,116.0561,命中国企改革,退市日期2004-05-14,,,
2026-05-27,2026-05,11,"江海股份(002484,封单6.06亿)",人形机器人(0.0214)、国企改革(0.0041),100096.SH,云化转债,600096,云天化,国企改革,002484,116.0561,命中国企改革,退市日期2006-09-09,,,
2026-05-27,2026-05,12,"江海股份(002484,封单6.06亿)",人形机器人(0.0214)、国企改革(0.0041),100236.SH,桂冠转债,600236,桂冠电力,国企改革,002484,116.0561,命中国企改革,退市日期2008-07-04,,,
2026-05-27,2026-05,13,"江海股份(002484,封单6.06亿)",人形机器人(0.0214)、国企改革(0.0041),100726.SH,华电转债,600726,华电能源,国企改革,002484,116.0561,命中国企改革,退市日期2007-06-05,,,
2026-05-27,2026-05,14,"江海股份(002484,封单6.06亿)",人形机器人(0.0214)、国企改革(0.0041),100795.SH,国电转债,600795,国电电力,国企改革,002484,116.0561,命中国企改革,退市日期2007-04-30,,,
2026-05-27,2026-05,15,"江海股份(002484,封单6.06亿)",人形机器人(0.0214)、国企改革(0.0041),110003.SH,新钢转债,600782,新钢股份,国企改革,002484,116.0561,命中国企改革,退市日期2013-08-27,,,
2026-05-27,2026-05,16,"江海股份(002484,封单6.06亿)",人形机器人(0.0214)、国企改革(0.0041),110004.SH,厦工转债,600815,厦工股份,国企改革,002484,116.0561,命中国企改革,退市日期2010-09-30,,,
2026-05-27,2026-05,17,"江海股份(002484,封单6.06亿)",人形机器人(0.0214)、国企改革(0.0041),110005.SH,西洋转债,600558,大西洋,国企改革,002484,116.0561,命中国企改革,退市日期2010-05-19,,,
2026-05-27,2026-05,18,"江海股份(002484,封单6.06亿)",人形机器人(0.0214)、国企改革(0.0041),110008.SH,王府转债,600859,王府井,国企改革,002484,116.0561,命中国企改革,退市日期2010-11-05,,,
2026-05-27,2026-05,19,"江海股份(002484,封单6.06亿)",人形机器人(0.0214)、国企改革(0.0041),110010.SH,包钢转债,600010,包钢股份,国企改革,002484,116.0561,命中国企改革,退市日期2009-11-16,,,
2026-05-27,2026-05,20,"江海股份(002484,封单6.06亿)",人形机器人(0.0214)、国企改革(0.0041),110011.SH,歌华转债,600037,歌华有线,国企改革,002484,116.0561,命中国企改革,退市日期2015-05-06,,,
2026-05-27,2026-05,21,"江海股份(002484,封单6.06亿)",人形机器人(0.0214)、国企改革(0.0041),110012.SH,海运转债,600798,宁波海运,国企改革,002484,116.0561,命中国企改革,退市日期2015-05-15,,,
2026-05-27,2026-05,22,"江海股份(002484,封单6.06亿)",人形机器人(0.0214)、国企改革(0.0041),110013.SH,国投转债,600886,国投电力,国企改革,002484,116.0561,命中国企改革,退市日期2013-07-12,,,
2026-05-27,2026-05,23,"江海股份(002484,封单6.06亿)",人形机器人(0.0214)、国企改革(0.0041),110015.SH,石化转债,600028,中国石化,国企改革,002484,116.0561,命中国企改革,退市日期2015-02-17,,,
2026-05-27,2026-05,24,"江海股份(002484,封单6.06亿)",人形机器人(0.0214)、国企改革(0.0041),110016.SH,川投转债,600674,川投能源,国企改革,002484,116.0561,命中国企改革,退市日期2014-09-10,,,
2026-05-27,2026-05,25,"江海股份(002484,封单6.06亿)",人形机器人(0.0214)、国企改革(0.0041),110017.SH,中海转债,600026,中远海能,国企改革,002484,116.0561,命中国企改革,退市日期2015-02-13,,,
2026-05-27,2026-05,26,"江海股份(002484,封单6.06亿)",人形机器人(0.0214)、国企改革(0.0041),110018.SH,国电转债,600795,国电电力,国企改革,002484,116.0561,命中国企改革,退市日期2015-03-05,,,
2026-05-27,2026-05,27,"江海股份(002484,封单6.06亿)",人形机器人(0.0214)、国企改革(0.0041),110019.SH,恒丰转债,600356,恒丰纸业,国企改革,002484,116.0561,命中国企改革,退市日期2015-05-05,,,
2026-05-27,2026-05,28,"江海股份(002484,封单6.06亿)",人形机器人(0.0214)、国企改革(0.0041),110021.SH,上电转债,600021,上海电力,国企改革,002484,116.0561,命中国企改革,退市日期2007-08-27,,,
2026-05-27,2026-05,29,"江海股份(002484,封单6.06亿)",人形机器人(0.0214)、国企改革(0.0041),110022.SH,同仁转债,600085,同仁堂,国企改革,002484,116.0561,命中国企改革,退市日期2015-03-10,,,
2026-05-27,2026-05,30,"江海股份(002484,封单6.06亿)",人形机器人(0.0214)、国企改革(0.0041),110024.SH,隧道转债,600820,隧道股份,国企改革,002484,116.0561,命中国企改革,退市日期2014-12-18,,,
2026-05-27,2026-05,31,"江海股份(002484,封单6.06亿)",人形机器人(0.0214)、国企改革(0.0041),110026.SH,中海转债,600026,中远海能,国企改革,002484,116.0561,命中国企改革,退市日期2008-04-09,,,
2026-05-27,2026-05,32,"江海股份(002484,封单6.06亿)",人形机器人(0.0214)、国企改革(0.0041),110027.SH,东方转债,600875,东方电气,国企改革,002484,116.0561,命中国企改革,退市日期2015-02-27,,,
2026-05-27,2026-05,33,"江海股份(002484,封单6.06亿)",人形机器人(0.0214)、国企改革(0.0041),110028.SH,冠城转债,600067,冠城新材,人形机器人,002484,116.0561,命中人形机器人,退市日期2015-04-29,,,
2026-05-27,2026-05,34,"江海股份(002484,封单6.06亿)",人形机器人(0.0214)、国企改革(0.0041),110029.SH,浙能转债,600023,浙能电力,国企改革,002484,116.0561,命中国企改革,退市日期2015-06-05,,,
2026-05-27,2026-05,35,"江海股份(002484,封单6.06亿)",人形机器人(0.0214)、国企改革(0.0041),110030.SH,格力转债,600185,珠免集团,国企改革,002484,116.0561,命中国企改革,退市日期2019-12-25,,,
2026-05-27,2026-05,36,"江海股份(002484,封单6.06亿)",人形机器人(0.0214)、国企改革(0.0041),110031.SH,航信转债,600271,航天信息,国企改革,002484,116.0561,命中国企改革,退市日期2021-06-15,,,
2026-05-27,2026-05,37,"江海股份(002484,封单6.06亿)",人形机器人(0.0214)、国企改革(0.0041),110033.SH,国贸转债,600755,厦门国贸,国企改革,002484,116.0561,命中国企改革,退市日期2021-11-05,,,
2026-05-27,2026-05,38,"江海股份(002484,封单6.06亿)",人形机器人(0.0214)、国企改革(0.0041),110035.SH,白云转债,600004,白云机场,国企改革,002484,116.0561,命中国企改革,退市日期2017-06-13,,,
2026-05-27,2026-05,39,"江海股份(002484,封单6.06亿)",人形机器人(0.0214)、国企改革(0.0041),110037.SH,歌华转债,600037,歌华有线,国企改革,002484,116.0561,命中国企改革,退市日期2009-05-18,,,
2026-05-27,2026-05,40,"江海股份(002484,封单6.06亿)",人形机器人(0.0214)、国企改革(0.0041),110041.SH,蒙电转债,600863,华能蒙电,国企改革,002484,116.0561,命中国企改革,退市日期2021-11-05,,,
2026-05-27,2026-05,41,"江海股份(002484,封单6.06亿)",人形机器人(0.0214)、国企改革(0.0041),110042.SH,航电转债,600372,中航机载,国企改革,002484,116.0561,命中国企改革,退市日期2020-09-08,,,
2026-05-27,2026-05,42,"江海股份(002484,封单6.06亿)",人形机器人(0.0214)、国企改革(0.0041),110044.SH,广电转债,600831,广电网络,国企改革,002484,116.0561,命中国企改革,公告到期赎回；退市日期2024-06-27,,,
2026-05-27,2026-05,43,"江海股份(002484,封单6.06亿)",人形机器人(0.0214)、国企改革(0.0041),110048.SH,福能转债,600483,福能股份,国企改革,002484,116.0561,命中国企改革,公告到期赎回；退市日期2024-12-09,,,
2026-05-27,2026-05,44,"江海股份(002484,封单6.06亿)",人形机器人(0.0214)、国企改革(0.0041),110052.SH,贵广转债,600996,贵广网络,国企改革,002484,116.0561,命中国企改革,公告到期赎回；退市日期2025-03-05,,,
2026-05-27,2026-05,45,"江海股份(002484,封单6.06亿)",人形机器人(0.0214)、国企改革(0.0041),110055.SH,伊力转债,600197,伊力特,国企改革,002484,116.0561,命中国企改革,公告到期赎回；退市日期2025-03-17,,,
2026-05-27,2026-05,46,"江海股份(002484,封单6.06亿)",人形机器人(0.0214)、国企改革(0.0041),110056.SH,亨通转债,600487,亨通光电,人形机器人,002484,116.0561,命中人形机器人,强赎中；退市日期2022-12-06,,,
2026-05-27,2026-05,47,"江海股份(002484,封单6.06亿)",人形机器人(0.0214)、国企改革(0.0041),110057.SH,现代转债,600420,国药现代,国企改革,002484,116.0561,命中国企改革,强赎中；退市日期2023-06-16,,,
2026-05-27,2026-05,48,"江海股份(002484,封单6.06亿)",人形机器人(0.0214)、国企改革(0.0041),110060.SH,天路转债,600326,西藏天路,国企改革,002484,116.0561,命中国企改革,公告到期赎回；退市日期2025-10-28,,,
2026-05-27,2026-05,49,"江海股份(002484,封单6.06亿)",人形机器人(0.0214)、国企改革(0.0041),110061.SH,川投转债,600674,川投能源,国企改革,002484,116.0561,命中国企改革,强赎中；退市日期2024-02-01,,,
2026-05-27,2026-05,50,"江海股份(002484,封单6.06亿)",人形机器人(0.0214)、国企改革(0.0041),110062.SH,烽火转债,600498,烽火通信,国企改革,002484,116.0561,命中国企改革,公告到期赎回；退市日期2025-12-02,,,
2026-06-09,2026-06,1,"圣泉集团(605589,封单7.19亿)",先进封装(-0.0465)、存储芯片(-0.0497),111025.SH,圣泉转债,605589,圣泉集团,先进封装、存储芯片,605589,1217.1878,正股为触发股，命中先进封装、存储芯片,剩余规模25.00亿,,,
2026-06-09,2026-06,2,"圣泉集团(605589,封单7.19亿)",先进封装(-0.0465)、存储芯片(-0.0497),110040.SH,生益转债,600183,生益科技,先进封装、存储芯片,605589,217.1878,命中先进封装、存储芯片,退市日期2019-08-01,,,
2026-06-09,2026-06,3,"圣泉集团(605589,封单7.19亿)",先进封装(-0.0465)、存储芯片(-0.0497),113556.SH,至纯转债,603690,至纯科技,先进封装、存储芯片,605589,217.1878,命中先进封装、存储芯片,退市日期2021-01-26,,,
2026-06-09,2026-06,4,"圣泉集团(605589,封单7.19亿)",先进封装(-0.0465)、存储芯片(-0.0497),118017.SH,深科转债,688328,深科达,先进封装、存储芯片,605589,217.1878,命中先进封装、存储芯片,强赎中；退市日期2024-01-10,,,
2026-06-09,2026-06,5,"圣泉集团(605589,封单7.19亿)",先进封装(-0.0465)、存储芯片(-0.0497),118048.SH,利扬转债,688135,利扬芯片,先进封装、存储芯片,605589,217.1878,命中先进封装、存储芯片,强赎中；退市日期2026-03-31,,,
2026-06-09,2026-06,6,"圣泉集团(605589,封单7.19亿)",先进封装(-0.0465)、存储芯片(-0.0497),118049.SH,汇成转债,688403,汇成股份,先进封装、存储芯片,605589,217.1878,命中先进封装、存储芯片,强赎中；退市日期2026-04-28,,,
2026-06-09,2026-06,7,"圣泉集团(605589,封单7.19亿)",先进封装(-0.0465)、存储芯片(-0.0497),118054.SH,安集转债,688019,安集科技,先进封装、存储芯片,605589,217.1878,命中先进封装、存储芯片,强赎中；退市日期2026-03-27,,,
2026-06-09,2026-06,8,"圣泉集团(605589,封单7.19亿)",先进封装(-0.0465)、存储芯片(-0.0497),118055.SH,伟测转债,688372,伟测科技,先进封装、存储芯片,605589,217.1878,命中先进封装、存储芯片,强赎中；退市日期2026-04-03,,,
2026-06-09,2026-06,9,"圣泉集团(605589,封单7.19亿)",先进封装(-0.0465)、存储芯片(-0.0497),118058.SH,微导转债,688147,微导纳米,先进封装、存储芯片,605589,217.1878,命中先进封装、存储芯片,成交额偏低14.3万；剩余规模11.70亿,333.0,354.227,6.3745
2026-06-09,2026-06,10,"圣泉集团(605589,封单7.19亿)",先进封装(-0.0465)、存储芯片(-0.0497),118064.SH,联瑞转债,688300,联瑞新材,先进封装、存储芯片,605589,217.1878,命中先进封装、存储芯片,成交额偏低10.8万,434.95,445.808,2.4964
2026-06-09,2026-06,11,"圣泉集团(605589,封单7.19亿)",先进封装(-0.0465)、存储芯片(-0.0497),118501.SH,华海定转,688535,华海诚科,先进封装、存储芯片,605589,217.1878,命中先进封装、存储芯片,,,,
2026-06-09,2026-06,12,"圣泉集团(605589,封单7.19亿)",先进封装(-0.0465)、存储芯片(-0.0497),123025.SZ,精测转债,300567,精测电子,先进封装、存储芯片,605589,217.1878,命中先进封装、存储芯片,公告到期赎回；退市日期2025-03-31,,,
2026-06-09,2026-06,13,"圣泉集团(605589,封单7.19亿)",先进封装(-0.0465)、存储芯片(-0.0497),123078.SZ,飞凯转债,300398,飞凯材料,先进封装、存储芯片,605589,217.1878,命中先进封装、存储芯片,强赎中；退市日期2025-05-30,,,
2026-06-09,2026-06,14,"圣泉集团(605589,封单7.19亿)",先进封装(-0.0465)、存储芯片(-0.0497),123176.SZ,精测转2,300567,精测电子,先进封装、存储芯片,605589,217.1878,命中先进封装、存储芯片,成交额偏低7.9万；剩余规模12.75亿,367.23,389.747,6.1316
2026-06-09,2026-06,15,"圣泉集团(605589,封单7.19亿)",先进封装(-0.0465)、存储芯片(-0.0497),123197.SZ,光力转债,300480,光力科技,先进封装、存储芯片,605589,217.1878,命中先进封装、存储芯片,强赎中；退市日期2026-04-16,,,
2026-06-09,2026-06,16,"圣泉集团(605589,封单7.19亿)",先进封装(-0.0465)、存储芯片(-0.0497),123255.SZ,鼎龙转债,300054,鼎龙股份,先进封装、存储芯片,605589,217.1878,命中先进封装、存储芯片,成交额偏低7.3万,349.0,352.948,1.1312
2026-06-09,2026-06,17,"圣泉集团(605589,封单7.19亿)",先进封装(-0.0465)、存储芯片(-0.0497),124004.SZ,中京定转,002579,中京电子,先进封装、存储芯片,605589,217.1878,命中先进封装、存储芯片,退市日期2022-09-21,,,
2026-06-09,2026-06,18,"圣泉集团(605589,封单7.19亿)",先进封装(-0.0465)、存储芯片(-0.0497),124005.SZ,中京定02,002579,中京电子,先进封装、存储芯片,605589,217.1878,命中先进封装、存储芯片,退市日期2022-09-21,,,
2026-06-09,2026-06,19,"圣泉集团(605589,封单7.19亿)",先进封装(-0.0465)、存储芯片(-0.0497),127051.SZ,博杰转债,002975,博杰股份,先进封装、存储芯片,605589,217.1878,命中先进封装、存储芯片,强赎中；退市日期2025-05-08,,,
2026-06-09,2026-06,20,"圣泉集团(605589,封单7.19亿)",先进封装(-0.0465)、存储芯片(-0.0497),128003.SZ,华天转债,002185,华天科技,先进封装、存储芯片,605589,217.1878,命中先进封装、存储芯片,退市日期2014-12-08,,,
2026-06-09,2026-06,21,"圣泉集团(605589,封单7.19亿)",先进封装(-0.0465)、存储芯片(-0.0497),128035.SZ,大族转债,002008,大族激光,先进封装、存储芯片,605589,217.1878,命中先进封装、存储芯片,公告到期赎回；退市日期2024-02-07,,,
2026-06-09,2026-06,22,"圣泉集团(605589,封单7.19亿)",先进封装(-0.0465)、存储芯片(-0.0497),128088.SZ,深南转债,002916,深南电路,先进封装、存储芯片,605589,217.1878,命中先进封装、存储芯片,退市日期2020-09-11,,,
2026-06-09,2026-06,23,"圣泉集团(605589,封单7.19亿)",先进封装(-0.0465)、存储芯片(-0.0497),128122.SZ,兴森转债,002436,兴森科技,先进封装、存储芯片,605589,217.1878,命中先进封装、存储芯片,公告到期赎回；退市日期2025-07-23,,,
2026-06-09,2026-06,24,"圣泉集团(605589,封单7.19亿)",先进封装(-0.0465)、存储芯片(-0.0497),110081.SH,闻泰转债,600745,*ST闻泰,先进封装,605589,117.1878,命中先进封装,成交额偏低1.6万；剩余规模80.63亿,90.43,89.953,-0.5275
2026-06-09,2026-06,25,"圣泉集团(605589,封单7.19亿)",先进封装(-0.0465)、存储芯片(-0.0497),110800.SH,赛腾定转,603283,赛腾股份,存储芯片,605589,117.1878,命中存储芯片,退市日期2021-05-31,,,
2026-06-09,2026-06,26,"圣泉集团(605589,封单7.19亿)",先进封装(-0.0465)、存储芯片(-0.0497),111010.SH,立昂转债,605358,立昂微,存储芯片,605589,117.1878,命中存储芯片,强赎中；成交额偏低51.2万；退市日期2026-06-18,199.997,218.981,9.4921
2026-06-09,2026-06,27,"圣泉集团(605589,封单7.19亿)",先进封装(-0.0465)、存储芯片(-0.0497),113031.SH,博威转债,601137,博威合金,先进封装,605589,117.1878,命中先进封装,退市日期2020-08-31,,,
2026-06-09,2026-06,28,"圣泉集团(605589,封单7.19亿)",先进封装(-0.0465)、存储芯片(-0.0497),113069.SH,博23转债,601137,博威合金,先进封装,605589,117.1878,命中先进封装,强赎中；退市日期2026-01-22,,,
2026-06-09,2026-06,29,"圣泉集团(605589,封单7.19亿)",先进封装(-0.0465)、存储芯片(-0.0497),113548.SH,石英转债,603688,石英股份,存储芯片,605589,117.1878,命中存储芯片,强赎中；退市日期2022-08-15,,,
2026-06-09,2026-06,30,"圣泉集团(605589,封单7.19亿)",先进封装(-0.0465)、存储芯片(-0.0497),113566.SH,翔港转债,603499,翔港科技,存储芯片,605589,117.1878,命中存储芯片,强赎中；退市日期2024-04-15,,,
2026-06-09,2026-06,31,"圣泉集团(605589,封单7.19亿)",先进封装(-0.0465)、存储芯片(-0.0497),113609.SH,永安转债,603776,永安行,存储芯片,605589,117.1878,命中存储芯片,强赎中；退市日期2025-08-12,,,
2026-06-09,2026-06,32,"圣泉集团(605589,封单7.19亿)",先进封装(-0.0465)、存储芯片(-0.0497),113621.SH,彤程转债,603650,彤程新材,存储芯片,605589,117.1878,命中存储芯片,强赎中；退市日期2025-11-14,,,
2026-06-09,2026-06,33,"圣泉集团(605589,封单7.19亿)",先进封装(-0.0465)、存储芯片(-0.0497),113630.SH,赛伍转债,603212,赛伍技术,先进封装,605589,117.1878,命中先进封装,强赎中；退市日期2022-08-01,,,
2026-06-09,2026-06,34,"圣泉集团(605589,封单7.19亿)",先进封装(-0.0465)、存储芯片(-0.0497),113639.SH,华正转债,603186,华正新材,先进封装,605589,117.1878,命中先进封装,强赎中；退市日期2026-02-24,,,
2026-06-09,2026-06,35,"圣泉集团(605589,封单7.19亿)",先进封装(-0.0465)、存储芯片(-0.0497),118011.SH,银微转债,688689,银河微电,先进封装,605589,117.1878,命中先进封装,成交额偏低1.7万,138.999,140.127,0.8115
2026-06-09,2026-06,36,"圣泉集团(605589,封单7.19亿)",先进封装(-0.0465)、存储芯片(-0.0497),118018.SH,瑞科转债,688323,瑞华泰,先进封装,605589,117.1878,命中先进封装,强赎中；成交额偏低37.7万；退市日期2026-07-06,165.0,172.296,4.4218
2026-06-09,2026-06,37,"圣泉集团(605589,封单7.19亿)",先进封装(-0.0465)、存储芯片(-0.0497),118025.SH,奕瑞转债,688301,奕瑞科技,先进封装,605589,117.1878,命中先进封装,强赎中；成交额偏低6.3万；退市日期2026-07-06,149.0,150.463,0.9819
2026-06-09,2026-06,38,"圣泉集团(605589,封单7.19亿)",先进封装(-0.0465)、存储芯片(-0.0497),118033.SH,华特转债,688268,华特气体,存储芯片,605589,117.1878,命中存储芯片,强赎中；成交额偏低0.0万；退市日期2026-06-10,0.0,243.461,
2026-06-09,2026-06,39,"圣泉集团(605589,封单7.19亿)",先进封装(-0.0465)、存储芯片(-0.0497),118038.SH,金宏转债,688106,金宏气体,存储芯片,605589,117.1878,命中存储芯片,强赎中；退市日期2026-04-29,,,
2026-06-09,2026-06,40,"圣泉集团(605589,封单7.19亿)",先进封装(-0.0465)、存储芯片(-0.0497),118053.SH,正帆转债,688596,正帆科技,存储芯片,605589,117.1878,命中存储芯片,成交额偏低10.0万；剩余规模10.41亿,149.813,160.642,7.2283
2026-06-09,2026-06,41,"圣泉集团(605589,封单7.19亿)",先进封装(-0.0465)、存储芯片(-0.0497),118056.SH,路维转债,688401,路维光电,先进封装,605589,117.1878,命中先进封装,成交额偏低6.0万,280.0,291.543,4.1225
2026-06-09,2026-06,42,"圣泉集团(605589,封单7.19亿)",先进封装(-0.0465)、存储芯片(-0.0497),118057.SH,甬矽转债,688362,甬矽电子,先进封装,605589,117.1878,命中先进封装,强赎中；成交额偏低21.1万；退市日期2026-06-16,190.0,200.387,5.4668
2026-06-09,2026-06,43,"圣泉集团(605589,封单7.19亿)",先进封装(-0.0465)、存储芯片(-0.0497),118059.SH,颀中转债,688352,颀中科技,先进封装,605589,117.1878,命中先进封装,成交额偏低7.0万,198.197,202.504,2.1731
2026-06-09,2026-06,44,"圣泉集团(605589,封单7.19亿)",先进封装(-0.0465)、存储芯片(-0.0497),118062.SH,天准转债,688003,天准科技,先进封装,605589,117.1878,命中先进封装,成交额偏低8.5万,275.555,264.263,-4.0979
2026-06-09,2026-06,45,"圣泉集团(605589,封单7.19亿)",先进封装(-0.0465)、存储芯片(-0.0497),123022.SZ,长信转债,300088,长信科技,先进封装,605589,117.1878,命中先进封装,公告到期赎回；退市日期2025-03-19,,,
2026-06-09,2026-06,46,"圣泉集团(605589,封单7.19亿)",先进封装(-0.0465)、存储芯片(-0.0497),123027.SZ,蓝晓转债,300487,蓝晓科技,存储芯片,605589,117.1878,命中存储芯片,强赎中；退市日期2022-11-01,,,
2026-06-09,2026-06,47,"圣泉集团(605589,封单7.19亿)",先进封装(-0.0465)、存储芯片(-0.0497),123031.SZ,晶瑞转债,300655,晶瑞电材,存储芯片,605589,117.1878,命中存储芯片,公告到期赎回；退市日期2025-08-29,,,
2026-06-09,2026-06,48,"圣泉集团(605589,封单7.19亿)",先进封装(-0.0465)、存储芯片(-0.0497),123038.SZ,联得转债,300545,联得装备,先进封装,605589,117.1878,命中先进封装,强赎中；退市日期2025-08-20,,,
2026-06-09,2026-06,49,"圣泉集团(605589,封单7.19亿)",先进封装(-0.0465)、存储芯片(-0.0497),123050.SZ,聚飞转债,300303,聚飞光电,先进封装,605589,117.1878,命中先进封装,强赎中；退市日期2024-12-09,,,
2026-06-09,2026-06,50,"圣泉集团(605589,封单7.19亿)",先进封装(-0.0465)、存储芯片(-0.0497),123060.SZ,苏试转债,300416,苏试试验,先进封装,605589,117.1878,命中先进封装,强赎中；退市日期2023-01-30,,,
2026-06-23,2026-06,1,"卫星化学(002648,封单6.63亿)",POE胶膜(0.5077)、环氧丙烷(0.4033),125301.SZ,丝绸转债,000301,东方盛虹,POE胶膜、环氧丙烷,002648,216.6297,命中POE胶膜、环氧丙烷,退市日期2003-08-28,,,
2026-06-23,2026-06,2,"卫星化学(002648,封单6.63亿)",POE胶膜(0.5077)、环氧丙烷(0.4033),126301.SZ,丝绸转2,000301,东方盛虹,POE胶膜、环氧丙烷,002648,216.6297,命中POE胶膜、环氧丙烷,退市日期2006-09-18,,,
2026-06-23,2026-06,3,"卫星化学(002648,封单6.63亿)",POE胶膜(0.5077)、环氧丙烷(0.4033),127030.SZ,盛虹转债,000301,东方盛虹,POE胶膜、环氧丙烷,002648,216.6297,命中POE胶膜、环氧丙烷,成交额偏低0.6万；剩余规模49.97亿,120.0,118.0,-1.6667
2026-06-23,2026-06,4,"卫星化学(002648,封单6.63亿)",POE胶膜(0.5077)、环氧丙烷(0.4033),111007.SH,永和转债,605020,永和股份,环氧丙烷,002648,116.6297,命中环氧丙烷,强赎中；退市日期2025-10-10,,,
2026-06-23,2026-06,5,"卫星化学(002648,封单6.63亿)",POE胶膜(0.5077)、环氧丙烷(0.4033),113006.SH,深燃转债,601139,深圳燃气,POE胶膜,002648,116.6297,命中POE胶膜,退市日期2015-05-08,,,
2026-06-23,2026-06,6,"卫星化学(002648,封单6.63亿)",POE胶膜(0.5077)、环氧丙烷(0.4033),113034.SH,滨化转债,601678,滨化股份,环氧丙烷,002648,116.6297,命中环氧丙烷,退市日期2022-01-11,,,
2026-06-23,2026-06,7,"卫星化学(002648,封单6.63亿)",POE胶膜(0.5077)、环氧丙烷(0.4033),113067.SH,燃23转债,601139,深圳燃气,POE胶膜,002648,116.6297,命中POE胶膜,成交额偏低0.4万；剩余规模30.00亿,126.1,126.103,0.0024
2026-06-23,2026-06,8,"卫星化学(002648,封单6.63亿)",POE胶膜(0.5077)、环氧丙烷(0.4033),113551.SH,福特转债,603806,福斯特,POE胶膜,002648,116.6297,命中POE胶膜,退市日期2020-07-16,,,
2026-06-23,2026-06,9,"卫星化学(002648,封单6.63亿)",POE胶膜(0.5077)、环氧丙烷(0.4033),113611.SH,福20转债,603806,福斯特,POE胶膜,002648,116.6297,命中POE胶膜,退市日期2021-07-29,,,
2026-06-23,2026-06,10,"卫星化学(002648,封单6.63亿)",POE胶膜(0.5077)、环氧丙烷(0.4033),113630.SH,赛伍转债,603212,赛伍技术,POE胶膜,002648,116.6297,命中POE胶膜,强赎中；退市日期2022-08-01,,,
2026-06-23,2026-06,11,"卫星化学(002648,封单6.63亿)",POE胶膜(0.5077)、环氧丙烷(0.4033),113661.SH,福22转债,603806,福斯特,POE胶膜,002648,116.6297,命中POE胶膜,成交额偏低0.9万；剩余规模30.30亿,140.0,138.394,-1.1471
2026-06-23,2026-06,12,"卫星化学(002648,封单6.63亿)",POE胶膜(0.5077)、环氧丙烷(0.4033),113668.SH,鹿山转债,603051,鹿山新材,POE胶膜,002648,116.6297,命中POE胶膜,强赎中；退市日期2025-10-20,,,
2026-06-23,2026-06,13,"卫星化学(002648,封单6.63亿)",POE胶膜(0.5077)、环氧丙烷(0.4033),118008.SH,海优转债,688680,海优新材,POE胶膜,002648,116.6297,命中POE胶膜,强赎中；退市日期2026-04-07,,,
2026-06-23,2026-06,14,"卫星化学(002648,封单6.63亿)",POE胶膜(0.5077)、环氧丙烷(0.4033),123242.SZ,赛龙转债,301131,聚赛龙,POE胶膜,002648,116.6297,命中POE胶膜,强赎中；退市日期2026-03-13,,,
2026-06-23,2026-06,15,"卫星化学(002648,封单6.63亿)",POE胶膜(0.5077)、环氧丙烷(0.4033),127094.SZ,红墙转债,002809,红墙股份,环氧丙烷,002648,116.6297,命中环氧丙烷,强赎中；退市日期2026-04-23,,,
2026-06-23,2026-06,16,"卫星化学(002648,封单6.63亿)",POE胶膜(0.5077)、环氧丙烷(0.4033),128005.SZ,齐翔转债,002408,齐翔腾达,环氧丙烷,002648,116.6297,命中环氧丙烷,退市日期2015-06-15,,,
2026-06-23,2026-06,17,"卫星化学(002648,封单6.63亿)",POE胶膜(0.5077)、环氧丙烷(0.4033),128128.SZ,齐翔转2,002408,齐翔腾达,环氧丙烷,002648,116.6297,命中环氧丙烷,成交额偏低0.6万,112.65,112.171,-0.4252
2026-06-29,2026-06,1,"多氟多(002407,封单6.04亿)",氟化工(2.9021)、中芯国际概念(1.7925),110089.SH,兴发转债,600141,兴发集团,中芯国际概念,002407,116.0397,命中中芯国际概念,强赎中；退市日期2026-03-04,,,
2026-06-29,2026-06,2,"多氟多(002407,封单6.04亿)",氟化工(2.9021)、中芯国际概念(1.7925),111007.SH,永和转债,605020,永和股份,氟化工,002407,116.0397,命中氟化工,强赎中；退市日期2025-10-10,,,
2026-06-29,2026-06,3,"多氟多(002407,封单6.04亿)",氟化工(2.9021)、中芯国际概念(1.7925),111010.SH,立昂转债,605358,立昂微,中芯国际概念,002407,116.0397,命中中芯国际概念,强赎中；退市日期2026-06-18,,,
2026-06-29,2026-06,4,"多氟多(002407,封单6.04亿)",氟化工(2.9021)、中芯国际概念(1.7925),113510.SH,再升转债,603601,再升科技,中芯国际概念,002407,116.0397,命中中芯国际概念,退市日期2020-03-25,,,
2026-06-29,2026-06,5,"多氟多(002407,封单6.04亿)",氟化工(2.9021)、中芯国际概念(1.7925),113556.SH,至纯转债,603690,至纯科技,中芯国际概念,002407,116.0397,命中中芯国际概念,退市日期2021-01-26,,,
2026-06-29,2026-06,6,"多氟多(002407,封单6.04亿)",氟化工(2.9021)、中芯国际概念(1.7925),113616.SH,韦尔转债,603501,豪威集团,中芯国际概念,002407,116.0397,命中中芯国际概念,成交额偏低0.5万；剩余规模24.32亿,112.21,111.821,-0.3467
2026-06-29,2026-06,7,"多氟多(002407,封单6.04亿)",氟化工(2.9021)、中芯国际概念(1.7925),113621.SH,彤程转债,603650,彤程新材,中芯国际概念,002407,116.0397,命中中芯国际概念,强赎中；退市日期2025-11-14,,,
2026-06-29,2026-06,8,"多氟多(002407,封单6.04亿)",氟化工(2.9021)、中芯国际概念(1.7925),113657.SH,再22转债,603601,再升科技,中芯国际概念,002407,116.0397,命中中芯国际概念,强赎中；退市日期2026-01-21,,,
2026-06-29,2026-06,9,"多氟多(002407,封单6.04亿)",氟化工(2.9021)、中芯国际概念(1.7925),118033.SH,华特转债,688268,华特气体,中芯国际概念,002407,116.0397,命中中芯国际概念,强赎中；退市日期2026-06-10,,,
2026-06-29,2026-06,10,"多氟多(002407,封单6.04亿)",氟化工(2.9021)、中芯国际概念(1.7925),118036.SH,力合转债,688589,力合微,中芯国际概念,002407,116.0397,命中中芯国际概念,成交额偏低0.6万,129.69,129.011,-0.5236
2026-06-29,2026-06,11,"多氟多(002407,封单6.04亿)",氟化工(2.9021)、中芯国际概念(1.7925),118038.SH,金宏转债,688106,金宏气体,中芯国际概念,002407,116.0397,命中中芯国际概念,强赎中；退市日期2026-04-29,,,
2026-06-29,2026-06,12,"多氟多(002407,封单6.04亿)",氟化工(2.9021)、中芯国际概念(1.7925),118053.SH,正帆转债,688596,正帆科技,中芯国际概念,002407,116.0397,命中中芯国际概念,成交额偏低45.5万；剩余规模10.41亿,184.66,204.26,10.6141
2026-06-29,2026-06,13,"多氟多(002407,封单6.04亿)",氟化工(2.9021)、中芯国际概念(1.7925),118054.SH,安集转债,688019,安集科技,中芯国际概念,002407,116.0397,命中中芯国际概念,强赎中；退市日期2026-03-27,,,
2026-06-29,2026-06,14,"多氟多(002407,封单6.04亿)",氟化工(2.9021)、中芯国际概念(1.7925),118058.SH,微导转债,688147,微导纳米,中芯国际概念,002407,116.0397,命中中芯国际概念,成交额偏低19.4万；剩余规模11.70亿,485.0,493.788,1.812
2026-06-29,2026-06,15,"多氟多(002407,封单6.04亿)",氟化工(2.9021)、中芯国际概念(1.7925),123025.SZ,精测转债,300567,精测电子,中芯国际概念,002407,116.0397,命中中芯国际概念,公告到期赎回；退市日期2025-03-31,,,
2026-06-29,2026-06,16,"多氟多(002407,封单6.04亿)",氟化工(2.9021)、中芯国际概念(1.7925),123031.SZ,晶瑞转债,300655,晶瑞电材,中芯国际概念,002407,116.0397,命中中芯国际概念,公告到期赎回；退市日期2025-08-29,,,
2026-06-29,2026-06,17,"多氟多(002407,封单6.04亿)",氟化工(2.9021)、中芯国际概念(1.7925),123037.SZ,新莱转债,300260,新莱应材,中芯国际概念,002407,116.0397,命中中芯国际概念,退市日期2020-09-21,,,
2026-06-29,2026-06,18,"多氟多(002407,封单6.04亿)",氟化工(2.9021)、中芯国际概念(1.7925),123060.SZ,苏试转债,300416,苏试试验,中芯国际概念,002407,116.0397,命中中芯国际概念,强赎中；退市日期2023-01-30,,,
2026-06-29,2026-06,19,"多氟多(002407,封单6.04亿)",氟化工(2.9021)、中芯国际概念(1.7925),123062.SZ,三超转债,300554,三超新材,中芯国际概念,002407,116.0397,命中中芯国际概念,强赎中；退市日期2022-09-23,,,
2026-06-29,2026-06,20,"多氟多(002407,封单6.04亿)",氟化工(2.9021)、中芯国际概念(1.7925),123078.SZ,飞凯转债,300398,飞凯材料,中芯国际概念,002407,116.0397,命中中芯国际概念,强赎中；退市日期2025-05-30,,,
2026-06-29,2026-06,21,"多氟多(002407,封单6.04亿)",氟化工(2.9021)、中芯国际概念(1.7925),123115.SZ,捷捷转债,300623,捷捷微电,中芯国际概念,002407,116.0397,命中中芯国际概念,强赎中；退市日期2024-12-09,,,
2026-06-29,2026-06,22,"多氟多(002407,封单6.04亿)",氟化工(2.9021)、中芯国际概念(1.7925),123123.SZ,江丰转债,300666,江丰电子,中芯国际概念,002407,116.0397,命中中芯国际概念,强赎中；退市日期2022-12-30,,,
2026-06-29,2026-06,23,"多氟多(002407,封单6.04亿)",氟化工(2.9021)、中芯国际概念(1.7925),123124.SZ,晶瑞转2,300655,晶瑞电材,中芯国际概念,002407,116.0397,命中中芯国际概念,成交额偏低3.7万,159.6,156.358,-2.0313
2026-06-29,2026-06,24,"多氟多(002407,封单6.04亿)",氟化工(2.9021)、中芯国际概念(1.7925),123170.SZ,南电转债,300346,南大光电,中芯国际概念,002407,116.0397,命中中芯国际概念,强赎中；退市日期2024-11-26,,,
2026-06-29,2026-06,25,"多氟多(002407,封单6.04亿)",氟化工(2.9021)、中芯国际概念(1.7925),123176.SZ,精测转2,300567,精测电子,中芯国际概念,002407,116.0397,命中中芯国际概念,成交额偏低17.0万；剩余规模12.75亿,470.0,505.0,7.4468
2026-06-29,2026-06,26,"多氟多(002407,封单6.04亿)",氟化工(2.9021)、中芯国际概念(1.7925),123255.SZ,鼎龙转债,300054,鼎龙股份,中芯国际概念,002407,116.0397,命中中芯国际概念,成交额偏低22.7万,493.0,529.359,7.3751
2026-06-29,2026-06,27,"多氟多(002407,封单6.04亿)",氟化工(2.9021)、中芯国际概念(1.7925),124025.SZ,富乐定转,301297,富乐德,中芯国际概念,002407,116.0397,命中中芯国际概念,,,,
2026-06-29,2026-06,28,"多氟多(002407,封单6.04亿)",氟化工(2.9021)、中芯国际概念(1.7925),125969.SZ,安泰转债,000969,安泰科技,中芯国际概念,002407,116.0397,命中中芯国际概念,退市日期2010-06-23,,,
2026-06-29,2026-06,29,"多氟多(002407,封单6.04亿)",氟化工(2.9021)、中芯国际概念(1.7925),127009.SZ,冰轮转债,000811,冰轮环境,中芯国际概念,002407,116.0397,命中中芯国际概念,退市日期2019-10-23,,,
2026-06-29,2026-06,30,"多氟多(002407,封单6.04亿)",氟化工(2.9021)、中芯国际概念(1.7925),128033.SZ,迪龙转债,002658,雪迪龙,中芯国际概念,002407,116.0397,命中中芯国际概念,公告到期赎回；退市日期2023-12-28,,,
2026-06-30,2026-06,1,"水晶光电(002273,封单7.79亿)",光学元件(0.7389)、苹果概念(0.2104),128020.SZ,水晶转债,002273,水晶光电,光学元件、苹果概念,002273,1217.7903,正股为触发股，命中光学元件、苹果概念,退市日期2020-02-24,,,
2026-06-30,2026-06,2,"水晶光电(002273,封单7.79亿)",光学元件(0.7389)、苹果概念(0.2104),128101.SZ,联创转债,002036,联创电子,光学元件、苹果概念,002273,217.7903,命中光学元件、苹果概念,公告到期赎回；退市日期2026-03-17,,,
2026-06-30,2026-06,3,"水晶光电(002273,封单7.79亿)",光学元件(0.7389)、苹果概念(0.2104),110081.SH,闻泰转债,600745,*ST闻泰,苹果概念,002273,117.7903,命中苹果概念,成交额偏低6.5万；剩余规模80.63亿,96.376,92.498,-4.0238
2026-06-30,2026-06,4,"水晶光电(002273,封单7.79亿)",光学元件(0.7389)、苹果概念(0.2104),110101.SH,宝钛转债,600456,宝钛股份,苹果概念,002273,117.7903,命中苹果概念,剩余规模35.00亿,,,
2026-06-30,2026-06,5,"水晶光电(002273,封单7.79亿)",光学元件(0.7389)、苹果概念(0.2104),110800.SH,赛腾定转,603283,赛腾股份,苹果概念,002273,117.7903,命中苹果概念,退市日期2021-05-31,,,
2026-06-30,2026-06,6,"水晶光电(002273,封单7.79亿)",光学元件(0.7389)、苹果概念(0.2104),111012.SH,福新转债,605488,福莱新材,苹果概念,002273,117.7903,命中苹果概念,成交额偏低15.3万,269.0,293.944,9.2729
2026-06-30,2026-06,7,"水晶光电(002273,封单7.79亿)",光学元件(0.7389)、苹果概念(0.2104),113045.SH,环旭转债,601231,环旭电子,苹果概念,002273,117.7903,命中苹果概念,强赎中；退市日期2026-01-29,,,
2026-06-30,2026-06,8,"水晶光电(002273,封单7.79亿)",光学元件(0.7389)、苹果概念(0.2104),113046.SH,金田转债,601609,金田股份,苹果概念,002273,117.7903,命中苹果概念,成交额偏低1.2万；剩余规模14.99亿,128.999,133.384,3.3993
2026-06-30,2026-06,9,"水晶光电(002273,封单7.79亿)",光学元件(0.7389)、苹果概念(0.2104),113064.SH,东材转债,601208,东材科技,苹果概念,002273,117.7903,命中苹果概念,强赎中；退市日期2025-09-08,,,
2026-06-30,2026-06,10,"水晶光电(002273,封单7.79亿)",光学元件(0.7389)、苹果概念(0.2104),113068.SH,金铜转债,601609,金田股份,苹果概念,002273,117.7903,命中苹果概念,强赎中；退市日期2025-08-26,,,
2026-06-30,2026-06,11,"水晶光电(002273,封单7.79亿)",光学元件(0.7389)、苹果概念(0.2104),113521.SH,科森转债,603626,科森科技,苹果概念,002273,117.7903,命中苹果概念,退市日期2020-11-27,,,
2026-06-30,2026-06,12,"水晶光电(002273,封单7.79亿)",光学元件(0.7389)、苹果概念(0.2104),113573.SH,纵横转债,603602,纵横通信,苹果概念,002273,117.7903,命中苹果概念,强赎中；退市日期2024-12-05,,,
2026-06-30,2026-06,13,"水晶光电(002273,封单7.79亿)",光学元件(0.7389)、苹果概念(0.2104),113672.SH,福蓉转债,603327,福蓉科技,苹果概念,002273,117.7903,命中苹果概念,强赎中；退市日期2026-01-29,,,
2026-06-30,2026-06,14,"水晶光电(002273,封单7.79亿)",光学元件(0.7389)、苹果概念(0.2104),118003.SH,华兴转债,688001,华兴源创,苹果概念,002273,117.7903,命中苹果概念,强赎中；退市日期2026-05-19,,,
2026-06-30,2026-06,15,"水晶光电(002273,封单7.79亿)",光学元件(0.7389)、苹果概念(0.2104),118024.SH,冠宇转债,688772,珠海冠宇,苹果概念,002273,117.7903,命中苹果概念,成交额偏低1.9万；剩余规模30.89亿,126.96,129.91,2.3236
2026-06-30,2026-06,16,"水晶光电(002273,封单7.79亿)",光学元件(0.7389)、苹果概念(0.2104),118043.SH,福立转债,688678,福立旺,苹果概念,002273,117.7903,命中苹果概念,强赎中；退市日期2026-02-11,,,
2026-06-30,2026-06,17,"水晶光电(002273,封单7.79亿)",光学元件(0.7389)、苹果概念(0.2104),118061.SH,茂莱转债,688502,茂莱光学,光学元件,002273,117.7903,命中光学元件,成交额偏低29.8万,221.0,263.852,19.39
2026-06-30,2026-06,18,"水晶光电(002273,封单7.79亿)",光学元件(0.7389)、苹果概念(0.2104),118062.SH,天准转债,688003,天准科技,苹果概念,002273,117.7903,命中苹果概念,成交额偏低13.2万,281.475,312.023,10.8528
2026-06-30,2026-06,19,"水晶光电(002273,封单7.79亿)",光学元件(0.7389)、苹果概念(0.2104),118066.SH,统联转债,688210,统联精密,苹果概念,002273,117.7903,命中苹果概念,成交额偏低0.4万,132.5,136.74,3.2
2026-06-30,2026-06,20,"水晶光电(002273,封单7.79亿)",光学元件(0.7389)、苹果概念(0.2104),123003.SZ,蓝思转债,300433,蓝思科技,苹果概念,002273,117.7903,命中苹果概念,退市日期2020-02-19,,,
2026-06-30,2026-06,21,"水晶光电(002273,封单7.79亿)",光学元件(0.7389)、苹果概念(0.2104),123016.SZ,洲明转债,300232,洲明科技,苹果概念,002273,117.7903,命中苹果概念,退市日期2020-03-20,,,
2026-06-30,2026-06,22,"水晶光电(002273,封单7.79亿)",光学元件(0.7389)、苹果概念(0.2104),123022.SZ,长信转债,300088,长信科技,苹果概念,002273,117.7903,命中苹果概念,公告到期赎回；退市日期2025-03-19,,,
2026-06-30,2026-06,23,"水晶光电(002273,封单7.79亿)",光学元件(0.7389)、苹果概念(0.2104),123025.SZ,精测转债,300567,精测电子,苹果概念,002273,117.7903,命中苹果概念,公告到期赎回；退市日期2025-03-31,,,
2026-06-30,2026-06,24,"水晶光电(002273,封单7.79亿)",光学元件(0.7389)、苹果概念(0.2104),123038.SZ,联得转债,300545,联得装备,苹果概念,002273,117.7903,命中苹果概念,强赎中；退市日期2025-08-20,,,
2026-06-30,2026-06,25,"水晶光电(002273,封单7.79亿)",光学元件(0.7389)、苹果概念(0.2104),123058.SZ,欣旺转债,300207,欣旺达,苹果概念,002273,117.7903,命中苹果概念,退市日期2021-07-14,,,
2026-06-30,2026-06,26,"水晶光电(002273,封单7.79亿)",光学元件(0.7389)、苹果概念(0.2104),123138.SZ,丝路转债,300556,丝路视觉,苹果概念,002273,117.7903,命中苹果概念,成交额偏低0.2万,123.648,124.118,0.3801
2026-06-30,2026-06,27,"水晶光电(002273,封单7.79亿)",光学元件(0.7389)、苹果概念(0.2104),123176.SZ,精测转2,300567,精测电子,苹果概念,002273,117.7903,命中苹果概念,成交额偏低19.8万；剩余规模12.75亿,508.0,537.278,5.7634
2026-06-30,2026-06,28,"水晶光电(002273,封单7.79亿)",光学元件(0.7389)、苹果概念(0.2104),123193.SZ,海能转债,300787,海能实业,苹果概念,002273,117.7903,命中苹果概念,成交额偏低0.3万,123.356,124.456,0.8917
2026-06-30,2026-06,29,"水晶光电(002273,封单7.79亿)",光学元件(0.7389)、苹果概念(0.2104),123237.SZ,佳禾转债,300793,佳禾智能,苹果概念,002273,117.7903,命中苹果概念,成交额偏低0.4万,128.688,130.79,1.6334
2026-06-30,2026-06,30,"水晶光电(002273,封单7.79亿)",光学元件(0.7389)、苹果概念(0.2104),123262.SZ,神宇转债,300563,神宇股份,苹果概念,002273,117.7903,命中苹果概念,成交额偏低3.1万,131.963,140.305,6.3215
2026-06-30,2026-06,31,"水晶光电(002273,封单7.79亿)",光学元件(0.7389)、苹果概念(0.2104),125969.SZ,安泰转债,000969,安泰科技,苹果概念,002273,117.7903,命中苹果概念,退市日期2010-06-23,,,
2026-06-30,2026-06,32,"水晶光电(002273,封单7.79亿)",光学元件(0.7389)、苹果概念(0.2104),127026.SZ,超声转债,000823,超声电子,苹果概念,002273,117.7903,命中苹果概念,强赎中；退市日期2026-06-24,,,
2026-06-30,2026-06,33,"水晶光电(002273,封单7.79亿)",光学元件(0.7389)、苹果概念(0.2104),127051.SZ,博杰转债,002975,博杰股份,苹果概念,002273,117.7903,命中苹果概念,强赎中；退市日期2025-05-08,,,
2026-06-30,2026-06,34,"水晶光电(002273,封单7.79亿)",光学元件(0.7389)、苹果概念(0.2104),127107.SZ,领益转债,002600,领益智造,苹果概念,002273,117.7903,命中苹果概念,强赎中；退市日期2025-10-23,,,
2026-06-30,2026-06,35,"水晶光电(002273,封单7.79亿)",光学元件(0.7389)、苹果概念(0.2104),128009.SZ,歌尔转债,002241,歌尔股份,苹果概念,002273,117.7903,命中苹果概念,退市日期2017-07-10,,,
2026-06-30,2026-06,36,"水晶光电(002273,封单7.79亿)",光学元件(0.7389)、苹果概念(0.2104),128035.SZ,大族转债,002008,大族激光,苹果概念,002273,117.7903,命中苹果概念,公告到期赎回；退市日期2024-02-07,,,
2026-06-30,2026-06,37,"水晶光电(002273,封单7.79亿)",光学元件(0.7389)、苹果概念(0.2104),128088.SZ,深南转债,002916,深南电路,苹果概念,002273,117.7903,命中苹果概念,退市日期2020-09-11,,,
2026-06-30,2026-06,38,"水晶光电(002273,封单7.79亿)",光学元件(0.7389)、苹果概念(0.2104),128112.SZ,歌尔转2,002241,歌尔股份,苹果概念,002273,117.7903,命中苹果概念,退市日期2021-03-11,,,
2026-06-30,2026-06,39,"水晶光电(002273,封单7.79亿)",光学元件(0.7389)、苹果概念(0.2104),128118.SZ,瀛通转债,002861,瀛通通讯,苹果概念,002273,117.7903,命中苹果概念,强赎中；退市日期2024-12-27,,,
2026-06-30,2026-06,40,"水晶光电(002273,封单7.79亿)",光学元件(0.7389)、苹果概念(0.2104),128136.SZ,立讯转债,002475,立讯精密,苹果概念,002273,117.7903,命中苹果概念,成交额偏低4.0万；剩余规模29.85亿,138.4,141.0,1.8786
