trade_date,rank,code,name,stock_code,stock_name,route,grade,total_score,price,maturity_call_price,maturity_call_price_source,price_gap,premium_rate,maturity_days_left,rating,state_control,call_risk,route_a_score,route_b_score,floor_safety_score,equity_flex_score,theme_hot_score,liquidity_score,governance_score,risk_flags,missing_fields,return_1w_pct,exit_1w_date,exit_1w_type,return_2w_pct,exit_2w_date,exit_2w_type,return_4w_pct,exit_4w_date,exit_4w_type
2026-01-05,1,127016.SZ,鲁泰转债,000726,鲁泰A,B下修事件,B,57.0,111.23,111.0,cb_call.call_price,0.23,31.25,-82,AA+,False,安全,40.1,83.0,73.9,41.0,62.5,12.1,60.0,,pledge_total_ratio/ownership_nature,0.2733,2026-01-12,到期收盘,0.1582,2026-01-19,到期收盘,-0.1016,2026-02-02,到期收盘
2026-01-05,2,128097.SZ,奥佳转债,002614,奥佳华,B下修事件,B,55.3,110.12,110.0,cb_call.call_price,0.12,41.63,-125,A+,False,安全,36.3,83.0,74.9,35.2,62.6,5.8,60.0,,pledge_total_ratio/ownership_nature,0.0309,2026-01-12,到期收盘,-0.0309,2026-01-19,到期收盘,-0.257,2026-02-02,到期收盘
2026-01-05,3,127017.SZ,万青转债,000789,万年青,B下修事件,B,54.8,112.86,113.0,cb_call.call_price,-0.14,82.34,-27,AA+,False,安全,34.1,83.0,76.0,30.5,62.6,6.9,60.0,,pledge_total_ratio/ownership_nature,0.4049,2026-01-12,到期收盘,0.2321,2026-01-19,到期收盘,0.4785,2026-02-02,到期收盘
2026-01-05,4,113579.SH,健友转债,603707,健友股份,B下修事件,B,54.7,108.67,109.0,cb_call.call_price,-0.33,189.38,-68,AA,False,安全,33.0,83.0,76.0,30.5,60.0,8.5,60.0,,pledge_total_ratio/ownership_nature,0.3294,2026-01-12,到期收盘,-0.0202,2026-01-19,到期收盘,0.1141,2026-02-02,到期收盘
2026-01-05,5,113037.SH,紫银转债,601860,紫金银行,B下修事件,B,51.0,109.72,110.0,cb_basic.maturity_call_price,-0.28,40.61,23,AA+,False,安全,38.6,83.0,61.8,35.8,62.5,19.9,60.0,,pledge_total_ratio/ownership_nature,0.4821,2026-01-12,到期收盘,0.1905,2026-01-19,到期收盘,0.1458,2026-02-02,到期收盘
2026-01-05,6,127018.SZ,本钢转债,000761,本钢板材,底价观察,B,47.0,121.29,119.0,cb_call.call_price,2.29,20.93,-1,AAA,False,安全,44.7,53.0,55.4,32.2,60.0,20.6,60.0,,pledge_total_ratio/ownership_nature,1.5533,2026-01-12,到期收盘,0.8946,2026-01-19,到期收盘,1.4923,2026-02-02,到期收盘
2026-01-05,7,123108.SZ,乐普转2,300003,乐普医疗,B下修事件,B,47.0,110.81,107.8,cb_call.call_price,3.01,62.74,-92,AA+,False,安全,39.7,83.0,48.9,30.5,60.0,53.2,60.0,,pledge_total_ratio/ownership_nature,1.0396,2026-01-12,到期收盘,-0.9124,2026-01-19,到期收盘,-2.599,2026-02-02,到期收盘
2026-01-05,8,113033.SH,利群转债,601366,利群股份,底价观察,B,45.3,113.41,110.0,cb_call.call_price,3.41,11.79,-90,AA,False,安全,50.5,53.0,45.3,45.0,60.0,16.5,60.0,,pledge_total_ratio/ownership_nature,2.3816,2026-01-12,到期收盘,5.0,2026-01-15,止盈,5.0,2026-01-15,止盈
2026-01-05,9,128135.SZ,洽洽转债,002557,洽洽食品,B下修事件,C,43.7,116.31,115.0,cb_basic.maturity_call_price,1.31,187.11,112,AA,False,安全,33.9,83.0,51.7,30.5,62.5,6.0,60.0,,pledge_total_ratio/ownership_nature,0.5073,2026-01-12,到期收盘,0.4213,2026-01-19,到期收盘,-0.0946,2026-02-02,到期收盘
2026-01-05,10,128124.SZ,科华转债,002022,科华生物,B下修事件,C,43.5,108.2,106.0,cb_call.call_price,2.2,263.71,28,A,False,安全,32.5,83.0,51.9,30.5,60.0,5.0,60.0,,pledge_total_ratio/ownership_nature,0.9242,2026-01-12,到期收盘,0.537,2026-01-19,到期收盘,5.0,2026-01-26,止盈
2026-01-05,11,127027.SZ,能化转债,000552,甘肃能化,B下修事件,C,32.0,114.27,110.0,cb_basic.maturity_call_price,4.27,43.08,163,AAA,False,安全,34.6,83.0,24.1,34.4,60.0,5.8,60.0,,pledge_total_ratio/ownership_nature,2.1615,2026-01-12,到期收盘,1.0108,2026-01-19,到期收盘,5.0,2026-01-30,止盈
2026-01-05,12,123151.SZ,康医转债,300869,康泰医学,B下修事件,C,30.3,119.5,115.0,cb_basic.maturity_call_price,4.5,110.49,732,A+,False,安全,33.4,83.0,21.2,30.5,60.0,11.3,60.0,,pledge_total_ratio/ownership_nature,1.9791,2026-01-12,到期收盘,1.672,2026-01-19,到期收盘,2.0527,2026-02-02,到期收盘
2026-01-06,1,128097.SZ,奥佳转债,002614,奥佳华,B下修事件,B,55.2,110.14,110.0,cb_call.call_price,0.14,40.69,-125,A+,False,安全,35.4,83.0,74.7,35.7,60.0,6.7,60.0,,pledge_total_ratio/ownership_nature,-0.0944,2026-01-13,到期收盘,-0.1071,2026-01-20,到期收盘,-0.2606,2026-02-03,到期收盘
2026-01-06,2,113579.SH,健友转债,603707,健友股份,B下修事件,B,55.0,108.7,109.0,cb_call.call_price,-0.3,186.64,-68,AA,False,安全,34.3,83.0,76.0,30.5,62.5,8.8,60.0,,pledge_total_ratio/ownership_nature,0.2088,2026-01-13,到期收盘,-0.0359,2026-01-20,到期收盘,0.104,2026-02-03,到期收盘
2026-01-06,3,127017.SZ,万青转债,000789,万年青,B下修事件,B,54.7,112.91,113.0,cb_call.call_price,-0.09,80.7,-27,AA+,False,安全,34.0,83.0,76.0,30.5,62.5,6.3,60.0,,pledge_total_ratio/ownership_nature,0.2622,2026-01-13,到期收盘,0.0664,2026-01-20,到期收盘,0.9565,2026-02-03,到期收盘
2026-01-06,4,127016.SZ,鲁泰转债,000726,鲁泰A,B下修事件,B,54.1,111.79,111.0,cb_call.call_price,0.79,30.63,-82,AA+,False,安全,38.3,83.0,68.9,41.3,60.0,7.2,60.0,,pledge_total_ratio/ownership_nature,-0.4025,2026-01-13,到期收盘,-0.2657,2026-01-20,到期收盘,-0.4634,2026-02-03,到期收盘
2026-01-06,5,113037.SH,紫银转债,601860,紫金银行,B下修事件,B,51.2,109.98,110.0,cb_basic.maturity_call_price,-0.02,39.94,23,AA+,False,安全,38.9,83.0,61.8,36.1,62.5,20.7,60.0,,pledge_total_ratio/ownership_nature,0.1473,2026-01-13,到期收盘,-0.1273,2026-01-20,到期收盘,-0.16,2026-02-03,到期收盘
2026-01-06,6,123108.SZ,乐普转2,300003,乐普医疗,B下修事件,B,48.4,110.01,107.8,cb_call.call_price,2.21,57.09,-92,AA+,False,安全,37.1,83.0,56.1,30.5,60.0,35.8,60.0,,pledge_total_ratio/ownership_nature,0.5436,2026-01-13,到期收盘,-1.0272,2026-01-20,到期收盘,-1.5999,2026-02-03,到期收盘
2026-01-06,7,127018.SZ,本钢转债,000761,本钢板材,底价观察,C,43.6,122.44,119.0,cb_call.call_price,3.44,18.83,-1,AAA,False,安全,47.9,53.0,45.0,35.1,62.5,23.6,60.0,,pledge_total_ratio/ownership_nature,0.049,2026-01-13,到期收盘,0.049,2026-01-20,到期收盘,1.1924,2026-02-03,到期收盘
2026-01-06,8,128124.SZ,科华转债,002022,科华生物,B下修事件,C,42.9,108.34,106.0,cb_call.call_price,2.34,265.39,28,A,False,安全,32.5,83.0,50.6,30.5,60.0,5.0,60.0,,pledge_total_ratio/ownership_nature,0.612,2026-01-13,到期收盘,-0.1052,2026-01-20,到期收盘,5.0,2026-01-26,止盈
2026-01-06,9,113033.SH,利群转债,601366,利群股份,底价观察,C,41.4,114.49,110.0,cb_call.call_price,4.49,11.5,-90,AA,False,安全,51.3,53.0,35.6,45.4,60.0,20.7,60.0,,pledge_total_ratio/ownership_nature,-0.1162,2026-01-13,到期收盘,5.0,2026-01-15,止盈,5.0,2026-01-15,止盈
2026-01-06,10,128135.SZ,洽洽转债,002557,洽洽食品,B下修事件,C,40.1,117.2,115.0,cb_basic.maturity_call_price,2.2,187.5,112,AA,False,安全,33.8,83.0,43.7,30.5,62.5,5.6,60.0,,pledge_total_ratio/ownership_nature,-0.8362,2026-01-13,到期收盘,-0.3541,2026-01-20,到期收盘,-0.7534,2026-02-03,到期收盘
2026-01-06,11,127061.SZ,美锦转债,000723,美锦能源,底价观察,C,36.5,120.65,118.0,cb_basic.maturity_call_price,2.65,29.78,660,A,False,安全,41.6,53.0,36.3,23.8,62.3,20.2,60.0,,pledge_total_ratio/ownership_nature,1.5334,2026-01-13,到期收盘,0.2942,2026-01-20,到期收盘,5.0,2026-01-30,止盈
2026-01-07,1,127016.SZ,鲁泰转债,000726,鲁泰A,B下修事件,B,56.6,111.31,111.0,cb_call.call_price,0.31,30.25,-82,AA+,False,安全,39.2,83.0,73.2,41.6,60.0,12.7,60.0,,pledge_total_ratio/ownership_nature,-0.0818,2026-01-14,到期收盘,0.0836,2026-01-21,到期收盘,0.0521,2026-02-04,到期收盘
2026-01-07,2,128097.SZ,奥佳转债,002614,奥佳华,B下修事件,B,55.1,110.14,110.0,cb_call.call_price,0.14,43.63,-125,A+,False,安全,35.9,83.0,74.7,34.1,62.5,7.3,60.0,,pledge_total_ratio/ownership_nature,-0.1262,2026-01-14,到期收盘,0.5084,2026-01-21,到期收盘,-0.2733,2026-02-04,到期收盘
2026-01-07,3,113579.SH,健友转债,603707,健友股份,B下修事件,B,55.0,108.81,109.0,cb_call.call_price,-0.19,185.71,-68,AA,False,安全,34.5,83.0,76.0,30.5,62.5,9.7,60.0,,pledge_total_ratio/ownership_nature,-0.0018,2026-01-14,到期收盘,-0.1719,2026-01-21,到期收盘,0.0561,2026-02-04,到期收盘
2026-01-07,4,127017.SZ,万青转债,000789,万年青,B下修事件,B,53.7,113.3,113.0,cb_call.call_price,0.3,80.3,-27,AA+,False,安全,34.2,83.0,73.3,30.5,62.5,7.9,60.0,,pledge_total_ratio/ownership_nature,0.0177,2026-01-14,到期收盘,-0.2983,2026-01-21,到期收盘,1.3566,2026-02-04,到期收盘
2026-01-07,5,113037.SH,紫银转债,601860,紫金银行,B下修事件,B,50.6,109.82,110.0,cb_basic.maturity_call_price,-0.18,40.74,23,AA+,False,安全,37.2,83.0,61.8,35.7,60.0,18.8,60.0,,pledge_total_ratio/ownership_nature,0.2996,2026-01-14,到期收盘,-0.0264,2026-01-21,到期收盘,0.0355,2026-02-04,到期收盘
2026-01-07,6,123108.SZ,乐普转2,300003,乐普医疗,B下修事件,B,49.3,109.45,107.8,cb_call.call_price,1.65,64.56,-92,AA+,False,安全,35.1,83.0,61.1,30.5,60.0,22.2,60.0,,pledge_total_ratio/ownership_nature,2.6542,2026-01-14,到期收盘,0.0009,2026-01-21,到期收盘,-1.2819,2026-02-04,到期收盘
2026-01-07,7,127018.SZ,本钢转债,000761,本钢板材,底价观察,C,44.3,122.1,119.0,cb_call.call_price,3.1,20.27,-1,AAA,False,安全,46.6,53.0,48.1,33.1,62.6,21.4,60.0,,pledge_total_ratio/ownership_nature,0.2457,2026-01-14,到期收盘,0.5651,2026-01-21,到期收盘,2.7166,2026-02-04,到期收盘
2026-01-07,8,128124.SZ,科华转债,002022,科华生物,B下修事件,C,42.7,108.4,106.0,cb_call.call_price,2.4,271.67,28,A,False,安全,32.5,83.0,50.1,30.5,60.0,5.0,60.0,,pledge_total_ratio/ownership_nature,0.4502,2026-01-14,到期收盘,0.1319,2026-01-21,到期收盘,5.0,2026-01-26,止盈
2026-01-07,9,128135.SZ,洽洽转债,002557,洽洽食品,B下修事件,C,41.8,116.78,115.0,cb_basic.maturity_call_price,1.78,187.26,112,AA,False,安全,33.9,83.0,47.4,30.5,62.5,5.8,60.0,,pledge_total_ratio/ownership_nature,-0.3211,2026-01-14,到期收盘,0.1045,2026-01-21,到期收盘,0.0094,2026-02-04,到期收盘
2026-01-07,10,113033.SH,利群转债,601366,利群股份,底价观察,C,41.3,114.5,110.0,cb_call.call_price,4.5,11.28,-90,AA,False,安全,52.1,53.0,35.5,45.7,62.5,16.8,60.0,,pledge_total_ratio/ownership_nature,-0.5258,2026-01-14,到期收盘,5.0,2026-01-15,止盈,5.0,2026-01-15,止盈
2026-01-07,11,127061.SZ,美锦转债,000723,美锦能源,底价观察,C,28.8,122.59,118.0,cb_basic.maturity_call_price,4.59,29.75,660,A,False,安全,41.1,53.0,18.7,23.8,60.0,24.4,60.0,,pledge_total_ratio/ownership_nature,-0.3222,2026-01-14,到期收盘,-0.9985,2026-01-21,到期收盘,1.7212,2026-02-04,到期收盘
2026-01-08,1,127016.SZ,鲁泰转债,000726,鲁泰A,B下修事件,B,56.5,111.43,111.0,cb_call.call_price,0.43,30.75,-82,AA+,False,安全,40.6,83.0,72.2,41.3,62.6,14.6,60.0,,pledge_total_ratio/ownership_nature,-0.1355,2026-01-15,到期收盘,0.4469,2026-01-22,到期收盘,-0.1274,2026-02-05,到期收盘
2026-01-08,2,128097.SZ,奥佳转债,002614,奥佳华,B下修事件,B,54.8,110.17,110.0,cb_call.call_price,0.17,41.88,-125,A+,False,安全,34.8,83.0,74.5,35.0,60.0,5.0,60.0,,pledge_total_ratio/ownership_nature,-0.1534,2026-01-15,到期收盘,0.2977,2026-01-22,到期收盘,-0.275,2026-02-05,到期收盘
2026-01-08,3,113579.SH,健友转债,603707,健友股份,B下修事件,B,54.5,108.8,109.0,cb_call.call_price,-0.2,184.75,-68,AA,False,安全,32.8,83.0,76.0,30.5,60.0,6.7,60.0,,pledge_total_ratio/ownership_nature,-0.1121,2026-01-15,到期收盘,0.0037,2026-01-22,到期收盘,0.0423,2026-02-05,到期收盘
2026-01-08,4,127017.SZ,万青转债,000789,万年青,B下修事件,B,54.3,113.03,113.0,cb_call.call_price,0.03,79.55,-27,AA+,False,安全,32.7,83.0,75.7,30.5,60.0,6.4,60.0,,pledge_total_ratio/ownership_nature,0.23,2026-01-15,到期收盘,0.6494,2026-01-22,到期收盘,0.9449,2026-02-05,到期收盘
2026-01-08,5,128129.SZ,青农转债,002958,青农商行,B下修事件,B,51.1,108.03,108.0,cb_basic.maturity_call_price,0.03,39.84,56,AAA,False,安全,39.1,83.0,61.5,36.2,62.5,21.7,60.0,,pledge_total_ratio/ownership_nature,0.2314,2026-01-15,到期收盘,0.2407,2026-01-22,到期收盘,-0.037,2026-02-05,到期收盘
2026-01-08,6,113037.SH,紫银转债,601860,紫金银行,B下修事件,B,51.0,109.79,110.0,cb_basic.maturity_call_price,-0.21,41.22,23,AA+,False,安全,38.6,83.0,61.8,35.4,62.5,20.6,60.0,,pledge_total_ratio/ownership_nature,0.266,2026-01-15,到期收盘,0.1567,2026-01-22,到期收盘,0.1166,2026-02-05,到期收盘
2026-01-08,7,123108.SZ,乐普转2,300003,乐普医疗,B下修事件,C,43.5,111.0,107.8,cb_call.call_price,3.2,57.46,-92,AA+,False,安全,35.6,83.0,47.2,30.5,60.0,25.9,60.0,,pledge_total_ratio/ownership_nature,0.8477,2026-01-15,到期收盘,-1.4414,2026-01-22,到期收盘,-2.5775,2026-02-05,到期收盘
2026-01-08,8,127018.SZ,本钢转债,000761,本钢板材,底价观察,C,43.3,122.41,119.0,cb_call.call_price,3.41,19.15,-1,AAA,False,安全,47.2,53.0,45.3,34.7,62.5,20.4,60.0,,pledge_total_ratio/ownership_nature,-0.223,2026-01-15,到期收盘,1.6821,2026-01-22,到期收盘,2.8985,2026-02-05,到期收盘
2026-01-08,9,128124.SZ,科华转债,002022,科华生物,B下修事件,C,42.4,108.46,106.0,cb_call.call_price,2.46,265.78,28,A,False,安全,32.5,83.0,49.6,30.5,60.0,5.0,60.0,,pledge_total_ratio/ownership_nature,0.2711,2026-01-15,到期收盘,0.3679,2026-01-22,到期收盘,5.0,2026-01-26,止盈
2026-01-08,10,128135.SZ,洽洽转债,002557,洽洽食品,B下修事件,C,41.2,116.88,115.0,cb_basic.maturity_call_price,1.88,183.3,112,AA,False,安全,32.7,83.0,46.6,30.5,60.0,6.2,60.0,,pledge_total_ratio/ownership_nature,-0.5638,2026-01-15,到期收盘,0.3765,2026-01-22,到期收盘,-0.1626,2026-02-05,到期收盘
2026-01-08,11,113033.SH,利群转债,601366,利群股份,底价观察,C,39.8,114.89,110.0,cb_call.call_price,4.89,10.99,-90,AA,False,安全,52.3,53.0,32.0,46.1,62.6,16.4,60.0,,pledge_total_ratio/ownership_nature,5.0,2026-01-15,止盈,5.0,2026-01-15,止盈,5.0,2026-01-15,止盈
2026-01-09,1,127016.SZ,鲁泰转债,000726,鲁泰A,B下修事件,B,55.8,111.42,111.0,cb_call.call_price,0.42,29.84,-82,AA+,False,安全,38.7,83.0,72.2,41.8,60.0,8.5,60.0,,pledge_total_ratio/ownership_nature,0.0709,2026-01-16,到期收盘,1.226,2026-01-23,到期收盘,0.009,2026-02-06,到期收盘
2026-01-09,2,128097.SZ,奥佳转债,002614,奥佳华,B下修事件,B,55.5,110.09,110.0,cb_call.call_price,0.09,41.98,-125,A+,False,安全,35.4,83.0,75.2,35.0,60.0,9.1,60.0,,pledge_total_ratio/ownership_nature,-0.0672,2026-01-16,到期收盘,0.2062,2026-01-23,到期收盘,-0.198,2026-02-06,到期收盘
2026-01-09,3,113579.SH,健友转债,603707,健友股份,B下修事件,B,54.6,108.92,109.0,cb_call.call_price,-0.08,179.95,-68,AA,False,安全,33.8,83.0,76.0,30.5,62.5,5.0,60.0,,pledge_total_ratio/ownership_nature,-0.2213,2026-01-16,到期收盘,0.0652,2026-01-23,到期收盘,-0.079,2026-02-06,到期收盘
2026-01-09,4,127017.SZ,万青转债,000789,万年青,B下修事件,B,53.6,113.19,113.0,cb_call.call_price,0.19,80.47,-27,AA+,False,安全,32.6,83.0,74.3,30.5,60.0,5.7,60.0,,pledge_total_ratio/ownership_nature,-0.0574,2026-01-16,到期收盘,0.5036,2026-01-23,到期收盘,0.7589,2026-02-06,到期收盘
2026-01-09,5,113037.SH,紫银转债,601860,紫金银行,B下修事件,B,50.6,110.02,110.0,cb_basic.maturity_call_price,0.02,41.0,23,AA+,False,安全,37.3,83.0,61.7,35.5,60.0,20.0,60.0,,pledge_total_ratio/ownership_nature,-0.0027,2026-01-16,到期收盘,-0.0045,2026-01-23,到期收盘,-0.1354,2026-02-06,到期收盘
2026-01-09,6,128129.SZ,青农转债,002958,青农商行,B下修事件,B,49.6,108.32,108.0,cb_basic.maturity_call_price,0.32,39.77,56,AAA,False,安全,37.7,83.0,58.9,36.2,60.0,20.8,60.0,,pledge_total_ratio/ownership_nature,-0.1865,2026-01-16,到期收盘,-0.0305,2026-01-23,到期收盘,-0.3037,2026-02-06,到期收盘
2026-01-09,7,127018.SZ,本钢转债,000761,本钢板材,底价观察,C,42.2,122.6,119.0,cb_call.call_price,3.6,20.4,-1,AAA,False,安全,46.3,53.0,43.6,32.9,62.5,20.8,60.0,,pledge_total_ratio/ownership_nature,-0.3842,2026-01-16,到期收盘,1.6713,2026-01-23,到期收盘,1.9984,2026-02-06,到期收盘
2026-01-09,8,123108.SZ,乐普转2,300003,乐普医疗,B下修事件,C,42.1,111.25,107.8,cb_call.call_price,3.45,59.35,-92,AA+,False,安全,35.0,83.0,45.0,30.5,60.0,21.9,60.0,,pledge_total_ratio/ownership_nature,-0.9007,2026-01-16,到期收盘,-1.3016,2026-01-23,到期收盘,-2.844,2026-02-06,到期收盘
2026-01-09,9,128124.SZ,科华转债,002022,科华生物,B下修事件,C,41.8,108.62,106.0,cb_call.call_price,2.62,262.78,28,A,False,安全,32.5,83.0,48.1,30.5,60.0,5.0,60.0,,pledge_total_ratio/ownership_nature,-0.0184,2026-01-16,到期收盘,0.3526,2026-01-23,到期收盘,5.0,2026-01-26,止盈
2026-01-09,10,128135.SZ,洽洽转债,002557,洽洽食品,B下修事件,C,40.7,117.0,115.0,cb_basic.maturity_call_price,2.0,185.74,112,AA,False,安全,32.6,83.0,45.5,30.5,60.0,5.7,60.0,,pledge_total_ratio/ownership_nature,-0.5282,2026-01-16,到期收盘,0.5154,2026-01-23,到期收盘,-0.2573,2026-02-06,到期收盘
2026-01-12,1,127016.SZ,鲁泰转债,000726,鲁泰A,B下修事件,B,56.0,111.53,111.0,cb_call.call_price,0.53,29.61,-82,AA+,False,安全,39.7,83.0,71.2,41.9,60.0,15.1,60.0,,pledge_total_ratio/ownership_nature,-0.1112,2026-01-19,到期收盘,0.4384,2026-01-26,到期收盘,-0.1166,2026-02-09,到期收盘
2026-01-12,2,128097.SZ,奥佳转债,002614,奥佳华,B下修事件,B,55.4,110.15,110.0,cb_call.call_price,0.15,40.89,-125,A+,False,安全,35.7,83.0,74.6,35.6,60.0,9.2,60.0,,pledge_total_ratio/ownership_nature,-0.0581,2026-01-19,到期收盘,0.0027,2026-01-26,到期收盘,-0.266,2026-02-09,到期收盘
2026-01-12,3,113579.SH,健友转债,603707,健友股份,B下修事件,B,54.2,109.03,109.0,cb_call.call_price,0.03,179.34,-68,AA,False,安全,32.5,83.0,75.7,30.5,60.0,5.0,60.0,,pledge_total_ratio/ownership_nature,-0.3504,2026-01-19,到期收盘,-0.0642,2026-01-26,到期收盘,-0.144,2026-02-09,到期收盘
2026-01-12,4,127017.SZ,万青转债,000789,万年青,B下修事件,B,53.1,113.32,113.0,cb_call.call_price,0.32,80.0,-27,AA+,False,安全,32.6,83.0,73.1,30.5,60.0,5.8,60.0,,pledge_total_ratio/ownership_nature,-0.1747,2026-01-19,到期收盘,0.3768,2026-01-26,到期收盘,1.1719,2026-02-09,到期收盘
2026-01-12,5,113037.SH,紫银转债,601860,紫金银行,B下修事件,B,50.1,110.25,110.0,cb_basic.maturity_call_price,0.25,40.28,23,AA+,False,安全,38.8,83.0,59.6,35.9,62.5,20.7,60.0,,pledge_total_ratio/ownership_nature,-0.2912,2026-01-19,到期收盘,-0.0961,2026-01-26,到期收盘,-0.2385,2026-02-09,到期收盘
2026-01-12,6,128129.SZ,青农转债,002958,青农商行,B下修事件,B,48.3,108.7,108.0,cb_basic.maturity_call_price,0.7,39.81,56,AAA,False,安全,38.8,83.0,55.5,36.2,62.5,19.8,60.0,,pledge_total_ratio/ownership_nature,-0.552,2026-01-19,到期收盘,-0.3873,2026-01-26,到期收盘,-0.4968,2026-02-09,到期收盘
2026-01-12,7,128135.SZ,洽洽转债,002557,洽洽食品,B下修事件,C,41.4,116.9,115.0,cb_basic.maturity_call_price,1.9,181.0,112,AA,False,安全,33.9,83.0,46.4,30.5,62.5,6.0,60.0,,pledge_total_ratio/ownership_nature,-0.0855,2026-01-19,到期收盘,0.4089,2026-01-26,到期收盘,0.4277,2026-02-09,到期收盘
2026-01-12,8,127018.SZ,本钢转债,000761,本钢板材,底价观察,C,40.2,123.17,119.0,cb_call.call_price,4.17,18.49,-1,AAA,False,安全,46.4,53.0,38.4,35.6,60.0,20.4,60.0,,pledge_total_ratio/ownership_nature,-0.6454,2026-01-19,到期收盘,1.0368,2026-01-26,到期收盘,2.4113,2026-02-09,到期收盘
2026-01-12,9,128124.SZ,科华转债,002022,科华生物,B下修事件,C,39.4,109.2,106.0,cb_call.call_price,3.2,259.47,28,A,False,安全,32.5,83.0,42.9,30.5,60.0,5.0,60.0,,pledge_total_ratio/ownership_nature,-0.3837,2026-01-19,到期收盘,5.0,2026-01-26,止盈,5.0,2026-01-26,止盈
2026-01-12,10,123108.SZ,乐普转2,300003,乐普医疗,B下修事件,C,39.2,111.96,107.8,cb_call.call_price,4.16,52.23,-92,AA+,False,安全,35.1,83.0,38.5,30.5,60.0,22.0,60.0,,pledge_total_ratio/ownership_nature,-1.9302,2026-01-19,到期收盘,-2.9537,2026-01-26,到期收盘,-3.4066,2026-02-09,到期收盘
2026-01-13,1,128097.SZ,奥佳转债,002614,奥佳华,B下修事件,B,56.3,110.04,110.0,cb_call.call_price,0.04,41.71,-125,A+,False,安全,36.2,83.0,75.7,35.1,60.0,14.4,60.0,,pledge_total_ratio/ownership_nature,-0.0164,2026-01-20,到期收盘,-0.1163,2026-01-27,到期收盘,-0.1636,2026-02-10,到期收盘
2026-01-13,2,127016.SZ,鲁泰转债,000726,鲁泰A,B下修事件,B,55.4,111.34,111.0,cb_call.call_price,0.34,28.85,-82,AA+,False,安全,39.4,75.5,72.9,37.8,60.0,11.4,60.0,,pledge_total_ratio/ownership_nature,0.1374,2026-01-20,到期收盘,0.309,2026-01-27,到期收盘,0.0,2026-02-10,到期收盘
2026-01-13,3,113579.SH,健友转债,603707,健友股份,B下修事件,B,54.5,108.93,109.0,cb_call.call_price,-0.07,179.38,-68,AA,False,安全,32.8,83.0,76.0,30.5,60.0,7.1,60.0,,pledge_total_ratio/ownership_nature,-0.2469,2026-01-20,到期收盘,0.0321,2026-01-27,到期收盘,-0.0716,2026-02-10,到期收盘
2026-01-13,4,127017.SZ,万青转债,000789,万年青,B下修事件,B,53.5,113.21,113.0,cb_call.call_price,0.21,80.16,-27,AA+,False,安全,32.6,83.0,74.1,30.5,60.0,5.7,60.0,,pledge_total_ratio/ownership_nature,-0.1987,2026-01-20,到期收盘,0.6625,2026-01-27,到期收盘,1.1828,2026-02-10,到期收盘
2026-01-13,5,113037.SH,紫银转债,601860,紫金银行,B下修事件,B,50.5,110.14,110.0,cb_basic.maturity_call_price,0.14,39.15,23,AA+,False,安全,37.9,83.0,60.5,36.6,60.0,20.8,60.0,,pledge_total_ratio/ownership_nature,-0.2724,2026-01-20,到期收盘,-0.0981,2026-01-27,到期收盘,-0.1235,2026-02-10,到期收盘
2026-01-13,6,128129.SZ,青农转债,002958,青农商行,B下修事件,B,49.3,108.48,108.0,cb_basic.maturity_call_price,0.48,38.63,56,AAA,False,安全,38.3,83.0,57.4,36.9,60.0,22.3,60.0,,pledge_total_ratio/ownership_nature,-0.5024,2026-01-20,到期收盘,-0.1991,2026-01-27,到期收盘,-0.3226,2026-02-10,到期收盘
2026-01-13,7,123108.SZ,乐普转2,300003,乐普医疗,B下修事件,C,44.5,110.61,107.8,cb_call.call_price,2.81,52.1,-92,AA+,False,安全,34.8,83.0,50.7,30.5,60.0,20.6,60.0,,pledge_total_ratio/ownership_nature,-1.5641,2026-01-20,到期收盘,-1.3326,2026-01-27,到期收盘,-2.3515,2026-02-10,到期收盘
2026-01-13,8,128135.SZ,洽洽转债,002557,洽洽食品,B下修事件,C,43.8,116.22,115.0,cb_basic.maturity_call_price,1.22,185.1,112,AA,False,安全,32.5,83.0,52.5,30.5,60.0,5.0,60.0,,pledge_total_ratio/ownership_nature,0.4861,2026-01-20,到期收盘,0.7589,2026-01-27,到期收盘,0.8759,2026-02-10,到期收盘
2026-01-13,9,127018.SZ,本钢转债,000761,本钢板材,底价观察,C,42.5,122.5,119.0,cb_call.call_price,3.5,19.95,-1,AAA,False,安全,45.4,53.0,44.5,33.6,60.0,21.0,60.0,,pledge_total_ratio/ownership_nature,0.0,2026-01-20,到期收盘,1.2171,2026-01-27,到期收盘,2.498,2026-02-10,到期收盘
2026-01-13,10,113033.SH,利群转债,601366,利群股份,底价观察,C,42.1,114.36,110.0,cb_call.call_price,4.36,11.59,-90,AA,False,安全,52.3,53.0,36.8,45.3,62.5,19.7,60.0,,pledge_total_ratio/ownership_nature,5.0,2026-01-15,止盈,5.0,2026-01-15,止盈,5.0,2026-01-15,止盈
2026-01-13,11,128124.SZ,科华转债,002022,科华生物,B下修事件,C,40.2,109.0,106.0,cb_call.call_price,3.0,255.98,28,A,False,安全,32.5,83.0,44.7,30.5,60.0,5.0,60.0,,pledge_total_ratio/ownership_nature,-0.7101,2026-01-20,到期收盘,5.0,2026-01-26,止盈,5.0,2026-01-26,止盈
2026-01-14,1,127016.SZ,鲁泰转债,000726,鲁泰A,B下修事件,B,56.2,111.22,111.0,cb_call.call_price,0.22,30.51,-82,AA+,False,安全,39.7,75.5,74.0,36.9,60.0,16.6,60.0,,pledge_total_ratio/ownership_nature,0.1645,2026-01-21,到期收盘,0.8083,2026-01-28,到期收盘,0.0135,2026-02-11,到期收盘
2026-01-14,2,128097.SZ,奥佳转债,002614,奥佳华,B下修事件,B,56.1,110.0,110.0,cb_call.call_price,0.0,42.26,-125,A+,False,安全,35.8,83.0,76.0,34.8,60.0,12.3,60.0,,pledge_total_ratio/ownership_nature,0.6364,2026-01-21,到期收盘,-0.0736,2026-01-28,到期收盘,-0.1227,2026-02-11,到期收盘
2026-01-14,3,113579.SH,健友转债,603707,健友股份,B下修事件,B,54.9,108.81,109.0,cb_call.call_price,-0.19,181.44,-68,AA,False,安全,34.3,83.0,76.0,30.5,62.6,8.0,60.0,,pledge_total_ratio/ownership_nature,-0.1719,2026-01-21,到期收盘,0.1728,2026-01-28,到期收盘,0.0478,2026-02-11,到期收盘
2026-01-14,4,127017.SZ,万青转债,000789,万年青,B下修事件,B,53.3,113.32,113.0,cb_call.call_price,0.32,81.01,-27,AA+,False,安全,33.9,83.0,73.1,30.5,62.5,5.5,60.0,,pledge_total_ratio/ownership_nature,-0.3159,2026-01-21,到期收盘,0.8198,2026-01-28,到期收盘,0.9531,2026-02-11,到期收盘
2026-01-14,5,113037.SH,紫银转债,601860,紫金银行,B下修事件,B,50.5,110.15,110.0,cb_basic.maturity_call_price,0.15,40.15,23,AA+,False,安全,38.7,83.0,60.5,36.0,62.5,19.8,60.0,,pledge_total_ratio/ownership_nature,-0.3259,2026-01-21,到期收盘,-0.1779,2026-01-28,到期收盘,-0.148,2026-02-11,到期收盘
2026-01-14,6,128129.SZ,青农转债,002958,青农商行,B下修事件,B,49.5,108.46,108.0,cb_basic.maturity_call_price,0.46,38.61,56,AAA,False,安全,39.4,83.0,57.6,36.9,62.5,21.0,60.0,,pledge_total_ratio/ownership_nature,-0.4859,2026-01-21,到期收盘,-0.2858,2026-01-28,到期收盘,-0.2453,2026-02-11,到期收盘
2026-01-14,7,113033.SH,利群转债,601366,利群股份,底价观察,C,43.6,113.9,110.0,cb_call.call_price,3.9,11.37,-90,AA,False,安全,51.1,53.0,40.9,45.6,60.0,18.4,60.0,,pledge_total_ratio/ownership_nature,5.0,2026-01-15,止盈,5.0,2026-01-15,止盈,5.0,2026-01-15,止盈
2026-01-14,8,128135.SZ,洽洽转债,002557,洽洽食品,B下修事件,C,43.0,116.41,115.0,cb_basic.maturity_call_price,1.41,179.57,112,AA,False,安全,32.5,83.0,50.8,30.5,60.0,5.1,60.0,,pledge_total_ratio/ownership_nature,0.4226,2026-01-21,到期收盘,1.109,2026-01-28,到期收盘,0.7903,2026-02-11,到期收盘
2026-01-14,9,127018.SZ,本钢转债,000761,本钢板材,底价观察,C,42.7,122.4,119.0,cb_call.call_price,3.4,20.57,-1,AAA,False,安全,44.9,53.0,45.4,32.7,60.0,20.6,60.0,,pledge_total_ratio/ownership_nature,0.3186,2026-01-21,到期收盘,2.531,2026-01-28,到期收盘,2.2059,2026-02-11,到期收盘
2026-01-14,10,128124.SZ,科华转债,002022,科华生物,B下修事件,C,41.0,108.89,106.0,cb_call.call_price,2.89,256.74,28,A,False,安全,33.8,83.0,45.7,30.5,62.6,5.0,60.0,,pledge_total_ratio/ownership_nature,-0.3187,2026-01-21,到期收盘,5.0,2026-01-26,止盈,5.0,2026-01-26,止盈
2026-01-14,11,123108.SZ,乐普转2,300003,乐普医疗,B下修事件,C,37.9,112.36,107.8,cb_call.call_price,4.56,54.27,-92,AA+,False,安全,36.5,83.0,35.0,30.5,62.6,23.0,60.0,,pledge_total_ratio/ownership_nature,-2.589,2026-01-21,到期收盘,-2.7278,2026-01-28,到期收盘,-4.0272,2026-02-11,到期收盘
2026-01-15,1,127016.SZ,鲁泰转债,000726,鲁泰A,B下修事件,B,55.4,111.28,111.0,cb_call.call_price,0.28,30.58,-82,AA+,False,安全,38.9,75.5,73.5,36.9,60.0,11.4,60.0,,pledge_total_ratio/ownership_nature,0.5823,2026-01-22,到期收盘,0.3864,2026-01-29,到期收盘,-0.2103,2026-02-12,到期收盘
2026-01-15,2,128097.SZ,奥佳转债,002614,奥佳华,B下修事件,B,55.3,110.0,110.0,cb_call.call_price,0.0,46.93,-125,A+,False,安全,35.0,83.0,76.0,32.2,62.5,7.5,60.0,,pledge_total_ratio/ownership_nature,0.4527,2026-01-22,到期收盘,-0.0236,2026-01-29,到期收盘,-0.1136,2026-02-12,到期收盘
2026-01-15,3,113579.SH,健友转债,603707,健友股份,B下修事件,B,54.8,108.68,109.0,cb_call.call_price,-0.32,181.41,-68,AA,False,安全,33.2,83.0,76.0,30.5,60.0,10.0,60.0,,pledge_total_ratio/ownership_nature,0.1141,2026-01-22,到期收盘,0.265,2026-01-29,到期收盘,0.1491,2026-02-12,到期收盘
2026-01-15,4,127017.SZ,万青转债,000789,万年青,B下修事件,B,53.4,113.29,113.0,cb_call.call_price,0.29,82.33,-27,AA+,False,安全,33.8,83.0,73.4,30.5,62.5,5.0,60.0,,pledge_total_ratio/ownership_nature,0.4184,2026-01-22,到期收盘,0.8227,2026-01-29,到期收盘,-0.3628,2026-02-12,到期收盘
2026-01-15,5,113037.SH,紫银转债,601860,紫金银行,B下修事件,B,49.9,110.08,110.0,cb_basic.maturity_call_price,0.08,40.57,23,AA+,False,安全,37.5,83.0,61.1,35.8,62.5,12.5,60.0,,pledge_total_ratio/ownership_nature,-0.1072,2026-01-22,到期收盘,0.0218,2026-01-29,到期收盘,-0.1862,2026-02-12,到期收盘
2026-01-15,6,128129.SZ,青农转债,002958,青农商行,B下修事件,B,49.7,108.28,108.0,cb_basic.maturity_call_price,0.28,40.17,56,AAA,False,安全,38.4,83.0,59.2,36.0,62.5,17.6,60.0,,pledge_total_ratio/ownership_nature,0.0092,2026-01-22,到期收盘,0.084,2026-01-29,到期收盘,-0.145,2026-02-12,到期收盘
2026-01-15,7,128135.SZ,洽洽转债,002557,洽洽食品,B下修事件,C,44.3,116.22,115.0,cb_basic.maturity_call_price,1.22,177.06,112,AA,False,安全,34.2,83.0,52.5,30.5,62.5,8.1,60.0,,pledge_total_ratio/ownership_nature,0.9465,2026-01-22,到期收盘,0.8338,2026-01-29,到期收盘,0.8759,2026-02-12,到期收盘
2026-01-15,8,127018.SZ,本钢转债,000761,本钢板材,底价观察,C,42.8,122.14,119.0,cb_call.call_price,3.14,22.14,-1,AAA,False,安全,44.2,53.0,47.8,30.5,62.6,14.4,60.0,,pledge_total_ratio/ownership_nature,1.9068,2026-01-22,到期收盘,3.2504,2026-01-29,到期收盘,2.0968,2026-02-12,到期收盘
2026-01-15,9,128124.SZ,科华转债,002022,科华生物,B下修事件,C,41.5,108.75,106.0,cb_call.call_price,2.75,261.46,28,A,False,安全,33.8,83.0,46.9,30.5,62.6,5.0,60.0,,pledge_total_ratio/ownership_nature,0.1002,2026-01-22,到期收盘,5.0,2026-01-26,止盈,5.0,2026-01-26,止盈
2026-01-15,10,123108.SZ,乐普转2,300003,乐普医疗,B下修事件,C,38.6,111.94,107.8,cb_call.call_price,4.14,58.23,-92,AA+,False,安全,35.1,83.0,38.7,30.5,62.6,13.3,60.0,,pledge_total_ratio/ownership_nature,-2.2691,2026-01-22,到期收盘,-2.0761,2026-01-29,到期收盘,-3.7377,2026-02-12,到期收盘
2026-01-15,11,127027.SZ,能化转债,000552,甘肃能化,B下修事件,C,30.8,114.8,110.0,cb_basic.maturity_call_price,4.8,43.75,163,AAA,False,安全,36.7,83.0,19.4,34.0,62.5,12.8,60.0,,pledge_total_ratio/ownership_nature,1.4721,2026-01-22,到期收盘,3.8101,2026-01-29,到期收盘,5.0,2026-02-12,止盈
2026-01-16,1,127016.SZ,鲁泰转债,000726,鲁泰A,B下修事件,B,54.7,111.5,111.0,cb_call.call_price,0.5,30.11,-82,AA+,False,安全,39.2,75.5,71.5,37.1,60.0,12.4,60.0,,pledge_total_ratio/ownership_nature,1.1534,2026-01-23,到期收盘,-0.0072,2026-01-30,到期收盘,-0.2332,2026-02-13,到期收盘
2026-01-16,2,128097.SZ,奥佳转债,002614,奥佳华,B下修事件,B,54.6,110.02,110.0,cb_call.call_price,0.02,48.22,-125,A+,False,安全,33.0,83.0,75.9,31.5,60.0,5.3,60.0,,pledge_total_ratio/ownership_nature,0.27,2026-01-23,到期收盘,-0.1482,2026-01-30,到期收盘,-0.1318,2026-02-13,到期收盘
2026-01-16,3,113579.SH,健友转债,603707,健友股份,B下修事件,B,54.5,108.68,109.0,cb_call.call_price,-0.32,184.13,-68,AA,False,安全,32.8,83.0,76.0,30.5,60.0,7.1,60.0,,pledge_total_ratio/ownership_nature,0.2862,2026-01-23,到期收盘,0.1343,2026-01-30,到期收盘,0.1518,2026-02-13,到期收盘
2026-01-16,4,127017.SZ,万青转债,000789,万年青,B下修事件,B,53.8,113.12,113.0,cb_call.call_price,0.12,83.1,-27,AA+,False,安全,32.5,83.0,74.9,30.5,60.0,5.0,60.0,,pledge_total_ratio/ownership_nature,0.5658,2026-01-23,到期收盘,0.6188,2026-01-30,到期收盘,-0.0274,2026-02-13,到期收盘
2026-01-16,5,128129.SZ,青农转债,002958,青农商行,B下修事件,B,49.9,108.12,108.0,cb_basic.maturity_call_price,0.12,40.87,56,AAA,False,安全,37.6,83.0,60.7,35.6,62.5,13.9,60.0,,pledge_total_ratio/ownership_nature,0.1545,2026-01-23,到期收盘,-0.037,2026-01-30,到期收盘,0.0361,2026-02-13,到期收盘
2026-01-16,6,113037.SH,紫银转债,601860,紫金银行,B下修事件,B,49.7,110.02,110.0,cb_basic.maturity_call_price,0.02,42.02,23,AA+,False,安全,36.6,83.0,61.7,35.0,62.5,9.1,60.0,,pledge_total_ratio/ownership_nature,-0.0045,2026-01-23,到期收盘,-0.07,2026-01-30,到期收盘,-0.1563,2026-02-13,到期收盘
2026-01-16,7,123108.SZ,乐普转2,300003,乐普医疗,B下修事件,B,45.3,110.25,107.8,cb_call.call_price,2.45,61.23,-92,AA+,False,安全,33.8,83.0,54.0,30.5,60.0,13.8,60.0,,pledge_total_ratio/ownership_nature,-0.4063,2026-01-23,到期收盘,-1.4694,2026-01-30,到期收盘,-2.1224,2026-02-13,到期收盘
2026-01-16,8,128135.SZ,洽洽转债,002557,洽洽食品,B下修事件,C,43.4,116.38,115.0,cb_basic.maturity_call_price,1.38,179.51,112,AA,False,安全,33.8,83.0,51.1,30.5,62.5,5.0,60.0,,pledge_total_ratio/ownership_nature,1.0509,2026-01-23,到期收盘,0.4606,2026-01-30,到期收盘,0.6204,2026-02-13,到期收盘
2026-01-16,9,128124.SZ,科华转债,002022,科华生物,B下修事件,C,41.9,108.6,106.0,cb_call.call_price,2.6,265.66,28,A,False,安全,32.5,83.0,48.3,30.5,60.0,5.0,60.0,,pledge_total_ratio/ownership_nature,0.3711,2026-01-23,到期收盘,5.0,2026-01-26,止盈,5.0,2026-01-26,止盈
2026-01-16,10,127018.SZ,本钢转债,000761,本钢板材,底价观察,C,41.6,122.13,119.0,cb_call.call_price,3.13,25.56,-1,AAA,False,安全,40.9,53.0,47.8,26.2,60.0,15.1,60.0,,pledge_total_ratio/ownership_nature,2.0626,2026-01-23,到期收盘,1.7662,2026-01-30,到期收盘,1.8259,2026-02-13,到期收盘
2026-01-16,11,127027.SZ,能化转债,000552,甘肃能化,B下修事件,C,30.5,114.73,110.0,cb_basic.maturity_call_price,4.73,45.52,163,AAA,False,安全,35.7,83.0,20.0,33.0,62.5,9.6,60.0,,pledge_total_ratio/ownership_nature,1.6125,2026-01-23,到期收盘,3.598,2026-01-30,到期收盘,5.0,2026-02-11,止盈
2026-01-19,1,127016.SZ,鲁泰转债,000726,鲁泰A,B下修事件,B,55.5,111.41,111.0,cb_call.call_price,0.41,28.39,-82,AA+,False,安全,40.9,75.5,72.3,38.1,62.7,11.9,60.0,,pledge_total_ratio/ownership_nature,0.5466,2026-01-26,到期收盘,-0.263,2026-02-02,到期收盘,-0.1481,2026-02-24,到期收盘
2026-01-19,2,128097.SZ,奥佳转债,002614,奥佳华,B下修事件,B,55.0,110.09,110.0,cb_call.call_price,0.09,43.76,-125,A+,False,安全,34.5,83.0,75.2,34.0,60.0,6.9,60.0,,pledge_total_ratio/ownership_nature,0.0572,2026-01-26,到期收盘,-0.2298,2026-02-02,到期收盘,-0.1953,2026-02-24,到期收盘
2026-01-19,3,113579.SH,健友转债,603707,健友股份,B下修事件,B,54.3,108.65,109.0,cb_call.call_price,-0.35,181.93,-68,AA,False,安全,32.5,83.0,76.0,30.5,60.0,5.2,60.0,,pledge_total_ratio/ownership_nature,0.2853,2026-01-26,到期收盘,0.1325,2026-02-02,到期收盘,0.2117,2026-02-24,到期收盘
2026-01-19,4,127017.SZ,万青转债,000789,万年青,B下修事件,B,53.9,113.12,113.0,cb_call.call_price,0.12,80.7,-27,AA+,False,安全,32.6,83.0,74.9,30.5,60.0,5.4,60.0,,pledge_total_ratio/ownership_nature,0.5543,2026-01-26,到期收盘,0.2475,2026-02-02,到期收盘,0.0442,2026-02-24,到期收盘
2026-01-19,5,128129.SZ,青农转债,002958,青农商行,B下修事件,B,50.6,108.1,108.0,cb_basic.maturity_call_price,0.1,40.85,56,AAA,False,安全,38.6,83.0,60.9,35.6,62.5,20.4,60.0,,pledge_total_ratio/ownership_nature,0.1656,2026-01-26,到期收盘,-0.0648,2026-02-02,到期收盘,-0.0555,2026-02-24,到期收盘
2026-01-19,6,113037.SH,紫银转债,601860,紫金银行,B下修事件,B,50.0,109.93,110.0,cb_basic.maturity_call_price,-0.07,41.39,23,AA+,False,安全,37.1,83.0,61.8,35.3,62.5,11.1,60.0,,pledge_total_ratio/ownership_nature,0.1947,2026-01-26,到期收盘,-0.0455,2026-02-02,到期收盘,-0.0546,2026-02-24,到期收盘
2026-01-19,7,123108.SZ,乐普转2,300003,乐普医疗,B下修事件,B,47.2,109.8,107.8,cb_call.call_price,2.0,60.41,-92,AA+,False,安全,34.9,83.0,58.0,30.5,62.5,12.6,60.0,,pledge_total_ratio/ownership_nature,-1.0446,2026-01-26,到期收盘,-1.7031,2026-02-02,到期收盘,-1.8862,2026-02-24,到期收盘
2026-01-19,8,127018.SZ,本钢转债,000761,本钢板材,底价观察,C,41.7,122.38,119.0,cb_call.call_price,3.38,22.0,-1,AAA,False,安全,43.1,53.0,45.6,30.7,60.0,14.7,60.0,,pledge_total_ratio/ownership_nature,1.689,2026-01-26,到期收盘,0.5883,2026-02-02,到期收盘,2.4522,2026-02-24,到期收盘
2026-01-19,9,128135.SZ,洽洽转债,002557,洽洽食品,B下修事件,C,41.7,116.8,115.0,cb_basic.maturity_call_price,1.8,169.56,112,AA,False,安全,33.8,83.0,47.3,30.5,62.5,5.6,60.0,,pledge_total_ratio/ownership_nature,0.4949,2026-01-26,到期收盘,-0.5137,2026-02-02,到期收盘,0.292,2026-02-24,到期收盘
2026-01-19,10,128124.SZ,科华转债,002022,科华生物,B下修事件,C,41.4,108.78,106.0,cb_call.call_price,2.78,263.31,28,A,False,安全,33.8,83.0,46.7,30.5,62.5,5.0,60.0,,pledge_total_ratio/ownership_nature,5.0,2026-01-26,止盈,5.0,2026-01-26,止盈,5.0,2026-01-26,止盈
2026-01-20,1,128097.SZ,奥佳转债,002614,奥佳华,B下修事件,B,55.2,110.02,110.0,cb_call.call_price,0.02,44.28,-125,A+,False,安全,34.3,83.0,75.8,33.7,60.0,6.5,60.0,,pledge_total_ratio/ownership_nature,-0.0982,2026-01-27,到期收盘,-0.1518,2026-02-03,到期收盘,,,
2026-01-20,2,127016.SZ,鲁泰转债,000726,鲁泰A,B下修事件,B,55.1,111.49,111.0,cb_call.call_price,0.49,25.39,-82,AA+,False,安全,40.1,75.5,71.6,39.8,60.0,9.7,60.0,,pledge_total_ratio/ownership_nature,0.174,2026-01-27,到期收盘,-0.1955,2026-02-03,到期收盘,-0.1274,2026-02-25,到期收盘
2026-01-20,3,127017.SZ,万青转债,000789,万年青,B下修事件,B,54.5,112.98,113.0,cb_call.call_price,-0.02,78.14,-27,AA+,False,安全,32.8,83.0,76.0,30.5,60.0,6.8,60.0,,pledge_total_ratio/ownership_nature,0.8674,2026-01-27,到期收盘,0.894,2026-02-03,到期收盘,0.1637,2026-02-25,到期收盘
2026-01-20,4,113579.SH,健友转债,603707,健友股份,B下修事件,B,54.3,108.66,109.0,cb_call.call_price,-0.34,181.66,-68,AA,False,安全,32.5,83.0,76.0,30.5,60.0,5.0,60.0,,pledge_total_ratio/ownership_nature,0.2807,2026-01-27,到期收盘,0.1408,2026-02-03,到期收盘,0.1518,2026-02-25,到期收盘
2026-01-20,5,113037.SH,紫银转债,601860,紫金银行,B下修事件,B,50.7,109.84,110.0,cb_basic.maturity_call_price,-0.16,40.77,23,AA+,False,安全,37.3,83.0,61.8,35.7,60.0,20.0,60.0,,pledge_total_ratio/ownership_nature,0.1748,2026-01-27,到期收盘,-0.0328,2026-02-03,到期收盘,0.0155,2026-02-25,到期收盘
2026-01-20,6,123108.SZ,乐普转2,300003,乐普医疗,B下修事件,B,50.3,108.88,107.8,cb_call.call_price,1.08,61.87,-92,AA+,False,安全,33.0,83.0,66.3,30.5,60.0,8.2,60.0,,pledge_total_ratio/ownership_nature,0.2351,2026-01-27,到期收盘,-0.5786,2026-02-03,到期收盘,-1.1738,2026-02-25,到期收盘
2026-01-20,7,128138.SZ,侨银转债,002973,侨银股份,底价观察,B,45.3,131.3,130.0,cb_basic.maturity_call_price,1.3,26.88,140,A+,False,安全,41.7,53.0,56.1,25.4,62.5,14.8,60.0,,pledge_total_ratio/ownership_nature,0.5407,2026-01-27,到期收盘,1.3145,2026-02-03,到期收盘,2.4752,2026-02-25,到期收盘
2026-01-20,8,128124.SZ,科华转债,002022,科华生物,B下修事件,C,43.4,108.23,106.0,cb_call.call_price,2.23,261.45,28,A,False,安全,32.5,83.0,51.7,30.5,60.0,5.0,60.0,,pledge_total_ratio/ownership_nature,5.0,2026-01-26,止盈,5.0,2026-01-26,止盈,5.0,2026-01-26,止盈
2026-01-20,9,127018.SZ,本钢转债,000761,本钢板材,底价观察,C,41.8,122.5,119.0,cb_call.call_price,3.5,21.03,-1,AAA,False,安全,45.0,53.0,44.5,32.1,62.5,14.9,60.0,,pledge_total_ratio/ownership_nature,1.2171,2026-01-27,到期收盘,1.1429,2026-02-03,到期收盘,2.9159,2026-02-25,到期收盘
2026-01-20,10,128135.SZ,洽洽转债,002557,洽洽食品,B下修事件,C,41.7,116.78,115.0,cb_basic.maturity_call_price,1.78,169.18,112,AA,False,安全,33.8,83.0,47.4,30.5,62.5,5.0,60.0,,pledge_total_ratio/ownership_nature,0.2757,2026-01-27,到期收盘,-0.3965,2026-02-03,到期收盘,0.4282,2026-02-25,到期收盘
2026-01-21,1,128097.SZ,奥佳转债,002614,奥佳华,B下修事件,B,55.7,110.7,110.0,cb_call.call_price,0.7,31.85,-125,A+,False,安全,40.1,83.0,69.7,40.7,60.0,21.7,60.0,,pledge_total_ratio/ownership_nature,-0.7055,2026-01-28,到期收盘,-0.7778,2026-02-04,到期收盘,,,
2026-01-21,2,127016.SZ,鲁泰转债,000726,鲁泰A,B下修事件,B,55.6,111.4,111.0,cb_call.call_price,0.4,26.31,-82,AA+,False,安全,41.1,75.5,72.4,39.3,62.5,9.7,60.0,,pledge_total_ratio/ownership_nature,0.6454,2026-01-28,到期收盘,-0.0287,2026-02-04,到期收盘,-0.2738,2026-02-26,到期收盘
2026-01-21,3,113579.SH,健友转债,603707,健友股份,B下修事件,B,54.6,108.62,109.0,cb_call.call_price,-0.38,181.26,-68,AA,False,安全,33.8,83.0,76.0,30.5,62.5,5.0,60.0,,pledge_total_ratio/ownership_nature,0.348,2026-01-28,到期收盘,0.2311,2026-02-04,到期收盘,0.174,2026-02-26,到期收盘
2026-01-21,4,127017.SZ,万青转债,000789,万年青,B下修事件,B,54.6,112.96,113.0,cb_call.call_price,-0.04,78.77,-27,AA+,False,安全,33.9,83.0,76.0,30.5,62.5,5.6,60.0,,pledge_total_ratio/ownership_nature,1.1411,2026-01-28,到期收盘,1.6617,2026-02-04,到期收盘,0.2284,2026-02-26,到期收盘
2026-01-21,5,113037.SH,紫银转债,601860,紫金银行,B下修事件,B,50.2,109.79,110.0,cb_basic.maturity_call_price,-0.21,41.73,23,AA+,False,安全,37.3,83.0,61.8,35.1,62.5,13.3,60.0,,pledge_total_ratio/ownership_nature,0.1494,2026-01-28,到期收盘,0.0628,2026-02-04,到期收盘,0.0291,2026-02-26,到期收盘
2026-01-21,6,123108.SZ,乐普转2,300003,乐普医疗,B下修事件,B,48.3,109.45,107.8,cb_call.call_price,1.65,62.46,-92,AA+,False,安全,34.3,83.0,61.1,30.5,62.5,8.9,60.0,,pledge_total_ratio/ownership_nature,-0.1416,2026-01-28,到期收盘,-1.2819,2026-02-04,到期收盘,-1.6629,2026-02-26,到期收盘
2026-01-21,7,128138.SZ,侨银转债,002973,侨银股份,底价观察,C,44.3,131.38,130.0,cb_basic.maturity_call_price,1.38,27.04,140,A+,False,安全,40.7,53.0,55.3,25.4,62.5,8.1,60.0,,pledge_total_ratio/ownership_nature,0.9286,2026-01-28,到期收盘,1.0945,2026-02-04,到期收盘,1.9432,2026-02-26,到期收盘
2026-01-21,8,128124.SZ,科华转债,002022,科华生物,B下修事件,C,42.3,108.54,106.0,cb_call.call_price,2.54,259.6,28,A,False,安全,33.8,83.0,48.8,30.5,62.5,5.0,60.0,,pledge_total_ratio/ownership_nature,5.0,2026-01-26,止盈,5.0,2026-01-26,止盈,5.0,2026-01-26,止盈
2026-01-21,9,128135.SZ,洽洽转债,002557,洽洽食品,B下修事件,C,41.3,116.9,115.0,cb_basic.maturity_call_price,1.9,174.52,112,AA,False,安全,33.8,83.0,46.4,30.5,62.5,5.1,60.0,,pledge_total_ratio/ownership_nature,0.6852,2026-01-28,到期收盘,-0.0932,2026-02-04,到期收盘,-1.4859,2026-02-26,到期收盘
2026-01-21,10,127018.SZ,本钢转债,000761,本钢板材,底价观察,C,40.6,122.79,119.0,cb_call.call_price,3.79,20.59,-1,AAA,False,安全,45.2,53.0,41.9,32.7,62.6,13.5,60.0,,pledge_total_ratio/ownership_nature,2.2054,2026-01-28,到期收盘,2.1394,2026-02-04,到期收盘,1.8894,2026-02-26,到期收盘
2026-01-21,11,127027.SZ,能化转债,000552,甘肃能化,B下修事件,C,30.2,114.85,110.0,cb_basic.maturity_call_price,4.85,43.8,163,AAA,False,安全,36.1,83.0,19.0,34.0,62.6,8.9,60.0,,pledge_total_ratio/ownership_nature,3.6944,2026-01-28,到期收盘,3.1633,2026-02-04,到期收盘,5.0,2026-02-12,止盈
2026-01-22,1,128097.SZ,奥佳转债,002614,奥佳华,B下修事件,B,55.6,110.5,110.0,cb_call.call_price,0.5,32.63,-125,A+,False,安全,39.6,83.0,71.5,40.2,62.5,11.3,60.0,,pledge_total_ratio/ownership_nature,-0.476,2026-01-29,到期收盘,-0.5729,2026-02-05,到期收盘,,,
2026-01-22,2,113579.SH,健友转债,603707,健友股份,B下修事件,B,54.5,108.8,109.0,cb_call.call_price,-0.2,179.65,-68,AA,False,安全,32.8,83.0,76.0,30.5,60.0,7.2,60.0,,pledge_total_ratio/ownership_nature,0.1544,2026-01-29,到期收盘,0.0423,2026-02-05,到期收盘,0.0184,2026-02-27,到期收盘
2026-01-22,3,127017.SZ,万青转债,000789,万年青,B下修事件,B,52.0,113.76,113.0,cb_call.call_price,0.76,75.8,-27,AA+,False,安全,34.5,83.0,69.1,30.5,62.5,9.8,60.0,,pledge_total_ratio/ownership_nature,0.4061,2026-01-29,到期收盘,0.2971,2026-02-05,到期收盘,-0.4501,2026-02-27,到期收盘
2026-01-22,4,113037.SH,紫银转债,601860,紫金银行,B下修事件,B,50.7,109.96,110.0,cb_basic.maturity_call_price,-0.04,40.93,23,AA+,False,安全,37.3,83.0,61.8,35.6,60.0,20.2,60.0,,pledge_total_ratio/ownership_nature,0.131,2026-01-29,到期收盘,-0.0382,2026-02-05,到期收盘,-0.0982,2026-02-27,到期收盘
2026-01-22,5,127016.SZ,鲁泰转债,000726,鲁泰A,底价观察,B,50.6,111.93,111.0,cb_call.call_price,0.93,24.05,-82,AA+,False,安全,41.2,53.0,67.6,27.8,60.0,12.1,60.0,,pledge_total_ratio/ownership_nature,-0.1966,2026-01-29,到期收盘,-0.5736,2026-02-05,到期收盘,-0.7174,2026-02-27,到期收盘
2026-01-22,6,128129.SZ,青农转债,002958,青农商行,B下修事件,B,49.9,108.29,108.0,cb_basic.maturity_call_price,0.29,38.83,56,AAA,False,安全,38.1,83.0,59.1,36.8,60.0,21.5,60.0,,pledge_total_ratio/ownership_nature,0.0748,2026-01-29,到期收盘,-0.277,2026-02-05,到期收盘,-0.3306,2026-02-27,到期收盘
2026-01-22,7,123108.SZ,乐普转2,300003,乐普医疗,B下修事件,B,48.1,109.4,107.8,cb_call.call_price,1.6,62.81,-92,AA+,False,安全,32.9,83.0,61.6,30.5,60.0,7.6,60.0,,pledge_total_ratio/ownership_nature,0.1974,2026-01-29,到期收盘,-1.1527,2026-02-05,到期收盘,-1.6005,2026-02-27,到期收盘
2026-01-22,8,128138.SZ,侨银转债,002973,侨银股份,底价观察,C,43.0,131.54,130.0,cb_basic.maturity_call_price,1.54,29.51,140,A+,False,安全,39.5,53.0,53.9,24.0,62.5,5.0,60.0,,pledge_total_ratio/ownership_nature,0.9579,2026-01-29,到期收盘,0.9465,2026-02-05,到期收盘,2.8645,2026-02-27,到期收盘
2026-01-22,9,128124.SZ,科华转债,002022,科华生物,B下修事件,C,40.8,108.86,106.0,cb_call.call_price,2.86,256.64,28,A,False,安全,32.5,83.0,46.0,30.5,60.0,5.0,60.0,,pledge_total_ratio/ownership_nature,5.0,2026-01-26,止盈,5.0,2026-01-26,止盈,5.0,2026-01-26,止盈
2026-01-22,10,128135.SZ,洽洽转债,002557,洽洽食品,B下修事件,C,39.3,117.32,115.0,cb_basic.maturity_call_price,2.32,177.52,112,AA,False,安全,32.5,83.0,42.6,30.5,60.0,5.0,60.0,,pledge_total_ratio/ownership_nature,-0.1117,2026-01-29,到期收盘,-0.537,2026-02-05,到期收盘,-1.8923,2026-02-27,到期收盘
2026-01-23,1,128097.SZ,奥佳转债,002614,奥佳华,B下修事件,B,55.2,110.32,110.0,cb_call.call_price,0.32,34.83,-125,A+,False,安全,36.8,83.0,73.1,39.0,60.0,5.2,60.0,,pledge_total_ratio/ownership_nature,-0.4197,2026-01-30,到期收盘,-0.4061,2026-02-06,到期收盘,,,
2026-01-23,2,128108.SZ,蓝帆转债,002382,蓝帆医疗,B下修事件,B,54.9,108.16,108.0,cb_call.call_price,0.16,43.31,-33,AA-,False,安全,34.8,83.0,74.6,34.2,60.0,7.5,60.0,,pledge_total_ratio/ownership_nature,-0.1322,2026-01-30,到期收盘,0.4068,2026-02-06,到期收盘,0.0148,2026-03-02,到期收盘
2026-01-23,3,113579.SH,健友转债,603707,健友股份,B下修事件,B,54.8,108.99,109.0,cb_call.call_price,-0.01,175.76,-68,AA,False,安全,34.2,83.0,76.0,30.5,62.5,7.7,60.0,,pledge_total_ratio/ownership_nature,-0.1505,2026-01-30,到期收盘,-0.1431,2026-02-06,到期收盘,-0.211,2026-03-02,到期收盘
2026-01-23,4,127017.SZ,万青转债,000789,万年青,B下修事件,B,51.6,113.76,113.0,cb_call.call_price,0.76,75.47,-27,AA+,False,安全,33.9,83.0,69.2,30.5,62.6,5.4,60.0,,pledge_total_ratio/ownership_nature,0.0527,2026-01-30,到期收盘,0.254,2026-02-06,到期收盘,-0.3762,2026-03-02,到期收盘
2026-01-23,5,113037.SH,紫银转债,601860,紫金银行,B下修事件,B,50.2,110.02,110.0,cb_basic.maturity_call_price,0.02,40.99,23,AA+,False,安全,36.6,83.0,61.7,35.5,60.0,15.3,60.0,,pledge_total_ratio/ownership_nature,-0.07,2026-01-30,到期收盘,-0.1354,2026-02-06,到期收盘,-0.1272,2026-03-02,到期收盘
2026-01-23,6,128129.SZ,青农转债,002958,青农商行,B下修事件,B,49.8,108.29,108.0,cb_basic.maturity_call_price,0.29,37.95,56,AAA,False,安全,37.9,83.0,59.2,37.3,60.0,18.2,60.0,,pledge_total_ratio/ownership_nature,-0.1939,2026-01-30,到期收盘,-0.2761,2026-02-06,到期收盘,-0.3297,2026-03-02,到期收盘
2026-01-23,7,127016.SZ,鲁泰转债,000726,鲁泰A,底价观察,B,49.0,112.79,111.0,cb_call.call_price,1.79,20.39,-82,AA+,False,安全,44.6,53.0,59.9,33.0,60.0,17.5,60.0,,pledge_total_ratio/ownership_nature,-1.1508,2026-01-30,到期收盘,-1.2058,2026-02-06,到期收盘,-1.5533,2026-03-02,到期收盘
2026-01-23,8,123108.SZ,乐普转2,300003,乐普医疗,B下修事件,B,46.7,109.8,107.8,cb_call.call_price,2.0,58.83,-92,AA+,False,安全,33.2,83.0,58.0,30.5,60.0,9.6,60.0,,pledge_total_ratio/ownership_nature,-1.0656,2026-01-30,到期收盘,-1.561,2026-02-06,到期收盘,-1.9973,2026-03-02,到期收盘
2026-01-23,9,128124.SZ,科华转债,002022,科华生物,B下修事件,C,40.2,109.0,106.0,cb_call.call_price,3.0,255.98,28,A,False,安全,32.5,83.0,44.7,30.5,60.0,5.0,60.0,,pledge_total_ratio/ownership_nature,5.0,2026-01-26,止盈,5.0,2026-01-26,止盈,5.0,2026-01-26,止盈
2026-01-23,10,128135.SZ,洽洽转债,002557,洽洽食品,B下修事件,C,38.2,117.6,115.0,cb_basic.maturity_call_price,2.6,178.67,112,AA,False,安全,32.5,83.0,40.1,30.5,60.0,5.0,60.0,,pledge_total_ratio/ownership_nature,-0.5816,2026-01-30,到期收盘,-0.7662,2026-02-06,到期收盘,-2.0604,2026-03-02,到期收盘
2026-01-26,1,128097.SZ,奥佳转债,002614,奥佳华,B下修事件,B,55.6,110.15,110.0,cb_call.call_price,0.15,36.78,-125,A+,False,安全,36.3,83.0,74.6,37.9,60.0,5.4,60.0,,pledge_total_ratio/ownership_nature,-0.2842,2026-02-02,到期收盘,-0.266,2026-02-09,到期收盘,,,
2026-01-26,2,128108.SZ,蓝帆转债,002382,蓝帆医疗,B下修事件,B,54.5,108.39,108.0,cb_call.call_price,0.39,41.26,-33,AA-,False,安全,35.7,83.0,72.5,35.4,60.0,10.3,60.0,,pledge_total_ratio/ownership_nature,-0.6643,2026-02-02,到期收盘,0.3764,2026-02-09,到期收盘,-0.1937,2026-03-03,到期收盘
2026-01-26,3,113579.SH,健友转债,603707,健友股份,B下修事件,B,54.4,108.96,109.0,cb_call.call_price,-0.04,175.97,-68,AA,False,安全,32.6,83.0,76.0,30.5,60.0,6.0,60.0,,pledge_total_ratio/ownership_nature,-0.1523,2026-02-02,到期收盘,-0.0798,2026-02-09,到期收盘,-0.2093,2026-03-03,到期收盘
2026-01-26,4,127017.SZ,万青转债,000789,万年青,B下修事件,B,51.8,113.75,113.0,cb_call.call_price,0.75,76.73,-27,AA+,False,安全,34.1,83.0,69.3,30.5,62.6,7.0,60.0,,pledge_total_ratio/ownership_nature,-0.3077,2026-02-02,到期收盘,0.7895,2026-02-09,到期收盘,-0.6848,2026-03-03,到期收盘
2026-01-26,5,123108.SZ,乐普转2,300003,乐普医疗,B下修事件,B,51.4,108.65,107.8,cb_call.call_price,0.85,60.33,-92,AA+,False,安全,33.3,83.0,68.3,30.5,60.0,10.2,60.0,,pledge_total_ratio/ownership_nature,-0.6627,2026-02-02,到期收盘,-0.4639,2026-02-09,到期收盘,-0.9526,2026-03-03,到期收盘
2026-01-26,6,127016.SZ,鲁泰转债,000726,鲁泰A,底价观察,B,51.1,112.02,111.0,cb_call.call_price,1.02,21.9,-82,AA+,False,安全,43.0,53.0,66.8,30.8,60.0,13.6,60.0,,pledge_total_ratio/ownership_nature,-0.8061,2026-02-02,到期收盘,-0.5535,2026-02-09,到期收盘,-0.9534,2026-03-03,到期收盘
2026-01-26,7,113037.SH,紫银转债,601860,紫金银行,B下修事件,B,50.6,110.14,110.0,cb_basic.maturity_call_price,0.14,39.65,23,AA+,False,安全,39.0,83.0,60.5,36.3,62.5,20.5,60.0,,pledge_total_ratio/ownership_nature,-0.2361,2026-02-02,到期收盘,-0.1389,2026-02-09,到期收盘,-0.2742,2026-03-03,到期收盘
2026-01-26,8,128129.SZ,青农转债,002958,青农商行,B下修事件,B,50.5,108.28,108.0,cb_basic.maturity_call_price,0.28,38.38,56,AAA,False,安全,39.9,83.0,59.2,37.0,62.5,24.0,60.0,,pledge_total_ratio/ownership_nature,-0.2309,2026-02-02,到期收盘,-0.1108,2026-02-09,到期收盘,-0.3519,2026-03-03,到期收盘
2026-01-26,9,128135.SZ,洽洽转债,002557,洽洽食品,B下修事件,C,39.3,117.38,115.0,cb_basic.maturity_call_price,2.38,179.82,112,AA,False,安全,33.8,83.0,42.1,30.5,62.5,5.2,60.0,,pledge_total_ratio/ownership_nature,-1.0053,2026-02-02,到期收盘,0.017,2026-02-09,到期收盘,-1.8938,2026-03-03,到期收盘
2026-01-27,1,128097.SZ,奥佳转债,002614,奥佳华,B下修事件,B,57.4,109.91,110.0,cb_call.call_price,-0.09,38.88,-125,A+,False,安全,38.8,83.0,76.0,36.7,62.5,17.8,60.0,,pledge_total_ratio/ownership_nature,-0.0519,2026-02-03,到期收盘,-0.0455,2026-02-10,到期收盘,,,
2026-01-27,2,113579.SH,健友转债,603707,健友股份,B下修事件,B,55.8,108.97,109.0,cb_call.call_price,-0.03,178.59,-68,AA,False,安全,35.6,83.0,76.0,30.5,62.6,16.9,60.0,,pledge_total_ratio/ownership_nature,-0.1441,2026-02-03,到期收盘,-0.1083,2026-02-10,到期收盘,-0.2193,2026-03-04,到期收盘
2026-01-27,3,128108.SZ,蓝帆转债,002382,蓝帆医疗,B下修事件,B,54.4,108.41,108.0,cb_call.call_price,0.41,42.69,-33,AA-,False,安全,36.6,83.0,72.3,34.6,62.6,9.8,60.0,,pledge_total_ratio/ownership_nature,-0.4981,2026-02-03,到期收盘,0.1753,2026-02-10,到期收盘,0.2675,2026-03-04,到期收盘
2026-01-27,4,127016.SZ,鲁泰转债,000726,鲁泰A,底价观察,B,51.8,111.68,111.0,cb_call.call_price,0.68,22.65,-82,AA+,False,安全,41.8,53.0,69.8,29.8,60.0,9.5,60.0,,pledge_total_ratio/ownership_nature,-0.3653,2026-02-03,到期收盘,-0.3044,2026-02-10,到期收盘,-0.7378,2026-03-04,到期收盘
2026-01-27,5,127017.SZ,万青转债,000789,万年青,B下修事件,B,50.8,113.96,113.0,cb_call.call_price,0.96,78.69,-27,AA+,False,安全,33.0,83.0,67.4,30.5,60.0,8.1,60.0,,pledge_total_ratio/ownership_nature,0.0263,2026-02-03,到期收盘,0.5168,2026-02-10,到期收盘,-0.8863,2026-03-04,到期收盘
2026-01-27,6,113037.SH,紫银转债,601860,紫金银行,B下修事件,B,50.0,110.03,110.0,cb_basic.maturity_call_price,0.03,41.02,23,AA+,False,安全,37.4,83.0,61.5,35.5,62.5,12.4,60.0,,pledge_total_ratio/ownership_nature,-0.2054,2026-02-03,到期收盘,-0.0236,2026-02-10,到期收盘,-0.2281,2026-03-04,到期收盘
2026-01-27,7,128129.SZ,青农转债,002958,青农商行,B下修事件,B,49.7,108.26,108.0,cb_basic.maturity_call_price,0.26,38.36,56,AAA,False,安全,38.5,83.0,59.4,37.0,62.5,14.8,60.0,,pledge_total_ratio/ownership_nature,-0.3233,2026-02-03,到期收盘,-0.1201,2026-02-10,到期收盘,-0.3325,2026-03-04,到期收盘
2026-01-27,8,123108.SZ,乐普转2,300003,乐普医疗,B下修事件,B,49.5,109.14,107.8,cb_call.call_price,1.34,64.18,-92,AA+,False,安全,34.3,83.0,64.0,30.5,62.6,8.6,60.0,,pledge_total_ratio/ownership_nature,-0.8155,2026-02-03,到期收盘,-1.0363,2026-02-10,到期收盘,-1.4266,2026-03-04,到期收盘
2026-01-27,9,128135.SZ,洽洽转债,002557,洽洽食品,B下修事件,C,40.8,117.1,115.0,cb_basic.maturity_call_price,2.1,184.22,112,AA,False,安全,34.2,83.0,44.6,30.5,62.5,8.0,60.0,,pledge_total_ratio/ownership_nature,-0.6687,2026-02-03,到期收盘,0.1178,2026-02-10,到期收盘,-1.7506,2026-03-04,到期收盘
2026-01-27,10,113033.SH,利群转债,601366,利群股份,底价观察,C,39.9,114.93,110.0,cb_call.call_price,4.93,8.86,-90,AA,False,安全,53.1,53.0,31.6,49.9,62.5,9.5,60.0,,pledge_total_ratio/ownership_nature,-1.9777,2026-02-03,到期收盘,-1.3199,2026-02-10,到期收盘,-4.2269,2026-03-04,到期收盘
2026-01-27,11,128124.SZ,科华转债,002022,科华生物,B下修事件,C,38.8,110.56,106.0,cb_call.call_price,4.56,221.84,28,A,False,安全,40.7,83.0,30.7,30.5,62.6,50.8,60.0,,pledge_total_ratio/ownership_nature,-1.2165,2026-02-03,到期收盘,-0.5065,2026-02-10,到期收盘,-0.8394,2026-03-04,到期收盘
2026-01-27,12,127018.SZ,本钢转债,000761,本钢板材,底价观察,C,38.7,123.99,119.0,cb_call.call_price,4.99,14.27,-1,AAA,False,安全,50.7,53.0,31.1,41.5,62.5,21.1,60.0,,pledge_total_ratio/ownership_nature,-0.0726,2026-02-03,到期收盘,1.2662,2026-02-10,到期收盘,-1.0807,2026-03-04,到期收盘
2026-01-28,1,128097.SZ,奥佳转债,002614,奥佳华,B下修事件,B,56.7,109.92,110.0,cb_call.call_price,-0.08,39.26,-125,A+,False,安全,36.8,83.0,76.0,36.5,60.0,13.9,60.0,,pledge_total_ratio/ownership_nature,-0.0737,2026-02-04,到期收盘,-0.05,2026-02-11,到期收盘,,,
2026-01-28,2,113579.SH,健友转债,603707,健友股份,B下修事件,B,55.0,109.0,109.0,cb_call.call_price,-0.0,181.94,-68,AA,False,安全,34.4,83.0,76.0,30.5,62.5,9.6,60.0,,pledge_total_ratio/ownership_nature,-0.1183,2026-02-04,到期收盘,-0.1266,2026-02-11,到期收盘,-0.2844,2026-03-05,到期收盘
2026-01-28,3,128108.SZ,蓝帆转债,002382,蓝帆医疗,B下修事件,B,54.1,108.41,108.0,cb_call.call_price,0.41,42.22,-33,AA-,False,安全,35.2,83.0,72.3,34.9,60.0,8.4,60.0,,pledge_total_ratio/ownership_nature,0.1559,2026-02-04,到期收盘,0.0839,2026-02-11,到期收盘,0.6365,2026-03-05,到期收盘
2026-01-28,4,127016.SZ,鲁泰转债,000726,鲁泰A,底价观察,B,50.8,112.12,111.0,cb_call.call_price,1.12,20.45,-82,AA+,False,安全,43.4,53.0,65.9,32.9,60.0,9.6,60.0,,pledge_total_ratio/ownership_nature,-0.6707,2026-02-04,到期收盘,-0.7893,2026-02-11,到期收盘,-1.1675,2026-03-05,到期收盘
2026-01-28,5,128129.SZ,青农转债,002958,青农商行,B下修事件,B,50.6,108.15,108.0,cb_basic.maturity_call_price,0.15,37.77,56,AAA,False,安全,38.4,83.0,60.4,37.3,60.0,21.4,60.0,,pledge_total_ratio/ownership_nature,-0.1979,2026-02-04,到期收盘,0.0407,2026-02-11,到期收盘,-0.2635,2026-03-05,到期收盘
2026-01-28,6,113037.SH,紫银转债,601860,紫金银行,B下修事件,B,50.2,109.95,110.0,cb_basic.maturity_call_price,-0.05,40.41,23,AA+,False,安全,36.5,83.0,61.8,35.9,60.0,14.0,60.0,,pledge_total_ratio/ownership_nature,-0.0828,2026-02-04,到期收盘,0.0337,2026-02-11,到期收盘,-0.1519,2026-03-05,到期收盘
2026-01-28,7,127017.SZ,万青转债,000789,万年青,B下修事件,B,49.6,114.25,113.0,cb_call.call_price,1.25,78.16,-27,AA+,False,安全,33.9,83.0,64.8,30.5,62.5,5.8,60.0,,pledge_total_ratio/ownership_nature,0.5138,2026-02-04,到期收盘,0.1313,2026-02-11,到期收盘,-1.3077,2026-03-05,到期收盘
2026-01-28,8,123108.SZ,乐普转2,300003,乐普医疗,B下修事件,B,49.5,109.3,107.8,cb_call.call_price,1.5,68.51,-92,AA+,False,安全,34.4,83.0,62.5,30.5,60.0,17.9,60.0,,pledge_total_ratio/ownership_nature,-1.1464,2026-02-04,到期收盘,-1.3403,2026-02-11,到期收盘,-1.5865,2026-03-05,到期收盘
2026-01-28,9,113033.SH,利群转债,601366,利群股份,底价观察,C,38.7,114.95,110.0,cb_call.call_price,4.95,10.61,-90,AA,False,安全,50.2,53.0,31.4,46.6,60.0,9.5,60.0,,pledge_total_ratio/ownership_nature,-2.3732,2026-02-04,到期收盘,-1.8147,2026-02-11,到期收盘,-4.2993,2026-03-05,到期收盘
2026-01-28,10,128135.SZ,洽洽转债,002557,洽洽食品,B下修事件,C,37.8,117.7,115.0,cb_basic.maturity_call_price,2.7,183.42,112,AA,False,安全,32.5,83.0,39.2,30.5,60.0,5.0,60.0,,pledge_total_ratio/ownership_nature,-0.7723,2026-02-04,到期收盘,-0.3144,2026-02-11,到期收盘,-2.2906,2026-03-05,到期收盘
2026-01-29,1,128097.SZ,奥佳转债,002614,奥佳华,B下修事件,B,56.4,109.97,110.0,cb_call.call_price,-0.03,37.65,-125,A+,False,安全,36.4,83.0,76.0,37.4,60.0,8.2,60.0,,pledge_total_ratio/ownership_nature,-0.0937,2026-02-05,到期收盘,-0.0864,2026-02-12,到期收盘,,,
2026-01-29,2,128108.SZ,蓝帆转债,002382,蓝帆医疗,B下修事件,B,54.9,108.12,108.0,cb_call.call_price,0.12,45.93,-33,AA-,False,安全,35.3,83.0,74.9,32.8,62.5,7.7,60.0,,pledge_total_ratio/ownership_nature,0.1202,2026-02-05,到期收盘,0.2451,2026-02-12,到期收盘,0.9526,2026-03-06,到期收盘
2026-01-29,3,113579.SH,健友转债,603707,健友股份,B下修事件,B,54.6,108.97,109.0,cb_call.call_price,-0.03,177.73,-68,AA,False,安全,32.9,83.0,76.0,30.5,60.0,7.9,60.0,,pledge_total_ratio/ownership_nature,-0.1138,2026-02-05,到期收盘,-0.1175,2026-02-12,到期收盘,-0.2597,2026-03-06,到期收盘
2026-01-29,4,127016.SZ,鲁泰转债,000726,鲁泰A,底价观察,B,52.5,111.71,111.0,cb_call.call_price,0.71,21.72,-82,AA+,False,安全,43.1,53.0,69.6,31.1,60.0,13.8,60.0,,pledge_total_ratio/ownership_nature,-0.3778,2026-02-05,到期收盘,-0.5944,2026-02-12,到期收盘,-0.7752,2026-03-06,到期收盘
2026-01-29,5,113037.SH,紫银转债,601860,紫金银行,B下修事件,B,50.8,110.1,110.0,cb_basic.maturity_call_price,0.1,38.61,23,AA+,False,安全,38.2,83.0,60.9,36.9,60.0,21.7,60.0,,pledge_total_ratio/ownership_nature,-0.1653,2026-02-05,到期收盘,-0.2044,2026-02-12,到期收盘,-0.3451,2026-03-06,到期收盘
2026-01-29,6,128129.SZ,青农转债,002958,青农商行,B下修事件,B,50.0,108.37,108.0,cb_basic.maturity_call_price,0.37,35.89,56,AAA,False,安全,38.9,83.0,58.4,38.4,60.0,21.1,60.0,,pledge_total_ratio/ownership_nature,-0.3507,2026-02-05,到期收盘,-0.2279,2026-02-12,到期收盘,-0.466,2026-03-06,到期收盘
2026-01-29,7,127017.SZ,万青转债,000789,万年青,B下修事件,B,49.6,114.22,113.0,cb_call.call_price,1.22,78.45,-27,AA+,False,安全,33.8,83.0,65.0,30.5,62.6,5.0,60.0,,pledge_total_ratio/ownership_nature,-0.1068,2026-02-05,到期收盘,-1.1741,2026-02-12,到期收盘,-1.2957,2026-03-06,到期收盘
2026-01-29,8,123108.SZ,乐普转2,300003,乐普医疗,B下修事件,B,48.7,109.62,107.8,cb_call.call_price,1.82,65.97,-92,AA+,False,安全,35.9,83.0,59.7,30.5,62.5,19.3,60.0,,pledge_total_ratio/ownership_nature,-1.351,2026-02-05,到期收盘,-1.7004,2026-02-12,到期收盘,-1.8619,2026-03-06,到期收盘
2026-01-29,9,128135.SZ,洽洽转债,002557,洽洽食品,B下修事件,C,41.0,117.19,115.0,cb_basic.maturity_call_price,2.19,175.9,112,AA,False,安全,35.2,83.0,43.8,30.5,62.5,14.6,60.0,,pledge_total_ratio/ownership_nature,-0.4267,2026-02-05,到期收盘,0.041,2026-02-12,到期收盘,-1.7843,2026-03-06,到期收盘
2026-01-30,1,128108.SZ,蓝帆转债,002382,蓝帆医疗,B下修事件,B,55.3,108.02,108.0,cb_call.call_price,0.02,45.06,-33,AA-,False,安全,34.4,83.0,75.8,33.3,60.0,8.2,60.0,,pledge_total_ratio/ownership_nature,0.5369,2026-02-06,到期收盘,0.5842,2026-02-13,到期收盘,0.9072,2026-03-09,到期收盘
2026-01-30,2,128097.SZ,奥佳转债,002614,奥佳华,B下修事件,B,55.2,109.86,110.0,cb_call.call_price,-0.14,49.51,-125,A+,False,安全,33.8,83.0,76.0,30.8,60.0,12.7,60.0,,pledge_total_ratio/ownership_nature,0.0109,2026-02-06,到期收盘,0.0137,2026-02-13,到期收盘,,,
2026-01-30,3,113579.SH,健友转债,603707,健友股份,B下修事件,B,54.5,108.83,109.0,cb_call.call_price,-0.17,182.69,-68,AA,False,安全,32.8,83.0,76.0,30.5,60.0,7.0,60.0,,pledge_total_ratio/ownership_nature,0.0037,2026-02-06,到期收盘,0.0138,2026-02-13,到期收盘,-0.1121,2026-03-09,到期收盘
2026-01-30,4,127016.SZ,鲁泰转债,000726,鲁泰A,底价观察,B,54.0,111.49,111.0,cb_call.call_price,0.49,20.08,-82,AA+,False,安全,44.4,53.0,71.6,33.4,60.0,14.5,60.0,,pledge_total_ratio/ownership_nature,-0.0538,2026-02-06,到期收盘,-0.2242,2026-02-13,到期收盘,-0.5974,2026-03-09,到期收盘
2026-01-30,5,113037.SH,紫银转债,601860,紫金银行,B下修事件,B,51.3,109.94,110.0,cb_basic.maturity_call_price,-0.06,38.9,23,AA+,False,安全,39.2,83.0,61.8,36.7,62.5,20.5,60.0,,pledge_total_ratio/ownership_nature,-0.0628,2026-02-06,到期收盘,-0.0837,2026-02-13,到期收盘,-0.221,2026-03-09,到期收盘
2026-01-30,6,127017.SZ,万青转债,000789,万年青,B下修事件,B,51.2,113.82,113.0,cb_call.call_price,0.82,77.49,-27,AA+,False,安全,33.8,83.0,68.6,30.5,62.5,5.0,60.0,,pledge_total_ratio/ownership_nature,0.2012,2026-02-06,到期收盘,-0.6422,2026-02-13,到期收盘,-0.9629,2026-03-09,到期收盘
2026-01-30,7,128129.SZ,青农转债,002958,青农商行,B下修事件,B,51.1,108.08,108.0,cb_basic.maturity_call_price,0.08,37.68,56,AAA,False,安全,39.5,83.0,61.0,37.4,62.5,20.2,60.0,,pledge_total_ratio/ownership_nature,-0.0823,2026-02-06,到期收盘,0.0731,2026-02-13,到期收盘,-0.1878,2026-03-09,到期收盘
2026-01-30,8,123108.SZ,乐普转2,300003,乐普医疗,B下修事件,B,51.0,108.63,107.8,cb_call.call_price,0.83,69.26,-92,AA+,False,安全,32.6,83.0,68.5,30.5,60.0,5.9,60.0,,pledge_total_ratio/ownership_nature,-0.5008,2026-02-06,到期收盘,-0.6628,2026-02-13,到期收盘,-0.962,2026-03-09,到期收盘
2026-01-30,9,128135.SZ,洽洽转债,002557,洽洽食品,B下修事件,C,41.2,116.92,115.0,cb_basic.maturity_call_price,1.92,180.79,112,AA,False,安全,33.0,83.0,46.2,30.5,60.0,8.1,60.0,,pledge_total_ratio/ownership_nature,-0.189,2026-02-06,到期收盘,0.1557,2026-02-13,到期收盘,-1.6345,2026-03-09,到期收盘
2026-01-30,10,113033.SH,利群转债,601366,利群股份,底价观察,C,40.7,114.71,110.0,cb_call.call_price,4.71,9.08,-90,AA,False,安全,52.1,53.0,33.6,49.4,60.0,12.3,60.0,,pledge_total_ratio/ownership_nature,-1.169,2026-02-06,到期收盘,-2.3634,2026-02-13,到期收盘,-4.2167,2026-03-09,到期收盘
2026-01-30,11,128124.SZ,科华转债,002022,科华生物,B下修事件,C,36.4,110.1,106.0,cb_call.call_price,4.1,257.86,28,A,False,安全,33.4,83.0,34.8,30.5,60.0,10.8,60.0,,pledge_total_ratio/ownership_nature,-0.5495,2026-02-06,到期收盘,0.2725,2026-02-13,到期收盘,-0.5731,2026-03-09,到期收盘
2026-02-02,1,128097.SZ,奥佳转债,002614,奥佳华,B下修事件,B,55.0,109.84,110.0,cb_call.call_price,-0.16,51.25,-125,A+,False,安全,34.4,83.0,76.0,30.5,62.5,9.3,60.0,,pledge_total_ratio/ownership_nature,0.0155,2026-02-09,到期收盘,0.0319,2026-02-24,到期收盘,,,
2026-02-02,2,113579.SH,健友转债,603707,健友股份,B下修事件,B,54.7,108.79,109.0,cb_call.call_price,-0.21,188.46,-68,AA,False,安全,34.0,83.0,76.0,30.5,62.5,6.3,60.0,,pledge_total_ratio/ownership_nature,0.0763,2026-02-09,到期收盘,0.0827,2026-02-24,到期收盘,-0.0579,2026-03-10,到期收盘
2026-02-02,3,127016.SZ,鲁泰转债,000726,鲁泰A,底价观察,B,53.8,111.12,111.0,cb_call.call_price,0.12,25.14,-82,AA+,False,安全,40.9,53.0,74.9,26.4,60.0,14.9,60.0,,pledge_total_ratio/ownership_nature,0.252,2026-02-09,到期收盘,0.1125,2026-02-24,到期收盘,-0.2997,2026-03-10,到期收盘
2026-02-02,4,127017.SZ,万青转债,000789,万年青,B下修事件,B,52.7,113.4,113.0,cb_call.call_price,0.4,77.49,-27,AA+,False,安全,32.5,83.0,72.4,30.5,60.0,5.3,60.0,,pledge_total_ratio/ownership_nature,1.1005,2026-02-09,到期收盘,-0.2028,2026-02-24,到期收盘,-0.6173,2026-03-10,到期收盘
2026-02-02,5,128129.SZ,青农转债,002958,青农商行,B下修事件,B,50.9,108.03,108.0,cb_basic.maturity_call_price,0.03,40.3,56,AAA,False,安全,38.8,83.0,61.5,35.9,62.5,20.4,60.0,,pledge_total_ratio/ownership_nature,0.1203,2026-02-09,到期收盘,0.0093,2026-02-24,到期收盘,-0.2592,2026-03-10,到期收盘
2026-02-02,6,113037.SH,紫银转债,601860,紫金银行,B下修事件,B,50.8,109.88,110.0,cb_basic.maturity_call_price,-0.12,39.81,23,AA+,False,安全,38.4,83.0,61.8,36.2,62.5,16.9,60.0,,pledge_total_ratio/ownership_nature,0.0974,2026-02-09,到期收盘,-0.0091,2026-02-24,到期收盘,-0.2257,2026-03-10,到期收盘
2026-02-02,7,113033.SH,利群转债,601366,利群股份,底价观察,B,50.5,112.4,110.0,cb_call.call_price,2.4,9.46,-90,AA,False,安全,52.6,53.0,54.4,48.6,60.0,18.5,60.0,,pledge_total_ratio/ownership_nature,1.1459,2026-02-09,到期收盘,-0.9733,2026-02-24,到期收盘,-2.2144,2026-03-10,到期收盘
2026-02-02,8,128135.SZ,洽洽转债,002557,洽洽食品,B下修事件,B,45.0,116.2,115.0,cb_basic.maturity_call_price,1.2,166.49,112,AA,False,安全,35.1,83.0,52.7,30.5,62.5,14.2,60.0,,pledge_total_ratio/ownership_nature,1.0327,2026-02-09,到期收盘,0.8098,2026-02-24,到期收盘,-1.0052,2026-03-10,到期收盘
2026-02-02,9,128124.SZ,科华转债,002022,科华生物,B下修事件,C,43.0,108.6,106.0,cb_call.call_price,2.6,267.46,28,A,False,安全,35.1,83.0,48.3,30.5,62.5,13.8,60.0,,pledge_total_ratio/ownership_nature,1.2707,2026-02-09,到期收盘,1.9613,2026-02-24,到期收盘,-2.0773,2026-03-10,到期收盘
2026-02-02,10,128101.SZ,联创转债,002036,联创电子,底价观察,C,41.5,113.5,110.0,cb_call.call_price,3.5,20.39,-106,AA-,False,安全,44.7,53.0,44.5,33.0,62.5,9.4,60.0,,pledge_total_ratio/ownership_nature,-0.978,2026-02-09,到期收盘,-0.896,2026-02-24,到期收盘,5.0,2026-03-03,止盈
2026-02-02,11,127018.SZ,本钢转债,000761,本钢板材,底价观察,C,41.1,123.1,119.0,cb_call.call_price,4.1,17.73,-1,AAA,False,安全,48.2,53.0,39.1,36.7,62.5,20.9,60.0,,pledge_total_ratio/ownership_nature,2.4695,2026-02-09,到期收盘,1.853,2026-02-24,到期收盘,-0.7311,2026-03-10,到期收盘
2026-02-03,1,113579.SH,健友转债,603707,健友股份,B下修事件,B,54.6,108.81,109.0,cb_call.call_price,-0.19,176.75,-68,AA,False,安全,32.9,83.0,76.0,30.5,60.0,7.9,60.0,,pledge_total_ratio/ownership_nature,0.0386,2026-02-10,到期收盘,0.0138,2026-02-25,到期收盘,-0.1048,2026-03-11,到期收盘
2026-02-03,2,128097.SZ,奥佳转债,002614,奥佳华,B下修事件,B,54.4,109.85,110.0,cb_call.call_price,-0.15,49.51,-125,A+,False,安全,32.7,83.0,76.0,30.8,60.0,5.4,60.0,,pledge_total_ratio/ownership_nature,0.0091,2026-02-10,到期收盘,,,,,,
2026-02-03,3,127016.SZ,鲁泰转债,000726,鲁泰A,底价观察,B,53.8,111.27,111.0,cb_call.call_price,0.27,24.15,-82,AA+,False,安全,42.0,53.0,73.6,27.7,60.0,17.9,60.0,,pledge_total_ratio/ownership_nature,0.0629,2026-02-10,到期收盘,0.0701,2026-02-25,到期收盘,-0.4341,2026-03-11,到期收盘
2026-02-03,4,123108.SZ,乐普转2,300003,乐普医疗,B下修事件,B,53.4,108.25,107.8,cb_call.call_price,0.45,69.14,-92,AA+,False,安全,34.0,83.0,71.9,30.5,60.0,14.7,60.0,,pledge_total_ratio/ownership_nature,-0.2226,2026-02-10,到期收盘,-0.5986,2026-02-25,到期收盘,-0.5977,2026-03-11,到期收盘
2026-02-03,5,113037.SH,紫银转债,601860,紫金银行,B下修事件,B,51.0,109.8,110.0,cb_basic.maturity_call_price,-0.2,40.72,23,AA+,False,安全,38.6,83.0,61.8,35.7,62.5,20.3,60.0,,pledge_total_ratio/ownership_nature,0.1858,2026-02-10,到期收盘,0.0519,2026-02-25,到期收盘,-0.0974,2026-03-11,到期收盘
2026-02-03,6,127017.SZ,万青转债,000789,万年青,B下修事件,B,50.7,113.99,113.0,cb_call.call_price,0.99,73.32,-27,AA+,False,安全,33.0,83.0,67.1,30.5,60.0,8.6,60.0,,pledge_total_ratio/ownership_nature,0.4904,2026-02-10,到期收盘,-0.7237,2026-02-25,到期收盘,-1.0325,2026-03-11,到期收盘
2026-02-03,7,113033.SH,利群转债,601366,利群股份,底价观察,B,49.6,112.66,110.0,cb_call.call_price,2.66,9.93,-90,AA,False,安全,53.6,53.0,52.1,47.6,62.6,20.1,60.0,,pledge_total_ratio/ownership_nature,0.6684,2026-02-10,到期收盘,-1.3092,2026-02-25,到期收盘,-2.48,2026-03-11,到期收盘
2026-02-03,8,128135.SZ,洽洽转债,002557,洽洽食品,B下修事件,C,43.6,116.32,115.0,cb_basic.maturity_call_price,1.32,170.95,112,AA,False,安全,32.8,83.0,51.6,30.5,60.0,7.3,60.0,,pledge_total_ratio/ownership_nature,0.7892,2026-02-10,到期收盘,0.8253,2026-02-25,到期收盘,-1.1847,2026-03-11,到期收盘
2026-02-03,9,128101.SZ,联创转债,002036,联创电子,底价观察,C,40.3,113.91,110.0,cb_call.call_price,3.91,17.91,-106,AA-,False,安全,44.9,53.0,40.9,36.4,60.0,7.6,60.0,,pledge_total_ratio/ownership_nature,-1.6566,2026-02-10,到期收盘,-1.0719,2026-02-25,到期收盘,5.0,2026-03-03,止盈
2026-02-03,10,128124.SZ,科华转债,002022,科华生物,B下修事件,C,39.4,109.22,106.0,cb_call.call_price,3.22,265.94,28,A,False,安全,32.6,83.0,42.8,30.5,60.0,5.6,60.0,,pledge_total_ratio/ownership_nature,0.7142,2026-02-10,到期收盘,1.5254,2026-02-25,到期收盘,-2.5197,2026-03-11,到期收盘
2026-02-03,11,127018.SZ,本钢转债,000761,本钢板材,底价观察,C,38.5,123.9,119.0,cb_call.call_price,4.9,15.48,-1,AAA,False,安全,48.7,53.0,31.9,39.8,60.0,21.6,60.0,,pledge_total_ratio/ownership_nature,1.3398,2026-02-10,到期收盘,1.753,2026-02-25,到期收盘,-1.9774,2026-03-11,到期收盘
2026-02-03,12,128138.SZ,侨银转债,002973,侨银股份,底价观察,C,37.0,133.03,130.0,cb_basic.maturity_call_price,3.03,28.8,140,A+,False,安全,38.7,53.0,40.5,24.4,60.0,7.1,60.0,,pledge_total_ratio/ownership_nature,0.6856,2026-02-10,到期收盘,1.1426,2026-02-25,到期收盘,1.429,2026-03-11,到期收盘
2026-02-04,1,128097.SZ,奥佳转债,002614,奥佳华,B下修事件,B,54.9,109.84,110.0,cb_call.call_price,-0.16,47.77,-125,A+,False,安全,34.4,83.0,76.0,31.7,62.5,5.0,60.0,,pledge_total_ratio/ownership_nature,0.0228,2026-02-11,到期收盘,,,,,,
2026-02-04,2,113579.SH,健友转债,603707,健友股份,B下修事件,B,54.8,108.87,109.0,cb_call.call_price,-0.13,178.94,-68,AA,False,安全,34.1,83.0,76.0,30.5,62.5,7.1,60.0,,pledge_total_ratio/ownership_nature,-0.0073,2026-02-11,到期收盘,-0.056,2026-02-26,到期收盘,-0.1708,2026-03-12,到期收盘
2026-02-04,3,123108.SZ,乐普转2,300003,乐普医疗,B下修事件,B,53.7,108.05,107.8,cb_call.call_price,0.25,67.61,-92,AA+,False,安全,33.9,83.0,73.8,30.5,62.5,6.1,60.0,,pledge_total_ratio/ownership_nature,-0.199,2026-02-11,到期收盘,-0.3887,2026-02-26,到期收盘,-0.4081,2026-03-12,到期收盘
2026-02-04,4,128108.SZ,蓝帆转债,002382,蓝帆医疗,B下修事件,B,53.3,108.58,108.0,cb_call.call_price,0.58,44.83,-33,AA-,False,安全,35.7,83.0,70.8,33.4,62.5,8.1,60.0,,pledge_total_ratio/ownership_nature,-0.0728,2026-02-11,到期收盘,-0.4319,2026-02-26,到期收盘,1.4828,2026-03-12,到期收盘
2026-02-04,5,127016.SZ,鲁泰转债,000726,鲁泰A,底价观察,B,53.2,111.37,111.0,cb_call.call_price,0.37,22.78,-82,AA+,False,安全,42.9,53.0,72.7,29.6,62.5,8.7,60.0,,pledge_total_ratio/ownership_nature,-0.1212,2026-02-11,到期收盘,-0.2469,2026-02-26,到期收盘,-0.5334,2026-03-12,到期收盘
2026-02-04,6,113033.SH,利群转债,601366,利群股份,底价观察,B,51.2,112.22,110.0,cb_call.call_price,2.22,9.29,-90,AA,False,安全,53.5,53.0,56.0,49.0,62.5,14.9,60.0,,pledge_total_ratio/ownership_nature,0.5739,2026-02-11,到期收盘,-1.5104,2026-02-26,到期收盘,-2.1146,2026-03-12,到期收盘
2026-02-04,7,113037.SH,紫银转债,601860,紫金银行,B下修事件,B,51.1,109.86,110.0,cb_basic.maturity_call_price,-0.14,39.29,23,AA+,False,安全,37.9,83.0,61.8,36.5,60.0,21.3,60.0,,pledge_total_ratio/ownership_nature,0.1156,2026-02-11,到期收盘,-0.0346,2026-02-26,到期收盘,-0.0947,2026-03-12,到期收盘
2026-02-04,8,127017.SZ,万青转债,000789,万年青,B下修事件,B,47.5,114.84,113.0,cb_call.call_price,1.84,72.15,-27,AA+,False,安全,34.2,83.0,59.5,30.5,62.6,7.9,60.0,,pledge_total_ratio/ownership_nature,-0.3831,2026-02-11,到期收盘,-1.4124,2026-02-26,到期收盘,-1.9105,2026-03-12,到期收盘
2026-02-04,9,128101.SZ,联创转债,002036,联创电子,底价观察,B,45.2,112.9,110.0,cb_call.call_price,2.9,16.55,-106,AA-,False,安全,47.2,53.0,49.9,38.3,62.5,8.7,60.0,,pledge_total_ratio/ownership_nature,-1.0523,2026-02-11,到期收盘,-1.0788,2026-02-26,到期收盘,5.0,2026-03-03,止盈
2026-02-04,10,128135.SZ,洽洽转债,002557,洽洽食品,B下修事件,C,42.0,116.79,115.0,cb_basic.maturity_call_price,1.79,170.79,112,AA,False,安全,34.3,83.0,47.4,30.5,62.5,8.4,60.0,,pledge_total_ratio/ownership_nature,0.4624,2026-02-11,到期收盘,-1.3931,2026-02-26,到期收盘,-1.6551,2026-03-12,到期收盘
2026-02-04,11,128124.SZ,科华转债,002022,科华生物,B下修事件,C,38.2,109.58,106.0,cb_call.call_price,3.58,262.45,28,A,False,安全,33.8,83.0,39.5,30.5,62.5,5.0,60.0,,pledge_total_ratio/ownership_nature,0.2464,2026-02-11,到期收盘,0.4818,2026-02-26,到期收盘,-2.9777,2026-03-12,到期收盘
2026-02-05,1,128097.SZ,奥佳转债,002614,奥佳华,B下修事件,B,54.6,109.87,110.0,cb_call.call_price,-0.13,48.23,-125,A+,False,安全,33.0,83.0,76.0,31.5,60.0,5.0,60.0,,pledge_total_ratio/ownership_nature,0.0046,2026-02-12,到期收盘,,,,,,
2026-02-05,2,113579.SH,健友转债,603707,健友股份,B下修事件,B,54.6,108.85,109.0,cb_call.call_price,-0.15,174.26,-68,AA,False,安全,33.8,83.0,76.0,30.5,62.5,5.1,60.0,,pledge_total_ratio/ownership_nature,-0.0073,2026-02-12,到期收盘,-0.0276,2026-02-27,到期收盘,-0.1562,2026-03-13,到期收盘
2026-02-05,3,128108.SZ,蓝帆转债,002382,蓝帆医疗,B下修事件,B,54.3,108.25,108.0,cb_call.call_price,0.25,45.86,-33,AA-,False,安全,35.1,83.0,73.8,32.8,62.6,5.9,60.0,,pledge_total_ratio/ownership_nature,0.1247,2026-02-12,到期收盘,-0.0859,2026-02-27,到期收盘,5.0,2026-03-13,止盈
2026-02-05,4,127016.SZ,鲁泰转债,000726,鲁泰A,底价观察,B,54.2,111.29,111.0,cb_call.call_price,0.29,22.37,-82,AA+,False,安全,43.0,53.0,73.4,30.2,60.0,16.4,60.0,,pledge_total_ratio/ownership_nature,-0.2192,2026-02-12,到期收盘,-0.1465,2026-02-27,到期收盘,-0.469,2026-03-13,到期收盘
2026-02-05,5,123108.SZ,乐普转2,300003,乐普医疗,B下修事件,B,53.4,108.14,107.8,cb_call.call_price,0.34,68.31,-92,AA+,False,安全,34.0,83.0,72.9,30.5,62.6,6.7,60.0,,pledge_total_ratio/ownership_nature,-0.3551,2026-02-12,到期收盘,-0.454,2026-02-27,到期收盘,-0.4901,2026-03-13,到期收盘
2026-02-05,6,113037.SH,紫银转债,601860,紫金银行,B下修事件,B,51.2,109.92,110.0,cb_basic.maturity_call_price,-0.08,39.86,23,AA+,False,安全,38.9,83.0,61.8,36.2,62.5,20.6,60.0,,pledge_total_ratio/ownership_nature,-0.0409,2026-02-12,到期收盘,-0.0619,2026-02-27,到期收盘,-0.2074,2026-03-13,到期收盘
2026-02-05,7,127017.SZ,万青转债,000789,万年青,B下修事件,B,50.2,114.1,113.0,cb_call.call_price,1.1,71.95,-27,AA+,False,安全,33.8,83.0,66.1,30.5,62.5,5.5,60.0,,pledge_total_ratio/ownership_nature,-1.0701,2026-02-12,到期收盘,-0.7467,2026-02-27,到期收盘,-1.3181,2026-03-13,到期收盘
2026-02-05,8,113033.SH,利群转债,601366,利群股份,底价观察,B,48.1,113.17,110.0,cb_call.call_price,3.17,8.04,-90,AA,False,安全,55.0,53.0,47.5,51.6,62.6,15.7,60.0,,pledge_total_ratio/ownership_nature,-0.8182,2026-02-12,到期收盘,-2.4574,2026-02-27,到期收盘,-2.9796,2026-03-13,到期收盘
2026-02-05,9,128101.SZ,联创转债,002036,联创电子,底价观察,B,47.2,112.18,110.0,cb_call.call_price,2.18,18.21,-106,AA-,False,安全,45.6,53.0,56.4,36.0,62.6,5.5,60.0,,pledge_total_ratio/ownership_nature,-0.5482,2026-02-12,到期收盘,-1.0608,2026-02-27,到期收盘,5.0,2026-03-03,止盈
2026-02-05,10,128135.SZ,洽洽转债,002557,洽洽食品,B下修事件,C,42.2,116.69,115.0,cb_basic.maturity_call_price,1.69,164.96,112,AA,False,安全,33.9,83.0,48.3,30.5,62.6,5.7,60.0,,pledge_total_ratio/ownership_nature,0.4696,2026-02-12,到期收盘,-1.3626,2026-02-27,到期收盘,-1.6197,2026-03-13,到期收盘
2026-02-05,11,128124.SZ,科华转债,002022,科华生物,B下修事件,C,38.9,109.4,106.0,cb_call.call_price,3.4,264.18,28,A,False,安全,33.8,83.0,41.1,30.5,62.6,5.0,60.0,,pledge_total_ratio/ownership_nature,0.8199,2026-02-12,到期收盘,0.8254,2026-02-27,到期收盘,-2.7651,2026-03-13,到期收盘
2026-02-06,1,128097.SZ,奥佳转债,002614,奥佳华,B下修事件,B,54.8,109.87,110.0,cb_call.call_price,-0.13,48.24,-125,A+,False,安全,34.2,83.0,76.0,31.5,62.5,5.0,60.0,,pledge_total_ratio/ownership_nature,0.0046,2026-02-13,到期收盘,,,,,,
2026-02-06,2,113579.SH,健友转债,603707,健友股份,B下修事件,B,54.7,108.83,109.0,cb_call.call_price,-0.17,173.94,-68,AA,False,安全,33.0,83.0,76.0,30.5,60.0,8.5,60.0,,pledge_total_ratio/ownership_nature,0.0138,2026-02-13,到期收盘,-0.0643,2026-03-02,到期收盘,-0.1149,2026-03-16,到期收盘
2026-02-06,3,123108.SZ,乐普转2,300003,乐普医疗,B下修事件,B,53.6,108.09,107.8,cb_call.call_price,0.29,68.89,-92,AA+,False,安全,34.0,83.0,73.4,30.5,62.5,6.5,60.0,,pledge_total_ratio/ownership_nature,-0.1665,2026-02-13,到期收盘,-0.4468,2026-03-02,到期收盘,-0.4163,2026-03-16,到期收盘
2026-02-06,4,127016.SZ,鲁泰转债,000726,鲁泰A,底价观察,B,53.2,111.43,111.0,cb_call.call_price,0.43,21.89,-82,AA+,False,安全,42.4,53.0,72.1,30.9,60.0,10.1,60.0,,pledge_total_ratio/ownership_nature,-0.1705,2026-02-13,到期收盘,-0.3518,2026-03-02,到期收盘,-0.6013,2026-03-16,到期收盘
2026-02-06,5,128108.SZ,蓝帆转债,002382,蓝帆医疗,B下修事件,B,53.0,108.6,108.0,cb_call.call_price,0.6,44.62,-33,AA-,False,安全,35.4,83.0,70.6,33.5,62.5,5.7,60.0,,pledge_total_ratio/ownership_nature,0.047,2026-02-13,到期收盘,-0.3904,2026-03-02,到期收盘,5.0,2026-03-13,止盈
2026-02-06,6,113037.SH,紫银转债,601860,紫金银行,B下修事件,B,50.9,109.87,110.0,cb_basic.maturity_call_price,-0.13,39.3,23,AA+,False,安全,37.8,83.0,61.8,36.5,60.0,20.1,60.0,,pledge_total_ratio/ownership_nature,-0.02,2026-02-13,到期收盘,0.0091,2026-03-02,到期收盘,-0.1629,2026-03-16,到期收盘
2026-02-06,7,127017.SZ,万青转债,000789,万年青,B下修事件,B,50.1,114.05,113.0,cb_call.call_price,1.05,72.18,-27,AA+,False,安全,32.5,83.0,66.6,30.5,60.0,5.0,60.0,,pledge_total_ratio/ownership_nature,-0.8426,2026-02-13,到期收盘,-0.6295,2026-03-02,到期收盘,-1.1092,2026-03-16,到期收盘
2026-02-06,8,128101.SZ,联创转债,002036,联创电子,底价观察,B,47.9,111.97,110.0,cb_call.call_price,1.97,18.21,-106,AA-,False,安全,44.5,53.0,58.3,36.0,60.0,6.8,60.0,,pledge_total_ratio/ownership_nature,-0.493,2026-02-13,到期收盘,-1.5272,2026-03-02,到期收盘,,,
2026-02-06,9,113033.SH,利群转债,601366,利群股份,底价观察,B,45.8,113.37,110.0,cb_call.call_price,3.37,9.74,-90,AA,False,安全,52.3,53.0,45.7,48.0,62.6,9.7,60.0,,pledge_total_ratio/ownership_nature,-1.2093,2026-02-13,到期收盘,-2.8958,2026-03-02,到期收盘,-3.1569,2026-03-16,到期收盘
2026-02-06,10,128135.SZ,洽洽转债,002557,洽洽食品,B下修事件,C,41.9,116.7,115.0,cb_basic.maturity_call_price,1.7,165.86,112,AA,False,安全,32.6,83.0,48.2,30.5,60.0,5.7,60.0,,pledge_total_ratio/ownership_nature,0.3445,2026-02-13,到期收盘,-1.3051,2026-03-02,到期收盘,-1.5596,2026-03-16,到期收盘
2026-02-06,11,128124.SZ,科华转债,002022,科华生物,B下修事件,C,38.5,109.5,106.0,cb_call.call_price,3.5,263.34,28,A,False,安全,33.8,83.0,40.2,30.5,62.5,5.0,60.0,,pledge_total_ratio/ownership_nature,0.8219,2026-02-13,到期收盘,0.7306,2026-03-02,到期收盘,-2.9315,2026-03-16,到期收盘
2026-02-09,1,128097.SZ,奥佳转债,002614,奥佳华,B下修事件,B,54.8,109.86,110.0,cb_call.call_price,-0.14,46.74,-125,A+,False,安全,33.4,83.0,76.0,32.3,60.0,5.0,60.0,,pledge_total_ratio/ownership_nature,0.0137,2026-02-24,到期收盘,,,,,,
2026-02-09,2,113579.SH,健友转债,603707,健友股份,B下修事件,B,54.5,108.87,109.0,cb_call.call_price,-0.13,167.94,-68,AA,False,安全,32.8,83.0,76.0,30.5,60.0,6.9,60.0,,pledge_total_ratio/ownership_nature,0.0092,2026-02-24,到期收盘,-0.1268,2026-03-03,到期收盘,-0.1663,2026-03-17,到期收盘
2026-02-09,3,123108.SZ,乐普转2,300003,乐普医疗,B下修事件,B,53.4,108.15,107.8,cb_call.call_price,0.35,65.09,-92,AA+,False,安全,33.2,83.0,72.9,30.5,60.0,9.6,60.0,,pledge_total_ratio/ownership_nature,-0.3893,2026-02-24,到期收盘,-0.4947,2026-03-03,到期收盘,-0.4679,2026-03-17,到期收盘
2026-02-09,4,127016.SZ,鲁泰转债,000726,鲁泰A,底价观察,B,53.2,111.4,111.0,cb_call.call_price,0.4,22.18,-82,AA+,False,安全,43.2,53.0,72.4,30.5,62.6,7.7,60.0,,pledge_total_ratio/ownership_nature,-0.1391,2026-02-24,到期收盘,-0.4022,2026-03-03,到期收盘,-0.5566,2026-03-17,到期收盘
2026-02-09,5,128108.SZ,蓝帆转债,002382,蓝帆医疗,B下修事件,B,52.0,108.8,108.0,cb_call.call_price,0.8,43.68,-33,AA-,False,安全,34.3,83.0,68.8,34.0,60.0,5.0,60.0,,pledge_total_ratio/ownership_nature,-0.432,2026-02-24,到期收盘,-0.5699,2026-03-03,到期收盘,5.0,2026-03-13,止盈
2026-02-09,6,113037.SH,紫银转债,601860,紫金银行,B下修事件,B,50.9,109.99,110.0,cb_basic.maturity_call_price,-0.01,37.97,23,AA+,False,安全,37.8,83.0,61.8,37.2,60.0,17.6,60.0,,pledge_total_ratio/ownership_nature,-0.1091,2026-02-24,到期收盘,-0.1382,2026-03-03,到期收盘,-0.2728,2026-03-17,到期收盘
2026-02-09,7,128129.SZ,青农转债,002958,青农商行,B下修事件,B,50.8,108.16,108.0,cb_basic.maturity_call_price,0.16,34.36,56,AAA,False,安全,38.9,83.0,60.3,39.3,60.0,18.5,60.0,,pledge_total_ratio/ownership_nature,-0.1109,2026-02-24,到期收盘,-0.2413,2026-03-03,到期收盘,-0.3236,2026-03-17,到期收盘
2026-02-09,8,127017.SZ,万青转债,000789,万年青,B下修事件,B,47.7,114.65,113.0,cb_call.call_price,1.65,71.87,-27,AA+,False,安全,32.5,83.0,61.2,30.5,60.0,5.0,60.0,,pledge_total_ratio/ownership_nature,-1.2909,2026-02-24,到期收盘,-1.4645,2026-03-03,到期收盘,-1.7008,2026-03-17,到期收盘
2026-02-09,9,128101.SZ,联创转债,002036,联创电子,底价观察,B,47.2,112.39,110.0,cb_call.call_price,2.39,15.17,-106,AA-,False,安全,46.5,53.0,54.5,40.3,60.0,5.9,60.0,,pledge_total_ratio/ownership_nature,0.0827,2026-02-24,到期收盘,5.0,2026-03-03,止盈,,,
2026-02-09,10,113033.SH,利群转债,601366,利群股份,底价观察,C,44.8,113.69,110.0,cb_call.call_price,3.69,8.75,-90,AA,False,安全,52.1,53.0,42.8,50.1,60.0,10.1,60.0,,pledge_total_ratio/ownership_nature,-2.0969,2026-02-24,到期收盘,-3.1744,2026-03-03,到期收盘,-3.4084,2026-03-17,到期收盘
2026-02-09,11,128135.SZ,洽洽转债,002557,洽洽食品,B下修事件,C,39.5,117.4,115.0,cb_basic.maturity_call_price,2.4,168.91,112,AA,False,安全,34.1,83.0,41.9,30.5,62.5,7.6,60.0,,pledge_total_ratio/ownership_nature,-0.2206,2026-02-24,到期收盘,-1.9106,2026-03-03,到期收盘,-2.2027,2026-03-17,到期收盘
2026-02-09,12,128124.SZ,科华转债,002022,科华生物,B下修事件,C,36.3,109.98,106.0,cb_call.call_price,3.98,259.74,28,A,False,安全,32.5,83.0,35.9,30.5,60.0,5.0,60.0,,pledge_total_ratio/ownership_nature,0.6819,2026-02-24,到期收盘,-0.4092,2026-03-03,到期收盘,-3.5343,2026-03-17,到期收盘
2026-02-09,13,128138.SZ,侨银转债,002973,侨银股份,底价观察,C,35.3,133.42,130.0,cb_basic.maturity_call_price,3.42,28.42,140,A+,False,安全,38.6,53.0,37.0,24.6,60.0,5.2,60.0,,pledge_total_ratio/ownership_nature,0.9759,2026-02-24,到期收盘,0.1297,2026-03-03,到期收盘,0.8417,2026-03-17,到期收盘
2026-02-10,1,128097.SZ,奥佳转债,002614,奥佳华,B下修事件,B,55.5,109.86,110.0,cb_call.call_price,-0.14,46.74,-125,A+,False,安全,35.4,83.0,76.0,32.3,62.5,9.5,60.0,,pledge_total_ratio/ownership_nature,,,,,,,,,
2026-02-10,2,113579.SH,健友转债,603707,健友股份,B下修事件,B,54.3,108.85,109.0,cb_call.call_price,-0.15,166.55,-68,AA,False,安全,32.5,83.0,76.0,30.5,60.0,5.0,60.0,,pledge_total_ratio/ownership_nature,-0.023,2026-02-25,到期收盘,-0.1093,2026-03-04,到期收盘,-0.1424,2026-03-18,到期收盘
2026-02-10,3,123108.SZ,乐普转2,300003,乐普医疗,B下修事件,B,53.8,108.01,107.8,cb_call.call_price,0.21,67.08,-92,AA+,False,安全,33.8,83.0,74.1,30.5,62.5,5.6,60.0,,pledge_total_ratio/ownership_nature,-0.3777,2026-02-25,到期收盘,-0.3953,2026-03-04,到期收盘,-0.3203,2026-03-18,到期收盘
2026-02-10,4,127016.SZ,鲁泰转债,000726,鲁泰A,底价观察,B,53.3,111.34,111.0,cb_call.call_price,0.34,23.24,-82,AA+,False,安全,42.7,53.0,72.9,29.0,62.5,9.7,60.0,,pledge_total_ratio/ownership_nature,0.0072,2026-02-25,到期收盘,-0.4347,2026-03-04,到期收盘,-0.4949,2026-03-18,到期收盘
2026-02-10,5,128108.SZ,蓝帆转债,002382,蓝帆医疗,B下修事件,B,53.0,108.6,108.0,cb_call.call_price,0.6,44.38,-33,AA-,False,安全,35.4,83.0,70.6,33.6,62.5,5.6,60.0,,pledge_total_ratio/ownership_nature,-0.2302,2026-02-25,到期收盘,0.0921,2026-03-04,到期收盘,5.0,2026-03-13,止盈
2026-02-10,6,113037.SH,紫银转债,601860,紫金银行,B下修事件,B,50.6,110.0,110.0,cb_basic.maturity_call_price,0.0,38.48,23,AA+,False,安全,37.3,83.0,61.8,37.0,60.0,15.4,60.0,,pledge_total_ratio/ownership_nature,-0.13,2026-02-25,到期收盘,-0.2009,2026-03-04,到期收盘,-0.2136,2026-03-18,到期收盘
2026-02-10,7,128129.SZ,青农转债,002958,青农商行,B下修事件,B,50.3,108.13,108.0,cb_basic.maturity_call_price,0.13,35.59,56,AAA,False,安全,37.9,83.0,60.6,38.6,60.0,14.3,60.0,,pledge_total_ratio/ownership_nature,-0.1914,2026-02-25,到期收盘,-0.2127,2026-03-04,到期收盘,-0.1692,2026-03-18,到期收盘
2026-02-10,8,128101.SZ,联创转债,002036,联创电子,底价观察,B,48.6,112.02,110.0,cb_call.call_price,2.02,15.86,-106,AA-,False,安全,47.2,53.0,57.8,39.3,62.5,5.0,60.0,,pledge_total_ratio/ownership_nature,0.5972,2026-02-25,到期收盘,5.0,2026-03-03,止盈,,,
2026-02-10,9,127017.SZ,万青转债,000789,万年青,B下修事件,B,48.3,114.55,113.0,cb_call.call_price,1.55,72.03,-27,AA+,False,安全,33.8,83.0,62.1,30.5,62.5,5.0,60.0,,pledge_total_ratio/ownership_nature,-1.2091,2026-02-25,到期收盘,-1.3968,2026-03-04,到期收盘,-1.5731,2026-03-18,到期收盘
2026-02-10,10,113033.SH,利群转债,601366,利群股份,底价观察,B,45.1,113.41,110.0,cb_call.call_price,3.41,9.78,-90,AA,False,安全,50.5,53.0,45.3,48.0,60.0,6.8,60.0,,pledge_total_ratio/ownership_nature,-1.9619,2026-02-25,到期收盘,-2.9433,2026-03-04,到期收盘,-3.1699,2026-03-18,到期收盘
2026-02-10,11,128135.SZ,洽洽转债,002557,洽洽食品,B下修事件,C,39.9,117.24,115.0,cb_basic.maturity_call_price,2.24,172.4,112,AA,False,安全,33.8,83.0,43.3,30.5,62.6,5.0,60.0,,pledge_total_ratio/ownership_nature,0.0341,2026-02-25,到期收盘,-1.868,2026-03-04,到期收盘,-2.0855,2026-03-18,到期收盘
2026-02-10,12,128124.SZ,科华转债,002022,科华生物,B下修事件,C,36.4,110.0,106.0,cb_call.call_price,4.0,259.24,28,A,False,安全,33.8,83.0,35.7,30.5,62.5,5.0,60.0,,pledge_total_ratio/ownership_nature,0.8055,2026-02-25,到期收盘,-0.3345,2026-03-04,到期收盘,-3.5091,2026-03-18,到期收盘
2026-02-10,13,128138.SZ,侨银转债,002973,侨银股份,底价观察,C,33.3,133.94,130.0,cb_basic.maturity_call_price,3.94,29.69,140,A+,False,安全,39.5,53.0,32.3,23.9,62.6,5.4,60.0,,pledge_total_ratio/ownership_nature,0.4554,2026-02-25,到期收盘,0.9094,2026-03-04,到期收盘,0.7541,2026-03-18,到期收盘
2026-02-11,1,128097.SZ,奥佳转债,002614,奥佳华,B下修事件,B,55.6,109.86,110.0,cb_call.call_price,-0.14,47.38,-125,A+,False,安全,35.5,83.0,76.0,32.0,62.6,11.5,60.0,,pledge_total_ratio/ownership_nature,,,,,,,,,
2026-02-11,2,127016.SZ,鲁泰转债,000726,鲁泰A,底价观察,B,54.3,111.23,111.0,cb_call.call_price,0.23,22.8,-82,AA+,False,安全,43.6,53.0,73.9,29.6,62.6,13.4,60.0,,pledge_total_ratio/ownership_nature,-0.1214,2026-02-26,到期收盘,-0.3767,2026-03-05,到期收盘,-0.3956,2026-03-19,到期收盘
2026-02-11,3,113579.SH,健友转债,603707,健友股份,B下修事件,B,54.3,108.86,109.0,cb_call.call_price,-0.14,169.01,-68,AA,False,安全,32.5,83.0,76.0,30.5,60.0,5.0,60.0,,pledge_total_ratio/ownership_nature,-0.0468,2026-02-26,到期收盘,-0.1562,2026-03-05,到期收盘,-0.1764,2026-03-19,到期收盘
2026-02-11,4,128108.SZ,蓝帆转债,002382,蓝帆医疗,B下修事件,B,52.9,108.5,108.0,cb_call.call_price,0.5,45.71,-33,AA-,False,安全,33.7,83.0,71.5,32.9,60.0,5.0,60.0,,pledge_total_ratio/ownership_nature,-0.3585,2026-02-26,到期收盘,0.553,2026-03-05,到期收盘,5.0,2026-03-13,止盈
2026-02-11,5,113037.SH,紫银转债,601860,紫金银行,B下修事件,B,51.0,109.99,110.0,cb_basic.maturity_call_price,-0.01,37.0,23,AA+,False,安全,38.9,83.0,61.8,37.8,62.5,14.8,60.0,,pledge_total_ratio/ownership_nature,-0.1527,2026-02-26,到期收盘,-0.1882,2026-03-05,到期收盘,-0.2509,2026-03-19,到期收盘
2026-02-11,6,128129.SZ,青农转债,002958,青农商行,B下修事件,B,50.5,108.19,108.0,cb_basic.maturity_call_price,0.19,34.4,56,AAA,False,安全,39.5,83.0,60.0,39.2,62.5,14.3,60.0,,pledge_total_ratio/ownership_nature,-0.3004,2026-02-26,到期收盘,-0.3004,2026-03-05,到期收盘,-0.3207,2026-03-19,到期收盘
2026-02-11,7,128101.SZ,联创转债,002036,联创电子,底价观察,B,49.5,111.71,110.0,cb_call.call_price,1.71,16.61,-106,AA-,False,安全,45.6,53.0,60.6,38.2,60.0,6.6,60.0,,pledge_total_ratio/ownership_nature,-0.0251,2026-02-26,到期收盘,5.0,2026-03-03,止盈,,,
2026-02-11,8,127017.SZ,万青转债,000789,万年青,B下修事件,B,48.9,114.4,113.0,cb_call.call_price,1.4,71.2,-27,AA+,False,安全,33.8,83.0,63.4,30.5,62.6,5.0,60.0,,pledge_total_ratio/ownership_nature,-1.0332,2026-02-26,到期收盘,-1.4371,2026-03-05,到期收盘,-1.5472,2026-03-19,到期收盘
2026-02-11,9,113033.SH,利群转债,601366,利群股份,底价观察,B,47.2,112.86,110.0,cb_call.call_price,2.86,10.8,-90,AA,False,安全,51.1,53.0,50.2,46.4,62.6,7.5,60.0,,pledge_total_ratio/ownership_nature,-2.0689,2026-02-26,到期收盘,-2.527,2026-03-05,到期收盘,-2.7175,2026-03-19,到期收盘
2026-02-11,10,128135.SZ,洽洽转债,002557,洽洽食品,B下修事件,C,39.2,117.33,115.0,cb_basic.maturity_call_price,2.33,173.07,112,AA,False,安全,32.5,83.0,42.5,30.5,60.0,5.0,60.0,,pledge_total_ratio/ownership_nature,-1.8469,2026-02-26,到期收盘,-1.9824,2026-03-05,到期收盘,-2.2594,2026-03-19,到期收盘
2026-02-11,11,128124.SZ,科华转债,002022,科华生物,B下修事件,C,36.8,109.85,106.0,cb_call.call_price,3.85,261.61,28,A,False,安全,32.5,83.0,37.1,30.5,60.0,5.0,60.0,,pledge_total_ratio/ownership_nature,0.2349,2026-02-26,到期收盘,-0.0464,2026-03-05,到期收盘,-3.5594,2026-03-19,到期收盘
2026-02-12,1,128097.SZ,奥佳转债,002614,奥佳华,B下修事件,B,55.9,109.88,110.0,cb_call.call_price,-0.12,49.32,-125,A+,False,安全,35.0,83.0,76.0,30.9,60.0,20.2,60.0,,pledge_total_ratio/ownership_nature,,,,,,,,,
2026-02-12,2,127017.SZ,万青转债,000789,万年青,B下修事件,B,55.8,112.88,113.0,cb_call.call_price,-0.12,72.86,-27,AA+,False,安全,34.8,83.0,76.0,30.5,60.0,20.0,60.0,,pledge_total_ratio/ownership_nature,0.326,2026-02-27,到期收盘,-0.124,2026-03-06,到期收盘,-0.2507,2026-03-20,到期收盘
2026-02-12,3,113579.SH,健友转债,603707,健友股份,B下修事件,B,54.6,108.84,109.0,cb_call.call_price,-0.16,171.16,-68,AA,False,安全,33.8,83.0,76.0,30.5,62.5,5.0,60.0,,pledge_total_ratio/ownership_nature,-0.0184,2026-02-27,到期收盘,-0.1406,2026-03-06,到期收盘,-0.1562,2026-03-20,到期收盘
2026-02-12,4,127016.SZ,鲁泰转债,000726,鲁泰A,底价观察,B,54.4,111.05,111.0,cb_call.call_price,0.05,24.89,-82,AA+,False,安全,41.3,53.0,75.6,26.7,60.0,16.6,60.0,,pledge_total_ratio/ownership_nature,0.0693,2026-02-27,到期收盘,-0.1855,2026-03-06,到期收盘,-0.235,2026-03-20,到期收盘
2026-02-12,5,128108.SZ,蓝帆转债,002382,蓝帆医疗,B下修事件,B,53.2,108.39,108.0,cb_call.call_price,0.39,48.31,-33,AA-,False,安全,34.2,83.0,72.5,31.4,62.5,5.0,60.0,,pledge_total_ratio/ownership_nature,-0.215,2026-02-27,到期收盘,0.7012,2026-03-06,到期收盘,5.0,2026-03-13,止盈
2026-02-12,6,128129.SZ,青农转债,002958,青农商行,B下修事件,B,50.6,108.12,108.0,cb_basic.maturity_call_price,0.12,37.3,56,AAA,False,安全,38.2,83.0,60.6,37.6,60.0,19.6,60.0,,pledge_total_ratio/ownership_nature,-0.1739,2026-02-27,到期收盘,-0.2358,2026-03-06,到期收盘,-0.1905,2026-03-20,到期收盘
2026-02-12,7,113037.SH,紫银转债,601860,紫金银行,B下修事件,B,50.0,109.88,110.0,cb_basic.maturity_call_price,-0.12,39.31,23,AA+,False,安全,36.3,83.0,61.8,36.5,60.0,10.4,60.0,,pledge_total_ratio/ownership_nature,-0.0255,2026-02-27,到期收盘,-0.1456,2026-03-06,到期收盘,-0.1265,2026-03-20,到期收盘
2026-02-12,8,113033.SH,利群转债,601366,利群股份,底价观察,B,49.8,112.24,110.0,cb_call.call_price,2.24,11.32,-90,AA,False,安全,51.2,53.0,55.8,45.6,62.5,10.8,60.0,,pledge_total_ratio/ownership_nature,-1.6491,2026-02-27,到期收盘,-2.0358,2026-03-06,到期收盘,-2.206,2026-03-20,到期收盘
2026-02-12,9,128101.SZ,联创转债,002036,联创电子,底价观察,B,49.7,111.56,110.0,cb_call.call_price,1.56,17.23,-106,AA-,False,安全,44.9,53.0,61.9,37.4,60.0,5.0,60.0,,pledge_total_ratio/ownership_nature,-0.5109,2026-02-27,到期收盘,5.0,2026-03-03,止盈,,,
2026-02-12,10,128135.SZ,洽洽转债,002557,洽洽食品,B下修事件,C,39.9,117.24,115.0,cb_basic.maturity_call_price,2.24,177.44,112,AA,False,安全,33.8,83.0,43.3,30.5,62.5,5.0,60.0,,pledge_total_ratio/ownership_nature,-1.8253,2026-02-27,到期收盘,-1.8262,2026-03-06,到期收盘,-2.1836,2026-03-20,到期收盘
2026-02-12,11,128124.SZ,科华转债,002022,科华生物,B下修事件,C,35.2,110.3,106.0,cb_call.call_price,4.3,270.77,28,A,False,安全,33.8,83.0,33.0,30.5,62.5,5.0,60.0,,pledge_total_ratio/ownership_nature,0.0027,2026-02-27,到期收盘,-0.0544,2026-03-06,到期收盘,-4.0553,2026-03-20,到期收盘
2026-02-13,1,127017.SZ,万青转债,000789,万年青,B下修事件,B,54.8,113.09,113.0,cb_call.call_price,0.09,76.03,-27,AA+,False,安全,33.7,83.0,75.2,30.5,60.0,13.3,60.0,,pledge_total_ratio/ownership_nature,0.214,2026-03-02,到期收盘,-0.3236,2026-03-09,到期收盘,-0.3095,2026-03-23,到期收盘
2026-02-13,2,113579.SH,健友转债,603707,健友股份,B下修事件,B,54.3,108.84,109.0,cb_call.call_price,-0.16,172.28,-68,AA,False,安全,32.5,83.0,76.0,30.5,60.0,5.0,60.0,,pledge_total_ratio/ownership_nature,-0.0735,2026-03-02,到期收盘,-0.1213,2026-03-09,到期收盘,-0.1406,2026-03-23,到期收盘
2026-02-13,3,127016.SZ,鲁泰转债,000726,鲁泰A,底价观察,B,52.8,111.24,111.0,cb_call.call_price,0.24,25.95,-82,AA+,False,安全,40.2,53.0,73.8,26.0,60.0,11.3,60.0,,pledge_total_ratio/ownership_nature,-0.1816,2026-03-02,到期收盘,-0.374,2026-03-09,到期收盘,-0.3686,2026-03-23,到期收盘
2026-02-13,4,128108.SZ,蓝帆转债,002382,蓝帆医疗,B下修事件,B,52.2,108.65,108.0,cb_call.call_price,0.65,46.9,-33,AA-,False,安全,33.5,83.0,70.1,32.2,60.0,5.7,60.0,,pledge_total_ratio/ownership_nature,-0.4363,2026-03-02,到期收盘,0.3221,2026-03-09,到期收盘,5.0,2026-03-13,止盈
2026-02-13,5,113037.SH,紫银转债,601860,紫金银行,B下修事件,B,50.7,109.85,110.0,cb_basic.maturity_call_price,-0.15,40.78,23,AA+,False,安全,37.3,83.0,61.8,35.7,60.0,20.1,60.0,,pledge_total_ratio/ownership_nature,0.0273,2026-03-02,到期收盘,-0.1393,2026-03-09,到期收盘,-0.0728,2026-03-23,到期收盘
2026-02-13,6,128101.SZ,联创转债,002036,联创电子,底价观察,B,50.5,111.42,110.0,cb_call.call_price,1.42,16.63,-106,AA-,False,安全,45.4,53.0,63.2,38.2,60.0,5.0,60.0,,pledge_total_ratio/ownership_nature,-1.0411,2026-03-02,到期收盘,5.0,2026-03-03,止盈,,,
2026-02-13,7,113033.SH,利群转债,601366,利群股份,底价观察,B,50.2,112.0,110.0,cb_call.call_price,2.0,11.77,-90,AA,False,安全,49.3,53.0,58.0,45.0,60.0,8.7,60.0,,pledge_total_ratio/ownership_nature,-1.708,2026-03-02,到期收盘,-1.8991,2026-03-09,到期收盘,-2.0223,2026-03-23,到期收盘
2026-02-13,8,128129.SZ,青农转债,002958,青农商行,B下修事件,B,49.6,108.16,108.0,cb_basic.maturity_call_price,0.16,38.22,56,AAA,False,安全,36.8,83.0,60.3,37.1,60.0,11.8,60.0,,pledge_total_ratio/ownership_nature,-0.2099,2026-03-02,到期收盘,-0.2616,2026-03-09,到期收盘,-0.2506,2026-03-23,到期收盘
2026-02-13,9,128135.SZ,洽洽转债,002557,洽洽食品,B下修事件,C,40.2,117.1,115.0,cb_basic.maturity_call_price,2.1,179.17,112,AA,False,安全,32.5,83.0,44.6,30.5,60.0,5.0,60.0,,pledge_total_ratio/ownership_nature,-1.6422,2026-03-02,到期收盘,-1.7857,2026-03-09,到期收盘,-2.1956,2026-03-23,到期收盘
2026-02-13,10,128124.SZ,科华转债,002022,科华生物,B下修事件,C,34.6,110.4,106.0,cb_call.call_price,4.4,271.72,28,A,False,安全,32.5,83.0,32.1,30.5,60.0,5.0,60.0,,pledge_total_ratio/ownership_nature,-0.0906,2026-03-02,到期收盘,-0.8433,2026-03-09,到期收盘,-4.1259,2026-03-23,到期收盘
2026-02-24,1,113033.SH,利群转债,601366,利群股份,底价观察,B,54.5,111.31,110.0,cb_call.call_price,1.31,9.94,-90,AA,False,安全,51.9,53.0,64.2,47.6,60.0,17.1,60.0,,pledge_total_ratio/ownership_nature,-1.1041,2026-03-03,到期收盘,-1.2569,2026-03-10,到期收盘,-1.415,2026-03-24,到期收盘
2026-02-24,2,127016.SZ,鲁泰转债,000726,鲁泰A,底价观察,B,54.3,111.25,111.0,cb_call.call_price,0.25,22.81,-82,AA+,False,安全,42.9,53.0,73.8,29.6,60.0,17.3,60.0,,pledge_total_ratio/ownership_nature,-0.2679,2026-03-03,到期收盘,-0.4162,2026-03-10,到期收盘,-0.4674,2026-03-24,到期收盘
2026-02-24,3,113579.SH,健友转债,603707,健友股份,B下修事件,B,54.3,108.88,109.0,cb_call.call_price,-0.12,167.96,-68,AA,False,安全,32.5,83.0,76.0,30.5,60.0,5.0,60.0,,pledge_total_ratio/ownership_nature,-0.1359,2026-03-03,到期收盘,-0.1405,2026-03-10,到期收盘,-0.169,2026-03-24,到期收盘
2026-02-24,4,127017.SZ,万青转债,000789,万年青,B下修事件,B,53.9,113.17,113.0,cb_call.call_price,0.17,71.77,-27,AA+,False,安全,32.8,83.0,74.5,30.5,60.0,7.3,60.0,,pledge_total_ratio/ownership_nature,-0.1758,2026-03-03,到期收盘,-0.4153,2026-03-10,到期收盘,-0.3322,2026-03-24,到期收盘
2026-02-24,5,128108.SZ,蓝帆转债,002382,蓝帆医疗,B下修事件,B,53.6,108.33,108.0,cb_call.call_price,0.33,46.22,-33,AA-,False,安全,33.8,83.0,73.0,32.6,60.0,6.4,60.0,,pledge_total_ratio/ownership_nature,-0.1385,2026-03-03,到期收盘,0.1449,2026-03-10,到期收盘,5.0,2026-03-13,止盈
2026-02-24,6,128129.SZ,青农转债,002958,青农商行,B下修事件,B,51.2,108.04,108.0,cb_basic.maturity_call_price,0.04,38.07,56,AAA,False,安全,39.4,83.0,61.4,37.2,62.5,20.4,60.0,,pledge_total_ratio/ownership_nature,-0.1305,2026-03-03,到期收盘,-0.2684,2026-03-10,到期收盘,-0.2055,2026-03-24,到期收盘
2026-02-24,7,113037.SH,紫银转债,601860,紫金银行,B下修事件,B,50.6,109.87,110.0,cb_basic.maturity_call_price,-0.13,41.32,23,AA+,False,安全,37.9,83.0,61.8,35.4,62.5,16.5,60.0,,pledge_total_ratio/ownership_nature,-0.0291,2026-03-03,到期收盘,-0.2166,2026-03-10,到期收盘,-0.1356,2026-03-24,到期收盘
2026-02-24,8,110067.SH,华安转债,600909,华安证券,底价观察,B,50.1,110.83,107.0,cb_call.call_price,3.83,0.09,-110,AAA,False,安全,63.2,53.0,41.5,68.3,60.0,23.9,60.0,,pledge_total_ratio/ownership_nature,-2.382,2026-03-03,到期收盘,-3.4566,2026-03-10,到期收盘,,,
2026-02-24,9,128101.SZ,联创转债,002036,联创电子,底价观察,B,48.2,112.48,110.0,cb_call.call_price,2.48,13.29,-106,AA-,False,安全,48.9,53.0,53.7,42.9,60.0,13.3,60.0,,pledge_total_ratio/ownership_nature,5.0,2026-03-03,止盈,5.0,2026-03-03,止盈,,,
2026-02-24,10,128135.SZ,洽洽转债,002557,洽洽食品,B下修事件,C,40.0,117.14,115.0,cb_basic.maturity_call_price,2.14,181.09,112,AA,False,安全,32.5,83.0,44.2,30.5,60.0,5.2,60.0,,pledge_total_ratio/ownership_nature,-1.6928,2026-03-03,到期收盘,-1.7996,2026-03-10,到期收盘,-2.0522,2026-03-24,到期收盘
2026-02-24,11,128124.SZ,科华转债,002022,科华生物,B下修事件,C,33.2,110.73,106.0,cb_call.call_price,4.73,269.22,28,A,False,安全,32.5,83.0,29.1,30.5,60.0,5.0,60.0,,pledge_total_ratio/ownership_nature,-1.0837,2026-03-03,到期收盘,-3.961,2026-03-10,到期收盘,-4.4342,2026-03-24,到期收盘
2026-02-25,1,113033.SH,利群转债,601366,利群股份,底价观察,B,54.9,111.19,110.0,cb_call.call_price,1.19,10.05,-90,AA,False,安全,51.7,53.0,65.3,47.4,60.0,16.3,60.0,,pledge_total_ratio/ownership_nature,-1.0055,2026-03-04,到期收盘,-1.1908,2026-03-11,到期收盘,-1.3077,2026-03-25,到期收盘
2026-02-25,2,113579.SH,健友转债,603707,健友股份,B下修事件,B,54.3,108.83,109.0,cb_call.call_price,-0.17,167.29,-68,AA,False,安全,32.5,83.0,76.0,30.5,60.0,5.0,60.0,,pledge_total_ratio/ownership_nature,-0.091,2026-03-04,到期收盘,-0.1231,2026-03-11,到期收盘,-0.1139,2026-03-25,到期收盘
2026-02-25,3,127016.SZ,鲁泰转债,000726,鲁泰A,底价观察,B,54.1,111.35,111.0,cb_call.call_price,0.35,21.96,-82,AA+,False,安全,43.2,53.0,72.9,30.8,60.0,15.7,60.0,,pledge_total_ratio/ownership_nature,-0.4436,2026-03-04,到期收盘,-0.5056,2026-03-11,到期收盘,-0.5299,2026-03-25,到期收盘
2026-02-25,4,128108.SZ,蓝帆转债,002382,蓝帆医疗,B下修事件,B,53.9,108.35,108.0,cb_call.call_price,0.35,42.85,-33,AA-,False,安全,34.5,83.0,72.9,34.5,60.0,5.0,60.0,,pledge_total_ratio/ownership_nature,0.323,2026-03-04,到期收盘,1.3383,2026-03-11,到期收盘,5.0,2026-03-13,止盈
2026-02-25,5,127017.SZ,万青转债,000789,万年青,B下修事件,B,53.9,113.17,113.0,cb_call.call_price,0.17,67.88,-27,AA+,False,安全,33.8,83.0,74.5,30.5,62.5,5.3,60.0,,pledge_total_ratio/ownership_nature,-0.1944,2026-03-04,到期收盘,-0.3155,2026-03-11,到期收盘,-0.334,2026-03-25,到期收盘
2026-02-25,6,113037.SH,紫银转债,601860,紫金银行,B下修事件,B,51.1,109.86,110.0,cb_basic.maturity_call_price,-0.14,39.78,23,AA+,False,安全,38.9,83.0,61.8,36.2,62.5,20.3,60.0,,pledge_total_ratio/ownership_nature,-0.0737,2026-03-04,到期收盘,-0.152,2026-03-11,到期收盘,-0.1866,2026-03-25,到期收盘
2026-02-25,7,128101.SZ,联创转债,002036,联创电子,底价观察,B,47.2,112.69,110.0,cb_call.call_price,2.69,12.59,-106,AA-,False,安全,49.6,53.0,51.8,43.9,62.5,6.3,60.0,,pledge_total_ratio/ownership_nature,5.0,2026-03-03,止盈,5.0,2026-03-03,止盈,,,
2026-02-25,8,128135.SZ,洽洽转债,002557,洽洽食品,B下修事件,C,40.3,117.28,115.0,cb_basic.maturity_call_price,2.28,178.74,112,AA,False,安全,34.6,83.0,43.0,30.5,62.5,10.5,60.0,,pledge_total_ratio/ownership_nature,-1.9014,2026-03-04,到期收盘,-1.9935,2026-03-11,到期收盘,-2.2553,2026-03-25,到期收盘
2026-02-25,9,128124.SZ,科华转债,002022,科华生物,B下修事件,C,32.6,110.89,106.0,cb_call.call_price,4.89,267.96,28,A,False,安全,32.5,83.0,27.7,30.5,60.0,5.0,60.0,,pledge_total_ratio/ownership_nature,-1.1345,2026-03-04,到期收盘,-3.9877,2026-03-11,到期收盘,-4.3647,2026-03-25,到期收盘
2026-02-26,1,113033.SH,利群转债,601366,利群股份,底价观察,B,56.5,110.53,110.0,cb_call.call_price,0.53,12.38,-90,AA,False,安全,49.6,53.0,71.3,44.2,60.0,13.3,60.0,,pledge_total_ratio/ownership_nature,-0.4723,2026-03-05,到期收盘,-0.6179,2026-03-12,到期收盘,-0.7211,2026-03-26,到期收盘
2026-02-26,2,128108.SZ,蓝帆转债,002382,蓝帆医疗,B下修事件,B,54.9,108.11,108.0,cb_call.call_price,0.11,43.01,-33,AA-,False,安全,34.6,83.0,75.0,34.4,60.0,5.8,60.0,,pledge_total_ratio/ownership_nature,0.9157,2026-03-05,到期收盘,1.924,2026-03-12,到期收盘,5.0,2026-03-13,止盈
2026-02-26,3,127016.SZ,鲁泰转债,000726,鲁泰A,底价观察,B,54.6,111.09,111.0,cb_call.call_price,0.09,21.84,-82,AA+,False,安全,43.5,53.0,75.1,30.9,62.5,8.5,60.0,,pledge_total_ratio/ownership_nature,-0.2511,2026-03-05,到期收盘,-0.2827,2026-03-12,到期收盘,-0.2836,2026-03-26,到期收盘
2026-02-26,4,113579.SH,健友转债,603707,健友股份,B下修事件,B,54.6,108.81,109.0,cb_call.call_price,-0.19,169.42,-68,AA,False,安全,33.8,83.0,76.0,30.5,62.5,5.0,60.0,,pledge_total_ratio/ownership_nature,-0.1103,2026-03-05,到期收盘,-0.1158,2026-03-12,到期收盘,-0.0965,2026-03-26,到期收盘
2026-02-26,5,110067.SH,华安转债,600909,华安证券,底价观察,B,54.4,110.06,107.0,cb_call.call_price,3.06,-0.44,-110,AAA,False,安全,64.9,53.0,48.4,68.0,60.0,35.9,60.0,,pledge_total_ratio/ownership_nature,-2.7676,2026-03-05,到期收盘,,,,,,
2026-02-26,6,127017.SZ,万青转债,000789,万年青,B下修事件,B,53.7,113.22,113.0,cb_call.call_price,0.22,67.96,-27,AA+,False,安全,33.8,83.0,74.0,30.5,62.6,5.0,60.0,,pledge_total_ratio/ownership_nature,-0.4098,2026-03-05,到期收盘,-0.507,2026-03-12,到期收盘,-0.3816,2026-03-26,到期收盘
2026-02-26,7,128101.SZ,联创转债,002036,联创电子,底价观察,B,51.5,111.68,110.0,cb_call.call_price,1.68,10.79,-106,AA-,False,安全,49.4,53.0,60.9,46.4,60.0,5.0,60.0,,pledge_total_ratio/ownership_nature,5.0,2026-03-03,止盈,5.0,2026-03-03,止盈,,,
2026-02-26,8,113037.SH,紫银转债,601860,紫金银行,B下修事件,B,50.5,109.82,110.0,cb_basic.maturity_call_price,-0.18,40.24,23,AA+,False,安全,37.9,83.0,61.8,36.0,62.5,14.6,60.0,,pledge_total_ratio/ownership_nature,-0.0337,2026-03-05,到期收盘,-0.0583,2026-03-12,到期收盘,-0.2286,2026-03-26,到期收盘
2026-02-26,9,128135.SZ,洽洽转债,002557,洽洽食品,B下修事件,B,50.0,115.16,115.0,cb_basic.maturity_call_price,0.16,175.38,112,AA,False,安全,36.4,83.0,62.0,30.5,62.5,22.4,60.0,,pledge_total_ratio/ownership_nature,-0.1355,2026-03-05,到期收盘,-0.2631,2026-03-12,到期收盘,-0.3708,2026-03-26,到期收盘
2026-02-26,10,128124.SZ,科华转债,002022,科华生物,B下修事件,C,35.7,110.11,106.0,cb_call.call_price,4.11,270.14,28,A,False,安全,32.5,83.0,34.7,30.5,60.0,5.0,60.0,,pledge_total_ratio/ownership_nature,-0.2824,2026-03-05,到期收盘,-3.4447,2026-03-12,到期收盘,-3.8234,2026-03-26,到期收盘
2026-02-27,1,113033.SH,利群转债,601366,利群股份,底价观察,B,56.8,110.39,110.0,cb_call.call_price,0.39,11.77,-90,AA,False,安全,49.3,53.0,72.5,45.0,60.0,8.8,60.0,,pledge_total_ratio/ownership_nature,-0.3941,2026-03-06,到期收盘,-0.5363,2026-03-13,到期收盘,-0.5952,2026-03-27,到期收盘
2026-02-27,2,128108.SZ,蓝帆转债,002382,蓝帆医疗,B下修事件,B,55.4,108.16,108.0,cb_call.call_price,0.16,41.42,-33,AA-,False,安全,36.6,83.0,74.6,35.3,62.5,7.6,60.0,,pledge_total_ratio/ownership_nature,0.9153,2026-03-06,到期收盘,5.0,2026-03-13,止盈,5.0,2026-03-13,止盈
2026-02-27,3,127016.SZ,鲁泰转债,000726,鲁泰A,底价观察,B,55.0,111.13,111.0,cb_call.call_price,0.13,20.46,-82,AA+,False,安全,44.5,53.0,74.9,32.9,62.5,8.4,60.0,,pledge_total_ratio/ownership_nature,-0.2574,2026-03-06,到期收盘,-0.3257,2026-03-13,到期收盘,-0.2691,2026-03-27,到期收盘
2026-02-27,4,128101.SZ,联创转债,002036,联创电子,底价观察,B,54.7,110.99,110.0,cb_call.call_price,0.99,10.59,-106,AA-,False,安全,51.0,53.0,67.1,46.7,62.6,5.8,60.0,,pledge_total_ratio/ownership_nature,5.0,2026-03-03,止盈,5.0,2026-03-03,止盈,,,
2026-02-27,5,113579.SH,健友转债,603707,健友股份,B下修事件,B,54.6,108.82,109.0,cb_call.call_price,-0.18,170.27,-68,AA,False,安全,33.8,83.0,76.0,30.5,62.5,5.0,60.0,,pledge_total_ratio/ownership_nature,-0.1222,2026-03-06,到期收盘,-0.1287,2026-03-13,到期收盘,-0.0551,2026-03-27,到期收盘
2026-02-27,6,127017.SZ,万青转债,000789,万年青,B下修事件,B,53.6,113.25,113.0,cb_call.call_price,0.25,65.7,-27,AA+,False,安全,33.8,83.0,73.8,30.5,62.5,5.0,60.0,,pledge_total_ratio/ownership_nature,-0.4503,2026-03-06,到期收盘,-0.5775,2026-03-13,到期收盘,-0.3594,2026-03-27,到期收盘
2026-02-27,7,110067.SH,华安转债,600909,华安证券,底价观察,B,51.9,110.53,107.0,cb_call.call_price,3.53,-0.17,-110,AAA,False,安全,64.1,53.0,44.2,68.3,60.0,29.5,60.0,,pledge_total_ratio/ownership_nature,-3.1946,2026-03-06,到期收盘,,,,,,
2026-02-27,8,113037.SH,紫银转债,601860,紫金银行,B下修事件,B,50.5,109.85,110.0,cb_basic.maturity_call_price,-0.15,39.78,23,AA+,False,安全,37.1,83.0,61.8,36.2,60.0,16.3,60.0,,pledge_total_ratio/ownership_nature,-0.1183,2026-03-06,到期收盘,-0.1438,2026-03-13,到期收盘,-0.2649,2026-03-27,到期收盘
2026-02-27,9,128135.SZ,洽洽转债,002557,洽洽食品,B下修事件,B,49.5,115.1,115.0,cb_basic.maturity_call_price,0.1,173.8,112,AA,False,安全,35.3,83.0,62.6,30.5,62.6,14.9,60.0,,pledge_total_ratio/ownership_nature,-0.0009,2026-03-06,到期收盘,-0.2606,2026-03-13,到期收盘,-0.2832,2026-03-27,到期收盘
2026-02-27,10,128124.SZ,科华转债,002022,科华生物,B下修事件,C,35.2,110.3,106.0,cb_call.call_price,4.3,270.19,28,A,False,安全,33.8,83.0,33.0,30.5,62.5,5.0,60.0,,pledge_total_ratio/ownership_nature,-0.0544,2026-03-06,到期收盘,-3.5585,2026-03-13,到期收盘,-3.6854,2026-03-27,到期收盘
2026-03-02,1,113033.SH,利群转债,601366,利群股份,底价观察,B,57.7,110.09,110.0,cb_call.call_price,0.09,15.33,-90,AA,False,安全,49.3,53.0,75.2,40.0,62.5,16.6,60.0,,pledge_total_ratio/ownership_nature,-0.1971,2026-03-09,到期收盘,-0.2716,2026-03-16,到期收盘,-0.3243,2026-03-30,到期收盘
2026-03-02,2,128101.SZ,联创转债,002036,联创电子,底价观察,B,56.3,110.26,110.0,cb_call.call_price,0.26,14.46,-106,AA-,False,安全,48.3,53.0,73.7,41.3,62.5,5.9,60.0,,pledge_total_ratio/ownership_nature,5.0,2026-03-03,止盈,,,,,,
2026-03-02,3,128108.SZ,蓝帆转债,002382,蓝帆医疗,B下修事件,B,55.3,108.18,108.0,cb_call.call_price,0.18,42.15,-33,AA-,False,安全,36.5,83.0,74.4,34.9,62.6,8.8,60.0,,pledge_total_ratio/ownership_nature,0.758,2026-03-09,到期收盘,5.0,2026-03-13,止盈,5.0,2026-03-13,止盈
2026-03-02,4,127016.SZ,鲁泰转债,000726,鲁泰A,底价观察,B,54.7,111.04,111.0,cb_call.call_price,0.04,23.07,-82,AA+,False,安全,43.0,53.0,75.7,29.2,62.6,11.0,60.0,,pledge_total_ratio/ownership_nature,-0.1945,2026-03-09,到期收盘,-0.2522,2026-03-16,到期收盘,-0.1936,2026-03-30,到期收盘
2026-03-02,5,113579.SH,健友转债,603707,健友股份,B下修事件,B,54.7,108.76,109.0,cb_call.call_price,-0.24,177.49,-68,AA,False,安全,33.9,83.0,76.0,30.5,62.6,5.9,60.0,,pledge_total_ratio/ownership_nature,-0.0478,2026-03-09,到期收盘,-0.0506,2026-03-16,到期收盘,0.0064,2026-03-30,到期收盘
2026-03-02,6,110067.SH,华安转债,600909,华安证券,底价观察,B,53.7,110.25,107.0,cb_call.call_price,3.25,0.99,-110,AAA,False,安全,65.7,53.0,46.8,66.4,62.5,37.9,60.0,,pledge_total_ratio/ownership_nature,-2.9488,2026-03-09,到期收盘,,,,,,
2026-03-02,7,127017.SZ,万青转债,000789,万年青,B下修事件,B,53.2,113.33,113.0,cb_call.call_price,0.33,67.54,-27,AA+,False,安全,32.8,83.0,73.0,30.5,60.0,6.9,60.0,,pledge_total_ratio/ownership_nature,-0.5347,2026-03-09,到期收盘,-0.4809,2026-03-16,到期收盘,-0.5665,2026-03-30,到期收盘
2026-03-02,8,113037.SH,紫银转债,601860,紫金银行,B下修事件,B,50.7,109.88,110.0,cb_basic.maturity_call_price,-0.12,38.32,23,AA+,False,安全,37.4,83.0,61.8,37.0,60.0,16.1,60.0,,pledge_total_ratio/ownership_nature,-0.1665,2026-03-09,到期收盘,-0.172,2026-03-16,到期收盘,-0.354,2026-03-30,到期收盘
2026-03-02,9,128135.SZ,洽洽转债,002557,洽洽食品,B下修事件,B,48.7,115.18,115.0,cb_basic.maturity_call_price,0.18,177.59,112,AA,False,安全,34.5,83.0,61.9,30.5,62.6,9.7,60.0,,pledge_total_ratio/ownership_nature,-0.1485,2026-03-09,到期收盘,-0.2605,2026-03-16,到期收盘,-0.5209,2026-03-30,到期收盘
2026-03-02,10,128124.SZ,科华转债,002022,科华生物,B下修事件,C,35.2,110.3,106.0,cb_call.call_price,4.3,285.21,28,A,False,安全,33.8,83.0,33.0,30.5,62.6,5.0,60.0,,pledge_total_ratio/ownership_nature,-0.7534,2026-03-09,到期收盘,-3.6355,2026-03-16,到期收盘,-3.9864,2026-03-30,到期收盘
2026-03-03,1,110067.SH,华安转债,600909,华安证券,底价观察,A,62.0,108.19,107.0,cb_call.call_price,1.19,0.54,-110,AAA,False,安全,64.8,53.0,65.3,67.4,60.0,37.3,60.0,,pledge_total_ratio/ownership_nature,-1.1008,2026-03-10,到期收盘,,,,,,
2026-03-03,2,128101.SZ,联创转债,002036,联创电子,底价观察,B,59.6,111.07,110.0,cb_call.call_price,1.07,10.67,-106,AA-,False,安全,57.9,53.0,66.4,46.6,60.0,61.0,60.0,,pledge_total_ratio/ownership_nature,-1.0894,2026-03-10,到期收盘,,,,,,
2026-03-03,3,118008.SH,海优转债,688680,海优新材,底价观察,B,58.9,116.36,115.0,cb_basic.maturity_call_price,1.36,1.2,724,A,False,安全,61.8,53.0,62.5,66.0,60.0,22.4,60.0,,pledge_total_ratio/ownership_nature,-1.1103,2026-03-10,到期收盘,-8.9593,2026-03-17,到期收盘,-13.0105,2026-03-31,到期收盘
2026-03-03,4,113033.SH,利群转债,601366,利群股份,底价观察,B,56.2,110.08,110.0,cb_call.call_price,0.08,17.87,-90,AA,False,安全,45.6,53.0,75.3,36.5,60.0,12.3,60.0,,pledge_total_ratio/ownership_nature,-0.1535,2026-03-10,到期收盘,-0.2407,2026-03-17,到期收盘,-0.3152,2026-03-31,到期收盘
2026-03-03,5,127016.SZ,鲁泰转债,000726,鲁泰A,底价观察,B,54.6,110.95,111.0,cb_call.call_price,-0.05,24.95,-82,AA+,False,安全,41.4,53.0,76.0,26.6,60.0,17.6,60.0,,pledge_total_ratio/ownership_nature,-0.1469,2026-03-10,到期收盘,-0.1532,2026-03-17,到期收盘,-0.1037,2026-03-31,到期收盘
2026-03-03,6,128108.SZ,蓝帆转债,002382,蓝帆医疗,B下修事件,B,54.6,108.18,108.0,cb_call.call_price,0.18,44.3,-33,AA-,False,安全,34.4,83.0,74.4,33.7,60.0,7.2,60.0,,pledge_total_ratio/ownership_nature,0.2838,2026-03-10,到期收盘,5.0,2026-03-13,止盈,5.0,2026-03-13,止盈
2026-03-03,7,113579.SH,健友转债,603707,健友股份,B下修事件,B,54.4,108.73,109.0,cb_call.call_price,-0.27,182.15,-68,AA,False,安全,32.7,83.0,76.0,30.5,60.0,6.2,60.0,,pledge_total_ratio/ownership_nature,-0.0028,2026-03-10,到期收盘,-0.0377,2026-03-17,到期收盘,0.0874,2026-03-31,到期收盘
2026-03-03,8,127017.SZ,万青转债,000789,万年青,B下修事件,B,54.4,112.97,113.0,cb_call.call_price,-0.03,69.95,-27,AA+,False,安全,32.6,83.0,76.0,30.5,60.0,5.5,60.0,,pledge_total_ratio/ownership_nature,-0.239,2026-03-10,到期收盘,-0.239,2026-03-17,到期收盘,-0.2735,2026-03-31,到期收盘
2026-03-03,9,113037.SH,紫银转债,601860,紫金银行,B下修事件,B,51.2,109.84,110.0,cb_basic.maturity_call_price,-0.16,39.26,23,AA+,False,安全,39.0,83.0,61.8,36.5,62.5,20.0,60.0,,pledge_total_ratio/ownership_nature,-0.1894,2026-03-10,到期收盘,-0.1366,2026-03-17,到期收盘,-0.315,2026-03-31,到期收盘
2026-03-03,10,128135.SZ,洽洽转债,002557,洽洽食品,B下修事件,B,48.6,115.16,115.0,cb_basic.maturity_call_price,0.16,177.9,112,AA,False,安全,33.3,83.0,62.1,30.5,60.0,10.5,60.0,,pledge_total_ratio/ownership_nature,-0.1111,2026-03-10,到期收盘,-0.3005,2026-03-17,到期收盘,-0.4915,2026-03-31,到期收盘
2026-03-03,11,127018.SZ,本钢转债,000761,本钢板材,底价观察,C,42.3,123.5,119.0,cb_call.call_price,4.5,9.81,-1,AAA,False,安全,53.8,53.0,35.5,47.9,62.5,20.6,60.0,,pledge_total_ratio/ownership_nature,-1.0526,2026-03-10,到期收盘,-1.9595,2026-03-17,到期收盘,-3.5789,2026-03-31,到期收盘
2026-03-03,12,113584.SH,家悦转债,603708,家家悦,底价观察,C,38.4,114.12,110.0,cb_call.call_price,4.12,20.31,-25,AA,False,安全,43.0,53.0,38.9,33.1,60.0,6.3,60.0,,pledge_total_ratio/ownership_nature,-1.5361,2026-03-10,到期收盘,-2.8926,2026-03-17,到期收盘,-3.4788,2026-03-31,到期收盘
2026-03-03,13,128124.SZ,科华转债,002022,科华生物,B下修事件,C,38.1,109.53,106.0,cb_call.call_price,3.53,293.17,28,A,False,安全,32.5,83.0,39.9,30.5,60.0,5.0,60.0,,pledge_total_ratio/ownership_nature,-2.9088,2026-03-10,到期收盘,-3.138,2026-03-17,到期收盘,-3.3708,2026-03-31,到期收盘
2026-03-04,1,118008.SH,海优转债,688680,海优新材,底价观察,A,65.8,112.39,115.0,cb_basic.maturity_call_price,-2.61,-0.08,724,A,False,安全,64.7,53.0,75.3,68.4,62.5,25.2,60.0,,pledge_total_ratio/ownership_nature,0.8729,2026-03-11,到期收盘,-5.3181,2026-03-18,到期收盘,5.0,2026-03-20,止盈
2026-03-04,2,113033.SH,利群转债,601366,利群股份,底价观察,B,55.9,110.07,110.0,cb_call.call_price,0.07,19.18,-90,AA,False,安全,45.7,53.0,75.4,34.6,62.5,10.6,60.0,,pledge_total_ratio/ownership_nature,-0.1853,2026-03-11,到期收盘,-0.2317,2026-03-18,到期收盘,,,
2026-03-04,3,128101.SZ,联创转债,002036,联创电子,底价观察,B,55.6,110.9,110.0,cb_call.call_price,0.9,12.92,-106,AA-,False,安全,50.5,53.0,67.9,43.4,60.0,21.7,60.0,,pledge_total_ratio/ownership_nature,-0.9901,2026-03-11,到期收盘,,,,,,
2026-03-04,4,127016.SZ,鲁泰转债,000726,鲁泰A,底价观察,B,54.8,110.86,111.0,cb_call.call_price,-0.14,26.2,-82,AA+,False,安全,41.7,53.0,76.0,25.8,60.0,21.8,60.0,,pledge_total_ratio/ownership_nature,-0.0658,2026-03-11,到期收盘,-0.064,2026-03-18,到期收盘,0.0586,2026-04-01,到期收盘
2026-03-04,5,127017.SZ,万青转债,000789,万年青,B下修事件,B,54.7,112.95,113.0,cb_call.call_price,-0.05,70.83,-27,AA+,False,安全,33.9,83.0,76.0,30.5,62.5,5.9,60.0,,pledge_total_ratio/ownership_nature,-0.1213,2026-03-11,到期收盘,-0.1788,2026-03-18,到期收盘,-0.2151,2026-04-01,到期收盘
2026-03-04,6,113579.SH,健友转债,603707,健友股份,B下修事件,B,54.3,108.73,109.0,cb_call.call_price,-0.27,187.66,-68,AA,False,安全,32.5,83.0,76.0,30.5,60.0,5.0,60.0,,pledge_total_ratio/ownership_nature,-0.0313,2026-03-11,到期收盘,-0.0322,2026-03-18,到期收盘,0.1002,2026-04-01,到期收盘
2026-03-04,7,128108.SZ,蓝帆转债,002382,蓝帆医疗,B下修事件,B,54.0,108.7,108.0,cb_call.call_price,0.7,39.61,-33,AA-,False,安全,37.8,83.0,69.7,36.3,62.6,12.6,60.0,,pledge_total_ratio/ownership_nature,1.012,2026-03-11,到期收盘,5.0,2026-03-13,止盈,5.0,2026-03-13,止盈
2026-03-04,8,113037.SH,紫银转债,601860,紫金银行,B下修事件,B,50.8,109.78,110.0,cb_basic.maturity_call_price,-0.22,42.23,23,AA+,False,安全,38.2,83.0,61.8,34.9,62.5,20.3,60.0,,pledge_total_ratio/ownership_nature,-0.0792,2026-03-11,到期收盘,-0.0137,2026-03-18,到期收盘,-0.2532,2026-04-01,到期收盘
2026-03-04,9,128135.SZ,洽洽转债,002557,洽洽食品,B下修事件,B,49.1,115.05,115.0,cb_basic.maturity_call_price,0.05,178.38,112,AA,False,安全,34.4,83.0,63.0,30.5,62.6,9.0,60.0,,pledge_total_ratio/ownership_nature,-0.0939,2026-03-11,到期收盘,-0.2216,2026-03-18,到期收盘,-0.3529,2026-04-01,到期收盘
2026-03-04,10,127018.SZ,本钢转债,000761,本钢板材,底价观察,C,44.1,122.65,119.0,cb_call.call_price,3.65,12.09,-1,AAA,False,安全,50.1,53.0,43.1,44.6,60.0,15.2,60.0,,pledge_total_ratio/ownership_nature,-0.9784,2026-03-11,到期收盘,-1.0241,2026-03-18,到期收盘,-2.6759,2026-04-01,到期收盘
2026-03-04,11,113584.SH,家悦转债,603708,家家悦,底价观察,C,40.2,113.67,110.0,cb_call.call_price,3.67,21.16,-25,AA,False,安全,42.7,53.0,43.0,31.9,60.0,8.7,60.0,,pledge_total_ratio/ownership_nature,-1.3064,2026-03-11,到期收盘,-2.5002,2026-03-18,到期收盘,-2.0973,2026-04-01,到期收盘
2026-03-04,12,128124.SZ,科华转债,002022,科华生物,B下修事件,C,37.9,109.63,106.0,cb_call.call_price,3.63,296.98,28,A,False,安全,33.8,83.0,39.0,30.5,62.6,5.0,60.0,,pledge_total_ratio/ownership_nature,-2.8842,2026-03-11,到期收盘,-3.1834,2026-03-18,到期收盘,-3.1752,2026-04-01,到期收盘
2026-03-05,1,118008.SH,海优转债,688680,海优新材,底价观察,A,65.4,110.68,115.0,cb_basic.maturity_call_price,-4.32,-0.21,724,A,False,安全,63.0,53.0,75.6,68.3,60.0,22.8,60.0,,pledge_total_ratio/ownership_nature,5.0,2026-03-11,止盈,5.0,2026-03-11,止盈,5.0,2026-03-11,止盈
2026-03-05,2,128101.SZ,联创转债,002036,联创电子,底价观察,B,57.6,110.59,110.0,cb_call.call_price,0.59,10.89,-106,AA-,False,安全,51.9,53.0,70.7,46.3,60.0,21.8,60.0,,pledge_total_ratio/ownership_nature,-0.7125,2026-03-12,到期收盘,,,,,,
2026-03-05,3,113033.SH,利群转债,601366,利群股份,底价观察,B,56.2,110.01,110.0,cb_call.call_price,0.01,18.32,-90,AA,False,安全,45.1,53.0,75.9,35.9,60.0,11.2,60.0,,pledge_total_ratio/ownership_nature,-0.1482,2026-03-12,到期收盘,-0.1973,2026-03-19,到期收盘,,,
2026-03-05,4,127017.SZ,万青转债,000789,万年青,B下修事件,B,55.3,112.76,113.0,cb_call.call_price,-0.24,71.75,-27,AA+,False,安全,34.9,83.0,76.0,30.5,62.5,12.3,60.0,,pledge_total_ratio/ownership_nature,-0.1011,2026-03-12,到期收盘,-0.1153,2026-03-19,到期收盘,-0.0772,2026-04-02,到期收盘
2026-03-05,5,113579.SH,健友转债,603707,健友股份,B下修事件,B,54.4,108.69,109.0,cb_call.call_price,-0.31,184.16,-68,AA,False,安全,32.6,83.0,76.0,30.5,60.0,5.8,60.0,,pledge_total_ratio/ownership_nature,-0.0055,2026-03-12,到期收盘,-0.0202,2026-03-19,到期收盘,0.126,2026-04-02,到期收盘
2026-03-05,6,127016.SZ,鲁泰转债,000726,鲁泰A,底价观察,B,54.2,110.81,111.0,cb_call.call_price,-0.19,25.81,-82,AA+,False,安全,40.8,53.0,76.0,26.0,60.0,15.1,60.0,,pledge_total_ratio/ownership_nature,-0.0307,2026-03-12,到期收盘,-0.018,2026-03-19,到期收盘,0.1065,2026-04-02,到期收盘
2026-03-05,7,128108.SZ,蓝帆转债,002382,蓝帆医疗,B下修事件,B,52.5,109.1,108.0,cb_call.call_price,1.1,33.44,-33,AA-,False,安全,37.6,83.0,66.1,39.8,60.0,8.1,60.0,,pledge_total_ratio/ownership_nature,0.9991,2026-03-12,到期收盘,5.0,2026-03-13,止盈,5.0,2026-03-13,止盈
2026-03-05,8,113037.SH,紫银转债,601860,紫金银行,B下修事件,B,50.1,109.78,110.0,cb_basic.maturity_call_price,-0.22,41.21,23,AA+,False,安全,36.4,83.0,61.8,35.4,60.0,14.5,60.0,,pledge_total_ratio/ownership_nature,-0.0219,2026-03-12,到期收盘,-0.0601,2026-03-19,到期收盘,-0.2423,2026-04-02,到期收盘
2026-03-05,9,128135.SZ,洽洽转债,002557,洽洽食品,B下修事件,B,49.4,115.0,115.0,cb_basic.maturity_call_price,0.0,177.78,112,AA,False,安全,33.5,83.0,63.5,30.5,60.0,11.7,60.0,,pledge_total_ratio/ownership_nature,-0.1243,2026-03-12,到期收盘,-0.2791,2026-03-19,到期收盘,-0.353,2026-04-02,到期收盘
2026-03-05,10,127018.SZ,本钢转债,000761,本钢板材,底价观察,C,43.2,122.8,119.0,cb_call.call_price,3.8,11.91,-1,AAA,False,安全,49.7,53.0,41.8,44.8,60.0,11.7,60.0,,pledge_total_ratio/ownership_nature,-1.4528,2026-03-12,到期收盘,-1.7467,2026-03-19,到期收盘,-3.0375,2026-04-02,到期收盘
2026-03-05,11,113584.SH,家悦转债,603708,家家悦,底价观察,C,41.3,113.5,110.0,cb_call.call_price,3.5,20.68,-25,AA,False,安全,44.3,53.0,44.5,32.6,62.4,8.6,60.0,,pledge_total_ratio/ownership_nature,-2.2079,2026-03-12,到期收盘,-2.4123,2026-03-19,到期收盘,-2.2511,2026-04-02,到期收盘
2026-03-05,12,128124.SZ,科华转债,002022,科华生物,B下修事件,C,37.0,109.8,106.0,cb_call.call_price,3.8,289.39,28,A,False,安全,32.5,83.0,37.5,30.5,60.0,5.0,60.0,,pledge_total_ratio/ownership_nature,-3.1721,2026-03-12,到期收盘,-3.5155,2026-03-19,到期收盘,-3.4408,2026-04-02,到期收盘
2026-03-05,13,123090.SZ,三诺转债,300298,三诺生物,B下修事件,C,30.1,116.9,112.0,cb_basic.maturity_call_price,4.9,138.92,174,AA,False,安全,32.5,83.0,22.2,30.5,60.0,5.1,60.0,,pledge_total_ratio/ownership_nature,-1.2678,2026-03-12,到期收盘,-2.9435,2026-03-19,到期收盘,-2.1257,2026-04-02,到期收盘
2026-03-06,1,118008.SH,海优转债,688680,海优新材,底价观察,A,65.4,110.76,115.0,cb_basic.maturity_call_price,-4.24,-0.16,724,A,False,安全,64.1,53.0,75.6,68.3,62.7,20.8,60.0,,pledge_total_ratio/ownership_nature,5.0,2026-03-11,止盈,5.0,2026-03-11,止盈,5.0,2026-03-11,止盈
2026-03-06,2,128101.SZ,联创转债,002036,联创电子,底价观察,B,58.8,110.05,110.0,cb_call.call_price,0.05,13.5,-106,AA-,False,安全,50.9,53.0,75.6,42.6,62.6,19.1,60.0,,pledge_total_ratio/ownership_nature,-0.2254,2026-03-13,到期收盘,,,,,,
2026-03-06,3,113033.SH,利群转债,601366,利群股份,底价观察,B,57.4,109.95,110.0,cb_call.call_price,-0.05,16.2,-90,AA,False,安全,47.1,53.0,76.0,38.8,60.0,14.6,60.0,,pledge_total_ratio/ownership_nature,-0.1382,2026-03-13,到期收盘,-0.1692,2026-03-20,到期收盘,,,
2026-03-06,4,127017.SZ,万青转债,000789,万年青,B下修事件,B,55.1,112.74,113.0,cb_call.call_price,-0.26,67.83,-27,AA+,False,安全,34.5,83.0,76.0,30.5,62.6,9.8,60.0,,pledge_total_ratio/ownership_nature,-0.1277,2026-03-13,到期收盘,-0.1268,2026-03-20,到期收盘,0.0231,2026-04-03,到期收盘
2026-03-06,5,127016.SZ,鲁泰转债,000726,鲁泰A,底价观察,B,54.6,110.84,111.0,cb_call.call_price,-0.16,22.85,-82,AA+,False,安全,41.8,53.0,76.0,29.5,60.0,10.1,60.0,,pledge_total_ratio/ownership_nature,-0.065,2026-03-13,到期收盘,-0.046,2026-03-20,到期收盘,0.0794,2026-04-03,到期收盘
2026-03-06,6,113579.SH,健友转债,603707,健友股份,B下修事件,B,54.6,108.69,109.0,cb_call.call_price,-0.31,175.85,-68,AA,False,安全,33.8,83.0,76.0,30.5,62.5,5.6,60.0,,pledge_total_ratio/ownership_nature,-0.0092,2026-03-13,到期收盘,-0.0184,2026-03-20,到期收盘,0.1233,2026-04-03,到期收盘
2026-03-06,7,128108.SZ,蓝帆转债,002382,蓝帆医疗,B下修事件,B,52.5,109.15,108.0,cb_call.call_price,1.15,31.28,-33,AA-,False,安全,39.0,83.0,65.6,41.0,62.5,5.2,60.0,,pledge_total_ratio/ownership_nature,5.0,2026-03-13,止盈,5.0,2026-03-13,止盈,5.0,2026-03-13,止盈
2026-03-06,8,113037.SH,紫银转债,601860,紫金银行,B下修事件,B,50.8,109.72,110.0,cb_basic.maturity_call_price,-0.28,40.62,23,AA+,False,安全,37.5,83.0,61.8,35.8,60.0,20.8,60.0,,pledge_total_ratio/ownership_nature,-0.0255,2026-03-13,到期收盘,0.0191,2026-03-20,到期收盘,-0.1467,2026-04-03,到期收盘
2026-03-06,9,128135.SZ,洽洽转债,002557,洽洽食品,B下修事件,B,48.7,115.1,115.0,cb_basic.maturity_call_price,0.1,173.8,112,AA,False,安全,34.0,83.0,62.6,30.5,62.5,6.3,60.0,,pledge_total_ratio/ownership_nature,-0.2606,2026-03-13,到期收盘,-0.3649,2026-03-20,到期收盘,-0.4014,2026-04-03,到期收盘
2026-03-06,10,113584.SH,家悦转债,603708,家家悦,底价观察,C,41.0,113.48,110.0,cb_call.call_price,3.48,20.14,-25,AA,False,安全,42.9,53.0,44.7,33.3,60.0,5.3,60.0,,pledge_total_ratio/ownership_nature,-2.0999,2026-03-13,到期收盘,-2.6886,2026-03-20,到期收盘,-2.2118,2026-04-03,到期收盘
2026-03-06,11,127018.SZ,本钢转债,000761,本钢板材,底价观察,C,40.3,123.65,119.0,cb_call.call_price,4.65,10.25,-1,AAA,False,安全,51.7,53.0,34.1,47.2,62.6,8.8,60.0,,pledge_total_ratio/ownership_nature,-2.0186,2026-03-13,到期收盘,-2.8605,2026-03-20,到期收盘,-3.7064,2026-04-03,到期收盘
2026-03-06,12,128124.SZ,科华转债,002022,科华生物,B下修事件,C,35.5,110.24,106.0,cb_call.call_price,4.24,281.13,28,A,False,安全,33.8,83.0,33.5,30.5,62.5,5.0,60.0,,pledge_total_ratio/ownership_nature,-3.506,2026-03-13,到期收盘,-4.0031,2026-03-20,到期收盘,-3.8316,2026-04-03,到期收盘
2026-03-06,13,123090.SZ,三诺转债,300298,三诺生物,B下修事件,C,30.1,116.97,112.0,cb_basic.maturity_call_price,4.97,135.43,174,AA,False,安全,33.8,83.0,21.6,30.5,62.5,5.0,60.0,,pledge_total_ratio/ownership_nature,-2.1399,2026-03-13,到期收盘,-3.088,2026-03-20,到期收盘,-1.8928,2026-04-03,到期收盘
2026-03-09,1,118008.SH,海优转债,688680,海优新材,底价观察,A,63.7,112.32,115.0,cb_basic.maturity_call_price,-2.68,3.48,724,A,False,安全,60.7,53.0,75.4,61.2,62.6,21.8,60.0,,pledge_total_ratio/ownership_nature,-4.5842,2026-03-16,到期收盘,5.0,2026-03-20,止盈,,,
2026-03-09,2,128101.SZ,联创转债,002036,联创电子,底价观察,B,57.5,109.89,110.0,cb_call.call_price,-0.11,17.56,-106,AA-,False,安全,48.0,53.0,76.0,36.9,62.6,18.3,60.0,,pledge_total_ratio/ownership_nature,,,,,,,,,
2026-03-09,3,113033.SH,利群转债,601366,利群股份,底价观察,B,57.2,109.87,110.0,cb_call.call_price,-0.13,17.13,-90,AA,False,安全,46.7,53.0,76.0,37.5,60.0,16.3,60.0,,pledge_total_ratio/ownership_nature,-0.0719,2026-03-16,到期收盘,-0.1229,2026-03-23,到期收盘,,,
2026-03-09,4,127017.SZ,万青转债,000789,万年青,B下修事件,B,55.0,112.72,113.0,cb_call.call_price,-0.28,69.28,-27,AA+,False,安全,34.4,83.0,76.0,30.5,62.5,9.3,60.0,,pledge_total_ratio/ownership_nature,0.0577,2026-03-16,到期收盘,0.0177,2026-03-23,到期收盘,-0.0098,2026-04-07,到期收盘
2026-03-09,5,113579.SH,健友转债,603707,健友股份,B下修事件,B,54.6,108.71,109.0,cb_call.call_price,-0.29,175.91,-68,AA,False,安全,33.8,83.0,76.0,30.5,62.6,5.0,60.0,,pledge_total_ratio/ownership_nature,-0.0046,2026-03-16,到期收盘,-0.0212,2026-03-23,到期收盘,0.138,2026-04-07,到期收盘
2026-03-09,6,127016.SZ,鲁泰转债,000726,鲁泰A,底价观察,B,54.5,110.82,111.0,cb_call.call_price,-0.18,24.97,-82,AA+,False,安全,41.2,53.0,76.0,26.5,60.0,16.5,60.0,,pledge_total_ratio/ownership_nature,-0.0541,2026-03-16,到期收盘,0.009,2026-03-23,到期收盘,0.0975,2026-04-07,到期收盘
2026-03-09,7,128108.SZ,蓝帆转债,002382,蓝帆医疗,B下修事件,B,53.6,109.0,108.0,cb_call.call_price,1.0,29.92,-33,AA-,False,安全,39.8,83.0,67.0,41.7,62.5,7.5,60.0,,pledge_total_ratio/ownership_nature,5.0,2026-03-13,止盈,5.0,2026-03-13,止盈,5.0,2026-03-13,止盈
2026-03-09,8,113037.SH,紫银转债,601860,紫金银行,B下修事件,B,51.1,109.7,110.0,cb_basic.maturity_call_price,-0.3,40.59,23,AA+,False,安全,38.7,83.0,61.8,35.8,62.5,20.7,60.0,,pledge_total_ratio/ownership_nature,-0.0082,2026-03-16,到期收盘,0.0638,2026-03-23,到期收盘,-0.1531,2026-04-07,到期收盘
2026-03-09,9,113584.SH,家悦转债,603708,家家悦,底价观察,B,49.2,111.94,110.0,cb_call.call_price,1.94,18.71,-25,AA,False,安全,46.2,53.0,58.5,35.3,60.0,20.1,60.0,,pledge_total_ratio/ownership_nature,-0.7754,2026-03-16,到期收盘,-1.4106,2026-03-23,到期收盘,-0.938,2026-04-07,到期收盘
2026-03-09,10,128135.SZ,洽洽转债,002557,洽洽食品,B下修事件,B,49.2,115.01,115.0,cb_basic.maturity_call_price,0.01,177.67,112,AA,False,安全,34.3,83.0,63.4,30.5,62.6,7.9,60.0,,pledge_total_ratio/ownership_nature,-0.113,2026-03-16,到期收盘,-0.4182,2026-03-23,到期收盘,-0.2678,2026-04-07,到期收盘
2026-03-09,11,127018.SZ,本钢转债,000761,本钢板材,底价观察,C,44.4,122.84,119.0,cb_call.call_price,3.84,11.34,-1,AAA,False,安全,52.8,53.0,41.4,45.6,62.6,21.2,60.0,,pledge_total_ratio/ownership_nature,-1.1071,2026-03-16,到期收盘,-2.5562,2026-03-23,到期收盘,-3.1651,2026-04-07,到期收盘
2026-03-09,12,128124.SZ,科华转债,002022,科华生物,B下修事件,C,38.6,109.47,106.0,cb_call.call_price,3.47,280.38,28,A,False,安全,33.8,83.0,40.5,30.5,62.5,5.0,60.0,,pledge_total_ratio/ownership_nature,-2.9049,2026-03-16,到期收盘,-3.3114,2026-03-23,到期收盘,-3.0063,2026-04-07,到期收盘
2026-03-09,13,123090.SZ,三诺转债,300298,三诺生物,B下修事件,C,33.2,116.2,112.0,cb_basic.maturity_call_price,4.2,136.93,174,AA,False,安全,33.8,83.0,28.5,30.5,62.5,5.0,60.0,,pledge_total_ratio/ownership_nature,-0.3649,2026-03-16,到期收盘,-3.0146,2026-03-23,到期收盘,-0.9053,2026-04-07,到期收盘
2026-03-10,1,118008.SH,海优转债,688680,海优新材,底价观察,A,62.9,115.07,115.0,cb_basic.maturity_call_price,0.07,2.3,724,A,False,安全,59.6,53.0,74.3,63.7,60.0,15.3,60.0,,pledge_total_ratio/ownership_nature,-7.9386,2026-03-17,到期收盘,-5.587,2026-03-24,到期收盘,,,
2026-03-10,2,128101.SZ,联创转债,002036,联创电子,底价观察,B,57.3,109.86,110.0,cb_call.call_price,-0.14,16.86,-106,AA-,False,安全,46.8,53.0,76.0,37.9,60.0,15.8,60.0,,pledge_total_ratio/ownership_nature,,,,,,,,,
2026-03-10,3,113033.SH,利群转债,601366,利群股份,底价观察,B,56.9,109.91,110.0,cb_call.call_price,-0.09,16.4,-90,AA,False,安全,46.4,53.0,76.0,38.5,60.0,10.8,60.0,,pledge_total_ratio/ownership_nature,-0.0864,2026-03-17,到期收盘,-0.1592,2026-03-24,到期收盘,,,
2026-03-10,4,128108.SZ,蓝帆转债,002382,蓝帆医疗,B下修事件,B,56.2,108.49,108.0,cb_call.call_price,0.49,30.09,-33,AA-,False,安全,39.7,83.0,71.6,41.7,60.0,15.7,60.0,,pledge_total_ratio/ownership_nature,5.0,2026-03-13,止盈,5.0,2026-03-13,止盈,5.0,2026-03-13,止盈
2026-03-10,5,127017.SZ,万青转债,000789,万年青,B下修事件,B,54.6,112.7,113.0,cb_call.call_price,-0.3,68.36,-27,AA+,False,安全,32.9,83.0,76.0,30.5,60.0,7.5,60.0,,pledge_total_ratio/ownership_nature,0.0,2026-03-17,到期收盘,0.0834,2026-03-24,到期收盘,0.0169,2026-04-08,到期收盘
2026-03-10,6,127016.SZ,鲁泰转债,000726,鲁泰A,底价观察,B,54.5,110.79,111.0,cb_call.call_price,-0.21,23.6,-82,AA+,False,安全,42.4,53.0,76.0,28.5,62.6,9.2,60.0,,pledge_total_ratio/ownership_nature,-0.009,2026-03-17,到期收盘,-0.0542,2026-03-24,到期收盘,0.1246,2026-04-08,到期收盘
2026-03-10,7,113579.SH,健友转债,603707,健友股份,B下修事件,B,54.3,108.73,109.0,cb_call.call_price,-0.27,171.71,-68,AA,False,安全,32.5,83.0,76.0,30.5,60.0,5.0,60.0,,pledge_total_ratio/ownership_nature,-0.0377,2026-03-17,到期收盘,-0.0313,2026-03-24,到期收盘,0.1196,2026-04-08,到期收盘
2026-03-10,8,113037.SH,紫银转债,601860,紫金银行,B下修事件,B,51.0,109.63,110.0,cb_basic.maturity_call_price,-0.37,40.5,23,AA+,False,安全,38.6,83.0,61.8,35.8,62.5,19.8,60.0,,pledge_total_ratio/ownership_nature,0.0547,2026-03-17,到期收盘,0.083,2026-03-24,到期收盘,-0.0775,2026-04-08,到期收盘
2026-03-10,9,128135.SZ,洽洽转债,002557,洽洽食品,B下修事件,B,48.6,115.03,115.0,cb_basic.maturity_call_price,0.03,175.31,112,AA,False,安全,32.5,83.0,63.2,30.5,60.0,5.2,60.0,,pledge_total_ratio/ownership_nature,-0.1878,2026-03-17,到期收盘,-0.2556,2026-03-24,到期收盘,-0.2686,2026-04-08,到期收盘
2026-03-10,10,113584.SH,家悦转债,603708,家家悦,底价观察,B,46.9,112.37,110.0,cb_call.call_price,2.37,17.36,-25,AA,False,安全,45.6,53.0,54.7,37.2,60.0,10.1,60.0,,pledge_total_ratio/ownership_nature,-1.3803,2026-03-17,到期收盘,-1.1925,2026-03-24,到期收盘,-1.2913,2026-04-08,到期收盘
2026-03-10,11,127018.SZ,本钢转债,000761,本钢板材,底价观察,B,45.1,122.2,119.0,cb_call.call_price,3.2,13.89,-1,AAA,False,安全,48.5,53.0,47.2,42.1,60.0,13.1,60.0,,pledge_total_ratio/ownership_nature,-0.9165,2026-03-17,到期收盘,-2.0458,2026-03-24,到期收盘,-2.6064,2026-04-08,到期收盘
2026-03-10,12,123090.SZ,三诺转债,300298,三诺生物,B下修事件,C,34.9,115.75,112.0,cb_basic.maturity_call_price,3.75,133.67,174,AA,False,安全,32.7,83.0,32.5,30.5,60.0,6.2,60.0,,pledge_total_ratio/ownership_nature,-1.3702,2026-03-17,到期收盘,-2.1814,2026-03-24,到期收盘,1.0315,2026-04-08,到期收盘
2026-03-11,1,118008.SH,海优转债,688680,海优新材,底价观察,A,63.6,113.37,115.0,cb_basic.maturity_call_price,-1.63,2.03,724,A,False,安全,60.2,53.0,75.2,64.2,60.0,17.3,60.0,,pledge_total_ratio/ownership_nature,-6.1365,2026-03-18,到期收盘,5.0,2026-03-20,止盈,,,
2026-03-11,2,128101.SZ,联创转债,002036,联创电子,底价观察,B,58.3,109.8,110.0,cb_call.call_price,-0.2,15.81,-106,AA-,False,安全,48.5,53.0,76.0,39.4,60.0,22.1,60.0,,pledge_total_ratio/ownership_nature,,,,,,,,,
2026-03-11,3,113033.SH,利群转债,601366,利群股份,底价观察,B,56.7,109.87,110.0,cb_call.call_price,-0.13,16.87,-90,AA,False,安全,46.0,53.0,76.0,37.9,60.0,10.1,60.0,,pledge_total_ratio/ownership_nature,-0.0501,2026-03-18,到期收盘,-0.122,2026-03-25,到期收盘,,,
2026-03-11,4,127016.SZ,鲁泰转债,000726,鲁泰A,底价观察,B,55.0,110.79,111.0,cb_call.call_price,-0.21,22.63,-82,AA+,False,安全,43.4,53.0,76.0,29.8,62.6,11.2,60.0,,pledge_total_ratio/ownership_nature,-0.0009,2026-03-18,到期收盘,-0.0271,2026-03-25,到期收盘,,,
2026-03-11,5,127017.SZ,万青转债,000789,万年青,B下修事件,B,54.8,112.81,113.0,cb_call.call_price,-0.19,67.36,-27,AA+,False,安全,34.1,83.0,76.0,30.5,62.6,7.4,60.0,,pledge_total_ratio/ownership_nature,-0.055,2026-03-18,到期收盘,-0.016,2026-03-25,到期收盘,-0.0878,2026-04-09,到期收盘
2026-03-11,6,113579.SH,健友转债,603707,健友股份,B下修事件,B,54.3,108.7,109.0,cb_call.call_price,-0.3,171.07,-68,AA,False,安全,32.5,83.0,76.0,30.5,60.0,5.0,60.0,,pledge_total_ratio/ownership_nature,-0.0046,2026-03-18,到期收盘,0.0055,2026-03-25,到期收盘,0.1748,2026-04-09,到期收盘
2026-03-11,7,128108.SZ,蓝帆转债,002382,蓝帆医疗,B下修事件,B,51.0,109.8,108.0,cb_call.call_price,1.8,28.56,-33,AA-,False,安全,39.9,83.0,59.8,42.5,60.0,14.2,60.0,,pledge_total_ratio/ownership_nature,5.0,2026-03-13,止盈,5.0,2026-03-13,止盈,5.0,2026-03-13,止盈
2026-03-11,8,113037.SH,紫银转债,601860,紫金银行,B下修事件,B,50.8,109.69,110.0,cb_basic.maturity_call_price,-0.31,39.57,23,AA+,False,安全,38.4,83.0,61.8,36.3,62.5,16.8,60.0,,pledge_total_ratio/ownership_nature,0.0684,2026-03-18,到期收盘,-0.0319,2026-03-25,到期收盘,-0.0985,2026-04-09,到期收盘
2026-03-11,9,127018.SZ,本钢转债,000761,本钢板材,底价观察,B,49.5,121.45,119.0,cb_call.call_price,2.45,12.56,-1,AAA,False,安全,51.8,53.0,53.9,43.9,62.6,20.4,60.0,,pledge_total_ratio/ownership_nature,-0.0461,2026-03-18,到期收盘,-1.3388,2026-03-25,到期收盘,-2.0502,2026-04-09,到期收盘
2026-03-11,10,128135.SZ,洽洽转债,002557,洽洽食品,B下修事件,B,49.5,114.94,115.0,cb_basic.maturity_call_price,-0.06,179.6,112,AA,False,安全,34.6,83.0,63.5,30.5,62.5,10.4,60.0,,pledge_total_ratio/ownership_nature,-0.1262,2026-03-18,到期收盘,-0.2654,2026-03-25,到期收盘,-0.1418,2026-04-09,到期收盘
2026-03-11,11,113584.SH,家悦转债,603708,家家悦,底价观察,B,46.8,112.19,110.0,cb_call.call_price,2.19,19.07,-25,AA,False,安全,44.0,53.0,56.3,34.8,60.0,7.6,60.0,,pledge_total_ratio/ownership_nature,-1.214,2026-03-18,到期收盘,-1.1864,2026-03-25,到期收盘,-1.1703,2026-04-09,到期收盘
2026-03-11,12,110070.SH,凌钢转债,600231,凌钢股份,底价观察,B,46.1,116.37,112.0,cb_call.call_price,4.37,2.34,-78,AA,False,安全,60.7,53.0,36.7,63.6,62.6,13.8,60.0,,pledge_total_ratio/ownership_nature,5.0,2026-03-13,止盈,5.0,2026-03-13,止盈,5.0,2026-03-13,止盈
2026-03-11,13,123090.SZ,三诺转债,300298,三诺生物,B下修事件,C,32.5,116.3,112.0,cb_basic.maturity_call_price,4.3,135.05,174,AA,False,安全,32.5,83.0,27.6,30.5,60.0,5.0,60.0,,pledge_total_ratio/ownership_nature,-1.5408,2026-03-18,到期收盘,-1.816,2026-03-25,到期收盘,0.3405,2026-04-09,到期收盘
2026-03-12,1,118008.SH,海优转债,688680,海优新材,底价观察,A,64.5,109.96,115.0,cb_basic.maturity_call_price,-5.04,0.77,724,A,False,安全,61.4,53.0,75.8,66.9,60.0,16.3,60.0,,pledge_total_ratio/ownership_nature,-4.0733,2026-03-19,到期收盘,5.0,2026-03-20,止盈,,,
2026-03-12,2,113033.SH,利群转债,601366,利群股份,底价观察,B,56.1,109.85,110.0,cb_call.call_price,-0.15,18.41,-90,AA,False,安全,44.8,53.0,76.0,35.7,60.0,9.8,60.0,,pledge_total_ratio/ownership_nature,-0.0519,2026-03-19,到期收盘,-0.1065,2026-03-26,到期收盘,,,
2026-03-12,3,127016.SZ,鲁泰转债,000726,鲁泰A,底价观察,B,55.0,110.78,111.0,cb_call.call_price,-0.22,22.61,-82,AA+,False,安全,42.4,53.0,76.0,29.8,60.0,13.3,60.0,,pledge_total_ratio/ownership_nature,0.009,2026-03-19,到期收盘,-0.0045,2026-03-26,到期收盘,,,
2026-03-12,4,127017.SZ,万青转债,000789,万年青,B下修事件,B,54.8,112.65,113.0,cb_call.call_price,-0.35,67.11,-27,AA+,False,安全,33.1,83.0,76.0,30.5,60.0,9.3,60.0,,pledge_total_ratio/ownership_nature,-0.0178,2026-03-19,到期收盘,0.1225,2026-03-26,到期收盘,0.0613,2026-04-10,到期收盘
2026-03-12,5,113579.SH,健友转债,603707,健友股份,B下修事件,B,54.6,108.68,109.0,cb_call.call_price,-0.32,171.32,-68,AA,False,安全,33.8,83.0,76.0,30.5,62.5,5.0,60.0,,pledge_total_ratio/ownership_nature,-0.011,2026-03-19,到期收盘,0.023,2026-03-26,到期收盘,0.2135,2026-04-10,到期收盘
2026-03-12,6,113584.SH,家悦转债,603708,家家悦,底价观察,B,52.4,110.99,110.0,cb_call.call_price,0.99,18.82,-25,AA,False,安全,46.1,53.0,67.1,35.2,62.4,12.1,60.0,,pledge_total_ratio/ownership_nature,-0.2054,2026-03-19,到期收盘,-0.1685,2026-03-26,到期收盘,-0.4784,2026-04-10,到期收盘
2026-03-12,7,127018.SZ,本钢转债,000761,本钢板材,底价观察,B,52.2,121.02,119.0,cb_call.call_price,2.02,10.29,-1,AAA,False,安全,53.5,53.0,57.9,47.1,62.6,21.1,60.0,,pledge_total_ratio/ownership_nature,-0.3016,2026-03-19,到期收盘,-1.1775,2026-03-26,到期收盘,-1.7204,2026-04-10,到期收盘
2026-03-12,8,113037.SH,紫银转债,601860,紫金银行,B下修事件,B,51.0,109.76,110.0,cb_basic.maturity_call_price,-0.24,36.71,23,AA+,False,安全,38.0,83.0,61.8,37.9,60.0,17.2,60.0,,pledge_total_ratio/ownership_nature,-0.0419,2026-03-19,到期收盘,-0.174,2026-03-26,到期收盘,-0.1886,2026-04-10,到期收盘
2026-03-12,9,128108.SZ,蓝帆转债,002382,蓝帆医疗,B下修事件,B,49.4,110.19,108.0,cb_call.call_price,2.19,26.96,-33,AA-,False,安全,40.9,83.0,56.3,43.4,62.5,9.6,60.0,,pledge_total_ratio/ownership_nature,5.0,2026-03-13,止盈,5.0,2026-03-13,止盈,5.0,2026-03-13,止盈
2026-03-12,10,128135.SZ,洽洽转债,002557,洽洽食品,B下修事件,B,49.0,114.86,115.0,cb_basic.maturity_call_price,-0.14,184.68,112,AA,False,安全,33.8,83.0,63.5,30.5,62.5,5.0,60.0,,pledge_total_ratio/ownership_nature,-0.1576,2026-03-19,到期收盘,-0.1106,2026-03-26,到期收盘,-0.101,2026-04-10,到期收盘
2026-03-12,11,123090.SZ,三诺转债,300298,三诺生物,B下修事件,C,36.4,115.42,112.0,cb_basic.maturity_call_price,3.42,135.34,174,AA,False,安全,33.8,83.0,35.5,30.5,62.5,5.0,60.0,,pledge_total_ratio/ownership_nature,-1.699,2026-03-19,到期收盘,-1.2528,2026-03-26,到期收盘,1.0302,2026-04-10,到期收盘
2026-03-13,1,113653.SH,永22转债,603681,永冠新材,底价观察,A,65.0,114.32,115.0,cb_basic.maturity_call_price,-0.68,-2.87,759,AA-,False,安全,63.8,53.0,73.1,65.3,60.0,38.0,60.0,,pledge_total_ratio/ownership_nature,-6.3847,2026-03-20,到期收盘,-7.4528,2026-03-27,到期收盘,-4.8119,2026-04-13,到期收盘
2026-03-13,2,118008.SH,海优转债,688680,海优新材,底价观察,A,63.6,108.83,115.0,cb_basic.maturity_call_price,-6.17,1.42,724,A,False,安全,59.9,53.0,76.0,65.5,60.0,10.7,60.0,,pledge_total_ratio/ownership_nature,5.0,2026-03-20,止盈,5.0,2026-03-20,止盈,,,
2026-03-13,3,113033.SH,利群转债,601366,利群股份,底价观察,B,56.2,109.8,110.0,cb_call.call_price,-0.2,19.42,-90,AA,False,安全,45.6,53.0,76.0,34.3,62.5,11.3,60.0,,pledge_total_ratio/ownership_nature,-0.0328,2026-03-20,到期收盘,-0.061,2026-03-27,到期收盘,,,
2026-03-13,4,127016.SZ,鲁泰转债,000726,鲁泰A,底价观察,B,55.1,110.77,111.0,cb_call.call_price,-0.23,22.28,-82,AA+,False,安全,43.4,53.0,76.0,30.3,62.5,10.3,60.0,,pledge_total_ratio/ownership_nature,0.0172,2026-03-20,到期收盘,0.0551,2026-03-27,到期收盘,,,
2026-03-13,5,113579.SH,健友转债,603707,健友股份,B下修事件,B,54.6,108.68,109.0,cb_call.call_price,-0.32,171.59,-68,AA,False,安全,33.8,83.0,76.0,30.5,62.5,5.0,60.0,,pledge_total_ratio/ownership_nature,-0.0092,2026-03-20,到期收盘,0.0736,2026-03-27,到期收盘,0.2356,2026-04-13,到期收盘
2026-03-13,6,127017.SZ,万青转债,000789,万年青,B下修事件,B,54.4,112.6,113.0,cb_call.call_price,-0.4,67.03,-27,AA+,False,安全,32.7,83.0,76.0,30.5,60.0,6.0,60.0,,pledge_total_ratio/ownership_nature,-0.0027,2026-03-20,到期收盘,0.2158,2026-03-27,到期收盘,0.1368,2026-04-13,到期收盘
2026-03-13,7,127018.SZ,本钢转债,000761,本钢板材,底价观察,B,52.3,121.15,119.0,cb_call.call_price,2.15,8.31,-1,AAA,False,安全,54.2,53.0,56.6,51.0,60.0,20.9,60.0,,pledge_total_ratio/ownership_nature,-0.856,2026-03-20,到期收盘,-1.3273,2026-03-27,到期收盘,-1.8572,2026-04-13,到期收盘
2026-03-13,8,113584.SH,家悦转债,603708,家家悦,底价观察,B,50.9,111.1,110.0,cb_call.call_price,1.1,19.86,-25,AA,False,安全,43.5,53.0,66.1,33.7,60.0,7.4,60.0,,pledge_total_ratio/ownership_nature,-0.604,2026-03-20,到期收盘,-0.3906,2026-03-27,到期收盘,-0.64,2026-04-13,到期收盘
2026-03-13,9,113037.SH,紫银转债,601860,紫金银行,B下修事件,B,50.5,109.69,110.0,cb_basic.maturity_call_price,-0.31,36.63,23,AA+,False,安全,38.1,83.0,61.8,38.0,62.5,9.3,60.0,,pledge_total_ratio/ownership_nature,0.0465,2026-03-20,到期收盘,-0.1194,2026-03-27,到期收盘,-0.0994,2026-04-13,到期收盘
2026-03-13,10,128135.SZ,洽洽转债,002557,洽洽食品,B下修事件,B,49.0,114.8,115.0,cb_basic.maturity_call_price,-0.2,181.62,112,AA,False,安全,33.8,83.0,63.5,30.5,62.5,5.0,60.0,,pledge_total_ratio/ownership_nature,-0.1045,2026-03-20,到期收盘,-0.0226,2026-03-27,到期收盘,-0.0348,2026-04-13,到期收盘
2026-03-13,11,123090.SZ,三诺转债,300298,三诺生物,B下修事件,C,40.2,114.47,112.0,cb_basic.maturity_call_price,2.47,134.09,174,AA,False,安全,33.8,83.0,44.1,30.5,62.5,5.0,60.0,,pledge_total_ratio/ownership_nature,-0.9714,2026-03-20,到期收盘,-0.5556,2026-03-27,到期收盘,1.237,2026-04-13,到期收盘
2026-03-16,1,113653.SH,永22转债,603681,永冠新材,底价观察,A,63.7,112.75,115.0,cb_basic.maturity_call_price,-2.25,1.39,759,AA-,False,安全,61.7,53.0,73.4,65.6,60.0,22.4,60.0,,pledge_total_ratio/ownership_nature,-6.6989,2026-03-23,到期收盘,-4.9845,2026-03-30,到期收盘,-1.9734,2026-04-14,到期收盘
2026-03-16,2,113033.SH,利群转债,601366,利群股份,底价观察,B,57.0,109.79,110.0,cb_call.call_price,-0.21,18.61,-90,AA,False,安全,47.1,53.0,76.0,35.4,62.5,17.2,60.0,,pledge_total_ratio/ownership_nature,-0.0501,2026-03-23,到期收盘,-0.0519,2026-03-30,到期收盘,,,
2026-03-16,3,127016.SZ,鲁泰转债,000726,鲁泰A,底价观察,B,55.6,110.76,111.0,cb_call.call_price,-0.24,22.11,-82,AA+,False,安全,44.4,53.0,76.0,30.5,62.6,15.5,60.0,,pledge_total_ratio/ownership_nature,0.0632,2026-03-23,到期收盘,0.0587,2026-03-30,到期收盘,,,
2026-03-16,4,127017.SZ,万青转债,000789,万年青,B下修事件,B,55.4,112.78,113.0,cb_call.call_price,-0.22,65.3,-27,AA+,False,安全,34.1,83.0,76.0,30.5,60.0,16.0,60.0,,pledge_total_ratio/ownership_nature,-0.0355,2026-03-23,到期收盘,-0.0816,2026-03-30,到期收盘,-0.0204,2026-04-14,到期收盘
2026-03-16,5,113579.SH,健友转债,603707,健友股份,B下修事件,B,54.8,108.7,109.0,cb_call.call_price,-0.3,165.92,-68,AA,False,安全,33.3,83.0,76.0,30.5,60.0,10.0,60.0,,pledge_total_ratio/ownership_nature,-0.012,2026-03-23,到期收盘,0.0616,2026-03-30,到期收盘,0.2088,2026-04-14,到期收盘
2026-03-16,6,113584.SH,家悦转债,603708,家家悦,底价观察,B,51.0,111.07,110.0,cb_call.call_price,1.07,19.83,-25,AA,False,安全,43.4,53.0,66.4,33.7,60.0,6.6,60.0,,pledge_total_ratio/ownership_nature,-0.6383,2026-03-23,到期收盘,-0.5816,2026-03-30,到期收盘,-0.7077,2026-04-14,到期收盘
2026-03-16,7,113037.SH,紫银转债,601860,紫金银行,B下修事件,B,50.5,109.69,110.0,cb_basic.maturity_call_price,-0.31,37.11,23,AA+,False,安全,37.3,83.0,61.8,37.7,60.0,12.7,60.0,,pledge_total_ratio/ownership_nature,0.0729,2026-03-23,到期收盘,-0.1814,2026-03-30,到期收盘,-0.0693,2026-04-14,到期收盘
2026-03-16,8,128135.SZ,洽洽转债,002557,洽洽食品,B下修事件,B,49.2,114.88,115.0,cb_basic.maturity_call_price,-0.12,179.82,112,AA,False,安全,34.2,83.0,63.5,30.5,62.5,7.8,60.0,,pledge_total_ratio/ownership_nature,-0.3055,2026-03-23,到期收盘,-0.2611,2026-03-30,到期收盘,-0.0905,2026-04-14,到期收盘
2026-03-16,9,127018.SZ,本钢转债,000761,本钢板材,底价观察,B,48.4,121.48,119.0,cb_call.call_price,2.48,14.85,-1,AAA,False,安全,48.9,53.0,53.7,40.7,60.0,20.4,60.0,,pledge_total_ratio/ownership_nature,-1.4653,2026-03-23,到期收盘,-1.7698,2026-03-30,到期收盘,-2.1386,2026-04-14,到期收盘
2026-03-16,10,123090.SZ,三诺转债,300298,三诺生物,B下修事件,C,34.8,115.78,112.0,cb_basic.maturity_call_price,3.78,138.18,174,AA,False,安全,32.8,83.0,32.3,30.5,60.0,6.7,60.0,,pledge_total_ratio/ownership_nature,-2.6628,2026-03-23,到期收盘,-1.8138,2026-03-30,到期收盘,0.1373,2026-04-14,到期收盘
2026-03-17,1,113653.SH,永22转债,603681,永冠新材,底价观察,A,63.2,110.04,115.0,cb_basic.maturity_call_price,-4.96,1.43,759,AA-,False,安全,60.7,53.0,73.8,65.5,60.0,16.1,60.0,,pledge_total_ratio/ownership_nature,-3.5678,2026-03-24,到期收盘,-3.7123,2026-03-31,到期收盘,0.8252,2026-04-15,到期收盘
2026-03-17,2,113033.SH,利群转债,601366,利群股份,底价观察,B,56.2,109.81,110.0,cb_call.call_price,-0.19,18.9,-90,AA,False,安全,45.7,53.0,76.0,35.0,62.5,9.8,60.0,,pledge_total_ratio/ownership_nature,-0.0683,2026-03-24,到期收盘,-0.0701,2026-03-31,到期收盘,,,
2026-03-17,3,113579.SH,健友转债,603707,健友股份,B下修事件,B,54.7,108.69,109.0,cb_call.call_price,-0.31,169.4,-68,AA,False,安全,33.9,83.0,76.0,30.5,62.5,5.9,60.0,,pledge_total_ratio/ownership_nature,0.0055,2026-03-24,到期收盘,0.1242,2026-03-31,到期收盘,0.2217,2026-04-15,到期收盘
2026-03-17,4,127017.SZ,万青转债,000789,万年青,B下修事件,B,54.5,112.7,113.0,cb_call.call_price,-0.3,66.61,-27,AA+,False,安全,32.7,83.0,76.0,30.5,60.0,6.4,60.0,,pledge_total_ratio/ownership_nature,0.0834,2026-03-24,到期收盘,-0.0346,2026-03-31,到期收盘,0.0204,2026-04-15,到期收盘
2026-03-17,5,127016.SZ,鲁泰转债,000726,鲁泰A,底价观察,B,54.2,110.78,111.0,cb_call.call_price,-0.22,24.26,-82,AA+,False,安全,41.9,53.0,76.0,27.5,62.5,9.0,60.0,,pledge_total_ratio/ownership_nature,-0.0451,2026-03-24,到期收盘,0.0496,2026-03-31,到期收盘,,,
2026-03-17,6,113584.SH,家悦转债,603708,家家悦,底价观察,B,52.1,110.82,110.0,cb_call.call_price,0.82,20.71,-25,AA,False,安全,44.3,53.0,68.6,32.5,62.5,8.6,60.0,,pledge_total_ratio/ownership_nature,0.1895,2026-03-24,到期收盘,-0.6046,2026-03-31,到期收盘,-0.4331,2026-04-15,到期收盘
2026-03-17,7,113037.SH,紫银转债,601860,紫金银行,B下修事件,B,51.7,109.69,110.0,cb_basic.maturity_call_price,-0.31,35.68,23,AA+,False,安全,40.0,83.0,61.8,38.5,62.5,19.8,60.0,,pledge_total_ratio/ownership_nature,0.0283,2026-03-24,到期收盘,-0.1787,2026-03-31,到期收盘,-0.1121,2026-04-15,到期收盘
2026-03-17,8,127018.SZ,本钢转债,000761,本钢板材,底价观察,B,51.0,121.08,119.0,cb_call.call_price,2.08,13.17,-1,AAA,False,安全,50.7,53.0,57.3,43.1,60.0,24.4,60.0,,pledge_total_ratio/ownership_nature,-1.1397,2026-03-24,到期收盘,-1.6518,2026-03-31,到期收盘,-1.9458,2026-04-15,到期收盘
2026-03-17,9,128135.SZ,洽洽转债,002557,洽洽食品,B下修事件,B,49.0,114.81,115.0,cb_basic.maturity_call_price,-0.19,180.15,112,AA,False,安全,33.8,83.0,63.5,30.5,62.5,5.2,60.0,,pledge_total_ratio/ownership_nature,-0.0645,2026-03-24,到期收盘,-0.1881,2026-03-31,到期收盘,-0.0436,2026-04-15,到期收盘
2026-03-17,10,123090.SZ,三诺转债,300298,三诺生物,B下修事件,C,41.2,114.16,112.0,cb_basic.maturity_call_price,2.16,134.86,174,AA,False,安全,32.5,83.0,46.8,30.5,60.0,5.0,60.0,,pledge_total_ratio/ownership_nature,-0.819,2026-03-24,到期收盘,-0.7411,2026-03-31,到期收盘,1.9709,2026-04-15,到期收盘
2026-03-17,11,127061.SZ,美锦转债,000723,美锦能源,底价观察,C,32.2,122.6,118.0,cb_basic.maturity_call_price,4.6,16.4,660,A,False,安全,48.1,53.0,18.7,38.5,60.0,22.1,60.0,,pledge_total_ratio/ownership_nature,-0.4894,2026-03-24,到期收盘,-3.2284,2026-03-31,到期收盘,-0.8157,2026-04-15,到期收盘
2026-03-18,1,113653.SH,永22转债,603681,永冠新材,底价观察,A,64.6,108.6,115.0,cb_basic.maturity_call_price,-6.4,-0.28,759,AA-,False,安全,62.9,53.0,74.0,68.2,60.0,22.3,60.0,,pledge_total_ratio/ownership_nature,-0.5276,2026-03-25,到期收盘,-1.0562,2026-04-01,到期收盘,1.1372,2026-04-16,到期收盘
2026-03-18,2,113033.SH,利群转债,601366,利群股份,底价观察,B,55.2,109.81,110.0,cb_call.call_price,-0.19,21.07,-90,AA,False,安全,43.1,53.0,76.0,32.0,60.0,10.4,60.0,,pledge_total_ratio/ownership_nature,-0.0674,2026-03-25,到期收盘,,,,,,
2026-03-18,3,113579.SH,健友转债,603707,健友股份,B下修事件,B,55.0,108.69,109.0,cb_call.call_price,-0.31,168.87,-68,AA,False,安全,33.5,83.0,76.0,30.5,60.0,11.4,60.0,,pledge_total_ratio/ownership_nature,0.0147,2026-03-25,到期收盘,0.1371,2026-04-01,到期收盘,0.2383,2026-04-16,到期收盘
2026-03-18,4,127017.SZ,万青转债,000789,万年青,B下修事件,B,54.3,112.75,113.0,cb_call.call_price,-0.25,64.12,-27,AA+,False,安全,32.5,83.0,76.0,30.5,60.0,5.2,60.0,,pledge_total_ratio/ownership_nature,0.0373,2026-03-25,到期收盘,-0.0381,2026-04-01,到期收盘,-0.0195,2026-04-16,到期收盘
2026-03-18,5,127016.SZ,鲁泰转债,000726,鲁泰A,底价观察,B,54.2,110.79,111.0,cb_call.call_price,-0.21,24.77,-82,AA+,False,安全,40.8,53.0,76.0,26.8,60.0,12.5,60.0,,pledge_total_ratio/ownership_nature,-0.0271,2026-03-25,到期收盘,0.1219,2026-04-01,到期收盘,,,
2026-03-18,6,113584.SH,家悦转债,603708,家家悦,底价观察,B,51.5,110.83,110.0,cb_call.call_price,0.83,21.36,-25,AA,False,安全,42.5,53.0,68.5,31.6,60.0,7.8,60.0,,pledge_total_ratio/ownership_nature,0.0262,2026-03-25,到期收盘,0.4114,2026-04-01,到期收盘,-0.3988,2026-04-16,到期收盘
2026-03-18,7,113037.SH,紫银转债,601860,紫金银行,B下修事件,B,51.4,109.77,110.0,cb_basic.maturity_call_price,-0.23,37.21,23,AA+,False,安全,39.5,83.0,61.8,37.7,62.5,19.6,60.0,,pledge_total_ratio/ownership_nature,-0.1048,2026-03-25,到期收盘,-0.2441,2026-04-01,到期收盘,-0.205,2026-04-16,到期收盘
2026-03-18,8,128135.SZ,洽洽转债,002557,洽洽食品,B下修事件,B,48.9,114.8,115.0,cb_basic.maturity_call_price,-0.2,179.98,112,AA,False,安全,32.8,83.0,63.5,30.5,60.0,6.8,60.0,,pledge_total_ratio/ownership_nature,-0.1437,2026-03-25,到期收盘,-0.1359,2026-04-01,到期收盘,-0.0401,2026-04-16,到期收盘
2026-03-18,9,127018.SZ,本钢转债,000761,本钢板材,底价观察,B,48.5,121.39,119.0,cb_call.call_price,2.39,14.44,-1,AAA,False,安全,48.7,53.0,54.5,41.3,60.0,16.9,60.0,,pledge_total_ratio/ownership_nature,-1.2901,2026-03-25,到期收盘,-1.6657,2026-04-01,到期收盘,-2.23,2026-04-16,到期收盘
2026-03-18,10,123090.SZ,三诺转债,300298,三诺生物,B下修事件,C,39.8,114.51,112.0,cb_basic.maturity_call_price,2.51,135.01,174,AA,False,安全,32.5,83.0,43.7,30.5,60.0,5.0,60.0,,pledge_total_ratio/ownership_nature,-0.2812,2026-03-25,到期收盘,0.3318,2026-04-01,到期收盘,1.8391,2026-04-16,到期收盘
2026-03-18,11,127061.SZ,美锦转债,000723,美锦能源,底价观察,C,29.0,122.95,118.0,cb_basic.maturity_call_price,4.95,21.56,660,A,False,安全,45.3,53.0,15.5,31.3,62.4,19.5,60.0,,pledge_total_ratio/ownership_nature,-0.4075,2026-03-25,到期收盘,-1.6234,2026-04-01,到期收盘,-0.8451,2026-04-16,到期收盘
2026-03-19,1,118000.SH,嘉元转债,688388,嘉元科技,底价观察,B,55.1,117.59,115.0,cb_basic.maturity_call_price,2.59,0.3,238,A+,False,安全,63.9,53.0,52.7,67.9,62.5,21.4,60.0,,pledge_total_ratio/ownership_nature,5.0,2026-03-20,止盈,,,,,,
2026-03-19,2,113579.SH,健友转债,603707,健友股份,B下修事件,B,54.6,108.67,109.0,cb_call.call_price,-0.33,171.84,-68,AA,False,安全,33.8,83.0,76.0,30.5,62.6,5.0,60.0,,pledge_total_ratio/ownership_nature,0.0322,2026-03-26,到期收盘,0.1445,2026-04-02,到期收盘,0.2705,2026-04-17,到期收盘
2026-03-19,3,127017.SZ,万青转债,000789,万年青,B下修事件,B,54.6,112.63,113.0,cb_call.call_price,-0.37,70.65,-27,AA+,False,安全,33.9,83.0,76.0,30.5,62.6,5.4,60.0,,pledge_total_ratio/ownership_nature,0.1403,2026-03-26,到期收盘,0.0382,2026-04-02,到期收盘,0.0897,2026-04-17,到期收盘
2026-03-19,4,113033.SH,利群转债,601366,利群股份,底价观察,B,54.3,109.79,110.0,cb_call.call_price,-0.21,24.16,-90,AA,False,安全,42.0,53.0,76.0,27.7,62.5,9.6,60.0,,pledge_total_ratio/ownership_nature,-0.0519,2026-03-26,到期收盘,,,,,,
2026-03-19,5,127016.SZ,鲁泰转债,000726,鲁泰A,底价观察,B,54.0,110.79,111.0,cb_call.call_price,-0.21,27.51,-82,AA+,False,安全,41.2,53.0,76.0,25.1,62.6,12.4,60.0,,pledge_total_ratio/ownership_nature,-0.0135,2026-03-26,到期收盘,0.1246,2026-04-02,到期收盘,,,
2026-03-19,6,113037.SH,紫银转债,601860,紫金银行,B下修事件,B,51.4,109.71,110.0,cb_basic.maturity_call_price,-0.29,38.12,23,AA+,False,安全,39.4,83.0,61.8,37.2,62.5,20.6,60.0,,pledge_total_ratio/ownership_nature,-0.1285,2026-03-26,到期收盘,-0.1787,2026-04-02,到期收盘,-0.154,2026-04-17,到期收盘
2026-03-19,7,113584.SH,家悦转债,603708,家家悦,底价观察,B,51.3,110.76,110.0,cb_call.call_price,0.76,23.23,-25,AA,False,安全,42.2,53.0,69.1,29.0,62.4,6.8,60.0,,pledge_total_ratio/ownership_nature,0.0388,2026-03-26,到期收盘,0.167,2026-04-02,到期收盘,-0.307,2026-04-17,到期收盘
2026-03-19,8,110070.SH,凌钢转债,600231,凌钢股份,底价观察,B,50.6,114.89,112.0,cb_call.call_price,2.89,6.26,-78,AA,False,安全,57.5,53.0,49.9,55.3,62.5,20.4,60.0,,pledge_total_ratio/ownership_nature,-1.78,2026-03-26,到期收盘,-2.5607,2026-04-02,到期收盘,,,
2026-03-19,9,127018.SZ,本钢转债,000761,本钢板材,底价观察,B,49.2,120.66,119.0,cb_call.call_price,1.66,19.93,-1,AAA,False,安全,45.1,53.0,61.1,33.6,62.5,10.5,60.0,,pledge_total_ratio/ownership_nature,-0.8826,2026-03-26,到期收盘,-1.3178,2026-04-02,到期收盘,-1.583,2026-04-17,到期收盘
2026-03-19,10,128135.SZ,洽洽转债,002557,洽洽食品,B下修事件,B,49.0,114.68,115.0,cb_basic.maturity_call_price,-0.32,189.73,112,AA,False,安全,33.8,83.0,63.5,30.5,62.6,5.2,60.0,,pledge_total_ratio/ownership_nature,0.0462,2026-03-26,到期收盘,-0.075,2026-04-02,到期收盘,0.0436,2026-04-17,到期收盘
2026-03-19,11,128108.SZ,蓝帆转债,002382,蓝帆医疗,B下修事件,B,46.4,112.3,108.0,cb_call.call_price,4.3,13.15,-33,AA-,False,安全,51.4,83.0,37.3,61.1,62.6,20.8,60.0,,pledge_total_ratio/ownership_nature,-0.5343,2026-03-26,到期收盘,1.6928,2026-04-02,到期收盘,-3.3838,2026-04-17,到期收盘
2026-03-19,12,123090.SZ,三诺转债,300298,三诺生物,B下修事件,C,44.3,113.46,112.0,cb_basic.maturity_call_price,1.46,136.51,174,AA,False,安全,33.8,83.0,53.1,30.5,62.6,5.0,60.0,,pledge_total_ratio/ownership_nature,0.453,2026-03-26,到期收盘,0.8417,2026-04-02,到期收盘,2.6088,2026-04-17,到期收盘
2026-03-19,13,127061.SZ,美锦转债,000723,美锦能源,底价观察,C,34.4,121.53,118.0,cb_basic.maturity_call_price,3.53,21.3,660,A,False,安全,44.0,53.0,28.3,31.7,60.0,17.8,60.0,,pledge_total_ratio/ownership_nature,-0.3621,2026-03-26,到期收盘,-0.9463,2026-04-02,到期收盘,0.2896,2026-04-17,到期收盘
2026-03-20,1,118008.SH,海优转债,688680,海优新材,底价观察,A,68.8,114.66,115.0,cb_basic.maturity_call_price,-0.34,-3.48,724,A,False,安全,69.0,53.0,75.0,64.6,62.5,66.1,60.0,,pledge_total_ratio/ownership_nature,-7.6007,2026-03-27,到期收盘,-11.7207,2026-04-03,到期收盘,,,
2026-03-20,2,118000.SH,嘉元转债,688388,嘉元科技,底价观察,B,57.3,117.27,115.0,cb_basic.maturity_call_price,2.27,0.0,238,A+,False,安全,64.5,53.0,55.6,68.5,60.0,31.9,60.0,,pledge_total_ratio/ownership_nature,5.0,2026-03-25,止盈,,,,,,
2026-03-20,3,127017.SZ,万青转债,000789,万年青,B下修事件,B,54.9,112.6,113.0,cb_call.call_price,-0.4,71.82,-27,AA+,False,安全,34.3,83.0,76.0,30.5,62.5,8.7,60.0,,pledge_total_ratio/ownership_nature,0.2158,2026-03-27,到期收盘,0.1474,2026-04-03,到期收盘,0.1297,2026-04-20,到期收盘
2026-03-20,4,113579.SH,健友转债,603707,健友股份,B下修事件,B,54.3,108.67,109.0,cb_call.call_price,-0.33,172.12,-68,AA,False,安全,32.5,83.0,76.0,30.5,60.0,5.0,60.0,,pledge_total_ratio/ownership_nature,0.0828,2026-03-27,到期收盘,0.1417,2026-04-03,到期收盘,0.2705,2026-04-20,到期收盘
2026-03-20,5,113033.SH,利群转债,601366,利群股份,底价观察,B,53.9,109.76,110.0,cb_call.call_price,-0.24,28.01,-90,AA,False,安全,40.1,53.0,76.0,24.8,60.0,14.5,60.0,,pledge_total_ratio/ownership_nature,-0.0246,2026-03-27,到期收盘,,,,,,
2026-03-20,6,110070.SH,凌钢转债,600231,凌钢股份,底价观察,B,52.8,113.66,112.0,cb_call.call_price,1.66,10.3,-78,AA,False,安全,52.2,53.0,61.1,47.1,62.5,13.0,60.0,,pledge_total_ratio/ownership_nature,-1.1059,2026-03-27,到期收盘,-1.5062,2026-04-03,到期收盘,,,
2026-03-20,7,113584.SH,家悦转债,603708,家家悦,底价观察,B,51.9,110.43,110.0,cb_call.call_price,0.43,24.99,-25,AA,False,安全,39.9,53.0,72.1,26.5,60.0,7.9,60.0,,pledge_total_ratio/ownership_nature,0.2137,2026-03-27,到期收盘,0.489,2026-04-03,到期收盘,-0.1585,2026-04-20,到期收盘
2026-03-20,8,127018.SZ,本钢转债,000761,本钢板材,底价观察,B,51.4,120.11,119.0,cb_call.call_price,1.11,21.59,-1,AAA,False,安全,44.8,53.0,66.0,31.3,62.5,15.9,60.0,,pledge_total_ratio/ownership_nature,-0.4729,2026-03-27,到期收盘,-0.8684,2026-04-03,到期收盘,-1.2405,2026-04-20,到期收盘
2026-03-20,9,113037.SH,紫银转债,601860,紫金银行,B下修事件,B,51.3,109.74,110.0,cb_basic.maturity_call_price,-0.26,39.14,23,AA+,False,安全,39.1,83.0,61.8,36.6,62.5,20.7,60.0,,pledge_total_ratio/ownership_nature,-0.1649,2026-03-27,到期收盘,-0.1649,2026-04-03,到期收盘,-0.1677,2026-04-20,到期收盘
2026-03-20,10,128108.SZ,蓝帆转债,002382,蓝帆医疗,B下修事件,B,50.2,111.26,108.0,cb_call.call_price,3.26,13.4,-33,AA-,False,安全,50.0,83.0,46.7,60.7,60.0,20.6,60.0,,pledge_total_ratio/ownership_nature,0.6651,2026-03-27,到期收盘,1.6196,2026-04-03,到期收盘,5.0,2026-04-07,止盈
2026-03-20,11,128135.SZ,洽洽转债,002557,洽洽食品,B下修事件,B,49.0,114.68,115.0,cb_basic.maturity_call_price,-0.32,194.33,112,AA,False,安全,33.8,83.0,63.5,30.5,62.5,5.0,60.0,,pledge_total_ratio/ownership_nature,0.082,2026-03-27,到期收盘,-0.0366,2026-04-03,到期收盘,0.0305,2026-04-20,到期收盘
2026-03-20,12,123090.SZ,三诺转债,300298,三诺生物,B下修事件,C,44.5,113.36,112.0,cb_basic.maturity_call_price,1.36,141.25,174,AA,False,安全,32.5,83.0,54.1,30.5,60.0,5.0,60.0,,pledge_total_ratio/ownership_nature,0.4181,2026-03-27,到期收盘,1.2315,2026-04-03,到期收盘,2.6773,2026-04-20,到期收盘
2026-03-20,13,113616.SH,韦尔转债,603501,豪威集团,B下修事件,C,39.2,113.54,110.0,cb_basic.maturity_call_price,3.54,74.36,181,AA+,False,安全,34.8,88.0,35.3,30.5,60.0,20.2,76.7,,ownership_nature,2.2124,2026-03-27,到期收盘,0.9081,2026-04-03,到期收盘,2.6079,2026-04-20,到期收盘
2026-03-20,14,127061.SZ,美锦转债,000723,美锦能源,底价观察,C,39.1,120.05,118.0,cb_basic.maturity_call_price,2.05,25.29,660,A,False,安全,42.1,53.0,41.8,26.3,62.4,15.3,60.0,,pledge_total_ratio/ownership_nature,1.6243,2026-03-27,到期收盘,0.2082,2026-04-03,到期收盘,0.474,2026-04-20,到期收盘
2026-03-20,15,113625.SH,江山转债,603208,江山欧派,B下修事件,C,31.9,122.41,118.0,cb_basic.maturity_call_price,4.41,80.57,346,A,False,安全,32.5,83.0,26.2,30.5,60.0,5.0,60.0,,pledge_total_ratio/ownership_nature,1.6543,2026-03-27,到期收盘,1.8536,2026-04-03,到期收盘,4.3951,2026-04-20,到期收盘
2026-03-23,1,118008.SH,海优转债,688680,海优新材,底价观察,A,66.5,109.42,115.0,cb_basic.maturity_call_price,-5.58,-0.22,724,A,False,安全,65.6,53.0,75.8,68.3,62.6,30.8,60.0,,pledge_total_ratio/ownership_nature,-4.8931,2026-03-30,到期收盘,,,,,,
2026-03-23,2,118000.SH,嘉元转债,688388,嘉元科技,底价观察,A,65.8,109.33,115.0,cb_basic.maturity_call_price,-5.67,-0.01,238,A+,False,安全,64.4,53.0,76.0,68.5,62.6,22.3,60.0,,pledge_total_ratio/ownership_nature,5.0,2026-03-25,止盈,,,,,,
2026-03-23,3,127017.SZ,万青转债,000789,万年青,B下修事件,B,55.5,112.74,113.0,cb_call.call_price,-0.26,82.13,-27,AA+,False,安全,35.2,83.0,76.0,30.5,62.7,13.7,60.0,,pledge_total_ratio/ownership_nature,-0.0461,2026-03-30,到期收盘,-0.0275,2026-04-07,到期收盘,0.0488,2026-04-21,到期收盘
2026-03-23,4,113579.SH,健友转债,603707,健友股份,B下修事件,B,54.7,108.69,109.0,cb_call.call_price,-0.31,192.96,-68,AA,False,安全,33.9,83.0,76.0,30.5,62.6,5.8,60.0,,pledge_total_ratio/ownership_nature,0.0708,2026-03-30,到期收盘,0.1564,2026-04-07,到期收盘,0.2521,2026-04-21,到期收盘
2026-03-23,5,127018.SZ,本钢转债,000761,本钢板材,底价观察,B,52.0,119.7,119.0,cb_call.call_price,0.7,27.45,-1,AAA,False,安全,42.5,53.0,69.7,25.1,62.5,20.8,60.0,,pledge_total_ratio/ownership_nature,-0.3091,2026-03-30,到期收盘,-0.6249,2026-04-07,到期收盘,-0.8129,2026-04-21,到期收盘
2026-03-23,6,113574.SH,华体转债,603679,华体科技,底价观察,B,51.6,112.31,110.0,cb_call.call_price,2.31,8.22,-91,A,False,安全,54.9,53.0,55.2,51.2,62.6,16.7,60.0,,pledge_total_ratio/ownership_nature,-2.0719,2026-03-30,到期收盘,,,,,,
2026-03-23,7,110070.SH,凌钢转债,600231,凌钢股份,底价观察,B,51.5,113.54,112.0,cb_call.call_price,1.54,16.49,-78,AA,False,安全,48.4,53.0,62.2,38.4,62.5,16.5,60.0,,pledge_total_ratio/ownership_nature,-1.1256,2026-03-30,到期收盘,-1.411,2026-04-07,到期收盘,,,
2026-03-23,8,128108.SZ,蓝帆转债,002382,蓝帆医疗,B下修事件,B,51.1,110.78,108.0,cb_call.call_price,2.78,16.65,-33,AA-,False,安全,48.7,83.0,51.0,56.2,62.6,18.4,60.0,,pledge_total_ratio/ownership_nature,1.6429,2026-03-30,到期收盘,5.0,2026-04-07,止盈,5.0,2026-04-07,止盈
2026-03-23,9,113037.SH,紫银转债,601860,紫金银行,B下修事件,B,50.1,109.77,110.0,cb_basic.maturity_call_price,-0.23,47.61,23,AA+,False,安全,36.8,83.0,61.8,31.8,62.5,21.0,60.0,,pledge_total_ratio/ownership_nature,-0.2542,2026-03-30,到期收盘,-0.2168,2026-04-07,到期收盘,-0.1749,2026-04-21,到期收盘
2026-03-23,10,128135.SZ,洽洽转债,002557,洽洽食品,B下修事件,B,49.4,114.53,115.0,cb_basic.maturity_call_price,-0.47,211.86,112,AA,False,安全,34.4,83.0,63.5,30.5,62.6,9.0,60.0,,pledge_total_ratio/ownership_nature,0.0437,2026-03-30,到期收盘,0.1502,2026-04-07,到期收盘,0.1834,2026-04-21,到期收盘
2026-03-23,11,123090.SZ,三诺转债,300298,三诺生物,B下修事件,B,47.5,112.7,112.0,cb_basic.maturity_call_price,0.7,151.96,174,AA,False,安全,34.0,83.0,60.0,30.5,62.6,6.1,60.0,,pledge_total_ratio/ownership_nature,0.8696,2026-03-30,到期收盘,2.1721,2026-04-07,到期收盘,2.4845,2026-04-21,到期收盘
2026-03-23,12,123049.SZ,维尔转债,300190,维尔利,底价观察,C,40.6,123.0,118.0,cb_call.call_price,5.0,6.5,-78,A-,False,安全,55.3,53.0,31.0,54.9,62.6,6.9,60.0,,pledge_total_ratio/ownership_nature,5.0,2026-03-25,止盈,5.0,2026-03-25,止盈,,,
2026-03-23,13,113616.SH,韦尔转债,603501,豪威集团,B下修事件,C,39.0,113.68,110.0,cb_basic.maturity_call_price,3.68,83.3,181,AA+,False,安全,36.3,88.0,34.0,30.5,62.5,21.7,76.7,,ownership_nature,1.8543,2026-03-30,到期收盘,0.8964,2026-04-07,到期收盘,2.3267,2026-04-21,到期收盘
2026-03-23,14,127061.SZ,美锦转债,000723,美锦能源,底价观察,C,38.9,120.12,118.0,cb_basic.maturity_call_price,2.12,28.16,660,A,False,安全,41.2,53.0,41.1,24.7,60.0,22.1,60.0,,pledge_total_ratio/ownership_nature,0.3946,2026-03-30,到期收盘,0.482,2026-04-07,到期收盘,0.5511,2026-04-21,到期收盘
2026-03-23,15,113610.SH,灵康转债,603669,灵康药业,B下修事件,C,33.8,119.58,115.0,cb_basic.maturity_call_price,4.58,91.91,154,A-,False,安全,33.8,83.0,29.9,30.5,62.7,5.0,60.0,,pledge_total_ratio/ownership_nature,3.7749,2026-03-30,到期收盘,5.0,2026-04-01,止盈,5.0,2026-04-01,止盈
2026-03-23,16,113625.SH,江山转债,603208,江山欧派,B下修事件,C,32.9,122.28,118.0,cb_basic.maturity_call_price,4.28,96.92,346,A,False,安全,34.1,83.0,27.4,30.5,62.8,6.5,60.0,,pledge_total_ratio/ownership_nature,1.279,2026-03-30,到期收盘,2.8198,2026-04-07,到期收盘,5.0,2026-04-20,止盈
2026-03-23,17,123154.SZ,火星转债,300894,火星人,B下修事件,C,31.5,119.26,115.0,cb_basic.maturity_call_price,4.26,266.09,767,A+,False,安全,34.2,83.0,24.2,30.5,62.6,7.7,60.0,,pledge_total_ratio/ownership_nature,2.2019,2026-03-30,到期收盘,3.6114,2026-04-07,到期收盘,5.0,2026-04-08,止盈
2026-03-23,18,123113.SZ,仙乐转债,300791,仙乐健康,B下修事件,C,30.7,117.61,113.0,cb_basic.maturity_call_price,4.61,98.17,293,AA-,False,安全,34.2,83.0,22.4,30.5,62.6,7.3,60.0,,pledge_total_ratio/ownership_nature,2.8492,2026-03-30,到期收盘,3.3841,2026-04-07,到期收盘,5.0,2026-04-08,止盈
2026-03-24,1,118008.SH,海优转债,688680,海优新材,底价观察,A,65.9,108.64,115.0,cb_basic.maturity_call_price,-6.36,0.48,724,A,False,安全,64.4,53.0,76.0,67.5,62.5,26.0,60.0,,pledge_total_ratio/ownership_nature,-6.829,2026-03-31,到期收盘,,,,,,
2026-03-24,2,118000.SH,嘉元转债,688388,嘉元科技,底价观察,A,65.6,111.52,115.0,cb_basic.maturity_call_price,-3.48,-0.1,238,A+,False,安全,63.1,53.0,76.0,68.4,60.0,22.8,60.0,,pledge_total_ratio/ownership_nature,5.0,2026-03-25,止盈,,,,,,
2026-03-24,3,113579.SH,健友转债,603707,健友股份,B下修事件,B,54.7,108.7,109.0,cb_call.call_price,-0.3,186.33,-68,AA,False,安全,33.0,83.0,76.0,30.5,60.0,8.7,60.0,,pledge_total_ratio/ownership_nature,0.115,2026-03-31,到期收盘,0.1472,2026-04-08,到期收盘,0.2429,2026-04-22,到期收盘
2026-03-24,4,127017.SZ,万青转债,000789,万年青,B下修事件,B,54.7,112.79,113.0,cb_call.call_price,-0.21,75.89,-27,AA+,False,安全,33.9,83.0,76.0,30.5,62.5,6.2,60.0,,pledge_total_ratio/ownership_nature,-0.1144,2026-03-31,到期收盘,-0.0629,2026-04-08,到期收盘,-0.0266,2026-04-22,到期收盘
2026-03-24,5,113033.SH,利群转债,601366,利群股份,底价观察,B,54.3,109.73,110.0,cb_call.call_price,-0.27,28.91,-90,AA,False,安全,40.7,53.0,76.0,24.3,60.0,20.4,60.0,,pledge_total_ratio/ownership_nature,0.0027,2026-03-31,到期收盘,,,,,,
2026-03-24,6,113574.SH,华体转债,603679,华体科技,底价观察,B,52.2,112.66,110.0,cb_call.call_price,2.66,4.16,-91,A,False,安全,58.1,53.0,52.1,59.8,60.0,18.5,60.0,,pledge_total_ratio/ownership_nature,,,,,,,,,
2026-03-24,7,127018.SZ,本钢转债,000761,本钢板材,底价观察,B,52.1,119.7,119.0,cb_call.call_price,0.7,25.02,-1,AAA,False,安全,41.9,53.0,69.7,26.5,60.0,21.2,60.0,,pledge_total_ratio/ownership_nature,-0.518,2026-03-31,到期收盘,-0.5723,2026-04-08,到期收盘,-0.8454,2026-04-22,到期收盘
2026-03-24,8,110070.SH,凌钢转债,600231,凌钢股份,底价观察,B,51.0,113.7,112.0,cb_call.call_price,1.7,13.7,-78,AA,False,安全,48.3,53.0,60.7,42.3,60.0,11.0,60.0,,pledge_total_ratio/ownership_nature,-1.4697,2026-03-31,到期收盘,-1.5497,2026-04-08,到期收盘,,,
2026-03-24,9,113037.SH,紫银转债,601860,紫金银行,B下修事件,B,50.3,109.72,110.0,cb_basic.maturity_call_price,-0.28,44.26,23,AA+,False,安全,36.5,83.0,61.8,33.7,60.0,20.9,60.0,,pledge_total_ratio/ownership_nature,-0.206,2026-03-31,到期收盘,-0.1595,2026-04-08,到期收盘,-0.1367,2026-04-22,到期收盘
2026-03-24,10,128135.SZ,洽洽转债,002557,洽洽食品,B下修事件,B,48.8,114.74,115.0,cb_basic.maturity_call_price,-0.26,204.43,112,AA,False,安全,32.6,83.0,63.5,30.5,60.0,5.6,60.0,,pledge_total_ratio/ownership_nature,-0.1272,2026-03-31,到期收盘,-0.0166,2026-04-08,到期收盘,-0.0305,2026-04-22,到期收盘
2026-03-24,11,113584.SH,家悦转债,603708,家家悦,底价观察,B,48.7,111.03,110.0,cb_call.call_price,1.03,29.8,-25,AA,False,安全,38.5,53.0,66.7,23.8,60.0,7.0,60.0,,pledge_total_ratio/ownership_nature,-0.7926,2026-03-31,到期收盘,-0.1,2026-04-08,到期收盘,-0.7881,2026-04-22,到期收盘
2026-03-24,12,123090.SZ,三诺转债,300298,三诺生物,B下修事件,B,45.0,113.22,112.0,cb_basic.maturity_call_price,1.22,150.55,174,AA,False,安全,32.5,83.0,55.3,30.5,60.0,5.0,60.0,,pledge_total_ratio/ownership_nature,0.083,2026-03-31,到期收盘,3.2892,2026-04-08,到期收盘,2.1242,2026-04-22,到期收盘
2026-03-24,13,128108.SZ,蓝帆转债,002382,蓝帆医疗,B下修事件,C,42.8,112.94,108.0,cb_call.call_price,4.94,14.53,-33,AA-,False,安全,48.9,83.0,31.5,59.2,60.0,18.5,60.0,,pledge_total_ratio/ownership_nature,-0.2125,2026-03-31,到期收盘,-0.7349,2026-04-08,到期收盘,-4.1075,2026-04-22,到期收盘
2026-03-24,14,127061.SZ,美锦转债,000723,美锦能源,底价观察,C,31.3,122.0,118.0,cb_basic.maturity_call_price,4.0,25.83,660,A,False,安全,41.4,53.0,24.1,26.0,60.0,19.5,60.0,,pledge_total_ratio/ownership_nature,-2.7525,2026-03-31,到期收盘,0.4098,2026-04-08,到期收盘,-1.7164,2026-04-22,到期收盘
2026-03-25,1,113574.SH,华体转债,603679,华体科技,底价观察,A,65.1,109.98,110.0,cb_call.call_price,-0.02,-0.16,-91,A,False,安全,62.4,53.0,76.0,68.3,60.0,18.0,60.0,,pledge_total_ratio/ownership_nature,,,,,,,,,
2026-03-25,2,113653.SH,永22转债,603681,永冠新材,底价观察,A,62.9,108.03,115.0,cb_basic.maturity_call_price,-6.97,3.99,759,AA-,False,安全,60.3,53.0,74.1,60.1,62.5,23.1,60.0,,pledge_total_ratio/ownership_nature,-0.5341,2026-04-01,到期收盘,-0.249,2026-04-09,到期收盘,,,
2026-03-25,3,113579.SH,健友转债,603707,健友股份,B下修事件,B,55.5,108.71,109.0,cb_call.call_price,-0.29,177.35,-68,AA,False,安全,35.2,83.0,76.0,30.5,62.5,14.5,60.0,,pledge_total_ratio/ownership_nature,0.1187,2026-04-01,到期收盘,0.1656,2026-04-09,到期收盘,,,
2026-03-25,4,127017.SZ,万青转债,000789,万年青,B下修事件,B,54.9,112.79,113.0,cb_call.call_price,-0.21,69.69,-27,AA+,False,安全,34.3,83.0,76.0,30.5,62.5,8.5,60.0,,pledge_total_ratio/ownership_nature,-0.0736,2026-04-01,到期收盘,-0.07,2026-04-09,到期收盘,0.0488,2026-04-23,到期收盘
2026-03-25,5,113033.SH,利群转债,601366,利群股份,底价观察,B,54.6,109.74,110.0,cb_call.call_price,-0.26,27.06,-90,AA,False,安全,41.2,53.0,76.0,25.3,60.0,20.5,60.0,,pledge_total_ratio/ownership_nature,,,,,,,,,
2026-03-25,6,110070.SH,凌钢转债,600231,凌钢股份,底价观察,B,53.5,113.65,112.0,cb_call.call_price,1.65,8.69,-78,AA,False,安全,53.7,53.0,61.1,50.3,62.5,12.1,60.0,,pledge_total_ratio/ownership_nature,-1.3031,2026-04-01,到期收盘,-1.5064,2026-04-09,到期收盘,,,
2026-03-25,7,127018.SZ,本钢转债,000761,本钢板材,底价观察,B,52.9,119.82,119.0,cb_call.call_price,0.82,21.67,-1,AAA,False,安全,45.3,53.0,68.6,31.2,62.5,19.6,60.0,,pledge_total_ratio/ownership_nature,-0.3772,2026-04-01,到期收盘,-0.7177,2026-04-09,到期收盘,-1.0015,2026-04-23,到期收盘
2026-03-25,8,113037.SH,紫银转债,601860,紫金银行,B下修事件,B,51.0,109.66,110.0,cb_basic.maturity_call_price,-0.34,38.53,23,AA+,False,安全,38.0,83.0,61.8,36.9,60.0,20.1,60.0,,pledge_total_ratio/ownership_nature,-0.1441,2026-04-01,到期收盘,-0.0711,2026-04-09,到期收盘,-0.0666,2026-04-23,到期收盘
2026-03-25,9,113584.SH,家悦转债,603708,家家悦,底价观察,B,50.4,110.86,110.0,cb_call.call_price,0.86,26.05,-25,AA,False,安全,40.3,53.0,68.3,25.9,60.0,12.3,60.0,,pledge_total_ratio/ownership_nature,0.3843,2026-04-01,到期收盘,0.0153,2026-04-09,到期收盘,-0.7451,2026-04-23,到期收盘
2026-03-25,10,118000.SH,嘉元转债,688388,嘉元科技,底价观察,B,48.9,119.95,115.0,cb_basic.maturity_call_price,4.95,-0.9,238,A+,False,安全,68.0,53.0,31.5,67.5,60.0,58.4,60.0,,pledge_total_ratio/ownership_nature,5.0,2026-03-26,止盈,,,,,,
2026-03-25,11,128135.SZ,洽洽转债,002557,洽洽食品,B下修事件,B,48.8,114.64,115.0,cb_basic.maturity_call_price,-0.36,196.71,112,AA,False,安全,32.6,83.0,63.5,30.5,60.0,5.8,60.0,,pledge_total_ratio/ownership_nature,0.0035,2026-04-01,到期收盘,0.1195,2026-04-09,到期收盘,-0.1465,2026-04-23,到期收盘
2026-03-25,12,128108.SZ,蓝帆转债,002382,蓝帆医疗,B下修事件,B,46.6,112.02,108.0,cb_call.call_price,4.02,13.44,-33,AA-,False,安全,50.0,83.0,39.9,60.7,62.5,12.7,60.0,,pledge_total_ratio/ownership_nature,1.5408,2026-04-01,到期收盘,0.2134,2026-04-09,到期收盘,-3.4672,2026-04-23,到期收盘
2026-03-25,13,123090.SZ,三诺转债,300298,三诺生物,B下修事件,C,41.3,114.19,112.0,cb_basic.maturity_call_price,2.19,151.39,174,AA,False,安全,33.8,83.0,46.6,30.5,62.5,5.0,60.0,,pledge_total_ratio/ownership_nature,0.613,2026-04-01,到期收盘,2.1946,2026-04-09,到期收盘,0.8057,2026-04-23,到期收盘
2026-03-25,14,127061.SZ,美锦转债,000723,美锦能源,底价观察,C,29.1,122.45,118.0,cb_basic.maturity_call_price,4.45,26.79,660,A,False,安全,40.9,53.0,20.0,25.5,60.0,17.6,60.0,,pledge_total_ratio/ownership_nature,-1.2217,2026-04-01,到期收盘,-0.8118,2026-04-09,到期收盘,-1.9216,2026-04-23,到期收盘
2026-03-26,1,110070.SH,凌钢转债,600231,凌钢股份,底价观察,B,55.7,112.84,112.0,cb_call.call_price,0.84,10.05,-78,AA,False,安全,51.6,53.0,68.4,47.4,62.5,7.8,60.0,,pledge_total_ratio/ownership_nature,-0.7905,2026-04-02,到期收盘,-0.7994,2026-04-10,到期收盘,,,
2026-03-26,2,113579.SH,健友转债,603707,健友股份,B下修事件,B,54.6,108.7,109.0,cb_call.call_price,-0.3,183.59,-68,AA,False,安全,33.8,83.0,76.0,30.5,62.6,5.0,60.0,,pledge_total_ratio/ownership_nature,0.1168,2026-04-02,到期收盘,0.195,2026-04-10,到期收盘,,,
2026-03-26,3,127017.SZ,万青转债,000789,万年青,B下修事件,B,54.5,112.79,113.0,cb_call.call_price,-0.21,69.68,-27,AA+,False,安全,32.8,83.0,76.0,30.5,60.0,6.9,60.0,,pledge_total_ratio/ownership_nature,-0.1037,2026-04-02,到期收盘,-0.0629,2026-04-10,到期收盘,-0.0098,2026-04-24,到期收盘
2026-03-26,4,113033.SH,利群转债,601366,利群股份,底价观察,B,54.4,109.73,110.0,cb_call.call_price,-0.27,28.6,-90,AA,False,安全,40.9,53.0,76.0,24.5,60.0,21.2,60.0,,pledge_total_ratio/ownership_nature,,,,,,,,,
2026-03-26,5,127018.SZ,本钢转债,000761,本钢板材,底价观察,B,52.6,119.59,119.0,cb_call.call_price,0.59,22.96,-1,AAA,False,安全,43.3,53.0,70.6,29.4,62.5,12.5,60.0,,pledge_total_ratio/ownership_nature,-0.4348,2026-04-02,到期收盘,-0.5452,2026-04-10,到期收盘,-0.8278,2026-04-24,到期收盘
2026-03-26,6,113037.SH,紫银转债,601860,紫金银行,B下修事件,B,51.5,109.57,110.0,cb_basic.maturity_call_price,-0.43,37.93,23,AA+,False,安全,39.6,83.0,61.8,37.3,62.5,21.6,60.0,,pledge_total_ratio/ownership_nature,-0.0511,2026-04-02,到期收盘,-0.0155,2026-04-10,到期收盘,0.0155,2026-04-24,到期收盘
2026-03-26,7,113584.SH,家悦转债,603708,家家悦,底价观察,B,50.9,110.8,110.0,cb_call.call_price,0.8,26.79,-25,AA,False,安全,41.5,53.0,68.8,25.5,62.4,13.5,60.0,,pledge_total_ratio/ownership_nature,0.1309,2026-04-02,到期收盘,-0.3078,2026-04-10,到期收盘,-0.7915,2026-04-24,到期收盘
2026-03-26,8,128135.SZ,洽洽转债,002557,洽洽食品,B下修事件,B,49.0,114.73,115.0,cb_basic.maturity_call_price,-0.27,198.37,112,AA,False,安全,33.8,83.0,63.5,30.5,62.6,5.1,60.0,,pledge_total_ratio/ownership_nature,-0.1185,2026-04-02,到期收盘,0.0122,2026-04-10,到期收盘,-0.1299,2026-04-24,到期收盘
2026-03-26,9,128108.SZ,蓝帆转债,002382,蓝帆医疗,B下修事件,B,46.7,111.7,108.0,cb_call.call_price,3.7,15.78,-33,AA-,False,安全,47.8,83.0,42.7,57.4,62.6,8.6,60.0,,pledge_total_ratio/ownership_nature,2.239,2026-04-02,到期收盘,-0.0448,2026-04-10,到期收盘,-3.0439,2026-04-24,到期收盘
2026-03-26,10,123090.SZ,三诺转债,300298,三诺生物,B下修事件,C,42.2,113.97,112.0,cb_basic.maturity_call_price,1.97,154.49,174,AA,False,安全,33.8,83.0,48.5,30.5,62.6,5.0,60.0,,pledge_total_ratio/ownership_nature,0.3905,2026-04-02,到期收盘,2.3155,2026-04-10,到期收盘,0.8353,2026-04-24,到期收盘
2026-03-26,11,127061.SZ,美锦转债,000723,美锦能源,底价观察,C,34.0,121.09,118.0,cb_basic.maturity_call_price,3.09,27.9,660,A,False,安全,39.8,53.0,32.3,24.9,60.0,12.7,60.0,,pledge_total_ratio/ownership_nature,-0.5863,2026-04-02,到期收盘,0.1387,2026-04-10,到期收盘,-1.6442,2026-04-24,到期收盘
2026-03-27,1,110070.SH,凌钢转债,600231,凌钢股份,底价观察,B,58.4,112.4,112.0,cb_call.call_price,0.4,9.08,-78,AA,False,安全,53.3,53.0,72.4,49.4,62.6,11.8,60.0,,pledge_total_ratio/ownership_nature,-0.4021,2026-04-03,到期收盘,,,,,,
2026-03-27,2,127017.SZ,万青转债,000789,万年青,B下修事件,B,55.2,112.84,113.0,cb_call.call_price,-0.16,78.58,-27,AA+,False,安全,34.7,83.0,76.0,30.5,62.5,11.2,60.0,,pledge_total_ratio/ownership_nature,-0.0656,2026-04-03,到期收盘,-0.0762,2026-04-13,到期收盘,-0.0833,2026-04-27,到期收盘
2026-03-27,3,113579.SH,健友转债,603707,健友股份,B下修事件,B,54.6,108.76,109.0,cb_call.call_price,-0.24,176.04,-68,AA,False,安全,33.8,83.0,76.0,30.5,62.6,5.0,60.0,,pledge_total_ratio/ownership_nature,0.0588,2026-04-03,到期收盘,0.1618,2026-04-13,到期收盘,,,
2026-03-27,4,127018.SZ,本钢转债,000761,本钢板材,底价观察,B,53.6,119.54,119.0,cb_call.call_price,0.54,21.39,-1,AAA,False,安全,44.7,53.0,71.1,31.6,62.6,14.4,60.0,,pledge_total_ratio/ownership_nature,-0.3957,2026-04-03,到期收盘,-0.5354,2026-04-13,到期收盘,-0.7863,2026-04-27,到期收盘
2026-03-27,5,113584.SH,家悦转债,603708,家家悦,底价观察,B,50.9,110.67,110.0,cb_call.call_price,0.67,26.17,-25,AA,False,安全,39.9,53.0,70.0,25.8,60.0,9.5,60.0,,pledge_total_ratio/ownership_nature,0.2711,2026-04-03,到期收盘,-0.2539,2026-04-13,到期收盘,-0.7021,2026-04-27,到期收盘
2026-03-27,6,113037.SH,紫银转债,601860,紫金银行,B下修事件,B,50.4,109.56,110.0,cb_basic.maturity_call_price,-0.44,40.92,23,AA+,False,安全,37.6,83.0,61.8,35.6,62.5,13.9,60.0,,pledge_total_ratio/ownership_nature,-0.0009,2026-04-03,到期收盘,0.0192,2026-04-13,到期收盘,0.0429,2026-04-27,到期收盘
2026-03-27,7,128135.SZ,洽洽转债,002557,洽洽食品,B下修事件,B,49.0,114.77,115.0,cb_basic.maturity_call_price,-0.23,197.35,112,AA,False,安全,33.8,83.0,63.5,30.5,62.5,5.0,60.0,,pledge_total_ratio/ownership_nature,-0.115,2026-04-03,到期收盘,-0.0087,2026-04-13,到期收盘,-0.2126,2026-04-27,到期收盘
2026-03-27,8,123049.SZ,维尔转债,300190,维尔利,底价观察,B,46.2,122.16,118.0,cb_call.call_price,4.16,2.04,-78,A-,False,安全,59.6,53.0,38.6,64.2,62.6,5.0,60.0,,pledge_total_ratio/ownership_nature,-3.5363,2026-04-03,到期收盘,,,,,,
2026-03-27,9,128108.SZ,蓝帆转债,002382,蓝帆医疗,B下修事件,B,45.6,112.0,108.0,cb_call.call_price,4.0,15.19,-33,AA-,False,安全,48.1,83.0,40.0,58.2,62.5,7.8,60.0,,pledge_total_ratio/ownership_nature,0.9482,2026-04-03,到期收盘,-1.9955,2026-04-13,到期收盘,-3.5,2026-04-27,到期收盘
2026-03-27,10,123090.SZ,三诺转债,300298,三诺生物,B下修事件,C,42.8,113.83,112.0,cb_basic.maturity_call_price,1.83,149.65,174,AA,False,安全,33.8,83.0,49.8,30.5,62.5,5.0,60.0,,pledge_total_ratio/ownership_nature,0.8135,2026-04-03,到期收盘,1.8062,2026-04-13,到期收盘,1.3441,2026-04-27,到期收盘
2026-03-27,11,127061.SZ,美锦转债,000723,美锦能源,底价观察,C,30.3,122.0,118.0,cb_basic.maturity_call_price,4.0,29.38,660,A,False,安全,39.7,53.0,24.1,24.0,60.0,14.3,60.0,,pledge_total_ratio/ownership_nature,-1.3934,2026-04-03,到期收盘,-0.9016,2026-04-13,到期收盘,-3.8533,2026-04-27,到期收盘
2026-03-30,1,110070.SH,凌钢转债,600231,凌钢股份,底价观察,A,60.5,112.26,112.0,cb_call.call_price,0.26,5.82,-78,AA,False,安全,56.5,53.0,73.6,56.3,62.5,10.4,60.0,,pledge_total_ratio/ownership_nature,-0.2868,2026-04-07,到期收盘,,,,,,
2026-03-30,2,127018.SZ,本钢转债,000761,本钢板材,底价观察,B,56.0,119.33,119.0,cb_call.call_price,0.33,18.61,-1,AAA,False,安全,47.5,53.0,73.0,35.4,62.5,20.0,60.0,,pledge_total_ratio/ownership_nature,-0.3168,2026-04-07,到期收盘,-0.3754,2026-04-14,到期收盘,-0.6746,2026-04-28,到期收盘
2026-03-30,3,113579.SH,健友转债,603707,健友股份,B下修事件,B,54.6,108.77,109.0,cb_call.call_price,-0.23,172.37,-68,AA,False,安全,33.8,83.0,76.0,30.5,62.5,5.0,60.0,,pledge_total_ratio/ownership_nature,0.0827,2026-04-07,到期收盘,0.1443,2026-04-14,到期收盘,,,
2026-03-30,4,127017.SZ,万青转债,000789,万年青,B下修事件,B,54.4,112.69,113.0,cb_call.call_price,-0.31,79.0,-27,AA+,False,安全,32.6,83.0,76.0,30.5,60.0,5.6,60.0,,pledge_total_ratio/ownership_nature,0.0169,2026-04-07,到期收盘,0.0595,2026-04-14,到期收盘,0.0737,2026-04-28,到期收盘
2026-03-30,5,123049.SZ,维尔转债,300190,维尔利,底价观察,B,52.5,120.59,118.0,cb_call.call_price,2.59,1.93,-78,A-,False,安全,59.8,53.0,52.6,64.4,62.6,5.1,60.0,,pledge_total_ratio/ownership_nature,-2.2207,2026-04-07,到期收盘,,,,,,
2026-03-30,6,113584.SH,家悦转债,603708,家家悦,底价观察,B,52.1,110.42,110.0,cb_call.call_price,0.42,24.53,-25,AA,False,安全,40.3,53.0,72.2,27.2,60.0,8.0,60.0,,pledge_total_ratio/ownership_nature,0.4256,2026-04-07,到期收盘,-0.1232,2026-04-14,到期收盘,-0.5398,2026-04-28,到期收盘
2026-03-30,7,113037.SH,紫银转债,601860,紫金银行,B下修事件,B,51.0,109.49,110.0,cb_basic.maturity_call_price,-0.51,40.83,23,AA+,False,安全,38.7,83.0,61.8,35.6,62.5,20.9,60.0,,pledge_total_ratio/ownership_nature,0.0384,2026-04-07,到期收盘,0.1133,2026-04-14,到期收盘,0.0959,2026-04-28,到期收盘
2026-03-30,8,128135.SZ,洽洽转债,002557,洽洽食品,B下修事件,B,49.3,114.58,115.0,cb_basic.maturity_call_price,-0.42,195.18,112,AA,False,安全,34.3,83.0,63.5,30.5,62.6,8.6,60.0,,pledge_total_ratio/ownership_nature,0.1065,2026-04-07,到期收盘,0.1711,2026-04-14,到期收盘,-0.0698,2026-04-28,到期收盘
2026-03-30,9,128108.SZ,蓝帆转债,002382,蓝帆医疗,B下修事件,C,43.4,112.6,108.0,cb_call.call_price,4.6,14.77,-33,AA-,False,安全,48.5,83.0,34.6,58.8,62.6,8.5,60.0,,pledge_total_ratio/ownership_nature,2.2371,2026-04-07,到期收盘,-3.1146,2026-04-14,到期收盘,-4.0782,2026-04-28,到期收盘
2026-03-30,10,123090.SZ,三诺转债,300298,三诺生物,B下修事件,C,43.4,113.68,112.0,cb_basic.maturity_call_price,1.68,143.14,174,AA,False,安全,33.8,83.0,51.2,30.5,62.6,5.0,60.0,,pledge_total_ratio/ownership_nature,1.2913,2026-04-07,到期收盘,1.9872,2026-04-14,到期收盘,1.1568,2026-04-28,到期收盘
2026-03-30,11,127061.SZ,美锦转债,000723,美锦能源,底价观察,C,35.7,120.59,118.0,cb_basic.maturity_call_price,2.59,29.19,660,A,False,安全,39.1,53.0,36.8,24.2,60.0,10.4,60.0,,pledge_total_ratio/ownership_nature,0.0904,2026-04-07,到期收盘,0.34,2026-04-14,到期收盘,-2.8112,2026-04-28,到期收盘
2026-03-31,1,110070.SH,凌钢转债,600231,凌钢股份,底价观察,A,60.6,112.03,112.0,cb_call.call_price,0.03,7.13,-78,AA,False,安全,54.8,53.0,75.7,53.5,62.5,8.7,60.0,,pledge_total_ratio/ownership_nature,-0.0821,2026-04-08,到期收盘,,,,,,
2026-03-31,2,123049.SZ,维尔转债,300190,维尔利,底价观察,B,58.3,118.75,118.0,cb_call.call_price,0.75,4.61,-78,A-,False,安全,55.7,53.0,69.2,58.8,60.0,5.0,60.0,,pledge_total_ratio/ownership_nature,-0.7057,2026-04-08,到期收盘,,,,,,
2026-03-31,3,127018.SZ,本钢转债,000761,本钢板材,底价观察,B,56.5,119.08,119.0,cb_call.call_price,0.08,20.55,-1,AAA,False,安全,46.4,53.0,75.3,32.7,62.5,21.4,60.0,,pledge_total_ratio/ownership_nature,-0.0546,2026-04-08,到期收盘,-0.299,2026-04-15,到期收盘,-0.456,2026-04-29,到期收盘
2026-03-31,4,127017.SZ,万青转债,000789,万年青,B下修事件,B,54.4,112.66,113.0,cb_call.call_price,-0.34,81.32,-27,AA+,False,安全,32.6,83.0,76.0,30.5,60.0,5.6,60.0,,pledge_total_ratio/ownership_nature,0.0524,2026-04-08,到期收盘,0.0559,2026-04-15,到期收盘,0.0888,2026-04-29,到期收盘
2026-03-31,5,113579.SH,健友转债,603707,健友股份,B下修事件,B,54.3,108.83,109.0,cb_call.call_price,-0.17,173.35,-68,AA,False,安全,32.5,83.0,76.0,30.5,60.0,5.1,60.0,,pledge_total_ratio/ownership_nature,0.0276,2026-04-08,到期收盘,0.0928,2026-04-15,到期收盘,,,
2026-03-31,6,113584.SH,家悦转债,603708,家家悦,底价观察,B,53.7,110.15,110.0,cb_call.call_price,0.15,23.66,-25,AA,False,安全,42.0,53.0,74.6,28.4,62.4,7.4,60.0,,pledge_total_ratio/ownership_nature,0.6981,2026-04-08,到期收盘,0.1725,2026-04-15,到期收盘,-0.3032,2026-04-29,到期收盘
2026-03-31,7,113037.SH,紫银转债,601860,紫金银行,B下修事件,B,51.3,109.49,110.0,cb_basic.maturity_call_price,-0.51,39.82,23,AA+,False,安全,39.2,83.0,61.8,36.2,62.5,22.1,60.0,,pledge_total_ratio/ownership_nature,0.0502,2026-04-08,到期收盘,0.0703,2026-04-15,到期收盘,0.1169,2026-04-29,到期收盘
2026-03-31,8,128135.SZ,洽洽转债,002557,洽洽食品,B下修事件,B,48.7,114.59,115.0,cb_basic.maturity_call_price,-0.41,197.45,112,AA,False,安全,32.6,83.0,63.5,30.5,60.0,5.3,60.0,,pledge_total_ratio/ownership_nature,0.1143,2026-04-08,到期收盘,0.1484,2026-04-15,到期收盘,-0.0873,2026-04-29,到期收盘
2026-03-31,9,123090.SZ,三诺转债,300298,三诺生物,B下修事件,C,44.9,113.31,112.0,cb_basic.maturity_call_price,1.31,146.48,174,AA,False,安全,33.8,83.0,54.5,30.5,62.5,5.0,60.0,,pledge_total_ratio/ownership_nature,3.2071,2026-04-08,到期收盘,2.7359,2026-04-15,到期收盘,1.7024,2026-04-29,到期收盘
2026-03-31,10,128108.SZ,蓝帆转债,002382,蓝帆医疗,B下修事件,C,43.8,112.7,108.0,cb_call.call_price,4.7,12.56,-33,AA-,False,安全,50.1,83.0,33.7,61.9,62.5,9.0,60.0,,pledge_total_ratio/ownership_nature,-0.5235,2026-04-08,到期收盘,-3.6406,2026-04-15,到期收盘,-4.2653,2026-04-29,到期收盘
2026-03-31,11,113616.SH,韦尔转债,603501,豪威集团,B下修事件,C,37.0,113.92,110.0,cb_basic.maturity_call_price,3.92,90.77,181,AA+,False,安全,34.7,88.0,31.9,30.5,62.5,11.3,76.7,,ownership_nature,3.1259,2026-04-08,到期收盘,1.4695,2026-04-15,到期收盘,2.1454,2026-04-29,到期收盘
2026-03-31,12,123072.SZ,乐歌转债,300729,乐歌股份,B下修事件,C,35.3,124.5,120.0,cb_basic.maturity_call_price,4.5,236.64,113,A+,False,安全,33.8,83.0,33.1,30.5,62.5,5.0,60.0,,pledge_total_ratio/ownership_nature,1.5261,2026-04-08,到期收盘,0.845,2026-04-15,到期收盘,0.4193,2026-04-29,到期收盘
2026-03-31,13,128125.SZ,华阳转债,002949,华阳国际,底价观察,C,32.4,117.64,113.0,cb_call.call_price,4.64,22.83,30,AA-,False,安全,43.6,53.0,25.4,29.5,62.6,13.4,60.0,,pledge_total_ratio/ownership_nature,1.3431,2026-04-08,到期收盘,-0.1734,2026-04-15,到期收盘,0.017,2026-04-29,到期收盘
2026-04-01,1,123049.SZ,维尔转债,300190,维尔利,底价观察,B,60.0,118.33,118.0,cb_call.call_price,0.33,4.75,-78,A-,False,安全,55.5,53.0,73.0,58.5,60.0,5.0,60.0,,pledge_total_ratio/ownership_nature,-0.3532,2026-04-09,到期收盘,,,,,,
2026-04-01,2,110070.SH,凌钢转债,600231,凌钢股份,底价观察,B,59.9,112.17,112.0,cb_call.call_price,0.17,6.75,-78,AA,False,安全,53.9,53.0,74.5,54.3,60.0,8.1,60.0,,pledge_total_ratio/ownership_nature,-0.2068,2026-04-09,到期收盘,,,,,,
2026-04-01,3,127018.SZ,本钢转债,000761,本钢板材,底价观察,B,55.2,119.37,119.0,cb_call.call_price,0.37,20.1,-1,AAA,False,安全,45.4,53.0,72.7,33.4,60.0,21.5,60.0,,pledge_total_ratio/ownership_nature,-0.3435,2026-04-09,到期收盘,-0.5755,2026-04-16,到期收盘,-0.7707,2026-04-30,到期收盘
2026-04-01,4,113579.SH,健友转债,603707,健友股份,B下修事件,B,54.5,108.84,109.0,cb_call.call_price,-0.16,168.68,-68,AA,False,安全,32.8,83.0,76.0,30.5,60.0,6.7,60.0,,pledge_total_ratio/ownership_nature,0.0459,2026-04-09,到期收盘,0.1001,2026-04-16,到期收盘,,,
2026-04-01,5,127017.SZ,万青转债,000789,万年青,B下修事件,B,54.5,112.71,113.0,cb_call.call_price,-0.29,81.05,-27,AA+,False,安全,32.7,83.0,76.0,30.5,60.0,6.4,60.0,,pledge_total_ratio/ownership_nature,0.0009,2026-04-09,到期收盘,0.016,2026-04-16,到期收盘,0.0843,2026-04-30,到期收盘
2026-04-01,6,113037.SH,紫银转债,601860,紫金银行,B下修事件,B,50.5,109.5,110.0,cb_basic.maturity_call_price,-0.5,41.36,23,AA+,False,安全,37.8,83.0,61.8,35.3,62.5,16.1,60.0,,pledge_total_ratio/ownership_nature,0.0749,2026-04-09,到期收盘,0.0411,2026-04-16,到期收盘,0.1123,2026-04-30,到期收盘
2026-04-01,7,113584.SH,家悦转债,603708,家家悦,底价观察,B,50.4,111.29,110.0,cb_call.call_price,1.29,20.69,-25,AA,False,安全,43.6,53.0,64.4,32.5,60.0,12.5,60.0,,pledge_total_ratio/ownership_nature,-0.3711,2026-04-09,到期收盘,-0.8105,2026-04-16,到期收盘,-1.3442,2026-04-30,到期收盘
2026-04-01,8,128135.SZ,洽洽转债,002557,洽洽食品,B下修事件,B,48.8,114.64,115.0,cb_basic.maturity_call_price,-0.36,192.33,112,AA,False,安全,32.6,83.0,63.5,30.5,60.0,5.8,60.0,,pledge_total_ratio/ownership_nature,0.1195,2026-04-09,到期收盘,0.0994,2026-04-16,到期收盘,-0.1082,2026-04-30,到期收盘
2026-04-01,9,123090.SZ,三诺转债,300298,三诺生物,B下修事件,C,38.7,114.89,112.0,cb_basic.maturity_call_price,2.89,141.53,174,AA,False,安全,33.2,83.0,40.3,30.5,60.0,9.6,60.0,,pledge_total_ratio/ownership_nature,1.5719,2026-04-09,到期收盘,1.5023,2026-04-16,到期收盘,0.4517,2026-04-30,到期收盘
2026-04-02,1,123049.SZ,维尔转债,300190,维尔利,底价观察,A,61.4,117.96,118.0,cb_call.call_price,-0.04,6.02,-78,A-,False,安全,56.2,53.0,76.0,55.9,62.6,10.0,60.0,,pledge_total_ratio/ownership_nature,-0.0407,2026-04-10,到期收盘,,,,,,
2026-04-02,2,110070.SH,凌钢转债,600231,凌钢股份,底价观察,B,59.8,111.95,112.0,cb_call.call_price,-0.05,9.18,-78,AA,False,安全,52.0,53.0,76.0,49.2,60.0,12.8,60.0,,pledge_total_ratio/ownership_nature,-0.0107,2026-04-10,到期收盘,,,,,,
2026-04-02,3,127017.SZ,万青转债,000789,万年青,B下修事件,B,54.7,112.67,113.0,cb_call.call_price,-0.33,81.68,-27,AA+,False,安全,34.0,83.0,76.0,30.5,62.5,6.6,60.0,,pledge_total_ratio/ownership_nature,0.0435,2026-04-10,到期收盘,0.0541,2026-04-17,到期收盘,0.1314,2026-05-06,到期收盘
2026-04-02,4,113579.SH,健友转债,603707,健友股份,B下修事件,B,54.6,108.83,109.0,cb_call.call_price,-0.17,168.92,-68,AA,False,安全,33.8,83.0,76.0,30.5,62.5,5.0,60.0,,pledge_total_ratio/ownership_nature,0.0753,2026-04-10,到期收盘,0.1231,2026-04-17,到期收盘,,,
2026-04-02,5,127018.SZ,本钢转债,000761,本钢板材,底价观察,B,54.4,119.07,119.0,cb_call.call_price,0.07,26.37,-1,AAA,False,安全,41.5,53.0,75.4,25.7,60.0,20.7,60.0,,pledge_total_ratio/ownership_nature,-0.1109,2026-04-10,到期收盘,-0.2687,2026-04-17,到期收盘,-0.5619,2026-05-06,到期收盘
2026-04-02,6,113584.SH,家悦转债,603708,家家悦,底价观察,B,52.0,110.94,110.0,cb_call.call_price,0.94,18.87,-25,AA,False,安全,45.3,53.0,67.5,35.1,62.6,6.3,60.0,,pledge_total_ratio/ownership_nature,-0.4336,2026-04-10,到期收盘,-0.4687,2026-04-17,到期收盘,-1.005,2026-05-06,到期收盘
2026-04-02,7,113037.SH,紫银转债,601860,紫金银行,B下修事件,B,50.5,109.51,110.0,cb_basic.maturity_call_price,-0.49,42.41,23,AA+,False,安全,37.7,83.0,61.8,34.8,62.5,17.3,60.0,,pledge_total_ratio/ownership_nature,0.0393,2026-04-10,到期收盘,0.0283,2026-04-17,到期收盘,0.0995,2026-05-06,到期收盘
2026-04-02,8,128135.SZ,洽洽转债,002557,洽洽食品,B下修事件,B,49.0,114.59,115.0,cb_basic.maturity_call_price,-0.41,189.91,112,AA,False,安全,33.8,83.0,63.5,30.5,62.5,5.0,60.0,,pledge_total_ratio/ownership_nature,0.1344,2026-04-10,到期收盘,0.1222,2026-04-17,到期收盘,-0.0785,2026-05-06,到期收盘
2026-04-02,9,123090.SZ,三诺转债,300298,三诺生物,B下修事件,C,40.4,114.42,112.0,cb_basic.maturity_call_price,2.42,145.16,174,AA,False,安全,33.8,83.0,44.5,30.5,62.5,5.0,60.0,,pledge_total_ratio/ownership_nature,1.9131,2026-04-10,到期收盘,1.7479,2026-04-17,到期收盘,0.7883,2026-05-06,到期收盘
2026-04-02,10,113616.SH,韦尔转债,603501,豪威集团,B下修事件,C,34.7,114.42,110.0,cb_basic.maturity_call_price,4.42,99.18,181,AA+,False,安全,34.4,88.0,27.3,30.5,62.5,9.1,76.7,,ownership_nature,1.7497,2026-04-10,到期收盘,2.094,2026-04-17,到期收盘,2.7434,2026-05-06,到期收盘
2026-04-02,11,128125.SZ,华阳转债,002949,华阳国际,底价观察,C,34.6,116.93,113.0,cb_call.call_price,3.93,23.36,30,AA-,False,安全,42.4,53.0,31.8,28.8,62.6,8.4,60.0,,pledge_total_ratio/ownership_nature,2.487,2026-04-10,到期收盘,0.6782,2026-04-17,到期收盘,5.0,2026-04-21,止盈
2026-04-03,1,123049.SZ,维尔转债,300190,维尔利,底价观察,A,61.9,117.84,118.0,cb_call.call_price,-0.16,6.72,-78,A-,False,安全,55.9,53.0,76.0,54.4,60.0,21.2,60.0,,pledge_total_ratio/ownership_nature,,,,,,,,,
2026-04-03,2,110070.SH,凌钢转债,600231,凌钢股份,底价观察,B,58.8,111.95,112.0,cb_call.call_price,-0.05,10.82,-78,AA,False,安全,50.2,53.0,76.0,46.3,60.0,10.1,60.0,,pledge_total_ratio/ownership_nature,,,,,,,,,
2026-04-03,3,127017.SZ,万青转债,000789,万年青,B下修事件,B,54.4,112.77,113.0,cb_call.call_price,-0.23,89.35,-27,AA+,False,安全,32.6,83.0,76.0,30.5,60.0,5.8,60.0,,pledge_total_ratio/ownership_nature,-0.0142,2026-04-13,到期收盘,-0.0213,2026-04-20,到期收盘,0.0204,2026-05-07,到期收盘
2026-04-03,4,113579.SH,健友转债,603707,健友股份,B下修事件,B,54.3,108.82,109.0,cb_call.call_price,-0.18,176.78,-68,AA,False,安全,32.5,83.0,76.0,30.5,60.0,5.0,60.0,,pledge_total_ratio/ownership_nature,0.1066,2026-04-13,到期收盘,0.1323,2026-04-20,到期收盘,,,
2026-04-03,5,113584.SH,家悦转债,603708,家家悦,底价观察,B,51.2,110.97,110.0,cb_call.call_price,0.97,20.98,-25,AA,False,安全,43.7,53.0,67.3,32.1,62.4,6.3,60.0,,pledge_total_ratio/ownership_nature,-0.5236,2026-04-13,到期收盘,-0.6443,2026-04-20,到期收盘,-1.0597,2026-05-07,到期收盘
2026-04-03,6,113037.SH,紫银转债,601860,紫金银行,B下修事件,B,49.5,109.56,110.0,cb_basic.maturity_call_price,-0.44,45.12,23,AA+,False,安全,35.2,83.0,61.8,33.2,60.0,13.6,60.0,,pledge_total_ratio/ownership_nature,0.0192,2026-04-13,到期收盘,-0.0037,2026-04-20,到期收盘,0.0657,2026-05-07,到期收盘
2026-04-03,7,128135.SZ,洽洽转债,002557,洽洽食品,B下修事件,B,49.0,114.64,115.0,cb_basic.maturity_call_price,-0.36,196.58,112,AA,False,安全,33.8,83.0,63.5,30.5,62.5,5.4,60.0,,pledge_total_ratio/ownership_nature,0.1047,2026-04-13,到期收盘,0.0654,2026-04-20,到期收盘,-0.1012,2026-05-07,到期收盘
2026-04-03,8,123090.SZ,三诺转债,300298,三诺生物,B下修事件,C,38.8,114.76,112.0,cb_basic.maturity_call_price,2.76,152.32,174,AA,False,安全,32.5,83.0,41.5,30.5,60.0,5.0,60.0,,pledge_total_ratio/ownership_nature,0.9812,2026-04-13,到期收盘,1.4247,2026-04-20,到期收盘,1.1328,2026-05-07,到期收盘
2026-04-03,9,128125.SZ,华阳转债,002949,华阳国际,底价观察,C,37.0,115.99,113.0,cb_call.call_price,2.99,26.71,30,AA-,False,安全,39.0,53.0,40.3,25.5,60.0,5.0,60.0,,pledge_total_ratio/ownership_nature,2.3519,2026-04-13,到期收盘,3.6296,2026-04-20,到期收盘,5.0,2026-04-21,止盈
2026-04-03,10,113616.SH,韦尔转债,603501,豪威集团,B下修事件,C,34.3,114.57,110.0,cb_basic.maturity_call_price,4.57,102.1,181,AA+,False,安全,33.7,88.0,26.0,30.5,60.0,12.7,76.7,,ownership_nature,0.9549,2026-04-13,到期收盘,1.6854,2026-04-20,到期收盘,1.956,2026-05-07,到期收盘
2026-04-07,1,123049.SZ,维尔转债,300190,维尔利,底价观察,A,64.7,117.91,118.0,cb_call.call_price,-0.09,1.85,-78,A-,False,安全,61.4,53.0,76.0,64.6,60.0,23.8,60.0,,pledge_total_ratio/ownership_nature,,,,,,,,,
2026-04-07,2,110070.SH,凌钢转债,600231,凌钢股份,底价观察,A,60.3,111.94,112.0,cb_call.call_price,-0.06,9.71,-78,AA,False,安全,53.6,53.0,76.0,48.1,62.5,18.5,60.0,,pledge_total_ratio/ownership_nature,,,,,,,,,
2026-04-07,3,127017.SZ,万青转债,000789,万年青,B下修事件,B,54.8,112.71,113.0,cb_call.call_price,-0.29,87.04,-27,AA+,False,安全,33.2,83.0,76.0,30.5,60.0,9.5,60.0,,pledge_total_ratio/ownership_nature,0.0417,2026-04-14,到期收盘,0.0754,2026-04-21,到期收盘,0.0976,2026-05-08,到期收盘
2026-04-07,4,113579.SH,健友转债,603707,健友股份,B下修事件,B,54.3,108.86,109.0,cb_call.call_price,-0.14,176.87,-68,AA,False,安全,32.5,83.0,76.0,30.5,60.0,5.0,60.0,,pledge_total_ratio/ownership_nature,0.0615,2026-04-14,到期收盘,0.0955,2026-04-21,到期收盘,,,
2026-04-07,5,113584.SH,家悦转债,603708,家家悦,底价观察,B,51.8,110.89,110.0,cb_call.call_price,0.89,19.63,-25,AA,False,安全,43.6,53.0,68.0,34.0,60.0,7.2,60.0,,pledge_total_ratio/ownership_nature,-0.5465,2026-04-14,到期收盘,-0.8197,2026-04-21,到期收盘,-0.9703,2026-05-08,到期收盘
2026-04-07,6,113037.SH,紫银转债,601860,紫金银行,B下修事件,B,49.4,109.53,110.0,cb_basic.maturity_call_price,-0.47,45.63,23,AA+,False,安全,35.0,83.0,61.8,32.9,60.0,13.6,60.0,,pledge_total_ratio/ownership_nature,0.0767,2026-04-14,到期收盘,0.0438,2026-04-21,到期收盘,0.1023,2026-05-08,到期收盘
2026-04-07,7,128135.SZ,洽洽转债,002557,洽洽食品,B下修事件,B,48.7,114.7,115.0,cb_basic.maturity_call_price,-0.3,192.48,112,AA,False,安全,32.6,83.0,63.5,30.5,60.0,5.4,60.0,,pledge_total_ratio/ownership_nature,0.0663,2026-04-14,到期收盘,0.0349,2026-04-21,到期收盘,-0.1517,2026-05-08,到期收盘
2026-04-07,8,123090.SZ,三诺转债,300298,三诺生物,B下修事件,C,37.2,115.15,112.0,cb_basic.maturity_call_price,3.15,150.15,174,AA,False,安全,32.5,83.0,37.9,30.5,60.0,5.0,60.0,,pledge_total_ratio/ownership_nature,0.6852,2026-04-14,到期收盘,0.304,2026-04-21,到期收盘,0.3231,2026-05-08,到期收盘
2026-04-07,9,128125.SZ,华阳转债,002949,华阳国际,底价观察,C,33.5,117.07,113.0,cb_call.call_price,4.07,23.15,30,AA-,False,安全,40.8,53.0,30.5,29.1,60.0,5.0,60.0,,pledge_total_ratio/ownership_nature,1.0848,2026-04-14,到期收盘,5.0,2026-04-21,止盈,5.0,2026-04-21,止盈
2026-04-07,10,113616.SH,韦尔转债,603501,豪威集团,B下修事件,C,33.2,114.7,110.0,cb_basic.maturity_call_price,4.7,100.83,181,AA+,False,安全,32.9,88.0,24.8,30.5,60.0,7.5,76.7,,ownership_nature,1.2171,2026-04-14,到期收盘,1.4167,2026-04-21,到期收盘,1.5937,2026-05-08,到期收盘
2026-04-08,1,113653.SH,永22转债,603681,永冠新材,底价观察,A,63.3,108.55,115.0,cb_basic.maturity_call_price,-6.45,2.23,759,AA-,False,安全,60.4,53.0,74.0,63.8,60.0,20.2,60.0,,pledge_total_ratio/ownership_nature,2.2091,2026-04-15,到期收盘,,,,,,
2026-04-08,2,127017.SZ,万青转债,000789,万年青,B下修事件,B,55.8,112.72,113.0,cb_call.call_price,-0.28,83.14,-27,AA+,False,安全,34.7,83.0,76.0,30.5,60.0,19.6,60.0,,pledge_total_ratio/ownership_nature,0.0027,2026-04-15,到期收盘,0.0355,2026-04-22,到期收盘,0.1065,2026-05-11,到期收盘
2026-04-08,3,127018.SZ,本钢转债,000761,本钢板材,底价观察,B,55.2,119.02,119.0,cb_call.call_price,0.02,25.5,-1,AAA,False,安全,42.4,53.0,75.9,26.2,60.0,25.3,60.0,,pledge_total_ratio/ownership_nature,-0.2487,2026-04-15,到期收盘,-0.2789,2026-04-22,到期收盘,-0.5041,2026-05-11,到期收盘
2026-04-08,4,113579.SH,健友转债,603707,健友股份,B下修事件,B,54.3,108.86,109.0,cb_call.call_price,-0.14,170.1,-68,AA,False,安全,32.5,83.0,76.0,30.5,60.0,5.0,60.0,,pledge_total_ratio/ownership_nature,0.0652,2026-04-15,到期收盘,0.0955,2026-04-22,到期收盘,,,
2026-04-08,5,113584.SH,家悦转债,603708,家家悦,底价观察,B,53.2,110.92,110.0,cb_call.call_price,0.92,18.23,-25,AA,False,安全,46.1,53.0,67.7,36.0,60.0,17.5,60.0,,pledge_total_ratio/ownership_nature,-0.5229,2026-04-15,到期收盘,-0.6897,2026-04-22,到期收盘,-0.9917,2026-05-11,到期收盘
2026-04-08,6,113037.SH,紫银转债,601860,紫金银行,B下修事件,B,50.6,109.55,110.0,cb_basic.maturity_call_price,-0.45,42.45,23,AA+,False,安全,37.1,83.0,61.8,34.7,60.0,21.5,60.0,,pledge_total_ratio/ownership_nature,0.0155,2026-04-15,到期收盘,0.0183,2026-04-22,到期收盘,0.0776,2026-05-11,到期收盘
2026-04-08,7,128135.SZ,洽洽转债,002557,洽洽食品,B下修事件,B,49.4,114.72,115.0,cb_basic.maturity_call_price,-0.28,185.5,112,AA,False,安全,34.5,83.0,63.5,30.5,62.5,9.9,60.0,,pledge_total_ratio/ownership_nature,0.0349,2026-04-15,到期收盘,-0.0131,2026-04-22,到期收盘,-0.1525,2026-05-11,到期收盘
2026-04-08,8,128108.SZ,蓝帆转债,002382,蓝帆医疗,底价观察,C,42.6,112.11,108.0,cb_call.call_price,4.11,12.53,-33,AA-,False,安全,50.5,53.0,39.0,44.0,60.0,20.0,60.0,,pledge_total_ratio/ownership_nature,-3.1335,2026-04-15,到期收盘,-3.3976,2026-04-22,到期收盘,-3.9211,2026-05-11,到期收盘
2026-04-08,9,123090.SZ,三诺转债,300298,三诺生物,B下修事件,C,29.9,116.94,112.0,cb_basic.maturity_call_price,4.94,148.73,174,AA,False,安全,32.5,83.0,21.8,30.5,60.0,5.0,60.0,,pledge_total_ratio/ownership_nature,-0.4532,2026-04-15,到期收盘,-1.1245,2026-04-22,到期收盘,-0.348,2026-05-11,到期收盘
2026-04-09,1,127018.SZ,本钢转债,000761,本钢板材,底价观察,B,56.2,118.96,119.0,cb_call.call_price,-0.04,24.64,-1,AAA,False,安全,44.7,53.0,76.0,27.0,62.6,29.6,60.0,,pledge_total_ratio/ownership_nature,-0.2329,2026-04-16,到期收盘,-0.2858,2026-04-23,到期收盘,-0.5212,2026-05-12,到期收盘
2026-04-09,2,113579.SH,健友转债,603707,健友股份,B下修事件,B,54.6,108.89,109.0,cb_call.call_price,-0.11,174.08,-68,AA,False,安全,33.8,83.0,76.0,30.5,62.6,5.0,60.0,,pledge_total_ratio/ownership_nature,0.0542,2026-04-16,到期收盘,,,,,,
2026-04-09,3,127017.SZ,万青转债,000789,万年青,B下修事件,B,54.6,112.71,113.0,cb_call.call_price,-0.29,86.32,-27,AA+,False,安全,32.9,83.0,76.0,30.5,60.0,7.4,60.0,,pledge_total_ratio/ownership_nature,0.016,2026-04-16,到期收盘,0.1198,2026-04-23,到期收盘,0.0932,2026-05-12,到期收盘
2026-04-09,4,113584.SH,家悦转债,603708,家家悦,底价观察,B,52.0,110.88,110.0,cb_call.call_price,0.88,20.56,-25,AA,False,安全,44.5,53.0,68.1,32.7,62.4,9.5,60.0,,pledge_total_ratio/ownership_nature,-0.4437,2026-04-16,到期收盘,-0.763,2026-04-23,到期收盘,-0.9695,2026-05-12,到期收盘
2026-04-09,5,113037.SH,紫银转债,601860,紫金银行,B下修事件,B,50.2,109.58,110.0,cb_basic.maturity_call_price,-0.42,45.7,23,AA+,False,安全,37.1,83.0,61.8,32.9,62.5,19.4,60.0,,pledge_total_ratio/ownership_nature,-0.0319,2026-04-16,到期收盘,0.0064,2026-04-23,到期收盘,0.0502,2026-05-12,到期收盘
2026-04-09,6,128135.SZ,洽洽转债,002557,洽洽食品,B下修事件,B,49.0,114.78,115.0,cb_basic.maturity_call_price,-0.22,186.16,112,AA,False,安全,33.9,83.0,63.5,30.5,62.6,5.7,60.0,,pledge_total_ratio/ownership_nature,-0.0227,2026-04-16,到期收盘,-0.2683,2026-04-23,到期收盘,-0.2283,2026-05-12,到期收盘
2026-04-09,7,128108.SZ,蓝帆转债,002382,蓝帆医疗,底价观察,C,40.7,112.26,108.0,cb_call.call_price,4.26,14.56,-33,AA-,False,安全,49.2,53.0,37.7,41.1,62.6,11.9,60.0,,pledge_total_ratio/ownership_nature,-2.904,2026-04-16,到期收盘,-3.6736,2026-04-23,到期收盘,-4.1511,2026-05-12,到期收盘
2026-04-09,8,123090.SZ,三诺转债,300298,三诺生物,B下修事件,C,31.2,116.7,112.0,cb_basic.maturity_call_price,4.7,153.36,174,AA,False,安全,33.8,83.0,24.0,30.5,62.6,5.0,60.0,,pledge_total_ratio/ownership_nature,-0.072,2026-04-16,到期收盘,-1.3625,2026-04-23,到期收盘,-0.9392,2026-05-12,到期收盘
2026-04-10,1,113653.SH,永22转债,603681,永冠新材,底价观察,A,62.8,108.02,115.0,cb_basic.maturity_call_price,-6.98,1.33,759,AA-,False,安全,59.9,53.0,74.1,65.7,60.0,10.4,60.0,,pledge_total_ratio/ownership_nature,1.6802,2026-04-17,到期收盘,,,,,,
2026-04-10,2,127017.SZ,万青转债,000789,万年青,B下修事件,B,55.0,112.72,113.0,cb_call.call_price,-0.28,86.34,-27,AA+,False,安全,34.4,83.0,76.0,30.5,62.6,9.2,60.0,,pledge_total_ratio/ownership_nature,0.0098,2026-04-17,到期收盘,0.0523,2026-04-24,到期收盘,0.0887,2026-05-13,到期收盘
2026-04-10,3,127018.SZ,本钢转债,000761,本钢板材,底价观察,B,54.8,118.94,119.0,cb_call.call_price,-0.06,28.3,-1,AAA,False,安全,41.4,53.0,76.0,24.7,60.0,23.9,60.0,,pledge_total_ratio/ownership_nature,-0.1597,2026-04-17,到期收盘,-0.2859,2026-04-24,到期收盘,-0.5179,2026-05-13,到期收盘
2026-04-10,4,113579.SH,健友转债,603707,健友股份,B下修事件,B,54.3,108.91,109.0,cb_call.call_price,-0.09,168.86,-68,AA,False,安全,32.5,83.0,76.0,30.5,60.0,5.0,60.0,,pledge_total_ratio/ownership_nature,0.0496,2026-04-17,到期收盘,,,,,,
2026-04-10,5,113584.SH,家悦转债,603708,家家悦,底价观察,B,53.5,110.46,110.0,cb_call.call_price,0.46,19.79,-25,AA,False,安全,43.4,53.0,71.9,33.8,60.0,6.8,60.0,,pledge_total_ratio/ownership_nature,-0.0362,2026-04-17,到期收盘,-0.4861,2026-04-24,到期收盘,-0.5975,2026-05-13,到期收盘
2026-04-10,6,113037.SH,紫银转债,601860,紫金银行,B下修事件,B,49.9,109.55,110.0,cb_basic.maturity_call_price,-0.45,45.12,23,AA+,False,安全,35.8,83.0,61.8,33.2,60.0,18.0,60.0,,pledge_total_ratio/ownership_nature,-0.0082,2026-04-17,到期收盘,0.0338,2026-04-24,到期收盘,0.0831,2026-05-13,到期收盘
2026-04-10,7,128135.SZ,洽洽转债,002557,洽洽食品,B下修事件,B,49.0,114.74,115.0,cb_basic.maturity_call_price,-0.26,182.62,112,AA,False,安全,33.8,83.0,63.5,30.5,62.5,5.0,60.0,,pledge_total_ratio/ownership_nature,-0.0087,2026-04-17,到期收盘,-0.1386,2026-04-24,到期收盘,-0.1944,2026-05-13,到期收盘
2026-04-10,8,128108.SZ,蓝帆转债,002382,蓝帆医疗,底价观察,C,42.8,111.65,108.0,cb_call.call_price,3.65,14.24,-33,AA-,False,安全,47.8,53.0,43.1,41.6,60.0,10.4,60.0,,pledge_total_ratio/ownership_nature,-2.8213,2026-04-17,到期收盘,-3.0004,2026-04-24,到期收盘,-3.6256,2026-05-13,到期收盘
2026-04-10,9,123090.SZ,三诺转债,300298,三诺生物,B下修事件,C,31.3,116.61,112.0,cb_basic.maturity_call_price,4.61,148.94,174,AA,False,安全,32.5,83.0,24.8,30.5,60.0,5.0,60.0,,pledge_total_ratio/ownership_nature,-0.1629,2026-04-17,到期收盘,-1.4476,2026-04-24,到期收盘,-1.1311,2026-05-13,到期收盘
2026-04-13,1,113653.SH,永22转债,603681,永冠新材,底价观察,A,64.8,108.82,115.0,cb_basic.maturity_call_price,-6.18,-0.19,759,AA-,False,安全,64.2,53.0,74.0,68.3,62.5,21.8,60.0,,pledge_total_ratio/ownership_nature,0.9327,2026-04-20,到期收盘,,,,,,
2026-04-13,2,127018.SZ,本钢转债,000761,本钢板材,底价观察,B,54.9,118.9,119.0,cb_call.call_price,-0.1,27.84,-1,AAA,False,安全,42.6,53.0,76.0,24.9,62.6,22.0,60.0,,pledge_total_ratio/ownership_nature,-0.2355,2026-04-20,到期收盘,-0.2523,2026-04-27,到期收盘,-0.492,2026-05-14,到期收盘
2026-04-13,3,113579.SH,健友转债,603707,健友股份,B下修事件,B,54.6,108.94,109.0,cb_call.call_price,-0.06,175.91,-68,AA,False,安全,33.8,83.0,76.0,30.5,62.5,5.0,60.0,,pledge_total_ratio/ownership_nature,0.022,2026-04-20,到期收盘,,,,,,
2026-04-13,4,127017.SZ,万青转债,000789,万年青,B下修事件,B,54.3,112.75,113.0,cb_call.call_price,-0.25,87.85,-27,AA+,False,安全,32.5,83.0,76.0,30.5,60.0,5.0,60.0,,pledge_total_ratio/ownership_nature,-0.0035,2026-04-20,到期收盘,-0.0035,2026-04-27,到期收盘,0.0789,2026-05-14,到期收盘
2026-04-13,5,113584.SH,家悦转债,603708,家家悦,底价观察,B,53.2,110.39,110.0,cb_call.call_price,0.39,21.95,-25,AA,False,安全,43.0,53.0,72.5,30.8,62.5,5.9,60.0,,pledge_total_ratio/ownership_nature,-0.1223,2026-04-20,到期收盘,-0.4502,2026-04-27,到期收盘,-0.5154,2026-05-14,到期收盘
2026-04-13,6,128108.SZ,蓝帆转债,002382,蓝帆医疗,底价观察,B,50.7,109.77,108.0,cb_call.call_price,1.77,14.97,-33,AA-,False,安全,49.0,53.0,60.1,40.5,62.6,12.7,60.0,,pledge_total_ratio/ownership_nature,-1.4776,2026-04-20,到期收盘,-1.5396,2026-04-27,到期收盘,-2.0543,2026-05-14,到期收盘
2026-04-13,7,113037.SH,紫银转债,601860,紫金银行,B下修事件,B,50.0,109.58,110.0,cb_basic.maturity_call_price,-0.42,45.7,23,AA+,False,安全,36.8,83.0,61.8,32.9,62.5,17.3,60.0,,pledge_total_ratio/ownership_nature,-0.0219,2026-04-20,到期收盘,0.0246,2026-04-27,到期收盘,0.0456,2026-05-14,到期收盘
2026-04-13,8,128135.SZ,洽洽转债,002557,洽洽食品,B下修事件,B,49.0,114.76,115.0,cb_basic.maturity_call_price,-0.24,188.21,112,AA,False,安全,33.8,83.0,63.5,30.5,62.5,5.0,60.0,,pledge_total_ratio/ownership_nature,-0.0392,2026-04-20,到期收盘,-0.2039,2026-04-27,到期收盘,-0.2719,2026-05-14,到期收盘
2026-04-13,9,123090.SZ,三诺转债,300298,三诺生物,B下修事件,C,34.5,115.89,112.0,cb_basic.maturity_call_price,3.89,149.87,174,AA,False,安全,33.8,83.0,31.3,30.5,62.6,5.0,60.0,,pledge_total_ratio/ownership_nature,0.4358,2026-04-20,到期收盘,-0.4573,2026-04-27,到期收盘,-1.1908,2026-05-14,到期收盘
2026-04-14,1,113653.SH,永22转债,603681,永冠新材,底价观察,A,63.5,110.53,115.0,cb_basic.maturity_call_price,-4.47,0.59,759,AA-,False,安全,61.5,53.0,73.7,67.3,60.0,15.6,60.0,,pledge_total_ratio/ownership_nature,-0.6288,2026-04-21,到期收盘,,,,,,
2026-04-14,2,127017.SZ,万青转债,000789,万年青,B下修事件,B,54.8,112.76,113.0,cb_call.call_price,-0.24,87.12,-27,AA+,False,安全,34.1,83.0,76.0,30.5,62.6,6.8,60.0,,pledge_total_ratio/ownership_nature,0.031,2026-04-21,到期收盘,0.0115,2026-04-28,到期收盘,0.0984,2026-05-15,到期收盘
2026-04-14,3,127018.SZ,本钢转债,000761,本钢板材,底价观察,B,54.7,118.88,119.0,cb_call.call_price,-0.12,27.4,-1,AAA,False,安全,41.4,53.0,76.0,25.2,60.0,22.1,60.0,,pledge_total_ratio/ownership_nature,-0.1287,2026-04-21,到期收盘,-0.2986,2026-04-28,到期收盘,-0.4374,2026-05-15,到期收盘
2026-04-14,4,113579.SH,健友转债,603707,健友股份,B下修事件,B,54.3,108.93,109.0,cb_call.call_price,-0.07,176.75,-68,AA,False,安全,32.5,83.0,76.0,30.5,60.0,5.0,60.0,,pledge_total_ratio/ownership_nature,0.0312,2026-04-21,到期收盘,,,,,,
2026-04-14,5,113584.SH,家悦转债,603708,家家悦,底价观察,B,53.5,110.28,110.0,cb_call.call_price,0.28,22.16,-25,AA,False,安全,42.9,53.0,73.4,30.5,62.4,6.4,60.0,,pledge_total_ratio/ownership_nature,-0.2711,2026-04-21,到期收盘,-0.4135,2026-04-28,到期收盘,-0.4081,2026-05-15,到期收盘
2026-04-14,6,128108.SZ,蓝帆转债,002382,蓝帆医疗,底价观察,B,53.0,109.09,108.0,cb_call.call_price,1.09,14.57,-33,AA-,False,安全,47.5,53.0,66.2,41.1,60.0,9.5,60.0,,pledge_total_ratio/ownership_nature,-1.0001,2026-04-21,到期收盘,-0.9918,2026-04-28,到期收盘,-1.4208,2026-05-15,到期收盘
2026-04-14,7,113037.SH,紫银转债,601860,紫金银行,B下修事件,B,49.3,109.61,110.0,cb_basic.maturity_call_price,-0.39,45.2,23,AA+,False,安全,34.9,83.0,61.8,33.2,60.0,12.2,60.0,,pledge_total_ratio/ownership_nature,-0.0292,2026-04-21,到期收盘,-0.0137,2026-04-28,到期收盘,0.01,2026-05-15,到期收盘
2026-04-14,8,128135.SZ,洽洽转债,002557,洽洽食品,B下修事件,B,49.0,114.78,115.0,cb_basic.maturity_call_price,-0.22,187.99,112,AA,False,安全,33.8,83.0,63.5,30.5,62.5,5.0,60.0,,pledge_total_ratio/ownership_nature,-0.0348,2026-04-21,到期收盘,-0.2439,2026-04-28,到期收盘,-0.271,2026-05-15,到期收盘
2026-04-14,9,123090.SZ,三诺转债,300298,三诺生物,B下修事件,C,34.0,115.94,112.0,cb_basic.maturity_call_price,3.94,150.14,174,AA,False,安全,32.5,83.0,30.8,30.5,60.0,5.0,60.0,,pledge_total_ratio/ownership_nature,-0.3795,2026-04-21,到期收盘,-0.8151,2026-04-28,到期收盘,-1.1954,2026-05-15,到期收盘
2026-04-15,1,113653.SH,永22转债,603681,永冠新材,底价观察,A,63.5,110.95,115.0,cb_basic.maturity_call_price,-4.05,0.92,759,AA-,False,安全,62.3,53.0,73.6,66.6,62.5,14.8,60.0,,pledge_total_ratio/ownership_nature,,,,,,,,,
2026-04-15,2,127017.SZ,万青转债,000789,万年青,B下修事件,B,55.4,112.72,113.0,cb_call.call_price,-0.28,88.91,-27,AA+,False,安全,34.9,83.0,76.0,30.5,62.6,12.8,60.0,,pledge_total_ratio/ownership_nature,0.0355,2026-04-22,到期收盘,0.0355,2026-04-29,到期收盘,0.1411,2026-05-18,到期收盘
2026-04-15,3,128108.SZ,蓝帆转债,002382,蓝帆医疗,底价观察,B,55.0,108.6,108.0,cb_call.call_price,0.6,14.81,-33,AA-,False,安全,47.5,53.0,70.6,40.8,60.0,10.7,60.0,,pledge_total_ratio/ownership_nature,-0.2753,2026-04-22,到期收盘,-0.651,2026-04-29,到期收盘,-1.1059,2026-05-18,到期收盘
2026-04-15,4,113579.SH,健友转债,603707,健友股份,B下修事件,B,54.8,108.93,109.0,cb_call.call_price,-0.07,172.5,-68,AA,False,安全,33.1,83.0,76.0,30.5,60.0,9.3,60.0,,pledge_total_ratio/ownership_nature,0.0312,2026-04-22,到期收盘,,,,,,
2026-04-15,5,113584.SH,家悦转债,603708,家家悦,底价观察,B,53.5,110.34,110.0,cb_call.call_price,0.34,20.5,-25,AA,False,安全,42.6,53.0,72.9,32.8,60.0,5.0,60.0,,pledge_total_ratio/ownership_nature,-0.1677,2026-04-22,到期收盘,-0.4749,2026-04-29,到期收盘,-0.464,2026-05-18,到期收盘
2026-04-15,6,113037.SH,紫银转债,601860,紫金银行,B下修事件,B,49.8,109.57,110.0,cb_basic.maturity_call_price,-0.43,44.6,23,AA+,False,安全,36.5,83.0,61.8,33.5,62.6,13.1,60.0,,pledge_total_ratio/ownership_nature,0.0,2026-04-22,到期收盘,0.0438,2026-04-29,到期收盘,0.0502,2026-05-18,到期收盘
2026-04-15,7,128135.SZ,洽洽转债,002557,洽洽食品,B下修事件,B,49.0,114.76,115.0,cb_basic.maturity_call_price,-0.24,184.96,112,AA,False,安全,33.8,83.0,63.5,30.5,62.5,5.0,60.0,,pledge_total_ratio/ownership_nature,-0.0479,2026-04-22,到期收盘,-0.2353,2026-04-29,到期收盘,-0.2876,2026-05-18,到期收盘
2026-04-15,8,128125.SZ,华阳转债,002949,华阳国际,底价观察,C,32.9,117.44,113.0,cb_call.call_price,4.44,21.19,30,AA-,False,安全,42.4,53.0,27.3,31.8,60.0,6.5,60.0,,pledge_total_ratio/ownership_nature,0.4428,2026-04-22,到期收盘,0.1873,2026-04-29,到期收盘,-2.139,2026-05-18,到期收盘
2026-04-15,9,123090.SZ,三诺转债,300298,三诺生物,B下修事件,C,32.1,116.41,112.0,cb_basic.maturity_call_price,4.41,150.68,174,AA,False,安全,32.5,83.0,26.6,30.5,60.0,5.0,60.0,,pledge_total_ratio/ownership_nature,-0.6743,2026-04-22,到期收盘,-1.0059,2026-04-29,到期收盘,-1.7876,2026-05-18,到期收盘
2026-04-16,1,113653.SH,永22转债,603681,永冠新材,底价观察,A,63.8,109.83,115.0,cb_basic.maturity_call_price,-5.17,0.02,759,AA-,False,安全,62.0,53.0,73.8,68.5,60.0,14.8,60.0,,pledge_total_ratio/ownership_nature,,,,,,,,,
2026-04-16,2,127018.SZ,本钢转债,000761,本钢板材,底价观察,B,54.9,118.68,119.0,cb_call.call_price,-0.32,27.6,-1,AAA,False,安全,41.6,53.0,76.0,25.0,60.0,24.1,60.0,,pledge_total_ratio/ownership_nature,-0.0506,2026-04-23,到期收盘,-0.1938,2026-04-30,到期收盘,-0.2418,2026-05-19,到期收盘
2026-04-16,3,113579.SH,健友转债,603707,健友股份,B下修事件,B,54.6,108.95,109.0,cb_call.call_price,-0.05,175.66,-68,AA,False,安全,33.8,83.0,76.0,30.5,62.5,5.0,60.0,,pledge_total_ratio/ownership_nature,,,,,,,,,
2026-04-16,4,127017.SZ,万青转债,000789,万年青,B下修事件,B,54.6,112.73,113.0,cb_call.call_price,-0.27,87.44,-27,AA+,False,安全,33.8,83.0,76.0,30.5,62.5,5.0,60.0,,pledge_total_ratio/ownership_nature,0.102,2026-04-23,到期收盘,0.0665,2026-04-30,到期收盘,0.1508,2026-05-19,到期收盘
2026-04-16,5,128108.SZ,蓝帆转债,002382,蓝帆医疗,底价观察,B,53.4,109.0,108.0,cb_call.call_price,1.0,14.77,-33,AA-,False,安全,48.3,53.0,67.0,40.8,62.5,7.5,60.0,,pledge_total_ratio/ownership_nature,-0.7927,2026-04-23,到期收盘,-0.9954,2026-04-30,到期收盘,-1.4532,2026-05-19,到期收盘
2026-04-16,6,113584.SH,家悦转债,603708,家家悦,底价观察,B,53.4,110.39,110.0,cb_call.call_price,0.39,20.34,-25,AA,False,安全,42.8,53.0,72.5,33.0,60.0,5.0,60.0,,pledge_total_ratio/ownership_nature,-0.3225,2026-04-23,到期收盘,-0.5399,2026-04-30,到期收盘,-0.5136,2026-05-19,到期收盘
2026-04-16,7,113037.SH,紫银转债,601860,紫金银行,B下修事件,B,50.3,109.55,110.0,cb_basic.maturity_call_price,-0.45,45.11,23,AA+,False,安全,36.4,83.0,61.8,33.2,60.0,21.7,60.0,,pledge_total_ratio/ownership_nature,0.0338,2026-04-23,到期收盘,0.0666,2026-04-30,到期收盘,0.1178,2026-05-19,到期收盘
2026-04-16,8,128135.SZ,洽洽转债,002557,洽洽食品,B下修事件,B,48.7,114.75,115.0,cb_basic.maturity_call_price,-0.25,179.01,112,AA,False,安全,32.5,83.0,63.5,30.5,60.0,5.0,60.0,,pledge_total_ratio/ownership_nature,-0.2423,2026-04-23,到期收盘,-0.2039,2026-04-30,到期收盘,-0.2806,2026-05-19,到期收盘
2026-04-16,9,123090.SZ,三诺转债,300298,三诺生物,B下修事件,C,31.5,116.62,112.0,cb_basic.maturity_call_price,4.62,152.7,174,AA,False,安全,33.8,83.0,24.7,30.5,62.5,5.0,60.0,,pledge_total_ratio/ownership_nature,-1.2948,2026-04-23,到期收盘,-1.0384,2026-04-30,到期收盘,-1.5838,2026-05-19,到期收盘
2026-04-17,1,127017.SZ,万青转债,000789,万年青,B下修事件,B,55.1,112.73,113.0,cb_call.call_price,-0.27,88.92,-27,AA+,False,安全,34.5,83.0,76.0,30.5,62.5,9.9,60.0,,pledge_total_ratio/ownership_nature,0.0435,2026-04-24,到期收盘,0.0781,2026-05-06,到期收盘,0.1526,2026-05-20,到期收盘
2026-04-17,2,128108.SZ,蓝帆转债,002382,蓝帆医疗,底价观察,B,54.8,108.5,108.0,cb_call.call_price,0.5,16.09,-33,AA-,False,安全,47.2,53.0,71.5,39.0,62.5,6.2,60.0,,pledge_total_ratio/ownership_nature,-0.1843,2026-04-24,到期收盘,-0.6571,2026-05-06,到期收盘,-1.0138,2026-05-20,到期收盘
2026-04-17,3,113579.SH,健友转债,603707,健友股份,B下修事件,B,54.7,108.96,109.0,cb_call.call_price,-0.04,181.85,-68,AA,False,安全,34.0,83.0,76.0,30.5,62.6,6.6,60.0,,pledge_total_ratio/ownership_nature,,,,,,,,,
2026-04-17,4,127018.SZ,本钢转债,000761,本钢板材,底价观察,B,54.3,118.75,119.0,cb_call.call_price,-0.25,29.37,-1,AAA,False,安全,41.6,53.0,76.0,24.1,62.5,18.7,60.0,,pledge_total_ratio/ownership_nature,-0.1263,2026-04-24,到期收盘,-0.2939,2026-05-06,到期收盘,-0.2779,2026-05-20,到期收盘
2026-04-17,5,113584.SH,家悦转债,603708,家家悦,底价观察,B,53.2,110.42,110.0,cb_call.call_price,0.42,20.7,-25,AA,False,安全,42.6,53.0,72.2,32.5,60.0,5.8,60.0,,pledge_total_ratio/ownership_nature,-0.4501,2026-04-24,到期收盘,-0.5389,2026-05-06,到期收盘,-0.5552,2026-05-20,到期收盘
2026-04-17,6,113037.SH,紫银转债,601860,紫金银行,B下修事件,B,50.1,109.54,110.0,cb_basic.maturity_call_price,-0.46,45.64,23,AA+,False,安全,36.0,83.0,61.8,32.9,60.0,20.2,60.0,,pledge_total_ratio/ownership_nature,0.0429,2026-04-24,到期收盘,0.0721,2026-05-06,到期收盘,0.1515,2026-05-20,到期收盘
2026-04-17,7,128135.SZ,洽洽转债,002557,洽洽食品,B下修事件,B,49.1,114.73,115.0,cb_basic.maturity_call_price,-0.27,170.58,112,AA,False,安全,33.1,83.0,63.5,30.5,60.0,8.8,60.0,,pledge_total_ratio/ownership_nature,-0.1299,2026-04-24,到期收盘,-0.2005,2026-05-06,到期收盘,-0.2545,2026-05-20,到期收盘
2026-04-17,8,128125.SZ,华阳转债,002949,华阳国际,底价观察,C,32.8,117.72,113.0,cb_call.call_price,4.72,18.64,30,AA-,False,安全,45.4,53.0,24.7,35.4,62.6,6.1,60.0,,pledge_total_ratio/ownership_nature,-0.4077,2026-04-24,到期收盘,-2.15,2026-05-06,到期收盘,-3.104,2026-05-20,到期收盘
2026-04-17,9,123090.SZ,三诺转债,300298,三诺生物,B下修事件,C,32.3,116.42,112.0,cb_basic.maturity_call_price,4.42,154.36,174,AA,False,安全,33.8,83.0,26.5,30.5,62.5,5.0,60.0,,pledge_total_ratio/ownership_nature,-1.2867,2026-04-24,到期收盘,-0.9431,2026-05-06,到期收盘,-1.8974,2026-05-20,到期收盘
2026-04-20,1,128108.SZ,蓝帆转债,002382,蓝帆医疗,底价观察,B,56.3,108.15,108.0,cb_call.call_price,0.15,17.46,-33,AA-,False,安全,47.0,53.0,74.7,37.1,62.5,11.3,60.0,,pledge_total_ratio/ownership_nature,-0.0647,2026-04-27,到期收盘,-0.417,2026-05-07,到期收盘,-0.7869,2026-05-21,到期收盘
2026-04-20,2,127017.SZ,万青转债,000789,万年青,B下修事件,B,54.7,112.75,113.0,cb_call.call_price,-0.25,89.32,-27,AA+,False,安全,34.0,83.0,76.0,30.5,62.5,6.3,60.0,,pledge_total_ratio/ownership_nature,-0.0035,2026-04-27,到期收盘,0.0381,2026-05-07,到期收盘,0.157,2026-05-21,到期收盘
2026-04-20,3,113584.SH,家悦转债,603708,家家悦,底价观察,B,54.5,110.25,110.0,cb_call.call_price,0.25,20.73,-25,AA,False,安全,44.4,53.0,73.7,32.5,62.4,9.6,60.0,,pledge_total_ratio/ownership_nature,-0.3238,2026-04-27,到期收盘,-0.4136,2026-05-07,到期收盘,-0.38,2026-05-21,到期收盘
2026-04-20,4,127018.SZ,本钢转债,000761,本钢板材,底价观察,B,54.5,118.62,119.0,cb_call.call_price,-0.38,29.65,-1,AAA,False,安全,41.9,53.0,76.0,23.9,62.6,21.0,60.0,,pledge_total_ratio/ownership_nature,-0.0169,2026-04-27,到期收盘,-0.236,2026-05-07,到期收盘,-0.1391,2026-05-21,到期收盘
2026-04-20,5,113037.SH,紫银转债,601860,紫金银行,B下修事件,B,50.3,109.56,110.0,cb_basic.maturity_call_price,-0.44,45.66,23,AA+,False,安全,37.3,83.0,61.8,32.9,62.5,20.4,60.0,,pledge_total_ratio/ownership_nature,0.0429,2026-04-27,到期收盘,0.0657,2026-05-07,到期收盘,0.1214,2026-05-21,到期收盘
2026-04-20,6,128135.SZ,洽洽转债,002557,洽洽食品,B下修事件,B,49.1,114.72,115.0,cb_basic.maturity_call_price,-0.28,166.2,112,AA,False,安全,33.2,83.0,63.5,30.5,60.0,9.5,60.0,,pledge_total_ratio/ownership_nature,-0.1691,2026-04-27,到期收盘,-0.1709,2026-05-07,到期收盘,-0.2362,2026-05-21,到期收盘
2026-04-20,7,127041.SZ,弘亚转债,002833,弘亚数控,底价观察,C,39.6,119.0,115.0,cb_call.call_price,4.0,8.24,12,AA-,False,安全,53.1,53.0,30.1,51.2,60.0,13.0,60.0,,pledge_total_ratio/ownership_nature,1.6546,2026-04-27,到期收盘,5.0,2026-04-28,止盈,5.0,2026-04-28,止盈
2026-04-20,8,123090.SZ,三诺转债,300298,三诺生物,B下修事件,C,32.4,116.39,112.0,cb_basic.maturity_call_price,4.39,152.07,174,AA,False,安全,33.8,83.0,26.7,30.5,62.5,5.0,60.0,,pledge_total_ratio/ownership_nature,-0.885,2026-04-27,到期收盘,-0.2835,2026-05-07,到期收盘,-2.0784,2026-05-21,到期收盘
2026-04-21,1,127017.SZ,万青转债,000789,万年青,B下修事件,B,54.8,112.8,113.0,cb_call.call_price,-0.2,90.15,-27,AA+,False,安全,34.1,83.0,76.0,30.5,62.6,6.9,60.0,,pledge_total_ratio/ownership_nature,-0.0239,2026-04-28,到期收盘,0.0177,2026-05-08,到期收盘,0.0727,2026-05-25,到期收盘
2026-04-21,2,113584.SH,家悦转债,603708,家家悦,底价观察,B,54.0,109.98,110.0,cb_call.call_price,-0.02,24.37,-25,AA,False,安全,41.5,53.0,76.0,27.4,62.4,7.2,60.0,,pledge_total_ratio/ownership_nature,-0.1418,2026-04-28,到期收盘,-0.1509,2026-05-08,到期收盘,-0.1355,2026-05-25,到期收盘
2026-04-21,3,128135.SZ,洽洽转债,002557,洽洽食品,B下修事件,B,50.5,114.74,115.0,cb_basic.maturity_call_price,-0.26,159.89,112,AA,False,安全,36.1,83.0,63.5,30.5,62.6,20.5,60.0,,pledge_total_ratio/ownership_nature,-0.2092,2026-04-28,到期收盘,-0.1865,2026-05-08,到期收盘,-0.2737,2026-05-25,到期收盘
2026-04-21,4,113037.SH,紫银转债,601860,紫金银行,B下修事件,B,49.8,109.58,110.0,cb_basic.maturity_call_price,-0.42,45.15,23,AA+,False,安全,36.5,83.0,61.8,33.2,62.5,13.9,60.0,,pledge_total_ratio/ownership_nature,0.0137,2026-04-28,到期收盘,0.0566,2026-05-08,到期收盘,0.1624,2026-05-25,到期收盘
2026-04-21,5,127041.SZ,弘亚转债,002833,弘亚数控,底价观察,C,40.6,119.0,115.0,cb_call.call_price,4.0,6.01,12,AA-,False,安全,56.1,53.0,30.0,55.9,62.5,9.0,60.0,,pledge_total_ratio/ownership_nature,5.0,2026-04-28,止盈,5.0,2026-04-28,止盈,5.0,2026-04-28,止盈
2026-04-21,6,123090.SZ,三诺转债,300298,三诺生物,B下修事件,C,36.0,115.5,112.0,cb_basic.maturity_call_price,3.5,148.41,174,AA,False,安全,33.8,83.0,34.8,30.5,62.5,5.0,60.0,,pledge_total_ratio/ownership_nature,-0.4372,2026-04-28,到期收盘,0.019,2026-05-08,到期收盘,-2.0442,2026-05-25,到期收盘
2026-04-22,1,128108.SZ,蓝帆转债,002382,蓝帆医疗,底价观察,B,57.2,108.3,108.0,cb_call.call_price,0.3,12.7,-33,AA-,False,安全,50.2,53.0,73.3,43.7,62.5,10.8,60.0,,pledge_total_ratio/ownership_nature,-0.3758,2026-04-29,到期收盘,-0.5411,2026-05-11,到期收盘,-0.6196,2026-05-26,到期收盘
2026-04-22,2,127017.SZ,万青转债,000789,万年青,B下修事件,B,54.6,112.76,113.0,cb_call.call_price,-0.24,90.84,-27,AA+,False,安全,33.8,83.0,76.0,30.5,62.5,5.0,60.0,,pledge_total_ratio/ownership_nature,0.0,2026-04-29,到期收盘,0.0709,2026-05-11,到期收盘,0.0958,2026-05-26,到期收盘
2026-04-22,3,113584.SH,家悦转债,603708,家家悦,底价观察,B,52.6,110.16,110.0,cb_call.call_price,0.16,26.17,-25,AA,False,安全,39.3,53.0,74.6,25.8,60.0,6.1,60.0,,pledge_total_ratio/ownership_nature,-0.3123,2026-04-29,到期收盘,-0.3086,2026-05-11,到期收盘,-0.3804,2026-05-26,到期收盘
2026-04-22,4,113037.SH,紫银转债,601860,紫金银行,B下修事件,B,50.4,109.57,110.0,cb_basic.maturity_call_price,-0.43,45.14,23,AA+,False,安全,37.5,83.0,61.8,33.2,62.5,20.9,60.0,,pledge_total_ratio/ownership_nature,0.0438,2026-04-29,到期收盘,0.0593,2026-05-11,到期收盘,0.136,2026-05-26,到期收盘
2026-04-22,5,128135.SZ,洽洽转债,002557,洽洽食品,B下修事件,B,49.5,114.7,115.0,cb_basic.maturity_call_price,-0.3,166.51,112,AA,False,安全,34.6,83.0,63.5,30.5,62.5,10.7,60.0,,pledge_total_ratio/ownership_nature,-0.1831,2026-04-29,到期收盘,-0.1351,2026-05-11,到期收盘,-0.3705,2026-05-26,到期收盘
2026-04-22,6,127041.SZ,弘亚转债,002833,弘亚数控,底价观察,C,41.1,118.66,115.0,cb_call.call_price,3.66,7.46,12,AA-,False,安全,54.2,53.0,33.1,52.8,62.5,7.1,60.0,,pledge_total_ratio/ownership_nature,5.0,2026-04-28,止盈,5.0,2026-04-28,止盈,5.0,2026-04-28,止盈
2026-04-22,7,123090.SZ,三诺转债,300298,三诺生物,B下修事件,C,35.5,115.62,112.0,cb_basic.maturity_call_price,3.62,146.38,174,AA,False,安全,33.8,83.0,33.7,30.5,62.5,5.0,60.0,,pledge_total_ratio/ownership_nature,-0.3295,2026-04-29,到期收盘,0.7897,2026-05-11,到期收盘,-2.3871,2026-05-26,到期收盘
2026-04-22,8,128125.SZ,华阳转债,002949,华阳国际,底价观察,C,32.8,117.96,113.0,cb_call.call_price,4.96,17.55,30,AA-,False,安全,46.9,53.0,22.6,36.9,62.6,11.0,60.0,,pledge_total_ratio/ownership_nature,-0.2543,2026-04-29,到期收盘,-1.0088,2026-05-11,到期收盘,-3.7911,2026-05-26,到期收盘
2026-04-23,1,128108.SZ,蓝帆转债,002382,蓝帆医疗,底价观察,B,56.6,108.14,108.0,cb_call.call_price,0.14,14.62,-33,AA-,False,安全,47.1,53.0,74.8,41.0,60.0,7.1,60.0,,pledge_total_ratio/ownership_nature,-0.2081,2026-04-30,到期收盘,-0.4994,2026-05-12,到期收盘,-0.4725,2026-05-27,到期收盘
2026-04-23,2,127017.SZ,万青转债,000789,万年青,B下修事件,B,54.4,112.84,113.0,cb_call.call_price,-0.16,89.11,-27,AA+,False,安全,32.7,83.0,76.0,30.5,60.0,6.0,60.0,,pledge_total_ratio/ownership_nature,-0.031,2026-04-30,到期收盘,-0.0222,2026-05-12,到期收盘,0.0408,2026-05-27,到期收盘
2026-04-23,3,113584.SH,家悦转债,603708,家家悦,底价观察,B,53.3,110.03,110.0,cb_call.call_price,0.03,25.68,-25,AA,False,安全,40.5,53.0,75.7,26.1,62.4,5.0,60.0,,pledge_total_ratio/ownership_nature,-0.2145,2026-04-30,到期收盘,-0.2045,2026-05-12,到期收盘,-0.2027,2026-05-27,到期收盘
2026-04-23,4,113037.SH,紫银转债,601860,紫金银行,B下修事件,B,51.2,109.59,110.0,cb_basic.maturity_call_price,-0.41,41.98,23,AA+,False,安全,38.9,83.0,61.8,35.0,62.5,24.2,60.0,,pledge_total_ratio/ownership_nature,0.0301,2026-04-30,到期收盘,0.0411,2026-05-12,到期收盘,0.1515,2026-05-27,到期收盘
2026-04-23,5,128135.SZ,洽洽转债,002557,洽洽食品,B下修事件,B,49.9,114.47,115.0,cb_basic.maturity_call_price,-0.53,174.68,112,AA,False,安全,35.2,83.0,63.5,30.5,62.5,14.4,60.0,,pledge_total_ratio/ownership_nature,0.0402,2026-04-30,到期收盘,0.0419,2026-05-12,到期收盘,-0.1232,2026-05-27,到期收盘
2026-04-23,6,127041.SZ,弘亚转债,002833,弘亚数控,底价观察,C,39.2,118.97,115.0,cb_call.call_price,3.97,8.34,12,AA-,False,安全,53.1,53.0,30.3,51.0,62.5,5.5,60.0,,pledge_total_ratio/ownership_nature,5.0,2026-04-28,止盈,5.0,2026-04-28,止盈,5.0,2026-04-28,止盈
2026-04-23,7,123090.SZ,三诺转债,300298,三诺生物,B下修事件,C,37.4,115.11,112.0,cb_basic.maturity_call_price,3.11,145.28,174,AA,False,安全,32.5,83.0,38.3,30.5,60.0,5.0,60.0,,pledge_total_ratio/ownership_nature,0.2598,2026-04-30,到期收盘,0.4292,2026-05-12,到期收盘,-2.2153,2026-05-27,到期收盘
2026-04-23,8,128125.SZ,华阳转债,002949,华阳国际,底价观察,C,32.1,117.9,113.0,cb_call.call_price,4.9,18.48,30,AA-,False,安全,45.5,53.0,23.1,35.6,62.5,6.0,60.0,,pledge_total_ratio/ownership_nature,-0.9194,2026-04-30,到期收盘,-1.5199,2026-05-12,到期收盘,-4.0466,2026-05-27,到期收盘
2026-04-24,1,128108.SZ,蓝帆转债,002382,蓝帆医疗,底价观察,B,59.7,108.3,108.0,cb_call.call_price,0.3,8.57,-33,AA-,False,安全,53.8,53.0,73.3,50.5,60.0,20.6,60.0,,pledge_total_ratio/ownership_nature,-0.4737,2026-05-06,到期收盘,-0.6445,2026-05-13,到期收盘,,,
2026-04-24,2,127017.SZ,万青转债,000789,万年青,B下修事件,B,55.1,112.78,113.0,cb_call.call_price,-0.22,89.0,-27,AA+,False,安全,34.6,83.0,76.0,30.5,62.6,10.3,60.0,,pledge_total_ratio/ownership_nature,0.0337,2026-05-06,到期收盘,0.0355,2026-05-13,到期收盘,0.1507,2026-05-28,到期收盘
2026-04-24,3,113584.SH,家悦转债,603708,家家悦,底价观察,B,53.7,109.92,110.0,cb_call.call_price,-0.08,26.83,-25,AA,False,安全,40.8,53.0,76.0,25.5,62.6,8.7,60.0,,pledge_total_ratio/ownership_nature,-0.0864,2026-05-06,到期收盘,-0.1092,2026-05-13,到期收盘,-0.0273,2026-05-28,到期收盘
2026-04-24,4,113037.SH,紫银转债,601860,紫金银行,B下修事件,B,50.7,109.59,110.0,cb_basic.maturity_call_price,-0.41,43.03,23,AA+,False,安全,38.0,83.0,61.8,34.4,62.5,20.5,60.0,,pledge_total_ratio/ownership_nature,0.0265,2026-05-06,到期收盘,0.0465,2026-05-13,到期收盘,0.1095,2026-05-28,到期收盘
2026-04-24,5,128135.SZ,洽洽转债,002557,洽洽食品,B下修事件,B,49.1,114.58,115.0,cb_basic.maturity_call_price,-0.42,171.86,112,AA,False,安全,34.0,83.0,63.5,30.5,62.5,6.7,60.0,,pledge_total_ratio/ownership_nature,-0.0698,2026-05-06,到期收盘,-0.055,2026-05-13,到期收盘,-0.2461,2026-05-28,到期收盘
2026-04-24,6,127041.SZ,弘亚转债,002833,弘亚数控,底价观察,C,38.7,119.9,115.0,cb_call.call_price,4.9,4.43,12,AA-,False,安全,58.1,53.0,21.9,59.2,60.0,20.1,60.0,,pledge_total_ratio/ownership_nature,5.0,2026-04-28,止盈,5.0,2026-04-28,止盈,5.0,2026-04-28,止盈
2026-04-24,7,123090.SZ,三诺转债,300298,三诺生物,B下修事件,C,38.1,114.92,112.0,cb_basic.maturity_call_price,2.92,145.95,174,AA,False,安全,32.5,83.0,40.0,30.5,60.0,5.0,60.0,,pledge_total_ratio/ownership_nature,0.3498,2026-05-06,到期收盘,0.3228,2026-05-13,到期收盘,-1.7525,2026-05-28,到期收盘
2026-04-24,8,128125.SZ,华阳转债,002949,华阳国际,底价观察,C,34.5,117.24,113.0,cb_call.call_price,4.24,18.83,30,AA-,False,安全,44.2,53.0,29.0,35.1,60.0,7.2,60.0,,pledge_total_ratio/ownership_nature,-1.7494,2026-05-06,到期收盘,-1.1293,2026-05-13,到期收盘,-3.625,2026-05-28,到期收盘
2026-04-27,1,128108.SZ,蓝帆转债,002382,蓝帆医疗,底价观察,B,57.7,108.08,108.0,cb_call.call_price,0.08,14.72,-33,AA-,False,安全,48.3,53.0,75.3,40.9,60.0,15.8,60.0,,pledge_total_ratio/ownership_nature,-0.3525,2026-05-07,到期收盘,-0.5228,2026-05-14,到期收盘,,,
2026-04-27,2,127017.SZ,万青转债,000789,万年青,B下修事件,B,54.8,112.75,113.0,cb_call.call_price,-0.25,90.44,-27,AA+,False,安全,33.2,83.0,76.0,30.5,60.0,9.4,60.0,,pledge_total_ratio/ownership_nature,0.0381,2026-05-07,到期收盘,0.0789,2026-05-14,到期收盘,0.1774,2026-06-01,到期收盘
2026-04-27,3,113584.SH,家悦转债,603708,家家悦,底价观察,B,53.5,109.89,110.0,cb_call.call_price,-0.11,25.64,-25,AA,False,安全,40.6,53.0,76.0,26.1,62.5,5.0,60.0,,pledge_total_ratio/ownership_nature,-0.0874,2026-05-07,到期收盘,-0.0628,2026-05-14,到期收盘,0.0564,2026-06-01,到期收盘
2026-04-27,4,113037.SH,紫银转债,601860,紫金银行,B下修事件,B,49.5,109.61,110.0,cb_basic.maturity_call_price,-0.39,45.19,23,AA+,False,安全,35.2,83.0,61.8,33.2,60.0,14.3,60.0,,pledge_total_ratio/ownership_nature,0.0201,2026-05-07,到期收盘,0.0182,2026-05-14,到期收盘,0.1451,2026-06-01,到期收盘
2026-04-27,5,128135.SZ,洽洽转债,002557,洽洽食品,B下修事件,B,48.8,114.53,115.0,cb_basic.maturity_call_price,-0.47,177.23,112,AA,False,安全,32.7,83.0,63.5,30.5,60.0,6.2,60.0,,pledge_total_ratio/ownership_nature,-0.0052,2026-05-07,到期收盘,-0.0716,2026-05-14,到期收盘,-0.1554,2026-06-01,到期收盘
2026-04-27,6,123090.SZ,三诺转债,300298,三诺生物,B下修事件,C,36.3,115.36,112.0,cb_basic.maturity_call_price,3.36,144.76,174,AA,False,安全,32.5,83.0,36.0,30.5,60.0,5.0,60.0,,pledge_total_ratio/ownership_nature,0.6068,2026-05-07,到期收盘,-0.7368,2026-05-14,到期收盘,-1.543,2026-06-01,到期收盘
2026-04-28,1,128108.SZ,蓝帆转债,002382,蓝帆医疗,底价观察,B,58.6,108.01,108.0,cb_call.call_price,0.01,14.18,-33,AA-,False,安全,49.4,53.0,75.9,41.6,60.0,20.6,60.0,,pledge_total_ratio/ownership_nature,-0.287,2026-05-08,到期收盘,-0.4351,2026-05-15,到期收盘,,,
2026-04-28,2,127017.SZ,万青转债,000789,万年青,B下修事件,B,54.7,112.77,113.0,cb_call.call_price,-0.23,93.94,-27,AA+,False,安全,34.0,83.0,76.0,30.5,62.5,6.4,60.0,,pledge_total_ratio/ownership_nature,0.0443,2026-05-08,到期收盘,0.0896,2026-05-15,到期收盘,0.1596,2026-06-02,到期收盘
2026-04-28,3,113584.SH,家悦转债,603708,家家悦,底价观察,B,53.4,109.82,110.0,cb_call.call_price,-0.18,26.84,-25,AA,False,安全,40.3,53.0,76.0,25.5,62.5,5.8,60.0,,pledge_total_ratio/ownership_nature,-0.0055,2026-05-08,到期收盘,0.0091,2026-05-15,到期收盘,0.1202,2026-06-02,到期收盘
2026-04-28,4,113037.SH,紫银转债,601860,紫金银行,B下修事件,B,49.0,109.59,110.0,cb_basic.maturity_call_price,-0.41,45.72,23,AA+,False,安全,35.3,83.0,61.8,32.9,62.5,7.2,60.0,,pledge_total_ratio/ownership_nature,0.0474,2026-05-08,到期收盘,0.0283,2026-05-15,到期收盘,0.1725,2026-06-02,到期收盘
2026-04-28,5,128135.SZ,洽洽转债,002557,洽洽食品,B下修事件,B,48.8,114.5,115.0,cb_basic.maturity_call_price,-0.5,176.68,112,AA,False,安全,32.7,83.0,63.5,30.5,60.0,6.2,60.0,,pledge_total_ratio/ownership_nature,0.0227,2026-05-08,到期收盘,-0.0271,2026-05-15,到期收盘,-0.0961,2026-06-02,到期收盘
2026-04-28,6,123090.SZ,三诺转债,300298,三诺生物,B下修事件,C,37.8,115.0,112.0,cb_basic.maturity_call_price,3.0,134.75,174,AA,False,安全,32.6,83.0,39.3,30.5,60.0,5.4,60.0,,pledge_total_ratio/ownership_nature,0.4539,2026-05-08,到期收盘,-0.3878,2026-05-15,到期收盘,-1.62,2026-06-02,到期收盘
2026-04-28,7,128125.SZ,华阳转债,002949,华阳国际,底价观察,C,35.1,117.4,113.0,cb_call.call_price,4.4,16.09,30,AA-,False,安全,47.3,53.0,27.6,39.0,62.5,6.7,60.0,,pledge_total_ratio/ownership_nature,-0.2726,2026-05-08,到期收盘,-2.0528,2026-05-15,到期收盘,-3.6457,2026-06-02,到期收盘
2026-04-28,8,123072.SZ,乐歌转债,300729,乐歌股份,B下修事件,C,34.1,124.8,120.0,cb_basic.maturity_call_price,4.8,230.07,113,A+,False,安全,33.8,83.0,30.4,30.5,62.6,5.0,60.0,,pledge_total_ratio/ownership_nature,1.3622,2026-05-08,到期收盘,0.1587,2026-05-15,到期收盘,-1.5625,2026-06-02,到期收盘
2026-04-29,1,127017.SZ,万青转债,000789,万年青,B下修事件,B,54.8,112.76,113.0,cb_call.call_price,-0.24,92.75,-27,AA+,False,安全,34.2,83.0,76.0,30.5,62.6,7.6,60.0,,pledge_total_ratio/ownership_nature,0.0709,2026-05-11,到期收盘,0.1055,2026-05-18,到期收盘,,,
2026-04-29,2,127018.SZ,本钢转债,000761,本钢板材,底价观察,B,54.6,118.54,119.0,cb_call.call_price,-0.46,28.71,-1,AAA,False,安全,42.1,53.0,76.0,24.4,62.6,20.8,60.0,,pledge_total_ratio/ownership_nature,-0.1012,2026-05-11,到期收盘,-0.124,2026-05-18,到期收盘,0.1383,2026-06-03,到期收盘
2026-04-29,3,113584.SH,家悦转债,603708,家家悦,底价观察,B,53.5,109.82,110.0,cb_call.call_price,-0.18,26.36,-25,AA,False,安全,40.6,53.0,76.0,25.7,62.4,6.6,60.0,,pledge_total_ratio/ownership_nature,0.0,2026-05-11,到期收盘,0.0073,2026-05-18,到期收盘,0.1202,2026-06-03,到期收盘
2026-04-29,4,113037.SH,紫银转债,601860,紫金银行,B下修事件,B,49.4,109.62,110.0,cb_basic.maturity_call_price,-0.38,44.13,23,AA+,False,安全,36.0,83.0,61.8,33.8,62.5,8.8,60.0,,pledge_total_ratio/ownership_nature,0.0137,2026-05-11,到期收盘,0.0046,2026-05-18,到期收盘,0.1377,2026-06-03,到期收盘
2026-04-29,5,128135.SZ,洽洽转债,002557,洽洽食品,B下修事件,B,48.8,114.49,115.0,cb_basic.maturity_call_price,-0.51,171.76,112,AA,False,安全,32.6,83.0,63.5,30.5,60.0,5.5,60.0,,pledge_total_ratio/ownership_nature,0.048,2026-05-11,到期收盘,-0.0524,2026-05-18,到期收盘,-0.0926,2026-06-03,到期收盘
2026-04-29,6,123090.SZ,三诺转债,300298,三诺生物,B下修事件,C,36.8,115.24,112.0,cb_basic.maturity_call_price,3.24,139.93,174,AA,False,安全,32.5,83.0,37.1,30.5,60.0,5.0,60.0,,pledge_total_ratio/ownership_nature,1.122,2026-05-11,到期收盘,-0.7905,2026-05-18,到期收盘,-2.0349,2026-06-03,到期收盘
2026-04-29,7,128125.SZ,华阳转债,002949,华阳国际,底价观察,C,33.7,117.66,113.0,cb_call.call_price,4.66,16.02,30,AA-,False,安全,45.8,53.0,25.3,39.1,60.0,5.0,60.0,,pledge_total_ratio/ownership_nature,-0.7564,2026-05-11,到期收盘,-2.3219,2026-05-18,到期收盘,-4.0456,2026-06-03,到期收盘
2026-04-30,1,127017.SZ,万青转债,000789,万年青,B下修事件,B,54.6,112.81,113.0,cb_call.call_price,-0.19,94.0,-27,AA+,False,安全,33.8,83.0,76.0,30.5,62.6,5.0,60.0,,pledge_total_ratio/ownership_nature,0.0044,2026-05-12,到期收盘,0.0798,2026-05-19,到期收盘,,,
2026-04-30,2,113584.SH,家悦转债,603708,家家悦,底价观察,B,53.2,109.79,110.0,cb_call.call_price,-0.21,26.33,-25,AA,False,安全,39.1,53.0,76.0,25.8,60.0,5.0,60.0,,pledge_total_ratio/ownership_nature,0.0137,2026-05-12,到期收盘,0.0301,2026-05-19,到期收盘,0.1476,2026-06-04,到期收盘
2026-04-30,3,113037.SH,紫银转债,601860,紫金银行,B下修事件,B,50.1,109.62,110.0,cb_basic.maturity_call_price,-0.38,44.67,23,AA+,False,安全,37.0,83.0,61.8,33.5,62.5,16.3,60.0,,pledge_total_ratio/ownership_nature,0.0137,2026-05-12,到期收盘,0.0538,2026-05-19,到期收盘,0.1368,2026-06-04,到期收盘
2026-04-30,4,128135.SZ,洽洽转债,002557,洽洽食品,B下修事件,B,49.0,114.52,115.0,cb_basic.maturity_call_price,-0.48,170.42,112,AA,False,安全,33.8,83.0,63.5,30.5,62.5,5.5,60.0,,pledge_total_ratio/ownership_nature,-0.0017,2026-05-12,到期收盘,-0.0803,2026-05-19,到期收盘,-0.1423,2026-06-04,到期收盘
2026-04-30,5,128125.SZ,华阳转债,002949,华阳国际,底价观察,C,37.4,116.82,113.0,cb_call.call_price,3.82,15.19,30,AA-,False,安全,46.4,53.0,32.9,40.2,60.0,5.0,60.0,,pledge_total_ratio/ownership_nature,-0.6095,2026-05-12,到期收盘,-1.813,2026-05-19,到期收盘,-3.3222,2026-06-04,到期收盘
2026-04-30,6,123090.SZ,三诺转债,300298,三诺生物,B下修事件,C,36.1,115.41,112.0,cb_basic.maturity_call_price,3.41,139.56,174,AA,False,安全,32.5,83.0,35.6,30.5,60.0,5.0,60.0,,pledge_total_ratio/ownership_nature,0.1681,2026-05-12,到期收盘,-0.5519,2026-05-19,到期收盘,-2.6332,2026-06-04,到期收盘
2026-04-30,7,110075.SH,南航转债,600029,南方航空,底价观察,C,32.6,110.81,106.5,cb_basic.maturity_call_price,4.31,26.37,107,AAA,False,安全,44.0,50.0,23.0,25.7,60.0,37.8,60.0,,pledge_total_ratio/ownership_nature,1.0225,2026-05-12,到期收盘,0.4909,2026-05-19,到期收盘,-0.9061,2026-06-04,到期收盘
2026-05-06,1,127017.SZ,万青转债,000789,万年青,B下修事件,B,54.6,112.82,113.0,cb_call.call_price,-0.18,94.02,-27,AA+,False,安全,33.8,83.0,76.0,30.5,62.5,5.0,60.0,,pledge_total_ratio/ownership_nature,0.0,2026-05-13,到期收盘,0.0727,2026-05-20,到期收盘,,,
2026-05-06,2,113584.SH,家悦转债,603708,家家悦,底价观察,B,53.5,109.83,110.0,cb_call.call_price,-0.17,28.27,-25,AA,False,安全,40.4,53.0,76.0,24.7,62.4,9.1,60.0,,pledge_total_ratio/ownership_nature,-0.0273,2026-05-13,到期收盘,-0.0209,2026-05-20,到期收盘,,,
2026-05-06,3,113037.SH,紫银转债,601860,紫金银行,B下修事件,B,49.5,109.62,110.0,cb_basic.maturity_call_price,-0.38,44.66,23,AA+,False,安全,36.1,83.0,61.8,33.5,62.6,10.4,60.0,,pledge_total_ratio/ownership_nature,0.0192,2026-05-13,到期收盘,0.0785,2026-05-20,到期收盘,0.1505,2026-06-05,到期收盘
2026-05-06,4,128135.SZ,洽洽转债,002557,洽洽食品,B下修事件,B,48.7,114.5,115.0,cb_basic.maturity_call_price,-0.5,171.67,112,AA,False,安全,32.5,83.0,63.5,30.5,60.0,5.3,60.0,,pledge_total_ratio/ownership_nature,0.0148,2026-05-13,到期收盘,-0.0541,2026-05-20,到期收盘,-0.0873,2026-06-05,到期收盘
2026-05-06,5,128125.SZ,华阳转债,002949,华阳国际,底价观察,B,45.5,115.19,113.0,cb_call.call_price,2.19,13.59,30,AA-,False,安全,48.9,53.0,47.5,42.5,60.0,14.7,60.0,,pledge_total_ratio/ownership_nature,0.6303,2026-05-13,到期收盘,-0.9758,2026-05-20,到期收盘,-1.7545,2026-06-05,到期收盘
2026-05-06,6,123090.SZ,三诺转债,300298,三诺生物,B下修事件,C,36.5,115.32,112.0,cb_basic.maturity_call_price,3.32,141.12,174,AA,False,安全,32.5,83.0,36.4,30.5,60.0,5.0,60.0,,pledge_total_ratio/ownership_nature,-0.0251,2026-05-13,到期收盘,-0.9617,2026-05-20,到期收盘,-2.0803,2026-06-05,到期收盘
2026-05-07,1,127017.SZ,万青转债,000789,万年青,B下修事件,B,55.2,112.79,113.0,cb_call.call_price,-0.21,94.76,-27,AA+,False,安全,34.7,83.0,76.0,30.5,62.6,11.3,60.0,,pledge_total_ratio/ownership_nature,0.0434,2026-05-14,到期收盘,0.1215,2026-05-21,到期收盘,,,
2026-05-07,2,113584.SH,家悦转债,603708,家家悦,底价观察,B,53.3,109.79,110.0,cb_call.call_price,-0.21,29.57,-25,AA,False,安全,39.1,53.0,76.0,23.9,60.0,11.2,60.0,,pledge_total_ratio/ownership_nature,0.0282,2026-05-14,到期收盘,0.0373,2026-05-21,到期收盘,,,
2026-05-07,3,113037.SH,紫银转债,601860,紫金银行,B下修事件,B,50.1,109.63,110.0,cb_basic.maturity_call_price,-0.37,45.22,23,AA+,False,安全,37.0,83.0,61.8,33.2,62.5,17.5,60.0,,pledge_total_ratio/ownership_nature,0.0,2026-05-14,到期收盘,0.0575,2026-05-21,到期收盘,0.1441,2026-06-08,到期收盘
2026-05-07,4,128135.SZ,洽洽转债,002557,洽洽食品,B下修事件,B,49.0,114.52,115.0,cb_basic.maturity_call_price,-0.48,171.25,112,AA,False,安全,33.8,83.0,63.5,30.5,62.5,5.5,60.0,,pledge_total_ratio/ownership_nature,-0.0629,2026-05-14,到期收盘,-0.062,2026-05-21,到期收盘,-0.1205,2026-06-08,到期收盘
2026-05-07,5,128125.SZ,华阳转债,002949,华阳国际,底价观察,C,42.5,115.8,113.0,cb_call.call_price,2.8,14.75,30,AA-,False,安全,48.8,53.0,42.0,40.9,62.5,10.9,60.0,,pledge_total_ratio/ownership_nature,-0.5889,2026-05-14,到期收盘,-1.4983,2026-05-21,到期收盘,-2.3333,2026-06-08,到期收盘
2026-05-07,6,123090.SZ,三诺转债,300298,三诺生物,B下修事件,C,33.5,116.06,112.0,cb_basic.maturity_call_price,4.06,135.12,174,AA,False,安全,32.5,83.0,29.7,30.5,60.0,5.0,60.0,,pledge_total_ratio/ownership_nature,-1.3355,2026-05-14,到期收盘,-1.7999,2026-05-21,到期收盘,-2.796,2026-06-08,到期收盘
2026-05-07,7,123064.SZ,万孚转债,300482,万孚生物,底价观察,C,28.2,114.92,110.0,cb_basic.maturity_call_price,4.92,29.36,63,AA,False,安全,38.3,53.0,21.5,24.1,60.0,5.2,60.0,,pledge_total_ratio/ownership_nature,-1.3401,2026-05-14,到期收盘,-2.7837,2026-05-21,到期收盘,-0.322,2026-06-08,到期收盘
2026-05-08,1,127017.SZ,万青转债,000789,万年青,B下修事件,B,54.3,112.82,113.0,cb_call.call_price,-0.18,94.81,-27,AA+,False,安全,32.5,83.0,76.0,30.5,60.0,5.0,60.0,,pledge_total_ratio/ownership_nature,0.0452,2026-05-15,到期收盘,0.055,2026-05-25,到期收盘,,,
2026-05-08,2,113584.SH,家悦转债,603708,家家悦,底价观察,B,53.0,109.81,110.0,cb_call.call_price,-0.19,28.98,-25,AA,False,安全,39.6,53.0,76.0,24.3,62.4,5.0,60.0,,pledge_total_ratio/ownership_nature,0.0182,2026-05-15,到期收盘,0.0191,2026-05-25,到期收盘,,,
2026-05-08,3,113037.SH,紫银转债,601860,紫金银行,B下修事件,B,49.8,109.64,110.0,cb_basic.maturity_call_price,-0.36,45.78,23,AA+,False,安全,36.4,83.0,61.8,32.9,62.5,14.8,60.0,,pledge_total_ratio/ownership_nature,-0.0173,2026-05-15,到期收盘,0.1076,2026-05-25,到期收盘,0.1341,2026-06-09,到期收盘
2026-05-08,4,128135.SZ,洽洽转债,002557,洽洽食品,B下修事件,B,49.0,114.53,115.0,cb_basic.maturity_call_price,-0.47,173.62,112,AA,False,安全,33.8,83.0,63.5,30.5,62.6,5.0,60.0,,pledge_total_ratio/ownership_nature,-0.0533,2026-05-15,到期收盘,-0.0908,2026-05-25,到期收盘,-0.117,2026-06-09,到期收盘
2026-05-08,5,128125.SZ,华阳转债,002949,华阳国际,底价观察,C,37.7,117.08,113.0,cb_call.call_price,4.08,13.4,30,AA-,False,安全,49.8,53.0,30.5,42.7,62.6,10.7,60.0,,pledge_total_ratio/ownership_nature,-1.7851,2026-05-15,到期收盘,-2.7759,2026-05-25,到期收盘,-3.3507,2026-06-09,到期收盘
2026-05-08,6,123090.SZ,三诺转债,300298,三诺生物,B下修事件,C,35.9,115.52,112.0,cb_basic.maturity_call_price,3.52,134.03,174,AA,False,安全,33.8,83.0,34.6,30.5,62.5,5.0,60.0,,pledge_total_ratio/ownership_nature,-0.8362,2026-05-15,到期收盘,-2.0611,2026-05-25,到期收盘,-2.268,2026-06-09,到期收盘
2026-05-11,1,127017.SZ,万青转债,000789,万年青,B下修事件,B,54.3,112.84,113.0,cb_call.call_price,-0.16,92.89,-27,AA+,False,安全,32.5,83.0,76.0,30.5,60.0,5.0,60.0,,pledge_total_ratio/ownership_nature,0.0346,2026-05-18,到期收盘,0.0248,2026-05-26,到期收盘,,,
2026-05-11,2,113037.SH,紫银转债,601860,紫金银行,B下修事件,B,50.0,109.64,110.0,cb_basic.maturity_call_price,-0.36,45.77,23,AA+,False,安全,35.8,83.0,61.8,32.9,60.0,19.4,60.0,,pledge_total_ratio/ownership_nature,-0.0137,2026-05-18,到期收盘,0.0721,2026-05-26,到期收盘,0.1323,2026-06-10,到期收盘
2026-05-11,3,128135.SZ,洽洽转债,002557,洽洽食品,B下修事件,B,48.7,114.55,115.0,cb_basic.maturity_call_price,-0.45,177.28,112,AA,False,安全,32.5,83.0,63.5,30.5,60.0,5.0,60.0,,pledge_total_ratio/ownership_nature,-0.1048,2026-05-18,到期收盘,-0.2401,2026-05-26,到期收盘,-0.0725,2026-06-10,到期收盘
2026-05-11,4,128125.SZ,华阳转债,002949,华阳国际,底价观察,C,39.3,116.77,113.0,cb_call.call_price,3.77,11.58,30,AA-,False,安全,49.7,53.0,33.3,45.3,60.0,10.1,60.0,,pledge_total_ratio/ownership_nature,-1.5775,2026-05-18,到期收盘,-2.8107,2026-05-26,到期收盘,-3.1857,2026-06-10,到期收盘
2026-05-11,5,123090.SZ,三诺转债,300298,三诺生物,B下修事件,C,31.6,116.53,112.0,cb_basic.maturity_call_price,4.53,133.2,174,AA,False,安全,32.5,83.0,25.5,30.5,60.0,5.0,60.0,,pledge_total_ratio/ownership_nature,-1.8888,2026-05-18,到期收盘,-3.1494,2026-05-26,到期收盘,-3.2009,2026-06-10,到期收盘
2026-05-12,1,127017.SZ,万青转债,000789,万年青,B下修事件,B,54.7,112.81,113.0,cb_call.call_price,-0.19,95.2,-27,AA+,False,安全,33.9,83.0,76.0,30.5,62.6,5.6,60.0,,pledge_total_ratio/ownership_nature,0.0798,2026-05-19,到期收盘,0.0674,2026-05-27,到期收盘,,,
2026-05-12,2,113037.SH,紫银转债,601860,紫金银行,B下修事件,B,50.0,109.64,110.0,cb_basic.maturity_call_price,-0.36,46.32,23,AA+,False,安全,35.9,83.0,61.8,32.6,60.0,20.7,60.0,,pledge_total_ratio/ownership_nature,0.0356,2026-05-19,到期收盘,0.1058,2026-05-27,到期收盘,0.1222,2026-06-11,到期收盘
2026-05-12,3,128135.SZ,洽洽转债,002557,洽洽食品,B下修事件,B,49.1,114.52,115.0,cb_basic.maturity_call_price,-0.48,185.26,112,AA,False,安全,34.0,83.0,63.5,30.5,62.5,6.5,60.0,,pledge_total_ratio/ownership_nature,-0.0803,2026-05-19,到期收盘,-0.1668,2026-05-27,到期收盘,-0.0856,2026-06-11,到期收盘
2026-05-12,4,128125.SZ,华阳转债,002949,华阳国际,底价观察,C,41.3,116.11,113.0,cb_call.call_price,3.11,13.24,30,AA-,False,安全,49.3,53.0,39.2,43.0,62.5,6.8,60.0,,pledge_total_ratio/ownership_nature,-1.2126,2026-05-19,到期收盘,-2.5674,2026-05-27,到期收盘,-2.551,2026-06-11,到期收盘
2026-05-12,5,123090.SZ,三诺转债,300298,三诺生物,B下修事件,C,35.6,115.6,112.0,cb_basic.maturity_call_price,3.6,134.74,174,AA,False,安全,33.8,83.0,33.8,30.5,62.6,5.0,60.0,,pledge_total_ratio/ownership_nature,-0.7154,2026-05-19,到期收盘,-2.6298,2026-05-27,到期收盘,-2.0606,2026-06-11,到期收盘
2026-05-12,6,123071.SZ,天能转债,300569,天能重工,底价观察,C,27.9,120.0,115.0,cb_basic.maturity_call_price,5.0,28.67,113,AA-,False,安全,38.7,53.0,20.4,24.4,60.0,6.6,60.0,,pledge_total_ratio/ownership_nature,-1.1933,2026-05-19,到期收盘,-3.0933,2026-05-27,到期收盘,-3.6967,2026-06-11,到期收盘
2026-05-13,1,127017.SZ,万青转债,000789,万年青,B下修事件,B,54.6,112.82,113.0,cb_call.call_price,-0.18,96.0,-27,AA+,False,安全,33.8,83.0,76.0,30.5,62.5,5.0,60.0,,pledge_total_ratio/ownership_nature,0.0727,2026-05-20,到期收盘,0.1152,2026-05-28,到期收盘,,,
2026-05-13,2,113037.SH,紫银转债,601860,紫金银行,B下修事件,B,49.6,109.64,110.0,cb_basic.maturity_call_price,-0.36,46.33,23,AA+,False,安全,35.3,83.0,61.8,32.6,60.0,16.7,60.0,,pledge_total_ratio/ownership_nature,0.0602,2026-05-20,到期收盘,0.0638,2026-05-28,到期收盘,0.124,2026-06-12,到期收盘
2026-05-13,3,128135.SZ,洽洽转债,002557,洽洽食品,B下修事件,B,48.7,114.52,115.0,cb_basic.maturity_call_price,-0.48,189.32,112,AA,False,安全,32.5,83.0,63.5,30.5,60.0,5.0,60.0,,pledge_total_ratio/ownership_nature,-0.0716,2026-05-20,到期收盘,-0.1939,2026-05-28,到期收盘,-0.0838,2026-06-12,到期收盘
2026-05-13,4,128125.SZ,华阳转债,002949,华阳国际,底价观察,C,42.5,115.92,113.0,cb_call.call_price,2.92,12.05,30,AA-,False,安全,50.1,53.0,41.0,44.6,62.6,6.8,60.0,,pledge_total_ratio/ownership_nature,-1.5994,2026-05-20,到期收盘,-2.5276,2026-05-28,到期收盘,-2.4457,2026-06-12,到期收盘
2026-05-13,5,123090.SZ,三诺转债,300298,三诺生物,B下修事件,C,36.9,115.29,112.0,cb_basic.maturity_call_price,3.29,134.94,174,AA,False,安全,33.8,83.0,36.7,30.5,62.5,5.0,60.0,,pledge_total_ratio/ownership_nature,-0.9359,2026-05-20,到期收盘,-2.0678,2026-05-28,到期收盘,-2.0609,2026-06-12,到期收盘
2026-05-14,1,127017.SZ,万青转债,000789,万年青,B下修事件,B,54.3,112.84,113.0,cb_call.call_price,-0.16,98.87,-27,AA+,False,安全,32.5,83.0,76.0,30.5,60.0,5.0,60.0,,pledge_total_ratio/ownership_nature,0.0771,2026-05-21,到期收盘,0.0975,2026-06-01,到期收盘,,,
2026-05-14,2,113037.SH,紫银转债,601860,紫金银行,B下修事件,B,50.1,109.63,110.0,cb_basic.maturity_call_price,-0.37,47.98,23,AA+,False,安全,36.8,83.0,61.8,31.6,62.5,21.2,60.0,,pledge_total_ratio/ownership_nature,0.0575,2026-05-21,到期收盘,0.1268,2026-06-01,到期收盘,0.145,2026-06-15,到期收盘
2026-05-14,3,128135.SZ,洽洽转债,002557,洽洽食品,B下修事件,B,49.1,114.45,115.0,cb_basic.maturity_call_price,-0.55,188.88,112,AA,False,安全,34.0,83.0,63.5,30.5,62.5,6.7,60.0,,pledge_total_ratio/ownership_nature,-0.0009,2026-05-21,到期收盘,-0.0856,2026-06-01,到期收盘,-0.1022,2026-06-15,到期收盘
2026-05-14,4,128125.SZ,华阳转债,002949,华阳国际,底价观察,C,45.0,115.12,113.0,cb_call.call_price,2.12,14.31,30,AA-,False,安全,47.7,53.0,48.1,41.5,60.0,9.7,60.0,,pledge_total_ratio/ownership_nature,-0.9164,2026-05-21,到期收盘,-1.144,2026-06-01,到期收盘,-1.6939,2026-06-15,到期收盘
2026-05-14,5,113588.SH,润达转债,603108,润达医疗,底价观察,C,43.9,112.59,109.0,cb_call.call_price,3.59,14.08,-13,AA,False,安全,49.9,53.0,43.7,41.8,62.5,14.9,60.0,,pledge_total_ratio/ownership_nature,5.0,2026-05-15,止盈,5.0,2026-05-15,止盈,5.0,2026-05-15,止盈
2026-05-14,6,123090.SZ,三诺转债,300298,三诺生物,B下修事件,C,39.9,114.51,112.0,cb_basic.maturity_call_price,2.51,134.73,174,AA,False,安全,32.6,83.0,43.7,30.5,60.0,5.9,60.0,,pledge_total_ratio/ownership_nature,-0.4707,2026-05-21,到期收盘,-0.8122,2026-06-01,到期收盘,-0.517,2026-06-15,到期收盘
2026-05-14,7,123071.SZ,天能转债,300569,天能重工,底价观察,C,35.9,118.06,115.0,cb_basic.maturity_call_price,3.06,29.07,113,AA-,False,安全,38.9,53.0,37.8,24.2,60.0,8.9,60.0,,pledge_total_ratio/ownership_nature,-1.2536,2026-05-21,到期收盘,0.4616,2026-06-01,到期收盘,-1.6585,2026-06-15,到期收盘
2026-05-14,8,128134.SZ,鸿路转债,002541,鸿路钢构,底价观察,C,35.8,114.58,110.0,cb_basic.maturity_call_price,4.58,9.58,101,AA,False,安全,52.5,53.0,22.0,48.4,60.0,18.4,60.0,,pledge_total_ratio/ownership_nature,-1.0482,2026-05-21,到期收盘,1.0386,2026-06-01,到期收盘,2.6863,2026-06-15,到期收盘
2026-05-14,9,123064.SZ,万孚转债,300482,万孚生物,底价观察,C,35.0,113.38,110.0,cb_basic.maturity_call_price,3.38,26.26,63,AA,False,安全,39.4,53.0,35.4,25.8,60.0,6.5,60.0,,pledge_total_ratio/ownership_nature,-1.4632,2026-05-21,到期收盘,-1.0672,2026-06-01,到期收盘,5.0,2026-06-09,止盈
2026-05-14,10,110075.SH,南航转债,600029,南方航空,底价观察,C,31.9,110.69,106.5,cb_basic.maturity_call_price,4.19,24.39,107,AAA,False,安全,42.5,50.0,24.1,27.3,60.0,22.2,60.0,,pledge_total_ratio/ownership_nature,0.7318,2026-05-21,到期收盘,1.1374,2026-06-01,到期收盘,0.7661,2026-06-15,到期收盘
2026-05-15,1,127017.SZ,万青转债,000789,万年青,B下修事件,B,54.4,112.87,113.0,cb_call.call_price,-0.13,101.84,-27,AA+,False,安全,32.5,83.0,76.0,30.5,60.0,5.3,60.0,,pledge_total_ratio/ownership_nature,0.0106,2026-05-25,到期收盘,0.0709,2026-06-02,到期收盘,,,
2026-05-15,2,113037.SH,紫银转债,601860,紫金银行,B下修事件,B,49.6,109.62,110.0,cb_basic.maturity_call_price,-0.38,50.25,23,AA+,False,安全,35.1,83.0,61.8,30.5,60.0,22.0,60.0,,pledge_total_ratio/ownership_nature,0.1259,2026-05-25,到期收盘,0.145,2026-06-02,到期收盘,0.145,2026-06-16,到期收盘
2026-05-15,3,128135.SZ,洽洽转债,002557,洽洽食品,B下修事件,B,48.7,114.47,115.0,cb_basic.maturity_call_price,-0.53,195.31,112,AA,False,安全,32.5,83.0,63.5,30.5,60.0,5.3,60.0,,pledge_total_ratio/ownership_nature,-0.0384,2026-05-25,到期收盘,-0.0699,2026-06-02,到期收盘,-0.0943,2026-06-16,到期收盘
2026-05-15,4,128125.SZ,华阳转债,002949,华阳国际,底价观察,B,45.2,114.99,113.0,cb_call.call_price,1.99,14.91,30,AA-,False,安全,47.1,53.0,49.3,40.6,60.0,8.3,60.0,,pledge_total_ratio/ownership_nature,-1.0088,2026-05-25,到期收盘,-1.6262,2026-06-02,到期收盘,-1.7184,2026-06-16,到期收盘
2026-05-15,5,123090.SZ,三诺转债,300298,三诺生物,B下修事件,C,39.6,114.55,112.0,cb_basic.maturity_call_price,2.55,134.96,174,AA,False,安全,32.5,83.0,43.3,30.5,60.0,5.0,60.0,,pledge_total_ratio/ownership_nature,-1.2318,2026-05-25,到期收盘,-1.2335,2026-06-02,到期收盘,-1.2274,2026-06-16,到期收盘
2026-05-15,6,123064.SZ,万孚转债,300482,万孚生物,底价观察,C,39.5,112.3,110.0,cb_basic.maturity_call_price,2.3,26.2,63,AA,False,安全,39.6,53.0,45.1,25.8,60.0,7.6,60.0,,pledge_total_ratio/ownership_nature,-0.8397,2026-05-25,到期收盘,-0.4898,2026-06-02,到期收盘,5.0,2026-06-05,止盈
2026-05-15,7,128134.SZ,鸿路转债,002541,鸿路钢构,底价观察,C,38.3,113.86,110.0,cb_basic.maturity_call_price,3.86,9.9,101,AA,False,安全,51.7,53.0,28.4,47.7,60.0,15.9,60.0,,pledge_total_ratio/ownership_nature,1.2638,2026-05-25,到期收盘,2.1939,2026-06-02,到期收盘,3.4542,2026-06-16,到期收盘
2026-05-15,8,123072.SZ,乐歌转债,300729,乐歌股份,B下修事件,C,33.0,125.0,120.0,cb_basic.maturity_call_price,5.0,221.47,113,A+,False,安全,32.5,83.0,28.6,30.5,60.0,5.0,60.0,,pledge_total_ratio/ownership_nature,-1.3128,2026-05-25,到期收盘,-1.72,2026-06-02,到期收盘,-1.9216,2026-06-16,到期收盘
2026-05-15,9,110075.SH,南航转债,600029,南方航空,底价观察,C,32.8,110.31,106.5,cb_basic.maturity_call_price,3.81,26.74,107,AAA,False,安全,41.3,50.0,27.5,25.5,60.0,20.2,60.0,,pledge_total_ratio/ownership_nature,1.455,2026-05-25,到期收盘,0.9301,2026-06-02,到期收盘,0.2031,2026-06-16,到期收盘
2026-05-15,10,123113.SZ,仙乐转债,300791,仙乐健康,B下修事件,C,28.9,117.94,113.0,cb_basic.maturity_call_price,4.94,112.4,293,AA-,False,安全,32.5,83.0,19.5,30.5,60.0,5.0,60.0,,pledge_total_ratio/ownership_nature,-0.5901,2026-05-25,到期收盘,-1.7721,2026-06-02,到期收盘,-2.4945,2026-06-16,到期收盘
2026-05-18,1,127017.SZ,万青转债,000789,万年青,B下修事件,B,54.6,112.88,113.0,cb_call.call_price,-0.12,101.43,-27,AA+,False,安全,33.8,83.0,76.0,30.5,62.6,5.0,60.0,,pledge_total_ratio/ownership_nature,-0.0106,2026-05-26,到期收盘,,,,,,
2026-05-18,2,128135.SZ,洽洽转债,002557,洽洽食品,B下修事件,B,49.0,114.43,115.0,cb_basic.maturity_call_price,-0.57,191.65,112,AA,False,安全,33.8,83.0,63.5,30.5,62.5,5.0,60.0,,pledge_total_ratio/ownership_nature,-0.1355,2026-05-26,到期收盘,-0.0402,2026-06-03,到期收盘,-0.0568,2026-06-17,到期收盘
2026-05-18,3,113037.SH,紫银转债,601860,紫金银行,B下修事件,B,48.9,109.62,110.0,cb_basic.maturity_call_price,-0.38,50.84,23,AA+,False,安全,34.8,83.0,61.8,30.5,62.5,12.1,60.0,,pledge_total_ratio/ownership_nature,0.0903,2026-05-26,到期收盘,0.1377,2026-06-03,到期收盘,0.1405,2026-06-17,到期收盘
2026-05-18,4,128125.SZ,华阳转债,002949,华阳国际,底价观察,B,45.4,114.93,113.0,cb_call.call_price,1.93,14.28,30,AA-,False,安全,47.2,53.0,49.8,41.5,60.0,6.1,60.0,,pledge_total_ratio/ownership_nature,-1.2547,2026-05-26,到期收盘,-1.7663,2026-06-03,到期收盘,-1.6767,2026-06-17,到期收盘
2026-05-18,5,123064.SZ,万孚转债,300482,万孚生物,底价观察,C,43.9,111.3,110.0,cb_basic.maturity_call_price,1.3,27.9,63,AA,False,安全,40.7,53.0,54.1,24.9,62.5,10.3,60.0,,pledge_total_ratio/ownership_nature,0.2911,2026-05-26,到期收盘,-0.3459,2026-06-03,到期收盘,5.0,2026-06-05,止盈
2026-05-18,6,113588.SH,润达转债,603108,润达医疗,底价观察,C,42.2,113.79,109.0,cb_call.call_price,4.79,7.73,-13,AA,False,安全,55.0,53.0,32.9,52.3,60.0,22.7,60.0,,pledge_total_ratio/ownership_nature,5.0,2026-05-19,止盈,5.0,2026-05-19,止盈,,,
2026-05-18,7,123090.SZ,三诺转债,300298,三诺生物,B下修事件,C,40.8,114.33,112.0,cb_basic.maturity_call_price,2.33,136.33,174,AA,False,安全,33.8,83.0,45.3,30.5,62.5,5.0,60.0,,pledge_total_ratio/ownership_nature,-1.2858,2026-05-26,到期收盘,-1.2551,2026-06-03,到期收盘,-1.3111,2026-06-17,到期收盘
2026-05-18,8,128134.SZ,鸿路转债,002541,鸿路钢构,底价观察,C,39.6,113.07,110.0,cb_basic.maturity_call_price,3.07,13.84,101,AA,False,安全,48.2,53.0,35.5,42.1,60.0,11.2,60.0,,pledge_total_ratio/ownership_nature,2.2376,2026-05-26,到期收盘,3.3882,2026-06-03,到期收盘,5.0,2026-06-12,止盈
2026-05-18,9,123071.SZ,天能转债,300569,天能重工,底价观察,C,36.6,117.91,115.0,cb_basic.maturity_call_price,2.91,29.55,113,AA-,False,安全,39.8,53.0,39.2,24.0,62.5,7.1,60.0,,pledge_total_ratio/ownership_nature,-1.4511,2026-05-26,到期收盘,-0.6081,2026-06-03,到期收盘,-1.5351,2026-06-17,到期收盘
2026-05-18,10,110075.SH,南航转债,600029,南方航空,底价观察,C,36.5,109.47,106.5,cb_basic.maturity_call_price,2.97,29.15,107,AAA,False,安全,42.5,50.0,35.0,24.2,62.4,24.7,60.0,,pledge_total_ratio/ownership_nature,2.8455,2026-05-26,到期收盘,5.0,2026-05-27,止盈,5.0,2026-05-27,止盈
2026-05-18,11,123072.SZ,乐歌转债,300729,乐歌股份,B下修事件,C,35.2,124.52,120.0,cb_basic.maturity_call_price,4.52,226.66,113,A+,False,安全,33.8,83.0,32.9,30.5,62.5,5.0,60.0,,pledge_total_ratio/ownership_nature,-1.4616,2026-05-26,到期收盘,-1.619,2026-06-03,到期收盘,-1.6776,2026-06-17,到期收盘
2026-05-18,12,123113.SZ,仙乐转债,300791,仙乐健康,B下修事件,C,31.2,117.5,113.0,cb_basic.maturity_call_price,4.5,111.61,293,AA-,False,安全,34.1,83.0,23.5,30.5,62.5,7.4,60.0,,pledge_total_ratio/ownership_nature,-0.7762,2026-05-26,到期收盘,-1.7991,2026-06-03,到期收盘,-2.5532,2026-06-17,到期收盘
2026-05-18,13,127049.SZ,希望转2,000876,新希望,B下修事件,C,30.8,111.8,107.0,cb_basic.maturity_call_price,4.8,43.68,490,AAA,False,安全,38.5,83.0,17.0,34.0,62.6,24.4,60.0,,pledge_total_ratio/ownership_nature,-1.3256,2026-05-26,到期收盘,-1.0465,2026-06-03,到期收盘,-2.1467,2026-06-17,到期收盘
2026-05-19,1,127017.SZ,万青转债,000789,万年青,B下修事件,B,54.6,112.9,113.0,cb_call.call_price,-0.1,101.89,-27,AA+,False,安全,33.8,83.0,76.0,30.5,62.6,5.0,60.0,,pledge_total_ratio/ownership_nature,-0.0124,2026-05-27,到期收盘,,,,,,
2026-05-19,2,128135.SZ,洽洽转债,002557,洽洽食品,B下修事件,B,48.7,114.43,115.0,cb_basic.maturity_call_price,-0.57,186.59,112,AA,False,安全,32.5,83.0,63.5,30.5,60.0,5.0,60.0,,pledge_total_ratio/ownership_nature,-0.0883,2026-05-27,到期收盘,-0.0638,2026-06-04,到期收盘,-0.132,2026-06-18,到期收盘
2026-05-19,3,113037.SH,紫银转债,601860,紫金银行,B下修事件,B,48.5,109.68,110.0,cb_basic.maturity_call_price,-0.32,49.75,23,AA+,False,安全,33.4,83.0,61.8,30.6,60.0,10.2,60.0,,pledge_total_ratio/ownership_nature,0.0693,2026-05-27,到期收盘,0.0821,2026-06-04,到期收盘,0.0912,2026-06-18,到期收盘
2026-05-19,4,128125.SZ,华阳转债,002949,华阳国际,底价观察,B,46.1,114.7,113.0,cb_call.call_price,1.7,15.68,30,AA-,False,安全,47.5,53.0,51.9,39.5,62.5,6.2,60.0,,pledge_total_ratio/ownership_nature,-1.3697,2026-05-27,到期收盘,-1.5353,2026-06-04,到期收盘,-1.4969,2026-06-18,到期收盘
2026-05-19,5,123090.SZ,三诺转债,300298,三诺生物,B下修事件,C,39.0,114.77,112.0,cb_basic.maturity_call_price,2.77,133.88,174,AA,False,安全,33.8,83.0,41.3,30.5,62.5,5.0,60.0,,pledge_total_ratio/ownership_nature,-1.9256,2026-05-27,到期收盘,-2.0903,2026-06-04,到期收盘,-1.5823,2026-06-18,到期收盘
2026-05-19,6,123064.SZ,万孚转债,300482,万孚生物,底价观察,C,36.9,113.0,110.0,cb_basic.maturity_call_price,3.0,29.14,63,AA,False,安全,40.6,53.0,38.8,24.2,62.5,11.8,60.0,,pledge_total_ratio/ownership_nature,-1.346,2026-05-27,到期收盘,-2.3097,2026-06-04,到期收盘,5.0,2026-06-05,止盈
2026-05-19,7,113049.SH,长汽转债,601633,长城汽车,B下修事件,C,32.3,111.97,107.0,cb_basic.maturity_call_price,4.97,137.78,345,AAA,False,安全,33.3,88.0,22.2,30.5,60.0,10.6,76.7,,ownership_nature,-1.0476,2026-05-27,到期收盘,-0.7234,2026-06-04,到期收盘,-3.4116,2026-06-18,到期收盘
2026-05-19,8,123113.SZ,仙乐转债,300791,仙乐健康,B下修事件,C,29.5,117.86,113.0,cb_basic.maturity_call_price,4.86,106.72,293,AA-,False,安全,33.8,83.0,20.2,30.5,62.5,5.0,60.0,,pledge_total_ratio/ownership_nature,-2.2841,2026-05-27,到期收盘,-2.1721,2026-06-04,到期收盘,-3.2751,2026-06-18,到期收盘
2026-05-19,9,110075.SH,南航转债,600029,南方航空,底价观察,C,28.4,111.35,106.5,cb_basic.maturity_call_price,4.85,28.42,107,AAA,False,安全,41.0,50.0,18.1,24.6,60.0,21.1,60.0,,pledge_total_ratio/ownership_nature,-0.035,2026-05-27,到期收盘,-1.3866,2026-06-04,到期收盘,-2.2784,2026-06-18,到期收盘
2026-05-20,1,127017.SZ,万青转债,000789,万年青,B下修事件,B,54.6,112.9,113.0,cb_call.call_price,-0.1,108.0,-27,AA+,False,安全,33.8,83.0,76.0,30.5,62.6,5.0,60.0,,pledge_total_ratio/ownership_nature,0.0443,2026-05-28,到期收盘,,,,,,
2026-05-20,2,128125.SZ,华阳转债,002949,华阳国际,底价观察,B,49.0,114.07,113.0,cb_call.call_price,1.07,15.7,30,AA-,False,安全,47.9,53.0,57.6,39.5,62.6,9.2,60.0,,pledge_total_ratio/ownership_nature,-0.9468,2026-05-28,到期收盘,-0.7899,2026-06-05,到期收盘,-0.8574,2026-06-22,到期收盘
2026-05-20,3,128135.SZ,洽洽转债,002557,洽洽食品,B下修事件,B,49.0,114.44,115.0,cb_basic.maturity_call_price,-0.56,187.14,112,AA,False,安全,33.8,83.0,63.5,30.5,62.5,5.0,60.0,,pledge_total_ratio/ownership_nature,-0.1241,2026-05-28,到期收盘,-0.035,2026-06-05,到期收盘,-0.0926,2026-06-22,到期收盘
2026-05-20,4,113037.SH,紫银转债,601860,紫金银行,B下修事件,B,48.4,109.71,110.0,cb_basic.maturity_call_price,-0.29,50.95,23,AA+,False,安全,33.2,83.0,61.8,30.5,60.0,9.8,60.0,,pledge_total_ratio/ownership_nature,0.0,2026-05-28,到期收盘,0.0684,2026-06-05,到期收盘,0.0766,2026-06-22,到期收盘
2026-05-20,5,123064.SZ,万孚转债,300482,万孚生物,底价观察,C,42.1,111.71,110.0,cb_basic.maturity_call_price,1.71,28.8,63,AA,False,安全,40.6,53.0,50.4,24.4,62.6,11.1,60.0,,pledge_total_ratio/ownership_nature,-0.1647,2026-05-28,到期收盘,5.0,2026-06-05,止盈,5.0,2026-06-05,止盈
2026-05-20,6,123090.SZ,三诺转债,300298,三诺生物,B下修事件,C,41.3,114.21,112.0,cb_basic.maturity_call_price,2.21,135.66,174,AA,False,安全,33.8,83.0,46.4,30.5,62.6,5.0,60.0,,pledge_total_ratio/ownership_nature,-1.1418,2026-05-28,到期收盘,-1.1286,2026-06-05,到期收盘,-1.4491,2026-06-22,到期收盘
2026-05-20,7,123072.SZ,乐歌转债,300729,乐歌股份,B下修事件,C,35.3,124.5,120.0,cb_basic.maturity_call_price,4.5,231.69,113,A+,False,安全,33.8,83.0,33.1,30.5,62.5,5.0,60.0,,pledge_total_ratio/ownership_nature,-1.3598,2026-05-28,到期收盘,-1.5502,2026-06-05,到期收盘,-1.5502,2026-06-22,到期收盘
2026-05-20,8,113049.SH,长汽转债,601633,长城汽车,B下修事件,C,34.2,111.73,107.0,cb_basic.maturity_call_price,4.73,141.47,345,AAA,False,安全,34.6,88.0,24.4,30.5,60.0,18.8,76.7,,ownership_nature,-0.0877,2026-05-28,到期收盘,-0.7992,2026-06-05,到期收盘,-3.1496,2026-06-22,到期收盘
2026-05-20,9,110075.SH,南航转债,600029,南方航空,底价观察,C,33.4,110.09,106.5,cb_basic.maturity_call_price,3.59,28.4,107,AAA,False,安全,40.8,50.0,29.4,24.6,60.0,20.3,60.0,,pledge_total_ratio/ownership_nature,1.12,2026-05-28,到期收盘,-0.0372,2026-06-05,到期收盘,-0.902,2026-06-22,到期收盘
2026-05-20,10,123113.SZ,仙乐转债,300791,仙乐健康,B下修事件,C,32.5,117.11,113.0,cb_basic.maturity_call_price,4.11,100.95,293,AA-,False,安全,33.8,83.0,27.0,30.5,62.6,5.0,60.0,,pledge_total_ratio/ownership_nature,-2.0553,2026-05-28,到期收盘,-1.9469,2026-06-05,到期收盘,-2.1749,2026-06-22,到期收盘
2026-05-20,11,127049.SZ,希望转2,000876,新希望,B下修事件,C,30.4,111.8,107.0,cb_basic.maturity_call_price,4.8,44.03,490,AAA,False,安全,37.8,83.0,17.0,33.8,62.6,20.6,60.0,,pledge_total_ratio/ownership_nature,-1.017,2026-05-28,到期收盘,-0.4589,2026-06-05,到期收盘,-3.2191,2026-06-22,到期收盘
2026-05-21,1,127017.SZ,万青转债,000789,万年青,B下修事件,B,54.3,112.93,113.0,cb_call.call_price,-0.07,110.78,-27,AA+,False,安全,32.5,83.0,76.0,30.5,60.0,5.0,60.0,,pledge_total_ratio/ownership_nature,0.0177,2026-06-01,到期收盘,,,,,,
2026-05-21,2,113037.SH,紫银转债,601860,紫金银行,B下修事件,B,49.0,109.69,110.0,cb_basic.maturity_call_price,-0.31,50.93,23,AA+,False,安全,35.1,83.0,61.8,30.5,62.6,13.4,60.0,,pledge_total_ratio/ownership_nature,0.072,2026-06-01,到期收盘,0.0893,2026-06-08,到期收盘,0.0957,2026-06-23,到期收盘
2026-05-21,3,128135.SZ,洽洽转债,002557,洽洽食品,B下修事件,B,48.7,114.45,115.0,cb_basic.maturity_call_price,-0.55,192.37,112,AA,False,安全,32.5,83.0,63.5,30.5,60.0,5.0,60.0,,pledge_total_ratio/ownership_nature,-0.0856,2026-06-01,到期收盘,-0.0594,2026-06-08,到期收盘,-0.1485,2026-06-23,到期收盘
2026-05-21,4,128125.SZ,华阳转债,002949,华阳国际,底价观察,B,47.3,114.06,113.0,cb_call.call_price,1.06,20.61,30,AA-,False,安全,44.5,53.0,57.6,32.6,62.5,9.7,60.0,,pledge_total_ratio/ownership_nature,-0.2253,2026-06-01,到期收盘,-0.8434,2026-06-08,到期收盘,-1.1047,2026-06-23,到期收盘
2026-05-21,5,123090.SZ,三诺转债,300298,三诺生物,B下修事件,C,42.0,113.97,112.0,cb_basic.maturity_call_price,1.97,138.59,174,AA,False,安全,32.5,83.0,48.5,30.5,60.0,5.0,60.0,,pledge_total_ratio/ownership_nature,-0.3422,2026-06-01,到期收盘,-1.0134,2026-06-08,到期收盘,-1.2635,2026-06-23,到期收盘
2026-05-21,6,128134.SZ,鸿路转债,002541,鸿路钢构,底价观察,C,38.7,113.38,110.0,cb_basic.maturity_call_price,3.38,13.57,101,AA,False,安全,48.8,53.0,32.7,42.5,60.0,13.6,60.0,,pledge_total_ratio/ownership_nature,2.108,2026-06-01,到期收盘,2.0612,2026-06-08,到期收盘,5.0,2026-06-12,止盈
2026-05-21,7,123072.SZ,乐歌转债,300729,乐歌股份,B下修事件,C,37.9,123.85,120.0,cb_basic.maturity_call_price,3.85,235.73,113,A+,False,安全,33.8,83.0,38.9,30.5,62.5,5.0,60.0,,pledge_total_ratio/ownership_nature,-0.4643,2026-06-01,到期收盘,-1.2491,2026-06-08,到期收盘,-1.3573,2026-06-23,到期收盘
2026-05-21,8,128128.SZ,齐翔转2,002408,齐翔腾达,底价观察,C,34.2,114.75,110.0,cb_basic.maturity_call_price,4.75,12.03,51,AA,False,安全,49.0,53.0,22.7,44.7,60.0,7.7,60.0,,pledge_total_ratio/ownership_nature,-0.6911,2026-06-01,到期收盘,-2.5011,2026-06-08,到期收盘,-2.2475,2026-06-23,到期收盘
2026-05-21,9,123113.SZ,仙乐转债,300791,仙乐健康,B下修事件,C,34.2,116.64,113.0,cb_basic.maturity_call_price,3.64,98.65,293,AA-,False,安全,32.6,83.0,31.2,30.5,60.0,5.8,60.0,,pledge_total_ratio/ownership_nature,-0.2049,2026-06-01,到期收盘,-1.4043,2026-06-08,到期收盘,-1.8347,2026-06-23,到期收盘
2026-05-21,10,113049.SH,长汽转债,601633,长城汽车,B下修事件,C,32.7,111.79,107.0,cb_basic.maturity_call_price,4.79,145.65,345,AAA,False,安全,32.8,88.0,23.8,30.5,60.0,7.3,76.7,,ownership_nature,0.1118,2026-06-01,到期收盘,-0.6154,2026-06-08,到期收盘,-3.1237,2026-06-23,到期收盘
2026-05-21,11,127049.SZ,希望转2,000876,新希望,B下修事件,C,32.4,111.29,107.0,cb_basic.maturity_call_price,4.29,44.61,490,AAA,False,安全,37.6,83.0,21.7,33.5,62.6,20.4,60.0,,pledge_total_ratio/ownership_nature,0.9066,2026-06-01,到期收盘,0.0979,2026-06-08,到期收盘,-2.8736,2026-06-23,到期收盘
2026-05-21,12,110075.SH,南航转债,600029,南方航空,底价观察,C,27.8,111.5,106.5,cb_basic.maturity_call_price,5.0,28.11,107,AAA,False,安全,40.9,50.0,16.8,24.8,60.0,20.1,60.0,,pledge_total_ratio/ownership_nature,0.4027,2026-06-01,到期收盘,-1.5309,2026-06-08,到期收盘,-2.7408,2026-06-23,到期收盘
2026-05-25,1,113584.SH,家悦转债,603708,家家悦,B下修事件,B,54.7,109.83,110.0,cb_call.call_price,-0.17,40.39,-25,AA,False,安全,35.4,75.5,76.0,31.4,60.0,6.4,60.0,,pledge_total_ratio/ownership_nature,0.1111,2026-06-02,到期收盘,,,,,,
2026-05-25,2,127017.SZ,万青转债,000789,万年青,B下修事件,B,54.3,112.88,113.0,cb_call.call_price,-0.12,110.7,-27,AA+,False,安全,32.5,83.0,76.0,30.5,60.0,5.0,60.0,,pledge_total_ratio/ownership_nature,0.062,2026-06-02,到期收盘,,,,,,
2026-05-25,3,128135.SZ,洽洽转债,002557,洽洽食品,B下修事件,B,49.0,114.43,115.0,cb_basic.maturity_call_price,-0.57,198.56,112,AA,False,安全,33.8,83.0,63.5,30.5,62.5,5.0,60.0,,pledge_total_ratio/ownership_nature,-0.035,2026-06-02,到期收盘,-0.0297,2026-06-09,到期收盘,-0.1328,2026-06-24,到期收盘
2026-05-25,4,113037.SH,紫银转债,601860,紫金银行,B下修事件,B,48.7,109.76,110.0,cb_basic.maturity_call_price,-0.24,52.8,23,AA+,False,安全,34.6,83.0,61.8,30.5,62.5,10.3,60.0,,pledge_total_ratio/ownership_nature,0.0173,2026-06-02,到期收盘,0.0246,2026-06-09,到期收盘,0.051,2026-06-24,到期收盘
2026-05-25,5,128125.SZ,华阳转债,002949,华阳国际,底价观察,B,48.5,113.83,113.0,cb_call.call_price,0.83,18.77,30,AA-,False,安全,45.3,53.0,59.7,35.2,62.5,6.2,60.0,,pledge_total_ratio/ownership_nature,-0.6237,2026-06-02,到期收盘,-0.5912,2026-06-09,到期收盘,-0.7731,2026-06-24,到期收盘
2026-05-25,6,123090.SZ,三诺转债,300298,三诺生物,B下修事件,B,45.3,113.14,112.0,cb_basic.maturity_call_price,1.14,139.9,174,AA,False,安全,32.5,83.0,56.0,30.5,60.0,5.0,60.0,,pledge_total_ratio/ownership_nature,-0.0027,2026-06-02,到期收盘,-0.2121,2026-06-09,到期收盘,-0.7796,2026-06-24,到期收盘
2026-05-25,7,123064.SZ,万孚转债,300482,万孚生物,底价观察,C,42.7,111.36,110.0,cb_basic.maturity_call_price,1.36,29.25,63,AA,False,安全,38.4,53.0,53.6,24.1,60.0,5.7,60.0,,pledge_total_ratio/ownership_nature,0.3502,2026-06-02,到期收盘,5.0,2026-06-05,止盈,5.0,2026-06-05,止盈
2026-05-25,8,123072.SZ,乐歌转债,300729,乐歌股份,B下修事件,C,39.6,123.36,120.0,cb_basic.maturity_call_price,3.36,230.82,113,A+,False,安全,32.5,83.0,43.3,30.5,60.0,5.0,60.0,,pledge_total_ratio/ownership_nature,-0.4134,2026-06-02,到期收盘,-0.4499,2026-06-09,到期收盘,-1.6902,2026-06-24,到期收盘
2026-05-25,9,113042.SH,上银转债,601229,上海银行,底价观察,C,39.6,116.0,112.0,cb_basic.maturity_call_price,4.0,7.15,209,AAA,False,安全,57.1,53.0,25.7,53.5,62.5,24.2,60.0,,pledge_total_ratio/ownership_nature,2.2259,2026-06-02,到期收盘,2.169,2026-06-09,到期收盘,0.3345,2026-06-24,到期收盘
2026-05-25,10,127041.SZ,弘亚转债,002833,弘亚数控,底价观察,C,39.4,120.0,115.0,cb_call.call_price,5.0,-0.35,12,AA-,False,安全,61.0,53.0,21.0,68.1,60.0,9.7,60.0,,pledge_total_ratio/ownership_nature,-2.13,2026-06-02,到期收盘,-2.6667,2026-06-09,到期收盘,-2.9167,2026-06-24,到期收盘
2026-05-25,11,128128.SZ,齐翔转2,002408,齐翔腾达,底价观察,C,38.0,113.82,110.0,cb_basic.maturity_call_price,3.82,12.36,51,AA,False,安全,49.1,53.0,31.0,44.2,60.0,10.3,60.0,,pledge_total_ratio/ownership_nature,0.2267,2026-06-02,到期收盘,-1.1597,2026-06-09,到期收盘,-1.744,2026-06-24,到期收盘
2026-05-25,12,113049.SH,长汽转债,601633,长城汽车,B下修事件,C,37.2,110.88,107.0,cb_basic.maturity_call_price,3.88,147.11,345,AAA,False,安全,34.8,88.0,32.1,30.5,62.5,12.1,76.7,,ownership_nature,0.7125,2026-06-02,到期收盘,0.3075,2026-06-09,到期收盘,-2.5929,2026-06-24,到期收盘
2026-05-25,13,127049.SZ,希望转2,000876,新希望,B下修事件,C,35.1,110.54,107.0,cb_basic.maturity_call_price,3.54,45.24,490,AAA,False,安全,36.9,83.0,28.6,33.2,62.5,17.0,60.0,,pledge_total_ratio/ownership_nature,1.1426,2026-06-02,到期收盘,0.3926,2026-06-09,到期收盘,-3.1563,2026-06-24,到期收盘
2026-05-25,14,113605.SH,大参转债,603233,大参林,底价观察,C,32.5,114.82,110.0,cb_basic.maturity_call_price,4.82,14.21,114,AA,False,安全,47.9,53.0,20.0,41.6,60.0,10.9,60.0,,pledge_total_ratio/ownership_nature,0.0348,2026-06-02,到期收盘,-2.0301,2026-06-09,到期收盘,-1.7088,2026-06-24,到期收盘
2026-05-25,15,123113.SZ,仙乐转债,300791,仙乐健康,B下修事件,C,31.7,117.24,113.0,cb_basic.maturity_call_price,4.24,102.4,293,AA-,False,安全,32.5,83.0,25.8,30.5,60.0,5.0,60.0,,pledge_total_ratio/ownership_nature,-1.1856,2026-06-02,到期收盘,-1.6871,2026-06-09,到期收盘,-2.6339,2026-06-24,到期收盘
2026-05-25,16,113625.SH,江山转债,603208,江山欧派,B下修事件,C,31.2,122.66,118.0,cb_basic.maturity_call_price,4.66,82.01,346,A,False,安全,33.0,83.0,24.0,30.5,60.0,8.1,60.0,,pledge_total_ratio/ownership_nature,-0.6563,2026-06-02,到期收盘,-1.6933,2026-06-09,到期收盘,-4.007,2026-06-24,到期收盘
2026-05-26,1,113584.SH,家悦转债,603708,家家悦,B下修事件,B,56.0,109.74,110.0,cb_call.call_price,-0.26,41.29,-25,AA,False,安全,38.2,75.5,76.0,30.9,62.5,18.3,60.0,,pledge_total_ratio/ownership_nature,0.1932,2026-06-03,到期收盘,,,,,,
2026-05-26,2,127017.SZ,万青转债,000789,万年青,B下修事件,B,55.5,112.87,113.0,cb_call.call_price,-0.13,114.42,-27,AA+,False,安全,35.1,83.0,76.0,30.5,62.6,14.0,60.0,,pledge_total_ratio/ownership_nature,,,,,,,,,
2026-05-26,3,113037.SH,紫银转债,601860,紫金银行,B下修事件,B,49.6,109.72,110.0,cb_basic.maturity_call_price,-0.28,52.75,23,AA+,False,安全,35.9,83.0,61.8,30.5,62.5,19.4,60.0,,pledge_total_ratio/ownership_nature,0.0465,2026-06-03,到期收盘,0.0592,2026-06-10,到期收盘,0.0984,2026-06-25,到期收盘
2026-05-26,4,128135.SZ,洽洽转债,002557,洽洽食品,B下修事件,B,49.0,114.28,115.0,cb_basic.maturity_call_price,-0.72,196.06,112,AA,False,安全,33.8,83.0,63.5,30.5,62.5,5.0,60.0,,pledge_total_ratio/ownership_nature,0.091,2026-06-03,到期收盘,0.1636,2026-06-10,到期收盘,0.0796,2026-06-25,到期收盘
2026-05-26,5,128125.SZ,华阳转债,002949,华阳国际,底价观察,B,48.5,113.49,113.0,cb_call.call_price,0.49,22.93,30,AA-,False,安全,42.5,53.0,62.8,29.4,62.6,6.8,60.0,,pledge_total_ratio/ownership_nature,-0.5199,2026-06-03,到期收盘,-0.3877,2026-06-10,到期收盘,-0.8485,2026-06-25,到期收盘
2026-05-26,6,123090.SZ,三诺转债,300298,三诺生物,B下修事件,B,46.7,112.86,112.0,cb_basic.maturity_call_price,0.86,142.74,174,AA,False,安全,33.8,83.0,58.5,30.5,62.6,5.0,60.0,,pledge_total_ratio/ownership_nature,0.031,2026-06-03,到期收盘,-0.0532,2026-06-10,到期收盘,-0.8347,2026-06-25,到期收盘
2026-05-26,7,123064.SZ,万孚转债,300482,万孚生物,底价观察,C,43.2,111.62,110.0,cb_basic.maturity_call_price,1.62,24.77,63,AA,False,安全,42.0,53.0,51.2,26.8,62.6,12.0,60.0,,pledge_total_ratio/ownership_nature,-0.6316,2026-06-03,到期收盘,5.0,2026-06-05,止盈,5.0,2026-06-05,止盈
2026-05-26,8,113588.SH,润达转债,603108,润达医疗,底价观察,C,42.8,113.6,109.0,cb_call.call_price,4.6,7.87,-13,AA,False,安全,54.9,53.0,34.6,52.0,60.0,22.4,60.0,,pledge_total_ratio/ownership_nature,-3.7051,2026-06-03,到期收盘,-4.1092,2026-06-10,到期收盘,,,
2026-05-26,9,123072.SZ,乐歌转债,300729,乐歌股份,B下修事件,C,42.3,122.7,120.0,cb_basic.maturity_call_price,2.7,238.23,113,A+,False,安全,32.5,83.0,49.3,30.5,60.0,5.0,60.0,,pledge_total_ratio/ownership_nature,-0.1597,2026-06-03,到期收盘,-0.4205,2026-06-10,到期收盘,-1.2779,2026-06-25,到期收盘
2026-05-26,10,127041.SZ,弘亚转债,002833,弘亚数控,底价观察,C,41.6,119.5,115.0,cb_call.call_price,4.5,0.5,12,AA-,False,安全,62.0,53.0,25.5,67.4,62.6,10.3,60.0,,pledge_total_ratio/ownership_nature,-1.9238,2026-06-03,到期收盘,-2.6887,2026-06-10,到期收盘,-3.5138,2026-06-25,到期收盘
2026-05-26,11,113042.SH,上银转债,601229,上海银行,底价观察,C,38.7,116.28,112.0,cb_basic.maturity_call_price,4.28,7.17,209,AAA,False,安全,57.5,53.0,23.2,53.4,62.5,26.8,60.0,,pledge_total_ratio/ownership_nature,1.0122,2026-06-03,到期收盘,1.8731,2026-06-10,到期收盘,0.2081,2026-06-25,到期收盘
2026-05-26,12,113049.SH,长汽转债,601633,长城汽车,B下修事件,C,37.8,110.68,107.0,cb_basic.maturity_call_price,3.68,148.51,345,AAA,False,安全,34.6,88.0,33.8,30.5,62.5,10.5,76.7,,ownership_nature,1.3498,2026-06-03,到期收盘,-1.9452,2026-06-10,到期收盘,-2.6807,2026-06-25,到期收盘
2026-05-26,13,113616.SH,韦尔转债,603501,豪威集团,B下修事件,C,36.4,114.12,110.0,cb_basic.maturity_call_price,4.12,71.09,181,AA+,False,安全,35.1,88.0,30.0,30.5,62.6,13.9,76.7,,ownership_nature,-0.5801,2026-06-03,到期收盘,-2.2801,2026-06-10,到期收盘,-1.4231,2026-06-25,到期收盘
2026-05-26,14,127049.SZ,希望转2,000876,新希望,B下修事件,C,36.1,110.32,107.0,cb_basic.maturity_call_price,3.32,45.85,490,AAA,False,安全,36.1,83.0,30.7,32.8,60.0,21.2,60.0,,pledge_total_ratio/ownership_nature,0.281,2026-06-03,到期收盘,0.0798,2026-06-10,到期收盘,-2.9351,2026-06-25,到期收盘
2026-05-26,15,113605.SH,大参转债,603233,大参林,底价观察,C,36.0,114.13,110.0,cb_basic.maturity_call_price,4.13,12.93,114,AA,False,安全,49.3,53.0,26.2,43.4,60.0,13.9,60.0,,pledge_total_ratio/ownership_nature,0.064,2026-06-03,到期收盘,-0.8411,2026-06-10,到期收盘,-0.7798,2026-06-25,到期收盘
2026-05-26,16,123113.SZ,仙乐转债,300791,仙乐健康,B下修事件,C,34.6,116.59,113.0,cb_basic.maturity_call_price,3.59,107.25,293,AA-,False,安全,33.8,83.0,31.7,30.5,62.6,5.0,60.0,,pledge_total_ratio/ownership_nature,-1.0327,2026-06-03,到期收盘,-1.7617,2026-06-10,到期收盘,-2.2566,2026-06-25,到期收盘
2026-05-26,17,113610.SH,灵康转债,603669,灵康药业,B下修事件,C,34.5,119.42,115.0,cb_basic.maturity_call_price,4.42,83.94,154,A-,False,安全,33.8,83.0,31.3,30.5,62.6,5.0,60.0,,pledge_total_ratio/ownership_nature,-1.6873,2026-06-03,到期收盘,-1.5316,2026-06-10,到期收盘,5.0,2026-06-23,止盈
2026-05-26,18,113625.SH,江山转债,603208,江山欧派,B下修事件,C,34.1,121.91,118.0,cb_basic.maturity_call_price,3.91,86.48,346,A,False,安全,32.7,83.0,30.7,30.5,60.0,6.5,60.0,,pledge_total_ratio/ownership_nature,-0.5972,2026-06-03,到期收盘,-1.4027,2026-06-10,到期收盘,-4.1867,2026-06-25,到期收盘
2026-05-26,19,127027.SZ,能化转债,000552,甘肃能化,底价观察,C,29.4,114.77,110.0,cb_basic.maturity_call_price,4.77,26.42,163,AAA,False,安全,41.6,53.0,19.7,25.7,60.0,21.5,60.0,,pledge_total_ratio/ownership_nature,3.9714,2026-06-03,到期收盘,5.0,2026-06-04,止盈,5.0,2026-06-04,止盈
2026-05-27,1,113584.SH,家悦转债,603708,家家悦,B下修事件,B,56.1,109.81,110.0,cb_call.call_price,-0.19,39.78,-25,AA,False,安全,38.4,75.5,76.0,31.7,62.4,17.1,60.0,,pledge_total_ratio/ownership_nature,0.1293,2026-06-04,到期收盘,,,,,,
2026-05-27,2,127017.SZ,万青转债,000789,万年青,B下修事件,B,55.2,112.89,113.0,cb_call.call_price,-0.11,117.36,-27,AA+,False,安全,34.7,83.0,76.0,30.5,62.7,10.7,60.0,,pledge_total_ratio/ownership_nature,,,,,,,,,
2026-05-27,3,128135.SZ,洽洽转债,002557,洽洽食品,B下修事件,B,49.2,114.33,115.0,cb_basic.maturity_call_price,-0.67,196.48,112,AA,False,安全,34.1,83.0,63.5,30.5,62.5,7.3,60.0,,pledge_total_ratio/ownership_nature,0.0236,2026-06-04,到期收盘,0.0805,2026-06-11,到期收盘,0.0341,2026-06-26,到期收盘
2026-05-27,4,113037.SH,紫银转债,601860,紫金银行,B下修事件,B,49.1,109.76,110.0,cb_basic.maturity_call_price,-0.24,53.4,23,AA+,False,安全,34.2,83.0,61.8,30.5,60.0,16.6,60.0,,pledge_total_ratio/ownership_nature,0.0091,2026-06-04,到期收盘,0.0128,2026-06-11,到期收盘,0.0583,2026-06-26,到期收盘
2026-05-27,5,128125.SZ,华阳转债,002949,华阳国际,底价观察,B,48.6,113.13,113.0,cb_call.call_price,0.13,29.25,30,AA-,False,安全,38.8,53.0,66.0,24.1,60.0,8.4,60.0,,pledge_total_ratio/ownership_nature,-0.1688,2026-06-04,到期收盘,0.0159,2026-06-11,到期收盘,-0.5304,2026-06-26,到期收盘
2026-05-27,6,123090.SZ,三诺转债,300298,三诺生物,B下修事件,B,47.7,112.56,112.0,cb_basic.maturity_call_price,0.56,146.23,174,AA,False,安全,32.5,83.0,61.2,30.5,60.0,5.0,60.0,,pledge_total_ratio/ownership_nature,-0.1679,2026-06-04,到期收盘,0.5846,2026-06-11,到期收盘,-0.3198,2026-06-26,到期收盘
2026-05-27,7,113588.SH,润达转债,603108,润达医疗,底价观察,B,46.4,112.21,109.0,cb_call.call_price,3.21,10.76,-13,AA,False,安全,52.0,53.0,47.1,46.4,62.6,13.2,60.0,,pledge_total_ratio/ownership_nature,-2.8981,2026-06-04,到期收盘,-2.9275,2026-06-11,到期收盘,,,
2026-05-27,8,113616.SH,韦尔转债,603501,豪威集团,B下修事件,B,45.2,112.0,110.0,cb_basic.maturity_call_price,2.0,69.69,181,AA+,False,安全,34.4,88.0,49.1,30.5,60.0,17.8,76.7,,ownership_nature,0.8482,2026-06-04,到期收盘,-0.8286,2026-06-11,到期收盘,0.3214,2026-06-26,到期收盘
2026-05-27,9,123072.SZ,乐歌转债,300729,乐歌股份,B下修事件,C,44.2,122.29,120.0,cb_basic.maturity_call_price,2.29,237.67,113,A+,False,安全,33.8,83.0,52.9,30.5,62.5,5.0,60.0,,pledge_total_ratio/ownership_nature,-0.1611,2026-06-04,到期收盘,0.0499,2026-06-11,到期收盘,-1.4572,2026-06-26,到期收盘
2026-05-27,10,127041.SZ,弘亚转债,002833,弘亚数控,底价观察,C,43.9,118.6,115.0,cb_call.call_price,3.6,3.68,12,AA-,False,安全,58.2,53.0,33.6,60.8,60.0,15.4,60.0,,pledge_total_ratio/ownership_nature,-0.8786,2026-06-04,到期收盘,-2.1509,2026-06-11,到期收盘,-2.6728,2026-06-26,到期收盘
2026-05-27,11,123064.SZ,万孚转债,300482,万孚生物,底价观察,C,42.9,111.48,110.0,cb_basic.maturity_call_price,1.48,27.75,63,AA,False,安全,39.5,53.0,52.5,25.0,60.0,10.2,60.0,,pledge_total_ratio/ownership_nature,-0.9778,2026-06-04,到期收盘,5.0,2026-06-05,止盈,5.0,2026-06-05,止盈
2026-05-27,12,123113.SZ,仙乐转债,300791,仙乐健康,B下修事件,C,40.6,115.17,113.0,cb_basic.maturity_call_price,2.17,108.71,293,AA-,False,安全,33.2,83.0,44.5,30.5,60.0,10.0,60.0,,pledge_total_ratio/ownership_nature,0.1129,2026-06-04,到期收盘,-0.5878,2026-06-11,到期收盘,-1.3632,2026-06-26,到期收盘
2026-05-27,13,128128.SZ,齐翔转2,002408,齐翔腾达,底价观察,C,39.4,113.3,110.0,cb_basic.maturity_call_price,3.3,15.67,51,AA,False,安全,47.4,53.0,35.7,39.6,60.0,14.1,60.0,,pledge_total_ratio/ownership_nature,-0.7167,2026-06-04,到期收盘,-1.6196,2026-06-11,到期收盘,-2.7529,2026-06-26,到期收盘
2026-05-27,14,113610.SH,灵康转债,603669,灵康药业,B下修事件,C,39.4,118.21,115.0,cb_basic.maturity_call_price,3.21,86.04,154,A-,False,安全,33.8,83.0,42.2,30.5,62.5,5.0,60.0,,pledge_total_ratio/ownership_nature,-1.3569,2026-06-04,到期收盘,-0.0863,2026-06-11,到期收盘,5.0,2026-06-23,止盈
2026-05-27,15,113605.SH,大参转债,603233,大参林,底价观察,C,39.3,113.18,110.0,cb_basic.maturity_call_price,3.18,15.23,114,AA,False,安全,48.9,53.0,34.8,40.2,62.6,13.2,60.0,,pledge_total_ratio/ownership_nature,0.4665,2026-06-04,到期收盘,-0.0468,2026-06-11,到期收盘,0.1944,2026-06-26,到期收盘
2026-05-27,16,113625.SH,江山转债,603208,江山欧派,B下修事件,C,38.6,120.82,118.0,cb_basic.maturity_call_price,2.82,89.5,346,A,False,安全,33.8,83.0,40.5,30.5,62.5,5.4,60.0,,pledge_total_ratio/ownership_nature,-0.2375,2026-06-04,到期收盘,-2.0526,2026-06-11,到期收盘,-4.9512,2026-06-26,到期收盘
2026-05-27,17,113049.SH,长汽转债,601633,长城汽车,B下修事件,C,38.0,110.8,107.0,cb_basic.maturity_call_price,3.8,151.65,345,AAA,False,安全,34.6,88.0,32.8,30.5,60.0,19.2,76.7,,ownership_nature,0.3249,2026-06-04,到期收盘,-2.2915,2026-06-11,到期收盘,-3.0776,2026-06-26,到期收盘
2026-05-27,18,113042.SH,上银转债,601229,上海银行,底价观察,C,37.8,116.4,112.0,cb_basic.maturity_call_price,4.4,8.11,209,AAA,False,安全,55.7,53.0,22.1,51.5,60.0,29.9,60.0,,pledge_total_ratio/ownership_nature,1.2088,2026-06-04,到期收盘,1.0223,2026-06-11,到期收盘,-0.6985,2026-06-26,到期收盘
2026-05-27,19,123059.SZ,银信转债,300231,银信科技,底价观察,C,36.9,122.7,118.0,cb_call.call_price,4.7,13.85,15,AA-,False,安全,47.3,53.0,30.9,42.1,60.0,5.0,60.0,,pledge_total_ratio/ownership_nature,-1.6683,2026-06-04,到期收盘,-2.9829,2026-06-11,到期收盘,-3.8932,2026-06-26,到期收盘
2026-05-27,20,127049.SZ,希望转2,000876,新希望,B下修事件,C,36.3,110.25,107.0,cb_basic.maturity_call_price,3.25,46.86,490,AAA,False,安全,35.9,83.0,31.3,32.3,60.0,21.5,60.0,,pledge_total_ratio/ownership_nature,0.5832,2026-06-04,到期收盘,0.0689,2026-06-11,到期收盘,-2.7673,2026-06-26,到期收盘
2026-05-28,1,113584.SH,家悦转债,603708,家家悦,B下修事件,B,56.6,109.89,110.0,cb_call.call_price,-0.11,42.66,-25,AA,False,安全,37.4,83.0,76.0,34.6,62.9,14.3,60.0,,pledge_total_ratio/ownership_nature,,,,,,,,,
2026-05-28,2,127017.SZ,万青转债,000789,万年青,B下修事件,B,55.3,112.95,113.0,cb_call.call_price,-0.05,116.02,-27,AA+,False,安全,34.9,83.0,76.0,30.5,62.5,12.6,60.0,,pledge_total_ratio/ownership_nature,,,,,,,,,
2026-05-28,3,128125.SZ,华阳转债,002949,华阳国际,底价观察,B,49.9,112.99,113.0,cb_call.call_price,-0.01,29.2,30,AA-,False,安全,40.9,53.0,67.2,24.1,62.6,13.7,60.0,,pledge_total_ratio/ownership_nature,0.1584,2026-06-05,到期收盘,0.0841,2026-06-12,到期收盘,-0.3806,2026-06-29,到期收盘
2026-05-28,4,113037.SH,紫银转债,601860,紫金银行,B下修事件,B,49.8,109.71,110.0,cb_basic.maturity_call_price,-0.29,53.94,23,AA+,False,安全,35.3,83.0,61.8,30.5,60.0,23.6,60.0,,pledge_total_ratio/ownership_nature,0.0684,2026-06-05,到期收盘,0.0602,2026-06-12,到期收盘,0.1231,2026-06-29,到期收盘
2026-05-28,5,128135.SZ,洽洽转债,002557,洽洽食品,B下修事件,B,48.7,114.3,115.0,cb_basic.maturity_call_price,-0.7,195.56,112,AA,False,安全,32.5,83.0,63.5,30.5,60.0,5.2,60.0,,pledge_total_ratio/ownership_nature,0.0875,2026-06-05,到期收盘,0.1085,2026-06-12,到期收盘,0.0437,2026-06-29,到期收盘
2026-05-28,6,113588.SH,润达转债,603108,润达医疗,底价观察,B,47.3,112.17,109.0,cb_call.call_price,3.17,10.63,-13,AA,False,安全,52.2,53.0,47.5,46.6,60.0,22.4,60.0,,pledge_total_ratio/ownership_nature,-2.8421,2026-06-05,到期收盘,-2.8929,2026-06-12,到期收盘,,,
2026-05-28,7,123090.SZ,三诺转债,300298,三诺生物,B下修事件,B,46.3,112.91,112.0,cb_basic.maturity_call_price,0.91,150.32,174,AA,False,安全,32.5,83.0,58.1,30.5,60.0,5.0,60.0,,pledge_total_ratio/ownership_nature,0.0097,2026-06-05,到期收盘,0.0035,2026-06-12,到期收盘,-0.8015,2026-06-29,到期收盘
2026-05-28,8,123113.SZ,仙乐转债,300791,仙乐健康,B下修事件,C,42.0,114.7,113.0,cb_basic.maturity_call_price,1.7,112.0,293,AA-,False,安全,32.5,83.0,48.6,30.5,60.0,5.0,60.0,,pledge_total_ratio/ownership_nature,0.1133,2026-06-05,到期收盘,-0.1962,2026-06-12,到期收盘,-1.3252,2026-06-29,到期收盘
2026-05-28,9,123072.SZ,乐歌转债,300729,乐歌股份,B下修事件,C,41.9,122.81,120.0,cb_basic.maturity_call_price,2.81,249.76,113,A+,False,安全,32.5,83.0,48.3,30.5,60.0,5.0,60.0,,pledge_total_ratio/ownership_nature,-0.1954,2026-06-05,到期收盘,-0.0081,2026-06-12,到期收盘,-1.9266,2026-06-29,到期收盘
2026-05-28,10,113610.SH,灵康转债,603669,灵康药业,B下修事件,C,41.9,117.52,115.0,cb_basic.maturity_call_price,2.52,83.19,154,A-,False,安全,32.5,83.0,48.4,30.5,60.0,5.0,60.0,,pledge_total_ratio/ownership_nature,-0.4263,2026-06-05,到期收盘,0.8024,2026-06-12,到期收盘,5.0,2026-06-23,止盈
2026-05-28,11,113616.SH,韦尔转债,603501,豪威集团,B下修事件,C,41.4,113.0,110.0,cb_basic.maturity_call_price,3.0,76.35,181,AA+,False,安全,34.9,88.0,40.1,30.5,60.0,21.0,76.7,,ownership_nature,0.2159,2026-06-05,到期收盘,-1.1912,2026-06-12,到期收盘,-1.0434,2026-06-29,到期收盘
2026-05-28,12,127041.SZ,弘亚转债,002833,弘亚数控,底价观察,C,38.8,119.8,115.0,cb_call.call_price,4.8,3.62,12,AA-,False,安全,57.9,53.0,22.8,60.9,60.0,12.7,60.0,,pledge_total_ratio/ownership_nature,-1.8497,2026-06-05,到期收盘,-3.005,2026-06-12,到期收盘,-4.005,2026-06-29,到期收盘
2026-05-28,13,128121.SZ,宏川转债,002930,宏川智慧,底价观察,C,38.2,111.74,108.0,cb_call.call_price,3.74,13.72,17,AA-,False,安全,49.5,53.0,31.9,42.3,62.5,10.6,60.0,,pledge_total_ratio/ownership_nature,-2.9175,2026-06-05,到期收盘,-3.2477,2026-06-12,到期收盘,-3.4401,2026-06-29,到期收盘
2026-05-28,14,128128.SZ,齐翔转2,002408,齐翔腾达,底价观察,C,38.2,113.3,110.0,cb_basic.maturity_call_price,3.3,17.45,51,AA,False,安全,45.2,53.0,35.8,37.1,60.0,7.8,60.0,,pledge_total_ratio/ownership_nature,-0.4184,2026-06-05,到期收盘,-1.1474,2026-06-12,到期收盘,-2.8641,2026-06-29,到期收盘
2026-05-28,15,113605.SH,大参转债,603233,大参林,底价观察,C,36.5,113.63,110.0,cb_basic.maturity_call_price,3.63,17.9,114,AA,False,安全,46.2,53.0,30.7,36.4,60.0,16.3,60.0,,pledge_total_ratio/ownership_nature,-0.3353,2026-06-05,到期收盘,0.7656,2026-06-12,到期收盘,-0.9813,2026-06-29,到期收盘
2026-05-28,16,113049.SH,长汽转债,601633,长城汽车,B下修事件,C,35.0,111.63,107.0,cb_basic.maturity_call_price,4.63,159.26,345,AAA,False,安全,36.1,88.0,25.3,30.5,62.6,20.7,76.7,,ownership_nature,-0.7104,2026-06-05,到期收盘,-2.6409,2026-06-12,到期收盘,-4.11,2026-06-29,到期收盘
2026-05-28,17,113625.SH,江山转债,603208,江山欧派,B下修事件,C,34.3,121.9,118.0,cb_basic.maturity_call_price,3.9,84.76,346,A,False,安全,33.0,83.0,30.8,30.5,60.0,8.4,60.0,,pledge_total_ratio/ownership_nature,-0.8573,2026-06-05,到期收盘,-3.0804,2026-06-12,到期收盘,-5.5619,2026-06-29,到期收盘
2026-05-28,18,127049.SZ,希望转2,000876,新希望,B下修事件,C,34.3,110.66,107.0,cb_basic.maturity_call_price,3.66,50.25,490,AAA,False,安全,36.1,83.0,27.5,30.5,62.7,20.0,60.0,,pledge_total_ratio/ownership_nature,0.5666,2026-06-05,到期收盘,-0.2042,2026-06-12,到期收盘,-2.1327,2026-06-29,到期收盘
2026-05-28,19,110075.SH,南航转债,600029,南方航空,底价观察,C,29.5,111.32,106.5,cb_basic.maturity_call_price,4.82,26.73,107,AAA,False,安全,43.5,50.0,18.3,25.5,62.5,26.3,60.0,,pledge_total_ratio/ownership_nature,-1.1418,2026-06-05,到期收盘,-1.2612,2026-06-12,到期收盘,-0.239,2026-06-29,到期收盘
2026-05-28,20,113627.SH,太平转债,603877,太平鸟,B下修事件,C,28.8,114.9,110.0,cb_basic.maturity_call_price,4.9,95.1,380,AA,False,安全,32.8,83.0,18.8,30.5,60.0,6.8,60.0,,pledge_total_ratio/ownership_nature,1.7772,2026-06-05,到期收盘,1.772,2026-06-12,到期收盘,-1.1401,2026-06-29,到期收盘
2026-06-01,1,113584.SH,家悦转债,603708,家家悦,B下修事件,B,57.2,109.95,110.0,cb_call.call_price,-0.05,35.13,-25,AA,False,安全,37.9,83.0,76.0,38.8,60.0,13.3,60.0,,pledge_total_ratio/ownership_nature,,,,,,,,,
2026-06-01,2,127018.SZ,本钢转债,000761,本钢板材,B下修事件,B,55.3,118.67,119.0,cb_call.call_price,-0.33,50.16,-1,AAA,False,安全,36.6,75.5,76.0,26.0,62.5,23.7,60.0,,pledge_total_ratio/ownership_nature,0.0287,2026-06-08,到期收盘,-0.048,2026-06-15,到期收盘,,,
2026-06-01,3,113644.SH,艾迪转债,603638,艾迪精密,底价观察,B,51.5,116.65,115.0,cb_basic.maturity_call_price,1.65,-0.51,655,AA-,False,强赎中,63.0,53.0,56.0,67.9,60.0,23.3,60.0,强赎中,pledge_total_ratio/ownership_nature,5.0,2026-06-05,止盈,5.0,2026-06-05,止盈,5.0,2026-06-05,止盈
2026-06-01,4,113037.SH,紫银转债,601860,紫金银行,B下修事件,B,49.7,109.77,110.0,cb_basic.maturity_call_price,-0.23,47.61,23,AA+,False,安全,36.2,83.0,61.8,31.8,62.5,16.8,60.0,,pledge_total_ratio/ownership_nature,0.0164,2026-06-08,到期收盘,0.0173,2026-06-15,到期收盘,0.0656,2026-06-30,到期收盘
2026-06-01,5,128135.SZ,洽洽转债,002557,洽洽食品,B下修事件,B,48.9,114.35,115.0,cb_basic.maturity_call_price,-0.65,178.41,112,AA,False,安全,32.8,83.0,63.5,30.5,60.0,6.8,60.0,,pledge_total_ratio/ownership_nature,0.028,2026-06-08,到期收盘,-0.0149,2026-06-15,到期收盘,-0.0044,2026-06-30,到期收盘
2026-06-01,6,128125.SZ,华阳转债,002949,华阳国际,底价观察,B,47.4,113.8,113.0,cb_call.call_price,0.8,25.57,30,AA-,False,安全,42.2,53.0,60.0,26.2,62.5,15.8,60.0,,pledge_total_ratio/ownership_nature,-0.6169,2026-06-08,到期收盘,-0.5536,2026-06-15,到期收盘,-1.087,2026-06-30,到期收盘
2026-06-01,7,113588.SH,润达转债,603108,润达医疗,底价观察,B,47.2,112.03,109.0,cb_call.call_price,3.03,11.77,-13,AA,False,安全,51.1,53.0,48.7,45.0,60.0,20.4,60.0,,pledge_total_ratio/ownership_nature,-2.7278,2026-06-08,到期收盘,-2.7716,2026-06-15,到期收盘,,,
2026-06-01,8,123090.SZ,三诺转债,300298,三诺生物,B下修事件,C,43.8,113.58,112.0,cb_basic.maturity_call_price,1.58,149.41,174,AA,False,安全,33.8,83.0,52.1,30.5,62.5,5.0,60.0,,pledge_total_ratio/ownership_nature,-0.6735,2026-06-08,到期收盘,0.2976,2026-06-15,到期收盘,-1.4219,2026-06-30,到期收盘
2026-06-01,9,113616.SH,韦尔转债,603501,豪威集团,B下修事件,C,43.0,112.4,110.0,cb_basic.maturity_call_price,2.4,93.8,181,AA+,False,安全,33.6,88.0,45.5,30.5,60.0,12.1,76.7,,ownership_nature,-0.1486,2026-06-08,到期收盘,-0.3496,2026-06-15,到期收盘,-0.0961,2026-06-30,到期收盘
2026-06-01,10,128121.SZ,宏川转债,002930,宏川智慧,底价观察,C,40.7,110.28,108.0,cb_call.call_price,2.28,23.23,17,AA-,False,安全,41.7,53.0,45.1,29.0,60.0,11.6,60.0,,pledge_total_ratio/ownership_nature,-2.0666,2026-06-08,到期收盘,-1.9487,2026-06-15,到期收盘,-2.1872,2026-06-30,到期收盘
2026-06-01,11,123072.SZ,乐歌转债,300729,乐歌股份,B下修事件,C,40.0,123.28,120.0,cb_basic.maturity_call_price,3.28,246.25,113,A+,False,安全,32.5,83.0,44.1,30.5,60.0,5.0,60.0,,pledge_total_ratio/ownership_nature,-0.7925,2026-06-08,到期收盘,-0.7219,2026-06-15,到期收盘,-1.7675,2026-06-30,到期收盘
2026-06-01,12,127041.SZ,弘亚转债,002833,弘亚数控,底价观察,C,39.3,119.52,115.0,cb_call.call_price,4.52,4.76,12,AA-,False,安全,56.7,53.0,25.3,58.5,60.0,12.8,60.0,,pledge_total_ratio/ownership_nature,-2.3302,2026-06-08,到期收盘,-2.6498,2026-06-15,到期收盘,-1.1931,2026-06-30,到期收盘
2026-06-01,13,113610.SH,灵康转债,603669,灵康药业,B下修事件,C,39.2,118.24,115.0,cb_basic.maturity_call_price,3.24,78.32,154,A-,False,安全,33.8,83.0,41.9,30.5,62.5,5.0,60.0,,pledge_total_ratio/ownership_nature,-0.2656,2026-06-08,到期收盘,-0.1691,2026-06-15,到期收盘,5.0,2026-06-23,止盈
2026-06-01,14,123113.SZ,仙乐转债,300791,仙乐健康,B下修事件,C,35.5,116.4,113.0,cb_basic.maturity_call_price,3.4,96.55,293,AA-,False,安全,33.9,83.0,33.4,30.5,62.5,5.8,60.0,,pledge_total_ratio/ownership_nature,-1.201,2026-06-08,到期收盘,-1.2062,2026-06-15,到期收盘,-2.9562,2026-06-30,到期收盘
2026-06-01,15,128128.SZ,齐翔转2,002408,齐翔腾达,底价观察,C,35.3,113.96,110.0,cb_basic.maturity_call_price,3.96,17.68,51,AA,False,安全,45.0,53.0,29.8,36.7,60.0,7.3,60.0,,pledge_total_ratio/ownership_nature,-1.8252,2026-06-08,到期收盘,-1.3689,2026-06-15,到期收盘,-3.4223,2026-06-30,到期收盘
2026-06-01,16,113625.SH,江山转债,603208,江山欧派,B下修事件,C,34.2,121.88,118.0,cb_basic.maturity_call_price,3.88,84.03,346,A,False,安全,32.8,83.0,30.9,30.5,60.0,7.2,60.0,,pledge_total_ratio/ownership_nature,-1.2176,2026-06-08,到期收盘,-3.2975,2026-06-15,到期收盘,-6.0715,2026-06-30,到期收盘
2026-06-01,17,113049.SH,长汽转债,601633,长城汽车,B下修事件,C,32.5,111.92,107.0,cb_basic.maturity_call_price,4.92,158.08,345,AAA,False,安全,33.3,88.0,22.7,30.5,60.0,10.1,76.7,,ownership_nature,-0.7309,2026-06-08,到期收盘,-2.4571,2026-06-15,到期收盘,-4.2897,2026-06-30,到期收盘
2026-06-01,18,113605.SH,大参转债,603233,大参林,底价观察,C,32.2,114.64,110.0,cb_basic.maturity_call_price,4.64,16.22,114,AA,False,安全,46.1,53.0,21.6,38.8,60.0,8.1,60.0,,pledge_total_ratio/ownership_nature,-1.708,2026-06-08,到期收盘,0.2198,2026-06-15,到期收盘,-2.0647,2026-06-30,到期收盘
2026-06-01,19,123151.SZ,康医转债,300869,康泰医学,B下修事件,C,28.2,119.93,115.0,cb_basic.maturity_call_price,4.93,182.4,732,A+,False,安全,33.8,83.0,17.3,30.5,62.5,5.0,60.0,,pledge_total_ratio/ownership_nature,-0.5253,2026-06-08,到期收盘,-0.7221,2026-06-15,到期收盘,-2.7041,2026-06-30,到期收盘
2026-06-02,1,113588.SH,润达转债,603108,润达医疗,底价观察,B,55.3,110.37,109.0,cb_call.call_price,1.37,8.61,-13,AA,False,安全,53.9,53.0,63.6,50.4,60.0,21.3,60.0,,pledge_total_ratio/ownership_nature,-1.2984,2026-06-09,到期收盘,-1.3092,2026-06-16,到期收盘,,,
2026-06-02,2,127018.SZ,本钢转债,000761,本钢板材,B下修事件,B,55.0,118.74,119.0,cb_call.call_price,-0.26,53.19,-1,AAA,False,安全,35.2,75.5,76.0,26.0,60.0,23.1,60.0,,pledge_total_ratio/ownership_nature,-0.0707,2026-06-09,到期收盘,-0.2013,2026-06-16,到期收盘,,,
2026-06-02,3,128135.SZ,洽洽转债,002557,洽洽食品,B下修事件,B,49.0,114.39,115.0,cb_basic.maturity_call_price,-0.61,179.37,112,AA,False,安全,33.8,83.0,63.5,30.5,62.5,5.0,60.0,,pledge_total_ratio/ownership_nature,0.0052,2026-06-09,到期收盘,-0.0245,2026-06-16,到期收盘,,,
2026-06-02,4,113037.SH,紫银转债,601860,紫金银行,B下修事件,B,48.9,109.78,110.0,cb_basic.maturity_call_price,-0.22,48.75,23,AA+,False,安全,34.1,83.0,61.8,31.2,60.0,13.2,60.0,,pledge_total_ratio/ownership_nature,0.0064,2026-06-09,到期收盘,-0.0009,2026-06-16,到期收盘,,,
2026-06-02,5,113644.SH,艾迪转债,603638,艾迪精密,底价观察,B,47.5,117.64,115.0,cb_basic.maturity_call_price,2.64,-0.44,655,AA-,False,强赎中,63.0,53.0,46.9,68.0,60.0,23.6,60.0,强赎中,pledge_total_ratio/ownership_nature,5.0,2026-06-05,止盈,5.0,2026-06-05,止盈,,,
2026-06-02,6,127041.SZ,弘亚转债,002833,弘亚数控,底价观察,B,47.3,117.44,115.0,cb_call.call_price,2.44,6.35,12,AA-,False,安全,55.7,53.0,44.0,55.2,60.0,17.3,60.0,,pledge_total_ratio/ownership_nature,-0.545,2026-06-09,到期收盘,-1.1069,2026-06-16,到期收盘,,,
2026-06-02,7,123090.SZ,三诺转债,300298,三诺生物,B下修事件,B,45.3,113.14,112.0,cb_basic.maturity_call_price,1.14,151.8,174,AA,False,安全,32.5,83.0,56.0,30.5,60.0,5.0,60.0,,pledge_total_ratio/ownership_nature,-0.2121,2026-06-09,到期收盘,0.0035,2026-06-16,到期收盘,,,
2026-06-02,8,113616.SH,韦尔转债,603501,豪威集团,B下修事件,B,45.3,111.94,110.0,cb_basic.maturity_call_price,1.94,92.12,181,AA+,False,安全,34.3,88.0,49.7,30.5,60.0,16.8,76.7,,ownership_nature,0.4288,2026-06-09,到期收盘,-0.0679,2026-06-16,到期收盘,,,
2026-06-02,9,113610.SH,灵康转债,603669,灵康药业,B下修事件,C,43.0,117.25,115.0,cb_basic.maturity_call_price,2.25,80.61,154,A-,False,安全,32.5,83.0,50.8,30.5,60.0,5.0,60.0,,pledge_total_ratio/ownership_nature,1.2691,2026-06-09,到期收盘,0.6183,2026-06-16,到期收盘,,,
2026-06-02,10,123072.SZ,乐歌转债,300729,乐歌股份,B下修事件,C,41.7,122.85,120.0,cb_basic.maturity_call_price,2.85,257.05,113,A+,False,安全,32.5,83.0,47.9,30.5,60.0,5.0,60.0,,pledge_total_ratio/ownership_nature,-0.0366,2026-06-09,到期收盘,-0.2051,2026-06-16,到期收盘,,,
2026-06-02,11,123113.SZ,仙乐转债,300791,仙乐健康,B下修事件,C,37.4,115.85,113.0,cb_basic.maturity_call_price,2.85,105.02,293,AA-,False,安全,32.5,83.0,38.3,30.5,60.0,5.0,60.0,,pledge_total_ratio/ownership_nature,-0.5076,2026-06-09,到期收盘,-0.7354,2026-06-16,到期收盘,,,
2026-06-02,12,123059.SZ,银信转债,300231,银信科技,底价观察,C,36.4,122.39,118.0,cb_call.call_price,4.39,18.95,15,AA-,False,安全,43.7,53.0,33.7,35.0,60.0,5.0,60.0,,pledge_total_ratio/ownership_nature,-1.2575,2026-06-09,到期收盘,-2.8515,2026-06-16,到期收盘,,,
2026-06-02,13,113597.SH,佳力转债,603912,佳力图,底价观察,C,35.8,122.37,118.0,cb_call.call_price,4.37,18.41,30,AA-,False,安全,44.9,53.0,30.7,35.7,60.0,10.2,60.0,,pledge_total_ratio/ownership_nature,-0.6946,2026-06-09,到期收盘,-1.605,2026-06-16,到期收盘,,,
2026-06-02,14,128128.SZ,齐翔转2,002408,齐翔腾达,底价观察,C,34.3,114.08,110.0,cb_basic.maturity_call_price,4.08,18.72,51,AA,False,安全,43.9,53.0,28.7,35.3,60.0,5.1,60.0,,pledge_total_ratio/ownership_nature,-1.385,2026-06-09,到期收盘,-1.8233,2026-06-16,到期收盘,,,
2026-06-02,15,113625.SH,江山转债,603208,江山欧派,B下修事件,C,34.2,121.86,118.0,cb_basic.maturity_call_price,3.86,87.56,346,A,False,安全,32.5,83.0,31.2,30.5,60.0,5.0,60.0,,pledge_total_ratio/ownership_nature,-1.0479,2026-06-09,到期收盘,-2.8943,2026-06-16,到期收盘,,,
2026-06-02,16,113049.SH,长汽转债,601633,长城汽车,B下修事件,C,33.3,111.67,107.0,cb_basic.maturity_call_price,4.67,156.76,345,AAA,False,安全,33.9,88.0,24.9,30.5,62.6,5.9,76.7,,ownership_nature,-0.4021,2026-06-09,到期收盘,-2.4357,2026-06-16,到期收盘,,,
2026-06-02,17,113605.SH,大参转债,603233,大参林,底价观察,C,31.6,114.86,110.0,cb_basic.maturity_call_price,4.86,16.17,114,AA,False,安全,46.4,53.0,19.7,38.9,60.0,9.8,60.0,,pledge_total_ratio/ownership_nature,-2.0643,2026-06-09,到期收盘,-0.2716,2026-06-16,到期收盘,,,
2026-06-02,18,127049.SZ,希望转2,000876,新希望,B下修事件,C,29.3,111.8,107.0,cb_basic.maturity_call_price,4.8,51.79,490,AAA,False,安全,35.8,83.0,16.9,30.5,62.6,17.9,60.0,,pledge_total_ratio/ownership_nature,-0.7388,2026-06-09,到期收盘,-1.8336,2026-06-16,到期收盘,,,
2026-06-02,19,123151.SZ,康医转债,300869,康泰医学,B下修事件,C,28.7,119.73,115.0,cb_basic.maturity_call_price,4.73,186.58,732,A+,False,安全,32.5,83.0,19.1,30.5,60.0,5.0,60.0,,pledge_total_ratio/ownership_nature,-0.4184,2026-06-09,到期收盘,-0.6941,2026-06-16,到期收盘,,,
2026-06-02,20,110075.SH,南航转债,600029,南方航空,底价观察,C,27.5,111.34,106.5,cb_basic.maturity_call_price,4.84,28.4,107,AAA,False,安全,40.4,50.0,18.2,24.6,62.5,8.8,60.0,,pledge_total_ratio/ownership_nature,-2.2059,2026-06-09,到期收盘,-0.7239,2026-06-16,到期收盘,,,
2026-06-03,1,113588.SH,润达转债,603108,润达医疗,底价观察,B,57.0,109.39,109.0,cb_call.call_price,0.39,12.34,-13,AA,False,安全,49.6,53.0,72.5,44.2,60.0,13.6,60.0,,pledge_total_ratio/ownership_nature,-0.4187,2026-06-10,到期收盘,,,,,,
2026-06-03,2,127018.SZ,本钢转债,000761,本钢板材,B下修事件,B,56.2,118.7,119.0,cb_call.call_price,-0.3,54.36,-1,AAA,False,安全,36.2,83.0,76.0,30.5,62.6,21.0,60.0,,pledge_total_ratio/ownership_nature,-0.0286,2026-06-10,到期收盘,-0.1685,2026-06-17,到期收盘,,,
2026-06-03,3,128135.SZ,洽洽转债,002557,洽洽食品,B下修事件,B,49.0,114.38,115.0,cb_basic.maturity_call_price,-0.62,189.65,112,AA,False,安全,33.8,83.0,63.5,30.5,62.5,5.0,60.0,,pledge_total_ratio/ownership_nature,0.0761,2026-06-10,到期收盘,-0.0131,2026-06-17,到期收盘,,,
2026-06-03,4,113037.SH,紫银转债,601860,紫金银行,B下修事件,B,48.6,109.77,110.0,cb_basic.maturity_call_price,-0.23,49.88,23,AA+,False,安全,33.5,83.0,61.8,30.6,60.0,11.7,60.0,,pledge_total_ratio/ownership_nature,0.0137,2026-06-10,到期收盘,0.0036,2026-06-17,到期收盘,,,
2026-06-03,5,127041.SZ,弘亚转债,002833,弘亚数控,底价观察,B,47.6,117.2,115.0,cb_call.call_price,2.2,6.49,12,AA-,False,安全,54.5,53.0,46.2,54.9,60.0,10.5,60.0,,pledge_total_ratio/ownership_nature,-0.779,2026-06-10,到期收盘,-1.0239,2026-06-17,到期收盘,,,
2026-06-03,6,113644.SH,艾迪转债,603638,艾迪精密,底价观察,B,46.9,117.8,115.0,cb_basic.maturity_call_price,2.8,-0.35,655,AA-,False,强赎中,63.2,53.0,45.5,68.1,60.0,24.3,60.0,强赎中,pledge_total_ratio/ownership_nature,5.0,2026-06-05,止盈,5.0,2026-06-05,止盈,,,
2026-06-03,7,123090.SZ,三诺转债,300298,三诺生物,B下修事件,B,46.6,112.89,112.0,cb_basic.maturity_call_price,0.89,158.09,174,AA,False,安全,33.8,83.0,58.2,30.5,62.6,5.0,60.0,,pledge_total_ratio/ownership_nature,-0.0797,2026-06-10,到期收盘,-0.0523,2026-06-17,到期收盘,,,
2026-06-03,8,123072.SZ,乐歌转债,300729,乐歌股份,B下修事件,C,43.3,122.5,120.0,cb_basic.maturity_call_price,2.5,260.55,113,A+,False,安全,33.8,83.0,51.0,30.5,62.6,5.0,60.0,,pledge_total_ratio/ownership_nature,-0.258,2026-06-10,到期收盘,-0.0563,2026-06-17,到期收盘,,,
2026-06-03,9,113610.SH,灵康转债,603669,灵康药业,B下修事件,C,42.6,117.41,115.0,cb_basic.maturity_call_price,2.41,79.14,154,A-,False,安全,33.8,83.0,49.4,30.5,62.5,5.0,60.0,,pledge_total_ratio/ownership_nature,0.1542,2026-06-10,到期收盘,0.5025,2026-06-17,到期收盘,,,
2026-06-03,10,113616.SH,韦尔转债,603501,豪威集团,B下修事件,C,39.7,113.46,110.0,cb_basic.maturity_call_price,3.46,78.79,181,AA+,False,安全,35.0,88.0,36.0,30.5,60.0,21.9,76.7,,ownership_nature,-1.7116,2026-06-10,到期收盘,-1.6217,2026-06-17,到期收盘,,,
2026-06-03,11,123113.SZ,仙乐转债,300791,仙乐健康,B下修事件,C,39.6,115.39,113.0,cb_basic.maturity_call_price,2.39,101.38,293,AA-,False,安全,33.9,83.0,42.5,30.5,62.6,5.7,60.0,,pledge_total_ratio/ownership_nature,-0.7401,2026-06-10,到期收盘,-0.7713,2026-06-17,到期收盘,,,
2026-06-03,12,123059.SZ,银信转债,300231,银信科技,底价观察,C,38.6,121.85,118.0,cb_call.call_price,3.85,19.85,15,AA-,False,安全,44.4,53.0,38.6,33.7,62.6,5.0,60.0,,pledge_total_ratio/ownership_nature,-2.2979,2026-06-10,到期收盘,-2.6754,2026-06-17,到期收盘,,,
2026-06-03,13,113597.SH,佳力转债,603912,佳力图,底价观察,C,38.4,121.8,118.0,cb_call.call_price,3.8,17.34,30,AA-,False,安全,45.5,53.0,35.9,37.2,60.0,9.5,60.0,,pledge_total_ratio/ownership_nature,-1.225,2026-06-10,到期收盘,-2.0591,2026-06-17,到期收盘,,,
2026-06-03,14,128128.SZ,齐翔转2,002408,齐翔腾达,底价观察,C,37.4,113.65,110.0,cb_basic.maturity_call_price,3.65,16.91,51,AA,False,安全,47.2,53.0,32.6,37.8,62.5,9.9,60.0,,pledge_total_ratio/ownership_nature,-1.8311,2026-06-10,到期收盘,-1.2503,2026-06-17,到期收盘,,,
2026-06-03,15,113625.SH,江山转债,603208,江山欧派,B下修事件,C,37.1,121.18,118.0,cb_basic.maturity_call_price,3.18,92.8,346,A,False,安全,33.8,83.0,37.2,30.5,62.6,5.0,60.0,,pledge_total_ratio/ownership_nature,-0.8087,2026-06-10,到期收盘,-2.9485,2026-06-17,到期收盘,,,
2026-06-03,16,127049.SZ,希望转2,000876,新希望,B下修事件,C,34.2,110.63,107.0,cb_basic.maturity_call_price,3.63,54.15,490,AAA,False,安全,34.8,83.0,27.8,30.5,60.0,20.5,60.0,,pledge_total_ratio/ownership_nature,-0.2007,2026-06-10,到期收盘,-1.1118,2026-06-17,到期收盘,,,
2026-06-03,17,113605.SH,大参转债,603233,大参林,底价观察,C,32.9,114.2,110.0,cb_basic.maturity_call_price,4.2,18.93,114,AA,False,安全,43.9,53.0,25.6,35.0,60.0,6.2,60.0,,pledge_total_ratio/ownership_nature,-0.9019,2026-06-10,到期收盘,-0.0166,2026-06-17,到期收盘,,,
2026-06-03,18,123151.SZ,康医转债,300869,康泰医学,B下修事件,C,30.7,119.3,115.0,cb_basic.maturity_call_price,4.3,188.82,732,A+,False,安全,33.8,83.0,23.0,30.5,62.6,5.0,60.0,,pledge_total_ratio/ownership_nature,-0.2163,2026-06-10,到期收盘,-0.5407,2026-06-17,到期收盘,,,
2026-06-04,1,127018.SZ,本钢转债,000761,本钢板材,B下修事件,B,56.2,118.7,119.0,cb_call.call_price,-0.3,58.75,-1,AAA,False,安全,36.2,83.0,76.0,30.5,62.5,21.5,60.0,,pledge_total_ratio/ownership_nature,-0.0354,2026-06-11,到期收盘,-0.2106,2026-06-18,到期收盘,,,
2026-06-04,2,113588.SH,润达转债,603108,润达医疗,底价观察,B,56.2,108.96,109.0,cb_call.call_price,-0.04,18.56,-13,AA,False,安全,45.8,53.0,76.0,35.5,62.5,8.7,60.0,,pledge_total_ratio/ownership_nature,-0.0321,2026-06-11,到期收盘,,,,,,
2026-06-04,3,113644.SH,艾迪转债,603638,艾迪精密,底价观察,B,49.2,117.29,115.0,cb_basic.maturity_call_price,2.29,-0.56,655,AA-,False,强赎中,64.4,53.0,50.2,67.9,62.6,24.1,60.0,强赎中,pledge_total_ratio/ownership_nature,5.0,2026-06-05,止盈,5.0,2026-06-05,止盈,,,
2026-06-04,4,128135.SZ,洽洽转债,002557,洽洽食品,B下修事件,B,48.7,114.36,115.0,cb_basic.maturity_call_price,-0.64,196.97,112,AA,False,安全,32.5,83.0,63.5,30.5,60.0,5.0,60.0,,pledge_total_ratio/ownership_nature,0.0542,2026-06-11,到期收盘,-0.0708,2026-06-18,到期收盘,,,
2026-06-04,5,123090.SZ,三诺转债,300298,三诺生物,B下修事件,B,48.7,112.37,112.0,cb_basic.maturity_call_price,0.37,161.39,174,AA,False,安全,33.8,83.0,62.9,30.5,62.5,5.0,60.0,,pledge_total_ratio/ownership_nature,0.7546,2026-06-11,到期收盘,0.5197,2026-06-18,到期收盘,,,
2026-06-04,6,113037.SH,紫银转债,601860,紫金银行,B下修事件,B,48.3,109.77,110.0,cb_basic.maturity_call_price,-0.23,50.46,23,AA+,False,安全,33.0,83.0,61.8,30.5,60.0,8.6,60.0,,pledge_total_ratio/ownership_nature,0.0036,2026-06-11,到期收盘,0.0091,2026-06-18,到期收盘,,,
2026-06-04,7,127041.SZ,弘亚转债,002833,弘亚数控,底价观察,B,46.4,117.56,115.0,cb_call.call_price,2.56,5.47,12,AA-,False,安全,56.2,53.0,43.0,57.0,62.6,5.9,60.0,,pledge_total_ratio/ownership_nature,-1.2853,2026-06-11,到期收盘,-1.4767,2026-06-18,到期收盘,,,
2026-06-04,8,113610.SH,灵康转债,603669,灵康药业,B下修事件,B,45.8,116.61,115.0,cb_basic.maturity_call_price,1.61,86.23,154,A-,False,安全,33.8,83.0,56.6,30.5,62.5,5.0,60.0,,pledge_total_ratio/ownership_nature,1.2846,2026-06-11,到期收盘,0.8438,2026-06-18,到期收盘,,,
2026-06-04,9,123072.SZ,乐歌转债,300729,乐歌股份,B下修事件,C,45.0,122.09,120.0,cb_basic.maturity_call_price,2.09,273.14,113,A+,False,安全,33.8,83.0,54.7,30.5,62.6,5.0,60.0,,pledge_total_ratio/ownership_nature,0.2138,2026-06-11,到期收盘,0.4177,2026-06-18,到期收盘,,,
2026-06-04,10,123059.SZ,银信转债,300231,银信科技,底价观察,C,42.8,120.65,118.0,cb_call.call_price,2.65,21.46,15,AA-,False,安全,43.3,53.0,49.3,31.5,62.6,5.0,60.0,,pledge_total_ratio/ownership_nature,-1.3344,2026-06-11,到期收盘,-1.6991,2026-06-18,到期收盘,,,
2026-06-04,11,113616.SH,韦尔转债,603501,豪威集团,B下修事件,C,41.6,112.95,110.0,cb_basic.maturity_call_price,2.95,81.68,181,AA+,False,安全,35.8,88.0,40.6,30.5,62.5,18.3,76.7,,ownership_nature,-1.6627,2026-06-11,到期收盘,-0.7844,2026-06-18,到期收盘,,,
2026-06-04,12,128128.SZ,齐翔转2,002408,齐翔腾达,底价观察,C,41.2,112.49,110.0,cb_basic.maturity_call_price,2.49,18.44,51,AA,False,安全,45.6,53.0,43.1,35.7,62.5,6.5,60.0,,pledge_total_ratio/ownership_nature,-0.9112,2026-06-11,到期收盘,-0.528,2026-06-18,到期收盘,,,
2026-06-04,13,113597.SH,佳力转债,603912,佳力图,底价观察,C,41.0,121.06,118.0,cb_call.call_price,3.06,18.07,30,AA-,False,安全,45.8,53.0,42.5,36.2,62.6,5.9,60.0,,pledge_total_ratio/ownership_nature,-1.0722,2026-06-11,到期收盘,-0.4618,2026-06-18,到期收盘,,,
2026-06-04,14,123113.SZ,仙乐转债,300791,仙乐健康,B下修事件,C,39.9,115.3,113.0,cb_basic.maturity_call_price,2.3,111.99,293,AA-,False,安全,33.8,83.0,43.3,30.5,62.5,5.0,60.0,,pledge_total_ratio/ownership_nature,-0.6999,2026-06-11,到期收盘,-1.1275,2026-06-18,到期收盘,,,
2026-06-04,15,113625.SH,江山转债,603208,江山欧派,B下修事件,C,39.8,120.53,118.0,cb_basic.maturity_call_price,2.53,96.34,346,A,False,安全,33.8,83.0,43.1,30.5,62.6,5.2,60.0,,pledge_total_ratio/ownership_nature,-1.817,2026-06-11,到期收盘,-2.6135,2026-06-18,到期收盘,,,
2026-06-04,16,113049.SH,长汽转债,601633,长城汽车,B下修事件,C,35.5,111.16,107.0,cb_basic.maturity_call_price,4.16,161.42,345,AAA,False,安全,34.0,88.0,29.5,30.5,62.6,6.4,76.7,,ownership_nature,-2.608,2026-06-11,到期收盘,-2.7078,2026-06-18,到期收盘,,,
2026-06-04,17,113605.SH,大参转债,603233,大参林,底价观察,C,34.9,113.71,110.0,cb_basic.maturity_call_price,3.71,19.22,114,AA,False,安全,44.8,53.0,30.0,34.6,62.5,5.0,60.0,,pledge_total_ratio/ownership_nature,-0.5127,2026-06-11,到期收盘,0.3201,2026-06-18,到期收盘,,,
2026-06-04,18,127049.SZ,希望转2,000876,新希望,B下修事件,C,32.7,110.89,107.0,cb_basic.maturity_call_price,3.89,60.43,490,AAA,False,安全,34.3,83.0,25.4,30.5,60.0,16.9,60.0,,pledge_total_ratio/ownership_nature,-0.5086,2026-06-11,到期收盘,-1.7053,2026-06-18,到期收盘,,,
2026-06-04,19,123151.SZ,康医转债,300869,康泰医学,B下修事件,C,31.6,119.1,115.0,cb_basic.maturity_call_price,4.1,193.23,732,A+,False,安全,33.8,83.0,24.9,30.5,62.5,5.0,60.0,,pledge_total_ratio/ownership_nature,-0.1537,2026-06-11,到期收盘,-0.5021,2026-06-18,到期收盘,,,
2026-06-05,1,127018.SZ,本钢转债,000761,本钢板材,B下修事件,B,56.1,118.7,119.0,cb_call.call_price,-0.3,60.05,-1,AAA,False,安全,35.1,83.0,76.0,30.5,60.0,22.6,60.0,,pledge_total_ratio/ownership_nature,-0.0539,2026-06-12,到期收盘,-0.2393,2026-06-22,到期收盘,,,
2026-06-05,2,113588.SH,润达转债,603108,润达医疗,底价观察,B,55.9,108.98,109.0,cb_call.call_price,-0.02,21.02,-13,AA,False,安全,44.1,53.0,76.0,32.1,60.0,17.2,60.0,,pledge_total_ratio/ownership_nature,-0.0505,2026-06-12,到期收盘,,,,,,
2026-06-05,3,113037.SH,紫银转债,601860,紫金银行,B下修事件,B,48.8,109.78,110.0,cb_basic.maturity_call_price,-0.22,49.32,23,AA+,False,安全,33.9,83.0,61.8,30.9,60.0,12.8,60.0,,pledge_total_ratio/ownership_nature,-0.0036,2026-06-12,到期收盘,0.0128,2026-06-22,到期收盘,,,
2026-06-05,4,128135.SZ,洽洽转债,002557,洽洽食品,B下修事件,B,48.7,114.4,115.0,cb_basic.maturity_call_price,-0.6,195.69,112,AA,False,安全,32.5,83.0,63.5,30.5,60.0,5.0,60.0,,pledge_total_ratio/ownership_nature,0.021,2026-06-12,到期收盘,-0.0577,2026-06-22,到期收盘,,,
2026-06-05,5,127041.SZ,弘亚转债,002833,弘亚数控,底价观察,B,47.0,117.58,115.0,cb_call.call_price,2.58,4.18,12,AA-,False,安全,56.6,53.0,42.8,59.7,60.0,8.4,60.0,,pledge_total_ratio/ownership_nature,-1.1737,2026-06-12,到期收盘,-1.837,2026-06-22,到期收盘,,,
2026-06-05,6,123090.SZ,三诺转债,300298,三诺生物,B下修事件,B,46.2,112.92,112.0,cb_basic.maturity_call_price,0.92,160.56,174,AA,False,安全,32.5,83.0,58.0,30.5,60.0,5.0,60.0,,pledge_total_ratio/ownership_nature,-0.0053,2026-06-12,到期收盘,-0.3232,2026-06-22,到期收盘,,,
2026-06-05,7,113610.SH,灵康转债,603669,灵康药业,B下修事件,C,43.9,117.02,115.0,cb_basic.maturity_call_price,2.02,86.89,154,A-,False,安全,32.5,83.0,52.9,30.5,60.0,5.0,60.0,,pledge_total_ratio/ownership_nature,1.2331,2026-06-12,到期收盘,1.4203,2026-06-22,到期收盘,,,
2026-06-05,8,123072.SZ,乐歌转债,300729,乐歌股份,B下修事件,C,43.1,122.57,120.0,cb_basic.maturity_call_price,2.57,267.37,113,A+,False,安全,33.8,83.0,50.4,30.5,62.5,5.0,60.0,,pledge_total_ratio/ownership_nature,0.1876,2026-06-12,到期收盘,0.0,2026-06-22,到期收盘,,,
2026-06-05,9,123064.SZ,万孚转债,300482,万孚生物,底价观察,C,43.0,112.72,110.0,cb_basic.maturity_call_price,2.72,27.29,63,AA,False,安全,47.3,53.0,41.3,25.2,60.0,61.4,60.0,,pledge_total_ratio/ownership_nature,5.0,2026-06-09,止盈,5.0,2026-06-09,止盈,,,
2026-06-05,10,123059.SZ,银信转债,300231,银信科技,底价观察,C,42.7,120.6,118.0,cb_call.call_price,2.6,21.55,15,AA-,False,安全,41.9,53.0,49.8,31.3,60.0,5.0,60.0,,pledge_total_ratio/ownership_nature,-1.3101,2026-06-12,到期收盘,-1.4511,2026-06-22,到期收盘,,,
2026-06-05,11,123113.SZ,仙乐转债,300791,仙乐健康,B下修事件,C,41.5,114.83,113.0,cb_basic.maturity_call_price,1.83,114.74,293,AA-,False,安全,32.5,83.0,47.5,30.5,60.0,5.0,60.0,,pledge_total_ratio/ownership_nature,-0.3092,2026-06-12,到期收盘,-0.2325,2026-06-22,到期收盘,,,
2026-06-05,12,113597.SH,佳力转债,603912,佳力图,底价观察,C,40.0,121.35,118.0,cb_call.call_price,3.35,17.43,30,AA-,False,安全,45.2,53.0,39.9,37.1,60.0,7.8,60.0,,pledge_total_ratio/ownership_nature,-1.1454,2026-06-12,到期收盘,-0.8785,2026-06-22,到期收盘,,,
2026-06-05,13,113616.SH,韦尔转债,603501,豪威集团,B下修事件,C,39.9,113.24,110.0,cb_basic.maturity_call_price,3.24,88.78,181,AA+,False,安全,34.9,88.0,37.9,30.5,62.5,12.8,76.7,,ownership_nature,-1.4006,2026-06-12,到期收盘,-0.8319,2026-06-22,到期收盘,,,
2026-06-05,14,128128.SZ,齐翔转2,002408,齐翔腾达,底价观察,C,39.8,112.83,110.0,cb_basic.maturity_call_price,2.83,18.1,51,AA,False,安全,44.7,53.0,40.0,36.2,60.0,7.8,60.0,,pledge_total_ratio/ownership_nature,-0.7356,2026-06-12,到期收盘,-0.2588,2026-06-22,到期收盘,,,
2026-06-05,15,113625.SH,江山转债,603208,江山欧派,B下修事件,C,38.5,120.86,118.0,cb_basic.maturity_call_price,2.86,91.36,346,A,False,安全,33.9,83.0,40.2,30.5,62.5,5.6,60.0,,pledge_total_ratio/ownership_nature,-2.2464,2026-06-12,到期收盘,-2.6982,2026-06-22,到期收盘,,,
2026-06-05,16,113049.SH,长汽转债,601633,长城汽车,B下修事件,C,36.9,110.84,107.0,cb_basic.maturity_call_price,3.84,159.41,345,AAA,False,安全,33.3,88.0,32.4,30.5,60.0,10.2,76.7,,ownership_nature,-1.947,2026-06-12,到期收盘,-2.3719,2026-06-22,到期收盘,,,
2026-06-05,17,113605.SH,大参转债,603233,大参林,底价观察,C,36.5,113.25,110.0,cb_basic.maturity_call_price,3.25,19.86,114,AA,False,安全,43.3,53.0,34.2,33.7,60.0,6.5,60.0,,pledge_total_ratio/ownership_nature,1.1038,2026-06-12,到期收盘,0.4415,2026-06-22,到期收盘,,,
2026-06-05,18,123151.SZ,康医转债,300869,康泰医学,B下修事件,C,32.0,118.93,115.0,cb_basic.maturity_call_price,3.93,191.77,732,A+,False,安全,32.5,83.0,26.4,30.5,60.0,5.0,60.0,,pledge_total_ratio/ownership_nature,0.0345,2026-06-12,到期收盘,-0.5112,2026-06-22,到期收盘,,,
2026-06-05,19,127049.SZ,希望转2,000876,新希望,B下修事件,C,31.2,111.29,107.0,cb_basic.maturity_call_price,4.29,61.0,490,AAA,False,安全,34.4,83.0,21.7,30.5,60.0,17.7,60.0,,pledge_total_ratio/ownership_nature,-0.7692,2026-06-12,到期收盘,-2.7756,2026-06-22,到期收盘,,,
2026-06-08,1,127018.SZ,本钢转债,000761,本钢板材,B下修事件,B,56.0,118.7,119.0,cb_call.call_price,-0.3,57.47,-1,AAA,False,安全,35.0,83.0,76.0,30.5,60.0,21.6,60.0,,pledge_total_ratio/ownership_nature,-0.0733,2026-06-15,到期收盘,0.1095,2026-06-23,到期收盘,,,
2026-06-08,2,113588.SH,润达转债,603108,润达医疗,底价观察,B,55.0,108.97,109.0,cb_call.call_price,-0.03,25.86,-13,AA,False,安全,42.9,53.0,76.0,26.0,62.6,20.7,60.0,,pledge_total_ratio/ownership_nature,-0.0413,2026-06-15,到期收盘,,,,,,
2026-06-08,3,127041.SZ,弘亚转债,002833,弘亚数控,底价观察,B,49.7,116.73,115.0,cb_call.call_price,1.73,6.77,12,AA-,False,安全,55.7,53.0,50.4,54.3,62.5,12.2,60.0,,pledge_total_ratio/ownership_nature,-0.323,2026-06-15,到期收盘,-1.1351,2026-06-23,到期收盘,,,
2026-06-08,4,113037.SH,紫银转债,601860,紫金银行,B下修事件,B,49.0,109.79,110.0,cb_basic.maturity_call_price,-0.21,48.19,23,AA+,False,安全,34.2,83.0,61.8,31.5,60.0,12.9,60.0,,pledge_total_ratio/ownership_nature,-0.0009,2026-06-15,到期收盘,0.0046,2026-06-23,到期收盘,,,
2026-06-08,5,128135.SZ,洽洽转债,002557,洽洽食品,B下修事件,B,48.7,114.38,115.0,cb_basic.maturity_call_price,-0.62,199.44,112,AA,False,安全,32.5,83.0,63.5,30.5,60.0,5.0,60.0,,pledge_total_ratio/ownership_nature,-0.0411,2026-06-15,到期收盘,-0.0874,2026-06-23,到期收盘,,,
2026-06-08,6,123090.SZ,三诺转债,300298,三诺生物,B下修事件,B,46.9,112.81,112.0,cb_basic.maturity_call_price,0.81,164.56,174,AA,False,安全,33.8,83.0,58.9,30.5,62.6,5.0,60.0,,pledge_total_ratio/ownership_nature,0.9822,2026-06-15,到期收盘,-0.2482,2026-06-23,到期收盘,,,
2026-06-08,7,123071.SZ,天能转债,300569,天能重工,B下修事件,B,45.8,115.77,115.0,cb_basic.maturity_call_price,0.77,56.23,113,AA-,False,安全,34.0,75.5,58.5,26.0,62.6,6.7,60.0,,pledge_total_ratio/ownership_nature,0.2868,2026-06-15,到期收盘,-0.1874,2026-06-23,到期收盘,,,
2026-06-08,8,123059.SZ,银信转债,300231,银信科技,底价观察,C,44.7,119.88,118.0,cb_call.call_price,1.88,25.31,15,AA-,False,安全,40.7,53.0,56.3,26.3,62.6,5.0,60.0,,pledge_total_ratio/ownership_nature,-0.6982,2026-06-15,到期收盘,-1.2346,2026-06-23,到期收盘,,,
2026-06-08,9,123072.SZ,乐歌转债,300729,乐歌股份,B下修事件,C,44.2,122.3,120.0,cb_basic.maturity_call_price,2.3,274.14,113,A+,False,安全,33.9,83.0,52.8,30.5,62.8,5.0,60.0,,pledge_total_ratio/ownership_nature,0.0736,2026-06-15,到期收盘,-0.1071,2026-06-23,到期收盘,,,
2026-06-08,10,113616.SH,韦尔转债,603501,豪威集团,B下修事件,C,43.7,112.23,110.0,cb_basic.maturity_call_price,2.23,93.95,181,AA+,False,安全,33.6,88.0,47.0,30.5,60.0,12.2,76.7,,ownership_nature,-0.1987,2026-06-15,到期收盘,-0.082,2026-06-23,到期收盘,,,
2026-06-08,11,128128.SZ,齐翔转2,002408,齐翔腾达,底价观察,C,43.0,111.88,110.0,cb_basic.maturity_call_price,1.88,20.64,51,AA,False,安全,44.2,53.0,48.5,32.6,62.5,7.8,60.0,,pledge_total_ratio/ownership_nature,0.4648,2026-06-15,到期收盘,0.2601,2026-06-23,到期收盘,,,
2026-06-08,12,113597.SH,佳力转债,603912,佳力图,底价观察,C,42.2,120.38,118.0,cb_call.call_price,2.38,23.37,30,AA-,False,安全,42.4,53.0,48.6,28.8,62.5,8.4,60.0,,pledge_total_ratio/ownership_nature,0.6097,2026-06-15,到期收盘,5.0,2026-06-23,止盈,,,
2026-06-08,13,113610.SH,灵康转债,603669,灵康药业,B下修事件,C,41.8,117.93,115.0,cb_basic.maturity_call_price,2.93,71.1,154,A-,False,安全,35.7,83.0,44.7,30.5,62.6,17.9,60.0,,pledge_total_ratio/ownership_nature,0.0933,2026-06-15,到期收盘,5.0,2026-06-23,止盈,,,
2026-06-08,14,123113.SZ,仙乐转债,300791,仙乐健康,B下修事件,C,41.0,115.0,113.0,cb_basic.maturity_call_price,2.0,124.89,293,AA-,False,安全,33.8,83.0,45.9,30.5,62.6,5.0,60.0,,pledge_total_ratio/ownership_nature,-0.0035,2026-06-15,到期收盘,-0.4348,2026-06-23,到期收盘,,,
2026-06-08,15,113625.SH,江山转债,603208,江山欧派,B下修事件,C,40.3,120.4,118.0,cb_basic.maturity_call_price,2.4,91.25,346,A,False,安全,33.9,83.0,44.3,30.5,62.8,5.0,60.0,,pledge_total_ratio/ownership_nature,-2.1088,2026-06-15,到期收盘,-1.9743,2026-06-23,到期收盘,,,
2026-06-08,16,113605.SH,大参转债,603233,大参林,底价观察,C,38.9,112.68,110.0,cb_basic.maturity_call_price,2.68,20.32,114,AA,False,安全,44.4,53.0,39.3,33.1,62.6,6.8,60.0,,pledge_total_ratio/ownership_nature,1.9631,2026-06-15,到期收盘,0.7215,2026-06-23,到期收盘,,,
2026-06-08,17,113049.SH,长汽转债,601633,长城汽车,B下修事件,C,36.2,111.1,107.0,cb_basic.maturity_call_price,4.1,165.26,345,AAA,False,安全,34.7,88.0,30.1,30.5,62.6,11.3,76.7,,ownership_nature,-1.7372,2026-06-15,到期收盘,-2.5221,2026-06-23,到期收盘,,,
2026-06-08,18,127049.SZ,希望转2,000876,新希望,B下修事件,C,31.5,111.4,107.0,cb_basic.maturity_call_price,4.4,65.69,490,AAA,False,安全,36.4,83.0,20.7,30.5,62.6,22.7,60.0,,pledge_total_ratio/ownership_nature,-1.158,2026-06-15,到期收盘,-2.9695,2026-06-23,到期收盘,,,
2026-06-08,19,123151.SZ,康医转债,300869,康泰医学,B下修事件,C,30.8,119.3,115.0,cb_basic.maturity_call_price,4.3,202.09,732,A+,False,安全,33.9,83.0,23.0,30.5,62.6,5.6,60.0,,pledge_total_ratio/ownership_nature,-0.1978,2026-06-15,到期收盘,-0.8433,2026-06-23,到期收盘,,,
2026-06-09,1,113588.SH,润达转债,603108,润达医疗,底价观察,B,54.4,108.94,109.0,cb_call.call_price,-0.06,23.83,-13,AA,False,安全,41.4,53.0,76.0,28.1,60.0,12.1,60.0,,pledge_total_ratio/ownership_nature,-0.0138,2026-06-16,到期收盘,,,,,,
2026-06-09,2,113037.SH,紫银转债,601860,紫金银行,B下修事件,B,49.1,109.79,110.0,cb_basic.maturity_call_price,-0.21,49.33,23,AA+,False,安全,34.2,83.0,61.8,30.9,60.0,15.3,60.0,,pledge_total_ratio/ownership_nature,-0.01,2026-06-16,到期收盘,0.0237,2026-06-24,到期收盘,,,
2026-06-09,3,127041.SZ,弘亚转债,002833,弘亚数控,底价观察,B,49.1,116.8,115.0,cb_call.call_price,1.8,6.54,12,AA-,False,安全,54.3,53.0,49.8,54.8,60.0,9.6,60.0,,pledge_total_ratio/ownership_nature,-0.5651,2026-06-16,到期收盘,-0.2568,2026-06-24,到期收盘,,,
2026-06-09,4,128135.SZ,洽洽转债,002557,洽洽食品,B下修事件,B,48.7,114.4,115.0,cb_basic.maturity_call_price,-0.6,199.34,112,AA,False,安全,32.5,83.0,63.5,30.5,60.0,5.0,60.0,,pledge_total_ratio/ownership_nature,-0.0332,2026-06-16,到期收盘,-0.1066,2026-06-24,到期收盘,,,
2026-06-09,5,123071.SZ,天能转债,300569,天能重工,B下修事件,C,44.3,116.04,115.0,cb_basic.maturity_call_price,1.04,57.23,113,AA-,False,安全,32.6,75.5,56.0,26.0,60.0,5.8,60.0,,pledge_total_ratio/ownership_nature,0.1275,2026-06-16,到期收盘,-0.4266,2026-06-24,到期收盘,,,
2026-06-09,6,113616.SH,韦尔转债,603501,豪威集团,B下修事件,C,42.6,112.42,110.0,cb_basic.maturity_call_price,2.42,91.57,181,AA+,False,安全,33.0,88.0,45.4,30.5,60.0,8.5,76.7,,ownership_nature,-0.4946,2026-06-16,到期收盘,-0.298,2026-06-24,到期收盘,,,
2026-06-09,7,123059.SZ,银信转债,300231,银信科技,底价观察,C,40.9,120.85,118.0,cb_call.call_price,2.85,24.02,15,AA-,False,安全,40.2,53.0,47.6,27.9,60.0,5.0,60.0,,pledge_total_ratio/ownership_nature,-1.6136,2026-06-16,到期收盘,-2.1597,2026-06-24,到期收盘,,,
2026-06-09,8,113605.SH,大参转债,603233,大参林,底价观察,C,39.9,112.49,110.0,cb_basic.maturity_call_price,2.49,19.73,114,AA,False,安全,43.9,53.0,41.0,33.9,60.0,9.5,60.0,,pledge_total_ratio/ownership_nature,1.8295,2026-06-16,到期收盘,0.3271,2026-06-24,到期收盘,,,
2026-06-09,9,128128.SZ,齐翔转2,002408,齐翔腾达,底价观察,C,39.4,112.5,110.0,cb_basic.maturity_call_price,2.5,22.29,51,AA,False,安全,41.4,53.0,42.9,30.3,60.0,5.0,60.0,,pledge_total_ratio/ownership_nature,-0.4444,2026-06-16,到期收盘,-0.5911,2026-06-24,到期收盘,,,
2026-06-09,10,113597.SH,佳力转债,603912,佳力图,底价观察,C,38.2,121.52,118.0,cb_call.call_price,3.52,21.8,30,AA-,False,安全,42.7,53.0,38.4,31.0,60.0,11.7,60.0,,pledge_total_ratio/ownership_nature,-0.9167,2026-06-16,到期收盘,5.0,2026-06-23,止盈,,,
2026-06-09,11,113610.SH,灵康转债,603669,灵康药业,B下修事件,C,37.3,118.74,115.0,cb_basic.maturity_call_price,3.74,64.56,154,A-,False,安全,33.0,83.0,37.4,30.5,60.0,8.3,60.0,,pledge_total_ratio/ownership_nature,-0.6443,2026-06-16,到期收盘,5.0,2026-06-23,止盈,,,
2026-06-09,12,113049.SH,长汽转债,601633,长城汽车,B下修事件,C,34.9,111.22,107.0,cb_basic.maturity_call_price,4.22,162.98,345,AAA,False,安全,32.6,88.0,29.0,30.5,60.0,5.8,76.7,,ownership_nature,-2.041,2026-06-16,到期收盘,-2.8907,2026-06-24,到期收盘,,,
2026-06-09,13,127049.SZ,希望转2,000876,新希望,B下修事件,C,33.0,110.97,107.0,cb_basic.maturity_call_price,3.97,69.83,490,AAA,False,安全,35.2,83.0,24.6,30.5,60.0,22.8,60.0,,pledge_total_ratio/ownership_nature,-1.0994,2026-06-16,到期收盘,-3.5316,2026-06-24,到期收盘,,,
2026-06-10,1,127018.SZ,本钢转债,000761,本钢板材,B下修事件,B,56.3,118.67,119.0,cb_call.call_price,-0.33,64.04,-1,AAA,False,安全,35.4,83.0,76.0,30.5,60.0,24.3,60.0,,pledge_total_ratio/ownership_nature,-0.1433,2026-06-17,到期收盘,0.1348,2026-06-25,到期收盘,,,
2026-06-10,2,127041.SZ,弘亚转债,002833,弘亚数控,底价观察,B,50.6,116.29,115.0,cb_call.call_price,1.29,7.44,12,AA-,False,安全,54.2,53.0,54.4,52.9,62.5,6.4,60.0,,pledge_total_ratio/ownership_nature,-0.2494,2026-06-17,到期收盘,-0.8505,2026-06-25,到期收盘,,,
2026-06-10,3,113037.SH,紫银转债,601860,紫金银行,B下修事件,B,49.7,109.78,110.0,cb_basic.maturity_call_price,-0.22,45.97,23,AA+,False,安全,35.5,83.0,61.8,32.8,60.0,17.3,60.0,,pledge_total_ratio/ownership_nature,-0.0055,2026-06-17,到期收盘,0.0437,2026-06-25,到期收盘,,,
2026-06-10,4,128135.SZ,洽洽转债,002557,洽洽食品,B下修事件,B,49.1,114.47,115.0,cb_basic.maturity_call_price,-0.53,191.2,112,AA,False,安全,34.0,83.0,63.5,30.5,62.5,6.2,60.0,,pledge_total_ratio/ownership_nature,-0.0917,2026-06-17,到期收盘,-0.0865,2026-06-25,到期收盘,,,
2026-06-10,5,123071.SZ,天能转债,300569,天能重工,B下修事件,B,48.2,115.51,115.0,cb_basic.maturity_call_price,0.51,57.47,113,AA-,False,安全,36.2,75.5,60.8,26.0,62.6,20.9,60.0,,pledge_total_ratio/ownership_nature,0.5108,2026-06-17,到期收盘,-0.0502,2026-06-25,到期收盘,,,
2026-06-10,6,123059.SZ,银信转债,300231,银信科技,底价观察,B,48.0,119.05,118.0,cb_call.call_price,1.05,25.32,15,AA-,False,安全,40.7,53.0,63.8,26.3,62.5,5.0,60.0,,pledge_total_ratio/ownership_nature,-0.3864,2026-06-17,到期收盘,-0.8593,2026-06-25,到期收盘,,,
2026-06-10,7,113049.SH,长汽转债,601633,长城汽车,B下修事件,B,47.8,108.53,107.0,cb_basic.maturity_call_price,1.53,148.22,345,AAA,False,安全,36.2,88.0,53.6,30.5,62.6,21.2,76.7,,ownership_nature,-0.0369,2026-06-17,到期收盘,-0.7528,2026-06-25,到期收盘,,,
2026-06-10,8,123090.SZ,三诺转债,300298,三诺生物,B下修事件,B,47.0,112.8,112.0,cb_basic.maturity_call_price,0.8,167.25,174,AA,False,安全,33.8,83.0,59.1,30.5,62.6,5.0,60.0,,pledge_total_ratio/ownership_nature,0.0275,2026-06-17,到期收盘,-0.7819,2026-06-25,到期收盘,,,
2026-06-10,9,113616.SH,韦尔转债,603501,豪威集团,B下修事件,B,46.4,111.52,110.0,cb_basic.maturity_call_price,1.52,96.65,181,AA+,False,安全,33.3,88.0,53.5,30.5,60.0,10.3,76.7,,ownership_nature,0.0897,2026-06-17,到期收盘,0.8752,2026-06-25,到期收盘,,,
2026-06-10,10,123072.SZ,乐歌转债,300729,乐歌股份,B下修事件,C,44.6,122.18,120.0,cb_basic.maturity_call_price,2.18,280.56,113,A+,False,安全,33.8,83.0,53.9,30.5,62.6,5.0,60.0,,pledge_total_ratio/ownership_nature,0.2054,2026-06-17,到期收盘,-0.8578,2026-06-25,到期收盘,,,
2026-06-10,11,128128.SZ,齐翔转2,002408,齐翔腾达,底价观察,C,43.8,111.57,110.0,cb_basic.maturity_call_price,1.57,21.77,51,AA,False,安全,43.4,53.0,51.3,31.0,62.5,7.2,60.0,,pledge_total_ratio/ownership_nature,0.5907,2026-06-17,到期收盘,-0.441,2026-06-25,到期收盘,,,
2026-06-10,12,123113.SZ,仙乐转债,300791,仙乐健康,B下修事件,C,42.9,114.54,113.0,cb_basic.maturity_call_price,1.54,122.74,293,AA-,False,安全,33.8,83.0,50.1,30.5,62.6,5.0,60.0,,pledge_total_ratio/ownership_nature,-0.0349,2026-06-17,到期收盘,-0.5072,2026-06-25,到期收盘,,,
2026-06-10,13,113597.SH,佳力转债,603912,佳力图,底价观察,C,42.7,120.31,118.0,cb_call.call_price,2.31,22.28,30,AA-,False,安全,43.0,53.0,49.3,30.3,62.5,6.9,60.0,,pledge_total_ratio/ownership_nature,-0.8461,2026-06-17,到期收盘,5.0,2026-06-23,止盈,,,
2026-06-10,14,113610.SH,灵康转债,603669,灵康药业,B下修事件,C,41.9,117.59,115.0,cb_basic.maturity_call_price,2.59,65.8,154,A-,False,安全,33.8,83.0,47.7,30.5,62.6,5.0,60.0,,pledge_total_ratio/ownership_nature,0.3487,2026-06-17,到期收盘,5.0,2026-06-23,止盈,,,
2026-06-10,15,113625.SH,江山转债,603208,江山欧派,B下修事件,C,41.2,120.2,118.0,cb_basic.maturity_call_price,2.2,102.61,346,A,False,安全,33.9,83.0,46.1,30.5,62.6,6.0,60.0,,pledge_total_ratio/ownership_nature,-2.1572,2026-06-17,到期收盘,-2.8236,2026-06-25,到期收盘,,,
2026-06-10,16,113605.SH,大参转债,603233,大参林,底价观察,C,38.9,113.17,110.0,cb_basic.maturity_call_price,3.17,15.99,114,AA,False,安全,48.0,53.0,34.9,39.1,62.5,11.3,60.0,,pledge_total_ratio/ownership_nature,0.8933,2026-06-17,到期收盘,0.0619,2026-06-25,到期收盘,,,
2026-06-10,17,127049.SZ,希望转2,000876,新希望,B下修事件,C,35.4,110.41,107.0,cb_basic.maturity_call_price,3.41,70.19,490,AAA,False,安全,36.2,83.0,29.8,30.5,62.5,21.1,60.0,,pledge_total_ratio/ownership_nature,-0.9148,2026-06-17,到期收盘,-3.0142,2026-06-25,到期收盘,,,
2026-06-10,18,128134.SZ,鸿路转债,002541,鸿路钢构,底价观察,C,33.8,114.25,110.0,cb_basic.maturity_call_price,4.25,17.22,101,AA,False,安全,46.9,53.0,24.9,37.4,62.5,9.5,60.0,,pledge_total_ratio/ownership_nature,3.1947,2026-06-17,到期收盘,3.5466,2026-06-25,到期收盘,,,
2026-06-10,19,110076.SH,华海转债,600521,华海药业,底价观察,C,33.1,113.52,110.0,cb_basic.maturity_call_price,3.52,29.98,125,AA,False,安全,40.1,53.0,31.1,23.7,62.6,9.6,60.0,,pledge_total_ratio/ownership_nature,0.451,2026-06-17,到期收盘,1.2245,2026-06-25,到期收盘,,,
2026-06-10,20,123092.SZ,天壕转债,300332,天壕能源,底价观察,C,32.1,119.44,115.0,cb_basic.maturity_call_price,4.44,29.61,177,A+,False,安全,39.7,53.0,29.3,23.9,62.6,6.4,60.0,,pledge_total_ratio/ownership_nature,0.067,2026-06-17,到期收盘,-1.2776,2026-06-25,到期收盘,,,
2026-06-11,1,127018.SZ,本钢转债,000761,本钢板材,B下修事件,B,55.7,118.66,119.0,cb_call.call_price,-0.34,64.03,-1,AAA,False,安全,34.5,83.0,76.0,30.5,60.0,18.3,60.0,,pledge_total_ratio/ownership_nature,-0.177,2026-06-18,到期收盘,0.1433,2026-06-26,到期收盘,,,
2026-06-11,2,127041.SZ,弘亚转债,002833,弘亚数控,底价观察,B,50.9,116.05,115.0,cb_call.call_price,1.05,9.19,12,AA-,False,安全,53.1,53.0,56.6,49.2,64.0,6.8,60.0,,pledge_total_ratio/ownership_nature,-0.1947,2026-06-18,到期收盘,-0.5343,2026-06-26,到期收盘,,,
2026-06-11,3,113037.SH,紫银转债,601860,紫金银行,B下修事件,B,50.2,109.77,110.0,cb_basic.maturity_call_price,-0.23,47.06,23,AA+,False,安全,37.3,83.0,61.8,32.1,63.3,20.4,60.0,,pledge_total_ratio/ownership_nature,0.0091,2026-06-18,到期收盘,0.0492,2026-06-26,到期收盘,,,
2026-06-11,4,128135.SZ,洽洽转债,002557,洽洽食品,B下修事件,B,49.0,114.42,115.0,cb_basic.maturity_call_price,-0.58,193.12,112,AA,False,安全,34.2,83.0,63.5,30.5,63.4,5.0,60.0,,pledge_total_ratio/ownership_nature,-0.1232,2026-06-18,到期收盘,-0.0446,2026-06-26,到期收盘,,,
2026-06-11,5,113625.SH,江山转债,603208,江山欧派,B下修事件,B,49.0,118.34,118.0,cb_basic.maturity_call_price,0.34,102.4,346,A,False,安全,34.6,83.0,62.8,30.5,63.2,8.1,60.0,,pledge_total_ratio/ownership_nature,-0.8112,2026-06-18,到期收盘,-2.9593,2026-06-26,到期收盘,,,
2026-06-11,6,113049.SH,长汽转债,601633,长城汽车,B下修事件,B,48.6,108.26,107.0,cb_basic.maturity_call_price,1.26,142.1,345,AAA,False,安全,36.1,88.0,56.1,30.5,63.5,17.5,76.7,,ownership_nature,-0.1016,2026-06-18,到期收盘,-0.8036,2026-06-26,到期收盘,,,
2026-06-11,7,113616.SH,韦尔转债,603501,豪威集团,B下修事件,B,48.3,111.07,110.0,cb_basic.maturity_call_price,1.07,107.38,181,AA+,False,安全,33.5,88.0,57.5,30.5,60.0,11.7,76.7,,ownership_nature,0.8949,2026-06-18,到期收盘,1.1614,2026-06-26,到期收盘,,,
2026-06-11,8,123071.SZ,天能转债,300569,天能重工,B下修事件,B,47.9,115.56,115.0,cb_basic.maturity_call_price,0.56,59.83,113,AA-,False,安全,34.9,83.0,60.3,30.5,64.1,7.5,60.0,,pledge_total_ratio/ownership_nature,0.0917,2026-06-18,到期收盘,-0.2414,2026-06-26,到期收盘,,,
2026-06-11,9,123090.SZ,三诺转债,300298,三诺生物,B下修事件,B,45.3,113.22,112.0,cb_basic.maturity_call_price,1.22,169.72,174,AA,False,安全,34.0,83.0,55.3,30.5,63.1,5.0,60.0,,pledge_total_ratio/ownership_nature,-0.2349,2026-06-18,到期收盘,-0.9009,2026-06-26,到期收盘,,,
2026-06-11,10,123072.SZ,乐歌转债,300729,乐歌股份,B下修事件,C,44.0,122.35,120.0,cb_basic.maturity_call_price,2.35,287.74,113,A+,False,安全,34.1,83.0,52.4,30.5,63.2,5.0,60.0,,pledge_total_ratio/ownership_nature,0.2043,2026-06-18,到期收盘,-1.5055,2026-06-26,到期收盘,,,
2026-06-11,11,113597.SH,佳力转债,603912,佳力图,底价观察,C,43.7,119.76,118.0,cb_call.call_price,1.76,26.77,30,AA-,False,安全,41.1,53.0,54.2,25.5,64.0,5.8,60.0,,pledge_total_ratio/ownership_nature,0.6187,2026-06-18,到期收盘,5.0,2026-06-23,止盈,,,
2026-06-11,12,128128.SZ,齐翔转2,002408,齐翔腾达,底价观察,C,43.4,111.47,110.0,cb_basic.maturity_call_price,1.47,22.91,51,AA,False,安全,41.0,53.0,52.3,29.4,60.0,5.0,60.0,,pledge_total_ratio/ownership_nature,0.3822,2026-06-18,到期收盘,-1.1564,2026-06-26,到期收盘,,,
2026-06-11,13,123113.SZ,仙乐转债,300791,仙乐健康,B下修事件,C,43.2,114.49,113.0,cb_basic.maturity_call_price,1.49,119.82,293,AA-,False,安全,34.1,83.0,50.5,30.5,63.1,5.2,60.0,,pledge_total_ratio/ownership_nature,-0.428,2026-06-18,到期收盘,-0.7774,2026-06-26,到期收盘,,,
2026-06-11,14,113610.SH,灵康转债,603669,灵康药业,B下修事件,C,39.9,118.11,115.0,cb_basic.maturity_call_price,3.11,67.99,154,A-,False,安全,34.2,83.0,43.1,30.5,63.4,5.0,60.0,,pledge_total_ratio/ownership_nature,-0.4369,2026-06-18,到期收盘,5.0,2026-06-23,止盈,,,
2026-06-11,15,113605.SH,大参转债,603233,大参林,底价观察,C,38.6,113.13,110.0,cb_basic.maturity_call_price,3.13,15.95,114,AA,False,安全,47.7,53.0,35.3,39.2,63.6,5.7,60.0,,pledge_total_ratio/ownership_nature,0.8344,2026-06-18,到期收盘,0.2387,2026-06-26,到期收盘,,,
2026-06-11,16,127049.SZ,希望转2,000876,新希望,B下修事件,C,34.9,110.33,107.0,cb_basic.maturity_call_price,3.33,76.76,490,AAA,False,安全,35.0,83.0,30.6,30.5,63.1,11.5,60.0,,pledge_total_ratio/ownership_nature,-1.2064,2026-06-18,到期收盘,-2.8379,2026-06-26,到期收盘,,,
2026-06-11,17,123151.SZ,康医转债,300869,康泰医学,B下修事件,C,32.4,118.92,115.0,cb_basic.maturity_call_price,3.92,205.9,732,A+,False,安全,34.0,83.0,26.5,30.5,63.1,5.0,60.0,,pledge_total_ratio/ownership_nature,-0.3515,2026-06-18,到期收盘,-2.1367,2026-06-26,到期收盘,,,
2026-06-11,18,127031.SZ,洋丰转债,000902,新洋丰,B下修事件,C,29.1,116.9,112.0,cb_basic.maturity_call_price,4.9,62.77,268,AA,False,安全,32.5,83.0,19.9,30.5,60.0,5.0,60.0,,pledge_total_ratio/ownership_nature,-0.5988,2026-06-18,到期收盘,-0.0513,2026-06-26,到期收盘,,,
2026-06-12,1,127018.SZ,本钢转债,000761,本钢板材,B下修事件,B,56.0,118.64,119.0,cb_call.call_price,-0.36,63.31,-1,AAA,False,安全,34.9,83.0,76.0,30.5,60.0,21.3,60.0,,pledge_total_ratio/ownership_nature,-0.1888,2026-06-22,到期收盘,,,,,,
2026-06-12,2,127041.SZ,弘亚转债,002833,弘亚数控,底价观察,B,50.6,116.2,115.0,cb_call.call_price,1.2,8.15,12,AA-,False,安全,52.5,53.0,55.2,51.4,60.0,8.8,60.0,,pledge_total_ratio/ownership_nature,-0.6713,2026-06-22,到期收盘,-1.031,2026-06-29,到期收盘,,,
2026-06-12,3,113037.SH,紫银转债,601860,紫金银行,B下修事件,B,50.1,109.78,110.0,cb_basic.maturity_call_price,-0.22,46.51,23,AA+,False,安全,36.0,83.0,61.8,32.5,60.0,21.6,60.0,,pledge_total_ratio/ownership_nature,0.0128,2026-06-22,到期收盘,0.0592,2026-06-29,到期收盘,,,
2026-06-12,4,113625.SH,江山转债,603208,江山欧派,B下修事件,B,49.6,118.14,118.0,cb_basic.maturity_call_price,0.14,100.0,346,A,False,安全,33.1,83.0,64.6,30.5,60.0,9.1,60.0,,pledge_total_ratio/ownership_nature,-0.4579,2026-06-22,到期收盘,-2.5563,2026-06-29,到期收盘,,,
2026-06-12,5,128135.SZ,洽洽转债,002557,洽洽食品,B下修事件,B,48.7,114.42,115.0,cb_basic.maturity_call_price,-0.58,193.54,112,AA,False,安全,32.5,83.0,63.5,30.5,60.0,5.0,60.0,,pledge_total_ratio/ownership_nature,-0.0752,2026-06-22,到期收盘,-0.0612,2026-06-29,到期收盘,,,
2026-06-12,6,123059.SZ,银信转债,300231,银信科技,底价观察,B,47.7,119.02,118.0,cb_call.call_price,1.02,26.47,15,AA-,False,安全,39.1,53.0,64.0,25.7,60.0,5.0,60.0,,pledge_total_ratio/ownership_nature,-0.1428,2026-06-22,到期收盘,-1.0242,2026-06-29,到期收盘,,,
2026-06-12,7,123071.SZ,天能转债,300569,天能重工,B下修事件,B,47.2,115.6,115.0,cb_basic.maturity_call_price,0.6,58.89,113,AA-,False,安全,32.6,83.0,60.0,30.5,60.0,5.8,60.0,,pledge_total_ratio/ownership_nature,0.0104,2026-06-22,到期收盘,-0.2595,2026-06-29,到期收盘,,,
2026-06-12,8,123090.SZ,三诺转债,300298,三诺生物,B下修事件,B,46.3,112.91,112.0,cb_basic.maturity_call_price,0.91,169.18,174,AA,False,安全,32.5,83.0,58.1,30.5,60.0,5.0,60.0,,pledge_total_ratio/ownership_nature,-0.3144,2026-06-22,到期收盘,-0.8015,2026-06-29,到期收盘,,,
2026-06-12,9,113049.SH,长汽转债,601633,长城汽车,B下修事件,B,46.3,108.68,107.0,cb_basic.maturity_call_price,1.68,135.13,345,AAA,False,安全,34.0,88.0,52.2,30.5,60.0,14.8,76.7,,ownership_nature,-0.4315,2026-06-22,到期收盘,-1.5072,2026-06-29,到期收盘,,,
2026-06-12,10,113616.SH,韦尔转债,603501,豪威集团,B下修事件,B,46.2,111.65,110.0,cb_basic.maturity_call_price,1.65,106.07,181,AA+,False,安全,33.8,88.0,52.2,30.5,60.0,13.7,76.7,,ownership_nature,0.5804,2026-06-22,到期收盘,0.1532,2026-06-29,到期收盘,,,
2026-06-12,11,123113.SZ,仙乐转债,300791,仙乐健康,B下修事件,C,43.3,114.47,113.0,cb_basic.maturity_call_price,1.47,114.45,293,AA-,False,安全,33.0,83.0,50.7,30.5,60.0,8.4,60.0,,pledge_total_ratio/ownership_nature,0.0812,2026-06-22,到期收盘,-1.1269,2026-06-29,到期收盘,,,
2026-06-12,12,113597.SH,佳力转债,603912,佳力图,底价观察,C,43.2,119.96,118.0,cb_call.call_price,1.96,24.85,30,AA-,False,安全,40.2,53.0,52.4,26.7,60.0,9.1,60.0,,pledge_total_ratio/ownership_nature,0.2701,2026-06-22,到期收盘,5.0,2026-06-23,止盈,,,
2026-06-12,13,123072.SZ,乐歌转债,300729,乐歌股份,B下修事件,C,41.9,122.8,120.0,cb_basic.maturity_call_price,2.8,281.38,113,A+,False,安全,32.5,83.0,48.4,30.5,60.0,5.0,60.0,,pledge_total_ratio/ownership_nature,-0.1873,2026-06-22,到期收盘,-1.9186,2026-06-29,到期收盘,,,
2026-06-12,14,128128.SZ,齐翔转2,002408,齐翔腾达,底价观察,C,41.2,112.0,110.0,cb_basic.maturity_call_price,2.0,23.75,51,AA,False,安全,40.9,53.0,47.4,28.2,60.0,8.4,60.0,,pledge_total_ratio/ownership_nature,0.4804,2026-06-22,到期收盘,-1.7366,2026-06-29,到期收盘,,,
2026-06-12,15,113610.SH,灵康转债,603669,灵康药业,B下修事件,C,38.1,118.46,115.0,cb_basic.maturity_call_price,3.46,65.95,154,A-,False,安全,32.5,83.0,39.9,30.5,60.0,5.0,60.0,,pledge_total_ratio/ownership_nature,0.1874,2026-06-22,到期收盘,5.0,2026-06-23,止盈,,,
2026-06-12,16,127049.SZ,希望转2,000876,新希望,B下修事件,C,34.8,110.43,107.0,cb_basic.maturity_call_price,3.43,79.1,490,AAA,False,安全,34.5,83.0,29.6,30.5,60.0,18.5,60.0,,pledge_total_ratio/ownership_nature,-2.0185,2026-06-22,到期收盘,-1.9288,2026-06-29,到期收盘,,,
2026-06-12,17,113605.SH,大参转债,603233,大参林,底价观察,C,33.8,114.5,110.0,cb_basic.maturity_call_price,4.5,14.03,114,AA,False,安全,47.9,53.0,22.9,41.9,60.0,10.0,60.0,,pledge_total_ratio/ownership_nature,-0.655,2026-06-22,到期收盘,-1.7336,2026-06-29,到期收盘,,,
2026-06-12,18,123151.SZ,康医转债,300869,康泰医学,B下修事件,C,31.8,118.97,115.0,cb_basic.maturity_call_price,3.97,202.65,732,A+,False,安全,32.5,83.0,26.0,30.5,60.0,5.0,60.0,,pledge_total_ratio/ownership_nature,-0.5447,2026-06-22,到期收盘,-1.924,2026-06-29,到期收盘,,,
2026-06-15,1,127018.SZ,本钢转债,000761,本钢板材,B下修事件,B,56.3,118.61,119.0,cb_call.call_price,-0.39,63.97,-1,AAA,False,安全,37.0,83.0,76.0,30.5,64.1,21.0,60.0,,pledge_total_ratio/ownership_nature,0.1855,2026-06-23,到期收盘,,,,,,
2026-06-15,2,113037.SH,紫银转债,601860,紫金银行,B下修事件,B,50.2,109.79,110.0,cb_basic.maturity_call_price,-0.21,45.43,23,AA+,False,安全,36.2,83.0,61.8,33.1,60.0,21.0,60.0,,pledge_total_ratio/ownership_nature,0.0046,2026-06-23,到期收盘,0.0474,2026-06-30,到期收盘,,,
2026-06-15,3,113625.SH,江山转债,603208,江山欧派,B下修事件,B,49.9,117.86,118.0,cb_basic.maturity_call_price,-0.14,100.2,346,A,False,安全,32.6,83.0,65.9,30.5,60.0,5.8,60.0,,pledge_total_ratio/ownership_nature,0.1383,2026-06-23,到期收盘,-2.8678,2026-06-30,到期收盘,,,
2026-06-15,4,127041.SZ,弘亚转债,002833,弘亚数控,底价观察,B,49.7,116.35,115.0,cb_call.call_price,1.35,8.3,12,AA-,False,安全,52.1,53.0,53.8,51.1,60.0,7.3,60.0,,pledge_total_ratio/ownership_nature,-0.8122,2026-06-23,到期收盘,1.4989,2026-06-30,到期收盘,,,
2026-06-15,5,128135.SZ,洽洽转债,002557,洽洽食品,B下修事件,B,48.9,114.33,115.0,cb_basic.maturity_call_price,-0.67,206.02,112,AA,False,安全,32.8,83.0,63.5,30.5,60.0,6.7,60.0,,pledge_total_ratio/ownership_nature,-0.0437,2026-06-23,到期收盘,0.0131,2026-06-30,到期收盘,,,
2026-06-15,6,123059.SZ,银信转债,300231,银信科技,底价观察,B,48.2,119.04,118.0,cb_call.call_price,1.04,24.29,15,AA-,False,安全,40.1,53.0,63.8,27.5,60.0,5.7,60.0,,pledge_total_ratio/ownership_nature,-0.5376,2026-06-23,到期收盘,-0.9476,2026-06-30,到期收盘,,,
2026-06-15,7,123071.SZ,天能转债,300569,天能重工,B下修事件,B,45.5,116.1,115.0,cb_basic.maturity_call_price,1.1,52.67,113,AA-,False,安全,33.1,83.0,55.5,30.5,60.0,8.7,60.0,,pledge_total_ratio/ownership_nature,-0.4711,2026-06-23,到期收盘,-0.5676,2026-06-30,到期收盘,,,
2026-06-15,8,113616.SH,韦尔转债,603501,豪威集团,B下修事件,C,44.7,112.01,110.0,cb_basic.maturity_call_price,2.01,100.76,181,AA+,False,安全,33.7,88.0,49.1,30.5,60.0,12.7,76.7,,ownership_nature,0.1143,2026-06-23,到期收盘,0.2518,2026-06-30,到期收盘,,,
2026-06-15,9,113049.SH,长汽转债,601633,长城汽车,B下修事件,C,44.1,109.17,107.0,cb_basic.maturity_call_price,2.17,141.11,345,AAA,False,安全,35.0,88.0,47.6,30.5,63.4,10.5,76.7,,ownership_nature,-0.7988,2026-06-23,到期收盘,-1.8787,2026-06-30,到期收盘,,,
2026-06-15,10,123072.SZ,乐歌转债,300729,乐歌股份,B下修事件,C,43.5,122.39,120.0,cb_basic.maturity_call_price,2.39,279.39,113,A+,False,安全,32.5,83.0,52.0,30.5,60.0,5.0,60.0,,pledge_total_ratio/ownership_nature,-0.1806,2026-06-23,到期收盘,-1.0532,2026-06-30,到期收盘,,,
2026-06-15,11,123090.SZ,三诺转债,300298,三诺生物,B下修事件,C,42.3,113.92,112.0,cb_basic.maturity_call_price,1.92,163.57,174,AA,False,安全,32.7,83.0,49.0,30.5,60.0,6.0,60.0,,pledge_total_ratio/ownership_nature,-1.2202,2026-06-23,到期收盘,-1.7161,2026-06-30,到期收盘,,,
2026-06-15,12,123113.SZ,仙乐转债,300791,仙乐健康,B下修事件,C,40.9,115.0,113.0,cb_basic.maturity_call_price,2.0,112.54,293,AA-,False,安全,32.6,83.0,46.0,30.5,60.0,5.7,60.0,,pledge_total_ratio/ownership_nature,-0.4348,2026-06-23,到期收盘,-1.7748,2026-06-30,到期收盘,,,
2026-06-15,13,128128.SZ,齐翔转2,002408,齐翔腾达,底价观察,C,40.4,112.4,110.0,cb_basic.maturity_call_price,2.4,21.2,51,AA,False,安全,42.5,53.0,43.8,31.8,60.0,7.3,60.0,,pledge_total_ratio/ownership_nature,-0.2037,2026-06-23,到期收盘,-2.0819,2026-06-30,到期收盘,,,
2026-06-15,14,113610.SH,灵康转债,603669,灵康药业,B下修事件,C,39.8,118.04,115.0,cb_basic.maturity_call_price,3.04,62.21,154,A-,False,安全,32.5,83.0,43.7,30.5,60.0,5.0,60.0,,pledge_total_ratio/ownership_nature,5.0,2026-06-23,止盈,5.0,2026-06-23,止盈,,,
2026-06-15,15,113597.SH,佳力转债,603912,佳力图,底价观察,C,38.7,121.11,118.0,cb_call.call_price,3.11,24.26,30,AA-,False,安全,40.7,53.0,42.0,27.5,60.0,9.6,60.0,,pledge_total_ratio/ownership_nature,5.0,2026-06-23,止盈,5.0,2026-06-23,止盈,,,
2026-06-15,16,127049.SZ,希望转2,000876,新希望,B下修事件,C,36.4,110.11,107.0,cb_basic.maturity_call_price,3.11,77.21,490,AAA,False,安全,35.0,83.0,32.6,30.5,60.0,21.4,60.0,,pledge_total_ratio/ownership_nature,-1.8327,2026-06-23,到期收盘,-1.3714,2026-06-30,到期收盘,,,
2026-06-15,17,113605.SH,大参转债,603233,大参林,底价观察,C,31.5,114.89,110.0,cb_basic.maturity_call_price,4.89,16.13,114,AA,False,安全,46.5,53.0,19.4,38.9,60.0,10.1,60.0,,pledge_total_ratio/ownership_nature,-1.2159,2026-06-23,到期收盘,-2.2778,2026-06-30,到期收盘,,,
2026-06-15,18,123151.SZ,康医转债,300869,康泰医学,B下修事件,C,31.5,119.06,115.0,cb_basic.maturity_call_price,4.06,202.6,732,A+,False,安全,32.5,83.0,25.2,30.5,60.0,5.0,60.0,,pledge_total_ratio/ownership_nature,-0.6434,2026-06-23,到期收盘,-1.9931,2026-06-30,到期收盘,,,
2026-06-15,19,127027.SZ,能化转债,000552,甘肃能化,底价观察,C,30.0,114.3,110.0,cb_basic.maturity_call_price,4.3,29.8,163,AAA,False,安全,39.3,53.0,23.9,23.8,60.0,12.7,60.0,,pledge_total_ratio/ownership_nature,-1.5608,2026-06-23,到期收盘,-2.5836,2026-06-30,到期收盘,,,
2026-06-15,20,110076.SH,华海转债,600521,华海药业,底价观察,C,27.9,114.71,110.0,cb_basic.maturity_call_price,4.71,29.28,125,AA,False,安全,38.6,53.0,20.4,24.1,60.0,7.0,60.0,,pledge_total_ratio/ownership_nature,-0.2702,2026-06-23,到期收盘,-0.9215,2026-06-30,到期收盘,,,
2026-06-16,1,127018.SZ,本钢转债,000761,本钢板材,B下修事件,B,56.2,118.5,119.0,cb_call.call_price,-0.5,64.5,-1,AAA,False,安全,36.2,83.0,76.0,30.5,62.5,21.3,60.0,,pledge_total_ratio/ownership_nature,0.2785,2026-06-24,到期收盘,,,,,,
2026-06-16,2,127041.SZ,弘亚转债,002833,弘亚数控,底价观察,B,51.5,116.14,115.0,cb_call.call_price,1.14,7.43,12,AA-,False,安全,54.6,53.0,55.8,52.9,62.5,9.0,60.0,,pledge_total_ratio/ownership_nature,0.31,2026-06-24,到期收盘,,,,,,
2026-06-16,3,113037.SH,紫银转债,601860,紫金银行,B下修事件,B,50.0,109.78,110.0,cb_basic.maturity_call_price,-0.22,47.62,23,AA+,False,安全,36.7,83.0,61.8,31.8,62.5,20.3,60.0,,pledge_total_ratio/ownership_nature,0.0328,2026-06-24,到期收盘,,,,,,
2026-06-16,4,123059.SZ,银信转债,300231,银信科技,底价观察,B,49.5,118.9,118.0,cb_call.call_price,0.9,22.58,15,AA-,False,安全,42.5,53.0,65.1,29.9,62.5,5.0,60.0,,pledge_total_ratio/ownership_nature,-0.5551,2026-06-24,到期收盘,,,,,,
2026-06-16,5,128135.SZ,洽洽转债,002557,洽洽食品,B下修事件,B,49.1,114.36,115.0,cb_basic.maturity_call_price,-0.64,215.95,112,AA,False,安全,34.1,83.0,63.5,30.5,62.6,6.9,60.0,,pledge_total_ratio/ownership_nature,-0.0717,2026-06-24,到期收盘,,,,,,
2026-06-16,6,113625.SH,江山转债,603208,江山欧派,B下修事件,B,48.7,118.33,118.0,cb_basic.maturity_call_price,0.33,107.03,346,A,False,安全,33.8,83.0,62.9,30.5,62.5,5.4,60.0,,pledge_total_ratio/ownership_nature,-0.4944,2026-06-24,到期收盘,,,,,,
2026-06-16,7,123090.SZ,三诺转债,300298,三诺生物,B下修事件,B,45.6,113.14,112.0,cb_basic.maturity_call_price,1.14,166.6,174,AA,False,安全,33.8,83.0,56.0,30.5,62.5,5.0,60.0,,pledge_total_ratio/ownership_nature,-0.7796,2026-06-24,到期收盘,,,,,,
2026-06-16,8,113616.SH,韦尔转债,603501,豪威集团,B下修事件,B,45.4,111.86,110.0,cb_basic.maturity_call_price,1.86,101.68,181,AA+,False,安全,34.8,88.0,50.4,30.5,62.5,11.6,76.7,,ownership_nature,0.2011,2026-06-24,到期收盘,,,,,,
2026-06-16,9,113049.SH,长汽转债,601633,长城汽车,B下修事件,C,44.9,108.95,107.0,cb_basic.maturity_call_price,1.95,146.6,345,AAA,False,安全,34.5,88.0,49.7,30.5,62.5,9.8,76.7,,ownership_nature,-0.8674,2026-06-24,到期收盘,,,,,,
2026-06-16,10,123071.SZ,天能转债,300569,天能重工,B下修事件,C,44.7,116.19,115.0,cb_basic.maturity_call_price,1.19,55.23,113,AA-,False,安全,32.5,83.0,54.7,30.5,60.0,5.0,60.0,,pledge_total_ratio/ownership_nature,-0.5551,2026-06-24,到期收盘,,,,,,
2026-06-16,11,128128.SZ,齐翔转2,002408,齐翔腾达,底价观察,C,43.2,112.0,110.0,cb_basic.maturity_call_price,2.0,20.05,51,AA,False,安全,45.4,53.0,47.4,33.4,62.5,12.9,60.0,,pledge_total_ratio/ownership_nature,-0.1473,2026-06-24,到期收盘,,,,,,
2026-06-16,12,123072.SZ,乐歌转债,300729,乐歌股份,B下修事件,C,43.0,122.6,120.0,cb_basic.maturity_call_price,2.6,279.31,113,A+,False,安全,33.8,83.0,50.2,30.5,62.5,5.0,60.0,,pledge_total_ratio/ownership_nature,-1.0808,2026-06-24,到期收盘,,,,,,
2026-06-16,13,113597.SH,佳力转债,603912,佳力图,底价观察,C,42.5,120.41,118.0,cb_call.call_price,2.41,21.38,30,AA-,False,安全,43.4,53.0,48.4,31.6,62.5,5.8,60.0,,pledge_total_ratio/ownership_nature,5.0,2026-06-23,止盈,,,,,,
2026-06-16,14,123113.SZ,仙乐转债,300791,仙乐健康,B下修事件,C,41.1,115.0,113.0,cb_basic.maturity_call_price,2.0,116.97,293,AA-,False,安全,33.8,83.0,46.0,30.5,62.5,5.0,60.0,,pledge_total_ratio/ownership_nature,-0.7374,2026-06-24,到期收盘,,,,,,
2026-06-16,15,113610.SH,灵康转债,603669,灵康药业,B下修事件,C,40.3,117.97,115.0,cb_basic.maturity_call_price,2.97,61.78,154,A-,False,安全,33.8,83.0,44.3,30.5,62.6,5.0,60.0,,pledge_total_ratio/ownership_nature,5.0,2026-06-23,止盈,,,,,,
2026-06-16,16,127049.SZ,希望转2,000876,新希望,B下修事件,C,37.5,109.75,107.0,cb_basic.maturity_call_price,2.75,78.26,490,AAA,False,安全,35.3,83.0,35.9,30.5,62.7,14.9,60.0,,pledge_total_ratio/ownership_nature,-2.4592,2026-06-24,到期收盘,,,,,,
2026-06-16,17,113605.SH,大参转债,603233,大参林,底价观察,C,32.8,114.55,110.0,cb_basic.maturity_call_price,4.55,16.41,114,AA,False,安全,47.3,53.0,22.5,38.5,62.6,8.3,60.0,,pledge_total_ratio/ownership_nature,-1.4771,2026-06-24,到期收盘,,,,,,
2026-06-16,18,123151.SZ,康医转债,300869,康泰医学,B下修事件,C,32.4,118.9,115.0,cb_basic.maturity_call_price,3.9,202.18,732,A+,False,安全,33.8,83.0,26.7,30.5,62.5,5.0,60.0,,pledge_total_ratio/ownership_nature,-0.8158,2026-06-24,到期收盘,,,,,,
2026-06-16,19,110075.SH,南航转债,600029,南方航空,底价观察,C,32.2,110.53,106.5,cb_basic.maturity_call_price,4.03,26.53,107,AAA,False,安全,42.7,50.0,25.4,25.6,62.6,20.8,60.0,,pledge_total_ratio/ownership_nature,-1.652,2026-06-24,到期收盘,,,,,,
2026-06-16,20,123104.SZ,卫宁转债,300253,卫宁健康,B下修事件,C,29.2,124.7,120.0,cb_basic.maturity_call_price,4.7,63.27,259,AA,False,安全,33.9,75.5,21.8,26.0,62.5,6.2,60.0,,pledge_total_ratio/ownership_nature,1.8428,2026-06-24,到期收盘,,,,,,
2026-06-17,1,127018.SZ,本钢转债,000761,本钢板材,B下修事件,B,56.1,118.5,119.0,cb_call.call_price,-0.5,72.51,-1,AAA,False,安全,35.1,83.0,76.0,30.5,60.0,22.6,60.0,,pledge_total_ratio/ownership_nature,0.2785,2026-06-25,到期收盘,,,,,,
2026-06-17,2,127041.SZ,弘亚转债,002833,弘亚数控,底价观察,B,51.4,116.0,115.0,cb_call.call_price,1.0,8.15,12,AA-,False,安全,52.5,53.0,57.0,51.4,60.0,9.0,60.0,,pledge_total_ratio/ownership_nature,-0.6026,2026-06-25,到期收盘,,,,,,
2026-06-17,3,123059.SZ,银信转债,300231,银信科技,底价观察,B,50.0,118.59,118.0,cb_call.call_price,0.59,24.11,15,AA-,False,安全,40.1,53.0,67.9,27.8,60.0,5.0,60.0,,pledge_total_ratio/ownership_nature,-0.4747,2026-06-25,到期收盘,,,,,,
2026-06-17,4,113625.SH,江山转债,603208,江山欧派,B下修事件,B,49.8,117.61,118.0,cb_basic.maturity_call_price,-0.39,114.07,346,A,False,安全,32.6,83.0,65.9,30.5,60.0,5.4,60.0,,pledge_total_ratio/ownership_nature,-0.6836,2026-06-25,到期收盘,,,,,,
2026-06-17,5,128121.SZ,宏川转债,002930,宏川智慧,B下修事件,B,49.3,108.08,108.0,cb_call.call_price,0.08,44.99,17,AA-,False,安全,34.5,75.5,64.8,28.8,60.0,8.9,60.0,,pledge_total_ratio/ownership_nature,-0.384,2026-06-25,到期收盘,,,,,,
2026-06-17,6,113037.SH,紫银转债,601860,紫金银行,B下修事件,B,49.3,109.77,110.0,cb_basic.maturity_call_price,-0.23,49.31,23,AA+,False,安全,35.5,83.0,61.8,30.9,62.8,14.5,60.0,,pledge_total_ratio/ownership_nature,0.0528,2026-06-25,到期收盘,,,,,,
2026-06-17,7,128135.SZ,洽洽转债,002557,洽洽食品,B下修事件,B,48.8,114.36,115.0,cb_basic.maturity_call_price,-0.64,225.11,112,AA,False,安全,32.6,83.0,63.5,30.5,60.0,5.8,60.0,,pledge_total_ratio/ownership_nature,0.0096,2026-06-25,到期收盘,,,,,,
2026-06-17,8,113616.SH,韦尔转债,603501,豪威集团,B下修事件,B,46.8,111.62,110.0,cb_basic.maturity_call_price,1.62,96.96,181,AA+,False,安全,34.5,88.0,52.6,30.5,60.0,18.3,76.7,,ownership_nature,0.7848,2026-06-25,到期收盘,,,,,,
2026-06-17,9,123090.SZ,三诺转债,300298,三诺生物,B下修事件,B,46.6,112.83,112.0,cb_basic.maturity_call_price,0.83,168.99,174,AA,False,安全,32.5,83.0,58.8,30.5,60.0,5.0,60.0,,pledge_total_ratio/ownership_nature,-0.8083,2026-06-25,到期收盘,,,,,,
2026-06-17,10,113049.SH,长汽转债,601633,长城汽车,B下修事件,B,46.6,108.49,107.0,cb_basic.maturity_call_price,1.49,152.71,345,AAA,False,安全,33.3,88.0,54.0,30.5,60.0,10.4,76.7,,ownership_nature,-0.7162,2026-06-25,到期收盘,,,,,,
2026-06-17,11,113597.SH,佳力转债,603912,佳力图,底价观察,B,46.0,119.29,118.0,cb_call.call_price,1.29,24.16,30,AA-,False,安全,40.5,53.0,58.4,27.7,60.0,8.0,60.0,,pledge_total_ratio/ownership_nature,5.0,2026-06-23,止盈,,,,,,
2026-06-17,12,123071.SZ,天能转债,300569,天能重工,B下修事件,B,45.3,116.1,115.0,cb_basic.maturity_call_price,1.1,57.31,113,AA-,False,安全,32.7,83.0,55.5,30.5,60.0,6.6,60.0,,pledge_total_ratio/ownership_nature,-0.5581,2026-06-25,到期收盘,,,,,,
2026-06-17,13,123072.SZ,乐歌转债,300729,乐歌股份,B下修事件,C,43.4,122.43,120.0,cb_basic.maturity_call_price,2.43,285.0,113,A+,False,安全,32.5,83.0,51.7,30.5,60.0,5.0,60.0,,pledge_total_ratio/ownership_nature,-1.0602,2026-06-25,到期收盘,,,,,,
2026-06-17,14,123113.SZ,仙乐转债,300791,仙乐健康,B下修事件,C,42.9,114.5,113.0,cb_basic.maturity_call_price,1.5,116.81,293,AA-,False,安全,32.5,83.0,50.5,30.5,60.0,5.0,60.0,,pledge_total_ratio/ownership_nature,-0.4725,2026-06-25,到期收盘,,,,,,
2026-06-17,15,128128.SZ,齐翔转2,002408,齐翔腾达,底价观察,C,42.0,112.23,110.0,cb_basic.maturity_call_price,2.23,18.17,51,AA,False,安全,44.3,53.0,45.4,36.1,60.0,5.0,60.0,,pledge_total_ratio/ownership_nature,-1.0265,2026-06-25,到期收盘,,,,,,
2026-06-17,16,113610.SH,灵康转债,603669,灵康药业,B下修事件,C,40.0,118.0,115.0,cb_basic.maturity_call_price,3.0,59.13,154,A-,False,安全,32.5,83.0,44.1,30.5,60.0,5.0,60.0,,pledge_total_ratio/ownership_nature,5.0,2026-06-23,止盈,,,,,,
2026-06-17,17,127049.SZ,希望转2,000876,新希望,B下修事件,C,39.2,109.4,107.0,cb_basic.maturity_call_price,2.4,83.31,490,AAA,False,安全,34.6,83.0,39.2,30.5,60.0,19.0,60.0,,pledge_total_ratio/ownership_nature,-2.1188,2026-06-25,到期收盘,,,,,,
2026-06-17,18,113042.SH,上银转债,601229,上海银行,底价观察,C,36.8,116.62,112.0,cb_basic.maturity_call_price,4.62,8.08,209,AAA,False,安全,56.5,53.0,20.2,51.5,62.8,25.2,60.0,,pledge_total_ratio/ownership_nature,-0.084,2026-06-25,到期收盘,,,,,,
2026-06-17,19,110075.SH,南航转债,600029,南方航空,底价观察,C,34.2,110.14,106.5,cb_basic.maturity_call_price,3.64,24.69,107,AAA,False,安全,44.2,50.0,29.0,26.9,64.4,20.1,60.0,,pledge_total_ratio/ownership_nature,1.351,2026-06-25,到期收盘,,,,,,
2026-06-17,20,123151.SZ,康医转债,300869,康泰医学,B下修事件,C,33.1,118.66,115.0,cb_basic.maturity_call_price,3.66,202.68,732,A+,False,安全,32.5,83.0,28.9,30.5,60.0,5.0,60.0,,pledge_total_ratio/ownership_nature,-1.1529,2026-06-25,到期收盘,,,,,,
2026-06-18,1,127018.SZ,本钢转债,000761,本钢板材,B下修事件,B,56.0,118.45,119.0,cb_call.call_price,-0.55,68.7,-1,AAA,False,安全,35.1,83.0,76.0,30.5,60.0,22.0,60.0,,pledge_total_ratio/ownership_nature,0.3208,2026-06-26,到期收盘,,,,,,
2026-06-18,2,127041.SZ,弘亚转债,002833,弘亚数控,底价观察,B,52.7,115.82,115.0,cb_call.call_price,0.82,6.53,12,AA-,False,安全,53.9,53.0,58.6,54.8,60.0,6.4,60.0,,pledge_total_ratio/ownership_nature,-0.3367,2026-06-26,到期收盘,,,,,,
2026-06-18,3,123059.SZ,银信转债,300231,银信科技,底价观察,B,50.3,118.6,118.0,cb_call.call_price,0.6,22.97,15,AA-,False,安全,40.9,53.0,67.8,29.3,60.0,5.0,60.0,,pledge_total_ratio/ownership_nature,-0.5708,2026-06-26,到期收盘,,,,,,
2026-06-18,4,113625.SH,江山转债,603208,江山欧派,B下修事件,B,49.9,117.38,118.0,cb_basic.maturity_call_price,-0.62,109.8,346,A,False,安全,32.7,83.0,65.9,30.5,60.0,6.4,60.0,,pledge_total_ratio/ownership_nature,-2.1656,2026-06-26,到期收盘,,,,,,
2026-06-18,5,113037.SH,紫银转债,601860,紫金银行,B下修事件,B,49.4,109.78,110.0,cb_basic.maturity_call_price,-0.22,52.83,23,AA+,False,安全,34.7,83.0,61.8,30.5,60.0,19.4,60.0,,pledge_total_ratio/ownership_nature,0.0401,2026-06-26,到期收盘,,,,,,
2026-06-18,6,113049.SH,长汽转债,601633,长城汽车,B下修事件,B,49.1,108.15,107.0,cb_basic.maturity_call_price,1.15,140.07,345,AAA,False,安全,34.8,88.0,57.2,30.5,60.0,20.7,76.7,,ownership_nature,-0.7027,2026-06-26,到期收盘,,,,,,
2026-06-18,7,128135.SZ,洽洽转债,002557,洽洽食品,B下修事件,B,48.7,114.28,115.0,cb_basic.maturity_call_price,-0.72,233.49,112,AA,False,安全,32.5,83.0,63.5,30.5,60.0,5.0,60.0,,pledge_total_ratio/ownership_nature,0.0779,2026-06-26,到期收盘,,,,,,
2026-06-18,8,123071.SZ,天能转债,300569,天能重工,B下修事件,B,46.9,115.67,115.0,cb_basic.maturity_call_price,0.67,60.63,113,AA-,False,安全,32.5,83.0,59.4,30.5,60.0,5.2,60.0,,pledge_total_ratio/ownership_nature,-0.3363,2026-06-26,到期收盘,,,,,,
2026-06-18,9,123090.SZ,三诺转债,300298,三诺生物,B下修事件,B,46.1,112.95,112.0,cb_basic.maturity_call_price,0.95,172.86,174,AA,False,安全,32.5,83.0,57.7,30.5,60.0,5.0,60.0,,pledge_total_ratio/ownership_nature,-0.664,2026-06-26,到期收盘,,,,,,
2026-06-18,10,123113.SZ,仙乐转债,300791,仙乐健康,B下修事件,B,45.0,114.0,113.0,cb_basic.maturity_call_price,1.0,119.41,293,AA-,False,安全,32.7,83.0,55.0,30.5,60.0,6.3,60.0,,pledge_total_ratio/ownership_nature,-0.3509,2026-06-26,到期收盘,,,,,,
2026-06-18,11,113616.SH,韦尔转债,603501,豪威集团,B下修事件,C,44.3,112.06,110.0,cb_basic.maturity_call_price,2.06,98.07,181,AA+,False,安全,33.5,88.0,48.6,30.5,60.0,11.5,76.7,,ownership_nature,0.2677,2026-06-26,到期收盘,,,,,,
2026-06-18,12,113597.SH,佳力转债,603912,佳力图,底价观察,C,43.5,120.5,118.0,cb_call.call_price,2.5,20.5,30,AA-,False,安全,44.7,53.0,47.6,32.8,60.0,18.7,60.0,,pledge_total_ratio/ownership_nature,5.0,2026-06-23,止盈,,,,,,
2026-06-18,13,128128.SZ,齐翔转2,002408,齐翔腾达,底价观察,C,43.1,111.9,110.0,cb_basic.maturity_call_price,1.9,18.99,51,AA,False,安全,43.9,53.0,48.4,34.9,60.0,6.1,60.0,,pledge_total_ratio/ownership_nature,-1.5362,2026-06-26,到期收盘,,,,,,
2026-06-18,14,123072.SZ,乐歌转债,300729,乐歌股份,B下修事件,C,42.7,122.6,120.0,cb_basic.maturity_call_price,2.6,286.28,113,A+,False,安全,32.5,83.0,50.2,30.5,60.0,5.0,60.0,,pledge_total_ratio/ownership_nature,-1.7064,2026-06-26,到期收盘,,,,,,
2026-06-18,15,113610.SH,灵康转债,603669,灵康药业,B下修事件,C,41.6,117.59,115.0,cb_basic.maturity_call_price,2.59,57.6,154,A-,False,安全,32.5,83.0,47.7,30.5,60.0,5.0,60.0,,pledge_total_ratio/ownership_nature,5.0,2026-06-23,止盈,,,,,,
2026-06-18,16,127049.SZ,希望转2,000876,新希望,B下修事件,C,41.1,109.0,107.0,cb_basic.maturity_call_price,2.0,86.18,490,AAA,False,安全,35.0,83.0,42.9,30.5,60.0,21.3,60.0,,pledge_total_ratio/ownership_nature,-1.6523,2026-06-26,到期收盘,,,,,,
2026-06-18,17,110075.SH,南航转债,600029,南方航空,底价观察,C,38.9,108.81,106.5,cb_basic.maturity_call_price,2.31,26.91,107,AAA,False,安全,41.4,50.0,40.9,25.4,60.0,21.2,60.0,,pledge_total_ratio/ownership_nature,2.0779,2026-06-26,到期收盘,,,,,,
2026-06-18,18,113042.SH,上银转债,601229,上海银行,底价观察,C,38.8,115.9,112.0,cb_basic.maturity_call_price,3.9,9.48,209,AAA,False,安全,53.9,53.0,26.6,48.6,60.0,27.1,60.0,,pledge_total_ratio/ownership_nature,-0.2701,2026-06-26,到期收盘,,,,,,
2026-06-18,19,123107.SZ,温氏转债,300498,温氏股份,B下修事件,C,36.1,111.09,108.0,cb_basic.maturity_call_price,3.09,44.61,272,AAA,False,安全,37.4,80.0,31.0,33.5,60.0,27.4,50.0,,ownership_nature,-0.5815,2026-06-26,到期收盘,,,,,,
2026-06-18,20,123151.SZ,康医转债,300869,康泰医学,B下修事件,C,34.6,118.5,115.0,cb_basic.maturity_call_price,3.5,186.38,732,A+,False,安全,33.7,83.0,30.3,30.5,60.0,13.1,60.0,,pledge_total_ratio/ownership_nature,-1.7899,2026-06-26,到期收盘,,,,,,
2026-06-22,1,127018.SZ,本钢转债,000761,本钢板材,B下修事件,B,56.0,118.42,119.0,cb_call.call_price,-0.58,67.93,-1,AAA,False,安全,35.1,83.0,76.0,30.5,60.0,22.2,60.0,,pledge_total_ratio/ownership_nature,,,,,,,,,
2026-06-22,2,127041.SZ,弘亚转债,002833,弘亚数控,底价观察,B,54.8,115.42,115.0,cb_call.call_price,0.42,6.82,12,AA-,False,安全,55.5,53.0,62.2,54.2,62.8,10.1,60.0,,pledge_total_ratio/ownership_nature,-0.3622,2026-06-29,到期收盘,,,,,,
2026-06-22,3,123059.SZ,银信转债,300231,银信科技,底价观察,B,50.8,118.85,118.0,cb_call.call_price,0.85,18.98,15,AA-,False,安全,43.8,53.0,65.6,34.9,60.0,5.4,60.0,,pledge_total_ratio/ownership_nature,-0.8826,2026-06-29,到期收盘,,,,,,
2026-06-22,4,113625.SH,江山转债,603208,江山欧派,B下修事件,B,49.8,117.6,118.0,cb_basic.maturity_call_price,-0.4,110.57,346,A,False,安全,32.5,83.0,65.9,30.5,60.0,5.0,60.0,,pledge_total_ratio/ownership_nature,-2.1088,2026-06-29,到期收盘,,,,,,
2026-06-22,5,128125.SZ,华阳转债,002949,华阳国际,B下修事件,B,49.7,113.09,113.0,cb_call.call_price,0.09,47.36,30,AA-,False,安全,33.9,75.5,66.4,27.5,60.0,9.5,60.0,,pledge_total_ratio/ownership_nature,-0.4687,2026-06-29,到期收盘,,,,,,
2026-06-22,6,113037.SH,紫银转债,601860,紫金银行,B下修事件,B,49.5,109.79,110.0,cb_basic.maturity_call_price,-0.21,52.85,23,AA+,False,安全,34.9,83.0,61.8,30.5,60.0,21.0,60.0,,pledge_total_ratio/ownership_nature,0.0501,2026-06-29,到期收盘,,,,,,
2026-06-22,7,128135.SZ,洽洽转债,002557,洽洽食品,B下修事件,B,49.0,114.33,115.0,cb_basic.maturity_call_price,-0.67,239.6,112,AA,False,安全,33.0,83.0,63.5,30.5,60.0,8.3,60.0,,pledge_total_ratio/ownership_nature,0.0175,2026-06-29,到期收盘,,,,,,
2026-06-22,8,113049.SH,长汽转债,601633,长城汽车,B下修事件,B,47.9,108.21,107.0,cb_basic.maturity_call_price,1.21,149.1,345,AAA,False,安全,33.4,88.0,56.6,30.5,60.0,10.9,76.7,,ownership_nature,-1.0794,2026-06-29,到期收盘,,,,,,
2026-06-22,9,123090.SZ,三诺转债,300298,三诺生物,B下修事件,B,47.7,112.56,112.0,cb_basic.maturity_call_price,0.56,171.9,174,AA,False,安全,32.6,83.0,61.3,30.5,60.0,5.4,60.0,,pledge_total_ratio/ownership_nature,-0.4931,2026-06-29,到期收盘,,,,,,
2026-06-22,10,123071.SZ,天能转债,300569,天能重工,B下修事件,B,47.3,115.61,115.0,cb_basic.maturity_call_price,0.61,55.39,113,AA-,False,安全,32.8,83.0,59.9,30.5,60.0,7.1,60.0,,pledge_total_ratio/ownership_nature,-0.2681,2026-06-29,到期收盘,,,,,,
2026-06-22,11,127049.SZ,希望转2,000876,新希望,B下修事件,C,44.6,108.2,107.0,cb_basic.maturity_call_price,1.2,84.22,490,AAA,False,安全,35.2,83.0,50.3,30.5,60.0,23.2,60.0,,pledge_total_ratio/ownership_nature,0.0924,2026-06-29,到期收盘,,,,,,
2026-06-22,12,113597.SH,佳力转债,603912,佳力图,底价观察,C,43.8,120.28,118.0,cb_call.call_price,2.28,20.01,30,AA-,False,安全,44.9,53.0,49.5,33.5,62.8,8.5,60.0,,pledge_total_ratio/ownership_nature,5.0,2026-06-23,止盈,,,,,,
2026-06-22,13,113616.SH,韦尔转债,603501,豪威集团,B下修事件,C,43.4,112.3,110.0,cb_basic.maturity_call_price,2.3,97.19,181,AA+,False,安全,35.0,88.0,46.5,30.5,64.2,7.6,76.7,,ownership_nature,-0.4265,2026-06-29,到期收盘,,,,,,
2026-06-22,14,123072.SZ,乐歌转债,300729,乐歌股份,B下修事件,C,42.8,122.57,120.0,cb_basic.maturity_call_price,2.57,287.31,113,A+,False,安全,32.5,83.0,50.4,30.5,60.0,5.0,60.0,,pledge_total_ratio/ownership_nature,-1.7345,2026-06-29,到期收盘,,,,,,
2026-06-22,15,123113.SZ,仙乐转债,300791,仙乐健康,B下修事件,C,42.8,114.56,113.0,cb_basic.maturity_call_price,1.56,114.75,293,AA-,False,安全,32.9,83.0,49.9,30.5,60.0,7.4,60.0,,pledge_total_ratio/ownership_nature,-1.2046,2026-06-29,到期收盘,,,,,,
2026-06-22,16,128128.SZ,齐翔转2,002408,齐翔腾达,底价观察,C,41.6,112.54,110.0,cb_basic.maturity_call_price,2.54,16.67,51,AA,False,安全,46.9,53.0,42.6,38.2,62.9,6.0,60.0,,pledge_total_ratio/ownership_nature,-2.2081,2026-06-29,到期收盘,,,,,,
2026-06-22,17,110075.SH,南航转债,600029,南方航空,底价观察,C,37.6,109.1,106.5,cb_basic.maturity_call_price,2.6,27.49,107,AAA,False,安全,41.1,50.0,38.4,25.1,60.0,20.4,60.0,,pledge_total_ratio/ownership_nature,1.791,2026-06-29,到期收盘,,,,,,
2026-06-22,18,113042.SH,上银转债,601229,上海银行,底价观察,C,37.4,116.48,112.0,cb_basic.maturity_call_price,4.48,7.83,209,AAA,False,安全,55.6,53.0,21.4,52.1,60.0,27.2,60.0,,pledge_total_ratio/ownership_nature,-0.5838,2026-06-29,到期收盘,,,,,,
2026-06-22,19,113610.SH,灵康转债,603669,灵康药业,B下修事件,C,37.2,118.68,115.0,cb_basic.maturity_call_price,3.68,52.76,154,A-,False,安全,32.5,83.0,37.9,30.5,60.0,5.0,60.0,,pledge_total_ratio/ownership_nature,5.0,2026-06-23,止盈,,,,,,
2026-06-22,20,123107.SZ,温氏转债,300498,温氏股份,B下修事件,C,36.0,111.0,108.0,cb_basic.maturity_call_price,3.0,42.99,272,AAA,False,安全,36.9,80.0,31.8,34.4,60.0,20.9,50.0,,ownership_nature,-0.018,2026-06-29,到期收盘,,,,,,
2026-06-24,1,127041.SZ,弘亚转债,002833,弘亚数控,底价观察,B,53.7,116.5,115.0,cb_call.call_price,1.5,2.34,12,AA-,False,安全,60.6,53.0,52.5,63.6,60.0,22.0,60.0,,pledge_total_ratio/ownership_nature,,,,,,,,,
2026-06-24,2,123059.SZ,银信转债,300231,银信科技,底价观察,B,52.0,118.24,118.0,cb_call.call_price,0.24,22.46,15,AA-,False,安全,41.3,53.0,71.1,30.1,60.0,5.0,60.0,,pledge_total_ratio/ownership_nature,,,,,,,,,
2026-06-24,3,128125.SZ,华阳转债,002949,华阳国际,B下修事件,B,50.0,112.95,113.0,cb_call.call_price,-0.05,53.08,30,AA-,False,安全,33.7,75.5,67.2,26.0,60.0,12.9,60.0,,pledge_total_ratio/ownership_nature,,,,,,,,,
2026-06-24,4,113625.SH,江山转债,603208,江山欧派,B下修事件,B,49.8,117.75,118.0,cb_basic.maturity_call_price,-0.25,110.84,346,A,False,安全,32.5,83.0,65.9,30.5,60.0,5.0,60.0,,pledge_total_ratio/ownership_nature,,,,,,,,,
2026-06-24,5,113037.SH,紫银转债,601860,紫金银行,B下修事件,B,49.4,109.82,110.0,cb_basic.maturity_call_price,-0.18,53.48,23,AA+,False,安全,35.6,83.0,61.8,30.5,62.6,17.2,60.0,,pledge_total_ratio/ownership_nature,,,,,,,,,
2026-06-24,6,128135.SZ,洽洽转债,002557,洽洽食品,B下修事件,B,49.2,114.28,115.0,cb_basic.maturity_call_price,-0.72,252.79,112,AA,False,安全,34.2,83.0,63.5,30.5,62.8,6.9,60.0,,pledge_total_ratio/ownership_nature,,,,,,,,,
2026-06-24,7,123090.SZ,三诺转债,300298,三诺生物,B下修事件,B,49.2,112.26,112.0,cb_basic.maturity_call_price,0.26,173.09,174,AA,False,安全,33.9,83.0,64.0,30.5,62.7,5.0,60.0,,pledge_total_ratio/ownership_nature,,,,,,,,,
2026-06-24,8,113049.SH,长汽转债,601633,长城汽车,B下修事件,B,48.9,108.0,107.0,cb_basic.maturity_call_price,1.0,164.15,345,AAA,False,安全,34.7,88.0,58.5,30.5,63.1,9.5,76.7,,ownership_nature,,,,,,,,,
2026-06-24,9,123072.SZ,乐歌转债,300729,乐歌股份,B下修事件,B,48.1,121.28,120.0,cb_basic.maturity_call_price,1.28,295.48,113,A+,False,安全,32.5,83.0,62.1,30.5,60.0,5.0,60.0,,pledge_total_ratio/ownership_nature,,,,,,,,,
2026-06-24,10,123071.SZ,天能转债,300569,天能重工,B下修事件,B,47.4,115.55,115.0,cb_basic.maturity_call_price,0.55,60.47,113,AA-,False,安全,32.5,83.0,60.5,30.5,60.0,5.0,60.0,,pledge_total_ratio/ownership_nature,,,,,,,,,
2026-06-24,11,113597.SH,佳力转债,603912,佳力图,底价观察,B,46.3,119.57,118.0,cb_call.call_price,1.57,23.26,30,AA-,False,安全,42.8,53.0,56.0,28.9,60.0,18.6,60.0,,pledge_total_ratio/ownership_nature,,,,,,,,,
2026-06-24,12,123113.SZ,仙乐转债,300791,仙乐健康,B下修事件,C,44.5,114.15,113.0,cb_basic.maturity_call_price,1.15,115.89,293,AA-,False,安全,33.9,83.0,53.6,30.5,62.7,5.0,60.0,,pledge_total_ratio/ownership_nature,,,,,,,,,
2026-06-24,13,113616.SH,韦尔转债,603501,豪威集团,B下修事件,C,44.3,112.08,110.0,cb_basic.maturity_call_price,2.08,97.38,181,AA+,False,安全,33.6,88.0,48.4,30.5,60.0,12.2,76.7,,ownership_nature,,,,,,,,,
2026-06-24,14,128128.SZ,齐翔转2,002408,齐翔腾达,底价观察,C,43.1,111.83,110.0,cb_basic.maturity_call_price,1.83,19.39,51,AA,False,安全,43.4,53.0,48.9,34.3,60.0,5.0,60.0,,pledge_total_ratio/ownership_nature,,,,,,,,,
2026-06-24,15,110075.SH,南航转债,600029,南方航空,底价观察,C,38.8,108.7,106.5,cb_basic.maturity_call_price,2.2,27.75,107,AAA,False,安全,41.5,50.0,41.9,25.0,62.8,14.1,60.0,,pledge_total_ratio/ownership_nature,,,,,,,,,
2026-06-24,16,123117.SZ,健帆转债,300529,健帆生物,B下修事件,C,38.2,112.75,110.0,cb_basic.maturity_call_price,2.75,175.2,358,AA,False,安全,34.1,83.0,39.3,30.5,62.7,6.4,60.0,,pledge_total_ratio/ownership_nature,,,,,,,,,
2026-06-24,17,113605.SH,大参转债,603233,大参林,底价观察,C,38.0,112.86,110.0,cb_basic.maturity_call_price,2.86,19.6,114,AA,False,安全,43.3,53.0,37.7,34.1,60.0,5.0,60.0,,pledge_total_ratio/ownership_nature,,,,,,,,,
2026-06-24,18,113042.SH,上银转债,601229,上海银行,底价观察,C,36.9,116.39,112.0,cb_basic.maturity_call_price,4.39,9.69,209,AAA,False,安全,54.7,53.0,22.3,48.2,62.6,25.5,60.0,,pledge_total_ratio/ownership_nature,,,,,,,,,
2026-06-24,19,123107.SZ,温氏转债,300498,温氏股份,B下修事件,C,36.4,110.7,108.0,cb_basic.maturity_call_price,2.7,51.07,272,AAA,False,安全,35.2,80.0,34.5,30.5,60.0,22.8,50.0,,ownership_nature,,,,,,,,,
2026-06-24,20,123151.SZ,康医转债,300869,康泰医学,B下修事件,C,36.4,117.93,115.0,cb_basic.maturity_call_price,2.93,189.31,732,A+,False,安全,33.9,83.0,35.6,30.5,62.7,5.0,60.0,,pledge_total_ratio/ownership_nature,,,,,,,,,
2026-06-25,1,127041.SZ,弘亚转债,002833,弘亚数控,底价观察,B,58.2,115.3,115.0,cb_call.call_price,0.3,8.8,12,AA-,False,安全,59.3,53.0,63.3,50.0,62.6,50.0,60.0,,pledge_total_ratio/ownership_nature,,,,,,,,,
2026-06-25,2,123059.SZ,银信转债,300231,银信科技,底价观察,B,56.1,118.03,118.0,cb_call.call_price,0.03,27.52,15,AA-,False,安全,45.5,53.0,73.0,25.1,60.0,50.0,60.0,,pledge_total_ratio/ownership_nature,,,,,,,,,
2026-06-25,3,123090.SZ,三诺转债,300298,三诺生物,B下修事件,B,54.5,111.92,112.0,cb_basic.maturity_call_price,-0.08,174.78,174,AA,False,安全,39.2,83.0,66.3,30.5,60.0,50.0,60.0,,pledge_total_ratio/ownership_nature,,,,,,,,,
2026-06-25,4,113625.SH,江山转债,603208,江山欧派,B下修事件,B,54.3,116.81,118.0,cb_basic.maturity_call_price,-1.19,111.83,346,A,False,安全,39.2,83.0,65.9,30.5,60.0,50.0,60.0,,pledge_total_ratio/ownership_nature,,,,,,,,,
2026-06-25,5,128125.SZ,华阳转债,002949,华阳国际,B下修事件,B,54.0,112.53,113.0,cb_call.call_price,-0.47,56.39,30,AA-,False,安全,40.6,75.5,67.2,26.0,62.8,50.0,60.0,,pledge_total_ratio/ownership_nature,,,,,,,,,
2026-06-25,6,128135.SZ,洽洽转债,002557,洽洽食品,B下修事件,B,53.2,114.37,115.0,cb_basic.maturity_call_price,-0.63,243.43,112,AA,False,安全,39.2,83.0,63.5,30.5,60.0,50.0,60.0,,pledge_total_ratio/ownership_nature,,,,,,,,,
2026-06-25,7,123072.SZ,乐歌转债,300729,乐歌股份,B下修事件,B,53.2,121.13,120.0,cb_basic.maturity_call_price,1.13,303.07,113,A+,False,安全,39.2,83.0,63.4,30.5,60.0,50.0,60.0,,pledge_total_ratio/ownership_nature,,,,,,,,,
2026-06-25,8,113037.SH,紫银转债,601860,紫金银行,B下修事件,B,52.4,109.83,110.0,cb_basic.maturity_call_price,-0.17,55.33,23,AA+,False,安全,39.2,83.0,61.8,30.5,60.0,50.0,60.0,,pledge_total_ratio/ownership_nature,,,,,,,,,
2026-06-25,9,123071.SZ,天能转债,300569,天能重工,B下修事件,B,52.2,115.45,115.0,cb_basic.maturity_call_price,0.45,64.79,113,AA-,False,安全,39.2,83.0,61.3,30.5,60.0,50.0,60.0,,pledge_total_ratio/ownership_nature,,,,,,,,,
2026-06-25,10,113597.SH,佳力转债,603912,佳力图,底价观察,B,50.6,119.39,118.0,cb_call.call_price,1.39,22.64,30,AA-,False,安全,49.2,53.0,57.6,29.8,62.6,50.0,60.0,,pledge_total_ratio/ownership_nature,,,,,,,,,
2026-06-25,11,128128.SZ,齐翔转2,002408,齐翔腾达,底价观察,B,49.7,111.08,110.0,cb_basic.maturity_call_price,1.08,21.98,51,AA,False,安全,48.4,53.0,55.7,30.7,60.0,50.0,60.0,,pledge_total_ratio/ownership_nature,,,,,,,,,
2026-06-25,12,123113.SZ,仙乐转债,300791,仙乐健康,B下修事件,B,49.5,113.96,113.0,cb_basic.maturity_call_price,0.96,118.8,293,AA-,False,安全,39.2,83.0,55.3,30.5,60.0,50.0,60.0,,pledge_total_ratio/ownership_nature,,,,,,,,,
2026-06-25,13,113616.SH,韦尔转债,603501,豪威集团,B下修事件,B,46.8,112.5,110.0,cb_basic.maturity_call_price,2.5,99.41,181,AA+,False,安全,41.2,88.0,44.7,30.5,63.9,50.0,76.7,,ownership_nature,,,,,,,,,
2026-06-25,14,123107.SZ,温氏转债,300498,温氏股份,B下修事件,B,45.5,109.13,108.0,cb_basic.maturity_call_price,1.13,49.82,272,AAA,False,安全,39.3,80.0,48.6,30.6,60.0,50.0,50.0,,ownership_nature,,,,,,,,,
2026-06-25,15,123117.SZ,健帆转债,300529,健帆生物,B下修事件,C,43.3,112.51,110.0,cb_basic.maturity_call_price,2.51,176.92,358,AA,False,安全,39.2,83.0,41.4,30.5,60.0,50.0,60.0,,pledge_total_ratio/ownership_nature,,,,,,,,,
2026-06-25,16,123151.SZ,康医转债,300869,康泰医学,B下修事件,C,43.3,117.29,115.0,cb_basic.maturity_call_price,2.29,198.65,732,A+,False,安全,39.2,83.0,41.4,30.5,60.0,50.0,60.0,,pledge_total_ratio/ownership_nature,,,,,,,,,
2026-06-25,17,127060.SZ,湘佳转债,002982,湘佳股份,B下修事件,C,43.2,112.61,110.0,cb_basic.maturity_call_price,2.61,116.67,659,A+,False,安全,39.2,83.0,41.2,30.5,60.0,50.0,60.0,,pledge_total_ratio/ownership_nature,,,,,,,,,
2026-06-25,18,110085.SH,通22转债,600438,通威股份,B下修事件,C,42.0,112.41,109.0,cb_basic.maturity_call_price,3.41,217.5,604,AAA,False,安全,39.2,88.0,35.0,30.5,60.0,50.0,76.7,,ownership_nature,,,,,,,,,
2026-06-25,19,113605.SH,大参转债,603233,大参林,底价观察,C,40.8,113.24,110.0,cb_basic.maturity_call_price,3.24,19.93,114,AA,False,安全,49.8,53.0,34.2,33.6,60.0,50.0,60.0,,pledge_total_ratio/ownership_nature,,,,,,,,,
2026-06-25,20,113610.SH,灵康转债,603669,灵康药业,B下修事件,C,39.4,119.65,115.0,cb_basic.maturity_call_price,4.65,38.63,154,A-,False,安全,42.4,83.0,29.2,36.9,60.0,50.0,60.0,,pledge_total_ratio/ownership_nature,,,,,,,,,
2026-06-26,1,127041.SZ,弘亚转债,002833,弘亚数控,底价观察,B,59.3,115.43,115.0,cb_call.call_price,0.43,5.23,12,AA-,False,安全,61.8,53.0,62.1,57.5,60.0,50.0,60.0,,pledge_total_ratio/ownership_nature,,,,,,,,,
2026-06-26,2,123072.SZ,乐歌转债,300729,乐歌股份,B下修事件,B,55.7,120.51,120.0,cb_basic.maturity_call_price,0.51,303.05,113,A+,False,安全,39.2,83.0,69.0,30.5,60.0,50.0,60.0,,pledge_total_ratio/ownership_nature,,,,,,,,,
2026-06-26,3,128125.SZ,华阳转债,002949,华阳国际,B下修事件,B,54.9,112.53,113.0,cb_call.call_price,-0.47,60.81,30,AA-,False,安全,39.2,83.0,67.2,30.5,60.0,50.0,60.0,,pledge_total_ratio/ownership_nature,,,,,,,,,
2026-06-26,4,113625.SH,江山转债,603208,江山欧派,B下修事件,B,54.3,114.84,118.0,cb_basic.maturity_call_price,-3.16,111.55,346,A,False,安全,39.2,83.0,65.9,30.5,60.0,50.0,60.0,,pledge_total_ratio/ownership_nature,,,,,,,,,
2026-06-26,5,123090.SZ,三诺转债,300298,三诺生物,B下修事件,B,53.7,112.2,112.0,cb_basic.maturity_call_price,0.2,183.75,174,AA,False,安全,39.2,83.0,64.5,30.5,60.0,50.0,60.0,,pledge_total_ratio/ownership_nature,,,,,,,,,
2026-06-26,6,128135.SZ,洽洽转债,002557,洽洽食品,B下修事件,B,53.2,114.37,115.0,cb_basic.maturity_call_price,-0.63,250.12,112,AA,False,安全,39.2,83.0,63.5,30.5,60.0,50.0,60.0,,pledge_total_ratio/ownership_nature,,,,,,,,,
2026-06-26,7,123071.SZ,天能转债,300569,天能重工,B下修事件,B,52.9,115.28,115.0,cb_basic.maturity_call_price,0.28,62.81,113,AA-,False,安全,39.2,83.0,62.8,30.5,60.0,50.0,60.0,,pledge_total_ratio/ownership_nature,,,,,,,,,
2026-06-26,8,128128.SZ,齐翔转2,002408,齐翔腾达,底价观察,B,52.6,110.18,110.0,cb_basic.maturity_call_price,0.18,24.3,51,AA,False,安全,46.7,53.0,63.8,27.5,60.0,50.0,60.0,,pledge_total_ratio/ownership_nature,,,,,,,,,
2026-06-26,9,113037.SH,紫银转债,601860,紫金银行,B下修事件,B,52.4,109.82,110.0,cb_basic.maturity_call_price,-0.18,57.21,23,AA+,False,安全,39.2,83.0,61.8,30.5,60.0,50.0,60.0,,pledge_total_ratio/ownership_nature,,,,,,,,,
2026-06-26,10,123088.SZ,威唐转债,300707,威唐工业,B下修事件,B,51.0,116.0,115.0,cb_basic.maturity_call_price,1.0,51.61,168,A+,False,安全,39.2,75.5,61.0,26.0,60.0,50.0,60.0,,pledge_total_ratio/ownership_nature,,,,,,,,,
2026-06-26,11,123113.SZ,仙乐转债,300791,仙乐健康,B下修事件,B,51.0,113.6,113.0,cb_basic.maturity_call_price,0.6,125.63,293,AA-,False,安全,39.2,83.0,58.6,30.5,60.0,50.0,60.0,,pledge_total_ratio/ownership_nature,,,,,,,,,
2026-06-26,12,113616.SH,韦尔转债,603501,豪威集团,B下修事件,B,47.0,112.36,110.0,cb_basic.maturity_call_price,2.36,106.04,181,AA+,False,安全,39.2,88.0,45.9,30.5,60.0,50.0,76.7,,ownership_nature,,,,,,,,,
2026-06-26,13,123151.SZ,康医转债,300869,康泰医学,B下修事件,B,47.0,116.38,115.0,cb_basic.maturity_call_price,1.38,211.29,732,A+,False,安全,39.2,83.0,49.7,30.5,60.0,50.0,60.0,,pledge_total_ratio/ownership_nature,,,,,,,,,
2026-06-26,14,123117.SZ,健帆转债,300529,健帆生物,B下修事件,B,45.1,112.04,110.0,cb_basic.maturity_call_price,2.04,184.2,358,AA,False,安全,39.2,83.0,45.6,30.5,60.0,50.0,60.0,,pledge_total_ratio/ownership_nature,,,,,,,,,
2026-06-26,15,113042.SH,上银转债,601229,上海银行,底价观察,C,42.9,115.59,112.0,cb_basic.maturity_call_price,3.59,8.57,209,AAA,False,安全,58.3,53.0,29.5,50.5,60.0,50.0,60.0,,pledge_total_ratio/ownership_nature,,,,,,,,,
2026-06-26,16,110085.SH,通22转债,600438,通威股份,B下修事件,C,42.7,112.25,109.0,cb_basic.maturity_call_price,3.25,224.74,604,AAA,False,安全,39.2,88.0,36.5,30.5,60.0,50.0,76.7,,ownership_nature,,,,,,,,,
2026-06-26,17,113610.SH,灵康转债,603669,灵康药业,B下修事件,C,41.3,119.13,115.0,cb_basic.maturity_call_price,4.13,39.77,154,A-,False,安全,42.1,83.0,33.9,36.2,60.0,50.0,60.0,,pledge_total_ratio/ownership_nature,,,,,,,,,
2026-06-26,18,127060.SZ,湘佳转债,002982,湘佳股份,B下修事件,C,40.8,113.17,110.0,cb_basic.maturity_call_price,3.17,121.61,659,A+,False,安全,39.2,83.0,36.0,30.5,60.0,50.0,60.0,,pledge_total_ratio/ownership_nature,,,,,,,,,
2026-06-26,19,123107.SZ,温氏转债,300498,温氏股份,B下修事件,C,40.7,110.44,108.0,cb_basic.maturity_call_price,2.44,46.14,272,AAA,False,安全,40.3,80.0,36.8,32.7,60.0,50.0,50.0,,ownership_nature,,,,,,,,,
2026-06-26,20,113670.SH,金23转债,603180,金牌家居,B下修事件,C,39.1,118.36,115.0,cb_basic.maturity_call_price,3.36,216.24,1022,AA,False,安全,39.2,83.0,32.1,30.5,60.0,50.0,60.0,,pledge_total_ratio/ownership_nature,,,,,,,,,
2026-06-29,1,127041.SZ,弘亚转债,002833,弘亚数控,底价观察,A,60.1,115.0,115.0,cb_call.call_price,0.0,7.53,12,AA-,False,安全,60.6,53.0,66.0,52.7,62.6,50.0,60.0,,pledge_total_ratio/ownership_nature,,,,,,,,,
2026-06-29,2,123072.SZ,乐歌转债,300729,乐歌股份,B下修事件,B,55.9,120.44,120.0,cb_basic.maturity_call_price,0.44,300.78,113,A+,False,安全,39.2,83.0,69.6,30.5,60.0,50.0,60.0,,pledge_total_ratio/ownership_nature,,,,,,,,,
2026-06-29,3,128125.SZ,华阳转债,002949,华阳国际,B下修事件,B,54.9,112.56,113.0,cb_call.call_price,-0.44,59.4,30,AA-,False,安全,39.2,83.0,67.2,30.5,60.0,50.0,60.0,,pledge_total_ratio/ownership_nature,,,,,,,,,
2026-06-29,4,123090.SZ,三诺转债,300298,三诺生物,B下修事件,B,54.7,112.0,112.0,cb_basic.maturity_call_price,0.0,174.99,174,AA,False,安全,40.5,83.0,66.2,30.5,62.5,50.0,60.0,,pledge_total_ratio/ownership_nature,,,,,,,,,
2026-06-29,5,128138.SZ,侨银转债,002973,侨银股份,B下修事件,B,54.3,129.31,130.0,cb_basic.maturity_call_price,-0.69,80.64,140,A+,False,安全,40.7,75.5,67.8,26.0,63.0,50.0,60.0,,pledge_total_ratio/ownership_nature,,,,,,,,,
2026-06-29,6,113625.SH,江山转债,603208,江山欧派,B下修事件,B,54.3,115.12,118.0,cb_basic.maturity_call_price,-2.88,112.07,346,A,False,安全,39.2,83.0,65.9,30.5,60.0,50.0,60.0,,pledge_total_ratio/ownership_nature,,,,,,,,,
2026-06-29,7,123088.SZ,威唐转债,300707,威唐工业,B下修事件,B,53.9,115.55,115.0,cb_basic.maturity_call_price,0.55,53.17,168,A+,False,安全,39.2,83.0,65.1,30.5,60.0,50.0,60.0,,pledge_total_ratio/ownership_nature,,,,,,,,,
2026-06-29,8,128135.SZ,洽洽转债,002557,洽洽食品,B下修事件,B,53.2,114.35,115.0,cb_basic.maturity_call_price,-0.65,242.8,112,AA,False,安全,39.2,83.0,63.5,30.5,60.0,50.0,60.0,,pledge_total_ratio/ownership_nature,,,,,,,,,
2026-06-29,9,123113.SZ,仙乐转债,300791,仙乐健康,B下修事件,B,52.9,113.18,113.0,cb_basic.maturity_call_price,0.18,122.15,293,AA-,False,安全,40.5,83.0,62.3,30.5,62.5,50.0,60.0,,pledge_total_ratio/ownership_nature,,,,,,,,,
2026-06-29,10,128128.SZ,齐翔转2,002408,齐翔腾达,底价观察,B,52.8,110.06,110.0,cb_basic.maturity_call_price,0.06,27.37,51,AA,False,安全,47.1,53.0,64.9,25.2,63.0,50.0,60.0,,pledge_total_ratio/ownership_nature,,,,,,,,,
2026-06-29,11,123071.SZ,天能转债,300569,天能重工,B下修事件,B,52.8,115.3,115.0,cb_basic.maturity_call_price,0.3,59.79,113,AA-,False,安全,39.2,83.0,62.7,30.5,60.0,50.0,60.0,,pledge_total_ratio/ownership_nature,,,,,,,,,
2026-06-29,12,113037.SH,紫银转债,601860,紫金银行,B下修事件,B,52.4,109.84,110.0,cb_basic.maturity_call_price,-0.16,58.52,23,AA+,False,安全,39.2,83.0,61.8,30.5,60.0,50.0,60.0,,pledge_total_ratio/ownership_nature,,,,,,,,,
2026-06-29,13,123154.SZ,火星转债,300894,火星人,B下修事件,B,50.0,115.81,115.0,cb_basic.maturity_call_price,0.81,226.39,767,A+,False,安全,40.8,83.0,55.7,30.5,63.0,50.0,60.0,,pledge_total_ratio/ownership_nature,,,,,,,,,
2026-06-29,14,113616.SH,韦尔转债,603501,豪威集团,B下修事件,B,49.5,111.82,110.0,cb_basic.maturity_call_price,1.82,101.38,181,AA+,False,安全,41.2,88.0,50.7,30.5,63.8,50.0,76.7,,ownership_nature,,,,,,,,,
2026-06-29,15,127049.SZ,希望转2,000876,新希望,B下修事件,B,46.9,108.3,107.0,cb_basic.maturity_call_price,1.3,78.09,490,AAA,False,安全,39.2,83.0,49.4,30.5,60.0,50.0,60.0,,pledge_total_ratio/ownership_nature,,,,,,,,,
2026-06-29,16,123151.SZ,康医转债,300869,康泰医学,B下修事件,B,46.0,116.68,115.0,cb_basic.maturity_call_price,1.68,202.12,732,A+,False,安全,40.5,83.0,47.0,30.5,62.5,50.0,60.0,,pledge_total_ratio/ownership_nature,,,,,,,,,
2026-06-29,17,113656.SH,嘉诚转债,603535,嘉诚国际,B下修事件,B,46.0,116.6,115.0,cb_basic.maturity_call_price,1.6,98.16,794,A+,False,安全,39.2,83.0,47.4,30.5,60.0,50.0,60.0,,pledge_total_ratio/ownership_nature,,,,,,,,,
2026-06-29,18,113665.SH,汇通转债,603176,汇通集团,B下修事件,C,44.1,117.52,115.0,cb_basic.maturity_call_price,2.52,69.66,899,A+,False,安全,39.2,83.0,43.3,30.5,60.0,50.0,60.0,,pledge_total_ratio/ownership_nature,,,,,,,,,
2026-06-29,19,123117.SZ,健帆转债,300529,健帆生物,B下修事件,C,44.0,112.39,110.0,cb_basic.maturity_call_price,2.39,172.57,358,AA,False,安全,40.5,83.0,42.5,30.5,62.5,50.0,60.0,,pledge_total_ratio/ownership_nature,,,,,,,,,
2026-06-29,20,110085.SH,通22转债,600438,通威股份,B下修事件,C,43.1,112.15,109.0,cb_basic.maturity_call_price,3.15,222.57,604,AAA,False,安全,39.2,88.0,37.4,30.5,60.0,50.0,76.7,,ownership_nature,,,,,,,,,
2026-06-30,1,128125.SZ,华阳转债,002949,华阳国际,B下修事件,B,54.9,112.56,113.0,cb_call.call_price,-0.44,61.5,30,AA-,False,安全,39.2,83.0,67.2,30.5,60.0,50.0,60.0,,pledge_total_ratio/ownership_nature,,,,,,,,,
2026-06-30,2,123090.SZ,三诺转债,300298,三诺生物,B下修事件,B,54.5,111.97,112.0,cb_basic.maturity_call_price,-0.03,177.06,174,AA,False,安全,39.2,83.0,66.3,30.5,60.0,50.0,60.0,,pledge_total_ratio/ownership_nature,,,,,,,,,
2026-06-30,3,113625.SH,江山转债,603208,江山欧派,B下修事件,B,54.3,114.48,118.0,cb_basic.maturity_call_price,-3.52,112.27,346,A,False,安全,39.2,83.0,65.9,30.5,60.0,50.0,60.0,,pledge_total_ratio/ownership_nature,,,,,,,,,
2026-06-30,4,128138.SZ,侨银转债,002973,侨银股份,B下修事件,B,54.0,129.5,130.0,cb_basic.maturity_call_price,-0.5,82.82,140,A+,False,安全,39.2,75.5,67.8,26.0,60.0,50.0,60.0,,pledge_total_ratio/ownership_nature,,,,,,,,,
2026-06-30,5,123088.SZ,威唐转债,300707,威唐工业,B下修事件,B,53.4,115.74,115.0,cb_basic.maturity_call_price,0.74,54.25,168,A+,False,安全,40.6,83.0,63.4,30.5,62.6,50.0,60.0,,pledge_total_ratio/ownership_nature,,,,,,,,,
2026-06-30,6,123113.SZ,仙乐转债,300791,仙乐健康,B下修事件,B,53.4,112.96,113.0,cb_basic.maturity_call_price,-0.04,123.24,293,AA-,False,安全,39.2,83.0,64.0,30.5,60.0,50.0,60.0,,pledge_total_ratio/ownership_nature,,,,,,,,,
2026-06-30,7,123072.SZ,乐歌转债,300729,乐歌股份,B下修事件,B,53.3,121.1,120.0,cb_basic.maturity_call_price,1.1,310.51,113,A+,False,安全,39.2,83.0,63.7,30.5,60.0,50.0,60.0,,pledge_total_ratio/ownership_nature,,,,,,,,,
2026-06-30,8,128135.SZ,洽洽转债,002557,洽洽食品,B下修事件,B,53.2,114.34,115.0,cb_basic.maturity_call_price,-0.66,249.85,112,AA,False,安全,39.2,83.0,63.5,30.5,60.0,50.0,60.0,,pledge_total_ratio/ownership_nature,,,,,,,,,
2026-06-30,9,128128.SZ,齐翔转2,002408,齐翔腾达,底价观察,B,52.7,110.06,110.0,cb_basic.maturity_call_price,0.06,26.02,51,AA,False,安全,46.0,53.0,64.9,25.9,60.0,50.0,60.0,,pledge_total_ratio/ownership_nature,,,,,,,,,
2026-06-30,10,113037.SH,紫银转债,601860,紫金银行,B下修事件,B,52.4,109.84,110.0,cb_basic.maturity_call_price,-0.16,61.13,23,AA+,False,安全,39.2,83.0,61.8,30.5,60.0,50.0,60.0,,pledge_total_ratio/ownership_nature,,,,,,,,,
2026-06-30,11,123071.SZ,天能转债,300569,天能重工,B下修事件,B,52.3,115.44,115.0,cb_basic.maturity_call_price,0.44,59.99,113,AA-,False,安全,39.2,83.0,61.4,30.5,60.0,50.0,60.0,,pledge_total_ratio/ownership_nature,,,,,,,,,
2026-06-30,12,127041.SZ,弘亚转债,002833,弘亚数控,底价观察,B,51.4,118.09,115.0,cb_call.call_price,3.09,0.4,12,AA-,False,安全,68.2,53.0,38.2,67.7,62.8,50.0,60.0,,pledge_total_ratio/ownership_nature,,,,,,,,,
2026-06-30,13,113656.SH,嘉诚转债,603535,嘉诚国际,B下修事件,B,48.9,115.89,115.0,cb_basic.maturity_call_price,0.89,100.25,794,A+,False,安全,39.2,83.0,53.9,30.5,60.0,50.0,60.0,,pledge_total_ratio/ownership_nature,,,,,,,,,
2026-06-30,14,123154.SZ,火星转债,300894,火星人,B下修事件,B,47.7,116.3,115.0,cb_basic.maturity_call_price,1.3,205.84,767,A+,False,安全,39.2,83.0,51.3,30.5,60.0,50.0,60.0,,pledge_total_ratio/ownership_nature,,,,,,,,,
2026-06-30,15,113616.SH,韦尔转债,603501,豪威集团,B下修事件,B,47.2,112.29,110.0,cb_basic.maturity_call_price,2.29,88.26,181,AA+,False,安全,39.2,88.0,46.5,30.5,60.0,50.0,76.7,,ownership_nature,,,,,,,,,
2026-06-30,16,123151.SZ,康医转债,300869,康泰医学,B下修事件,B,45.7,116.69,115.0,cb_basic.maturity_call_price,1.69,210.9,732,A+,False,安全,39.2,83.0,46.9,30.5,60.0,50.0,60.0,,pledge_total_ratio/ownership_nature,,,,,,,,,
2026-06-30,17,127049.SZ,希望转2,000876,新希望,B下修事件,B,45.6,108.6,107.0,cb_basic.maturity_call_price,1.6,83.42,490,AAA,False,安全,39.2,83.0,46.6,30.5,60.0,50.0,60.0,,pledge_total_ratio/ownership_nature,,,,,,,,,
2026-06-30,18,123117.SZ,健帆转债,300529,健帆生物,B下修事件,B,45.4,111.99,110.0,cb_basic.maturity_call_price,1.99,177.43,358,AA,False,安全,39.2,83.0,46.1,30.5,60.0,50.0,60.0,,pledge_total_ratio/ownership_nature,,,,,,,,,
2026-06-30,19,110085.SH,通22转债,600438,通威股份,B下修事件,C,43.9,111.96,109.0,cb_basic.maturity_call_price,2.96,219.87,604,AAA,False,安全,39.2,88.0,39.2,30.5,60.0,50.0,76.7,,ownership_nature,,,,,,,,,
2026-06-30,20,113605.SH,大参转债,603233,大参林,底价观察,C,42.8,112.27,110.0,cb_basic.maturity_call_price,2.27,25.94,114,AA,False,安全,46.0,53.0,42.9,26.0,60.0,50.0,60.0,,pledge_total_ratio/ownership_nature,,,,,,,,,
